cluster_id;strategy_id;symbol;timeframe;direction;signal_time;fill_time;close_time;entry;stop;target;exit;exit_reason;r_result;mfe_r;mae_r;bars_held;session
MSZZC1|6:XAUUSD|1:5|1:1|1:2|66:BO|XAUUSD|5|1|L|1741098000|MSZZ|XAUUSD|5|1|1|1741087800|1741089600;1012;XAUUSD;PERIOD_M5;LONG;2025.03.04 14:20:00;2025.03.04 14:25:00;2025.03.04 16:39:58;2922.06000000;2912.08000000;2942.02000000;2912.08000000;SL;-1.0000;0.5792;-1.1443;26;London
MSZZC1|6:XAUUSD|1:5|2:-1|1:2|67:BO|XAUUSD|5|1|S|1741106400|MSZZ|XAUUSD|5|1|-1|1741091400|1741093800;1012;XAUUSD;PERIOD_M5;SHORT;2025.03.04 16:40:00;2025.03.04 16:45:00;2025.03.04 20:15:00;2911.79000000;2927.84000000;2879.69000000;2914.06000000;OTHER;-0.1414;0.7184;-0.2872;42;NewYork
MSZZC1|6:XAUUSD|1:5|1:1|1:2|66:BO|XAUUSD|5|1|L|1741119000|MSZZ|XAUUSD|5|1|1|1741115400|1741118100;1012;XAUUSD;PERIOD_M5;LONG;2025.03.04 20:10:00;2025.03.04 20:15:00;2025.03.04 20:25:00;2914.06000000;2900.26000000;2941.66000000;2911.41000000;OTHER;-0.1920;0.0841;-0.3435;2;NewYork
MSZZC1|6:XAUUSD|1:5|2:-1|1:2|67:BO|XAUUSD|5|1|S|1741119600|MSZZ|XAUUSD|5|1|-1|1741118700|1741119300;1012;XAUUSD;PERIOD_M5;SHORT;2025.03.04 20:20:00;2025.03.04 20:25:00;2025.03.04 21:05:00;2911.41000000;2916.40000000;2901.43000000;2913.49000000;OTHER;-0.4168;0.6273;-0.7515;8;NewYork
MSZZC1|6:XAUUSD|1:5|1:1|1:2|66:BO|XAUUSD|5|1|L|1741122000|MSZZ|XAUUSD|5|1|1|1741115400|1741118100;1012;XAUUSD;PERIOD_M5;LONG;2025.03.04 21:00:00;2025.03.04 21:05:00;2025.03.04 22:14:58;2913.49000000;2911.03000000;2918.41000000;2918.41000000;TP;2.0000;2.1179;-0.6707;13;NewYork
MSZZC1|6:XAUUSD|1:5|2:-1|1:2|67:BO|XAUUSD|5|1|S|1741139700|MSZZ|XAUUSD|5|1|-1|1741130400|1741131900;1012;XAUUSD;PERIOD_M5;SHORT;2025.03.05 01:55:00;2025.03.05 02:00:00;2025.03.05 03:14:58;2914.34000000;2918.39000000;2906.24000000;2906.24000000;TP;2.0000;2.4667;-0.6568;14;Asian
MSZZC1|6:XAUUSD|1:5|1:1|1:2|66:BO|XAUUSD|5|1|L|1741153500|MSZZ|XAUUSD|5|1|1|1741148100|1741148700;1012;XAUUSD;PERIOD_M5;LONG;2025.03.05 05:45:00;2025.03.05 05:50:00;2025.03.05 07:40:00;2913.14000000;2902.06000000;2935.30000000;2911.98000000;OTHER;-0.1047;0.0181;-0.4152;22;Asian
MSZZC1|6:XAUUSD|1:5|2:-1|1:2|67:BO|XAUUSD|5|1|S|1741160100|MSZZ|XAUUSD|5|1|-1|1741158000|1741159800;1012;XAUUSD;PERIOD_M5;SHORT;2025.03.05 07:35:00;2025.03.05 07:40:00;2025.03.05 07:45:00;2911.98000000;2913.45000000;2909.04000000;2913.38000000;OTHER;-0.9524;0.0000;-2.5510;1;Asian
MSZZC1|6:XAUUSD|1:5|1:1|1:2|66:BO|XAUUSD|5|1|L|1741160400|MSZZ|XAUUSD|5|1|1|1741153500|1741158000;1012;XAUUSD;PERIOD_M5;LONG;2025.03.05 07:40:00;2025.03.05 07:45:00;2025.03.05 08:19:58;2913.38000000;2909.98000000;2920.18000000;2920.18000000;TP;2.0000;2.4382;-0.1471;6;Asian
MSZZC1|6:XAUUSD|1:5|2:-1|1:2|67:BO|XAUUSD|5|1|S|1741163700|MSZZ|XAUUSD|5|1|-1|1741158000|1741159800;1012;XAUUSD;PERIOD_M5;SHORT;2025.03.05 08:35:00;2025.03.05 08:40:00;2025.03.05 10:05:00;2915.73000000;2921.67000000;2903.85000000;2918.98000000;OTHER;-0.5471;0.4444;-0.9125;17;London
MSZZC1|6:XAUUSD|1:5|1:1|1:2|66:BO|XAUUSD|5|1|L|1741168800|MSZZ|XAUUSD|5|1|1|1741165500|1741167000;1012;XAUUSD;PERIOD_M5;LONG;2025.03.05 10:00:00;2025.03.05 10:05:00;2025.03.05 12:59:58;2918.98000000;2913.09000000;2930.76000000;2913.09000000;SL;-1.0000;0.6061;-1.6893;34;London
MSZZC1|6:XAUUSD|1:5|1:1|1:2|66:BO|XAUUSD|5|1|L|1741181700|MSZZ|XAUUSD|5|1|1|1741175700|1741177200;1012;XAUUSD;PERIOD_M5;LONG;2025.03.05 13:35:00;2025.03.05 13:40:00;2025.03.05 15:34:58;2915.09000000;2909.03000000;2927.21000000;2909.03000000;SL;-1.0000;0.6947;-1.4043;22;London
MSZZC1|6:XAUUSD|1:5|2:-1|1:2|67:BO|XAUUSD|5|1|S|1741189200|MSZZ|XAUUSD|5|1|-1|1741188600|1741188600;1012;XAUUSD;PERIOD_M5;SHORT;2025.03.05 15:40:00;2025.03.05 15:45:00;2025.03.05 16:40:00;2899.88000000;2917.24000000;2865.16000000;2914.82000000;OTHER;-0.8606;0.3404;-0.9988;11;London
MSZZC1|6:XAUUSD|1:5|1:1|1:2|66:BO|XAUUSD|5|1|L|1741192500|MSZZ|XAUUSD|5|1|1|1741182300|1741182900;1012;XAUUSD;PERIOD_M5;LONG;2025.03.05 16:35:00;2025.03.05 16:40:00;2025.03.06 03:00:00;2914.82000000;2906.58000000;2931.30000000;2916.81000000;OTHER;0.2415;1.8507;-0.9417;124;NewYork
MSZZC1|6:XAUUSD|1:5|2:-1|1:2|67:BO|XAUUSD|5|1|S|1741229700|MSZZ|XAUUSD|5|1|-1|1741222800|1741226400;1012;XAUUSD;PERIOD_M5;SHORT;2025.03.06 02:55:00;2025.03.06 03:00:00;2025.03.06 03:34:58;2916.81000000;2920.30000000;2909.83000000;2920.30000000;SL;-1.0000;0.2579;-0.9885;6;Asian
MSZZC1|6:XAUUSD|1:5|1:1|1:2|66:BO|XAUUSD|5|1|L|1741231800|MSZZ|XAUUSD|5|1|1|1741227300|1741227900;1012;XAUUSD;PERIOD_M5;LONG;2025.03.06 03:30:00;2025.03.06 03:35:00;2025.03.06 07:04:58;2919.83000000;2915.91000000;2927.67000000;2915.91000000;SL;-1.0000;1.7092;-1.0995;41;Asian
MSZZC1|6:XAUUSD|1:5|2:-1|1:2|67:BO|XAUUSD|5|1|S|1741245600|MSZZ|XAUUSD|5|1|-1|1741230000|1741230600;1012;XAUUSD;PERIOD_M5;SHORT;2025.03.06 07:20:00;2025.03.06 07:25:00;2025.03.06 11:59:57;2915.44000000;2926.53000000;2893.26000000;2893.26000000;TP;2.0000;2.1921;-0.6889;54;Asian
MSZZC1|6:XAUUSD|1:5|1:1|1:2|66:BO|XAUUSD|5|1|L|1741263000|MSZZ|XAUUSD|5|1|1|1741080300|1741080300;1012;XAUUSD;PERIOD_M5;LONG;2025.03.06 12:10:00;2025.03.06 12:15:00;2025.03.06 12:24:58;2894.64000000;2893.18000000;2897.56000000;2897.56000000;TP;2.0000;3.3630;-0.1849;1;London
MSZZC1|6:XAUUSD|1:5|1:1|1:2|66:BO|XAUUSD|5|1|L|1741277100|MSZZ|XAUUSD|5|1|1|1740963600|1740963600;1012;XAUUSD;PERIOD_M5;LONG;2025.03.06 16:05:00;2025.03.06 16:10:00;2025.03.11 17:10:00;2909.78000000;2847.82000000;3033.70000000;2909.36000000;OTHER;-0.0068;0.3352;-0.4772;1452;NewYork
MSZZC1|6:XAUUSD|1:5|2:-1|1:2|67:BO|XAUUSD|5|1|S|1741712700|MSZZ|XAUUSD|5|1|-1|1741710000|1741710900;1012;XAUUSD;PERIOD_M5;SHORT;2025.03.11 17:05:00;2025.03.11 17:10:00;2025.03.11 17:39:58;2909.36000000;2916.06000000;2895.96000000;2916.06000000;SL;-1.0000;0.3896;-1.6507;5;NewYork
MSZZC1|6:XAUUSD|1:5|1:1|1:2|66:BO|XAUUSD|5|1|L|1741714500|MSZZ|XAUUSD|5|1|1|1741711200|1741712100;1012;XAUUSD;PERIOD_M5;LONG;2025.03.11 17:35:00;2025.03.11 17:40:00;2025.03.11 21:25:00;2919.08000000;2906.75000000;2943.74000000;2915.82000000;OTHER;-0.2644;0.2555;-0.5710;45;NewYork
MSZZC1|6:XAUUSD|1:5|2:-1|1:2|67:BO|XAUUSD|5|1|S|1741728000|MSZZ|XAUUSD|5|1|-1|1741726800|1741727400;1012;XAUUSD;PERIOD_M5;SHORT;2025.03.11 21:20:00;2025.03.11 21:25:00;2025.03.11 21:35:00;2915.82000000;2919.88000000;2907.70000000;2917.59000000;OTHER;-0.4360;0.4409;-0.5419;2;NewYork
MSZZC1|6:XAUUSD|1:5|1:1|1:2|66:BO|XAUUSD|5|1|L|1741728600|MSZZ|XAUUSD|5|1|1|1741719900|1741726800;1012;XAUUSD;PERIOD_M5;LONG;2025.03.11 21:30:00;2025.03.11 21:35:00;2025.03.11 22:05:00;2917.59000000;2915.79000000;2921.19000000;2916.91000000;OTHER;-0.3778;0.8833;-1.3778;6;NewYork
MSZZC1|6:XAUUSD|1:5|2:-1|1:2|67:BO|XAUUSD|5|1|S|1741730400|MSZZ|XAUUSD|5|1|-1|1741726800|1741727400;1012;XAUUSD;PERIOD_M5;SHORT;2025.03.11 22:00:00;2025.03.11 22:05:00;2025.03.11 23:09:58;2916.91000000;2919.88000000;2910.97000000;2919.88000000;SL;-1.0000;0.6061;-0.9731;12;NewYork
MSZZC1|6:XAUUSD|1:5|1:1|1:2|66:BO|XAUUSD|5|1|L|1741748100|MSZZ|XAUUSD|5|1|1|1741746300|1741746900;1012;XAUUSD;PERIOD_M5;LONG;2025.03.12 02:55:00;2025.03.12 03:00:00;2025.03.12 04:39:58;2917.83000000;2913.41000000;2926.67000000;2913.41000000;SL;-1.0000;0.4050;-1.1176;19;Asian
MSZZC1|6:XAUUSD|1:5|2:-1|1:2|67:BO|XAUUSD|5|1|S|1741755600|MSZZ|XAUUSD|5|1|-1|1741744800|1741745400;1012;XAUUSD;PERIOD_M5;SHORT;2025.03.12 05:00:00;2025.03.12 05:05:00;2025.03.12 06:34:58;2912.01000000;2917.62000000;2900.79000000;2917.62000000;SL;-1.0000;0.1996;-1.1087;17;Asian
MSZZC1|6:XAUUSD|1:5|2:-1|1:2|67:BO|XAUUSD|5|1|S|1741771200|MSZZ|XAUUSD|5|1|-1|1741767600|1741768800;1012;XAUUSD;PERIOD_M5;SHORT;2025.03.12 09:20:00;2025.03.12 09:25:00;2025.03.12 09:40:00;2913.11000000;2916.09000000;2907.15000000;2914.36000000;OTHER;-0.4195;0.3591;-0.6275;3;London
MSZZC1|6:XAUUSD|1:5|1:1|1:2|66:BO|XAUUSD|5|1|L|1741772100|MSZZ|XAUUSD|5|1|1|1741769100|1741771200;1012;XAUUSD;PERIOD_M5;LONG;2025.03.12 09:35:00;2025.03.12 09:40:00;2025.03.12 10:04:58;2914.36000000;2912.58000000;2917.92000000;2917.92000000;TP;2.0000;2.0618;-0.2978;4;London
MSZZC1|6:XAUUSD|1:5|2:-1|1:2|67:BO|XAUUSD|5|1|S|1741777200|MSZZ|XAUUSD|5|1|-1|1741771800|1741772400;1012;XAUUSD;PERIOD_M5;SHORT;2025.03.12 11:00:00;2025.03.12 11:05:00;2025.03.12 12:54:57;2910.99000000;2921.19000000;2890.59000000;2921.19000000;SL;-1.0000;0.2000;-1.0088;21;London
MSZZC1|6:XAUUSD|1:5|2:-1|1:2|67:BO|XAUUSD|5|1|S|1741795500|MSZZ|XAUUSD|5|1|-1|1741793400|1741793700;1012;XAUUSD;PERIOD_M5;SHORT;2025.03.12 16:05:00;2025.03.12 16:10:00;2025.03.12 16:34:57;2912.96000000;2916.65000000;2905.58000000;2916.65000000;SL;-1.0000;0.2331;-2.7398;4;NewYork
MSZZC1|6:XAUUSD|1:5|1:1|1:2|66:BO|XAUUSD|5|1|L|1741797000|MSZZ|XAUUSD|5|1|1|1741794600|1741795500;1012;XAUUSD;PERIOD_M5;LONG;2025.03.12 16:30:00;2025.03.12 16:35:00;2025.03.12 17:19:58;2921.01000000;2912.10000000;2938.83000000;2912.10000000;SL;-1.0000;0.1100;-1.2233;8;NewYork
MSZZC1|6:XAUUSD|1:5|2:-1|1:2|67:BO|XAUUSD|5|1|S|1741799700|MSZZ|XAUUSD|5|1|-1|1741795800|1741797000;1012;XAUUSD;PERIOD_M5;SHORT;2025.03.12 17:15:00;2025.03.12 17:20:00;2025.03.12 19:04:58;2910.75000000;2923.07000000;2886.11000000;2923.07000000;SL;-1.0000;0.3856;-1.1778;20;NewYork
MSZZC1|6:XAUUSD|1:5|2:-1|1:2|67:BO|XAUUSD|5|1|S|1742585700|MSZZ|XAUUSD|5|1|-1|1742583600|1742585400;1012;XAUUSD;PERIOD_M5;SHORT;2025.03.21 19:35:00;2025.03.21 19:40:00;2025.03.21 20:14:58;3013.35000000;3017.90000000;3004.25000000;3017.90000000;SL;-1.0000;0.0659;-0.9934;6;NewYork
MSZZC1|6:XAUUSD|1:5|1:1|1:2|66:BO|XAUUSD|5|1|L|1742592300|MSZZ|XAUUSD|5|1|1|1742588100|1742589900;1012;XAUUSD;PERIOD_M5;LONG;2025.03.21 21:25:00;2025.03.21 21:30:00;2025.03.24 01:05:00;3019.14000000;3012.92000000;3031.58000000;3023.39000000;OTHER;0.6833;0.9807;-0.5161;619;NewYork
MSZZC1|6:XAUUSD|1:5|2:-1|1:2|67:BO|XAUUSD|5|1|S|1742778000|MSZZ|XAUUSD|5|1|-1|1742594400|1742595000;1012;XAUUSD;PERIOD_M5;SHORT;2025.03.24 01:00:00;2025.03.24 01:05:00;2025.03.24 01:19:58;3023.39000000;3025.24000000;3019.69000000;3025.24000000;SL;-1.0000;0.7027;-1.3568;2;Asian
MSZZC1|6:XAUUSD|1:5|1:1|1:2|66:BO|XAUUSD|5|1|L|1742778900|MSZZ|XAUUSD|5|1|1|1742778000|1742778000;1012;XAUUSD;PERIOD_M5;LONG;2025.03.24 01:15:00;2025.03.24 01:20:00;2025.03.24 05:49:58;3025.87000000;3015.93000000;3045.75000000;3015.93000000;SL;-1.0000;0.0433;-1.2324;53;Asian
MSZZC1|6:XAUUSD|1:5|2:-1|1:2|67:BO|XAUUSD|5|1|S|1742795700|MSZZ|XAUUSD|5|1|-1|1742788500|1742789100;1012;XAUUSD;PERIOD_M5;SHORT;2025.03.24 05:55:00;2025.03.24 06:00:00;2025.03.24 08:15:00;3016.31000000;3025.67000000;2997.59000000;3022.74000000;OTHER;-0.6870;0.0662;-0.7222;27;Asian
MSZZC1|6:XAUUSD|1:5|1:1|1:2|66:BO|XAUUSD|5|1|L|1742803800|MSZZ|XAUUSD|5|1|1|1742803500|1742803500;1012;XAUUSD;PERIOD_M5;LONG;2025.03.24 08:10:00;2025.03.24 08:15:00;2025.03.24 12:45:00;3022.74000000;3013.62000000;3040.98000000;3024.89000000;OTHER;0.2357;0.9112;-0.5998;54;London
MSZZC1|6:XAUUSD|1:5|2:-1|1:2|67:BO|XAUUSD|5|1|S|1742820000|MSZZ|XAUUSD|5|1|-1|1742813400|1742815800;1012;XAUUSD;PERIOD_M5;SHORT;2025.03.24 12:40:00;2025.03.24 12:45:00;2025.03.24 13:24:58;3024.89000000;3031.05000000;3012.57000000;3031.05000000;SL;-1.0000;0.3588;-1.0325;7;London
MSZZC1|6:XAUUSD|1:5|1:1|1:2|66:BO|XAUUSD|5|1|L|1742822700|MSZZ|XAUUSD|5|1|1|1742818200|1742819700;1012;XAUUSD;PERIOD_M5;LONG;2025.03.24 13:25:00;2025.03.24 13:30:00;2025.03.24 15:50:00;3032.86000000;3022.68000000;3053.22000000;3024.37000000;OTHER;-0.8340;0.0403;-0.9980;28;London
MSZZC1|6:XAUUSD|1:5|2:-1|1:2|67:BO|XAUUSD|5|1|S|1742831100|MSZZ|XAUUSD|5|1|-1|1742829000|1742829300;1012;XAUUSD;PERIOD_M5;SHORT;2025.03.24 15:45:00;2025.03.24 15:50:00;2025.03.24 18:09:57;3024.37000000;3033.27000000;3006.57000000;3006.57000000;TP;2.0000;2.0933;-0.4393;27;London
MSZZC1|6:XAUUSD|1:5|1:1|1:2|66:BO|XAUUSD|5|1|L|1742935200|MSZZ|XAUUSD|5|1|1|1742931900|1742932800;1012;XAUUSD;PERIOD_M5;LONG;2025.03.25 20:40:00;2025.03.25 20:45:00;2025.03.25 21:39:57;3022.29000000;3018.04000000;3030.79000000;3018.04000000;SL;-1.0000;0.1624;-1.0329;10;NewYork
MSZZC1|6:XAUUSD|1:5|1:1|1:2|66:BO|XAUUSD|5|1|L|1742938800|MSZZ|XAUUSD|5|1|1|1742931900|1742932800;1012;XAUUSD;PERIOD_M5;LONG;2025.03.25 21:40:00;2025.03.25 21:45:00;2025.03.25 21:49:58;3018.85000000;3018.04000000;3020.47000000;3018.04000000;SL;-1.0000;0.1852;-1.2593;0;NewYork
MSZZC1|6:XAUUSD|1:5|1:1|1:2|66:BO|XAUUSD|5|1|L|1742951100|MSZZ|XAUUSD|5|1|1|1742950800|1742950800;1012;XAUUSD;PERIOD_M5;LONG;2025.03.26 01:05:00;2025.03.26 01:10:00;2025.03.26 03:45:00;3021.99000000;3017.78000000;3030.41000000;3018.09000000;OTHER;-0.9264;0.0808;-0.9715;31;Asian
MSZZC1|6:XAUUSD|1:5|2:-1|1:2|67:BO|XAUUSD|5|1|S|1742960400|MSZZ|XAUUSD|5|1|-1|1742960100|1742960100;1012;XAUUSD;PERIOD_M5;SHORT;2025.03.26 03:40:00;2025.03.26 03:45:00;2025.03.26 04:44:58;3018.09000000;3021.26000000;3011.75000000;3021.26000000;SL;-1.0000;0.5394;-1.4322;11;Asian
MSZZC1|6:XAUUSD|1:5|2:-1|1:2|67:BO|XAUUSD|5|1|S|1742970900|MSZZ|XAUUSD|5|1|-1|1742960100|1742960100;1012;XAUUSD;PERIOD_M5;SHORT;2025.03.26 06:35:00;2025.03.26 06:40:00;2025.03.26 10:09:58;3017.53000000;3027.13000000;2998.33000000;3027.13000000;SL;-1.0000;0.4448;-1.0490;41;Asian
MSZZC1|6:XAUUSD|1:5|2:-1|1:2|67:BO|XAUUSD|5|1|S|1743007500|MSZZ|XAUUSD|5|1|-1|1742994600|1742995200;1012;XAUUSD;PERIOD_M5;SHORT;2025.03.26 16:45:00;2025.03.26 16:50:00;2025.03.26 19:20:00;3019.20000000;3030.43000000;2996.74000000;3018.35000000;OTHER;0.0757;0.6028;-0.2217;30;NewYork
MSZZC1|6:XAUUSD|1:5|1:1|1:2|66:BO|XAUUSD|5|1|L|1743016500|MSZZ|XAUUSD|5|1|1|1743011100|1743012000;1012;XAUUSD;PERIOD_M5;LONG;2025.03.26 19:15:00;2025.03.26 19:20:00;2025.03.26 22:05:00;3018.35000000;3012.43000000;3030.19000000;3017.85000000;OTHER;-0.0845;0.4223;-0.5321;33;NewYork
MSZZC1|6:XAUUSD|1:5|2:-1|1:2|67:BO|XAUUSD|5|1|S|1743026400|MSZZ|XAUUSD|5|1|-1|1743018900|1743021300;1012;XAUUSD;PERIOD_M5;SHORT;2025.03.26 22:00:00;2025.03.26 22:05:00;2025.03.26 23:39:58;3017.85000000;3020.85000000;3011.85000000;3020.85000000;SL;-1.0000;0.6900;-1.2733;18;NewYork
MSZZC1|6:XAUUSD|1:5|1:1|1:2|66:BO|XAUUSD|5|1|L|1743044400|MSZZ|XAUUSD|5|1|1|1743032400|1743033300;1012;XAUUSD;PERIOD_M5;LONG;2025.03.27 03:00:00;2025.03.27 03:05:00;2025.03.27 04:50:00;3024.10000000;3017.22000000;3037.86000000;3024.09000000;OTHER;-0.0015;0.6221;-0.3459;21;Asian
MSZZC1|6:XAUUSD|1:5|2:-1|1:2|67:BO|XAUUSD|5|1|S|1743050700|MSZZ|XAUUSD|5|1|-1|1743046500|1743047400;1012;XAUUSD;PERIOD_M5;SHORT;2025.03.27 04:45:00;2025.03.27 04:50:00;2025.03.27 05:34:58;3024.09000000;3028.38000000;3015.51000000;3028.38000000;SL;-1.0000;0.2657;-1.0886;8;Asian
MSZZC1|6:XAUUSD|1:5|1:1|1:2|66:BO|XAUUSD|5|1|L|1743059100|MSZZ|XAUUSD|5|1|1|1743049500|1743050400;1012;XAUUSD;PERIOD_M5;LONG;2025.03.27 07:05:00;2025.03.27 07:10:00;2025.03.27 16:10:00;3035.23000000;3022.95000000;3059.79000000;3048.62000000;OTHER;1.0904;1.6881;-0.6930;108;Asian
MSZZC1|6:XAUUSD|1:5|2:-1|1:2|67:BO|XAUUSD|5|1|S|1743091500|MSZZ|XAUUSD|5|1|-1|1743085500|1743087000;1012;XAUUSD;PERIOD_M5;SHORT;2025.03.27 16:05:00;2025.03.27 16:10:00;2025.03.27 16:44:57;3048.62000000;3055.96000000;3033.94000000;3033.94000000;TP;2.0000;2.0681;-0.0082;6;NewYork
MSZZC1|6:XAUUSD|1:5|1:1|1:2|66:BO|XAUUSD|5|1|L|1743097500|MSZZ|XAUUSD|5|1|1|1743087600|1743088800;1012;XAUUSD;PERIOD_M5;LONG;2025.03.27 17:45:00;2025.03.27 17:50:00;2025.03.31 06:09:58;3059.21000000;3033.44000000;3110.75000000;3110.75000000;TP;2.0000;2.0190;-0.4447;1011;NewYork
MSZZC1|6:XAUUSD|1:5|1:1|1:2|66:BO|XAUUSD|5|1|L|1743716400|MSZZ|XAUUSD|5|1|1|1743714000|1743715200;1012;XAUUSD;PERIOD_M5;LONG;2025.04.03 21:40:00;2025.04.03 21:45:00;2025.04.03 22:40:00;3106.79000000;3099.98000000;3120.41000000;3103.36000000;OTHER;-0.5037;0.9457;-0.6388;11;NewYork
MSZZC1|6:XAUUSD|1:5|2:-1|1:2|67:BO|XAUUSD|5|1|S|1743719700|MSZZ|XAUUSD|5|1|-1|1743715800|1743717000;1012;XAUUSD;PERIOD_M5;SHORT;2025.04.03 22:35:00;2025.04.03 22:40:00;2025.04.03 23:39:58;3103.36000000;3113.23000000;3083.62000000;3113.23000000;SL;-1.0000;0.1824;-1.0760;11;NewYork
MSZZC1|6:XAUUSD|1:5|1:1|1:2|66:BO|XAUUSD|5|1|L|1743723600|MSZZ|XAUUSD|5|1|1|1743718500|1743719100;1012;XAUUSD;PERIOD_M5;LONG;2025.04.03 23:40:00;2025.04.03 23:45:00;2025.04.04 03:20:00;3117.56000000;3101.56000000;3149.56000000;3111.83000000;OTHER;-0.3581;0.1425;-0.4856;43;NewYork
MSZZC1|6:XAUUSD|1:5|2:-1|1:2|67:BO|XAUUSD|5|1|S|1743736500|MSZZ|XAUUSD|5|1|-1|1743732600|1743733800;1012;XAUUSD;PERIOD_M5;SHORT;2025.04.04 03:15:00;2025.04.04 03:20:00;2025.04.04 04:10:00;3111.83000000;3116.23000000;3103.03000000;3114.99000000;OTHER;-0.7182;1.3205;-0.9045;10;Asian
MSZZC1|6:XAUUSD|1:5|1:1|1:2|66:BO|XAUUSD|5|1|L|1743739500|MSZZ|XAUUSD|5|1|1|1743735000|1743736500;1012;XAUUSD;PERIOD_M5;LONG;2025.04.04 04:05:00;2025.04.04 04:10:00;2025.04.04 05:29:58;3114.99000000;3106.02000000;3132.93000000;3106.02000000;SL;-1.0000;0.0914;-1.1862;15;Asian
MSZZC1|6:XAUUSD|1:5|2:-1|1:2|67:BO|XAUUSD|5|1|S|1743762900|MSZZ|XAUUSD|5|1|-1|1743760800|1743760800;1012;XAUUSD;PERIOD_M5;SHORT;2025.04.04 10:35:00;2025.04.04 10:40:00;2025.04.04 13:05:00;3094.60000000;3109.89000000;3064.02000000;3094.16000000;OTHER;0.0288;1.0510;-0.3669;29;London
MSZZC1|6:XAUUSD|1:5|1:1|1:2|66:BO|XAUUSD|5|1|L|1743771600|MSZZ|XAUUSD|5|1|1|1743769500|1743770700;1012;XAUUSD;PERIOD_M5;LONG;2025.04.04 13:00:00;2025.04.04 13:05:00;2025.04.04 13:34:58;3094.16000000;3086.55000000;3109.38000000;3109.38000000;TP;2.0000;2.7214;-0.1288;5;London
MSZZC1|6:XAUUSD|1:5|1:1|1:2|66:BO|XAUUSD|5|1|L|1743773400|MSZZ|XAUUSD|5|1|1|1743773100|1743773100;1012;XAUUSD;PERIOD_M5;LONG;2025.04.04 13:30:00;2025.04.04 13:35:00;2025.04.04 15:05:00;3114.08000000;3086.55000000;3169.14000000;3100.10000000;OTHER;-0.5078;0.8147;-0.7283;18;London
MSZZC1|6:XAUUSD|1:5|2:-1|1:2|67:BO|XAUUSD|5|1|S|1743778800|MSZZ|XAUUSD|5|1|-1|1743770700|1743771600;1012;XAUUSD;PERIOD_M5;SHORT;2025.04.04 15:00:00;2025.04.04 15:05:00;2025.04.04 15:39:58;3100.10000000;3106.99000000;3086.32000000;3086.32000000;TP;2.0000;3.2380;-0.5893;6;London
MSZZC1|6:XAUUSD|1:5|1:1|1:2|66:BO|XAUUSD|5|1|L|1744013700|MSZZ|XAUUSD|5|1|1|1744012800|1744013400;1012;XAUUSD;PERIOD_M5;LONG;2025.04.07 08:15:00;2025.04.07 08:20:00;2025.04.07 09:29:58;3038.25000000;3016.82000000;3081.11000000;3016.82000000;SL;-1.0000;0.2916;-1.0079;13;London
MSZZC1|6:XAUUSD|1:5|1:1|1:2|66:BO|XAUUSD|5|1|L|1744018500|MSZZ|XAUUSD|5|1|1|1744012800|1744013400;1012;XAUUSD;PERIOD_M5;LONG;2025.04.07 09:35:00;2025.04.07 09:40:00;2025.04.07 10:14:58;3029.52000000;3016.65000000;3055.26000000;3016.65000000;SL;-1.0000;0.0963;-1.2642;6;London
MSZZC1|6:XAUUSD|1:5|2:-1|1:2|67:BO|XAUUSD|5|1|S|1744020600|MSZZ|XAUUSD|5|1|-1|1744017900|1744018500;1012;XAUUSD;PERIOD_M5;SHORT;2025.04.07 10:10:00;2025.04.07 10:15:00;2025.04.07 10:25:00;3014.30000000;3037.34000000;2968.22000000;3025.70000000;OTHER;-0.4948;0.0295;-0.5699;2;London
MSZZC1|6:XAUUSD|1:5|1:1|1:2|66:BO|XAUUSD|5|1|L|1744021200|MSZZ|XAUUSD|5|1|1|1744012800|1744013400;1012;XAUUSD;PERIOD_M5;LONG;2025.04.07 10:20:00;2025.04.07 10:25:00;2025.04.07 10:59:58;3025.70000000;3016.65000000;3043.80000000;3016.65000000;SL;-1.0000;0.3757;-1.0840;6;London
MSZZC1|6:XAUUSD|1:5|1:1|1:2|66:BO|XAUUSD|5|1|L|1744032600|MSZZ|XAUUSD|5|1|1|1744026900|1744028100;1012;XAUUSD;PERIOD_M5;LONG;2025.04.07 13:30:00;2025.04.07 13:35:00;2025.04.07 15:35:00;3035.97000000;3019.66000000;3068.59000000;3021.54000000;OTHER;-0.8847;0.6186;-1.2937;24;London
MSZZC1|6:XAUUSD|1:5|2:-1|1:2|67:BO|XAUUSD|5|1|S|1744039800|MSZZ|XAUUSD|5|1|-1|1744028100|1744032300;1012;XAUUSD;PERIOD_M5;SHORT;2025.04.07 15:30:00;2025.04.07 15:35:00;2025.04.07 17:15:00;3021.54000000;3046.06000000;2972.50000000;3026.93000000;OTHER;-0.2198;0.8018;-0.6713;20;London
MSZZC1|6:XAUUSD|1:5|1:1|1:2|66:BO|XAUUSD|5|1|L|1744045800|MSZZ|XAUUSD|5|1|1|1744041600|1744043400;1012;XAUUSD;PERIOD_M5;LONG;2025.04.07 17:10:00;2025.04.07 17:15:00;2025.04.07 17:39:58;3026.93000000;3001.88000000;3077.03000000;3001.88000000;SL;-1.0000;0.4419;-1.2028;4;NewYork
MSZZC1|6:XAUUSD|1:5|1:1|1:2|66:BO|XAUUSD|5|1|L|1744063800|MSZZ|XAUUSD|5|1|1|1744062000|1744062600;1012;XAUUSD;PERIOD_M5;LONG;2025.04.07 22:10:00;2025.04.07 22:15:00;2025.04.08 02:20:00;2971.87000000;2956.18000000;3003.25000000;2982.78000000;OTHER;0.6953;1.0701;-0.1855;49;NewYork
MSZZC1|6:XAUUSD|1:5|2:-1|1:2|67:BO|XAUUSD|5|1|S|1744078500|MSZZ|XAUUSD|5|1|-1|1744066800|1744067400;1012;XAUUSD;PERIOD_M5;SHORT;2025.04.08 02:15:00;2025.04.08 02:20:00;2025.04.08 03:24:58;2982.78000000;2988.66000000;2971.02000000;2988.66000000;SL;-1.0000;0.7279;-0.9898;12;Asian
MSZZC1|6:XAUUSD|1:5|1:1|1:2|66:BO|XAUUSD|5|1|L|1744083300|MSZZ|XAUUSD|5|1|1|1744077300|1744078500;1012;XAUUSD;PERIOD_M5;LONG;2025.04.08 03:35:00;2025.04.08 03:40:00;2025.04.08 07:35:00;2992.38000000;2978.50000000;3020.14000000;2993.30000000;OTHER;0.0663;0.8927;-0.6780;47;Asian
MSZZC1|6:XAUUSD|1:5|2:-1|1:2|67:BO|XAUUSD|5|1|S|1744097400|MSZZ|XAUUSD|5|1|-1|1744084500|1744084800;1012;XAUUSD;PERIOD_M5;SHORT;2025.04.08 07:30:00;2025.04.08 07:35:00;2025.04.08 07:59:58;2993.30000000;3000.91000000;2978.08000000;3000.91000000;SL;-1.0000;0.3049;-1.2602;4;Asian
MSZZC1|6:XAUUSD|1:5|1:1|1:2|66:BO|XAUUSD|5|1|L|1744160400|MSZZ|XAUUSD|5|1|1|1744152600|1744154100;1012;XAUUSD;PERIOD_M5;LONG;2025.04.09 01:00:00;2025.04.09 01:05:00;2025.04.09 02:25:00;2982.82000000;2977.15000000;2994.16000000;2979.49000000;OTHER;-0.5873;1.4374;-0.6349;16;Asian
MSZZC1|6:XAUUSD|1:5|2:-1|1:2|67:BO|XAUUSD|5|1|S|1744165200|MSZZ|XAUUSD|5|1|-1|1744163100|1744164000;1012;XAUUSD;PERIOD_M5;SHORT;2025.04.09 02:20:00;2025.04.09 02:25:00;2025.04.09 04:29:58;2979.49000000;2990.97000000;2956.53000000;2990.97000000;SL;-1.0000;0.8197;-1.0557;24;Asian
MSZZC1|6:XAUUSD|1:5|1:1|1:2|66:BO|XAUUSD|5|1|L|1744172700|MSZZ|XAUUSD|5|1|1|1744169400|1744171200;1012;XAUUSD;PERIOD_M5;LONG;2025.04.09 04:25:00;2025.04.09 04:30:00;2025.04.09 09:24:58;2990.33000000;2972.51000000;3025.97000000;3025.97000000;TP;2.0000;2.4130;-0.1044;58;Asian
MSZZC1|6:XAUUSD|1:5|2:-1|1:2|67:BO|XAUUSD|5|1|S|1744204500|MSZZ|XAUUSD|5|1|-1|1744200600|1744202100;1012;XAUUSD;PERIOD_M5;SHORT;2025.04.09 13:15:00;2025.04.09 13:20:00;2025.04.09 14:19:58;3038.89000000;3049.62000000;3017.43000000;3049.62000000;SL;-1.0000;0.2414;-1.7512;11;London
MSZZC1|6:XAUUSD|1:5|1:1|1:2|66:BO|XAUUSD|5|1|L|1744208400|MSZZ|XAUUSD|5|1|1|1744208100|1744208100;1012;XAUUSD;PERIOD_M5;LONG;2025.04.09 14:20:00;2025.04.09 14:25:00;2025.04.09 20:30:00;3063.17000000;3036.30000000;3116.91000000;3060.28000000;OTHER;-0.1076;1.3361;-0.7637;73;London
MSZZC1|6:XAUUSD|1:5|2:-1|1:2|67:BO|XAUUSD|5|1|S|1744230300|MSZZ|XAUUSD|5|1|-1|1744230000|1744230000;1012;XAUUSD;PERIOD_M5;SHORT;2025.04.09 20:25:00;2025.04.09 20:30:00;2025.04.09 22:29:57;3060.28000000;3095.42000000;2990.00000000;3095.42000000;SL;-1.0000;0.3384;-1.0111;23;NewYork
MSZZC1|6:XAUUSD|1:5|2:-1|1:2|67:BO|XAUUSD|5|1|S|1744241700|MSZZ|XAUUSD|5|1|-1|1744230000|1744230000;1012;XAUUSD;PERIOD_M5;SHORT;2025.04.09 23:35:00;2025.04.09 23:40:00;2025.04.10 03:00:00;3081.63000000;3099.61000000;3045.67000000;3086.96000000;OTHER;-0.2964;0.5706;-0.4622;40;NewYork
MSZZC1|6:XAUUSD|1:5|1:1|1:2|66:BO|XAUUSD|5|1|L|1744253700|MSZZ|XAUUSD|5|1|1|1744248900|1744251600;1012;XAUUSD;PERIOD_M5;LONG;2025.04.10 02:55:00;2025.04.10 03:00:00;2025.04.10 04:39:58;3086.96000000;3079.55000000;3101.78000000;3079.55000000;SL;-1.0000;1.9460;-1.1511;19;Asian
MSZZC1|6:XAUUSD|1:5|1:1|1:2|66:BO|XAUUSD|5|1|L|1744261500|MSZZ|XAUUSD|5|1|1|1744256100|1744257900;1012;XAUUSD;PERIOD_M5;LONG;2025.04.10 05:05:00;2025.04.10 05:10:00;2025.04.10 15:40:00;3112.83000000;3078.43000000;3181.63000000;3117.18000000;OTHER;0.1265;0.6128;-0.2820;126;Asian
MSZZC1|6:XAUUSD|1:5|2:-1|1:2|67:BO|XAUUSD|5|1|S|1744299300|MSZZ|XAUUSD|5|1|-1|1744293900|1744295100;1012;XAUUSD;PERIOD_M5;SHORT;2025.04.10 15:35:00;2025.04.10 15:40:00;2025.04.10 16:24:58;3117.18000000;3133.91000000;3083.72000000;3133.91000000;SL;-1.0000;0.0520;-1.1632;8;London
MSZZC1|6:XAUUSD|1:5|2:-1|1:2|67:BO|XAUUSD|5|1|S|1744302600|MSZZ|XAUUSD|5|1|-1|1744293900|1744295100;1012;XAUUSD;PERIOD_M5;SHORT;2025.04.10 16:30:00;2025.04.10 16:35:00;2025.04.10 17:04:58;3121.26000000;3133.91000000;3095.96000000;3133.91000000;SL;-1.0000;0.4111;-1.1059;5;NewYork
MSZZC1|6:XAUUSD|1:5|1:1|1:2|66:BO|XAUUSD|5|1|L|1744305300|MSZZ|XAUUSD|5|1|1|1744299000|1744299300;1012;XAUUSD;PERIOD_M5;LONG;2025.04.10 17:15:00;2025.04.10 17:20:00;2025.04.10 21:10:00;3144.10000000;3116.06000000;3200.18000000;3160.46000000;OTHER;0.5835;1.1006;-0.0118;46;NewYork
MSZZC1|6:XAUUSD|1:5|2:-1|1:2|67:BO|XAUUSD|5|1|S|1744319100|MSZZ|XAUUSD|5|1|-1|1744315500|1744316400;1012;XAUUSD;PERIOD_M5;SHORT;2025.04.10 21:05:00;2025.04.10 21:10:00;2025.04.10 21:49:58;3160.46000000;3174.96000000;3131.46000000;3174.96000000;SL;-1.0000;0.1607;-1.0028;7;NewYork
MSZZC1|6:XAUUSD|1:5|1:1|1:2|66:BO|XAUUSD|5|1|L|1744336800|MSZZ|XAUUSD|5|1|1|1744335000|1744335000;1012;XAUUSD;PERIOD_M5;LONG;2025.04.11 02:00:00;2025.04.11 02:05:00;2025.04.16 03:34:58;3189.90000000;3151.54000000;3266.62000000;3266.62000000;TP;2.0000;2.0008;-0.1767;1457;Asian
MSZZC1|6:XAUUSD|1:5|2:-1|1:2|67:BO|XAUUSD|5|1|S|1745371500|MSZZ|XAUUSD|5|1|-1|1745370000|1745370000;1012;XAUUSD;PERIOD_M5;SHORT;2025.04.23 01:25:00;2025.04.23 01:30:00;2025.04.23 02:09:58;3318.84000000;3335.78000000;3284.96000000;3335.78000000;SL;-1.0000;0.1653;-1.2562;7;Asian
MSZZC1|6:XAUUSD|1:5|1:1|1:2|66:BO|XAUUSD|5|1|L|1745374500|MSZZ|XAUUSD|5|1|1|1745197200|1745197200;1012;XAUUSD;PERIOD_M5;LONG;2025.04.23 02:15:00;2025.04.23 02:20:00;2025.04.23 05:25:00;3346.24000000;3322.81000000;3393.10000000;3372.75000000;OTHER;1.1315;1.7222;-0.6001;37;Asian
MSZZC1|6:XAUUSD|1:5|2:-1|1:2|67:BO|XAUUSD|5|1|S|1745385600|MSZZ|XAUUSD|5|1|-1|1745382600|1745383200;1012;XAUUSD;PERIOD_M5;SHORT;2025.04.23 05:20:00;2025.04.23 05:25:00;2025.04.23 06:04:58;3372.75000000;3386.59000000;3345.07000000;3345.07000000;TP;2.0000;2.0311;-0.1676;7;Asian
MSZZC1|6:XAUUSD|1:5|2:-1|1:2|67:BO|XAUUSD|5|1|S|1745397600|MSZZ|XAUUSD|5|1|-1|1745397300|1745397300;1012;XAUUSD;PERIOD_M5;SHORT;2025.04.23 08:40:00;2025.04.23 08:45:00;2025.04.23 16:54:58;3325.77000000;3349.27000000;3278.77000000;3278.77000000;TP;2.0000;2.2770;-0.6277;97;London
MSZZC1|6:XAUUSD|1:5|1:1|1:2|66:BO|XAUUSD|5|1|L|1745482200|MSZZ|XAUUSD|5|1|1|1745480400|1745482200;1012;XAUUSD;PERIOD_M5;LONG;2025.04.24 08:10:00;2025.04.24 08:15:00;2025.04.24 08:34:57;3326.04000000;3320.57000000;3336.98000000;3320.57000000;SL;-1.0000;0.3236;-1.0165;3;London
MSZZC1|6:XAUUSD|1:5|1:1|1:2|66:BO|XAUUSD|5|1|L|1745502600|MSZZ|XAUUSD|5|1|1|1745499600|1745500800;1012;XAUUSD;PERIOD_M5;LONG;2025.04.24 13:50:00;2025.04.24 13:55:00;2025.04.24 16:24:57;3332.23000000;3325.52000000;3345.65000000;3325.52000000;SL;-1.0000;1.8480;-1.0611;29;London
MSZZC1|6:XAUUSD|1:5|2:-1|1:2|67:BO|XAUUSD|5|1|S|1745512500|MSZZ|XAUUSD|5|1|-1|1745502900|1745503500;1012;XAUUSD;PERIOD_M5;SHORT;2025.04.24 16:35:00;2025.04.24 16:40:00;2025.04.24 20:15:00;3323.55000000;3344.63000000;3281.39000000;3334.22000000;OTHER;-0.5062;0.7946;-0.6319;43;NewYork
MSZZC1|6:XAUUSD|1:5|1:1|1:2|66:BO|XAUUSD|5|1|L|1745525400|MSZZ|XAUUSD|5|1|1|1745521800|1745523000;1012;XAUUSD;PERIOD_M5;LONG;2025.04.24 20:10:00;2025.04.24 20:15:00;2025.04.24 21:40:00;3334.22000000;3322.50000000;3357.66000000;3334.91000000;OTHER;0.0589;0.5205;-0.1109;17;NewYork
MSZZC1|6:XAUUSD|1:5|2:-1|1:2|67:BO|XAUUSD|5|1|S|1745530500|MSZZ|XAUUSD|5|1|-1|1745523300|1745524200;1012;XAUUSD;PERIOD_M5;SHORT;2025.04.24 21:35:00;2025.04.24 21:40:00;2025.04.24 22:39:58;3334.91000000;3340.32000000;3324.09000000;3340.32000000;SL;-1.0000;0.2680;-1.0628;11;NewYork
MSZZC1|6:XAUUSD|1:5|1:1|1:2|66:BO|XAUUSD|5|1|L|1745534700|MSZZ|XAUUSD|5|1|1|1745529900|1745530500;1012;XAUUSD;PERIOD_M5;LONG;2025.04.24 22:45:00;2025.04.24 22:50:00;2025.04.24 23:10:00;3344.07000000;3333.46000000;3365.29000000;3338.20000000;OTHER;-0.5533;0.2771;-0.5674;4;NewYork
MSZZC1|6:XAUUSD|1:5|2:-1|1:2|67:BO|XAUUSD|5|1|S|1745535900|MSZZ|XAUUSD|5|1|-1|1745532000|1745533800;1012;XAUUSD;PERIOD_M5;SHORT;2025.04.24 23:05:00;2025.04.24 23:10:00;2025.04.24 23:49:58;3338.20000000;3347.01000000;3320.58000000;3347.01000000;SL;-1.0000;0.0000;-1.1271;7;NewYork
MSZZC1|6:XAUUSD|1:5|1:1|1:2|66:BO|XAUUSD|5|1|L|1745544300|MSZZ|XAUUSD|5|1|1|1745535300|1745535600;1012;XAUUSD;PERIOD_M5;LONG;2025.04.25 01:25:00;2025.04.25 01:30:00;2025.04.25 06:54:58;3363.46000000;3333.46000000;3423.46000000;3333.46000000;SL;-1.0000;0.2437;-1.0017;64;Asian
MSZZC1|6:XAUUSD|1:5|2:-1|1:2|67:BO|XAUUSD|5|1|S|1745564700|MSZZ|XAUUSD|5|1|-1|1745564100|1745564100;1012;XAUUSD;PERIOD_M5;SHORT;2025.04.25 07:05:00;2025.04.25 07:10:00;2025.04.25 16:24:58;3321.62000000;3347.01000000;3270.84000000;3270.84000000;TP;2.0000;2.0429;-0.2178;110;Asian
MSZZC1|6:XAUUSD|1:5|1:1|1:2|66:BO|XAUUSD|5|1|L|1745875500|MSZZ|XAUUSD|5|1|1|1745875200|1745875200;1012;XAUUSD;PERIOD_M5;LONG;2025.04.28 21:25:00;2025.04.28 21:30:00;2025.04.29 01:20:00;3348.50000000;3322.65000000;3400.20000000;3333.12000000;OTHER;-0.5950;0.1749;-0.6085;46;NewYork
MSZZC1|6:XAUUSD|1:5|2:-1|1:2|67:BO|XAUUSD|5|1|S|1745889300|MSZZ|XAUUSD|5|1|-1|1745888700|1745888700;1012;XAUUSD;PERIOD_M5;SHORT;2025.04.29 01:15:00;2025.04.29 01:20:00;2025.04.29 07:59:57;3333.12000000;3345.87000000;3307.62000000;3307.62000000;TP;2.0000;2.0667;-0.7686;79;Asian
MSZZC1|6:XAUUSD|1:5|1:1|1:2|66:BO|XAUUSD|5|1|L|1746504300|MSZZ|XAUUSD|5|1|1|1746504000|1746504000;1012;XAUUSD;PERIOD_M5;LONG;2025.05.06 04:05:00;2025.05.06 04:10:00;2025.05.06 19:24:58;3359.13000000;3337.54000000;3402.31000000;3402.31000000;TP;2.0000;2.0125;-0.4132;182;Asian
MSZZC1|6:XAUUSD|1:5|1:1|1:2|66:BO|XAUUSD|5|1|L|1747031100|MSZZ|XAUUSD|5|1|1|1746406800|1746406800;1012;XAUUSD;PERIOD_M5;LONG;2025.05.12 06:25:00;2025.05.12 06:30:00;2025.05.12 10:10:00;3281.46000000;3224.29000000;3395.80000000;3246.65000000;OTHER;-0.6089;0.0570;-0.6259;44;Asian
MSZZC1|6:XAUUSD|1:5|2:-1|1:2|67:BO|XAUUSD|5|1|S|1747044300|MSZZ|XAUUSD|5|1|-1|1747044000|1747044000;1012;XAUUSD;PERIOD_M5;SHORT;2025.05.12 10:05:00;2025.05.12 10:10:00;2025.05.12 12:59:58;3246.65000000;3262.01000000;3215.93000000;3215.93000000;TP;2.0000;2.1849;-0.3796;33;London
MSZZC1|6:XAUUSD|1:5|2:-1|1:2|67:BO|XAUUSD|5|1|S|1747123200|MSZZ|XAUUSD|5|1|-1|1747011600|1747011600;1012;XAUUSD;PERIOD_M5;SHORT;2025.05.13 08:00:00;2025.05.13 08:05:00;2025.05.20 17:05:00;3252.24000000;3343.03000000;3070.66000000;3271.08000000;OTHER;-0.2075;1.4493;-0.2973;2124;London
MSZZC1|6:XAUUSD|1:5|1:1|1:2|66:BO|XAUUSD|5|1|L|1747760400|MSZZ|XAUUSD|5|1|1|1747760100|1747760100;1012;XAUUSD;PERIOD_M5;LONG;2025.05.20 17:00:00;2025.05.20 17:05:00;2025.05.21 04:04:57;3271.08000000;3250.41000000;3312.42000000;3312.42000000;TP;2.0000;2.1118;-0.0348;131;NewYork
MSZZC1|6:XAUUSD|1:5|2:-1|1:2|67:BO|XAUUSD|5|1|S|1748553600|MSZZ|XAUUSD|5|1|-1|1748550600|1748551500;1012;XAUUSD;PERIOD_M5;SHORT;2025.05.29 21:20:00;2025.05.29 21:25:00;2025.05.30 04:20:00;3317.87000000;3325.81000000;3301.99000000;3320.02000000;OTHER;-0.2708;1.0428;-0.6121;83;NewYork
MSZZC1|6:XAUUSD|1:5|1:1|1:2|66:BO|XAUUSD|5|1|L|1748578500|MSZZ|XAUUSD|5|1|1|1748574300|1748574600;1012;XAUUSD;PERIOD_M5;LONG;2025.05.30 04:15:00;2025.05.30 04:20:00;2025.05.30 04:49:58;3320.02000000;3309.59000000;3340.88000000;3309.59000000;SL;-1.0000;0.2598;-1.0000;5;Asian
MSZZC1|6:XAUUSD|1:5|2:-1|1:2|67:BO|XAUUSD|5|1|S|1748581800|MSZZ|XAUUSD|5|1|-1|1748577000|1748577600;1012;XAUUSD;PERIOD_M5;SHORT;2025.05.30 05:10:00;2025.05.30 05:15:00;2025.05.30 08:25:00;3305.57000000;3322.73000000;3271.25000000;3295.55000000;OTHER;0.5839;0.8922;-0.0321;38;Asian
MSZZC1|6:XAUUSD|1:5|1:1|1:2|66:BO|XAUUSD|5|1|L|1748593200|MSZZ|XAUUSD|5|1|1|1748592000|1748592300;1012;XAUUSD;PERIOD_M5;LONG;2025.05.30 08:20:00;2025.05.30 08:25:00;2025.05.30 08:59:58;3295.55000000;3291.26000000;3304.13000000;3304.13000000;TP;2.0000;2.2098;-0.1492;6;London
MSZZC1|6:XAUUSD|1:5|2:-1|1:2|67:BO|XAUUSD|5|1|S|1748612100|MSZZ|XAUUSD|5|1|-1|1748608200|1748608800;1012;XAUUSD;PERIOD_M5;SHORT;2025.05.30 13:35:00;2025.05.30 13:40:00;2025.05.30 15:14:58;3294.68000000;3300.62000000;3282.80000000;3300.62000000;SL;-1.0000;1.9949;-2.0421;18;London
MSZZC1|6:XAUUSD|1:5|2:-1|1:2|67:BO|XAUUSD|5|1|S|1748623800|MSZZ|XAUUSD|5|1|-1|1748616600|1748616900;1012;XAUUSD;PERIOD_M5;SHORT;2025.05.30 16:50:00;2025.05.30 16:55:00;2025.05.30 19:50:00;3281.16000000;3306.81000000;3229.86000000;3289.05000000;OTHER;-0.3076;0.3770;-0.4519;35;NewYork
MSZZC1|6:XAUUSD|1:5|1:1|1:2|66:BO|XAUUSD|5|1|L|1748634300|MSZZ|XAUUSD|5|1|1|1748630400|1748633400;1012;XAUUSD;PERIOD_M5;LONG;2025.05.30 19:45:00;2025.05.30 19:50:00;2025.05.30 23:20:00;3289.05000000;3271.49000000;3324.17000000;3291.18000000;OTHER;0.1213;0.3844;-0.0222;42;NewYork
MSZZC1|6:XAUUSD|1:5|2:-1|1:2|67:BO|XAUUSD|5|1|S|1748646900|MSZZ|XAUUSD|5|1|-1|1748645400|1748646000;1012;XAUUSD;PERIOD_M5;SHORT;2025.05.30 23:15:00;2025.05.30 23:20:00;2025.06.02 01:00:00;3291.18000000;3295.67000000;3282.20000000;3295.67000000;SL;-1.0000;0.5768;-1.5857;596;NewYork
MSZZC1|6:XAUUSD|1:5|1:1|1:2|66:BO|XAUUSD|5|1|L|1748826300|MSZZ|XAUUSD|5|1|1|1748826000|1748826000;1012;XAUUSD;PERIOD_M5;LONG;2025.06.02 01:05:00;2025.06.02 01:10:00;2025.06.02 09:44:59;3308.61000000;3291.65000000;3342.53000000;3342.53000000;TP;2.0000;2.1509;-0.5029;102;Asian
MSZZC1|6:XAUUSD|1:5|1:1|1:2|66:BO|XAUUSD|5|1|L|1749231000|MSZZ|XAUUSD|5|1|1|1748826000|1748826000;1012;XAUUSD;PERIOD_M5;LONG;2025.06.06 17:30:00;2025.06.06 17:35:00;2025.06.13 01:15:00;3329.53000000;3291.65000000;3405.29000000;3382.60000000;OTHER;1.4010;1.8334;-0.9490;1820;NewYork
MSZZC1|6:XAUUSD|1:5|2:-1|1:2|67:BO|XAUUSD|5|1|S|1749777000|MSZZ|XAUUSD|5|1|-1|1749776400|1749776400;1012;XAUUSD;PERIOD_M5;SHORT;2025.06.13 01:10:00;2025.06.13 01:15:00;2025.06.13 02:49:58;3382.60000000;3389.27000000;3369.26000000;3389.27000000;SL;-1.0000;0.4453;-1.1544;18;Asian
MSZZC1|6:XAUUSD|1:5|1:1|1:2|66:BO|XAUUSD|5|1|L|1749782700|MSZZ|XAUUSD|5|1|1|1749782400|1749782400;1012;XAUUSD;PERIOD_M5;LONG;2025.06.13 02:45:00;2025.06.13 02:50:00;2025.06.13 03:04:58;3390.03000000;3383.52000000;3403.05000000;3403.05000000;TP;2.0000;2.0246;-0.1490;2;Asian
MSZZC1|6:XAUUSD|1:5|1:1|1:2|66:BO|XAUUSD|5|1|L|1750150200|MSZZ|XAUUSD|5|1|1|1750146600|1750149000;1012;XAUUSD;PERIOD_M5;LONG;2025.06.17 08:50:00;2025.06.17 08:55:00;2025.06.17 17:39:58;3394.38000000;3373.26000000;3436.62000000;3373.26000000;SL;-1.0000;0.2704;-1.3366;104;London
MSZZC1|6:XAUUSD|1:5|1:1|1:2|66:BO|XAUUSD|5|1|L|1750188300|MSZZ|XAUUSD|5|1|1|1750183500|1750185600;1012;XAUUSD;PERIOD_M5;LONG;2025.06.17 19:25:00;2025.06.17 19:30:00;2025.06.18 05:34:57;3381.97000000;3372.52000000;3400.87000000;3372.52000000;SL;-1.0000;1.5101;-1.2021;120;NewYork
MSZZC1|6:XAUUSD|1:5|1:1|1:2|66:BO|XAUUSD|5|1|L|1750253400|MSZZ|XAUUSD|5|1|1|1750245000|1750246800;1012;XAUUSD;PERIOD_M5;LONG;2025.06.18 13:30:00;2025.06.18 13:35:00;2025.06.18 13:44:58;3380.95000000;3379.45000000;3383.95000000;3379.45000000;SL;-1.0000;1.0000;-1.9133;1;London
MSZZC1|6:XAUUSD|1:5|1:1|1:2|66:BO|XAUUSD|5|1|L|1750255500|MSZZ|XAUUSD|5|1|1|1750253700|1750254300;1012;XAUUSD;PERIOD_M5;LONG;2025.06.18 14:05:00;2025.06.18 14:10:00;2025.06.18 16:29:57;3382.20000000;3375.85000000;3394.90000000;3394.90000000;TP;2.0000;2.0630;-0.5118;27;London
MSZZC1|6:XAUUSD|1:5|1:1|1:2|66:BO|XAUUSD|5|1|L|1750280700|MSZZ|XAUUSD|5|1|1|1750273200|1750276800;1012;XAUUSD;PERIOD_M5;LONG;2025.06.18 21:05:00;2025.06.18 21:10:00;2025.06.18 21:49:57;3394.35000000;3384.50000000;3414.05000000;3384.50000000;SL;-1.0000;0.0640;-1.3269;7;NewYork
MSZZC1|6:XAUUSD|1:5|2:-1|1:2|67:BO|XAUUSD|5|1|S|1751557200|MSZZ|XAUUSD|5|1|-1|1751556900|1751556900;1012;XAUUSD;PERIOD_M5;SHORT;2025.07.03 15:40:00;2025.07.03 15:45:00;2025.07.03 16:04:58;3312.22000000;3328.67000000;3279.32000000;3328.67000000;SL;-1.0000;0.0243;-1.0407;3;London
MSZZC1|6:XAUUSD|1:5|1:1|1:2|66:BO|XAUUSD|5|1|L|1751558400|MSZZ|XAUUSD|5|1|1|1751357400|1751357400;1012;XAUUSD;PERIOD_M5;LONG;2025.07.03 16:00:00;2025.07.03 16:05:00;2025.07.03 19:20:00;3328.95000000;3315.51000000;3355.83000000;3326.75000000;OTHER;-0.1637;0.7106;-0.4911;39;NewYork
MSZZC1|6:XAUUSD|1:5|2:-1|1:2|67:BO|XAUUSD|5|1|S|1751570100|MSZZ|XAUUSD|5|1|-1|1751565600|1751567100;1012;XAUUSD;PERIOD_M5;SHORT;2025.07.03 19:15:00;2025.07.03 19:20:00;2025.07.03 19:30:00;3326.75000000;3331.46000000;3317.33000000;3328.71000000;OTHER;-0.4161;0.1359;-0.6709;2;NewYork
MSZZC1|6:XAUUSD|1:5|1:1|1:2|66:BO|XAUUSD|5|1|L|1751570700|MSZZ|XAUUSD|5|1|1|1751567100|1751569500;1012;XAUUSD;PERIOD_M5;LONG;2025.07.03 19:25:00;2025.07.03 19:30:00;2025.07.03 21:00:00;3328.71000000;3323.10000000;3339.93000000;3329.10000000;OTHER;0.0695;1.0873;-0.0303;18;NewYork
MSZZC1|6:XAUUSD|1:5|2:-1|1:2|67:BO|XAUUSD|5|1|S|1751576100|MSZZ|XAUUSD|5|1|-1|1751570100|1751571000;1012;XAUUSD;PERIOD_M5;SHORT;2025.07.03 20:55:00;2025.07.03 21:00:00;2025.07.03 22:35:00;3329.10000000;3334.81000000;3317.68000000;3328.92000000;OTHER;0.0315;0.3503;-0.2032;19;NewYork
MSZZC1|6:XAUUSD|1:5|1:1|1:2|66:BO|XAUUSD|5|1|L|1751581800|MSZZ|XAUUSD|5|1|1|1751579400|1751580000;1012;XAUUSD;PERIOD_M5;LONG;2025.07.03 22:30:00;2025.07.03 22:35:00;2025.07.03 23:14:58;3328.92000000;3327.10000000;3332.56000000;3327.10000000;SL;-1.0000;0.3242;-1.2802;7;NewYork
MSZZC1|6:XAUUSD|1:5|1:1|1:2|66:BO|XAUUSD|5|1|L|1751592900|MSZZ|XAUUSD|5|1|1|1751582100|1751584200;1012;XAUUSD;PERIOD_M5;LONG;2025.07.04 01:35:00;2025.07.04 01:40:00;2025.07.04 04:24:58;3327.04000000;3324.11000000;3332.90000000;3332.90000000;TP;2.0000;2.4846;-0.3993;32;Asian
MSZZC1|6:XAUUSD|1:5|1:1|1:2|66:BO|XAUUSD|5|1|L|1751604000|MSZZ|XAUUSD|5|1|1|1751601000|1751601600;1012;XAUUSD;PERIOD_M5;LONG;2025.07.04 04:40:00;2025.07.04 04:45:00;2025.07.04 06:00:00;3331.20000000;3325.87000000;3341.86000000;3327.34000000;OTHER;-0.7242;0.2289;-0.9456;15;Asian
MSZZC1|6:XAUUSD|1:5|2:-1|1:2|67:BO|XAUUSD|5|1|S|1751608500|MSZZ|XAUUSD|5|1|-1|1751598900|1751600700;1012;XAUUSD;PERIOD_M5;SHORT;2025.07.04 05:55:00;2025.07.04 06:00:00;2025.07.04 06:10:00;3327.34000000;3330.76000000;3320.50000000;3328.58000000;OTHER;-0.3626;0.3450;-0.5994;2;Asian
MSZZC1|6:XAUUSD|1:5|1:1|1:2|66:BO|XAUUSD|5|1|L|1751609100|MSZZ|XAUUSD|5|1|1|1751601000|1751601600;1012;XAUUSD;PERIOD_M5;LONG;2025.07.04 06:05:00;2025.07.04 06:10:00;2025.07.04 06:34:58;3328.58000000;3325.87000000;3334.00000000;3334.00000000;TP;2.0000;2.4022;-0.1808;4;Asian
MSZZC1|6:XAUUSD|1:5|2:-1|1:2|67:BO|XAUUSD|5|1|S|1751621700|MSZZ|XAUUSD|5|1|-1|1751618400|1751619600;1012;XAUUSD;PERIOD_M5;SHORT;2025.07.04 09:35:00;2025.07.04 09:40:00;2025.07.04 10:19:58;3342.33000000;3344.88000000;3337.23000000;3337.23000000;TP;2.0000;2.3137;-0.5529;7;London
MSZZC1|6:XAUUSD|1:5|1:1|1:2|66:BO|XAUUSD|5|1|L|1751925600|MSZZ|XAUUSD|5|1|1|1751920500|1751922000;1012;XAUUSD;PERIOD_M5;LONG;2025.07.07 22:00:00;2025.07.07 22:05:00;2025.07.08 07:49:58;3335.91000000;3328.44000000;3350.85000000;3328.44000000;SL;-1.0000;1.3199;-1.0950;116;NewYork
MSZZC1|6:XAUUSD|1:5|1:1|1:2|66:BO|XAUUSD|5|1|L|1751962800|MSZZ|XAUUSD|5|1|1|1751953800|1751954400;1012;XAUUSD;PERIOD_M5;LONG;2025.07.08 08:20:00;2025.07.08 08:25:00;2025.07.08 10:30:00;3335.49000000;3327.40000000;3351.67000000;3333.04000000;OTHER;-0.3028;0.4920;-0.5785;25;London
MSZZC1|6:XAUUSD|1:5|2:-1|1:2|67:BO|XAUUSD|5|1|S|1751970300|MSZZ|XAUUSD|5|1|-1|1751966100|1751968500;1012;XAUUSD;PERIOD_M5;SHORT;2025.07.08 10:25:00;2025.07.08 10:30:00;2025.07.08 16:19:57;3333.04000000;3339.47000000;3320.18000000;3320.18000000;TP;2.0000;2.1742;-0.3810;69;London
MSZZC1|6:XAUUSD|1:5|2:-1|1:2|67:BO|XAUUSD|5|1|S|1752039900|MSZZ|XAUUSD|5|1|-1|1751555400|1751555700;1012;XAUUSD;PERIOD_M5;SHORT;2025.07.09 05:45:00;2025.07.09 05:50:00;2025.07.11 06:20:00;3290.32000000;3355.34000000;3160.28000000;3335.86000000;OTHER;-0.7004;0.1169;-0.7049;582;Asian
MSZZC1|6:XAUUSD|1:5|1:1|1:2|66:BO|XAUUSD|5|1|L|1752214500|MSZZ|XAUUSD|5|1|1|1752204600|1752204600;1012;XAUUSD;PERIOD_M5;LONG;2025.07.11 06:15:00;2025.07.11 06:20:00;2025.07.11 09:55:00;3335.86000000;3325.27000000;3357.04000000;3334.55000000;OTHER;-0.1237;0.7479;-0.5968;43;Asian
MSZZC1|6:XAUUSD|1:5|2:-1|1:2|67:BO|XAUUSD|5|1|S|1752227400|MSZZ|XAUUSD|5|1|-1|1752223800|1752225300;1012;XAUUSD;PERIOD_M5;SHORT;2025.07.11 09:50:00;2025.07.11 09:55:00;2025.07.11 11:19:58;3334.55000000;3343.78000000;3316.09000000;3343.78000000;SL;-1.0000;0.3705;-1.0076;16;London
MSZZC1|6:XAUUSD|1:5|1:1|1:2|66:BO|XAUUSD|5|1|L|1752240300|MSZZ|XAUUSD|5|1|1|1752232500|1752233100;1012;XAUUSD;PERIOD_M5;LONG;2025.07.11 13:25:00;2025.07.11 13:30:00;2025.07.11 19:10:00;3345.83000000;3332.83000000;3371.83000000;3358.00000000;OTHER;0.9362;1.7654;-0.2946;68;London
MSZZC1|6:XAUUSD|1:5|2:-1|1:2|67:BO|XAUUSD|5|1|S|1752260700|MSZZ|XAUUSD|5|1|-1|1752243900|1752244500;1012;XAUUSD;PERIOD_M5;SHORT;2025.07.11 19:05:00;2025.07.11 19:10:00;2025.07.11 23:45:00;3358.00000000;3368.78000000;3336.44000000;3358.04000000;OTHER;-0.0037;0.8117;-0.1605;55;NewYork
MSZZC1|6:XAUUSD|1:5|1:1|1:2|66:BO|XAUUSD|5|1|L|1752277200|MSZZ|XAUUSD|5|1|1|1752273000|1752274800;1012;XAUUSD;PERIOD_M5;LONG;2025.07.11 23:40:00;2025.07.11 23:45:00;2025.07.14 01:04:57;3358.04000000;3353.56000000;3367.00000000;3367.00000000;TP;2.0000;2.1250;-0.7344;591;NewYork
MSZZC1|6:XAUUSD|1:5|1:1|1:2|66:BO|XAUUSD|5|1|L|1752454800|MSZZ|XAUUSD|5|1|1|1752277800|1752278100;1012;XAUUSD;PERIOD_M5;LONG;2025.07.14 01:00:00;2025.07.14 01:05:00;2025.07.14 12:35:00;3361.52000000;3353.56000000;3377.44000000;3364.88000000;OTHER;0.4221;1.6910;-0.9812;138;Asian
MSZZC1|6:XAUUSD|1:5|2:-1|1:2|67:BO|XAUUSD|5|1|S|1752496200|MSZZ|XAUUSD|5|1|-1|1752494400|1752495600;1012;XAUUSD;PERIOD_M5;SHORT;2025.07.14 12:30:00;2025.07.14 12:35:00;2025.07.14 12:59:58;3364.88000000;3369.09000000;3356.46000000;3369.09000000;SL;-1.0000;0.0143;-1.2993;4;London
MSZZC1|6:XAUUSD|1:5|1:1|1:2|66:BO|XAUUSD|5|1|L|1752497700|MSZZ|XAUUSD|5|1|1|1752495600|1752496200;1012;XAUUSD;PERIOD_M5;LONG;2025.07.14 12:55:00;2025.07.14 13:00:00;2025.07.14 14:59:58;3370.35000000;3364.60000000;3381.85000000;3364.60000000;SL;-1.0000;0.7461;-1.1148;23;London
MSZZC1|6:XAUUSD|1:5|1:1|1:2|66:BO|XAUUSD|5|1|L|1752510600|MSZZ|XAUUSD|5|1|1|1752495600|1752496200;1012;XAUUSD;PERIOD_M5;LONG;2025.07.14 16:30:00;2025.07.14 16:35:00;2025.07.14 17:24:57;3357.61000000;3347.20000000;3378.43000000;3347.20000000;SL;-1.0000;0.1364;-1.2008;9;NewYork
MSZZC1|6:XAUUSD|1:5|2:-1|1:2|67:BO|XAUUSD|5|1|S|1752530100|MSZZ|XAUUSD|5|1|-1|1752527400|1752527700;1012;XAUUSD;PERIOD_M5;SHORT;2025.07.14 21:55:00;2025.07.14 22:00:00;2025.07.14 22:59:58;3348.91000000;3351.68000000;3343.37000000;3343.37000000;TP;2.0000;2.0686;-0.5921;11;NewYork
MSZZC1|6:XAUUSD|1:5|1:1|1:2|66:BO|XAUUSD|5|1|L|1752559200|MSZZ|XAUUSD|5|1|1|1752556800|1752558600;1012;XAUUSD;PERIOD_M5;LONG;2025.07.15 06:00:00;2025.07.15 06:05:00;2025.07.15 08:24:58;3352.96000000;3347.62000000;3363.64000000;3363.64000000;TP;2.0000;2.2135;-0.1386;27;Asian
MSZZC1|6:XAUUSD|1:5|2:-1|1:2|67:BO|XAUUSD|5|1|S|1752571200|MSZZ|XAUUSD|5|1|-1|1752570300|1752570600;1012;XAUUSD;PERIOD_M5;SHORT;2025.07.15 09:20:00;2025.07.15 09:25:00;2025.07.15 10:49:57;3359.05000000;3365.22000000;3346.71000000;3365.22000000;SL;-1.0000;0.2836;-1.0891;16;London
MSZZC1|6:XAUUSD|1:5|2:-1|1:2|67:BO|XAUUSD|5|1|S|1752592500|MSZZ|XAUUSD|5|1|-1|1752578400|1752579000;1012;XAUUSD;PERIOD_M5;SHORT;2025.07.15 15:15:00;2025.07.15 15:20:00;2025.07.16 11:45:00;3350.90000000;3366.40000000;3319.90000000;3341.48000000;OTHER;0.6077;1.9800;-0.5974;245;London
MSZZC1|6:XAUUSD|1:5|1:1|1:2|66:BO|XAUUSD|5|1|L|1752666000|MSZZ|XAUUSD|5|1|1|1752657900|1752660300;1012;XAUUSD;PERIOD_M5;LONG;2025.07.16 11:40:00;2025.07.16 11:45:00;2025.07.16 13:59:58;3341.48000000;3335.74000000;3352.96000000;3335.74000000;SL;-1.0000;0.2700;-1.2700;26;London
MSZZC1|6:XAUUSD|1:5|2:-1|1:2|67:BO|XAUUSD|5|1|S|1752680700|MSZZ|XAUUSD|5|1|-1|1752674100|1752674100;1012;XAUUSD;PERIOD_M5;SHORT;2025.07.16 15:45:00;2025.07.16 15:50:00;2025.07.16 17:59:58;3331.25000000;3340.94000000;3311.87000000;3340.94000000;SL;-1.0000;1.2012;-1.1734;25;London
MSZZC1|6:XAUUSD|1:5|1:1|1:2|66:BO|XAUUSD|5|1|L|1752688800|MSZZ|XAUUSD|5|1|1|1752678300|1752678900;1012;XAUUSD;PERIOD_M5;LONG;2025.07.16 18:00:00;2025.07.16 18:05:00;2025.07.16 23:30:00;3345.21000000;3319.61000000;3396.41000000;3348.33000000;OTHER;0.1219;1.2609;-0.3605;65;NewYork
MSZZC1|6:XAUUSD|1:5|2:-1|1:2|67:BO|XAUUSD|5|1|S|1752708300|MSZZ|XAUUSD|5|1|-1|1752705300|1752707700;1012;XAUUSD;PERIOD_M5;SHORT;2025.07.16 23:25:00;2025.07.16 23:30:00;2025.07.17 01:05:00;3348.33000000;3357.31000000;3330.37000000;3350.93000000;OTHER;-0.2895;0.2283;-0.3820;19;NewYork
MSZZC1|6:XAUUSD|1:5|1:1|1:2|66:BO|XAUUSD|5|1|L|1752714000|MSZZ|XAUUSD|5|1|1|1752707700|1752708600;1012;XAUUSD;PERIOD_M5;LONG;2025.07.17 01:00:00;2025.07.17 01:05:00;2025.07.17 02:44:57;3350.93000000;3346.28000000;3360.23000000;3346.28000000;SL;-1.0000;0.2796;-1.1011;19;Asian
MSZZC1|6:XAUUSD|1:5|2:-1|1:2|67:BO|XAUUSD|5|1|S|1752720000|MSZZ|XAUUSD|5|1|-1|1752708900|1752714000;1012;XAUUSD;PERIOD_M5;SHORT;2025.07.17 02:40:00;2025.07.17 02:45:00;2025.07.17 09:14:58;3346.28000000;3352.23000000;3334.38000000;3334.38000000;TP;2.0000;2.4353;-0.1866;77;Asian
MSZZC1|6:XAUUSD|1:5|1:1|1:2|66:BO|XAUUSD|5|1|L|1752840300|MSZZ|XAUUSD|5|1|1|1752836700|1752837300;1012;XAUUSD;PERIOD_M5;LONG;2025.07.18 12:05:00;2025.07.18 12:10:00;2025.07.21 06:40:00;3352.17000000;3344.22000000;3368.07000000;3351.88000000;OTHER;-0.0365;1.1447;-0.9006;798;London
MSZZC1|6:XAUUSD|1:5|2:-1|1:2|67:BO|XAUUSD|5|1|S|1753079700|MSZZ|XAUUSD|5|1|-1|1753077000|1753078200;1012;XAUUSD;PERIOD_M5;SHORT;2025.07.21 06:35:00;2025.07.21 06:40:00;2025.07.21 07:35:00;3351.88000000;3356.93000000;3341.78000000;3355.97000000;OTHER;-0.8099;0.2297;-0.8317;11;Asian
MSZZC1|6:XAUUSD|1:5|1:1|1:2|66:BO|XAUUSD|5|1|L|1753083000|MSZZ|XAUUSD|5|1|1|1753078500|1753079700;1012;XAUUSD;PERIOD_M5;LONG;2025.07.21 07:30:00;2025.07.21 07:35:00;2025.07.21 08:29:58;3355.97000000;3350.72000000;3366.47000000;3366.47000000;TP;2.0000;2.4229;-0.1790;10;Asian
MSZZC1|6:XAUUSD|1:5|2:-1|1:2|67:BO|XAUUSD|5|1|S|1753098000|MSZZ|XAUUSD|5|1|-1|1753095600|1753097400;1012;XAUUSD;PERIOD_M5;SHORT;2025.07.21 11:40:00;2025.07.21 11:45:00;2025.07.21 12:55:00;3365.16000000;3370.77000000;3353.94000000;3365.37000000;OTHER;-0.0374;0.4242;-0.2317;14;London
MSZZC1|6:XAUUSD|1:5|1:1|1:2|66:BO|XAUUSD|5|1|L|1753102200|MSZZ|XAUUSD|5|1|1|1753097700|1753101000;1012;XAUUSD;PERIOD_M5;LONG;2025.07.21 12:50:00;2025.07.21 12:55:00;2025.07.21 13:34:58;3365.37000000;3363.10000000;3369.91000000;3363.10000000;SL;-1.0000;1.1894;-1.0044;7;London
MSZZC1|6:XAUUSD|1:5|1:1|1:2|66:BO|XAUUSD|5|1|L|1753107000|MSZZ|XAUUSD|5|1|1|1753103100|1753104000;1012;XAUUSD;PERIOD_M5;LONG;2025.07.21 14:10:00;2025.07.21 14:15:00;2025.07.21 15:29:57;3369.53000000;3362.85000000;3382.89000000;3382.89000000;TP;2.0000;2.0943;-0.0105;14;London
MSZZC1|6:XAUUSD|1:5|2:-1|1:2|67:BO|XAUUSD|5|1|S|1753122900|MSZZ|XAUUSD|5|1|-1|1753117200|1753117800;1012;XAUUSD;PERIOD_M5;SHORT;2025.07.21 18:35:00;2025.07.21 18:40:00;2025.07.22 01:05:00;3396.82000000;3401.59000000;3387.28000000;3399.18000000;OTHER;-0.4948;1.1006;-0.6143;77;NewYork
MSZZC1|6:XAUUSD|1:5|1:1|1:2|66:BO|XAUUSD|5|1|L|1753146000|MSZZ|XAUUSD|5|1|1|1753137300|1753140900;1012;XAUUSD;PERIOD_M5;LONG;2025.07.22 01:00:00;2025.07.22 01:05:00;2025.07.22 02:39:58;3399.18000000;3394.96000000;3407.62000000;3394.96000000;SL;-1.0000;0.8246;-1.3436;18;Asian
MSZZC1|6:XAUUSD|1:5|2:-1|1:2|67:BO|XAUUSD|5|1|S|1753151700|MSZZ|XAUUSD|5|1|-1|1753146000|1753146000;1012;XAUUSD;PERIOD_M5;SHORT;2025.07.22 02:35:00;2025.07.22 02:40:00;2025.07.22 11:25:00;3394.70000000;3402.66000000;3378.78000000;3389.00000000;OTHER;0.7161;1.4359;-0.3631;105;Asian
MSZZC1|6:XAUUSD|1:5|1:1|1:2|66:BO|XAUUSD|5|1|L|1753183200|MSZZ|XAUUSD|5|1|1|1753166700|1753167900;1012;XAUUSD;PERIOD_M5;LONG;2025.07.22 11:20:00;2025.07.22 11:25:00;2025.07.22 11:29:58;3389.00000000;3388.05000000;3390.90000000;3388.05000000;SL;-1.0000;0.1053;-1.1053;0;London
MSZZC1|6:XAUUSD|1:5|1:1|1:2|66:BO|XAUUSD|5|1|L|1753197900|MSZZ|XAUUSD|5|1|1|1753197600|1753197600;1012;XAUUSD;PERIOD_M5;LONG;2025.07.22 15:25:00;2025.07.22 15:30:00;2025.07.22 17:34:58;3400.48000000;3388.05000000;3425.34000000;3425.34000000;TP;2.0000;2.1384;-0.2140;24;London
MSZZC1|6:XAUUSD|1:5|1:1|1:2|66:BO|XAUUSD|5|1|L|1753290300|MSZZ|XAUUSD|5|1|1|1753197600|1753197600;1012;XAUUSD;PERIOD_M5;LONG;2025.07.23 17:05:00;2025.07.23 17:10:00;2025.07.23 19:04:57;3419.42000000;3388.05000000;3482.16000000;3388.05000000;SL;-1.0000;0.0137;-1.0813;22;NewYork
MSZZC1|6:XAUUSD|1:5|2:-1|1:2|67:BO|XAUUSD|5|1|S|1753298400|MSZZ|XAUUSD|5|1|-1|1753297200|1753297200;1012;XAUUSD;PERIOD_M5;SHORT;2025.07.23 19:20:00;2025.07.23 19:25:00;2025.07.24 15:49:58;3385.44000000;3400.07000000;3356.18000000;3356.18000000;TP;2.0000;2.1449;-0.7157;244;NewYork
MSZZC1|6:XAUUSD|1:5|1:1|1:2|66:BO|XAUUSD|5|1|L|1753952100|MSZZ|XAUUSD|5|1|1|1753909200|1753909200;1012;XAUUSD;PERIOD_M5;LONG;2025.07.31 08:55:00;2025.07.31 09:00:00;2025.07.31 13:45:00;3299.72000000;3288.61000000;3321.94000000;3300.87000000;OTHER;0.1035;1.3591;-0.1467;57;London
MSZZC1|6:XAUUSD|1:5|2:-1|1:2|67:BO|XAUUSD|5|1|S|1753969200|MSZZ|XAUUSD|5|1|-1|1753956000|1753958400;1012;XAUUSD;PERIOD_M5;SHORT;2025.07.31 13:40:00;2025.07.31 13:45:00;2025.07.31 15:34:58;3300.87000000;3309.72000000;3283.17000000;3309.72000000;SL;-1.0000;0.7977;-1.0271;21;London
MSZZC1|6:XAUUSD|1:5|1:1|1:2|66:BO|XAUUSD|5|1|L|1753996800|MSZZ|XAUUSD|5|1|1|1753992300|1753994700;1012;XAUUSD;PERIOD_M5;LONG;2025.07.31 21:20:00;2025.07.31 21:25:00;2025.07.31 22:20:00;3296.48000000;3289.69000000;3310.06000000;3293.96000000;OTHER;-0.3711;0.0943;-0.7511;11;NewYork
MSZZC1|6:XAUUSD|1:5|2:-1|1:2|67:BO|XAUUSD|5|1|S|1754000100|MSZZ|XAUUSD|5|1|-1|1753996200|1753997100;1012;XAUUSD;PERIOD_M5;SHORT;2025.07.31 22:15:00;2025.07.31 22:20:00;2025.08.01 03:04:58;3293.96000000;3297.12000000;3287.64000000;3287.64000000;TP;2.0000;2.0886;-0.3797;56;NewYork
MSZZC1|6:XAUUSD|1:5|2:-1|1:2|67:BO|XAUUSD|5|1|S|1754017200|MSZZ|XAUUSD|5|1|-1|1754014800|1754015100;1012;XAUUSD;PERIOD_M5;SHORT;2025.08.01 03:00:00;2025.08.01 03:05:00;2025.08.01 06:05:00;3287.80000000;3295.16000000;3273.08000000;3293.02000000;OTHER;-0.7092;0.8478;-0.8723;36;Asian
MSZZC1|6:XAUUSD|1:5|1:1|1:2|66:BO|XAUUSD|5|1|L|1754028000|MSZZ|XAUUSD|5|1|1|1754019600|1754019600;1012;XAUUSD;PERIOD_M5;LONG;2025.08.01 06:00:00;2025.08.01 06:05:00;2025.08.01 07:45:00;3293.02000000;3281.56000000;3315.94000000;3292.06000000;OTHER;-0.0838;0.3578;-0.2339;20;Asian
MSZZC1|6:XAUUSD|1:5|2:-1|1:2|67:BO|XAUUSD|5|1|S|1754034000|MSZZ|XAUUSD|5|1|-1|1754032200|1754033400;1012;XAUUSD;PERIOD_M5;SHORT;2025.08.01 07:40:00;2025.08.01 07:45:00;2025.08.01 08:45:00;3292.06000000;3297.12000000;3281.94000000;3295.57000000;OTHER;-0.6937;0.3913;-0.9289;12;Asian
MSZZC1|6:XAUUSD|1:5|1:1|1:2|66:BO|XAUUSD|5|1|L|1754037600|MSZZ|XAUUSD|5|1|1|1754033400|1754034300;1012;XAUUSD;PERIOD_M5;LONG;2025.08.01 08:40:00;2025.08.01 08:45:00;2025.08.01 10:04:58;3295.57000000;3290.08000000;3306.55000000;3290.08000000;SL;-1.0000;0.8798;-1.0455;15;London
MSZZC1|6:XAUUSD|1:5|2:-1|1:2|67:BO|XAUUSD|5|1|S|1754044200|MSZZ|XAUUSD|5|1|-1|1754034600|1754037600;1012;XAUUSD;PERIOD_M5;SHORT;2025.08.01 10:30:00;2025.08.01 10:35:00;2025.08.01 13:54:58;3288.14000000;3300.40000000;3263.62000000;3300.40000000;SL;-1.0000;0.2308;-1.2162;39;London
MSZZC1|6:XAUUSD|1:5|1:1|1:2|66:BO|XAUUSD|5|1|L|1754062200|MSZZ|XAUUSD|5|1|1|1754056200|1754056200;1012;XAUUSD;PERIOD_M5;LONG;2025.08.01 15:30:00;2025.08.01 15:35:00;2025.08.11 09:30:00;3328.19000000;3285.31000000;3413.95000000;3366.59000000;OTHER;0.8955;1.8818;-0.0063;2807;London
MSZZC1|6:XAUUSD|1:5|2:-1|1:2|67:BO|XAUUSD|5|1|S|1754904300|MSZZ|XAUUSD|5|1|-1|1754885100|1754885100;1012;XAUUSD;PERIOD_M5;SHORT;2025.08.11 09:25:00;2025.08.11 09:30:00;2025.08.18 23:55:00;3366.59000000;3404.29000000;3291.19000000;3333.06000000;OTHER;0.8894;1.1411;-0.2276;2189;London
MSZZC1|6:XAUUSD|1:5|1:1|1:2|66:BO|XAUUSD|5|1|L|1755561000|MSZZ|XAUUSD|5|1|1|1755557700|1755560100;1012;XAUUSD;PERIOD_M5;LONG;2025.08.18 23:50:00;2025.08.18 23:55:00;2025.08.19 02:35:00;3333.06000000;3330.25000000;3338.68000000;3331.53000000;OTHER;-0.5445;0.5694;-0.6228;32;NewYork
MSZZC1|6:XAUUSD|1:5|2:-1|1:2|67:BO|XAUUSD|5|1|S|1755570600|MSZZ|XAUUSD|5|1|-1|1755565200|1755565200;1012;XAUUSD;PERIOD_M5;SHORT;2025.08.19 02:30:00;2025.08.19 02:35:00;2025.08.19 03:14:58;3331.53000000;3334.66000000;3325.27000000;3334.66000000;SL;-1.0000;1.7540;-2.0032;7;Asian
MSZZC1|6:XAUUSD|1:5|1:1|1:2|66:BO|XAUUSD|5|1|L|1755573000|MSZZ|XAUUSD|5|1|1|1755569400|1755569700;1012;XAUUSD;PERIOD_M5;LONG;2025.08.19 03:10:00;2025.08.19 03:15:00;2025.08.19 05:05:00;3336.36000000;3326.04000000;3357.00000000;3330.57000000;OTHER;-0.5610;0.2762;-0.6609;22;Asian
MSZZC1|6:XAUUSD|1:5|2:-1|1:2|67:BO|XAUUSD|5|1|S|1755579600|MSZZ|XAUUSD|5|1|-1|1755576300|1755578700;1012;XAUUSD;PERIOD_M5;SHORT;2025.08.19 05:00:00;2025.08.19 05:05:00;2025.08.19 05:50:00;3330.57000000;3335.99000000;3319.73000000;3334.88000000;OTHER;-0.7952;0.1033;-1.0480;9;Asian
MSZZC1|6:XAUUSD|1:5|1:1|1:2|66:BO|XAUUSD|5|1|L|1755582300|MSZZ|XAUUSD|5|1|1|1755578700|1755579600;1012;XAUUSD;PERIOD_M5;LONG;2025.08.19 05:45:00;2025.08.19 05:50:00;2025.08.19 09:25:00;3334.88000000;3329.54000000;3345.56000000;3336.56000000;OTHER;0.3146;1.3071;-0.0768;43;Asian
MSZZC1|6:XAUUSD|1:5|2:-1|1:2|67:BO|XAUUSD|5|1|S|1755595200|MSZZ|XAUUSD|5|1|-1|1755589200|1755590400;1012;XAUUSD;PERIOD_M5;SHORT;2025.08.19 09:20:00;2025.08.19 09:25:00;2025.08.19 10:09:58;3336.56000000;3340.65000000;3328.38000000;3340.65000000;SL;-1.0000;0.5134;-1.1565;8;London
MSZZC1|6:XAUUSD|1:5|1:1|1:2|66:BO|XAUUSD|5|1|L|1755597900|MSZZ|XAUUSD|5|1|1|1755591900|1755593400;1012;XAUUSD;PERIOD_M5;LONG;2025.08.19 10:05:00;2025.08.19 10:10:00;2025.08.19 14:55:00;3341.12000000;3334.46000000;3354.44000000;3340.57000000;OTHER;-0.0826;0.6276;-0.6907;57;London
MSZZC1|6:XAUUSD|1:5|2:-1|1:2|67:BO|XAUUSD|5|1|S|1755615000|MSZZ|XAUUSD|5|1|-1|1755602100|1755607500;1012;XAUUSD;PERIOD_M5;SHORT;2025.08.19 14:50:00;2025.08.19 14:55:00;2025.08.19 16:09:58;3340.57000000;3345.30000000;3331.11000000;3331.11000000;TP;2.0000;2.1036;-0.0846;14;London
MSZZC1|6:XAUUSD|1:5|2:-1|1:2|67:BO|XAUUSD|5|1|S|1755625800|MSZZ|XAUUSD|5|1|-1|1755619800|1755620100;1012;XAUUSD;PERIOD_M5;SHORT;2025.08.19 17:50:00;2025.08.19 17:55:00;2025.08.20 07:20:00;3321.89000000;3339.30000000;3287.07000000;3319.34000000;OTHER;0.1465;0.5945;-0.2791;161;NewYork
MSZZC1|6:XAUUSD|1:5|1:1|1:2|66:BO|XAUUSD|5|1|L|1755674100|MSZZ|XAUUSD|5|1|1|1755665100|1755668100;1012;XAUUSD;PERIOD_M5;LONG;2025.08.20 07:15:00;2025.08.20 07:20:00;2025.08.20 11:15:00;3319.34000000;3312.44000000;3333.14000000;3322.95000000;OTHER;0.5232;1.1928;-0.1710;47;Asian
MSZZC1|6:XAUUSD|1:5|2:-1|1:2|67:BO|XAUUSD|5|1|S|1755688200|MSZZ|XAUUSD|5|1|-1|1755684000|1755684600;1012;XAUUSD;PERIOD_M5;SHORT;2025.08.20 11:10:00;2025.08.20 11:15:00;2025.08.20 13:34:57;3322.95000000;3327.57000000;3313.71000000;3327.57000000;SL;-1.0000;0.4351;-1.0649;27;London
MSZZC1|6:XAUUSD|1:5|1:1|1:2|66:BO|XAUUSD|5|1|L|1755698700|MSZZ|XAUUSD|5|1|1|1755693000|1755696000;1012;XAUUSD;PERIOD_M5;LONG;2025.08.20 14:05:00;2025.08.20 14:10:00;2025.08.20 15:24:57;3328.51000000;3323.84000000;3337.85000000;3337.85000000;TP;2.0000;2.1049;-0.2398;14;London
MSZZC1|6:XAUUSD|1:5|2:-1|1:2|67:BO|XAUUSD|5|1|S|1755714000|MSZZ|XAUUSD|5|1|-1|1755710100|1755711900;1012;XAUUSD;PERIOD_M5;SHORT;2025.08.20 18:20:00;2025.08.20 18:25:00;2025.08.20 22:15:00;3340.63000000;3350.24000000;3321.41000000;3347.99000000;OTHER;-0.7659;0.1759;-0.8273;46;NewYork
MSZZC1|6:XAUUSD|1:5|1:1|1:2|66:BO|XAUUSD|5|1|L|1755727800|MSZZ|XAUUSD|5|1|1|1755723000|1755723600;1012;XAUUSD;PERIOD_M5;LONG;2025.08.20 22:10:00;2025.08.20 22:15:00;2025.08.21 03:24:58;3347.99000000;3344.02000000;3355.93000000;3344.02000000;SL;-1.0000;1.0277;-1.2997;61;NewYork
MSZZC1|6:XAUUSD|1:5|1:1|1:2|66:BO|XAUUSD|5|1|L|1755755400|MSZZ|XAUUSD|5|1|1|1755751200|1755752400;1012;XAUUSD;PERIOD_M5;LONG;2025.08.21 05:50:00;2025.08.21 05:55:00;2025.08.21 06:54:58;3344.68000000;3340.41000000;3353.22000000;3340.41000000;SL;-1.0000;0.0398;-1.1546;11;Asian
MSZZC1|6:XAUUSD|1:5|2:-1|1:2|67:BO|XAUUSD|5|1|S|1755759000|MSZZ|XAUUSD|5|1|-1|1755753900|1755755400;1012;XAUUSD;PERIOD_M5;SHORT;2025.08.21 06:50:00;2025.08.21 06:55:00;2025.08.21 10:15:00;3339.97000000;3345.01000000;3329.89000000;3339.00000000;OTHER;0.1925;1.1290;-0.2103;40;Asian
MSZZC1|6:XAUUSD|1:5|1:1|1:2|66:BO|XAUUSD|5|1|L|1755771000|MSZZ|XAUUSD|5|1|1|1755765000|1755767700;1012;XAUUSD;PERIOD_M5;LONG;2025.08.21 10:10:00;2025.08.21 10:15:00;2025.08.21 13:10:00;3339.00000000;3334.28000000;3348.44000000;3339.79000000;OTHER;0.1674;0.6695;-0.4280;35;London
MSZZC1|6:XAUUSD|1:5|2:-1|1:2|67:BO|XAUUSD|5|1|S|1755781500|MSZZ|XAUUSD|5|1|-1|1755776700|1755777300;1012;XAUUSD;PERIOD_M5;SHORT;2025.08.21 13:05:00;2025.08.21 13:10:00;2025.08.21 13:39:57;3339.79000000;3341.48000000;3336.41000000;3336.41000000;TP;2.0000;3.7870;-0.5562;5;London
MSZZC1|6:XAUUSD|1:5|2:-1|1:2|67:BO|XAUUSD|5|1|S|1755784800|MSZZ|XAUUSD|5|1|-1|1755783600|1755783600;1012;XAUUSD;PERIOD_M5;SHORT;2025.08.21 14:00:00;2025.08.21 14:05:00;2025.08.21 15:14:58;3326.31000000;3342.16000000;3294.61000000;3342.16000000;SL;-1.0000;0.0019;-1.0385;13;London
MSZZC1|6:XAUUSD|1:5|1:1|1:2|66:BO|XAUUSD|5|1|L|1755790200|MSZZ|XAUUSD|5|1|1|1755789000|1755789900;1012;XAUUSD;PERIOD_M5;LONG;2025.08.21 15:30:00;2025.08.21 15:35:00;2025.08.21 16:49:57;3344.79000000;3336.39000000;3361.59000000;3336.39000000;SL;-1.0000;0.3333;-1.0369;14;London
MSZZC1|6:XAUUSD|1:5|2:-1|1:2|67:BO|XAUUSD|5|1|S|1755794700|MSZZ|XAUUSD|5|1|-1|1755789900|1755790200;1012;XAUUSD;PERIOD_M5;SHORT;2025.08.21 16:45:00;2025.08.21 16:50:00;2025.08.21 17:39:58;3340.45000000;3347.59000000;3326.17000000;3347.59000000;SL;-1.0000;0.4230;-1.0672;9;NewYork
MSZZC1|6:XAUUSD|1:5|2:-1|1:2|67:BO|XAUUSD|5|1|S|1755807900|MSZZ|XAUUSD|5|1|-1|1755800100|1755800700;1012;XAUUSD;PERIOD_M5;SHORT;2025.08.21 20:25:00;2025.08.21 20:30:00;2025.08.21 22:20:00;3338.52000000;3346.15000000;3323.26000000;3341.25000000;OTHER;-0.3578;0.2516;-0.4115;22;NewYork
MSZZC1|6:XAUUSD|1:5|1:1|1:2|66:BO|XAUUSD|5|1|L|1755814500|MSZZ|XAUUSD|5|1|1|1755801900|1755803700;1012;XAUUSD;PERIOD_M5;LONG;2025.08.21 22:15:00;2025.08.21 22:20:00;2025.08.21 23:05:00;3341.25000000;3336.60000000;3350.55000000;3338.36000000;OTHER;-0.6215;0.1398;-0.7097;9;NewYork
MSZZC1|6:XAUUSD|1:5|2:-1|1:2|67:BO|XAUUSD|5|1|S|1755817200|MSZZ|XAUUSD|5|1|-1|1755816600|1755816600;1012;XAUUSD;PERIOD_M5;SHORT;2025.08.21 23:00:00;2025.08.21 23:05:00;2025.08.22 01:05:00;3338.36000000;3341.90000000;3331.28000000;3340.21000000;OTHER;-0.5226;0.1328;-0.4718;24;NewYork
MSZZC1|6:XAUUSD|1:5|1:1|1:2|66:BO|XAUUSD|5|1|L|1755824400|MSZZ|XAUUSD|5|1|1|1755815400|1755816300;1012;XAUUSD;PERIOD_M5;LONG;2025.08.22 01:00:00;2025.08.22 01:05:00;2025.08.22 02:09:58;3340.21000000;3338.23000000;3344.17000000;3338.23000000;SL;-1.0000;0.1869;-1.0354;12;Asian
MSZZC1|6:XAUUSD|1:5|1:1|1:2|66:BO|XAUUSD|5|1|L|1755882600|MSZZ|XAUUSD|5|1|1|1755882000|1755882000;1012;XAUUSD;PERIOD_M5;LONG;2025.08.22 17:10:00;2025.08.22 17:15:00;2025.08.28 11:49:58;3359.06000000;3338.23000000;3400.72000000;3400.72000000;TP;2.0000;2.0101;-0.3745;1662;NewYork
MSZZC1|6:XAUUSD|1:5|2:-1|1:2|67:BO|XAUUSD|5|1|S|1758252600|MSZZ|XAUUSD|5|1|-1|1758249600|1758250800;1012;XAUUSD;PERIOD_M5;SHORT;2025.09.19 03:30:00;2025.09.19 03:35:00;2025.09.19 04:04:58;3636.98000000;3642.78000000;3625.38000000;3642.78000000;SL;-1.0000;0.1138;-1.2517;5;Asian
MSZZC1|6:XAUUSD|1:5|1:1|1:2|66:BO|XAUUSD|5|1|L|1758254400|MSZZ|XAUUSD|5|1|1|1758250800|1758251400;1012;XAUUSD;PERIOD_M5;LONG;2025.09.19 04:00:00;2025.09.19 04:05:00;2025.09.19 04:54:57;3644.20000000;3636.32000000;3659.96000000;3636.32000000;SL;-1.0000;0.8883;-1.5266;9;Asian
MSZZC1|6:XAUUSD|1:5|1:1|1:2|66:BO|XAUUSD|5|1|L|1758283200|MSZZ|XAUUSD|5|1|1|1758279000|1758280200;1012;XAUUSD;PERIOD_M5;LONG;2025.09.19 12:00:00;2025.09.19 12:05:00;2025.09.19 14:34:58;3657.56000000;3649.56000000;3673.56000000;3649.56000000;SL;-1.0000;0.2025;-1.0475;29;London
MSZZC1|6:XAUUSD|1:5|1:1|1:2|66:BO|XAUUSD|5|1|L|1758298200|MSZZ|XAUUSD|5|1|1|1758294900|1758297000;1012;XAUUSD;PERIOD_M5;LONG;2025.09.19 16:10:00;2025.09.19 16:15:00;2025.09.19 18:19:58;3653.63000000;3643.82000000;3673.25000000;3673.25000000;TP;2.0000;2.0265;-0.1560;24;NewYork
MSZZC1|6:XAUUSD|1:5|1:1|1:2|66:BO|XAUUSD|5|1|L|1758315600|MSZZ|XAUUSD|5|1|1|1758314700|1758314700;1012;XAUUSD;PERIOD_M5;LONG;2025.09.19 21:00:00;2025.09.19 21:05:00;2025.09.22 09:29:58;3679.45000000;3666.64000000;3705.07000000;3705.07000000;TP;2.0000;2.1187;-0.0921;724;NewYork
MSZZC1|6:XAUUSD|1:5|1:1|1:2|66:BO|XAUUSD|5|1|L|1758629100|MSZZ|XAUUSD|5|1|1|1758314700|1758314700;1012;XAUUSD;PERIOD_M5;LONG;2025.09.23 12:05:00;2025.09.23 12:10:00;2025.10.08 05:59:58;3781.31000000;3666.64000000;4010.65000000;4010.65000000;TP;2.0000;2.0085;-0.5566;4245;London
MSZZC1|6:XAUUSD|1:5|2:-1|1:2|67:BO|XAUUSD|5|1|S|1761076800|MSZZ|XAUUSD|5|1|-1|1761075300|1761076200;1012;XAUUSD;PERIOD_M5;SHORT;2025.10.21 20:00:00;2025.10.21 20:05:00;2025.10.21 20:45:00;4104.24000000;4150.79000000;4011.14000000;4116.30000000;OTHER;-0.2591;0.2269;-0.3435;8;NewYork
MSZZC1|6:XAUUSD|1:5|1:1|1:2|66:BO|XAUUSD|5|1|L|1761079200|MSZZ|XAUUSD|5|1|1|1761076200|1761078300;1012;XAUUSD;PERIOD_M5;LONG;2025.10.21 20:40:00;2025.10.21 20:45:00;2025.10.21 22:19:58;4116.30000000;4101.32000000;4146.26000000;4101.32000000;SL;-1.0000;0.6315;-1.0381;18;NewYork
MSZZC1|6:XAUUSD|1:5|1:1|1:2|66:BO|XAUUSD|5|1|L|1761089400|MSZZ|XAUUSD|5|1|1|1761082500|1761083100;1012;XAUUSD;PERIOD_M5;LONG;2025.10.21 23:30:00;2025.10.21 23:35:00;2025.10.22 02:55:00;4128.38000000;4100.53000000;4184.08000000;4106.15000000;OTHER;-0.7982;0.1519;-1.3706;40;NewYork
MSZZC1|6:XAUUSD|1:5|2:-1|1:2|67:BO|XAUUSD|5|1|S|1761101400|MSZZ|XAUUSD|5|1|-1|1761101100|1761101100;1012;XAUUSD;PERIOD_M5;SHORT;2025.10.22 02:50:00;2025.10.22 02:55:00;2025.10.22 03:04:58;4106.15000000;4132.61000000;4053.23000000;4053.23000000;TP;2.0000;2.1092;-0.0359;1;Asian
MSZZC1|6:XAUUSD|1:5|2:-1|1:2|67:BO|XAUUSD|5|1|S|1761106500|MSZZ|XAUUSD|5|1|-1|1761101100|1761101100;1012;XAUUSD;PERIOD_M5;SHORT;2025.10.22 04:15:00;2025.10.22 04:20:00;2025.10.22 06:39:58;4109.33000000;4132.61000000;4062.77000000;4132.61000000;SL;-1.0000;1.1177;-1.0812;27;Asian
MSZZC1|6:XAUUSD|1:5|1:1|1:2|66:BO|XAUUSD|5|1|L|1762736400|MSZZ|XAUUSD|5|1|1|1762556100|1762558500;1012;XAUUSD;PERIOD_M5;LONG;2025.11.10 01:00:00;2025.11.10 01:05:00;2025.11.10 03:14:58;4006.72000000;3997.82000000;4024.52000000;4024.52000000;TP;2.0000;2.5169;-0.3494;25;Asian
MSZZC1|6:XAUUSD|1:5|1:1|1:2|66:BO|XAUUSD|5|1|L|1762745100|MSZZ|XAUUSD|5|1|1|1762744800|1762744800;1012;XAUUSD;PERIOD_M5;LONG;2025.11.10 03:25:00;2025.11.10 03:30:00;2025.11.12 17:14:58;4048.16000000;3997.82000000;4148.84000000;4148.84000000;TP;2.0000;2.2644;-0.2106;740;Asian
MSZZC1|6:XAUUSD|1:5|2:-1|1:2|67:BO|XAUUSD|5|1|S|1763149500|MSZZ|XAUUSD|5|1|-1|1763148300|1763148900;1012;XAUUSD;PERIOD_M5;SHORT;2025.11.14 19:45:00;2025.11.14 19:50:00;2025.11.14 22:29:57;4099.38000000;4111.05000000;4076.04000000;4076.04000000;TP;2.0000;2.0531;-0.4499;31;NewYork
MSZZC1|6:XAUUSD|1:5|2:-1|1:2|67:BO|XAUUSD|5|1|S|1763565000|MSZZ|XAUUSD|5|1|-1|1763557500|1763558100;1012;XAUUSD;PERIOD_M5;SHORT;2025.11.19 15:10:00;2025.11.19 15:15:00;2025.11.19 16:59:58;4103.13000000;4120.10000000;4069.19000000;4120.10000000;SL;-1.0000;0.1355;-1.5091;20;London
MSZZC1|6:XAUUSD|1:5|1:1|1:2|66:BO|XAUUSD|5|1|L|1763571300|MSZZ|XAUUSD|5|1|1|1763568900|1763569800;1012;XAUUSD;PERIOD_M5;LONG;2025.11.19 16:55:00;2025.11.19 17:00:00;2025.11.19 17:54:58;4127.81000000;4101.82000000;4179.79000000;4101.82000000;SL;-1.0000;0.1831;-1.4548;10;NewYork
MSZZC1|6:XAUUSD|1:5|2:-1|1:2|67:BO|XAUUSD|5|1|S|1763576100|MSZZ|XAUUSD|5|1|-1|1763574600|1763574600;1012;XAUUSD;PERIOD_M5;SHORT;2025.11.19 18:15:00;2025.11.19 18:20:00;2025.11.21 08:00:00;4084.27000000;4132.57000000;3987.67000000;4058.76000000;OTHER;0.5282;0.9464;-0.5414;452;NewYork
MSZZC1|6:XAUUSD|1:5|1:1|1:2|66:BO|XAUUSD|5|1|L|1763711700|MSZZ|XAUUSD|5|1|1|1763705400|1763706900;1012;XAUUSD;PERIOD_M5;LONG;2025.11.21 07:55:00;2025.11.21 08:00:00;2025.11.21 08:29:58;4058.76000000;4039.97000000;4096.34000000;4039.97000000;SL;-1.0000;0.3188;-1.4891;5;London
MSZZC1|6:XAUUSD|1:5|2:-1|1:2|67:BO|XAUUSD|5|1|S|1763713500|MSZZ|XAUUSD|5|1|-1|1763711400|1763711700;1012;XAUUSD;PERIOD_M5;SHORT;2025.11.21 08:25:00;2025.11.21 08:30:00;2025.11.21 11:19:58;4031.94000000;4062.42000000;3970.98000000;4062.42000000;SL;-1.0000;0.3176;-1.0390;33;London
MSZZC1|6:XAUUSD|1:5|1:1|1:2|66:BO|XAUUSD|5|1|L|1763751000|MSZZ|XAUUSD|5|1|1|1763740800|1763742000;1012;XAUUSD;PERIOD_M5;LONG;2025.11.21 18:50:00;2025.11.21 18:55:00;2025.11.21 22:35:00;4093.90000000;4055.03000000;4171.64000000;4063.29000000;OTHER;-0.7875;0.1906;-0.9630;44;NewYork
MSZZC1|6:XAUUSD|1:5|2:-1|1:2|67:BO|XAUUSD|5|1|S|1763764200|MSZZ|XAUUSD|5|1|-1|1763763600|1763763600;1012;XAUUSD;PERIOD_M5;SHORT;2025.11.21 22:30:00;2025.11.21 22:35:00;2025.11.24 17:10:00;4063.29000000;4092.29000000;4005.29000000;4089.51000000;OTHER;-0.9041;0.8131;-1.0390;799;NewYork
MSZZC1|6:XAUUSD|1:5|1:1|1:2|66:BO|XAUUSD|5|1|L|1764003900|MSZZ|XAUUSD|5|1|1|1763998200|1763999400;1012;XAUUSD;PERIOD_M5;LONG;2025.11.24 17:05:00;2025.11.24 17:10:00;2025.11.24 22:39:58;4089.51000000;4068.43000000;4131.67000000;4131.67000000;TP;2.0000;2.0821;-0.1172;65;NewYork
MSZZC1|6:XAUUSD|1:5|2:-1|1:2|67:BO|XAUUSD|5|1|S|1764719400|MSZZ|XAUUSD|5|1|-1|1764707700|1764708900;1012;XAUUSD;PERIOD_M5;SHORT;2025.12.02 23:50:00;2025.12.02 23:55:00;2025.12.03 01:14:57;4206.86000000;4212.44000000;4195.70000000;4212.44000000;SL;-1.0000;0.7563;-1.1272;15;NewYork
MSZZC1|6:XAUUSD|1:5|1:1|1:2|66:BO|XAUUSD|5|1|L|1764731100|MSZZ|XAUUSD|5|1|1|1764726600|1764728400;1012;XAUUSD;PERIOD_M5;LONG;2025.12.03 03:05:00;2025.12.03 03:10:00;2025.12.03 07:10:00;4218.71000000;4204.47000000;4247.19000000;4220.74000000;OTHER;0.1426;0.7156;-0.3722;48;Asian
MSZZC1|6:XAUUSD|1:5|2:-1|1:2|67:BO|XAUUSD|5|1|S|1764745500|MSZZ|XAUUSD|5|1|-1|1764741900|1764742800;1012;XAUUSD;PERIOD_M5;SHORT;2025.12.03 07:05:00;2025.12.03 07:10:00;2025.12.03 07:49:58;4220.74000000;4228.90000000;4204.42000000;4204.42000000;TP;2.0000;2.1422;-0.1838;7;Asian
MSZZC1|6:XAUUSD|1:5|2:-1|1:2|67:BO|XAUUSD|5|1|S|1764769500|MSZZ|XAUUSD|5|1|-1|1764747000|1764747000;1012;XAUUSD;PERIOD_M5;SHORT;2025.12.03 13:45:00;2025.12.03 13:50:00;2025.12.03 15:40:00;4203.59000000;4225.40000000;4159.97000000;4221.34000000;OTHER;-0.8138;0.0009;-1.0133;22;London
MSZZC1|6:XAUUSD|1:5|1:1|1:2|66:BO|XAUUSD|5|1|L|1764776100|MSZZ|XAUUSD|5|1|1|1764774900|1764774900;1012;XAUUSD;PERIOD_M5;LONG;2025.12.03 15:35:00;2025.12.03 15:40:00;2025.12.03 15:54:58;4221.34000000;4214.82000000;4234.38000000;4234.38000000;TP;2.0000;2.2699;-0.1656;2;London
MSZZC1|6:XAUUSD|1:5|1:1|1:2|66:BO|XAUUSD|5|1|L|1764782100|MSZZ|XAUUSD|5|1|1|1764774900|1764774900;1012;XAUUSD;PERIOD_M5;LONG;2025.12.03 17:15:00;2025.12.03 17:20:00;2025.12.03 17:59:58;4222.40000000;4214.82000000;4237.56000000;4214.82000000;SL;-1.0000;0.9301;-1.0897;7;NewYork
MSZZC1|6:XAUUSD|1:5|1:1|1:2|66:BO|XAUUSD|5|1|L|1764784800|MSZZ|XAUUSD|5|1|1|1764774900|1764774900;1012;XAUUSD;PERIOD_M5;LONG;2025.12.03 18:00:00;2025.12.03 18:05:00;2025.12.03 18:59:57;4221.05000000;4205.19000000;4252.77000000;4205.19000000;SL;-1.0000;0.2472;-1.5984;10;NewYork
MSZZC1|6:XAUUSD|1:5|2:-1|1:2|67:BO|XAUUSD|5|1|S|1764788100|MSZZ|XAUUSD|5|1|-1|1764780900|1764783000;1012;XAUUSD;PERIOD_M5;SHORT;2025.12.03 18:55:00;2025.12.03 19:00:00;2025.12.04 16:10:00;4200.89000000;4229.45000000;4143.77000000;4205.99000000;OTHER;-0.1786;0.9083;-0.5564;254;NewYork
MSZZC1|6:XAUUSD|1:5|1:1|1:2|66:BO|XAUUSD|5|1|L|1764864300|MSZZ|XAUUSD|5|1|1|1764853500|1764853500;1012;XAUUSD;PERIOD_M5;LONG;2025.12.04 16:05:00;2025.12.04 16:10:00;2025.12.05 17:24:58;4205.99000000;4185.39000000;4247.19000000;4247.19000000;TP;2.0000;2.0417;-0.7189;302;NewYork
MSZZC1|6:XAUUSD|1:5|1:1|1:2|66:BO|XAUUSD|5|1|L|1764955200|MSZZ|XAUUSD|5|1|1|1764946800|1764946800;1012;XAUUSD;PERIOD_M5;LONG;2025.12.05 17:20:00;2025.12.05 17:25:00;2025.12.05 18:10:00;4245.26000000;4222.82000000;4290.14000000;4226.07000000;OTHER;-0.8552;0.6239;-1.8824;9;NewYork
MSZZC1|6:XAUUSD|1:5|2:-1|1:2|67:BO|XAUUSD|5|1|S|1764957900|MSZZ|XAUUSD|5|1|-1|1764945000|1764946500;1012;XAUUSD;PERIOD_M5;SHORT;2025.12.05 18:05:00;2025.12.05 18:10:00;2025.12.05 18:14:58;4226.07000000;4233.56000000;4211.09000000;4211.09000000;TP;2.0000;3.0774;-0.1162;0;NewYork
MSZZC1|6:XAUUSD|1:5|1:1|1:2|66:BO|XAUUSD|5|1|L|1765419000|MSZZ|XAUUSD|5|1|1|1765404900|1765408800;1012;XAUUSD;PERIOD_M5;LONG;2025.12.11 02:10:00;2025.12.11 02:15:00;2025.12.11 04:10:00;4243.02000000;4223.47000000;4282.12000000;4235.45000000;OTHER;-0.3872;0.2404;-0.6148;23;Asian
MSZZC1|6:XAUUSD|1:5|2:-1|1:2|67:BO|XAUUSD|5|1|S|1765425900|MSZZ|XAUUSD|5|1|-1|1765421700|1765422000;1012;XAUUSD;PERIOD_M5;SHORT;2025.12.11 04:05:00;2025.12.11 04:10:00;2025.12.11 05:09:58;4235.45000000;4245.05000000;4216.25000000;4216.25000000;TP;2.0000;2.3208;-0.0104;11;Asian
MSZZC1|6:XAUUSD|1:5|1:1|1:2|66:BO|XAUUSD|5|1|L|1765478700|MSZZ|XAUUSD|5|1|1|1765419600|1765421700;1012;XAUUSD;PERIOD_M5;LONG;2025.12.11 18:45:00;2025.12.11 18:50:00;2025.12.12 03:00:00;4274.27000000;4234.93000000;4352.95000000;4269.64000000;OTHER;-0.1177;0.2974;-0.2855;98;NewYork
MSZZC1|6:XAUUSD|1:5|2:-1|1:2|67:BO|XAUUSD|5|1|S|1765508100|MSZZ|XAUUSD|5|1|-1|1765490700|1765492200;1012;XAUUSD;PERIOD_M5;SHORT;2025.12.12 02:55:00;2025.12.12 03:00:00;2025.12.12 07:25:00;4269.64000000;4283.77000000;4241.38000000;4273.39000000;OTHER;-0.2654;0.3418;-0.5124;53;Asian
MSZZC1|6:XAUUSD|1:5|1:1|1:2|66:BO|XAUUSD|5|1|L|1765524000|MSZZ|XAUUSD|5|1|1|1765514100|1765516500;1012;XAUUSD;PERIOD_M5;LONG;2025.12.12 07:20:00;2025.12.12 07:25:00;2025.12.12 09:09:58;4273.39000000;4266.19000000;4287.79000000;4287.79000000;TP;2.0000;2.0819;-0.1597;20;Asian
MSZZC1|6:XAUUSD|1:5|1:1|1:2|66:BO|XAUUSD|5|1|L|1765543200|MSZZ|XAUUSD|5|1|1|1765538700|1765539000;1012;XAUUSD;PERIOD_M5;LONG;2025.12.12 12:40:00;2025.12.12 12:45:00;2025.12.12 18:39:58;4327.97000000;4266.19000000;4451.53000000;4266.19000000;SL;-1.0000;0.4153;-1.0424;70;London
MSZZC1|6:XAUUSD|1:5|1:1|1:2|66:BO|XAUUSD|5|1|L|1765577100|MSZZ|XAUUSD|5|1|1|1765570500|1765572300;1012;XAUUSD;PERIOD_M5;LONG;2025.12.12 22:05:00;2025.12.12 22:10:00;2025.12.12 22:15:00;4302.77000000;4289.88000000;4328.55000000;4299.90000000;OTHER;-0.2227;0.0023;-0.4383;1;NewYork
MSZZC1|6:XAUUSD|1:5|2:-1|1:2|67:BO|XAUUSD|5|1|S|1765577400|MSZZ|XAUUSD|5|1|-1|1765573800|1765576800;1012;XAUUSD;PERIOD_M5;SHORT;2025.12.12 22:10:00;2025.12.12 22:15:00;2025.12.12 22:29:58;4299.90000000;4303.56000000;4292.58000000;4292.58000000;TP;2.0000;2.3825;-0.2459;2;NewYork
MSZZC1|6:XAUUSD|1:5|1:1|1:2|66:BO|XAUUSD|5|1|L|1765581600|MSZZ|XAUUSD|5|1|1|1765577400|1765578300;1012;XAUUSD;PERIOD_M5;LONG;2025.12.12 23:20:00;2025.12.12 23:25:00;2025.12.15 07:34:58;4303.19000000;4288.55000000;4332.47000000;4332.47000000;TP;2.0000;2.3525;-0.8265;673;NewYork
MSZZC1|6:XAUUSD|1:5|1:1|1:2|66:BO|XAUUSD|5|1|L|1765784400|MSZZ|XAUUSD|5|1|1|1765783800|1765783800;1012;XAUUSD;PERIOD_M5;LONG;2025.12.15 07:40:00;2025.12.15 07:45:00;2025.12.15 16:29:57;4339.13000000;4323.18000000;4371.03000000;4323.18000000;SL;-1.0000;0.7009;-1.1191;104;Asian
MSZZC1|6:XAUUSD|1:5|2:-1|1:2|67:BO|XAUUSD|5|1|S|1765817400|MSZZ|XAUUSD|5|1|-1|1765816200|1765816500;1012;XAUUSD;PERIOD_M5;SHORT;2025.12.15 16:50:00;2025.12.15 16:55:00;2025.12.16 07:29:58;4318.41000000;4337.63000000;4279.97000000;4279.97000000;TP;2.0000;2.0255;-0.4922;174;NewYork
MSZZC1|6:XAUUSD|1:5|2:-1|1:2|67:BO|XAUUSD|5|1|S|1765908900|MSZZ|XAUUSD|5|1|-1|1765816200|1765816500;1012;XAUUSD;PERIOD_M5;SHORT;2025.12.16 18:15:00;2025.12.16 18:20:00;2025.12.17 07:24:58;4306.25000000;4337.63000000;4243.49000000;4337.63000000;SL;-1.0000;0.4895;-1.0153;156;NewYork
MSZZC1|6:XAUUSD|1:5|1:1|1:2|66:BO|XAUUSD|5|1|L|1765973100|MSZZ|XAUUSD|5|1|1|1765969500|1765972800;1012;XAUUSD;PERIOD_M5;LONG;2025.12.17 12:05:00;2025.12.17 12:10:00;2025.12.17 12:39:58;4318.19000000;4308.12000000;4338.33000000;4308.12000000;SL;-1.0000;0.4022;-1.2095;5;London
MSZZC1|6:XAUUSD|1:5|1:1|1:2|66:BO|XAUUSD|5|1|L|1765980900|MSZZ|XAUUSD|5|1|1|1765977300|1765980600;1012;XAUUSD;PERIOD_M5;LONG;2025.12.17 14:15:00;2025.12.17 14:20:00;2025.12.17 14:45:00;4320.70000000;4314.96000000;4332.18000000;4317.46000000;OTHER;-0.5645;0.4704;-0.7247;5;London
MSZZC1|6:XAUUSD|1:5|2:-1|1:2|67:BO|XAUUSD|5|1|S|1765982400|MSZZ|XAUUSD|5|1|-1|1765980600|1765980900;1012;XAUUSD;PERIOD_M5;SHORT;2025.12.17 14:40:00;2025.12.17 14:45:00;2025.12.17 15:04:58;4317.46000000;4320.64000000;4311.10000000;4320.64000000;SL;-1.0000;0.7075;-1.3711;3;London
MSZZC1|6:XAUUSD|1:5|1:1|1:2|66:BO|XAUUSD|5|1|L|1765983600|MSZZ|XAUUSD|5|1|1|1765977300|1765980600;1012;XAUUSD;PERIOD_M5;LONG;2025.12.17 15:00:00;2025.12.17 15:05:00;2025.12.17 15:34:58;4321.71000000;4314.96000000;4335.21000000;4335.21000000;TP;2.0000;2.1304;-0.1704;5;London
MSZZC1|6:XAUUSD|1:5|2:-1|1:2|67:BO|XAUUSD|5|1|S|1765988100|MSZZ|XAUUSD|5|1|-1|1765980600|1765980900;1012;XAUUSD;PERIOD_M5;SHORT;2025.12.17 16:15:00;2025.12.17 16:20:00;2025.12.17 17:34:58;4325.98000000;4346.14000000;4285.66000000;4346.14000000;SL;-1.0000;0.1310;-1.1508;14;NewYork
MSZZC1|6:XAUUSD|1:5|2:-1|1:2|67:BO|XAUUSD|5|1|S|1765993200|MSZZ|XAUUSD|5|1|-1|1765980600|1765980900;1012;XAUUSD;PERIOD_M5;SHORT;2025.12.17 17:40:00;2025.12.17 17:45:00;2025.12.17 20:04:57;4331.87000000;4346.14000000;4303.33000000;4346.14000000;SL;-1.0000;0.7947;-1.0056;27;NewYork
MSZZC1|6:XAUUSD|1:5|1:1|1:2|66:BO|XAUUSD|5|1|L|1766009400|MSZZ|XAUUSD|5|1|1|1766007000|1766008200;1012;XAUUSD;PERIOD_M5;LONG;2025.12.17 22:10:00;2025.12.17 22:15:00;2025.12.18 02:45:00;4339.43000000;4330.34000000;4357.61000000;4336.81000000;OTHER;-0.2882;0.7624;-0.6436;54;NewYork
MSZZC1|6:XAUUSD|1:5|2:-1|1:2|67:BO|XAUUSD|5|1|S|1766025600|MSZZ|XAUUSD|5|1|-1|1766021100|1766022300;1012;XAUUSD;PERIOD_M5;SHORT;2025.12.18 02:40:00;2025.12.18 02:45:00;2025.12.18 10:59:57;4336.81000000;4343.13000000;4324.17000000;4324.17000000;TP;2.0000;2.3465;-0.1535;98;Asian
MSZZC1|6:XAUUSD|1:5|2:-1|1:2|67:BO|XAUUSD|5|1|S|1766070600|MSZZ|XAUUSD|5|1|-1|1766067900|1766067900;1012;XAUUSD;PERIOD_M5;SHORT;2025.12.18 15:10:00;2025.12.18 15:15:00;2025.12.18 15:34:57;4316.13000000;4324.25000000;4299.89000000;4324.25000000;SL;-1.0000;0.0234;-2.4397;3;London
MSZZC1|6:XAUUSD|1:5|1:1|1:2|66:BO|XAUUSD|5|1|L|1766071800|MSZZ|XAUUSD|5|1|1|1766070000|1766070300;1012;XAUUSD;PERIOD_M5;LONG;2025.12.18 15:30:00;2025.12.18 15:35:00;2025.12.18 16:44:58;4329.62000000;4317.22000000;4354.42000000;4317.22000000;SL;-1.0000;1.0750;-1.4629;13;London
MSZZC1|6:XAUUSD|1:5|1:1|1:2|66:BO|XAUUSD|5|1|L|1766076600|MSZZ|XAUUSD|5|1|1|1766070000|1766070300;1012;XAUUSD;PERIOD_M5;LONG;2025.12.18 16:50:00;2025.12.18 16:55:00;2025.12.18 18:14:58;4323.65000000;4311.48000000;4347.99000000;4347.99000000;TP;2.0000;3.6278;-0.1619;15;NewYork
MSZZC1|6:XAUUSD|1:5|1:1|1:2|66:BO|XAUUSD|5|1|L|1766081700|MSZZ|XAUUSD|5|1|1|1766081400|1766081400;1012;XAUUSD;PERIOD_M5;LONG;2025.12.18 18:15:00;2025.12.18 18:20:00;2025.12.18 19:15:00;4372.42000000;4311.48000000;4494.30000000;4328.64000000;OTHER;-0.7184;0.0338;-0.8316;11;NewYork
MSZZC1|6:XAUUSD|1:5|2:-1|1:2|67:BO|XAUUSD|5|1|S|1766085000|MSZZ|XAUUSD|5|1|-1|1766084700|1766084700;1012;XAUUSD;PERIOD_M5;SHORT;2025.12.18 19:10:00;2025.12.18 19:15:00;2025.12.22 03:04:57;4328.64000000;4367.80000000;4250.32000000;4367.80000000;SL;-1.0000;0.4936;-1.1310;957;NewYork
MSZZC1|6:XAUUSD|1:5|1:1|1:2|66:BO|XAUUSD|5|1|L|1766374500|MSZZ|XAUUSD|5|1|1|1766372400|1766373300;1012;XAUUSD;PERIOD_M5;LONG;2025.12.22 03:35:00;2025.12.22 03:40:00;2025.12.22 08:49:58;4377.80000000;4361.35000000;4410.70000000;4410.70000000;TP;2.0000;2.2030;-0.0067;61;Asian
MSZZC1|6:XAUUSD|1:5|2:-1|1:2|67:BO|XAUUSD|5|1|S|1767047700|MSZZ|XAUUSD|5|1|-1|1767037200|1767038400;1012;XAUUSD;PERIOD_M5;SHORT;2025.12.29 22:35:00;2025.12.29 22:40:00;2025.12.30 01:05:00;4330.38000000;4344.64000000;4301.86000000;4340.54000000;OTHER;-0.7125;0.2132;-1.1711;29;NewYork
MSZZC1|6:XAUUSD|1:5|1:1|1:2|66:BO|XAUUSD|5|1|L|1767056400|MSZZ|XAUUSD|5|1|1|1767049800|1767051600;1012;XAUUSD;PERIOD_M5;LONG;2025.12.30 01:00:00;2025.12.30 01:05:00;2025.12.30 01:19:58;4340.54000000;4327.34000000;4366.94000000;4327.34000000;SL;-1.0000;0.4955;-1.3159;2;Asian
MSZZC1|6:XAUUSD|1:5|2:-1|1:2|67:BO|XAUUSD|5|1|S|1767063600|MSZZ|XAUUSD|5|1|-1|1767051600|1767056400;1012;XAUUSD;PERIOD_M5;SHORT;2025.12.30 03:00:00;2025.12.30 03:05:00;2025.12.30 03:44:58;4327.91000000;4347.08000000;4289.57000000;4347.08000000;SL;-1.0000;0.1836;-1.1116;7;Asian
MSZZC1|6:XAUUSD|1:5|1:1|1:2|66:BO|XAUUSD|5|1|L|1767066900|MSZZ|XAUUSD|5|1|1|1767056700|1767057300;1012;XAUUSD;PERIOD_M5;LONG;2025.12.30 03:55:00;2025.12.30 04:00:00;2025.12.31 07:44:57;4360.33000000;4327.34000000;4426.31000000;4327.34000000;SL;-1.0000;1.3286;-1.2901;332;Asian
MSZZC1|6:XAUUSD|1:5|2:-1|1:2|67:BO|XAUUSD|5|1|S|1767639600|MSZZ|XAUUSD|5|1|-1|1767634500|1767638700;1012;XAUUSD;PERIOD_M5;SHORT;2026.01.05 19:00:00;2026.01.05 19:05:00;2026.01.05 23:05:00;4433.61000000;4454.44000000;4391.95000000;4446.70000000;OTHER;-0.6284;0.0547;-0.7628;48;NewYork
MSZZC1|6:XAUUSD|1:5|1:1|1:2|66:BO|XAUUSD|5|1|L|1767654000|MSZZ|XAUUSD|5|1|1|1767646800|1767647100;1012;XAUUSD;PERIOD_M5;LONG;2026.01.05 23:00:00;2026.01.05 23:05:00;2026.01.06 02:44:57;4446.70000000;4432.47000000;4475.16000000;4432.47000000;SL;-1.0000;0.9649;-1.1462;43;NewYork
MSZZC1|6:XAUUSD|1:5|1:1|1:2|66:BO|XAUUSD|5|1|L|1767667500|MSZZ|XAUUSD|5|1|1|1767646800|1767647100;1012;XAUUSD;PERIOD_M5;LONG;2026.01.06 02:45:00;2026.01.06 02:50:00;2026.01.06 03:04:58;4436.71000000;4432.47000000;4445.19000000;4432.47000000;SL;-1.0000;0.8113;-2.1910;2;Asian
MSZZC1|6:XAUUSD|1:5|1:1|1:2|66:BO|XAUUSD|5|1|L|1767668700|MSZZ|XAUUSD|5|1|1|1767646800|1767647100;1012;XAUUSD;PERIOD_M5;LONG;2026.01.06 03:05:00;2026.01.06 03:10:00;2026.01.06 04:04:58;4436.46000000;4427.42000000;4454.54000000;4454.54000000;TP;2.0000;2.0708;-0.4292;10;Asian
MSZZC1|6:XAUUSD|1:5|1:1|1:2|66:BO|XAUUSD|5|1|L|1767676200|MSZZ|XAUUSD|5|1|1|1767673800|1767674400;1012;XAUUSD;PERIOD_M5;LONG;2026.01.06 05:10:00;2026.01.06 05:15:00;2026.01.06 12:05:00;4462.86000000;4427.42000000;4533.74000000;4445.52000000;OTHER;-0.4893;0.3742;-0.5688;82;Asian
MSZZC1|6:XAUUSD|1:5|2:-1|1:2|67:BO|XAUUSD|5|1|S|1767700800|MSZZ|XAUUSD|5|1|-1|1767699900|1767699900;1012;XAUUSD;PERIOD_M5;SHORT;2026.01.06 12:00:00;2026.01.06 12:05:00;2026.01.06 13:39:57;4445.52000000;4461.17000000;4414.22000000;4461.17000000;SL;-1.0000;0.0147;-1.0875;18;London
MSZZC1|6:XAUUSD|1:5|1:1|1:2|66:BO|XAUUSD|5|1|L|1767717900|MSZZ|XAUUSD|5|1|1|1767717000|1767717000;1012;XAUUSD;PERIOD_M5;LONG;2026.01.06 16:45:00;2026.01.06 16:50:00;2026.01.06 21:30:00;4482.29000000;4453.87000000;4539.13000000;4480.96000000;OTHER;-0.0468;0.4148;-0.6816;56;NewYork
MSZZC1|6:XAUUSD|1:5|2:-1|1:2|67:BO|XAUUSD|5|1|S|1767734700|MSZZ|XAUUSD|5|1|-1|1767720900|1767722400;1012;XAUUSD;PERIOD_M5;SHORT;2026.01.06 21:25:00;2026.01.06 21:30:00;2026.01.06 22:59:58;4480.96000000;4494.08000000;4454.72000000;4494.08000000;SL;-1.0000;0.2409;-1.2043;17;NewYork
MSZZC1|6:XAUUSD|1:5|1:1|1:2|66:BO|XAUUSD|5|1|L|1768585500|MSZZ|XAUUSD|5|1|1|1768179600|1768179600;1012;XAUUSD;PERIOD_M5;LONG;2026.01.16 17:45:00;2026.01.16 17:50:00;2026.01.20 10:59:58;4571.10000000;4492.29000000;4728.72000000;4728.72000000;TP;2.0000;2.0334;-0.1332;1069;NewYork
MSZZC1|6:XAUUSD|1:5|1:1|1:2|66:BO|XAUUSD|5|1|L|1769805900|MSZZ|XAUUSD|5|1|1|1769176800|1769176800;1012;XAUUSD;PERIOD_M5;LONG;2026.01.30 20:45:00;2026.01.30 20:50:00;2026.02.02 01:20:00;4829.43000000;4682.46000000;5123.37000000;4717.05000000;OTHER;-0.7646;0.8042;-0.9054;630;NewYork
MSZZC1|6:XAUUSD|1:5|2:-1|1:2|67:BO|XAUUSD|5|1|S|1769994900|MSZZ|XAUUSD|5|1|-1|1769994600|1769994600;1012;XAUUSD;PERIOD_M5;SHORT;2026.02.02 01:15:00;2026.02.02 01:20:00;2026.02.03 09:29:58;4717.05000000;4895.91000000;4359.33000000;4895.91000000;SL;-1.0000;1.7613;-1.0311;385;Asian
MSZZC1|6:XAUUSD|1:5|2:-1|1:2|67:BO|XAUUSD|5|1|S|1770174900|MSZZ|XAUUSD|5|1|-1|1769769000|1769769000;1012;XAUUSD;PERIOD_M5;SHORT;2026.02.04 03:15:00;2026.02.04 03:20:00;2026.02.04 17:24:58;5047.55000000;5095.37000000;4951.91000000;4951.91000000;TP;2.0000;2.0278;-0.9343;168;Asian
MSZZC1|6:XAUUSD|1:5|1:1|1:2|66:BO|XAUUSD|5|1|L|1770600600|MSZZ|XAUUSD|5|1|1|1770600300|1770600300;1012;XAUUSD;PERIOD_M5;LONG;2026.02.09 01:30:00;2026.02.09 01:35:00;2026.02.09 08:25:00;5035.27000000;4967.30000000;5171.21000000;5021.93000000;OTHER;-0.1963;0.1761;-0.9741;82;Asian
MSZZC1|6:XAUUSD|1:5|2:-1|1:2|67:BO|XAUUSD|5|1|S|1770625200|MSZZ|XAUUSD|5|1|-1|1770620100|1770621600;1012;XAUUSD;PERIOD_M5;SHORT;2026.02.09 08:20:00;2026.02.09 08:25:00;2026.02.09 12:34:57;5021.93000000;5041.42000000;4982.95000000;4982.95000000;TP;2.0000;2.0657;-0.9790;49;London
MSZZC1|6:XAUUSD|1:5|2:-1|1:2|67:BO|XAUUSD|5|1|S|1770642300|MSZZ|XAUUSD|5|1|-1|1770638400|1770639300;1012;XAUUSD;PERIOD_M5;SHORT;2026.02.09 13:05:00;2026.02.09 13:10:00;2026.02.09 13:20:00;4995.64000000;5015.44000000;4956.04000000;4997.67000000;OTHER;-0.1025;0.2742;-0.4020;2;London
MSZZC1|6:XAUUSD|1:5|1:1|1:2|66:BO|XAUUSD|5|1|L|1770642900|MSZZ|XAUUSD|5|1|1|1770639300|1770639900;1012;XAUUSD;PERIOD_M5;LONG;2026.02.09 13:15:00;2026.02.09 13:20:00;2026.02.09 13:24:57;4997.67000000;4996.49000000;5000.03000000;4996.49000000;SL;-1.0000;5.0254;-2.2458;0;London
MSZZC1|6:XAUUSD|1:5|1:1|1:2|66:BO|XAUUSD|5|1|L|1770654600|MSZZ|XAUUSD|5|1|1|1770649800|1770650700;1012;XAUUSD;PERIOD_M5;LONG;2026.02.09 16:30:00;2026.02.09 16:35:00;2026.02.09 23:10:00;5035.58000000;4995.13000000;5116.48000000;5069.32000000;OTHER;0.8341;1.2559;-0.2932;79;NewYork
MSZZC1|6:XAUUSD|1:5|2:-1|1:2|67:BO|XAUUSD|5|1|S|1770678300|MSZZ|XAUUSD|5|1|-1|1770666900|1770667800;1012;XAUUSD;PERIOD_M5;SHORT;2026.02.09 23:05:00;2026.02.09 23:10:00;2026.02.10 01:09:59;5069.32000000;5086.38000000;5035.20000000;5035.20000000;TP;2.0000;2.1805;-0.4238;23;NewYork
MSZZC1|6:XAUUSD|1:5|2:-1|1:2|67:BO|XAUUSD|5|1|S|1770685500|MSZZ|XAUUSD|5|1|-1|1770679500|1770679500;1012;XAUUSD;PERIOD_M5;SHORT;2026.02.10 01:05:00;2026.02.10 01:10:00;2026.02.10 16:34:58;5011.60000000;5076.55000000;4881.70000000;5076.55000000;SL;-1.0000;0.3720;-1.0299;184;Asian
MSZZC1|6:XAUUSD|1:5|1:1|1:2|66:BO|XAUUSD|5|1|L|1771016700|MSZZ|XAUUSD|5|1|1|1770598800|1770598800;1012;XAUUSD;PERIOD_M5;LONG;2026.02.13 21:05:00;2026.02.13 21:10:00;2026.02.16 04:50:00;5045.98000000;4948.46000000;5241.02000000;4999.02000000;OTHER;-0.4815;0.0610;-0.5515;668;NewYork
MSZZC1|6:XAUUSD|1:5|2:-1|1:2|67:BO|XAUUSD|5|1|S|1771217100|MSZZ|XAUUSD|5|1|-1|1771216500|1771216500;1012;XAUUSD;PERIOD_M5;SHORT;2026.02.16 04:45:00;2026.02.16 04:50:00;2026.02.16 08:45:00;4999.02000000;5031.29000000;4934.48000000;5002.55000000;OTHER;-0.1094;1.0567;-0.1277;47;Asian
MSZZC1|6:XAUUSD|1:5|1:1|1:2|66:BO|XAUUSD|5|1|L|1771231200|MSZZ|XAUUSD|5|1|1|1771214400|1771215000;1012;XAUUSD;PERIOD_M5;LONG;2026.02.16 08:40:00;2026.02.16 08:45:00;2026.02.16 08:49:59;5002.55000000;5002.18000000;5003.29000000;5002.18000000;SL;-1.0000;0.5135;-12.4595;0;London
MSZZC1|6:XAUUSD|1:5|2:-1|1:2|67:BO|XAUUSD|5|1|S|1771236300|MSZZ|XAUUSD|5|1|-1|1771216500|1771216500;1012;XAUUSD;PERIOD_M5;SHORT;2026.02.16 10:05:00;2026.02.16 10:10:00;2026.02.17 02:54:58;5006.33000000;5031.29000000;4956.41000000;4956.41000000;TP;2.0000;2.3185;-0.4387;200;London
MSZZC1|6:XAUUSD|1:5|2:-1|1:2|67:BO|XAUUSD|5|1|S|1771502100|MSZZ|XAUUSD|5|1|-1|1771500300|1771500300;1012;XAUUSD;PERIOD_M5;SHORT;2026.02.19 11:55:00;2026.02.19 12:00:00;2026.02.19 17:34:58;4995.43000000;5022.13000000;4942.03000000;5022.13000000;SL;-1.0000;1.2146;-1.0086;66;London
MSZZC1|6:XAUUSD|1:5|2:-1|1:2|67:BO|XAUUSD|5|1|S|1771530600|MSZZ|XAUUSD|5|1|-1|1771525500|1771526400;1012;XAUUSD;PERIOD_M5;SHORT;2026.02.19 19:50:00;2026.02.19 19:55:00;2026.02.19 22:00:00;4986.74000000;5008.85000000;4942.52000000;4988.05000000;OTHER;-0.0592;0.5102;-0.2411;25;NewYork
MSZZC1|6:XAUUSD|1:5|1:1|1:2|66:BO|XAUUSD|5|1|L|1771538100|MSZZ|XAUUSD|5|1|1|1771536000|1771536900;1012;XAUUSD;PERIOD_M5;LONG;2026.02.19 21:55:00;2026.02.19 22:00:00;2026.02.20 01:09:58;4988.05000000;4978.38000000;5007.39000000;5007.39000000;TP;2.0000;2.0600;-0.0196;37;NewYork
MSZZC1|6:XAUUSD|1:5|1:1|1:2|66:BO|XAUUSD|5|1|L|1771557000|MSZZ|XAUUSD|5|1|1|1771549500|1771550100;1012;XAUUSD;PERIOD_M5;LONG;2026.02.20 03:10:00;2026.02.20 03:15:00;2026.02.20 04:55:00;5013.63000000;4985.44000000;5070.01000000;4993.67000000;OTHER;-0.7081;-0.0053;-0.7435;20;Asian
MSZZC1|6:XAUUSD|1:5|2:-1|1:2|67:BO|XAUUSD|5|1|S|1771563000|MSZZ|XAUUSD|5|1|-1|1771560000|1771560300;1012;XAUUSD;PERIOD_M5;SHORT;2026.02.20 04:50:00;2026.02.20 04:55:00;2026.02.20 08:04:58;4993.67000000;5014.96000000;4951.09000000;5014.96000000;SL;-1.0000;0.5622;-1.1306;37;Asian
MSZZC1|6:XAUUSD|1:5|2:-1|1:2|67:BO|XAUUSD|5|1|S|1771581000|MSZZ|XAUUSD|5|1|-1|1771560000|1771560300;1012;XAUUSD;PERIOD_M5;SHORT;2026.02.20 09:50:00;2026.02.20 09:55:00;2026.02.20 10:54:58;5012.04000000;5030.08000000;4975.96000000;5030.08000000;SL;-1.0000;0.3841;-1.0305;11;London
MSZZC1|6:XAUUSD|1:5|1:1|1:2|66:BO|XAUUSD|5|1|L|1771585500|MSZZ|XAUUSD|5|1|1|1771577400|1771578000;1012;XAUUSD;PERIOD_M5;LONG;2026.02.20 11:05:00;2026.02.20 11:10:00;2026.02.20 17:09:57;5039.33000000;5005.11000000;5107.77000000;5005.11000000;SL;-1.0000;0.7279;-1.4641;71;London
MSZZC1|6:XAUUSD|1:5|1:1|1:2|66:BO|XAUUSD|5|1|L|1771607700|MSZZ|XAUUSD|5|1|1|1771601400|1771601400;1012;XAUUSD;PERIOD_M5;LONG;2026.02.20 17:15:00;2026.02.20 17:20:00;2026.02.20 17:29:57;5035.91000000;5015.52000000;5076.69000000;5015.52000000;SL;-1.0000;0.1329;-1.2026;1;NewYork
MSZZC1|6:XAUUSD|1:5|1:1|1:2|66:BO|XAUUSD|5|1|L|1771608900|MSZZ|XAUUSD|5|1|1|1771601400|1771601400;1012;XAUUSD;PERIOD_M5;LONG;2026.02.20 17:35:00;2026.02.20 17:40:00;2026.02.20 20:20:00;5036.79000000;5015.52000000;5079.33000000;5065.74000000;OTHER;1.3611;1.8637;-0.4222;32;NewYork
MSZZC1|6:XAUUSD|1:5|2:-1|1:2|67:BO|XAUUSD|5|1|S|1771618500|MSZZ|XAUUSD|5|1|-1|1771615500|1771616700;1012;XAUUSD;PERIOD_M5;SHORT;2026.02.20 20:15:00;2026.02.20 20:20:00;2026.02.20 20:49:58;5065.74000000;5073.55000000;5050.12000000;5073.55000000;SL;-1.0000;1.4686;-1.0755;5;NewYork
MSZZC1|6:XAUUSD|1:5|1:1|1:2|66:BO|XAUUSD|5|1|L|1771631100|MSZZ|XAUUSD|5|1|1|1771628100|1771628100;1012;XAUUSD;PERIOD_M5;LONG;2026.02.20 23:45:00;2026.02.20 23:50:00;2026.02.23 18:19:58;5104.63000000;5054.27000000;5205.35000000;5205.35000000;TP;2.0000;2.2252;-0.1233;797;NewYork
MSZZC1|6:XAUUSD|1:5|2:-1|1:2|67:BO|XAUUSD|5|1|S|1772544300|MSZZ|XAUUSD|5|1|-1|1772543100|1772543100;1012;XAUUSD;PERIOD_M5;SHORT;2026.03.03 13:25:00;2026.03.03 13:30:00;2026.03.03 14:14:58;5126.68000000;5180.54000000;5018.96000000;5180.54000000;SL;-1.0000;0.9909;-1.2323;8;London
MSZZC1|6:XAUUSD|1:5|2:-1|1:2|67:BO|XAUUSD|5|1|S|1772550300|MSZZ|XAUUSD|5|1|-1|1772543100|1772543100;1012;XAUUSD;PERIOD_M5;SHORT;2026.03.03 15:05:00;2026.03.03 15:10:00;2026.03.03 15:24:57;5152.56000000;5180.54000000;5096.60000000;5180.54000000;SL;-1.0000;0.2144;-1.1401;2;London
MSZZC1|6:XAUUSD|1:5|2:-1|1:2|67:BO|XAUUSD|5|1|S|1772552100|MSZZ|XAUUSD|5|1|-1|1772543100|1772543100;1012;XAUUSD;PERIOD_M5;SHORT;2026.03.03 15:35:00;2026.03.03 15:40:00;2026.03.03 16:39:57;5158.07000000;5180.54000000;5113.13000000;5113.13000000;TP;2.0000;2.4695;-0.7895;11;London
MSZZC1|6:XAUUSD|1:5|2:-1|1:2|67:BO|XAUUSD|5|1|S|1772594400|MSZZ|XAUUSD|5|1|-1|1772543100|1772543100;1012;XAUUSD;PERIOD_M5;SHORT;2026.03.04 03:20:00;2026.03.04 03:25:00;2026.03.04 04:09:58;5159.01000000;5180.54000000;5115.95000000;5180.54000000;SL;-1.0000;0.7631;-1.1969;8;Asian
MSZZC1|6:XAUUSD|1:5|2:-1|1:2|67:BO|XAUUSD|5|1|S|1772600100|MSZZ|XAUUSD|5|1|-1|1772543100|1772543100;1012;XAUUSD;PERIOD_M5;SHORT;2026.03.04 04:55:00;2026.03.04 05:00:00;2026.03.04 06:14:57;5156.43000000;5180.54000000;5108.21000000;5180.54000000;SL;-1.0000;0.6358;-1.0294;14;Asian
MSZZC1|6:XAUUSD|1:5|2:-1|1:2|67:BO|XAUUSD|5|1|S|1772606700|MSZZ|XAUUSD|5|1|-1|1772543100|1772543100;1012;XAUUSD;PERIOD_M5;SHORT;2026.03.04 06:45:00;2026.03.04 06:50:00;2026.03.04 10:49:58;5155.34000000;5180.54000000;5104.94000000;5180.54000000;SL;-1.0000;1.6167;-1.0369;47;Asian
MSZZC1|6:XAUUSD|1:5|2:-1|1:2|67:BO|XAUUSD|5|1|S|1772642700|MSZZ|XAUUSD|5|1|-1|1772543100|1772543100;1012;XAUUSD;PERIOD_M5;SHORT;2026.03.04 16:45:00;2026.03.04 16:50:00;2026.03.05 03:09:58;5155.61000000;5180.54000000;5105.75000000;5180.54000000;SL;-1.0000;1.8700;-1.0401;123;NewYork
MSZZC1|6:XAUUSD|1:5|2:-1|1:2|67:BO|XAUUSD|5|1|S|1772697000|MSZZ|XAUUSD|5|1|-1|1772543100|1772543100;1012;XAUUSD;PERIOD_M5;SHORT;2026.03.05 07:50:00;2026.03.05 07:55:00;2026.03.05 11:09:58;5157.96000000;5180.54000000;5112.80000000;5180.54000000;SL;-1.0000;1.7055;-0.9956;38;Asian
MSZZC1|6:XAUUSD|1:5|2:-1|1:2|67:BO|XAUUSD|5|1|S|1772710500|MSZZ|XAUUSD|5|1|-1|1772543100|1772543100;1012;XAUUSD;PERIOD_M5;SHORT;2026.03.05 11:35:00;2026.03.05 11:40:00;2026.03.05 15:24:58;5156.29000000;5180.54000000;5107.79000000;5107.79000000;TP;2.0000;2.9810;-0.6285;44;London
MSZZC1|6:XAUUSD|1:5|2:-1|1:2|67:BO|XAUUSD|5|1|S|1772821200|MSZZ|XAUUSD|5|1|-1|1772543100|1772543100;1012;XAUUSD;PERIOD_M5;SHORT;2026.03.06 18:20:00;2026.03.06 18:25:00;2026.03.10 16:19:58;5140.47000000;5214.96000000;4991.49000000;5214.96000000;SL;-1.0000;1.6856;-1.0075;1126;NewYork
MSZZC1|6:XAUUSD|1:5|1:1|1:2|66:BO|XAUUSD|5|1|L|1773202500|MSZZ|XAUUSD|5|1|1|1773173400|1773176400;1012;XAUUSD;PERIOD_M5;LONG;2026.03.11 04:15:00;2026.03.11 04:20:00;2026.03.11 06:55:00;5220.14000000;5158.50000000;5343.42000000;5200.42000000;OTHER;-0.3199;0.0461;-0.4233;31;Asian
MSZZC1|6:XAUUSD|1:5|2:-1|1:2|67:BO|XAUUSD|5|1|S|1773211800|MSZZ|XAUUSD|5|1|-1|1773205800|1773207300;1012;XAUUSD;PERIOD_M5;SHORT;2026.03.11 06:50:00;2026.03.11 06:55:00;2026.03.11 09:00:00;5200.42000000;5220.48000000;5160.30000000;5199.88000000;OTHER;0.0269;0.4731;-0.4038;25;Asian
MSZZC1|6:XAUUSD|1:5|1:1|1:2|66:BO|XAUUSD|5|1|L|1773219300|MSZZ|XAUUSD|5|1|1|1773214500|1773217200;1012;XAUUSD;PERIOD_M5;LONG;2026.03.11 08:55:00;2026.03.11 09:00:00;2026.03.11 10:34:58;5199.88000000;5190.93000000;5217.78000000;5190.93000000;SL;-1.0000;1.2179;-1.0950;18;London
MSZZC1|6:XAUUSD|1:5|1:1|1:2|66:BO|XAUUSD|5|1|L|1773232200|MSZZ|XAUUSD|5|1|1|1773227400|1773228300;1012;XAUUSD;PERIOD_M5;LONG;2026.03.11 12:30:00;2026.03.11 12:35:00;2026.03.11 14:59:57;5194.16000000;5175.28000000;5231.92000000;5175.28000000;SL;-1.0000;0.1653;-1.0095;28;London
MSZZC1|6:XAUUSD|1:5|2:-1|1:2|67:BO|XAUUSD|5|1|S|1773244500|MSZZ|XAUUSD|5|1|-1|1773240900|1773241800;1012;XAUUSD;PERIOD_M5;SHORT;2026.03.11 15:55:00;2026.03.11 16:00:00;2026.03.11 21:20:00;5167.76000000;5196.65000000;5109.98000000;5177.10000000;OTHER;-0.3233;0.7428;-0.9896;64;NewYork
MSZZC1|6:XAUUSD|1:5|1:1|1:2|66:BO|XAUUSD|5|1|L|1773263700|MSZZ|XAUUSD|5|1|1|1773259500|1773261000;1012;XAUUSD;PERIOD_M5;LONG;2026.03.11 21:15:00;2026.03.11 21:20:00;2026.03.12 01:40:00;5177.10000000;5154.30000000;5222.70000000;5160.54000000;OTHER;-0.7263;0.2868;-1.0456;52;NewYork
MSZZC1|6:XAUUSD|1:5|2:-1|1:2|67:BO|XAUUSD|5|1|S|1773279300|MSZZ|XAUUSD|5|1|-1|1773278700|1773278700;1012;XAUUSD;PERIOD_M5;SHORT;2026.03.12 01:35:00;2026.03.12 01:40:00;2026.03.12 10:49:58;5160.54000000;5183.45000000;5114.72000000;5183.45000000;SL;-1.0000;1.5255;-1.0755;109;Asian
MSZZC1|6:XAUUSD|1:5|1:1|1:2|66:BO|XAUUSD|5|1|L|1773313200|MSZZ|XAUUSD|5|1|1|1773312000|1773312000;1012;XAUUSD;PERIOD_M5;LONG;2026.03.12 11:00:00;2026.03.12 11:05:00;2026.03.12 16:35:00;5185.16000000;5137.32000000;5280.84000000;5166.49000000;OTHER;-0.3903;0.1378;-0.5554;66;London
MSZZC1|6:XAUUSD|1:5|2:-1|1:2|67:BO|XAUUSD|5|1|S|1773333000|MSZZ|XAUUSD|5|1|-1|1773328800|1773329400;1012;XAUUSD;PERIOD_M5;SHORT;2026.03.12 16:30:00;2026.03.12 16:35:00;2026.03.12 18:14:58;5166.49000000;5186.28000000;5126.91000000;5126.91000000;TP;2.0000;2.9555;-0.1076;19;NewYork
MSZZC1|6:XAUUSD|1:5|1:1|1:2|66:BO|XAUUSD|5|1|L|1773359100|MSZZ|XAUUSD|5|1|1|1773354600|1773357600;1012;XAUUSD;PERIOD_M5;LONG;2026.03.12 23:45:00;2026.03.12 23:50:00;2026.03.13 05:45:00;5081.18000000;5054.85000000;5133.84000000;5118.00000000;OTHER;1.3984;1.8033;-0.3285;71;NewYork
MSZZC1|6:XAUUSD|1:5|2:-1|1:2|67:BO|XAUUSD|5|1|S|1773380400|MSZZ|XAUUSD|5|1|-1|1773377100|1773377700;1012;XAUUSD;PERIOD_M5;SHORT;2026.03.13 05:40:00;2026.03.13 05:45:00;2026.03.13 09:24:58;5118.00000000;5128.66000000;5096.68000000;5096.68000000;TP;2.0000;2.1857;-0.0600;43;Asian
MSZZC1|6:XAUUSD|1:5|2:-1|1:2|67:BO|XAUUSD|5|1|S|1773393600|MSZZ|XAUUSD|5|1|-1|1773389100|1773390600;1012;XAUUSD;PERIOD_M5;SHORT;2026.03.13 09:20:00;2026.03.13 09:25:00;2026.03.13 11:09:57;5096.52000000;5111.03000000;5067.50000000;5067.50000000;TP;2.0000;2.0627;-0.1178;20;London
MSZZC1|6:XAUUSD|1:5|1:1|1:2|66:BO|XAUUSD|5|1|L|1773402900|MSZZ|XAUUSD|5|1|1|1773398100|1773399600;1012;XAUUSD;PERIOD_M5;LONG;2026.03.13 11:55:00;2026.03.13 12:00:00;2026.03.13 16:35:00;5087.27000000;5060.76000000;5140.29000000;5102.15000000;OTHER;0.5613;1.3059;-0.2595;55;London
MSZZC1|6:XAUUSD|1:5|2:-1|1:2|67:BO|XAUUSD|5|1|S|1773419400|MSZZ|XAUUSD|5|1|-1|1773408600|1773409500;1012;XAUUSD;PERIOD_M5;SHORT;2026.03.13 16:30:00;2026.03.13 16:35:00;2026.03.13 16:39:58;5102.15000000;5107.83000000;5090.79000000;5107.83000000;SL;-1.0000;1.0035;-1.1761;0;NewYork
MSZZC1|6:XAUUSD|1:5|1:1|1:2|66:BO|XAUUSD|5|1|L|1773432600|MSZZ|XAUUSD|5|1|1|1773425400|1773427800;1012;XAUUSD;PERIOD_M5;LONG;2026.03.13 20:10:00;2026.03.13 20:15:00;2026.03.13 22:15:00;5057.63000000;5018.76000000;5135.37000000;5040.05000000;OTHER;-0.4523;0.1667;-0.6385;24;NewYork
MSZZC1|6:XAUUSD|1:5|2:-1|1:2|67:BO|XAUUSD|5|1|S|1773439800|MSZZ|XAUUSD|5|1|-1|1773437100|1773439200;1012;XAUUSD;PERIOD_M5;SHORT;2026.03.13 22:10:00;2026.03.13 22:15:00;2026.03.13 22:49:58;5040.05000000;5049.98000000;5020.19000000;5020.19000000;TP;2.0000;2.7301;-0.0363;6;NewYork
MSZZC1|6:XAUUSD|1:5|1:1|1:2|66:BO|XAUUSD|5|1|L|1773622800|MSZZ|XAUUSD|5|1|1|1773439200|1773439800;1012;XAUUSD;PERIOD_M5;LONG;2026.03.16 01:00:00;2026.03.16 01:05:00;2026.03.16 02:24:58;5015.64000000;4996.50000000;5053.92000000;4996.50000000;SL;-1.0000;0.7764;-2.5099;15;Asian
MSZZC1|6:XAUUSD|1:5|2:-1|1:2|67:BO|XAUUSD|5|1|S|1773627600|MSZZ|XAUUSD|5|1|-1|1773622800|1773622800;1012;XAUUSD;PERIOD_M5;SHORT;2026.03.16 02:20:00;2026.03.16 02:25:00;2026.03.16 06:30:00;4985.28000000;5049.98000000;4855.88000000;5011.39000000;OTHER;-0.4036;0.2060;-0.7087;49;Asian
MSZZC1|6:XAUUSD|1:5|1:1|1:2|66:BO|XAUUSD|5|1|L|1773642300|MSZZ|XAUUSD|5|1|1|1773637200|1773639900;1012;XAUUSD;PERIOD_M5;LONG;2026.03.16 06:25:00;2026.03.16 06:30:00;2026.03.16 10:25:00;5011.39000000;4982.97000000;5068.23000000;5003.38000000;OTHER;-0.2818;0.8688;-0.4624;47;Asian
MSZZC1|6:XAUUSD|1:5|2:-1|1:2|67:BO|XAUUSD|5|1|S|1773656400|MSZZ|XAUUSD|5|1|-1|1773650100|1773650400;1012;XAUUSD;PERIOD_M5;SHORT;2026.03.16 10:20:00;2026.03.16 10:25:00;2026.03.16 15:30:00;5003.38000000;5036.08000000;4937.98000000;5023.04000000;OTHER;-0.6012;1.0226;-0.7021;61;London
MSZZC1|6:XAUUSD|1:5|1:1|1:2|66:BO|XAUUSD|5|1|L|1773674700|MSZZ|XAUUSD|5|1|1|1773671100|1773672600;1012;XAUUSD;PERIOD_M5;LONG;2026.03.16 15:25:00;2026.03.16 15:30:00;2026.03.16 17:30:00;5023.04000000;4992.42000000;5084.28000000;5015.05000000;OTHER;-0.2609;0.5010;-0.5255;24;London
MSZZC1|6:XAUUSD|1:5|2:-1|1:2|67:BO|XAUUSD|5|1|S|1773681900|MSZZ|XAUUSD|5|1|-1|1773672900|1773674100;1012;XAUUSD;PERIOD_M5;SHORT;2026.03.16 17:25:00;2026.03.16 17:30:00;2026.03.17 07:44:57;5015.05000000;5038.38000000;4968.39000000;5038.38000000;SL;-1.0000;1.7711;-1.1710;170;NewYork
MSZZC1|6:XAUUSD|1:5|2:-1|1:2|67:BO|XAUUSD|5|1|S|1773736800|MSZZ|XAUUSD|5|1|-1|1773735000|1773735300;1012;XAUUSD;PERIOD_M5;SHORT;2026.03.17 08:40:00;2026.03.17 08:45:00;2026.03.17 09:04:58;5032.12000000;5042.37000000;5011.62000000;5011.62000000;TP;2.0000;2.1678;-0.1054;3;London
MSZZC1|6:XAUUSD|1:5|2:-1|1:2|67:BO|XAUUSD|5|1|S|1774552500|MSZZ|XAUUSD|5|1|-1|1774513500|1774513500;1012;XAUUSD;PERIOD_M5;SHORT;2026.03.26 19:15:00;2026.03.26 19:20:00;2026.03.27 18:14:58;4426.72000000;4524.38000000;4231.40000000;4524.38000000;SL;-1.0000;0.7717;-1.0988;274;NewYork
MSZZC1|6:XAUUSD|1:5|1:1|1:2|66:BO|XAUUSD|5|1|L|1774650300|MSZZ|XAUUSD|5|1|1|1774647300|1774649100;1012;XAUUSD;PERIOD_M5;LONG;2026.03.27 22:25:00;2026.03.27 22:30:00;2026.03.27 22:40:00;4523.27000000;4486.18000000;4597.45000000;4511.93000000;OTHER;-0.3057;0.0817;-0.6004;2;NewYork
MSZZC1|6:XAUUSD|1:5|2:-1|1:2|67:BO|XAUUSD|5|1|S|1774650900|MSZZ|XAUUSD|5|1|-1|1774649100|1774650600;1012;XAUUSD;PERIOD_M5;SHORT;2026.03.27 22:35:00;2026.03.27 22:40:00;2026.03.30 01:04:57;4511.93000000;4528.87000000;4478.05000000;4478.05000000;TP;2.0000;2.6145;-0.6370;604;NewYork
MSZZC1|6:XAUUSD|1:5|2:-1|1:2|67:BO|XAUUSD|5|1|S|1774837800|MSZZ|XAUUSD|5|1|-1|1774832400|1774832400;1012;XAUUSD;PERIOD_M5;SHORT;2026.03.30 02:30:00;2026.03.30 02:35:00;2026.03.30 04:10:00;4459.27000000;4513.15000000;4351.51000000;4456.68000000;OTHER;0.0481;0.7290;-0.1394;19;Asian
MSZZC1|6:XAUUSD|1:5|1:1|1:2|66:BO|XAUUSD|5|1|L|1774843500|MSZZ|XAUUSD|5|1|1|1774841100|1774842300;1012;XAUUSD;PERIOD_M5;LONG;2026.03.30 04:05:00;2026.03.30 04:10:00;2026.03.30 09:09:58;4456.68000000;4419.99000000;4530.06000000;4530.06000000;TP;2.0000;2.1003;-0.3137;59;Asian
MSZZC1|6:XAUUSD|1:5|1:1|1:2|66:BO|XAUUSD|5|1|L|1775752500|MSZZ|XAUUSD|5|1|1|1775746800|1775747100;1012;XAUUSD;PERIOD_M5;LONG;2026.04.09 16:35:00;2026.04.09 16:40:00;2026.04.10 05:20:00;4770.33000000;4734.81000000;4841.37000000;4747.64000000;OTHER;-0.6388;0.8753;-0.7849;152;NewYork
MSZZC1|6:XAUUSD|1:5|2:-1|1:2|67:BO|XAUUSD|5|1|S|1775798100|MSZZ|XAUUSD|5|1|-1|1775790000|1775790000;1012;XAUUSD;PERIOD_M5;SHORT;2026.04.10 05:15:00;2026.04.10 05:20:00;2026.04.10 15:34:58;4747.64000000;4776.94000000;4689.04000000;4776.94000000;SL;-1.0000;0.5836;-1.1863;122;Asian
MSZZC1|6:XAUUSD|1:5|2:-1|1:2|67:BO|XAUUSD|5|1|S|1776091200|MSZZ|XAUUSD|5|1|-1|1776086700|1776087600;1012;XAUUSD;PERIOD_M5;SHORT;2026.04.13 14:40:00;2026.04.13 14:45:00;2026.04.13 15:50:00;4706.88000000;4729.22000000;4662.20000000;4721.42000000;OTHER;-0.6509;0.1710;-0.8017;13;London
MSZZC1|6:XAUUSD|1:5|1:1|1:2|66:BO|XAUUSD|5|1|L|1776095100|MSZZ|XAUUSD|5|1|1|1776093000|1776093900;1012;XAUUSD;PERIOD_M5;LONG;2026.04.13 15:45:00;2026.04.13 15:50:00;2026.04.13 18:09:58;4721.42000000;4703.88000000;4756.50000000;4703.88000000;SL;-1.0000;1.3426;-1.2212;27;London
MSZZC1|6:XAUUSD|1:5|2:-1|1:2|67:BO|XAUUSD|5|1|S|1776103500|MSZZ|XAUUSD|5|1|-1|1776093900|1776095100;1012;XAUUSD;PERIOD_M5;SHORT;2026.04.13 18:05:00;2026.04.13 18:10:00;2026.04.13 19:49:57;4705.40000000;4740.82000000;4634.56000000;4740.82000000;SL;-1.0000;0.0884;-1.1621;19;NewYork
MSZZC1|6:XAUUSD|1:5|2:-1|1:2|67:BO|XAUUSD|5|1|S|1776113400|MSZZ|XAUUSD|5|1|-1|1776110700|1776111600;1012;XAUUSD;PERIOD_M5;SHORT;2026.04.13 20:50:00;2026.04.13 20:55:00;2026.04.14 01:04:57;4729.97000000;4749.98000000;4689.95000000;4749.98000000;SL;-1.0000;0.3498;-1.2594;49;NewYork
MSZZC1|6:XAUUSD|1:5|1:1|1:2|66:BO|XAUUSD|5|1|L|1776128400|MSZZ|XAUUSD|5|1|1|1776119400|1776122700;1012;XAUUSD;PERIOD_M5;LONG;2026.04.14 01:00:00;2026.04.14 01:05:00;2026.04.14 02:04:57;4747.14000000;4738.24000000;4764.94000000;4764.94000000;TP;2.0000;2.0315;-0.1652;11;Asian
MSZZC1|6:XAUUSD|1:5|2:-1|1:2|67:BO|XAUUSD|5|1|S|1776153900|MSZZ|XAUUSD|5|1|-1|1776148200|1776150900;1012;XAUUSD;PERIOD_M5;SHORT;2026.04.14 08:05:00;2026.04.14 08:10:00;2026.04.14 09:54:58;4767.48000000;4777.05000000;4748.34000000;4777.05000000;SL;-1.0000;0.9812;-1.4671;20;London
MSZZC1|6:XAUUSD|1:5|1:1|1:2|66:BO|XAUUSD|5|1|L|1776160200|MSZZ|XAUUSD|5|1|1|1776151500|1776153900;1012;XAUUSD;PERIOD_M5;LONG;2026.04.14 09:50:00;2026.04.14 09:55:00;2026.04.14 13:39:58;4778.88000000;4758.09000000;4820.46000000;4758.09000000;SL;-1.0000;0.8509;-1.2780;44;London
MSZZC1|6:XAUUSD|1:5|2:-1|1:2|67:BO|XAUUSD|5|1|S|1776173700|MSZZ|XAUUSD|5|1|-1|1776169800|1776171900;1012;XAUUSD;PERIOD_M5;SHORT;2026.04.14 13:35:00;2026.04.14 13:40:00;2026.04.14 16:05:00;4763.15000000;4788.02000000;4713.41000000;4777.90000000;OTHER;-0.5931;0.2525;-0.8002;29;London
MSZZC1|6:XAUUSD|1:5|1:1|1:2|66:BO|XAUUSD|5|1|L|1776182400|MSZZ|XAUUSD|5|1|1|1776176700|1776178200;1012;XAUUSD;PERIOD_M5;LONG;2026.04.14 16:00:00;2026.04.14 16:05:00;2026.04.14 16:24:58;4777.90000000;4770.73000000;4792.24000000;4792.24000000;TP;2.0000;2.0377;-0.5760;3;NewYork
MSZZC1|6:XAUUSD|1:5|1:1|1:2|66:BO|XAUUSD|5|1|L|1776198900|MSZZ|XAUUSD|5|1|1|1776197100|1776197100;1012;XAUUSD;PERIOD_M5;LONG;2026.04.14 20:35:00;2026.04.14 20:40:00;2026.04.15 09:30:00;4838.04000000;4791.40000000;4931.32000000;4814.61000000;OTHER;-0.5024;0.7151;-0.5759;154;NewYork
MSZZC1|6:XAUUSD|1:5|2:-1|1:2|67:BO|XAUUSD|5|1|S|1776245100|MSZZ|XAUUSD|5|1|-1|1776242100|1776242100;1012;XAUUSD;PERIOD_M5;SHORT;2026.04.15 09:25:00;2026.04.15 09:30:00;2026.04.15 20:25:00;4814.61000000;4832.82000000;4778.19000000;4806.48000000;OTHER;0.4465;1.5415;-0.8891;131;London
MSZZC1|6:XAUUSD|1:5|1:1|1:2|66:BO|XAUUSD|5|1|L|1776284400|MSZZ|XAUUSD|5|1|1|1776281100|1776282600;1012;XAUUSD;PERIOD_M5;LONG;2026.04.15 20:20:00;2026.04.15 20:25:00;2026.04.15 23:35:00;4806.48000000;4786.61000000;4846.22000000;4792.35000000;OTHER;-0.7111;0.1198;-0.8244;38;NewYork
MSZZC1|6:XAUUSD|1:5|2:-1|1:2|67:BO|XAUUSD|5|1|S|1776295800|MSZZ|XAUUSD|5|1|-1|1776286800|1776289800;1012;XAUUSD;PERIOD_M5;SHORT;2026.04.15 23:30:00;2026.04.15 23:35:00;2026.04.16 01:05:00;4792.35000000;4803.41000000;4770.23000000;4798.45000000;OTHER;-0.5515;0.4376;-0.6429;18;NewYork
MSZZC1|6:XAUUSD|1:5|1:1|1:2|66:BO|XAUUSD|5|1|L|1776301200|MSZZ|XAUUSD|5|1|1|1776290700|1776294000;1012;XAUUSD;PERIOD_M5;LONG;2026.04.16 01:00:00;2026.04.16 01:05:00;2026.04.16 02:34:58;4798.45000000;4787.51000000;4820.33000000;4820.33000000;TP;2.0000;2.0777;-0.6746;17;Asian
MSZZC1|6:XAUUSD|1:5|1:1|1:2|66:BO|XAUUSD|5|1|L|1776311100|MSZZ|XAUUSD|5|1|1|1776308700|1776310200;1012;XAUUSD;PERIOD_M5;LONG;2026.04.16 03:45:00;2026.04.16 03:50:00;2026.04.16 04:20:00;4835.85000000;4820.78000000;4865.99000000;4826.46000000;OTHER;-0.6231;0.1048;-0.7147;6;Asian
MSZZC1|6:XAUUSD|1:5|2:-1|1:2|67:BO|XAUUSD|5|1|S|1776312900|MSZZ|XAUUSD|5|1|-1|1776310200|1776310800;1012;XAUUSD;PERIOD_M5;SHORT;2026.04.16 04:15:00;2026.04.16 04:20:00;2026.04.16 04:39:58;4826.46000000;4831.27000000;4816.84000000;4816.84000000;TP;2.0000;2.8191;-0.5530;3;Asian
MSZZC1|6:XAUUSD|1:5|2:-1|1:2|67:BO|XAUUSD|5|1|S|1776328800|MSZZ|XAUUSD|5|1|-1|1776328200|1776328200;1012;XAUUSD;PERIOD_M5;SHORT;2026.04.16 08:40:00;2026.04.16 08:45:00;2026.04.16 16:54:58;4825.18000000;4838.42000000;4798.70000000;4798.70000000;TP;2.0000;2.6284;-0.4275;97;London
MSZZC1|6:XAUUSD|1:5|1:1|1:2|66:BO|XAUUSD|5|1|L|1776441000|MSZZ|XAUUSD|5|1|1|1776440700|1776440700;1012;XAUUSD;PERIOD_M5;LONG;2026.04.17 15:50:00;2026.04.17 15:55:00;2026.04.17 16:14:58;4843.40000000;4826.49000000;4877.22000000;4877.22000000;TP;2.0000;2.7197;-0.4861;3;London
MSZZC1|6:XAUUSD|1:5|2:-1|1:2|67:BO|XAUUSD|5|1|S|1776653100|MSZZ|XAUUSD|5|1|-1|1776652800|1776652800;1012;XAUUSD;PERIOD_M5;SHORT;2026.04.20 02:45:00;2026.04.20 02:50:00;2026.04.20 04:15:00;4743.71000000;4795.22000000;4640.69000000;4794.06000000;OTHER;-0.9775;0.0012;-0.9901;17;Asian
MSZZC1|6:XAUUSD|1:5|1:1|1:2|66:BO|XAUUSD|5|1|L|1776658200|MSZZ|XAUUSD|5|1|1|1776647700|1776651000;1012;XAUUSD;PERIOD_M5;LONG;2026.04.20 04:10:00;2026.04.20 04:15:00;2026.04.20 08:45:00;4794.06000000;4744.94000000;4892.30000000;4780.81000000;OTHER;-0.2697;0.4147;-0.2919;54;Asian
MSZZC1|6:XAUUSD|1:5|2:-1|1:2|67:BO|XAUUSD|5|1|S|1776674400|MSZZ|XAUUSD|5|1|-1|1776672600|1776673800;1012;XAUUSD;PERIOD_M5;SHORT;2026.04.20 08:40:00;2026.04.20 08:45:00;2026.04.20 10:00:00;4780.81000000;4796.10000000;4750.23000000;4795.94000000;OTHER;-0.9895;0.0007;-1.3571;15;London
MSZZC1|6:XAUUSD|1:5|1:1|1:2|66:BO|XAUUSD|5|1|L|1776678900|MSZZ|XAUUSD|5|1|1|1776673800|1776674400;1012;XAUUSD;PERIOD_M5;LONG;2026.04.20 09:55:00;2026.04.20 10:00:00;2026.04.20 12:34:58;4795.94000000;4784.45000000;4818.92000000;4784.45000000;SL;-1.0000;0.8599;-1.0731;30;London
MSZZC1|6:XAUUSD|1:5|2:-1|1:2|67:BO|XAUUSD|5|1|S|1776765600|MSZZ|XAUUSD|5|1|-1|1776762000|1776762600;1012;XAUUSD;PERIOD_M5;SHORT;2026.04.21 10:00:00;2026.04.21 10:05:00;2026.04.21 14:40:00;4774.62000000;4796.10000000;4731.66000000;4789.93000000;OTHER;-0.7128;0.0000;-0.9483;55;London
MSZZC1|6:XAUUSD|1:5|1:1|1:2|66:BO|XAUUSD|5|1|L|1776782100|MSZZ|XAUUSD|5|1|1|1776779700|1776780300;1012;XAUUSD;PERIOD_M5;LONG;2026.04.21 14:35:00;2026.04.21 14:40:00;2026.04.21 15:20:00;4789.93000000;4780.91000000;4807.97000000;4783.96000000;OTHER;-0.6619;0.8858;-1.1785;8;London
MSZZC1|6:XAUUSD|1:5|2:-1|1:2|67:BO|XAUUSD|5|1|S|1776784500|MSZZ|XAUUSD|5|1|-1|1776777300|1776779400;1012;XAUUSD;PERIOD_M5;SHORT;2026.04.21 15:15:00;2026.04.21 15:20:00;2026.04.21 15:34:57;4783.96000000;4790.49000000;4770.90000000;4770.90000000;TP;2.0000;2.7060;-0.5605;2;London
MSZZC1|6:XAUUSD|1:5|1:1|1:2|66:BO|XAUUSD|5|1|L|1776789600|MSZZ|XAUUSD|5|1|1|1776779700|1776780300;1012;XAUUSD;PERIOD_M5;LONG;2026.04.21 16:40:00;2026.04.21 16:45:00;2026.04.21 17:34:58;4789.24000000;4766.29000000;4835.14000000;4766.29000000;SL;-1.0000;0.2170;-1.1786;9;NewYork
MSZZC1|6:XAUUSD|1:5|2:-1|1:2|67:BO|XAUUSD|5|1|S|1776793200|MSZZ|XAUUSD|5|1|-1|1776785400|1776785400;1012;XAUUSD;PERIOD_M5;SHORT;2026.04.21 17:40:00;2026.04.21 17:45:00;2026.04.22 02:10:00;4745.13000000;4794.22000000;4646.95000000;4725.30000000;OTHER;0.4040;1.5592;-0.2563;101;NewYork
MSZZC1|6:XAUUSD|1:5|1:1|1:2|66:BO|XAUUSD|5|1|L|1776823500|MSZZ|XAUUSD|5|1|1|1776819600|1776822000;1012;XAUUSD;PERIOD_M5;LONG;2026.04.22 02:05:00;2026.04.22 02:10:00;2026.04.22 08:05:00;4725.30000000;4697.04000000;4781.82000000;4753.27000000;OTHER;0.9897;1.4062;-0.0170;71;Asian
MSZZC1|6:XAUUSD|1:5|2:-1|1:2|67:BO|XAUUSD|5|1|S|1776844800|MSZZ|XAUUSD|5|1|-1|1776843600|1776843900;1012;XAUUSD;PERIOD_M5;SHORT;2026.04.22 08:00:00;2026.04.22 08:05:00;2026.04.22 08:19:58;4753.27000000;4765.04000000;4729.73000000;4765.04000000;SL;-1.0000;0.0484;-1.3619;2;London
MSZZC1|6:XAUUSD|1:5|2:-1|1:2|67:BO|XAUUSD|5|1|S|1776870900|MSZZ|XAUUSD|5|1|-1|1776869100|1776870000;1012;XAUUSD;PERIOD_M5;SHORT;2026.04.22 15:15:00;2026.04.22 15:20:00;2026.04.22 15:29:57;4747.57000000;4757.68000000;4727.35000000;4757.68000000;SL;-1.0000;0.0366;-1.2285;1;London
MSZZC1|6:XAUUSD|1:5|2:-1|1:2|67:BO|XAUUSD|5|1|S|1776872700|MSZZ|XAUUSD|5|1|-1|1776871200|1776871500;1012;XAUUSD;PERIOD_M5;SHORT;2026.04.22 15:45:00;2026.04.22 15:50:00;2026.04.22 16:49:58;4744.14000000;4757.68000000;4717.06000000;4757.68000000;SL;-1.0000;0.5709;-1.2349;11;London
MSZZC1|6:XAUUSD|1:5|2:-1|1:2|67:BO|XAUUSD|5|1|S|1776878700|MSZZ|XAUUSD|5|1|-1|1776871200|1776871500;1012;XAUUSD;PERIOD_M5;SHORT;2026.04.22 17:25:00;2026.04.22 17:30:00;2026.04.22 21:35:00;4743.98000000;4760.86000000;4710.22000000;4733.41000000;OTHER;0.6262;1.1860;-0.0509;49;NewYork
MSZZC1|6:XAUUSD|1:5|1:1|1:2|66:BO|XAUUSD|5|1|L|1776893400|MSZZ|XAUUSD|5|1|1|1776888600|1776892800;1012;XAUUSD;PERIOD_M5;LONG;2026.04.22 21:30:00;2026.04.22 21:35:00;2026.04.22 23:25:00;4733.41000000;4723.96000000;4752.31000000;4735.61000000;OTHER;0.2328;1.7143;-0.1026;22;NewYork
MSZZC1|6:XAUUSD|1:5|2:-1|1:2|67:BO|XAUUSD|5|1|S|1776900000|MSZZ|XAUUSD|5|1|-1|1776892800|1776893700;1012;XAUUSD;PERIOD_M5;SHORT;2026.04.22 23:20:00;2026.04.22 23:25:00;2026.04.23 03:14:58;4735.61000000;4749.61000000;4707.61000000;4707.61000000;TP;2.0000;2.6393;-0.7864;45;NewYork
MSZZC1|6:XAUUSD|1:5|1:1|1:2|66:BO|XAUUSD|5|1|L|1776915000|MSZZ|XAUUSD|5|1|1|1776906000|1776906300;1012;XAUUSD;PERIOD_M5;LONG;2026.04.23 03:30:00;2026.04.23 03:35:00;2026.04.23 05:59:58;4747.27000000;4698.66000000;4844.49000000;4698.66000000;SL;-1.0000;0.1327;-1.0088;28;Asian
MSZZC1|6:XAUUSD|1:5|1:1|1:2|66:BO|XAUUSD|5|1|L|1776933900|MSZZ|XAUUSD|5|1|1|1776931800|1776933000;1012;XAUUSD;PERIOD_M5;LONG;2026.04.23 08:45:00;2026.04.23 08:50:00;2026.04.23 11:35:00;4710.81000000;4691.95000000;4748.53000000;4709.96000000;OTHER;-0.0451;0.7418;-0.4003;33;London
MSZZC1|6:XAUUSD|1:5|2:-1|1:2|67:BO|XAUUSD|5|1|S|1776943800|MSZZ|XAUUSD|5|1|-1|1776939600|1776941100;1012;XAUUSD;PERIOD_M5;SHORT;2026.04.23 11:30:00;2026.04.23 11:35:00;2026.04.23 15:04:58;4709.96000000;4724.80000000;4680.28000000;4724.80000000;SL;-1.0000;1.7365;-1.5222;41;London
MSZZC1|6:XAUUSD|1:5|2:-1|1:2|67:BO|XAUUSD|5|1|S|1776963300|MSZZ|XAUUSD|5|1|-1|1776961800|1776963000;1012;XAUUSD;PERIOD_M5;SHORT;2026.04.23 16:55:00;2026.04.23 17:00:00;2026.04.23 18:19:58;4724.53000000;4741.20000000;4691.19000000;4741.20000000;SL;-1.0000;0.4355;-1.0072;15;NewYork
MSZZC1|6:XAUUSD|1:5|2:-1|1:2|67:BO|XAUUSD|5|1|S|1776975600|MSZZ|XAUUSD|5|1|-1|1776974700|1776974700;1012;XAUUSD;PERIOD_M5;SHORT;2026.04.23 20:20:00;2026.04.23 20:25:00;2026.04.24 14:30:00;4707.76000000;4737.11000000;4649.06000000;4715.32000000;OTHER;-0.2576;1.7046;-0.4842;217;NewYork
MSZZC1|6:XAUUSD|1:5|1:1|1:2|66:BO|XAUUSD|5|1|L|1777040700|MSZZ|XAUUSD|5|1|1|1776973800|1776974400;1012;XAUUSD;PERIOD_M5;LONG;2026.04.24 14:25:00;2026.04.24 14:30:00;2026.04.24 14:39:58;4715.32000000;4709.37000000;4727.22000000;4709.37000000;SL;-1.0000;0.3563;-1.5378;1;London
MSZZC1|6:XAUUSD|1:5|1:1|1:2|66:BO|XAUUSD|5|1|L|1777049100|MSZZ|XAUUSD|5|1|1|1776973800|1776974400;1012;XAUUSD;PERIOD_M5;LONG;2026.04.24 16:45:00;2026.04.24 16:50:00;2026.04.24 16:54:58;4712.44000000;4709.37000000;4718.58000000;4709.37000000;SL;-1.0000;0.0651;-2.4137;0;NewYork
MSZZC1|6:XAUUSD|1:5|1:1|1:2|66:BO|XAUUSD|5|1|L|1777049700|MSZZ|XAUUSD|5|1|1|1776973800|1776974400;1012;XAUUSD;PERIOD_M5;LONG;2026.04.24 16:55:00;2026.04.24 17:00:00;2026.04.24 17:04:58;4711.62000000;4709.37000000;4716.12000000;4709.37000000;SL;-1.0000;1.6489;-2.1244;0;NewYork
MSZZC1|6:XAUUSD|1:5|2:-1|1:2|67:BO|XAUUSD|5|1|S|1777071600|MSZZ|XAUUSD|5|1|-1|1777056000|1777056000;1012;XAUUSD;PERIOD_M5;SHORT;2026.04.24 23:00:00;2026.04.24 23:05:00;2026.04.28 08:09:58;4711.37000000;4740.12000000;4653.87000000;4653.87000000;TP;2.0000;2.2233;-0.6557;972;NewYork
MSZZC1|6:XAUUSD|1:5|2:-1|1:2|67:BO|XAUUSD|5|1|S|1777631700|MSZZ|XAUUSD|5|1|-1|1777290000|1777290300;1012;XAUUSD;PERIOD_M5;SHORT;2026.05.01 10:35:00;2026.05.01 10:40:00;2026.05.06 04:30:00;4584.95000000;4718.32000000;4318.21000000;4625.16000000;OTHER;-0.3015;0.6299;-0.5642;1366;London
MSZZC1|6:XAUUSD|1:5|1:1|1:2|66:BO|XAUUSD|5|1|L|1778041500|MSZZ|XAUUSD|5|1|1|1778040000|1778040600;1012;XAUUSD;PERIOD_M5;LONG;2026.05.06 04:25:00;2026.05.06 04:30:00;2026.05.07 09:39:57;4625.16000000;4566.07000000;4743.34000000;4743.34000000;TP;2.0000;2.0135;-0.0806;349;Asian
MSZZC1|6:XAUUSD|1:5|1:1|1:2|66:BO|XAUUSD|5|1|L|1778163600|MSZZ|XAUUSD|5|1|1|1778040000|1778040600;1012;XAUUSD;PERIOD_M5;LONG;2026.05.07 14:20:00;2026.05.07 14:25:00;2026.05.13 15:15:00;4734.62000000;4566.07000000;5071.72000000;4694.05000000;OTHER;-0.2407;0.2327;-0.5724;1738;London
MSZZC1|6:XAUUSD|1:5|2:-1|1:2|67:BO|XAUUSD|5|1|S|1778685000|MSZZ|XAUUSD|5|1|-1|1778680800|1778682000;1012;XAUUSD;PERIOD_M5;SHORT;2026.05.13 15:10:00;2026.05.13 15:15:00;2026.05.13 16:49:58;4694.05000000;4705.37000000;4671.41000000;4671.41000000;TP;2.0000;2.2217;-0.0618;18;London
MSZZC1|6:XAUUSD|1:5|1:1|1:2|66:BO|XAUUSD|5|1|L|1778693400|MSZZ|XAUUSD|5|1|1|1778689200|1778690100;1012;XAUUSD;PERIOD_M5;LONG;2026.05.13 17:30:00;2026.05.13 17:35:00;2026.05.13 21:45:00;4689.99000000;4668.90000000;4732.17000000;4686.20000000;OTHER;-0.1797;0.9483;-0.5870;50;NewYork
MSZZC1|6:XAUUSD|1:5|2:-1|1:2|67:BO|XAUUSD|5|1|S|1778708400|MSZZ|XAUUSD|5|1|-1|1778706000|1778706900;1012;XAUUSD;PERIOD_M5;SHORT;2026.05.13 21:40:00;2026.05.13 21:45:00;2026.05.13 22:15:00;4686.20000000;4709.99000000;4638.62000000;4689.19000000;OTHER;-0.1257;0.3510;-0.1807;6;NewYork
MSZZC1|6:XAUUSD|1:5|1:1|1:2|66:BO|XAUUSD|5|1|L|1778710200|MSZZ|XAUUSD|5|1|1|1778706900|1778708700;1012;XAUUSD;PERIOD_M5;LONG;2026.05.13 22:10:00;2026.05.13 22:15:00;2026.05.14 04:10:00;4689.19000000;4677.85000000;4711.87000000;4689.10000000;OTHER;-0.0079;1.5714;-0.4683;71;NewYork
MSZZC1|6:XAUUSD|1:5|2:-1|1:2|67:BO|XAUUSD|5|1|S|1778731500|MSZZ|XAUUSD|5|1|-1|1778730000|1778730300;1012;XAUUSD;PERIOD_M5;SHORT;2026.05.14 04:05:00;2026.05.14 04:10:00;2026.05.14 07:25:00;4689.10000000;4707.01000000;4653.28000000;4691.78000000;OTHER;-0.1496;1.1725;-1.0168;39;Asian
MSZZC1|6:XAUUSD|1:5|1:1|1:2|66:BO|XAUUSD|5|1|L|1778743200|MSZZ|XAUUSD|5|1|1|1778736900|1778737500;1012;XAUUSD;PERIOD_M5;LONG;2026.05.14 07:20:00;2026.05.14 07:25:00;2026.05.14 11:00:00;4691.78000000;4668.10000000;4739.14000000;4693.18000000;OTHER;0.0591;1.1406;-0.2437;43;Asian
MSZZC1|6:XAUUSD|1:5|2:-1|1:2|67:BO|XAUUSD|5|1|S|1778756100|MSZZ|XAUUSD|5|1|-1|1778749800|1778751600;1012;XAUUSD;PERIOD_M5;SHORT;2026.05.14 10:55:00;2026.05.14 11:00:00;2026.05.14 12:45:00;4693.18000000;4718.79000000;4641.96000000;4695.72000000;OTHER;-0.0992;0.1796;-0.5240;21;London
MSZZC1|6:XAUUSD|1:5|1:1|1:2|66:BO|XAUUSD|5|1|L|1778762400|MSZZ|XAUUSD|5|1|1|1778758500|1778759700;1012;XAUUSD;PERIOD_M5;LONG;2026.05.14 12:40:00;2026.05.14 12:45:00;2026.05.14 13:14:57;4695.72000000;4691.00000000;4705.16000000;4705.16000000;TP;2.0000;2.0614;-0.0403;5;London
MSZZC1|6:XAUUSD|1:5|1:1|1:2|66:BO|XAUUSD|5|1|L|1778772000|MSZZ|XAUUSD|5|1|1|1778770500|1778770800;1012;XAUUSD;PERIOD_M5;LONG;2026.05.14 15:20:00;2026.05.14 15:25:00;2026.05.14 16:29:58;4705.91000000;4689.53000000;4738.67000000;4689.53000000;SL;-1.0000;0.2491;-1.0904;12;London
MSZZC1|6:XAUUSD|1:5|2:-1|1:2|67:BO|XAUUSD|5|1|S|1778775900|MSZZ|XAUUSD|5|1|-1|1778768700|1778769900;1012;XAUUSD;PERIOD_M5;SHORT;2026.05.14 16:25:00;2026.05.14 16:30:00;2026.05.14 22:44:58;4688.52000000;4704.85000000;4655.86000000;4655.86000000;TP;2.0000;2.0153;-0.7551;74;NewYork
MSZZC1|6:XAUUSD|1:5|1:1|1:2|66:BO|XAUUSD|5|1|L|1778807100|MSZZ|XAUUSD|5|1|1|1778790000|1778792400;1012;XAUUSD;PERIOD_M5;LONG;2026.05.15 01:05:00;2026.05.15 01:10:00;2026.05.15 02:35:00;4655.87000000;4644.48000000;4678.65000000;4651.32000000;OTHER;-0.3995;0.8341;-0.7796;17;Asian
MSZZC1|6:XAUUSD|1:5|2:-1|1:2|67:BO|XAUUSD|5|1|S|1778812200|MSZZ|XAUUSD|5|1|-1|1778811600|1778811900;1012;XAUUSD;PERIOD_M5;SHORT;2026.05.15 02:30:00;2026.05.15 02:35:00;2026.05.15 03:34:58;4651.32000000;4663.35000000;4627.26000000;4627.26000000;TP;2.0000;2.3998;-0.5594;11;Asian
MSZZC1|6:XAUUSD|1:5|2:-1|1:2|67:BO|XAUUSD|5|1|S|1779480900|MSZZ|XAUUSD|5|1|-1|1779479700|1779480600;1012;XAUUSD;PERIOD_M5;SHORT;2026.05.22 20:15:00;2026.05.22 20:20:00;2026.05.22 20:34:57;4515.08000000;4526.76000000;4491.72000000;4526.76000000;SL;-1.0000;0.1721;-1.0993;2;NewYork
MSZZC1|6:XAUUSD|1:5|2:-1|1:2|67:BO|XAUUSD|5|1|S|1779483000|MSZZ|XAUUSD|5|1|-1|1779479700|1779480600;1012;XAUUSD;PERIOD_M5;SHORT;2026.05.22 20:50:00;2026.05.22 20:55:00;2026.05.22 22:34:57;4519.71000000;4526.76000000;4505.61000000;4505.61000000;TP;2.0000;2.1943;-0.2652;19;NewYork
MSZZC1|6:XAUUSD|1:5|2:-1|1:2|67:BO|XAUUSD|5|1|S|1779681900|MSZZ|XAUUSD|5|1|-1|1779677700|1779680700;1012;XAUUSD;PERIOD_M5;SHORT;2026.05.25 04:05:00;2026.05.25 04:10:00;2026.05.25 05:45:00;4562.01000000;4579.51000000;4527.01000000;4569.65000000;OTHER;-0.4366;0.1869;-0.7760;19;Asian
MSZZC1|6:XAUUSD|1:5|1:1|1:2|66:BO|XAUUSD|5|1|L|1779687600|MSZZ|XAUUSD|5|1|1|1779683100|1779685800;1012;XAUUSD;PERIOD_M5;LONG;2026.05.25 05:40:00;2026.05.25 05:45:00;2026.05.25 05:59:57;4569.65000000;4560.58000000;4587.79000000;4560.58000000;SL;-1.0000;0.0628;-1.1136;2;Asian
MSZZC1|6:XAUUSD|1:5|1:1|1:2|66:BO|XAUUSD|5|1|L|1779692400|MSZZ|XAUUSD|5|1|1|1779683100|1779685800;1012;XAUUSD;PERIOD_M5;LONG;2026.05.25 07:00:00;2026.05.25 07:05:00;2026.05.25 07:14:57;4561.30000000;4560.58000000;4562.74000000;4562.74000000;TP;2.0000;2.0000;-1.6667;1;Asian
MSZZC1|6:XAUUSD|1:5|2:-1|1:2|67:BO|XAUUSD|5|1|S|1779697500|MSZZ|XAUUSD|5|1|-1|1779691800|1779693600;1012;XAUUSD;PERIOD_M5;SHORT;2026.05.25 08:25:00;2026.05.25 08:30:00;2026.05.25 10:00:00;4554.26000000;4566.10000000;4530.58000000;4562.64000000;OTHER;-0.7078;0.3201;-0.8910;18;London
MSZZC1|6:XAUUSD|1:5|1:1|1:2|66:BO|XAUUSD|5|1|L|1779702900|MSZZ|XAUUSD|5|1|1|1779696000|1779697200;1012;XAUUSD;PERIOD_M5;LONG;2026.05.25 09:55:00;2026.05.25 10:00:00;2026.05.25 10:24:57;4562.64000000;4552.73000000;4582.46000000;4552.73000000;SL;-1.0000;0.2190;-1.0071;4;London
MSZZC1|6:XAUUSD|1:5|1:1|1:2|66:BO|XAUUSD|5|1|L|1779706500|MSZZ|XAUUSD|5|1|1|1779703200|1779704100;1012;XAUUSD;PERIOD_M5;LONG;2026.05.25 10:55:00;2026.05.25 11:00:00;2026.05.25 14:50:00;4564.96000000;4552.66000000;4589.56000000;4571.22000000;OTHER;0.5089;0.9740;-0.9398;46;London
MSZZC1|6:XAUUSD|1:5|2:-1|1:2|67:BO|XAUUSD|5|1|S|1779720300|MSZZ|XAUUSD|5|1|-1|1779717900|1779718500;1012;XAUUSD;PERIOD_M5;SHORT;2026.05.25 14:45:00;2026.05.25 14:50:00;2026.05.25 15:04:58;4571.22000000;4573.89000000;4565.88000000;4565.88000000;TP;2.0000;2.7678;-0.2996;2;London
MSZZC1|6:XAUUSD|1:5|1:1|1:2|66:BO|XAUUSD|5|1|L|1779728700|MSZZ|XAUUSD|5|1|1|1779725100|1779725700;1012;XAUUSD;PERIOD_M5;LONG;2026.05.25 17:05:00;2026.05.25 17:10:00;2026.05.25 18:10:00;4569.72000000;4560.15000000;4588.86000000;4566.55000000;OTHER;-0.3312;0.4242;-0.4995;12;NewYork
MSZZC1|6:XAUUSD|1:5|2:-1|1:2|67:BO|XAUUSD|5|1|S|1779732300|MSZZ|XAUUSD|5|1|-1|1779727500|1779728700;1012;XAUUSD;PERIOD_M5;SHORT;2026.05.25 18:05:00;2026.05.25 18:10:00;2026.05.25 18:14:58;4566.55000000;4571.35000000;4556.95000000;4571.35000000;SL;-1.0000;0.1000;-1.5062;0;NewYork
MSZZC1|6:XAUUSD|1:5|2:-1|1:2|67:BO|XAUUSD|5|1|S|1779734100|MSZZ|XAUUSD|5|1|-1|1779727500|1779728700;1012;XAUUSD;PERIOD_M5;SHORT;2026.05.25 18:35:00;2026.05.25 18:40:00;2026.05.25 19:54:57;4568.67000000;4573.78000000;4558.45000000;4573.78000000;SL;-1.0000;0.1624;-1.2074;14;NewYork
MSZZC1|6:XAUUSD|1:5|1:1|1:2|66:BO|XAUUSD|5|1|L|1779739500|MSZZ|XAUUSD|5|1|1|1779732600|1779732600;1012;XAUUSD;PERIOD_M5;LONG;2026.05.25 20:05:00;2026.05.25 20:10:00;2026.05.26 02:35:00;4576.24000000;4560.15000000;4608.42000000;4560.50000000;OTHER;-0.9782;0.2536;-1.3132;77;NewYork
MSZZC1|6:XAUUSD|1:5|2:-1|1:2|67:BO|XAUUSD|5|1|S|1779762600|MSZZ|XAUUSD|5|1|-1|1779741900|1779743100;1012;XAUUSD;PERIOD_M5;SHORT;2026.05.26 02:30:00;2026.05.26 02:35:00;2026.05.26 11:29:58;4560.50000000;4580.32000000;4520.86000000;4520.86000000;TP;2.0000;2.0202;-0.1302;106;Asian
MSZZC1|6:XAUUSD|1:5|2:-1|1:2|67:BO|XAUUSD|5|1|S|1779809700|MSZZ|XAUUSD|5|1|-1|1779806100|1779806100;1012;XAUUSD;PERIOD_M5;SHORT;2026.05.26 15:35:00;2026.05.26 15:40:00;2026.05.27 14:59:58;4502.39000000;4540.82000000;4425.53000000;4425.53000000;TP;2.0000;2.0169;-0.9235;279;London
MSZZC1|6:XAUUSD|1:5|2:-1|1:2|67:BO|XAUUSD|5|1|S|1779895800|MSZZ|XAUUSD|5|1|-1|1779888900|1779888900;1012;XAUUSD;PERIOD_M5;SHORT;2026.05.27 15:30:00;2026.05.27 15:35:00;2026.05.28 19:24:58;4447.44000000;4498.68000000;4344.96000000;4498.68000000;SL;-1.0000;1.5794;-1.0736;333;London
MSZZC1|6:XAUUSD|1:5|1:1|1:2|66:BO|XAUUSD|5|1|L|1779996000|MSZZ|XAUUSD|5|1|1|1779995700|1779995700;1012;XAUUSD;PERIOD_M5;LONG;2026.05.28 19:20:00;2026.05.28 19:25:00;2026.05.29 18:09:58;4502.28000000;4462.05000000;4582.74000000;4582.74000000;TP;2.0000;2.1742;-0.3356;272;NewYork
MSZZC1|6:XAUUSD|1:5|2:-1|1:2|67:BO|XAUUSD|5|1|S|1780330800|MSZZ|XAUUSD|5|1|-1|1780330200|1780330200;1012;XAUUSD;PERIOD_M5;SHORT;2026.06.01 16:20:00;2026.06.01 16:25:00;2026.06.02 03:30:00;4466.04000000;4497.37000000;4403.38000000;4493.99000000;OTHER;-0.8921;0.5870;-0.9920;133;NewYork
MSZZC1|6:XAUUSD|1:5|1:1|1:2|66:BO|XAUUSD|5|1|L|1780370700|MSZZ|XAUUSD|5|1|1|1779995700|1779995700;1012;XAUUSD;PERIOD_M5;LONG;2026.06.02 03:25:00;2026.06.02 03:30:00;2026.06.02 04:49:58;4493.99000000;4472.52000000;4536.93000000;4472.52000000;SL;-1.0000;0.1458;-1.0242;15;Asian
MSZZC1|6:XAUUSD|1:5|2:-1|1:2|67:BO|XAUUSD|5|1|S|1780375800|MSZZ|XAUUSD|5|1|-1|1780330200|1780330200;1012;XAUUSD;PERIOD_M5;SHORT;2026.06.02 04:50:00;2026.06.02 04:55:00;2026.06.02 06:29:58;4473.25000000;4497.37000000;4425.01000000;4497.37000000;SL;-1.0000;0.0800;-0.9963;18;Asian
MSZZC1|6:XAUUSD|1:5|1:1|1:2|66:BO|XAUUSD|5|1|L|1780381500|MSZZ|XAUUSD|5|1|1|1779995700|1779995700;1012;XAUUSD;PERIOD_M5;LONG;2026.06.02 06:25:00;2026.06.02 06:30:00;2026.06.02 10:14:58;4495.29000000;4472.52000000;4540.83000000;4540.83000000;TP;2.0000;2.0220;-0.1006;44;Asian
MSZZC1|6:XAUUSD|1:5|2:-1|1:2|67:BO|XAUUSD|5|1|S|1780399500|MSZZ|XAUUSD|5|1|-1|1780397400|1780398000;1012;XAUUSD;PERIOD_M5;SHORT;2026.06.02 11:25:00;2026.06.02 11:30:00;2026.06.02 13:55:00;4530.76000000;4539.41000000;4513.46000000;4532.60000000;OTHER;-0.2127;1.0798;-0.5815;29;London
MSZZC1|6:XAUUSD|1:5|1:1|1:2|66:BO|XAUUSD|5|1|L|1780408200|MSZZ|XAUUSD|5|1|1|1780402500|1780403100;1012;XAUUSD;PERIOD_M5;LONG;2026.06.02 13:50:00;2026.06.02 13:55:00;2026.06.02 15:49:58;4532.60000000;4521.42000000;4554.96000000;4521.42000000;SL;-1.0000;0.1869;-1.1225;22;London
MSZZC1|6:XAUUSD|1:5|2:-1|1:2|67:BO|XAUUSD|5|1|S|1780415100|MSZZ|XAUUSD|5|1|-1|1780413300|1780413600;1012;XAUUSD;PERIOD_M5;SHORT;2026.06.02 15:45:00;2026.06.02 15:50:00;2026.06.02 17:24:58;4520.43000000;4534.69000000;4491.91000000;4491.91000000;TP;2.0000;2.1080;-0.2924;18;London
MSZZC1|6:XAUUSD|1:5|2:-1|1:2|67:BO|XAUUSD|5|1|S|1780530300|MSZZ|XAUUSD|5|1|-1|1780529400|1780529400;1012;XAUUSD;PERIOD_M5;SHORT;2026.06.03 23:45:00;2026.06.03 23:50:00;2026.06.04 01:59:58;4431.36000000;4449.28000000;4395.52000000;4449.28000000;SL;-1.0000;0.4648;-1.1780;25;NewYork
MSZZC1|6:XAUUSD|1:5|2:-1|1:2|67:BO|XAUUSD|5|1|S|1780624200|MSZZ|XAUUSD|5|1|-1|1780621200|1780622100;1012;XAUUSD;PERIOD_M5;SHORT;2026.06.05 01:50:00;2026.06.05 01:55:00;2026.06.05 04:44:58;4469.68000000;4481.33000000;4446.38000000;4446.38000000;TP;2.0000;2.0850;-0.3940;33;Asian
MSZZC1|6:XAUUSD|1:5|1:1|1:2|66:BO|XAUUSD|5|1|L|1781493300|MSZZ|XAUUSD|5|1|1|1781485200|1781485200;1012;XAUUSD;PERIOD_M5;LONG;2026.06.15 03:15:00;2026.06.15 03:20:00;2026.06.18 22:34:58;4304.45000000;4201.90000000;4509.55000000;4201.90000000;SL;-1.0000;0.7578;-1.0047;1094;Asian
MSZZC1|6:XAUUSD|1:5|2:-1|1:2|67:BO|XAUUSD|5|1|S|1781879100|MSZZ|XAUUSD|5|1|-1|1781852100|1781852100;1012;XAUUSD;PERIOD_M5;SHORT;2026.06.19 14:25:00;2026.06.19 14:30:00;2026.06.19 15:55:00;4144.11000000;4178.60000000;4075.13000000;4173.23000000;OTHER;-0.8443;0.0638;-1.0470;17;London
MSZZC1|6:XAUUSD|1:5|1:1|1:2|66:BO|XAUUSD|5|1|L|1781884200|MSZZ|XAUUSD|5|1|1|1781881800|1781883000;1012;XAUUSD;PERIOD_M5;LONG;2026.06.19 15:50:00;2026.06.19 15:55:00;2026.06.19 17:00:00;4173.23000000;4147.35000000;4224.99000000;4151.24000000;OTHER;-0.8497;0.3767;-0.9737;13;London
MSZZC1|6:XAUUSD|1:5|2:-1|1:2|67:BO|XAUUSD|5|1|S|1781888100|MSZZ|XAUUSD|5|1|-1|1781883900|1781884200;1012;XAUUSD;PERIOD_M5;SHORT;2026.06.19 16:55:00;2026.06.19 17:00:00;2026.06.22 03:49:58;4151.24000000;4182.98000000;4087.76000000;4182.98000000;SL;-1.0000;0.4635;-1.0466;705;NewYork
MSZZC1|6:XAUUSD|1:5|2:-1|1:2|67:BO|XAUUSD|5|1|S|1782790500|MSZZ|XAUUSD|5|1|-1|1782788700|1782789000;1012;XAUUSD;PERIOD_M5;SHORT;2026.06.30 03:35:00;2026.06.30 03:40:00;2026.06.30 09:34:58;3995.80000000;4022.61000000;3942.18000000;4022.61000000;SL;-1.0000;1.9937;-1.3253;70;Asian
MSZZC1|6:XAUUSD|1:5|1:1|1:2|66:BO|XAUUSD|5|1|L|1782812700|MSZZ|XAUUSD|5|1|1|1782811800|1782811800;1012;XAUUSD;PERIOD_M5;LONG;2026.06.30 09:45:00;2026.06.30 09:50:00;2026.06.30 19:00:00;4032.33000000;4003.30000000;4090.39000000;4029.41000000;OTHER;-0.1006;1.0685;-0.8161;110;London
MSZZC1|6:XAUUSD|1:5|2:-1|1:2|67:BO|XAUUSD|5|1|S|1782845700|MSZZ|XAUUSD|5|1|-1|1782837300|1782838200;1012;XAUUSD;PERIOD_M5;SHORT;2026.06.30 18:55:00;2026.06.30 19:00:00;2026.06.30 20:35:00;4029.41000000;4063.35000000;3961.53000000;4027.60000000;OTHER;0.0533;0.2575;-0.1273;19;NewYork
MSZZC1|6:XAUUSD|1:5|1:1|1:2|66:BO|XAUUSD|5|1|L|1782851400|MSZZ|XAUUSD|5|1|1|1782848700|1782849600;1012;XAUUSD;PERIOD_M5;LONG;2026.06.30 20:30:00;2026.06.30 20:35:00;2026.06.30 22:24:58;4027.60000000;4022.11000000;4038.58000000;4022.11000000;SL;-1.0000;1.1293;-1.0492;21;NewYork
MSZZC1|6:XAUUSD|1:5|2:-1|1:2|67:BO|XAUUSD|5|1|S|1782859800|MSZZ|XAUUSD|5|1|-1|1782850200|1782852000;1012;XAUUSD;PERIOD_M5;SHORT;2026.06.30 22:50:00;2026.06.30 22:55:00;2026.07.01 01:05:00;4016.35000000;4033.80000000;3981.45000000;4014.30000000;OTHER;0.1175;0.5960;-0.2699;26;NewYork
MSZZC1|6:XAUUSD|1:5|1:1|1:2|66:BO|XAUUSD|5|1|L|1782867600|MSZZ|XAUUSD|5|1|1|1782861300|1782861900;1012;XAUUSD;PERIOD_M5;LONG;2026.07.01 01:00:00;2026.07.01 01:05:00;2026.07.01 02:59:58;4014.30000000;4005.95000000;4031.00000000;4005.95000000;SL;-1.0000;0.4958;-1.0683;22;Asian
MSZZC1|6:XAUUSD|1:5|2:-1|1:2|67:BO|XAUUSD|5|1|S|1782893400|MSZZ|XAUUSD|5|1|-1|1782891600|1782891900;1012;XAUUSD;PERIOD_M5;SHORT;2026.07.01 08:10:00;2026.07.01 08:15:00;2026.07.01 11:19:57;3971.93000000;3982.66000000;3950.47000000;3982.66000000;SL;-1.0000;1.1146;-1.0336;36;London
MSZZC1|6:XAUUSD|1:5|1:1|1:2|66:BO|XAUUSD|5|1|L|1782909900|MSZZ|XAUUSD|5|1|1|1782904800|1782905700;1012;XAUUSD;PERIOD_M5;LONG;2026.07.01 12:45:00;2026.07.01 12:50:00;2026.07.01 14:14:58;3985.56000000;3971.30000000;4014.08000000;4014.08000000;TP;2.0000;2.3808;-0.3072;16;London
MSZZC1|6:XAUUSD|1:5|1:1|1:2|66:BO|XAUUSD|5|1|L|1782923400|MSZZ|XAUUSD|5|1|1|1782922800|1782922800;1012;XAUUSD;PERIOD_M5;LONG;2026.07.01 16:30:00;2026.07.01 16:35:00;2026.07.02 15:34:58;4048.18000000;4012.91000000;4118.72000000;4118.72000000;TP;2.0000;2.2475;-0.5551;275;NewYork
MSZZC1|6:XAUUSD|1:5|1:1|1:2|66:BO|XAUUSD|5|1|L|1783539900|MSZZ|XAUUSD|5|1|1|1783539600|1783539600;1012;XAUUSD;PERIOD_M5;LONG;2026.07.08 19:45:00;2026.07.08 19:50:00;2026.07.09 17:04:58;4058.66000000;4021.81000000;4132.36000000;4132.36000000;TP;2.0000;2.0725;-0.1191;254;NewYork
MSZZC1|6:XAUUSD|1:5|2:-1|1:2|67:BO|XAUUSD|5|1|S|1784103000|MSZZ|XAUUSD|5|1|-1|1784097000|1784100300;1012;XAUUSD;PERIOD_M5;SHORT;2026.07.15 08:10:00;2026.07.15 08:15:00;2026.07.15 08:40:00;4026.09000000;4035.17000000;4007.93000000;4031.65000000;OTHER;-0.6123;0.4306;-1.1498;5;London
MSZZC1|6:XAUUSD|1:5|1:1|1:2|66:BO|XAUUSD|5|1|L|1784104500|MSZZ|XAUUSD|5|1|1|1784100600|1784101200;1012;XAUUSD;PERIOD_M5;LONG;2026.07.15 08:35:00;2026.07.15 08:40:00;2026.07.15 09:24:57;4031.65000000;4022.18000000;4050.59000000;4022.18000000;SL;-1.0000;0.5153;-1.0982;8;London
MSZZC1|6:XAUUSD|1:5|1:1|1:2|66:BO|XAUUSD|5|1|L|1784107800|MSZZ|XAUUSD|5|1|1|1784100600|1784101200;1012;XAUUSD;PERIOD_M5;LONG;2026.07.15 09:30:00;2026.07.15 09:35:00;2026.07.15 10:29:58;4028.23000000;4022.18000000;4040.33000000;4022.18000000;SL;-1.0000;1.0264;-1.3570;10;London
MSZZC1|6:XAUUSD|1:5|1:1|1:2|66:BO|XAUUSD|5|1|L|1784112000|MSZZ|XAUUSD|5|1|1|1784100600|1784101200;1012;XAUUSD;PERIOD_M5;LONG;2026.07.15 10:40:00;2026.07.15 10:45:00;2026.07.15 10:49:57;4023.05000000;4022.18000000;4024.79000000;4022.18000000;SL;-1.0000;3.9770;-1.9770;0;London
MSZZC1|6:XAUUSD|1:5|1:1|1:2|66:BO|XAUUSD|5|1|L|1784114100|MSZZ|XAUUSD|5|1|1|1784100600|1784101200;1012;XAUUSD;PERIOD_M5;LONG;2026.07.15 11:15:00;2026.07.15 11:20:00;2026.07.15 11:34:58;4024.28000000;4022.18000000;4028.48000000;4028.48000000;TP;2.0000;2.3667;-0.8143;2;London
MSZZC1|6:XAUUSD|1:5|1:1|1:2|66:BO|XAUUSD|5|1|L|1784129700|MSZZ|XAUUSD|5|1|1|1784129400|1784129400;1012;XAUUSD;PERIOD_M5;LONG;2026.07.15 15:35:00;2026.07.15 15:40:00;2026.07.16 04:20:00;4064.02000000;4022.18000000;4147.70000000;4040.84000000;OTHER;-0.5540;0.4197;-0.8860;152;London
MSZZC1|6:XAUUSD|1:5|2:-1|1:2|67:BO|XAUUSD|5|1|S|1784175300|MSZZ|XAUUSD|5|1|-1|1784174100|1784174100;1012;XAUUSD;PERIOD_M5;SHORT;2026.07.16 04:15:00;2026.07.16 04:20:00;2026.07.16 16:04:58;4040.84000000;4066.17000000;3990.18000000;3990.18000000;TP;2.0000;2.5827;-0.2013;140;Asian
MSZZC1|6:XAUUSD|1:5|2:-1|1:2|67:BO|XAUUSD|5|1|S|1784319300|MSZZ|XAUUSD|5|1|-1|1784174100|1784174100;1012;XAUUSD;PERIOD_M5;SHORT;2026.07.17 20:15:00;2026.07.17 20:20:00;2026.07.21 08:44:58;4013.02000000;4066.17000000;3906.72000000;4066.17000000;SL;-1.0000;0.5720;-1.0068;1012;NewYork
MSZZC1|6:XAUUSD|1:5|1:1|1:2|66:BO|XAUUSD|5|1|L|1784682900|MSZZ|XAUUSD|5|1|1|1784668800|1784668800;1012;XAUUSD;PERIOD_M5;LONG;2026.07.22 01:15:00;2026.07.22 01:20:00;2026.07.22 04:04:58;4080.38000000;4066.74000000;4107.66000000;4107.66000000;TP;2.0000;2.4443;-0.2588;32;Asian
