variant,ticket,logical_position_id,entry_volume,exit_volume,volume_ok,weighted_exit_price,reported_exit_price,price_diff,price_ok,recomputed_r,reported_r,r_diff,r_ok,gross_money,commission,swap,net_money
D29_SR0,2,MSZZC1|6:XAUUSD|1:5|2:-1|1:4|39:MSZZ|XAUUSD|5|0|1|1741108200|1741108500,0.46,0.46,True,2913.57,2913.57,0.0,True,-1.0,-1.0,0.0,True,-249.78,-0.92,0.0,-250.7
D29_SR0,4,MSZZC1|6:XAUUSD|1:5|2:-1|1:4|39:MSZZ|XAUUSD|5|0|1|1741168500|1741168500,0.72,0.72,True,2909.45,2909.45,0.0,True,2.0,2.0,0.0,True,495.36,-1.44,0.0,493.92
D29_SR0,6,MSZZC1|6:XAUUSD|1:5|1:1|1:4|40:MSZZ|XAUUSD|5|0|-1|1741177200|1741177200,2.45,2.45,True,2913.82,2913.82,0.0,True,-1.0,-1.0,0.0,True,-249.9,-4.9,0.0,-254.8
D29_SR0,8,MSZZC1|6:XAUUSD|1:5|2:-1|1:4|39:MSZZ|XAUUSD|5|0|1|1741198500|1741198500,0.4,0.4,True,2922.93,2922.93,0.0,True,-0.013072,-0.013071895424824946,0.0,True,-3.2,-0.8,0.0,-4.0
D29_SR0,10,MSZZC1|6:XAUUSD|1:5|1:1|1:4|40:MSZZ|XAUUSD|5|0|-1|1741200900|1741200900,1.61,1.61,True,2921.38,2921.38,0.0,True,-1.0,-1.0,0.0,True,-249.55,-3.22,0.0,-252.77
D29_SR0,12,MSZZC1|6:XAUUSD|1:5|1:1|1:4|40:MSZZ|XAUUSD|5|0|-1|1741640400|1741640400,0.89,0.89,True,2899.69,2899.69,0.0,True,2.0,1.9999999999998364,0.0,True,494.84,-1.78,0.0,493.06
D29_SR0,14,MSZZC1|6:XAUUSD|1:5|1:1|1:4|40:MSZZ|XAUUSD|5|0|-1|1741686300|1741686300,0.77,0.77,True,2895.64,2895.64,0.0,True,-0.101538,-0.10153846153843915,0.0,True,-25.41,-1.54,0.0,-26.95
D29_SR0,16,MSZZC1|6:XAUUSD|1:5|2:-1|1:4|39:MSZZ|XAUUSD|5|0|1|1741674000|1741674000,0.73,0.73,True,2899.05,2899.05,0.0,True,-1.0,-1.0,0.0,True,-248.93,-1.46,0.0,-250.39
D29_SR0,18,MSZZC1|6:XAUUSD|1:5|2:-1|1:4|39:MSZZ|XAUUSD|5|0|1|1741690500|1741690800,0.53,0.53,True,2900.72,2900.72,0.0,True,-0.408511,-0.40851063829780687,0.0,True,-101.76,-1.06,0.0,-102.82
D29_SR0,20,MSZZC1|6:XAUUSD|1:5|1:1|1:4|40:MSZZ|XAUUSD|5|0|-1|1741691400|1741691400,0.92,0.92,True,2898.02,2898.02,0.0,True,-1.0,-1.0,0.0,True,-248.4,-1.84,0.0,-250.24
D29_SR0,22,MSZZC1|6:XAUUSD|1:5|1:1|1:4|40:MSZZ|XAUUSD|5|0|-1|1741368000|1741368000,0.84,0.84,True,2930.22,2930.22,0.0,True,2.0,1.9999999999998463,0.0,True,497.28,-1.68,0.0,495.6
D29_SR0,24,MSZZC1|6:XAUUSD|1:5|2:-1|1:4|39:MSZZ|XAUUSD|5|0|1|1742583900|1742583900,2.97,2.97,True,3013.35,3013.35,0.0,True,2.0,2.0000000000010827,0.0,True,498.96,-5.94,0.0,493.02
D29_SR0,26,MSZZC1|6:XAUUSD|1:5|1:1|1:4|40:MSZZ|XAUUSD|5|0|-1|1742898000|1742898000,1.39,1.39,True,3017.28,3017.28,0.0,True,2.0,2.0000000000005054,0.0,True,500.4,-2.78,0.0,497.62
D29_SR0,28,MSZZC1|6:XAUUSD|1:5|2:-1|1:4|39:MSZZ|XAUUSD|5|0|1|1742901600|1742901600,1.11,1.11,True,3018.7,3018.7,0.0,True,-1.0,-1.0,0.0,True,-251.97,-2.22,0.0,-254.19
D29_SR0,30,MSZZC1|6:XAUUSD|1:5|2:-1|1:4|39:MSZZ|XAUUSD|5|0|1|1742919000|1742919300,1.36,1.36,True,3021.08,3021.08,0.0,True,2.0,2.000000000000246,0.0,True,503.2,-2.72,0.0,500.48
D29_SR0,32,MSZZC1|6:XAUUSD|1:5|1:1|1:4|40:MSZZ|XAUUSD|5|0|-1|1742926200|1742926200,0.41,0.41,True,3018.04,3018.04,0.0,True,-1.0,-1.0,0.0,True,-252.97,-0.82,0.0,-253.79
D29_SR0,34,MSZZC1|6:XAUUSD|1:5|1:1|1:4|40:MSZZ|XAUUSD|5|0|-1|1742987400|1742987400,0.9,0.9,True,3026.88,3026.88,0.0,True,-1.0,-1.0,0.0,True,-252.0,-1.8,0.0,-253.8
D29_SR0,36,MSZZC1|6:XAUUSD|1:5|1:1|1:4|40:MSZZ|XAUUSD|5|0|-1|1742457900|1742458200,0.35,0.35,True,3052.87,3052.8700000000003,0.0,True,-0.213389,-0.21338912133887444,0.0,True,-53.55,-0.7,0.0,-54.25
D29_SR0,38,MSZZC1|6:XAUUSD|1:5|2:-1|1:4|39:MSZZ|XAUUSD|5|0|1|1743081900|1743081900,1.39,1.39,True,3054.68,3054.6800000000003,0.0,True,-1.0,-1.0000000000002511,0.0,True,-251.59,-2.78,0.0,-254.37
D29_SR0,40,MSZZC1|6:XAUUSD|1:5|2:-1|1:4|39:MSZZ|XAUUSD|5|0|1|1743081300|1743081300,0.59,0.59,True,3041.54,3041.54,0.0,True,2.0,1.9999999999998928,0.0,True,500.32,-1.18,0.0,499.14
D29_SR0,42,MSZZC1|6:XAUUSD|1:5|1:1|1:4|40:MSZZ|XAUUSD|5|0|-1|1743091800|1743091800,0.27,0.27,True,3068.25,3068.25,0.0,True,2.0,2.0,0.0,True,499.5,-0.54,-12.42,486.54
D29_SR0,44,MSZZC1|6:XAUUSD|1:5|2:-1|1:4|39:MSZZ|XAUUSD|5|0|1|1743768000|1743768000,0.08,0.08,True,3009.56,3009.56,0.0,True,2.0,2.000000000000015,0.0,True,486.56,-0.16,5.52,491.92
D29_SR0,46,MSZZC1|6:XAUUSD|1:5|2:-1|1:4|39:MSZZ|XAUUSD|5|0|1|1744255200|1744255200,0.34,0.34,True,3078.66,3078.66,0.0,True,2.0,2.000000000000125,0.0,True,496.4,-0.68,0.0,495.72
D29_SR0,48,MSZZC1|6:XAUUSD|1:5|2:-1|1:4|39:MSZZ|XAUUSD|5|0|1|1744261800|1744261800,0.45,0.45,True,3114.01,3114.01,0.0,True,-0.447183,-0.44718309859160005,0.0,True,-114.3,-0.9,0.0,-115.2
D29_SR0,50,MSZZC1|6:XAUUSD|1:5|1:1|1:4|40:MSZZ|XAUUSD|5|0|-1|1743777900|1743777900,0.09,0.09,True,3165.57,3165.57,0.0,True,2.0,1.9999999999999825,0.0,True,464.04,-0.18,0.0,463.86
D29_SR0,52,MSZZC1|6:XAUUSD|1:5|1:1|1:4|40:MSZZ|XAUUSD|5|0|-1|1745511600|1745511600,0.36,0.36,True,3319.7,3319.7,0.0,True,-1.0,-1.0,0.0,True,-250.2,-0.72,0.0,-250.92
D29_SR0,54,MSZZC1|6:XAUUSD|1:5|1:1|1:4|40:MSZZ|XAUUSD|5|0|-1|1745472900|1745472900,1.18,1.18,True,3343.45,3343.45,0.0,True,2.0,1.9999999999997904,0.0,True,512.12,-2.36,0.0,509.76
D29_SR0,56,MSZZC1|6:XAUUSD|1:5|2:-1|1:4|39:MSZZ|XAUUSD|5|0|1|1745550300|1745550300,1.09,1.09,True,3358.17,3358.17,0.0,True,-1.0,-1.0,0.0,True,-257.24,-2.18,0.0,-259.42
D29_SR0,58,MSZZC1|6:XAUUSD|1:5|2:-1|1:4|39:MSZZ|XAUUSD|5|0|1|1745553900|1745553900,0.22,0.22,True,3329.51,3329.51,0.0,True,2.0,1.9999999999999594,0.0,True,493.24,-0.44,0.0,492.8
D29_SR0,60,MSZZC1|6:XAUUSD|1:5|1:1|1:4|40:MSZZ|XAUUSD|5|0|-1|1746038400|1746038400,0.5,0.5,True,3299.02,3299.02,0.0,True,-1.0,-1.0,0.0,True,-258.0,-1.0,0.0,-259.0
D29_SR0,62,MSZZC1|6:XAUUSD|1:5|1:1|1:4|40:MSZZ|XAUUSD|5|0|-1|1746053700|1746053700,0.2,0.2,True,3327.57,3327.5700000000006,0.0,True,2.0,2.000000000000072,0.0,True,506.4,-0.4,0.0,506.0
D29_SR0,64,MSZZC1|6:XAUUSD|1:5|1:1|1:4|40:MSZZ|XAUUSD|5|0|-1|1747021200|1747021200,0.5,0.5,True,3272.19,3272.19,0.0,True,-1.0,-1.0,0.0,True,-257.0,-1.0,0.0,-258.0
D29_SR0,66,MSZZC1|6:XAUUSD|1:5|2:-1|1:4|39:MSZZ|XAUUSD|5|0|1|1746417600|1746417600,0.25,0.25,True,3226.46,3226.46,0.0,True,2.0,2.0000000000000453,0.0,True,500.5,-0.5,0.0,500.0
D29_SR0,68,MSZZC1|6:XAUUSD|1:5|1:1|1:4|40:MSZZ|XAUUSD|5|0|-1|1747668000|1747668000,0.37,0.37,True,3234.47,3234.47,0.0,True,-1.0,-1.0,0.0,True,-258.26,-0.74,0.0,-259.0
D29_SR0,70,MSZZC1|6:XAUUSD|1:5|1:1|1:4|40:MSZZ|XAUUSD|5|0|-1|1747191600|1747191600,0.08,0.08,True,3330.32,3330.32,0.0,True,2.0,2.0000000000000155,0.0,True,473.92,-0.16,-7.36,466.4
D29_SR0,72,MSZZC1|6:XAUUSD|1:5|1:1|1:4|40:MSZZ|XAUUSD|5|0|-1|1748412900|1748412900,0.2,0.2,True,3296.04,3296.0400000000004,0.0,True,-1.0,-0.9999999999999646,0.0,True,-256.8,-0.4,0.0,-257.2
D29_SR0,74,MSZZC1|6:XAUUSD|1:5|2:-1|1:4|39:MSZZ|XAUUSD|5|0|1|1748528700|1748528700,0.27,0.27,True,3297.14,3297.14,0.0,True,-0.081985,-0.08198489751885275,0.0,True,-20.52,-0.54,0.0,-21.06
D29_SR0,76,MSZZC1|6:XAUUSD|1:5|1:1|1:4|40:MSZZ|XAUUSD|5|0|-1|1748586300|1748586300,1.16,1.16,True,3301.6,3301.6,0.0,True,2.0,2.0,0.0,True,517.36,-2.32,0.0,515.04
D29_SR0,78,MSZZC1|6:XAUUSD|1:5|2:-1|1:4|39:MSZZ|XAUUSD|5|0|1|1748594100|1748594100,0.34,0.34,True,3301.7,3301.7,0.0,True,-1.0,-1.0,0.0,True,-255.0,-0.68,0.0,-255.68
D29_SR0,80,MSZZC1|6:XAUUSD|1:5|2:-1|1:4|39:MSZZ|XAUUSD|5|0|1|1748600700|1748601300,0.47,0.47,True,3299.26,3299.26,0.0,True,-1.0,-1.0,0.0,True,-255.68,-0.94,0.0,-256.62
D29_SR0,82,MSZZC1|6:XAUUSD|1:5|2:-1|1:4|39:MSZZ|XAUUSD|5|0|1|1748607600|1748607900,0.74,0.74,True,3290.18,3290.1799999999994,0.0,True,2.0,2.0000000000001306,0.0,True,515.04,-1.48,0.0,513.56
D29_SR0,84,MSZZC1|6:XAUUSD|1:5|2:-1|1:4|39:MSZZ|XAUUSD|5|0|1|1748616900|1748617200,0.37,0.37,True,3296.14,3296.14,0.0,True,-1.0,-1.0,0.0,True,-259.0,-0.74,0.0,-259.74
D29_SR0,86,MSZZC1|6:XAUUSD|1:5|2:-1|1:4|39:MSZZ|XAUUSD|5|0|1|1748859000|1748859000,1.17,1.17,True,3347.65,3347.65,0.0,True,2.0,2.0,0.0,True,517.14,-2.34,0.0,514.8
D29_SR0,88,MSZZC1|6:XAUUSD|1:5|2:-1|1:4|39:MSZZ|XAUUSD|5|0|1|1748826000|1748826000,0.68,0.68,True,3297.94,3297.94,0.0,True,2.0,2.0,0.0,True,518.16,-1.36,0.0,516.8
D29_SR0,90,MSZZC1|6:XAUUSD|1:5|1:1|1:4|40:MSZZ|XAUUSD|5|0|-1|1749444900|1749444900,0.91,0.91,True,3302.19,3302.19,0.0,True,2.0,2.0000000000001585,0.0,True,522.34,-1.82,0.0,520.52
D29_SR0,92,MSZZC1|6:XAUUSD|1:5|1:1|1:4|40:MSZZ|XAUUSD|5|0|-1|1749237900|1749237900,0.44,0.44,True,3319.98,3319.9800000000005,0.0,True,-1.0,-0.9999999999999241,0.0,True,-263.56,-0.88,0.0,-264.44
D29_SR0,94,MSZZC1|6:XAUUSD|1:5|1:1|1:4|40:MSZZ|XAUUSD|5|0|-1|1749223800|1749223800,0.56,0.56,True,3362.72,3362.72,0.0,True,2.0,1.9999999999999023,0.0,True,520.8,-1.12,-25.76,493.92
D29_SR0,96,MSZZC1|6:XAUUSD|1:5|1:1|1:4|40:MSZZ|XAUUSD|5|0|-1|1749693000|1749693000,0.78,0.78,True,3363.38,3363.38,0.0,True,-1.0,-1.0,0.0,True,-261.3,-1.56,0.0,-262.86
D29_SR0,98,MSZZC1|6:XAUUSD|1:5|2:-1|1:4|39:MSZZ|XAUUSD|5|0|1|1749698700|1749698700,0.84,0.84,True,3371.32,3371.32,0.0,True,-1.0,-1.0,0.0,True,-263.76,-1.68,0.0,-265.44
D29_SR0,100,MSZZC1|6:XAUUSD|1:5|1:1|1:4|40:MSZZ|XAUUSD|5|0|-1|1749719700|1749719700,0.84,0.84,True,3374.59,3374.59,0.0,True,2.0,2.0000000000001457,0.0,True,524.16,-1.68,0.0,522.48
D29_SR0,102,MSZZC1|6:XAUUSD|1:5|1:1|1:4|40:MSZZ|XAUUSD|5|0|-1|1749723300|1749723300,1.46,1.46,True,3368.32,3368.32,0.0,True,-1.0,-1.0,0.0,True,-264.26,-2.92,0.0,-267.18
D29_SR0,104,MSZZC1|6:XAUUSD|1:5|2:-1|1:4|39:MSZZ|XAUUSD|5|0|1|1750363800|1750363800,0.35,0.35,True,3369.53,3369.5299999999997,0.0,True,-0.204027,-0.2040268456375254,0.0,True,-53.2,-0.7,0.0,-53.9
D29_SR0,106,MSZZC1|6:XAUUSD|1:5|1:1|1:4|40:MSZZ|XAUUSD|5|0|-1|1750365000|1750365000,0.96,0.96,True,3366.8,3366.8,0.0,True,-1.0,-1.0,0.0,True,-262.08,-1.92,0.0,-264.0
D29_SR0,108,MSZZC1|6:XAUUSD|1:5|1:1|1:4|40:MSZZ|XAUUSD|5|0|-1|1750939200|1750939200,1.33,1.33,True,3348.59,3348.59,0.0,True,2.0,1.999999999999769,0.0,True,524.02,-2.66,0.0,521.36
D29_SR0,110,MSZZC1|6:XAUUSD|1:5|1:1|1:4|40:MSZZ|XAUUSD|5|0|-1|1750748400|1750748400,0.7,0.7,True,3348.08,3348.08,0.0,True,-1.0,-1.0,0.0,True,-263.9,-1.4,0.0,-265.3
D29_SR0,112,MSZZC1|6:XAUUSD|1:5|2:-1|1:4|39:MSZZ|XAUUSD|5|0|1|1751383200|1751383200,0.79,0.79,True,3357.93,3357.9300000000003,0.0,True,-1.0,-1.0000000000001366,0.0,True,-263.07,-1.58,0.0,-264.65
D29_SR0,114,MSZZC1|6:XAUUSD|1:5|2:-1|1:4|39:MSZZ|XAUUSD|5|0|1|1751381700|1751382300,0.46,0.46,True,3352.55,3352.55,0.0,True,-1.0,-1.0,0.0,True,-261.74,-0.92,0.0,-262.66
D29_SR0,116,MSZZC1|6:XAUUSD|1:5|2:-1|1:4|39:MSZZ|XAUUSD|5|0|1|1751457900|1751457900,0.31,0.31,True,3344.1,3344.1000000000004,0.0,True,-1.0,-1.0000000000000537,0.0,True,-261.95,-0.62,0.0,-262.57
D29_SR0,118,MSZZC1|6:XAUUSD|1:5|1:1|1:4|40:MSZZ|XAUUSD|5|0|-1|1751970000|1751970000,1.74,1.74,True,3333.48,3333.4799999999996,0.0,True,-1.0,-1.000000000000303,0.0,True,-261.0,-3.48,0.0,-264.48
D29_SR0,120,MSZZC1|6:XAUUSD|1:5|2:-1|1:4|39:MSZZ|XAUUSD|5|0|1|1752224700|1752224700,0.72,0.72,True,3339.23,3339.2299999999996,0.0,True,-1.0,-0.999999999999874,0.0,True,-259.92,-1.44,0.0,-261.36
D29_SR0,122,MSZZC1|6:XAUUSD|1:5|1:1|1:4|40:MSZZ|XAUUSD|5|0|-1|1752597000|1752597000,0.54,0.54,True,3349.57,3349.57,0.0,True,2.0,1.999999999999905,0.0,True,516.24,-1.08,0.0,515.16
D29_SR0,124,MSZZC1|6:XAUUSD|1:5|1:1|1:4|40:MSZZ|XAUUSD|5|0|-1|1752604200|1752604200,3.19,3.19,True,3328.02,3328.02,0.0,True,2.0,1.9999999999994453,0.0,True,523.16,-6.38,0.0,516.78
D29_SR0,126,MSZZC1|6:XAUUSD|1:5|1:1|1:4|40:MSZZ|XAUUSD|5|0|-1|1752621900|1752622200,1.14,1.14,True,3333.2,3333.2,0.0,True,2.0,2.0,0.0,True,522.12,-2.28,0.0,519.84
D29_SR0,128,MSZZC1|6:XAUUSD|1:5|2:-1|1:4|39:MSZZ|XAUUSD|5|0|1|1752688200|1752688200,0.31,0.31,True,3311.74,3311.7400000000002,0.0,True,2.0,2.000000000000055,0.0,True,512.12,-0.62,0.0,511.5
D29_SR0,130,MSZZC1|6:XAUUSD|1:5|1:1|1:4|40:MSZZ|XAUUSD|5|0|-1|1752855600|1752855600,0.74,0.74,True,3353.9,3353.9,0.0,True,-1.0,-1.0,0.0,True,-263.44,-1.48,0.0,-264.92
D29_SR0,132,MSZZC1|6:XAUUSD|1:5|2:-1|1:4|39:MSZZ|XAUUSD|5|0|1|1752829800|1752829800,0.35,0.35,True,3339.18,3339.1800000000003,0.0,True,-1.0,-1.0000000000000617,0.0,True,-258.3,-0.7,0.0,-259.0
D29_SR0,134,MSZZC1|6:XAUUSD|1:5|2:-1|1:4|39:MSZZ|XAUUSD|5|0|1|1754078100|1754078100,2.21,2.21,True,3349.13,3349.13,0.0,True,-1.0,-1.0,0.0,True,-262.99,-4.42,0.0,-267.41
D29_SR0,136,MSZZC1|6:XAUUSD|1:5|2:-1|1:4|39:MSZZ|XAUUSD|5|0|1|1754485800|1754485800,0.78,0.78,True,3365.86,3365.86,0.0,True,-1.0,-1.0,0.0,True,-260.52,-1.56,0.0,-262.08
D29_SR0,138,MSZZC1|6:XAUUSD|1:5|2:-1|1:4|39:MSZZ|XAUUSD|5|0|1|1754914800|1754914800,0.85,0.85,True,3354.4,3354.3999999999996,0.0,True,2.0,2.0000000000001474,0.0,True,523.6,-1.7,0.0,521.9
D29_SR0,140,MSZZC1|6:XAUUSD|1:5|1:1|1:4|40:MSZZ|XAUUSD|5|0|-1|1754921100|1754921100,0.68,0.68,True,3351.34,3351.3400000000006,0.0,True,-1.0,-0.9999999999998825,0.0,True,-263.16,-1.36,0.0,-264.52
D29_SR0,142,MSZZC1|6:XAUUSD|1:5|2:-1|1:4|39:MSZZ|XAUUSD|5|0|1|1754929800|1754930100,0.7,0.7,True,3348.0,3348.0,0.0,True,2.0,1.999999999999879,0.0,True,526.4,-1.4,0.0,525.0
D29_SR0,144,MSZZC1|6:XAUUSD|1:5|1:1|1:4|40:MSZZ|XAUUSD|5|0|-1|1754933100|1754933100,0.16,0.16,True,3356.23,3356.23,0.0,True,-0.139147,-0.13914656771799566,0.0,True,-36.0,-0.32,0.0,-36.32
D29_SR0,146,MSZZC1|6:XAUUSD|1:5|2:-1|1:4|39:MSZZ|XAUUSD|5|0|1|1754944500|1754944500,1.01,1.01,True,3350.99,3350.99,0.0,True,2.0,2.0000000000001736,0.0,True,529.24,-2.02,0.0,527.22
D29_SR0,148,MSZZC1|6:XAUUSD|1:5|2:-1|1:4|39:MSZZ|XAUUSD|5|0|1|1754960700|1754960700,2.12,2.12,True,3346.58,3346.58,0.0,True,-1.0,-1.0,0.0,True,-265.0,-4.24,0.0,-269.24
D29_SR0,150,MSZZC1|6:XAUUSD|1:5|2:-1|1:4|39:MSZZ|XAUUSD|5|0|1|1755075600|1755075600,1.15,1.15,True,3353.27,3353.27,0.0,True,-1.0,-1.0,0.0,True,-264.5,-2.3,0.0,-266.8
D29_SR0,152,MSZZC1|6:XAUUSD|1:5|2:-1|1:4|39:MSZZ|XAUUSD|5|0|1|1755717300|1755717300,4.9,4.9,True,3346.24,3346.24,0.0,True,-1.0,-1.0,0.0,True,-264.6,-9.8,0.0,-274.4
D29_SR0,154,MSZZC1|6:XAUUSD|1:5|2:-1|1:4|39:MSZZ|XAUUSD|5|0|1|1755749700|1755749700,1.78,1.78,True,3340.57,3340.57,0.0,True,2.0,2.0,0.0,True,526.88,-3.56,0.0,523.32
D29_SR0,156,MSZZC1|6:XAUUSD|1:5|2:-1|1:4|39:MSZZ|XAUUSD|5|0|1|1755814200|1755814200,0.77,0.77,True,3331.38,3331.38,0.0,True,2.0,1.999999999999867,0.0,True,526.68,-1.54,17.71,542.85
D29_SR0,158,MSZZC1|6:XAUUSD|1:5|1:1|1:4|40:MSZZ|XAUUSD|5|0|-1|1755838800|1755838800,0.9,0.9,True,3330.96,3330.96,0.0,True,-1.0,-1.0,0.0,True,-266.4,-1.8,0.0,-268.2
D29_SR0,160,MSZZC1|6:XAUUSD|1:5|2:-1|1:4|39:MSZZ|XAUUSD|5|0|1|1758146700|1758147000,1.01,1.01,True,3665.7,3665.7,0.0,True,-1.0,-1.0,0.0,True,-265.63,-2.02,0.0,-267.65
D29_SR0,162,MSZZC1|6:XAUUSD|1:5|2:-1|1:4|39:MSZZ|XAUUSD|5|0|1|1757604600|1757604600,0.57,0.57,True,3642.03,3642.0300000000007,0.0,True,-1.0,-1.0000000000000977,0.0,True,-265.05,-1.14,0.0,-266.19
D29_SR0,164,MSZZC1|6:XAUUSD|1:5|1:1|1:4|40:MSZZ|XAUUSD|5|0|-1|1758213300|1758213300,2.56,2.56,True,3640.84,3640.84,0.0,True,2.0,1.9999999999995586,0.0,True,527.36,-5.12,0.0,522.24
D29_SR0,166,MSZZC1|6:XAUUSD|1:5|1:1|1:4|40:MSZZ|XAUUSD|5|0|-1|1758257100|1758257100,0.65,0.65,True,3651.1,3651.1,0.0,True,2.0,1.9999999999998888,0.0,True,531.7,-1.3,0.0,530.4
D29_SR0,168,MSZZC1|6:XAUUSD|1:5|2:-1|1:4|39:MSZZ|XAUUSD|5|0|1|1758258600|1758258600,0.47,0.47,True,3651.1,3651.1,0.0,True,-1.0,-1.0,0.0,True,-266.49,-0.94,0.0,-267.43
D29_SR0,170,MSZZC1|6:XAUUSD|1:5|2:-1|1:4|39:MSZZ|XAUUSD|5|0|1|1758276900|1758276900,2.05,2.05,True,3649.61,3649.61,0.0,True,2.0,1.9999999999996503,0.0,True,533.0,-4.1,0.0,528.9
D29_SR0,172,MSZZC1|6:XAUUSD|1:5|2:-1|1:4|39:MSZZ|XAUUSD|5|0|1|1758294000|1758294000,4.32,4.32,True,3650.01,3650.01,0.0,True,2.0,2.0,0.0,True,535.68,-8.64,0.0,527.04
D29_SR0,174,MSZZC1|6:XAUUSD|1:5|1:1|1:4|40:MSZZ|XAUUSD|5|0|-1|1761062400|1761062400,0.35,0.35,True,4212.4,4212.4,0.0,True,2.0,1.9999999999997597,0.0,True,529.9,-0.7,0.0,529.2
D29_SR0,176,MSZZC1|6:XAUUSD|1:5|1:1|1:4|40:MSZZ|XAUUSD|5|0|-1|1761065400|1761065400,0.16,0.16,True,4165.34,4165.34,0.0,True,-1.0,-1.0,0.0,True,-266.24,-0.32,0.0,-266.56
D29_SR0,178,MSZZC1|6:XAUUSD|1:5|2:-1|1:4|39:MSZZ|XAUUSD|5|0|1|1760490300|1760490300,0.05,0.05,True,4141.57,4141.57,0.0,True,-0.449112,-0.4491124260354952,0.0,True,-113.85,-0.1,0.0,-113.95
D29_SR0,180,MSZZC1|6:XAUUSD|1:5|1:1|1:4|40:MSZZ|XAUUSD|5|0|-1|1761067500|1761067500,0.16,0.16,True,4125.13,4125.13,0.0,True,-1.0,-1.0,0.0,True,-263.04,-0.32,0.0,-263.36
D29_SR0,182,MSZZC1|6:XAUUSD|1:5|1:1|1:4|40:MSZZ|XAUUSD|5|0|-1|1761094800|1761094800,0.28,0.28,True,4113.89,4113.89,0.0,True,-1.0,-1.0,0.0,True,-263.2,-0.56,0.0,-263.76
D29_SR0,184,MSZZC1|6:XAUUSD|1:5|1:1|1:4|40:MSZZ|XAUUSD|5|0|-1|1762220700|1762220700,0.43,0.43,True,3986.59,3986.59,0.0,True,-1.0,-1.0,0.0,True,-264.45,-0.86,0.0,-265.31
D29_SR0,186,MSZZC1|6:XAUUSD|1:5|2:-1|1:4|39:MSZZ|XAUUSD|5|0|1|1762321500|1762321500,0.49,0.49,True,3970.07,3970.07,0.0,True,-1.0,-1.0,0.0,True,-264.11,-0.98,0.0,-265.09
D29_SR0,188,MSZZC1|6:XAUUSD|1:5|1:1|1:4|40:MSZZ|XAUUSD|5|0|-1|1762266000|1762266000,0.22,0.22,True,3995.46,3995.46,0.0,True,-0.43,-0.4299999999999879,0.0,True,-113.52,-0.44,0.0,-113.96
D29_SR0,190,MSZZC1|6:XAUUSD|1:5|2:-1|1:4|39:MSZZ|XAUUSD|5|0|1|1762419600|1762419600,0.4,0.4,True,4002.12,4002.12,0.0,True,-1.0,-1.0,0.0,True,-266.4,-0.8,0.0,-267.2
D29_SR0,192,MSZZC1|6:XAUUSD|1:5|1:1|1:4|40:MSZZ|XAUUSD|5|0|-1|1762446300|1762446300,0.22,0.22,True,3987.15,3987.15,0.0,True,-1.0,-1.0,0.0,True,-261.14,-0.44,0.0,-261.58
D29_SR0,194,MSZZC1|6:XAUUSD|1:5|2:-1|1:4|39:MSZZ|XAUUSD|5|0|1|1762531800|1762531800,0.38,0.38,True,3987.02,3987.02,0.0,True,2.0,1.9999999999999336,0.0,True,519.84,-0.76,0.0,519.08
D29_SR0,196,MSZZC1|6:XAUUSD|1:5|2:-1|1:4|39:MSZZ|XAUUSD|5|0|1|1762539600|1762539600,0.14,0.14,True,4013.86,4013.86,0.0,True,-1.0,-1.0,0.0,True,-262.22,-0.28,9.66,-252.84
D29_SR0,198,MSZZC1|6:XAUUSD|1:5|2:-1|1:4|39:MSZZ|XAUUSD|5|0|1|1763366700|1763366700,0.31,0.31,True,4071.7,4071.6999999999994,0.0,True,-1.0,-0.9999999999999456,0.0,True,-259.16,-0.62,0.0,-259.78
D29_SR0,200,MSZZC1|6:XAUUSD|1:5|1:1|1:4|40:MSZZ|XAUUSD|5|0|-1|1763393700|1763393700,0.25,0.25,True,4064.03,4064.03,0.0,True,-1.0,-1.0,0.0,True,-255.75,-0.5,0.0,-256.25
D29_SR0,202,MSZZC1|6:XAUUSD|1:5|1:1|1:4|40:MSZZ|XAUUSD|5|0|-1|1763129700|1763129700,0.69,0.69,True,4114.82,4114.82,0.0,True,-1.0,-1.0,0.0,True,-264.27,-1.38,0.0,-265.65
D29_SR0,204,MSZZC1|6:XAUUSD|1:5|2:-1|1:4|39:MSZZ|XAUUSD|5|0|1|1763553300|1763553300,0.22,0.22,True,4112.17,4112.17,0.0,True,-0.414983,-0.41498316498318566,0.0,True,-108.46,-0.44,0.0,-108.9
D29_SR0,206,MSZZC1|6:XAUUSD|1:5|1:1|1:4|40:MSZZ|XAUUSD|5|0|-1|1763564400|1763564400,0.45,0.45,True,4106.39,4106.39,0.0,True,-1.0,-1.0,0.0,True,-260.1,-0.9,0.0,-261.0
D29_SR0,208,MSZZC1|6:XAUUSD|1:5|2:-1|1:4|39:MSZZ|XAUUSD|5|0|1|1763565900|1763565900,0.22,0.22,True,4117.88,4117.88,0.0,True,-1.0,-1.0,0.0,True,-254.76,-0.44,0.0,-255.2
D29_SR0,210,MSZZC1|6:XAUUSD|1:5|1:1|1:4|40:MSZZ|XAUUSD|5|0|-1|1763130300|1763130300,0.31,0.31,True,4109.3,4109.3,0.0,True,-1.0,-1.0,0.0,True,-261.33,-0.62,0.0,-261.95
D29_SR0,212,MSZZC1|6:XAUUSD|1:5|1:1|1:4|40:MSZZ|XAUUSD|5|0|-1|1763949900|1763949900,0.59,0.59,True,4071.36,4071.3599999999997,0.0,True,2.0,2.0,0.0,True,522.74,-1.18,0.0,521.56
D29_SR0,214,MSZZC1|6:XAUUSD|1:5|1:1|1:4|40:MSZZ|XAUUSD|5|0|-1|1763965800|1763965800,1.47,1.47,True,4045.05,4045.05,0.0,True,-1.0,-1.0,0.0,True,-263.13,-2.94,0.0,-266.07
D29_SR0,216,MSZZC1|6:XAUUSD|1:5|2:-1|1:4|39:MSZZ|XAUUSD|5|0|1|1764334200|1764334200,0.14,0.14,True,4188.02,4188.02,0.0,True,-1.0,-1.0,0.0,True,-262.22,-0.28,0.0,-262.5
D29_SR0,218,MSZZC1|6:XAUUSD|1:5|1:1|1:4|40:MSZZ|XAUUSD|5|0|-1|1765306800|1765307100,0.58,0.58,True,4207.0,4207.0,0.0,True,-1.0,-1.0,0.0,True,-257.52,-1.16,-26.68,-285.36
D29_SR0,220,MSZZC1|6:XAUUSD|1:5|2:-1|1:4|39:MSZZ|XAUUSD|5|0|1|1765336500|1765336500,1.1,1.1,True,4218.01,4218.01,0.0,True,-1.0,-1.0,0.0,True,-259.6,-2.2,0.0,-261.8
D29_SR0,222,MSZZC1|6:XAUUSD|1:5|1:1|1:4|40:MSZZ|XAUUSD|5|0|-1|1765343400|1765343400,0.49,0.49,True,4207.46,4207.46,0.0,True,-1.0,-1.0,0.0,True,-259.21,-0.98,0.0,-260.19
D29_SR0,224,MSZZC1|6:XAUUSD|1:5|1:1|1:4|40:MSZZ|XAUUSD|5|0|-1|1764958200|1764958200,0.16,0.16,True,4190.47,4190.47,0.0,True,-1.0,-1.0,0.0,True,-251.84,-0.32,0.0,-252.16
D29_SR0,226,MSZZC1|6:XAUUSD|1:5|1:1|1:4|40:MSZZ|XAUUSD|5|0|-1|1764957000|1764957000,1.56,1.56,True,4240.5,4240.5,0.0,True,-1.0,-1.0,0.0,True,-258.96,-3.12,0.0,-262.08
D29_SR0,228,MSZZC1|6:XAUUSD|1:5|2:-1|1:4|39:MSZZ|XAUUSD|5|0|1|1765417800|1765417800,0.34,0.34,True,4217.3,4217.3,0.0,True,2.0,1.9999999999998794,0.0,True,513.4,-0.68,0.0,512.72
D29_SR0,230,MSZZC1|6:XAUUSD|1:5|1:1|1:4|40:MSZZ|XAUUSD|5|0|-1|1765427100|1765427100,0.34,0.34,True,4245.89,4245.89,0.0,True,2.0,2.0,0.0,True,507.96,-0.68,0.0,507.28
D29_SR0,232,MSZZC1|6:XAUUSD|1:5|2:-1|1:4|39:MSZZ|XAUUSD|5|0|1|1766134500|1766134800,0.43,0.43,True,4329.21,4329.21,0.0,True,-1.0,-1.0,0.0,True,-255.42,-0.86,0.0,-256.28
D29_SR0,234,MSZZC1|6:XAUUSD|1:5|2:-1|1:4|39:MSZZ|XAUUSD|5|0|1|1766143500|1766143800,1.47,1.47,True,4324.44,4324.44,0.0,True,2.0,2.0,0.0,True,517.44,-2.94,0.0,514.5
D29_SR0,236,MSZZC1|6:XAUUSD|1:5|1:1|1:4|40:MSZZ|XAUUSD|5|0|-1|1766157900|1766157900,0.83,0.83,True,4326.19,4326.19,0.0,True,-1.0,-1.0,0.0,True,-261.45,-1.66,0.0,-263.11
D29_SR0,238,MSZZC1|6:XAUUSD|1:5|2:-1|1:4|39:MSZZ|XAUUSD|5|0|1|1766368800|1766368800,0.6,0.6,True,4366.29,4366.29,0.0,True,-1.0,-1.0,0.0,True,-258.6,-1.2,0.0,-259.8
D29_SR0,240,MSZZC1|6:XAUUSD|1:5|2:-1|1:4|39:MSZZ|XAUUSD|5|0|1|1766163600|1766163600,0.08,0.08,True,4331.66,4331.66,0.0,True,-0.514137,-0.5141371465713341,0.0,True,-126.56,-0.16,0.0,-126.72
D29_SR0,242,MSZZC1|6:XAUUSD|1:5|1:1|1:4|40:MSZZ|XAUUSD|5|0|-1|1767027900|1767027900,0.17,0.17,True,4316.51,4316.51,0.0,True,-1.0,-1.0,0.0,True,-257.55,-0.34,0.0,-257.89
D29_SR0,244,MSZZC1|6:XAUUSD|1:5|2:-1|1:4|39:MSZZ|XAUUSD|5|0|1|1767069900|1767069900,0.35,0.35,True,4365.39,4365.39,0.0,True,-1.0,-1.0,0.0,True,-254.1,-0.7,0.0,-254.8
D29_SR0,246,MSZZC1|6:XAUUSD|1:5|2:-1|1:4|39:MSZZ|XAUUSD|5|0|1|1767103500|1767103500,0.12,0.12,True,4329.27,4329.27,0.0,True,2.0,2.0,0.0,True,504.0,-0.24,2.76,506.52
D29_SR0,248,MSZZC1|6:XAUUSD|1:5|2:-1|1:4|39:MSZZ|XAUUSD|5|0|1|1767717000|1767717000,0.29,0.29,True,4477.55,4477.55,0.0,True,-0.347238,-0.3472378804960502,0.0,True,-89.32,-0.58,0.0,-89.9
D29_SR0,250,MSZZC1|6:XAUUSD|1:5|1:1|1:4|40:MSZZ|XAUUSD|5|0|-1|1767004500|1767004500,0.17,0.17,True,4462.92,4462.92,0.0,True,-1.0,-1.0,0.0,True,-248.71,-0.34,-7.82,-256.87
D29_SR0,252,MSZZC1|6:XAUUSD|1:5|2:-1|1:4|39:MSZZ|XAUUSD|5|0|1|1767978300|1767978300,0.31,0.31,True,4506.04,4506.04,0.0,True,-1.0,-1.0,0.0,True,-251.41,-0.62,0.0,-252.03
D29_SR0,254,MSZZC1|6:XAUUSD|1:5|2:-1|1:4|39:MSZZ|XAUUSD|5|0|1|1769788800|1769788800,0.02,0.02,True,4759.77,4759.77,0.0,True,2.0,1.999999999999992,0.0,True,450.36,-0.04,0.0,450.32
D29_SR0,256,MSZZC1|6:XAUUSD|1:5|1:1|1:4|40:MSZZ|XAUUSD|5|0|-1|1770608100|1770608100,0.12,0.12,True,5032.48,5032.48,0.0,True,2.0,2.000000000000043,0.0,True,507.36,-0.24,0.0,507.12
D29_SR0,258,MSZZC1|6:XAUUSD|1:5|1:1|1:4|40:MSZZ|XAUUSD|5|0|-1|1770792000|1770792000,0.19,0.19,True,5049.26,5049.26,0.0,True,-1.0,-1.0,0.0,True,-249.66,-0.38,0.0,-250.04
D29_SR0,260,MSZZC1|6:XAUUSD|1:5|2:-1|1:4|39:MSZZ|XAUUSD|5|0|1|1770797100|1770797100,0.5,0.5,True,5061.57,5061.57,0.0,True,-1.0,-1.0,0.0,True,-256.0,-1.0,0.0,-257.0
D29_SR0,262,MSZZC1|6:XAUUSD|1:5|2:-1|1:4|39:MSZZ|XAUUSD|5|0|1|1770842100|1770842100,0.55,0.55,True,5087.39,5087.39,0.0,True,-1.0,-1.0,0.0,True,-257.95,-1.1,0.0,-259.05
D29_SR0,264,MSZZC1|6:XAUUSD|1:5|2:-1|1:4|39:MSZZ|XAUUSD|5|0|1|1770853800|1770853800,0.07,0.07,True,4997.73,4997.73,0.0,True,2.0,2.0000000000000275,0.0,True,461.3,-0.14,0.0,461.16
D29_SR0,266,MSZZC1|6:XAUUSD|1:5|1:1|1:4|40:MSZZ|XAUUSD|5|0|-1|1770926700|1770926700,0.12,0.12,True,4945.19,4945.19,0.0,True,0.848703,0.8487031700287531,0.0,True,212.04,-0.24,0.0,211.8
D29_SR0,268,MSZZC1|6:XAUUSD|1:5|2:-1|1:4|39:MSZZ|XAUUSD|5|0|1|1770929400|1770929700,0.2,0.2,True,4919.13,4919.13,0.0,True,2.0,1.9999999999998603,0.0,True,521.2,-0.4,0.0,520.8
D29_SR0,270,MSZZC1|6:XAUUSD|1:5|2:-1|1:4|39:MSZZ|XAUUSD|5|0|1|1770948300|1770948300,0.39,0.39,True,4928.88,4928.88,0.0,True,2.0,1.9999999999998614,0.0,True,511.68,-0.78,0.0,510.9
D29_SR0,272,MSZZC1|6:XAUUSD|1:5|1:1|1:4|40:MSZZ|XAUUSD|5|0|-1|1771216500|1771216500,0.41,0.41,True,4996.18,4996.179999999999,0.0,True,-1.0,-1.0000000000001428,0.0,True,-261.17,-0.82,0.0,-261.99
D29_SR0,274,MSZZC1|6:XAUUSD|1:5|1:1|1:4|40:MSZZ|XAUUSD|5|0|-1|1771606800|1771606800,0.18,0.18,True,5051.51,5051.51,0.0,True,2.0,2.0000000000000635,0.0,True,515.52,-0.36,0.0,515.16
D29_SR0,276,MSZZC1|6:XAUUSD|1:5|2:-1|1:4|39:MSZZ|XAUUSD|5|0|1|1771605000|1771605000,0.47,0.47,True,5056.76,5056.76,0.0,True,-1.0,-1.0,0.0,True,-259.44,-0.94,0.0,-260.38
D29_SR0,278,MSZZC1|6:XAUUSD|1:5|2:-1|1:4|39:MSZZ|XAUUSD|5|0|1|1773359100|1773359100,0.2,0.2,True,5090.47,5090.47,0.0,True,-1.0,-1.0,0.0,True,-251.8,-0.4,0.0,-252.2
D29_SR0,280,MSZZC1|6:XAUUSD|1:5|2:-1|1:4|39:MSZZ|XAUUSD|5|0|1|1773409500|1773409500,0.11,0.11,True,5035.39,5035.39,0.0,True,2.0,2.0000000000000413,0.0,True,482.68,-0.22,0.0,482.46
D29_SR0,282,MSZZC1|6:XAUUSD|1:5|2:-1|1:4|39:MSZZ|XAUUSD|5|0|1|1774849200|1774849200,0.33,0.33,True,4504.05,4504.05,0.0,True,-1.0,-1.0,0.0,True,-263.67,-0.66,0.0,-264.33
D29_SR0,284,MSZZC1|6:XAUUSD|1:5|1:1|1:4|40:MSZZ|XAUUSD|5|0|-1|1775770800|1775770800,0.53,0.53,True,4782.5,4782.5,0.0,True,2.0,2.0000000000001856,0.0,True,519.4,-1.06,0.0,518.34
D29_SR0,286,MSZZC1|6:XAUUSD|1:5|1:1|1:4|40:MSZZ|XAUUSD|5|0|-1|1775773800|1775773800,0.84,0.84,True,4769.08,4769.08,0.0,True,-1.0,-1.0,0.0,True,-263.76,-1.68,0.0,-265.44
D29_SR0,288,MSZZC1|6:XAUUSD|1:5|1:1|1:4|40:MSZZ|XAUUSD|5|0|-1|1776242100|1776242100,0.82,0.82,True,4812.16,4812.16,0.0,True,-1.0,-1.0,0.0,True,-262.4,-1.64,0.0,-264.04
D29_SR0,290,MSZZC1|6:XAUUSD|1:5|1:1|1:4|40:MSZZ|XAUUSD|5|0|-1|1776274200|1776274200,0.82,0.82,True,4816.33,4816.33,0.0,True,-1.0,-1.0,0.0,True,-260.76,-1.64,0.0,-262.4
D29_SR0,292,MSZZC1|6:XAUUSD|1:5|1:1|1:4|40:MSZZ|XAUUSD|5|0|-1|1776367800|1776367800,0.49,0.49,True,4797.89,4797.89,0.0,True,2.0,2.0000000000001705,0.0,True,522.34,-0.98,0.0,521.36
D29_SR0,294,MSZZC1|6:XAUUSD|1:5|1:1|1:4|40:MSZZ|XAUUSD|5|0|-1|1776358200|1776358200,0.43,0.43,True,4786.26,4786.26,0.0,True,-1.0,-1.0,0.0,True,-263.16,-0.86,0.0,-264.02
D29_SR0,296,MSZZC1|6:XAUUSD|1:5|1:1|1:4|40:MSZZ|XAUUSD|5|0|-1|1776416400|1776416400,0.36,0.36,True,4784.67,4784.67,0.0,True,-1.0,-1.0,0.0,True,-258.12,-0.72,0.0,-258.84
D29_SR0,298,MSZZC1|6:XAUUSD|1:5|1:1|1:4|40:MSZZ|XAUUSD|5|0|-1|1776652200|1776652200,0.1,0.1,True,4787.05,4787.05,0.0,True,-0.032,-0.032000000000005545,0.0,True,-8.4,-0.2,0.0,-8.6
D29_SR0,300,MSZZC1|6:XAUUSD|1:5|2:-1|1:4|39:MSZZ|XAUUSD|5|0|1|1776657900|1776657900,0.56,0.56,True,4791.7,4791.7,0.0,True,-1.0,-1.0,0.0,True,-260.4,-1.12,0.0,-261.52
D29_SR0,302,MSZZC1|6:XAUUSD|1:5|2:-1|1:4|39:MSZZ|XAUUSD|5|0|1|1776696000|1776696000,0.76,0.76,True,4787.57,4787.57,0.0,True,2.0,1.9999999999997355,0.0,True,522.88,-1.52,0.0,521.36
D29_SR0,304,MSZZC1|6:XAUUSD|1:5|1:1|1:4|40:MSZZ|XAUUSD|5|0|-1|1776792600|1776792600,0.65,0.65,True,4759.24,4759.24,0.0,True,-1.0,-1.0,0.0,True,-262.6,-1.3,0.0,-263.9
D29_SR0,306,MSZZC1|6:XAUUSD|1:5|1:1|1:4|40:MSZZ|XAUUSD|5|0|-1|1778019300|1778019300,1.36,1.36,True,4559.88,4559.88,0.0,True,2.0,1.9999999999995288,0.0,True,524.96,-2.72,0.0,522.24
D29_SR0,308,MSZZC1|6:XAUUSD|1:5|2:-1|1:4|39:MSZZ|XAUUSD|5|0|1|1778023500|1778023500,1.13,1.13,True,4560.06,4560.06,0.0,True,-1.0,-1.0,0.0,True,-263.29,-2.26,25.99,-239.56
D29_SR0,310,MSZZC1|6:XAUUSD|1:5|1:1|1:4|40:MSZZ|XAUUSD|5|0|-1|1778025000|1778025300,0.22,0.22,True,4582.12,4582.12,0.0,True,2.0,1.9999999999999214,0.0,True,508.64,-0.44,0.0,508.2
D29_SR0,312,MSZZC1|6:XAUUSD|1:5|1:1|1:4|40:MSZZ|XAUUSD|5|0|-1|1778773200|1778773200,0.37,0.37,True,4697.44,4697.44,0.0,True,-0.80226,-0.8022598870056991,0.0,True,-210.16,-0.74,0.0,-210.9
D29_SR0,314,MSZZC1|6:XAUUSD|1:5|2:-1|1:4|39:MSZZ|XAUUSD|5|0|1|1778771700|1778771700,0.26,0.26,True,4677.3,4677.3,0.0,True,2.0,1.9999999999998193,0.0,True,523.64,-0.52,0.0,523.12
D29_SR0,316,MSZZC1|6:XAUUSD|1:5|1:1|1:4|40:MSZZ|XAUUSD|5|0|-1|1779467700|1779467700,0.44,0.44,True,4513.5,4513.5,0.0,True,-1.0,-1.0,0.0,True,-262.24,-0.88,0.0,-263.12
D29_SR0,318,MSZZC1|6:XAUUSD|1:5|2:-1|1:4|39:MSZZ|XAUUSD|5|0|1|1779480600|1779480900,0.33,0.33,True,4504.46,4504.46,0.0,True,2.0,2.0000000000001164,0.0,True,516.12,-0.66,0.0,515.46
D29_SR0,320,MSZZC1|6:XAUUSD|1:5|2:-1|1:4|39:MSZZ|XAUUSD|5|0|1|1779297300|1779297300,0.44,0.44,True,4506.15,4506.15,0.0,True,-1.0,-1.0,0.0,True,-260.48,-0.88,0.0,-261.36
D29_SR0,322,MSZZC1|6:XAUUSD|1:5|1:1|1:4|40:MSZZ|XAUUSD|5|0|-1|1779871200|1779871200,0.13,0.13,True,4502.11,4502.11,0.0,True,-0.112599,-0.11259920634922882,0.0,True,-29.51,-0.26,0.0,-29.77
D29_SR0,324,MSZZC1|6:XAUUSD|1:5|2:-1|1:4|39:MSZZ|XAUUSD|5|0|1|1779996000|1779996000,0.6,0.6,True,4497.53,4497.53,0.0,True,1.04328,1.043280182232252,0.0,True,274.8,-1.2,13.8,287.4
D29_SR0,326,MSZZC1|6:XAUUSD|1:5|1:1|1:4|40:MSZZ|XAUUSD|5|0|-1|1780012500|1780012500,0.61,0.61,True,4493.23,4493.23,0.0,True,-1.0,-1.0,0.0,True,-262.3,-1.22,0.0,-263.52
D29_SR0,328,MSZZC1|6:XAUUSD|1:5|1:1|1:4|40:MSZZ|XAUUSD|5|0|-1|1780025700|1780026000,0.24,0.24,True,4497.3,4497.3,0.0,True,-0.380204,-0.3802035152636324,0.0,True,-98.64,-0.48,0.0,-99.12
D29_SR0,330,MSZZC1|6:XAUUSD|1:5|2:-1|1:4|39:MSZZ|XAUUSD|5|0|1|1780314000|1780314000,0.5,0.5,True,4502.52,4502.52,0.0,True,-1.0,-1.0,0.0,True,-261.0,-1.0,0.0,-262.0
D29_SR0,332,MSZZC1|6:XAUUSD|1:5|1:1|1:4|40:MSZZ|XAUUSD|5|0|-1|1780418100|1780418400,0.5,0.5,True,4501.62,4501.62,0.0,True,-1.0,-1.0,0.0,True,-260.5,-1.0,0.0,-261.5
D29_SR0,334,MSZZC1|6:XAUUSD|1:5|2:-1|1:4|39:MSZZ|XAUUSD|5|0|1|1779987000|1779987600,0.68,0.68,True,4424.25,4424.25,0.0,True,2.0,1.9999999999997637,0.0,True,523.6,-1.36,0.0,522.24
D29_SR0,336,MSZZC1|6:XAUUSD|1:5|2:-1|1:4|39:MSZZ|XAUUSD|5|0|1|1781499600|1781499600,0.35,0.35,True,4331.21,4331.21,0.0,True,-1.0,-1.0,0.0,True,-263.55,-0.7,0.0,-264.25
D29_SR0,338,MSZZC1|6:XAUUSD|1:5|1:1|1:4|40:MSZZ|XAUUSD|5|0|-1|1781512800|1781512800,0.53,0.53,True,4309.38,4309.38,0.0,True,-1.0,-1.0,0.0,True,-259.7,-1.06,0.0,-260.76
D29_SR0,340,MSZZC1|6:XAUUSD|1:5|1:1|1:4|40:MSZZ|XAUUSD|5|0|-1|1781584500|1781584500,2.12,2.12,True,4312.92,4312.92,0.0,True,-1.0,-1.0,0.0,True,-262.88,-4.24,0.0,-267.12
D29_SR0,342,MSZZC1|6:XAUUSD|1:5|1:1|1:4|40:MSZZ|XAUUSD|5|0|-1|1781869800|1781870400,0.08,0.08,True,4169.22,4169.22,0.0,True,-0.333662,-0.3336617405582895,0.0,True,-81.28,-0.16,0.0,-81.44
D29_SR0,344,MSZZC1|6:XAUUSD|1:5|2:-1|1:4|39:MSZZ|XAUUSD|5|0|1|1781884200|1781884200,0.21,0.21,True,4181.59,4181.59,0.0,True,-1.0,-1.0,0.0,True,-259.77,-0.42,0.0,-260.19
D29_SR0,346,MSZZC1|6:XAUUSD|1:5|2:-1|1:4|39:MSZZ|XAUUSD|5|0|1|1781892000|1781892000,0.96,0.96,True,4145.99,4145.99,0.0,True,2.0,1.999999999999667,0.0,True,524.16,-1.92,0.0,522.24
D29_SR0,348,MSZZC1|6:XAUUSD|1:5|1:1|1:4|40:MSZZ|XAUUSD|5|0|-1|1781845500|1781845500,0.1,0.1,True,4184.36,4184.36,0.0,True,-0.638103,-0.6381025248661087,0.0,True,-166.8,-0.2,0.0,-167.0
D29_SR0,350,MSZZC1|6:XAUUSD|1:5|2:-1|1:4|39:MSZZ|XAUUSD|5|0|1|1782100200|1782100200,0.24,0.24,True,4195.01,4195.01,0.0,True,-1.0,-1.0,0.0,True,-255.6,-0.48,0.0,-256.08
D29_SR0,352,MSZZC1|6:XAUUSD|1:5|1:1|1:4|40:MSZZ|XAUUSD|5|0|-1|1782124200|1782124200,0.15,0.15,True,4192.2,4192.2,0.0,True,-1.0,-1.0,0.0,True,-246.75,-0.3,0.0,-247.05
D29_SR0,354,MSZZC1|6:XAUUSD|1:5|1:1|1:4|40:MSZZ|XAUUSD|5|0|-1|1782843300|1782843300,0.17,0.17,True,4019.12,4019.12,0.0,True,-1.0,-1.0,0.0,True,-258.4,-0.34,0.0,-258.74
D29_SR0,356,MSZZC1|6:XAUUSD|1:5|2:-1|1:4|39:MSZZ|XAUUSD|5|0|1|1782922500|1782922500,0.25,0.25,True,4039.63,4039.63,0.0,True,-1.0,-1.0,0.0,True,-254.5,-0.5,5.75,-249.25
D29_SR0,358,MSZZC1|6:XAUUSD|1:5|1:1|1:4|40:MSZZ|XAUUSD|5|0|-1|1783575600|1783575600,0.22,0.22,True,4098.81,4098.81,0.0,True,2.0,1.99999999999996,0.0,True,500.28,-0.44,0.0,499.84
D29_SR0,360,MSZZC1|6:XAUUSD|1:5|2:-1|1:4|39:MSZZ|XAUUSD|5|0|1|1783659900|1783659900,0.55,0.55,True,4113.56,4113.56,0.0,True,2.0,2.0,0.0,True,522.5,-1.1,0.0,521.4
D29_SR0,362,MSZZC1|6:XAUUSD|1:5|1:1|1:4|40:MSZZ|XAUUSD|5|0|-1|1783667400|1783667400,0.51,0.51,True,4112.41,4112.41,0.0,True,-1.0,-1.0,0.0,True,-261.12,-1.02,0.0,-262.14
D29_SR0,364,MSZZC1|6:XAUUSD|1:5|1:1|1:4|40:MSZZ|XAUUSD|5|0|-1|1784142900|1784142900,0.32,0.32,True,4051.57,4051.57,0.0,True,2.0,2.0,0.0,True,509.44,-0.64,0.0,508.8
D29_SR0,366,MSZZC1|6:XAUUSD|1:5|2:-1|1:4|39:MSZZ|XAUUSD|5|0|1|1784147100|1784147100,0.2,0.2,True,4031.79,4031.79,0.0,True,0.695619,0.6956187548040236,0.0,True,181.0,-0.4,0.0,180.6
D29_SR0,368,MSZZC1|6:XAUUSD|1:5|1:1|1:4|40:MSZZ|XAUUSD|5|0|-1|1784178900|1784179200,0.34,0.34,True,4035.45,4035.45,0.0,True,0.48285,0.4828496042216213,0.0,True,124.44,-0.68,0.0,123.76
D29_SR0,370,MSZZC1|6:XAUUSD|1:5|2:-1|1:4|39:MSZZ|XAUUSD|5|0|1|1784179800|1784179800,3.26,3.26,True,4036.26,4036.26,0.0,True,-1.0,-1.0,0.0,True,-264.06,-6.52,0.0,-270.58
D29_SR0,372,MSZZC1|6:XAUUSD|1:5|1:1|1:4|40:MSZZ|XAUUSD|5|0|-1|1784196600|1784196600,0.79,0.79,True,4032.97,4032.97,0.0,True,2.0,2.0,0.0,True,522.98,-1.58,0.0,521.4
D29_SR0,374,MSZZC1|6:XAUUSD|1:5|2:-1|1:4|39:MSZZ|XAUUSD|5|0|1|1784198700|1784198700,0.46,0.46,True,4034.2,4034.2,0.0,True,-1.0,-1.0,0.0,True,-264.04,-0.92,0.0,-264.96
D29_SR0,376,MSZZC1|6:XAUUSD|1:5|1:1|1:4|40:MSZZ|XAUUSD|5|0|-1|1784204700|1784204700,1.7,1.7,True,4035.21,4035.21,0.0,True,2.0,1.9999999999997067,0.0,True,527.0,-3.4,0.0,523.6
D29_SR0,378,MSZZC1|6:XAUUSD|1:5|1:1|1:4|40:MSZZ|XAUUSD|5|0|-1|1784209200|1784209200,0.16,0.16,True,4033.31,4033.31,0.0,True,-0.395639,-0.39563862928349014,0.0,True,-101.6,-0.32,0.0,-101.92
D29_SR0,380,MSZZC1|6:XAUUSD|1:5|2:-1|1:4|39:MSZZ|XAUUSD|5|0|1|1784212800|1784212800,0.26,0.26,True,4013.23,4013.2300000000005,0.0,True,2.0,1.9999999999999547,0.0,True,522.08,-0.52,0.0,521.56
D29_P3,2,MSZZC1|6:XAUUSD|1:5|2:-1|1:4|39:MSZZ|XAUUSD|5|0|1|1741108200|1741108500,0.46,0.46,True,2913.57,2913.57,0.0,True,-1.0,-1.0,0.0,True,-249.78,-0.92,0.0,-250.7
D29_P3,4,MSZZC1|6:XAUUSD|1:5|2:-1|1:4|39:MSZZ|XAUUSD|5|0|1|1741168500|1741168500,0.72,0.72,True,2909.45,2909.45,0.0,True,2.0,2.0,0.0,True,495.36,-1.44,0.0,493.92
D29_P3,6,MSZZC1|6:XAUUSD|1:5|1:1|1:4|40:MSZZ|XAUUSD|5|0|-1|1741177200|1741177200,2.45,2.45,True,2913.82,2913.82,0.0,True,-1.0,-1.0,0.0,True,-249.9,-4.9,0.0,-254.8
D29_P3,8,MSZZC1|6:XAUUSD|1:5|2:-1|1:1|67:BO|XAUUSD|5|0|S|1741189500|MSZZ|XAUUSD|5|0|-1|1741189200|1741189200,0.11,0.11,True,2917.24,2917.24,0.0,True,-1.0,-1.0,0.0,True,-231.11,-0.22,0.0,-231.33
D29_P3,10,MSZZC1|6:XAUUSD|1:5|1:1|1:1|66:BO|XAUUSD|5|0|L|1741194300|MSZZ|XAUUSD|5|0|1|1741192500|1741192500,0.22,0.22,True,2922.85,2922.8499999999995,0.0,True,0.438069,0.4380692167576942,0.0,True,105.82,-0.44,0.0,105.38
D29_P3,13,MSZZC1|6:XAUUSD|1:5|1:1|1:4|40:MSZZ|XAUUSD|5|0|-1|1741200900|1741200900,1.61,1.61,True,2921.38,2921.38,0.0,True,-1.0,-1.0,0.0,True,-249.55,-3.22,0.0,-252.77
D29_P3,12,MSZZC1|6:XAUUSD|1:5|2:-1|1:1|67:BO|XAUUSD|5|0|S|1741201200|MSZZ|XAUUSD|5|0|-1|1741200900|1741200900,0.34,0.34,True,2908.41,2908.41,0.0,True,2.0,1.999999999999937,0.0,True,490.96,-0.68,7.82,498.1
D29_P3,16,MSZZC1|6:XAUUSD|1:5|1:1|1:4|40:MSZZ|XAUUSD|5|0|-1|1741640400|1741640400,0.9,0.9,True,2899.69,2899.69,0.0,True,2.0,1.9999999999998364,0.0,True,500.4,-1.8,0.0,498.6
D29_P3,18,MSZZC1|6:XAUUSD|1:5|1:1|1:1|66:BO|XAUUSD|5|0|L|1741683300|MSZZ|XAUUSD|5|0|1|1741674000|1741674000,1.32,1.32,True,2895.93,2895.93,0.0,True,-1.0,-1.0,0.0,True,-250.8,-2.64,0.0,-253.44
D29_P3,20,MSZZC1|6:XAUUSD|1:5|1:1|1:4|40:MSZZ|XAUUSD|5|0|-1|1741686300|1741686300,0.77,0.77,True,2895.64,2895.64,0.0,True,-0.101538,-0.10153846153843915,0.0,True,-25.41,-1.54,0.0,-26.95
D29_P3,22,MSZZC1|6:XAUUSD|1:5|2:-1|1:4|39:MSZZ|XAUUSD|5|0|1|1741674000|1741674000,0.73,0.73,True,2899.05,2899.05,0.0,True,-1.0,-1.0,0.0,True,-248.93,-1.46,0.0,-250.39
D29_P3,23,MSZZC1|6:XAUUSD|1:5|1:1|1:1|66:BO|XAUUSD|5|0|L|1741688700|MSZZ|XAUUSD|5|0|1|1741687200|1741687200,1.21,1.21,True,2902.11,2902.11,0.0,True,2.0,2.0000000000002207,0.0,True,498.52,-2.42,0.0,496.1
D29_P3,26,MSZZC1|6:XAUUSD|1:5|2:-1|1:4|39:MSZZ|XAUUSD|5|0|1|1741690500|1741690800,0.53,0.53,True,2900.72,2900.72,0.0,True,-0.408511,-0.40851063829780687,0.0,True,-101.76,-1.06,0.0,-102.82
D29_P3,28,MSZZC1|6:XAUUSD|1:5|1:1|1:4|40:MSZZ|XAUUSD|5|0|-1|1741691400|1741691400,0.93,0.93,True,2898.02,2898.02,0.0,True,-1.0,-1.0,0.0,True,-251.1,-1.86,0.0,-252.96
D29_P3,30,MSZZC1|6:XAUUSD|1:5|1:1|1:4|40:MSZZ|XAUUSD|5|0|-1|1741368000|1741368000,0.84,0.84,True,2930.22,2930.22,0.0,True,2.0,1.9999999999998463,0.0,True,497.28,-1.68,0.0,495.6
D29_P3,33,MSZZC1|6:XAUUSD|1:5|2:-1|1:4|39:MSZZ|XAUUSD|5|0|1|1742583900|1742583900,2.99,2.99,True,3013.35,3013.3500000000004,0.0,True,2.0,2.0000000000005413,0.0,True,502.32,-5.98,0.0,496.34
D29_P3,32,MSZZC1|6:XAUUSD|1:5|1:1|1:1|66:BO|XAUUSD|5|0|L|1742586300|MSZZ|XAUUSD|5|0|1|1742583900|1742583900,0.6,0.6,True,3022.39,3022.39,0.0,True,2.0,1.9999999999998899,0.0,True,495.6,-1.2,0.0,494.4
D29_P3,36,MSZZC1|6:XAUUSD|1:5|1:1|1:4|40:MSZZ|XAUUSD|5|0|-1|1742898000|1742898000,1.41,1.41,True,3017.28,3017.28,0.0,True,2.0,2.0000000000005054,0.0,True,507.6,-2.82,0.0,504.78
D29_P3,38,MSZZC1|6:XAUUSD|1:5|2:-1|1:4|39:MSZZ|XAUUSD|5|0|1|1742901600|1742901600,1.12,1.12,True,3018.7,3018.7,0.0,True,-1.0,-1.0,0.0,True,-254.24,-2.24,0.0,-256.48
D29_P3,40,MSZZC1|6:XAUUSD|1:5|2:-1|1:4|39:MSZZ|XAUUSD|5|0|1|1742919000|1742919300,1.37,1.37,True,3021.08,3021.08,0.0,True,2.0,2.000000000000246,0.0,True,506.9,-2.74,0.0,504.16
D29_P3,42,MSZZC1|6:XAUUSD|1:5|1:1|1:4|40:MSZZ|XAUUSD|5|0|-1|1742926200|1742926200,0.41,0.41,True,3018.04,3018.04,0.0,True,-1.0,-1.0,0.0,True,-252.97,-0.82,0.0,-253.79
D29_P3,44,MSZZC1|6:XAUUSD|1:5|1:1|1:4|40:MSZZ|XAUUSD|5|0|-1|1742987400|1742987400,0.91,0.91,True,3026.88,3026.88,0.0,True,-1.0,-1.0,0.0,True,-254.8,-1.82,0.0,-256.62
D29_P3,47,MSZZC1|6:XAUUSD|1:5|2:-1|1:4|39:MSZZ|XAUUSD|5|0|1|1743081900|1743081900,1.4,1.4,True,3054.68,3054.68,0.0,True,-1.0,-1.0,0.0,True,-253.4,-2.8,0.0,-256.2
D29_P3,46,MSZZC1|6:XAUUSD|1:5|1:1|1:1|66:BO|XAUUSD|5|0|L|1743083100|MSZZ|XAUUSD|5|0|1|1743081900|1743081900,0.29,0.29,True,3045.75,3045.75,0.0,True,-1.0,-1.0,0.0,True,-250.85,-0.58,0.0,-251.43
D29_P3,49,MSZZC1|6:XAUUSD|1:5|2:-1|1:4|39:MSZZ|XAUUSD|5|0|1|1743081300|1743081300,0.59,0.59,True,3041.54,3041.54,0.0,True,2.0,1.9999999999998928,0.0,True,500.32,-1.18,0.0,499.14
D29_P3,52,MSZZC1|6:XAUUSD|1:5|2:-1|1:1|67:BO|XAUUSD|5|0|S|1743095100|MSZZ|XAUUSD|5|0|-1|1743091800|1743091800,0.33,0.33,True,3050.81,3050.81,0.0,True,-1.0,-1.0,0.0,True,-253.77,-0.66,0.0,-254.43
D29_P3,54,MSZZC1|6:XAUUSD|1:5|1:1|1:4|40:MSZZ|XAUUSD|5|0|-1|1743091800|1743091800,0.27,0.27,True,3068.25,3068.25,0.0,True,2.0,2.0,0.0,True,499.5,-0.54,-12.42,486.54
D29_P3,56,MSZZC1|6:XAUUSD|1:5|2:-1|1:1|67:BO|XAUUSD|5|0|S|1743781800|MSZZ|XAUUSD|5|0|-1|1743780900|1743780900,0.05,0.05,True,2981.4,2981.4,0.0,True,2.0,2.00000000000001,0.0,True,444.9,-0.1,3.45,448.25
D29_P3,58,MSZZC1|6:XAUUSD|1:5|2:-1|1:1|67:BO|XAUUSD|5|0|S|1744008300|MSZZ|XAUUSD|5|0|-1|1743780900|1743780900,0.02,0.02,True,3096.33,3096.33,0.0,True,-0.805518,-0.8055176754431975,0.0,True,-153.58,-0.04,1.38,-152.24
D29_P3,60,MSZZC1|6:XAUUSD|1:5|1:1|1:1|66:BO|XAUUSD|5|0|L|1744255500|MSZZ|XAUUSD|5|0|1|1744255200|1744255200,0.17,0.17,True,3081.36,3081.36,0.0,True,-1.0,-1.0,0.0,True,-254.49,-0.34,0.0,-254.83
D29_P3,61,MSZZC1|6:XAUUSD|1:5|2:-1|1:4|39:MSZZ|XAUUSD|5|0|1|1744255200|1744255200,0.35,0.35,True,3078.66,3078.66,0.0,True,2.0,2.000000000000125,0.0,True,511.0,-0.7,0.0,510.3
D29_P3,65,MSZZC1|6:XAUUSD|1:5|1:1|1:1|66:BO|XAUUSD|5|0|L|1744262400|MSZZ|XAUUSD|5|0|1|1744261800|1744261800,0.07,0.07,True,3185.17,3185.17,0.0,True,2.0,1.9999999999999745,0.0,True,498.12,-0.14,-3.22,494.76
D29_P3,68,MSZZC1|6:XAUUSD|1:5|1:1|1:1|66:BO|XAUUSD|5|0|L|1745365800|MSZZ|XAUUSD|5|0|1|1744742100|1744742400,0.01,0.01,True,3323.12,3323.12,0.0,True,-0.357333,-0.3573330106485965,0.0,True,-59.06,-0.02,-0.92,-60.0
D29_P3,70,MSZZC1|6:XAUUSD|1:5|2:-1|1:1|67:BO|XAUUSD|5|0|S|1745476200|MSZZ|XAUUSD|5|0|-1|1744759200|1744759500,0.05,0.05,True,3326.65,3326.65,0.0,True,-0.079702,-0.07970196432603754,0.0,True,-17.65,-0.1,0.0,-17.75
D29_P3,72,MSZZC1|6:XAUUSD|1:5|1:1|1:1|66:BO|XAUUSD|5|0|L|1745516400|MSZZ|XAUUSD|5|0|1|1745502900|1745502900,0.58,0.58,True,3322.58,3322.58,0.0,True,-0.916667,-0.9166666666666923,0.0,True,-236.06,-1.16,0.0,-237.22
D29_P3,74,MSZZC1|6:XAUUSD|1:5|2:-1|1:1|67:BO|XAUUSD|5|0|S|1745517600|MSZZ|XAUUSD|5|0|-1|1745511600|1745511600,0.11,0.11,True,3325.35,3325.35,0.0,True,-0.125624,-0.12562358276643804,0.0,True,-30.47,-0.22,0.0,-30.69
D29_P3,76,MSZZC1|6:XAUUSD|1:5|1:1|1:1|66:BO|XAUUSD|5|0|L|1745517900|MSZZ|XAUUSD|5|0|1|1745502900|1745502900,0.81,0.81,True,3322.21,3322.2099999999996,0.0,True,-1.0,-1.0000000000001448,0.0,True,-254.34,-1.62,0.0,-255.96
D29_P3,78,MSZZC1|6:XAUUSD|1:5|2:-1|1:1|67:BO|XAUUSD|5|0|S|1745518500|MSZZ|XAUUSD|5|0|-1|1745511600|1745511600,0.1,0.1,True,3324.19,3324.19,0.0,True,-0.139006,-0.13900589721988835,0.0,True,-33.0,-0.2,0.0,-33.2
D29_P3,80,MSZZC1|6:XAUUSD|1:5|1:1|1:1|66:BO|XAUUSD|5|0|L|1745519100|MSZZ|XAUUSD|5|0|1|1745502900|1745502900,1.29,1.29,True,3328.15,3328.15,0.0,True,2.0,2.0,0.0,True,510.84,-2.58,0.0,508.26
D29_P3,82,MSZZC1|6:XAUUSD|1:5|1:1|1:4|40:MSZZ|XAUUSD|5|0|-1|1745472900|1745472900,1.18,1.18,True,3343.45,3343.45,0.0,True,2.0,1.9999999999997904,0.0,True,512.12,-2.36,0.0,509.76
D29_P3,85,MSZZC1|6:XAUUSD|1:5|2:-1|1:4|39:MSZZ|XAUUSD|5|0|1|1745550300|1745550300,1.09,1.09,True,3358.17,3358.17,0.0,True,-1.0,-1.0,0.0,True,-257.24,-2.18,0.0,-259.42
D29_P3,84,MSZZC1|6:XAUUSD|1:5|1:1|1:1|66:BO|XAUUSD|5|0|L|1745544300|MSZZ|XAUUSD|5|0|1|1745542800|1745542800,0.08,0.08,True,3344.22,3344.22,0.0,True,-0.641333,-0.6413333333333412,0.0,True,-153.92,-0.16,0.0,-154.08
D29_P3,87,MSZZC1|6:XAUUSD|1:5|2:-1|1:4|39:MSZZ|XAUUSD|5|0|1|1745553900|1745553900,0.22,0.22,True,3329.51,3329.51,0.0,True,2.0,1.9999999999999594,0.0,True,493.24,-0.44,0.0,492.8
D29_P3,90,MSZZC1|6:XAUUSD|1:5|2:-1|1:1|67:BO|XAUUSD|5|0|S|1745616900|MSZZ|XAUUSD|5|0|-1|1745554800|1745554800,0.04,0.04,True,3347.01,3347.01,0.0,True,-1.0,-1.0,0.0,True,-222.88,-0.08,2.76,-220.2
D29_P3,92,MSZZC1|6:XAUUSD|1:5|1:1|1:4|40:MSZZ|XAUUSD|5|0|-1|1746038400|1746038400,0.5,0.5,True,3299.02,3299.02,0.0,True,-1.0,-1.0,0.0,True,-258.0,-1.0,0.0,-259.0
D29_P3,94,MSZZC1|6:XAUUSD|1:5|2:-1|1:1|67:BO|XAUUSD|5|0|S|1746201600|MSZZ|XAUUSD|5|0|-1|1746053700|1746053700,0.03,0.03,True,3302.25,3302.25,0.0,True,-0.835802,-0.8358015815959735,0.0,True,-174.39,-0.06,2.07,-172.38
D29_P3,96,MSZZC1|6:XAUUSD|1:5|1:1|1:1|66:BO|XAUUSD|5|0|L|1746447900|MSZZ|XAUUSD|5|0|1|1746447600|1746447600,0.13,0.13,True,3340.51,3340.51,0.0,True,2.0,2.0,0.0,True,497.38,-0.26,-5.98,491.14
D29_P3,98,MSZZC1|6:XAUUSD|1:5|1:1|1:4|40:MSZZ|XAUUSD|5|0|-1|1747021200|1747021200,0.5,0.5,True,3272.19,3272.19,0.0,True,-1.0,-1.0,0.0,True,-257.0,-1.0,0.0,-258.0
D29_P3,100,MSZZC1|6:XAUUSD|1:5|2:-1|1:4|39:MSZZ|XAUUSD|5|0|1|1746417600|1746417600,0.25,0.25,True,3226.46,3226.46,0.0,True,2.0,2.0000000000000453,0.0,True,500.5,-0.5,0.0,500.0
D29_P3,102,MSZZC1|6:XAUUSD|1:5|2:-1|1:1|67:BO|XAUUSD|5|0|S|1747045500|MSZZ|XAUUSD|5|0|-1|1747045200|1747045200,0.11,0.11,True,3253.36,3253.36,0.0,True,-1.0,-1.0,0.0,True,-243.98,-0.22,2.53,-241.67
D29_P3,104,MSZZC1|6:XAUUSD|1:5|1:1|1:4|40:MSZZ|XAUUSD|5|0|-1|1747668000|1747668000,0.37,0.37,True,3234.47,3234.47,0.0,True,-1.0,-1.0,0.0,True,-258.26,-0.74,0.0,-259.0
D29_P3,106,MSZZC1|6:XAUUSD|1:5|1:1|1:1|66:BO|XAUUSD|5|0|L|1747760400|MSZZ|XAUUSD|5|0|1|1747760100|1747760100,0.12,0.12,True,3312.42,3312.4200000000005,0.0,True,2.0,2.000000000000022,0.0,True,496.08,-0.24,-5.52,490.32
D29_P3,108,MSZZC1|6:XAUUSD|1:5|2:-1|1:1|67:BO|XAUUSD|5|0|S|1748413200|MSZZ|XAUUSD|5|0|-1|1748412900|1748412900,0.06,0.06,True,3320.81,3320.81,0.0,True,-0.6073,-0.6073003429691295,0.0,True,-148.74,-0.12,0.0,-148.86
D29_P3,109,MSZZC1|6:XAUUSD|1:5|1:1|1:4|40:MSZZ|XAUUSD|5|0|-1|1748412900|1748412900,0.2,0.2,True,3296.04,3296.0400000000004,0.0,True,-1.0,-0.9999999999999646,0.0,True,-256.8,-0.4,0.0,-257.2
D29_P3,111,MSZZC1|6:XAUUSD|1:5|2:-1|1:1|67:BO|XAUUSD|5|0|S|1748450100|MSZZ|XAUUSD|5|0|-1|1748448900|1748448900,0.07,0.07,True,3326.39,3326.39,0.0,True,-0.683908,-0.6839080459770027,0.0,True,-158.27,-0.14,1.61,-156.8
D29_P3,114,MSZZC1|6:XAUUSD|1:5|1:1|1:1|66:BO|XAUUSD|5|0|L|1748545200|MSZZ|XAUUSD|5|0|1|1748275200|1748275200,0.25,0.25,True,3316.09,3316.09,0.0,True,-1.0,-1.0,0.0,True,-257.5,-0.5,0.0,-258.0
D29_P3,116,MSZZC1|6:XAUUSD|1:5|1:1|1:1|66:BO|XAUUSD|5|0|L|1748578500|MSZZ|XAUUSD|5|0|1|1748540700|1748540700,0.24,0.24,True,3309.59,3309.59,0.0,True,-1.0,-1.0,0.0,True,-250.32,-0.48,0.0,-250.8
D29_P3,119,MSZZC1|6:XAUUSD|1:5|1:1|1:4|40:MSZZ|XAUUSD|5|0|-1|1748586300|1748586300,1.14,1.14,True,3301.6,3301.6,0.0,True,2.0,2.0,0.0,True,508.44,-2.28,0.0,506.16
D29_P3,118,MSZZC1|6:XAUUSD|1:5|2:-1|1:1|67:BO|XAUUSD|5|0|S|1748584200|MSZZ|XAUUSD|5|0|-1|1748583900|1748583900,0.12,0.12,True,3299.58,3299.58,0.0,True,-0.152019,-0.15201900237529023,0.0,True,-38.4,-0.24,0.0,-38.64
D29_P3,122,MSZZC1|6:XAUUSD|1:5|1:1|1:1|66:BO|XAUUSD|5|0|L|1748610300|MSZZ|XAUUSD|5|0|1|1748607600|1748607900,0.21,0.21,True,3297.14,3297.14,0.0,True,-0.200328,-0.20032840722496612,0.0,True,-51.24,-0.42,0.0,-51.66
D29_P3,124,MSZZC1|6:XAUUSD|1:5|2:-1|1:1|67:BO|XAUUSD|5|0|S|1748611200|MSZZ|XAUUSD|5|0|-1|1748606700|1748607000,1.21,1.21,True,3292.9,3292.9,0.0,True,2.0,1.999999999999571,0.0,True,513.04,-2.42,0.0,510.62
D29_P3,126,MSZZC1|6:XAUUSD|1:5|2:-1|1:4|39:MSZZ|XAUUSD|5|0|1|1748616900|1748617200,0.36,0.36,True,3296.14,3296.1399999999994,0.0,True,-1.0,-0.999999999999935,0.0,True,-252.0,-0.72,0.0,-252.72
D29_P3,128,MSZZC1|6:XAUUSD|1:5|1:1|1:1|66:BO|XAUUSD|5|0|L|1748617800|MSZZ|XAUUSD|5|0|1|1748616900|1748617200,0.17,0.17,True,3292.23,3292.23,0.0,True,-0.750696,-0.7506963788300909,0.0,True,-183.26,-0.34,0.0,-183.6
D29_P3,130,MSZZC1|6:XAUUSD|1:5|2:-1|1:1|67:BO|XAUUSD|5|0|S|1748622600|MSZZ|XAUUSD|5|0|-1|1748622300|1748622300,0.65,0.65,True,3296.14,3296.14,0.0,True,-1.0,-1.0,0.0,True,-254.15,-1.3,0.0,-255.45
D29_P3,132,MSZZC1|6:XAUUSD|1:5|2:-1|1:1|67:BO|XAUUSD|5|0|S|1748623200|MSZZ|XAUUSD|5|0|-1|1748622300|1748622300,0.39,0.39,True,3276.43,3276.43,0.0,True,2.0,2.0000000000001386,0.0,True,512.46,-0.78,0.0,511.68
D29_P3,134,MSZZC1|6:XAUUSD|1:5|2:-1|1:4|39:MSZZ|XAUUSD|5|0|1|1748859000|1748859000,1.16,1.16,True,3347.65,3347.65,0.0,True,2.0,2.0,0.0,True,512.72,-2.32,0.0,510.4
D29_P3,136,MSZZC1|6:XAUUSD|1:5|2:-1|1:4|39:MSZZ|XAUUSD|5|0|1|1748826000|1748826000,0.68,0.68,True,3297.94,3297.94,0.0,True,2.0,2.0,0.0,True,518.16,-1.36,0.0,516.8
D29_P3,138,MSZZC1|6:XAUUSD|1:5|1:1|1:4|40:MSZZ|XAUUSD|5|0|-1|1749444900|1749444900,0.9,0.9,True,3302.19,3302.19,0.0,True,2.0,2.0000000000001585,0.0,True,516.6,-1.8,0.0,514.8
D29_P3,140,MSZZC1|6:XAUUSD|1:5|1:1|1:1|66:BO|XAUUSD|5|0|L|1749447900|MSZZ|XAUUSD|5|0|1|1749446700|1749446700,0.21,0.21,True,3330.87,3330.87,0.0,True,2.0,1.9999999999999267,0.0,True,522.06,-0.42,0.0,521.64
D29_P3,143,MSZZC1|6:XAUUSD|1:5|1:1|1:4|40:MSZZ|XAUUSD|5|0|-1|1749223800|1749223800,0.56,0.56,True,3362.72,3362.72,0.0,True,2.0,1.9999999999999023,0.0,True,520.8,-1.12,-25.76,493.92
D29_P3,142,MSZZC1|6:XAUUSD|1:5|2:-1|1:1|67:BO|XAUUSD|5|0|S|1749640200|MSZZ|XAUUSD|5|0|-1|1749223800|1749223800,0.13,0.13,True,3364.25,3364.25,0.0,True,-1.0,-1.0,0.0,True,-249.34,-0.26,2.99,-246.61
D29_P3,146,MSZZC1|6:XAUUSD|1:5|1:1|1:1|66:BO|XAUUSD|5|0|L|1749693300|MSZZ|XAUUSD|5|0|1|1749692100|1749692700,0.13,0.13,True,3362.73,3362.73,0.0,True,-0.322008,-0.3220081135902623,0.0,True,-82.55,-0.26,0.0,-82.81
D29_P3,148,MSZZC1|6:XAUUSD|1:5|2:-1|1:1|67:BO|XAUUSD|5|0|S|1749696300|MSZZ|XAUUSD|5|0|-1|1749694500|1749694500,0.24,0.24,True,3370.98,3370.9799999999996,0.0,True,-0.770308,-0.7703081232492547,0.0,True,-198.0,-0.48,0.0,-198.48
D29_P3,151,MSZZC1|6:XAUUSD|1:5|2:-1|1:4|39:MSZZ|XAUUSD|5|0|1|1749698700|1749698700,0.83,0.83,True,3371.32,3371.32,0.0,True,-1.0,-1.0,0.0,True,-260.62,-1.66,0.0,-262.28
D29_P3,150,MSZZC1|6:XAUUSD|1:5|1:1|1:1|66:BO|XAUUSD|5|0|L|1749699900|MSZZ|XAUUSD|5|0|1|1749698700|1749698700,0.19,0.19,True,3369.94,3369.9399999999996,0.0,True,-0.078195,-0.0781954887218349,0.0,True,-19.76,-0.38,0.0,-20.14
D29_P3,155,MSZZC1|6:XAUUSD|1:5|1:1|1:4|40:MSZZ|XAUUSD|5|0|-1|1749723300|1749723300,1.45,1.45,True,3368.32,3368.32,0.0,True,-1.0,-1.0,0.0,True,-262.45,-2.9,0.0,-265.35
D29_P3,154,MSZZC1|6:XAUUSD|1:5|2:-1|1:1|67:BO|XAUUSD|5|0|S|1749723900|MSZZ|XAUUSD|5|0|-1|1749723300|1749723300,0.46,0.46,True,3358.66,3358.66,0.0,True,2.0,2.000000000000081,0.0,True,518.88,-0.92,0.0,517.96
D29_P3,158,MSZZC1|6:XAUUSD|1:5|1:1|1:1|66:BO|XAUUSD|5|0|L|1749734400|MSZZ|XAUUSD|5|0|1|1749734100|1749734100,0.19,0.19,True,3382.6,3382.6,0.0,True,0.529718,0.5297176820208269,0.0,True,135.47,-0.38,-8.74,126.35
D29_P3,160,MSZZC1|6:XAUUSD|1:5|2:-1|1:1|67:BO|XAUUSD|5|0|S|1749777000|MSZZ|XAUUSD|5|0|-1|1749776700|1749776700,0.39,0.39,True,3389.27,3389.27,0.0,True,-1.0,-1.0,0.0,True,-260.13,-0.78,0.0,-260.91
D29_P3,162,MSZZC1|6:XAUUSD|1:5|2:-1|1:4|39:MSZZ|XAUUSD|5|0|1|1750363800|1750363800,0.35,0.35,True,3369.53,3369.5299999999997,0.0,True,-0.204027,-0.2040268456375254,0.0,True,-53.2,-0.7,0.0,-53.9
D29_P3,164,MSZZC1|6:XAUUSD|1:5|1:1|1:4|40:MSZZ|XAUUSD|5|0|-1|1750365000|1750365000,0.96,0.96,True,3366.8,3366.8,0.0,True,-1.0,-1.0,0.0,True,-262.08,-1.92,0.0,-264.0
D29_P3,166,MSZZC1|6:XAUUSD|1:5|1:1|1:4|40:MSZZ|XAUUSD|5|0|-1|1750939200|1750939200,1.33,1.33,True,3348.59,3348.59,0.0,True,2.0,1.999999999999769,0.0,True,524.02,-2.66,0.0,521.36
D29_P3,168,MSZZC1|6:XAUUSD|1:5|1:1|1:4|40:MSZZ|XAUUSD|5|0|-1|1750748400|1750748400,0.69,0.69,True,3348.08,3348.08,0.0,True,-1.0,-1.0,0.0,True,-260.13,-1.38,0.0,-261.51
D29_P3,170,MSZZC1|6:XAUUSD|1:5|2:-1|1:4|39:MSZZ|XAUUSD|5|0|1|1751383200|1751383200,0.78,0.78,True,3357.93,3357.93,0.0,True,-1.0,-1.0,0.0,True,-259.74,-1.56,0.0,-261.3
D29_P3,172,MSZZC1|6:XAUUSD|1:5|2:-1|1:4|39:MSZZ|XAUUSD|5|0|1|1751381700|1751382300,0.46,0.46,True,3352.55,3352.55,0.0,True,-1.0,-1.0,0.0,True,-261.74,-0.92,0.0,-262.66
D29_P3,174,MSZZC1|6:XAUUSD|1:5|2:-1|1:4|39:MSZZ|XAUUSD|5|0|1|1751457900|1751457900,0.3,0.3,True,3344.1,3344.1,0.0,True,-1.0,-1.0,0.0,True,-253.5,-0.6,0.0,-254.1
D29_P3,176,MSZZC1|6:XAUUSD|1:5|2:-1|1:1|67:BO|XAUUSD|5|0|S|1751556900|MSZZ|XAUUSD|5|0|-1|1751556600|1751556600,0.3,0.3,True,3321.35,3321.35,0.0,True,-0.14386,-0.14385964912280608,0.0,True,-36.9,-0.6,0.0,-37.5
D29_P3,178,MSZZC1|6:XAUUSD|1:5|1:1|1:1|66:BO|XAUUSD|5|0|L|1751557800|MSZZ|XAUUSD|5|0|1|1751482800|1751482800,0.44,0.44,True,3326.75,3326.75,0.0,True,0.924658,0.9246575342466399,0.0,True,237.6,-0.88,0.0,236.72
D29_P3,180,MSZZC1|6:XAUUSD|1:5|2:-1|1:1|67:BO|XAUUSD|5|0|S|1751558700|MSZZ|XAUUSD|5|0|-1|1751556600|1751556600,1.36,1.36,True,3322.91,3322.91,0.0,True,2.0,2.0,0.0,True,522.24,-2.72,0.0,519.52
D29_P3,182,MSZZC1|6:XAUUSD|1:5|2:-1|1:1|67:BO|XAUUSD|5|0|S|1751563200|MSZZ|XAUUSD|5|0|-1|1751556600|1751556600,0.2,0.2,True,3332.06,3332.06,0.0,True,-0.507645,-0.507645259938831,0.0,True,-132.8,-0.4,4.6,-128.6
D29_P3,184,MSZZC1|6:XAUUSD|1:5|1:1|1:1|66:BO|XAUUSD|5|0|L|1751596800|MSZZ|XAUUSD|5|0|1|1751558700|1751559000,0.47,0.47,True,3326.59,3326.59,0.0,True,-1.0,-1.0,0.0,True,-257.09,-0.94,0.0,-258.03
D29_P3,186,MSZZC1|6:XAUUSD|1:5|1:1|1:1|66:BO|XAUUSD|5|0|L|1751602500|MSZZ|XAUUSD|5|0|1|1751558700|1751559000,0.38,0.38,True,3325.87,3325.87,0.0,True,-1.0,-1.0,0.0,True,-256.12,-0.76,-52.44,-309.32
D29_P3,188,MSZZC1|6:XAUUSD|1:5|2:-1|1:1|67:BO|XAUUSD|5|0|S|1751994600|MSZZ|XAUUSD|5|0|-1|1751994300|1751994300,0.12,0.12,True,3326.85,3326.85,0.0,True,-1.0,-1.0,0.0,True,-250.08,-0.24,5.52,-244.8
D29_P3,190,MSZZC1|6:XAUUSD|1:5|1:1|1:4|40:MSZZ|XAUUSD|5|0|-1|1751970000|1751970000,1.73,1.73,True,3333.48,3333.48,0.0,True,-1.0,-1.0,0.0,True,-259.5,-3.46,0.0,-262.96
D29_P3,192,MSZZC1|6:XAUUSD|1:5|1:1|1:1|66:BO|XAUUSD|5|0|L|1752222300|MSZZ|XAUUSD|5|0|1|1752222000|1752222000,0.33,0.33,True,3332.57,3332.5699999999997,0.0,True,-1.0,-1.0000000000000588,0.0,True,-255.09,-0.66,0.0,-255.75
D29_P3,194,MSZZC1|6:XAUUSD|1:5|1:1|1:1|66:BO|XAUUSD|5|0|L|1752225000|MSZZ|XAUUSD|5|0|1|1752224700|1752224700,0.54,0.54,True,3332.37,3332.37,0.0,True,-1.0,-1.0,0.0,True,-256.5,-1.08,0.0,-257.58
D29_P3,197,MSZZC1|6:XAUUSD|1:5|1:1|1:1|66:BO|XAUUSD|5|0|L|1752228000|MSZZ|XAUUSD|5|0|1|1752224700|1752224700,4.97,4.97,True,3332.37,3332.37,0.0,True,-1.0,-1.0,0.0,True,-258.44,-9.94,0.0,-268.38
D29_P3,199,MSZZC1|6:XAUUSD|1:5|1:1|1:1|66:BO|XAUUSD|5|0|L|1752228600|MSZZ|XAUUSD|5|0|1|1752224700|1752224700,1.86,1.86,True,3336.51,3336.51,0.0,True,2.0,2.0,0.0,True,513.36,-3.72,0.0,509.64
D29_P3,195,MSZZC1|6:XAUUSD|1:5|2:-1|1:4|39:MSZZ|XAUUSD|5|0|1|1752224700|1752224700,0.71,0.71,True,3339.23,3339.23,0.0,True,-1.0,-1.0,0.0,True,-256.31,-1.42,0.0,-257.73
D29_P3,201,MSZZC1|6:XAUUSD|1:5|1:1|1:1|66:BO|XAUUSD|5|0|L|1752230400|MSZZ|XAUUSD|5|0|1|1752230100|1752230100,0.35,0.35,True,3353.03,3353.03,0.0,True,2.0,2.000000000000125,0.0,True,511.0,-0.7,0.0,510.3
D29_P3,204,MSZZC1|6:XAUUSD|1:5|2:-1|1:1|67:BO|XAUUSD|5|0|S|1752471300|MSZZ|XAUUSD|5|0|-1|1752234600|1752234600,0.62,0.62,True,3358.98,3358.98,0.0,True,-1.0,-1.0,0.0,True,-256.06,-1.24,0.0,-257.3
D29_P3,206,MSZZC1|6:XAUUSD|1:5|2:-1|1:1|67:BO|XAUUSD|5|0|S|1752473700|MSZZ|XAUUSD|5|0|-1|1752234600|1752234600,0.85,0.85,True,3358.98,3358.98,0.0,True,-1.0,-1.0,0.0,True,-257.55,-1.7,0.0,-259.25
D29_P3,208,MSZZC1|6:XAUUSD|1:5|2:-1|1:1|67:BO|XAUUSD|5|0|S|1752483000|MSZZ|XAUUSD|5|0|-1|1752234600|1752234600,0.52,0.52,True,3361.66,3361.66,0.0,True,-1.0,-1.0,0.0,True,-257.4,-1.04,0.0,-258.44
D29_P3,210,MSZZC1|6:XAUUSD|1:5|1:1|1:4|40:MSZZ|XAUUSD|5|0|-1|1752597000|1752597000,0.53,0.53,True,3349.57,3349.57,0.0,True,2.0,1.999999999999905,0.0,True,506.68,-1.06,0.0,505.62
D29_P3,213,MSZZC1|6:XAUUSD|1:5|1:1|1:4|40:MSZZ|XAUUSD|5|0|-1|1752604200|1752604200,3.15,3.15,True,3328.02,3328.02,0.0,True,2.0,1.9999999999994453,0.0,True,516.6,-6.3,0.0,510.3
D29_P3,215,MSZZC1|6:XAUUSD|1:5|1:1|1:4|40:MSZZ|XAUUSD|5|0|-1|1752621900|1752622200,1.13,1.13,True,3333.2,3333.2,0.0,True,2.0,2.0,0.0,True,517.54,-2.26,0.0,515.28
D29_P3,212,MSZZC1|6:XAUUSD|1:5|2:-1|1:1|67:BO|XAUUSD|5|0|S|1752604200|MSZZ|XAUUSD|5|0|-1|1752603900|1752603900,0.06,0.06,True,3369.09,3369.09,0.0,True,-1.0,-1.0,0.0,True,-257.22,-0.12,1.38,-255.96
D29_P3,218,MSZZC1|6:XAUUSD|1:5|2:-1|1:1|67:BO|XAUUSD|5|0|S|1752747600|MSZZ|XAUUSD|5|0|-1|1752683700|1752683700,0.06,0.06,True,3350.0,3350.0,0.0,True,-0.51836,-0.518359561278016,0.0,True,-130.44,-0.12,5.52,-125.04
D29_P3,220,MSZZC1|6:XAUUSD|1:5|1:1|1:1|66:BO|XAUUSD|5|0|L|1753067100|MSZZ|XAUUSD|5|0|1|1752853800|1752853800,1.08,1.08,True,3354.8,3354.8,0.0,True,2.0,2.0,0.0,True,518.4,-2.16,0.0,516.24
D29_P3,222,MSZZC1|6:XAUUSD|1:5|1:1|1:4|40:MSZZ|XAUUSD|5|0|-1|1752855600|1752855600,0.73,0.73,True,3353.9,3353.9000000000005,0.0,True,-1.0,-0.9999999999998722,0.0,True,-259.88,-1.46,0.0,-261.34
D29_P3,224,MSZZC1|6:XAUUSD|1:5|1:1|1:1|66:BO|XAUUSD|5|0|L|1753085400|MSZZ|XAUUSD|5|0|1|1753085100|1753085100,0.21,0.21,True,3387.68,3387.68,0.0,True,2.0,1.9999999999999631,0.0,True,517.44,-0.42,0.0,517.02
D29_P3,226,MSZZC1|6:XAUUSD|1:5|2:-1|1:4|39:MSZZ|XAUUSD|5|0|1|1752829800|1752829800,0.35,0.35,True,3339.18,3339.1800000000003,0.0,True,-1.0,-1.0000000000000617,0.0,True,-258.3,-0.7,0.0,-259.0
D29_P3,229,MSZZC1|6:XAUUSD|1:5|2:-1|1:4|39:MSZZ|XAUUSD|5|0|1|1754078100|1754078100,2.2,2.2,True,3349.13,3349.13,0.0,True,-1.0,-1.0,0.0,True,-261.8,-4.4,0.0,-266.2
D29_P3,228,MSZZC1|6:XAUUSD|1:5|1:1|1:1|66:BO|XAUUSD|5|0|L|1754077800|MSZZ|XAUUSD|5|0|1|1754071500|1754071500,0.65,0.65,True,3353.44,3353.4400000000005,0.0,True,2.0,2.0000000000001132,0.0,True,522.6,-1.3,0.0,521.3
D29_P3,232,MSZZC1|6:XAUUSD|1:5|2:-1|1:1|67:BO|XAUUSD|5|0|S|1754906400|MSZZ|XAUUSD|5|0|-1|1754484600|1754484600,0.42,0.42,True,3350.28,3350.28,0.0,True,2.0,2.0,0.0,True,514.08,-0.84,0.0,513.24
D29_P3,234,MSZZC1|6:XAUUSD|1:5|1:1|1:4|40:MSZZ|XAUUSD|5|0|-1|1754921100|1754921100,0.68,0.68,True,3351.34,3351.3400000000006,0.0,True,-1.0,-0.9999999999998825,0.0,True,-263.16,-1.36,0.0,-264.52
D29_P3,235,MSZZC1|6:XAUUSD|1:5|2:-1|1:1|67:BO|XAUUSD|5|0|S|1754925000|MSZZ|XAUUSD|5|0|-1|1754921100|1754921100,0.26,0.26,True,3358.05,3358.05,0.0,True,-0.43083,-0.4308300395257089,0.0,True,-113.36,-0.52,0.0,-113.88
D29_P3,238,MSZZC1|6:XAUUSD|1:5|1:1|1:1|66:BO|XAUUSD|5|0|L|1754930400|MSZZ|XAUUSD|5|0|1|1754929800|1754930100,0.27,0.27,True,3350.81,3350.81,0.0,True,-0.754167,-0.7541666666666628,0.0,True,-195.48,-0.54,0.0,-196.02
D29_P3,239,MSZZC1|6:XAUUSD|1:5|2:-1|1:4|39:MSZZ|XAUUSD|5|0|1|1754929800|1754930100,0.69,0.69,True,3348.0,3348.0,0.0,True,2.0,1.999999999999879,0.0,True,518.88,-1.38,0.0,517.5
D29_P3,243,MSZZC1|6:XAUUSD|1:5|2:-1|1:4|39:MSZZ|XAUUSD|5|0|1|1754944500|1754944500,1.0,1.0,True,3350.99,3350.99,0.0,True,2.0,2.0000000000001736,0.0,True,524.0,-2.0,0.0,522.0
D29_P3,242,MSZZC1|6:XAUUSD|1:5|1:1|1:1|66:BO|XAUUSD|5|0|L|1754944800|MSZZ|XAUUSD|5|0|1|1754944500|1754944500,0.15,0.15,True,3342.0,3342.0,0.0,True,-1.0,-1.0,0.0,True,-247.2,-0.3,0.0,-247.5
D29_P3,247,MSZZC1|6:XAUUSD|1:5|2:-1|1:4|39:MSZZ|XAUUSD|5|0|1|1754960700|1754960700,2.11,2.11,True,3346.58,3346.58,0.0,True,-1.0,-1.0,0.0,True,-263.75,-4.22,0.0,-267.97
D29_P3,246,MSZZC1|6:XAUUSD|1:5|1:1|1:1|66:BO|XAUUSD|5|0|L|1754961000|MSZZ|XAUUSD|5|0|1|1754960700|1754960700,0.52,0.52,True,3356.38,3356.38,0.0,True,2.0,2.0,0.0,True,524.16,-1.04,0.0,523.12
D29_P3,250,MSZZC1|6:XAUUSD|1:5|2:-1|1:1|67:BO|XAUUSD|5|0|S|1755034500|MSZZ|XAUUSD|5|0|-1|1755033900|1755034200,1.23,1.23,True,3350.57,3350.57,0.0,True,-1.0,-1.0,0.0,True,-264.45,-2.46,28.29,-238.62
D29_P3,252,MSZZC1|6:XAUUSD|1:5|2:-1|1:4|39:MSZZ|XAUUSD|5|0|1|1755075600|1755075600,1.14,1.14,True,3353.27,3353.27,0.0,True,-1.0,-1.0,0.0,True,-262.2,-2.28,0.0,-264.48
D29_P3,254,MSZZC1|6:XAUUSD|1:5|1:1|1:1|66:BO|XAUUSD|5|0|L|1755608700|MSZZ|XAUUSD|5|0|1|1755522900|1755522900,0.25,0.25,True,3331.39,3331.39,0.0,True,-1.0,-1.0,0.0,True,-261.75,-0.5,0.0,-262.25
D29_P3,256,MSZZC1|6:XAUUSD|1:5|1:1|1:1|66:BO|XAUUSD|5|0|L|1755699600|MSZZ|XAUUSD|5|0|1|1755522900|1755522900,0.44,0.44,True,3341.45,3341.45,0.0,True,2.0,2.0,0.0,True,516.56,-0.88,0.0,515.68
D29_P3,259,MSZZC1|6:XAUUSD|1:5|2:-1|1:4|39:MSZZ|XAUUSD|5|0|1|1755717300|1755717300,4.89,4.89,True,3346.24,3346.24,0.0,True,-1.0,-1.0,0.0,True,-264.06,-9.78,0.0,-273.84
D29_P3,261,MSZZC1|6:XAUUSD|1:5|2:-1|1:4|39:MSZZ|XAUUSD|5|0|1|1755749700|1755749700,1.78,1.78,True,3340.57,3340.57,0.0,True,2.0,2.0,0.0,True,526.88,-3.56,0.0,523.32
D29_P3,258,MSZZC1|6:XAUUSD|1:5|1:1|1:1|66:BO|XAUUSD|5|0|L|1755718800|MSZZ|XAUUSD|5|0|1|1755717300|1755717300,0.12,0.12,True,3337.03,3337.03,0.0,True,-0.396891,-0.3968907178783667,0.0,True,-104.16,-0.24,-5.52,-109.92
D29_P3,264,MSZZC1|6:XAUUSD|1:5|2:-1|1:1|67:BO|XAUUSD|5|0|S|1755809700|MSZZ|XAUUSD|5|0|-1|1755807900|1755807900,1.94,1.94,True,3338.39,3338.39,0.0,True,-1.0,-1.0,0.0,True,-263.84,-3.88,0.0,-267.72
D29_P3,266,MSZZC1|6:XAUUSD|1:5|2:-1|1:4|39:MSZZ|XAUUSD|5|0|1|1755814200|1755814200,0.77,0.77,True,3331.38,3331.38,0.0,True,2.0,1.999999999999867,0.0,True,526.68,-1.54,17.71,542.85
D29_P3,268,MSZZC1|6:XAUUSD|1:5|1:1|1:4|40:MSZZ|XAUUSD|5|0|-1|1755838800|1755838800,0.89,0.89,True,3330.96,3330.96,0.0,True,-1.0,-1.0,0.0,True,-263.44,-1.78,0.0,-265.22
D29_P3,270,MSZZC1|6:XAUUSD|1:5|1:1|1:1|66:BO|XAUUSD|5|0|L|1755882600|MSZZ|XAUUSD|5|0|1|1755882000|1755882000,0.07,0.07,True,3426.96,3426.96,0.0,True,2.0,2.0000000000000133,0.0,True,475.3,-0.14,-22.54,452.62
D29_P3,272,MSZZC1|6:XAUUSD|1:5|1:1|1:1|66:BO|XAUUSD|5|0|L|1756698900|MSZZ|XAUUSD|5|0|1|1756315800|1756316100,0.03,0.03,True,3616.16,3616.16,0.0,True,2.0,2.0,0.0,True,515.88,-0.06,-9.66,506.16
D29_P3,274,MSZZC1|6:XAUUSD|1:5|2:-1|1:4|39:MSZZ|XAUUSD|5|0|1|1758146700|1758147000,1.01,1.01,True,3665.7,3665.7,0.0,True,-1.0,-1.0,0.0,True,-265.63,-2.02,0.0,-267.65
D29_P3,276,MSZZC1|6:XAUUSD|1:5|2:-1|1:4|39:MSZZ|XAUUSD|5|0|1|1757604600|1757604600,0.57,0.57,True,3642.03,3642.0300000000007,0.0,True,-1.0,-1.0000000000000977,0.0,True,-265.05,-1.14,0.0,-266.19
D29_P3,278,MSZZC1|6:XAUUSD|1:5|1:1|1:4|40:MSZZ|XAUUSD|5|0|-1|1758213300|1758213300,2.57,2.57,True,3640.84,3640.84,0.0,True,2.0,1.9999999999995586,0.0,True,529.42,-5.14,0.0,524.28
D29_P3,281,MSZZC1|6:XAUUSD|1:5|1:1|1:4|40:MSZZ|XAUUSD|5|0|-1|1758257100|1758257100,0.65,0.65,True,3651.1,3651.1,0.0,True,2.0,1.9999999999998888,0.0,True,531.7,-1.3,0.0,530.4
D29_P3,280,MSZZC1|6:XAUUSD|1:5|2:-1|1:1|67:BO|XAUUSD|5|0|S|1758256800|MSZZ|XAUUSD|5|0|-1|1758213300|1758213300,0.11,0.11,True,3655.97,3655.97,0.0,True,-0.414274,-0.41427364864864125,0.0,True,-107.91,-0.22,0.0,-108.13
D29_P3,284,MSZZC1|6:XAUUSD|1:5|1:1|1:1|66:BO|XAUUSD|5|0|L|1758299100|MSZZ|XAUUSD|5|0|1|1758298200|1758298200,0.59,0.59,True,3664.97,3664.9699999999993,0.0,True,2.0,1.999999999999899,0.0,True,531.0,-1.18,0.0,529.82
D29_P3,286,MSZZC1|6:XAUUSD|1:5|1:1|1:1|66:BO|XAUUSD|5|0|L|1758749700|MSZZ|XAUUSD|5|0|1|1758533400|1758533400,0.03,0.03,True,3889.61,3889.61,0.0,True,2.0,2.0,0.0,True,476.28,-0.06,-9.66,466.56
D29_P3,288,MSZZC1|6:XAUUSD|1:5|1:1|1:4|40:MSZZ|XAUUSD|5|0|-1|1761062400|1761062400,0.35,0.35,True,4212.4,4212.4,0.0,True,2.0,1.9999999999997597,0.0,True,529.9,-0.7,0.0,529.2
D29_P3,290,MSZZC1|6:XAUUSD|1:5|1:1|1:4|40:MSZZ|XAUUSD|5|0|-1|1761065400|1761065400,0.16,0.16,True,4165.34,4165.34,0.0,True,-1.0,-1.0,0.0,True,-266.24,-0.32,0.0,-266.56
D29_P3,292,MSZZC1|6:XAUUSD|1:5|2:-1|1:1|67:BO|XAUUSD|5|0|S|1761068100|MSZZ|XAUUSD|5|0|-1|1761067500|1761067500,0.09,0.09,True,4148.83,4148.83,0.0,True,-1.0,-1.0,0.0,True,-270.27,-0.18,0.0,-270.45
D29_P3,294,MSZZC1|6:XAUUSD|1:5|1:1|1:1|66:BO|XAUUSD|5|0|L|1761072600|MSZZ|XAUUSD|5|0|1|1761069300|1761069300,0.04,0.04,True,4127.47,4127.47,0.0,True,-0.230204,-0.23020408163264586,0.0,True,-56.4,-0.08,0.0,-56.48
D29_P3,296,MSZZC1|6:XAUUSD|1:5|2:-1|1:1|67:BO|XAUUSD|5|0|S|1761074100|MSZZ|XAUUSD|5|0|-1|1761067500|1761067500,0.11,0.11,True,4113.98,4113.98,0.0,True,0.578473,0.5784734133791106,0.0,True,148.39,-0.22,0.0,148.17
D29_P3,298,MSZZC1|6:XAUUSD|1:5|1:1|1:1|66:BO|XAUUSD|5|0|L|1761078600|MSZZ|XAUUSD|5|0|1|1760490300|1760490300,0.21,0.21,True,4101.32,4101.32,0.0,True,-1.0,-1.0,0.0,True,-265.86,-0.42,0.0,-266.28
D29_P3,301,MSZZC1|6:XAUUSD|1:5|1:1|1:4|40:MSZZ|XAUUSD|5|0|-1|1761094800|1761094800,0.28,0.28,True,4113.89,4113.89,0.0,True,-1.0,-1.0,0.0,True,-263.2,-0.56,0.0,-263.76
D29_P3,300,MSZZC1|6:XAUUSD|1:5|2:-1|1:1|67:BO|XAUUSD|5|0|S|1761095100|MSZZ|XAUUSD|5|0|-1|1761094800|1761094800,0.16,0.16,True,4082.3,4082.3,0.0,True,2.0,2.000000000000054,0.0,True,536.64,-0.32,0.0,536.32
D29_P3,304,MSZZC1|6:XAUUSD|1:5|1:1|1:1|66:BO|XAUUSD|5|0|L|1761111600|MSZZ|XAUUSD|5|0|1|1760490300|1760490300,1.2,1.2,True,4110.23,4110.23,0.0,True,-1.0,-1.0,0.0,True,-270.0,-2.4,0.0,-272.4
D29_P3,306,MSZZC1|6:XAUUSD|1:5|1:1|1:1|66:BO|XAUUSD|5|0|L|1761114600|MSZZ|XAUUSD|5|0|1|1760490300|1760490300,0.14,0.14,True,4128.59,4128.59,0.0,True,-0.039246,-0.039246467817895196,0.0,True,-10.5,-0.28,0.0,-10.78
D29_P3,308,MSZZC1|6:XAUUSD|1:5|2:-1|1:1|67:BO|XAUUSD|5|0|S|1761116100|MSZZ|XAUUSD|5|0|-1|1761067500|1761067500,0.18,0.18,True,4143.02,4143.02,0.0,True,-1.0,-1.0,0.0,True,-259.74,-0.36,0.0,-260.1
D29_P3,310,MSZZC1|6:XAUUSD|1:5|2:-1|1:1|67:BO|XAUUSD|5|0|S|1761127200|MSZZ|XAUUSD|5|0|-1|1761067200|1761067200,0.14,0.14,True,4104.06,4104.06,0.0,True,2.0,1.9999999999999045,0.0,True,533.96,-0.28,0.0,533.68
D29_P3,313,MSZZC1|6:XAUUSD|1:5|1:1|1:4|40:MSZZ|XAUUSD|5|0|-1|1762220700|1762220700,0.44,0.44,True,3986.59,3986.59,0.0,True,-1.0,-1.0,0.0,True,-270.6,-0.88,0.0,-271.48
D29_P3,315,MSZZC1|6:XAUUSD|1:5|1:1|1:4|40:MSZZ|XAUUSD|5|0|-1|1762266000|1762266000,0.22,0.22,True,3995.46,3995.46,0.0,True,-0.43,-0.4299999999999879,0.0,True,-113.52,-0.44,0.0,-113.96
D29_P3,317,MSZZC1|6:XAUUSD|1:5|1:1|1:4|40:MSZZ|XAUUSD|5|0|-1|1762446300|1762446300,0.22,0.22,True,3987.15,3987.15,0.0,True,-1.0,-1.0,0.0,True,-261.14,-0.44,0.0,-261.58
D29_P3,312,MSZZC1|6:XAUUSD|1:5|2:-1|1:1|67:BO|XAUUSD|5|0|S|1762185900|MSZZ|XAUUSD|5|0|-1|1761564000|1761564000,0.03,0.03,True,4006.08,4006.08,0.0,True,0.104952,0.10495216657287625,0.0,True,22.38,-0.06,2.76,25.08
D29_P3,321,MSZZC1|6:XAUUSD|1:5|2:-1|1:4|39:MSZZ|XAUUSD|5|0|1|1762531800|1762531800,0.39,0.39,True,3987.02,3987.0200000000004,0.0,True,2.0,1.999999999999867,0.0,True,533.52,-0.78,0.0,532.74
D29_P3,320,MSZZC1|6:XAUUSD|1:5|1:1|1:1|66:BO|XAUUSD|5|0|L|1762532100|MSZZ|XAUUSD|5|0|1|1762531800|1762531800,0.08,0.08,True,3986.57,3986.57,0.0,True,-0.611791,-0.6117905299466868,0.0,True,-156.08,-0.16,0.0,-156.24
D29_P3,324,MSZZC1|6:XAUUSD|1:5|2:-1|1:1|67:BO|XAUUSD|5|0|S|1762533300|MSZZ|XAUUSD|5|0|-1|1762533000|1762533000,0.85,0.85,True,3989.74,3989.74,0.0,True,-1.0,-1.0,0.0,True,-269.45,-1.7,0.0,-271.15
D29_P3,326,MSZZC1|6:XAUUSD|1:5|1:1|1:1|66:BO|XAUUSD|5|0|L|1762539900|MSZZ|XAUUSD|5|0|1|1762539600|1762539600,0.11,0.11,True,3995.13,3995.13,0.0,True,-0.546444,-0.5464435146443472,0.0,True,-143.66,-0.22,0.0,-143.88
D29_P3,328,MSZZC1|6:XAUUSD|1:5|2:-1|1:1|67:BO|XAUUSD|5|0|S|1762542900|MSZZ|XAUUSD|5|0|-1|1762542300|1762542300,0.25,0.25,True,4005.62,4005.62,0.0,True,-1.0,-1.0,0.0,True,-262.25,-0.5,0.0,-262.75
D29_P3,330,MSZZC1|6:XAUUSD|1:5|2:-1|1:1|67:BO|XAUUSD|5|0|S|1762736400|MSZZ|XAUUSD|5|0|-1|1762559100|1762559100,0.7,0.7,True,4010.44,4010.44,0.0,True,-1.0,-1.0,0.0,True,-266.7,-1.4,0.0,-268.1
D29_P3,332,MSZZC1|6:XAUUSD|1:5|2:-1|1:4|39:MSZZ|XAUUSD|5|0|1|1763366700|1763366700,0.32,0.32,True,4071.7,4071.7,0.0,True,-1.0,-1.0,0.0,True,-267.52,-0.64,0.0,-268.16
D29_P3,334,MSZZC1|6:XAUUSD|1:5|1:1|1:4|40:MSZZ|XAUUSD|5|0|-1|1763393700|1763393700,0.26,0.26,True,4064.03,4064.0300000000007,0.0,True,-1.0,-0.9999999999999556,0.0,True,-265.98,-0.52,0.0,-266.5
D29_P3,336,MSZZC1|6:XAUUSD|1:5|2:-1|1:1|67:BO|XAUUSD|5|0|S|1763561400|MSZZ|XAUUSD|5|0|-1|1763129700|1763129700,4.84,4.84,True,4114.81,4114.81,0.0,True,2.0,1.9999999999983464,0.0,True,532.4,-9.68,0.0,522.72
D29_P3,338,MSZZC1|6:XAUUSD|1:5|1:1|1:4|40:MSZZ|XAUUSD|5|0|-1|1763129700|1763129700,0.69,0.69,True,4114.82,4114.82,0.0,True,-1.0,-1.0,0.0,True,-264.27,-1.38,0.0,-265.65
D29_P3,340,MSZZC1|6:XAUUSD|1:5|2:-1|1:1|67:BO|XAUUSD|5|0|S|1763564700|MSZZ|XAUUSD|5|0|-1|1763564400|1763564400,0.28,0.28,True,4116.46,4116.46,0.0,True,-1.0,-1.0,0.0,True,-258.16,-0.56,0.0,-258.72
D29_P3,341,MSZZC1|6:XAUUSD|1:5|1:1|1:4|40:MSZZ|XAUUSD|5|0|-1|1763564400|1763564400,0.46,0.46,True,4106.39,4106.39,0.0,True,-1.0,-1.0,0.0,True,-265.88,-0.92,0.0,-266.8
D29_P3,344,MSZZC1|6:XAUUSD|1:5|2:-1|1:1|67:BO|XAUUSD|5|0|S|1763567400|MSZZ|XAUUSD|5|0|-1|1763564400|1763564400,0.22,0.22,True,4117.88,4117.88,0.0,True,-1.0,-1.0,0.0,True,-254.76,-0.44,0.0,-255.2
D29_P3,346,MSZZC1|6:XAUUSD|1:5|2:-1|1:4|39:MSZZ|XAUUSD|5|0|1|1763565900|1763565900,0.35,0.35,True,4114.08,4114.08,0.0,True,-1.0,-1.0,0.0,True,-261.1,-0.7,0.0,-261.8
D29_P3,348,MSZZC1|6:XAUUSD|1:5|1:1|1:1|66:BO|XAUUSD|5|0|L|1763569800|MSZZ|XAUUSD|5|0|1|1763565900|1763565900,0.2,0.2,True,4100.83,4100.83,0.0,True,-1.0,-1.0,0.0,True,-255.0,-0.4,0.0,-255.4
D29_P3,350,MSZZC1|6:XAUUSD|1:5|1:1|1:1|66:BO|XAUUSD|5|0|L|1763948700|MSZZ|XAUUSD|5|0|1|1763946000|1763946000,0.45,0.45,True,4068.97,4068.97,0.0,True,-1.0,-1.0,0.0,True,-260.1,-0.9,0.0,-261.0
D29_P3,352,MSZZC1|6:XAUUSD|1:5|1:1|1:4|40:MSZZ|XAUUSD|5|0|-1|1763949900|1763949900,0.59,0.59,True,4071.36,4071.3599999999997,0.0,True,2.0,2.0,0.0,True,522.74,-1.18,0.0,521.56
D29_P3,355,MSZZC1|6:XAUUSD|1:5|1:1|1:4|40:MSZZ|XAUUSD|5|0|-1|1763965800|1763965800,1.47,1.47,True,4045.05,4045.05,0.0,True,-1.0,-1.0,0.0,True,-263.13,-2.94,0.0,-266.07
D29_P3,354,MSZZC1|6:XAUUSD|1:5|2:-1|1:1|67:BO|XAUUSD|5|0|S|1763953500|MSZZ|XAUUSD|5|0|-1|1763949900|1763949900,0.07,0.07,True,4092.29,4092.29,0.0,True,-1.0,-1.0,0.0,True,-249.83,-0.14,0.0,-249.97
D29_P3,358,MSZZC1|6:XAUUSD|1:5|2:-1|1:4|39:MSZZ|XAUUSD|5|0|1|1764334200|1764334200,0.14,0.14,True,4188.02,4188.02,0.0,True,-1.0,-1.0,0.0,True,-262.22,-0.28,0.0,-262.5
D29_P3,360,MSZZC1|6:XAUUSD|1:5|2:-1|1:1|67:BO|XAUUSD|5|0|S|1764707100|MSZZ|XAUUSD|5|0|-1|1764333000|1764333000,0.33,0.33,True,4197.12,4197.12,0.0,True,-1.0,-1.0,0.0,True,-255.09,-0.66,0.0,-255.75
D29_P3,362,MSZZC1|6:XAUUSD|1:5|2:-1|1:1|67:BO|XAUUSD|5|0|S|1764793200|MSZZ|XAUUSD|5|0|-1|1764333000|1764333000,1.99,1.99,True,4200.86,4200.86,0.0,True,-1.0,-1.0,0.0,True,-260.69,-3.98,0.0,-264.67
D29_P3,364,MSZZC1|6:XAUUSD|1:5|2:-1|1:1|67:BO|XAUUSD|5|0|S|1764795000|MSZZ|XAUUSD|5|0|-1|1764333000|1764333000,0.75,0.75,True,4200.86,4200.86,0.0,True,-1.0,-1.0,0.0,True,-261.0,-1.5,0.0,-262.5
D29_P3,366,MSZZC1|6:XAUUSD|1:5|2:-1|1:1|67:BO|XAUUSD|5|0|S|1764881700|MSZZ|XAUUSD|5|0|-1|1764333000|1764333000,0.27,0.27,True,4217.56,4217.56,0.0,True,-1.0,-1.0,0.0,True,-258.66,-0.54,6.21,-252.99
D29_P3,368,MSZZC1|6:XAUUSD|1:5|1:1|1:1|66:BO|XAUUSD|5|0|L|1764959100|MSZZ|XAUUSD|5|0|1|1764861900|1764861900,0.14,0.14,True,4198.58,4198.58,0.0,True,-1.0,-1.0,0.0,True,-255.5,-0.28,0.0,-255.78
D29_P3,370,MSZZC1|6:XAUUSD|1:5|1:1|1:1|66:BO|XAUUSD|5|0|L|1765179000|MSZZ|XAUUSD|5|0|1|1764916200|1764916200,0.23,0.23,True,4203.02,4203.02,0.0,True,-1.0,-1.0,0.0,True,-254.61,-0.46,0.0,-255.07
D29_P3,372,MSZZC1|6:XAUUSD|1:5|1:1|1:1|66:BO|XAUUSD|5|0|L|1765205700|MSZZ|XAUUSD|5|0|1|1764916200|1764916200,0.23,0.23,True,4203.02,4203.02,0.0,True,-1.0,-1.0,0.0,True,-254.38,-0.46,0.0,-254.84
D29_P3,374,MSZZC1|6:XAUUSD|1:5|2:-1|1:1|67:BO|XAUUSD|5|0|S|1765213800|MSZZ|XAUUSD|5|0|-1|1764958200|1764958200,0.03,0.03,True,4216.62,4216.62,0.0,True,-0.474035,-0.47403478475391636,0.0,True,-115.29,-0.06,0.69,-114.66
D29_P3,377,MSZZC1|6:XAUUSD|1:5|2:-1|1:4|39:MSZZ|XAUUSD|5|0|1|1765336500|1765336500,1.09,1.09,True,4218.01,4218.01,0.0,True,-1.0,-1.0,0.0,True,-257.24,-2.18,0.0,-259.42
D29_P3,376,MSZZC1|6:XAUUSD|1:5|1:1|1:1|66:BO|XAUUSD|5|0|L|1765303200|MSZZ|XAUUSD|5|0|1|1764916200|1764916200,0.09,0.09,True,4209.06,4209.06,0.0,True,-0.28822,-0.2882195958825626,0.0,True,-68.04,-0.18,-4.14,-72.36
D29_P3,381,MSZZC1|6:XAUUSD|1:5|1:1|1:4|40:MSZZ|XAUUSD|5|0|-1|1765343400|1765343400,0.48,0.48,True,4207.46,4207.46,0.0,True,-1.0,-1.0,0.0,True,-253.92,-0.96,0.0,-254.88
D29_P3,380,MSZZC1|6:XAUUSD|1:5|2:-1|1:1|67:BO|XAUUSD|5|0|S|1765343700|MSZZ|XAUUSD|5|0|-1|1765343400|1765343400,0.26,0.26,True,4189.5,4189.5,0.0,True,2.0,2.000000000000093,0.0,True,508.56,-0.52,0.0,508.04
D29_P3,384,MSZZC1|6:XAUUSD|1:5|1:1|1:4|40:MSZZ|XAUUSD|5|0|-1|1764958200|1764958200,0.16,0.16,True,4190.47,4190.47,0.0,True,-1.0,-1.0,0.0,True,-251.84,-0.32,0.0,-252.16
D29_P3,386,MSZZC1|6:XAUUSD|1:5|1:1|1:1|66:BO|XAUUSD|5|0|L|1765418400|MSZZ|XAUUSD|5|0|1|1765417800|1765417800,0.22,0.22,True,4223.93,4223.93,0.0,True,-1.0,-1.0,0.0,True,-249.04,-0.44,0.0,-249.48
D29_P3,387,MSZZC1|6:XAUUSD|1:5|2:-1|1:4|39:MSZZ|XAUUSD|5|0|1|1765417800|1765417800,0.34,0.34,True,4217.3,4217.3,0.0,True,2.0,1.9999999999998794,0.0,True,513.4,-0.68,0.0,512.72
D29_P3,390,MSZZC1|6:XAUUSD|1:5|1:1|1:4|40:MSZZ|XAUUSD|5|0|-1|1765427100|1765427100,0.34,0.34,True,4245.89,4245.89,0.0,True,2.0,2.0,0.0,True,507.96,-0.68,0.0,507.28
D29_P3,392,MSZZC1|6:XAUUSD|1:5|1:1|1:1|66:BO|XAUUSD|5|0|L|1765474800|MSZZ|XAUUSD|5|0|1|1765473600|1765473900,0.13,0.13,True,4294.06,4294.06,0.0,True,2.0,2.0,0.0,True,512.46,-0.26,-5.98,506.22
D29_P3,394,MSZZC1|6:XAUUSD|1:5|1:1|1:1|66:BO|XAUUSD|5|0|L|1765565100|MSZZ|XAUUSD|5|0|1|1765474800|1765474800,0.05,0.05,True,4366.15,4366.15,0.0,True,2.0,2.0,0.0,True,437.4,-0.1,-13.8,423.5
D29_P3,397,MSZZC1|6:XAUUSD|1:5|2:-1|1:4|39:MSZZ|XAUUSD|5|0|1|1766134500|1766134800,0.43,0.43,True,4329.21,4329.21,0.0,True,-1.0,-1.0,0.0,True,-255.42,-0.86,0.0,-256.28
D29_P3,399,MSZZC1|6:XAUUSD|1:5|2:-1|1:4|39:MSZZ|XAUUSD|5|0|1|1766143500|1766143800,1.48,1.48,True,4324.44,4324.44,0.0,True,2.0,2.0,0.0,True,520.96,-2.96,0.0,518.0
D29_P3,396,MSZZC1|6:XAUUSD|1:5|1:1|1:1|66:BO|XAUUSD|5|0|L|1766135400|MSZZ|XAUUSD|5|0|1|1766134500|1766134800,0.22,0.22,True,4350.7,4350.7,0.0,True,2.0,2.0,0.0,True,507.76,-0.44,0.0,507.32
D29_P3,403,MSZZC1|6:XAUUSD|1:5|2:-1|1:4|39:MSZZ|XAUUSD|5|0|1|1766368800|1766368800,0.61,0.61,True,4366.29,4366.29,0.0,True,-1.0,-1.0,0.0,True,-262.91,-1.22,0.0,-264.13
D29_P3,402,MSZZC1|6:XAUUSD|1:5|1:1|1:1|66:BO|XAUUSD|5|0|L|1766168100|MSZZ|XAUUSD|5|0|1|1766162100|1766162100,0.09,0.09,True,4402.63,4402.63,0.0,True,2.0,1.9999999999999685,0.0,True,519.3,-0.18,-12.42,506.7
D29_P3,406,MSZZC1|6:XAUUSD|1:5|2:-1|1:1|67:BO|XAUUSD|5|0|S|1767028800|MSZZ|XAUUSD|5|0|-1|1767027900|1767027900,0.06,0.06,True,4340.81,4340.81,0.0,True,-0.623471,-0.6234706616729124,0.0,True,-149.82,-0.12,0.0,-149.94
D29_P3,407,MSZZC1|6:XAUUSD|1:5|1:1|1:4|40:MSZZ|XAUUSD|5|0|-1|1767027900|1767027900,0.17,0.17,True,4316.51,4316.51,0.0,True,-1.0,-1.0,0.0,True,-257.55,-0.34,0.0,-257.89
D29_P3,409,MSZZC1|6:XAUUSD|1:5|2:-1|1:1|67:BO|XAUUSD|5|0|S|1767036000|MSZZ|XAUUSD|5|0|-1|1767027900|1767027900,0.12,0.12,True,4343.37,4343.37,0.0,True,-0.810488,-0.8104875804967833,0.0,True,-211.44,-0.24,0.0,-211.68
D29_P3,412,MSZZC1|6:XAUUSD|1:5|1:1|1:1|66:BO|XAUUSD|5|0|L|1767045600|MSZZ|XAUUSD|5|0|1|1767042600|1767042600,0.09,0.09,True,4327.91,4327.91,0.0,True,-0.537926,-0.5379262352122531,0.0,True,-139.14,-0.18,-4.14,-143.46
D29_P3,414,MSZZC1|6:XAUUSD|1:5|2:-1|1:1|67:BO|XAUUSD|5|0|S|1767063600|MSZZ|XAUUSD|5|0|-1|1767062700|1767062700,0.13,0.13,True,4347.08,4347.08,0.0,True,-1.0,-1.0,0.0,True,-249.21,-0.26,0.0,-249.47
D29_P3,417,MSZZC1|6:XAUUSD|1:5|2:-1|1:4|39:MSZZ|XAUUSD|5|0|1|1767069900|1767069900,0.36,0.36,True,4365.39,4365.39,0.0,True,-1.0,-1.0,0.0,True,-261.36,-0.72,0.0,-262.08
D29_P3,416,MSZZC1|6:XAUUSD|1:5|1:1|1:1|66:BO|XAUUSD|5|0|L|1767066000|MSZZ|XAUUSD|5|0|1|1767064500|1767064500,0.13,0.13,True,4386.8,4386.8,0.0,True,2.0,2.0000000000000457,0.0,True,515.32,-0.26,0.0,515.06
D29_P3,420,MSZZC1|6:XAUUSD|1:5|2:-1|1:1|67:BO|XAUUSD|5|0|S|1767112800|MSZZ|XAUUSD|5|0|-1|1767108600|1767108600,0.06,0.06,True,4287.25,4287.25,0.0,True,2.0,2.0000000000000435,0.0,True,504.12,-0.12,1.38,505.38
D29_P3,422,MSZZC1|6:XAUUSD|1:5|2:-1|1:1|67:BO|XAUUSD|5|0|S|1767674100|MSZZ|XAUUSD|5|0|-1|1766973600|1766973600,0.03,0.03,True,4489.68,4489.68,0.0,True,-0.556636,-0.5566362412090418,0.0,True,-111.6,-0.06,0.0,-111.66
D29_P3,423,MSZZC1|6:XAUUSD|1:5|1:1|1:4|40:MSZZ|XAUUSD|5|0|-1|1767004500|1767004500,0.17,0.17,True,4462.92,4462.92,0.0,True,-1.0,-1.0,0.0,True,-248.71,-0.34,-7.82,-256.87
D29_P3,427,MSZZC1|6:XAUUSD|1:5|2:-1|1:4|39:MSZZ|XAUUSD|5|0|1|1767978300|1767978300,0.32,0.32,True,4506.04,4506.04,0.0,True,-1.0,-1.0,0.0,True,-259.52,-0.64,0.0,-260.16
D29_P3,426,MSZZC1|6:XAUUSD|1:5|1:1|1:1|66:BO|XAUUSD|5|0|L|1767984600|MSZZ|XAUUSD|5|0|1|1767978300|1767978300,0.04,0.04,True,4633.19,4633.19,0.0,True,2.0,1.9999999999999711,0.0,True,502.88,-0.08,-7.36,495.44
D29_P3,430,MSZZC1|6:XAUUSD|1:5|1:1|1:1|66:BO|XAUUSD|5|0|L|1768585200|MSZZ|XAUUSD|5|0|1|1767990600|1767990600,0.04,0.04,True,4662.34,4662.34,0.0,True,2.0,2.0,0.0,True,426.64,-0.08,-5.52,421.04
D29_P3,432,MSZZC1|6:XAUUSD|1:5|1:1|1:1|66:BO|XAUUSD|5|0|L|1769771700|MSZZ|XAUUSD|5|0|1|1769202000|1769202000,0.01,0.01,True,4932.82,4932.82,0.0,True,-1.0,-1.0,0.0,True,-135.98,-0.02,0.0,-136.0
D29_P3,433,MSZZC1|6:XAUUSD|1:5|2:-1|1:4|39:MSZZ|XAUUSD|5|0|1|1769788800|1769788800,0.02,0.02,True,4759.77,4759.77,0.0,True,2.0,1.999999999999992,0.0,True,450.36,-0.04,0.0,450.32
D29_P3,436,MSZZC1|6:XAUUSD|1:5|1:1|1:1|66:BO|XAUUSD|5|0|L|1769805900|MSZZ|XAUUSD|5|0|1|1769176800|1769176800,0.09,0.09,True,4886.07,4886.07,0.0,True,2.0,1.9999999999999358,0.0,True,509.76,-0.18,0.0,509.58
D29_P3,438,MSZZC1|6:XAUUSD|1:5|2:-1|1:1|67:BO|XAUUSD|5|0|S|1769807400|MSZZ|XAUUSD|5|0|-1|1769800200|1769800200,0.06,0.06,True,4930.95,4930.95,0.0,True,-1.0,-1.0,0.0,True,-246.96,-0.12,0.0,-247.08
D29_P3,440,MSZZC1|6:XAUUSD|1:5|2:-1|1:1|67:BO|XAUUSD|5|0|S|1769811600|MSZZ|XAUUSD|5|0|-1|1769800200|1769800200,0.05,0.05,True,4793.76,4793.76,0.0,True,2.0,2.0,0.0,True,512.9,-0.1,3.45,516.25
D29_P3,442,MSZZC1|6:XAUUSD|1:5|2:-1|1:1|67:BO|XAUUSD|5|0|S|1770175800|MSZZ|XAUUSD|5|0|-1|1769769000|1769769000,0.04,0.04,True,4898.9,4898.9,0.0,True,2.0,2.0000000000000138,0.0,True,523.92,-0.08,0.0,523.84
D29_P3,444,MSZZC1|6:XAUUSD|1:5|1:1|1:4|40:MSZZ|XAUUSD|5|0|-1|1770608100|1770608100,0.12,0.12,True,5032.48,5032.48,0.0,True,2.0,2.000000000000043,0.0,True,507.36,-0.24,0.0,507.12
D29_P3,446,MSZZC1|6:XAUUSD|1:5|2:-1|1:1|67:BO|XAUUSD|5|0|S|1770744900|MSZZ|XAUUSD|5|0|-1|1770741900|1770741900,0.05,0.05,True,5058.39,5058.39,0.0,True,-1.0,-1.0,0.0,True,-255.85,-0.1,1.15,-254.8
D29_P3,448,MSZZC1|6:XAUUSD|1:5|2:-1|1:1|67:BO|XAUUSD|5|0|S|1770789900|MSZZ|XAUUSD|5|0|-1|1770789300|1770789600,0.95,0.95,True,5057.6,5057.6,0.0,True,-1.0,-1.0,0.0,True,-266.0,-1.9,0.0,-267.9
D29_P3,450,MSZZC1|6:XAUUSD|1:5|2:-1|1:1|67:BO|XAUUSD|5|0|S|1770790800|MSZZ|XAUUSD|5|0|-1|1770789300|1770789600,8.63,8.63,True,5057.6,5057.6,0.0,True,-1.0,-1.0,0.0,True,-267.53,-17.26,0.0,-284.79
D29_P3,452,MSZZC1|6:XAUUSD|1:5|2:-1|1:1|67:BO|XAUUSD|5|0|S|1770792300|MSZZ|XAUUSD|5|0|-1|1770792000|1770792000,0.25,0.25,True,5061.05,5061.05,0.0,True,-1.0,-1.0,0.0,True,-265.25,-0.5,0.0,-265.75
D29_P3,455,MSZZC1|6:XAUUSD|1:5|2:-1|1:4|39:MSZZ|XAUUSD|5|0|1|1770797100|1770797100,0.51,0.51,True,5061.57,5061.57,0.0,True,-1.0,-1.0,0.0,True,-261.12,-1.02,0.0,-262.14
D29_P3,454,MSZZC1|6:XAUUSD|1:5|1:1|1:1|66:BO|XAUUSD|5|0|L|1770795300|MSZZ|XAUUSD|5|0|1|1770795000|1770795000,0.14,0.14,True,5100.26,5100.26,0.0,True,2.0,2.000000000000096,0.0,True,530.04,-0.28,0.0,529.76
D29_P3,459,MSZZC1|6:XAUUSD|1:5|2:-1|1:4|39:MSZZ|XAUUSD|5|0|1|1770842100|1770842100,0.56,0.56,True,5087.39,5087.39,0.0,True,-1.0,-1.0,0.0,True,-262.64,-1.12,0.0,-263.76
D29_P3,458,MSZZC1|6:XAUUSD|1:5|1:1|1:1|66:BO|XAUUSD|5|0|L|1770838800|MSZZ|XAUUSD|5|0|1|1770837300|1770837300,0.05,0.05,True,5081.58,5081.58,0.0,True,-0.307772,-0.3077718065316307,0.0,True,-74.45,-0.1,0.0,-74.55
D29_P3,462,MSZZC1|6:XAUUSD|1:5|2:-1|1:1|67:BO|XAUUSD|5|0|S|1770846900|MSZZ|XAUUSD|5|0|-1|1770840600|1770840600,0.31,0.31,True,5090.0,5090.0,0.0,True,-1.0,-1.0,0.0,True,-261.02,-0.62,0.0,-261.64
D29_P3,464,MSZZC1|6:XAUUSD|1:5|1:1|1:1|66:BO|XAUUSD|5|0|L|1770858000|MSZZ|XAUUSD|5|0|1|1770853800|1770853800,0.05,0.05,True,5063.63,5063.63,0.0,True,-0.721422,-0.7214221422142164,0.0,True,-160.3,-0.1,0.0,-160.4
D29_P3,466,MSZZC1|6:XAUUSD|1:5|2:-1|1:1|67:BO|XAUUSD|5|0|S|1770858600|MSZZ|XAUUSD|5|0|-1|1770858300|1770858300,0.1,0.1,True,5010.89,5010.89,0.0,True,2.0,2.0,0.0,True,527.4,-0.2,0.0,527.2
D29_P3,469,MSZZC1|6:XAUUSD|1:5|2:-1|1:4|39:MSZZ|XAUUSD|5|0|1|1770929400|1770929700,0.2,0.2,True,4919.13,4919.13,0.0,True,2.0,1.9999999999998603,0.0,True,521.2,-0.4,0.0,520.8
D29_P3,471,MSZZC1|6:XAUUSD|1:5|2:-1|1:4|39:MSZZ|XAUUSD|5|0|1|1770948300|1770948300,0.4,0.4,True,4928.88,4928.88,0.0,True,2.0,1.9999999999998614,0.0,True,524.8,-0.8,0.0,524.0
D29_P3,468,MSZZC1|6:XAUUSD|1:5|1:1|1:1|66:BO|XAUUSD|5|0|L|1770924000|MSZZ|XAUUSD|5|0|1|1770921600|1770921900,0.02,0.02,True,5015.17,5015.17,0.0,True,0.341112,0.34111192991074935,0.0,True,83.32,-0.04,-3.68,79.6
D29_P3,475,MSZZC1|6:XAUUSD|1:5|1:1|1:4|40:MSZZ|XAUUSD|5|0|-1|1771216500|1771216500,0.42,0.42,True,4996.18,4996.179999999999,0.0,True,-1.0,-1.0000000000001428,0.0,True,-267.54,-0.84,0.0,-268.38
D29_P3,474,MSZZC1|6:XAUUSD|1:5|2:-1|1:1|67:BO|XAUUSD|5|0|S|1771203600|MSZZ|XAUUSD|5|0|-1|1770934800|1770934800,0.07,0.07,True,4941.65,4941.65,0.0,True,2.0,2.0,0.0,True,514.64,-0.14,1.61,516.11
D29_P3,478,MSZZC1|6:XAUUSD|1:5|2:-1|1:1|67:BO|XAUUSD|5|0|S|1771526700|MSZZ|XAUUSD|5|0|-1|1770912000|1770912000,0.14,0.14,True,5022.49,5022.49,0.0,True,-1.0,-1.0,0.0,True,-259.7,-0.28,3.22,-256.76
D29_P3,480,MSZZC1|6:XAUUSD|1:5|1:1|1:4|40:MSZZ|XAUUSD|5|0|-1|1771606800|1771606800,0.18,0.18,True,5051.51,5051.51,0.0,True,2.0,2.0000000000000635,0.0,True,515.52,-0.36,0.0,515.16
D29_P3,482,MSZZC1|6:XAUUSD|1:5|2:-1|1:4|39:MSZZ|XAUUSD|5|0|1|1771605000|1771605000,0.49,0.49,True,5056.76,5056.76,0.0,True,-1.0,-1.0,0.0,True,-270.48,-0.98,0.0,-271.46
D29_P3,484,MSZZC1|6:XAUUSD|1:5|2:-1|1:1|67:BO|XAUUSD|5|0|S|1772544300|MSZZ|XAUUSD|5|0|-1|1772543100|1772543100,0.05,0.05,True,5180.54,5180.539999999999,0.0,True,-1.0,-0.9999999999999831,0.0,True,-269.3,-0.1,0.0,-269.4
D29_P3,486,MSZZC1|6:XAUUSD|1:5|1:1|1:1|66:BO|XAUUSD|5|0|L|1772549700|MSZZ|XAUUSD|5|0|1|1772200500|1772200500,0.04,0.04,True,5159.75,5159.75,0.0,True,-1.0,-1.0,0.0,True,-258.84,-0.08,0.0,-258.92
D29_P3,488,MSZZC1|6:XAUUSD|1:5|2:-1|1:1|67:BO|XAUUSD|5|0|S|1772550300|MSZZ|XAUUSD|5|0|-1|1772543100|1772543100,0.09,0.09,True,5180.54,5180.54,0.0,True,-1.0,-1.0,0.0,True,-251.82,-0.18,0.0,-252.0
D29_P3,490,MSZZC1|6:XAUUSD|1:5|2:-1|1:1|67:BO|XAUUSD|5|0|S|1772552100|MSZZ|XAUUSD|5|0|-1|1772543100|1772543100,0.11,0.11,True,5113.13,5113.13,0.0,True,2.0,1.9999999999999596,0.0,True,494.34,-0.22,0.0,494.12
D29_P3,492,MSZZC1|6:XAUUSD|1:5|2:-1|1:1|67:BO|XAUUSD|5|0|S|1772594700|MSZZ|XAUUSD|5|0|-1|1772543100|1772543100,0.07,0.07,True,5180.54,5180.54,0.0,True,-1.0,-1.0,0.0,True,-239.89,-0.14,0.0,-240.03
D29_P3,494,MSZZC1|6:XAUUSD|1:5|2:-1|1:1|67:BO|XAUUSD|5|0|S|1772600100|MSZZ|XAUUSD|5|0|-1|1772543100|1772543100,0.11,0.11,True,5180.54,5180.540000000001,0.0,True,-1.0,-1.0000000000000377,0.0,True,-265.21,-0.22,0.0,-265.43
D29_P3,496,MSZZC1|6:XAUUSD|1:5|2:-1|1:1|67:BO|XAUUSD|5|0|S|1772606700|MSZZ|XAUUSD|5|0|-1|1772543100|1772543100,0.1,0.1,True,5180.54,5180.539999999999,0.0,True,-1.0,-0.9999999999999639,0.0,True,-252.0,-0.2,0.0,-252.2
D29_P3,498,MSZZC1|6:XAUUSD|1:5|2:-1|1:1|67:BO|XAUUSD|5|0|S|1772642700|MSZZ|XAUUSD|5|0|-1|1772543100|1772543100,0.1,0.1,True,5181.03,5181.029999999999,0.0,True,-1.0,-0.9999999999999643,0.0,True,-254.2,-0.2,2.3,-252.1
D29_P3,500,MSZZC1|6:XAUUSD|1:5|2:-1|1:1|67:BO|XAUUSD|5|0|S|1772697300|MSZZ|XAUUSD|5|0|-1|1772543100|1772543100,0.08,0.08,True,5181.03,5181.03,0.0,True,-1.0,-1.0,0.0,True,-258.08,-0.16,0.0,-258.24
D29_P3,502,MSZZC1|6:XAUUSD|1:5|2:-1|1:1|67:BO|XAUUSD|5|0|S|1772712000|MSZZ|XAUUSD|5|0|-1|1772543100|1772543100,0.08,0.08,True,5088.15,5088.15,0.0,True,2.0,2.0,0.0,True,495.36,-0.16,0.0,495.2
D29_P3,504,MSZZC1|6:XAUUSD|1:5|2:-1|1:1|67:BO|XAUUSD|5|0|S|1772819100|MSZZ|XAUUSD|5|0|-1|1772543100|1772543100,0.07,0.07,True,5181.03,5181.03,0.0,True,-1.0,-1.0,0.0,True,-239.33,-0.14,4.83,-234.64
D29_P3,506,MSZZC1|6:XAUUSD|1:5|1:1|1:1|66:BO|XAUUSD|5|0|L|1773312000|MSZZ|XAUUSD|5|0|1|1773208200|1773208200,0.04,0.04,True,5124.05,5124.05,0.0,True,-1.0,-1.0,0.0,True,-220.08,-0.08,0.0,-220.16
D29_P3,509,MSZZC1|6:XAUUSD|1:5|2:-1|1:4|39:MSZZ|XAUUSD|5|0|1|1773359100|1773359100,0.21,0.21,True,5090.47,5090.47,0.0,True,-1.0,-1.0,0.0,True,-264.39,-0.42,0.0,-264.81
D29_P3,508,MSZZC1|6:XAUUSD|1:5|1:1|1:1|66:BO|XAUUSD|5|0|L|1773363600|MSZZ|XAUUSD|5|0|1|1773359100|1773359100,0.08,0.08,True,5085.36,5085.36,0.0,True,0.030743,0.030743243243238894,0.0,True,7.28,-0.16,0.0,7.12
D29_P3,512,MSZZC1|6:XAUUSD|1:5|2:-1|1:1|67:BO|XAUUSD|5|0|S|1773405600|MSZZ|XAUUSD|5|0|-1|1773404400|1773404700,0.22,0.22,True,5097.03,5097.03,0.0,True,-1.0,-1.0,0.0,True,-256.74,-0.44,0.0,-257.18
D29_P3,514,MSZZC1|6:XAUUSD|1:5|2:-1|1:1|67:BO|XAUUSD|5|0|S|1773423600|MSZZ|XAUUSD|5|0|-1|1773422100|1773422100,0.09,0.09,True,5022.15,5022.15,0.0,True,2.0,2.0000000000000635,0.0,True,514.08,-0.18,0.0,513.9
D29_P3,516,MSZZC1|6:XAUUSD|1:5|2:-1|1:1|67:BO|XAUUSD|5|0|S|1773752700|MSZZ|XAUUSD|5|0|-1|1773210000|1773210000,0.01,0.01,True,4633.89,4633.89,0.0,True,2.0,1.9999999999999951,0.0,True,368.26,-0.02,0.46,368.7
D29_P3,518,MSZZC1|6:XAUUSD|1:5|2:-1|1:4|39:MSZZ|XAUUSD|5|0|1|1774849200|1774849200,0.33,0.33,True,4504.05,4504.05,0.0,True,-1.0,-1.0,0.0,True,-263.67,-0.66,0.0,-264.33
D29_P3,519,MSZZC1|6:XAUUSD|1:5|1:1|1:1|66:BO|XAUUSD|5|0|L|1774855200|MSZZ|XAUUSD|5|0|1|1774849200|1774849200,0.04,0.04,True,4622.03,4622.03,0.0,True,2.0,1.9999999999999858,0.0,True,510.8,-0.08,-1.84,508.88
D29_P3,522,MSZZC1|6:XAUUSD|1:5|1:1|1:1|66:BO|XAUUSD|5|0|L|1775583000|MSZZ|XAUUSD|5|0|1|1775582400|1775582400,0.02,0.02,True,4769.98,4769.98,0.0,True,1.125544,1.1255440564851587,0.0,True,232.74,-0.04,-1.84,230.86
D29_P3,525,MSZZC1|6:XAUUSD|1:5|1:1|1:4|40:MSZZ|XAUUSD|5|0|-1|1775773800|1775773800,0.85,0.85,True,4769.08,4769.08,0.0,True,-1.0,-1.0,0.0,True,-266.9,-1.7,0.0,-268.6
D29_P3,524,MSZZC1|6:XAUUSD|1:5|2:-1|1:1|67:BO|XAUUSD|5|0|S|1775774700|MSZZ|XAUUSD|5|0|-1|1775773800|1775773800,0.09,0.09,True,4713.18,4713.18,0.0,True,2.0,1.999999999999936,0.0,True,511.2,-0.18,8.28,519.3
D29_P3,528,MSZZC1|6:XAUUSD|1:5|1:1|1:4|40:MSZZ|XAUUSD|5|0|-1|1776242100|1776242100,0.84,0.84,True,4812.16,4812.16,0.0,True,-1.0,-1.0,0.0,True,-268.8,-1.68,0.0,-270.48
D29_P3,530,MSZZC1|6:XAUUSD|1:5|1:1|1:1|66:BO|XAUUSD|5|0|L|1776264600|MSZZ|XAUUSD|5|0|1|1776183600|1776183900,0.11,0.11,True,4790.52,4790.52,0.0,True,-1.0,-1.0,0.0,True,-262.68,-0.22,0.0,-262.9
D29_P3,532,MSZZC1|6:XAUUSD|1:5|1:1|1:1|66:BO|XAUUSD|5|0|L|1776302400|MSZZ|XAUUSD|5|0|1|1776301200|1776301200,0.2,0.2,True,4827.53,4827.53,0.0,True,2.0,1.9999999999999318,0.0,True,533.6,-0.4,0.0,533.2
D29_P3,534,MSZZC1|6:XAUUSD|1:5|1:1|1:1|66:BO|XAUUSD|5|0|L|1776315900|MSZZ|XAUUSD|5|0|1|1776183600|1776183900,1.33,1.33,True,4820.78,4820.78,0.0,True,-1.0,-1.0,0.0,True,-268.66,-2.66,0.0,-271.32
D29_P3,536,MSZZC1|6:XAUUSD|1:5|1:1|1:1|66:BO|XAUUSD|5|0|L|1776316500|MSZZ|XAUUSD|5|0|1|1776183600|1776183900,1.34,1.34,True,4820.78,4820.78,0.0,True,-1.0,-1.0,0.0,True,-266.66,-2.68,0.0,-269.34
D29_P3,538,MSZZC1|6:XAUUSD|1:5|1:1|1:4|40:MSZZ|XAUUSD|5|0|-1|1776367800|1776367800,0.5,0.5,True,4797.89,4797.89,0.0,True,2.0,2.0000000000001705,0.0,True,533.0,-1.0,0.0,532.0
D29_P3,540,MSZZC1|6:XAUUSD|1:5|1:1|1:4|40:MSZZ|XAUUSD|5|0|-1|1776358200|1776358200,0.43,0.43,True,4786.26,4786.26,0.0,True,-1.0,-1.0,0.0,True,-263.16,-0.86,0.0,-264.02
D29_P3,542,MSZZC1|6:XAUUSD|1:5|1:1|1:4|40:MSZZ|XAUUSD|5|0|-1|1776416400|1776416400,0.37,0.37,True,4784.67,4784.67,0.0,True,-1.0,-1.0,0.0,True,-265.29,-0.74,0.0,-266.03
D29_P3,544,MSZZC1|6:XAUUSD|1:5|1:1|1:4|40:MSZZ|XAUUSD|5|0|-1|1776652200|1776652200,0.1,0.1,True,4787.05,4787.05,0.0,True,-0.032,-0.032000000000005545,0.0,True,-8.4,-0.2,0.0,-8.6
D29_P3,546,MSZZC1|6:XAUUSD|1:5|2:-1|1:4|39:MSZZ|XAUUSD|5|0|1|1776657900|1776657900,0.57,0.57,True,4791.7,4791.7,0.0,True,-1.0,-1.0,0.0,True,-265.05,-1.14,0.0,-266.19
D29_P3,548,MSZZC1|6:XAUUSD|1:5|2:-1|1:4|39:MSZZ|XAUUSD|5|0|1|1776696000|1776696000,0.77,0.77,True,4787.57,4787.57,0.0,True,2.0,1.9999999999997355,0.0,True,529.76,-1.54,0.0,528.22
D29_P3,550,MSZZC1|6:XAUUSD|1:5|2:-1|1:1|67:BO|XAUUSD|5|0|S|1776759900|MSZZ|XAUUSD|5|0|-1|1776756600|1776756600,2.52,2.52,True,4788.62,4788.62,0.0,True,-1.0,-1.0,0.0,True,-267.12,-5.04,0.0,-272.16
D29_P3,552,MSZZC1|6:XAUUSD|1:5|2:-1|1:1|67:BO|XAUUSD|5|0|S|1776762900|MSZZ|XAUUSD|5|0|-1|1776761400|1776761400,0.33,0.33,True,4788.62,4788.62,0.0,True,-1.0,-1.0,0.0,True,-266.97,-0.66,0.0,-267.63
D29_P3,554,MSZZC1|6:XAUUSD|1:5|1:1|1:1|66:BO|XAUUSD|5|0|L|1776789600|MSZZ|XAUUSD|5|0|1|1776789300|1776789300,0.11,0.11,True,4766.29,4766.290000000001,0.0,True,-1.0,-0.9999999999999604,0.0,True,-252.45,-0.22,0.0,-252.67
D29_P3,556,MSZZC1|6:XAUUSD|1:5|2:-1|1:1|67:BO|XAUUSD|5|0|S|1776792900|MSZZ|XAUUSD|5|0|-1|1776792600|1776792600,0.08,0.08,True,4695.19,4695.19,0.0,True,2.0,2.0,0.0,True,528.16,-0.16,0.0,528.0
D29_P3,558,MSZZC1|6:XAUUSD|1:5|1:1|1:4|40:MSZZ|XAUUSD|5|0|-1|1776792600|1776792600,0.66,0.66,True,4759.24,4759.24,0.0,True,-1.0,-1.0,0.0,True,-266.64,-1.32,0.0,-267.96
D29_P3,561,MSZZC1|6:XAUUSD|1:5|1:1|1:4|40:MSZZ|XAUUSD|5|0|-1|1778019300|1778019300,1.38,1.38,True,4559.88,4559.88,0.0,True,2.0,1.9999999999995288,0.0,True,532.68,-2.76,0.0,529.92
D29_P3,563,MSZZC1|6:XAUUSD|1:5|1:1|1:4|40:MSZZ|XAUUSD|5|0|-1|1778025000|1778025300,0.23,0.23,True,4582.12,4582.12,0.0,True,2.0,1.9999999999999214,0.0,True,531.76,-0.46,0.0,531.3
D29_P3,560,MSZZC1|6:XAUUSD|1:5|2:-1|1:1|67:BO|XAUUSD|5|0|S|1777365300|MSZZ|XAUUSD|5|0|-1|1776744000|1776744000,0.02,0.02,True,4730.22,4730.22,0.0,True,-1.0,-1.0,0.0,True,-184.48,-0.04,4.14,-180.38
D29_P3,566,MSZZC1|6:XAUUSD|1:5|1:1|1:1|66:BO|XAUUSD|5|0|L|1778612400|MSZZ|XAUUSD|5|0|1|1778033400|1778033400,0.02,0.02,True,4704.08,4704.08,0.0,True,0.314131,0.3141306417825142,0.0,True,65.98,-0.04,-0.92,65.02
D29_P3,568,MSZZC1|6:XAUUSD|1:5|2:-1|1:1|67:BO|XAUUSD|5|0|S|1778700600|MSZZ|XAUUSD|5|0|-1|1778644800|1778644800,0.48,0.48,True,4693.08,4693.08,0.0,True,2.0,2.0,0.0,True,528.0,-0.96,0.0,527.04
D29_P3,570,MSZZC1|6:XAUUSD|1:5|2:-1|1:1|67:BO|XAUUSD|5|0|S|1778731200|MSZZ|XAUUSD|5|0|-1|1778644800|1778644800,0.31,0.31,True,4681.54,4681.54,0.0,True,2.0,2.000000000000107,0.0,True,526.38,-0.62,0.0,525.76
D29_P3,572,MSZZC1|6:XAUUSD|1:5|2:-1|1:1|67:BO|XAUUSD|5|0|S|1778745300|MSZZ|XAUUSD|5|0|-1|1778644800|1778644800,0.56,0.56,True,4692.88,4692.88,0.0,True,2.0,1.9999999999998108,0.0,True,538.72,-1.12,0.0,537.6
D29_P3,574,MSZZC1|6:XAUUSD|1:5|2:-1|1:1|67:BO|XAUUSD|5|0|S|1778756100|MSZZ|XAUUSD|5|0|-1|1778755800|1778755800,0.1,0.1,True,4695.72,4695.72,0.0,True,-0.09918,-0.09918000780944929,0.0,True,-25.4,-0.2,0.0,-25.6
D29_P3,576,MSZZC1|6:XAUUSD|1:5|1:1|1:1|66:BO|XAUUSD|5|0|L|1778762400|MSZZ|XAUUSD|5|0|1|1778758500|1778758800,0.57,0.57,True,4705.16,4705.16,0.0,True,2.0,1.9999999999998073,0.0,True,538.08,-1.14,0.0,536.94
D29_P3,578,MSZZC1|6:XAUUSD|1:5|1:1|1:1|66:BO|XAUUSD|5|0|L|1778771400|MSZZ|XAUUSD|5|0|1|1778769900|1778769900,0.19,0.19,True,4697.44,4697.44,0.0,True,-0.451456,-0.4514563106796245,0.0,True,-123.69,-0.38,0.0,-124.07
D29_P3,580,MSZZC1|6:XAUUSD|1:5|2:-1|1:1|67:BO|XAUUSD|5|0|S|1778774400|MSZZ|XAUUSD|5|0|-1|1778773200|1778773200,0.36,0.36,True,4704.85,4704.85,0.0,True,-1.0,-1.0,0.0,True,-266.76,-0.72,0.0,-267.48
D29_P3,582,MSZZC1|6:XAUUSD|1:5|2:-1|1:1|67:BO|XAUUSD|5|0|S|1778775900|MSZZ|XAUUSD|5|0|-1|1778775300|1778775300,0.16,0.16,True,4655.86,4655.86,0.0,True,2.0,2.0000000000000555,0.0,True,522.56,-0.32,0.0,522.24
D29_P3,584,MSZZC1|6:XAUUSD|1:5|2:-1|1:1|67:BO|XAUUSD|5|0|S|1778799300|MSZZ|XAUUSD|5|0|-1|1778559900|1778559900,0.12,0.12,True,4609.84,4609.84,0.0,True,2.0,2.0,0.0,True,532.8,-0.24,2.76,535.32
D29_P3,586,MSZZC1|6:XAUUSD|1:5|1:1|1:4|40:MSZZ|XAUUSD|5|0|-1|1779467700|1779467700,0.46,0.46,True,4513.5,4513.5,0.0,True,-1.0,-1.0,0.0,True,-274.16,-0.92,0.0,-275.08
D29_P3,587,MSZZC1|6:XAUUSD|1:5|2:-1|1:1|67:BO|XAUUSD|5|0|S|1779478500|MSZZ|XAUUSD|5|0|-1|1779467700|1779467700,0.38,0.38,True,4526.76,4526.76,0.0,True,-1.0,-1.0,0.0,True,-273.6,-0.76,0.0,-274.36
D29_P3,590,MSZZC1|6:XAUUSD|1:5|2:-1|1:4|39:MSZZ|XAUUSD|5|0|1|1779480600|1779480900,0.35,0.35,True,4504.46,4504.46,0.0,True,2.0,2.0000000000001164,0.0,True,547.4,-0.7,0.0,546.7
D29_P3,592,MSZZC1|6:XAUUSD|1:5|2:-1|1:1|67:BO|XAUUSD|5|0|S|1779489900|MSZZ|XAUUSD|5|0|-1|1779487200|1779487200,0.22,0.22,True,4520.31,4520.31,0.0,True,-1.0,-1.0,0.0,True,-273.46,-0.44,15.18,-258.72
D29_P3,594,MSZZC1|6:XAUUSD|1:5|1:1|1:1|66:BO|XAUUSD|5|0|L|1779671100|MSZZ|XAUUSD|5|0|1|1779670800|1779670800,0.05,0.05,True,4504.24,4504.24,0.0,True,-1.0,-1.0,0.0,True,-252.9,-0.1,-2.3,-255.3
D29_P3,596,MSZZC1|6:XAUUSD|1:5|2:-1|1:1|67:BO|XAUUSD|5|0|S|1779815400|MSZZ|XAUUSD|5|0|-1|1779814200|1779814200,0.13,0.13,True,4531.34,4531.34,0.0,True,-1.0,-1.0,0.0,True,-264.81,-0.26,2.99,-262.08
D29_P3,598,MSZZC1|6:XAUUSD|1:5|2:-1|1:4|39:MSZZ|XAUUSD|5|0|1|1779297300|1779297300,0.46,0.46,True,4506.15,4506.15,0.0,True,-1.0,-1.0,0.0,True,-272.32,-0.92,0.0,-273.24
D29_P3,600,MSZZC1|6:XAUUSD|1:5|2:-1|1:1|67:BO|XAUUSD|5|0|S|1779873300|MSZZ|XAUUSD|5|0|-1|1779871200|1779871200,0.13,0.13,True,4447.5,4447.5,0.0,True,2.0,2.0000000000000435,0.0,True,545.48,-0.26,0.0,545.22
D29_P3,602,MSZZC1|6:XAUUSD|1:5|1:1|1:1|66:BO|XAUUSD|5|0|L|1779997200|MSZZ|XAUUSD|5|0|1|1779996000|1779996000,1.57,1.57,True,4507.86,4507.86,0.0,True,2.0,2.0,0.0,True,546.36,-3.14,0.0,543.22
D29_P3,605,MSZZC1|6:XAUUSD|1:5|1:1|1:1|66:BO|XAUUSD|5|0|L|1780005000|MSZZ|XAUUSD|5|0|1|1779996000|1779996000,4.84,4.84,True,4502.64,4502.64,0.0,True,-1.0,-1.0,0.0,True,-275.88,-9.68,0.0,-285.56
D29_P3,604,MSZZC1|6:XAUUSD|1:5|2:-1|1:4|39:MSZZ|XAUUSD|5|0|1|1779996000|1779996000,0.62,0.62,True,4497.53,4497.53,0.0,True,1.04328,1.043280182232252,0.0,True,283.96,-1.24,14.26,296.98
D29_P3,608,MSZZC1|6:XAUUSD|1:5|1:1|1:4|40:MSZZ|XAUUSD|5|0|-1|1780012500|1780012500,0.64,0.64,True,4493.23,4493.23,0.0,True,-1.0,-1.0,0.0,True,-275.2,-1.28,0.0,-276.48
D29_P3,610,MSZZC1|6:XAUUSD|1:5|2:-1|1:1|67:BO|XAUUSD|5|0|S|1780016700|MSZZ|XAUUSD|5|0|-1|1780012500|1780012500,0.16,0.16,True,4509.13,4509.13,0.0,True,-0.921744,-0.9217443249701608,0.0,True,-246.88,-0.32,0.0,-247.2
D29_P3,612,MSZZC1|6:XAUUSD|1:5|1:1|1:1|66:BO|XAUUSD|5|0|L|1780027500|MSZZ|XAUUSD|5|0|1|1780027200|1780027200,0.42,0.42,True,4502.64,4502.64,0.0,True,-1.0,-1.0,0.0,True,-272.58,-0.84,0.0,-273.42
D29_P3,614,MSZZC1|6:XAUUSD|1:5|1:1|1:1|66:BO|XAUUSD|5|0|L|1780030800|MSZZ|XAUUSD|5|0|1|1780027200|1780027200,0.33,0.33,True,4502.64,4502.64,0.0,True,-1.0,-1.0,0.0,True,-268.95,-0.66,0.0,-269.61
D29_P3,616,MSZZC1|6:XAUUSD|1:5|1:1|1:1|66:BO|XAUUSD|5|0|L|1780077600|MSZZ|XAUUSD|5|0|1|1780027200|1780027200,0.05,0.05,True,4525.29,4525.29,0.0,True,-1.0,-1.0,0.0,True,-265.15,-0.1,-6.9,-272.15
D29_P3,618,MSZZC1|6:XAUUSD|1:5|1:1|1:4|40:MSZZ|XAUUSD|5|0|-1|1780025700|1780026000,0.25,0.25,True,4497.3,4497.3,0.0,True,-0.380204,-0.3802035152636324,0.0,True,-102.75,-0.5,0.0,-103.25
D29_P3,620,MSZZC1|6:XAUUSD|1:5|2:-1|1:4|39:MSZZ|XAUUSD|5|0|1|1780314000|1780314000,0.52,0.52,True,4502.52,4502.52,0.0,True,-1.0,-1.0,0.0,True,-271.44,-1.04,0.0,-272.48
D29_P3,623,MSZZC1|6:XAUUSD|1:5|1:1|1:4|40:MSZZ|XAUUSD|5|0|-1|1780418100|1780418400,0.52,0.52,True,4501.62,4501.62,0.0,True,-1.0,-1.0,0.0,True,-270.92,-1.04,0.0,-271.96
D29_P3,622,MSZZC1|6:XAUUSD|1:5|2:-1|1:1|67:BO|XAUUSD|5|0|S|1780419000|MSZZ|XAUUSD|5|0|-1|1780418100|1780418400,0.1,0.1,True,4451.69,4451.69,0.0,True,2.0,2.0,0.0,True,528.4,-0.2,2.3,530.5
D29_P3,626,MSZZC1|6:XAUUSD|1:5|2:-1|1:1|67:BO|XAUUSD|5|0|S|1780534800|MSZZ|XAUUSD|5|0|-1|1779985800|1779985800,0.33,0.33,True,4440.01,4440.01,0.0,True,-1.0,-1.0,0.0,True,-266.31,-0.66,0.0,-266.97
D29_P3,628,MSZZC1|6:XAUUSD|1:5|1:1|1:1|66:BO|XAUUSD|5|0|L|1780540800|MSZZ|XAUUSD|5|0|1|1780538100|1780538100,0.08,0.08,True,4515.37,4515.37,0.0,True,2.0,1.999999999999941,0.0,True,492.48,-0.16,0.0,492.32
D29_P3,630,MSZZC1|6:XAUUSD|1:5|2:-1|1:1|67:BO|XAUUSD|5|0|S|1780971900|MSZZ|XAUUSD|5|0|-1|1780623900|1780623900,0.01,0.01,True,4326.73,4326.73,0.0,True,-0.038742,-0.03874217085297326,0.0,True,-6.0,-0.02,1.38,-4.64
D29_P3,633,MSZZC1|6:XAUUSD|1:5|2:-1|1:4|39:MSZZ|XAUUSD|5|0|1|1781499600|1781499600,0.36,0.36,True,4331.21,4331.21,0.0,True,-1.0,-1.0,0.0,True,-271.08,-0.72,0.0,-271.8
D29_P3,632,MSZZC1|6:XAUUSD|1:5|1:1|1:1|66:BO|XAUUSD|5|0|L|1781500200|MSZZ|XAUUSD|5|0|1|1781499600|1781499600,0.03,0.03,True,4237.77,4237.77,0.0,True,-1.0,-1.0,0.0,True,-266.88,-0.06,-2.76,-269.7
D29_P3,637,MSZZC1|6:XAUUSD|1:5|2:-1|1:4|39:MSZZ|XAUUSD|5|0|1|1781884200|1781884200,0.21,0.21,True,4181.59,4181.59,0.0,True,-1.0,-1.0,0.0,True,-259.77,-0.42,0.0,-260.19
D29_P3,636,MSZZC1|6:XAUUSD|1:5|1:1|1:1|66:BO|XAUUSD|5|0|L|1781884500|MSZZ|XAUUSD|5|0|1|1781884200|1781884200,0.08,0.08,True,4156.9,4156.9,0.0,True,-0.701842,-0.701842023103361,0.0,True,-179.84,-0.16,0.0,-180.0
D29_P3,640,MSZZC1|6:XAUUSD|1:5|2:-1|1:1|67:BO|XAUUSD|5|0|S|1781887500|MSZZ|XAUUSD|5|0|-1|1781869800|1781870400,0.1,0.1,True,4151.47,4151.47,0.0,True,0.219927,0.21992709599024987,0.0,True,54.3,-0.2,0.0,54.1
D29_P3,642,MSZZC1|6:XAUUSD|1:5|1:1|1:1|66:BO|XAUUSD|5|0|L|1781892900|MSZZ|XAUUSD|5|0|1|1781892000|1781892000,0.29,0.29,True,4147.29,4147.29,0.0,True,-0.461369,-0.4613686534216453,0.0,True,-121.22,-0.58,0.0,-121.8
D29_P3,643,MSZZC1|6:XAUUSD|1:5|2:-1|1:4|39:MSZZ|XAUUSD|5|0|1|1781892000|1781892000,0.99,0.99,True,4145.99,4145.99,0.0,True,2.0,1.999999999999667,0.0,True,540.54,-1.98,0.0,538.56
D29_P3,646,MSZZC1|6:XAUUSD|1:5|1:1|1:4|40:MSZZ|XAUUSD|5|0|-1|1781845500|1781845500,0.1,0.1,True,4184.36,4184.36,0.0,True,-0.638103,-0.6381025248661087,0.0,True,-166.8,-0.2,0.0,-167.0
D29_P3,648,MSZZC1|6:XAUUSD|1:5|2:-1|1:4|39:MSZZ|XAUUSD|5|0|1|1782100200|1782100200,0.25,0.25,True,4195.01,4195.01,0.0,True,-1.0,-1.0,0.0,True,-266.25,-0.5,0.0,-266.75
D29_P3,651,MSZZC1|6:XAUUSD|1:5|1:1|1:4|40:MSZZ|XAUUSD|5|0|-1|1782124200|1782124200,0.16,0.16,True,4192.2,4192.2,0.0,True,-1.0,-1.0,0.0,True,-263.2,-0.32,0.0,-263.52
D29_P3,650,MSZZC1|6:XAUUSD|1:5|2:-1|1:1|67:BO|XAUUSD|5|0|S|1782108900|MSZZ|XAUUSD|5|0|-1|1782108600|1782108600,0.02,0.02,True,4034.32,4034.32,0.0,True,1.0647,1.064700142610526,0.0,True,283.7,-0.04,4.14,287.8
D29_P3,654,MSZZC1|6:XAUUSD|1:5|1:1|1:1|66:BO|XAUUSD|5|0|L|1782917100|MSZZ|XAUUSD|5|0|1|1782916800|1782916800,0.44,0.44,True,4028.28,4028.28,0.0,True,-1.0,-1.0,0.0,True,-265.76,-0.88,0.0,-266.64
D29_P3,656,MSZZC1|6:XAUUSD|1:5|1:1|1:1|66:BO|XAUUSD|5|0|L|1782923100|MSZZ|XAUUSD|5|0|1|1782922800|1782922800,0.07,0.07,True,4115.15,4115.15,0.0,True,2.0,2.0,0.0,True,477.12,-0.14,0.0,476.98
D29_P3,658,MSZZC1|6:XAUUSD|1:5|2:-1|1:4|39:MSZZ|XAUUSD|5|0|1|1782922500|1782922500,0.26,0.26,True,4039.63,4039.6300000000006,0.0,True,-1.0,-1.0000000000000446,0.0,True,-264.68,-0.52,5.98,-259.22
D29_P3,661,MSZZC1|6:XAUUSD|1:5|2:-1|1:4|39:MSZZ|XAUUSD|5|0|1|1783659900|1783659900,0.57,0.57,True,4113.56,4113.56,0.0,True,2.0,2.0,0.0,True,541.5,-1.14,0.0,540.36
D29_P3,660,MSZZC1|6:XAUUSD|1:5|1:1|1:1|66:BO|XAUUSD|5|0|L|1783586100|MSZZ|XAUUSD|5|0|1|1783584600|1783584600,0.04,0.04,True,4021.81,4021.81,0.0,True,-1.0,-1.0,0.0,True,-217.04,-0.08,-7.36,-224.48
D29_P3,665,MSZZC1|6:XAUUSD|1:5|1:1|1:4|40:MSZZ|XAUUSD|5|0|-1|1784142900|1784142900,0.34,0.34,True,4051.57,4051.57,0.0,True,2.0,2.0,0.0,True,541.28,-0.68,0.0,540.6
D29_P3,664,MSZZC1|6:XAUUSD|1:5|2:-1|1:1|67:BO|XAUUSD|5|0|S|1784059800|MSZZ|XAUUSD|5|0|-1|1783458900|1783459200,0.05,0.05,True,4055.04,4055.04,0.0,True,0.035406,0.035405872193434086,0.0,True,8.2,-0.1,1.15,9.25
D29_P3,668,MSZZC1|6:XAUUSD|1:5|1:1|1:1|66:BO|XAUUSD|5|0|L|1784147400|MSZZ|XAUUSD|5|0|1|1784147100|1784147100,0.09,0.09,True,4040.84,4040.8399999999997,0.0,True,-0.505518,-0.5055179779280954,0.0,True,-127.8,-0.18,-4.14,-132.12
D29_P3,670,MSZZC1|6:XAUUSD|1:5|2:-1|1:1|67:BO|XAUUSD|5|0|S|1784175300|MSZZ|XAUUSD|5|0|-1|1784142900|1784142900,0.37,0.37,True,4026.14,4026.1399999999994,0.0,True,2.0,2.000000000000124,0.0,True,543.9,-0.74,0.0,543.16
D29_P3,672,MSZZC1|6:XAUUSD|1:5|1:1|1:4|40:MSZZ|XAUUSD|5|0|-1|1784178900|1784179200,0.36,0.36,True,4035.45,4035.45,0.0,True,0.48285,0.4828496042216213,0.0,True,131.76,-0.72,0.0,131.04
D29_P3,674,MSZZC1|6:XAUUSD|1:5|2:-1|1:4|39:MSZZ|XAUUSD|5|0|1|1784179800|1784179800,3.38,3.38,True,4036.26,4036.26,0.0,True,-1.0,-1.0,0.0,True,-273.78,-6.76,0.0,-280.54
D29_P3,677,MSZZC1|6:XAUUSD|1:5|1:1|1:4|40:MSZZ|XAUUSD|5|0|-1|1784196600|1784196600,0.82,0.82,True,4032.97,4032.97,0.0,True,2.0,2.0,0.0,True,542.84,-1.64,0.0,541.2
D29_P3,679,MSZZC1|6:XAUUSD|1:5|1:1|1:4|40:MSZZ|XAUUSD|5|0|-1|1784204700|1784204700,1.77,1.77,True,4035.21,4035.21,0.0,True,2.0,1.9999999999997067,0.0,True,548.7,-3.54,0.0,545.16
D29_P3,681,MSZZC1|6:XAUUSD|1:5|1:1|1:4|40:MSZZ|XAUUSD|5|0|-1|1784209200|1784209200,0.17,0.17,True,4033.31,4033.3100000000004,0.0,True,-0.395639,-0.39563862928346183,0.0,True,-107.95,-0.34,0.0,-108.29
D29_P3,676,MSZZC1|6:XAUUSD|1:5|2:-1|1:1|67:BO|XAUUSD|5|0|S|1784196900|MSZZ|XAUUSD|5|0|-1|1784196600|1784196600,0.03,0.03,True,4027.63,4027.63,0.0,True,-0.030682,-0.030682321665927954,0.0,True,-8.31,-0.06,3.45,-4.92
D29_P3,684,MSZZC1|6:XAUUSD|1:5|1:1|1:1|66:BO|XAUUSD|5|0|L|1784606700|MSZZ|XAUUSD|5|0|1|1784605800|1784606400,0.62,0.62,True,4023.23,4023.23,0.0,True,-1.0,-1.0,0.0,True,-272.8,-1.24,0.0,-274.04
D29_P4,2,MSZZC1|6:XAUUSD|1:5|2:-1|1:4|39:MSZZ|XAUUSD|5|0|1|1741108200|1741108500,0.46,0.46,True,2913.57,2913.57,0.0,True,-1.0,-1.0,0.0,True,-249.78,-0.92,0.0,-250.7
D29_P4,4,MSZZC1|6:XAUUSD|1:5|2:-1|1:4|39:MSZZ|XAUUSD|5|0|1|1741168500|1741168500,0.72,0.72,True,2909.45,2909.45,0.0,True,2.0,2.0,0.0,True,495.36,-1.44,0.0,493.92
D29_P4,6,MSZZC1|6:XAUUSD|1:5|1:1|1:4|40:MSZZ|XAUUSD|5|0|-1|1741177200|1741177200,2.45,2.45,True,2913.82,2913.82,0.0,True,-1.0,-1.0,0.0,True,-249.9,-4.9,0.0,-254.8
D29_P4,8,MSZZC1|6:XAUUSD|1:5|2:-1|1:1|67:BO|XAUUSD|5|0|S|1741189500|MSZZ|XAUUSD|5|0|-1|1741189200|1741189200,0.11,0.11,True,2917.24,2917.24,0.0,True,-1.0,-1.0,0.0,True,-231.11,-0.22,0.0,-231.33
D29_P4,10,MSZZC1|6:XAUUSD|1:5|1:1|1:1|66:BO|XAUUSD|5|0|L|1741194300|MSZZ|XAUUSD|5|0|1|1741192500|1741192500,0.22,0.22,True,2922.85,2922.8499999999995,0.0,True,0.438069,0.4380692167576942,0.0,True,105.82,-0.44,0.0,105.38
D29_P4,13,MSZZC1|6:XAUUSD|1:5|1:1|1:4|40:MSZZ|XAUUSD|5|0|-1|1741200900|1741200900,1.61,1.61,True,2921.38,2921.38,0.0,True,-1.0,-1.0,0.0,True,-249.55,-3.22,0.0,-252.77
D29_P4,12,MSZZC1|6:XAUUSD|1:5|2:-1|1:1|67:BO|XAUUSD|5|0|S|1741201200|MSZZ|XAUUSD|5|0|-1|1741200900|1741200900,0.34,0.34,True,2901.19,2901.19,0.0,True,3.0,2.999999999999874,0.0,True,736.44,-0.68,7.82,743.58
D29_P4,16,MSZZC1|6:XAUUSD|1:5|1:1|1:4|40:MSZZ|XAUUSD|5|0|-1|1741640400|1741640400,0.9,0.9,True,2899.69,2899.69,0.0,True,2.0,1.9999999999998364,0.0,True,500.4,-1.8,0.0,498.6
D29_P4,18,MSZZC1|6:XAUUSD|1:5|1:1|1:1|66:BO|XAUUSD|5|0|L|1741683300|MSZZ|XAUUSD|5|0|1|1741674000|1741674000,1.32,1.32,True,2895.93,2895.93,0.0,True,-1.0,-1.0,0.0,True,-250.8,-2.64,0.0,-253.44
D29_P4,20,MSZZC1|6:XAUUSD|1:5|1:1|1:4|40:MSZZ|XAUUSD|5|0|-1|1741686300|1741686300,0.77,0.77,True,2895.64,2895.64,0.0,True,-0.101538,-0.10153846153843915,0.0,True,-25.41,-1.54,0.0,-26.95
D29_P4,22,MSZZC1|6:XAUUSD|1:5|2:-1|1:4|39:MSZZ|XAUUSD|5|0|1|1741674000|1741674000,0.73,0.73,True,2899.05,2899.05,0.0,True,-1.0,-1.0,0.0,True,-248.93,-1.46,0.0,-250.39
D29_P4,25,MSZZC1|6:XAUUSD|1:5|2:-1|1:4|39:MSZZ|XAUUSD|5|0|1|1741690500|1741690800,0.53,0.53,True,2900.72,2900.72,0.0,True,-0.408511,-0.40851063829780687,0.0,True,-101.76,-1.06,0.0,-102.82
D29_P4,23,MSZZC1|6:XAUUSD|1:5|1:1|1:1|66:BO|XAUUSD|5|0|L|1741688700|MSZZ|XAUUSD|5|0|1|1741687200|1741687200,1.21,1.21,True,2904.17,2904.17,0.0,True,3.0,3.0000000000002207,0.0,True,747.78,-2.42,0.0,745.36
D29_P4,28,MSZZC1|6:XAUUSD|1:5|1:1|1:4|40:MSZZ|XAUUSD|5|0|-1|1741368000|1741368000,0.85,0.85,True,2930.22,2930.22,0.0,True,2.0,1.9999999999998463,0.0,True,503.2,-1.7,0.0,501.5
D29_P4,31,MSZZC1|6:XAUUSD|1:5|2:-1|1:4|39:MSZZ|XAUUSD|5|0|1|1742583900|1742583900,3.02,3.02,True,3013.35,3013.35,0.0,True,2.0,2.0000000000010827,0.0,True,507.36,-6.04,0.0,501.32
D29_P4,30,MSZZC1|6:XAUUSD|1:5|1:1|1:1|66:BO|XAUUSD|5|0|L|1742586300|MSZZ|XAUUSD|5|0|1|1742583900|1742583900,0.61,0.61,True,3026.52,3026.52,0.0,True,3.0,2.99999999999989,0.0,True,755.79,-1.22,-84.18,670.39
D29_P4,34,MSZZC1|6:XAUUSD|1:5|1:1|1:4|40:MSZZ|XAUUSD|5|0|-1|1742898000|1742898000,1.42,1.42,True,3017.28,3017.2799999999997,0.0,True,2.0,2.0000000000002527,0.0,True,511.2,-2.84,0.0,508.36
D29_P4,36,MSZZC1|6:XAUUSD|1:5|2:-1|1:4|39:MSZZ|XAUUSD|5|0|1|1742901600|1742901600,1.13,1.13,True,3018.7,3018.7,0.0,True,-1.0,-1.0,0.0,True,-256.51,-2.26,0.0,-258.77
D29_P4,38,MSZZC1|6:XAUUSD|1:5|2:-1|1:4|39:MSZZ|XAUUSD|5|0|1|1742919000|1742919300,1.39,1.39,True,3021.08,3021.0799999999995,0.0,True,2.0,2.0000000000004916,0.0,True,514.3,-2.78,0.0,511.52
D29_P4,40,MSZZC1|6:XAUUSD|1:5|1:1|1:4|40:MSZZ|XAUUSD|5|0|-1|1742926200|1742926200,0.41,0.41,True,3018.04,3018.04,0.0,True,-1.0,-1.0,0.0,True,-252.97,-0.82,0.0,-253.79
D29_P4,42,MSZZC1|6:XAUUSD|1:5|1:1|1:4|40:MSZZ|XAUUSD|5|0|-1|1742987400|1742987400,0.92,0.92,True,3026.88,3026.88,0.0,True,-1.0,-1.0,0.0,True,-257.6,-1.84,0.0,-259.44
D29_P4,45,MSZZC1|6:XAUUSD|1:5|2:-1|1:4|39:MSZZ|XAUUSD|5|0|1|1743081900|1743081900,1.42,1.42,True,3054.68,3054.68,0.0,True,-1.0,-1.0,0.0,True,-257.02,-2.84,0.0,-259.86
D29_P4,44,MSZZC1|6:XAUUSD|1:5|1:1|1:1|66:BO|XAUUSD|5|0|L|1743083100|MSZZ|XAUUSD|5|0|1|1743081900|1743081900,0.29,0.29,True,3045.75,3045.75,0.0,True,-1.0,-1.0,0.0,True,-250.85,-0.58,0.0,-251.43
D29_P4,47,MSZZC1|6:XAUUSD|1:5|2:-1|1:4|39:MSZZ|XAUUSD|5|0|1|1743081300|1743081300,0.6,0.6,True,3041.54,3041.54,0.0,True,2.0,1.9999999999998928,0.0,True,508.8,-1.2,0.0,507.6
D29_P4,50,MSZZC1|6:XAUUSD|1:5|2:-1|1:1|67:BO|XAUUSD|5|0|S|1743095100|MSZZ|XAUUSD|5|0|-1|1743091800|1743091800,0.33,0.33,True,3050.81,3050.81,0.0,True,-1.0,-1.0,0.0,True,-253.77,-0.66,0.0,-254.43
D29_P4,52,MSZZC1|6:XAUUSD|1:5|1:1|1:4|40:MSZZ|XAUUSD|5|0|-1|1743091800|1743091800,0.27,0.27,True,3068.25,3068.25,0.0,True,2.0,2.0,0.0,True,499.5,-0.54,-12.42,486.54
D29_P4,54,MSZZC1|6:XAUUSD|1:5|2:-1|1:1|67:BO|XAUUSD|5|0|S|1743781800|MSZZ|XAUUSD|5|0|-1|1743780900|1743780900,0.05,0.05,True,3096.33,3096.3300000000004,0.0,True,-0.583277,-0.5832771409305552,0.0,True,-129.75,-0.1,6.9,-122.95
D29_P4,56,MSZZC1|6:XAUUSD|1:5|1:1|1:1|66:BO|XAUUSD|5|0|L|1744255500|MSZZ|XAUUSD|5|0|1|1744255200|1744255200,0.17,0.17,True,3081.36,3081.36,0.0,True,-1.0,-1.0,0.0,True,-254.49,-0.34,0.0,-254.83
D29_P4,57,MSZZC1|6:XAUUSD|1:5|2:-1|1:4|39:MSZZ|XAUUSD|5|0|1|1744255200|1744255200,0.35,0.35,True,3078.66,3078.66,0.0,True,2.0,2.000000000000125,0.0,True,511.0,-0.7,0.0,510.3
D29_P4,61,MSZZC1|6:XAUUSD|1:5|1:1|1:1|66:BO|XAUUSD|5|0|L|1744262400|MSZZ|XAUUSD|5|0|1|1744261800|1744261800,0.07,0.07,True,3220.75,3220.75,0.0,True,3.0,2.999999999999962,0.0,True,747.18,-0.14,-3.22,743.82
D29_P4,64,MSZZC1|6:XAUUSD|1:5|1:1|1:1|66:BO|XAUUSD|5|0|L|1745365800|MSZZ|XAUUSD|5|0|1|1744742100|1744742400,0.01,0.01,True,3323.12,3323.12,0.0,True,-0.357333,-0.3573330106485965,0.0,True,-59.06,-0.02,-0.92,-60.0
D29_P4,66,MSZZC1|6:XAUUSD|1:5|2:-1|1:1|67:BO|XAUUSD|5|0|S|1745476200|MSZZ|XAUUSD|5|0|-1|1744759200|1744759500,0.05,0.05,True,3326.65,3326.65,0.0,True,-0.079702,-0.07970196432603754,0.0,True,-17.65,-0.1,0.0,-17.75
D29_P4,68,MSZZC1|6:XAUUSD|1:5|1:1|1:1|66:BO|XAUUSD|5|0|L|1745516400|MSZZ|XAUUSD|5|0|1|1745502900|1745502900,0.58,0.58,True,3322.58,3322.58,0.0,True,-0.916667,-0.9166666666666923,0.0,True,-236.06,-1.16,0.0,-237.22
D29_P4,70,MSZZC1|6:XAUUSD|1:5|2:-1|1:1|67:BO|XAUUSD|5|0|S|1745517600|MSZZ|XAUUSD|5|0|-1|1745511600|1745511600,0.11,0.11,True,3325.35,3325.35,0.0,True,-0.125624,-0.12562358276643804,0.0,True,-30.47,-0.22,0.0,-30.69
D29_P4,72,MSZZC1|6:XAUUSD|1:5|1:1|1:1|66:BO|XAUUSD|5|0|L|1745517900|MSZZ|XAUUSD|5|0|1|1745502900|1745502900,0.82,0.82,True,3322.21,3322.21,0.0,True,-1.0,-1.0,0.0,True,-257.48,-1.64,0.0,-259.12
D29_P4,74,MSZZC1|6:XAUUSD|1:5|2:-1|1:1|67:BO|XAUUSD|5|0|S|1745518500|MSZZ|XAUUSD|5|0|-1|1745511600|1745511600,0.1,0.1,True,3324.19,3324.19,0.0,True,-0.139006,-0.13900589721988835,0.0,True,-33.0,-0.2,0.0,-33.2
D29_P4,76,MSZZC1|6:XAUUSD|1:5|1:1|1:1|66:BO|XAUUSD|5|0|L|1745519100|MSZZ|XAUUSD|5|0|1|1745502900|1745502900,1.3,1.3,True,3322.21,3322.2100000000005,0.0,True,-1.0,-0.9999999999997703,0.0,True,-257.4,-2.6,0.0,-260.0
D29_P4,78,MSZZC1|6:XAUUSD|1:5|1:1|1:4|40:MSZZ|XAUUSD|5|0|-1|1745472900|1745472900,1.18,1.18,True,3343.45,3343.45,0.0,True,2.0,1.9999999999997904,0.0,True,512.12,-2.36,0.0,509.76
D29_P4,81,MSZZC1|6:XAUUSD|1:5|2:-1|1:4|39:MSZZ|XAUUSD|5|0|1|1745550300|1745550300,1.09,1.09,True,3358.17,3358.17,0.0,True,-1.0,-1.0,0.0,True,-257.24,-2.18,0.0,-259.42
D29_P4,80,MSZZC1|6:XAUUSD|1:5|1:1|1:1|66:BO|XAUUSD|5|0|L|1745544300|MSZZ|XAUUSD|5|0|1|1745542800|1745542800,0.08,0.08,True,3344.22,3344.22,0.0,True,-0.641333,-0.6413333333333412,0.0,True,-153.92,-0.16,0.0,-154.08
D29_P4,83,MSZZC1|6:XAUUSD|1:5|2:-1|1:4|39:MSZZ|XAUUSD|5|0|1|1745553900|1745553900,0.23,0.23,True,3329.51,3329.51,0.0,True,2.0,1.9999999999999594,0.0,True,515.66,-0.46,0.0,515.2
D29_P4,86,MSZZC1|6:XAUUSD|1:5|2:-1|1:1|67:BO|XAUUSD|5|0|S|1745616900|MSZZ|XAUUSD|5|0|-1|1745554800|1745554800,0.04,0.04,True,3347.01,3347.01,0.0,True,-1.0,-1.0,0.0,True,-222.88,-0.08,2.76,-220.2
D29_P4,88,MSZZC1|6:XAUUSD|1:5|1:1|1:4|40:MSZZ|XAUUSD|5|0|-1|1746038400|1746038400,0.5,0.5,True,3299.02,3299.02,0.0,True,-1.0,-1.0,0.0,True,-258.0,-1.0,0.0,-259.0
D29_P4,90,MSZZC1|6:XAUUSD|1:5|2:-1|1:1|67:BO|XAUUSD|5|0|S|1746201600|MSZZ|XAUUSD|5|0|-1|1746053700|1746053700,0.03,0.03,True,3302.25,3302.25,0.0,True,-0.835802,-0.8358015815959735,0.0,True,-174.39,-0.06,2.07,-172.38
D29_P4,92,MSZZC1|6:XAUUSD|1:5|1:1|1:1|66:BO|XAUUSD|5|0|L|1746447900|MSZZ|XAUUSD|5|0|1|1746447600|1746447600,0.13,0.13,True,3359.64,3359.64,0.0,True,3.0,2.999999999999976,0.0,True,746.07,-0.26,-5.98,739.83
D29_P4,94,MSZZC1|6:XAUUSD|1:5|1:1|1:4|40:MSZZ|XAUUSD|5|0|-1|1747021200|1747021200,0.5,0.5,True,3272.19,3272.19,0.0,True,-1.0,-1.0,0.0,True,-257.0,-1.0,0.0,-258.0
D29_P4,96,MSZZC1|6:XAUUSD|1:5|2:-1|1:4|39:MSZZ|XAUUSD|5|0|1|1746417600|1746417600,0.25,0.25,True,3226.46,3226.46,0.0,True,2.0,2.0000000000000453,0.0,True,500.5,-0.5,0.0,500.0
D29_P4,98,MSZZC1|6:XAUUSD|1:5|2:-1|1:1|67:BO|XAUUSD|5|0|S|1747045500|MSZZ|XAUUSD|5|0|-1|1747045200|1747045200,0.11,0.11,True,3253.36,3253.36,0.0,True,-1.0,-1.0,0.0,True,-243.98,-0.22,2.53,-241.67
D29_P4,100,MSZZC1|6:XAUUSD|1:5|1:1|1:4|40:MSZZ|XAUUSD|5|0|-1|1747668000|1747668000,0.37,0.37,True,3234.47,3234.47,0.0,True,-1.0,-1.0,0.0,True,-258.26,-0.74,0.0,-259.0
D29_P4,102,MSZZC1|6:XAUUSD|1:5|1:1|1:1|66:BO|XAUUSD|5|0|L|1747760400|MSZZ|XAUUSD|5|0|1|1747760100|1747760100,0.12,0.12,True,3333.09,3333.09,0.0,True,3.0,3.0,0.0,True,744.12,-0.24,-11.04,732.84
D29_P4,104,MSZZC1|6:XAUUSD|1:5|2:-1|1:1|67:BO|XAUUSD|5|0|S|1748413200|MSZZ|XAUUSD|5|0|-1|1748412900|1748412900,0.06,0.06,True,3320.81,3320.81,0.0,True,-0.6073,-0.6073003429691295,0.0,True,-148.74,-0.12,0.0,-148.86
D29_P4,105,MSZZC1|6:XAUUSD|1:5|1:1|1:4|40:MSZZ|XAUUSD|5|0|-1|1748412900|1748412900,0.2,0.2,True,3296.04,3296.0400000000004,0.0,True,-1.0,-0.9999999999999646,0.0,True,-256.8,-0.4,0.0,-257.2
D29_P4,107,MSZZC1|6:XAUUSD|1:5|2:-1|1:1|67:BO|XAUUSD|5|0|S|1748450100|MSZZ|XAUUSD|5|0|-1|1748448900|1748448900,0.07,0.07,True,3326.39,3326.39,0.0,True,-0.683908,-0.6839080459770027,0.0,True,-158.27,-0.14,1.61,-156.8
D29_P4,110,MSZZC1|6:XAUUSD|1:5|1:1|1:1|66:BO|XAUUSD|5|0|L|1748545200|MSZZ|XAUUSD|5|0|1|1748275200|1748275200,0.25,0.25,True,3316.09,3316.09,0.0,True,-1.0,-1.0,0.0,True,-257.5,-0.5,0.0,-258.0
D29_P4,112,MSZZC1|6:XAUUSD|1:5|1:1|1:1|66:BO|XAUUSD|5|0|L|1748578500|MSZZ|XAUUSD|5|0|1|1748540700|1748540700,0.24,0.24,True,3309.59,3309.59,0.0,True,-1.0,-1.0,0.0,True,-250.32,-0.48,0.0,-250.8
D29_P4,115,MSZZC1|6:XAUUSD|1:5|1:1|1:4|40:MSZZ|XAUUSD|5|0|-1|1748586300|1748586300,1.15,1.15,True,3301.6,3301.6,0.0,True,2.0,2.0,0.0,True,512.9,-2.3,0.0,510.6
D29_P4,114,MSZZC1|6:XAUUSD|1:5|2:-1|1:1|67:BO|XAUUSD|5|0|S|1748584200|MSZZ|XAUUSD|5|0|-1|1748583900|1748583900,0.12,0.12,True,3299.58,3299.58,0.0,True,-0.152019,-0.15201900237529023,0.0,True,-38.4,-0.24,0.0,-38.64
D29_P4,118,MSZZC1|6:XAUUSD|1:5|1:1|1:1|66:BO|XAUUSD|5|0|L|1748610300|MSZZ|XAUUSD|5|0|1|1748607600|1748607900,0.21,0.21,True,3297.14,3297.14,0.0,True,-0.200328,-0.20032840722496612,0.0,True,-51.24,-0.42,0.0,-51.66
D29_P4,120,MSZZC1|6:XAUUSD|1:5|2:-1|1:1|67:BO|XAUUSD|5|0|S|1748611200|MSZZ|XAUUSD|5|0|-1|1748606700|1748607000,1.22,1.22,True,3290.78,3290.78,0.0,True,3.0,2.9999999999993565,0.0,True,775.92,-2.44,0.0,773.48
D29_P4,122,MSZZC1|6:XAUUSD|1:5|2:-1|1:4|39:MSZZ|XAUUSD|5|0|1|1748616900|1748617200,0.37,0.37,True,3296.14,3296.14,0.0,True,-1.0,-1.0,0.0,True,-259.0,-0.74,0.0,-259.74
D29_P4,124,MSZZC1|6:XAUUSD|1:5|1:1|1:1|66:BO|XAUUSD|5|0|L|1748617800|MSZZ|XAUUSD|5|0|1|1748616900|1748617200,0.18,0.18,True,3292.23,3292.23,0.0,True,-0.750696,-0.7506963788300909,0.0,True,-194.04,-0.36,0.0,-194.4
D29_P4,126,MSZZC1|6:XAUUSD|1:5|2:-1|1:1|67:BO|XAUUSD|5|0|S|1748622600|MSZZ|XAUUSD|5|0|-1|1748622300|1748622300,0.66,0.66,True,3296.14,3296.14,0.0,True,-1.0,-1.0,0.0,True,-258.06,-1.32,0.0,-259.38
D29_P4,128,MSZZC1|6:XAUUSD|1:5|2:-1|1:1|67:BO|XAUUSD|5|0|S|1748623200|MSZZ|XAUUSD|5|0|-1|1748622300|1748622300,0.39,0.39,True,3296.14,3296.14,0.0,True,-1.0,-1.0,0.0,True,-256.23,-0.78,26.91,-230.1
D29_P4,130,MSZZC1|6:XAUUSD|1:5|2:-1|1:4|39:MSZZ|XAUUSD|5|0|1|1748859000|1748859000,1.16,1.16,True,3347.65,3347.65,0.0,True,2.0,2.0,0.0,True,512.72,-2.32,0.0,510.4
D29_P4,132,MSZZC1|6:XAUUSD|1:5|2:-1|1:4|39:MSZZ|XAUUSD|5|0|1|1748826000|1748826000,0.68,0.68,True,3297.94,3297.94,0.0,True,2.0,2.0,0.0,True,518.16,-1.36,0.0,516.8
D29_P4,134,MSZZC1|6:XAUUSD|1:5|1:1|1:4|40:MSZZ|XAUUSD|5|0|-1|1749444900|1749444900,0.9,0.9,True,3302.19,3302.19,0.0,True,2.0,2.0000000000001585,0.0,True,516.6,-1.8,0.0,514.8
D29_P4,136,MSZZC1|6:XAUUSD|1:5|1:1|1:1|66:BO|XAUUSD|5|0|L|1749447900|MSZZ|XAUUSD|5|0|1|1749446700|1749446700,0.21,0.21,True,3343.3,3343.2999999999997,0.0,True,3.0,2.9999999999998903,0.0,True,783.09,-0.42,-9.66,773.01
D29_P4,139,MSZZC1|6:XAUUSD|1:5|1:1|1:4|40:MSZZ|XAUUSD|5|0|-1|1749223800|1749223800,0.56,0.56,True,3362.72,3362.72,0.0,True,2.0,1.9999999999999023,0.0,True,520.8,-1.12,-25.76,493.92
D29_P4,138,MSZZC1|6:XAUUSD|1:5|2:-1|1:1|67:BO|XAUUSD|5|0|S|1749640200|MSZZ|XAUUSD|5|0|-1|1749223800|1749223800,0.13,0.13,True,3364.25,3364.25,0.0,True,-1.0,-1.0,0.0,True,-249.34,-0.26,2.99,-246.61
D29_P4,142,MSZZC1|6:XAUUSD|1:5|1:1|1:1|66:BO|XAUUSD|5|0|L|1749693300|MSZZ|XAUUSD|5|0|1|1749692100|1749692700,0.13,0.13,True,3362.73,3362.73,0.0,True,-0.322008,-0.3220081135902623,0.0,True,-82.55,-0.26,0.0,-82.81
D29_P4,144,MSZZC1|6:XAUUSD|1:5|2:-1|1:1|67:BO|XAUUSD|5|0|S|1749696300|MSZZ|XAUUSD|5|0|-1|1749694500|1749694500,0.24,0.24,True,3370.98,3370.9799999999996,0.0,True,-0.770308,-0.7703081232492547,0.0,True,-198.0,-0.48,0.0,-198.48
D29_P4,147,MSZZC1|6:XAUUSD|1:5|2:-1|1:4|39:MSZZ|XAUUSD|5|0|1|1749698700|1749698700,0.84,0.84,True,3371.32,3371.32,0.0,True,-1.0,-1.0,0.0,True,-263.76,-1.68,0.0,-265.44
D29_P4,146,MSZZC1|6:XAUUSD|1:5|1:1|1:1|66:BO|XAUUSD|5|0|L|1749699900|MSZZ|XAUUSD|5|0|1|1749698700|1749698700,0.19,0.19,True,3369.94,3369.9399999999996,0.0,True,-0.078195,-0.0781954887218349,0.0,True,-19.76,-0.38,0.0,-20.14
D29_P4,151,MSZZC1|6:XAUUSD|1:5|1:1|1:4|40:MSZZ|XAUUSD|5|0|-1|1749723300|1749723300,1.45,1.45,True,3368.32,3368.32,0.0,True,-1.0,-1.0,0.0,True,-262.45,-2.9,0.0,-265.35
D29_P4,150,MSZZC1|6:XAUUSD|1:5|2:-1|1:1|67:BO|XAUUSD|5|0|S|1749723900|MSZZ|XAUUSD|5|0|-1|1749723300|1749723300,0.46,0.46,True,3353.02,3353.02,0.0,True,3.0,3.000000000000081,0.0,True,778.32,-0.92,0.0,777.4
D29_P4,154,MSZZC1|6:XAUUSD|1:5|1:1|1:1|66:BO|XAUUSD|5|0|L|1749734400|MSZZ|XAUUSD|5|0|1|1749734100|1749734100,0.19,0.19,True,3382.6,3382.6,0.0,True,0.529718,0.5297176820208269,0.0,True,135.47,-0.38,-8.74,126.35
D29_P4,156,MSZZC1|6:XAUUSD|1:5|2:-1|1:1|67:BO|XAUUSD|5|0|S|1749777000|MSZZ|XAUUSD|5|0|-1|1749776700|1749776700,0.39,0.39,True,3389.27,3389.27,0.0,True,-1.0,-1.0,0.0,True,-260.13,-0.78,0.0,-260.91
D29_P4,158,MSZZC1|6:XAUUSD|1:5|2:-1|1:4|39:MSZZ|XAUUSD|5|0|1|1750363800|1750363800,0.35,0.35,True,3369.53,3369.5299999999997,0.0,True,-0.204027,-0.2040268456375254,0.0,True,-53.2,-0.7,0.0,-53.9
D29_P4,160,MSZZC1|6:XAUUSD|1:5|1:1|1:4|40:MSZZ|XAUUSD|5|0|-1|1750365000|1750365000,0.96,0.96,True,3366.8,3366.8,0.0,True,-1.0,-1.0,0.0,True,-262.08,-1.92,0.0,-264.0
D29_P4,162,MSZZC1|6:XAUUSD|1:5|1:1|1:4|40:MSZZ|XAUUSD|5|0|-1|1750939200|1750939200,1.33,1.33,True,3348.59,3348.59,0.0,True,2.0,1.999999999999769,0.0,True,524.02,-2.66,0.0,521.36
D29_P4,164,MSZZC1|6:XAUUSD|1:5|1:1|1:4|40:MSZZ|XAUUSD|5|0|-1|1750748400|1750748400,0.7,0.7,True,3348.08,3348.08,0.0,True,-1.0,-1.0,0.0,True,-263.9,-1.4,0.0,-265.3
D29_P4,166,MSZZC1|6:XAUUSD|1:5|2:-1|1:4|39:MSZZ|XAUUSD|5|0|1|1751383200|1751383200,0.79,0.79,True,3357.93,3357.9300000000003,0.0,True,-1.0,-1.0000000000001366,0.0,True,-263.07,-1.58,0.0,-264.65
D29_P4,168,MSZZC1|6:XAUUSD|1:5|2:-1|1:4|39:MSZZ|XAUUSD|5|0|1|1751381700|1751382300,0.46,0.46,True,3352.55,3352.55,0.0,True,-1.0,-1.0,0.0,True,-261.74,-0.92,0.0,-262.66
D29_P4,170,MSZZC1|6:XAUUSD|1:5|2:-1|1:4|39:MSZZ|XAUUSD|5|0|1|1751457900|1751457900,0.31,0.31,True,3344.1,3344.1000000000004,0.0,True,-1.0,-1.0000000000000537,0.0,True,-261.95,-0.62,0.0,-262.57
D29_P4,172,MSZZC1|6:XAUUSD|1:5|2:-1|1:1|67:BO|XAUUSD|5|0|S|1751556900|MSZZ|XAUUSD|5|0|-1|1751556600|1751556600,0.3,0.3,True,3321.35,3321.35,0.0,True,-0.14386,-0.14385964912280608,0.0,True,-36.9,-0.6,0.0,-37.5
D29_P4,174,MSZZC1|6:XAUUSD|1:5|1:1|1:1|66:BO|XAUUSD|5|0|L|1751557800|MSZZ|XAUUSD|5|0|1|1751482800|1751482800,0.44,0.44,True,3326.75,3326.75,0.0,True,0.924658,0.9246575342466399,0.0,True,237.6,-0.88,0.0,236.72
D29_P4,176,MSZZC1|6:XAUUSD|1:5|2:-1|1:1|67:BO|XAUUSD|5|0|S|1751558700|MSZZ|XAUUSD|5|0|-1|1751556600|1751556600,1.36,1.36,True,3328.67,3328.67,0.0,True,-1.0,-1.0,0.0,True,-261.12,-2.72,0.0,-263.84
D29_P4,178,MSZZC1|6:XAUUSD|1:5|2:-1|1:1|67:BO|XAUUSD|5|0|S|1751563200|MSZZ|XAUUSD|5|0|-1|1751556600|1751556600,0.2,0.2,True,3332.06,3332.06,0.0,True,-0.507645,-0.507645259938831,0.0,True,-132.8,-0.4,4.6,-128.6
D29_P4,180,MSZZC1|6:XAUUSD|1:5|1:1|1:1|66:BO|XAUUSD|5|0|L|1751596800|MSZZ|XAUUSD|5|0|1|1751558700|1751559000,0.47,0.47,True,3326.59,3326.59,0.0,True,-1.0,-1.0,0.0,True,-257.09,-0.94,0.0,-258.03
D29_P4,182,MSZZC1|6:XAUUSD|1:5|1:1|1:1|66:BO|XAUUSD|5|0|L|1751602500|MSZZ|XAUUSD|5|0|1|1751558700|1751559000,0.38,0.38,True,3325.87,3325.87,0.0,True,-1.0,-1.0,0.0,True,-256.12,-0.76,-52.44,-309.32
D29_P4,184,MSZZC1|6:XAUUSD|1:5|2:-1|1:1|67:BO|XAUUSD|5|0|S|1751994600|MSZZ|XAUUSD|5|0|-1|1751994300|1751994300,0.12,0.12,True,3326.85,3326.85,0.0,True,-1.0,-1.0,0.0,True,-250.08,-0.24,5.52,-244.8
D29_P4,186,MSZZC1|6:XAUUSD|1:5|1:1|1:4|40:MSZZ|XAUUSD|5|0|-1|1751970000|1751970000,1.73,1.73,True,3333.48,3333.48,0.0,True,-1.0,-1.0,0.0,True,-259.5,-3.46,0.0,-262.96
D29_P4,188,MSZZC1|6:XAUUSD|1:5|1:1|1:1|66:BO|XAUUSD|5|0|L|1752222300|MSZZ|XAUUSD|5|0|1|1752222000|1752222000,0.33,0.33,True,3332.57,3332.5699999999997,0.0,True,-1.0,-1.0000000000000588,0.0,True,-255.09,-0.66,0.0,-255.75
D29_P4,190,MSZZC1|6:XAUUSD|1:5|1:1|1:1|66:BO|XAUUSD|5|0|L|1752225000|MSZZ|XAUUSD|5|0|1|1752224700|1752224700,0.54,0.54,True,3332.37,3332.37,0.0,True,-1.0,-1.0,0.0,True,-256.5,-1.08,0.0,-257.58
D29_P4,193,MSZZC1|6:XAUUSD|1:5|1:1|1:1|66:BO|XAUUSD|5|0|L|1752228000|MSZZ|XAUUSD|5|0|1|1752224700|1752224700,4.96,4.96,True,3332.37,3332.37,0.0,True,-1.0,-1.0,0.0,True,-257.92,-9.92,0.0,-267.84
D29_P4,195,MSZZC1|6:XAUUSD|1:5|1:1|1:1|66:BO|XAUUSD|5|0|L|1752228600|MSZZ|XAUUSD|5|0|1|1752224700|1752224700,1.86,1.86,True,3337.89,3337.89,0.0,True,3.0,2.9999999999996705,0.0,True,770.04,-3.72,0.0,766.32
D29_P4,191,MSZZC1|6:XAUUSD|1:5|2:-1|1:4|39:MSZZ|XAUUSD|5|0|1|1752224700|1752224700,0.71,0.71,True,3339.23,3339.23,0.0,True,-1.0,-1.0,0.0,True,-256.31,-1.42,0.0,-257.73
D29_P4,197,MSZZC1|6:XAUUSD|1:5|1:1|1:1|66:BO|XAUUSD|5|0|L|1752230400|MSZZ|XAUUSD|5|0|1|1752230100|1752230100,0.35,0.35,True,3360.33,3360.33,0.0,True,3.0,3.000000000000125,0.0,True,766.5,-0.7,0.0,765.8
D29_P4,200,MSZZC1|6:XAUUSD|1:5|2:-1|1:1|67:BO|XAUUSD|5|0|S|1752471300|MSZZ|XAUUSD|5|0|-1|1752234600|1752234600,0.62,0.62,True,3358.98,3358.98,0.0,True,-1.0,-1.0,0.0,True,-256.06,-1.24,0.0,-257.3
D29_P4,202,MSZZC1|6:XAUUSD|1:5|2:-1|1:1|67:BO|XAUUSD|5|0|S|1752473700|MSZZ|XAUUSD|5|0|-1|1752234600|1752234600,0.85,0.85,True,3358.98,3358.98,0.0,True,-1.0,-1.0,0.0,True,-257.55,-1.7,0.0,-259.25
D29_P4,204,MSZZC1|6:XAUUSD|1:5|2:-1|1:1|67:BO|XAUUSD|5|0|S|1752483000|MSZZ|XAUUSD|5|0|-1|1752234600|1752234600,0.52,0.52,True,3361.66,3361.66,0.0,True,-1.0,-1.0,0.0,True,-257.4,-1.04,0.0,-258.44
D29_P4,206,MSZZC1|6:XAUUSD|1:5|1:1|1:4|40:MSZZ|XAUUSD|5|0|-1|1752597000|1752597000,0.54,0.54,True,3349.57,3349.57,0.0,True,2.0,1.999999999999905,0.0,True,516.24,-1.08,0.0,515.16
D29_P4,209,MSZZC1|6:XAUUSD|1:5|1:1|1:4|40:MSZZ|XAUUSD|5|0|-1|1752604200|1752604200,3.16,3.16,True,3328.02,3328.02,0.0,True,2.0,1.9999999999994453,0.0,True,518.24,-6.32,0.0,511.92
D29_P4,211,MSZZC1|6:XAUUSD|1:5|1:1|1:4|40:MSZZ|XAUUSD|5|0|-1|1752621900|1752622200,1.13,1.13,True,3333.2,3333.2,0.0,True,2.0,2.0,0.0,True,517.54,-2.26,0.0,515.28
D29_P4,208,MSZZC1|6:XAUUSD|1:5|2:-1|1:1|67:BO|XAUUSD|5|0|S|1752604200|MSZZ|XAUUSD|5|0|-1|1752603900|1752603900,0.06,0.06,True,3369.09,3369.09,0.0,True,-1.0,-1.0,0.0,True,-257.22,-0.12,1.38,-255.96
D29_P4,214,MSZZC1|6:XAUUSD|1:5|2:-1|1:1|67:BO|XAUUSD|5|0|S|1752747600|MSZZ|XAUUSD|5|0|-1|1752683700|1752683700,0.06,0.06,True,3350.0,3350.0,0.0,True,-0.51836,-0.518359561278016,0.0,True,-130.44,-0.12,5.52,-125.04
D29_P4,216,MSZZC1|6:XAUUSD|1:5|1:1|1:1|66:BO|XAUUSD|5|0|L|1753067100|MSZZ|XAUUSD|5|0|1|1752853800|1752853800,1.08,1.08,True,3357.2,3357.2,0.0,True,3.0,2.9999999999998104,0.0,True,777.6,-2.16,0.0,775.44
D29_P4,218,MSZZC1|6:XAUUSD|1:5|1:1|1:4|40:MSZZ|XAUUSD|5|0|-1|1752855600|1752855600,0.73,0.73,True,3353.9,3353.9000000000005,0.0,True,-1.0,-0.9999999999998722,0.0,True,-259.88,-1.46,0.0,-261.34
D29_P4,220,MSZZC1|6:XAUUSD|1:5|1:1|1:1|66:BO|XAUUSD|5|0|L|1753085400|MSZZ|XAUUSD|5|0|1|1753085100|1753085100,0.21,0.21,True,3400.0,3400.0,0.0,True,3.0,2.999999999999963,0.0,True,776.16,-0.42,0.0,775.74
D29_P4,222,MSZZC1|6:XAUUSD|1:5|2:-1|1:4|39:MSZZ|XAUUSD|5|0|1|1752829800|1752829800,0.35,0.35,True,3339.18,3339.1800000000003,0.0,True,-1.0,-1.0000000000000617,0.0,True,-258.3,-0.7,0.0,-259.0
D29_P4,225,MSZZC1|6:XAUUSD|1:5|2:-1|1:4|39:MSZZ|XAUUSD|5|0|1|1754078100|1754078100,2.21,2.21,True,3349.13,3349.13,0.0,True,-1.0,-1.0,0.0,True,-262.99,-4.42,0.0,-267.41
D29_P4,224,MSZZC1|6:XAUUSD|1:5|1:1|1:1|66:BO|XAUUSD|5|0|L|1754077800|MSZZ|XAUUSD|5|0|1|1754071500|1754071500,0.65,0.65,True,3357.46,3357.46,0.0,True,3.0,3.0,0.0,True,783.9,-1.3,0.0,782.6
D29_P4,229,MSZZC1|6:XAUUSD|1:5|1:1|1:4|40:MSZZ|XAUUSD|5|0|-1|1754921100|1754921100,0.68,0.68,True,3351.34,3351.3400000000006,0.0,True,-1.0,-0.9999999999998825,0.0,True,-263.16,-1.36,0.0,-264.52
D29_P4,228,MSZZC1|6:XAUUSD|1:5|2:-1|1:1|67:BO|XAUUSD|5|0|S|1754906400|MSZZ|XAUUSD|5|0|-1|1754484600|1754484600,0.43,0.43,True,3358.05,3358.05,0.0,True,0.730392,0.7303921568627254,0.0,True,192.21,-0.86,0.0,191.35
D29_P4,232,MSZZC1|6:XAUUSD|1:5|1:1|1:1|66:BO|XAUUSD|5|0|L|1754930400|MSZZ|XAUUSD|5|0|1|1754929800|1754930100,0.27,0.27,True,3350.81,3350.81,0.0,True,-0.754167,-0.7541666666666628,0.0,True,-195.48,-0.54,0.0,-196.02
D29_P4,233,MSZZC1|6:XAUUSD|1:5|2:-1|1:4|39:MSZZ|XAUUSD|5|0|1|1754929800|1754930100,0.7,0.7,True,3348.0,3348.0,0.0,True,2.0,1.999999999999879,0.0,True,526.4,-1.4,0.0,525.0
D29_P4,237,MSZZC1|6:XAUUSD|1:5|2:-1|1:4|39:MSZZ|XAUUSD|5|0|1|1754944500|1754944500,1.01,1.01,True,3350.99,3350.99,0.0,True,2.0,2.0000000000001736,0.0,True,529.24,-2.02,0.0,527.22
D29_P4,236,MSZZC1|6:XAUUSD|1:5|1:1|1:1|66:BO|XAUUSD|5|0|L|1754944800|MSZZ|XAUUSD|5|0|1|1754944500|1754944500,0.16,0.16,True,3342.0,3342.0,0.0,True,-1.0,-1.0,0.0,True,-263.68,-0.32,0.0,-264.0
D29_P4,241,MSZZC1|6:XAUUSD|1:5|2:-1|1:4|39:MSZZ|XAUUSD|5|0|1|1754960700|1754960700,2.12,2.12,True,3346.58,3346.58,0.0,True,-1.0,-1.0,0.0,True,-265.0,-4.24,0.0,-269.24
D29_P4,240,MSZZC1|6:XAUUSD|1:5|1:1|1:1|66:BO|XAUUSD|5|0|L|1754961000|MSZZ|XAUUSD|5|0|1|1754960700|1754960700,0.52,0.52,True,3341.26,3341.26,0.0,True,-1.0,-1.0,0.0,True,-262.08,-1.04,0.0,-263.12
D29_P4,244,MSZZC1|6:XAUUSD|1:5|2:-1|1:1|67:BO|XAUUSD|5|0|S|1755034500|MSZZ|XAUUSD|5|0|-1|1755033900|1755034200,1.23,1.23,True,3350.57,3350.57,0.0,True,-1.0,-1.0,0.0,True,-264.45,-2.46,28.29,-238.62
D29_P4,246,MSZZC1|6:XAUUSD|1:5|2:-1|1:4|39:MSZZ|XAUUSD|5|0|1|1755075600|1755075600,1.14,1.14,True,3353.27,3353.27,0.0,True,-1.0,-1.0,0.0,True,-262.2,-2.28,0.0,-264.48
D29_P4,248,MSZZC1|6:XAUUSD|1:5|1:1|1:1|66:BO|XAUUSD|5|0|L|1755608700|MSZZ|XAUUSD|5|0|1|1755522900|1755522900,0.25,0.25,True,3331.39,3331.39,0.0,True,-1.0,-1.0,0.0,True,-261.75,-0.5,0.0,-262.25
D29_P4,250,MSZZC1|6:XAUUSD|1:5|1:1|1:1|66:BO|XAUUSD|5|0|L|1755699600|MSZZ|XAUUSD|5|0|1|1755522900|1755522900,0.44,0.44,True,3347.32,3347.3200000000006,0.0,True,3.0,3.000000000000155,0.0,True,774.84,-0.88,0.0,773.96
D29_P4,253,MSZZC1|6:XAUUSD|1:5|2:-1|1:4|39:MSZZ|XAUUSD|5|0|1|1755717300|1755717300,4.9,4.9,True,3346.24,3346.24,0.0,True,-1.0,-1.0,0.0,True,-264.6,-9.8,0.0,-274.4
D29_P4,255,MSZZC1|6:XAUUSD|1:5|2:-1|1:4|39:MSZZ|XAUUSD|5|0|1|1755749700|1755749700,1.78,1.78,True,3340.57,3340.57,0.0,True,2.0,2.0,0.0,True,526.88,-3.56,0.0,523.32
D29_P4,252,MSZZC1|6:XAUUSD|1:5|1:1|1:1|66:BO|XAUUSD|5|0|L|1755718800|MSZZ|XAUUSD|5|0|1|1755717300|1755717300,0.12,0.12,True,3337.03,3337.03,0.0,True,-0.396891,-0.3968907178783667,0.0,True,-104.16,-0.24,-5.52,-109.92
D29_P4,258,MSZZC1|6:XAUUSD|1:5|2:-1|1:1|67:BO|XAUUSD|5|0|S|1755809700|MSZZ|XAUUSD|5|0|-1|1755807900|1755807900,1.95,1.95,True,3338.39,3338.39,0.0,True,-1.0,-1.0,0.0,True,-265.2,-3.9,0.0,-269.1
D29_P4,260,MSZZC1|6:XAUUSD|1:5|2:-1|1:4|39:MSZZ|XAUUSD|5|0|1|1755814200|1755814200,0.77,0.77,True,3331.38,3331.38,0.0,True,2.0,1.999999999999867,0.0,True,526.68,-1.54,17.71,542.85
D29_P4,262,MSZZC1|6:XAUUSD|1:5|1:1|1:4|40:MSZZ|XAUUSD|5|0|-1|1755838800|1755838800,0.89,0.89,True,3330.96,3330.96,0.0,True,-1.0,-1.0,0.0,True,-263.44,-1.78,0.0,-265.22
D29_P4,264,MSZZC1|6:XAUUSD|1:5|1:1|1:1|66:BO|XAUUSD|5|0|L|1755882600|MSZZ|XAUUSD|5|0|1|1755882000|1755882000,0.07,0.07,True,3460.91,3460.91,0.0,True,3.0,3.0000000000000133,0.0,True,712.95,-0.14,-32.2,680.61
D29_P4,266,MSZZC1|6:XAUUSD|1:5|2:-1|1:4|39:MSZZ|XAUUSD|5|0|1|1758146700|1758147000,1.01,1.01,True,3665.7,3665.7,0.0,True,-1.0,-1.0,0.0,True,-265.63,-2.02,0.0,-267.65
D29_P4,268,MSZZC1|6:XAUUSD|1:5|2:-1|1:4|39:MSZZ|XAUUSD|5|0|1|1757604600|1757604600,0.57,0.57,True,3642.03,3642.0300000000007,0.0,True,-1.0,-1.0000000000000977,0.0,True,-265.05,-1.14,0.0,-266.19
D29_P4,270,MSZZC1|6:XAUUSD|1:5|1:1|1:4|40:MSZZ|XAUUSD|5|0|-1|1758213300|1758213300,2.58,2.58,True,3640.84,3640.84,0.0,True,2.0,1.9999999999995586,0.0,True,531.48,-5.16,0.0,526.32
D29_P4,273,MSZZC1|6:XAUUSD|1:5|1:1|1:4|40:MSZZ|XAUUSD|5|0|-1|1758257100|1758257100,0.65,0.65,True,3651.1,3651.1,0.0,True,2.0,1.9999999999998888,0.0,True,531.7,-1.3,0.0,530.4
D29_P4,272,MSZZC1|6:XAUUSD|1:5|2:-1|1:1|67:BO|XAUUSD|5|0|S|1758256800|MSZZ|XAUUSD|5|0|-1|1758213300|1758213300,0.11,0.11,True,3655.97,3655.97,0.0,True,-0.414274,-0.41427364864864125,0.0,True,-107.91,-0.22,0.0,-108.13
D29_P4,276,MSZZC1|6:XAUUSD|1:5|1:1|1:1|66:BO|XAUUSD|5|0|L|1758299100|MSZZ|XAUUSD|5|0|1|1758298200|1758298200,0.59,0.59,True,3669.47,3669.47,0.0,True,3.0,3.0,0.0,True,796.5,-1.18,0.0,795.32
D29_P4,278,MSZZC1|6:XAUUSD|1:5|1:1|1:1|66:BO|XAUUSD|5|0|L|1758749700|MSZZ|XAUUSD|5|0|1|1758533400|1758533400,0.03,0.03,True,3968.99,3968.99,0.0,True,3.0,2.9999999999999942,0.0,True,714.42,-0.06,-16.56,697.8
D29_P4,280,MSZZC1|6:XAUUSD|1:5|1:1|1:4|40:MSZZ|XAUUSD|5|0|-1|1761062400|1761062400,0.35,0.35,True,4212.4,4212.4,0.0,True,2.0,1.9999999999997597,0.0,True,529.9,-0.7,0.0,529.2
D29_P4,282,MSZZC1|6:XAUUSD|1:5|1:1|1:4|40:MSZZ|XAUUSD|5|0|-1|1761065400|1761065400,0.16,0.16,True,4165.34,4165.34,0.0,True,-1.0,-1.0,0.0,True,-266.24,-0.32,0.0,-266.56
D29_P4,284,MSZZC1|6:XAUUSD|1:5|2:-1|1:1|67:BO|XAUUSD|5|0|S|1761068100|MSZZ|XAUUSD|5|0|-1|1761067500|1761067500,0.09,0.09,True,4148.83,4148.83,0.0,True,-1.0,-1.0,0.0,True,-270.27,-0.18,0.0,-270.45
D29_P4,286,MSZZC1|6:XAUUSD|1:5|1:1|1:1|66:BO|XAUUSD|5|0|L|1761072600|MSZZ|XAUUSD|5|0|1|1761069300|1761069300,0.04,0.04,True,4127.47,4127.47,0.0,True,-0.230204,-0.23020408163264586,0.0,True,-56.4,-0.08,0.0,-56.48
D29_P4,288,MSZZC1|6:XAUUSD|1:5|2:-1|1:1|67:BO|XAUUSD|5|0|S|1761074100|MSZZ|XAUUSD|5|0|-1|1761067500|1761067500,0.11,0.11,True,4113.98,4113.98,0.0,True,0.578473,0.5784734133791106,0.0,True,148.39,-0.22,0.0,148.17
D29_P4,290,MSZZC1|6:XAUUSD|1:5|1:1|1:1|66:BO|XAUUSD|5|0|L|1761078600|MSZZ|XAUUSD|5|0|1|1760490300|1760490300,0.21,0.21,True,4101.32,4101.32,0.0,True,-1.0,-1.0,0.0,True,-265.86,-0.42,0.0,-266.28
D29_P4,293,MSZZC1|6:XAUUSD|1:5|1:1|1:4|40:MSZZ|XAUUSD|5|0|-1|1761094800|1761094800,0.28,0.28,True,4113.89,4113.89,0.0,True,-1.0,-1.0,0.0,True,-263.2,-0.56,0.0,-263.76
D29_P4,292,MSZZC1|6:XAUUSD|1:5|2:-1|1:1|67:BO|XAUUSD|5|0|S|1761095100|MSZZ|XAUUSD|5|0|-1|1761094800|1761094800,0.16,0.16,True,4065.53,4065.53,0.0,True,3.0,3.0000000000000813,0.0,True,804.96,-0.32,0.0,804.64
D29_P4,296,MSZZC1|6:XAUUSD|1:5|1:1|1:1|66:BO|XAUUSD|5|0|L|1761111600|MSZZ|XAUUSD|5|0|1|1760490300|1760490300,1.21,1.21,True,4110.23,4110.23,0.0,True,-1.0,-1.0,0.0,True,-272.25,-2.42,0.0,-274.67
D29_P4,298,MSZZC1|6:XAUUSD|1:5|1:1|1:1|66:BO|XAUUSD|5|0|L|1761114600|MSZZ|XAUUSD|5|0|1|1760490300|1760490300,0.14,0.14,True,4128.59,4128.59,0.0,True,-0.039246,-0.039246467817895196,0.0,True,-10.5,-0.28,0.0,-10.78
D29_P4,300,MSZZC1|6:XAUUSD|1:5|2:-1|1:1|67:BO|XAUUSD|5|0|S|1761116100|MSZZ|XAUUSD|5|0|-1|1761067500|1761067500,0.18,0.18,True,4143.02,4143.02,0.0,True,-1.0,-1.0,0.0,True,-259.74,-0.36,0.0,-260.1
D29_P4,302,MSZZC1|6:XAUUSD|1:5|2:-1|1:1|67:BO|XAUUSD|5|0|S|1761127200|MSZZ|XAUUSD|5|0|-1|1761067200|1761067200,0.14,0.14,True,4084.99,4084.9899999999993,0.0,True,3.0,2.9999999999999285,0.0,True,800.94,-0.28,0.0,800.66
D29_P4,305,MSZZC1|6:XAUUSD|1:5|1:1|1:4|40:MSZZ|XAUUSD|5|0|-1|1762220700|1762220700,0.44,0.44,True,3986.59,3986.59,0.0,True,-1.0,-1.0,0.0,True,-270.6,-0.88,0.0,-271.48
D29_P4,307,MSZZC1|6:XAUUSD|1:5|1:1|1:4|40:MSZZ|XAUUSD|5|0|-1|1762266000|1762266000,0.22,0.22,True,3995.46,3995.46,0.0,True,-0.43,-0.4299999999999879,0.0,True,-113.52,-0.44,0.0,-113.96
D29_P4,309,MSZZC1|6:XAUUSD|1:5|1:1|1:4|40:MSZZ|XAUUSD|5|0|-1|1762446300|1762446300,0.22,0.22,True,3987.15,3987.15,0.0,True,-1.0,-1.0,0.0,True,-261.14,-0.44,0.0,-261.58
D29_P4,304,MSZZC1|6:XAUUSD|1:5|2:-1|1:1|67:BO|XAUUSD|5|0|S|1762185900|MSZZ|XAUUSD|5|0|-1|1761564000|1761564000,0.03,0.03,True,4006.08,4006.08,0.0,True,0.104952,0.10495216657287625,0.0,True,22.38,-0.06,2.76,25.08
D29_P4,313,MSZZC1|6:XAUUSD|1:5|2:-1|1:4|39:MSZZ|XAUUSD|5|0|1|1762531800|1762531800,0.39,0.39,True,3987.02,3987.0200000000004,0.0,True,2.0,1.999999999999867,0.0,True,533.52,-0.78,0.0,532.74
D29_P4,312,MSZZC1|6:XAUUSD|1:5|1:1|1:1|66:BO|XAUUSD|5|0|L|1762532100|MSZZ|XAUUSD|5|0|1|1762531800|1762531800,0.08,0.08,True,3986.57,3986.57,0.0,True,-0.611791,-0.6117905299466868,0.0,True,-156.08,-0.16,0.0,-156.24
D29_P4,316,MSZZC1|6:XAUUSD|1:5|2:-1|1:1|67:BO|XAUUSD|5|0|S|1762533300|MSZZ|XAUUSD|5|0|-1|1762533000|1762533000,0.86,0.86,True,3989.74,3989.74,0.0,True,-1.0,-1.0,0.0,True,-272.62,-1.72,0.0,-274.34
D29_P4,318,MSZZC1|6:XAUUSD|1:5|1:1|1:1|66:BO|XAUUSD|5|0|L|1762539900|MSZZ|XAUUSD|5|0|1|1762539600|1762539600,0.11,0.11,True,3995.13,3995.13,0.0,True,-0.546444,-0.5464435146443472,0.0,True,-143.66,-0.22,0.0,-143.88
D29_P4,320,MSZZC1|6:XAUUSD|1:5|2:-1|1:1|67:BO|XAUUSD|5|0|S|1762542900|MSZZ|XAUUSD|5|0|-1|1762542300|1762542300,0.25,0.25,True,4005.62,4005.62,0.0,True,-1.0,-1.0,0.0,True,-262.25,-0.5,0.0,-262.75
D29_P4,322,MSZZC1|6:XAUUSD|1:5|2:-1|1:1|67:BO|XAUUSD|5|0|S|1762736400|MSZZ|XAUUSD|5|0|-1|1762559100|1762559100,0.71,0.71,True,4010.44,4010.4399999999996,0.0,True,-1.0,-0.9999999999998807,0.0,True,-270.51,-1.42,0.0,-271.93
D29_P4,324,MSZZC1|6:XAUUSD|1:5|2:-1|1:4|39:MSZZ|XAUUSD|5|0|1|1763366700|1763366700,0.32,0.32,True,4071.7,4071.7,0.0,True,-1.0,-1.0,0.0,True,-267.52,-0.64,0.0,-268.16
D29_P4,326,MSZZC1|6:XAUUSD|1:5|1:1|1:4|40:MSZZ|XAUUSD|5|0|-1|1763393700|1763393700,0.26,0.26,True,4064.03,4064.0300000000007,0.0,True,-1.0,-0.9999999999999556,0.0,True,-265.98,-0.52,0.0,-266.5
D29_P4,328,MSZZC1|6:XAUUSD|1:5|2:-1|1:1|67:BO|XAUUSD|5|0|S|1763561400|MSZZ|XAUUSD|5|0|-1|1763129700|1763129700,4.89,4.89,True,4114.26,4114.26,0.0,True,3.0,2.999999999998346,0.0,True,806.85,-9.78,0.0,797.07
D29_P4,330,MSZZC1|6:XAUUSD|1:5|1:1|1:4|40:MSZZ|XAUUSD|5|0|-1|1763129700|1763129700,0.7,0.7,True,4114.82,4114.82,0.0,True,-1.0,-1.0,0.0,True,-268.1,-1.4,0.0,-269.5
D29_P4,332,MSZZC1|6:XAUUSD|1:5|2:-1|1:1|67:BO|XAUUSD|5|0|S|1763564700|MSZZ|XAUUSD|5|0|-1|1763564400|1763564400,0.29,0.29,True,4116.46,4116.46,0.0,True,-1.0,-1.0,0.0,True,-267.38,-0.58,0.0,-267.96
D29_P4,333,MSZZC1|6:XAUUSD|1:5|1:1|1:4|40:MSZZ|XAUUSD|5|0|-1|1763564400|1763564400,0.46,0.46,True,4106.39,4106.39,0.0,True,-1.0,-1.0,0.0,True,-265.88,-0.92,0.0,-266.8
D29_P4,336,MSZZC1|6:XAUUSD|1:5|2:-1|1:1|67:BO|XAUUSD|5|0|S|1763567400|MSZZ|XAUUSD|5|0|-1|1763564400|1763564400,0.23,0.23,True,4117.88,4117.88,0.0,True,-1.0,-1.0,0.0,True,-266.34,-0.46,0.0,-266.8
D29_P4,338,MSZZC1|6:XAUUSD|1:5|2:-1|1:4|39:MSZZ|XAUUSD|5|0|1|1763565900|1763565900,0.35,0.35,True,4114.08,4114.08,0.0,True,-1.0,-1.0,0.0,True,-261.1,-0.7,0.0,-261.8
D29_P4,340,MSZZC1|6:XAUUSD|1:5|1:1|1:1|66:BO|XAUUSD|5|0|L|1763569800|MSZZ|XAUUSD|5|0|1|1763565900|1763565900,0.2,0.2,True,4100.83,4100.83,0.0,True,-1.0,-1.0,0.0,True,-255.0,-0.4,0.0,-255.4
D29_P4,342,MSZZC1|6:XAUUSD|1:5|1:1|1:1|66:BO|XAUUSD|5|0|L|1763948700|MSZZ|XAUUSD|5|0|1|1763946000|1763946000,0.46,0.46,True,4068.97,4068.97,0.0,True,-1.0,-1.0,0.0,True,-265.88,-0.92,0.0,-266.8
D29_P4,344,MSZZC1|6:XAUUSD|1:5|1:1|1:4|40:MSZZ|XAUUSD|5|0|-1|1763949900|1763949900,0.6,0.6,True,4071.36,4071.3599999999997,0.0,True,2.0,2.0,0.0,True,531.6,-1.2,0.0,530.4
D29_P4,347,MSZZC1|6:XAUUSD|1:5|1:1|1:4|40:MSZZ|XAUUSD|5|0|-1|1763965800|1763965800,1.49,1.49,True,4045.05,4045.05,0.0,True,-1.0,-1.0,0.0,True,-266.71,-2.98,0.0,-269.69
D29_P4,346,MSZZC1|6:XAUUSD|1:5|2:-1|1:1|67:BO|XAUUSD|5|0|S|1763953500|MSZZ|XAUUSD|5|0|-1|1763949900|1763949900,0.07,0.07,True,4092.29,4092.29,0.0,True,-1.0,-1.0,0.0,True,-249.83,-0.14,0.0,-249.97
D29_P4,350,MSZZC1|6:XAUUSD|1:5|2:-1|1:4|39:MSZZ|XAUUSD|5|0|1|1764334200|1764334200,0.14,0.14,True,4188.02,4188.02,0.0,True,-1.0,-1.0,0.0,True,-262.22,-0.28,0.0,-262.5
D29_P4,352,MSZZC1|6:XAUUSD|1:5|2:-1|1:1|67:BO|XAUUSD|5|0|S|1764707100|MSZZ|XAUUSD|5|0|-1|1764333000|1764333000,0.34,0.34,True,4197.12,4197.12,0.0,True,-1.0,-1.0,0.0,True,-262.82,-0.68,0.0,-263.5
D29_P4,354,MSZZC1|6:XAUUSD|1:5|2:-1|1:1|67:BO|XAUUSD|5|0|S|1764793200|MSZZ|XAUUSD|5|0|-1|1764333000|1764333000,2.02,2.02,True,4200.86,4200.86,0.0,True,-1.0,-1.0,0.0,True,-264.62,-4.04,0.0,-268.66
D29_P4,356,MSZZC1|6:XAUUSD|1:5|2:-1|1:1|67:BO|XAUUSD|5|0|S|1764795000|MSZZ|XAUUSD|5|0|-1|1764333000|1764333000,0.75,0.75,True,4200.86,4200.86,0.0,True,-1.0,-1.0,0.0,True,-261.0,-1.5,0.0,-262.5
D29_P4,358,MSZZC1|6:XAUUSD|1:5|2:-1|1:1|67:BO|XAUUSD|5|0|S|1764881700|MSZZ|XAUUSD|5|0|-1|1764333000|1764333000,0.27,0.27,True,4217.56,4217.56,0.0,True,-1.0,-1.0,0.0,True,-258.66,-0.54,6.21,-252.99
D29_P4,360,MSZZC1|6:XAUUSD|1:5|1:1|1:1|66:BO|XAUUSD|5|0|L|1764959100|MSZZ|XAUUSD|5|0|1|1764861900|1764861900,0.14,0.14,True,4198.58,4198.58,0.0,True,-1.0,-1.0,0.0,True,-255.5,-0.28,0.0,-255.78
D29_P4,362,MSZZC1|6:XAUUSD|1:5|1:1|1:1|66:BO|XAUUSD|5|0|L|1765179000|MSZZ|XAUUSD|5|0|1|1764916200|1764916200,0.23,0.23,True,4203.02,4203.02,0.0,True,-1.0,-1.0,0.0,True,-254.61,-0.46,0.0,-255.07
D29_P4,364,MSZZC1|6:XAUUSD|1:5|1:1|1:1|66:BO|XAUUSD|5|0|L|1765205700|MSZZ|XAUUSD|5|0|1|1764916200|1764916200,0.23,0.23,True,4203.02,4203.02,0.0,True,-1.0,-1.0,0.0,True,-254.38,-0.46,0.0,-254.84
D29_P4,366,MSZZC1|6:XAUUSD|1:5|2:-1|1:1|67:BO|XAUUSD|5|0|S|1765213800|MSZZ|XAUUSD|5|0|-1|1764958200|1764958200,0.03,0.03,True,4216.62,4216.62,0.0,True,-0.474035,-0.47403478475391636,0.0,True,-115.29,-0.06,0.69,-114.66
D29_P4,369,MSZZC1|6:XAUUSD|1:5|2:-1|1:4|39:MSZZ|XAUUSD|5|0|1|1765336500|1765336500,1.1,1.1,True,4218.01,4218.01,0.0,True,-1.0,-1.0,0.0,True,-259.6,-2.2,0.0,-261.8
D29_P4,368,MSZZC1|6:XAUUSD|1:5|1:1|1:1|66:BO|XAUUSD|5|0|L|1765303200|MSZZ|XAUUSD|5|0|1|1764916200|1764916200,0.09,0.09,True,4209.06,4209.06,0.0,True,-0.28822,-0.2882195958825626,0.0,True,-68.04,-0.18,-4.14,-72.36
D29_P4,373,MSZZC1|6:XAUUSD|1:5|1:1|1:4|40:MSZZ|XAUUSD|5|0|-1|1765343400|1765343400,0.49,0.49,True,4207.46,4207.46,0.0,True,-1.0,-1.0,0.0,True,-259.21,-0.98,0.0,-260.19
D29_P4,372,MSZZC1|6:XAUUSD|1:5|2:-1|1:1|67:BO|XAUUSD|5|0|S|1765343700|MSZZ|XAUUSD|5|0|-1|1765343400|1765343400,0.26,0.26,True,4218.84,4218.84,0.0,True,-1.0,-1.0,0.0,True,-254.28,-0.52,0.0,-254.8
D29_P4,375,MSZZC1|6:XAUUSD|1:5|1:1|1:4|40:MSZZ|XAUUSD|5|0|-1|1764958200|1764958200,0.16,0.16,True,4190.47,4190.47,0.0,True,-1.0,-1.0,0.0,True,-251.84,-0.32,0.0,-252.16
D29_P4,378,MSZZC1|6:XAUUSD|1:5|1:1|1:1|66:BO|XAUUSD|5|0|L|1765418400|MSZZ|XAUUSD|5|0|1|1765417800|1765417800,0.22,0.22,True,4223.93,4223.93,0.0,True,-1.0,-1.0,0.0,True,-249.04,-0.44,0.0,-249.48
D29_P4,379,MSZZC1|6:XAUUSD|1:5|2:-1|1:4|39:MSZZ|XAUUSD|5|0|1|1765417800|1765417800,0.34,0.34,True,4217.3,4217.3,0.0,True,2.0,1.9999999999998794,0.0,True,513.4,-0.68,0.0,512.72
D29_P4,382,MSZZC1|6:XAUUSD|1:5|1:1|1:4|40:MSZZ|XAUUSD|5|0|-1|1765427100|1765427100,0.34,0.34,True,4245.89,4245.89,0.0,True,2.0,2.0,0.0,True,507.96,-0.68,0.0,507.28
D29_P4,384,MSZZC1|6:XAUUSD|1:5|1:1|1:1|66:BO|XAUUSD|5|0|L|1765474800|MSZZ|XAUUSD|5|0|1|1765473600|1765473900,0.13,0.13,True,4313.77,4313.77,0.0,True,3.0,3.0,0.0,True,768.69,-0.26,-5.98,762.45
D29_P4,387,MSZZC1|6:XAUUSD|1:5|2:-1|1:4|39:MSZZ|XAUUSD|5|0|1|1766134500|1766134800,0.44,0.44,True,4329.21,4329.21,0.0,True,-1.0,-1.0,0.0,True,-261.36,-0.88,0.0,-262.24
D29_P4,389,MSZZC1|6:XAUUSD|1:5|2:-1|1:4|39:MSZZ|XAUUSD|5|0|1|1766143500|1766143800,1.48,1.48,True,4324.44,4324.44,0.0,True,2.0,2.0,0.0,True,520.96,-2.96,0.0,518.0
D29_P4,391,MSZZC1|6:XAUUSD|1:5|2:-1|1:4|39:MSZZ|XAUUSD|5|0|1|1766368800|1766368800,0.61,0.61,True,4366.29,4366.29,0.0,True,-1.0,-1.0,0.0,True,-262.91,-1.22,0.0,-264.13
D29_P4,386,MSZZC1|6:XAUUSD|1:5|1:1|1:1|66:BO|XAUUSD|5|0|L|1765565100|MSZZ|XAUUSD|5|0|1|1765474800|1765474800,0.05,0.05,True,4409.89,4409.89,0.0,True,3.0,3.000000000000021,0.0,True,656.1,-0.1,-23.0,633.0
D29_P4,394,MSZZC1|6:XAUUSD|1:5|2:-1|1:1|67:BO|XAUUSD|5|0|S|1767028800|MSZZ|XAUUSD|5|0|-1|1767027900|1767027900,0.06,0.06,True,4340.81,4340.81,0.0,True,-0.623471,-0.6234706616729124,0.0,True,-149.82,-0.12,0.0,-149.94
D29_P4,395,MSZZC1|6:XAUUSD|1:5|1:1|1:4|40:MSZZ|XAUUSD|5|0|-1|1767027900|1767027900,0.17,0.17,True,4316.51,4316.51,0.0,True,-1.0,-1.0,0.0,True,-257.55,-0.34,0.0,-257.89
D29_P4,397,MSZZC1|6:XAUUSD|1:5|2:-1|1:1|67:BO|XAUUSD|5|0|S|1767036000|MSZZ|XAUUSD|5|0|-1|1767027900|1767027900,0.12,0.12,True,4343.37,4343.37,0.0,True,-0.810488,-0.8104875804967833,0.0,True,-211.44,-0.24,0.0,-211.68
D29_P4,400,MSZZC1|6:XAUUSD|1:5|1:1|1:1|66:BO|XAUUSD|5|0|L|1767045600|MSZZ|XAUUSD|5|0|1|1767042600|1767042600,0.09,0.09,True,4327.91,4327.91,0.0,True,-0.537926,-0.5379262352122531,0.0,True,-139.14,-0.18,-4.14,-143.46
D29_P4,402,MSZZC1|6:XAUUSD|1:5|2:-1|1:1|67:BO|XAUUSD|5|0|S|1767063600|MSZZ|XAUUSD|5|0|-1|1767062700|1767062700,0.13,0.13,True,4347.08,4347.08,0.0,True,-1.0,-1.0,0.0,True,-249.21,-0.26,0.0,-249.47
D29_P4,405,MSZZC1|6:XAUUSD|1:5|2:-1|1:4|39:MSZZ|XAUUSD|5|0|1|1767069900|1767069900,0.36,0.36,True,4365.39,4365.39,0.0,True,-1.0,-1.0,0.0,True,-261.36,-0.72,0.0,-262.08
D29_P4,404,MSZZC1|6:XAUUSD|1:5|1:1|1:1|66:BO|XAUUSD|5|0|L|1767066000|MSZZ|XAUUSD|5|0|1|1767064500|1767064500,0.13,0.13,True,4371.27,4371.27,0.0,True,1.216448,1.2164480322906628,0.0,True,313.43,-0.26,0.0,313.17
D29_P4,408,MSZZC1|6:XAUUSD|1:5|2:-1|1:1|67:BO|XAUUSD|5|0|S|1767112800|MSZZ|XAUUSD|5|0|-1|1767108600|1767108600,0.06,0.06,True,4413.28,4413.28,0.0,True,-1.0,-1.0,0.0,True,-252.06,-0.12,8.28,-243.9
D29_P4,410,MSZZC1|6:XAUUSD|1:5|2:-1|1:1|67:BO|XAUUSD|5|0|S|1767674100|MSZZ|XAUUSD|5|0|-1|1766973600|1766973600,0.03,0.03,True,4489.68,4489.68,0.0,True,-0.556636,-0.5566362412090418,0.0,True,-111.6,-0.06,0.0,-111.66
D29_P4,411,MSZZC1|6:XAUUSD|1:5|1:1|1:4|40:MSZZ|XAUUSD|5|0|-1|1767004500|1767004500,0.17,0.17,True,4462.92,4462.92,0.0,True,-1.0,-1.0,0.0,True,-248.71,-0.34,-7.82,-256.87
D29_P4,415,MSZZC1|6:XAUUSD|1:5|2:-1|1:4|39:MSZZ|XAUUSD|5|0|1|1767978300|1767978300,0.32,0.32,True,4506.04,4506.04,0.0,True,-1.0,-1.0,0.0,True,-259.52,-0.64,0.0,-260.16
D29_P4,414,MSZZC1|6:XAUUSD|1:5|1:1|1:1|66:BO|XAUUSD|5|0|L|1767984600|MSZZ|XAUUSD|5|0|1|1767978300|1767978300,0.04,0.04,True,4696.05,4696.05,0.0,True,3.0,2.999999999999971,0.0,True,754.32,-0.08,-20.24,734.0
D29_P4,418,MSZZC1|6:XAUUSD|1:5|1:1|1:1|66:BO|XAUUSD|5|0|L|1769771700|MSZZ|XAUUSD|5|0|1|1769202000|1769202000,0.01,0.01,True,4932.82,4932.82,0.0,True,-1.0,-1.0,0.0,True,-135.98,-0.02,0.0,-136.0
D29_P4,419,MSZZC1|6:XAUUSD|1:5|2:-1|1:4|39:MSZZ|XAUUSD|5|0|1|1769788800|1769788800,0.02,0.02,True,4759.77,4759.77,0.0,True,2.0,1.999999999999992,0.0,True,450.36,-0.04,0.0,450.32
D29_P4,422,MSZZC1|6:XAUUSD|1:5|1:1|1:1|66:BO|XAUUSD|5|0|L|1769805900|MSZZ|XAUUSD|5|0|1|1769176800|1769176800,0.09,0.09,True,4914.39,4914.39,0.0,True,3.0,2.9999999999999356,0.0,True,764.64,-0.18,0.0,764.46
D29_P4,424,MSZZC1|6:XAUUSD|1:5|2:-1|1:1|67:BO|XAUUSD|5|0|S|1769807400|MSZZ|XAUUSD|5|0|-1|1769800200|1769800200,0.06,0.06,True,4930.95,4930.95,0.0,True,-1.0,-1.0,0.0,True,-246.96,-0.12,0.0,-247.08
D29_P4,426,MSZZC1|6:XAUUSD|1:5|2:-1|1:1|67:BO|XAUUSD|5|0|S|1769811600|MSZZ|XAUUSD|5|0|-1|1769800200|1769800200,0.05,0.05,True,4742.47,4742.47,0.0,True,3.0,3.0,0.0,True,769.35,-0.1,3.45,772.7
D29_P4,428,MSZZC1|6:XAUUSD|1:5|2:-1|1:1|67:BO|XAUUSD|5|0|S|1770175800|MSZZ|XAUUSD|5|0|-1|1769769000|1769769000,0.04,0.04,True,4833.41,4833.41,0.0,True,3.0,3.0000000000000138,0.0,True,785.88,-0.08,0.92,786.72
D29_P4,430,MSZZC1|6:XAUUSD|1:5|1:1|1:4|40:MSZZ|XAUUSD|5|0|-1|1770608100|1770608100,0.12,0.12,True,5032.48,5032.48,0.0,True,2.0,2.000000000000043,0.0,True,507.36,-0.24,0.0,507.12
D29_P4,432,MSZZC1|6:XAUUSD|1:5|2:-1|1:1|67:BO|XAUUSD|5|0|S|1770744900|MSZZ|XAUUSD|5|0|-1|1770741900|1770741900,0.05,0.05,True,5058.39,5058.39,0.0,True,-1.0,-1.0,0.0,True,-255.85,-0.1,1.15,-254.8
D29_P4,434,MSZZC1|6:XAUUSD|1:5|2:-1|1:1|67:BO|XAUUSD|5|0|S|1770789900|MSZZ|XAUUSD|5|0|-1|1770789300|1770789600,0.95,0.95,True,5057.6,5057.6,0.0,True,-1.0,-1.0,0.0,True,-266.0,-1.9,0.0,-267.9
D29_P4,436,MSZZC1|6:XAUUSD|1:5|2:-1|1:1|67:BO|XAUUSD|5|0|S|1770790800|MSZZ|XAUUSD|5|0|-1|1770789300|1770789600,8.6,8.6,True,5057.6,5057.6,0.0,True,-1.0,-1.0,0.0,True,-266.6,-17.2,0.0,-283.8
D29_P4,438,MSZZC1|6:XAUUSD|1:5|2:-1|1:1|67:BO|XAUUSD|5|0|S|1770792300|MSZZ|XAUUSD|5|0|-1|1770792000|1770792000,0.25,0.25,True,5061.05,5061.05,0.0,True,-1.0,-1.0,0.0,True,-265.25,-0.5,0.0,-265.75
D29_P4,441,MSZZC1|6:XAUUSD|1:5|2:-1|1:4|39:MSZZ|XAUUSD|5|0|1|1770797100|1770797100,0.51,0.51,True,5061.57,5061.57,0.0,True,-1.0,-1.0,0.0,True,-261.12,-1.02,0.0,-262.14
D29_P4,440,MSZZC1|6:XAUUSD|1:5|1:1|1:1|66:BO|XAUUSD|5|0|L|1770795300|MSZZ|XAUUSD|5|0|1|1770795000|1770795000,0.14,0.14,True,5043.47,5043.47,0.0,True,-1.0,-1.0,0.0,True,-265.02,-0.28,0.0,-265.3
D29_P4,445,MSZZC1|6:XAUUSD|1:5|2:-1|1:4|39:MSZZ|XAUUSD|5|0|1|1770842100|1770842100,0.56,0.56,True,5087.39,5087.39,0.0,True,-1.0,-1.0,0.0,True,-262.64,-1.12,0.0,-263.76
D29_P4,444,MSZZC1|6:XAUUSD|1:5|1:1|1:1|66:BO|XAUUSD|5|0|L|1770838800|MSZZ|XAUUSD|5|0|1|1770837300|1770837300,0.05,0.05,True,5081.58,5081.58,0.0,True,-0.307772,-0.3077718065316307,0.0,True,-74.45,-0.1,0.0,-74.55
D29_P4,448,MSZZC1|6:XAUUSD|1:5|2:-1|1:1|67:BO|XAUUSD|5|0|S|1770846900|MSZZ|XAUUSD|5|0|-1|1770840600|1770840600,0.31,0.31,True,5090.0,5090.0,0.0,True,-1.0,-1.0,0.0,True,-261.02,-0.62,0.0,-261.64
D29_P4,450,MSZZC1|6:XAUUSD|1:5|1:1|1:1|66:BO|XAUUSD|5|0|L|1770858000|MSZZ|XAUUSD|5|0|1|1770853800|1770853800,0.05,0.05,True,5063.63,5063.63,0.0,True,-0.721422,-0.7214221422142164,0.0,True,-160.3,-0.1,0.0,-160.4
D29_P4,452,MSZZC1|6:XAUUSD|1:5|2:-1|1:1|67:BO|XAUUSD|5|0|S|1770858600|MSZZ|XAUUSD|5|0|-1|1770858300|1770858300,0.09,0.09,True,4984.52,4984.52,0.0,True,3.0,3.0,0.0,True,711.99,-0.18,0.0,711.81
D29_P4,455,MSZZC1|6:XAUUSD|1:5|2:-1|1:4|39:MSZZ|XAUUSD|5|0|1|1770929400|1770929700,0.2,0.2,True,4919.13,4919.13,0.0,True,2.0,1.9999999999998603,0.0,True,521.2,-0.4,0.0,520.8
D29_P4,457,MSZZC1|6:XAUUSD|1:5|2:-1|1:4|39:MSZZ|XAUUSD|5|0|1|1770948300|1770948300,0.4,0.4,True,4928.88,4928.88,0.0,True,2.0,1.9999999999998614,0.0,True,524.8,-0.8,0.0,524.0
D29_P4,454,MSZZC1|6:XAUUSD|1:5|1:1|1:1|66:BO|XAUUSD|5|0|L|1770924000|MSZZ|XAUUSD|5|0|1|1770921600|1770921900,0.02,0.02,True,5015.17,5015.17,0.0,True,0.341112,0.34111192991074935,0.0,True,83.32,-0.04,-3.68,79.6
D29_P4,461,MSZZC1|6:XAUUSD|1:5|1:1|1:4|40:MSZZ|XAUUSD|5|0|-1|1771216500|1771216500,0.41,0.41,True,4996.18,4996.179999999999,0.0,True,-1.0,-1.0000000000001428,0.0,True,-261.17,-0.82,0.0,-261.99
D29_P4,460,MSZZC1|6:XAUUSD|1:5|2:-1|1:1|67:BO|XAUUSD|5|0|S|1771203600|MSZZ|XAUUSD|5|0|-1|1770934800|1770934800,0.07,0.07,True,4904.89,4904.89,0.0,True,3.0,2.999999999999975,0.0,True,771.96,-0.14,1.61,773.43
D29_P4,464,MSZZC1|6:XAUUSD|1:5|2:-1|1:1|67:BO|XAUUSD|5|0|S|1771526700|MSZZ|XAUUSD|5|0|-1|1770912000|1770912000,0.14,0.14,True,5022.49,5022.49,0.0,True,-1.0,-1.0,0.0,True,-259.7,-0.28,3.22,-256.76
D29_P4,466,MSZZC1|6:XAUUSD|1:5|1:1|1:4|40:MSZZ|XAUUSD|5|0|-1|1771606800|1771606800,0.18,0.18,True,5051.51,5051.51,0.0,True,2.0,2.0000000000000635,0.0,True,515.52,-0.36,0.0,515.16
D29_P4,468,MSZZC1|6:XAUUSD|1:5|2:-1|1:4|39:MSZZ|XAUUSD|5|0|1|1771605000|1771605000,0.48,0.48,True,5056.76,5056.76,0.0,True,-1.0,-1.0,0.0,True,-264.96,-0.96,0.0,-265.92
D29_P4,470,MSZZC1|6:XAUUSD|1:5|2:-1|1:1|67:BO|XAUUSD|5|0|S|1772544300|MSZZ|XAUUSD|5|0|-1|1772543100|1772543100,0.04,0.04,True,5180.54,5180.54,0.0,True,-1.0,-1.0,0.0,True,-215.44,-0.08,0.0,-215.52
D29_P4,472,MSZZC1|6:XAUUSD|1:5|1:1|1:1|66:BO|XAUUSD|5|0|L|1772549700|MSZZ|XAUUSD|5|0|1|1772200500|1772200500,0.04,0.04,True,5159.75,5159.75,0.0,True,-1.0,-1.0,0.0,True,-258.84,-0.08,0.0,-258.92
D29_P4,474,MSZZC1|6:XAUUSD|1:5|2:-1|1:1|67:BO|XAUUSD|5|0|S|1772550300|MSZZ|XAUUSD|5|0|-1|1772543100|1772543100,0.09,0.09,True,5180.54,5180.54,0.0,True,-1.0,-1.0,0.0,True,-251.82,-0.18,0.0,-252.0
D29_P4,476,MSZZC1|6:XAUUSD|1:5|2:-1|1:1|67:BO|XAUUSD|5|0|S|1772552100|MSZZ|XAUUSD|5|0|-1|1772543100|1772543100,0.11,0.11,True,5090.66,5090.66,0.0,True,3.0,2.9999999999999596,0.0,True,741.51,-0.22,0.0,741.29
D29_P4,478,MSZZC1|6:XAUUSD|1:5|2:-1|1:1|67:BO|XAUUSD|5|0|S|1772594700|MSZZ|XAUUSD|5|0|-1|1772543100|1772543100,0.07,0.07,True,5180.54,5180.54,0.0,True,-1.0,-1.0,0.0,True,-239.89,-0.14,0.0,-240.03
D29_P4,480,MSZZC1|6:XAUUSD|1:5|2:-1|1:1|67:BO|XAUUSD|5|0|S|1772600100|MSZZ|XAUUSD|5|0|-1|1772543100|1772543100,0.11,0.11,True,5180.54,5180.540000000001,0.0,True,-1.0,-1.0000000000000377,0.0,True,-265.21,-0.22,0.0,-265.43
D29_P4,482,MSZZC1|6:XAUUSD|1:5|2:-1|1:1|67:BO|XAUUSD|5|0|S|1772606700|MSZZ|XAUUSD|5|0|-1|1772543100|1772543100,0.1,0.1,True,5180.54,5180.539999999999,0.0,True,-1.0,-0.9999999999999639,0.0,True,-252.0,-0.2,0.0,-252.2
D29_P4,484,MSZZC1|6:XAUUSD|1:5|2:-1|1:1|67:BO|XAUUSD|5|0|S|1772642700|MSZZ|XAUUSD|5|0|-1|1772543100|1772543100,0.1,0.1,True,5181.03,5181.029999999999,0.0,True,-1.0,-0.9999999999999643,0.0,True,-254.2,-0.2,2.3,-252.1
D29_P4,486,MSZZC1|6:XAUUSD|1:5|2:-1|1:1|67:BO|XAUUSD|5|0|S|1772697300|MSZZ|XAUUSD|5|0|-1|1772543100|1772543100,0.08,0.08,True,5181.03,5181.03,0.0,True,-1.0,-1.0,0.0,True,-258.08,-0.16,0.0,-258.24
D29_P4,488,MSZZC1|6:XAUUSD|1:5|2:-1|1:1|67:BO|XAUUSD|5|0|S|1772712000|MSZZ|XAUUSD|5|0|-1|1772543100|1772543100,0.08,0.08,True,5057.19,5057.19,0.0,True,3.0,3.0,0.0,True,743.04,-0.16,0.0,742.88
D29_P4,490,MSZZC1|6:XAUUSD|1:5|2:-1|1:1|67:BO|XAUUSD|5|0|S|1772819100|MSZZ|XAUUSD|5|0|-1|1772543100|1772543100,0.07,0.07,True,5181.03,5181.03,0.0,True,-1.0,-1.0,0.0,True,-239.33,-0.14,4.83,-234.64
D29_P4,492,MSZZC1|6:XAUUSD|1:5|1:1|1:1|66:BO|XAUUSD|5|0|L|1773312000|MSZZ|XAUUSD|5|0|1|1773208200|1773208200,0.04,0.04,True,5124.05,5124.05,0.0,True,-1.0,-1.0,0.0,True,-220.08,-0.08,0.0,-220.16
D29_P4,495,MSZZC1|6:XAUUSD|1:5|2:-1|1:4|39:MSZZ|XAUUSD|5|0|1|1773359100|1773359100,0.21,0.21,True,5090.47,5090.47,0.0,True,-1.0,-1.0,0.0,True,-264.39,-0.42,0.0,-264.81
D29_P4,494,MSZZC1|6:XAUUSD|1:5|1:1|1:1|66:BO|XAUUSD|5|0|L|1773363600|MSZZ|XAUUSD|5|0|1|1773359100|1773359100,0.08,0.08,True,5085.36,5085.36,0.0,True,0.030743,0.030743243243238894,0.0,True,7.28,-0.16,0.0,7.12
D29_P4,498,MSZZC1|6:XAUUSD|1:5|2:-1|1:1|67:BO|XAUUSD|5|0|S|1773405600|MSZZ|XAUUSD|5|0|-1|1773404400|1773404700,0.22,0.22,True,5097.03,5097.03,0.0,True,-1.0,-1.0,0.0,True,-256.74,-0.44,0.0,-257.18
D29_P4,500,MSZZC1|6:XAUUSD|1:5|2:-1|1:1|67:BO|XAUUSD|5|0|S|1773423600|MSZZ|XAUUSD|5|0|-1|1773422100|1773422100,0.09,0.09,True,4993.59,4993.59,0.0,True,3.0,3.0000000000000635,0.0,True,771.12,-0.18,6.21,777.15
D29_P4,502,MSZZC1|6:XAUUSD|1:5|2:-1|1:1|67:BO|XAUUSD|5|0|S|1773752700|MSZZ|XAUUSD|5|0|-1|1773210000|1773210000,0.01,0.01,True,4449.76,4449.76,0.0,True,3.0,2.999999999999995,0.0,True,552.39,-0.02,1.38,553.75
D29_P4,504,MSZZC1|6:XAUUSD|1:5|2:-1|1:4|39:MSZZ|XAUUSD|5|0|1|1774849200|1774849200,0.33,0.33,True,4504.05,4504.05,0.0,True,-1.0,-1.0,0.0,True,-263.67,-0.66,0.0,-264.33
D29_P4,505,MSZZC1|6:XAUUSD|1:5|1:1|1:1|66:BO|XAUUSD|5|0|L|1774855200|MSZZ|XAUUSD|5|0|1|1774849200|1774849200,0.04,0.04,True,4685.88,4685.88,0.0,True,3.0,2.999999999999986,0.0,True,766.2,-0.08,-1.84,764.28
D29_P4,508,MSZZC1|6:XAUUSD|1:5|1:1|1:1|66:BO|XAUUSD|5|0|L|1775583000|MSZZ|XAUUSD|5|0|1|1775582400|1775582400,0.02,0.02,True,4769.98,4769.98,0.0,True,1.125544,1.1255440564851587,0.0,True,232.74,-0.04,-1.84,230.86
D29_P4,511,MSZZC1|6:XAUUSD|1:5|1:1|1:4|40:MSZZ|XAUUSD|5|0|-1|1775773800|1775773800,0.85,0.85,True,4769.08,4769.08,0.0,True,-1.0,-1.0,0.0,True,-266.9,-1.7,0.0,-268.6
D29_P4,510,MSZZC1|6:XAUUSD|1:5|2:-1|1:1|67:BO|XAUUSD|5|0|S|1775774700|MSZZ|XAUUSD|5|0|-1|1775773800|1775773800,0.09,0.09,True,4684.78,4684.78,0.0,True,3.0,2.999999999999936,0.0,True,766.8,-0.18,8.28,774.9
D29_P4,514,MSZZC1|6:XAUUSD|1:5|1:1|1:4|40:MSZZ|XAUUSD|5|0|-1|1776242100|1776242100,0.84,0.84,True,4812.16,4812.16,0.0,True,-1.0,-1.0,0.0,True,-268.8,-1.68,0.0,-270.48
D29_P4,516,MSZZC1|6:XAUUSD|1:5|1:1|1:1|66:BO|XAUUSD|5|0|L|1776264600|MSZZ|XAUUSD|5|0|1|1776183600|1776183900,0.11,0.11,True,4790.52,4790.52,0.0,True,-1.0,-1.0,0.0,True,-262.68,-0.22,0.0,-262.9
D29_P4,518,MSZZC1|6:XAUUSD|1:5|1:1|1:1|66:BO|XAUUSD|5|0|L|1776302400|MSZZ|XAUUSD|5|0|1|1776301200|1776301200,0.2,0.2,True,4787.51,4787.51,0.0,True,-1.0,-1.0,0.0,True,-266.8,-0.4,0.0,-267.2
D29_P4,520,MSZZC1|6:XAUUSD|1:5|1:1|1:4|40:MSZZ|XAUUSD|5|0|-1|1776367800|1776367800,0.5,0.5,True,4797.89,4797.89,0.0,True,2.0,2.0000000000001705,0.0,True,533.0,-1.0,0.0,532.0
D29_P4,522,MSZZC1|6:XAUUSD|1:5|1:1|1:4|40:MSZZ|XAUUSD|5|0|-1|1776358200|1776358200,0.44,0.44,True,4786.26,4786.26,0.0,True,-1.0,-1.0,0.0,True,-269.28,-0.88,0.0,-270.16
D29_P4,524,MSZZC1|6:XAUUSD|1:5|1:1|1:4|40:MSZZ|XAUUSD|5|0|-1|1776416400|1776416400,0.37,0.37,True,4784.67,4784.67,0.0,True,-1.0,-1.0,0.0,True,-265.29,-0.74,0.0,-266.03
D29_P4,526,MSZZC1|6:XAUUSD|1:5|1:1|1:4|40:MSZZ|XAUUSD|5|0|-1|1776652200|1776652200,0.1,0.1,True,4787.05,4787.05,0.0,True,-0.032,-0.032000000000005545,0.0,True,-8.4,-0.2,0.0,-8.6
D29_P4,528,MSZZC1|6:XAUUSD|1:5|2:-1|1:4|39:MSZZ|XAUUSD|5|0|1|1776657900|1776657900,0.57,0.57,True,4791.7,4791.7,0.0,True,-1.0,-1.0,0.0,True,-265.05,-1.14,0.0,-266.19
D29_P4,530,MSZZC1|6:XAUUSD|1:5|2:-1|1:4|39:MSZZ|XAUUSD|5|0|1|1776696000|1776696000,0.77,0.77,True,4787.57,4787.57,0.0,True,2.0,1.9999999999997355,0.0,True,529.76,-1.54,0.0,528.22
D29_P4,532,MSZZC1|6:XAUUSD|1:5|2:-1|1:1|67:BO|XAUUSD|5|0|S|1776759900|MSZZ|XAUUSD|5|0|-1|1776756600|1776756600,2.54,2.54,True,4788.62,4788.62,0.0,True,-1.0,-1.0,0.0,True,-269.24,-5.08,0.0,-274.32
D29_P4,534,MSZZC1|6:XAUUSD|1:5|2:-1|1:1|67:BO|XAUUSD|5|0|S|1776762900|MSZZ|XAUUSD|5|0|-1|1776761400|1776761400,0.33,0.33,True,4788.62,4788.62,0.0,True,-1.0,-1.0,0.0,True,-266.97,-0.66,0.0,-267.63
D29_P4,536,MSZZC1|6:XAUUSD|1:5|1:1|1:1|66:BO|XAUUSD|5|0|L|1776789600|MSZZ|XAUUSD|5|0|1|1776789300|1776789300,0.11,0.11,True,4766.29,4766.290000000001,0.0,True,-1.0,-0.9999999999999604,0.0,True,-252.45,-0.22,0.0,-252.67
D29_P4,539,MSZZC1|6:XAUUSD|1:5|1:1|1:4|40:MSZZ|XAUUSD|5|0|-1|1776792600|1776792600,0.66,0.66,True,4759.24,4759.24,0.0,True,-1.0,-1.0,0.0,True,-266.64,-1.32,0.0,-267.96
D29_P4,538,MSZZC1|6:XAUUSD|1:5|2:-1|1:1|67:BO|XAUUSD|5|0|S|1776792900|MSZZ|XAUUSD|5|0|-1|1776792600|1776792600,0.08,0.08,True,4662.18,4662.18,0.0,True,3.0,2.9999999999999725,0.0,True,792.24,-0.16,5.52,797.6
D29_P4,543,MSZZC1|6:XAUUSD|1:5|1:1|1:4|40:MSZZ|XAUUSD|5|0|-1|1778019300|1778019300,1.39,1.39,True,4559.88,4559.88,0.0,True,2.0,1.9999999999995288,0.0,True,536.54,-2.78,0.0,533.76
D29_P4,545,MSZZC1|6:XAUUSD|1:5|1:1|1:4|40:MSZZ|XAUUSD|5|0|-1|1778025000|1778025300,0.23,0.23,True,4582.12,4582.12,0.0,True,2.0,1.9999999999999214,0.0,True,531.76,-0.46,0.0,531.3
D29_P4,542,MSZZC1|6:XAUUSD|1:5|2:-1|1:1|67:BO|XAUUSD|5|0|S|1777365300|MSZZ|XAUUSD|5|0|-1|1776744000|1776744000,0.02,0.02,True,4730.22,4730.22,0.0,True,-1.0,-1.0,0.0,True,-184.48,-0.04,4.14,-180.38
D29_P4,548,MSZZC1|6:XAUUSD|1:5|1:1|1:1|66:BO|XAUUSD|5|0|L|1778612400|MSZZ|XAUUSD|5|0|1|1778033400|1778033400,0.02,0.02,True,4704.08,4704.08,0.0,True,0.314131,0.3141306417825142,0.0,True,65.98,-0.04,-0.92,65.02
D29_P4,550,MSZZC1|6:XAUUSD|1:5|2:-1|1:1|67:BO|XAUUSD|5|0|S|1778700600|MSZZ|XAUUSD|5|0|-1|1778644800|1778644800,0.49,0.49,True,4687.58,4687.58,0.0,True,3.0,3.0,0.0,True,808.5,-0.98,0.0,807.52
D29_P4,552,MSZZC1|6:XAUUSD|1:5|2:-1|1:1|67:BO|XAUUSD|5|0|S|1778731200|MSZZ|XAUUSD|5|0|-1|1778644800|1778644800,0.32,0.32,True,4673.05,4673.05,0.0,True,3.0,3.000000000000107,0.0,True,815.04,-0.64,0.0,814.4
D29_P4,554,MSZZC1|6:XAUUSD|1:5|2:-1|1:1|67:BO|XAUUSD|5|0|S|1778745300|MSZZ|XAUUSD|5|0|-1|1778644800|1778644800,0.57,0.57,True,4688.07,4688.07,0.0,True,3.0,2.999999999999811,0.0,True,822.51,-1.14,0.0,821.37
D29_P4,556,MSZZC1|6:XAUUSD|1:5|2:-1|1:1|67:BO|XAUUSD|5|0|S|1778756100|MSZZ|XAUUSD|5|0|-1|1778755800|1778755800,0.1,0.1,True,4695.72,4695.72,0.0,True,-0.09918,-0.09918000780944929,0.0,True,-25.4,-0.2,0.0,-25.6
D29_P4,558,MSZZC1|6:XAUUSD|1:5|1:1|1:1|66:BO|XAUUSD|5|0|L|1778762400|MSZZ|XAUUSD|5|0|1|1778758500|1778758800,0.58,0.58,True,4691.0,4691.0,0.0,True,-1.0,-1.0,0.0,True,-273.76,-1.16,0.0,-274.92
D29_P4,560,MSZZC1|6:XAUUSD|1:5|1:1|1:1|66:BO|XAUUSD|5|0|L|1778771400|MSZZ|XAUUSD|5|0|1|1778769900|1778769900,0.19,0.19,True,4697.44,4697.44,0.0,True,-0.451456,-0.4514563106796245,0.0,True,-123.69,-0.38,0.0,-124.07
D29_P4,562,MSZZC1|6:XAUUSD|1:5|2:-1|1:1|67:BO|XAUUSD|5|0|S|1778774400|MSZZ|XAUUSD|5|0|-1|1778773200|1778773200,0.37,0.37,True,4704.85,4704.85,0.0,True,-1.0,-1.0,0.0,True,-274.17,-0.74,0.0,-274.91
D29_P4,564,MSZZC1|6:XAUUSD|1:5|2:-1|1:1|67:BO|XAUUSD|5|0|S|1778775900|MSZZ|XAUUSD|5|0|-1|1778775300|1778775300,0.16,0.16,True,4639.53,4639.53,0.0,True,3.0,3.0000000000000555,0.0,True,783.84,-0.32,3.68,787.2
D29_P4,566,MSZZC1|6:XAUUSD|1:5|1:1|1:4|40:MSZZ|XAUUSD|5|0|-1|1779467700|1779467700,0.46,0.46,True,4513.5,4513.5,0.0,True,-1.0,-1.0,0.0,True,-274.16,-0.92,0.0,-275.08
D29_P4,567,MSZZC1|6:XAUUSD|1:5|2:-1|1:1|67:BO|XAUUSD|5|0|S|1779478500|MSZZ|XAUUSD|5|0|-1|1779467700|1779467700,0.38,0.38,True,4526.76,4526.76,0.0,True,-1.0,-1.0,0.0,True,-273.6,-0.76,0.0,-274.36
D29_P4,570,MSZZC1|6:XAUUSD|1:5|2:-1|1:4|39:MSZZ|XAUUSD|5|0|1|1779480600|1779480900,0.35,0.35,True,4504.46,4504.46,0.0,True,2.0,2.0000000000001164,0.0,True,547.4,-0.7,0.0,546.7
D29_P4,572,MSZZC1|6:XAUUSD|1:5|2:-1|1:1|67:BO|XAUUSD|5|0|S|1779489900|MSZZ|XAUUSD|5|0|-1|1779487200|1779487200,0.22,0.22,True,4520.31,4520.31,0.0,True,-1.0,-1.0,0.0,True,-273.46,-0.44,15.18,-258.72
D29_P4,574,MSZZC1|6:XAUUSD|1:5|1:1|1:1|66:BO|XAUUSD|5|0|L|1779671100|MSZZ|XAUUSD|5|0|1|1779670800|1779670800,0.05,0.05,True,4504.24,4504.24,0.0,True,-1.0,-1.0,0.0,True,-252.9,-0.1,-2.3,-255.3
D29_P4,576,MSZZC1|6:XAUUSD|1:5|2:-1|1:1|67:BO|XAUUSD|5|0|S|1779815400|MSZZ|XAUUSD|5|0|-1|1779814200|1779814200,0.13,0.13,True,4531.34,4531.34,0.0,True,-1.0,-1.0,0.0,True,-264.81,-0.26,2.99,-262.08
D29_P4,578,MSZZC1|6:XAUUSD|1:5|2:-1|1:4|39:MSZZ|XAUUSD|5|0|1|1779297300|1779297300,0.46,0.46,True,4506.15,4506.15,0.0,True,-1.0,-1.0,0.0,True,-272.32,-0.92,0.0,-273.24
D29_P4,580,MSZZC1|6:XAUUSD|1:5|2:-1|1:1|67:BO|XAUUSD|5|0|S|1779873300|MSZZ|XAUUSD|5|0|-1|1779871200|1779871200,0.13,0.13,True,4426.52,4426.52,0.0,True,3.0,3.0000000000000435,0.0,True,818.22,-0.26,0.0,817.96
D29_P4,582,MSZZC1|6:XAUUSD|1:5|1:1|1:1|66:BO|XAUUSD|5|0|L|1779997200|MSZZ|XAUUSD|5|0|1|1779996000|1779996000,1.59,1.59,True,4509.6,4509.6,0.0,True,3.0,3.0000000000005227,0.0,True,829.98,-3.18,0.0,826.8
D29_P4,585,MSZZC1|6:XAUUSD|1:5|1:1|1:1|66:BO|XAUUSD|5|0|L|1780005000|MSZZ|XAUUSD|5|0|1|1779996000|1779996000,4.88,4.88,True,4502.64,4502.64,0.0,True,-1.0,-1.0,0.0,True,-278.16,-9.76,0.0,-287.92
D29_P4,584,MSZZC1|6:XAUUSD|1:5|2:-1|1:4|39:MSZZ|XAUUSD|5|0|1|1779996000|1779996000,0.63,0.63,True,4497.53,4497.53,0.0,True,1.04328,1.043280182232252,0.0,True,288.54,-1.26,14.49,301.77
D29_P4,588,MSZZC1|6:XAUUSD|1:5|1:1|1:4|40:MSZZ|XAUUSD|5|0|-1|1780012500|1780012500,0.64,0.64,True,4493.23,4493.23,0.0,True,-1.0,-1.0,0.0,True,-275.2,-1.28,0.0,-276.48
D29_P4,590,MSZZC1|6:XAUUSD|1:5|2:-1|1:1|67:BO|XAUUSD|5|0|S|1780016700|MSZZ|XAUUSD|5|0|-1|1780012500|1780012500,0.16,0.16,True,4509.13,4509.13,0.0,True,-0.921744,-0.9217443249701608,0.0,True,-246.88,-0.32,0.0,-247.2
D29_P4,592,MSZZC1|6:XAUUSD|1:5|1:1|1:1|66:BO|XAUUSD|5|0|L|1780027500|MSZZ|XAUUSD|5|0|1|1780027200|1780027200,0.42,0.42,True,4502.64,4502.64,0.0,True,-1.0,-1.0,0.0,True,-272.58,-0.84,0.0,-273.42
D29_P4,594,MSZZC1|6:XAUUSD|1:5|1:1|1:1|66:BO|XAUUSD|5|0|L|1780030800|MSZZ|XAUUSD|5|0|1|1780027200|1780027200,0.33,0.33,True,4502.64,4502.64,0.0,True,-1.0,-1.0,0.0,True,-268.95,-0.66,0.0,-269.61
D29_P4,596,MSZZC1|6:XAUUSD|1:5|1:1|1:1|66:BO|XAUUSD|5|0|L|1780077600|MSZZ|XAUUSD|5|0|1|1780027200|1780027200,0.05,0.05,True,4525.29,4525.29,0.0,True,-1.0,-1.0,0.0,True,-265.15,-0.1,-6.9,-272.15
D29_P4,598,MSZZC1|6:XAUUSD|1:5|1:1|1:4|40:MSZZ|XAUUSD|5|0|-1|1780025700|1780026000,0.25,0.25,True,4497.3,4497.3,0.0,True,-0.380204,-0.3802035152636324,0.0,True,-102.75,-0.5,0.0,-103.25
D29_P4,600,MSZZC1|6:XAUUSD|1:5|2:-1|1:4|39:MSZZ|XAUUSD|5|0|1|1780314000|1780314000,0.52,0.52,True,4502.52,4502.52,0.0,True,-1.0,-1.0,0.0,True,-271.44,-1.04,0.0,-272.48
D29_P4,603,MSZZC1|6:XAUUSD|1:5|1:1|1:4|40:MSZZ|XAUUSD|5|0|-1|1780418100|1780418400,0.52,0.52,True,4501.62,4501.62,0.0,True,-1.0,-1.0,0.0,True,-270.92,-1.04,0.0,-271.96
D29_P4,602,MSZZC1|6:XAUUSD|1:5|2:-1|1:1|67:BO|XAUUSD|5|0|S|1780419000|MSZZ|XAUUSD|5|0|-1|1780418100|1780418400,0.1,0.1,True,4425.27,4425.27,0.0,True,3.0,2.9999999999999654,0.0,True,792.6,-0.2,4.6,797.0
D29_P4,606,MSZZC1|6:XAUUSD|1:5|1:1|1:1|66:BO|XAUUSD|5|0|L|1780540800|MSZZ|XAUUSD|5|0|1|1780538100|1780538100,0.08,0.08,True,4423.03,4423.03,0.0,True,-1.0,-1.0,0.0,True,-246.24,-0.16,-3.68,-250.08
D29_P4,608,MSZZC1|6:XAUUSD|1:5|2:-1|1:1|67:BO|XAUUSD|5|0|S|1780971900|MSZZ|XAUUSD|5|0|-1|1780623900|1780623900,0.01,0.01,True,4326.73,4326.73,0.0,True,-0.038742,-0.03874217085297326,0.0,True,-6.0,-0.02,1.38,-4.64
D29_P4,611,MSZZC1|6:XAUUSD|1:5|2:-1|1:4|39:MSZZ|XAUUSD|5|0|1|1781499600|1781499600,0.36,0.36,True,4331.21,4331.21,0.0,True,-1.0,-1.0,0.0,True,-271.08,-0.72,0.0,-271.8
D29_P4,610,MSZZC1|6:XAUUSD|1:5|1:1|1:1|66:BO|XAUUSD|5|0|L|1781500200|MSZZ|XAUUSD|5|0|1|1781499600|1781499600,0.03,0.03,True,4237.77,4237.77,0.0,True,-1.0,-1.0,0.0,True,-266.88,-0.06,-2.76,-269.7
D29_P4,615,MSZZC1|6:XAUUSD|1:5|2:-1|1:4|39:MSZZ|XAUUSD|5|0|1|1781884200|1781884200,0.22,0.22,True,4181.59,4181.59,0.0,True,-1.0,-1.0,0.0,True,-272.14,-0.44,0.0,-272.58
D29_P4,614,MSZZC1|6:XAUUSD|1:5|1:1|1:1|66:BO|XAUUSD|5|0|L|1781884500|MSZZ|XAUUSD|5|0|1|1781884200|1781884200,0.08,0.08,True,4156.9,4156.9,0.0,True,-0.701842,-0.701842023103361,0.0,True,-179.84,-0.16,0.0,-180.0
D29_P4,618,MSZZC1|6:XAUUSD|1:5|2:-1|1:1|67:BO|XAUUSD|5|0|S|1781887500|MSZZ|XAUUSD|5|0|-1|1781869800|1781870400,0.11,0.11,True,4151.47,4151.47,0.0,True,0.219927,0.21992709599024987,0.0,True,59.73,-0.22,0.0,59.51
D29_P4,620,MSZZC1|6:XAUUSD|1:5|1:1|1:1|66:BO|XAUUSD|5|0|L|1781892900|MSZZ|XAUUSD|5|0|1|1781892000|1781892000,0.3,0.3,True,4147.29,4147.29,0.0,True,-0.461369,-0.4613686534216453,0.0,True,-125.4,-0.6,0.0,-126.0
D29_P4,621,MSZZC1|6:XAUUSD|1:5|2:-1|1:4|39:MSZZ|XAUUSD|5|0|1|1781892000|1781892000,0.99,0.99,True,4145.99,4145.99,0.0,True,2.0,1.999999999999667,0.0,True,540.54,-1.98,0.0,538.56
D29_P4,624,MSZZC1|6:XAUUSD|1:5|1:1|1:4|40:MSZZ|XAUUSD|5|0|-1|1781845500|1781845500,0.1,0.1,True,4184.36,4184.36,0.0,True,-0.638103,-0.6381025248661087,0.0,True,-166.8,-0.2,0.0,-167.0
D29_P4,626,MSZZC1|6:XAUUSD|1:5|2:-1|1:4|39:MSZZ|XAUUSD|5|0|1|1782100200|1782100200,0.25,0.25,True,4195.01,4195.01,0.0,True,-1.0,-1.0,0.0,True,-266.25,-0.5,0.0,-266.75
D29_P4,629,MSZZC1|6:XAUUSD|1:5|1:1|1:4|40:MSZZ|XAUUSD|5|0|-1|1782124200|1782124200,0.16,0.16,True,4192.2,4192.2,0.0,True,-1.0,-1.0,0.0,True,-263.2,-0.32,0.0,-263.52
D29_P4,628,MSZZC1|6:XAUUSD|1:5|2:-1|1:1|67:BO|XAUUSD|5|0|S|1782108900|MSZZ|XAUUSD|5|0|-1|1782108600|1782108600,0.02,0.02,True,4034.32,4034.32,0.0,True,1.0647,1.064700142610526,0.0,True,283.7,-0.04,4.14,287.8
D29_P4,632,MSZZC1|6:XAUUSD|1:5|1:1|1:1|66:BO|XAUUSD|5|0|L|1782917100|MSZZ|XAUUSD|5|0|1|1782916800|1782916800,0.45,0.45,True,4028.28,4028.28,0.0,True,-1.0,-1.0,0.0,True,-271.8,-0.9,0.0,-272.7
D29_P4,635,MSZZC1|6:XAUUSD|1:5|2:-1|1:4|39:MSZZ|XAUUSD|5|0|1|1782922500|1782922500,0.26,0.26,True,4039.63,4039.6300000000006,0.0,True,-1.0,-1.0000000000000446,0.0,True,-264.68,-0.52,5.98,-259.22
D29_P4,634,MSZZC1|6:XAUUSD|1:5|1:1|1:1|66:BO|XAUUSD|5|0|L|1782923100|MSZZ|XAUUSD|5|0|1|1782922800|1782922800,0.07,0.07,True,4149.23,4149.23,0.0,True,3.0,3.0,0.0,True,715.68,-0.14,-6.44,709.1
D29_P4,639,MSZZC1|6:XAUUSD|1:5|2:-1|1:4|39:MSZZ|XAUUSD|5|0|1|1783659900|1783659900,0.57,0.57,True,4113.56,4113.56,0.0,True,2.0,2.0,0.0,True,541.5,-1.14,0.0,540.36
D29_P4,638,MSZZC1|6:XAUUSD|1:5|1:1|1:1|66:BO|XAUUSD|5|0|L|1783586100|MSZZ|XAUUSD|5|0|1|1783584600|1783584600,0.05,0.05,True,4021.81,4021.8100000000004,0.0,True,-1.0,-0.9999999999999917,0.0,True,-271.3,-0.1,-9.2,-280.6
D29_P4,643,MSZZC1|6:XAUUSD|1:5|1:1|1:4|40:MSZZ|XAUUSD|5|0|-1|1784142900|1784142900,0.34,0.34,True,4051.57,4051.57,0.0,True,2.0,2.0,0.0,True,541.28,-0.68,0.0,540.6
D29_P4,642,MSZZC1|6:XAUUSD|1:5|2:-1|1:1|67:BO|XAUUSD|5|0|S|1784059800|MSZZ|XAUUSD|5|0|-1|1783458900|1783459200,0.05,0.05,True,4055.04,4055.04,0.0,True,0.035406,0.035405872193434086,0.0,True,8.2,-0.1,1.15,9.25
D29_P4,646,MSZZC1|6:XAUUSD|1:5|1:1|1:1|66:BO|XAUUSD|5|0|L|1784147400|MSZZ|XAUUSD|5|0|1|1784147100|1784147100,0.09,0.09,True,4040.84,4040.8399999999997,0.0,True,-0.505518,-0.5055179779280954,0.0,True,-127.8,-0.18,-4.14,-132.12
D29_P4,649,MSZZC1|6:XAUUSD|1:5|1:1|1:4|40:MSZZ|XAUUSD|5|0|-1|1784178900|1784179200,0.36,0.36,True,4035.45,4035.45,0.0,True,0.48285,0.4828496042216213,0.0,True,131.76,-0.72,0.0,131.04
D29_P4,651,MSZZC1|6:XAUUSD|1:5|1:1|1:4|40:MSZZ|XAUUSD|5|0|-1|1784196600|1784196600,0.83,0.83,True,4032.97,4032.97,0.0,True,2.0,2.0,0.0,True,549.46,-1.66,0.0,547.8
D29_P4,653,MSZZC1|6:XAUUSD|1:5|1:1|1:4|40:MSZZ|XAUUSD|5|0|-1|1784204700|1784204700,1.79,1.79,True,4035.21,4035.21,0.0,True,2.0,1.9999999999997067,0.0,True,554.9,-3.58,0.0,551.32
D29_P4,655,MSZZC1|6:XAUUSD|1:5|1:1|1:4|40:MSZZ|XAUUSD|5|0|-1|1784209200|1784209200,0.17,0.17,True,4033.31,4033.3100000000004,0.0,True,-0.395639,-0.39563862928346183,0.0,True,-107.95,-0.34,0.0,-108.29
D29_P4,648,MSZZC1|6:XAUUSD|1:5|2:-1|1:1|67:BO|XAUUSD|5|0|S|1784175300|MSZZ|XAUUSD|5|0|-1|1784142900|1784142900,0.37,0.37,True,4018.79,4018.79,0.0,True,3.0,3.0000000000000617,0.0,True,815.85,-0.74,0.0,815.11
D29_P4,658,MSZZC1|6:XAUUSD|1:5|2:-1|1:1|67:BO|XAUUSD|5|0|S|1784216400|MSZZ|XAUUSD|5|0|-1|1784214900|1784214900,0.07,0.07,True,4027.63,4027.6300000000006,0.0,True,-0.628658,-0.62865792129164,0.0,True,-174.44,-0.14,8.05,-166.53
D29_P4,660,MSZZC1|6:XAUUSD|1:5|1:1|1:1|66:BO|XAUUSD|5|0|L|1784606700|MSZZ|XAUUSD|5|0|1|1784605800|1784606400,0.63,0.63,True,4023.23,4023.23,0.0,True,-1.0,-1.0,0.0,True,-277.2,-1.26,0.0,-278.46
SR3_PCT,2,MSZZC1|6:XAUUSD|1:5|2:-1|1:4|39:MSZZ|XAUUSD|5|0|1|1741108200|1741108500,0.46,0.46,True,2913.57,2913.57,0.0,True,-1.0,-1.0,0.0,True,-249.78,-0.92,0.0,-250.7
SR3_PCT,4,MSZZC1|6:XAUUSD|1:5|2:-1|1:4|39:MSZZ|XAUUSD|5|0|1|1741168500|1741168500,0.72,0.72,True,2909.45,2909.45,0.0,True,2.0,2.0,0.0,True,495.36,-1.44,0.0,493.92
SR3_PCT,6,MSZZC1|6:XAUUSD|1:5|1:1|1:4|40:MSZZ|XAUUSD|5|0|-1|1741177200|1741177200,2.45,2.45,True,2913.82,2913.82,0.0,True,-1.0,-1.0,0.0,True,-249.9,-4.9,0.0,-254.8
SR3_PCT,8,MSZZC1|6:XAUUSD|1:5|2:-1|1:4|39:MSZZ|XAUUSD|5|0|1|1741198500|1741198500,0.4,0.4,True,2920.135,2920.135,0.0,True,0.443627,0.44362745098034956,0.0,True,108.6,-0.8,0.0,107.8
SR3_PCT,11,MSZZC1|6:XAUUSD|1:5|1:1|1:4|40:MSZZ|XAUUSD|5|0|-1|1741200900|1741200900,1.61,1.61,True,2921.38,2921.38,0.0,True,-1.0,-1.0,0.0,True,-249.55,-3.22,0.0,-252.77
SR3_PCT,13,MSZZC1|6:XAUUSD|1:5|1:1|1:4|40:MSZZ|XAUUSD|5|0|-1|1741640400|1741640400,0.89,0.89,True,2898.42933,2898.4293258426965,0.0,True,1.54652,1.5465200873007383,0.0,True,382.64,-1.78,0.0,380.86
SR3_PCT,16,MSZZC1|6:XAUUSD|1:5|1:1|1:4|40:MSZZ|XAUUSD|5|0|-1|1741686300|1741686300,0.77,0.77,True,2895.64,2895.64,0.0,True,-0.101538,-0.10153846153843915,0.0,True,-25.41,-1.54,0.0,-26.95
SR3_PCT,18,MSZZC1|6:XAUUSD|1:5|2:-1|1:4|39:MSZZ|XAUUSD|5|0|1|1741674000|1741674000,0.73,0.73,True,2899.05,2899.05,0.0,True,-1.0,-1.0,0.0,True,-248.93,-1.46,0.0,-250.39
SR3_PCT,20,MSZZC1|6:XAUUSD|1:5|2:-1|1:4|39:MSZZ|XAUUSD|5|0|1|1741690500|1741690800,0.53,0.53,True,2900.72,2900.72,0.0,True,-0.408511,-0.40851063829780687,0.0,True,-101.76,-1.06,0.0,-102.82
SR3_PCT,22,MSZZC1|6:XAUUSD|1:5|1:1|1:4|40:MSZZ|XAUUSD|5|0|-1|1741691400|1741691400,0.92,0.92,True,2898.02,2898.02,0.0,True,-1.0,-1.0,0.0,True,-248.4,-1.84,0.0,-250.24
SR3_PCT,24,MSZZC1|6:XAUUSD|1:5|1:1|1:4|40:MSZZ|XAUUSD|5|0|-1|1741368000|1741368000,0.84,0.84,True,2926.17,2926.1699999999996,0.0,True,0.631757,0.6317567567565585,0.0,True,157.08,-1.68,0.0,155.4
SR3_PCT,27,MSZZC1|6:XAUUSD|1:5|2:-1|1:4|39:MSZZ|XAUUSD|5|0|1|1742583900|1742583900,2.96,2.96,True,3013.35,3013.35,0.0,True,2.0,2.0000000000010827,0.0,True,497.28,-5.92,0.0,491.36
SR3_PCT,29,MSZZC1|6:XAUUSD|1:5|1:1|1:4|40:MSZZ|XAUUSD|5|0|-1|1742898000|1742898000,1.39,1.39,True,3016.81338,3016.8133812949645,0.0,True,1.740767,1.7407673860917598,0.0,True,435.54,-2.78,0.0,432.76
SR3_PCT,32,MSZZC1|6:XAUUSD|1:5|2:-1|1:4|39:MSZZ|XAUUSD|5|0|1|1742901600|1742901600,1.1,1.1,True,3017.64,3017.6400000000003,0.0,True,-0.53304,-0.5330396475773131,0.0,True,-133.1,-2.2,0.0,-135.3
SR3_PCT,35,MSZZC1|6:XAUUSD|1:5|2:-1|1:4|39:MSZZ|XAUUSD|5|0|1|1742919000|1742919300,1.35,1.35,True,3021.08,3021.08,0.0,True,2.0,2.000000000000246,0.0,True,499.5,-2.7,0.0,496.8
SR3_PCT,37,MSZZC1|6:XAUUSD|1:5|1:1|1:4|40:MSZZ|XAUUSD|5|0|-1|1742926200|1742926200,0.4,0.4,True,3018.04,3018.04,0.0,True,-1.0,-1.0,0.0,True,-246.8,-0.8,0.0,-247.6
SR3_PCT,39,MSZZC1|6:XAUUSD|1:5|1:1|1:4|40:MSZZ|XAUUSD|5|0|-1|1742987400|1742987400,0.89,0.89,True,3026.88,3026.88,0.0,True,-1.0,-1.0,0.0,True,-249.2,-1.78,0.0,-250.98
SR3_PCT,41,MSZZC1|6:XAUUSD|1:5|1:1|1:4|40:MSZZ|XAUUSD|5|0|-1|1742457900|1742458200,0.35,0.35,True,3052.87,3052.8700000000003,0.0,True,-0.213389,-0.21338912133887444,0.0,True,-53.55,-0.7,0.0,-54.25
SR3_PCT,43,MSZZC1|6:XAUUSD|1:5|2:-1|1:4|39:MSZZ|XAUUSD|5|0|1|1743081900|1743081900,1.38,1.38,True,3052.545,3052.545,0.0,True,0.179558,0.17955801104962868,0.0,True,44.85,-2.76,0.0,42.09
SR3_PCT,46,MSZZC1|6:XAUUSD|1:5|2:-1|1:4|39:MSZZ|XAUUSD|5|0|1|1743081300|1743081300,0.59,0.59,True,3043.85508,3043.8550847457627,0.0,True,1.453989,1.4539894467539891,0.0,True,363.73,-1.18,0.0,362.55
SR3_PCT,49,MSZZC1|6:XAUUSD|1:5|1:1|1:4|40:MSZZ|XAUUSD|5|0|-1|1743091800|1743091800,0.27,0.27,True,3054.24222,3054.2422222222226,0.0,True,0.485646,0.48564564564568735,0.0,True,121.29,-0.54,0.0,120.75
SR3_PCT,52,MSZZC1|6:XAUUSD|1:5|2:-1|1:4|39:MSZZ|XAUUSD|5|0|1|1743768000|1743768000,0.08,0.08,True,3019.93,3019.93,0.0,True,1.658994,1.658993752055262,0.0,True,403.6,-0.16,2.76,406.2
SR3_PCT,55,MSZZC1|6:XAUUSD|1:5|2:-1|1:4|39:MSZZ|XAUUSD|5|0|1|1744255200|1744255200,0.34,0.34,True,3082.575,3082.5749999999994,0.0,True,1.463699,1.4636986301371582,0.0,True,363.29,-0.68,0.0,362.61
SR3_PCT,58,MSZZC1|6:XAUUSD|1:5|2:-1|1:4|39:MSZZ|XAUUSD|5|0|1|1744261800|1744261800,0.44,0.44,True,3114.01,3114.01,0.0,True,-0.447183,-0.44718309859160005,0.0,True,-111.76,-0.88,0.0,-112.64
SR3_PCT,60,MSZZC1|6:XAUUSD|1:5|1:1|1:4|40:MSZZ|XAUUSD|5|0|-1|1743777900|1743777900,0.09,0.09,True,3155.21444,3155.2144444444443,0.0,True,1.59831,1.5983104904749335,0.0,True,370.84,-0.18,0.0,370.66
SR3_PCT,63,MSZZC1|6:XAUUSD|1:5|1:1|1:4|40:MSZZ|XAUUSD|5|0|-1|1745511600|1745511600,0.36,0.36,True,3319.7,3319.7,0.0,True,-1.0,-1.0,0.0,True,-250.2,-0.72,0.0,-250.92
SR3_PCT,65,MSZZC1|6:XAUUSD|1:5|1:1|1:4|40:MSZZ|XAUUSD|5|0|-1|1745472900|1745472900,1.17,1.17,True,3342.63701,3342.6370085470085,0.0,True,1.62535,1.62534956083328,0.0,True,412.66,-2.34,0.0,410.32
SR3_PCT,68,MSZZC1|6:XAUUSD|1:5|2:-1|1:4|39:MSZZ|XAUUSD|5|0|1|1745550300|1745550300,1.08,1.08,True,3358.17,3358.17,0.0,True,-1.0,-1.0,0.0,True,-254.88,-2.16,0.0,-257.04
SR3_PCT,70,MSZZC1|6:XAUUSD|1:5|2:-1|1:4|39:MSZZ|XAUUSD|5|0|1|1745553900|1745553900,0.22,0.22,True,3334.025,3334.025,0.0,True,1.597235,1.597234611953585,0.0,True,393.91,-0.44,0.0,393.47
SR3_PCT,73,MSZZC1|6:XAUUSD|1:5|1:1|1:4|40:MSZZ|XAUUSD|5|0|-1|1746038400|1746038400,0.49,0.49,True,3306.52122,3306.521224489796,0.0,True,0.453726,0.4537256763171314,0.0,True,114.72,-0.98,0.0,113.74
SR3_PCT,76,MSZZC1|6:XAUUSD|1:5|1:1|1:4|40:MSZZ|XAUUSD|5|0|-1|1746053700|1746053700,0.2,0.2,True,3321.2,3321.2,0.0,True,1.49684,1.4968404423380754,0.0,True,379.0,-0.4,0.0,378.6
SR3_PCT,79,MSZZC1|6:XAUUSD|1:5|1:1|1:4|40:MSZZ|XAUUSD|5|0|-1|1747021200|1747021200,0.5,0.5,True,3272.19,3272.19,0.0,True,-1.0,-1.0,0.0,True,-257.0,-1.0,0.0,-258.0
SR3_PCT,81,MSZZC1|6:XAUUSD|1:5|2:-1|1:4|39:MSZZ|XAUUSD|5|0|1|1746417600|1746417600,0.25,0.25,True,3231.4712,3231.4712,0.0,True,1.499381,1.4993806193806614,0.0,True,375.22,-0.5,0.0,374.72
SR3_PCT,84,MSZZC1|6:XAUUSD|1:5|1:1|1:4|40:MSZZ|XAUUSD|5|0|-1|1747668000|1747668000,0.36,0.36,True,3244.96,3244.9599999999996,0.0,True,0.502865,0.5028653295128588,0.0,True,126.36,-0.72,0.0,125.64
SR3_PCT,87,MSZZC1|6:XAUUSD|1:5|1:1|1:4|40:MSZZ|XAUUSD|5|0|-1|1747191600|1747191600,0.08,0.08,True,3315.055,3315.0550000000003,0.0,True,1.484639,1.4846387575962365,0.0,True,351.8,-0.16,-5.52,346.12
SR3_PCT,90,MSZZC1|6:XAUUSD|1:5|1:1|1:4|40:MSZZ|XAUUSD|5|0|-1|1748412900|1748412900,0.2,0.2,True,3315.23,3315.23,0.0,True,0.494548,0.4945482866043487,0.0,True,127.0,-0.4,0.0,126.6
SR3_PCT,93,MSZZC1|6:XAUUSD|1:5|1:1|1:4|40:MSZZ|XAUUSD|5|0|-1|1748443500|1748443500,0.45,0.45,True,3304.64,3304.64,0.0,True,-1.0,-1.0,0.0,True,-253.35,-0.9,0.0,-254.25
SR3_PCT,95,MSZZC1|6:XAUUSD|1:5|1:1|1:4|40:MSZZ|XAUUSD|5|0|-1|1748448900|1748448900,0.37,0.37,True,3300.8,3300.8,0.0,True,-1.0,-1.0,0.0,True,-257.89,-0.74,0.0,-258.63
SR3_PCT,97,MSZZC1|6:XAUUSD|1:5|2:-1|1:4|39:MSZZ|XAUUSD|5|0|1|1748528700|1748528700,0.27,0.27,True,3297.14,3297.14,0.0,True,-0.081985,-0.08198489751885275,0.0,True,-20.52,-0.54,0.0,-21.06
SR3_PCT,99,MSZZC1|6:XAUUSD|1:5|1:1|1:4|40:MSZZ|XAUUSD|5|0|-1|1748586300|1748586300,1.15,1.15,True,3300.86643,3300.866434782609,0.0,True,1.671047,1.671046987717016,0.0,True,428.54,-2.3,0.0,426.24
SR3_PCT,102,MSZZC1|6:XAUUSD|1:5|2:-1|1:4|39:MSZZ|XAUUSD|5|0|1|1748594100|1748594100,0.34,0.34,True,3301.7,3301.7,0.0,True,-1.0,-1.0,0.0,True,-255.0,-0.68,0.0,-255.68
SR3_PCT,104,MSZZC1|6:XAUUSD|1:5|2:-1|1:4|39:MSZZ|XAUUSD|5|0|1|1748600700|1748601300,0.47,0.47,True,3299.26,3299.26,0.0,True,-1.0,-1.0,0.0,True,-255.68,-0.94,0.0,-256.62
SR3_PCT,106,MSZZC1|6:XAUUSD|1:5|2:-1|1:4|39:MSZZ|XAUUSD|5|0|1|1748607600|1748607900,0.73,0.73,True,3295.40904,3295.4090410958897,0.0,True,0.497402,0.4974019839396925,0.0,True,126.36,-1.46,0.0,124.9
SR3_PCT,109,MSZZC1|6:XAUUSD|1:5|2:-1|1:4|39:MSZZ|XAUUSD|5|0|1|1748616900|1748617200,0.36,0.36,True,3296.14,3296.1399999999994,0.0,True,-1.0,-0.999999999999935,0.0,True,-252.0,-0.72,0.0,-252.72
SR3_PCT,111,MSZZC1|6:XAUUSD|1:5|2:-1|1:4|39:MSZZ|XAUUSD|5|0|1|1748859000|1748859000,1.16,1.16,True,3349.43,3349.43,0.0,True,1.19457,1.1945701357467349,0.0,True,306.24,-2.32,0.0,303.92
SR3_PCT,114,MSZZC1|6:XAUUSD|1:5|2:-1|1:4|39:MSZZ|XAUUSD|5|0|1|1748826000|1748826000,0.67,0.67,True,3297.94,3297.9399999999996,0.0,True,2.0,2.0000000000001195,0.0,True,510.54,-1.34,0.0,509.2
SR3_PCT,116,MSZZC1|6:XAUUSD|1:5|1:1|1:4|40:MSZZ|XAUUSD|5|0|-1|1749444900|1749444900,0.9,0.9,True,3301.6,3301.6,0.0,True,1.794425,1.7944250871081138,0.0,True,463.5,-1.8,0.0,461.7
SR3_PCT,119,MSZZC1|6:XAUUSD|1:5|1:1|1:4|40:MSZZ|XAUUSD|5|0|-1|1749237900|1749237900,0.43,0.43,True,3319.98,3319.98,0.0,True,-1.0,-1.0,0.0,True,-257.57,-0.86,0.0,-258.43
SR3_PCT,121,MSZZC1|6:XAUUSD|1:5|1:1|1:4|40:MSZZ|XAUUSD|5|0|-1|1749223800|1749223800,0.55,0.55,True,3360.39309,3360.393090909091,0.0,True,1.499589,1.4995894428152057,0.0,True,383.52,-1.1,-25.3,357.12
SR3_PCT,124,MSZZC1|6:XAUUSD|1:5|1:1|1:4|40:MSZZ|XAUUSD|5|0|-1|1749693000|1749693000,0.77,0.77,True,3363.38,3363.38,0.0,True,-1.0,-1.0,0.0,True,-257.95,-1.54,0.0,-259.49
SR3_PCT,126,MSZZC1|6:XAUUSD|1:5|2:-1|1:4|39:MSZZ|XAUUSD|5|0|1|1749698700|1749698700,0.82,0.82,True,3367.42,3367.4199999999996,0.0,True,0.242038,0.24203821656055383,0.0,True,62.32,-1.64,0.0,60.68
SR3_PCT,129,MSZZC1|6:XAUUSD|1:5|1:1|1:4|40:MSZZ|XAUUSD|5|0|-1|1749719700|1749719700,0.83,0.83,True,3372.75735,3372.7573493975906,0.0,True,1.412612,1.412611986407318,0.0,True,365.81,-1.66,0.0,364.15
SR3_PCT,132,MSZZC1|6:XAUUSD|1:5|1:1|1:4|40:MSZZ|XAUUSD|5|0|-1|1749723300|1749723300,1.44,1.44,True,3368.32,3368.32,0.0,True,-1.0,-1.0,0.0,True,-260.64,-2.88,0.0,-263.52
SR3_PCT,134,MSZZC1|6:XAUUSD|1:5|2:-1|1:4|39:MSZZ|XAUUSD|5|0|1|1750363800|1750363800,0.34,0.34,True,3369.53,3369.5299999999997,0.0,True,-0.204027,-0.2040268456375254,0.0,True,-51.68,-0.68,0.0,-52.36
SR3_PCT,136,MSZZC1|6:XAUUSD|1:5|1:1|1:4|40:MSZZ|XAUUSD|5|0|-1|1750365000|1750365000,0.95,0.95,True,3366.8,3366.8,0.0,True,-1.0,-1.0,0.0,True,-259.35,-1.9,0.0,-261.25
SR3_PCT,138,MSZZC1|6:XAUUSD|1:5|1:1|1:4|40:MSZZ|XAUUSD|5|0|-1|1750939200|1750939200,1.31,1.31,True,3346.2229,3346.222900763358,0.0,True,0.798427,0.7984267834304147,0.0,True,206.05,-2.62,0.0,203.43
SR3_PCT,141,MSZZC1|6:XAUUSD|1:5|1:1|1:4|40:MSZZ|XAUUSD|5|0|-1|1750748400|1750748400,0.68,0.68,True,3348.08,3348.0800000000004,0.0,True,-1.0,-0.9999999999998794,0.0,True,-256.36,-1.36,0.0,-257.72
SR3_PCT,143,MSZZC1|6:XAUUSD|1:5|2:-1|1:4|39:MSZZ|XAUUSD|5|0|1|1751383200|1751383200,0.77,0.77,True,3357.93,3357.93,0.0,True,-1.0,-1.0,0.0,True,-256.41,-1.54,0.0,-257.95
SR3_PCT,145,MSZZC1|6:XAUUSD|1:5|2:-1|1:4|39:MSZZ|XAUUSD|5|0|1|1751381700|1751382300,0.45,0.45,True,3352.55,3352.55,0.0,True,-1.0,-1.0,0.0,True,-256.05,-0.9,0.0,-256.95
SR3_PCT,147,MSZZC1|6:XAUUSD|1:5|2:-1|1:4|39:MSZZ|XAUUSD|5|0|1|1751457900|1751457900,0.3,0.3,True,3344.1,3344.1,0.0,True,-1.0,-1.0,0.0,True,-253.5,-0.6,0.0,-254.1
SR3_PCT,149,MSZZC1|6:XAUUSD|1:5|1:1|1:4|40:MSZZ|XAUUSD|5|0|-1|1751970000|1751970000,1.71,1.71,True,3333.48,3333.48,0.0,True,-1.0,-1.0,0.0,True,-256.5,-3.42,0.0,-259.92
SR3_PCT,151,MSZZC1|6:XAUUSD|1:5|2:-1|1:4|39:MSZZ|XAUUSD|5|0|1|1752224700|1752224700,0.71,0.71,True,3334.27423,3334.274225352112,0.0,True,0.372791,0.3727907611877964,0.0,True,95.55,-1.42,0.0,94.13
SR3_PCT,154,MSZZC1|6:XAUUSD|1:5|1:1|1:4|40:MSZZ|XAUUSD|5|0|-1|1752597000|1752597000,0.53,0.53,True,3348.17679,3348.1767924528303,0.0,True,1.708534,1.708533985947653,0.0,True,432.84,-1.06,0.0,431.78
SR3_PCT,157,MSZZC1|6:XAUUSD|1:5|1:1|1:4|40:MSZZ|XAUUSD|5|0|-1|1752604200|1752604200,3.14,3.14,True,3327.685,3327.685,0.0,True,1.591463,1.591463414633629,0.0,True,409.77,-6.28,0.0,403.49
SR3_PCT,160,MSZZC1|6:XAUUSD|1:5|1:1|1:4|40:MSZZ|XAUUSD|5|0|-1|1752621900|1752622200,1.13,1.13,True,3331.78265,3331.782654867257,0.0,True,1.381072,1.3810719944354197,0.0,True,357.38,-2.26,0.0,355.12
SR3_PCT,163,MSZZC1|6:XAUUSD|1:5|2:-1|1:4|39:MSZZ|XAUUSD|5|0|1|1752688200|1752688200,0.31,0.31,True,3314.77387,3314.773870967742,0.0,True,1.632703,1.6327032726705437,0.0,True,418.07,-0.62,0.0,417.45
SR3_PCT,166,MSZZC1|6:XAUUSD|1:5|1:1|1:4|40:MSZZ|XAUUSD|5|0|-1|1752855600|1752855600,0.73,0.73,True,3353.9,3353.9000000000005,0.0,True,-1.0,-0.9999999999998722,0.0,True,-259.88,-1.46,0.0,-261.34
SR3_PCT,168,MSZZC1|6:XAUUSD|1:5|2:-1|1:4|39:MSZZ|XAUUSD|5|0|1|1752829800|1752829800,0.35,0.35,True,3339.18,3339.1800000000003,0.0,True,-1.0,-1.0000000000000617,0.0,True,-258.3,-0.7,0.0,-259.0
SR3_PCT,170,MSZZC1|6:XAUUSD|1:5|2:-1|1:4|39:MSZZ|XAUUSD|5|0|1|1754078100|1754078100,2.18,2.18,True,3349.13,3349.13,0.0,True,-1.0,-1.0,0.0,True,-259.42,-4.36,0.0,-263.78
SR3_PCT,172,MSZZC1|6:XAUUSD|1:5|2:-1|1:4|39:MSZZ|XAUUSD|5|0|1|1754485800|1754485800,0.77,0.77,True,3365.86,3365.8599999999997,0.0,True,-1.0,-0.9999999999998639,0.0,True,-257.18,-1.54,0.0,-258.72
SR3_PCT,174,MSZZC1|6:XAUUSD|1:5|2:-1|1:4|39:MSZZ|XAUUSD|5|0|1|1754914800|1754914800,0.83,0.83,True,3356.67229,3356.672289156626,0.0,True,1.262244,1.262243780316248,0.0,True,322.68,-1.66,0.0,321.02
SR3_PCT,177,MSZZC1|6:XAUUSD|1:5|1:1|1:4|40:MSZZ|XAUUSD|5|0|-1|1754921100|1754921100,0.66,0.66,True,3351.34,3351.3400000000006,0.0,True,-1.0,-0.9999999999998825,0.0,True,-255.42,-1.32,0.0,-256.74
SR3_PCT,179,MSZZC1|6:XAUUSD|1:5|2:-1|1:4|39:MSZZ|XAUUSD|5|0|1|1754929800|1754930100,0.68,0.68,True,3349.47,3349.4700000000003,0.0,True,1.609043,1.6090425531913233,0.0,True,411.4,-1.36,0.0,410.04
SR3_PCT,182,MSZZC1|6:XAUUSD|1:5|1:1|1:4|40:MSZZ|XAUUSD|5|0|-1|1754933100|1754933100,0.16,0.16,True,3356.23,3356.23,0.0,True,-0.139147,-0.13914656771799566,0.0,True,-36.0,-0.32,0.0,-36.32
SR3_PCT,184,MSZZC1|6:XAUUSD|1:5|2:-1|1:4|39:MSZZ|XAUUSD|5|0|1|1754944500|1754944500,0.99,0.99,True,3354.73525,3354.7352525252522,0.0,True,0.570514,0.5705143033388721,0.0,True,147.98,-1.98,0.0,146.0
SR3_PCT,187,MSZZC1|6:XAUUSD|1:5|2:-1|1:4|39:MSZZ|XAUUSD|5|0|1|1754960700|1754960700,2.07,2.07,True,3344.4642,3344.4642028985504,0.0,True,0.692638,0.6926376811596129,0.0,True,179.22,-4.14,0.0,175.08
SR3_PCT,190,MSZZC1|6:XAUUSD|1:5|2:-1|1:4|39:MSZZ|XAUUSD|5|0|1|1755075600|1755075600,1.13,1.13,True,3353.27,3353.27,0.0,True,-1.0,-1.0,0.0,True,-259.9,-2.26,0.0,-262.16
SR3_PCT,192,MSZZC1|6:XAUUSD|1:5|2:-1|1:4|39:MSZZ|XAUUSD|5|0|1|1755717300|1755717300,4.8,4.8,True,3346.24,3346.24,0.0,True,-1.0,-1.0,0.0,True,-259.2,-9.6,0.0,-268.8
SR3_PCT,194,MSZZC1|6:XAUUSD|1:5|2:-1|1:4|39:MSZZ|XAUUSD|5|0|1|1755749700|1755749700,1.74,1.74,True,3341.835,3341.835,0.0,True,1.14527,1.1452702702703668,0.0,True,294.93,-3.48,0.0,291.45
SR3_PCT,197,MSZZC1|6:XAUUSD|1:5|2:-1|1:4|39:MSZZ|XAUUSD|5|0|1|1755814200|1755814200,0.75,0.75,True,3333.12147,3333.121466666667,0.0,True,1.490799,1.4907992202727323,0.0,True,382.39,-1.5,17.25,398.14
SR3_PCT,200,MSZZC1|6:XAUUSD|1:5|1:1|1:4|40:MSZZ|XAUUSD|5|0|-1|1755838800|1755838800,0.88,0.88,True,3330.96,3330.96,0.0,True,-1.0,-1.0,0.0,True,-260.48,-1.76,0.0,-262.24
SR3_PCT,202,MSZZC1|6:XAUUSD|1:5|2:-1|1:4|39:MSZZ|XAUUSD|5|0|1|1758146700|1758147000,0.98,0.98,True,3661.335,3661.335,0.0,True,0.659696,0.6596958174906294,0.0,True,170.03,-1.96,0.0,168.07
SR3_PCT,205,MSZZC1|6:XAUUSD|1:5|2:-1|1:4|39:MSZZ|XAUUSD|5|0|1|1757604600|1757604600,0.55,0.55,True,3642.03,3642.03,0.0,True,-1.0,-1.0,0.0,True,-255.75,-1.1,0.0,-256.85
SR3_PCT,207,MSZZC1|6:XAUUSD|1:5|1:1|1:4|40:MSZZ|XAUUSD|5|0|-1|1758213300|1758213300,2.52,2.52,True,3640.3,3640.3,0.0,True,1.475728,1.4757281553395014,0.0,True,383.04,-5.04,0.0,378.0
SR3_PCT,210,MSZZC1|6:XAUUSD|1:5|1:1|1:4|40:MSZZ|XAUUSD|5|0|-1|1758257100|1758257100,0.63,0.63,True,3649.01857,3649.0185714285712,0.0,True,1.491093,1.4910932588193055,0.0,True,384.21,-1.26,0.0,382.95
SR3_PCT,213,MSZZC1|6:XAUUSD|1:5|2:-1|1:4|39:MSZZ|XAUUSD|5|0|1|1758258600|1758258600,0.46,0.46,True,3651.1,3651.1,0.0,True,-1.0,-1.0,0.0,True,-260.82,-0.92,0.0,-261.74
SR3_PCT,215,MSZZC1|6:XAUUSD|1:5|2:-1|1:4|39:MSZZ|XAUUSD|5|0|1|1758276900|1758276900,2.0,2.0,True,3650.35,3650.3500000000004,0.0,True,1.430769,1.4307692307687787,0.0,True,372.0,-4.0,0.0,368.0
SR3_PCT,218,MSZZC1|6:XAUUSD|1:5|2:-1|1:4|39:MSZZ|XAUUSD|5|0|1|1758294000|1758294000,4.22,4.22,True,3650.01,3650.01,0.0,True,2.0,2.0,0.0,True,523.28,-8.44,0.0,514.84
SR3_PCT,220,MSZZC1|6:XAUUSD|1:5|1:1|1:4|40:MSZZ|XAUUSD|5|0|-1|1761062400|1761062400,0.34,0.34,True,4200.535,4200.535,0.0,True,0.432629,0.43262879788631026,0.0,True,111.35,-0.68,0.0,110.67
SR3_PCT,223,MSZZC1|6:XAUUSD|1:5|1:1|1:4|40:MSZZ|XAUUSD|5|0|-1|1761065400|1761065400,0.15,0.15,True,4165.34,4165.34,0.0,True,-1.0,-1.0,0.0,True,-249.6,-0.3,0.0,-249.9
SR3_PCT,225,MSZZC1|6:XAUUSD|1:5|2:-1|1:4|39:MSZZ|XAUUSD|5|0|1|1760490300|1760490300,0.05,0.05,True,4141.57,4141.57,0.0,True,-0.449112,-0.4491124260354952,0.0,True,-113.85,-0.1,0.0,-113.95
SR3_PCT,227,MSZZC1|6:XAUUSD|1:5|1:1|1:4|40:MSZZ|XAUUSD|5|0|-1|1761067500|1761067500,0.15,0.15,True,4125.13,4125.13,0.0,True,-1.0,-1.0,0.0,True,-246.6,-0.3,0.0,-246.9
SR3_PCT,229,MSZZC1|6:XAUUSD|1:5|1:1|1:4|40:MSZZ|XAUUSD|5|0|-1|1761094800|1761094800,0.27,0.27,True,4113.89,4113.89,0.0,True,-1.0,-1.0,0.0,True,-253.8,-0.54,0.0,-254.34
SR3_PCT,231,MSZZC1|6:XAUUSD|1:5|1:1|1:4|40:MSZZ|XAUUSD|5|0|-1|1762220700|1762220700,0.42,0.42,True,3995.565,3995.565,0.0,True,0.45935,0.4593495934960065,0.0,True,118.65,-0.84,0.0,117.81
SR3_PCT,234,MSZZC1|6:XAUUSD|1:5|2:-1|1:4|39:MSZZ|XAUUSD|5|0|1|1762321500|1762321500,0.48,0.48,True,3970.07,3970.07,0.0,True,-1.0,-1.0,0.0,True,-258.72,-0.96,0.0,-259.68
SR3_PCT,236,MSZZC1|6:XAUUSD|1:5|1:1|1:4|40:MSZZ|XAUUSD|5|0|-1|1762266000|1762266000,0.21,0.21,True,4005.56286,4005.562857142857,0.0,True,0.411905,0.4119047619047554,0.0,True,103.8,-0.42,0.0,103.38
SR3_PCT,239,MSZZC1|6:XAUUSD|1:5|2:-1|1:4|39:MSZZ|XAUUSD|5|0|1|1762419600|1762419600,0.39,0.39,True,3993.79872,3993.7987179487186,0.0,True,0.249442,0.24944174944166195,0.0,True,64.79,-0.78,0.0,64.01
SR3_PCT,242,MSZZC1|6:XAUUSD|1:5|1:1|1:4|40:MSZZ|XAUUSD|5|0|-1|1762446300|1762446300,0.22,0.22,True,3987.15,3987.15,0.0,True,-1.0,-1.0,0.0,True,-261.14,-0.44,0.0,-261.58
SR3_PCT,244,MSZZC1|6:XAUUSD|1:5|2:-1|1:4|39:MSZZ|XAUUSD|5|0|1|1762531800|1762531800,0.38,0.38,True,3990.295,3990.295,0.0,True,1.521199,1.5211988304092872,0.0,True,395.39,-0.76,0.0,394.63
SR3_PCT,247,MSZZC1|6:XAUUSD|1:5|2:-1|1:4|39:MSZZ|XAUUSD|5|0|1|1762539600|1762539600,0.13,0.13,True,4013.86,4013.8600000000006,0.0,True,-1.0,-1.0000000000000242,0.0,True,-243.49,-0.26,8.97,-234.78
SR3_PCT,249,MSZZC1|6:XAUUSD|1:5|2:-1|1:4|39:MSZZ|XAUUSD|5|0|1|1763366700|1763366700,0.31,0.31,True,4071.7,4071.6999999999994,0.0,True,-1.0,-0.9999999999999456,0.0,True,-259.16,-0.62,0.0,-259.78
SR3_PCT,251,MSZZC1|6:XAUUSD|1:5|1:1|1:4|40:MSZZ|XAUUSD|5|0|-1|1763393700|1763393700,0.25,0.25,True,4064.03,4064.03,0.0,True,-1.0,-1.0,0.0,True,-255.75,-0.5,0.0,-256.25
SR3_PCT,253,MSZZC1|6:XAUUSD|1:5|1:1|1:4|40:MSZZ|XAUUSD|5|0|-1|1763129700|1763129700,0.67,0.67,True,4114.82,4114.82,0.0,True,-1.0,-1.0,0.0,True,-256.61,-1.34,0.0,-257.95
SR3_PCT,255,MSZZC1|6:XAUUSD|1:5|2:-1|1:4|39:MSZZ|XAUUSD|5|0|1|1763553300|1763553300,0.21,0.21,True,4112.17,4112.17,0.0,True,-0.414983,-0.41498316498318566,0.0,True,-103.53,-0.42,0.0,-103.95
SR3_PCT,257,MSZZC1|6:XAUUSD|1:5|1:1|1:4|40:MSZZ|XAUUSD|5|0|-1|1763564400|1763564400,0.44,0.44,True,4106.39,4106.39,0.0,True,-1.0,-1.0,0.0,True,-254.32,-0.88,0.0,-255.2
SR3_PCT,259,MSZZC1|6:XAUUSD|1:5|2:-1|1:4|39:MSZZ|XAUUSD|5|0|1|1763565900|1763565900,0.22,0.22,True,4117.88,4117.88,0.0,True,-1.0,-1.0,0.0,True,-254.76,-0.44,0.0,-255.2
SR3_PCT,261,MSZZC1|6:XAUUSD|1:5|1:1|1:4|40:MSZZ|XAUUSD|5|0|-1|1763130300|1763130300,0.3,0.3,True,4122.73,4122.73,0.0,True,0.59312,0.5931198102017042,0.0,True,150.0,-0.6,0.0,149.4
SR3_PCT,264,MSZZC1|6:XAUUSD|1:5|1:1|1:4|40:MSZZ|XAUUSD|5|0|-1|1763573100|1763573100,0.82,0.82,True,4113.97,4113.97,0.0,True,-1.0,-1.0,0.0,True,-255.84,-1.64,0.0,-257.48
SR3_PCT,266,MSZZC1|6:XAUUSD|1:5|1:1|1:4|40:MSZZ|XAUUSD|5|0|-1|1763949900|1763949900,0.58,0.58,True,4069.735,4069.7349999999997,0.0,True,1.633183,1.6331828442437788,0.0,True,419.63,-1.16,0.0,418.47
SR3_PCT,269,MSZZC1|6:XAUUSD|1:5|1:1|1:4|40:MSZZ|XAUUSD|5|0|-1|1763965800|1763965800,1.44,1.44,True,4045.05,4045.05,0.0,True,-1.0,-1.0,0.0,True,-257.76,-2.88,0.0,-260.64
SR3_PCT,271,MSZZC1|6:XAUUSD|1:5|2:-1|1:4|39:MSZZ|XAUUSD|5|0|1|1764334200|1764334200,0.13,0.13,True,4188.02,4188.02,0.0,True,-1.0,-1.0,0.0,True,-243.49,-0.26,0.0,-243.75
SR3_PCT,273,MSZZC1|6:XAUUSD|1:5|1:1|1:4|40:MSZZ|XAUUSD|5|0|-1|1765306800|1765307100,0.57,0.57,True,4213.01193,4213.011929824561,0.0,True,0.354038,0.3540382487750919,0.0,True,89.6,-1.14,0.0,88.46
SR3_PCT,276,MSZZC1|6:XAUUSD|1:5|2:-1|1:4|39:MSZZ|XAUUSD|5|0|1|1765336500|1765336500,1.09,1.09,True,4214.18358,4214.183577981651,0.0,True,0.621365,0.6213652620119513,0.0,True,159.84,-2.18,0.0,157.66
SR3_PCT,279,MSZZC1|6:XAUUSD|1:5|1:1|1:4|40:MSZZ|XAUUSD|5|0|-1|1765343400|1765343400,0.48,0.48,True,4207.46,4207.46,0.0,True,-1.0,-1.0,0.0,True,-253.92,-0.96,0.0,-254.88
SR3_PCT,281,MSZZC1|6:XAUUSD|1:5|1:1|1:4|40:MSZZ|XAUUSD|5|0|-1|1764958200|1764958200,0.16,0.16,True,4190.47,4190.47,0.0,True,-1.0,-1.0,0.0,True,-251.84,-0.32,0.0,-252.16
SR3_PCT,283,MSZZC1|6:XAUUSD|1:5|1:1|1:4|40:MSZZ|XAUUSD|5|0|-1|1764957000|1764957000,1.54,1.54,True,4240.5,4240.5,0.0,True,-1.0,-1.0,0.0,True,-255.64,-3.08,0.0,-258.72
SR3_PCT,285,MSZZC1|6:XAUUSD|1:5|2:-1|1:4|39:MSZZ|XAUUSD|5|0|1|1765417800|1765417800,0.33,0.33,True,4220.19455,4220.194545454546,0.0,True,1.616616,1.6166164960865708,0.0,True,402.78,-0.66,0.0,402.12
SR3_PCT,288,MSZZC1|6:XAUUSD|1:5|1:1|1:4|40:MSZZ|XAUUSD|5|0|-1|1765427100|1765427100,0.34,0.34,True,4235.32,4235.32,0.0,True,0.585007,0.5850066934403938,0.0,True,148.58,-0.68,0.0,147.9
SR3_PCT,291,MSZZC1|6:XAUUSD|1:5|2:-1|1:4|39:MSZZ|XAUUSD|5|0|1|1766134500|1766134800,0.43,0.43,True,4329.21,4329.21,0.0,True,-1.0,-1.0,0.0,True,-255.42,-0.86,0.0,-256.28
SR3_PCT,293,MSZZC1|6:XAUUSD|1:5|2:-1|1:4|39:MSZZ|XAUUSD|5|0|1|1766143500|1766143800,1.45,1.45,True,4327.19034,4327.190344827586,0.0,True,0.437304,0.43730407523510323,0.0,True,111.6,-2.9,0.0,108.7
SR3_PCT,296,MSZZC1|6:XAUUSD|1:5|1:1|1:4|40:MSZZ|XAUUSD|5|0|-1|1766157900|1766157900,0.81,0.81,True,4330.03136,4330.031358024691,0.0,True,0.219479,0.21947873799710443,0.0,True,56.0,-1.62,0.0,54.38
SR3_PCT,299,MSZZC1|6:XAUUSD|1:5|2:-1|1:4|39:MSZZ|XAUUSD|5|0|1|1766368800|1766368800,0.59,0.59,True,4366.29,4366.29,0.0,True,-1.0,-1.0,0.0,True,-254.29,-1.18,0.0,-255.47
SR3_PCT,301,MSZZC1|6:XAUUSD|1:5|2:-1|1:4|39:MSZZ|XAUUSD|5|0|1|1766163600|1766163600,0.08,0.08,True,4331.66,4331.66,0.0,True,-0.514137,-0.5141371465713341,0.0,True,-126.56,-0.16,0.0,-126.72
SR3_PCT,303,MSZZC1|6:XAUUSD|1:5|1:1|1:4|40:MSZZ|XAUUSD|5|0|-1|1767027900|1767027900,0.16,0.16,True,4336.75,4336.750000000001,0.0,True,0.335974,0.3359735973598137,0.0,True,81.44,-0.32,0.0,81.12
SR3_PCT,306,MSZZC1|6:XAUUSD|1:5|2:-1|1:4|39:MSZZ|XAUUSD|5|0|1|1767069900|1767069900,0.35,0.35,True,4365.39,4365.39,0.0,True,-1.0,-1.0,0.0,True,-254.1,-0.7,0.0,-254.8
SR3_PCT,308,MSZZC1|6:XAUUSD|1:5|2:-1|1:4|39:MSZZ|XAUUSD|5|0|1|1767103500|1767103500,0.12,0.12,True,4339.6,4339.6,0.0,True,1.508095,1.5080952380952415,0.0,True,380.04,-0.24,1.38,381.18
SR3_PCT,311,MSZZC1|6:XAUUSD|1:5|2:-1|1:4|39:MSZZ|XAUUSD|5|0|1|1767717000|1767717000,0.28,0.28,True,4472.63,4472.63,0.0,True,0.207441,0.2074408117249344,0.0,True,51.52,-0.56,0.0,50.96
SR3_PCT,314,MSZZC1|6:XAUUSD|1:5|1:1|1:4|40:MSZZ|XAUUSD|5|0|-1|1767004500|1767004500,0.17,0.17,True,4483.87471,4483.874705882353,0.0,True,0.432311,0.43231072333237175,0.0,True,107.52,-0.34,0.0,107.18
SR3_PCT,317,MSZZC1|6:XAUUSD|1:5|2:-1|1:4|39:MSZZ|XAUUSD|5|0|1|1767978300|1767978300,0.31,0.31,True,4492.88806,4492.888064516129,0.0,True,0.621694,0.6216936478263364,0.0,True,156.3,-0.62,0.0,155.68
SR3_PCT,320,MSZZC1|6:XAUUSD|1:5|2:-1|1:4|39:MSZZ|XAUUSD|5|0|1|1767990600|1767990600,0.49,0.49,True,4501.96,4501.96,0.0,True,-1.0,-1.0,0.0,True,-253.82,-0.98,0.0,-254.8
SR3_PCT,322,MSZZC1|6:XAUUSD|1:5|2:-1|1:4|39:MSZZ|XAUUSD|5|0|1|1769788800|1769788800,0.02,0.02,True,4809.765,4809.765,0.0,True,1.555955,1.5559552358113444,0.0,True,350.37,-0.04,0.0,350.33
SR3_PCT,325,MSZZC1|6:XAUUSD|1:5|1:1|1:4|40:MSZZ|XAUUSD|5|0|-1|1770608100|1770608100,0.12,0.12,True,5022.095,5022.095,0.0,True,1.508751,1.5087511825923043,0.0,True,382.74,-0.24,0.0,382.5
SR3_PCT,328,MSZZC1|6:XAUUSD|1:5|1:1|1:4|40:MSZZ|XAUUSD|5|0|-1|1770792000|1770792000,0.19,0.19,True,5049.26,5049.26,0.0,True,-1.0,-1.0,0.0,True,-249.66,-0.38,0.0,-250.04
SR3_PCT,330,MSZZC1|6:XAUUSD|1:5|2:-1|1:4|39:MSZZ|XAUUSD|5|0|1|1770797100|1770797100,0.5,0.5,True,5061.57,5061.57,0.0,True,-1.0,-1.0,0.0,True,-256.0,-1.0,0.0,-257.0
SR3_PCT,332,MSZZC1|6:XAUUSD|1:5|2:-1|1:4|39:MSZZ|XAUUSD|5|0|1|1770842100|1770842100,0.54,0.54,True,5087.39,5087.39,0.0,True,-1.0,-1.0,0.0,True,-253.26,-1.08,0.0,-254.34
SR3_PCT,334,MSZZC1|6:XAUUSD|1:5|2:-1|1:4|39:MSZZ|XAUUSD|5|0|1|1770853800|1770853800,0.07,0.07,True,4997.73,4997.73,0.0,True,2.0,2.0000000000000275,0.0,True,461.3,-0.14,0.0,461.16
SR3_PCT,336,MSZZC1|6:XAUUSD|1:5|1:1|1:4|40:MSZZ|XAUUSD|5|0|-1|1770926700|1770926700,0.12,0.12,True,4945.045,4945.044999999999,0.0,True,0.841739,0.8417387127760906,0.0,True,210.3,-0.24,0.0,210.06
SR3_PCT,339,MSZZC1|6:XAUUSD|1:5|2:-1|1:4|39:MSZZ|XAUUSD|5|0|1|1770929400|1770929700,0.19,0.19,True,4923.65842,4923.658421052632,0.0,True,1.652462,1.6524619299590853,0.0,True,409.1,-0.38,0.0,408.72
SR3_PCT,342,MSZZC1|6:XAUUSD|1:5|2:-1|1:4|39:MSZZ|XAUUSD|5|0|1|1770948300|1770948300,0.39,0.39,True,4939.26205,4939.262051282051,0.0,True,0.41737,0.41737023139459517,0.0,True,106.78,-0.78,0.0,106.0
SR3_PCT,345,MSZZC1|6:XAUUSD|1:5|1:1|1:4|40:MSZZ|XAUUSD|5|0|-1|1771216500|1771216500,0.4,0.4,True,4996.18,4996.18,0.0,True,-1.0,-1.0,0.0,True,-254.8,-0.8,0.0,-255.6
SR3_PCT,347,MSZZC1|6:XAUUSD|1:5|1:1|1:4|40:MSZZ|XAUUSD|5|0|-1|1771606800|1771606800,0.18,0.18,True,5029.345,5029.344999999999,0.0,True,0.452165,0.45216480446924484,0.0,True,116.55,-0.36,0.0,116.19
SR3_PCT,350,MSZZC1|6:XAUUSD|1:5|2:-1|1:4|39:MSZZ|XAUUSD|5|0|1|1771605000|1771605000,0.46,0.46,True,5056.76,5056.76,0.0,True,-1.0,-1.0,0.0,True,-253.92,-0.92,0.0,-254.84
SR3_PCT,352,MSZZC1|6:XAUUSD|1:5|2:-1|1:4|39:MSZZ|XAUUSD|5|0|1|1773359100|1773359100,0.2,0.2,True,5090.47,5090.47,0.0,True,-1.0,-1.0,0.0,True,-251.8,-0.4,0.0,-252.2
SR3_PCT,354,MSZZC1|6:XAUUSD|1:5|2:-1|1:4|39:MSZZ|XAUUSD|5|0|1|1773409500|1773409500,0.11,0.11,True,5048.47182,5048.471818181818,0.0,True,1.403746,1.4037457528798094,0.0,True,338.78,-0.22,0.0,338.56
SR3_PCT,357,MSZZC1|6:XAUUSD|1:5|2:-1|1:4|39:MSZZ|XAUUSD|5|0|1|1774849200|1774849200,0.32,0.32,True,4491.84,4491.84,0.0,True,0.52816,0.5281602002503591,0.0,True,135.04,-0.64,0.0,134.4
SR3_PCT,360,MSZZC1|6:XAUUSD|1:5|1:1|1:4|40:MSZZ|XAUUSD|5|0|-1|1775770800|1775770800,0.52,0.52,True,4782.13,4782.13,0.0,True,1.92449,1.9244897959185696,0.0,True,490.36,-1.04,0.0,489.32
SR3_PCT,363,MSZZC1|6:XAUUSD|1:5|1:1|1:4|40:MSZZ|XAUUSD|5|0|-1|1775773800|1775773800,0.82,0.82,True,4769.08,4769.08,0.0,True,-1.0,-1.0,0.0,True,-257.48,-1.64,0.0,-259.12
SR3_PCT,365,MSZZC1|6:XAUUSD|1:5|1:1|1:4|40:MSZZ|XAUUSD|5|0|-1|1776242100|1776242100,0.81,0.81,True,4812.16,4812.16,0.0,True,-1.0,-1.0,0.0,True,-259.2,-1.62,0.0,-260.82
SR3_PCT,367,MSZZC1|6:XAUUSD|1:5|1:1|1:4|40:MSZZ|XAUUSD|5|0|-1|1776274200|1776274200,0.81,0.81,True,4816.33,4816.33,0.0,True,-1.0,-1.0,0.0,True,-257.58,-1.62,0.0,-259.2
SR3_PCT,369,MSZZC1|6:XAUUSD|1:5|1:1|1:4|40:MSZZ|XAUUSD|5|0|-1|1776367800|1776367800,0.48,0.48,True,4788.905,4788.905,0.0,True,0.314259,0.3142589118199258,0.0,True,80.4,-0.96,0.0,79.44
SR3_PCT,372,MSZZC1|6:XAUUSD|1:5|1:1|1:4|40:MSZZ|XAUUSD|5|0|-1|1776358200|1776358200,0.42,0.42,True,4786.26,4786.26,0.0,True,-1.0,-1.0,0.0,True,-257.04,-0.84,0.0,-257.88
SR3_PCT,374,MSZZC1|6:XAUUSD|1:5|1:1|1:4|40:MSZZ|XAUUSD|5|0|-1|1776416400|1776416400,0.35,0.35,True,4784.67,4784.67,0.0,True,-1.0,-1.0,0.0,True,-250.95,-0.7,0.0,-251.65
SR3_PCT,376,MSZZC1|6:XAUUSD|1:5|1:1|1:4|40:MSZZ|XAUUSD|5|0|-1|1776652200|1776652200,0.09,0.09,True,4799.15667,4799.156666666667,0.0,True,0.429206,0.42920634920634,0.0,True,101.4,-0.18,0.0,101.22
SR3_PCT,379,MSZZC1|6:XAUUSD|1:5|2:-1|1:4|39:MSZZ|XAUUSD|5|0|1|1776657900|1776657900,0.55,0.55,True,4791.7,4791.7,0.0,True,-1.0,-1.0,0.0,True,-255.75,-1.1,0.0,-256.85
SR3_PCT,381,MSZZC1|6:XAUUSD|1:5|2:-1|1:4|39:MSZZ|XAUUSD|5|0|1|1776696000|1776696000,0.74,0.74,True,4793.315,4793.3150000000005,0.0,True,0.329942,0.3299418604648665,0.0,True,83.99,-1.48,0.0,82.51
SR3_PCT,384,MSZZC1|6:XAUUSD|1:5|1:1|1:4|40:MSZZ|XAUUSD|5|0|-1|1776792600|1776792600,0.63,0.63,True,4759.24,4759.24,0.0,True,-1.0,-1.0,0.0,True,-254.52,-1.26,0.0,-255.78
SR3_PCT,386,MSZZC1|6:XAUUSD|1:5|1:1|1:4|40:MSZZ|XAUUSD|5|0|-1|1778019300|1778019300,1.32,1.32,True,4559.58,4559.58,0.0,True,1.84456,1.8445595854916859,0.0,True,469.92,-2.64,0.0,467.28
SR3_PCT,389,MSZZC1|6:XAUUSD|1:5|2:-1|1:4|39:MSZZ|XAUUSD|5|0|1|1778023500|1778023500,1.1,1.1,True,4556.685,4556.6849999999995,0.0,True,0.448498,0.4484978540771234,0.0,True,114.95,-2.2,0.0,112.75
SR3_PCT,392,MSZZC1|6:XAUUSD|1:5|1:1|1:4|40:MSZZ|XAUUSD|5|0|-1|1778025000|1778025300,0.22,0.22,True,4577.895,4577.8949999999995,0.0,True,1.634516,1.6345155709341586,0.0,True,415.69,-0.44,0.0,415.25
SR3_PCT,395,MSZZC1|6:XAUUSD|1:5|1:1|1:4|40:MSZZ|XAUUSD|5|0|-1|1778773200|1778773200,0.36,0.36,True,4697.44,4697.44,0.0,True,-0.80226,-0.8022598870056991,0.0,True,-204.48,-0.72,0.0,-205.2
SR3_PCT,397,MSZZC1|6:XAUUSD|1:5|2:-1|1:4|39:MSZZ|XAUUSD|5|0|1|1778771700|1778771700,0.25,0.25,True,4680.7752,4680.7752,0.0,True,1.654896,1.6548957298906193,0.0,True,416.62,-0.5,0.0,416.12
SR3_PCT,400,MSZZC1|6:XAUUSD|1:5|1:1|1:4|40:MSZZ|XAUUSD|5|0|-1|1779467700|1779467700,0.43,0.43,True,4520.81767,4520.817674418605,0.0,True,0.227798,0.227797721242415,0.0,True,58.38,-0.86,0.0,57.52
SR3_PCT,403,MSZZC1|6:XAUUSD|1:5|2:-1|1:4|39:MSZZ|XAUUSD|5|0|1|1779480600|1779480900,0.33,0.33,True,4518.00545,4518.005454545454,0.0,True,0.267845,0.2678446872821427,0.0,True,69.12,-0.66,0.0,68.46
SR3_PCT,406,MSZZC1|6:XAUUSD|1:5|2:-1|1:4|39:MSZZ|XAUUSD|5|0|1|1779297300|1779297300,0.43,0.43,True,4506.15,4506.15,0.0,True,-1.0,-1.0,0.0,True,-254.56,-0.86,0.0,-255.42
SR3_PCT,408,MSZZC1|6:XAUUSD|1:5|1:1|1:4|40:MSZZ|XAUUSD|5|0|-1|1779871200|1779871200,0.12,0.12,True,4502.11,4502.11,0.0,True,-0.112599,-0.11259920634922882,0.0,True,-27.24,-0.24,0.0,-27.48
SR3_PCT,410,MSZZC1|6:XAUUSD|1:5|2:-1|1:4|39:MSZZ|XAUUSD|5|0|1|1779996000|1779996000,0.59,0.59,True,4498.34593,4498.34593220339,0.0,True,0.857419,0.8574186324851539,0.0,True,222.08,-1.18,6.9,227.8
SR3_PCT,413,MSZZC1|6:XAUUSD|1:5|1:1|1:4|40:MSZZ|XAUUSD|5|0|-1|1780012500|1780012500,0.6,0.6,True,4493.23,4493.23,0.0,True,-1.0,-1.0,0.0,True,-258.0,-1.2,0.0,-259.2
SR3_PCT,415,MSZZC1|6:XAUUSD|1:5|1:1|1:4|40:MSZZ|XAUUSD|5|0|-1|1780025700|1780026000,0.23,0.23,True,4497.3,4497.3,0.0,True,-0.380204,-0.3802035152636324,0.0,True,-94.53,-0.46,0.0,-94.99
SR3_PCT,417,MSZZC1|6:XAUUSD|1:5|2:-1|1:4|39:MSZZ|XAUUSD|5|0|1|1780314000|1780314000,0.49,0.49,True,4502.52,4502.52,0.0,True,-1.0,-1.0,0.0,True,-255.78,-0.98,0.0,-256.76
SR3_PCT,419,MSZZC1|6:XAUUSD|1:5|1:1|1:4|40:MSZZ|XAUUSD|5|0|-1|1780418100|1780418400,0.49,0.49,True,4501.62,4501.62,0.0,True,-1.0,-1.0,0.0,True,-255.29,-0.98,0.0,-256.27
SR3_PCT,421,MSZZC1|6:XAUUSD|1:5|2:-1|1:4|39:MSZZ|XAUUSD|5|0|1|1779987000|1779987600,0.66,0.66,True,4424.25,4424.25,0.0,True,2.0,1.9999999999997637,0.0,True,508.2,-1.32,0.0,506.88
SR3_PCT,423,MSZZC1|6:XAUUSD|1:5|2:-1|1:4|39:MSZZ|XAUUSD|5|0|1|1781499600|1781499600,0.34,0.34,True,4331.21,4331.21,0.0,True,-1.0,-1.0,0.0,True,-256.02,-0.68,0.0,-256.7
SR3_PCT,425,MSZZC1|6:XAUUSD|1:5|1:1|1:4|40:MSZZ|XAUUSD|5|0|-1|1781512800|1781512800,0.52,0.52,True,4309.38,4309.38,0.0,True,-1.0,-1.0,0.0,True,-254.8,-1.04,0.0,-255.84
SR3_PCT,427,MSZZC1|6:XAUUSD|1:5|1:1|1:4|40:MSZZ|XAUUSD|5|0|-1|1781584500|1781584500,2.07,2.07,True,4312.92,4312.92,0.0,True,-1.0,-1.0,0.0,True,-256.68,-4.14,0.0,-260.82
SR3_PCT,429,MSZZC1|6:XAUUSD|1:5|1:1|1:4|40:MSZZ|XAUUSD|5|0|-1|1781869800|1781870400,0.08,0.08,True,4169.22,4169.22,0.0,True,-0.333662,-0.3336617405582895,0.0,True,-81.28,-0.16,0.0,-81.44
SR3_PCT,431,MSZZC1|6:XAUUSD|1:5|2:-1|1:4|39:MSZZ|XAUUSD|5|0|1|1781884200|1781884200,0.2,0.2,True,4181.59,4181.59,0.0,True,-1.0,-1.0,0.0,True,-247.4,-0.4,0.0,-247.8
SR3_PCT,433,MSZZC1|6:XAUUSD|1:5|2:-1|1:4|39:MSZZ|XAUUSD|5|0|1|1781892000|1781892000,0.93,0.93,True,4149.82269,4149.822688172044,0.0,True,0.596085,0.596084918665085,0.0,True,151.34,-1.86,0.0,149.48
SR3_PCT,436,MSZZC1|6:XAUUSD|1:5|1:1|1:4|40:MSZZ|XAUUSD|5|0|-1|1781845500|1781845500,0.09,0.09,True,4184.36,4184.36,0.0,True,-0.638103,-0.6381025248661087,0.0,True,-150.12,-0.18,0.0,-150.3
SR3_PCT,438,MSZZC1|6:XAUUSD|1:5|2:-1|1:4|39:MSZZ|XAUUSD|5|0|1|1782100200|1782100200,0.24,0.24,True,4195.01,4195.01,0.0,True,-1.0,-1.0,0.0,True,-255.6,-0.48,0.0,-256.08
SR3_PCT,440,MSZZC1|6:XAUUSD|1:5|1:1|1:4|40:MSZZ|XAUUSD|5|0|-1|1782124200|1782124200,0.15,0.15,True,4192.2,4192.2,0.0,True,-1.0,-1.0,0.0,True,-246.75,-0.3,0.0,-247.05
SR3_PCT,442,MSZZC1|6:XAUUSD|1:5|1:1|1:4|40:MSZZ|XAUUSD|5|0|-1|1782843300|1782843300,0.16,0.16,True,4019.12,4019.1200000000003,0.0,True,-1.0,-0.9999999999999701,0.0,True,-243.2,-0.32,0.0,-243.52
SR3_PCT,444,MSZZC1|6:XAUUSD|1:5|2:-1|1:4|39:MSZZ|XAUUSD|5|0|1|1782922500|1782922500,0.24,0.24,True,4039.63,4039.63,0.0,True,-1.0,-1.0,0.0,True,-244.32,-0.48,5.52,-239.28
SR3_PCT,446,MSZZC1|6:XAUUSD|1:5|1:1|1:4|40:MSZZ|XAUUSD|5|0|-1|1783575600|1783575600,0.22,0.22,True,4098.81,4098.81,0.0,True,2.0,1.99999999999996,0.0,True,500.28,-0.44,0.0,499.84
SR3_PCT,448,MSZZC1|6:XAUUSD|1:5|2:-1|1:4|39:MSZZ|XAUUSD|5|0|1|1783659900|1783659900,0.53,0.53,True,4116.69962,4116.699622641509,0.0,True,1.339027,1.3390268123138842,0.0,True,337.1,-1.06,0.0,336.04
SR3_PCT,451,MSZZC1|6:XAUUSD|1:5|1:1|1:4|40:MSZZ|XAUUSD|5|0|-1|1783667400|1783667400,0.49,0.49,True,4112.41,4112.41,0.0,True,-1.0,-1.0,0.0,True,-250.88,-0.98,0.0,-251.86
SR3_PCT,453,MSZZC1|6:XAUUSD|1:5|1:1|1:4|40:MSZZ|XAUUSD|5|0|-1|1784142900|1784142900,0.32,0.32,True,4049.535,4049.5350000000003,0.0,True,1.744347,1.7443467336683611,0.0,True,444.32,-0.64,0.0,443.68
SR3_PCT,456,MSZZC1|6:XAUUSD|1:5|2:-1|1:4|39:MSZZ|XAUUSD|5|0|1|1784147100|1784147100,0.19,0.19,True,4029.75316,4029.753157894737,0.0,True,0.852178,0.8521784861847395,0.0,True,210.65,-0.38,0.0,210.27
SR3_PCT,459,MSZZC1|6:XAUUSD|1:5|1:1|1:4|40:MSZZ|XAUUSD|5|0|-1|1784178900|1784179200,0.33,0.33,True,4035.45,4035.45,0.0,True,0.48285,0.4828496042216213,0.0,True,120.78,-0.66,0.0,120.12
SR3_PCT,461,MSZZC1|6:XAUUSD|1:5|2:-1|1:4|39:MSZZ|XAUUSD|5|0|1|1784179800|1784179800,3.17,3.17,True,4035.23069,4035.2306940063095,0.0,True,0.270748,0.2707481403583119,0.0,True,69.52,-6.34,0.0,63.18
SR3_PCT,464,MSZZC1|6:XAUUSD|1:5|1:1|1:4|40:MSZZ|XAUUSD|5|0|-1|1784196600|1784196600,0.77,0.77,True,4031.89909,4031.899090909091,0.0,True,1.676463,1.6764625102993824,0.0,True,427.28,-1.54,0.0,425.74
SR3_PCT,467,MSZZC1|6:XAUUSD|1:5|2:-1|1:4|39:MSZZ|XAUUSD|5|0|1|1784198700|1784198700,0.44,0.44,True,4034.2,4034.2,0.0,True,-1.0,-1.0,0.0,True,-252.56,-0.88,0.0,-253.44
SR3_PCT,469,MSZZC1|6:XAUUSD|1:5|1:1|1:4|40:MSZZ|XAUUSD|5|0|-1|1784204700|1784204700,1.66,1.66,True,4032.65,4032.6500000000005,0.0,True,0.348387,0.3483870967744226,0.0,True,89.64,-3.32,0.0,86.32
SR3_PCT,472,MSZZC1|6:XAUUSD|1:5|1:1|1:4|40:MSZZ|XAUUSD|5|0|-1|1784209200|1784209200,0.16,0.16,True,4033.31,4033.31,0.0,True,-0.395639,-0.39563862928349014,0.0,True,-101.6,-0.32,0.0,-101.92
SR3_PCT,474,MSZZC1|6:XAUUSD|1:5|2:-1|1:4|39:MSZZ|XAUUSD|5|0|1|1784212800|1784212800,0.25,0.25,True,4013.23,4013.23,0.0,True,2.0,2.0,0.0,True,502.0,-0.5,0.0,501.5
SR4_PCT,2,MSZZC1|6:XAUUSD|1:5|2:-1|1:4|39:MSZZ|XAUUSD|5|0|1|1741108200|1741108500,0.46,0.46,True,2913.57,2913.57,0.0,True,-1.0,-1.0,0.0,True,-249.78,-0.92,0.0,-250.7
SR4_PCT,4,MSZZC1|6:XAUUSD|1:5|2:-1|1:4|39:MSZZ|XAUUSD|5|0|1|1741168500|1741168500,0.72,0.72,True,2909.45,2909.45,0.0,True,2.0,2.0,0.0,True,495.36,-1.44,0.0,493.92
SR4_PCT,6,MSZZC1|6:XAUUSD|1:5|1:1|1:4|40:MSZZ|XAUUSD|5|0|-1|1741177200|1741177200,2.45,2.45,True,2913.82,2913.82,0.0,True,-1.0,-1.0,0.0,True,-249.9,-4.9,0.0,-254.8
SR4_PCT,8,MSZZC1|6:XAUUSD|1:5|2:-1|1:4|39:MSZZ|XAUUSD|5|0|1|1741198500|1741198500,0.4,0.4,True,2920.135,2920.135,0.0,True,0.443627,0.44362745098034956,0.0,True,108.6,-0.8,0.0,107.8
SR4_PCT,11,MSZZC1|6:XAUUSD|1:5|1:1|1:4|40:MSZZ|XAUUSD|5|0|-1|1741200900|1741200900,1.61,1.61,True,2921.38,2921.38,0.0,True,-1.0,-1.0,0.0,True,-249.55,-3.22,0.0,-252.77
SR4_PCT,13,MSZZC1|6:XAUUSD|1:5|1:1|1:4|40:MSZZ|XAUUSD|5|0|-1|1741640400|1741640400,0.89,0.89,True,2895.61809,2895.6180898876405,0.0,True,0.535284,0.5352841322447093,0.0,True,132.44,-1.78,0.0,130.66
SR4_PCT,16,MSZZC1|6:XAUUSD|1:5|1:1|1:4|40:MSZZ|XAUUSD|5|0|-1|1741686300|1741686300,0.76,0.76,True,2895.64,2895.64,0.0,True,-0.101538,-0.10153846153843915,0.0,True,-25.08,-1.52,0.0,-26.6
SR4_PCT,18,MSZZC1|6:XAUUSD|1:5|2:-1|1:4|39:MSZZ|XAUUSD|5|0|1|1741674000|1741674000,0.73,0.73,True,2899.05,2899.05,0.0,True,-1.0,-1.0,0.0,True,-248.93,-1.46,0.0,-250.39
SR4_PCT,20,MSZZC1|6:XAUUSD|1:5|2:-1|1:4|39:MSZZ|XAUUSD|5|0|1|1741690500|1741690800,0.53,0.53,True,2900.72,2900.72,0.0,True,-0.408511,-0.40851063829780687,0.0,True,-101.76,-1.06,0.0,-102.82
SR4_PCT,22,MSZZC1|6:XAUUSD|1:5|1:1|1:4|40:MSZZ|XAUUSD|5|0|-1|1741691400|1741691400,0.92,0.92,True,2898.02,2898.02,0.0,True,-1.0,-1.0,0.0,True,-248.4,-1.84,0.0,-250.24
SR4_PCT,24,MSZZC1|6:XAUUSD|1:5|1:1|1:4|40:MSZZ|XAUUSD|5|0|-1|1741368000|1741368000,0.83,0.83,True,2926.14747,2926.147469879518,0.0,True,0.624145,0.6241452295668944,0.0,True,153.34,-1.66,0.0,151.68
SR4_PCT,27,MSZZC1|6:XAUUSD|1:5|2:-1|1:4|39:MSZZ|XAUUSD|5|0|1|1742583900|1742583900,2.96,2.96,True,3013.35,3013.35,0.0,True,2.0,2.0000000000010827,0.0,True,497.28,-5.92,0.0,491.36
SR4_PCT,29,MSZZC1|6:XAUUSD|1:5|1:1|1:4|40:MSZZ|XAUUSD|5|0|-1|1742898000|1742898000,1.38,1.38,True,3016.385,3016.3849999999998,0.0,True,1.502778,1.5027777777779652,0.0,True,373.29,-2.76,0.0,370.53
SR4_PCT,32,MSZZC1|6:XAUUSD|1:5|2:-1|1:4|39:MSZZ|XAUUSD|5|0|1|1742901600|1742901600,1.1,1.1,True,3017.64,3017.6400000000003,0.0,True,-0.53304,-0.5330396475773131,0.0,True,-133.1,-2.2,0.0,-135.3
SR4_PCT,35,MSZZC1|6:XAUUSD|1:5|2:-1|1:4|39:MSZZ|XAUUSD|5|0|1|1742919000|1742919300,1.35,1.35,True,3021.08,3021.08,0.0,True,2.0,2.000000000000246,0.0,True,499.5,-2.7,0.0,496.8
SR4_PCT,37,MSZZC1|6:XAUUSD|1:5|1:1|1:4|40:MSZZ|XAUUSD|5|0|-1|1742926200|1742926200,0.4,0.4,True,3018.04,3018.04,0.0,True,-1.0,-1.0,0.0,True,-246.8,-0.8,0.0,-247.6
SR4_PCT,39,MSZZC1|6:XAUUSD|1:5|1:1|1:4|40:MSZZ|XAUUSD|5|0|-1|1742987400|1742987400,0.89,0.89,True,3026.88,3026.88,0.0,True,-1.0,-1.0,0.0,True,-249.2,-1.78,0.0,-250.98
SR4_PCT,41,MSZZC1|6:XAUUSD|1:5|1:1|1:4|40:MSZZ|XAUUSD|5|0|-1|1742457900|1742458200,0.34,0.34,True,3052.87,3052.8699999999994,0.0,True,-0.213389,-0.2133891213390013,0.0,True,-52.02,-0.68,0.0,-52.7
SR4_PCT,43,MSZZC1|6:XAUUSD|1:5|2:-1|1:4|39:MSZZ|XAUUSD|5|0|1|1743081900|1743081900,1.38,1.38,True,3052.545,3052.545,0.0,True,0.179558,0.17955801104962868,0.0,True,44.85,-2.76,0.0,42.09
SR4_PCT,46,MSZZC1|6:XAUUSD|1:5|2:-1|1:4|39:MSZZ|XAUUSD|5|0|1|1743081300|1743081300,0.59,0.59,True,3048.16695,3048.166949152542,0.0,True,0.43704,0.4370402942117162,0.0,True,109.33,-1.18,0.0,108.15
SR4_PCT,49,MSZZC1|6:XAUUSD|1:5|1:1|1:4|40:MSZZ|XAUUSD|5|0|-1|1743091800|1743091800,0.27,0.27,True,3054.24222,3054.2422222222226,0.0,True,0.485646,0.48564564564568735,0.0,True,121.29,-0.54,0.0,120.75
SR4_PCT,52,MSZZC1|6:XAUUSD|1:5|2:-1|1:4|39:MSZZ|XAUUSD|5|0|1|1743768000|1743768000,0.08,0.08,True,3050.34,3050.3399999999997,0.0,True,0.658994,0.6589937520552619,0.0,True,160.32,-0.16,4.6,164.76
SR4_PCT,55,MSZZC1|6:XAUUSD|1:5|2:-1|1:4|39:MSZZ|XAUUSD|5|0|1|1744255200|1744255200,0.34,0.34,True,3089.875,3089.875,0.0,True,0.463699,0.46369863013703355,0.0,True,115.09,-0.68,0.0,114.41
SR4_PCT,58,MSZZC1|6:XAUUSD|1:5|2:-1|1:4|39:MSZZ|XAUUSD|5|0|1|1744261800|1744261800,0.44,0.44,True,3114.01,3114.01,0.0,True,-0.447183,-0.44718309859160005,0.0,True,-111.76,-0.88,0.0,-112.64
SR4_PCT,60,MSZZC1|6:XAUUSD|1:5|1:1|1:4|40:MSZZ|XAUUSD|5|0|-1|1743777900|1743777900,0.09,0.09,True,3260.90333,3260.9033333333336,0.0,True,5.697957,5.697957072666109,0.0,True,1322.04,-0.18,-34.5,1287.36
SR4_PCT,63,MSZZC1|6:XAUUSD|1:5|2:-1|1:4|39:MSZZ|XAUUSD|5|0|1|1745550300|1745550300,1.07,1.07,True,3358.17,3358.17,0.0,True,-1.0,-1.0,0.0,True,-252.52,-2.14,0.0,-254.66
SR4_PCT,65,MSZZC1|6:XAUUSD|1:5|2:-1|1:4|39:MSZZ|XAUUSD|5|0|1|1745553900|1745553900,0.22,0.22,True,3345.235,3345.2349999999997,0.0,True,0.597235,0.5972346119536255,0.0,True,147.29,-0.44,7.59,154.44
SR4_PCT,68,MSZZC1|6:XAUUSD|1:5|1:1|1:4|40:MSZZ|XAUUSD|5|0|-1|1746038400|1746038400,0.49,0.49,True,3306.52122,3306.521224489796,0.0,True,0.453726,0.4537256763171314,0.0,True,114.72,-0.98,0.0,113.74
SR4_PCT,71,MSZZC1|6:XAUUSD|1:5|1:1|1:4|40:MSZZ|XAUUSD|5|0|-1|1746053700|1746053700,0.2,0.2,True,3308.54,3308.5400000000004,0.0,True,0.49684,0.4968404423381114,0.0,True,125.8,-0.4,-13.8,111.6
SR4_PCT,74,MSZZC1|6:XAUUSD|1:5|1:1|1:4|40:MSZZ|XAUUSD|5|0|-1|1747021200|1747021200,0.49,0.49,True,3272.19,3272.19,0.0,True,-1.0,-1.0,0.0,True,-251.86,-0.98,0.0,-252.84
SR4_PCT,76,MSZZC1|6:XAUUSD|1:5|2:-1|1:4|39:MSZZ|XAUUSD|5|0|1|1746417600|1746417600,0.25,0.25,True,3231.4712,3231.4712,0.0,True,1.499381,1.4993806193806614,0.0,True,375.22,-0.5,0.0,374.72
SR4_PCT,79,MSZZC1|6:XAUUSD|1:5|1:1|1:4|40:MSZZ|XAUUSD|5|0|-1|1747668000|1747668000,0.36,0.36,True,3244.96,3244.9599999999996,0.0,True,0.502865,0.5028653295128588,0.0,True,126.36,-0.72,0.0,125.64
SR4_PCT,82,MSZZC1|6:XAUUSD|1:5|1:1|1:4|40:MSZZ|XAUUSD|5|0|-1|1747191600|1747191600,0.08,0.08,True,3303.715,3303.7149999999997,0.0,True,1.101789,1.1017893315327443,0.0,True,261.08,-0.16,-16.56,244.36
SR4_PCT,85,MSZZC1|6:XAUUSD|1:5|1:1|1:4|40:MSZZ|XAUUSD|5|0|-1|1748412900|1748412900,0.19,0.19,True,3315.31684,3315.3168421052633,0.0,True,0.501312,0.501311690441051,0.0,True,122.3,-0.38,0.0,121.92
SR4_PCT,88,MSZZC1|6:XAUUSD|1:5|1:1|1:4|40:MSZZ|XAUUSD|5|0|-1|1748443500|1748443500,0.45,0.45,True,3304.64,3304.64,0.0,True,-1.0,-1.0,0.0,True,-253.35,-0.9,0.0,-254.25
SR4_PCT,90,MSZZC1|6:XAUUSD|1:5|1:1|1:4|40:MSZZ|XAUUSD|5|0|-1|1748448900|1748448900,0.36,0.36,True,3300.8,3300.8,0.0,True,-1.0,-1.0,0.0,True,-250.92,-0.72,0.0,-251.64
SR4_PCT,92,MSZZC1|6:XAUUSD|1:5|2:-1|1:4|39:MSZZ|XAUUSD|5|0|1|1748528700|1748528700,0.27,0.27,True,3297.14,3297.14,0.0,True,-0.081985,-0.08198489751885275,0.0,True,-20.52,-0.54,0.0,-21.06
SR4_PCT,94,MSZZC1|6:XAUUSD|1:5|1:1|1:4|40:MSZZ|XAUUSD|5|0|-1|1748586300|1748586300,1.14,1.14,True,3298.63,3298.63,0.0,True,0.668161,0.6681614349776791,0.0,True,169.86,-2.28,0.0,167.58
SR4_PCT,97,MSZZC1|6:XAUUSD|1:5|2:-1|1:4|39:MSZZ|XAUUSD|5|0|1|1748594100|1748594100,0.34,0.34,True,3301.7,3301.7,0.0,True,-1.0,-1.0,0.0,True,-255.0,-0.68,0.0,-255.68
SR4_PCT,99,MSZZC1|6:XAUUSD|1:5|2:-1|1:4|39:MSZZ|XAUUSD|5|0|1|1748600700|1748601300,0.46,0.46,True,3299.26,3299.26,0.0,True,-1.0,-1.0,0.0,True,-250.24,-0.92,0.0,-251.16
SR4_PCT,101,MSZZC1|6:XAUUSD|1:5|2:-1|1:4|39:MSZZ|XAUUSD|5|0|1|1748607600|1748607900,0.73,0.73,True,3295.40904,3295.4090410958897,0.0,True,0.497402,0.4974019839396925,0.0,True,126.36,-1.46,0.0,124.9
SR4_PCT,104,MSZZC1|6:XAUUSD|1:5|2:-1|1:4|39:MSZZ|XAUUSD|5|0|1|1748616900|1748617200,0.36,0.36,True,3296.14,3296.1399999999994,0.0,True,-1.0,-0.999999999999935,0.0,True,-252.0,-0.72,0.0,-252.72
SR4_PCT,106,MSZZC1|6:XAUUSD|1:5|2:-1|1:4|39:MSZZ|XAUUSD|5|0|1|1748859000|1748859000,1.14,1.14,True,3351.31,3351.31,0.0,True,0.343891,0.3438914027150252,0.0,True,86.64,-2.28,0.0,84.36
SR4_PCT,109,MSZZC1|6:XAUUSD|1:5|2:-1|1:4|39:MSZZ|XAUUSD|5|0|1|1748826000|1748826000,0.66,0.66,True,3297.94,3297.94,0.0,True,2.0,2.0,0.0,True,502.92,-1.32,0.0,501.6
SR4_PCT,111,MSZZC1|6:XAUUSD|1:5|1:1|1:4|40:MSZZ|XAUUSD|5|0|-1|1749444900|1749444900,0.89,0.89,True,3334.97236,3334.9723595505616,0.0,True,13.422425,13.422424930509834,0.0,True,3428.49,-1.78,-62.1,3364.61
SR4_PCT,114,MSZZC1|6:XAUUSD|1:5|2:-1|1:4|39:MSZZ|XAUUSD|5|0|1|1749698700|1749698700,0.84,0.84,True,3367.42,3367.4199999999996,0.0,True,0.242038,0.24203821656055383,0.0,True,63.84,-1.68,0.0,62.16
SR4_PCT,117,MSZZC1|6:XAUUSD|1:5|1:1|1:4|40:MSZZ|XAUUSD|5|0|-1|1749719700|1749719700,0.84,0.84,True,3370.205,3370.2050000000004,0.0,True,0.594551,0.5945512820514545,0.0,True,155.82,-1.68,0.0,154.14
SR4_PCT,120,MSZZC1|6:XAUUSD|1:5|1:1|1:4|40:MSZZ|XAUUSD|5|0|-1|1749723300|1749723300,1.46,1.46,True,3368.32,3368.32,0.0,True,-1.0,-1.0,0.0,True,-264.26,-2.92,0.0,-267.18
SR4_PCT,122,MSZZC1|6:XAUUSD|1:5|2:-1|1:4|39:MSZZ|XAUUSD|5|0|1|1750363800|1750363800,0.35,0.35,True,3369.53,3369.5299999999997,0.0,True,-0.204027,-0.2040268456375254,0.0,True,-53.2,-0.7,0.0,-53.9
SR4_PCT,124,MSZZC1|6:XAUUSD|1:5|1:1|1:4|40:MSZZ|XAUUSD|5|0|-1|1750365000|1750365000,0.96,0.96,True,3366.8,3366.8,0.0,True,-1.0,-1.0,0.0,True,-262.08,-1.92,0.0,-264.0
SR4_PCT,126,MSZZC1|6:XAUUSD|1:5|1:1|1:4|40:MSZZ|XAUUSD|5|0|-1|1750939200|1750939200,1.33,1.33,True,3346.22308,3346.223082706767,0.0,True,0.798519,0.7985191404906857,0.0,True,209.22,-2.66,0.0,206.56
SR4_PCT,129,MSZZC1|6:XAUUSD|1:5|1:1|1:4|40:MSZZ|XAUUSD|5|0|-1|1750748400|1750748400,0.69,0.69,True,3348.08,3348.08,0.0,True,-1.0,-1.0,0.0,True,-260.13,-1.38,0.0,-261.51
SR4_PCT,131,MSZZC1|6:XAUUSD|1:5|2:-1|1:4|39:MSZZ|XAUUSD|5|0|1|1751383200|1751383200,0.78,0.78,True,3357.93,3357.93,0.0,True,-1.0,-1.0,0.0,True,-259.74,-1.56,0.0,-261.3
SR4_PCT,133,MSZZC1|6:XAUUSD|1:5|2:-1|1:4|39:MSZZ|XAUUSD|5|0|1|1751381700|1751382300,0.46,0.46,True,3352.55,3352.55,0.0,True,-1.0,-1.0,0.0,True,-261.74,-0.92,0.0,-262.66
SR4_PCT,135,MSZZC1|6:XAUUSD|1:5|2:-1|1:4|39:MSZZ|XAUUSD|5|0|1|1751457900|1751457900,0.3,0.3,True,3344.1,3344.1,0.0,True,-1.0,-1.0,0.0,True,-253.5,-0.6,0.0,-254.1
SR4_PCT,137,MSZZC1|6:XAUUSD|1:5|1:1|1:4|40:MSZZ|XAUUSD|5|0|-1|1751970000|1751970000,1.73,1.73,True,3333.48,3333.48,0.0,True,-1.0,-1.0,0.0,True,-259.5,-3.46,0.0,-262.96
SR4_PCT,139,MSZZC1|6:XAUUSD|1:5|2:-1|1:4|39:MSZZ|XAUUSD|5|0|1|1752224700|1752224700,0.72,0.72,True,3334.255,3334.255,0.0,True,0.378116,0.37811634349023093,0.0,True,98.28,-1.44,0.0,96.84
SR4_PCT,142,MSZZC1|6:XAUUSD|1:5|1:1|1:4|40:MSZZ|XAUUSD|5|0|-1|1752597000|1752597000,0.54,0.54,True,3343.37,3343.37,0.0,True,0.702929,0.702928870292789,0.0,True,181.44,-1.08,0.0,180.36
SR4_PCT,145,MSZZC1|6:XAUUSD|1:5|1:1|1:4|40:MSZZ|XAUUSD|5|0|-1|1752604200|1752604200,3.18,3.18,True,3326.865,3326.865,0.0,True,0.591463,0.591463414633629,0.0,True,154.23,-6.36,0.0,147.87
SR4_PCT,148,MSZZC1|6:XAUUSD|1:5|2:-1|1:4|39:MSZZ|XAUUSD|5|0|1|1752688200|1752688200,0.31,0.31,True,3314.77387,3314.773870967742,0.0,True,1.632703,1.6327032726705437,0.0,True,418.07,-0.62,0.0,417.45
SR4_PCT,151,MSZZC1|6:XAUUSD|1:5|1:1|1:4|40:MSZZ|XAUUSD|5|0|-1|1752855600|1752855600,0.73,0.73,True,3353.9,3353.9000000000005,0.0,True,-1.0,-0.9999999999998722,0.0,True,-259.88,-1.46,0.0,-261.34
SR4_PCT,153,MSZZC1|6:XAUUSD|1:5|2:-1|1:4|39:MSZZ|XAUUSD|5|0|1|1752829800|1752829800,0.35,0.35,True,3339.18,3339.1800000000003,0.0,True,-1.0,-1.0000000000000617,0.0,True,-258.3,-0.7,0.0,-259.0
SR4_PCT,155,MSZZC1|6:XAUUSD|1:5|2:-1|1:4|39:MSZZ|XAUUSD|5|0|1|1754078100|1754078100,2.19,2.19,True,3349.13,3349.13,0.0,True,-1.0,-1.0,0.0,True,-260.61,-4.38,0.0,-264.99
SR4_PCT,157,MSZZC1|6:XAUUSD|1:5|2:-1|1:4|39:MSZZ|XAUUSD|5|0|1|1754485800|1754485800,0.77,0.77,True,3365.86,3365.8599999999997,0.0,True,-1.0,-0.9999999999998639,0.0,True,-257.18,-1.54,0.0,-258.72
SR4_PCT,159,MSZZC1|6:XAUUSD|1:5|2:-1|1:4|39:MSZZ|XAUUSD|5|0|1|1754914800|1754914800,0.84,0.84,True,3359.78,3359.7799999999997,0.0,True,0.253247,0.2532467532468242,0.0,True,65.52,-1.68,0.0,63.84
SR4_PCT,162,MSZZC1|6:XAUUSD|1:5|1:1|1:4|40:MSZZ|XAUUSD|5|0|-1|1754921100|1754921100,0.67,0.67,True,3351.34,3351.34,0.0,True,-1.0,-1.0,0.0,True,-259.29,-1.34,0.0,-260.63
SR4_PCT,164,MSZZC1|6:XAUUSD|1:5|2:-1|1:4|39:MSZZ|XAUUSD|5|0|1|1754929800|1754930100,0.68,0.68,True,3353.23,3353.2299999999996,0.0,True,0.609043,0.6090425531915653,0.0,True,155.72,-1.36,0.0,154.36
SR4_PCT,167,MSZZC1|6:XAUUSD|1:5|1:1|1:4|40:MSZZ|XAUUSD|5|0|-1|1754933100|1754933100,0.16,0.16,True,3356.23,3356.23,0.0,True,-0.139147,-0.13914656771799566,0.0,True,-36.0,-0.32,0.0,-36.32
SR4_PCT,169,MSZZC1|6:XAUUSD|1:5|2:-1|1:4|39:MSZZ|XAUUSD|5|0|1|1754944500|1754944500,0.99,0.99,True,3354.73525,3354.7352525252522,0.0,True,0.570514,0.5705143033388721,0.0,True,147.98,-1.98,0.0,146.0
SR4_PCT,172,MSZZC1|6:XAUUSD|1:5|2:-1|1:4|39:MSZZ|XAUUSD|5|0|1|1754960700|1754960700,2.07,2.07,True,3344.4642,3344.4642028985504,0.0,True,0.692638,0.6926376811596129,0.0,True,179.22,-4.14,0.0,175.08
SR4_PCT,175,MSZZC1|6:XAUUSD|1:5|2:-1|1:4|39:MSZZ|XAUUSD|5|0|1|1755075600|1755075600,1.13,1.13,True,3353.27,3353.27,0.0,True,-1.0,-1.0,0.0,True,-259.9,-2.26,0.0,-262.16
SR4_PCT,177,MSZZC1|6:XAUUSD|1:5|2:-1|1:4|39:MSZZ|XAUUSD|5|0|1|1755717300|1755717300,4.81,4.81,True,3346.24,3346.24,0.0,True,-1.0,-1.0,0.0,True,-259.74,-9.62,0.0,-269.36
SR4_PCT,179,MSZZC1|6:XAUUSD|1:5|2:-1|1:4|39:MSZZ|XAUUSD|5|0|1|1755749700|1755749700,1.75,1.75,True,3343.31623,3343.316228571429,0.0,True,0.14444,0.14444015444010821,0.0,True,37.41,-3.5,0.0,33.91
SR4_PCT,182,MSZZC1|6:XAUUSD|1:5|2:-1|1:4|39:MSZZ|XAUUSD|5|0|1|1755814200|1755814200,0.75,0.75,True,3334.4084,3334.4084000000003,0.0,True,1.114503,1.114502923976451,0.0,True,285.87,-1.5,17.25,301.62
SR4_PCT,185,MSZZC1|6:XAUUSD|1:5|1:1|1:4|40:MSZZ|XAUUSD|5|0|-1|1755838800|1755838800,0.87,0.87,True,3330.96,3330.96,0.0,True,-1.0,-1.0,0.0,True,-257.52,-1.74,0.0,-259.26
SR4_PCT,187,MSZZC1|6:XAUUSD|1:5|2:-1|1:4|39:MSZZ|XAUUSD|5|0|1|1758146700|1758147000,0.98,0.98,True,3661.335,3661.335,0.0,True,0.659696,0.6596958174906294,0.0,True,170.03,-1.96,0.0,168.07
SR4_PCT,190,MSZZC1|6:XAUUSD|1:5|2:-1|1:4|39:MSZZ|XAUUSD|5|0|1|1757604600|1757604600,0.55,0.55,True,3642.03,3642.03,0.0,True,-1.0,-1.0,0.0,True,-255.75,-1.1,0.0,-256.85
SR4_PCT,192,MSZZC1|6:XAUUSD|1:5|1:1|1:4|40:MSZZ|XAUUSD|5|0|-1|1758213300|1758213300,2.51,2.51,True,3639.26805,3639.268047808765,0.0,True,0.473833,0.4738328240434073,0.0,True,122.5,-5.02,0.0,117.48
SR4_PCT,195,MSZZC1|6:XAUUSD|1:5|1:1|1:4|40:MSZZ|XAUUSD|5|0|-1|1758257100|1758257100,0.63,0.63,True,3646.13857,3646.138571428571,0.0,True,0.786937,0.7869367796016999,0.0,True,202.77,-1.26,0.0,201.51
SR4_PCT,198,MSZZC1|6:XAUUSD|1:5|2:-1|1:4|39:MSZZ|XAUUSD|5|0|1|1758258600|1758258600,0.45,0.45,True,3651.1,3651.0999999999995,0.0,True,-1.0,-0.9999999999999198,0.0,True,-255.15,-0.9,0.0,-256.05
SR4_PCT,200,MSZZC1|6:XAUUSD|1:5|2:-1|1:4|39:MSZZ|XAUUSD|5|0|1|1758276900|1758276900,1.99,1.99,True,3650.34628,3650.346281407035,0.0,True,1.43363,1.4336296868960627,0.0,True,370.88,-3.98,0.0,366.9
SR4_PCT,203,MSZZC1|6:XAUUSD|1:5|2:-1|1:4|39:MSZZ|XAUUSD|5|0|1|1758294000|1758294000,4.19,4.19,True,3650.01,3650.01,0.0,True,2.0,2.0,0.0,True,519.56,-8.38,0.0,511.18
SR4_PCT,205,MSZZC1|6:XAUUSD|1:5|1:1|1:4|40:MSZZ|XAUUSD|5|0|-1|1761062400|1761062400,0.34,0.34,True,4200.535,4200.535,0.0,True,0.432629,0.43262879788631026,0.0,True,111.35,-0.68,0.0,110.67
SR4_PCT,208,MSZZC1|6:XAUUSD|1:5|1:1|1:4|40:MSZZ|XAUUSD|5|0|-1|1761065400|1761065400,0.15,0.15,True,4165.34,4165.34,0.0,True,-1.0,-1.0,0.0,True,-249.6,-0.3,0.0,-249.9
SR4_PCT,210,MSZZC1|6:XAUUSD|1:5|2:-1|1:4|39:MSZZ|XAUUSD|5|0|1|1760490300|1760490300,0.05,0.05,True,4141.57,4141.57,0.0,True,-0.449112,-0.4491124260354952,0.0,True,-113.85,-0.1,0.0,-113.95
SR4_PCT,212,MSZZC1|6:XAUUSD|1:5|1:1|1:4|40:MSZZ|XAUUSD|5|0|-1|1761067500|1761067500,0.15,0.15,True,4125.13,4125.13,0.0,True,-1.0,-1.0,0.0,True,-246.6,-0.3,0.0,-246.9
SR4_PCT,214,MSZZC1|6:XAUUSD|1:5|1:1|1:4|40:MSZZ|XAUUSD|5|0|-1|1761094800|1761094800,0.27,0.27,True,4113.89,4113.89,0.0,True,-1.0,-1.0,0.0,True,-253.8,-0.54,0.0,-254.34
SR4_PCT,216,MSZZC1|6:XAUUSD|1:5|1:1|1:4|40:MSZZ|XAUUSD|5|0|-1|1762220700|1762220700,0.42,0.42,True,3995.565,3995.565,0.0,True,0.45935,0.4593495934960065,0.0,True,118.65,-0.84,0.0,117.81
SR4_PCT,219,MSZZC1|6:XAUUSD|1:5|2:-1|1:4|39:MSZZ|XAUUSD|5|0|1|1762321500|1762321500,0.48,0.48,True,3970.07,3970.07,0.0,True,-1.0,-1.0,0.0,True,-258.72,-0.96,0.0,-259.68
SR4_PCT,221,MSZZC1|6:XAUUSD|1:5|1:1|1:4|40:MSZZ|XAUUSD|5|0|-1|1762266000|1762266000,0.21,0.21,True,4005.56286,4005.562857142857,0.0,True,0.411905,0.4119047619047554,0.0,True,103.8,-0.42,0.0,103.38
SR4_PCT,224,MSZZC1|6:XAUUSD|1:5|2:-1|1:4|39:MSZZ|XAUUSD|5|0|1|1762419600|1762419600,0.38,0.38,True,3993.755,3993.7550000000006,0.0,True,0.256006,0.2560060060059324,0.0,True,64.79,-0.76,0.0,64.03
SR4_PCT,227,MSZZC1|6:XAUUSD|1:5|1:1|1:4|40:MSZZ|XAUUSD|5|0|-1|1762446300|1762446300,0.21,0.21,True,3987.15,3987.15,0.0,True,-1.0,-1.0,0.0,True,-249.27,-0.42,0.0,-249.69
SR4_PCT,229,MSZZC1|6:XAUUSD|1:5|2:-1|1:4|39:MSZZ|XAUUSD|5|0|1|1762531800|1762531800,0.37,0.37,True,3997.23135,3997.231351351351,0.0,True,0.507112,0.5071123755334574,0.0,True,128.34,-0.74,0.0,127.6
SR4_PCT,232,MSZZC1|6:XAUUSD|1:5|2:-1|1:4|39:MSZZ|XAUUSD|5|0|1|1762539600|1762539600,0.13,0.13,True,4013.86,4013.8600000000006,0.0,True,-1.0,-1.0000000000000242,0.0,True,-243.49,-0.26,8.97,-234.78
SR4_PCT,234,MSZZC1|6:XAUUSD|1:5|2:-1|1:4|39:MSZZ|XAUUSD|5|0|1|1763366700|1763366700,0.3,0.3,True,4071.7,4071.7000000000003,0.0,True,-1.0,-1.0000000000000544,0.0,True,-250.8,-0.6,0.0,-251.4
SR4_PCT,236,MSZZC1|6:XAUUSD|1:5|1:1|1:4|40:MSZZ|XAUUSD|5|0|-1|1763393700|1763393700,0.25,0.25,True,4064.03,4064.03,0.0,True,-1.0,-1.0,0.0,True,-255.75,-0.5,0.0,-256.25
SR4_PCT,238,MSZZC1|6:XAUUSD|1:5|1:1|1:4|40:MSZZ|XAUUSD|5|0|-1|1763129700|1763129700,0.67,0.67,True,4114.82,4114.82,0.0,True,-1.0,-1.0,0.0,True,-256.61,-1.34,0.0,-257.95
SR4_PCT,240,MSZZC1|6:XAUUSD|1:5|2:-1|1:4|39:MSZZ|XAUUSD|5|0|1|1763553300|1763553300,0.21,0.21,True,4112.17,4112.17,0.0,True,-0.414983,-0.41498316498318566,0.0,True,-103.53,-0.42,0.0,-103.95
SR4_PCT,242,MSZZC1|6:XAUUSD|1:5|1:1|1:4|40:MSZZ|XAUUSD|5|0|-1|1763564400|1763564400,0.44,0.44,True,4106.39,4106.39,0.0,True,-1.0,-1.0,0.0,True,-254.32,-0.88,0.0,-255.2
SR4_PCT,244,MSZZC1|6:XAUUSD|1:5|2:-1|1:4|39:MSZZ|XAUUSD|5|0|1|1763565900|1763565900,0.22,0.22,True,4117.88,4117.88,0.0,True,-1.0,-1.0,0.0,True,-254.76,-0.44,0.0,-255.2
SR4_PCT,246,MSZZC1|6:XAUUSD|1:5|1:1|1:4|40:MSZZ|XAUUSD|5|0|-1|1763130300|1763130300,0.3,0.3,True,4122.73,4122.73,0.0,True,0.59312,0.5931198102017042,0.0,True,150.0,-0.6,0.0,149.4
SR4_PCT,249,MSZZC1|6:XAUUSD|1:5|1:1|1:4|40:MSZZ|XAUUSD|5|0|-1|1763573100|1763573100,0.81,0.81,True,4113.97,4113.97,0.0,True,-1.0,-1.0,0.0,True,-252.72,-1.62,0.0,-254.34
SR4_PCT,251,MSZZC1|6:XAUUSD|1:5|1:1|1:4|40:MSZZ|XAUUSD|5|0|-1|1763949900|1763949900,0.57,0.57,True,4065.25579,4065.2557894736847,0.0,True,0.622074,0.622074373292274,0.0,True,157.08,-1.14,0.0,155.94
SR4_PCT,254,MSZZC1|6:XAUUSD|1:5|1:1|1:4|40:MSZZ|XAUUSD|5|0|-1|1763965800|1763965800,1.42,1.42,True,4045.05,4045.0499999999997,0.0,True,-1.0,-1.000000000000254,0.0,True,-254.18,-2.84,0.0,-257.02
SR4_PCT,256,MSZZC1|6:XAUUSD|1:5|2:-1|1:4|39:MSZZ|XAUUSD|5|0|1|1764334200|1764334200,0.13,0.13,True,4188.02,4188.02,0.0,True,-1.0,-1.0,0.0,True,-243.49,-0.26,0.0,-243.75
SR4_PCT,258,MSZZC1|6:XAUUSD|1:5|1:1|1:4|40:MSZZ|XAUUSD|5|0|-1|1765306800|1765307100,0.57,0.57,True,4213.01193,4213.011929824561,0.0,True,0.354038,0.3540382487750919,0.0,True,89.6,-1.14,0.0,88.46
SR4_PCT,261,MSZZC1|6:XAUUSD|1:5|2:-1|1:4|39:MSZZ|XAUUSD|5|0|1|1765336500|1765336500,1.07,1.07,True,4214.18383,4214.183831775701,0.0,True,0.621258,0.6212577221602701,0.0,True,156.88,-2.14,0.0,154.74
SR4_PCT,264,MSZZC1|6:XAUUSD|1:5|1:1|1:4|40:MSZZ|XAUUSD|5|0|-1|1765343400|1765343400,0.48,0.48,True,4207.46,4207.46,0.0,True,-1.0,-1.0,0.0,True,-253.92,-0.96,0.0,-254.88
SR4_PCT,266,MSZZC1|6:XAUUSD|1:5|1:1|1:4|40:MSZZ|XAUUSD|5|0|-1|1764958200|1764958200,0.16,0.16,True,4190.47,4190.47,0.0,True,-1.0,-1.0,0.0,True,-251.84,-0.32,0.0,-252.16
SR4_PCT,268,MSZZC1|6:XAUUSD|1:5|1:1|1:4|40:MSZZ|XAUUSD|5|0|-1|1764957000|1764957000,1.52,1.52,True,4240.5,4240.5,0.0,True,-1.0,-1.0,0.0,True,-252.32,-3.04,0.0,-255.36
SR4_PCT,270,MSZZC1|6:XAUUSD|1:5|2:-1|1:4|39:MSZZ|XAUUSD|5|0|1|1765417800|1765417800,0.33,0.33,True,4227.22636,4227.226363636364,0.0,True,0.68525,0.6852498494881323,0.0,True,170.73,-0.66,0.0,170.07
SR4_PCT,273,MSZZC1|6:XAUUSD|1:5|1:1|1:4|40:MSZZ|XAUUSD|5|0|-1|1765427100|1765427100,0.33,0.33,True,4235.18758,4235.187575757575,0.0,True,0.567279,0.5672792178815792,0.0,True,139.84,-0.66,0.0,139.18
SR4_PCT,276,MSZZC1|6:XAUUSD|1:5|2:-1|1:4|39:MSZZ|XAUUSD|5|0|1|1766134500|1766134800,0.42,0.42,True,4329.21,4329.21,0.0,True,-1.0,-1.0,0.0,True,-249.48,-0.84,0.0,-250.32
SR4_PCT,278,MSZZC1|6:XAUUSD|1:5|2:-1|1:4|39:MSZZ|XAUUSD|5|0|1|1766143500|1766143800,1.43,1.43,True,4327.19042,4327.190419580419,0.0,True,0.437262,0.437261602034583,0.0,True,110.05,-2.86,0.0,107.19
SR4_PCT,281,MSZZC1|6:XAUUSD|1:5|1:1|1:4|40:MSZZ|XAUUSD|5|0|-1|1766157900|1766157900,0.8,0.8,True,4330.04,4330.04,0.0,True,0.222222,0.22222222222212598,0.0,True,56.0,-1.6,0.0,54.4
SR4_PCT,284,MSZZC1|6:XAUUSD|1:5|2:-1|1:4|39:MSZZ|XAUUSD|5|0|1|1766368800|1766368800,0.58,0.58,True,4366.29,4366.29,0.0,True,-1.0,-1.0,0.0,True,-249.98,-1.16,0.0,-251.14
SR4_PCT,286,MSZZC1|6:XAUUSD|1:5|2:-1|1:4|39:MSZZ|XAUUSD|5|0|1|1766163600|1766163600,0.08,0.08,True,4331.66,4331.66,0.0,True,-0.514137,-0.5141371465713341,0.0,True,-126.56,-0.16,0.0,-126.72
SR4_PCT,288,MSZZC1|6:XAUUSD|1:5|1:1|1:4|40:MSZZ|XAUUSD|5|0|-1|1767027900|1767027900,0.16,0.16,True,4336.75,4336.750000000001,0.0,True,0.335974,0.3359735973598137,0.0,True,81.44,-0.32,0.0,81.12
SR4_PCT,291,MSZZC1|6:XAUUSD|1:5|2:-1|1:4|39:MSZZ|XAUUSD|5|0|1|1767069900|1767069900,0.34,0.34,True,4365.39,4365.39,0.0,True,-1.0,-1.0,0.0,True,-246.84,-0.68,0.0,-247.52
SR4_PCT,293,MSZZC1|6:XAUUSD|1:5|2:-1|1:4|39:MSZZ|XAUUSD|5|0|1|1767103500|1767103500,0.12,0.12,True,4360.6,4360.6,0.0,True,0.508095,0.5080952380952416,0.0,True,128.04,-0.24,1.38,129.18
SR4_PCT,296,MSZZC1|6:XAUUSD|1:5|2:-1|1:4|39:MSZZ|XAUUSD|5|0|1|1767717000|1767717000,0.28,0.28,True,4472.63,4472.63,0.0,True,0.207441,0.2074408117249344,0.0,True,51.52,-0.56,0.0,50.96
SR4_PCT,299,MSZZC1|6:XAUUSD|1:5|1:1|1:4|40:MSZZ|XAUUSD|5|0|-1|1767004500|1767004500,0.17,0.17,True,4483.87471,4483.874705882353,0.0,True,0.432311,0.43231072333237175,0.0,True,107.52,-0.34,0.0,107.18
SR4_PCT,302,MSZZC1|6:XAUUSD|1:5|2:-1|1:4|39:MSZZ|XAUUSD|5|0|1|1767978300|1767978300,0.31,0.31,True,4492.88806,4492.888064516129,0.0,True,0.621694,0.6216936478263364,0.0,True,156.3,-0.62,0.0,155.68
SR4_PCT,305,MSZZC1|6:XAUUSD|1:5|2:-1|1:4|39:MSZZ|XAUUSD|5|0|1|1767990600|1767990600,0.48,0.48,True,4501.96,4501.96,0.0,True,-1.0,-1.0,0.0,True,-248.64,-0.96,0.0,-249.6
SR4_PCT,307,MSZZC1|6:XAUUSD|1:5|2:-1|1:4|39:MSZZ|XAUUSD|5|0|1|1769788800|1769788800,0.02,0.02,True,4809.765,4809.765,0.0,True,1.555955,1.5559552358113444,0.0,True,350.37,-0.04,0.0,350.33
SR4_PCT,310,MSZZC1|6:XAUUSD|1:5|1:1|1:4|40:MSZZ|XAUUSD|5|0|-1|1770608100|1770608100,0.11,0.11,True,4999.97727,4999.977272727272,0.0,True,0.462501,0.4625010750838466,0.0,True,107.55,-0.22,0.0,107.33
SR4_PCT,313,MSZZC1|6:XAUUSD|1:5|1:1|1:4|40:MSZZ|XAUUSD|5|0|-1|1770792000|1770792000,0.19,0.19,True,5049.26,5049.26,0.0,True,-1.0,-1.0,0.0,True,-249.66,-0.38,0.0,-250.04
SR4_PCT,315,MSZZC1|6:XAUUSD|1:5|2:-1|1:4|39:MSZZ|XAUUSD|5|0|1|1770797100|1770797100,0.49,0.49,True,5061.57,5061.57,0.0,True,-1.0,-1.0,0.0,True,-250.88,-0.98,0.0,-251.86
SR4_PCT,317,MSZZC1|6:XAUUSD|1:5|2:-1|1:4|39:MSZZ|XAUUSD|5|0|1|1770842100|1770842100,0.53,0.53,True,5087.39,5087.39,0.0,True,-1.0,-1.0,0.0,True,-248.57,-1.06,0.0,-249.63
SR4_PCT,319,MSZZC1|6:XAUUSD|1:5|2:-1|1:4|39:MSZZ|XAUUSD|5|0|1|1770853800|1770853800,0.07,0.07,True,4997.73,4997.73,0.0,True,2.0,2.0000000000000275,0.0,True,461.3,-0.14,0.0,461.16
SR4_PCT,321,MSZZC1|6:XAUUSD|1:5|1:1|1:4|40:MSZZ|XAUUSD|5|0|-1|1770926700|1770926700,0.12,0.12,True,4945.045,4945.044999999999,0.0,True,0.841739,0.8417387127760906,0.0,True,210.3,-0.24,0.0,210.06
SR4_PCT,324,MSZZC1|6:XAUUSD|1:5|2:-1|1:4|39:MSZZ|XAUUSD|5|0|1|1770929400|1770929700,0.19,0.19,True,4937.37421,4937.374210526315,0.0,True,0.59983,0.5998303510118013,0.0,True,148.5,-0.38,2.3,150.42
SR4_PCT,327,MSZZC1|6:XAUUSD|1:5|2:-1|1:4|39:MSZZ|XAUUSD|5|0|1|1770948300|1770948300,0.38,0.38,True,4939.19,4939.19,0.0,True,0.428354,0.4283536585366202,0.0,True,106.78,-0.76,0.0,106.02
SR4_PCT,330,MSZZC1|6:XAUUSD|1:5|1:1|1:4|40:MSZZ|XAUUSD|5|0|-1|1771216500|1771216500,0.39,0.39,True,4996.18,4996.18,0.0,True,-1.0,-1.0,0.0,True,-248.43,-0.78,0.0,-249.21
SR4_PCT,332,MSZZC1|6:XAUUSD|1:5|1:1|1:4|40:MSZZ|XAUUSD|5|0|-1|1771606800|1771606800,0.17,0.17,True,5028.96412,5028.9641176470595,0.0,True,0.425567,0.42556687479467675,0.0,True,103.6,-0.34,0.0,103.26
SR4_PCT,335,MSZZC1|6:XAUUSD|1:5|2:-1|1:4|39:MSZZ|XAUUSD|5|0|1|1771605000|1771605000,0.45,0.45,True,5056.76,5056.760000000001,0.0,True,-1.0,-1.0000000000001648,0.0,True,-248.4,-0.9,0.0,-249.3
SR4_PCT,337,MSZZC1|6:XAUUSD|1:5|2:-1|1:4|39:MSZZ|XAUUSD|5|0|1|1773359100|1773359100,0.2,0.2,True,5090.47,5090.47,0.0,True,-1.0,-1.0,0.0,True,-251.8,-0.4,0.0,-252.2
SR4_PCT,339,MSZZC1|6:XAUUSD|1:5|2:-1|1:4|39:MSZZ|XAUUSD|5|0|1|1773409500|1773409500,0.11,0.11,True,4905.18636,4905.186363636364,0.0,True,7.934532,7.934532195243366,0.0,True,1914.92,-0.22,37.26,1951.96
SR4_PCT,342,MSZZC1|6:XAUUSD|1:5|1:1|1:4|40:MSZZ|XAUUSD|5|0|-1|1775770800|1775770800,0.52,0.52,True,4777.23,4777.23,0.0,True,0.92449,0.924489795918384,0.0,True,235.56,-1.04,0.0,234.52
SR4_PCT,345,MSZZC1|6:XAUUSD|1:5|1:1|1:4|40:MSZZ|XAUUSD|5|0|-1|1775773800|1775773800,0.82,0.82,True,4769.08,4769.08,0.0,True,-1.0,-1.0,0.0,True,-257.48,-1.64,0.0,-259.12
SR4_PCT,347,MSZZC1|6:XAUUSD|1:5|1:1|1:4|40:MSZZ|XAUUSD|5|0|-1|1776242100|1776242100,0.8,0.8,True,4812.16,4812.16,0.0,True,-1.0,-1.0,0.0,True,-256.0,-1.6,0.0,-257.6
SR4_PCT,349,MSZZC1|6:XAUUSD|1:5|1:1|1:4|40:MSZZ|XAUUSD|5|0|-1|1776274200|1776274200,0.8,0.8,True,4816.33,4816.33,0.0,True,-1.0,-1.0,0.0,True,-254.4,-1.6,0.0,-256.0
SR4_PCT,351,MSZZC1|6:XAUUSD|1:5|1:1|1:4|40:MSZZ|XAUUSD|5|0|-1|1776367800|1776367800,0.48,0.48,True,4788.905,4788.905,0.0,True,0.314259,0.3142589118199258,0.0,True,80.4,-0.96,0.0,79.44
SR4_PCT,354,MSZZC1|6:XAUUSD|1:5|1:1|1:4|40:MSZZ|XAUUSD|5|0|-1|1776358200|1776358200,0.41,0.41,True,4786.26,4786.26,0.0,True,-1.0,-1.0,0.0,True,-250.92,-0.82,0.0,-251.74
SR4_PCT,356,MSZZC1|6:XAUUSD|1:5|1:1|1:4|40:MSZZ|XAUUSD|5|0|-1|1776416400|1776416400,0.35,0.35,True,4784.67,4784.67,0.0,True,-1.0,-1.0,0.0,True,-250.95,-0.7,0.0,-251.65
SR4_PCT,358,MSZZC1|6:XAUUSD|1:5|1:1|1:4|40:MSZZ|XAUUSD|5|0|-1|1776652200|1776652200,0.09,0.09,True,4799.15667,4799.156666666667,0.0,True,0.429206,0.42920634920634,0.0,True,101.4,-0.18,0.0,101.22
SR4_PCT,361,MSZZC1|6:XAUUSD|1:5|2:-1|1:4|39:MSZZ|XAUUSD|5|0|1|1776657900|1776657900,0.54,0.54,True,4791.7,4791.7,0.0,True,-1.0,-1.0,0.0,True,-251.1,-1.08,0.0,-252.18
SR4_PCT,363,MSZZC1|6:XAUUSD|1:5|2:-1|1:4|39:MSZZ|XAUUSD|5|0|1|1776696000|1776696000,0.73,0.73,True,4793.33055,4793.330547945206,0.0,True,0.325422,0.32542210895176504,0.0,True,81.72,-1.46,0.0,80.26
SR4_PCT,366,MSZZC1|6:XAUUSD|1:5|1:1|1:4|40:MSZZ|XAUUSD|5|0|-1|1776792600|1776792600,0.63,0.63,True,4759.24,4759.24,0.0,True,-1.0,-1.0,0.0,True,-254.52,-1.26,0.0,-255.78
SR4_PCT,368,MSZZC1|6:XAUUSD|1:5|1:1|1:4|40:MSZZ|XAUUSD|5|0|-1|1778019300|1778019300,1.31,1.31,True,4558.49908,4558.499083969466,0.0,True,1.284499,1.2844994660439186,0.0,True,324.76,-2.62,0.0,322.14
SR4_PCT,371,MSZZC1|6:XAUUSD|1:5|2:-1|1:4|39:MSZZ|XAUUSD|5|0|1|1778023500|1778023500,1.09,1.09,True,4556.69459,4556.694587155963,0.0,True,0.444383,0.44438319486538874,0.0,True,112.86,-2.18,0.0,110.68
SR4_PCT,374,MSZZC1|6:XAUUSD|1:5|1:1|1:4|40:MSZZ|XAUUSD|5|0|-1|1778025000|1778025300,0.22,0.22,True,4635.555,4635.555,0.0,True,6.622405,6.622404844290453,0.0,True,1684.21,-0.44,-40.48,1643.29
SR4_PCT,377,MSZZC1|6:XAUUSD|1:5|2:-1|1:4|39:MSZZ|XAUUSD|5|0|1|1778771700|1778771700,0.25,0.25,True,4691.248,4691.248,0.0,True,0.614896,0.6148957298907276,0.0,True,154.8,-0.5,0.0,154.3
SR4_PCT,380,MSZZC1|6:XAUUSD|1:5|1:1|1:4|40:MSZZ|XAUUSD|5|0|-1|1779467700|1779467700,0.43,0.43,True,4520.81767,4520.817674418605,0.0,True,0.227798,0.227797721242415,0.0,True,58.38,-0.86,0.0,57.52
SR4_PCT,383,MSZZC1|6:XAUUSD|1:5|2:-1|1:4|39:MSZZ|XAUUSD|5|0|1|1779480600|1779480900,0.33,0.33,True,4518.00545,4518.005454545454,0.0,True,0.267845,0.2678446872821427,0.0,True,69.12,-0.66,0.0,68.46
SR4_PCT,386,MSZZC1|6:XAUUSD|1:5|2:-1|1:4|39:MSZZ|XAUUSD|5|0|1|1779297300|1779297300,0.43,0.43,True,4506.15,4506.15,0.0,True,-1.0,-1.0,0.0,True,-254.56,-0.86,0.0,-255.42
SR4_PCT,388,MSZZC1|6:XAUUSD|1:5|1:1|1:4|40:MSZZ|XAUUSD|5|0|-1|1779871200|1779871200,0.12,0.12,True,4502.11,4502.11,0.0,True,-0.112599,-0.11259920634922882,0.0,True,-27.24,-0.24,0.0,-27.48
SR4_PCT,390,MSZZC1|6:XAUUSD|1:5|2:-1|1:4|39:MSZZ|XAUUSD|5|0|1|1779996000|1779996000,0.59,0.59,True,4498.34593,4498.34593220339,0.0,True,0.857419,0.8574186324851539,0.0,True,222.08,-1.18,6.9,227.8
SR4_PCT,393,MSZZC1|6:XAUUSD|1:5|1:1|1:4|40:MSZZ|XAUUSD|5|0|-1|1780012500|1780012500,0.6,0.6,True,4493.23,4493.23,0.0,True,-1.0,-1.0,0.0,True,-258.0,-1.2,0.0,-259.2
SR4_PCT,395,MSZZC1|6:XAUUSD|1:5|1:1|1:4|40:MSZZ|XAUUSD|5|0|-1|1780025700|1780026000,0.23,0.23,True,4497.3,4497.3,0.0,True,-0.380204,-0.3802035152636324,0.0,True,-94.53,-0.46,0.0,-94.99
SR4_PCT,397,MSZZC1|6:XAUUSD|1:5|2:-1|1:4|39:MSZZ|XAUUSD|5|0|1|1780314000|1780314000,0.49,0.49,True,4502.52,4502.52,0.0,True,-1.0,-1.0,0.0,True,-255.78,-0.98,0.0,-256.76
SR4_PCT,399,MSZZC1|6:XAUUSD|1:5|1:1|1:4|40:MSZZ|XAUUSD|5|0|-1|1780418100|1780418400,0.49,0.49,True,4501.62,4501.62,0.0,True,-1.0,-1.0,0.0,True,-255.29,-0.98,0.0,-256.27
SR4_PCT,401,MSZZC1|6:XAUUSD|1:5|2:-1|1:4|39:MSZZ|XAUUSD|5|0|1|1779987000|1779987600,0.66,0.66,True,4424.25,4424.25,0.0,True,2.0,1.9999999999997637,0.0,True,508.2,-1.32,0.0,506.88
SR4_PCT,403,MSZZC1|6:XAUUSD|1:5|2:-1|1:4|39:MSZZ|XAUUSD|5|0|1|1781499600|1781499600,0.34,0.34,True,4331.21,4331.21,0.0,True,-1.0,-1.0,0.0,True,-256.02,-0.68,0.0,-256.7
SR4_PCT,405,MSZZC1|6:XAUUSD|1:5|1:1|1:4|40:MSZZ|XAUUSD|5|0|-1|1781512800|1781512800,0.52,0.52,True,4309.38,4309.38,0.0,True,-1.0,-1.0,0.0,True,-254.8,-1.04,0.0,-255.84
SR4_PCT,407,MSZZC1|6:XAUUSD|1:5|1:1|1:4|40:MSZZ|XAUUSD|5|0|-1|1781584500|1781584500,2.07,2.07,True,4312.92,4312.92,0.0,True,-1.0,-1.0,0.0,True,-256.68,-4.14,0.0,-260.82
SR4_PCT,409,MSZZC1|6:XAUUSD|1:5|1:1|1:4|40:MSZZ|XAUUSD|5|0|-1|1781869800|1781870400,0.08,0.08,True,4169.22,4169.22,0.0,True,-0.333662,-0.3336617405582895,0.0,True,-81.28,-0.16,0.0,-81.44
SR4_PCT,411,MSZZC1|6:XAUUSD|1:5|2:-1|1:4|39:MSZZ|XAUUSD|5|0|1|1781884200|1781884200,0.2,0.2,True,4181.59,4181.59,0.0,True,-1.0,-1.0,0.0,True,-247.4,-0.4,0.0,-247.8
SR4_PCT,413,MSZZC1|6:XAUUSD|1:5|2:-1|1:4|39:MSZZ|XAUUSD|5|0|1|1781892000|1781892000,0.93,0.93,True,4149.82269,4149.822688172044,0.0,True,0.596085,0.596084918665085,0.0,True,151.34,-1.86,0.0,149.48
SR4_PCT,416,MSZZC1|6:XAUUSD|1:5|1:1|1:4|40:MSZZ|XAUUSD|5|0|-1|1781845500|1781845500,0.09,0.09,True,4184.36,4184.36,0.0,True,-0.638103,-0.6381025248661087,0.0,True,-150.12,-0.18,0.0,-150.3
SR4_PCT,418,MSZZC1|6:XAUUSD|1:5|2:-1|1:4|39:MSZZ|XAUUSD|5|0|1|1782100200|1782100200,0.24,0.24,True,4195.01,4195.01,0.0,True,-1.0,-1.0,0.0,True,-255.6,-0.48,0.0,-256.08
SR4_PCT,420,MSZZC1|6:XAUUSD|1:5|1:1|1:4|40:MSZZ|XAUUSD|5|0|-1|1782124200|1782124200,0.15,0.15,True,4192.2,4192.2,0.0,True,-1.0,-1.0,0.0,True,-246.75,-0.3,0.0,-247.05
SR4_PCT,422,MSZZC1|6:XAUUSD|1:5|1:1|1:4|40:MSZZ|XAUUSD|5|0|-1|1782843300|1782843300,0.16,0.16,True,4019.12,4019.1200000000003,0.0,True,-1.0,-0.9999999999999701,0.0,True,-243.2,-0.32,0.0,-243.52
SR4_PCT,424,MSZZC1|6:XAUUSD|1:5|2:-1|1:4|39:MSZZ|XAUUSD|5|0|1|1782922500|1782922500,0.24,0.24,True,4039.63,4039.63,0.0,True,-1.0,-1.0,0.0,True,-244.32,-0.48,5.52,-239.28
SR4_PCT,426,MSZZC1|6:XAUUSD|1:5|1:1|1:4|40:MSZZ|XAUUSD|5|0|-1|1783575600|1783575600,0.22,0.22,True,4098.81,4098.81,0.0,True,2.0,1.99999999999996,0.0,True,500.28,-0.44,0.0,499.84
SR4_PCT,428,MSZZC1|6:XAUUSD|1:5|2:-1|1:4|39:MSZZ|XAUUSD|5|0|1|1783659900|1783659900,0.53,0.53,True,4118.72208,4118.722075471698,0.0,True,0.913247,0.9132472691162548,0.0,True,229.91,-1.06,0.0,228.85
SR4_PCT,431,MSZZC1|6:XAUUSD|1:5|1:1|1:4|40:MSZZ|XAUUSD|5|0|-1|1783667400|1783667400,0.49,0.49,True,4112.41,4112.41,0.0,True,-1.0,-1.0,0.0,True,-250.88,-0.98,0.0,-251.86
SR4_PCT,433,MSZZC1|6:XAUUSD|1:5|1:1|1:4|40:MSZZ|XAUUSD|5|0|-1|1784142900|1784142900,0.32,0.32,True,4044.17,4044.1699999999996,0.0,True,1.070352,1.0703517587939055,0.0,True,272.64,-0.64,-7.36,264.64
SR4_PCT,436,MSZZC1|6:XAUUSD|1:5|2:-1|1:4|39:MSZZ|XAUUSD|5|0|1|1784147100|1784147100,0.19,0.19,True,4029.75316,4029.753157894737,0.0,True,0.852178,0.8521784861847395,0.0,True,210.65,-0.38,0.0,210.27
SR4_PCT,439,MSZZC1|6:XAUUSD|1:5|1:1|1:4|40:MSZZ|XAUUSD|5|0|-1|1784178900|1784179200,0.33,0.33,True,4035.45,4035.45,0.0,True,0.48285,0.4828496042216213,0.0,True,120.78,-0.66,0.0,120.12
SR4_PCT,441,MSZZC1|6:XAUUSD|1:5|2:-1|1:4|39:MSZZ|XAUUSD|5|0|1|1784179800|1784179800,3.16,3.16,True,4035.23,4035.23,0.0,True,0.271605,0.27160493827122373,0.0,True,69.52,-6.32,0.0,63.2
SR4_PCT,444,MSZZC1|6:XAUUSD|1:5|1:1|1:4|40:MSZZ|XAUUSD|5|0|-1|1784196600|1784196600,0.77,0.77,True,4029.61481,4029.6148051948053,0.0,True,0.986346,0.9863459803037553,0.0,True,251.39,-1.54,0.0,249.85
SR4_PCT,447,MSZZC1|6:XAUUSD|1:5|2:-1|1:4|39:MSZZ|XAUUSD|5|0|1|1784198700|1784198700,0.44,0.44,True,4034.2,4034.2,0.0,True,-1.0,-1.0,0.0,True,-252.56,-0.88,0.0,-253.44
SR4_PCT,449,MSZZC1|6:XAUUSD|1:5|1:1|1:4|40:MSZZ|XAUUSD|5|0|-1|1784204700|1784204700,1.65,1.65,True,4032.64673,4032.6467272727273,0.0,True,0.346276,0.34627565982392605,0.0,True,88.56,-3.3,0.0,85.26
SR4_PCT,452,MSZZC1|6:XAUUSD|1:5|1:1|1:4|40:MSZZ|XAUUSD|5|0|-1|1784209200|1784209200,0.15,0.15,True,4033.31,4033.31,0.0,True,-0.395639,-0.39563862928349014,0.0,True,-95.25,-0.3,0.0,-95.55
SR4_PCT,454,MSZZC1|6:XAUUSD|1:5|2:-1|1:4|39:MSZZ|XAUUSD|5|0|1|1784212800|1784212800,0.25,0.25,True,4013.23,4013.23,0.0,True,2.0,2.0,0.0,True,502.0,-0.5,0.0,501.5
P3_SR3,2,MSZZC1|6:XAUUSD|1:5|2:-1|1:4|39:MSZZ|XAUUSD|5|0|1|1741108200|1741108500,0.46,0.46,True,2913.57,2913.57,0.0,True,-1.0,-1.0,0.0,True,-249.78,-0.92,0.0,-250.7
P3_SR3,4,MSZZC1|6:XAUUSD|1:5|2:-1|1:4|39:MSZZ|XAUUSD|5|0|1|1741168500|1741168500,0.72,0.72,True,2909.45,2909.45,0.0,True,2.0,2.0,0.0,True,495.36,-1.44,0.0,493.92
P3_SR3,6,MSZZC1|6:XAUUSD|1:5|1:1|1:4|40:MSZZ|XAUUSD|5|0|-1|1741177200|1741177200,2.45,2.45,True,2913.82,2913.82,0.0,True,-1.0,-1.0,0.0,True,-249.9,-4.9,0.0,-254.8
P3_SR3,8,MSZZC1|6:XAUUSD|1:5|2:-1|1:1|67:BO|XAUUSD|5|0|S|1741189500|MSZZ|XAUUSD|5|0|-1|1741189200|1741189200,0.11,0.11,True,2917.24,2917.24,0.0,True,-1.0,-1.0,0.0,True,-231.11,-0.22,0.0,-231.33
P3_SR3,10,MSZZC1|6:XAUUSD|1:5|1:1|1:1|66:BO|XAUUSD|5|0|L|1741194300|MSZZ|XAUUSD|5|0|1|1741192500|1741192500,0.22,0.22,True,2922.85,2922.8499999999995,0.0,True,0.438069,0.4380692167576942,0.0,True,105.82,-0.44,0.0,105.38
P3_SR3,13,MSZZC1|6:XAUUSD|1:5|1:1|1:4|40:MSZZ|XAUUSD|5|0|-1|1741200900|1741200900,1.61,1.61,True,2921.38,2921.38,0.0,True,-1.0,-1.0,0.0,True,-249.55,-3.22,0.0,-252.77
P3_SR3,12,MSZZC1|6:XAUUSD|1:5|2:-1|1:1|67:BO|XAUUSD|5|0|S|1741201200|MSZZ|XAUUSD|5|0|-1|1741200900|1741200900,0.34,0.34,True,2908.41,2908.41,0.0,True,2.0,1.999999999999937,0.0,True,490.96,-0.68,7.82,498.1
P3_SR3,16,MSZZC1|6:XAUUSD|1:5|1:1|1:4|40:MSZZ|XAUUSD|5|0|-1|1741640400|1741640400,0.9,0.9,True,2898.415,2898.415,0.0,True,1.541367,1.541366906474657,0.0,True,385.65,-1.8,0.0,383.85
P3_SR3,19,MSZZC1|6:XAUUSD|1:5|1:1|1:1|66:BO|XAUUSD|5|0|L|1741683300|MSZZ|XAUUSD|5|0|1|1741674000|1741674000,1.32,1.32,True,2895.93,2895.93,0.0,True,-1.0,-1.0,0.0,True,-250.8,-2.64,0.0,-253.44
P3_SR3,21,MSZZC1|6:XAUUSD|1:5|1:1|1:4|40:MSZZ|XAUUSD|5|0|-1|1741686300|1741686300,0.77,0.77,True,2895.64,2895.64,0.0,True,-0.101538,-0.10153846153843915,0.0,True,-25.41,-1.54,0.0,-26.95
P3_SR3,23,MSZZC1|6:XAUUSD|1:5|2:-1|1:4|39:MSZZ|XAUUSD|5|0|1|1741674000|1741674000,0.73,0.73,True,2899.05,2899.05,0.0,True,-1.0,-1.0,0.0,True,-248.93,-1.46,0.0,-250.39
P3_SR3,24,MSZZC1|6:XAUUSD|1:5|1:1|1:1|66:BO|XAUUSD|5|0|L|1741688700|MSZZ|XAUUSD|5|0|1|1741687200|1741687200,1.21,1.21,True,2902.11,2902.11,0.0,True,2.0,2.0000000000002207,0.0,True,498.52,-2.42,0.0,496.1
P3_SR3,27,MSZZC1|6:XAUUSD|1:5|2:-1|1:4|39:MSZZ|XAUUSD|5|0|1|1741690500|1741690800,0.53,0.53,True,2900.72,2900.72,0.0,True,-0.408511,-0.40851063829780687,0.0,True,-101.76,-1.06,0.0,-102.82
P3_SR3,29,MSZZC1|6:XAUUSD|1:5|1:1|1:4|40:MSZZ|XAUUSD|5|0|-1|1741691400|1741691400,0.92,0.92,True,2898.02,2898.02,0.0,True,-1.0,-1.0,0.0,True,-248.4,-1.84,0.0,-250.24
P3_SR3,31,MSZZC1|6:XAUUSD|1:5|1:1|1:4|40:MSZZ|XAUUSD|5|0|-1|1741368000|1741368000,0.84,0.84,True,2926.17,2926.1699999999996,0.0,True,0.631757,0.6317567567565585,0.0,True,157.08,-1.68,0.0,155.4
P3_SR3,35,MSZZC1|6:XAUUSD|1:5|2:-1|1:4|39:MSZZ|XAUUSD|5|0|1|1742583900|1742583900,2.98,2.98,True,3013.35,3013.35,0.0,True,2.0,2.0000000000010827,0.0,True,500.64,-5.96,0.0,494.68
P3_SR3,34,MSZZC1|6:XAUUSD|1:5|1:1|1:1|66:BO|XAUUSD|5|0|L|1742586300|MSZZ|XAUUSD|5|0|1|1742583900|1742583900,0.6,0.6,True,3022.39,3022.39,0.0,True,2.0,1.9999999999998899,0.0,True,495.6,-1.2,0.0,494.4
P3_SR3,38,MSZZC1|6:XAUUSD|1:5|1:1|1:4|40:MSZZ|XAUUSD|5|0|-1|1742898000|1742898000,1.4,1.4,True,3016.81,3016.81,0.0,True,1.738889,1.7388888888892131,0.0,True,438.2,-2.8,0.0,435.4
P3_SR3,41,MSZZC1|6:XAUUSD|1:5|2:-1|1:4|39:MSZZ|XAUUSD|5|0|1|1742901600|1742901600,1.11,1.11,True,3017.64955,3017.6495495495496,0.0,True,-0.537246,-0.5372464975990399,0.0,True,-135.37,-2.22,0.0,-137.59
P3_SR3,44,MSZZC1|6:XAUUSD|1:5|2:-1|1:4|39:MSZZ|XAUUSD|5|0|1|1742919000|1742919300,1.37,1.37,True,3021.08,3021.08,0.0,True,2.0,2.000000000000246,0.0,True,506.9,-2.74,0.0,504.16
P3_SR3,46,MSZZC1|6:XAUUSD|1:5|1:1|1:4|40:MSZZ|XAUUSD|5|0|-1|1742926200|1742926200,0.41,0.41,True,3018.04,3018.04,0.0,True,-1.0,-1.0,0.0,True,-252.97,-0.82,0.0,-253.79
P3_SR3,48,MSZZC1|6:XAUUSD|1:5|1:1|1:4|40:MSZZ|XAUUSD|5|0|-1|1742987400|1742987400,0.9,0.9,True,3026.88,3026.88,0.0,True,-1.0,-1.0,0.0,True,-252.0,-1.8,0.0,-253.8
P3_SR3,51,MSZZC1|6:XAUUSD|1:5|2:-1|1:4|39:MSZZ|XAUUSD|5|0|1|1743081900|1743081900,1.4,1.4,True,3052.545,3052.545,0.0,True,0.179558,0.17955801104962868,0.0,True,45.5,-2.8,0.0,42.7
P3_SR3,50,MSZZC1|6:XAUUSD|1:5|1:1|1:1|66:BO|XAUUSD|5|0|L|1743083100|MSZZ|XAUUSD|5|0|1|1743081900|1743081900,0.29,0.29,True,3045.75,3045.75,0.0,True,-1.0,-1.0,0.0,True,-250.85,-0.58,0.0,-251.43
P3_SR3,54,MSZZC1|6:XAUUSD|1:5|2:-1|1:4|39:MSZZ|XAUUSD|5|0|1|1743081300|1743081300,0.59,0.59,True,3043.85508,3043.8550847457627,0.0,True,1.453989,1.4539894467539891,0.0,True,363.73,-1.18,0.0,362.55
P3_SR3,58,MSZZC1|6:XAUUSD|1:5|2:-1|1:1|67:BO|XAUUSD|5|0|S|1743095100|MSZZ|XAUUSD|5|0|-1|1743091800|1743091800,0.33,0.33,True,3050.81,3050.81,0.0,True,-1.0,-1.0,0.0,True,-253.77,-0.66,0.0,-254.43
P3_SR3,60,MSZZC1|6:XAUUSD|1:5|1:1|1:4|40:MSZZ|XAUUSD|5|0|-1|1743091800|1743091800,0.27,0.27,True,3054.24222,3054.2422222222226,0.0,True,0.485646,0.48564564564568735,0.0,True,121.29,-0.54,0.0,120.75
P3_SR3,63,MSZZC1|6:XAUUSD|1:5|2:-1|1:1|67:BO|XAUUSD|5|0|S|1743781800|MSZZ|XAUUSD|5|0|-1|1743780900|1743780900,0.05,0.05,True,2981.4,2981.4,0.0,True,2.0,2.00000000000001,0.0,True,444.9,-0.1,3.45,448.25
P3_SR3,65,MSZZC1|6:XAUUSD|1:5|2:-1|1:1|67:BO|XAUUSD|5|0|S|1744008300|MSZZ|XAUUSD|5|0|-1|1743780900|1743780900,0.02,0.02,True,3096.33,3096.33,0.0,True,-0.805518,-0.8055176754431975,0.0,True,-153.58,-0.04,1.38,-152.24
P3_SR3,67,MSZZC1|6:XAUUSD|1:5|1:1|1:1|66:BO|XAUUSD|5|0|L|1744255500|MSZZ|XAUUSD|5|0|1|1744255200|1744255200,0.17,0.17,True,3081.36,3081.36,0.0,True,-1.0,-1.0,0.0,True,-254.49,-0.34,0.0,-254.83
P3_SR3,68,MSZZC1|6:XAUUSD|1:5|2:-1|1:4|39:MSZZ|XAUUSD|5|0|1|1744255200|1744255200,0.34,0.34,True,3082.575,3082.5749999999994,0.0,True,1.463699,1.4636986301371582,0.0,True,363.29,-0.68,0.0,362.61
P3_SR3,73,MSZZC1|6:XAUUSD|1:5|1:1|1:1|66:BO|XAUUSD|5|0|L|1744262400|MSZZ|XAUUSD|5|0|1|1744261800|1744261800,0.07,0.07,True,3185.17,3185.17,0.0,True,2.0,1.9999999999999745,0.0,True,498.12,-0.14,-3.22,494.76
P3_SR3,76,MSZZC1|6:XAUUSD|1:5|1:1|1:1|66:BO|XAUUSD|5|0|L|1745365800|MSZZ|XAUUSD|5|0|1|1744742100|1744742400,0.01,0.01,True,3323.12,3323.12,0.0,True,-0.357333,-0.3573330106485965,0.0,True,-59.06,-0.02,-0.92,-60.0
P3_SR3,78,MSZZC1|6:XAUUSD|1:5|2:-1|1:1|67:BO|XAUUSD|5|0|S|1745476200|MSZZ|XAUUSD|5|0|-1|1744759200|1744759500,0.05,0.05,True,3326.65,3326.65,0.0,True,-0.079702,-0.07970196432603754,0.0,True,-17.65,-0.1,0.0,-17.75
P3_SR3,80,MSZZC1|6:XAUUSD|1:5|1:1|1:1|66:BO|XAUUSD|5|0|L|1745516400|MSZZ|XAUUSD|5|0|1|1745502900|1745502900,0.57,0.57,True,3322.58,3322.58,0.0,True,-0.916667,-0.9166666666666923,0.0,True,-231.99,-1.14,0.0,-233.13
P3_SR3,82,MSZZC1|6:XAUUSD|1:5|2:-1|1:1|67:BO|XAUUSD|5|0|S|1745517600|MSZZ|XAUUSD|5|0|-1|1745511600|1745511600,0.11,0.11,True,3325.35,3325.35,0.0,True,-0.125624,-0.12562358276643804,0.0,True,-30.47,-0.22,0.0,-30.69
P3_SR3,84,MSZZC1|6:XAUUSD|1:5|1:1|1:1|66:BO|XAUUSD|5|0|L|1745517900|MSZZ|XAUUSD|5|0|1|1745502900|1745502900,0.81,0.81,True,3322.21,3322.2099999999996,0.0,True,-1.0,-1.0000000000001448,0.0,True,-254.34,-1.62,0.0,-255.96
P3_SR3,86,MSZZC1|6:XAUUSD|1:5|2:-1|1:1|67:BO|XAUUSD|5|0|S|1745518500|MSZZ|XAUUSD|5|0|-1|1745511600|1745511600,0.1,0.1,True,3324.19,3324.19,0.0,True,-0.139006,-0.13900589721988835,0.0,True,-33.0,-0.2,0.0,-33.2
P3_SR3,88,MSZZC1|6:XAUUSD|1:5|1:1|1:1|66:BO|XAUUSD|5|0|L|1745519100|MSZZ|XAUUSD|5|0|1|1745502900|1745502900,1.28,1.28,True,3328.15,3328.15,0.0,True,2.0,2.0,0.0,True,506.88,-2.56,0.0,504.32
P3_SR3,90,MSZZC1|6:XAUUSD|1:5|1:1|1:4|40:MSZZ|XAUUSD|5|0|-1|1745472900|1745472900,1.17,1.17,True,3342.63701,3342.6370085470085,0.0,True,1.62535,1.62534956083328,0.0,True,412.66,-2.34,0.0,410.32
P3_SR3,94,MSZZC1|6:XAUUSD|1:5|2:-1|1:4|39:MSZZ|XAUUSD|5|0|1|1745550300|1745550300,1.08,1.08,True,3358.17,3358.17,0.0,True,-1.0,-1.0,0.0,True,-254.88,-2.16,0.0,-257.04
P3_SR3,93,MSZZC1|6:XAUUSD|1:5|1:1|1:1|66:BO|XAUUSD|5|0|L|1745544300|MSZZ|XAUUSD|5|0|1|1745542800|1745542800,0.08,0.08,True,3344.22,3344.22,0.0,True,-0.641333,-0.6413333333333412,0.0,True,-153.92,-0.16,0.0,-154.08
P3_SR3,96,MSZZC1|6:XAUUSD|1:5|2:-1|1:4|39:MSZZ|XAUUSD|5|0|1|1745553900|1745553900,0.22,0.22,True,3334.025,3334.025,0.0,True,1.597235,1.597234611953585,0.0,True,393.91,-0.44,0.0,393.47
P3_SR3,100,MSZZC1|6:XAUUSD|1:5|2:-1|1:1|67:BO|XAUUSD|5|0|S|1745616900|MSZZ|XAUUSD|5|0|-1|1745554800|1745554800,0.04,0.04,True,3347.01,3347.01,0.0,True,-1.0,-1.0,0.0,True,-222.88,-0.08,2.76,-220.2
P3_SR3,102,MSZZC1|6:XAUUSD|1:5|1:1|1:4|40:MSZZ|XAUUSD|5|0|-1|1746038400|1746038400,0.49,0.49,True,3306.52122,3306.521224489796,0.0,True,0.453726,0.4537256763171314,0.0,True,114.72,-0.98,0.0,113.74
P3_SR3,105,MSZZC1|6:XAUUSD|1:5|2:-1|1:1|67:BO|XAUUSD|5|0|S|1746201600|MSZZ|XAUUSD|5|0|-1|1746053700|1746053700,0.03,0.03,True,3302.25,3302.25,0.0,True,-0.835802,-0.8358015815959735,0.0,True,-174.39,-0.06,2.07,-172.38
P3_SR3,107,MSZZC1|6:XAUUSD|1:5|1:1|1:1|66:BO|XAUUSD|5|0|L|1746447900|MSZZ|XAUUSD|5|0|1|1746447600|1746447600,0.13,0.13,True,3340.51,3340.51,0.0,True,2.0,2.0,0.0,True,497.38,-0.26,-5.98,491.14
P3_SR3,109,MSZZC1|6:XAUUSD|1:5|1:1|1:4|40:MSZZ|XAUUSD|5|0|-1|1747021200|1747021200,0.5,0.5,True,3272.19,3272.19,0.0,True,-1.0,-1.0,0.0,True,-257.0,-1.0,0.0,-258.0
P3_SR3,111,MSZZC1|6:XAUUSD|1:5|2:-1|1:4|39:MSZZ|XAUUSD|5|0|1|1746417600|1746417600,0.25,0.25,True,3231.4712,3231.4712,0.0,True,1.499381,1.4993806193806614,0.0,True,375.22,-0.5,0.0,374.72
P3_SR3,114,MSZZC1|6:XAUUSD|1:5|2:-1|1:1|67:BO|XAUUSD|5|0|S|1747045500|MSZZ|XAUUSD|5|0|-1|1747045200|1747045200,0.11,0.11,True,3253.36,3253.36,0.0,True,-1.0,-1.0,0.0,True,-243.98,-0.22,2.53,-241.67
P3_SR3,116,MSZZC1|6:XAUUSD|1:5|1:1|1:4|40:MSZZ|XAUUSD|5|0|-1|1747668000|1747668000,0.36,0.36,True,3244.96,3244.9599999999996,0.0,True,0.502865,0.5028653295128588,0.0,True,126.36,-0.72,0.0,125.64
P3_SR3,119,MSZZC1|6:XAUUSD|1:5|1:1|1:1|66:BO|XAUUSD|5|0|L|1747760400|MSZZ|XAUUSD|5|0|1|1747760100|1747760100,0.12,0.12,True,3312.42,3312.4200000000005,0.0,True,2.0,2.000000000000022,0.0,True,496.08,-0.24,-5.52,490.32
P3_SR3,121,MSZZC1|6:XAUUSD|1:5|2:-1|1:1|67:BO|XAUUSD|5|0|S|1748413200|MSZZ|XAUUSD|5|0|-1|1748412900|1748412900,0.06,0.06,True,3320.81,3320.81,0.0,True,-0.6073,-0.6073003429691295,0.0,True,-148.74,-0.12,0.0,-148.86
P3_SR3,122,MSZZC1|6:XAUUSD|1:5|1:1|1:4|40:MSZZ|XAUUSD|5|0|-1|1748412900|1748412900,0.2,0.2,True,3315.23,3315.23,0.0,True,0.494548,0.4945482866043487,0.0,True,127.0,-0.4,0.0,126.6
P3_SR3,126,MSZZC1|6:XAUUSD|1:5|1:1|1:4|40:MSZZ|XAUUSD|5|0|-1|1748443500|1748443500,0.45,0.45,True,3304.64,3304.64,0.0,True,-1.0,-1.0,0.0,True,-253.35,-0.9,0.0,-254.25
P3_SR3,129,MSZZC1|6:XAUUSD|1:5|1:1|1:4|40:MSZZ|XAUUSD|5|0|-1|1748448900|1748448900,0.36,0.36,True,3300.8,3300.8,0.0,True,-1.0,-1.0,0.0,True,-250.92,-0.72,0.0,-251.64
P3_SR3,128,MSZZC1|6:XAUUSD|1:5|2:-1|1:1|67:BO|XAUUSD|5|0|S|1748450100|MSZZ|XAUUSD|5|0|-1|1748448900|1748448900,0.07,0.07,True,3326.39,3326.39,0.0,True,-0.683908,-0.6839080459770027,0.0,True,-158.27,-0.14,1.61,-156.8
P3_SR3,132,MSZZC1|6:XAUUSD|1:5|1:1|1:1|66:BO|XAUUSD|5|0|L|1748545200|MSZZ|XAUUSD|5|0|1|1748275200|1748275200,0.24,0.24,True,3316.09,3316.09,0.0,True,-1.0,-1.0,0.0,True,-247.2,-0.48,0.0,-247.68
P3_SR3,134,MSZZC1|6:XAUUSD|1:5|1:1|1:1|66:BO|XAUUSD|5|0|L|1748578500|MSZZ|XAUUSD|5|0|1|1748540700|1748540700,0.24,0.24,True,3309.59,3309.59,0.0,True,-1.0,-1.0,0.0,True,-250.32,-0.48,0.0,-250.8
P3_SR3,137,MSZZC1|6:XAUUSD|1:5|1:1|1:4|40:MSZZ|XAUUSD|5|0|-1|1748586300|1748586300,1.14,1.14,True,3300.86,3300.8599999999997,0.0,True,1.668161,1.6681614349774752,0.0,True,424.08,-2.28,0.0,421.8
P3_SR3,136,MSZZC1|6:XAUUSD|1:5|2:-1|1:1|67:BO|XAUUSD|5|0|S|1748584200|MSZZ|XAUUSD|5|0|-1|1748583900|1748583900,0.12,0.12,True,3299.58,3299.58,0.0,True,-0.152019,-0.15201900237529023,0.0,True,-38.4,-0.24,0.0,-38.64
P3_SR3,141,MSZZC1|6:XAUUSD|1:5|1:1|1:1|66:BO|XAUUSD|5|0|L|1748610300|MSZZ|XAUUSD|5|0|1|1748607600|1748607900,0.21,0.21,True,3297.14,3297.14,0.0,True,-0.200328,-0.20032840722496612,0.0,True,-51.24,-0.42,0.0,-51.66
P3_SR3,143,MSZZC1|6:XAUUSD|1:5|2:-1|1:1|67:BO|XAUUSD|5|0|S|1748611200|MSZZ|XAUUSD|5|0|-1|1748606700|1748607000,1.2,1.2,True,3292.9,3292.9,0.0,True,2.0,1.999999999999571,0.0,True,508.8,-2.4,0.0,506.4
P3_SR3,145,MSZZC1|6:XAUUSD|1:5|2:-1|1:4|39:MSZZ|XAUUSD|5|0|1|1748616900|1748617200,0.36,0.36,True,3296.14,3296.1399999999994,0.0,True,-1.0,-0.999999999999935,0.0,True,-252.0,-0.72,0.0,-252.72
P3_SR3,147,MSZZC1|6:XAUUSD|1:5|1:1|1:1|66:BO|XAUUSD|5|0|L|1748617800|MSZZ|XAUUSD|5|0|1|1748616900|1748617200,0.17,0.17,True,3292.23,3292.23,0.0,True,-0.750696,-0.7506963788300909,0.0,True,-183.26,-0.34,0.0,-183.6
P3_SR3,149,MSZZC1|6:XAUUSD|1:5|2:-1|1:1|67:BO|XAUUSD|5|0|S|1748622600|MSZZ|XAUUSD|5|0|-1|1748622300|1748622300,0.65,0.65,True,3296.14,3296.14,0.0,True,-1.0,-1.0,0.0,True,-254.15,-1.3,0.0,-255.45
P3_SR3,151,MSZZC1|6:XAUUSD|1:5|2:-1|1:1|67:BO|XAUUSD|5|0|S|1748623200|MSZZ|XAUUSD|5|0|-1|1748622300|1748622300,0.38,0.38,True,3276.43,3276.43,0.0,True,2.0,2.0000000000001386,0.0,True,499.32,-0.76,0.0,498.56
P3_SR3,153,MSZZC1|6:XAUUSD|1:5|2:-1|1:4|39:MSZZ|XAUUSD|5|0|1|1748859000|1748859000,1.16,1.16,True,3349.43,3349.43,0.0,True,1.19457,1.1945701357467349,0.0,True,306.24,-2.32,0.0,303.92
P3_SR3,156,MSZZC1|6:XAUUSD|1:5|2:-1|1:4|39:MSZZ|XAUUSD|5|0|1|1748826000|1748826000,0.67,0.67,True,3297.94,3297.9399999999996,0.0,True,2.0,2.0000000000001195,0.0,True,510.54,-1.34,0.0,509.2
P3_SR3,158,MSZZC1|6:XAUUSD|1:5|1:1|1:4|40:MSZZ|XAUUSD|5|0|-1|1749444900|1749444900,0.9,0.9,True,3301.6,3301.6,0.0,True,1.794425,1.7944250871081138,0.0,True,463.5,-1.8,0.0,461.7
P3_SR3,161,MSZZC1|6:XAUUSD|1:5|1:1|1:1|66:BO|XAUUSD|5|0|L|1749447900|MSZZ|XAUUSD|5|0|1|1749446700|1749446700,0.2,0.2,True,3330.87,3330.87,0.0,True,2.0,1.9999999999999267,0.0,True,497.2,-0.4,0.0,496.8
P3_SR3,164,MSZZC1|6:XAUUSD|1:5|1:1|1:4|40:MSZZ|XAUUSD|5|0|-1|1749223800|1749223800,0.56,0.56,True,3360.35,3360.35,0.0,True,1.490323,1.490322580645097,0.0,True,388.08,-1.12,-25.76,361.2
P3_SR3,163,MSZZC1|6:XAUUSD|1:5|2:-1|1:1|67:BO|XAUUSD|5|0|S|1749640200|MSZZ|XAUUSD|5|0|-1|1749223800|1749223800,0.13,0.13,True,3364.25,3364.25,0.0,True,-1.0,-1.0,0.0,True,-249.34,-0.26,2.99,-246.61
P3_SR3,168,MSZZC1|6:XAUUSD|1:5|1:1|1:1|66:BO|XAUUSD|5|0|L|1749693300|MSZZ|XAUUSD|5|0|1|1749692100|1749692700,0.13,0.13,True,3362.73,3362.73,0.0,True,-0.322008,-0.3220081135902623,0.0,True,-82.55,-0.26,0.0,-82.81
P3_SR3,170,MSZZC1|6:XAUUSD|1:5|2:-1|1:1|67:BO|XAUUSD|5|0|S|1749696300|MSZZ|XAUUSD|5|0|-1|1749694500|1749694500,0.24,0.24,True,3370.98,3370.9799999999996,0.0,True,-0.770308,-0.7703081232492547,0.0,True,-198.0,-0.48,0.0,-198.48
P3_SR3,173,MSZZC1|6:XAUUSD|1:5|2:-1|1:4|39:MSZZ|XAUUSD|5|0|1|1749698700|1749698700,0.83,0.83,True,3367.42916,3367.429156626506,0.0,True,0.239122,0.23912209346934069,0.0,True,62.32,-1.66,0.0,60.66
P3_SR3,172,MSZZC1|6:XAUUSD|1:5|1:1|1:1|66:BO|XAUUSD|5|0|L|1749699900|MSZZ|XAUUSD|5|0|1|1749698700|1749698700,0.19,0.19,True,3369.94,3369.9399999999996,0.0,True,-0.078195,-0.0781954887218349,0.0,True,-19.76,-0.38,0.0,-20.14
P3_SR3,178,MSZZC1|6:XAUUSD|1:5|1:1|1:4|40:MSZZ|XAUUSD|5|0|-1|1749723300|1749723300,1.44,1.44,True,3368.32,3368.32,0.0,True,-1.0,-1.0,0.0,True,-260.64,-2.88,0.0,-263.52
P3_SR3,177,MSZZC1|6:XAUUSD|1:5|2:-1|1:1|67:BO|XAUUSD|5|0|S|1749723900|MSZZ|XAUUSD|5|0|-1|1749723300|1749723300,0.46,0.46,True,3358.66,3358.66,0.0,True,2.0,2.000000000000081,0.0,True,518.88,-0.92,0.0,517.96
P3_SR3,181,MSZZC1|6:XAUUSD|1:5|1:1|1:1|66:BO|XAUUSD|5|0|L|1749734400|MSZZ|XAUUSD|5|0|1|1749734100|1749734100,0.19,0.19,True,3382.6,3382.6,0.0,True,0.529718,0.5297176820208269,0.0,True,135.47,-0.38,-8.74,126.35
P3_SR3,183,MSZZC1|6:XAUUSD|1:5|2:-1|1:1|67:BO|XAUUSD|5|0|S|1749777000|MSZZ|XAUUSD|5|0|-1|1749776700|1749776700,0.39,0.39,True,3389.27,3389.27,0.0,True,-1.0,-1.0,0.0,True,-260.13,-0.78,0.0,-260.91
P3_SR3,185,MSZZC1|6:XAUUSD|1:5|2:-1|1:4|39:MSZZ|XAUUSD|5|0|1|1750363800|1750363800,0.35,0.35,True,3369.53,3369.5299999999997,0.0,True,-0.204027,-0.2040268456375254,0.0,True,-53.2,-0.7,0.0,-53.9
P3_SR3,187,MSZZC1|6:XAUUSD|1:5|1:1|1:4|40:MSZZ|XAUUSD|5|0|-1|1750365000|1750365000,0.95,0.95,True,3366.8,3366.8,0.0,True,-1.0,-1.0,0.0,True,-259.35,-1.9,0.0,-261.25
P3_SR3,189,MSZZC1|6:XAUUSD|1:5|1:1|1:4|40:MSZZ|XAUUSD|5|0|-1|1750939200|1750939200,1.32,1.32,True,3346.235,3346.235,0.0,True,0.804569,0.8045685279186962,0.0,True,209.22,-2.64,0.0,206.58
P3_SR3,192,MSZZC1|6:XAUUSD|1:5|1:1|1:4|40:MSZZ|XAUUSD|5|0|-1|1750748400|1750748400,0.69,0.69,True,3348.08,3348.08,0.0,True,-1.0,-1.0,0.0,True,-260.13,-1.38,0.0,-261.51
P3_SR3,194,MSZZC1|6:XAUUSD|1:5|2:-1|1:4|39:MSZZ|XAUUSD|5|0|1|1751383200|1751383200,0.78,0.78,True,3357.93,3357.93,0.0,True,-1.0,-1.0,0.0,True,-259.74,-1.56,0.0,-261.3
P3_SR3,196,MSZZC1|6:XAUUSD|1:5|2:-1|1:4|39:MSZZ|XAUUSD|5|0|1|1751381700|1751382300,0.45,0.45,True,3352.55,3352.55,0.0,True,-1.0,-1.0,0.0,True,-256.05,-0.9,0.0,-256.95
P3_SR3,198,MSZZC1|6:XAUUSD|1:5|2:-1|1:4|39:MSZZ|XAUUSD|5|0|1|1751457900|1751457900,0.3,0.3,True,3344.1,3344.1,0.0,True,-1.0,-1.0,0.0,True,-253.5,-0.6,0.0,-254.1
P3_SR3,200,MSZZC1|6:XAUUSD|1:5|2:-1|1:1|67:BO|XAUUSD|5|0|S|1751556900|MSZZ|XAUUSD|5|0|-1|1751556600|1751556600,0.3,0.3,True,3321.35,3321.35,0.0,True,-0.14386,-0.14385964912280608,0.0,True,-36.9,-0.6,0.0,-37.5
P3_SR3,202,MSZZC1|6:XAUUSD|1:5|1:1|1:1|66:BO|XAUUSD|5|0|L|1751557800|MSZZ|XAUUSD|5|0|1|1751482800|1751482800,0.44,0.44,True,3326.75,3326.75,0.0,True,0.924658,0.9246575342466399,0.0,True,237.6,-0.88,0.0,236.72
P3_SR3,204,MSZZC1|6:XAUUSD|1:5|2:-1|1:1|67:BO|XAUUSD|5|0|S|1751558700|MSZZ|XAUUSD|5|0|-1|1751556600|1751556600,1.34,1.34,True,3322.91,3322.9100000000003,0.0,True,2.0,1.999999999999763,0.0,True,514.56,-2.68,0.0,511.88
P3_SR3,206,MSZZC1|6:XAUUSD|1:5|2:-1|1:1|67:BO|XAUUSD|5|0|S|1751563200|MSZZ|XAUUSD|5|0|-1|1751556600|1751556600,0.19,0.19,True,3332.06,3332.06,0.0,True,-0.507645,-0.507645259938831,0.0,True,-126.16,-0.38,4.37,-122.17
P3_SR3,208,MSZZC1|6:XAUUSD|1:5|1:1|1:1|66:BO|XAUUSD|5|0|L|1751596800|MSZZ|XAUUSD|5|0|1|1751558700|1751559000,0.47,0.47,True,3326.59,3326.59,0.0,True,-1.0,-1.0,0.0,True,-257.09,-0.94,0.0,-258.03
P3_SR3,210,MSZZC1|6:XAUUSD|1:5|1:1|1:1|66:BO|XAUUSD|5|0|L|1751602500|MSZZ|XAUUSD|5|0|1|1751558700|1751559000,0.38,0.38,True,3325.87,3325.87,0.0,True,-1.0,-1.0,0.0,True,-256.12,-0.76,-52.44,-309.32
P3_SR3,212,MSZZC1|6:XAUUSD|1:5|2:-1|1:1|67:BO|XAUUSD|5|0|S|1751994600|MSZZ|XAUUSD|5|0|-1|1751994300|1751994300,0.12,0.12,True,3326.85,3326.85,0.0,True,-1.0,-1.0,0.0,True,-250.08,-0.24,5.52,-244.8
P3_SR3,214,MSZZC1|6:XAUUSD|1:5|1:1|1:4|40:MSZZ|XAUUSD|5|0|-1|1751970000|1751970000,1.71,1.71,True,3333.48,3333.48,0.0,True,-1.0,-1.0,0.0,True,-256.5,-3.42,0.0,-259.92
P3_SR3,216,MSZZC1|6:XAUUSD|1:5|1:1|1:1|66:BO|XAUUSD|5|0|L|1752222300|MSZZ|XAUUSD|5|0|1|1752222000|1752222000,0.33,0.33,True,3332.57,3332.5699999999997,0.0,True,-1.0,-1.0000000000000588,0.0,True,-255.09,-0.66,0.0,-255.75
P3_SR3,218,MSZZC1|6:XAUUSD|1:5|1:1|1:1|66:BO|XAUUSD|5|0|L|1752225000|MSZZ|XAUUSD|5|0|1|1752224700|1752224700,0.54,0.54,True,3332.37,3332.37,0.0,True,-1.0,-1.0,0.0,True,-256.5,-1.08,0.0,-257.58
P3_SR3,222,MSZZC1|6:XAUUSD|1:5|1:1|1:1|66:BO|XAUUSD|5|0|L|1752228000|MSZZ|XAUUSD|5|0|1|1752224700|1752224700,4.93,4.93,True,3332.37,3332.3700000000003,0.0,True,-1.0,-0.9999999999991255,0.0,True,-256.36,-9.86,0.0,-266.22
P3_SR3,219,MSZZC1|6:XAUUSD|1:5|2:-1|1:4|39:MSZZ|XAUUSD|5|0|1|1752224700|1752224700,0.71,0.71,True,3334.27423,3334.274225352112,0.0,True,0.372791,0.3727907611877964,0.0,True,95.55,-1.42,0.0,94.13
P3_SR3,224,MSZZC1|6:XAUUSD|1:5|1:1|1:1|66:BO|XAUUSD|5|0|L|1752228600|MSZZ|XAUUSD|5|0|1|1752224700|1752224700,1.85,1.85,True,3336.51,3336.51,0.0,True,2.0,2.0,0.0,True,510.6,-3.7,0.0,506.9
P3_SR3,227,MSZZC1|6:XAUUSD|1:5|1:1|1:1|66:BO|XAUUSD|5|0|L|1752230400|MSZZ|XAUUSD|5|0|1|1752230100|1752230100,0.35,0.35,True,3353.03,3353.03,0.0,True,2.0,2.000000000000125,0.0,True,511.0,-0.7,0.0,510.3
P3_SR3,229,MSZZC1|6:XAUUSD|1:5|2:-1|1:1|67:BO|XAUUSD|5|0|S|1752471300|MSZZ|XAUUSD|5|0|-1|1752234600|1752234600,0.62,0.62,True,3358.98,3358.98,0.0,True,-1.0,-1.0,0.0,True,-256.06,-1.24,0.0,-257.3
P3_SR3,231,MSZZC1|6:XAUUSD|1:5|2:-1|1:1|67:BO|XAUUSD|5|0|S|1752473700|MSZZ|XAUUSD|5|0|-1|1752234600|1752234600,0.84,0.84,True,3358.98,3358.98,0.0,True,-1.0,-1.0,0.0,True,-254.52,-1.68,0.0,-256.2
P3_SR3,233,MSZZC1|6:XAUUSD|1:5|2:-1|1:1|67:BO|XAUUSD|5|0|S|1752483000|MSZZ|XAUUSD|5|0|-1|1752234600|1752234600,0.51,0.51,True,3361.66,3361.66,0.0,True,-1.0,-1.0,0.0,True,-252.45,-1.02,0.0,-253.47
P3_SR3,235,MSZZC1|6:XAUUSD|1:5|1:1|1:4|40:MSZZ|XAUUSD|5|0|-1|1752597000|1752597000,0.53,0.53,True,3348.17679,3348.1767924528303,0.0,True,1.708534,1.708533985947653,0.0,True,432.84,-1.06,0.0,431.78
P3_SR3,239,MSZZC1|6:XAUUSD|1:5|1:1|1:4|40:MSZZ|XAUUSD|5|0|-1|1752604200|1752604200,3.13,3.13,True,3327.68607,3327.68607028754,0.0,True,1.592769,1.5927686433411745,0.0,True,408.8,-6.26,0.0,402.54
P3_SR3,242,MSZZC1|6:XAUUSD|1:5|1:1|1:4|40:MSZZ|XAUUSD|5|0|-1|1752621900|1752622200,1.12,1.12,True,3331.77,3331.77,0.0,True,1.375546,1.3755458515284458,0.0,True,352.8,-2.24,0.0,350.56
P3_SR3,238,MSZZC1|6:XAUUSD|1:5|2:-1|1:1|67:BO|XAUUSD|5|0|S|1752604200|MSZZ|XAUUSD|5|0|-1|1752603900|1752603900,0.06,0.06,True,3369.09,3369.09,0.0,True,-1.0,-1.0,0.0,True,-257.22,-0.12,1.38,-255.96
P3_SR3,246,MSZZC1|6:XAUUSD|1:5|2:-1|1:1|67:BO|XAUUSD|5|0|S|1752747600|MSZZ|XAUUSD|5|0|-1|1752683700|1752683700,0.06,0.06,True,3350.0,3350.0,0.0,True,-0.51836,-0.518359561278016,0.0,True,-130.44,-0.12,5.52,-125.04
P3_SR3,248,MSZZC1|6:XAUUSD|1:5|1:1|1:1|66:BO|XAUUSD|5|0|L|1753067100|MSZZ|XAUUSD|5|0|1|1752853800|1752853800,1.07,1.07,True,3354.8,3354.8,0.0,True,2.0,2.0,0.0,True,513.6,-2.14,0.0,511.46
P3_SR3,250,MSZZC1|6:XAUUSD|1:5|1:1|1:4|40:MSZZ|XAUUSD|5|0|-1|1752855600|1752855600,0.72,0.72,True,3353.9,3353.9,0.0,True,-1.0,-1.0,0.0,True,-256.32,-1.44,0.0,-257.76
P3_SR3,252,MSZZC1|6:XAUUSD|1:5|1:1|1:1|66:BO|XAUUSD|5|0|L|1753085400|MSZZ|XAUUSD|5|0|1|1753085100|1753085100,0.21,0.21,True,3387.68,3387.68,0.0,True,2.0,1.9999999999999631,0.0,True,517.44,-0.42,0.0,517.02
P3_SR3,254,MSZZC1|6:XAUUSD|1:5|2:-1|1:4|39:MSZZ|XAUUSD|5|0|1|1752829800|1752829800,0.35,0.35,True,3339.18,3339.1800000000003,0.0,True,-1.0,-1.0000000000000617,0.0,True,-258.3,-0.7,0.0,-259.0
P3_SR3,257,MSZZC1|6:XAUUSD|1:5|2:-1|1:4|39:MSZZ|XAUUSD|5|0|1|1754078100|1754078100,2.18,2.18,True,3349.13,3349.13,0.0,True,-1.0,-1.0,0.0,True,-259.42,-4.36,0.0,-263.78
P3_SR3,256,MSZZC1|6:XAUUSD|1:5|1:1|1:1|66:BO|XAUUSD|5|0|L|1754077800|MSZZ|XAUUSD|5|0|1|1754071500|1754071500,0.64,0.64,True,3353.44,3353.4399999999996,0.0,True,2.0,1.999999999999887,0.0,True,514.56,-1.28,0.0,513.28
P3_SR3,260,MSZZC1|6:XAUUSD|1:5|2:-1|1:1|67:BO|XAUUSD|5|0|S|1754906400|MSZZ|XAUUSD|5|0|-1|1754484600|1754484600,0.42,0.42,True,3350.28,3350.28,0.0,True,2.0,2.0,0.0,True,514.08,-0.84,0.0,513.24
P3_SR3,262,MSZZC1|6:XAUUSD|1:5|1:1|1:4|40:MSZZ|XAUUSD|5|0|-1|1754921100|1754921100,0.67,0.67,True,3351.34,3351.34,0.0,True,-1.0,-1.0,0.0,True,-259.29,-1.34,0.0,-260.63
P3_SR3,263,MSZZC1|6:XAUUSD|1:5|2:-1|1:1|67:BO|XAUUSD|5|0|S|1754925000|MSZZ|XAUUSD|5|0|-1|1754921100|1754921100,0.25,0.25,True,3358.05,3358.05,0.0,True,-0.43083,-0.4308300395257089,0.0,True,-109.0,-0.5,0.0,-109.5
P3_SR3,267,MSZZC1|6:XAUUSD|1:5|2:-1|1:4|39:MSZZ|XAUUSD|5|0|1|1754929800|1754930100,0.69,0.69,True,3349.4487,3349.448695652174,0.0,True,1.614709,1.6147086031450775,0.0,True,418.92,-1.38,0.0,417.54
P3_SR3,272,MSZZC1|6:XAUUSD|1:5|2:-1|1:4|39:MSZZ|XAUUSD|5|0|1|1754944500|1754944500,0.99,0.99,True,3354.73525,3354.7352525252522,0.0,True,0.570514,0.5705143033388721,0.0,True,147.98,-1.98,0.0,146.0
P3_SR3,271,MSZZC1|6:XAUUSD|1:5|1:1|1:1|66:BO|XAUUSD|5|0|L|1754944800|MSZZ|XAUUSD|5|0|1|1754944500|1754944500,0.15,0.15,True,3342.0,3342.0,0.0,True,-1.0,-1.0,0.0,True,-247.2,-0.3,0.0,-247.5
P3_SR3,277,MSZZC1|6:XAUUSD|1:5|2:-1|1:4|39:MSZZ|XAUUSD|5|0|1|1754960700|1754960700,2.08,2.08,True,3344.46,3344.46,0.0,True,0.696,0.6959999999999127,0.0,True,180.96,-4.16,0.0,176.8
P3_SR3,276,MSZZC1|6:XAUUSD|1:5|1:1|1:1|66:BO|XAUUSD|5|0|L|1754961000|MSZZ|XAUUSD|5|0|1|1754960700|1754960700,0.51,0.51,True,3356.38,3356.38,0.0,True,2.0,2.0,0.0,True,514.08,-1.02,0.0,513.06
P3_SR3,281,MSZZC1|6:XAUUSD|1:5|2:-1|1:1|67:BO|XAUUSD|5|0|S|1755034500|MSZZ|XAUUSD|5|0|-1|1755033900|1755034200,1.22,1.22,True,3350.57,3350.57,0.0,True,-1.0,-1.0,0.0,True,-262.3,-2.44,28.06,-236.68
P3_SR3,283,MSZZC1|6:XAUUSD|1:5|2:-1|1:4|39:MSZZ|XAUUSD|5|0|1|1755075600|1755075600,1.13,1.13,True,3353.27,3353.27,0.0,True,-1.0,-1.0,0.0,True,-259.9,-2.26,0.0,-262.16
P3_SR3,285,MSZZC1|6:XAUUSD|1:5|1:1|1:1|66:BO|XAUUSD|5|0|L|1755608700|MSZZ|XAUUSD|5|0|1|1755522900|1755522900,0.24,0.24,True,3331.39,3331.39,0.0,True,-1.0,-1.0,0.0,True,-251.28,-0.48,0.0,-251.76
P3_SR3,287,MSZZC1|6:XAUUSD|1:5|1:1|1:1|66:BO|XAUUSD|5|0|L|1755699600|MSZZ|XAUUSD|5|0|1|1755522900|1755522900,0.44,0.44,True,3341.45,3341.45,0.0,True,2.0,2.0,0.0,True,516.56,-0.88,0.0,515.68
P3_SR3,290,MSZZC1|6:XAUUSD|1:5|2:-1|1:4|39:MSZZ|XAUUSD|5|0|1|1755717300|1755717300,4.85,4.85,True,3346.24,3346.24,0.0,True,-1.0,-1.0,0.0,True,-261.9,-9.7,0.0,-271.6
P3_SR3,292,MSZZC1|6:XAUUSD|1:5|2:-1|1:4|39:MSZZ|XAUUSD|5|0|1|1755749700|1755749700,1.76,1.76,True,3341.835,3341.835,0.0,True,1.14527,1.1452702702703668,0.0,True,298.32,-3.52,0.0,294.8
P3_SR3,289,MSZZC1|6:XAUUSD|1:5|1:1|1:1|66:BO|XAUUSD|5|0|L|1755718800|MSZZ|XAUUSD|5|0|1|1755717300|1755717300,0.11,0.11,True,3337.03,3337.03,0.0,True,-0.396891,-0.3968907178783667,0.0,True,-95.48,-0.22,-5.06,-100.76
P3_SR3,296,MSZZC1|6:XAUUSD|1:5|2:-1|1:1|67:BO|XAUUSD|5|0|S|1755809700|MSZZ|XAUUSD|5|0|-1|1755807900|1755807900,1.92,1.92,True,3338.39,3338.39,0.0,True,-1.0,-1.0,0.0,True,-261.12,-3.84,0.0,-264.96
P3_SR3,298,MSZZC1|6:XAUUSD|1:5|2:-1|1:4|39:MSZZ|XAUUSD|5|0|1|1755814200|1755814200,0.76,0.76,True,3333.145,3333.145,0.0,True,1.483918,1.483918128654886,0.0,True,385.7,-1.52,17.48,401.66
P3_SR3,301,MSZZC1|6:XAUUSD|1:5|1:1|1:4|40:MSZZ|XAUUSD|5|0|-1|1755838800|1755838800,0.88,0.88,True,3330.96,3330.96,0.0,True,-1.0,-1.0,0.0,True,-260.48,-1.76,0.0,-262.24
P3_SR3,303,MSZZC1|6:XAUUSD|1:5|1:1|1:1|66:BO|XAUUSD|5|0|L|1755882600|MSZZ|XAUUSD|5|0|1|1755882000|1755882000,0.07,0.07,True,3426.96,3426.96,0.0,True,2.0,2.0000000000000133,0.0,True,475.3,-0.14,-22.54,452.62
P3_SR3,305,MSZZC1|6:XAUUSD|1:5|1:1|1:1|66:BO|XAUUSD|5|0|L|1756698900|MSZZ|XAUUSD|5|0|1|1756315800|1756316100,0.03,0.03,True,3616.16,3616.16,0.0,True,2.0,2.0,0.0,True,515.88,-0.06,-9.66,506.16
P3_SR3,307,MSZZC1|6:XAUUSD|1:5|2:-1|1:4|39:MSZZ|XAUUSD|5|0|1|1758146700|1758147000,1.0,1.0,True,3661.335,3661.335,0.0,True,0.659696,0.6596958174906294,0.0,True,173.5,-2.0,0.0,171.5
P3_SR3,310,MSZZC1|6:XAUUSD|1:5|2:-1|1:4|39:MSZZ|XAUUSD|5|0|1|1757604600|1757604600,0.56,0.56,True,3642.03,3642.03,0.0,True,-1.0,-1.0,0.0,True,-260.4,-1.12,0.0,-261.52
P3_SR3,312,MSZZC1|6:XAUUSD|1:5|1:1|1:4|40:MSZZ|XAUUSD|5|0|-1|1758213300|1758213300,2.55,2.55,True,3640.30212,3640.3021176470597,0.0,True,1.477784,1.477784123358481,0.0,True,388.14,-5.1,0.0,383.04
P3_SR3,316,MSZZC1|6:XAUUSD|1:5|1:1|1:4|40:MSZZ|XAUUSD|5|0|-1|1758257100|1758257100,0.64,0.64,True,3648.985,3648.985,0.0,True,1.482885,1.4828850855745328,0.0,True,388.16,-1.28,0.0,386.88
P3_SR3,315,MSZZC1|6:XAUUSD|1:5|2:-1|1:1|67:BO|XAUUSD|5|0|S|1758256800|MSZZ|XAUUSD|5|0|-1|1758213300|1758213300,0.11,0.11,True,3655.97,3655.97,0.0,True,-0.414274,-0.41427364864864125,0.0,True,-107.91,-0.22,0.0,-108.13
P3_SR3,320,MSZZC1|6:XAUUSD|1:5|1:1|1:1|66:BO|XAUUSD|5|0|L|1758299100|MSZZ|XAUUSD|5|0|1|1758298200|1758298200,0.58,0.58,True,3664.97,3664.97,0.0,True,2.0,2.0,0.0,True,522.0,-1.16,0.0,520.84
P3_SR3,322,MSZZC1|6:XAUUSD|1:5|1:1|1:1|66:BO|XAUUSD|5|0|L|1758749700|MSZZ|XAUUSD|5|0|1|1758533400|1758533400,0.03,0.03,True,3889.61,3889.61,0.0,True,2.0,2.0,0.0,True,476.28,-0.06,-9.66,466.56
P3_SR3,324,MSZZC1|6:XAUUSD|1:5|1:1|1:4|40:MSZZ|XAUUSD|5|0|-1|1761062400|1761062400,0.35,0.35,True,4200.44143,4200.441428571429,0.0,True,0.420268,0.42026797508966496,0.0,True,111.35,-0.7,0.0,110.65
P3_SR3,327,MSZZC1|6:XAUUSD|1:5|1:1|1:4|40:MSZZ|XAUUSD|5|0|-1|1761065400|1761065400,0.16,0.16,True,4165.34,4165.34,0.0,True,-1.0,-1.0,0.0,True,-266.24,-0.32,0.0,-266.56
P3_SR3,329,MSZZC1|6:XAUUSD|1:5|2:-1|1:1|67:BO|XAUUSD|5|0|S|1761068100|MSZZ|XAUUSD|5|0|-1|1761067500|1761067500,0.08,0.08,True,4148.83,4148.83,0.0,True,-1.0,-1.0,0.0,True,-240.24,-0.16,0.0,-240.4
P3_SR3,331,MSZZC1|6:XAUUSD|1:5|1:1|1:1|66:BO|XAUUSD|5|0|L|1761072600|MSZZ|XAUUSD|5|0|1|1761069300|1761069300,0.04,0.04,True,4127.47,4127.47,0.0,True,-0.230204,-0.23020408163264586,0.0,True,-56.4,-0.08,0.0,-56.48
P3_SR3,333,MSZZC1|6:XAUUSD|1:5|2:-1|1:1|67:BO|XAUUSD|5|0|S|1761074100|MSZZ|XAUUSD|5|0|-1|1761067500|1761067500,0.11,0.11,True,4113.98,4113.98,0.0,True,0.578473,0.5784734133791106,0.0,True,148.39,-0.22,0.0,148.17
P3_SR3,335,MSZZC1|6:XAUUSD|1:5|1:1|1:1|66:BO|XAUUSD|5|0|L|1761078600|MSZZ|XAUUSD|5|0|1|1760490300|1760490300,0.21,0.21,True,4101.32,4101.32,0.0,True,-1.0,-1.0,0.0,True,-265.86,-0.42,0.0,-266.28
P3_SR3,338,MSZZC1|6:XAUUSD|1:5|1:1|1:4|40:MSZZ|XAUUSD|5|0|-1|1761094800|1761094800,0.28,0.28,True,4113.89,4113.89,0.0,True,-1.0,-1.0,0.0,True,-263.2,-0.56,0.0,-263.76
P3_SR3,337,MSZZC1|6:XAUUSD|1:5|2:-1|1:1|67:BO|XAUUSD|5|0|S|1761095100|MSZZ|XAUUSD|5|0|-1|1761094800|1761094800,0.15,0.15,True,4082.3,4082.3,0.0,True,2.0,2.000000000000054,0.0,True,503.1,-0.3,0.0,502.8
P3_SR3,341,MSZZC1|6:XAUUSD|1:5|1:1|1:1|66:BO|XAUUSD|5|0|L|1761111600|MSZZ|XAUUSD|5|0|1|1760490300|1760490300,1.18,1.18,True,4110.23,4110.23,0.0,True,-1.0,-1.0,0.0,True,-265.5,-2.36,0.0,-267.86
P3_SR3,343,MSZZC1|6:XAUUSD|1:5|1:1|1:1|66:BO|XAUUSD|5|0|L|1761114600|MSZZ|XAUUSD|5|0|1|1760490300|1760490300,0.13,0.13,True,4128.59,4128.59,0.0,True,-0.039246,-0.039246467817895196,0.0,True,-9.75,-0.26,0.0,-10.01
P3_SR3,345,MSZZC1|6:XAUUSD|1:5|2:-1|1:1|67:BO|XAUUSD|5|0|S|1761116100|MSZZ|XAUUSD|5|0|-1|1761067500|1761067500,0.18,0.18,True,4143.02,4143.02,0.0,True,-1.0,-1.0,0.0,True,-259.74,-0.36,0.0,-260.1
P3_SR3,347,MSZZC1|6:XAUUSD|1:5|2:-1|1:1|67:BO|XAUUSD|5|0|S|1761127200|MSZZ|XAUUSD|5|0|-1|1761067200|1761067200,0.13,0.13,True,4104.06,4104.06,0.0,True,2.0,1.9999999999999045,0.0,True,495.82,-0.26,0.0,495.56
P3_SR3,350,MSZZC1|6:XAUUSD|1:5|1:1|1:4|40:MSZZ|XAUUSD|5|0|-1|1762220700|1762220700,0.43,0.43,True,3995.4993,3995.499302325581,0.0,True,0.448667,0.44866704480999436,0.0,True,118.65,-0.86,0.0,117.79
P3_SR3,353,MSZZC1|6:XAUUSD|1:5|1:1|1:4|40:MSZZ|XAUUSD|5|0|-1|1762266000|1762266000,0.22,0.22,True,4005.81,4005.81,0.0,True,0.4325,0.43250000000000455,0.0,True,114.18,-0.44,0.0,113.74
P3_SR3,356,MSZZC1|6:XAUUSD|1:5|1:1|1:4|40:MSZZ|XAUUSD|5|0|-1|1762446300|1762446300,0.22,0.22,True,3987.15,3987.15,0.0,True,-1.0,-1.0,0.0,True,-261.14,-0.44,0.0,-261.58
P3_SR3,349,MSZZC1|6:XAUUSD|1:5|2:-1|1:1|67:BO|XAUUSD|5|0|S|1762185900|MSZZ|XAUUSD|5|0|-1|1761564000|1761564000,0.03,0.03,True,4006.08,4006.08,0.0,True,0.104952,0.10495216657287625,0.0,True,22.38,-0.06,2.76,25.08
P3_SR3,360,MSZZC1|6:XAUUSD|1:5|2:-1|1:4|39:MSZZ|XAUUSD|5|0|1|1762531800|1762531800,0.38,0.38,True,3990.295,3990.295,0.0,True,1.521199,1.5211988304092872,0.0,True,395.39,-0.76,0.0,394.63
P3_SR3,359,MSZZC1|6:XAUUSD|1:5|1:1|1:1|66:BO|XAUUSD|5|0|L|1762532100|MSZZ|XAUUSD|5|0|1|1762531800|1762531800,0.08,0.08,True,3986.57,3986.57,0.0,True,-0.611791,-0.6117905299466868,0.0,True,-156.08,-0.16,0.0,-156.24
P3_SR3,364,MSZZC1|6:XAUUSD|1:5|2:-1|1:1|67:BO|XAUUSD|5|0|S|1762533300|MSZZ|XAUUSD|5|0|-1|1762533000|1762533000,0.84,0.84,True,3989.74,3989.74,0.0,True,-1.0,-1.0,0.0,True,-266.28,-1.68,0.0,-267.96
P3_SR3,366,MSZZC1|6:XAUUSD|1:5|1:1|1:1|66:BO|XAUUSD|5|0|L|1762539900|MSZZ|XAUUSD|5|0|1|1762539600|1762539600,0.11,0.11,True,3995.13,3995.13,0.0,True,-0.546444,-0.5464435146443472,0.0,True,-143.66,-0.22,0.0,-143.88
P3_SR3,368,MSZZC1|6:XAUUSD|1:5|2:-1|1:1|67:BO|XAUUSD|5|0|S|1762542900|MSZZ|XAUUSD|5|0|-1|1762542300|1762542300,0.25,0.25,True,4005.62,4005.62,0.0,True,-1.0,-1.0,0.0,True,-262.25,-0.5,0.0,-262.75
P3_SR3,370,MSZZC1|6:XAUUSD|1:5|2:-1|1:1|67:BO|XAUUSD|5|0|S|1762736400|MSZZ|XAUUSD|5|0|-1|1762559100|1762559100,0.69,0.69,True,4010.44,4010.44,0.0,True,-1.0,-1.0,0.0,True,-262.89,-1.38,0.0,-264.27
P3_SR3,372,MSZZC1|6:XAUUSD|1:5|2:-1|1:4|39:MSZZ|XAUUSD|5|0|1|1763366700|1763366700,0.31,0.31,True,4071.7,4071.6999999999994,0.0,True,-1.0,-0.9999999999999456,0.0,True,-259.16,-0.62,0.0,-259.78
P3_SR3,374,MSZZC1|6:XAUUSD|1:5|1:1|1:4|40:MSZZ|XAUUSD|5|0|-1|1763393700|1763393700,0.25,0.25,True,4064.03,4064.03,0.0,True,-1.0,-1.0,0.0,True,-255.75,-0.5,0.0,-256.25
P3_SR3,376,MSZZC1|6:XAUUSD|1:5|2:-1|1:1|67:BO|XAUUSD|5|0|S|1763561400|MSZZ|XAUUSD|5|0|-1|1763129700|1763129700,4.79,4.79,True,4114.81,4114.81,0.0,True,2.0,1.9999999999983464,0.0,True,526.9,-9.58,0.0,517.32
P3_SR3,378,MSZZC1|6:XAUUSD|1:5|1:1|1:4|40:MSZZ|XAUUSD|5|0|-1|1763129700|1763129700,0.69,0.69,True,4114.82,4114.82,0.0,True,-1.0,-1.0,0.0,True,-264.27,-1.38,0.0,-265.65
P3_SR3,380,MSZZC1|6:XAUUSD|1:5|2:-1|1:1|67:BO|XAUUSD|5|0|S|1763564700|MSZZ|XAUUSD|5|0|-1|1763564400|1763564400,0.28,0.28,True,4116.46,4116.46,0.0,True,-1.0,-1.0,0.0,True,-258.16,-0.56,0.0,-258.72
P3_SR3,381,MSZZC1|6:XAUUSD|1:5|1:1|1:4|40:MSZZ|XAUUSD|5|0|-1|1763564400|1763564400,0.45,0.45,True,4106.39,4106.39,0.0,True,-1.0,-1.0,0.0,True,-260.1,-0.9,0.0,-261.0
P3_SR3,384,MSZZC1|6:XAUUSD|1:5|2:-1|1:1|67:BO|XAUUSD|5|0|S|1763567400|MSZZ|XAUUSD|5|0|-1|1763564400|1763564400,0.22,0.22,True,4117.88,4117.88,0.0,True,-1.0,-1.0,0.0,True,-254.76,-0.44,0.0,-255.2
P3_SR3,386,MSZZC1|6:XAUUSD|1:5|2:-1|1:4|39:MSZZ|XAUUSD|5|0|1|1763565900|1763565900,0.35,0.35,True,4114.08,4114.08,0.0,True,-1.0,-1.0,0.0,True,-261.1,-0.7,0.0,-261.8
P3_SR3,388,MSZZC1|6:XAUUSD|1:5|1:1|1:1|66:BO|XAUUSD|5|0|L|1763569800|MSZZ|XAUUSD|5|0|1|1763565900|1763565900,0.2,0.2,True,4100.83,4100.83,0.0,True,-1.0,-1.0,0.0,True,-255.0,-0.4,0.0,-255.4
P3_SR3,390,MSZZC1|6:XAUUSD|1:5|1:1|1:1|66:BO|XAUUSD|5|0|L|1763948700|MSZZ|XAUUSD|5|0|1|1763946000|1763946000,0.45,0.45,True,4068.97,4068.97,0.0,True,-1.0,-1.0,0.0,True,-260.1,-0.9,0.0,-261.0
P3_SR3,392,MSZZC1|6:XAUUSD|1:5|1:1|1:4|40:MSZZ|XAUUSD|5|0|-1|1763949900|1763949900,0.58,0.58,True,4069.735,4069.7349999999997,0.0,True,1.633183,1.6331828442437788,0.0,True,419.63,-1.16,0.0,418.47
P3_SR3,396,MSZZC1|6:XAUUSD|1:5|1:1|1:4|40:MSZZ|XAUUSD|5|0|-1|1763965800|1763965800,1.46,1.46,True,4045.05,4045.05,0.0,True,-1.0,-1.0,0.0,True,-261.34,-2.92,0.0,-264.26
P3_SR3,395,MSZZC1|6:XAUUSD|1:5|2:-1|1:1|67:BO|XAUUSD|5|0|S|1763953500|MSZZ|XAUUSD|5|0|-1|1763949900|1763949900,0.07,0.07,True,4092.29,4092.29,0.0,True,-1.0,-1.0,0.0,True,-249.83,-0.14,0.0,-249.97
P3_SR3,399,MSZZC1|6:XAUUSD|1:5|2:-1|1:4|39:MSZZ|XAUUSD|5|0|1|1764334200|1764334200,0.13,0.13,True,4188.02,4188.02,0.0,True,-1.0,-1.0,0.0,True,-243.49,-0.26,0.0,-243.75
P3_SR3,401,MSZZC1|6:XAUUSD|1:5|2:-1|1:1|67:BO|XAUUSD|5|0|S|1764707100|MSZZ|XAUUSD|5|0|-1|1764333000|1764333000,0.33,0.33,True,4197.12,4197.12,0.0,True,-1.0,-1.0,0.0,True,-255.09,-0.66,0.0,-255.75
P3_SR3,403,MSZZC1|6:XAUUSD|1:5|2:-1|1:1|67:BO|XAUUSD|5|0|S|1764793200|MSZZ|XAUUSD|5|0|-1|1764333000|1764333000,1.97,1.97,True,4200.86,4200.86,0.0,True,-1.0,-1.0,0.0,True,-258.07,-3.94,0.0,-262.01
P3_SR3,405,MSZZC1|6:XAUUSD|1:5|2:-1|1:1|67:BO|XAUUSD|5|0|S|1764795000|MSZZ|XAUUSD|5|0|-1|1764333000|1764333000,0.74,0.74,True,4200.86,4200.86,0.0,True,-1.0,-1.0,0.0,True,-257.52,-1.48,0.0,-259.0
P3_SR3,407,MSZZC1|6:XAUUSD|1:5|2:-1|1:1|67:BO|XAUUSD|5|0|S|1764881700|MSZZ|XAUUSD|5|0|-1|1764333000|1764333000,0.26,0.26,True,4217.56,4217.56,0.0,True,-1.0,-1.0,0.0,True,-249.08,-0.52,5.98,-243.62
P3_SR3,409,MSZZC1|6:XAUUSD|1:5|1:1|1:1|66:BO|XAUUSD|5|0|L|1764959100|MSZZ|XAUUSD|5|0|1|1764861900|1764861900,0.14,0.14,True,4198.58,4198.58,0.0,True,-1.0,-1.0,0.0,True,-255.5,-0.28,0.0,-255.78
P3_SR3,411,MSZZC1|6:XAUUSD|1:5|1:1|1:1|66:BO|XAUUSD|5|0|L|1765179000|MSZZ|XAUUSD|5|0|1|1764916200|1764916200,0.23,0.23,True,4203.02,4203.02,0.0,True,-1.0,-1.0,0.0,True,-254.61,-0.46,0.0,-255.07
P3_SR3,413,MSZZC1|6:XAUUSD|1:5|1:1|1:1|66:BO|XAUUSD|5|0|L|1765205700|MSZZ|XAUUSD|5|0|1|1764916200|1764916200,0.23,0.23,True,4203.02,4203.02,0.0,True,-1.0,-1.0,0.0,True,-254.38,-0.46,0.0,-254.84
P3_SR3,415,MSZZC1|6:XAUUSD|1:5|2:-1|1:1|67:BO|XAUUSD|5|0|S|1765213800|MSZZ|XAUUSD|5|0|-1|1764958200|1764958200,0.03,0.03,True,4216.62,4216.62,0.0,True,-0.474035,-0.47403478475391636,0.0,True,-115.29,-0.06,0.69,-114.66
P3_SR3,418,MSZZC1|6:XAUUSD|1:5|2:-1|1:4|39:MSZZ|XAUUSD|5|0|1|1765336500|1765336500,1.07,1.07,True,4214.18383,4214.183831775701,0.0,True,0.621258,0.6212577221602701,0.0,True,156.88,-2.14,0.0,154.74
P3_SR3,417,MSZZC1|6:XAUUSD|1:5|1:1|1:1|66:BO|XAUUSD|5|0|L|1765303200|MSZZ|XAUUSD|5|0|1|1764916200|1764916200,0.09,0.09,True,4209.06,4209.06,0.0,True,-0.28822,-0.2882195958825626,0.0,True,-68.04,-0.18,-4.14,-72.36
P3_SR3,423,MSZZC1|6:XAUUSD|1:5|1:1|1:4|40:MSZZ|XAUUSD|5|0|-1|1765343400|1765343400,0.48,0.48,True,4207.46,4207.46,0.0,True,-1.0,-1.0,0.0,True,-253.92,-0.96,0.0,-254.88
P3_SR3,422,MSZZC1|6:XAUUSD|1:5|2:-1|1:1|67:BO|XAUUSD|5|0|S|1765343700|MSZZ|XAUUSD|5|0|-1|1765343400|1765343400,0.26,0.26,True,4189.5,4189.5,0.0,True,2.0,2.000000000000093,0.0,True,508.56,-0.52,0.0,508.04
P3_SR3,426,MSZZC1|6:XAUUSD|1:5|1:1|1:4|40:MSZZ|XAUUSD|5|0|-1|1764958200|1764958200,0.16,0.16,True,4190.47,4190.47,0.0,True,-1.0,-1.0,0.0,True,-251.84,-0.32,0.0,-252.16
P3_SR3,428,MSZZC1|6:XAUUSD|1:5|1:1|1:1|66:BO|XAUUSD|5|0|L|1765418400|MSZZ|XAUUSD|5|0|1|1765417800|1765417800,0.22,0.22,True,4223.93,4223.93,0.0,True,-1.0,-1.0,0.0,True,-249.04,-0.44,0.0,-249.48
P3_SR3,429,MSZZC1|6:XAUUSD|1:5|2:-1|1:4|39:MSZZ|XAUUSD|5|0|1|1765417800|1765417800,0.33,0.33,True,4220.19455,4220.194545454546,0.0,True,1.616616,1.6166164960865708,0.0,True,402.78,-0.66,0.0,402.12
P3_SR3,433,MSZZC1|6:XAUUSD|1:5|1:1|1:4|40:MSZZ|XAUUSD|5|0|-1|1765427100|1765427100,0.34,0.34,True,4235.32,4235.32,0.0,True,0.585007,0.5850066934403938,0.0,True,148.58,-0.68,0.0,147.9
P3_SR3,436,MSZZC1|6:XAUUSD|1:5|1:1|1:1|66:BO|XAUUSD|5|0|L|1765473000|MSZZ|XAUUSD|5|0|1|1765470600|1765470600,0.87,0.87,True,4243.66,4243.66,0.0,True,2.0,2.0,0.0,True,506.34,-1.74,0.0,504.6
P3_SR3,438,MSZZC1|6:XAUUSD|1:5|1:1|1:1|66:BO|XAUUSD|5|0|L|1765474800|MSZZ|XAUUSD|5|0|1|1765473600|1765473900,0.13,0.13,True,4294.06,4294.06,0.0,True,2.0,2.0,0.0,True,512.46,-0.26,-5.98,506.22
P3_SR3,440,MSZZC1|6:XAUUSD|1:5|1:1|1:1|66:BO|XAUUSD|5|0|L|1765565100|MSZZ|XAUUSD|5|0|1|1765474800|1765474800,0.05,0.05,True,4366.15,4366.15,0.0,True,2.0,2.0,0.0,True,437.4,-0.1,-13.8,423.5
P3_SR3,443,MSZZC1|6:XAUUSD|1:5|2:-1|1:4|39:MSZZ|XAUUSD|5|0|1|1766134500|1766134800,0.43,0.43,True,4329.21,4329.21,0.0,True,-1.0,-1.0,0.0,True,-255.42,-0.86,0.0,-256.28
P3_SR3,445,MSZZC1|6:XAUUSD|1:5|2:-1|1:4|39:MSZZ|XAUUSD|5|0|1|1766143500|1766143800,1.47,1.47,True,4327.19027,4327.190272108844,0.0,True,0.437345,0.43734539270246586,0.0,True,113.15,-2.94,0.0,110.21
P3_SR3,442,MSZZC1|6:XAUUSD|1:5|1:1|1:1|66:BO|XAUUSD|5|0|L|1766135400|MSZZ|XAUUSD|5|0|1|1766134500|1766134800,0.22,0.22,True,4350.7,4350.7,0.0,True,2.0,2.0,0.0,True,507.76,-0.44,0.0,507.32
P3_SR3,450,MSZZC1|6:XAUUSD|1:5|2:-1|1:4|39:MSZZ|XAUUSD|5|0|1|1766368800|1766368800,0.6,0.6,True,4366.29,4366.29,0.0,True,-1.0,-1.0,0.0,True,-258.6,-1.2,0.0,-259.8
P3_SR3,449,MSZZC1|6:XAUUSD|1:5|1:1|1:1|66:BO|XAUUSD|5|0|L|1766168100|MSZZ|XAUUSD|5|0|1|1766162100|1766162100,0.09,0.09,True,4402.63,4402.63,0.0,True,2.0,1.9999999999999685,0.0,True,519.3,-0.18,-12.42,506.7
P3_SR3,453,MSZZC1|6:XAUUSD|1:5|2:-1|1:1|67:BO|XAUUSD|5|0|S|1767028800|MSZZ|XAUUSD|5|0|-1|1767027900|1767027900,0.06,0.06,True,4340.81,4340.81,0.0,True,-0.623471,-0.6234706616729124,0.0,True,-149.82,-0.12,0.0,-149.94
P3_SR3,454,MSZZC1|6:XAUUSD|1:5|1:1|1:4|40:MSZZ|XAUUSD|5|0|-1|1767027900|1767027900,0.17,0.17,True,4336.45059,4336.450588235294,0.0,True,0.31621,0.3162104445738893,0.0,True,81.44,-0.34,0.0,81.1
P3_SR3,458,MSZZC1|6:XAUUSD|1:5|2:-1|1:1|67:BO|XAUUSD|5|0|S|1767036000|MSZZ|XAUUSD|5|0|-1|1767027900|1767027900,0.11,0.11,True,4343.37,4343.37,0.0,True,-0.810488,-0.8104875804967833,0.0,True,-193.82,-0.22,0.0,-194.04
P3_SR3,460,MSZZC1|6:XAUUSD|1:5|1:1|1:1|66:BO|XAUUSD|5|0|L|1767045600|MSZZ|XAUUSD|5|0|1|1767042600|1767042600,0.09,0.09,True,4327.91,4327.91,0.0,True,-0.537926,-0.5379262352122531,0.0,True,-139.14,-0.18,-4.14,-143.46
P3_SR3,462,MSZZC1|6:XAUUSD|1:5|2:-1|1:1|67:BO|XAUUSD|5|0|S|1767063600|MSZZ|XAUUSD|5|0|-1|1767062700|1767062700,0.13,0.13,True,4347.08,4347.08,0.0,True,-1.0,-1.0,0.0,True,-249.21,-0.26,0.0,-249.47
P3_SR3,465,MSZZC1|6:XAUUSD|1:5|2:-1|1:4|39:MSZZ|XAUUSD|5|0|1|1767069900|1767069900,0.35,0.35,True,4365.39,4365.39,0.0,True,-1.0,-1.0,0.0,True,-254.1,-0.7,0.0,-254.8
P3_SR3,464,MSZZC1|6:XAUUSD|1:5|1:1|1:1|66:BO|XAUUSD|5|0|L|1767066000|MSZZ|XAUUSD|5|0|1|1767064500|1767064500,0.13,0.13,True,4386.8,4386.8,0.0,True,2.0,2.0000000000000457,0.0,True,515.32,-0.26,0.0,515.06
P3_SR3,468,MSZZC1|6:XAUUSD|1:5|2:-1|1:1|67:BO|XAUUSD|5|0|S|1767112800|MSZZ|XAUUSD|5|0|-1|1767108600|1767108600,0.06,0.06,True,4287.25,4287.25,0.0,True,2.0,2.0000000000000435,0.0,True,504.12,-0.12,1.38,505.38
P3_SR3,470,MSZZC1|6:XAUUSD|1:5|2:-1|1:1|67:BO|XAUUSD|5|0|S|1767674100|MSZZ|XAUUSD|5|0|-1|1766973600|1766973600,0.03,0.03,True,4489.68,4489.68,0.0,True,-0.556636,-0.5566362412090418,0.0,True,-111.6,-0.06,0.0,-111.66
P3_SR3,471,MSZZC1|6:XAUUSD|1:5|1:1|1:4|40:MSZZ|XAUUSD|5|0|-1|1767004500|1767004500,0.17,0.17,True,4483.87471,4483.874705882353,0.0,True,0.432311,0.43231072333237175,0.0,True,107.52,-0.34,0.0,107.18
P3_SR3,476,MSZZC1|6:XAUUSD|1:5|2:-1|1:4|39:MSZZ|XAUUSD|5|0|1|1767978300|1767978300,0.32,0.32,True,4492.72,4492.72,0.0,True,0.642417,0.642416769420499,0.0,True,166.72,-0.64,0.0,166.08
P3_SR3,479,MSZZC1|6:XAUUSD|1:5|2:-1|1:4|39:MSZZ|XAUUSD|5|0|1|1767990600|1767990600,0.5,0.5,True,4501.96,4501.96,0.0,True,-1.0,-1.0,0.0,True,-259.0,-1.0,0.0,-260.0
P3_SR3,475,MSZZC1|6:XAUUSD|1:5|1:1|1:1|66:BO|XAUUSD|5|0|L|1767984600|MSZZ|XAUUSD|5|0|1|1767978300|1767978300,0.04,0.04,True,4633.19,4633.19,0.0,True,2.0,1.9999999999999711,0.0,True,502.88,-0.08,-7.36,495.44
P3_SR3,482,MSZZC1|6:XAUUSD|1:5|1:1|1:1|66:BO|XAUUSD|5|0|L|1768585200|MSZZ|XAUUSD|5|0|1|1767990600|1767990600,0.04,0.04,True,4662.34,4662.34,0.0,True,2.0,2.0,0.0,True,426.64,-0.08,-5.52,421.04
P3_SR3,484,MSZZC1|6:XAUUSD|1:5|1:1|1:1|66:BO|XAUUSD|5|0|L|1769771700|MSZZ|XAUUSD|5|0|1|1769202000|1769202000,0.01,0.01,True,4932.82,4932.82,0.0,True,-1.0,-1.0,0.0,True,-135.98,-0.02,0.0,-136.0
P3_SR3,485,MSZZC1|6:XAUUSD|1:5|2:-1|1:4|39:MSZZ|XAUUSD|5|0|1|1769788800|1769788800,0.02,0.02,True,4809.765,4809.765,0.0,True,1.555955,1.5559552358113444,0.0,True,350.37,-0.04,0.0,350.33
P3_SR3,489,MSZZC1|6:XAUUSD|1:5|1:1|1:1|66:BO|XAUUSD|5|0|L|1769805900|MSZZ|XAUUSD|5|0|1|1769176800|1769176800,0.09,0.09,True,4886.07,4886.07,0.0,True,2.0,1.9999999999999358,0.0,True,509.76,-0.18,0.0,509.58
P3_SR3,491,MSZZC1|6:XAUUSD|1:5|2:-1|1:1|67:BO|XAUUSD|5|0|S|1769807400|MSZZ|XAUUSD|5|0|-1|1769800200|1769800200,0.06,0.06,True,4930.95,4930.95,0.0,True,-1.0,-1.0,0.0,True,-246.96,-0.12,0.0,-247.08
P3_SR3,493,MSZZC1|6:XAUUSD|1:5|2:-1|1:1|67:BO|XAUUSD|5|0|S|1769811600|MSZZ|XAUUSD|5|0|-1|1769800200|1769800200,0.05,0.05,True,4793.76,4793.76,0.0,True,2.0,2.0,0.0,True,512.9,-0.1,3.45,516.25
P3_SR3,495,MSZZC1|6:XAUUSD|1:5|2:-1|1:1|67:BO|XAUUSD|5|0|S|1770175800|MSZZ|XAUUSD|5|0|-1|1769769000|1769769000,0.04,0.04,True,4898.9,4898.9,0.0,True,2.0,2.0000000000000138,0.0,True,523.92,-0.08,0.0,523.84
P3_SR3,497,MSZZC1|6:XAUUSD|1:5|1:1|1:4|40:MSZZ|XAUUSD|5|0|-1|1770608100|1770608100,0.12,0.12,True,5022.095,5022.095,0.0,True,1.508751,1.5087511825923043,0.0,True,382.74,-0.24,0.0,382.5
P3_SR3,500,MSZZC1|6:XAUUSD|1:5|2:-1|1:1|67:BO|XAUUSD|5|0|S|1770744900|MSZZ|XAUUSD|5|0|-1|1770741900|1770741900,0.05,0.05,True,5058.39,5058.39,0.0,True,-1.0,-1.0,0.0,True,-255.85,-0.1,1.15,-254.8
P3_SR3,502,MSZZC1|6:XAUUSD|1:5|2:-1|1:1|67:BO|XAUUSD|5|0|S|1770789900|MSZZ|XAUUSD|5|0|-1|1770789300|1770789600,0.95,0.95,True,5057.6,5057.6,0.0,True,-1.0,-1.0,0.0,True,-266.0,-1.9,0.0,-267.9
P3_SR3,504,MSZZC1|6:XAUUSD|1:5|2:-1|1:1|67:BO|XAUUSD|5|0|S|1770790800|MSZZ|XAUUSD|5|0|-1|1770789300|1770789600,8.6,8.6,True,5057.6,5057.6,0.0,True,-1.0,-1.0,0.0,True,-266.6,-17.2,0.0,-283.8
P3_SR3,506,MSZZC1|6:XAUUSD|1:5|2:-1|1:1|67:BO|XAUUSD|5|0|S|1770792300|MSZZ|XAUUSD|5|0|-1|1770792000|1770792000,0.25,0.25,True,5061.05,5061.05,0.0,True,-1.0,-1.0,0.0,True,-265.25,-0.5,0.0,-265.75
P3_SR3,509,MSZZC1|6:XAUUSD|1:5|2:-1|1:4|39:MSZZ|XAUUSD|5|0|1|1770797100|1770797100,0.51,0.51,True,5061.57,5061.57,0.0,True,-1.0,-1.0,0.0,True,-261.12,-1.02,0.0,-262.14
P3_SR3,508,MSZZC1|6:XAUUSD|1:5|1:1|1:1|66:BO|XAUUSD|5|0|L|1770795300|MSZZ|XAUUSD|5|0|1|1770795000|1770795000,0.14,0.14,True,5100.26,5100.26,0.0,True,2.0,2.000000000000096,0.0,True,530.04,-0.28,0.0,529.76
P3_SR3,513,MSZZC1|6:XAUUSD|1:5|2:-1|1:4|39:MSZZ|XAUUSD|5|0|1|1770842100|1770842100,0.56,0.56,True,5087.39,5087.39,0.0,True,-1.0,-1.0,0.0,True,-262.64,-1.12,0.0,-263.76
P3_SR3,512,MSZZC1|6:XAUUSD|1:5|1:1|1:1|66:BO|XAUUSD|5|0|L|1770838800|MSZZ|XAUUSD|5|0|1|1770837300|1770837300,0.05,0.05,True,5081.58,5081.58,0.0,True,-0.307772,-0.3077718065316307,0.0,True,-74.45,-0.1,0.0,-74.55
P3_SR3,516,MSZZC1|6:XAUUSD|1:5|2:-1|1:1|67:BO|XAUUSD|5|0|S|1770846900|MSZZ|XAUUSD|5|0|-1|1770840600|1770840600,0.31,0.31,True,5090.0,5090.0,0.0,True,-1.0,-1.0,0.0,True,-261.02,-0.62,0.0,-261.64
P3_SR3,518,MSZZC1|6:XAUUSD|1:5|1:1|1:1|66:BO|XAUUSD|5|0|L|1770858000|MSZZ|XAUUSD|5|0|1|1770853800|1770853800,0.05,0.05,True,5063.63,5063.63,0.0,True,-0.721422,-0.7214221422142164,0.0,True,-160.3,-0.1,0.0,-160.4
P3_SR3,520,MSZZC1|6:XAUUSD|1:5|2:-1|1:1|67:BO|XAUUSD|5|0|S|1770858600|MSZZ|XAUUSD|5|0|-1|1770858300|1770858300,0.1,0.1,True,5010.89,5010.89,0.0,True,2.0,2.0,0.0,True,527.4,-0.2,0.0,527.2
P3_SR3,523,MSZZC1|6:XAUUSD|1:5|2:-1|1:4|39:MSZZ|XAUUSD|5|0|1|1770929400|1770929700,0.2,0.2,True,4923.91,4923.909999999999,0.0,True,1.633154,1.6331542594013495,0.0,True,425.6,-0.4,0.0,425.2
P3_SR3,526,MSZZC1|6:XAUUSD|1:5|2:-1|1:4|39:MSZZ|XAUUSD|5|0|1|1770948300|1770948300,0.4,0.4,True,4939.19,4939.1900000000005,0.0,True,0.428354,0.4283536585364816,0.0,True,112.4,-0.8,0.0,111.6
P3_SR3,522,MSZZC1|6:XAUUSD|1:5|1:1|1:1|66:BO|XAUUSD|5|0|L|1770924000|MSZZ|XAUUSD|5|0|1|1770921600|1770921900,0.02,0.02,True,5015.17,5015.17,0.0,True,0.341112,0.34111192991074935,0.0,True,83.32,-0.04,-3.68,79.6
P3_SR3,531,MSZZC1|6:XAUUSD|1:5|1:1|1:4|40:MSZZ|XAUUSD|5|0|-1|1771216500|1771216500,0.41,0.41,True,4996.18,4996.179999999999,0.0,True,-1.0,-1.0000000000001428,0.0,True,-261.17,-0.82,0.0,-261.99
P3_SR3,530,MSZZC1|6:XAUUSD|1:5|2:-1|1:1|67:BO|XAUUSD|5|0|S|1771203600|MSZZ|XAUUSD|5|0|-1|1770934800|1770934800,0.07,0.07,True,4941.65,4941.65,0.0,True,2.0,2.0,0.0,True,514.64,-0.14,1.61,516.11
P3_SR3,534,MSZZC1|6:XAUUSD|1:5|2:-1|1:1|67:BO|XAUUSD|5|0|S|1771526700|MSZZ|XAUUSD|5|0|-1|1770912000|1770912000,0.14,0.14,True,5022.49,5022.49,0.0,True,-1.0,-1.0,0.0,True,-259.7,-0.28,3.22,-256.76
P3_SR3,536,MSZZC1|6:XAUUSD|1:5|1:1|1:4|40:MSZZ|XAUUSD|5|0|-1|1771606800|1771606800,0.18,0.18,True,5029.345,5029.344999999999,0.0,True,0.452165,0.45216480446924484,0.0,True,116.55,-0.36,0.0,116.19
P3_SR3,539,MSZZC1|6:XAUUSD|1:5|2:-1|1:4|39:MSZZ|XAUUSD|5|0|1|1771605000|1771605000,0.48,0.48,True,5056.76,5056.76,0.0,True,-1.0,-1.0,0.0,True,-264.96,-0.96,0.0,-265.92
P3_SR3,541,MSZZC1|6:XAUUSD|1:5|2:-1|1:1|67:BO|XAUUSD|5|0|S|1772544300|MSZZ|XAUUSD|5|0|-1|1772543100|1772543100,0.04,0.04,True,5180.54,5180.54,0.0,True,-1.0,-1.0,0.0,True,-215.44,-0.08,0.0,-215.52
P3_SR3,543,MSZZC1|6:XAUUSD|1:5|1:1|1:1|66:BO|XAUUSD|5|0|L|1772549700|MSZZ|XAUUSD|5|0|1|1772200500|1772200500,0.04,0.04,True,5159.75,5159.75,0.0,True,-1.0,-1.0,0.0,True,-258.84,-0.08,0.0,-258.92
P3_SR3,545,MSZZC1|6:XAUUSD|1:5|2:-1|1:1|67:BO|XAUUSD|5|0|S|1772550300|MSZZ|XAUUSD|5|0|-1|1772543100|1772543100,0.09,0.09,True,5180.54,5180.54,0.0,True,-1.0,-1.0,0.0,True,-251.82,-0.18,0.0,-252.0
P3_SR3,547,MSZZC1|6:XAUUSD|1:5|2:-1|1:1|67:BO|XAUUSD|5|0|S|1772552100|MSZZ|XAUUSD|5|0|-1|1772543100|1772543100,0.11,0.11,True,5113.13,5113.13,0.0,True,2.0,1.9999999999999596,0.0,True,494.34,-0.22,0.0,494.12
P3_SR3,549,MSZZC1|6:XAUUSD|1:5|2:-1|1:1|67:BO|XAUUSD|5|0|S|1772594700|MSZZ|XAUUSD|5|0|-1|1772543100|1772543100,0.07,0.07,True,5180.54,5180.54,0.0,True,-1.0,-1.0,0.0,True,-239.89,-0.14,0.0,-240.03
P3_SR3,551,MSZZC1|6:XAUUSD|1:5|2:-1|1:1|67:BO|XAUUSD|5|0|S|1772600100|MSZZ|XAUUSD|5|0|-1|1772543100|1772543100,0.11,0.11,True,5180.54,5180.540000000001,0.0,True,-1.0,-1.0000000000000377,0.0,True,-265.21,-0.22,0.0,-265.43
P3_SR3,553,MSZZC1|6:XAUUSD|1:5|2:-1|1:1|67:BO|XAUUSD|5|0|S|1772606700|MSZZ|XAUUSD|5|0|-1|1772543100|1772543100,0.1,0.1,True,5180.54,5180.539999999999,0.0,True,-1.0,-0.9999999999999639,0.0,True,-252.0,-0.2,0.0,-252.2
P3_SR3,555,MSZZC1|6:XAUUSD|1:5|2:-1|1:1|67:BO|XAUUSD|5|0|S|1772642700|MSZZ|XAUUSD|5|0|-1|1772543100|1772543100,0.1,0.1,True,5181.03,5181.029999999999,0.0,True,-1.0,-0.9999999999999643,0.0,True,-254.2,-0.2,2.3,-252.1
P3_SR3,557,MSZZC1|6:XAUUSD|1:5|2:-1|1:1|67:BO|XAUUSD|5|0|S|1772697300|MSZZ|XAUUSD|5|0|-1|1772543100|1772543100,0.08,0.08,True,5181.03,5181.03,0.0,True,-1.0,-1.0,0.0,True,-258.08,-0.16,0.0,-258.24
P3_SR3,559,MSZZC1|6:XAUUSD|1:5|2:-1|1:1|67:BO|XAUUSD|5|0|S|1772712000|MSZZ|XAUUSD|5|0|-1|1772543100|1772543100,0.08,0.08,True,5088.15,5088.15,0.0,True,2.0,2.0,0.0,True,495.36,-0.16,0.0,495.2
P3_SR3,561,MSZZC1|6:XAUUSD|1:5|2:-1|1:1|67:BO|XAUUSD|5|0|S|1772819100|MSZZ|XAUUSD|5|0|-1|1772543100|1772543100,0.07,0.07,True,5181.03,5181.03,0.0,True,-1.0,-1.0,0.0,True,-239.33,-0.14,4.83,-234.64
P3_SR3,563,MSZZC1|6:XAUUSD|1:5|1:1|1:1|66:BO|XAUUSD|5|0|L|1773312000|MSZZ|XAUUSD|5|0|1|1773208200|1773208200,0.04,0.04,True,5124.05,5124.05,0.0,True,-1.0,-1.0,0.0,True,-220.08,-0.08,0.0,-220.16
P3_SR3,566,MSZZC1|6:XAUUSD|1:5|2:-1|1:4|39:MSZZ|XAUUSD|5|0|1|1773359100|1773359100,0.2,0.2,True,5090.47,5090.47,0.0,True,-1.0,-1.0,0.0,True,-251.8,-0.4,0.0,-252.2
P3_SR3,565,MSZZC1|6:XAUUSD|1:5|1:1|1:1|66:BO|XAUUSD|5|0|L|1773363600|MSZZ|XAUUSD|5|0|1|1773359100|1773359100,0.08,0.08,True,5085.36,5085.36,0.0,True,0.030743,0.030743243243238894,0.0,True,7.28,-0.16,0.0,7.12
P3_SR3,569,MSZZC1|6:XAUUSD|1:5|2:-1|1:1|67:BO|XAUUSD|5|0|S|1773405600|MSZZ|XAUUSD|5|0|-1|1773404400|1773404700,0.22,0.22,True,5097.03,5097.03,0.0,True,-1.0,-1.0,0.0,True,-256.74,-0.44,0.0,-257.18
P3_SR3,571,MSZZC1|6:XAUUSD|1:5|2:-1|1:1|67:BO|XAUUSD|5|0|S|1773423600|MSZZ|XAUUSD|5|0|-1|1773422100|1773422100,0.09,0.09,True,5022.15,5022.15,0.0,True,2.0,2.0000000000000635,0.0,True,514.08,-0.18,0.0,513.9
P3_SR3,573,MSZZC1|6:XAUUSD|1:5|2:-1|1:1|67:BO|XAUUSD|5|0|S|1773752700|MSZZ|XAUUSD|5|0|-1|1773210000|1773210000,0.01,0.01,True,4633.89,4633.89,0.0,True,2.0,1.9999999999999951,0.0,True,368.26,-0.02,0.46,368.7
P3_SR3,575,MSZZC1|6:XAUUSD|1:5|2:-1|1:4|39:MSZZ|XAUUSD|5|0|1|1774849200|1774849200,0.33,0.33,True,4491.96788,4491.967878787878,0.0,True,0.512155,0.5121553456973904,0.0,True,135.04,-0.66,0.0,134.38
P3_SR3,577,MSZZC1|6:XAUUSD|1:5|1:1|1:1|66:BO|XAUUSD|5|0|L|1774855200|MSZZ|XAUUSD|5|0|1|1774849200|1774849200,0.04,0.04,True,4622.03,4622.03,0.0,True,2.0,1.9999999999999858,0.0,True,510.8,-0.08,-1.84,508.88
P3_SR3,580,MSZZC1|6:XAUUSD|1:5|1:1|1:1|66:BO|XAUUSD|5|0|L|1775583000|MSZZ|XAUUSD|5|0|1|1775582400|1775582400,0.02,0.02,True,4769.98,4769.98,0.0,True,1.125544,1.1255440564851587,0.0,True,232.74,-0.04,-1.84,230.86
P3_SR3,583,MSZZC1|6:XAUUSD|1:5|1:1|1:4|40:MSZZ|XAUUSD|5|0|-1|1775773800|1775773800,0.84,0.84,True,4769.08,4769.08,0.0,True,-1.0,-1.0,0.0,True,-263.76,-1.68,0.0,-265.44
P3_SR3,582,MSZZC1|6:XAUUSD|1:5|2:-1|1:1|67:BO|XAUUSD|5|0|S|1775774700|MSZZ|XAUUSD|5|0|-1|1775773800|1775773800,0.09,0.09,True,4713.18,4713.18,0.0,True,2.0,1.999999999999936,0.0,True,511.2,-0.18,8.28,519.3
P3_SR3,586,MSZZC1|6:XAUUSD|1:5|1:1|1:4|40:MSZZ|XAUUSD|5|0|-1|1776242100|1776242100,0.83,0.83,True,4812.16,4812.16,0.0,True,-1.0,-1.0,0.0,True,-265.6,-1.66,0.0,-267.26
P3_SR3,588,MSZZC1|6:XAUUSD|1:5|1:1|1:1|66:BO|XAUUSD|5|0|L|1776264600|MSZZ|XAUUSD|5|0|1|1776183600|1776183900,0.11,0.11,True,4790.52,4790.52,0.0,True,-1.0,-1.0,0.0,True,-262.68,-0.22,0.0,-262.9
P3_SR3,590,MSZZC1|6:XAUUSD|1:5|1:1|1:1|66:BO|XAUUSD|5|0|L|1776302400|MSZZ|XAUUSD|5|0|1|1776301200|1776301200,0.19,0.19,True,4827.53,4827.53,0.0,True,2.0,1.9999999999999318,0.0,True,506.92,-0.38,0.0,506.54
P3_SR3,592,MSZZC1|6:XAUUSD|1:5|1:1|1:1|66:BO|XAUUSD|5|0|L|1776315900|MSZZ|XAUUSD|5|0|1|1776183600|1776183900,1.31,1.31,True,4820.78,4820.78,0.0,True,-1.0,-1.0,0.0,True,-264.62,-2.62,0.0,-267.24
P3_SR3,594,MSZZC1|6:XAUUSD|1:5|1:1|1:1|66:BO|XAUUSD|5|0|L|1776316500|MSZZ|XAUUSD|5|0|1|1776183600|1776183900,1.33,1.33,True,4820.78,4820.78,0.0,True,-1.0,-1.0,0.0,True,-264.67,-2.66,0.0,-267.33
P3_SR3,596,MSZZC1|6:XAUUSD|1:5|1:1|1:4|40:MSZZ|XAUUSD|5|0|-1|1776367800|1776367800,0.49,0.49,True,4788.87082,4788.87081632653,0.0,True,0.307845,0.3078454646398751,0.0,True,80.4,-0.98,0.0,79.42
P3_SR3,599,MSZZC1|6:XAUUSD|1:5|1:1|1:4|40:MSZZ|XAUUSD|5|0|-1|1776358200|1776358200,0.43,0.43,True,4786.26,4786.26,0.0,True,-1.0,-1.0,0.0,True,-263.16,-0.86,0.0,-264.02
P3_SR3,601,MSZZC1|6:XAUUSD|1:5|1:1|1:4|40:MSZZ|XAUUSD|5|0|-1|1776416400|1776416400,0.36,0.36,True,4784.67,4784.67,0.0,True,-1.0,-1.0,0.0,True,-258.12,-0.72,0.0,-258.84
P3_SR3,603,MSZZC1|6:XAUUSD|1:5|1:1|1:4|40:MSZZ|XAUUSD|5|0|-1|1776652200|1776652200,0.1,0.1,True,4800.565,4800.565,0.0,True,0.482857,0.4828571428571151,0.0,True,126.75,-0.2,0.0,126.55
P3_SR3,606,MSZZC1|6:XAUUSD|1:5|2:-1|1:4|39:MSZZ|XAUUSD|5|0|1|1776657900|1776657900,0.56,0.56,True,4791.7,4791.7,0.0,True,-1.0,-1.0,0.0,True,-260.4,-1.12,0.0,-261.52
P3_SR3,608,MSZZC1|6:XAUUSD|1:5|2:-1|1:4|39:MSZZ|XAUUSD|5|0|1|1776696000|1776696000,0.76,0.76,True,4793.315,4793.315,0.0,True,0.329942,0.3299418604651309,0.0,True,86.26,-1.52,0.0,84.74
P3_SR3,611,MSZZC1|6:XAUUSD|1:5|2:-1|1:1|67:BO|XAUUSD|5|0|S|1776759900|MSZZ|XAUUSD|5|0|-1|1776756600|1776756600,2.49,2.49,True,4788.62,4788.62,0.0,True,-1.0,-1.0,0.0,True,-263.94,-4.98,0.0,-268.92
P3_SR3,613,MSZZC1|6:XAUUSD|1:5|2:-1|1:1|67:BO|XAUUSD|5|0|S|1776762900|MSZZ|XAUUSD|5|0|-1|1776761400|1776761400,0.32,0.32,True,4788.62,4788.62,0.0,True,-1.0,-1.0,0.0,True,-258.88,-0.64,0.0,-259.52
P3_SR3,615,MSZZC1|6:XAUUSD|1:5|1:1|1:1|66:BO|XAUUSD|5|0|L|1776789600|MSZZ|XAUUSD|5|0|1|1776789300|1776789300,0.11,0.11,True,4766.29,4766.290000000001,0.0,True,-1.0,-0.9999999999999604,0.0,True,-252.45,-0.22,0.0,-252.67
P3_SR3,617,MSZZC1|6:XAUUSD|1:5|2:-1|1:1|67:BO|XAUUSD|5|0|S|1776792900|MSZZ|XAUUSD|5|0|-1|1776792600|1776792600,0.07,0.07,True,4695.19,4695.19,0.0,True,2.0,2.0,0.0,True,462.14,-0.14,0.0,462.0
P3_SR3,619,MSZZC1|6:XAUUSD|1:5|1:1|1:4|40:MSZZ|XAUUSD|5|0|-1|1776792600|1776792600,0.65,0.65,True,4759.24,4759.24,0.0,True,-1.0,-1.0,0.0,True,-262.6,-1.3,0.0,-263.9
P3_SR3,622,MSZZC1|6:XAUUSD|1:5|1:1|1:4|40:MSZZ|XAUUSD|5|0|-1|1778019300|1778019300,1.36,1.36,True,4559.58,4559.58,0.0,True,1.84456,1.8445595854916859,0.0,True,484.16,-2.72,0.0,481.44
P3_SR3,625,MSZZC1|6:XAUUSD|1:5|1:1|1:4|40:MSZZ|XAUUSD|5|0|-1|1778025000|1778025300,0.22,0.22,True,4577.895,4577.8949999999995,0.0,True,1.634516,1.6345155709341586,0.0,True,415.69,-0.44,0.0,415.25
P3_SR3,621,MSZZC1|6:XAUUSD|1:5|2:-1|1:1|67:BO|XAUUSD|5|0|S|1777365300|MSZZ|XAUUSD|5|0|-1|1776744000|1776744000,0.02,0.02,True,4730.22,4730.22,0.0,True,-1.0,-1.0,0.0,True,-184.48,-0.04,4.14,-180.38
P3_SR3,629,MSZZC1|6:XAUUSD|1:5|1:1|1:1|66:BO|XAUUSD|5|0|L|1778612400|MSZZ|XAUUSD|5|0|1|1778033400|1778033400,0.02,0.02,True,4704.08,4704.08,0.0,True,0.314131,0.3141306417825142,0.0,True,65.98,-0.04,-0.92,65.02
P3_SR3,631,MSZZC1|6:XAUUSD|1:5|2:-1|1:1|67:BO|XAUUSD|5|0|S|1778700600|MSZZ|XAUUSD|5|0|-1|1778644800|1778644800,0.48,0.48,True,4693.08,4693.08,0.0,True,2.0,2.0,0.0,True,528.0,-0.96,0.0,527.04
P3_SR3,633,MSZZC1|6:XAUUSD|1:5|2:-1|1:1|67:BO|XAUUSD|5|0|S|1778731200|MSZZ|XAUUSD|5|0|-1|1778644800|1778644800,0.31,0.31,True,4681.54,4681.54,0.0,True,2.0,2.000000000000107,0.0,True,526.38,-0.62,0.0,525.76
P3_SR3,635,MSZZC1|6:XAUUSD|1:5|2:-1|1:1|67:BO|XAUUSD|5|0|S|1778745300|MSZZ|XAUUSD|5|0|-1|1778644800|1778644800,0.55,0.55,True,4692.88,4692.88,0.0,True,2.0,1.9999999999998108,0.0,True,529.1,-1.1,0.0,528.0
P3_SR3,637,MSZZC1|6:XAUUSD|1:5|2:-1|1:1|67:BO|XAUUSD|5|0|S|1778756100|MSZZ|XAUUSD|5|0|-1|1778755800|1778755800,0.1,0.1,True,4695.72,4695.72,0.0,True,-0.09918,-0.09918000780944929,0.0,True,-25.4,-0.2,0.0,-25.6
P3_SR3,639,MSZZC1|6:XAUUSD|1:5|1:1|1:1|66:BO|XAUUSD|5|0|L|1778762400|MSZZ|XAUUSD|5|0|1|1778758500|1778758800,0.56,0.56,True,4705.16,4705.16,0.0,True,2.0,1.9999999999998073,0.0,True,528.64,-1.12,0.0,527.52
P3_SR3,641,MSZZC1|6:XAUUSD|1:5|1:1|1:1|66:BO|XAUUSD|5|0|L|1778771400|MSZZ|XAUUSD|5|0|1|1778769900|1778769900,0.18,0.18,True,4697.44,4697.44,0.0,True,-0.451456,-0.4514563106796245,0.0,True,-117.18,-0.36,0.0,-117.54
P3_SR3,643,MSZZC1|6:XAUUSD|1:5|2:-1|1:1|67:BO|XAUUSD|5|0|S|1778774400|MSZZ|XAUUSD|5|0|-1|1778773200|1778773200,0.36,0.36,True,4704.85,4704.85,0.0,True,-1.0,-1.0,0.0,True,-266.76,-0.72,0.0,-267.48
P3_SR3,645,MSZZC1|6:XAUUSD|1:5|2:-1|1:1|67:BO|XAUUSD|5|0|S|1778775900|MSZZ|XAUUSD|5|0|-1|1778775300|1778775300,0.16,0.16,True,4655.86,4655.86,0.0,True,2.0,2.0000000000000555,0.0,True,522.56,-0.32,0.0,522.24
P3_SR3,647,MSZZC1|6:XAUUSD|1:5|2:-1|1:1|67:BO|XAUUSD|5|0|S|1778799300|MSZZ|XAUUSD|5|0|-1|1778559900|1778559900,0.12,0.12,True,4609.84,4609.84,0.0,True,2.0,2.0,0.0,True,532.8,-0.24,2.76,535.32
P3_SR3,649,MSZZC1|6:XAUUSD|1:5|1:1|1:4|40:MSZZ|XAUUSD|5|0|-1|1779467700|1779467700,0.45,0.45,True,4520.81911,4520.819111111112,0.0,True,0.228039,0.22803877703218237,0.0,True,61.16,-0.9,0.0,60.26
P3_SR3,652,MSZZC1|6:XAUUSD|1:5|2:-1|1:1|67:BO|XAUUSD|5|0|S|1779478500|MSZZ|XAUUSD|5|0|-1|1779467700|1779467700,0.37,0.37,True,4526.76,4526.76,0.0,True,-1.0,-1.0,0.0,True,-266.4,-0.74,0.0,-267.14
P3_SR3,654,MSZZC1|6:XAUUSD|1:5|2:-1|1:4|39:MSZZ|XAUUSD|5|0|1|1779480600|1779480900,0.34,0.34,True,4517.94,4517.94,0.0,True,0.276215,0.27621483375969874,0.0,True,73.44,-0.68,0.0,72.76
P3_SR3,657,MSZZC1|6:XAUUSD|1:5|2:-1|1:1|67:BO|XAUUSD|5|0|S|1779488400|MSZZ|XAUUSD|5|0|-1|1779487200|1779487200,0.21,0.21,True,4520.31,4520.31,0.0,True,-1.0,-1.0,0.0,True,-262.29,-0.42,14.49,-248.22
P3_SR3,659,MSZZC1|6:XAUUSD|1:5|1:1|1:1|66:BO|XAUUSD|5|0|L|1779671100|MSZZ|XAUUSD|5|0|1|1779670800|1779670800,0.05,0.05,True,4504.24,4504.24,0.0,True,-1.0,-1.0,0.0,True,-252.9,-0.1,-2.3,-255.3
P3_SR3,661,MSZZC1|6:XAUUSD|1:5|2:-1|1:1|67:BO|XAUUSD|5|0|S|1779815400|MSZZ|XAUUSD|5|0|-1|1779814200|1779814200,0.13,0.13,True,4531.34,4531.34,0.0,True,-1.0,-1.0,0.0,True,-264.81,-0.26,2.99,-262.08
P3_SR3,663,MSZZC1|6:XAUUSD|1:5|2:-1|1:4|39:MSZZ|XAUUSD|5|0|1|1779297300|1779297300,0.45,0.45,True,4506.15,4506.15,0.0,True,-1.0,-1.0,0.0,True,-266.4,-0.9,0.0,-267.3
P3_SR3,665,MSZZC1|6:XAUUSD|1:5|2:-1|1:1|67:BO|XAUUSD|5|0|S|1779873300|MSZZ|XAUUSD|5|0|-1|1779871200|1779871200,0.12,0.12,True,4447.5,4447.5,0.0,True,2.0,2.0000000000000435,0.0,True,503.52,-0.24,0.0,503.28
P3_SR3,667,MSZZC1|6:XAUUSD|1:5|1:1|1:1|66:BO|XAUUSD|5|0|L|1779997200|MSZZ|XAUUSD|5|0|1|1779996000|1779996000,1.55,1.55,True,4507.86,4507.86,0.0,True,2.0,2.0,0.0,True,539.4,-3.1,0.0,536.3
P3_SR3,670,MSZZC1|6:XAUUSD|1:5|1:1|1:1|66:BO|XAUUSD|5|0|L|1780005000|MSZZ|XAUUSD|5|0|1|1779996000|1779996000,4.75,4.75,True,4502.64,4502.64,0.0,True,-1.0,-1.0,0.0,True,-270.75,-9.5,0.0,-280.25
P3_SR3,669,MSZZC1|6:XAUUSD|1:5|2:-1|1:4|39:MSZZ|XAUUSD|5|0|1|1779996000|1779996000,0.61,0.61,True,4498.34639,4498.346393442623,0.0,True,0.857314,0.8573135666006167,0.0,True,229.58,-1.22,7.13,235.49
P3_SR3,674,MSZZC1|6:XAUUSD|1:5|1:1|1:4|40:MSZZ|XAUUSD|5|0|-1|1780012500|1780012500,0.63,0.63,True,4493.23,4493.23,0.0,True,-1.0,-1.0,0.0,True,-270.9,-1.26,0.0,-272.16
P3_SR3,676,MSZZC1|6:XAUUSD|1:5|2:-1|1:1|67:BO|XAUUSD|5|0|S|1780016700|MSZZ|XAUUSD|5|0|-1|1780012500|1780012500,0.16,0.16,True,4509.13,4509.13,0.0,True,-0.921744,-0.9217443249701608,0.0,True,-246.88,-0.32,0.0,-247.2
P3_SR3,678,MSZZC1|6:XAUUSD|1:5|1:1|1:1|66:BO|XAUUSD|5|0|L|1780027500|MSZZ|XAUUSD|5|0|1|1780027200|1780027200,0.41,0.41,True,4502.64,4502.64,0.0,True,-1.0,-1.0,0.0,True,-266.09,-0.82,0.0,-266.91
P3_SR3,680,MSZZC1|6:XAUUSD|1:5|1:1|1:1|66:BO|XAUUSD|5|0|L|1780030800|MSZZ|XAUUSD|5|0|1|1780027200|1780027200,0.33,0.33,True,4502.64,4502.64,0.0,True,-1.0,-1.0,0.0,True,-268.95,-0.66,0.0,-269.61
P3_SR3,682,MSZZC1|6:XAUUSD|1:5|1:1|1:1|66:BO|XAUUSD|5|0|L|1780077600|MSZZ|XAUUSD|5|0|1|1780027200|1780027200,0.05,0.05,True,4525.29,4525.29,0.0,True,-1.0,-1.0,0.0,True,-265.15,-0.1,-6.9,-272.15
P3_SR3,684,MSZZC1|6:XAUUSD|1:5|1:1|1:4|40:MSZZ|XAUUSD|5|0|-1|1780025700|1780026000,0.24,0.24,True,4497.3,4497.3,0.0,True,-0.380204,-0.3802035152636324,0.0,True,-98.64,-0.48,0.0,-99.12
P3_SR3,686,MSZZC1|6:XAUUSD|1:5|2:-1|1:4|39:MSZZ|XAUUSD|5|0|1|1780314000|1780314000,0.51,0.51,True,4502.52,4502.52,0.0,True,-1.0,-1.0,0.0,True,-266.22,-1.02,0.0,-267.24
P3_SR3,689,MSZZC1|6:XAUUSD|1:5|1:1|1:4|40:MSZZ|XAUUSD|5|0|-1|1780418100|1780418400,0.51,0.51,True,4501.62,4501.62,0.0,True,-1.0,-1.0,0.0,True,-265.71,-1.02,0.0,-266.73
P3_SR3,688,MSZZC1|6:XAUUSD|1:5|2:-1|1:1|67:BO|XAUUSD|5|0|S|1780419000|MSZZ|XAUUSD|5|0|-1|1780418100|1780418400,0.1,0.1,True,4451.69,4451.69,0.0,True,2.0,2.0,0.0,True,528.4,-0.2,2.3,530.5
P3_SR3,692,MSZZC1|6:XAUUSD|1:5|2:-1|1:1|67:BO|XAUUSD|5|0|S|1780534800|MSZZ|XAUUSD|5|0|-1|1779985800|1779985800,0.33,0.33,True,4440.01,4440.01,0.0,True,-1.0,-1.0,0.0,True,-266.31,-0.66,0.0,-266.97
P3_SR3,694,MSZZC1|6:XAUUSD|1:5|1:1|1:1|66:BO|XAUUSD|5|0|L|1780540800|MSZZ|XAUUSD|5|0|1|1780538100|1780538100,0.08,0.08,True,4515.37,4515.37,0.0,True,2.0,1.999999999999941,0.0,True,492.48,-0.16,0.0,492.32
P3_SR3,696,MSZZC1|6:XAUUSD|1:5|2:-1|1:1|67:BO|XAUUSD|5|0|S|1780971900|MSZZ|XAUUSD|5|0|-1|1780623900|1780623900,0.01,0.01,True,4326.73,4326.73,0.0,True,-0.038742,-0.03874217085297326,0.0,True,-6.0,-0.02,1.38,-4.64
P3_SR3,699,MSZZC1|6:XAUUSD|1:5|2:-1|1:4|39:MSZZ|XAUUSD|5|0|1|1781499600|1781499600,0.35,0.35,True,4331.21,4331.21,0.0,True,-1.0,-1.0,0.0,True,-263.55,-0.7,0.0,-264.25
P3_SR3,698,MSZZC1|6:XAUUSD|1:5|1:1|1:1|66:BO|XAUUSD|5|0|L|1781500200|MSZZ|XAUUSD|5|0|1|1781499600|1781499600,0.03,0.03,True,4237.77,4237.77,0.0,True,-1.0,-1.0,0.0,True,-266.88,-0.06,-2.76,-269.7
P3_SR3,703,MSZZC1|6:XAUUSD|1:5|2:-1|1:4|39:MSZZ|XAUUSD|5|0|1|1781884200|1781884200,0.21,0.21,True,4181.59,4181.59,0.0,True,-1.0,-1.0,0.0,True,-259.77,-0.42,0.0,-260.19
P3_SR3,702,MSZZC1|6:XAUUSD|1:5|1:1|1:1|66:BO|XAUUSD|5|0|L|1781884500|MSZZ|XAUUSD|5|0|1|1781884200|1781884200,0.08,0.08,True,4156.9,4156.9,0.0,True,-0.701842,-0.701842023103361,0.0,True,-179.84,-0.16,0.0,-180.0
P3_SR3,706,MSZZC1|6:XAUUSD|1:5|2:-1|1:1|67:BO|XAUUSD|5|0|S|1781887500|MSZZ|XAUUSD|5|0|-1|1781869800|1781870400,0.1,0.1,True,4151.47,4151.47,0.0,True,0.219927,0.21992709599024987,0.0,True,54.3,-0.2,0.0,54.1
P3_SR3,709,MSZZC1|6:XAUUSD|1:5|2:-1|1:4|39:MSZZ|XAUUSD|5|0|1|1781892000|1781892000,0.97,0.97,True,4149.82196,4149.821958762886,0.0,True,0.596352,0.5963521015066342,0.0,True,157.92,-1.94,0.0,155.98
P3_SR3,708,MSZZC1|6:XAUUSD|1:5|1:1|1:1|66:BO|XAUUSD|5|0|L|1781892900|MSZZ|XAUUSD|5|0|1|1781892000|1781892000,0.29,0.29,True,4147.29,4147.29,0.0,True,-0.461369,-0.4613686534216453,0.0,True,-121.22,-0.58,0.0,-121.8
P3_SR3,713,MSZZC1|6:XAUUSD|1:5|2:-1|1:1|67:BO|XAUUSD|5|0|S|1781895600|MSZZ|XAUUSD|5|0|-1|1781894400|1781894700,0.38,0.38,True,4154.18,4154.18,0.0,True,-1.0,-1.0,0.0,True,-261.82,-0.76,0.0,-262.58
P3_SR3,715,MSZZC1|6:XAUUSD|1:5|1:1|1:4|40:MSZZ|XAUUSD|5|0|-1|1781845500|1781845500,0.1,0.1,True,4184.36,4184.36,0.0,True,-0.638103,-0.6381025248661087,0.0,True,-166.8,-0.2,0.0,-167.0
P3_SR3,717,MSZZC1|6:XAUUSD|1:5|2:-1|1:4|39:MSZZ|XAUUSD|5|0|1|1782100200|1782100200,0.24,0.24,True,4195.01,4195.01,0.0,True,-1.0,-1.0,0.0,True,-255.6,-0.48,0.0,-256.08
P3_SR3,720,MSZZC1|6:XAUUSD|1:5|1:1|1:4|40:MSZZ|XAUUSD|5|0|-1|1782124200|1782124200,0.16,0.16,True,4192.2,4192.2,0.0,True,-1.0,-1.0,0.0,True,-263.2,-0.32,0.0,-263.52
P3_SR3,719,MSZZC1|6:XAUUSD|1:5|2:-1|1:1|67:BO|XAUUSD|5|0|S|1782108900|MSZZ|XAUUSD|5|0|-1|1782108600|1782108600,0.01,0.01,True,4034.32,4034.32,0.0,True,1.0647,1.064700142610526,0.0,True,141.85,-0.02,2.07,143.9
P3_SR3,723,MSZZC1|6:XAUUSD|1:5|1:1|1:1|66:BO|XAUUSD|5|0|L|1782917100|MSZZ|XAUUSD|5|0|1|1782916800|1782916800,0.43,0.43,True,4028.28,4028.28,0.0,True,-1.0,-1.0,0.0,True,-259.72,-0.86,0.0,-260.58
P3_SR3,725,MSZZC1|6:XAUUSD|1:5|1:1|1:1|66:BO|XAUUSD|5|0|L|1782923100|MSZZ|XAUUSD|5|0|1|1782922800|1782922800,0.07,0.07,True,4115.15,4115.15,0.0,True,2.0,2.0,0.0,True,477.12,-0.14,0.0,476.98
P3_SR3,727,MSZZC1|6:XAUUSD|1:5|2:-1|1:4|39:MSZZ|XAUUSD|5|0|1|1782922500|1782922500,0.25,0.25,True,4039.63,4039.63,0.0,True,-1.0,-1.0,0.0,True,-254.5,-0.5,5.75,-249.25
P3_SR3,730,MSZZC1|6:XAUUSD|1:5|2:-1|1:4|39:MSZZ|XAUUSD|5|0|1|1783659900|1783659900,0.55,0.55,True,4116.70182,4116.701818181819,0.0,True,1.338565,1.338564593301271,0.0,True,349.7,-1.1,0.0,348.6
P3_SR3,729,MSZZC1|6:XAUUSD|1:5|1:1|1:1|66:BO|XAUUSD|5|0|L|1783586100|MSZZ|XAUUSD|5|0|1|1783584600|1783584600,0.04,0.04,True,4021.81,4021.81,0.0,True,-1.0,-1.0,0.0,True,-217.04,-0.08,-7.36,-224.48
P3_SR3,735,MSZZC1|6:XAUUSD|1:5|1:1|1:4|40:MSZZ|XAUUSD|5|0|-1|1784142900|1784142900,0.33,0.33,True,4049.59667,4049.5966666666664,0.0,True,1.752094,1.7520938023449997,0.0,True,460.24,-0.66,0.0,459.58
P3_SR3,734,MSZZC1|6:XAUUSD|1:5|2:-1|1:1|67:BO|XAUUSD|5|0|S|1784059800|MSZZ|XAUUSD|5|0|-1|1783458900|1783459200,0.05,0.05,True,4055.04,4055.04,0.0,True,0.035406,0.035405872193434086,0.0,True,8.2,-0.1,1.15,9.25
P3_SR3,739,MSZZC1|6:XAUUSD|1:5|1:1|1:1|66:BO|XAUUSD|5|0|L|1784147400|MSZZ|XAUUSD|5|0|1|1784147100|1784147100,0.09,0.09,True,4040.84,4040.8399999999997,0.0,True,-0.505518,-0.5055179779280954,0.0,True,-127.8,-0.18,-4.14,-132.12
P3_SR3,741,MSZZC1|6:XAUUSD|1:5|2:-1|1:1|67:BO|XAUUSD|5|0|S|1784175300|MSZZ|XAUUSD|5|0|-1|1784142900|1784142900,0.36,0.36,True,4026.14,4026.14,0.0,True,2.0,2.0000000000000617,0.0,True,529.2,-0.72,0.0,528.48
P3_SR3,743,MSZZC1|6:XAUUSD|1:5|1:1|1:4|40:MSZZ|XAUUSD|5|0|-1|1784178900|1784179200,0.35,0.35,True,4035.45,4035.45,0.0,True,0.48285,0.4828496042216213,0.0,True,128.1,-0.7,0.0,127.4
P3_SR3,745,MSZZC1|6:XAUUSD|1:5|2:-1|1:4|39:MSZZ|XAUUSD|5|0|1|1784179800|1784179800,3.28,3.28,True,4035.23,4035.23,0.0,True,0.271605,0.27160493827122373,0.0,True,72.16,-6.56,0.0,65.6
P3_SR3,749,MSZZC1|6:XAUUSD|1:5|1:1|1:4|40:MSZZ|XAUUSD|5|0|-1|1784196600|1784196600,0.8,0.8,True,4031.885,4031.885,0.0,True,1.672205,1.6722054380665863,0.0,True,442.8,-1.6,0.0,441.2
P3_SR3,752,MSZZC1|6:XAUUSD|1:5|1:1|1:4|40:MSZZ|XAUUSD|5|0|-1|1784204700|1784204700,1.72,1.72,True,4032.65,4032.6499999999996,0.0,True,0.348387,0.3483870967738358,0.0,True,92.88,-3.44,0.0,89.44
P3_SR3,755,MSZZC1|6:XAUUSD|1:5|1:1|1:4|40:MSZZ|XAUUSD|5|0|-1|1784209200|1784209200,0.16,0.16,True,4033.31,4033.31,0.0,True,-0.395639,-0.39563862928349014,0.0,True,-101.6,-0.32,0.0,-101.92
P3_SR3,748,MSZZC1|6:XAUUSD|1:5|2:-1|1:1|67:BO|XAUUSD|5|0|S|1784196900|MSZZ|XAUUSD|5|0|-1|1784196600|1784196600,0.02,0.02,True,4027.63,4027.6299999999997,0.0,True,-0.030682,-0.030682321665922916,0.0,True,-5.54,-0.04,2.3,-3.28
P3_SR3,758,MSZZC1|6:XAUUSD|1:5|1:1|1:1|66:BO|XAUUSD|5|0|L|1784606700|MSZZ|XAUUSD|5|0|1|1784605800|1784606400,0.6,0.6,True,4023.23,4023.2300000000005,0.0,True,-1.0,-0.9999999999998966,0.0,True,-264.0,-1.2,0.0,-265.2
P4_SR3,2,MSZZC1|6:XAUUSD|1:5|2:-1|1:4|39:MSZZ|XAUUSD|5|0|1|1741108200|1741108500,0.46,0.46,True,2913.57,2913.57,0.0,True,-1.0,-1.0,0.0,True,-249.78,-0.92,0.0,-250.7
P4_SR3,4,MSZZC1|6:XAUUSD|1:5|2:-1|1:4|39:MSZZ|XAUUSD|5|0|1|1741168500|1741168500,0.72,0.72,True,2909.45,2909.45,0.0,True,2.0,2.0,0.0,True,495.36,-1.44,0.0,493.92
P4_SR3,6,MSZZC1|6:XAUUSD|1:5|1:1|1:4|40:MSZZ|XAUUSD|5|0|-1|1741177200|1741177200,2.45,2.45,True,2913.82,2913.82,0.0,True,-1.0,-1.0,0.0,True,-249.9,-4.9,0.0,-254.8
P4_SR3,8,MSZZC1|6:XAUUSD|1:5|2:-1|1:1|67:BO|XAUUSD|5|0|S|1741189500|MSZZ|XAUUSD|5|0|-1|1741189200|1741189200,0.11,0.11,True,2917.24,2917.24,0.0,True,-1.0,-1.0,0.0,True,-231.11,-0.22,0.0,-231.33
P4_SR3,10,MSZZC1|6:XAUUSD|1:5|1:1|1:1|66:BO|XAUUSD|5|0|L|1741194300|MSZZ|XAUUSD|5|0|1|1741192500|1741192500,0.22,0.22,True,2922.85,2922.8499999999995,0.0,True,0.438069,0.4380692167576942,0.0,True,105.82,-0.44,0.0,105.38
P4_SR3,13,MSZZC1|6:XAUUSD|1:5|1:1|1:4|40:MSZZ|XAUUSD|5|0|-1|1741200900|1741200900,1.61,1.61,True,2921.38,2921.38,0.0,True,-1.0,-1.0,0.0,True,-249.55,-3.22,0.0,-252.77
P4_SR3,12,MSZZC1|6:XAUUSD|1:5|2:-1|1:1|67:BO|XAUUSD|5|0|S|1741201200|MSZZ|XAUUSD|5|0|-1|1741200900|1741200900,0.34,0.34,True,2901.19,2901.19,0.0,True,3.0,2.999999999999874,0.0,True,736.44,-0.68,7.82,743.58
P4_SR3,16,MSZZC1|6:XAUUSD|1:5|1:1|1:4|40:MSZZ|XAUUSD|5|0|-1|1741640400|1741640400,0.9,0.9,True,2898.415,2898.415,0.0,True,1.541367,1.541366906474657,0.0,True,385.65,-1.8,0.0,383.85
P4_SR3,19,MSZZC1|6:XAUUSD|1:5|1:1|1:1|66:BO|XAUUSD|5|0|L|1741683300|MSZZ|XAUUSD|5|0|1|1741674000|1741674000,1.32,1.32,True,2895.93,2895.93,0.0,True,-1.0,-1.0,0.0,True,-250.8,-2.64,0.0,-253.44
P4_SR3,21,MSZZC1|6:XAUUSD|1:5|1:1|1:4|40:MSZZ|XAUUSD|5|0|-1|1741686300|1741686300,0.77,0.77,True,2895.64,2895.64,0.0,True,-0.101538,-0.10153846153843915,0.0,True,-25.41,-1.54,0.0,-26.95
P4_SR3,23,MSZZC1|6:XAUUSD|1:5|2:-1|1:4|39:MSZZ|XAUUSD|5|0|1|1741674000|1741674000,0.73,0.73,True,2899.05,2899.05,0.0,True,-1.0,-1.0,0.0,True,-248.93,-1.46,0.0,-250.39
P4_SR3,26,MSZZC1|6:XAUUSD|1:5|2:-1|1:4|39:MSZZ|XAUUSD|5|0|1|1741690500|1741690800,0.53,0.53,True,2900.72,2900.72,0.0,True,-0.408511,-0.40851063829780687,0.0,True,-101.76,-1.06,0.0,-102.82
P4_SR3,24,MSZZC1|6:XAUUSD|1:5|1:1|1:1|66:BO|XAUUSD|5|0|L|1741688700|MSZZ|XAUUSD|5|0|1|1741687200|1741687200,1.21,1.21,True,2904.17,2904.17,0.0,True,3.0,3.0000000000002207,0.0,True,747.78,-2.42,0.0,745.36
P4_SR3,29,MSZZC1|6:XAUUSD|1:5|1:1|1:4|40:MSZZ|XAUUSD|5|0|-1|1741368000|1741368000,0.85,0.85,True,2926.148,2926.148,0.0,True,0.624324,0.6243243243243018,0.0,True,157.08,-1.7,0.0,155.38
P4_SR3,33,MSZZC1|6:XAUUSD|1:5|2:-1|1:4|39:MSZZ|XAUUSD|5|0|1|1742583900|1742583900,3.0,3.0,True,3013.35,3013.35,0.0,True,2.0,2.0000000000010827,0.0,True,504.0,-6.0,0.0,498.0
P4_SR3,32,MSZZC1|6:XAUUSD|1:5|1:1|1:1|66:BO|XAUUSD|5|0|L|1742586300|MSZZ|XAUUSD|5|0|1|1742583900|1742583900,0.61,0.61,True,3026.52,3026.52,0.0,True,3.0,2.99999999999989,0.0,True,755.79,-1.22,-84.18,670.39
P4_SR3,36,MSZZC1|6:XAUUSD|1:5|1:1|1:4|40:MSZZ|XAUUSD|5|0|-1|1742898000|1742898000,1.41,1.41,True,3016.81333,3016.8133333333335,0.0,True,1.740741,1.74074074074119,0.0,True,441.8,-2.82,0.0,438.98
P4_SR3,39,MSZZC1|6:XAUUSD|1:5|2:-1|1:4|39:MSZZ|XAUUSD|5|0|1|1742901600|1742901600,1.13,1.13,True,3017.64938,3017.6493805309738,0.0,True,-0.537172,-0.5371720400766219,0.0,True,-137.79,-2.26,0.0,-140.05
P4_SR3,42,MSZZC1|6:XAUUSD|1:5|2:-1|1:4|39:MSZZ|XAUUSD|5|0|1|1742919000|1742919300,1.38,1.38,True,3021.08,3021.0799999999995,0.0,True,2.0,2.0000000000004916,0.0,True,510.6,-2.76,0.0,507.84
P4_SR3,44,MSZZC1|6:XAUUSD|1:5|1:1|1:4|40:MSZZ|XAUUSD|5|0|-1|1742926200|1742926200,0.41,0.41,True,3018.04,3018.04,0.0,True,-1.0,-1.0,0.0,True,-252.97,-0.82,0.0,-253.79
P4_SR3,46,MSZZC1|6:XAUUSD|1:5|1:1|1:4|40:MSZZ|XAUUSD|5|0|-1|1742987400|1742987400,0.91,0.91,True,3026.88,3026.88,0.0,True,-1.0,-1.0,0.0,True,-254.8,-1.82,0.0,-256.62
P4_SR3,49,MSZZC1|6:XAUUSD|1:5|2:-1|1:4|39:MSZZ|XAUUSD|5|0|1|1743081900|1743081900,1.41,1.41,True,3052.5473,3052.5473049645384,0.0,True,0.178285,0.1782845499787307,0.0,True,45.5,-2.82,0.0,42.68
P4_SR3,48,MSZZC1|6:XAUUSD|1:5|1:1|1:1|66:BO|XAUUSD|5|0|L|1743083100|MSZZ|XAUUSD|5|0|1|1743081900|1743081900,0.29,0.29,True,3045.75,3045.75,0.0,True,-1.0,-1.0,0.0,True,-250.85,-0.58,0.0,-251.43
P4_SR3,52,MSZZC1|6:XAUUSD|1:5|2:-1|1:4|39:MSZZ|XAUUSD|5|0|1|1743081300|1743081300,0.6,0.6,True,3043.895,3043.895,0.0,True,1.444575,1.4445754716980326,0.0,True,367.5,-1.2,0.0,366.3
P4_SR3,56,MSZZC1|6:XAUUSD|1:5|2:-1|1:1|67:BO|XAUUSD|5|0|S|1743095100|MSZZ|XAUUSD|5|0|-1|1743091800|1743091800,0.33,0.33,True,3050.81,3050.81,0.0,True,-1.0,-1.0,0.0,True,-253.77,-0.66,0.0,-254.43
P4_SR3,58,MSZZC1|6:XAUUSD|1:5|1:1|1:4|40:MSZZ|XAUUSD|5|0|-1|1743091800|1743091800,0.27,0.27,True,3054.24222,3054.2422222222226,0.0,True,0.485646,0.48564564564568735,0.0,True,121.29,-0.54,0.0,120.75
P4_SR3,61,MSZZC1|6:XAUUSD|1:5|2:-1|1:1|67:BO|XAUUSD|5|0|S|1743781800|MSZZ|XAUUSD|5|0|-1|1743780900|1743780900,0.05,0.05,True,3096.33,3096.3300000000004,0.0,True,-0.583277,-0.5832771409305552,0.0,True,-129.75,-0.1,6.9,-122.95
P4_SR3,63,MSZZC1|6:XAUUSD|1:5|1:1|1:1|66:BO|XAUUSD|5|0|L|1744255500|MSZZ|XAUUSD|5|0|1|1744255200|1744255200,0.17,0.17,True,3081.36,3081.36,0.0,True,-1.0,-1.0,0.0,True,-254.49,-0.34,0.0,-254.83
P4_SR3,64,MSZZC1|6:XAUUSD|1:5|2:-1|1:4|39:MSZZ|XAUUSD|5|0|1|1744255200|1744255200,0.35,0.35,True,3082.46314,3082.4631428571424,0.0,True,1.479022,1.4790215264189304,0.0,True,377.89,-0.7,0.0,377.19
P4_SR3,69,MSZZC1|6:XAUUSD|1:5|1:1|1:1|66:BO|XAUUSD|5|0|L|1744262400|MSZZ|XAUUSD|5|0|1|1744261800|1744261800,0.07,0.07,True,3220.75,3220.75,0.0,True,3.0,2.999999999999962,0.0,True,747.18,-0.14,-3.22,743.82
P4_SR3,72,MSZZC1|6:XAUUSD|1:5|1:1|1:1|66:BO|XAUUSD|5|0|L|1745365800|MSZZ|XAUUSD|5|0|1|1744742100|1744742400,0.01,0.01,True,3323.12,3323.12,0.0,True,-0.357333,-0.3573330106485965,0.0,True,-59.06,-0.02,-0.92,-60.0
P4_SR3,74,MSZZC1|6:XAUUSD|1:5|2:-1|1:1|67:BO|XAUUSD|5|0|S|1745476200|MSZZ|XAUUSD|5|0|-1|1744759200|1744759500,0.05,0.05,True,3326.65,3326.65,0.0,True,-0.079702,-0.07970196432603754,0.0,True,-17.65,-0.1,0.0,-17.75
P4_SR3,76,MSZZC1|6:XAUUSD|1:5|1:1|1:1|66:BO|XAUUSD|5|0|L|1745516400|MSZZ|XAUUSD|5|0|1|1745502900|1745502900,0.58,0.58,True,3322.58,3322.58,0.0,True,-0.916667,-0.9166666666666923,0.0,True,-236.06,-1.16,0.0,-237.22
P4_SR3,78,MSZZC1|6:XAUUSD|1:5|2:-1|1:1|67:BO|XAUUSD|5|0|S|1745517600|MSZZ|XAUUSD|5|0|-1|1745511600|1745511600,0.11,0.11,True,3325.35,3325.35,0.0,True,-0.125624,-0.12562358276643804,0.0,True,-30.47,-0.22,0.0,-30.69
P4_SR3,80,MSZZC1|6:XAUUSD|1:5|1:1|1:1|66:BO|XAUUSD|5|0|L|1745517900|MSZZ|XAUUSD|5|0|1|1745502900|1745502900,0.81,0.81,True,3322.21,3322.2099999999996,0.0,True,-1.0,-1.0000000000001448,0.0,True,-254.34,-1.62,0.0,-255.96
P4_SR3,82,MSZZC1|6:XAUUSD|1:5|2:-1|1:1|67:BO|XAUUSD|5|0|S|1745518500|MSZZ|XAUUSD|5|0|-1|1745511600|1745511600,0.1,0.1,True,3324.19,3324.19,0.0,True,-0.139006,-0.13900589721988835,0.0,True,-33.0,-0.2,0.0,-33.2
P4_SR3,84,MSZZC1|6:XAUUSD|1:5|1:1|1:1|66:BO|XAUUSD|5|0|L|1745519100|MSZZ|XAUUSD|5|0|1|1745502900|1745502900,1.29,1.29,True,3322.21,3322.2100000000005,0.0,True,-1.0,-0.9999999999997703,0.0,True,-255.42,-2.58,0.0,-258.0
P4_SR3,86,MSZZC1|6:XAUUSD|1:5|1:1|1:4|40:MSZZ|XAUUSD|5|0|-1|1745472900|1745472900,1.17,1.17,True,3342.63701,3342.6370085470085,0.0,True,1.62535,1.62534956083328,0.0,True,412.66,-2.34,0.0,410.32
P4_SR3,90,MSZZC1|6:XAUUSD|1:5|2:-1|1:4|39:MSZZ|XAUUSD|5|0|1|1745550300|1745550300,1.08,1.08,True,3358.17,3358.17,0.0,True,-1.0,-1.0,0.0,True,-254.88,-2.16,0.0,-257.04
P4_SR3,89,MSZZC1|6:XAUUSD|1:5|1:1|1:1|66:BO|XAUUSD|5|0|L|1745544300|MSZZ|XAUUSD|5|0|1|1745542800|1745542800,0.08,0.08,True,3344.22,3344.22,0.0,True,-0.641333,-0.6413333333333412,0.0,True,-153.92,-0.16,0.0,-154.08
P4_SR3,92,MSZZC1|6:XAUUSD|1:5|2:-1|1:4|39:MSZZ|XAUUSD|5|0|1|1745553900|1745553900,0.22,0.22,True,3334.025,3334.025,0.0,True,1.597235,1.597234611953585,0.0,True,393.91,-0.44,0.0,393.47
P4_SR3,96,MSZZC1|6:XAUUSD|1:5|2:-1|1:1|67:BO|XAUUSD|5|0|S|1745616900|MSZZ|XAUUSD|5|0|-1|1745554800|1745554800,0.04,0.04,True,3347.01,3347.01,0.0,True,-1.0,-1.0,0.0,True,-222.88,-0.08,2.76,-220.2
P4_SR3,98,MSZZC1|6:XAUUSD|1:5|1:1|1:4|40:MSZZ|XAUUSD|5|0|-1|1746038400|1746038400,0.49,0.49,True,3306.52122,3306.521224489796,0.0,True,0.453726,0.4537256763171314,0.0,True,114.72,-0.98,0.0,113.74
P4_SR3,101,MSZZC1|6:XAUUSD|1:5|2:-1|1:1|67:BO|XAUUSD|5|0|S|1746201600|MSZZ|XAUUSD|5|0|-1|1746053700|1746053700,0.03,0.03,True,3302.25,3302.25,0.0,True,-0.835802,-0.8358015815959735,0.0,True,-174.39,-0.06,2.07,-172.38
P4_SR3,103,MSZZC1|6:XAUUSD|1:5|1:1|1:1|66:BO|XAUUSD|5|0|L|1746447900|MSZZ|XAUUSD|5|0|1|1746447600|1746447600,0.13,0.13,True,3359.64,3359.64,0.0,True,3.0,2.999999999999976,0.0,True,746.07,-0.26,-5.98,739.83
P4_SR3,105,MSZZC1|6:XAUUSD|1:5|1:1|1:4|40:MSZZ|XAUUSD|5|0|-1|1747021200|1747021200,0.5,0.5,True,3272.19,3272.19,0.0,True,-1.0,-1.0,0.0,True,-257.0,-1.0,0.0,-258.0
P4_SR3,107,MSZZC1|6:XAUUSD|1:5|2:-1|1:4|39:MSZZ|XAUUSD|5|0|1|1746417600|1746417600,0.25,0.25,True,3231.4712,3231.4712,0.0,True,1.499381,1.4993806193806614,0.0,True,375.22,-0.5,0.0,374.72
P4_SR3,110,MSZZC1|6:XAUUSD|1:5|2:-1|1:1|67:BO|XAUUSD|5|0|S|1747045500|MSZZ|XAUUSD|5|0|-1|1747045200|1747045200,0.11,0.11,True,3253.36,3253.36,0.0,True,-1.0,-1.0,0.0,True,-243.98,-0.22,2.53,-241.67
P4_SR3,112,MSZZC1|6:XAUUSD|1:5|1:1|1:4|40:MSZZ|XAUUSD|5|0|-1|1747668000|1747668000,0.36,0.36,True,3244.96,3244.9599999999996,0.0,True,0.502865,0.5028653295128588,0.0,True,126.36,-0.72,0.0,125.64
P4_SR3,115,MSZZC1|6:XAUUSD|1:5|1:1|1:1|66:BO|XAUUSD|5|0|L|1747760400|MSZZ|XAUUSD|5|0|1|1747760100|1747760100,0.12,0.12,True,3333.09,3333.09,0.0,True,3.0,3.0,0.0,True,744.12,-0.24,-11.04,732.84
P4_SR3,117,MSZZC1|6:XAUUSD|1:5|2:-1|1:1|67:BO|XAUUSD|5|0|S|1748413200|MSZZ|XAUUSD|5|0|-1|1748412900|1748412900,0.06,0.06,True,3320.81,3320.81,0.0,True,-0.6073,-0.6073003429691295,0.0,True,-148.74,-0.12,0.0,-148.86
P4_SR3,118,MSZZC1|6:XAUUSD|1:5|1:1|1:4|40:MSZZ|XAUUSD|5|0|-1|1748412900|1748412900,0.2,0.2,True,3315.23,3315.23,0.0,True,0.494548,0.4945482866043487,0.0,True,127.0,-0.4,0.0,126.6
P4_SR3,122,MSZZC1|6:XAUUSD|1:5|1:1|1:4|40:MSZZ|XAUUSD|5|0|-1|1748443500|1748443500,0.46,0.46,True,3304.64,3304.64,0.0,True,-1.0,-1.0,0.0,True,-258.98,-0.92,0.0,-259.9
P4_SR3,125,MSZZC1|6:XAUUSD|1:5|1:1|1:4|40:MSZZ|XAUUSD|5|0|-1|1748448900|1748448900,0.37,0.37,True,3300.8,3300.8,0.0,True,-1.0,-1.0,0.0,True,-257.89,-0.74,0.0,-258.63
P4_SR3,124,MSZZC1|6:XAUUSD|1:5|2:-1|1:1|67:BO|XAUUSD|5|0|S|1748450100|MSZZ|XAUUSD|5|0|-1|1748448900|1748448900,0.07,0.07,True,3326.39,3326.39,0.0,True,-0.683908,-0.6839080459770027,0.0,True,-158.27,-0.14,1.61,-156.8
P4_SR3,128,MSZZC1|6:XAUUSD|1:5|1:1|1:1|66:BO|XAUUSD|5|0|L|1748545200|MSZZ|XAUUSD|5|0|1|1748275200|1748275200,0.25,0.25,True,3316.09,3316.09,0.0,True,-1.0,-1.0,0.0,True,-257.5,-0.5,0.0,-258.0
P4_SR3,130,MSZZC1|6:XAUUSD|1:5|1:1|1:1|66:BO|XAUUSD|5|0|L|1748578500|MSZZ|XAUUSD|5|0|1|1748540700|1748540700,0.24,0.24,True,3309.59,3309.59,0.0,True,-1.0,-1.0,0.0,True,-250.32,-0.48,0.0,-250.8
P4_SR3,133,MSZZC1|6:XAUUSD|1:5|1:1|1:4|40:MSZZ|XAUUSD|5|0|-1|1748586300|1748586300,1.15,1.15,True,3300.86643,3300.866434782609,0.0,True,1.671047,1.671046987717016,0.0,True,428.54,-2.3,0.0,426.24
P4_SR3,132,MSZZC1|6:XAUUSD|1:5|2:-1|1:1|67:BO|XAUUSD|5|0|S|1748584200|MSZZ|XAUUSD|5|0|-1|1748583900|1748583900,0.12,0.12,True,3299.58,3299.58,0.0,True,-0.152019,-0.15201900237529023,0.0,True,-38.4,-0.24,0.0,-38.64
P4_SR3,137,MSZZC1|6:XAUUSD|1:5|1:1|1:1|66:BO|XAUUSD|5|0|L|1748610300|MSZZ|XAUUSD|5|0|1|1748607600|1748607900,0.21,0.21,True,3297.14,3297.14,0.0,True,-0.200328,-0.20032840722496612,0.0,True,-51.24,-0.42,0.0,-51.66
P4_SR3,139,MSZZC1|6:XAUUSD|1:5|2:-1|1:1|67:BO|XAUUSD|5|0|S|1748611200|MSZZ|XAUUSD|5|0|-1|1748606700|1748607000,1.21,1.21,True,3290.78,3290.78,0.0,True,3.0,2.9999999999993565,0.0,True,769.56,-2.42,0.0,767.14
P4_SR3,141,MSZZC1|6:XAUUSD|1:5|2:-1|1:4|39:MSZZ|XAUUSD|5|0|1|1748616900|1748617200,0.37,0.37,True,3296.14,3296.14,0.0,True,-1.0,-1.0,0.0,True,-259.0,-0.74,0.0,-259.74
P4_SR3,143,MSZZC1|6:XAUUSD|1:5|1:1|1:1|66:BO|XAUUSD|5|0|L|1748617800|MSZZ|XAUUSD|5|0|1|1748616900|1748617200,0.18,0.18,True,3292.23,3292.23,0.0,True,-0.750696,-0.7506963788300909,0.0,True,-194.04,-0.36,0.0,-194.4
P4_SR3,145,MSZZC1|6:XAUUSD|1:5|2:-1|1:1|67:BO|XAUUSD|5|0|S|1748622600|MSZZ|XAUUSD|5|0|-1|1748622300|1748622300,0.66,0.66,True,3296.14,3296.14,0.0,True,-1.0,-1.0,0.0,True,-258.06,-1.32,0.0,-259.38
P4_SR3,147,MSZZC1|6:XAUUSD|1:5|2:-1|1:1|67:BO|XAUUSD|5|0|S|1748623200|MSZZ|XAUUSD|5|0|-1|1748622300|1748622300,0.39,0.39,True,3296.14,3296.14,0.0,True,-1.0,-1.0,0.0,True,-256.23,-0.78,26.91,-230.1
P4_SR3,149,MSZZC1|6:XAUUSD|1:5|2:-1|1:4|39:MSZZ|XAUUSD|5|0|1|1748859000|1748859000,1.16,1.16,True,3349.43,3349.43,0.0,True,1.19457,1.1945701357467349,0.0,True,306.24,-2.32,0.0,303.92
P4_SR3,152,MSZZC1|6:XAUUSD|1:5|2:-1|1:4|39:MSZZ|XAUUSD|5|0|1|1748826000|1748826000,0.67,0.67,True,3297.94,3297.9399999999996,0.0,True,2.0,2.0000000000001195,0.0,True,510.54,-1.34,0.0,509.2
P4_SR3,154,MSZZC1|6:XAUUSD|1:5|1:1|1:4|40:MSZZ|XAUUSD|5|0|-1|1749444900|1749444900,0.9,0.9,True,3301.6,3301.6,0.0,True,1.794425,1.7944250871081138,0.0,True,463.5,-1.8,0.0,461.7
P4_SR3,157,MSZZC1|6:XAUUSD|1:5|1:1|1:1|66:BO|XAUUSD|5|0|L|1749447900|MSZZ|XAUUSD|5|0|1|1749446700|1749446700,0.2,0.2,True,3343.3,3343.3,0.0,True,3.0,2.9999999999999267,0.0,True,745.8,-0.4,-9.2,736.2
P4_SR3,160,MSZZC1|6:XAUUSD|1:5|1:1|1:4|40:MSZZ|XAUUSD|5|0|-1|1749223800|1749223800,0.56,0.56,True,3360.35,3360.35,0.0,True,1.490323,1.490322580645097,0.0,True,388.08,-1.12,-25.76,361.2
P4_SR3,159,MSZZC1|6:XAUUSD|1:5|2:-1|1:1|67:BO|XAUUSD|5|0|S|1749640200|MSZZ|XAUUSD|5|0|-1|1749223800|1749223800,0.13,0.13,True,3364.25,3364.25,0.0,True,-1.0,-1.0,0.0,True,-249.34,-0.26,2.99,-246.61
P4_SR3,164,MSZZC1|6:XAUUSD|1:5|1:1|1:1|66:BO|XAUUSD|5|0|L|1749693300|MSZZ|XAUUSD|5|0|1|1749692100|1749692700,0.13,0.13,True,3362.73,3362.73,0.0,True,-0.322008,-0.3220081135902623,0.0,True,-82.55,-0.26,0.0,-82.81
P4_SR3,166,MSZZC1|6:XAUUSD|1:5|2:-1|1:1|67:BO|XAUUSD|5|0|S|1749696300|MSZZ|XAUUSD|5|0|-1|1749694500|1749694500,0.24,0.24,True,3370.98,3370.9799999999996,0.0,True,-0.770308,-0.7703081232492547,0.0,True,-198.0,-0.48,0.0,-198.48
P4_SR3,169,MSZZC1|6:XAUUSD|1:5|2:-1|1:4|39:MSZZ|XAUUSD|5|0|1|1749698700|1749698700,0.83,0.83,True,3367.42916,3367.429156626506,0.0,True,0.239122,0.23912209346934069,0.0,True,62.32,-1.66,0.0,60.66
P4_SR3,168,MSZZC1|6:XAUUSD|1:5|1:1|1:1|66:BO|XAUUSD|5|0|L|1749699900|MSZZ|XAUUSD|5|0|1|1749698700|1749698700,0.19,0.19,True,3369.94,3369.9399999999996,0.0,True,-0.078195,-0.0781954887218349,0.0,True,-19.76,-0.38,0.0,-20.14
P4_SR3,174,MSZZC1|6:XAUUSD|1:5|1:1|1:4|40:MSZZ|XAUUSD|5|0|-1|1749723300|1749723300,1.44,1.44,True,3368.32,3368.32,0.0,True,-1.0,-1.0,0.0,True,-260.64,-2.88,0.0,-263.52
P4_SR3,173,MSZZC1|6:XAUUSD|1:5|2:-1|1:1|67:BO|XAUUSD|5|0|S|1749723900|MSZZ|XAUUSD|5|0|-1|1749723300|1749723300,0.46,0.46,True,3353.02,3353.02,0.0,True,3.0,3.000000000000081,0.0,True,778.32,-0.92,0.0,777.4
P4_SR3,177,MSZZC1|6:XAUUSD|1:5|1:1|1:1|66:BO|XAUUSD|5|0|L|1749734400|MSZZ|XAUUSD|5|0|1|1749734100|1749734100,0.19,0.19,True,3382.6,3382.6,0.0,True,0.529718,0.5297176820208269,0.0,True,135.47,-0.38,-8.74,126.35
P4_SR3,179,MSZZC1|6:XAUUSD|1:5|2:-1|1:1|67:BO|XAUUSD|5|0|S|1749777000|MSZZ|XAUUSD|5|0|-1|1749776700|1749776700,0.39,0.39,True,3389.27,3389.27,0.0,True,-1.0,-1.0,0.0,True,-260.13,-0.78,0.0,-260.91
P4_SR3,181,MSZZC1|6:XAUUSD|1:5|2:-1|1:4|39:MSZZ|XAUUSD|5|0|1|1750363800|1750363800,0.35,0.35,True,3369.53,3369.5299999999997,0.0,True,-0.204027,-0.2040268456375254,0.0,True,-53.2,-0.7,0.0,-53.9
P4_SR3,183,MSZZC1|6:XAUUSD|1:5|1:1|1:4|40:MSZZ|XAUUSD|5|0|-1|1750365000|1750365000,0.96,0.96,True,3366.8,3366.8,0.0,True,-1.0,-1.0,0.0,True,-262.08,-1.92,0.0,-264.0
P4_SR3,185,MSZZC1|6:XAUUSD|1:5|1:1|1:4|40:MSZZ|XAUUSD|5|0|-1|1750939200|1750939200,1.32,1.32,True,3346.235,3346.235,0.0,True,0.804569,0.8045685279186962,0.0,True,209.22,-2.64,0.0,206.58
P4_SR3,188,MSZZC1|6:XAUUSD|1:5|1:1|1:4|40:MSZZ|XAUUSD|5|0|-1|1750748400|1750748400,0.69,0.69,True,3348.08,3348.08,0.0,True,-1.0,-1.0,0.0,True,-260.13,-1.38,0.0,-261.51
P4_SR3,190,MSZZC1|6:XAUUSD|1:5|2:-1|1:4|39:MSZZ|XAUUSD|5|0|1|1751383200|1751383200,0.78,0.78,True,3357.93,3357.93,0.0,True,-1.0,-1.0,0.0,True,-259.74,-1.56,0.0,-261.3
P4_SR3,192,MSZZC1|6:XAUUSD|1:5|2:-1|1:4|39:MSZZ|XAUUSD|5|0|1|1751381700|1751382300,0.45,0.45,True,3352.55,3352.55,0.0,True,-1.0,-1.0,0.0,True,-256.05,-0.9,0.0,-256.95
P4_SR3,194,MSZZC1|6:XAUUSD|1:5|2:-1|1:4|39:MSZZ|XAUUSD|5|0|1|1751457900|1751457900,0.3,0.3,True,3344.1,3344.1,0.0,True,-1.0,-1.0,0.0,True,-253.5,-0.6,0.0,-254.1
P4_SR3,196,MSZZC1|6:XAUUSD|1:5|2:-1|1:1|67:BO|XAUUSD|5|0|S|1751556900|MSZZ|XAUUSD|5|0|-1|1751556600|1751556600,0.3,0.3,True,3321.35,3321.35,0.0,True,-0.14386,-0.14385964912280608,0.0,True,-36.9,-0.6,0.0,-37.5
P4_SR3,198,MSZZC1|6:XAUUSD|1:5|1:1|1:1|66:BO|XAUUSD|5|0|L|1751557800|MSZZ|XAUUSD|5|0|1|1751482800|1751482800,0.44,0.44,True,3326.75,3326.75,0.0,True,0.924658,0.9246575342466399,0.0,True,237.6,-0.88,0.0,236.72
P4_SR3,200,MSZZC1|6:XAUUSD|1:5|2:-1|1:1|67:BO|XAUUSD|5|0|S|1751558700|MSZZ|XAUUSD|5|0|-1|1751556600|1751556600,1.35,1.35,True,3328.67,3328.6700000000005,0.0,True,-1.0,-1.000000000000237,0.0,True,-259.2,-2.7,0.0,-261.9
P4_SR3,202,MSZZC1|6:XAUUSD|1:5|2:-1|1:1|67:BO|XAUUSD|5|0|S|1751563200|MSZZ|XAUUSD|5|0|-1|1751556600|1751556600,0.19,0.19,True,3332.06,3332.06,0.0,True,-0.507645,-0.507645259938831,0.0,True,-126.16,-0.38,4.37,-122.17
P4_SR3,204,MSZZC1|6:XAUUSD|1:5|1:1|1:1|66:BO|XAUUSD|5|0|L|1751596800|MSZZ|XAUUSD|5|0|1|1751558700|1751559000,0.47,0.47,True,3326.59,3326.59,0.0,True,-1.0,-1.0,0.0,True,-257.09,-0.94,0.0,-258.03
P4_SR3,206,MSZZC1|6:XAUUSD|1:5|1:1|1:1|66:BO|XAUUSD|5|0|L|1751602500|MSZZ|XAUUSD|5|0|1|1751558700|1751559000,0.38,0.38,True,3325.87,3325.87,0.0,True,-1.0,-1.0,0.0,True,-256.12,-0.76,-52.44,-309.32
P4_SR3,208,MSZZC1|6:XAUUSD|1:5|2:-1|1:1|67:BO|XAUUSD|5|0|S|1751994600|MSZZ|XAUUSD|5|0|-1|1751994300|1751994300,0.12,0.12,True,3326.85,3326.85,0.0,True,-1.0,-1.0,0.0,True,-250.08,-0.24,5.52,-244.8
P4_SR3,210,MSZZC1|6:XAUUSD|1:5|1:1|1:4|40:MSZZ|XAUUSD|5|0|-1|1751970000|1751970000,1.71,1.71,True,3333.48,3333.48,0.0,True,-1.0,-1.0,0.0,True,-256.5,-3.42,0.0,-259.92
P4_SR3,212,MSZZC1|6:XAUUSD|1:5|1:1|1:1|66:BO|XAUUSD|5|0|L|1752222300|MSZZ|XAUUSD|5|0|1|1752222000|1752222000,0.33,0.33,True,3332.57,3332.5699999999997,0.0,True,-1.0,-1.0000000000000588,0.0,True,-255.09,-0.66,0.0,-255.75
P4_SR3,214,MSZZC1|6:XAUUSD|1:5|1:1|1:1|66:BO|XAUUSD|5|0|L|1752225000|MSZZ|XAUUSD|5|0|1|1752224700|1752224700,0.53,0.53,True,3332.37,3332.37,0.0,True,-1.0,-1.0,0.0,True,-251.75,-1.06,0.0,-252.81
P4_SR3,218,MSZZC1|6:XAUUSD|1:5|1:1|1:1|66:BO|XAUUSD|5|0|L|1752228000|MSZZ|XAUUSD|5|0|1|1752224700|1752224700,4.91,4.91,True,3332.37,3332.37,0.0,True,-1.0,-1.0,0.0,True,-255.32,-9.82,0.0,-265.14
P4_SR3,215,MSZZC1|6:XAUUSD|1:5|2:-1|1:4|39:MSZZ|XAUUSD|5|0|1|1752224700|1752224700,0.7,0.7,True,3334.255,3334.2549999999997,0.0,True,0.378116,0.3781163434903569,0.0,True,95.55,-1.4,0.0,94.15
P4_SR3,220,MSZZC1|6:XAUUSD|1:5|1:1|1:1|66:BO|XAUUSD|5|0|L|1752228600|MSZZ|XAUUSD|5|0|1|1752224700|1752224700,1.84,1.84,True,3337.89,3337.89,0.0,True,3.0,2.9999999999996705,0.0,True,761.76,-3.68,0.0,758.08
P4_SR3,223,MSZZC1|6:XAUUSD|1:5|1:1|1:1|66:BO|XAUUSD|5|0|L|1752230400|MSZZ|XAUUSD|5|0|1|1752230100|1752230100,0.35,0.35,True,3360.33,3360.33,0.0,True,3.0,3.000000000000125,0.0,True,766.5,-0.7,0.0,765.8
P4_SR3,225,MSZZC1|6:XAUUSD|1:5|2:-1|1:1|67:BO|XAUUSD|5|0|S|1752471300|MSZZ|XAUUSD|5|0|-1|1752234600|1752234600,0.62,0.62,True,3358.98,3358.98,0.0,True,-1.0,-1.0,0.0,True,-256.06,-1.24,0.0,-257.3
P4_SR3,227,MSZZC1|6:XAUUSD|1:5|2:-1|1:1|67:BO|XAUUSD|5|0|S|1752473700|MSZZ|XAUUSD|5|0|-1|1752234600|1752234600,0.85,0.85,True,3358.98,3358.98,0.0,True,-1.0,-1.0,0.0,True,-257.55,-1.7,0.0,-259.25
P4_SR3,229,MSZZC1|6:XAUUSD|1:5|2:-1|1:1|67:BO|XAUUSD|5|0|S|1752483000|MSZZ|XAUUSD|5|0|-1|1752234600|1752234600,0.51,0.51,True,3361.66,3361.66,0.0,True,-1.0,-1.0,0.0,True,-252.45,-1.02,0.0,-253.47
P4_SR3,231,MSZZC1|6:XAUUSD|1:5|1:1|1:4|40:MSZZ|XAUUSD|5|0|-1|1752597000|1752597000,0.53,0.53,True,3348.17679,3348.1767924528303,0.0,True,1.708534,1.708533985947653,0.0,True,432.84,-1.06,0.0,431.78
P4_SR3,235,MSZZC1|6:XAUUSD|1:5|1:1|1:4|40:MSZZ|XAUUSD|5|0|-1|1752604200|1752604200,3.14,3.14,True,3327.685,3327.685,0.0,True,1.591463,1.591463414633629,0.0,True,409.77,-6.28,0.0,403.49
P4_SR3,238,MSZZC1|6:XAUUSD|1:5|1:1|1:4|40:MSZZ|XAUUSD|5|0|-1|1752621900|1752622200,1.13,1.13,True,3331.78265,3331.782654867257,0.0,True,1.381072,1.3810719944354197,0.0,True,357.38,-2.26,0.0,355.12
P4_SR3,234,MSZZC1|6:XAUUSD|1:5|2:-1|1:1|67:BO|XAUUSD|5|0|S|1752604200|MSZZ|XAUUSD|5|0|-1|1752603900|1752603900,0.06,0.06,True,3369.09,3369.09,0.0,True,-1.0,-1.0,0.0,True,-257.22,-0.12,1.38,-255.96
P4_SR3,242,MSZZC1|6:XAUUSD|1:5|2:-1|1:1|67:BO|XAUUSD|5|0|S|1752747600|MSZZ|XAUUSD|5|0|-1|1752683700|1752683700,0.06,0.06,True,3350.0,3350.0,0.0,True,-0.51836,-0.518359561278016,0.0,True,-130.44,-0.12,5.52,-125.04
P4_SR3,244,MSZZC1|6:XAUUSD|1:5|1:1|1:1|66:BO|XAUUSD|5|0|L|1753067100|MSZZ|XAUUSD|5|0|1|1752853800|1752853800,1.07,1.07,True,3357.2,3357.2,0.0,True,3.0,2.9999999999998104,0.0,True,770.4,-2.14,0.0,768.26
P4_SR3,246,MSZZC1|6:XAUUSD|1:5|1:1|1:4|40:MSZZ|XAUUSD|5|0|-1|1752855600|1752855600,0.73,0.73,True,3353.9,3353.9000000000005,0.0,True,-1.0,-0.9999999999998722,0.0,True,-259.88,-1.46,0.0,-261.34
P4_SR3,248,MSZZC1|6:XAUUSD|1:5|1:1|1:1|66:BO|XAUUSD|5|0|L|1753085400|MSZZ|XAUUSD|5|0|1|1753085100|1753085100,0.21,0.21,True,3400.0,3400.0,0.0,True,3.0,2.999999999999963,0.0,True,776.16,-0.42,0.0,775.74
P4_SR3,250,MSZZC1|6:XAUUSD|1:5|2:-1|1:4|39:MSZZ|XAUUSD|5|0|1|1752829800|1752829800,0.35,0.35,True,3339.18,3339.1800000000003,0.0,True,-1.0,-1.0000000000000617,0.0,True,-258.3,-0.7,0.0,-259.0
P4_SR3,253,MSZZC1|6:XAUUSD|1:5|2:-1|1:4|39:MSZZ|XAUUSD|5|0|1|1754078100|1754078100,2.19,2.19,True,3349.13,3349.13,0.0,True,-1.0,-1.0,0.0,True,-260.61,-4.38,0.0,-264.99
P4_SR3,252,MSZZC1|6:XAUUSD|1:5|1:1|1:1|66:BO|XAUUSD|5|0|L|1754077800|MSZZ|XAUUSD|5|0|1|1754071500|1754071500,0.65,0.65,True,3357.46,3357.46,0.0,True,3.0,3.0,0.0,True,783.9,-1.3,0.0,782.6
P4_SR3,257,MSZZC1|6:XAUUSD|1:5|1:1|1:4|40:MSZZ|XAUUSD|5|0|-1|1754921100|1754921100,0.68,0.68,True,3351.34,3351.3400000000006,0.0,True,-1.0,-0.9999999999998825,0.0,True,-263.16,-1.36,0.0,-264.52
P4_SR3,256,MSZZC1|6:XAUUSD|1:5|2:-1|1:1|67:BO|XAUUSD|5|0|S|1754906400|MSZZ|XAUUSD|5|0|-1|1754484600|1754484600,0.42,0.42,True,3358.05,3358.05,0.0,True,0.730392,0.7303921568627254,0.0,True,187.74,-0.84,0.0,186.9
P4_SR3,261,MSZZC1|6:XAUUSD|1:5|2:-1|1:4|39:MSZZ|XAUUSD|5|0|1|1754929800|1754930100,0.69,0.69,True,3349.4487,3349.448695652174,0.0,True,1.614709,1.6147086031450775,0.0,True,418.92,-1.38,0.0,417.54
P4_SR3,266,MSZZC1|6:XAUUSD|1:5|2:-1|1:4|39:MSZZ|XAUUSD|5|0|1|1754944500|1754944500,1.0,1.0,True,3354.72,3354.7200000000003,0.0,True,0.576336,0.5763358778625292,0.0,True,151.0,-2.0,0.0,149.0
P4_SR3,265,MSZZC1|6:XAUUSD|1:5|1:1|1:1|66:BO|XAUUSD|5|0|L|1754944800|MSZZ|XAUUSD|5|0|1|1754944500|1754944500,0.15,0.15,True,3342.0,3342.0,0.0,True,-1.0,-1.0,0.0,True,-247.2,-0.3,0.0,-247.5
P4_SR3,271,MSZZC1|6:XAUUSD|1:5|2:-1|1:4|39:MSZZ|XAUUSD|5|0|1|1754960700|1754960700,2.1,2.1,True,3344.46,3344.46,0.0,True,0.696,0.6959999999999127,0.0,True,182.7,-4.2,0.0,178.5
P4_SR3,270,MSZZC1|6:XAUUSD|1:5|1:1|1:1|66:BO|XAUUSD|5|0|L|1754961000|MSZZ|XAUUSD|5|0|1|1754960700|1754960700,0.52,0.52,True,3341.26,3341.26,0.0,True,-1.0,-1.0,0.0,True,-262.08,-1.04,0.0,-263.12
P4_SR3,275,MSZZC1|6:XAUUSD|1:5|2:-1|1:1|67:BO|XAUUSD|5|0|S|1755034500|MSZZ|XAUUSD|5|0|-1|1755033900|1755034200,1.22,1.22,True,3350.57,3350.57,0.0,True,-1.0,-1.0,0.0,True,-262.3,-2.44,28.06,-236.68
P4_SR3,277,MSZZC1|6:XAUUSD|1:5|2:-1|1:4|39:MSZZ|XAUUSD|5|0|1|1755075600|1755075600,1.13,1.13,True,3353.27,3353.27,0.0,True,-1.0,-1.0,0.0,True,-259.9,-2.26,0.0,-262.16
P4_SR3,279,MSZZC1|6:XAUUSD|1:5|1:1|1:1|66:BO|XAUUSD|5|0|L|1755608700|MSZZ|XAUUSD|5|0|1|1755522900|1755522900,0.24,0.24,True,3331.39,3331.39,0.0,True,-1.0,-1.0,0.0,True,-251.28,-0.48,0.0,-251.76
P4_SR3,281,MSZZC1|6:XAUUSD|1:5|1:1|1:1|66:BO|XAUUSD|5|0|L|1755699600|MSZZ|XAUUSD|5|0|1|1755522900|1755522900,0.44,0.44,True,3347.32,3347.3200000000006,0.0,True,3.0,3.000000000000155,0.0,True,774.84,-0.88,0.0,773.96
P4_SR3,284,MSZZC1|6:XAUUSD|1:5|2:-1|1:4|39:MSZZ|XAUUSD|5|0|1|1755717300|1755717300,4.86,4.86,True,3346.24,3346.24,0.0,True,-1.0,-1.0,0.0,True,-262.44,-9.72,0.0,-272.16
P4_SR3,286,MSZZC1|6:XAUUSD|1:5|2:-1|1:4|39:MSZZ|XAUUSD|5|0|1|1755749700|1755749700,1.76,1.76,True,3341.835,3341.835,0.0,True,1.14527,1.1452702702703668,0.0,True,298.32,-3.52,0.0,294.8
P4_SR3,283,MSZZC1|6:XAUUSD|1:5|1:1|1:1|66:BO|XAUUSD|5|0|L|1755718800|MSZZ|XAUUSD|5|0|1|1755717300|1755717300,0.12,0.12,True,3337.03,3337.03,0.0,True,-0.396891,-0.3968907178783667,0.0,True,-104.16,-0.24,-5.52,-109.92
P4_SR3,290,MSZZC1|6:XAUUSD|1:5|2:-1|1:1|67:BO|XAUUSD|5|0|S|1755809700|MSZZ|XAUUSD|5|0|-1|1755807900|1755807900,1.92,1.92,True,3338.39,3338.39,0.0,True,-1.0,-1.0,0.0,True,-261.12,-3.84,0.0,-264.96
P4_SR3,292,MSZZC1|6:XAUUSD|1:5|2:-1|1:4|39:MSZZ|XAUUSD|5|0|1|1755814200|1755814200,0.76,0.76,True,3333.145,3333.145,0.0,True,1.483918,1.483918128654886,0.0,True,385.7,-1.52,17.48,401.66
P4_SR3,295,MSZZC1|6:XAUUSD|1:5|1:1|1:4|40:MSZZ|XAUUSD|5|0|-1|1755838800|1755838800,0.88,0.88,True,3330.96,3330.96,0.0,True,-1.0,-1.0,0.0,True,-260.48,-1.76,0.0,-262.24
P4_SR3,297,MSZZC1|6:XAUUSD|1:5|1:1|1:1|66:BO|XAUUSD|5|0|L|1755882600|MSZZ|XAUUSD|5|0|1|1755882000|1755882000,0.07,0.07,True,3460.91,3460.91,0.0,True,3.0,3.0000000000000133,0.0,True,712.95,-0.14,-32.2,680.61
P4_SR3,299,MSZZC1|6:XAUUSD|1:5|2:-1|1:4|39:MSZZ|XAUUSD|5|0|1|1758146700|1758147000,1.0,1.0,True,3661.335,3661.335,0.0,True,0.659696,0.6596958174906294,0.0,True,173.5,-2.0,0.0,171.5
P4_SR3,302,MSZZC1|6:XAUUSD|1:5|2:-1|1:4|39:MSZZ|XAUUSD|5|0|1|1757604600|1757604600,0.56,0.56,True,3642.03,3642.03,0.0,True,-1.0,-1.0,0.0,True,-260.4,-1.12,0.0,-261.52
P4_SR3,304,MSZZC1|6:XAUUSD|1:5|1:1|1:4|40:MSZZ|XAUUSD|5|0|-1|1758213300|1758213300,2.55,2.55,True,3640.30212,3640.3021176470597,0.0,True,1.477784,1.477784123358481,0.0,True,388.14,-5.1,0.0,383.04
P4_SR3,308,MSZZC1|6:XAUUSD|1:5|1:1|1:4|40:MSZZ|XAUUSD|5|0|-1|1758257100|1758257100,0.64,0.64,True,3648.985,3648.985,0.0,True,1.482885,1.4828850855745328,0.0,True,388.16,-1.28,0.0,386.88
P4_SR3,307,MSZZC1|6:XAUUSD|1:5|2:-1|1:1|67:BO|XAUUSD|5|0|S|1758256800|MSZZ|XAUUSD|5|0|-1|1758213300|1758213300,0.11,0.11,True,3655.97,3655.97,0.0,True,-0.414274,-0.41427364864864125,0.0,True,-107.91,-0.22,0.0,-108.13
P4_SR3,312,MSZZC1|6:XAUUSD|1:5|1:1|1:1|66:BO|XAUUSD|5|0|L|1758299100|MSZZ|XAUUSD|5|0|1|1758298200|1758298200,0.58,0.58,True,3669.47,3669.47,0.0,True,3.0,3.0,0.0,True,783.0,-1.16,0.0,781.84
P4_SR3,314,MSZZC1|6:XAUUSD|1:5|1:1|1:1|66:BO|XAUUSD|5|0|L|1758749700|MSZZ|XAUUSD|5|0|1|1758533400|1758533400,0.03,0.03,True,3968.99,3968.99,0.0,True,3.0,2.9999999999999942,0.0,True,714.42,-0.06,-16.56,697.8
P4_SR3,316,MSZZC1|6:XAUUSD|1:5|1:1|1:4|40:MSZZ|XAUUSD|5|0|-1|1761062400|1761062400,0.35,0.35,True,4200.44143,4200.441428571429,0.0,True,0.420268,0.42026797508966496,0.0,True,111.35,-0.7,0.0,110.65
P4_SR3,319,MSZZC1|6:XAUUSD|1:5|1:1|1:4|40:MSZZ|XAUUSD|5|0|-1|1761065400|1761065400,0.16,0.16,True,4165.34,4165.34,0.0,True,-1.0,-1.0,0.0,True,-266.24,-0.32,0.0,-266.56
P4_SR3,321,MSZZC1|6:XAUUSD|1:5|2:-1|1:1|67:BO|XAUUSD|5|0|S|1761068100|MSZZ|XAUUSD|5|0|-1|1761067500|1761067500,0.08,0.08,True,4148.83,4148.83,0.0,True,-1.0,-1.0,0.0,True,-240.24,-0.16,0.0,-240.4
P4_SR3,323,MSZZC1|6:XAUUSD|1:5|1:1|1:1|66:BO|XAUUSD|5|0|L|1761072600|MSZZ|XAUUSD|5|0|1|1761069300|1761069300,0.04,0.04,True,4127.47,4127.47,0.0,True,-0.230204,-0.23020408163264586,0.0,True,-56.4,-0.08,0.0,-56.48
P4_SR3,325,MSZZC1|6:XAUUSD|1:5|2:-1|1:1|67:BO|XAUUSD|5|0|S|1761074100|MSZZ|XAUUSD|5|0|-1|1761067500|1761067500,0.11,0.11,True,4113.98,4113.98,0.0,True,0.578473,0.5784734133791106,0.0,True,148.39,-0.22,0.0,148.17
P4_SR3,327,MSZZC1|6:XAUUSD|1:5|1:1|1:1|66:BO|XAUUSD|5|0|L|1761078600|MSZZ|XAUUSD|5|0|1|1760490300|1760490300,0.21,0.21,True,4101.32,4101.32,0.0,True,-1.0,-1.0,0.0,True,-265.86,-0.42,0.0,-266.28
P4_SR3,330,MSZZC1|6:XAUUSD|1:5|1:1|1:4|40:MSZZ|XAUUSD|5|0|-1|1761094800|1761094800,0.28,0.28,True,4113.89,4113.89,0.0,True,-1.0,-1.0,0.0,True,-263.2,-0.56,0.0,-263.76
P4_SR3,329,MSZZC1|6:XAUUSD|1:5|2:-1|1:1|67:BO|XAUUSD|5|0|S|1761095100|MSZZ|XAUUSD|5|0|-1|1761094800|1761094800,0.15,0.15,True,4065.53,4065.5300000000007,0.0,True,3.0,3.000000000000054,0.0,True,754.65,-0.3,0.0,754.35
P4_SR3,333,MSZZC1|6:XAUUSD|1:5|1:1|1:1|66:BO|XAUUSD|5|0|L|1761111600|MSZZ|XAUUSD|5|0|1|1760490300|1760490300,1.19,1.19,True,4110.23,4110.23,0.0,True,-1.0,-1.0,0.0,True,-267.75,-2.38,0.0,-270.13
P4_SR3,335,MSZZC1|6:XAUUSD|1:5|1:1|1:1|66:BO|XAUUSD|5|0|L|1761114600|MSZZ|XAUUSD|5|0|1|1760490300|1760490300,0.14,0.14,True,4128.59,4128.59,0.0,True,-0.039246,-0.039246467817895196,0.0,True,-10.5,-0.28,0.0,-10.78
P4_SR3,337,MSZZC1|6:XAUUSD|1:5|2:-1|1:1|67:BO|XAUUSD|5|0|S|1761116100|MSZZ|XAUUSD|5|0|-1|1761067500|1761067500,0.18,0.18,True,4143.02,4143.02,0.0,True,-1.0,-1.0,0.0,True,-259.74,-0.36,0.0,-260.1
P4_SR3,339,MSZZC1|6:XAUUSD|1:5|2:-1|1:1|67:BO|XAUUSD|5|0|S|1761127200|MSZZ|XAUUSD|5|0|-1|1761067200|1761067200,0.14,0.14,True,4084.99,4084.9899999999993,0.0,True,3.0,2.9999999999999285,0.0,True,800.94,-0.28,0.0,800.66
P4_SR3,342,MSZZC1|6:XAUUSD|1:5|1:1|1:4|40:MSZZ|XAUUSD|5|0|-1|1762220700|1762220700,0.43,0.43,True,3995.4993,3995.499302325581,0.0,True,0.448667,0.44866704480999436,0.0,True,118.65,-0.86,0.0,117.79
P4_SR3,345,MSZZC1|6:XAUUSD|1:5|1:1|1:4|40:MSZZ|XAUUSD|5|0|-1|1762266000|1762266000,0.22,0.22,True,4005.81,4005.81,0.0,True,0.4325,0.43250000000000455,0.0,True,114.18,-0.44,0.0,113.74
P4_SR3,348,MSZZC1|6:XAUUSD|1:5|1:1|1:4|40:MSZZ|XAUUSD|5|0|-1|1762446300|1762446300,0.22,0.22,True,3987.15,3987.15,0.0,True,-1.0,-1.0,0.0,True,-261.14,-0.44,0.0,-261.58
P4_SR3,341,MSZZC1|6:XAUUSD|1:5|2:-1|1:1|67:BO|XAUUSD|5|0|S|1762185900|MSZZ|XAUUSD|5|0|-1|1761564000|1761564000,0.03,0.03,True,4006.08,4006.08,0.0,True,0.104952,0.10495216657287625,0.0,True,22.38,-0.06,2.76,25.08
P4_SR3,352,MSZZC1|6:XAUUSD|1:5|2:-1|1:4|39:MSZZ|XAUUSD|5|0|1|1762531800|1762531800,0.39,0.39,True,3990.21103,3990.2110256410256,0.0,True,1.533476,1.5334757834757344,0.0,True,409.07,-0.78,0.0,408.29
P4_SR3,351,MSZZC1|6:XAUUSD|1:5|1:1|1:1|66:BO|XAUUSD|5|0|L|1762532100|MSZZ|XAUUSD|5|0|1|1762531800|1762531800,0.08,0.08,True,3986.57,3986.57,0.0,True,-0.611791,-0.6117905299466868,0.0,True,-156.08,-0.16,0.0,-156.24
P4_SR3,356,MSZZC1|6:XAUUSD|1:5|2:-1|1:1|67:BO|XAUUSD|5|0|S|1762533300|MSZZ|XAUUSD|5|0|-1|1762533000|1762533000,0.85,0.85,True,3989.74,3989.74,0.0,True,-1.0,-1.0,0.0,True,-269.45,-1.7,0.0,-271.15
P4_SR3,358,MSZZC1|6:XAUUSD|1:5|1:1|1:1|66:BO|XAUUSD|5|0|L|1762539900|MSZZ|XAUUSD|5|0|1|1762539600|1762539600,0.11,0.11,True,3995.13,3995.13,0.0,True,-0.546444,-0.5464435146443472,0.0,True,-143.66,-0.22,0.0,-143.88
P4_SR3,360,MSZZC1|6:XAUUSD|1:5|2:-1|1:1|67:BO|XAUUSD|5|0|S|1762542900|MSZZ|XAUUSD|5|0|-1|1762542300|1762542300,0.25,0.25,True,4005.62,4005.62,0.0,True,-1.0,-1.0,0.0,True,-262.25,-0.5,0.0,-262.75
P4_SR3,362,MSZZC1|6:XAUUSD|1:5|2:-1|1:1|67:BO|XAUUSD|5|0|S|1762736400|MSZZ|XAUUSD|5|0|-1|1762559100|1762559100,0.7,0.7,True,4010.44,4010.44,0.0,True,-1.0,-1.0,0.0,True,-266.7,-1.4,0.0,-268.1
P4_SR3,364,MSZZC1|6:XAUUSD|1:5|2:-1|1:4|39:MSZZ|XAUUSD|5|0|1|1763366700|1763366700,0.32,0.32,True,4071.7,4071.7,0.0,True,-1.0,-1.0,0.0,True,-267.52,-0.64,0.0,-268.16
P4_SR3,366,MSZZC1|6:XAUUSD|1:5|1:1|1:4|40:MSZZ|XAUUSD|5|0|-1|1763393700|1763393700,0.26,0.26,True,4064.03,4064.0300000000007,0.0,True,-1.0,-0.9999999999999556,0.0,True,-265.98,-0.52,0.0,-266.5
P4_SR3,368,MSZZC1|6:XAUUSD|1:5|2:-1|1:1|67:BO|XAUUSD|5|0|S|1763561400|MSZZ|XAUUSD|5|0|-1|1763129700|1763129700,4.84,4.84,True,4114.26,4114.26,0.0,True,3.0,2.999999999998346,0.0,True,798.6,-9.68,0.0,788.92
P4_SR3,370,MSZZC1|6:XAUUSD|1:5|1:1|1:4|40:MSZZ|XAUUSD|5|0|-1|1763129700|1763129700,0.7,0.7,True,4114.82,4114.82,0.0,True,-1.0,-1.0,0.0,True,-268.1,-1.4,0.0,-269.5
P4_SR3,372,MSZZC1|6:XAUUSD|1:5|2:-1|1:1|67:BO|XAUUSD|5|0|S|1763564700|MSZZ|XAUUSD|5|0|-1|1763564400|1763564400,0.29,0.29,True,4116.46,4116.46,0.0,True,-1.0,-1.0,0.0,True,-267.38,-0.58,0.0,-267.96
P4_SR3,373,MSZZC1|6:XAUUSD|1:5|1:1|1:4|40:MSZZ|XAUUSD|5|0|-1|1763564400|1763564400,0.46,0.46,True,4106.39,4106.39,0.0,True,-1.0,-1.0,0.0,True,-265.88,-0.92,0.0,-266.8
P4_SR3,376,MSZZC1|6:XAUUSD|1:5|2:-1|1:1|67:BO|XAUUSD|5|0|S|1763567400|MSZZ|XAUUSD|5|0|-1|1763564400|1763564400,0.22,0.22,True,4117.88,4117.88,0.0,True,-1.0,-1.0,0.0,True,-254.76,-0.44,0.0,-255.2
P4_SR3,378,MSZZC1|6:XAUUSD|1:5|2:-1|1:4|39:MSZZ|XAUUSD|5|0|1|1763565900|1763565900,0.35,0.35,True,4114.08,4114.08,0.0,True,-1.0,-1.0,0.0,True,-261.1,-0.7,0.0,-261.8
P4_SR3,380,MSZZC1|6:XAUUSD|1:5|1:1|1:1|66:BO|XAUUSD|5|0|L|1763569800|MSZZ|XAUUSD|5|0|1|1763565900|1763565900,0.2,0.2,True,4100.83,4100.83,0.0,True,-1.0,-1.0,0.0,True,-255.0,-0.4,0.0,-255.4
P4_SR3,382,MSZZC1|6:XAUUSD|1:5|1:1|1:1|66:BO|XAUUSD|5|0|L|1763948700|MSZZ|XAUUSD|5|0|1|1763946000|1763946000,0.45,0.45,True,4068.97,4068.97,0.0,True,-1.0,-1.0,0.0,True,-260.1,-0.9,0.0,-261.0
P4_SR3,384,MSZZC1|6:XAUUSD|1:5|1:1|1:4|40:MSZZ|XAUUSD|5|0|-1|1763949900|1763949900,0.59,0.59,True,4069.76254,4069.762542372881,0.0,True,1.6394,1.6394000841718313,0.0,True,428.49,-1.18,0.0,427.31
P4_SR3,388,MSZZC1|6:XAUUSD|1:5|1:1|1:4|40:MSZZ|XAUUSD|5|0|-1|1763965800|1763965800,1.47,1.47,True,4045.05,4045.05,0.0,True,-1.0,-1.0,0.0,True,-263.13,-2.94,0.0,-266.07
P4_SR3,387,MSZZC1|6:XAUUSD|1:5|2:-1|1:1|67:BO|XAUUSD|5|0|S|1763953500|MSZZ|XAUUSD|5|0|-1|1763949900|1763949900,0.07,0.07,True,4092.29,4092.29,0.0,True,-1.0,-1.0,0.0,True,-249.83,-0.14,0.0,-249.97
P4_SR3,391,MSZZC1|6:XAUUSD|1:5|2:-1|1:4|39:MSZZ|XAUUSD|5|0|1|1764334200|1764334200,0.14,0.14,True,4188.02,4188.02,0.0,True,-1.0,-1.0,0.0,True,-262.22,-0.28,0.0,-262.5
P4_SR3,393,MSZZC1|6:XAUUSD|1:5|2:-1|1:1|67:BO|XAUUSD|5|0|S|1764707100|MSZZ|XAUUSD|5|0|-1|1764333000|1764333000,0.33,0.33,True,4197.12,4197.12,0.0,True,-1.0,-1.0,0.0,True,-255.09,-0.66,0.0,-255.75
P4_SR3,395,MSZZC1|6:XAUUSD|1:5|2:-1|1:1|67:BO|XAUUSD|5|0|S|1764793200|MSZZ|XAUUSD|5|0|-1|1764333000|1764333000,2.0,2.0,True,4200.86,4200.86,0.0,True,-1.0,-1.0,0.0,True,-262.0,-4.0,0.0,-266.0
P4_SR3,397,MSZZC1|6:XAUUSD|1:5|2:-1|1:1|67:BO|XAUUSD|5|0|S|1764795000|MSZZ|XAUUSD|5|0|-1|1764333000|1764333000,0.75,0.75,True,4200.86,4200.86,0.0,True,-1.0,-1.0,0.0,True,-261.0,-1.5,0.0,-262.5
P4_SR3,399,MSZZC1|6:XAUUSD|1:5|2:-1|1:1|67:BO|XAUUSD|5|0|S|1764881700|MSZZ|XAUUSD|5|0|-1|1764333000|1764333000,0.27,0.27,True,4217.56,4217.56,0.0,True,-1.0,-1.0,0.0,True,-258.66,-0.54,6.21,-252.99
P4_SR3,401,MSZZC1|6:XAUUSD|1:5|1:1|1:1|66:BO|XAUUSD|5|0|L|1764959100|MSZZ|XAUUSD|5|0|1|1764861900|1764861900,0.14,0.14,True,4198.58,4198.58,0.0,True,-1.0,-1.0,0.0,True,-255.5,-0.28,0.0,-255.78
P4_SR3,403,MSZZC1|6:XAUUSD|1:5|1:1|1:1|66:BO|XAUUSD|5|0|L|1765179000|MSZZ|XAUUSD|5|0|1|1764916200|1764916200,0.23,0.23,True,4203.02,4203.02,0.0,True,-1.0,-1.0,0.0,True,-254.61,-0.46,0.0,-255.07
P4_SR3,405,MSZZC1|6:XAUUSD|1:5|1:1|1:1|66:BO|XAUUSD|5|0|L|1765205700|MSZZ|XAUUSD|5|0|1|1764916200|1764916200,0.23,0.23,True,4203.02,4203.02,0.0,True,-1.0,-1.0,0.0,True,-254.38,-0.46,0.0,-254.84
P4_SR3,407,MSZZC1|6:XAUUSD|1:5|2:-1|1:1|67:BO|XAUUSD|5|0|S|1765213800|MSZZ|XAUUSD|5|0|-1|1764958200|1764958200,0.03,0.03,True,4216.62,4216.62,0.0,True,-0.474035,-0.47403478475391636,0.0,True,-115.29,-0.06,0.69,-114.66
P4_SR3,410,MSZZC1|6:XAUUSD|1:5|2:-1|1:4|39:MSZZ|XAUUSD|5|0|1|1765336500|1765336500,1.09,1.09,True,4214.18358,4214.183577981651,0.0,True,0.621365,0.6213652620119513,0.0,True,159.84,-2.18,0.0,157.66
P4_SR3,409,MSZZC1|6:XAUUSD|1:5|1:1|1:1|66:BO|XAUUSD|5|0|L|1765303200|MSZZ|XAUUSD|5|0|1|1764916200|1764916200,0.09,0.09,True,4209.06,4209.06,0.0,True,-0.28822,-0.2882195958825626,0.0,True,-68.04,-0.18,-4.14,-72.36
P4_SR3,415,MSZZC1|6:XAUUSD|1:5|1:1|1:4|40:MSZZ|XAUUSD|5|0|-1|1765343400|1765343400,0.48,0.48,True,4207.46,4207.46,0.0,True,-1.0,-1.0,0.0,True,-253.92,-0.96,0.0,-254.88
P4_SR3,414,MSZZC1|6:XAUUSD|1:5|2:-1|1:1|67:BO|XAUUSD|5|0|S|1765343700|MSZZ|XAUUSD|5|0|-1|1765343400|1765343400,0.26,0.26,True,4218.84,4218.84,0.0,True,-1.0,-1.0,0.0,True,-254.28,-0.52,0.0,-254.8
P4_SR3,417,MSZZC1|6:XAUUSD|1:5|1:1|1:4|40:MSZZ|XAUUSD|5|0|-1|1764958200|1764958200,0.16,0.16,True,4190.47,4190.47,0.0,True,-1.0,-1.0,0.0,True,-251.84,-0.32,0.0,-252.16
P4_SR3,420,MSZZC1|6:XAUUSD|1:5|1:1|1:1|66:BO|XAUUSD|5|0|L|1765418400|MSZZ|XAUUSD|5|0|1|1765417800|1765417800,0.22,0.22,True,4223.93,4223.93,0.0,True,-1.0,-1.0,0.0,True,-249.04,-0.44,0.0,-249.48
P4_SR3,421,MSZZC1|6:XAUUSD|1:5|2:-1|1:4|39:MSZZ|XAUUSD|5|0|1|1765417800|1765417800,0.33,0.33,True,4220.19455,4220.194545454546,0.0,True,1.616616,1.6166164960865708,0.0,True,402.78,-0.66,0.0,402.12
P4_SR3,425,MSZZC1|6:XAUUSD|1:5|1:1|1:4|40:MSZZ|XAUUSD|5|0|-1|1765427100|1765427100,0.34,0.34,True,4235.32,4235.32,0.0,True,0.585007,0.5850066934403938,0.0,True,148.58,-0.68,0.0,147.9
P4_SR3,428,MSZZC1|6:XAUUSD|1:5|1:1|1:1|66:BO|XAUUSD|5|0|L|1765473000|MSZZ|XAUUSD|5|0|1|1765470600|1765470600,0.88,0.88,True,4246.57,4246.57,0.0,True,3.0,3.0,0.0,True,768.24,-1.76,0.0,766.48
P4_SR3,430,MSZZC1|6:XAUUSD|1:5|1:1|1:1|66:BO|XAUUSD|5|0|L|1765474800|MSZZ|XAUUSD|5|0|1|1765473600|1765473900,0.13,0.13,True,4313.77,4313.77,0.0,True,3.0,3.0,0.0,True,768.69,-0.26,-5.98,762.45
P4_SR3,433,MSZZC1|6:XAUUSD|1:5|2:-1|1:4|39:MSZZ|XAUUSD|5|0|1|1766134500|1766134800,0.44,0.44,True,4329.21,4329.21,0.0,True,-1.0,-1.0,0.0,True,-261.36,-0.88,0.0,-262.24
P4_SR3,435,MSZZC1|6:XAUUSD|1:5|2:-1|1:4|39:MSZZ|XAUUSD|5|0|1|1766143500|1766143800,1.48,1.48,True,4327.185,4327.185,0.0,True,0.440341,0.44034090909064777,0.0,True,114.7,-2.96,0.0,111.74
P4_SR3,438,MSZZC1|6:XAUUSD|1:5|2:-1|1:4|39:MSZZ|XAUUSD|5|0|1|1766368800|1766368800,0.6,0.6,True,4366.29,4366.29,0.0,True,-1.0,-1.0,0.0,True,-258.6,-1.2,0.0,-259.8
P4_SR3,432,MSZZC1|6:XAUUSD|1:5|1:1|1:1|66:BO|XAUUSD|5|0|L|1765565100|MSZZ|XAUUSD|5|0|1|1765474800|1765474800,0.05,0.05,True,4409.89,4409.89,0.0,True,3.0,3.000000000000021,0.0,True,656.1,-0.1,-23.0,633.0
P4_SR3,441,MSZZC1|6:XAUUSD|1:5|2:-1|1:1|67:BO|XAUUSD|5|0|S|1767028800|MSZZ|XAUUSD|5|0|-1|1767027900|1767027900,0.06,0.06,True,4340.81,4340.81,0.0,True,-0.623471,-0.6234706616729124,0.0,True,-149.82,-0.12,0.0,-149.94
P4_SR3,442,MSZZC1|6:XAUUSD|1:5|1:1|1:4|40:MSZZ|XAUUSD|5|0|-1|1767027900|1767027900,0.17,0.17,True,4336.45059,4336.450588235294,0.0,True,0.31621,0.3162104445738893,0.0,True,81.44,-0.34,0.0,81.1
P4_SR3,446,MSZZC1|6:XAUUSD|1:5|2:-1|1:1|67:BO|XAUUSD|5|0|S|1767036000|MSZZ|XAUUSD|5|0|-1|1767027900|1767027900,0.12,0.12,True,4343.37,4343.37,0.0,True,-0.810488,-0.8104875804967833,0.0,True,-211.44,-0.24,0.0,-211.68
P4_SR3,448,MSZZC1|6:XAUUSD|1:5|1:1|1:1|66:BO|XAUUSD|5|0|L|1767045600|MSZZ|XAUUSD|5|0|1|1767042600|1767042600,0.09,0.09,True,4327.91,4327.91,0.0,True,-0.537926,-0.5379262352122531,0.0,True,-139.14,-0.18,-4.14,-143.46
P4_SR3,450,MSZZC1|6:XAUUSD|1:5|2:-1|1:1|67:BO|XAUUSD|5|0|S|1767063600|MSZZ|XAUUSD|5|0|-1|1767062700|1767062700,0.13,0.13,True,4347.08,4347.08,0.0,True,-1.0,-1.0,0.0,True,-249.21,-0.26,0.0,-249.47
P4_SR3,453,MSZZC1|6:XAUUSD|1:5|2:-1|1:4|39:MSZZ|XAUUSD|5|0|1|1767069900|1767069900,0.35,0.35,True,4365.39,4365.39,0.0,True,-1.0,-1.0,0.0,True,-254.1,-0.7,0.0,-254.8
P4_SR3,452,MSZZC1|6:XAUUSD|1:5|1:1|1:1|66:BO|XAUUSD|5|0|L|1767066000|MSZZ|XAUUSD|5|0|1|1767064500|1767064500,0.13,0.13,True,4371.27,4371.27,0.0,True,1.216448,1.2164480322906628,0.0,True,313.43,-0.26,0.0,313.17
P4_SR3,456,MSZZC1|6:XAUUSD|1:5|2:-1|1:1|67:BO|XAUUSD|5|0|S|1767112800|MSZZ|XAUUSD|5|0|-1|1767108600|1767108600,0.06,0.06,True,4413.28,4413.28,0.0,True,-1.0,-1.0,0.0,True,-252.06,-0.12,8.28,-243.9
P4_SR3,458,MSZZC1|6:XAUUSD|1:5|2:-1|1:1|67:BO|XAUUSD|5|0|S|1767674100|MSZZ|XAUUSD|5|0|-1|1766973600|1766973600,0.03,0.03,True,4489.68,4489.68,0.0,True,-0.556636,-0.5566362412090418,0.0,True,-111.6,-0.06,0.0,-111.66
P4_SR3,459,MSZZC1|6:XAUUSD|1:5|1:1|1:4|40:MSZZ|XAUUSD|5|0|-1|1767004500|1767004500,0.17,0.17,True,4483.87471,4483.874705882353,0.0,True,0.432311,0.43231072333237175,0.0,True,107.52,-0.34,0.0,107.18
P4_SR3,464,MSZZC1|6:XAUUSD|1:5|2:-1|1:4|39:MSZZ|XAUUSD|5|0|1|1767978300|1767978300,0.31,0.31,True,4492.88806,4492.888064516129,0.0,True,0.621694,0.6216936478263364,0.0,True,156.3,-0.62,0.0,155.68
P4_SR3,467,MSZZC1|6:XAUUSD|1:5|2:-1|1:4|39:MSZZ|XAUUSD|5|0|1|1767990600|1767990600,0.5,0.5,True,4501.96,4501.96,0.0,True,-1.0,-1.0,0.0,True,-259.0,-1.0,0.0,-260.0
P4_SR3,463,MSZZC1|6:XAUUSD|1:5|1:1|1:1|66:BO|XAUUSD|5|0|L|1767984600|MSZZ|XAUUSD|5|0|1|1767978300|1767978300,0.04,0.04,True,4696.05,4696.05,0.0,True,3.0,2.999999999999971,0.0,True,754.32,-0.08,-20.24,734.0
P4_SR3,470,MSZZC1|6:XAUUSD|1:5|1:1|1:1|66:BO|XAUUSD|5|0|L|1769771700|MSZZ|XAUUSD|5|0|1|1769202000|1769202000,0.01,0.01,True,4932.82,4932.82,0.0,True,-1.0,-1.0,0.0,True,-135.98,-0.02,0.0,-136.0
P4_SR3,471,MSZZC1|6:XAUUSD|1:5|2:-1|1:4|39:MSZZ|XAUUSD|5|0|1|1769788800|1769788800,0.02,0.02,True,4809.765,4809.765,0.0,True,1.555955,1.5559552358113444,0.0,True,350.37,-0.04,0.0,350.33
P4_SR3,475,MSZZC1|6:XAUUSD|1:5|1:1|1:1|66:BO|XAUUSD|5|0|L|1769805900|MSZZ|XAUUSD|5|0|1|1769176800|1769176800,0.09,0.09,True,4914.39,4914.39,0.0,True,3.0,2.9999999999999356,0.0,True,764.64,-0.18,0.0,764.46
P4_SR3,477,MSZZC1|6:XAUUSD|1:5|2:-1|1:1|67:BO|XAUUSD|5|0|S|1769807400|MSZZ|XAUUSD|5|0|-1|1769800200|1769800200,0.06,0.06,True,4930.95,4930.95,0.0,True,-1.0,-1.0,0.0,True,-246.96,-0.12,0.0,-247.08
P4_SR3,479,MSZZC1|6:XAUUSD|1:5|2:-1|1:1|67:BO|XAUUSD|5|0|S|1769811600|MSZZ|XAUUSD|5|0|-1|1769800200|1769800200,0.05,0.05,True,4742.47,4742.47,0.0,True,3.0,3.0,0.0,True,769.35,-0.1,3.45,772.7
P4_SR3,481,MSZZC1|6:XAUUSD|1:5|2:-1|1:1|67:BO|XAUUSD|5|0|S|1770175800|MSZZ|XAUUSD|5|0|-1|1769769000|1769769000,0.04,0.04,True,4833.41,4833.41,0.0,True,3.0,3.0000000000000138,0.0,True,785.88,-0.08,0.92,786.72
P4_SR3,483,MSZZC1|6:XAUUSD|1:5|1:1|1:4|40:MSZZ|XAUUSD|5|0|-1|1770608100|1770608100,0.12,0.12,True,5022.095,5022.095,0.0,True,1.508751,1.5087511825923043,0.0,True,382.74,-0.24,0.0,382.5
P4_SR3,486,MSZZC1|6:XAUUSD|1:5|2:-1|1:1|67:BO|XAUUSD|5|0|S|1770744900|MSZZ|XAUUSD|5|0|-1|1770741900|1770741900,0.05,0.05,True,5058.39,5058.39,0.0,True,-1.0,-1.0,0.0,True,-255.85,-0.1,1.15,-254.8
P4_SR3,488,MSZZC1|6:XAUUSD|1:5|2:-1|1:1|67:BO|XAUUSD|5|0|S|1770789900|MSZZ|XAUUSD|5|0|-1|1770789300|1770789600,0.95,0.95,True,5057.6,5057.6,0.0,True,-1.0,-1.0,0.0,True,-266.0,-1.9,0.0,-267.9
P4_SR3,490,MSZZC1|6:XAUUSD|1:5|2:-1|1:1|67:BO|XAUUSD|5|0|S|1770790800|MSZZ|XAUUSD|5|0|-1|1770789300|1770789600,8.58,8.58,True,5057.6,5057.6,0.0,True,-1.0,-1.0,0.0,True,-265.98,-17.16,0.0,-283.14
P4_SR3,492,MSZZC1|6:XAUUSD|1:5|2:-1|1:1|67:BO|XAUUSD|5|0|S|1770792300|MSZZ|XAUUSD|5|0|-1|1770792000|1770792000,0.25,0.25,True,5061.05,5061.05,0.0,True,-1.0,-1.0,0.0,True,-265.25,-0.5,0.0,-265.75
P4_SR3,495,MSZZC1|6:XAUUSD|1:5|2:-1|1:4|39:MSZZ|XAUUSD|5|0|1|1770797100|1770797100,0.51,0.51,True,5061.57,5061.57,0.0,True,-1.0,-1.0,0.0,True,-261.12,-1.02,0.0,-262.14
P4_SR3,494,MSZZC1|6:XAUUSD|1:5|1:1|1:1|66:BO|XAUUSD|5|0|L|1770795300|MSZZ|XAUUSD|5|0|1|1770795000|1770795000,0.13,0.13,True,5043.47,5043.47,0.0,True,-1.0,-1.0,0.0,True,-246.09,-0.26,0.0,-246.35
P4_SR3,499,MSZZC1|6:XAUUSD|1:5|2:-1|1:4|39:MSZZ|XAUUSD|5|0|1|1770842100|1770842100,0.56,0.56,True,5087.39,5087.39,0.0,True,-1.0,-1.0,0.0,True,-262.64,-1.12,0.0,-263.76
P4_SR3,498,MSZZC1|6:XAUUSD|1:5|1:1|1:1|66:BO|XAUUSD|5|0|L|1770838800|MSZZ|XAUUSD|5|0|1|1770837300|1770837300,0.05,0.05,True,5081.58,5081.58,0.0,True,-0.307772,-0.3077718065316307,0.0,True,-74.45,-0.1,0.0,-74.55
P4_SR3,502,MSZZC1|6:XAUUSD|1:5|2:-1|1:1|67:BO|XAUUSD|5|0|S|1770846900|MSZZ|XAUUSD|5|0|-1|1770840600|1770840600,0.31,0.31,True,5090.0,5090.0,0.0,True,-1.0,-1.0,0.0,True,-261.02,-0.62,0.0,-261.64
P4_SR3,504,MSZZC1|6:XAUUSD|1:5|1:1|1:1|66:BO|XAUUSD|5|0|L|1770858000|MSZZ|XAUUSD|5|0|1|1770853800|1770853800,0.05,0.05,True,5063.63,5063.63,0.0,True,-0.721422,-0.7214221422142164,0.0,True,-160.3,-0.1,0.0,-160.4
P4_SR3,506,MSZZC1|6:XAUUSD|1:5|2:-1|1:1|67:BO|XAUUSD|5|0|S|1770858600|MSZZ|XAUUSD|5|0|-1|1770858300|1770858300,0.09,0.09,True,4984.52,4984.52,0.0,True,3.0,3.0,0.0,True,711.99,-0.18,0.0,711.81
P4_SR3,509,MSZZC1|6:XAUUSD|1:5|2:-1|1:4|39:MSZZ|XAUUSD|5|0|1|1770929400|1770929700,0.2,0.2,True,4923.91,4923.909999999999,0.0,True,1.633154,1.6331542594013495,0.0,True,425.6,-0.4,0.0,425.2
P4_SR3,512,MSZZC1|6:XAUUSD|1:5|2:-1|1:4|39:MSZZ|XAUUSD|5|0|1|1770948300|1770948300,0.4,0.4,True,4939.19,4939.1900000000005,0.0,True,0.428354,0.4283536585364816,0.0,True,112.4,-0.8,0.0,111.6
P4_SR3,508,MSZZC1|6:XAUUSD|1:5|1:1|1:1|66:BO|XAUUSD|5|0|L|1770924000|MSZZ|XAUUSD|5|0|1|1770921600|1770921900,0.02,0.02,True,5015.17,5015.17,0.0,True,0.341112,0.34111192991074935,0.0,True,83.32,-0.04,-3.68,79.6
P4_SR3,517,MSZZC1|6:XAUUSD|1:5|1:1|1:4|40:MSZZ|XAUUSD|5|0|-1|1771216500|1771216500,0.41,0.41,True,4996.18,4996.179999999999,0.0,True,-1.0,-1.0000000000001428,0.0,True,-261.17,-0.82,0.0,-261.99
P4_SR3,516,MSZZC1|6:XAUUSD|1:5|2:-1|1:1|67:BO|XAUUSD|5|0|S|1771203600|MSZZ|XAUUSD|5|0|-1|1770934800|1770934800,0.07,0.07,True,4904.89,4904.89,0.0,True,3.0,2.999999999999975,0.0,True,771.96,-0.14,1.61,773.43
P4_SR3,520,MSZZC1|6:XAUUSD|1:5|2:-1|1:1|67:BO|XAUUSD|5|0|S|1771526700|MSZZ|XAUUSD|5|0|-1|1770912000|1770912000,0.14,0.14,True,5022.49,5022.49,0.0,True,-1.0,-1.0,0.0,True,-259.7,-0.28,3.22,-256.76
P4_SR3,522,MSZZC1|6:XAUUSD|1:5|1:1|1:4|40:MSZZ|XAUUSD|5|0|-1|1771606800|1771606800,0.18,0.18,True,5029.345,5029.344999999999,0.0,True,0.452165,0.45216480446924484,0.0,True,116.55,-0.36,0.0,116.19
P4_SR3,525,MSZZC1|6:XAUUSD|1:5|2:-1|1:4|39:MSZZ|XAUUSD|5|0|1|1771605000|1771605000,0.48,0.48,True,5056.76,5056.76,0.0,True,-1.0,-1.0,0.0,True,-264.96,-0.96,0.0,-265.92
P4_SR3,527,MSZZC1|6:XAUUSD|1:5|2:-1|1:1|67:BO|XAUUSD|5|0|S|1772544300|MSZZ|XAUUSD|5|0|-1|1772543100|1772543100,0.04,0.04,True,5180.54,5180.54,0.0,True,-1.0,-1.0,0.0,True,-215.44,-0.08,0.0,-215.52
P4_SR3,529,MSZZC1|6:XAUUSD|1:5|1:1|1:1|66:BO|XAUUSD|5|0|L|1772549700|MSZZ|XAUUSD|5|0|1|1772200500|1772200500,0.04,0.04,True,5159.75,5159.75,0.0,True,-1.0,-1.0,0.0,True,-258.84,-0.08,0.0,-258.92
P4_SR3,531,MSZZC1|6:XAUUSD|1:5|2:-1|1:1|67:BO|XAUUSD|5|0|S|1772550300|MSZZ|XAUUSD|5|0|-1|1772543100|1772543100,0.09,0.09,True,5180.54,5180.54,0.0,True,-1.0,-1.0,0.0,True,-251.82,-0.18,0.0,-252.0
P4_SR3,533,MSZZC1|6:XAUUSD|1:5|2:-1|1:1|67:BO|XAUUSD|5|0|S|1772552100|MSZZ|XAUUSD|5|0|-1|1772543100|1772543100,0.11,0.11,True,5090.66,5090.66,0.0,True,3.0,2.9999999999999596,0.0,True,741.51,-0.22,0.0,741.29
P4_SR3,535,MSZZC1|6:XAUUSD|1:5|2:-1|1:1|67:BO|XAUUSD|5|0|S|1772594700|MSZZ|XAUUSD|5|0|-1|1772543100|1772543100,0.07,0.07,True,5180.54,5180.54,0.0,True,-1.0,-1.0,0.0,True,-239.89,-0.14,0.0,-240.03
P4_SR3,537,MSZZC1|6:XAUUSD|1:5|2:-1|1:1|67:BO|XAUUSD|5|0|S|1772600100|MSZZ|XAUUSD|5|0|-1|1772543100|1772543100,0.1,0.1,True,5180.54,5180.539999999999,0.0,True,-1.0,-0.9999999999999623,0.0,True,-241.1,-0.2,0.0,-241.3
P4_SR3,539,MSZZC1|6:XAUUSD|1:5|2:-1|1:1|67:BO|XAUUSD|5|0|S|1772606700|MSZZ|XAUUSD|5|0|-1|1772543100|1772543100,0.1,0.1,True,5180.54,5180.539999999999,0.0,True,-1.0,-0.9999999999999639,0.0,True,-252.0,-0.2,0.0,-252.2
P4_SR3,541,MSZZC1|6:XAUUSD|1:5|2:-1|1:1|67:BO|XAUUSD|5|0|S|1772642700|MSZZ|XAUUSD|5|0|-1|1772543100|1772543100,0.1,0.1,True,5181.03,5181.029999999999,0.0,True,-1.0,-0.9999999999999643,0.0,True,-254.2,-0.2,2.3,-252.1
P4_SR3,543,MSZZC1|6:XAUUSD|1:5|2:-1|1:1|67:BO|XAUUSD|5|0|S|1772697300|MSZZ|XAUUSD|5|0|-1|1772543100|1772543100,0.08,0.08,True,5181.03,5181.03,0.0,True,-1.0,-1.0,0.0,True,-258.08,-0.16,0.0,-258.24
P4_SR3,545,MSZZC1|6:XAUUSD|1:5|2:-1|1:1|67:BO|XAUUSD|5|0|S|1772712000|MSZZ|XAUUSD|5|0|-1|1772543100|1772543100,0.08,0.08,True,5057.19,5057.19,0.0,True,3.0,3.0,0.0,True,743.04,-0.16,0.0,742.88
P4_SR3,547,MSZZC1|6:XAUUSD|1:5|2:-1|1:1|67:BO|XAUUSD|5|0|S|1772819100|MSZZ|XAUUSD|5|0|-1|1772543100|1772543100,0.07,0.07,True,5181.03,5181.03,0.0,True,-1.0,-1.0,0.0,True,-239.33,-0.14,4.83,-234.64
P4_SR3,549,MSZZC1|6:XAUUSD|1:5|1:1|1:1|66:BO|XAUUSD|5|0|L|1773312000|MSZZ|XAUUSD|5|0|1|1773208200|1773208200,0.04,0.04,True,5124.05,5124.05,0.0,True,-1.0,-1.0,0.0,True,-220.08,-0.08,0.0,-220.16
P4_SR3,552,MSZZC1|6:XAUUSD|1:5|2:-1|1:4|39:MSZZ|XAUUSD|5|0|1|1773359100|1773359100,0.2,0.2,True,5090.47,5090.47,0.0,True,-1.0,-1.0,0.0,True,-251.8,-0.4,0.0,-252.2
P4_SR3,551,MSZZC1|6:XAUUSD|1:5|1:1|1:1|66:BO|XAUUSD|5|0|L|1773363600|MSZZ|XAUUSD|5|0|1|1773359100|1773359100,0.08,0.08,True,5085.36,5085.36,0.0,True,0.030743,0.030743243243238894,0.0,True,7.28,-0.16,0.0,7.12
P4_SR3,555,MSZZC1|6:XAUUSD|1:5|2:-1|1:1|67:BO|XAUUSD|5|0|S|1773405600|MSZZ|XAUUSD|5|0|-1|1773404400|1773404700,0.22,0.22,True,5097.03,5097.03,0.0,True,-1.0,-1.0,0.0,True,-256.74,-0.44,0.0,-257.18
P4_SR3,557,MSZZC1|6:XAUUSD|1:5|2:-1|1:1|67:BO|XAUUSD|5|0|S|1773423600|MSZZ|XAUUSD|5|0|-1|1773422100|1773422100,0.09,0.09,True,4993.59,4993.59,0.0,True,3.0,3.0000000000000635,0.0,True,771.12,-0.18,6.21,777.15
P4_SR3,559,MSZZC1|6:XAUUSD|1:5|2:-1|1:1|67:BO|XAUUSD|5|0|S|1773752700|MSZZ|XAUUSD|5|0|-1|1773210000|1773210000,0.01,0.01,True,4449.76,4449.76,0.0,True,3.0,2.999999999999995,0.0,True,552.39,-0.02,1.38,553.75
P4_SR3,561,MSZZC1|6:XAUUSD|1:5|2:-1|1:4|39:MSZZ|XAUUSD|5|0|1|1774849200|1774849200,0.33,0.33,True,4491.96788,4491.967878787878,0.0,True,0.512155,0.5121553456973904,0.0,True,135.04,-0.66,0.0,134.38
P4_SR3,563,MSZZC1|6:XAUUSD|1:5|1:1|1:1|66:BO|XAUUSD|5|0|L|1774855200|MSZZ|XAUUSD|5|0|1|1774849200|1774849200,0.04,0.04,True,4685.88,4685.88,0.0,True,3.0,2.999999999999986,0.0,True,766.2,-0.08,-1.84,764.28
P4_SR3,566,MSZZC1|6:XAUUSD|1:5|1:1|1:1|66:BO|XAUUSD|5|0|L|1775583000|MSZZ|XAUUSD|5|0|1|1775582400|1775582400,0.02,0.02,True,4769.98,4769.98,0.0,True,1.125544,1.1255440564851587,0.0,True,232.74,-0.04,-1.84,230.86
P4_SR3,569,MSZZC1|6:XAUUSD|1:5|1:1|1:4|40:MSZZ|XAUUSD|5|0|-1|1775773800|1775773800,0.85,0.85,True,4769.08,4769.08,0.0,True,-1.0,-1.0,0.0,True,-266.9,-1.7,0.0,-268.6
P4_SR3,568,MSZZC1|6:XAUUSD|1:5|2:-1|1:1|67:BO|XAUUSD|5|0|S|1775774700|MSZZ|XAUUSD|5|0|-1|1775773800|1775773800,0.09,0.09,True,4684.78,4684.78,0.0,True,3.0,2.999999999999936,0.0,True,766.8,-0.18,8.28,774.9
P4_SR3,572,MSZZC1|6:XAUUSD|1:5|1:1|1:4|40:MSZZ|XAUUSD|5|0|-1|1776242100|1776242100,0.84,0.84,True,4812.16,4812.16,0.0,True,-1.0,-1.0,0.0,True,-268.8,-1.68,0.0,-270.48
P4_SR3,574,MSZZC1|6:XAUUSD|1:5|1:1|1:1|66:BO|XAUUSD|5|0|L|1776264600|MSZZ|XAUUSD|5|0|1|1776183600|1776183900,0.11,0.11,True,4790.52,4790.52,0.0,True,-1.0,-1.0,0.0,True,-262.68,-0.22,0.0,-262.9
P4_SR3,576,MSZZC1|6:XAUUSD|1:5|1:1|1:1|66:BO|XAUUSD|5|0|L|1776302400|MSZZ|XAUUSD|5|0|1|1776301200|1776301200,0.2,0.2,True,4787.51,4787.51,0.0,True,-1.0,-1.0,0.0,True,-266.8,-0.4,0.0,-267.2
P4_SR3,578,MSZZC1|6:XAUUSD|1:5|1:1|1:4|40:MSZZ|XAUUSD|5|0|-1|1776367800|1776367800,0.5,0.5,True,4788.905,4788.905,0.0,True,0.314259,0.3142589118199258,0.0,True,83.75,-1.0,0.0,82.75
P4_SR3,581,MSZZC1|6:XAUUSD|1:5|1:1|1:4|40:MSZZ|XAUUSD|5|0|-1|1776358200|1776358200,0.43,0.43,True,4786.26,4786.26,0.0,True,-1.0,-1.0,0.0,True,-263.16,-0.86,0.0,-264.02
P4_SR3,583,MSZZC1|6:XAUUSD|1:5|1:1|1:4|40:MSZZ|XAUUSD|5|0|-1|1776416400|1776416400,0.37,0.37,True,4784.67,4784.67,0.0,True,-1.0,-1.0,0.0,True,-265.29,-0.74,0.0,-266.03
P4_SR3,585,MSZZC1|6:XAUUSD|1:5|1:1|1:4|40:MSZZ|XAUUSD|5|0|-1|1776652200|1776652200,0.1,0.1,True,4800.565,4800.565,0.0,True,0.482857,0.4828571428571151,0.0,True,126.75,-0.2,0.0,126.55
P4_SR3,588,MSZZC1|6:XAUUSD|1:5|2:-1|1:4|39:MSZZ|XAUUSD|5|0|1|1776657900|1776657900,0.57,0.57,True,4791.7,4791.7,0.0,True,-1.0,-1.0,0.0,True,-265.05,-1.14,0.0,-266.19
P4_SR3,590,MSZZC1|6:XAUUSD|1:5|2:-1|1:4|39:MSZZ|XAUUSD|5|0|1|1776696000|1776696000,0.77,0.77,True,4793.32974,4793.329740259741,0.0,True,0.325657,0.32565690123800883,0.0,True,86.26,-1.54,0.0,84.72
P4_SR3,593,MSZZC1|6:XAUUSD|1:5|2:-1|1:1|67:BO|XAUUSD|5|0|S|1776759900|MSZZ|XAUUSD|5|0|-1|1776756600|1776756600,2.5,2.5,True,4788.62,4788.62,0.0,True,-1.0,-1.0,0.0,True,-265.0,-5.0,0.0,-270.0
P4_SR3,595,MSZZC1|6:XAUUSD|1:5|2:-1|1:1|67:BO|XAUUSD|5|0|S|1776762900|MSZZ|XAUUSD|5|0|-1|1776761400|1776761400,0.32,0.32,True,4788.62,4788.62,0.0,True,-1.0,-1.0,0.0,True,-258.88,-0.64,0.0,-259.52
P4_SR3,597,MSZZC1|6:XAUUSD|1:5|1:1|1:1|66:BO|XAUUSD|5|0|L|1776789600|MSZZ|XAUUSD|5|0|1|1776789300|1776789300,0.11,0.11,True,4766.29,4766.290000000001,0.0,True,-1.0,-0.9999999999999604,0.0,True,-252.45,-0.22,0.0,-252.67
P4_SR3,600,MSZZC1|6:XAUUSD|1:5|1:1|1:4|40:MSZZ|XAUUSD|5|0|-1|1776792600|1776792600,0.65,0.65,True,4759.24,4759.24,0.0,True,-1.0,-1.0,0.0,True,-262.6,-1.3,0.0,-263.9
P4_SR3,599,MSZZC1|6:XAUUSD|1:5|2:-1|1:1|67:BO|XAUUSD|5|0|S|1776792900|MSZZ|XAUUSD|5|0|-1|1776792600|1776792600,0.07,0.07,True,4662.18,4662.18,0.0,True,3.0,2.9999999999999725,0.0,True,693.21,-0.14,4.83,697.9
P4_SR3,604,MSZZC1|6:XAUUSD|1:5|1:1|1:4|40:MSZZ|XAUUSD|5|0|-1|1778019300|1778019300,1.37,1.37,True,4559.58219,4559.582189781021,0.0,True,1.845694,1.8456941870570307,0.0,True,488.02,-2.74,0.0,485.28
P4_SR3,607,MSZZC1|6:XAUUSD|1:5|1:1|1:4|40:MSZZ|XAUUSD|5|0|-1|1778025000|1778025300,0.23,0.23,True,4578.0787,4578.078695652173,0.0,True,1.650406,1.6504061982848337,0.0,True,438.81,-0.46,0.0,438.35
P4_SR3,603,MSZZC1|6:XAUUSD|1:5|2:-1|1:1|67:BO|XAUUSD|5|0|S|1777365300|MSZZ|XAUUSD|5|0|-1|1776744000|1776744000,0.02,0.02,True,4730.22,4730.22,0.0,True,-1.0,-1.0,0.0,True,-184.48,-0.04,4.14,-180.38
P4_SR3,611,MSZZC1|6:XAUUSD|1:5|1:1|1:1|66:BO|XAUUSD|5|0|L|1778612400|MSZZ|XAUUSD|5|0|1|1778033400|1778033400,0.02,0.02,True,4704.08,4704.08,0.0,True,0.314131,0.3141306417825142,0.0,True,65.98,-0.04,-0.92,65.02
P4_SR3,613,MSZZC1|6:XAUUSD|1:5|2:-1|1:1|67:BO|XAUUSD|5|0|S|1778700600|MSZZ|XAUUSD|5|0|-1|1778644800|1778644800,0.48,0.48,True,4687.58,4687.58,0.0,True,3.0,3.0,0.0,True,792.0,-0.96,0.0,791.04
P4_SR3,615,MSZZC1|6:XAUUSD|1:5|2:-1|1:1|67:BO|XAUUSD|5|0|S|1778731200|MSZZ|XAUUSD|5|0|-1|1778644800|1778644800,0.31,0.31,True,4673.05,4673.05,0.0,True,3.0,3.000000000000107,0.0,True,789.57,-0.62,0.0,788.95
P4_SR3,617,MSZZC1|6:XAUUSD|1:5|2:-1|1:1|67:BO|XAUUSD|5|0|S|1778745300|MSZZ|XAUUSD|5|0|-1|1778644800|1778644800,0.56,0.56,True,4688.07,4688.07,0.0,True,3.0,2.999999999999811,0.0,True,808.08,-1.12,0.0,806.96
P4_SR3,619,MSZZC1|6:XAUUSD|1:5|2:-1|1:1|67:BO|XAUUSD|5|0|S|1778756100|MSZZ|XAUUSD|5|0|-1|1778755800|1778755800,0.1,0.1,True,4695.72,4695.72,0.0,True,-0.09918,-0.09918000780944929,0.0,True,-25.4,-0.2,0.0,-25.6
P4_SR3,621,MSZZC1|6:XAUUSD|1:5|1:1|1:1|66:BO|XAUUSD|5|0|L|1778762400|MSZZ|XAUUSD|5|0|1|1778758500|1778758800,0.57,0.57,True,4691.0,4691.0,0.0,True,-1.0,-1.0,0.0,True,-269.04,-1.14,0.0,-270.18
P4_SR3,623,MSZZC1|6:XAUUSD|1:5|1:1|1:1|66:BO|XAUUSD|5|0|L|1778771400|MSZZ|XAUUSD|5|0|1|1778769900|1778769900,0.18,0.18,True,4697.44,4697.44,0.0,True,-0.451456,-0.4514563106796245,0.0,True,-117.18,-0.36,0.0,-117.54
P4_SR3,625,MSZZC1|6:XAUUSD|1:5|2:-1|1:1|67:BO|XAUUSD|5|0|S|1778774400|MSZZ|XAUUSD|5|0|-1|1778773200|1778773200,0.36,0.36,True,4704.85,4704.85,0.0,True,-1.0,-1.0,0.0,True,-266.76,-0.72,0.0,-267.48
P4_SR3,627,MSZZC1|6:XAUUSD|1:5|2:-1|1:1|67:BO|XAUUSD|5|0|S|1778775900|MSZZ|XAUUSD|5|0|-1|1778775300|1778775300,0.16,0.16,True,4639.53,4639.53,0.0,True,3.0,3.0000000000000555,0.0,True,783.84,-0.32,3.68,787.2
P4_SR3,629,MSZZC1|6:XAUUSD|1:5|1:1|1:4|40:MSZZ|XAUUSD|5|0|-1|1779467700|1779467700,0.45,0.45,True,4520.81911,4520.819111111112,0.0,True,0.228039,0.22803877703218237,0.0,True,61.16,-0.9,0.0,60.26
P4_SR3,632,MSZZC1|6:XAUUSD|1:5|2:-1|1:1|67:BO|XAUUSD|5|0|S|1779478500|MSZZ|XAUUSD|5|0|-1|1779467700|1779467700,0.37,0.37,True,4526.76,4526.76,0.0,True,-1.0,-1.0,0.0,True,-266.4,-0.74,0.0,-267.14
P4_SR3,634,MSZZC1|6:XAUUSD|1:5|2:-1|1:4|39:MSZZ|XAUUSD|5|0|1|1779480600|1779480900,0.34,0.34,True,4517.94,4517.94,0.0,True,0.276215,0.27621483375969874,0.0,True,73.44,-0.68,0.0,72.76
P4_SR3,637,MSZZC1|6:XAUUSD|1:5|2:-1|1:1|67:BO|XAUUSD|5|0|S|1779488400|MSZZ|XAUUSD|5|0|-1|1779487200|1779487200,0.21,0.21,True,4520.31,4520.31,0.0,True,-1.0,-1.0,0.0,True,-262.29,-0.42,14.49,-248.22
P4_SR3,639,MSZZC1|6:XAUUSD|1:5|1:1|1:1|66:BO|XAUUSD|5|0|L|1779671100|MSZZ|XAUUSD|5|0|1|1779670800|1779670800,0.05,0.05,True,4504.24,4504.24,0.0,True,-1.0,-1.0,0.0,True,-252.9,-0.1,-2.3,-255.3
P4_SR3,641,MSZZC1|6:XAUUSD|1:5|2:-1|1:1|67:BO|XAUUSD|5|0|S|1779815400|MSZZ|XAUUSD|5|0|-1|1779814200|1779814200,0.13,0.13,True,4531.34,4531.34,0.0,True,-1.0,-1.0,0.0,True,-264.81,-0.26,2.99,-262.08
P4_SR3,643,MSZZC1|6:XAUUSD|1:5|2:-1|1:4|39:MSZZ|XAUUSD|5|0|1|1779297300|1779297300,0.45,0.45,True,4506.15,4506.15,0.0,True,-1.0,-1.0,0.0,True,-266.4,-0.9,0.0,-267.3
P4_SR3,645,MSZZC1|6:XAUUSD|1:5|2:-1|1:1|67:BO|XAUUSD|5|0|S|1779873300|MSZZ|XAUUSD|5|0|-1|1779871200|1779871200,0.12,0.12,True,4426.52,4426.52,0.0,True,3.0,3.0000000000000435,0.0,True,755.28,-0.24,0.0,755.04
P4_SR3,647,MSZZC1|6:XAUUSD|1:5|1:1|1:1|66:BO|XAUUSD|5|0|L|1779997200|MSZZ|XAUUSD|5|0|1|1779996000|1779996000,1.56,1.56,True,4509.6,4509.6,0.0,True,3.0,3.0000000000005227,0.0,True,814.32,-3.12,0.0,811.2
P4_SR3,650,MSZZC1|6:XAUUSD|1:5|1:1|1:1|66:BO|XAUUSD|5|0|L|1780005000|MSZZ|XAUUSD|5|0|1|1779996000|1779996000,4.8,4.8,True,4502.64,4502.64,0.0,True,-1.0,-1.0,0.0,True,-273.6,-9.6,0.0,-283.2
P4_SR3,649,MSZZC1|6:XAUUSD|1:5|2:-1|1:4|39:MSZZ|XAUUSD|5|0|1|1779996000|1779996000,0.62,0.62,True,4498.36,4498.36,0.0,True,0.854214,0.85421412300677,0.0,True,232.5,-1.24,7.13,238.39
P4_SR3,654,MSZZC1|6:XAUUSD|1:5|1:1|1:4|40:MSZZ|XAUUSD|5|0|-1|1780012500|1780012500,0.63,0.63,True,4493.23,4493.23,0.0,True,-1.0,-1.0,0.0,True,-270.9,-1.26,0.0,-272.16
P4_SR3,656,MSZZC1|6:XAUUSD|1:5|2:-1|1:1|67:BO|XAUUSD|5|0|S|1780016700|MSZZ|XAUUSD|5|0|-1|1780012500|1780012500,0.16,0.16,True,4509.13,4509.13,0.0,True,-0.921744,-0.9217443249701608,0.0,True,-246.88,-0.32,0.0,-247.2
P4_SR3,658,MSZZC1|6:XAUUSD|1:5|1:1|1:1|66:BO|XAUUSD|5|0|L|1780027500|MSZZ|XAUUSD|5|0|1|1780027200|1780027200,0.42,0.42,True,4502.64,4502.64,0.0,True,-1.0,-1.0,0.0,True,-272.58,-0.84,0.0,-273.42
P4_SR3,660,MSZZC1|6:XAUUSD|1:5|1:1|1:1|66:BO|XAUUSD|5|0|L|1780030800|MSZZ|XAUUSD|5|0|1|1780027200|1780027200,0.33,0.33,True,4502.64,4502.64,0.0,True,-1.0,-1.0,0.0,True,-268.95,-0.66,0.0,-269.61
P4_SR3,662,MSZZC1|6:XAUUSD|1:5|1:1|1:1|66:BO|XAUUSD|5|0|L|1780077600|MSZZ|XAUUSD|5|0|1|1780027200|1780027200,0.05,0.05,True,4525.29,4525.29,0.0,True,-1.0,-1.0,0.0,True,-265.15,-0.1,-6.9,-272.15
P4_SR3,664,MSZZC1|6:XAUUSD|1:5|1:1|1:4|40:MSZZ|XAUUSD|5|0|-1|1780025700|1780026000,0.25,0.25,True,4497.3,4497.3,0.0,True,-0.380204,-0.3802035152636324,0.0,True,-102.75,-0.5,0.0,-103.25
P4_SR3,666,MSZZC1|6:XAUUSD|1:5|2:-1|1:4|39:MSZZ|XAUUSD|5|0|1|1780314000|1780314000,0.51,0.51,True,4502.52,4502.52,0.0,True,-1.0,-1.0,0.0,True,-266.22,-1.02,0.0,-267.24
P4_SR3,669,MSZZC1|6:XAUUSD|1:5|1:1|1:4|40:MSZZ|XAUUSD|5|0|-1|1780418100|1780418400,0.51,0.51,True,4501.62,4501.62,0.0,True,-1.0,-1.0,0.0,True,-265.71,-1.02,0.0,-266.73
P4_SR3,668,MSZZC1|6:XAUUSD|1:5|2:-1|1:1|67:BO|XAUUSD|5|0|S|1780419000|MSZZ|XAUUSD|5|0|-1|1780418100|1780418400,0.1,0.1,True,4425.27,4425.27,0.0,True,3.0,2.9999999999999654,0.0,True,792.6,-0.2,4.6,797.0
P4_SR3,672,MSZZC1|6:XAUUSD|1:5|1:1|1:1|66:BO|XAUUSD|5|0|L|1780540800|MSZZ|XAUUSD|5|0|1|1780538100|1780538100,0.08,0.08,True,4423.03,4423.03,0.0,True,-1.0,-1.0,0.0,True,-246.24,-0.16,-3.68,-250.08
P4_SR3,674,MSZZC1|6:XAUUSD|1:5|2:-1|1:1|67:BO|XAUUSD|5|0|S|1780971900|MSZZ|XAUUSD|5|0|-1|1780623900|1780623900,0.01,0.01,True,4326.73,4326.73,0.0,True,-0.038742,-0.03874217085297326,0.0,True,-6.0,-0.02,1.38,-4.64
P4_SR3,677,MSZZC1|6:XAUUSD|1:5|2:-1|1:4|39:MSZZ|XAUUSD|5|0|1|1781499600|1781499600,0.35,0.35,True,4331.21,4331.21,0.0,True,-1.0,-1.0,0.0,True,-263.55,-0.7,0.0,-264.25
P4_SR3,676,MSZZC1|6:XAUUSD|1:5|1:1|1:1|66:BO|XAUUSD|5|0|L|1781500200|MSZZ|XAUUSD|5|0|1|1781499600|1781499600,0.03,0.03,True,4237.77,4237.77,0.0,True,-1.0,-1.0,0.0,True,-266.88,-0.06,-2.76,-269.7
P4_SR3,681,MSZZC1|6:XAUUSD|1:5|2:-1|1:4|39:MSZZ|XAUUSD|5|0|1|1781884200|1781884200,0.21,0.21,True,4181.59,4181.59,0.0,True,-1.0,-1.0,0.0,True,-259.77,-0.42,0.0,-260.19
P4_SR3,680,MSZZC1|6:XAUUSD|1:5|1:1|1:1|66:BO|XAUUSD|5|0|L|1781884500|MSZZ|XAUUSD|5|0|1|1781884200|1781884200,0.08,0.08,True,4156.9,4156.9,0.0,True,-0.701842,-0.701842023103361,0.0,True,-179.84,-0.16,0.0,-180.0
P4_SR3,684,MSZZC1|6:XAUUSD|1:5|2:-1|1:1|67:BO|XAUUSD|5|0|S|1781887500|MSZZ|XAUUSD|5|0|-1|1781869800|1781870400,0.1,0.1,True,4151.47,4151.47,0.0,True,0.219927,0.21992709599024987,0.0,True,54.3,-0.2,0.0,54.1
P4_SR3,687,MSZZC1|6:XAUUSD|1:5|2:-1|1:4|39:MSZZ|XAUUSD|5|0|1|1781892000|1781892000,0.98,0.98,True,4149.805,4149.805,0.0,True,0.602564,0.602564102563825,0.0,True,161.21,-1.96,0.0,159.25
P4_SR3,686,MSZZC1|6:XAUUSD|1:5|1:1|1:1|66:BO|XAUUSD|5|0|L|1781892900|MSZZ|XAUUSD|5|0|1|1781892000|1781892000,0.29,0.29,True,4147.29,4147.29,0.0,True,-0.461369,-0.4613686534216453,0.0,True,-121.22,-0.58,0.0,-121.8
P4_SR3,691,MSZZC1|6:XAUUSD|1:5|2:-1|1:1|67:BO|XAUUSD|5|0|S|1781895600|MSZZ|XAUUSD|5|0|-1|1781894400|1781894700,0.38,0.38,True,4154.18,4154.18,0.0,True,-1.0,-1.0,0.0,True,-261.82,-0.76,0.0,-262.58
P4_SR3,693,MSZZC1|6:XAUUSD|1:5|1:1|1:4|40:MSZZ|XAUUSD|5|0|-1|1781845500|1781845500,0.1,0.1,True,4184.36,4184.36,0.0,True,-0.638103,-0.6381025248661087,0.0,True,-166.8,-0.2,0.0,-167.0
P4_SR3,695,MSZZC1|6:XAUUSD|1:5|2:-1|1:4|39:MSZZ|XAUUSD|5|0|1|1782100200|1782100200,0.25,0.25,True,4195.01,4195.01,0.0,True,-1.0,-1.0,0.0,True,-266.25,-0.5,0.0,-266.75
P4_SR3,698,MSZZC1|6:XAUUSD|1:5|1:1|1:4|40:MSZZ|XAUUSD|5|0|-1|1782124200|1782124200,0.16,0.16,True,4192.2,4192.2,0.0,True,-1.0,-1.0,0.0,True,-263.2,-0.32,0.0,-263.52
P4_SR3,697,MSZZC1|6:XAUUSD|1:5|2:-1|1:1|67:BO|XAUUSD|5|0|S|1782108900|MSZZ|XAUUSD|5|0|-1|1782108600|1782108600,0.02,0.02,True,4034.32,4034.32,0.0,True,1.0647,1.064700142610526,0.0,True,283.7,-0.04,4.14,287.8
P4_SR3,701,MSZZC1|6:XAUUSD|1:5|1:1|1:1|66:BO|XAUUSD|5|0|L|1782917100|MSZZ|XAUUSD|5|0|1|1782916800|1782916800,0.44,0.44,True,4028.28,4028.28,0.0,True,-1.0,-1.0,0.0,True,-265.76,-0.88,0.0,-266.64
P4_SR3,704,MSZZC1|6:XAUUSD|1:5|2:-1|1:4|39:MSZZ|XAUUSD|5|0|1|1782922500|1782922500,0.26,0.26,True,4039.63,4039.6300000000006,0.0,True,-1.0,-1.0000000000000446,0.0,True,-264.68,-0.52,5.98,-259.22
P4_SR3,703,MSZZC1|6:XAUUSD|1:5|1:1|1:1|66:BO|XAUUSD|5|0|L|1782923100|MSZZ|XAUUSD|5|0|1|1782922800|1782922800,0.07,0.07,True,4149.23,4149.23,0.0,True,3.0,3.0,0.0,True,715.68,-0.14,-6.44,709.1
P4_SR3,708,MSZZC1|6:XAUUSD|1:5|2:-1|1:4|39:MSZZ|XAUUSD|5|0|1|1783659900|1783659900,0.56,0.56,True,4116.76,4116.76,0.0,True,1.326316,1.3263157894737225,0.0,True,352.8,-1.12,0.0,351.68
P4_SR3,707,MSZZC1|6:XAUUSD|1:5|1:1|1:1|66:BO|XAUUSD|5|0|L|1783586100|MSZZ|XAUUSD|5|0|1|1783584600|1783584600,0.04,0.04,True,4021.81,4021.81,0.0,True,-1.0,-1.0,0.0,True,-217.04,-0.08,-7.36,-224.48
P4_SR3,713,MSZZC1|6:XAUUSD|1:5|1:1|1:4|40:MSZZ|XAUUSD|5|0|-1|1784142900|1784142900,0.33,0.33,True,4049.59667,4049.5966666666664,0.0,True,1.752094,1.7520938023449997,0.0,True,460.24,-0.66,0.0,459.58
P4_SR3,712,MSZZC1|6:XAUUSD|1:5|2:-1|1:1|67:BO|XAUUSD|5|0|S|1784059800|MSZZ|XAUUSD|5|0|-1|1783458900|1783459200,0.05,0.05,True,4055.04,4055.04,0.0,True,0.035406,0.035405872193434086,0.0,True,8.2,-0.1,1.15,9.25
P4_SR3,717,MSZZC1|6:XAUUSD|1:5|1:1|1:1|66:BO|XAUUSD|5|0|L|1784147400|MSZZ|XAUUSD|5|0|1|1784147100|1784147100,0.09,0.09,True,4040.84,4040.8399999999997,0.0,True,-0.505518,-0.5055179779280954,0.0,True,-127.8,-0.18,-4.14,-132.12
P4_SR3,720,MSZZC1|6:XAUUSD|1:5|1:1|1:4|40:MSZZ|XAUUSD|5|0|-1|1784178900|1784179200,0.35,0.35,True,4035.45,4035.45,0.0,True,0.48285,0.4828496042216213,0.0,True,128.1,-0.7,0.0,127.4
P4_SR3,722,MSZZC1|6:XAUUSD|1:5|1:1|1:4|40:MSZZ|XAUUSD|5|0|-1|1784196600|1784196600,0.81,0.81,True,4031.8984,4031.898395061728,0.0,True,1.676252,1.6762522845100323,0.0,True,449.42,-1.62,0.0,447.8
P4_SR3,725,MSZZC1|6:XAUUSD|1:5|1:1|1:4|40:MSZZ|XAUUSD|5|0|-1|1784204700|1784204700,1.74,1.74,True,4032.65,4032.6499999999996,0.0,True,0.348387,0.3483870967738358,0.0,True,93.96,-3.48,0.0,90.48
P4_SR3,728,MSZZC1|6:XAUUSD|1:5|1:1|1:4|40:MSZZ|XAUUSD|5|0|-1|1784209200|1784209200,0.16,0.16,True,4033.31,4033.31,0.0,True,-0.395639,-0.39563862928349014,0.0,True,-101.6,-0.32,0.0,-101.92
P4_SR3,719,MSZZC1|6:XAUUSD|1:5|2:-1|1:1|67:BO|XAUUSD|5|0|S|1784175300|MSZZ|XAUUSD|5|0|-1|1784142900|1784142900,0.36,0.36,True,4018.79,4018.7900000000004,0.0,True,3.0,3.0,0.0,True,793.8,-0.72,0.0,793.08
P4_SR3,731,MSZZC1|6:XAUUSD|1:5|2:-1|1:1|67:BO|XAUUSD|5|0|S|1784216400|MSZZ|XAUUSD|5|0|-1|1784214900|1784214900,0.06,0.06,True,4027.63,4027.63,0.0,True,-0.628658,-0.6286579212916285,0.0,True,-149.52,-0.12,6.9,-142.74
P4_SR3,733,MSZZC1|6:XAUUSD|1:5|1:1|1:1|66:BO|XAUUSD|5|0|L|1784606700|MSZZ|XAUUSD|5|0|1|1784605800|1784606400,0.61,0.61,True,4023.23,4023.2299999999996,0.0,True,-1.0,-1.0000000000001033,0.0,True,-268.4,-1.22,0.0,-269.62
