cluster_id;strategy_id;symbol;timeframe;direction;signal_time;fill_time;close_time;entry;stop;target;exit;exit_reason;r_result;mfe_r;mae_r;bars_held;session
MSZZC1|6:XAUUSD|1:5|1:1|1:2|66:BO|XAUUSD|5|1|L|1741087500|MSZZ|XAUUSD|5|1|1|1741084500|1741085100;1012;XAUUSD;PERIOD_M5;LONG;2025.03.04 11:25:00;2025.03.04 11:30:00;2025.03.04 16:35:00;2920.10000000;2910.48000000;2939.34000000;2914.12000000;OTHER;-0.6216;0.8046;-0.9834;61;London
MSZZC1|6:XAUUSD|1:5|2:-1|1:2|67:BO|XAUUSD|5|1|S|1741105800|MSZZ|XAUUSD|5|1|-1|1741091400|1741093500;1012;XAUUSD;PERIOD_M5;SHORT;2025.03.04 16:30:00;2025.03.04 16:35:00;2025.03.04 21:10:00;2914.12000000;2923.79000000;2894.78000000;2914.31000000;OTHER;-0.0196;1.4333;-0.2358;55;NewYork
MSZZC1|6:XAUUSD|1:5|1:1|1:2|66:BO|XAUUSD|5|1|L|1741122300|MSZZ|XAUUSD|5|1|1|1741115400|1741118100;1012;XAUUSD;PERIOD_M5;LONG;2025.03.04 21:05:00;2025.03.04 21:10:00;2025.03.04 23:20:00;2914.31000000;2911.03000000;2920.87000000;2914.75000000;OTHER;0.1341;1.9116;-0.7530;26;NewYork
MSZZC1|6:XAUUSD|1:5|2:-1|1:2|67:BO|XAUUSD|5|1|S|1741130100|MSZZ|XAUUSD|5|1|-1|1741128000|1741128900;1012;XAUUSD;PERIOD_M5;SHORT;2025.03.04 23:15:00;2025.03.04 23:20:00;2025.03.04 23:50:00;2914.75000000;2918.44000000;2907.37000000;2917.72000000;OTHER;-0.8049;0.4201;-0.8482;6;NewYork
MSZZC1|6:XAUUSD|1:5|1:1|1:2|66:BO|XAUUSD|5|1|L|1741131900|MSZZ|XAUUSD|5|1|1|1741129200|1741130100;1012;XAUUSD;PERIOD_M5;LONG;2025.03.04 23:45:00;2025.03.04 23:50:00;2025.03.05 02:04:58;2917.72000000;2913.20000000;2926.76000000;2913.20000000;SL;-1.0000;0.1482;-1.1792;26;NewYork
MSZZC1|6:XAUUSD|1:5|1:1|1:2|66:BO|XAUUSD|5|1|L|1741153500|MSZZ|XAUUSD|5|1|1|1741148100|1741148700;1012;XAUUSD;PERIOD_M5;LONG;2025.03.05 05:45:00;2025.03.05 05:50:00;2025.03.05 07:40:00;2913.14000000;2902.06000000;2935.30000000;2911.98000000;OTHER;-0.1047;0.0181;-0.4152;22;Asian
MSZZC1|6:XAUUSD|1:5|2:-1|1:2|67:BO|XAUUSD|5|1|S|1741160100|MSZZ|XAUUSD|5|1|-1|1741157700|1741159500;1012;XAUUSD;PERIOD_M5;SHORT;2025.03.05 07:35:00;2025.03.05 07:40:00;2025.03.05 07:45:00;2911.98000000;2913.45000000;2909.04000000;2913.38000000;OTHER;-0.9524;0.0000;-2.5510;1;Asian
MSZZC1|6:XAUUSD|1:5|1:1|1:2|66:BO|XAUUSD|5|1|L|1741160400|MSZZ|XAUUSD|5|1|1|1741153500|1741157700;1012;XAUUSD;PERIOD_M5;LONG;2025.03.05 07:40:00;2025.03.05 07:45:00;2025.03.05 08:19:58;2913.38000000;2909.74000000;2920.66000000;2920.66000000;TP;2.0000;2.2775;-0.1374;6;Asian
MSZZC1|6:XAUUSD|1:5|1:1|1:2|66:BO|XAUUSD|5|1|L|1741164000|MSZZ|XAUUSD|5|1|1|1741160700|1741160700;1012;XAUUSD;PERIOD_M5;LONG;2025.03.05 08:40:00;2025.03.05 08:45:00;2025.03.05 12:59:58;2917.75000000;2909.74000000;2933.77000000;2909.74000000;SL;-1.0000;0.5993;-1.0886;50;London
MSZZC1|6:XAUUSD|1:5|1:1|1:2|66:BO|XAUUSD|5|1|L|1741183800|MSZZ|XAUUSD|5|1|1|1741182300|1741182600;1012;XAUUSD;PERIOD_M5;LONG;2025.03.05 14:10:00;2025.03.05 14:15:00;2025.03.05 15:34:58;2918.06000000;2909.03000000;2936.12000000;2909.03000000;SL;-1.0000;0.1373;-1.2713;15;London
MSZZC1|6:XAUUSD|1:5|2:-1|1:2|67:BO|XAUUSD|5|1|S|1741189200|MSZZ|XAUUSD|5|1|-1|1741188600|1741188600;1012;XAUUSD;PERIOD_M5;SHORT;2025.03.05 15:40:00;2025.03.05 15:45:00;2025.03.05 16:44:57;2899.88000000;2917.24000000;2865.16000000;2917.24000000;SL;-1.0000;0.3404;-0.9988;11;London
MSZZC1|6:XAUUSD|1:5|1:1|1:2|66:BO|XAUUSD|5|1|L|1741195200|MSZZ|XAUUSD|5|1|1|1741182300|1741182600;1012;XAUUSD;PERIOD_M5;LONG;2025.03.05 17:20:00;2025.03.05 17:25:00;2025.03.06 03:00:00;2919.42000000;2906.58000000;2945.10000000;2916.81000000;OTHER;-0.2033;0.8294;-0.6347;115;NewYork
MSZZC1|6:XAUUSD|1:5|2:-1|1:2|67:BO|XAUUSD|5|1|S|1741229700|MSZZ|XAUUSD|5|1|-1|1741222800|1741222800;1012;XAUUSD;PERIOD_M5;SHORT;2025.03.06 02:55:00;2025.03.06 03:00:00;2025.03.06 03:34:58;2916.81000000;2920.30000000;2909.83000000;2920.30000000;SL;-1.0000;0.2579;-0.9885;6;Asian
MSZZC1|6:XAUUSD|1:5|1:1|1:2|66:BO|XAUUSD|5|1|L|1741231800|MSZZ|XAUUSD|5|1|1|1741227300|1741227600;1012;XAUUSD;PERIOD_M5;LONG;2025.03.06 03:30:00;2025.03.06 03:35:00;2025.03.06 07:04:58;2919.83000000;2915.91000000;2927.67000000;2915.91000000;SL;-1.0000;1.7092;-1.0995;41;Asian
MSZZC1|6:XAUUSD|1:5|2:-1|1:2|67:BO|XAUUSD|5|1|S|1741245600|MSZZ|XAUUSD|5|1|-1|1741230000|1741230000;1012;XAUUSD;PERIOD_M5;SHORT;2025.03.06 07:20:00;2025.03.06 07:25:00;2025.03.06 08:05:00;2915.44000000;2926.53000000;2893.26000000;2921.01000000;OTHER;-0.5023;0.0830;-0.6682;8;Asian
MSZZC1|6:XAUUSD|1:5|1:1|1:2|66:BO|XAUUSD|5|1|L|1741248000|MSZZ|XAUUSD|5|1|1|1741247700|1741247700;1012;XAUUSD;PERIOD_M5;LONG;2025.03.06 08:00:00;2025.03.06 08:05:00;2025.03.06 09:34:58;2921.01000000;2914.52000000;2933.99000000;2914.52000000;SL;-1.0000;0.3190;-1.1310;17;London
MSZZC1|6:XAUUSD|1:5|2:-1|1:2|67:BO|XAUUSD|5|1|S|1741254900|MSZZ|XAUUSD|5|1|-1|1741253700|1741254000;1012;XAUUSD;PERIOD_M5;SHORT;2025.03.06 09:55:00;2025.03.06 10:00:00;2025.03.06 13:35:00;2910.17000000;2920.71000000;2889.09000000;2906.96000000;OTHER;0.3046;1.8065;-0.1167;43;London
MSZZC1|6:XAUUSD|1:5|1:1|1:2|66:BO|XAUUSD|5|1|L|1741267800|MSZZ|XAUUSD|5|1|1|1741264500|1741265700;1012;XAUUSD;PERIOD_M5;LONG;2025.03.06 13:30:00;2025.03.06 13:35:00;2025.03.06 14:05:00;2906.96000000;2898.60000000;2923.68000000;2904.78000000;OTHER;-0.2608;0.0419;-0.4856;6;London
MSZZC1|6:XAUUSD|1:5|2:-1|1:2|67:BO|XAUUSD|5|1|S|1741269600|MSZZ|XAUUSD|5|1|-1|1741266000|1741266300;1012;XAUUSD;PERIOD_M5;SHORT;2025.03.06 14:00:00;2025.03.06 14:05:00;2025.03.06 14:09:57;2904.78000000;2905.21000000;2903.92000000;2905.21000000;SL;-1.0000;2.6977;-2.1860;0;London
MSZZC1|6:XAUUSD|1:5|1:1|1:2|66:BO|XAUUSD|5|1|L|1741270800|MSZZ|XAUUSD|5|1|1|1741264500|1741265700;1012;XAUUSD;PERIOD_M5;LONG;2025.03.06 14:20:00;2025.03.06 14:25:00;2025.03.06 17:04:58;2905.69000000;2898.60000000;2919.87000000;2919.87000000;TP;2.0000;2.4062;-0.9140;31;London
MSZZC1|6:XAUUSD|1:5|2:-1|1:2|67:BO|XAUUSD|5|1|S|1741339200|MSZZ|XAUUSD|5|1|-1|1741337400|1741338000;1012;XAUUSD;PERIOD_M5;SHORT;2025.03.07 09:20:00;2025.03.07 09:25:00;2025.03.07 09:44:58;2912.72000000;2914.84000000;2908.48000000;2914.84000000;SL;-1.0000;0.5283;-1.2217;3;London
MSZZC1|6:XAUUSD|1:5|2:-1|1:2|67:BO|XAUUSD|5|1|S|1741342200|MSZZ|XAUUSD|5|1|-1|1741337400|1741338000;1012;XAUUSD;PERIOD_M5;SHORT;2025.03.07 10:10:00;2025.03.07 10:15:00;2025.03.07 10:24:58;2916.63000000;2919.37000000;2911.15000000;2919.37000000;SL;-1.0000;0.0255;-1.1606;1;London
MSZZC1|6:XAUUSD|1:5|1:1|1:2|66:BO|XAUUSD|5|1|L|1741344300|MSZZ|XAUUSD|5|1|1|1741341900|1741342200;1012;XAUUSD;PERIOD_M5;LONG;2025.03.07 10:45:00;2025.03.07 10:50:00;2025.03.07 15:29:57;2921.74000000;2910.85000000;2943.52000000;2910.85000000;SL;-1.0000;0.1221;-1.0459;55;London
MSZZC1|6:XAUUSD|1:5|1:1|1:2|66:BO|XAUUSD|5|1|L|1741690200|MSZZ|XAUUSD|5|1|1|1741689000|1741689000;1012;XAUUSD;PERIOD_M5;LONG;2025.03.11 10:50:00;2025.03.11 10:55:00;2025.03.11 16:44:58;2902.54000000;2895.93000000;2915.76000000;2915.76000000;TP;2.0000;2.0454;-0.7534;69;London
MSZZC1|6:XAUUSD|1:5|2:-1|1:2|67:BO|XAUUSD|5|1|S|1742576700|MSZZ|XAUUSD|5|1|-1|1742270400|1742271600;1012;XAUUSD;PERIOD_M5;SHORT;2025.03.21 17:05:00;2025.03.21 17:10:00;2025.03.21 17:24:58;2999.71000000;3008.80000000;2981.53000000;3008.80000000;SL;-1.0000;0.0187;-1.0726;2;NewYork
MSZZC1|6:XAUUSD|1:5|1:1|1:2|66:BO|XAUUSD|5|1|L|1742592300|MSZZ|XAUUSD|5|1|1|1742588100|1742589900;1012;XAUUSD;PERIOD_M5;LONG;2025.03.21 21:25:00;2025.03.21 21:30:00;2025.03.24 01:05:00;3019.14000000;3012.92000000;3031.58000000;3023.39000000;OTHER;0.6833;0.9807;-0.5161;619;NewYork
MSZZC1|6:XAUUSD|1:5|2:-1|1:2|67:BO|XAUUSD|5|1|S|1742778000|MSZZ|XAUUSD|5|1|-1|1742594400|1742594700;1012;XAUUSD;PERIOD_M5;SHORT;2025.03.24 01:00:00;2025.03.24 01:05:00;2025.03.24 01:19:58;3023.39000000;3025.24000000;3019.69000000;3025.24000000;SL;-1.0000;0.7027;-1.3568;2;Asian
MSZZC1|6:XAUUSD|1:5|1:1|1:2|66:BO|XAUUSD|5|1|L|1742778900|MSZZ|XAUUSD|5|1|1|1742778000|1742778000;1012;XAUUSD;PERIOD_M5;LONG;2025.03.24 01:15:00;2025.03.24 01:20:00;2025.03.24 05:49:58;3025.87000000;3015.93000000;3045.75000000;3015.93000000;SL;-1.0000;0.0433;-1.2324;53;Asian
MSZZC1|6:XAUUSD|1:5|2:-1|1:2|67:BO|XAUUSD|5|1|S|1742803200|MSZZ|XAUUSD|5|1|-1|1742798100|1742800800;1012;XAUUSD;PERIOD_M5;SHORT;2025.03.24 08:00:00;2025.03.24 08:05:00;2025.03.24 08:09:58;3019.13000000;3019.82000000;3017.75000000;3019.82000000;SL;-1.0000;0.0145;-4.6377;0;London
MSZZC1|6:XAUUSD|1:5|1:1|1:2|66:BO|XAUUSD|5|1|L|1742920500|MSZZ|XAUUSD|5|1|1|1742913000|1742913600;1012;XAUUSD;PERIOD_M5;LONG;2025.03.25 16:35:00;2025.03.25 16:40:00;2025.03.25 18:34:57;3028.03000000;3018.62000000;3046.85000000;3018.62000000;SL;-1.0000;0.8459;-1.0616;22;NewYork
MSZZC1|6:XAUUSD|1:5|1:1|1:2|66:BO|XAUUSD|5|1|L|1742936100|MSZZ|XAUUSD|5|1|1|1742931900|1742932800;1012;XAUUSD;PERIOD_M5;LONG;2025.03.25 20:55:00;2025.03.25 21:00:00;2025.03.25 21:24:57;3022.85000000;3019.82000000;3028.91000000;3019.82000000;SL;-1.0000;0.0132;-1.2409;4;NewYork
MSZZC1|6:XAUUSD|1:5|1:1|1:2|66:BO|XAUUSD|5|1|L|1743081600|MSZZ|XAUUSD|5|1|1|1743081300|1743081300;1012;XAUUSD;PERIOD_M5;LONG;2025.03.27 13:20:00;2025.03.27 13:25:00;2025.03.27 16:14:58;3050.92000000;3045.75000000;3061.26000000;3045.75000000;SL;-1.0000;0.9749;-1.1567;33;London
MSZZC1|6:XAUUSD|1:5|1:1|1:2|66:BO|XAUUSD|5|1|L|1743096600|MSZZ|XAUUSD|5|1|1|1743081300|1743081300;1012;XAUUSD;PERIOD_M5;LONG;2025.03.27 17:30:00;2025.03.27 17:35:00;2025.03.31 01:04:58;3051.43000000;3033.44000000;3087.41000000;3087.41000000;TP;2.0000;2.3457;-0.2046;953;NewYork
MSZZC1|6:XAUUSD|1:5|1:1|1:2|66:BO|XAUUSD|5|1|L|1743698400|MSZZ|XAUUSD|5|1|1|1743698100|1743698100;1012;XAUUSD;PERIOD_M5;LONG;2025.04.03 16:40:00;2025.04.03 16:45:00;2025.04.04 17:04:57;3086.85000000;3054.02000000;3152.51000000;3054.02000000;SL;-1.0000;1.5126;-1.0353;291;NewYork
MSZZC1|6:XAUUSD|1:5|2:-1|1:2|67:BO|XAUUSD|5|1|S|1743791400|MSZZ|XAUUSD|5|1|-1|1743789000|1743789000;1012;XAUUSD;PERIOD_M5;SHORT;2025.04.04 18:30:00;2025.04.04 18:35:00;2025.04.07 08:20:00;3024.48000000;3085.26000000;2902.92000000;3038.25000000;OTHER;-0.2266;0.8936;-0.5133;741;NewYork
MSZZC1|6:XAUUSD|1:5|1:1|1:2|66:BO|XAUUSD|5|1|L|1744013700|MSZZ|XAUUSD|5|1|1|1744012800|1744013400;1012;XAUUSD;PERIOD_M5;LONG;2025.04.07 08:15:00;2025.04.07 08:20:00;2025.04.07 09:29:58;3038.25000000;3016.82000000;3081.11000000;3016.82000000;SL;-1.0000;0.2916;-1.0079;13;London
MSZZC1|6:XAUUSD|1:5|1:1|1:2|66:BO|XAUUSD|5|1|L|1744021200|MSZZ|XAUUSD|5|1|1|1744012800|1744013400;1012;XAUUSD;PERIOD_M5;LONG;2025.04.07 10:20:00;2025.04.07 10:25:00;2025.04.07 10:59:58;3025.70000000;3016.65000000;3043.80000000;3016.65000000;SL;-1.0000;0.3757;-1.0840;6;London
MSZZC1|6:XAUUSD|1:5|2:-1|1:2|67:BO|XAUUSD|5|1|S|1744047300|MSZZ|XAUUSD|5|1|-1|1743777900|1743778500;1012;XAUUSD;PERIOD_M5;SHORT;2025.04.07 17:35:00;2025.04.07 17:40:00;2025.04.10 05:10:00;2998.26000000;3114.87000000;2765.04000000;3112.83000000;OTHER;-0.9825;0.3609;-0.9849;714;NewYork
MSZZC1|6:XAUUSD|1:5|1:1|1:2|66:BO|XAUUSD|5|1|L|1744261500|MSZZ|XAUUSD|5|1|1|1743773400|1743773400;1012;XAUUSD;PERIOD_M5;LONG;2025.04.10 05:05:00;2025.04.10 05:10:00;2025.04.10 08:40:00;3112.83000000;3095.40000000;3147.69000000;3118.67000000;OTHER;0.3351;1.1343;-0.5376;42;Asian
MSZZC1|6:XAUUSD|1:5|2:-1|1:2|67:BO|XAUUSD|5|1|S|1744274100|MSZZ|XAUUSD|5|1|-1|1744270800|1744272000;1012;XAUUSD;PERIOD_M5;SHORT;2025.04.10 08:35:00;2025.04.10 08:40:00;2025.04.10 10:25:00;3118.67000000;3132.60000000;3090.81000000;3122.97000000;OTHER;-0.3087;0.4228;-0.5456;21;London
MSZZC1|6:XAUUSD|1:5|1:1|1:2|66:BO|XAUUSD|5|1|L|1744280400|MSZZ|XAUUSD|5|1|1|1744276200|1744279500;1012;XAUUSD;PERIOD_M5;LONG;2025.04.10 10:20:00;2025.04.10 10:25:00;2025.04.10 10:34:58;3122.97000000;3112.78000000;3143.35000000;3112.78000000;SL;-1.0000;-0.0157;-1.1276;1;London
MSZZC1|6:XAUUSD|1:5|1:1|1:2|66:BO|XAUUSD|5|1|L|1744284000|MSZZ|XAUUSD|5|1|1|1744276200|1744279500;1012;XAUUSD;PERIOD_M5;LONG;2025.04.10 11:20:00;2025.04.10 11:25:00;2025.04.10 11:34:57;3115.10000000;3106.57000000;3132.16000000;3106.57000000;SL;-1.0000;0.0516;-1.0703;1;London
MSZZC1|6:XAUUSD|1:5|1:1|1:2|66:BO|XAUUSD|5|1|L|1744285200|MSZZ|XAUUSD|5|1|1|1744282200|1744284600;1012;XAUUSD;PERIOD_M5;LONG;2025.04.10 11:40:00;2025.04.10 11:45:00;2025.04.10 11:59:58;3112.12000000;3106.57000000;3123.22000000;3106.57000000;SL;-1.0000;0.2523;-1.3225;2;London
MSZZC1|6:XAUUSD|1:5|1:1|1:2|66:BO|XAUUSD|5|1|L|1744287300|MSZZ|XAUUSD|5|1|1|1744282200|1744284600;1012;XAUUSD;PERIOD_M5;LONG;2025.04.10 12:15:00;2025.04.10 12:20:00;2025.04.10 12:34:58;3108.40000000;3106.57000000;3112.06000000;3106.57000000;SL;-1.0000;1.5301;-1.7650;2;London
MSZZC1|6:XAUUSD|1:5|1:1|1:2|66:BO|XAUUSD|5|1|L|1744297500|MSZZ|XAUUSD|5|1|1|1744291500|1744293000;1012;XAUUSD;PERIOD_M5;LONG;2025.04.10 15:05:00;2025.04.10 15:10:00;2025.04.10 15:40:00;3128.67000000;3113.14000000;3159.73000000;3117.18000000;OTHER;-0.7399;0.3374;-0.7959;6;London
MSZZC1|6:XAUUSD|1:5|2:-1|1:2|67:BO|XAUUSD|5|1|S|1744299300|MSZZ|XAUUSD|5|1|-1|1744293900|1744295100;1012;XAUUSD;PERIOD_M5;SHORT;2025.04.10 15:35:00;2025.04.10 15:40:00;2025.04.10 16:24:58;3117.18000000;3133.91000000;3083.72000000;3133.91000000;SL;-1.0000;0.0520;-1.1632;8;London
MSZZC1|6:XAUUSD|1:5|2:-1|1:2|67:BO|XAUUSD|5|1|S|1744302600|MSZZ|XAUUSD|5|1|-1|1744293900|1744295100;1012;XAUUSD;PERIOD_M5;SHORT;2025.04.10 16:30:00;2025.04.10 16:35:00;2025.04.10 17:04:58;3121.26000000;3133.91000000;3095.96000000;3133.91000000;SL;-1.0000;0.4111;-1.1059;5;NewYork
MSZZC1|6:XAUUSD|1:5|1:1|1:2|66:BO|XAUUSD|5|1|L|1744305300|MSZZ|XAUUSD|5|1|1|1744299000|1744299000;1012;XAUUSD;PERIOD_M5;LONG;2025.04.10 17:15:00;2025.04.10 17:20:00;2025.04.11 03:34:58;3144.10000000;3116.06000000;3200.18000000;3200.18000000;TP;2.0000;2.0528;-0.0118;122;NewYork
MSZZC1|6:XAUUSD|1:5|1:1|1:2|66:BO|XAUUSD|5|1|L|1744342200|MSZZ|XAUUSD|5|1|1|1744322400|1744322700;1012;XAUUSD;PERIOD_M5;LONG;2025.04.11 03:30:00;2025.04.11 03:35:00;2025.04.16 11:04:58;3201.50000000;3151.54000000;3301.42000000;3301.42000000;TP;2.0000;2.1125;-0.2874;1529;Asian
MSZZC1|6:XAUUSD|1:5|1:1|1:2|66:BO|XAUUSD|5|1|L|1745468400|MSZZ|XAUUSD|5|1|1|1745468100|1745468100;1012;XAUUSD;PERIOD_M5;LONG;2025.04.24 04:20:00;2025.04.24 04:25:00;2025.04.24 06:24:57;3361.04000000;3327.89000000;3427.34000000;3327.89000000;SL;-1.0000;0.1922;-1.0389;23;Asian
MSZZC1|6:XAUUSD|1:5|2:-1|1:2|67:BO|XAUUSD|5|1|S|1745486100|MSZZ|XAUUSD|5|1|-1|1745483400|1745483700;1012;XAUUSD;PERIOD_M5;SHORT;2025.04.24 09:15:00;2025.04.24 09:20:00;2025.04.24 10:04:58;3318.16000000;3331.71000000;3291.06000000;3331.71000000;SL;-1.0000;0.2066;-1.3004;8;London
MSZZC1|6:XAUUSD|1:5|1:1|1:2|66:BO|XAUUSD|5|1|L|1745495100|MSZZ|XAUUSD|5|1|1|1745488800|1745488800;1012;XAUUSD;PERIOD_M5;LONG;2025.04.24 11:45:00;2025.04.24 11:50:00;2025.04.24 15:45:00;3339.73000000;3323.11000000;3372.97000000;3338.00000000;OTHER;-0.1041;0.2948;-0.8550;47;London
MSZZC1|6:XAUUSD|1:5|2:-1|1:2|67:BO|XAUUSD|5|1|S|1745509200|MSZZ|XAUUSD|5|1|-1|1745506500|1745508900;1012;XAUUSD;PERIOD_M5;SHORT;2025.04.24 15:40:00;2025.04.24 15:45:00;2025.04.24 16:24:57;3338.00000000;3343.89000000;3326.22000000;3326.22000000;TP;2.0000;2.1885;-0.5840;7;London
MSZZC1|6:XAUUSD|1:5|2:-1|1:2|67:BO|XAUUSD|5|1|S|1745512800|MSZZ|XAUUSD|5|1|-1|1745512200|1745512200;1012;XAUUSD;PERIOD_M5;SHORT;2025.04.24 16:40:00;2025.04.24 16:45:00;2025.04.24 20:15:00;3316.49000000;3344.63000000;3260.21000000;3334.22000000;OTHER;-0.6301;0.3443;-0.7242;42;NewYork
MSZZC1|6:XAUUSD|1:5|1:1|1:2|66:BO|XAUUSD|5|1|L|1745525400|MSZZ|XAUUSD|5|1|1|1745521800|1745523000;1012;XAUUSD;PERIOD_M5;LONG;2025.04.24 20:10:00;2025.04.24 20:15:00;2025.04.24 23:10:00;3334.22000000;3322.50000000;3357.66000000;3338.20000000;OTHER;0.3396;1.0913;-0.1109;35;NewYork
MSZZC1|6:XAUUSD|1:5|2:-1|1:2|67:BO|XAUUSD|5|1|S|1745535900|MSZZ|XAUUSD|5|1|-1|1745532000|1745533200;1012;XAUUSD;PERIOD_M5;SHORT;2025.04.24 23:05:00;2025.04.24 23:10:00;2025.04.24 23:49:58;3338.20000000;3347.01000000;3320.58000000;3347.01000000;SL;-1.0000;0.0000;-1.1271;7;NewYork
MSZZC1|6:XAUUSD|1:5|1:1|1:2|66:BO|XAUUSD|5|1|L|1745544300|MSZZ|XAUUSD|5|1|1|1745535300|1745535300;1012;XAUUSD;PERIOD_M5;LONG;2025.04.25 01:25:00;2025.04.25 01:30:00;2025.04.25 06:54:58;3363.46000000;3333.46000000;3423.46000000;3333.46000000;SL;-1.0000;0.2437;-1.0017;64;Asian
MSZZC1|6:XAUUSD|1:5|2:-1|1:2|67:BO|XAUUSD|5|1|S|1745564700|MSZZ|XAUUSD|5|1|-1|1745564100|1745564100;1012;XAUUSD;PERIOD_M5;SHORT;2025.04.25 07:05:00;2025.04.25 07:10:00;2025.04.25 16:24:58;3321.62000000;3347.01000000;3270.84000000;3270.84000000;TP;2.0000;2.0429;-0.2178;110;Asian
MSZZC1|6:XAUUSD|1:5|1:1|1:2|66:BO|XAUUSD|5|1|L|1745875200|MSZZ|XAUUSD|5|1|1|1745872500|1745874000;1012;XAUUSD;PERIOD_M5;LONG;2025.04.28 21:20:00;2025.04.28 21:25:00;2025.04.29 01:19:58;3345.76000000;3333.99000000;3369.30000000;3333.99000000;SL;-1.0000;0.6168;-1.0994;46;NewYork
MSZZC1|6:XAUUSD|1:5|1:1|1:2|66:BO|XAUUSD|5|1|L|1745952600|MSZZ|XAUUSD|5|1|1|1745948100|1745951100;1012;XAUUSD;PERIOD_M5;LONG;2025.04.29 18:50:00;2025.04.29 18:55:00;2025.04.30 05:59:58;3313.64000000;3305.26000000;3330.40000000;3305.26000000;SL;-1.0000;1.9499;-1.0203;132;NewYork
MSZZC1|6:XAUUSD|1:5|2:-1|1:2|67:BO|XAUUSD|5|1|S|1745997600|MSZZ|XAUUSD|5|1|-1|1745985600|1745985600;1012;XAUUSD;PERIOD_M5;SHORT;2025.04.30 07:20:00;2025.04.30 07:25:00;2025.04.30 10:40:00;3301.66000000;3322.68000000;3259.62000000;3312.74000000;OTHER;-0.5271;0.0143;-0.6204;39;Asian
MSZZC1|6:XAUUSD|1:5|1:1|1:2|66:BO|XAUUSD|5|1|L|1746009300|MSZZ|XAUUSD|5|1|1|1746001800|1746002100;1012;XAUUSD;PERIOD_M5;LONG;2025.04.30 10:35:00;2025.04.30 10:40:00;2025.04.30 11:09:58;3312.74000000;3303.10000000;3332.02000000;3303.10000000;SL;-1.0000;0.1940;-1.1961;5;London
MSZZC1|6:XAUUSD|1:5|2:-1|1:2|67:BO|XAUUSD|5|1|S|1746011400|MSZZ|XAUUSD|5|1|-1|1746011100|1746011100;1012;XAUUSD;PERIOD_M5;SHORT;2025.04.30 11:10:00;2025.04.30 11:15:00;2025.04.30 16:39:58;3285.13000000;3314.61000000;3226.17000000;3314.61000000;SL;-1.0000;0.6130;-1.1713;64;London
MSZZC1|6:XAUUSD|1:5|1:1|1:2|66:BO|XAUUSD|5|1|L|1746030900|MSZZ|XAUUSD|5|1|1|1746009600|1746010500;1012;XAUUSD;PERIOD_M5;LONG;2025.04.30 16:35:00;2025.04.30 16:40:00;2025.04.30 17:04:58;3319.30000000;3301.21000000;3355.48000000;3301.21000000;SL;-1.0000;0.0221;-1.1404;4;NewYork
MSZZC1|6:XAUUSD|1:5|2:-1|1:2|67:BO|XAUUSD|5|1|S|1746034200|MSZZ|XAUUSD|5|1|-1|1746032400|1746033600;1012;XAUUSD;PERIOD_M5;SHORT;2025.04.30 17:30:00;2025.04.30 17:35:00;2025.04.30 18:00:00;3295.41000000;3313.67000000;3258.89000000;3310.01000000;OTHER;-0.7996;0.1336;-1.0542;5;NewYork
MSZZC1|6:XAUUSD|1:5|1:1|1:2|66:BO|XAUUSD|5|1|L|1746035700|MSZZ|XAUUSD|5|1|1|1746033600|1746034200;1012;XAUUSD;PERIOD_M5;LONG;2025.04.30 17:55:00;2025.04.30 18:00:00;2025.04.30 22:29:58;3310.01000000;3298.67000000;3332.69000000;3298.67000000;SL;-1.0000;0.4101;-1.0556;53;NewYork
MSZZC1|6:XAUUSD|1:5|2:-1|1:2|67:BO|XAUUSD|5|1|S|1746052500|MSZZ|XAUUSD|5|1|-1|1746032400|1746033600;1012;XAUUSD;PERIOD_M5;SHORT;2025.04.30 22:35:00;2025.04.30 22:40:00;2025.05.01 03:24:58;3294.74000000;3313.67000000;3256.88000000;3256.88000000;TP;2.0000;2.5943;-0.1696;56;NewYork
MSZZC1|6:XAUUSD|1:5|2:-1|1:2|67:BO|XAUUSD|5|1|S|1746168900|MSZZ|XAUUSD|5|1|-1|1746054000|1746054000;1012;XAUUSD;PERIOD_M5;SHORT;2025.05.02 06:55:00;2025.05.02 07:00:00;2025.05.05 13:04:57;3254.99000000;3313.67000000;3137.63000000;3313.67000000;SL;-1.0000;0.5487;-1.0264;936;Asian
MSZZC1|6:XAUUSD|1:5|1:1|1:2|66:BO|XAUUSD|5|1|L|1746459900|MSZZ|XAUUSD|5|1|1|1746458100|1746458100;1012;XAUUSD;PERIOD_M5;LONG;2025.05.05 15:45:00;2025.05.05 15:50:00;2025.05.05 17:04:57;3321.25000000;3311.38000000;3340.99000000;3311.38000000;SL;-1.0000;0.0436;-1.1540;14;London
MSZZC1|6:XAUUSD|1:5|1:1|1:2|66:BO|XAUUSD|5|1|L|1746464700|MSZZ|XAUUSD|5|1|1|1746463800|1746464400;1012;XAUUSD;PERIOD_M5;LONG;2025.05.05 17:05:00;2025.05.05 17:10:00;2025.05.05 17:19:58;3320.76000000;3311.93000000;3338.42000000;3311.93000000;SL;-1.0000;0.0997;-1.0487;1;NewYork
MSZZC1|6:XAUUSD|1:5|2:-1|1:2|67:BO|XAUUSD|5|1|S|1746468000|MSZZ|XAUUSD|5|1|-1|1746462900|1746463800;1012;XAUUSD;PERIOD_M5;SHORT;2025.05.05 18:00:00;2025.05.05 18:05:00;2025.05.05 20:55:00;3312.09000000;3319.72000000;3296.83000000;3315.70000000;OTHER;-0.4731;0.8427;-0.7982;34;NewYork
MSZZC1|6:XAUUSD|1:5|1:1|1:2|66:BO|XAUUSD|5|1|L|1746478200|MSZZ|XAUUSD|5|1|1|1746470700|1746471900;1012;XAUUSD;PERIOD_M5;LONG;2025.05.05 20:50:00;2025.05.05 20:55:00;2025.05.05 22:29:59;3315.70000000;3305.66000000;3335.78000000;3335.78000000;TP;2.0000;2.0588;-0.1713;18;NewYork
MSZZC1|6:XAUUSD|1:5|2:-1|1:2|67:BO|XAUUSD|5|1|S|1746488700|MSZZ|XAUUSD|5|1|-1|1746485700|1746485700;1012;XAUUSD;PERIOD_M5;SHORT;2025.05.05 23:45:00;2025.05.05 23:50:00;2025.05.06 01:00:00;3331.57000000;3336.37000000;3321.97000000;3336.37000000;SL;-1.0000;0.0333;-0.9854;14;NewYork
MSZZC1|6:XAUUSD|1:5|1:1|1:2|66:BO|XAUUSD|5|1|L|1746499500|MSZZ|XAUUSD|5|1|1|1746497400|1746497700;1012;XAUUSD;PERIOD_M5;LONG;2025.05.06 02:45:00;2025.05.06 02:50:00;2025.05.06 03:24:58;3334.58000000;3327.44000000;3348.86000000;3327.44000000;SL;-1.0000;0.0742;-1.5154;6;Asian
MSZZC1|6:XAUUSD|1:5|1:1|1:2|66:BO|XAUUSD|5|1|L|1746504000|MSZZ|XAUUSD|5|1|1|1746503100|1746503100;1012;XAUUSD;PERIOD_M5;LONG;2025.05.06 04:00:00;2025.05.06 04:05:00;2025.05.06 19:24:58;3349.92000000;3323.76000000;3402.24000000;3402.24000000;TP;2.0000;2.0130;-0.1449;183;Asian
MSZZC1|6:XAUUSD|1:5|2:-1|1:2|67:BO|XAUUSD|5|1|S|1747045200|MSZZ|XAUUSD|5|1|-1|1747044300|1747044300;1012;XAUUSD;PERIOD_M5;SHORT;2025.05.12 10:20:00;2025.05.12 10:25:00;2025.05.13 07:54:58;3236.72000000;3253.36000000;3203.44000000;3253.36000000;SL;-1.0000;1.7398;-1.0084;257;London
MSZZC1|6:XAUUSD|1:5|2:-1|1:2|67:BO|XAUUSD|5|1|S|1747176900|MSZZ|XAUUSD|5|1|-1|1746694200|1746694200;1012;XAUUSD;PERIOD_M5;SHORT;2025.05.13 22:55:00;2025.05.13 23:00:00;2025.05.20 17:05:00;3249.61000000;3414.79000000;2919.25000000;3271.08000000;OTHER;-0.1300;0.7807;-0.1793;1945;NewYork
MSZZC1|6:XAUUSD|1:5|1:1|1:2|66:BO|XAUUSD|5|1|L|1747760400|MSZZ|XAUUSD|5|1|1|1747760100|1747760100;1012;XAUUSD;PERIOD_M5;LONG;2025.05.20 17:00:00;2025.05.20 17:05:00;2025.05.21 04:04:57;3271.08000000;3252.13000000;3308.98000000;3308.98000000;TP;2.0000;2.3034;-0.0380;131;NewYork
MSZZC1|6:XAUUSD|1:5|2:-1|1:2|67:BO|XAUUSD|5|1|S|1748407200|MSZZ|XAUUSD|5|1|-1|1748335500|1748335500;1012;XAUUSD;PERIOD_M5;SHORT;2025.05.28 04:40:00;2025.05.28 04:45:00;2025.05.30 04:20:00;3301.56000000;3336.84000000;3231.00000000;3320.02000000;OTHER;-0.5232;1.5896;-0.8413;571;Asian
MSZZC1|6:XAUUSD|1:5|1:1|1:2|66:BO|XAUUSD|5|1|L|1748578500|MSZZ|XAUUSD|5|1|1|1748577900|1748577900;1012;XAUUSD;PERIOD_M5;LONG;2025.05.30 04:15:00;2025.05.30 04:20:00;2025.05.30 04:49:58;3320.02000000;3309.59000000;3340.88000000;3309.59000000;SL;-1.0000;0.2598;-1.0000;5;Asian
MSZZC1|6:XAUUSD|1:5|2:-1|1:2|67:BO|XAUUSD|5|1|S|1748581800|MSZZ|XAUUSD|5|1|-1|1748577000|1748577000;1012;XAUUSD;PERIOD_M5;SHORT;2025.05.30 05:10:00;2025.05.30 05:15:00;2025.05.30 08:25:00;3305.57000000;3317.43000000;3281.85000000;3295.55000000;OTHER;0.8449;1.2909;-0.0464;38;Asian
MSZZC1|6:XAUUSD|1:5|1:1|1:2|66:BO|XAUUSD|5|1|L|1748593200|MSZZ|XAUUSD|5|1|1|1748591700|1748592300;1012;XAUUSD;PERIOD_M5;LONG;2025.05.30 08:20:00;2025.05.30 08:25:00;2025.05.30 08:59:58;3295.55000000;3291.26000000;3304.13000000;3304.13000000;TP;2.0000;2.2098;-0.1492;6;London
MSZZC1|6:XAUUSD|1:5|1:1|1:2|66:BO|XAUUSD|5|1|L|1748617800|MSZZ|XAUUSD|5|1|1|1748617500|1748617500;1012;XAUUSD;PERIOD_M5;LONG;2025.05.30 15:10:00;2025.05.30 15:15:00;2025.05.30 16:44:58;3303.01000000;3288.65000000;3331.73000000;3288.65000000;SL;-1.0000;0.3656;-1.0362;17;London
MSZZC1|6:XAUUSD|1:5|2:-1|1:2|67:BO|XAUUSD|5|1|S|1748623500|MSZZ|XAUUSD|5|1|-1|1748616600|1748616900;1012;XAUUSD;PERIOD_M5;SHORT;2025.05.30 16:45:00;2025.05.30 16:50:00;2025.05.30 18:15:00;3286.32000000;3296.14000000;3266.68000000;3284.22000000;OTHER;0.2138;1.5102;-0.2637;17;NewYork
MSZZC1|6:XAUUSD|1:5|1:1|1:2|66:BO|XAUUSD|5|1|L|1748628600|MSZZ|XAUUSD|5|1|1|1748625600|1748626800;1012;XAUUSD;PERIOD_M5;LONG;2025.05.30 18:10:00;2025.05.30 18:15:00;2025.05.30 21:00:00;3284.22000000;3273.42000000;3305.82000000;3290.97000000;OTHER;0.6250;1.0602;-0.1194;33;NewYork
MSZZC1|6:XAUUSD|1:5|2:-1|1:2|67:BO|XAUUSD|5|1|S|1748638500|MSZZ|XAUUSD|5|1|-1|1748633700|1748634600;1012;XAUUSD;PERIOD_M5;SHORT;2025.05.30 20:55:00;2025.05.30 21:00:00;2025.05.30 21:04:58;3290.97000000;3292.75000000;3287.41000000;3292.75000000;SL;-1.0000;0.0056;-1.3034;0;NewYork
MSZZC1|6:XAUUSD|1:5|2:-1|1:2|67:BO|XAUUSD|5|1|S|1748646900|MSZZ|XAUUSD|5|1|-1|1748645400|1748645700;1012;XAUUSD;PERIOD_M5;SHORT;2025.05.30 23:15:00;2025.05.30 23:20:00;2025.06.02 01:00:00;3291.18000000;3295.67000000;3282.20000000;3295.67000000;SL;-1.0000;0.5768;-1.5857;596;NewYork
MSZZC1|6:XAUUSD|1:5|1:1|1:2|66:BO|XAUUSD|5|1|L|1748826300|MSZZ|XAUUSD|5|1|1|1748826000|1748826000;1012;XAUUSD;PERIOD_M5;LONG;2025.06.02 01:05:00;2025.06.02 01:10:00;2025.06.02 09:44:59;3308.61000000;3291.65000000;3342.53000000;3342.53000000;TP;2.0000;2.1509;-0.5029;102;Asian
MSZZC1|6:XAUUSD|1:5|2:-1|1:2|67:BO|XAUUSD|5|1|S|1748931900|MSZZ|XAUUSD|5|1|-1|1748929200|1748929800;1012;XAUUSD;PERIOD_M5;SHORT;2025.06.03 06:25:00;2025.06.03 06:30:00;2025.06.03 17:04:58;3364.95000000;3377.97000000;3338.91000000;3338.91000000;TP;2.0000;2.3203;-0.2112;126;Asian
MSZZC1|6:XAUUSD|1:5|1:1|1:2|66:BO|XAUUSD|5|1|L|1749231000|MSZZ|XAUUSD|5|1|1|1748826000|1748826000;1012;XAUUSD;PERIOD_M5;LONG;2025.06.06 17:30:00;2025.06.06 17:35:00;2025.06.13 03:09:58;3329.53000000;3291.65000000;3405.29000000;3405.29000000;TP;2.0000;2.1521;-0.9490;1842;NewYork
MSZZC1|6:XAUUSD|1:5|2:-1|1:2|67:BO|XAUUSD|5|1|S|1751557200|MSZZ|XAUUSD|5|1|-1|1751556900|1751556900;1012;XAUUSD;PERIOD_M5;SHORT;2025.07.03 15:40:00;2025.07.03 15:45:00;2025.07.03 16:04:58;3312.22000000;3328.67000000;3279.32000000;3328.67000000;SL;-1.0000;0.0243;-1.0407;3;London
MSZZC1|6:XAUUSD|1:5|1:1|1:2|66:BO|XAUUSD|5|1|L|1751558400|MSZZ|XAUUSD|5|1|1|1751357400|1751357400;1012;XAUUSD;PERIOD_M5;LONG;2025.07.03 16:00:00;2025.07.03 16:05:00;2025.07.03 19:20:00;3328.95000000;3315.51000000;3355.83000000;3326.75000000;OTHER;-0.1637;0.7106;-0.4911;39;NewYork
MSZZC1|6:XAUUSD|1:5|2:-1|1:2|67:BO|XAUUSD|5|1|S|1751570100|MSZZ|XAUUSD|5|1|-1|1751565600|1751566800;1012;XAUUSD;PERIOD_M5;SHORT;2025.07.03 19:15:00;2025.07.03 19:20:00;2025.07.03 19:30:00;3326.75000000;3331.46000000;3317.33000000;3328.71000000;OTHER;-0.4161;0.1359;-0.6709;2;NewYork
MSZZC1|6:XAUUSD|1:5|1:1|1:2|66:BO|XAUUSD|5|1|L|1751570700|MSZZ|XAUUSD|5|1|1|1751567100|1751569500;1012;XAUUSD;PERIOD_M5;LONG;2025.07.03 19:25:00;2025.07.03 19:30:00;2025.07.03 21:00:00;3328.71000000;3323.10000000;3339.93000000;3329.10000000;OTHER;0.0695;1.0873;-0.0303;18;NewYork
MSZZC1|6:XAUUSD|1:5|2:-1|1:2|67:BO|XAUUSD|5|1|S|1751576100|MSZZ|XAUUSD|5|1|-1|1751570100|1751571000;1012;XAUUSD;PERIOD_M5;SHORT;2025.07.03 20:55:00;2025.07.03 21:00:00;2025.07.03 22:35:00;3329.10000000;3334.81000000;3317.68000000;3328.92000000;OTHER;0.0315;0.3503;-0.2032;19;NewYork
MSZZC1|6:XAUUSD|1:5|1:1|1:2|66:BO|XAUUSD|5|1|L|1751581800|MSZZ|XAUUSD|5|1|1|1751579400|1751580000;1012;XAUUSD;PERIOD_M5;LONG;2025.07.03 22:30:00;2025.07.03 22:35:00;2025.07.03 23:14:58;3328.92000000;3327.10000000;3332.56000000;3327.10000000;SL;-1.0000;0.3242;-1.2802;7;NewYork
MSZZC1|6:XAUUSD|1:5|2:-1|1:2|67:BO|XAUUSD|5|1|S|1751586300|MSZZ|XAUUSD|5|1|-1|1751584200|1751584200;1012;XAUUSD;PERIOD_M5;SHORT;2025.07.03 23:45:00;2025.07.03 23:50:00;2025.07.04 01:40:00;3326.02000000;3329.51000000;3319.04000000;3327.04000000;OTHER;-0.2923;0.6934;-0.5444;22;NewYork
MSZZC1|6:XAUUSD|1:5|1:1|1:2|66:BO|XAUUSD|5|1|L|1751592900|MSZZ|XAUUSD|5|1|1|1751582100|1751583900;1012;XAUUSD;PERIOD_M5;LONG;2025.07.04 01:35:00;2025.07.04 01:40:00;2025.07.04 01:49:58;3327.04000000;3326.59000000;3327.94000000;3327.94000000;TP;2.0000;2.5333;-0.8444;1;Asian
MSZZC1|6:XAUUSD|1:5|1:1|1:2|66:BO|XAUUSD|5|1|L|1751602500|MSZZ|XAUUSD|5|1|1|1751601000|1751601600;1012;XAUUSD;PERIOD_M5;LONG;2025.07.04 04:15:00;2025.07.04 04:20:00;2025.07.04 09:40:00;3332.61000000;3325.87000000;3346.09000000;3342.33000000;OTHER;1.4421;1.8531;-0.9570;64;Asian
MSZZC1|6:XAUUSD|1:5|2:-1|1:2|67:BO|XAUUSD|5|1|S|1751621700|MSZZ|XAUUSD|5|1|-1|1751618400|1751619600;1012;XAUUSD;PERIOD_M5;SHORT;2025.07.04 09:35:00;2025.07.04 09:40:00;2025.07.04 10:19:58;3342.33000000;3344.88000000;3337.23000000;3337.23000000;TP;2.0000;2.3137;-0.5529;7;London
MSZZC1|6:XAUUSD|1:5|2:-1|1:2|67:BO|XAUUSD|5|1|S|1751624700|MSZZ|XAUUSD|5|1|-1|1751623800|1751623800;1012;XAUUSD;PERIOD_M5;SHORT;2025.07.04 10:25:00;2025.07.04 10:30:00;2025.07.07 03:29:57;3337.51000000;3344.88000000;3322.77000000;3322.77000000;TP;2.0000;2.0434;-0.9104;779;London
MSZZC1|6:XAUUSD|1:5|2:-1|1:2|67:BO|XAUUSD|5|1|S|1751985600|MSZZ|XAUUSD|5|1|-1|1751985300|1751985300;1012;XAUUSD;PERIOD_M5;SHORT;2025.07.08 14:40:00;2025.07.08 14:45:00;2025.07.08 15:04:58;3320.99000000;3327.46000000;3308.05000000;3327.46000000;SL;-1.0000;0.0788;-1.0757;3;London
MSZZC1|6:XAUUSD|1:5|1:1|1:2|66:BO|XAUUSD|5|1|L|1751987100|MSZZ|XAUUSD|5|1|1|1751984100|1751984100;1012;XAUUSD;PERIOD_M5;LONG;2025.07.08 15:05:00;2025.07.08 15:10:00;2025.07.08 16:14:58;3328.39000000;3321.44000000;3342.29000000;3321.44000000;SL;-1.0000;0.2129;-1.1827;12;London
MSZZC1|6:XAUUSD|1:5|2:-1|1:2|67:BO|XAUUSD|5|1|S|1751991000|MSZZ|XAUUSD|5|1|-1|1751985300|1751985300;1012;XAUUSD;PERIOD_M5;SHORT;2025.07.08 16:10:00;2025.07.08 16:15:00;2025.07.08 17:14:58;3322.37000000;3329.87000000;3307.37000000;3307.37000000;TP;2.0000;2.2827;-0.5973;11;NewYork
MSZZC1|6:XAUUSD|1:5|1:1|1:2|66:BO|XAUUSD|5|1|L|1752222300|MSZZ|XAUUSD|5|1|1|1752222000|1752222000;1012;XAUUSD;PERIOD_M5;LONG;2025.07.11 08:25:00;2025.07.11 08:30:00;2025.07.11 09:55:00;3340.30000000;3329.54000000;3361.82000000;3334.55000000;OTHER;-0.5344;0.3234;-0.7565;17;London
MSZZC1|6:XAUUSD|1:5|2:-1|1:2|67:BO|XAUUSD|5|1|S|1752227400|MSZZ|XAUUSD|5|1|-1|1752223800|1752225000;1012;XAUUSD;PERIOD_M5;SHORT;2025.07.11 09:50:00;2025.07.11 09:55:00;2025.07.11 11:04:58;3334.55000000;3342.63000000;3318.39000000;3342.63000000;SL;-1.0000;0.4233;-1.0916;13;London
MSZZC1|6:XAUUSD|1:5|1:1|1:2|66:BO|XAUUSD|5|1|L|1752240300|MSZZ|XAUUSD|5|1|1|1752232500|1752233100;1012;XAUUSD;PERIOD_M5;LONG;2025.07.11 13:25:00;2025.07.11 13:30:00;2025.07.14 02:09:58;3345.83000000;3332.83000000;3371.83000000;3371.83000000;TP;2.0000;2.0638;-0.2946;727;London
MSZZC1|6:XAUUSD|1:5|2:-1|1:2|67:BO|XAUUSD|5|1|S|1752481500|MSZZ|XAUUSD|5|1|-1|1752481200|1752481200;1012;XAUUSD;PERIOD_M5;SHORT;2025.07.14 08:25:00;2025.07.14 08:30:00;2025.07.14 09:44:59;3356.06000000;3361.66000000;3344.86000000;3361.66000000;SL;-1.0000;0.0286;-1.1911;14;London
MSZZC1|6:XAUUSD|1:5|1:1|1:2|66:BO|XAUUSD|5|1|L|1752486300|MSZZ|XAUUSD|5|1|1|1752478500|1752478500;1012;XAUUSD;PERIOD_M5;LONG;2025.07.14 09:45:00;2025.07.14 09:50:00;2025.07.14 12:05:00;3365.13000000;3356.25000000;3382.89000000;3365.20000000;OTHER;0.0079;1.1092;-0.0597;27;London
MSZZC1|6:XAUUSD|1:5|2:-1|1:2|67:BO|XAUUSD|5|1|S|1752494400|MSZZ|XAUUSD|5|1|-1|1752481200|1752481200;1012;XAUUSD;PERIOD_M5;SHORT;2025.07.14 12:00:00;2025.07.14 12:05:00;2025.07.14 13:00:00;3365.20000000;3372.46000000;3350.68000000;3370.35000000;OTHER;-0.7094;0.1501;-1.1006;11;London
MSZZC1|6:XAUUSD|1:5|1:1|1:2|66:BO|XAUUSD|5|1|L|1752497700|MSZZ|XAUUSD|5|1|1|1752495600|1752496200;1012;XAUUSD;PERIOD_M5;LONG;2025.07.14 12:55:00;2025.07.14 13:00:00;2025.07.14 14:50:00;3370.35000000;3364.60000000;3381.85000000;3368.15000000;OTHER;-0.3826;0.7461;-0.7322;22;London
MSZZC1|6:XAUUSD|1:5|2:-1|1:2|67:BO|XAUUSD|5|1|S|1752504300|MSZZ|XAUUSD|5|1|-1|1752494400|1752495600;1012;XAUUSD;PERIOD_M5;SHORT;2025.07.14 14:45:00;2025.07.14 14:50:00;2025.07.14 14:54:58;3368.15000000;3369.09000000;3366.27000000;3366.27000000;TP;2.0000;2.1383;-0.8617;0;London
MSZZC1|6:XAUUSD|1:5|1:1|1:2|66:BO|XAUUSD|5|1|L|1752505200|MSZZ|XAUUSD|5|1|1|1752495600|1752496200;1012;XAUUSD;PERIOD_M5;LONG;2025.07.14 15:00:00;2025.07.14 15:05:00;2025.07.14 15:09:58;3366.24000000;3363.94000000;3370.84000000;3363.94000000;SL;-1.0000;-0.0435;-1.7783;0;London
MSZZC1|6:XAUUSD|1:5|2:-1|1:2|67:BO|XAUUSD|5|1|S|1752505500|MSZZ|XAUUSD|5|1|-1|1752504900|1752504900;1012;XAUUSD;PERIOD_M5;SHORT;2025.07.14 15:05:00;2025.07.14 15:10:00;2025.07.14 15:39:57;3363.18000000;3369.09000000;3351.36000000;3351.36000000;TP;2.0000;2.0609;-0.0186;5;London
MSZZC1|6:XAUUSD|1:5|2:-1|1:2|67:BO|XAUUSD|5|1|S|1752563700|MSZZ|XAUUSD|5|1|-1|1752504900|1752504900;1012;XAUUSD;PERIOD_M5;SHORT;2025.07.15 07:15:00;2025.07.15 07:20:00;2025.07.15 16:29:58;3359.79000000;3369.09000000;3341.19000000;3341.19000000;TP;2.0000;2.2774;-0.7108;109;Asian
MSZZC1|6:XAUUSD|1:5|1:1|1:2|66:BO|XAUUSD|5|1|L|1752632400|MSZZ|XAUUSD|5|1|1|1752620100|1752621600;1012;XAUUSD;PERIOD_M5;LONG;2025.07.16 02:20:00;2025.07.16 02:25:00;2025.07.16 03:50:00;3330.25000000;3323.42000000;3343.91000000;3330.31000000;OTHER;0.0088;0.3690;-0.2050;17;Asian
MSZZC1|6:XAUUSD|1:5|2:-1|1:2|67:BO|XAUUSD|5|1|S|1752637500|MSZZ|XAUUSD|5|1|-1|1752635400|1752636000;1012;XAUUSD;PERIOD_M5;SHORT;2025.07.16 03:45:00;2025.07.16 03:50:00;2025.07.16 03:54:58;3330.31000000;3331.86000000;3327.21000000;3331.86000000;SL;-1.0000;0.1935;-1.1226;0;Asian
MSZZC1|6:XAUUSD|1:5|2:-1|1:2|67:BO|XAUUSD|5|1|S|1752638100|MSZZ|XAUUSD|5|1|-1|1752635400|1752636000;1012;XAUUSD;PERIOD_M5;SHORT;2025.07.16 03:55:00;2025.07.16 04:00:00;2025.07.16 04:14:58;3330.51000000;3331.86000000;3327.81000000;3331.86000000;SL;-1.0000;1.2074;-1.0148;2;Asian
MSZZC1|6:XAUUSD|1:5|2:-1|1:2|67:BO|XAUUSD|5|1|S|1752642300|MSZZ|XAUUSD|5|1|-1|1752638700|1752639300;1012;XAUUSD;PERIOD_M5;SHORT;2025.07.16 05:05:00;2025.07.16 05:10:00;2025.07.16 06:49:57;3327.96000000;3334.95000000;3313.98000000;3334.95000000;SL;-1.0000;0.4092;-1.0157;19;Asian
MSZZC1|6:XAUUSD|1:5|1:1|1:2|66:BO|XAUUSD|5|1|L|1752654000|MSZZ|XAUUSD|5|1|1|1752651000|1752651000;1012;XAUUSD;PERIOD_M5;LONG;2025.07.16 08:20:00;2025.07.16 08:25:00;2025.07.16 14:25:00;3339.34000000;3325.10000000;3367.82000000;3334.02000000;OTHER;-0.3736;0.2591;-0.3897;72;London
MSZZC1|6:XAUUSD|1:5|2:-1|1:2|67:BO|XAUUSD|5|1|S|1752675600|MSZZ|XAUUSD|5|1|-1|1752674100|1752674100;1012;XAUUSD;PERIOD_M5;SHORT;2025.07.16 14:20:00;2025.07.16 14:25:00;2025.07.16 14:44:58;3334.02000000;3338.26000000;3325.54000000;3338.26000000;SL;-1.0000;0.0000;-0.9953;3;London
MSZZC1|6:XAUUSD|1:5|2:-1|1:2|67:BO|XAUUSD|5|1|S|1752678900|MSZZ|XAUUSD|5|1|-1|1752674100|1752674100;1012;XAUUSD;PERIOD_M5;SHORT;2025.07.16 15:15:00;2025.07.16 15:20:00;2025.07.16 16:54:58;3334.89000000;3340.94000000;3322.79000000;3322.79000000;TP;2.0000;2.1322;-0.7372;18;London
MSZZC1|6:XAUUSD|1:5|2:-1|1:2|67:BO|XAUUSD|5|1|S|1752749100|MSZZ|XAUUSD|5|1|-1|1752692100|1752692100;1012;XAUUSD;PERIOD_M5;SHORT;2025.07.17 10:45:00;2025.07.17 10:50:00;2025.07.18 05:15:00;3326.14000000;3370.20000000;3238.02000000;3343.45000000;OTHER;-0.3929;0.3695;-0.4049;221;London
MSZZC1|6:XAUUSD|1:5|1:1|1:2|66:BO|XAUUSD|5|1|L|1752815400|MSZZ|XAUUSD|5|1|1|1752811200|1752811500;1012;XAUUSD;PERIOD_M5;LONG;2025.07.18 05:10:00;2025.07.18 05:15:00;2025.07.18 06:24:58;3343.45000000;3335.38000000;3359.59000000;3335.38000000;SL;-1.0000;0.1053;-1.0223;13;Asian
MSZZC1|6:XAUUSD|1:5|2:-1|1:2|67:BO|XAUUSD|5|1|S|1752828000|MSZZ|XAUUSD|5|1|-1|1752827400|1752827400;1012;XAUUSD;PERIOD_M5;SHORT;2025.07.18 08:40:00;2025.07.18 08:45:00;2025.07.18 09:34:57;3334.66000000;3340.78000000;3322.42000000;3340.78000000;SL;-1.0000;0.4706;-1.0016;9;London
MSZZC1|6:XAUUSD|1:5|1:1|1:2|66:BO|XAUUSD|5|1|L|1752831000|MSZZ|XAUUSD|5|1|1|1752826200|1752827100;1012;XAUUSD;PERIOD_M5;LONG;2025.07.18 09:30:00;2025.07.18 09:35:00;2025.07.18 10:39:58;3339.31000000;3335.31000000;3347.31000000;3347.31000000;TP;2.0000;2.2800;-0.3550;12;London
MSZZC1|6:XAUUSD|1:5|2:-1|1:2|67:BO|XAUUSD|5|1|S|1752863400|MSZZ|XAUUSD|5|1|-1|1752856500|1752858300;1012;XAUUSD;PERIOD_M5;SHORT;2025.07.18 18:30:00;2025.07.18 18:35:00;2025.07.18 19:35:00;3352.56000000;3359.10000000;3339.48000000;3356.52000000;OTHER;-0.6055;0.2049;-0.7584;12;NewYork
MSZZC1|6:XAUUSD|1:5|1:1|1:2|66:BO|XAUUSD|5|1|L|1752867000|MSZZ|XAUUSD|5|1|1|1752858300|1752858900;1012;XAUUSD;PERIOD_M5;LONG;2025.07.18 19:30:00;2025.07.18 19:35:00;2025.07.18 19:54:58;3356.52000000;3352.31000000;3364.94000000;3352.31000000;SL;-1.0000;0.2375;-1.0950;3;NewYork
MSZZC1|6:XAUUSD|1:5|2:-1|1:2|67:BO|XAUUSD|5|1|S|1752868200|MSZZ|XAUUSD|5|1|-1|1752856500|1752858300;1012;XAUUSD;PERIOD_M5;SHORT;2025.07.18 19:50:00;2025.07.18 19:55:00;2025.07.18 21:05:00;3352.81000000;3359.10000000;3340.23000000;3353.06000000;OTHER;-0.0397;0.3577;-0.1876;14;NewYork
MSZZC1|6:XAUUSD|1:5|1:1|1:2|66:BO|XAUUSD|5|1|L|1752872400|MSZZ|XAUUSD|5|1|1|1752858300|1752858900;1012;XAUUSD;PERIOD_M5;LONG;2025.07.18 21:00:00;2025.07.18 21:05:00;2025.07.18 21:09:58;3353.06000000;3352.31000000;3354.56000000;3352.31000000;SL;-1.0000;0.0667;-2.7867;0;NewYork
MSZZC1|6:XAUUSD|1:5|2:-1|1:2|67:BO|XAUUSD|5|1|S|1752877800|MSZZ|XAUUSD|5|1|-1|1752873300|1752874200;1012;XAUUSD;PERIOD_M5;SHORT;2025.07.18 22:30:00;2025.07.18 22:35:00;2025.07.18 23:45:00;3349.15000000;3352.80000000;3341.85000000;3351.21000000;OTHER;-0.5644;0.4082;-0.8767;14;NewYork
MSZZC1|6:XAUUSD|1:5|1:1|1:2|66:BO|XAUUSD|5|1|L|1752882000|MSZZ|XAUUSD|5|1|1|1752876300|1752877500;1012;XAUUSD;PERIOD_M5;LONG;2025.07.18 23:40:00;2025.07.18 23:45:00;2025.07.21 01:04:58;3351.21000000;3347.66000000;3358.31000000;3347.66000000;SL;-1.0000;0.3211;-1.0169;591;NewYork
MSZZC1|6:XAUUSD|1:5|2:-1|1:2|67:BO|XAUUSD|5|1|S|1753059900|MSZZ|XAUUSD|5|1|-1|1753059600|1753059600;1012;XAUUSD;PERIOD_M5;SHORT;2025.07.21 01:05:00;2025.07.21 01:10:00;2025.07.21 03:34:58;3347.12000000;3352.35000000;3336.66000000;3352.35000000;SL;-1.0000;0.4034;-1.2218;28;Asian
MSZZC1|6:XAUUSD|1:5|1:1|1:2|66:BO|XAUUSD|5|1|L|1753070700|MSZZ|XAUUSD|5|1|1|1753070400|1753070400;1012;XAUUSD;PERIOD_M5;LONG;2025.07.21 04:05:00;2025.07.21 04:10:00;2025.07.21 15:19:58;3357.46000000;3347.60000000;3377.18000000;3377.18000000;TP;2.0000;2.1886;-0.6836;133;Asian
MSZZC1|6:XAUUSD|1:5|1:1|1:2|66:BO|XAUUSD|5|1|L|1753110900|MSZZ|XAUUSD|5|1|1|1753085400|1753085400;1012;XAUUSD;PERIOD_M5;LONG;2025.07.21 15:15:00;2025.07.21 15:20:00;2025.07.23 02:14:58;3378.34000000;3350.72000000;3433.58000000;3433.58000000;TP;2.0000;2.0011;-0.0043;418;London
MSZZC1|6:XAUUSD|1:5|1:1|1:2|66:BO|XAUUSD|5|1|L|1753375200|MSZZ|XAUUSD|5|1|1|1753370700|1753371000;1012;XAUUSD;PERIOD_M5;LONG;2025.07.24 16:40:00;2025.07.24 16:45:00;2025.07.25 10:39:58;3366.92000000;3354.06000000;3392.64000000;3354.06000000;SL;-1.0000;0.8149;-1.0303;214;NewYork
MSZZC1|6:XAUUSD|1:5|2:-1|1:2|67:BO|XAUUSD|5|1|S|1754075700|MSZZ|XAUUSD|5|1|-1|1754070600|1754072400;1012;XAUUSD;PERIOD_M5;SHORT;2025.08.01 19:15:00;2025.08.01 19:20:00;2025.08.01 21:49:57;3344.13000000;3351.32000000;3329.75000000;3351.32000000;SL;-1.0000;0.5007;-1.0014;29;NewYork
MSZZC1|6:XAUUSD|1:5|1:1|1:2|66:BO|XAUUSD|5|1|L|1754407500|MSZZ|XAUUSD|5|1|1|1754062800|1754062800;1012;XAUUSD;PERIOD_M5;LONG;2025.08.05 15:25:00;2025.08.05 15:30:00;2025.08.11 10:50:00;3360.89000000;3326.12000000;3430.43000000;3358.86000000;OTHER;-0.0584;1.3802;-0.1041;1672;London
MSZZC1|6:XAUUSD|1:5|2:-1|1:2|67:BO|XAUUSD|5|1|S|1754909100|MSZZ|XAUUSD|5|1|-1|1754907000|1754907300;1012;XAUUSD;PERIOD_M5;SHORT;2025.08.11 10:45:00;2025.08.11 10:50:00;2025.08.11 15:50:00;3358.86000000;3366.43000000;3343.72000000;3355.52000000;OTHER;0.4412;1.8970;-0.9181;60;London
MSZZC1|6:XAUUSD|1:5|1:1|1:2|66:BO|XAUUSD|5|1|L|1754927100|MSZZ|XAUUSD|5|1|1|1754925000|1754925900;1012;XAUUSD;PERIOD_M5;LONG;2025.08.11 15:45:00;2025.08.11 15:50:00;2025.08.11 17:30:00;3355.52000000;3344.50000000;3377.56000000;3352.03000000;OTHER;-0.3167;0.6633;-0.6416;20;London
MSZZC1|6:XAUUSD|1:5|2:-1|1:2|67:BO|XAUUSD|5|1|S|1754933100|MSZZ|XAUUSD|5|1|-1|1754928900|1754929800;1012;XAUUSD;PERIOD_M5;SHORT;2025.08.11 17:25:00;2025.08.11 17:30:00;2025.08.11 19:20:00;3352.03000000;3362.83000000;3330.43000000;3348.62000000;OTHER;0.3157;0.9806;-0.0546;22;NewYork
MSZZC1|6:XAUUSD|1:5|1:1|1:2|66:BO|XAUUSD|5|1|L|1754939700|MSZZ|XAUUSD|5|1|1|1754937300|1754939100;1012;XAUUSD;PERIOD_M5;LONG;2025.08.11 19:15:00;2025.08.11 19:20:00;2025.08.11 20:34:58;3348.62000000;3341.44000000;3362.98000000;3341.44000000;SL;-1.0000;0.0905;-1.0084;14;NewYork
MSZZC1|6:XAUUSD|1:5|2:-1|1:2|67:BO|XAUUSD|5|1|S|1754956200|MSZZ|XAUUSD|5|1|-1|1754955900|1754955900;1012;XAUUSD;PERIOD_M5;SHORT;2025.08.11 23:50:00;2025.08.11 23:55:00;2025.08.12 15:35:00;3342.33000000;3358.85000000;3309.29000000;3350.61000000;OTHER;-0.5012;0.3795;-0.9570;188;NewYork
MSZZC1|6:XAUUSD|1:5|1:1|1:2|66:BO|XAUUSD|5|1|L|1755012600|MSZZ|XAUUSD|5|1|1|1755010800|1755012000;1012;XAUUSD;PERIOD_M5;LONG;2025.08.12 15:30:00;2025.08.12 15:35:00;2025.08.12 16:40:00;3350.61000000;3338.60000000;3374.63000000;3340.95000000;OTHER;-0.8043;0.6195;-0.8726;13;London
MSZZC1|6:XAUUSD|1:5|2:-1|1:2|67:BO|XAUUSD|5|1|S|1755016500|MSZZ|XAUUSD|5|1|-1|1755012300|1755012600;1012;XAUUSD;PERIOD_M5;SHORT;2025.08.12 16:35:00;2025.08.12 16:40:00;2025.08.12 18:29:58;3340.95000000;3358.05000000;3306.75000000;3358.05000000;SL;-1.0000;0.5766;-1.0626;21;NewYork
MSZZC1|6:XAUUSD|1:5|2:-1|1:2|67:BO|XAUUSD|5|1|S|1755030300|MSZZ|XAUUSD|5|1|-1|1755026100|1755030000;1012;XAUUSD;PERIOD_M5;SHORT;2025.08.12 20:25:00;2025.08.12 20:30:00;2025.08.12 21:00:00;3348.08000000;3359.12000000;3326.00000000;3349.17000000;OTHER;-0.0987;0.1495;-0.1920;6;NewYork
MSZZC1|6:XAUUSD|1:5|1:1|1:2|66:BO|XAUUSD|5|1|L|1755032100|MSZZ|XAUUSD|5|1|1|1755030000|1755031800;1012;XAUUSD;PERIOD_M5;LONG;2025.08.12 20:55:00;2025.08.12 21:00:00;2025.08.12 22:09:57;3349.17000000;3345.87000000;3355.77000000;3345.87000000;SL;-1.0000;0.4970;-1.0788;13;NewYork
MSZZC1|6:XAUUSD|1:5|1:1|1:2|66:BO|XAUUSD|5|1|L|1755042000|MSZZ|XAUUSD|5|1|1|1755037800|1755039300;1012;XAUUSD;PERIOD_M5;LONG;2025.08.12 23:40:00;2025.08.12 23:45:00;2025.08.13 03:19:57;3349.45000000;3346.05000000;3356.25000000;3346.05000000;SL;-1.0000;1.2676;-1.3794;42;NewYork
MSZZC1|6:XAUUSD|1:5|1:1|1:2|66:BO|XAUUSD|5|1|L|1755088800|MSZZ|XAUUSD|5|1|1|1755085500|1755087000;1012;XAUUSD;PERIOD_M5;LONG;2025.08.13 12:40:00;2025.08.13 12:45:00;2025.08.13 15:09:58;3365.47000000;3358.64000000;3379.13000000;3358.64000000;SL;-1.0000;0.2401;-1.3280;28;London
MSZZC1|6:XAUUSD|1:5|2:-1|1:2|67:BO|XAUUSD|5|1|S|1755097500|MSZZ|XAUUSD|5|1|-1|1755096300|1755097200;1012;XAUUSD;PERIOD_M5;SHORT;2025.08.13 15:05:00;2025.08.13 15:10:00;2025.08.13 16:40:00;3357.12000000;3363.75000000;3343.86000000;3361.68000000;OTHER;-0.6878;0.4374;-0.8084;18;London
MSZZC1|6:XAUUSD|1:5|1:1|1:2|66:BO|XAUUSD|5|1|L|1755102900|MSZZ|XAUUSD|5|1|1|1755099900|1755100800;1012;XAUUSD;PERIOD_M5;LONG;2025.08.13 16:35:00;2025.08.13 16:40:00;2025.08.13 20:39:58;3361.68000000;3354.22000000;3376.60000000;3354.22000000;SL;-1.0000;1.2225;-1.0080;47;NewYork
MSZZC1|6:XAUUSD|1:5|2:-1|1:2|67:BO|XAUUSD|5|1|S|1755117600|MSZZ|XAUUSD|5|1|-1|1755117000|1755117000;1012;XAUUSD;PERIOD_M5;SHORT;2025.08.13 20:40:00;2025.08.13 20:45:00;2025.08.14 02:09:57;3354.53000000;3360.93000000;3341.73000000;3360.93000000;SL;-1.0000;0.7109;-1.0625;64;NewYork
MSZZC1|6:XAUUSD|1:5|2:-1|1:2|67:BO|XAUUSD|5|1|S|1755534600|MSZZ|XAUUSD|5|1|-1|1755528900|1755529500;1012;XAUUSD;PERIOD_M5;SHORT;2025.08.18 16:30:00;2025.08.18 16:35:00;2025.08.19 03:04:57;3340.76000000;3347.99000000;3326.30000000;3326.30000000;TP;2.0000;2.0360;-0.1259;125;NewYork
MSZZC1|6:XAUUSD|1:5|1:1|1:2|66:BO|XAUUSD|5|1|L|1755573000|MSZZ|XAUUSD|5|1|1|1755572700|1755572700;1012;XAUUSD;PERIOD_M5;LONG;2025.08.19 03:10:00;2025.08.19 03:15:00;2025.08.19 04:09:58;3336.36000000;3331.39000000;3346.30000000;3331.39000000;SL;-1.0000;0.5734;-1.3078;10;Asian
MSZZC1|6:XAUUSD|1:5|2:-1|1:2|67:BO|XAUUSD|5|1|S|1755576600|MSZZ|XAUUSD|5|1|-1|1755570600|1755571200;1012;XAUUSD;PERIOD_M5;SHORT;2025.08.19 04:10:00;2025.08.19 04:15:00;2025.08.19 04:19:58;3331.40000000;3333.46000000;3327.28000000;3333.46000000;SL;-1.0000;0.2476;-1.0437;0;Asian
MSZZC1|6:XAUUSD|1:5|1:1|1:2|66:BO|XAUUSD|5|1|L|1755576900|MSZZ|XAUUSD|5|1|1|1755572700|1755572700;1012;XAUUSD;PERIOD_M5;LONG;2025.08.19 04:15:00;2025.08.19 04:20:00;2025.08.19 04:34:57;3333.49000000;3331.39000000;3337.69000000;3331.39000000;SL;-1.0000;0.8429;-1.2048;2;Asian
MSZZC1|6:XAUUSD|1:5|2:-1|1:2|67:BO|XAUUSD|5|1|S|1755579600|MSZZ|XAUUSD|5|1|-1|1755570600|1755571200;1012;XAUUSD;PERIOD_M5;SHORT;2025.08.19 05:00:00;2025.08.19 05:05:00;2025.08.19 05:10:00;3330.57000000;3333.46000000;3324.79000000;3332.23000000;OTHER;-0.5744;0.1938;-0.8616;1;Asian
MSZZC1|6:XAUUSD|1:5|1:1|1:2|66:BO|XAUUSD|5|1|L|1755579900|MSZZ|XAUUSD|5|1|1|1755572700|1755572700;1012;XAUUSD;PERIOD_M5;LONG;2025.08.19 05:05:00;2025.08.19 05:10:00;2025.08.19 05:14:57;3332.23000000;3331.39000000;3333.91000000;3331.39000000;SL;-1.0000;0.9881;-1.3571;0;Asian
MSZZC1|6:XAUUSD|1:5|2:-1|1:2|67:BO|XAUUSD|5|1|S|1755619500|MSZZ|XAUUSD|5|1|-1|1755570600|1755571200;1012;XAUUSD;PERIOD_M5;SHORT;2025.08.19 16:05:00;2025.08.19 16:10:00;2025.08.19 16:34:58;3330.71000000;3333.46000000;3325.21000000;3333.46000000;SL;-1.0000;1.8182;-1.9491;4;NewYork
MSZZC1|6:XAUUSD|1:5|2:-1|1:2|67:BO|XAUUSD|5|1|S|1755625500|MSZZ|XAUUSD|5|1|-1|1755619800|1755619800;1012;XAUUSD;PERIOD_M5;SHORT;2025.08.19 17:45:00;2025.08.19 17:50:00;2025.08.20 07:20:00;3323.83000000;3339.30000000;3292.89000000;3319.34000000;OTHER;0.2902;0.7944;-0.1888;162;NewYork
MSZZC1|6:XAUUSD|1:5|1:1|1:2|66:BO|XAUUSD|5|1|L|1755674100|MSZZ|XAUUSD|5|1|1|1755665100|1755666300;1012;XAUUSD;PERIOD_M5;LONG;2025.08.20 07:15:00;2025.08.20 07:20:00;2025.08.20 11:15:00;3319.34000000;3312.44000000;3333.14000000;3322.95000000;OTHER;0.5232;1.1928;-0.1710;47;Asian
MSZZC1|6:XAUUSD|1:5|2:-1|1:2|67:BO|XAUUSD|5|1|S|1755688200|MSZZ|XAUUSD|5|1|-1|1755678000|1755678900;1012;XAUUSD;PERIOD_M5;SHORT;2025.08.20 11:10:00;2025.08.20 11:15:00;2025.08.20 11:54:58;3322.95000000;3324.30000000;3320.25000000;3324.30000000;SL;-1.0000;1.4889;-1.4370;7;London
MSZZC1|6:XAUUSD|1:5|1:1|1:2|66:BO|XAUUSD|5|1|L|1755699000|MSZZ|XAUUSD|5|1|1|1755693000|1755696000;1012;XAUUSD;PERIOD_M5;LONG;2025.08.20 14:10:00;2025.08.20 14:15:00;2025.08.20 15:34:58;3329.12000000;3323.84000000;3339.68000000;3339.68000000;TP;2.0000;2.3977;-0.1080;15;London
MSZZC1|6:XAUUSD|1:5|2:-1|1:2|67:BO|XAUUSD|5|1|S|1755767700|MSZZ|XAUUSD|5|1|-1|1755763800|1755764100;1012;XAUUSD;PERIOD_M5;SHORT;2025.08.21 09:15:00;2025.08.21 09:20:00;2025.08.21 10:39:58;3337.54000000;3340.67000000;3331.28000000;3340.67000000;SL;-1.0000;1.0415;-0.9840;15;London
MSZZC1|6:XAUUSD|1:5|1:1|1:2|66:BO|XAUUSD|5|1|L|1755773100|MSZZ|XAUUSD|5|1|1|1755765000|1755766800;1012;XAUUSD;PERIOD_M5;LONG;2025.08.21 10:45:00;2025.08.21 10:50:00;2025.08.21 13:10:00;3340.51000000;3334.28000000;3352.97000000;3339.79000000;OTHER;-0.1156;0.2648;-0.4205;28;London
MSZZC1|6:XAUUSD|1:5|2:-1|1:2|67:BO|XAUUSD|5|1|S|1755781500|MSZZ|XAUUSD|5|1|-1|1755776700|1755777300;1012;XAUUSD;PERIOD_M5;SHORT;2025.08.21 13:05:00;2025.08.21 13:10:00;2025.08.21 13:39:57;3339.79000000;3341.48000000;3336.41000000;3336.41000000;TP;2.0000;3.7870;-0.5562;5;London
MSZZC1|6:XAUUSD|1:5|2:-1|1:2|67:BO|XAUUSD|5|1|S|1755783600|MSZZ|XAUUSD|5|1|-1|1755783300|1755783300;1012;XAUUSD;PERIOD_M5;SHORT;2025.08.21 13:40:00;2025.08.21 13:45:00;2025.08.21 15:14:58;3330.50000000;3342.16000000;3307.18000000;3342.16000000;SL;-1.0000;0.4563;-1.0523;17;London
MSZZC1|6:XAUUSD|1:5|1:1|1:2|66:BO|XAUUSD|5|1|L|1755790200|MSZZ|XAUUSD|5|1|1|1755789000|1755789600;1012;XAUUSD;PERIOD_M5;LONG;2025.08.21 15:30:00;2025.08.21 15:35:00;2025.08.21 16:49:57;3344.79000000;3336.39000000;3361.59000000;3336.39000000;SL;-1.0000;0.3333;-1.0369;14;London
MSZZC1|6:XAUUSD|1:5|2:-1|1:2|67:BO|XAUUSD|5|1|S|1755795000|MSZZ|XAUUSD|5|1|-1|1755789900|1755790200;1012;XAUUSD;PERIOD_M5;SHORT;2025.08.21 16:50:00;2025.08.21 16:55:00;2025.08.21 17:39:58;3338.11000000;3347.59000000;3319.15000000;3347.59000000;SL;-1.0000;0.0717;-1.0506;8;NewYork
MSZZC1|6:XAUUSD|1:5|2:-1|1:2|67:BO|XAUUSD|5|1|S|1755807900|MSZZ|XAUUSD|5|1|-1|1755806100|1755806700;1012;XAUUSD;PERIOD_M5;SHORT;2025.08.21 20:25:00;2025.08.21 20:30:00;2025.08.21 22:20:00;3338.52000000;3346.15000000;3323.26000000;3341.25000000;OTHER;-0.3578;0.2516;-0.4115;22;NewYork
MSZZC1|6:XAUUSD|1:5|1:1|1:2|66:BO|XAUUSD|5|1|L|1755814500|MSZZ|XAUUSD|5|1|1|1755801900|1755803700;1012;XAUUSD;PERIOD_M5;LONG;2025.08.21 22:15:00;2025.08.21 22:20:00;2025.08.21 22:54:58;3341.25000000;3338.30000000;3347.15000000;3338.30000000;SL;-1.0000;0.2203;-1.0237;6;NewYork
MSZZC1|6:XAUUSD|1:5|2:-1|1:2|67:BO|XAUUSD|5|1|S|1755816600|MSZZ|XAUUSD|5|1|-1|1755806100|1755806700;1012;XAUUSD;PERIOD_M5;SHORT;2025.08.21 22:50:00;2025.08.21 22:55:00;2025.08.21 23:30:00;3338.22000000;3346.15000000;3322.36000000;3338.82000000;OTHER;-0.0757;0.0340;-0.1324;7;NewYork
MSZZC1|6:XAUUSD|1:5|1:1|1:2|66:BO|XAUUSD|5|1|L|1755818700|MSZZ|XAUUSD|5|1|1|1755801900|1755803700;1012;XAUUSD;PERIOD_M5;LONG;2025.08.21 23:25:00;2025.08.21 23:30:00;2025.08.21 23:39:58;3338.82000000;3338.30000000;3339.86000000;3338.30000000;SL;-1.0000;0.4808;-1.0385;1;NewYork
MSZZC1|6:XAUUSD|1:5|1:1|1:2|66:BO|XAUUSD|5|1|L|1755882600|MSZZ|XAUUSD|5|1|1|1755882000|1755882000;1012;XAUUSD;PERIOD_M5;LONG;2025.08.22 17:10:00;2025.08.22 17:15:00;2025.08.28 11:49:58;3359.06000000;3338.30000000;3400.58000000;3400.58000000;TP;2.0000;2.0169;-0.3757;1662;NewYork
MSZZC1|6:XAUUSD|1:5|1:1|1:2|66:BO|XAUUSD|5|1|L|1756421400|MSZZ|XAUUSD|5|1|1|1755882000|1755882000;1012;XAUUSD;PERIOD_M5;LONG;2025.08.28 22:50:00;2025.08.28 22:55:00;2025.09.05 16:49:58;3422.20000000;3338.30000000;3590.00000000;3590.00000000;TP;2.0000;2.0310;-0.2125;2230;NewYork
MSZZC1|6:XAUUSD|1:5|1:1|1:2|66:BO|XAUUSD|5|1|L|1758262800|MSZZ|XAUUSD|5|1|1|1758120300|1758120900;1012;XAUUSD;PERIOD_M5;LONG;2025.09.19 06:20:00;2025.09.19 06:25:00;2025.09.19 06:49:57;3652.99000000;3651.47000000;3656.03000000;3656.03000000;TP;2.0000;2.1776;-0.8289;4;Asian
MSZZC1|6:XAUUSD|1:5|1:1|1:2|66:BO|XAUUSD|5|1|L|1758298200|MSZZ|XAUUSD|5|1|1|1758120300|1758120900;1012;XAUUSD;PERIOD_M5;LONG;2025.09.19 16:10:00;2025.09.19 16:15:00;2025.09.19 16:39:57;3653.63000000;3651.47000000;3657.95000000;3657.95000000;TP;2.0000;2.4306;-0.7083;4;NewYork
MSZZC1|6:XAUUSD|1:5|1:1|1:2|66:BO|XAUUSD|5|1|L|1758534000|MSZZ|XAUUSD|5|1|1|1758533700|1758533700;1012;XAUUSD;PERIOD_M5;LONG;2025.09.22 09:40:00;2025.09.22 09:45:00;2025.09.30 04:34:58;3717.24000000;3651.47000000;3848.78000000;3848.78000000;TP;2.0000;2.0036;-0.1306;2241;London
MSZZC1|6:XAUUSD|1:5|2:-1|1:2|67:BO|XAUUSD|5|1|S|1759266000|MSZZ|XAUUSD|5|1|-1|1759256100|1759259100;1012;XAUUSD;PERIOD_M5;SHORT;2025.09.30 21:00:00;2025.09.30 21:05:00;2025.09.30 21:50:00;3840.72000000;3849.32000000;3823.52000000;3847.77000000;OTHER;-0.8198;0.1151;-0.9640;9;NewYork
MSZZC1|6:XAUUSD|1:5|1:1|1:2|66:BO|XAUUSD|5|1|L|1759268700|MSZZ|XAUUSD|5|1|1|1759264500|1759265100;1012;XAUUSD;PERIOD_M5;LONG;2025.09.30 21:45:00;2025.09.30 21:50:00;2025.10.01 03:04:58;3847.77000000;3839.73000000;3863.85000000;3863.85000000;TP;2.0000;2.0945;-0.0771;62;NewYork
MSZZC1|6:XAUUSD|1:5|2:-1|1:2|67:BO|XAUUSD|5|1|S|1759352400|MSZZ|XAUUSD|5|1|-1|1759340700|1759340700;1012;XAUUSD;PERIOD_M5;SHORT;2025.10.01 21:00:00;2025.10.01 21:05:00;2025.10.01 21:19:58;3856.75000000;3864.89000000;3840.47000000;3864.89000000;SL;-1.0000;0.2322;-0.9914;2;NewYork
MSZZC1|6:XAUUSD|1:5|1:1|1:2|66:BO|XAUUSD|5|1|L|1759713900|MSZZ|XAUUSD|5|1|1|1759712400|1759712400;1012;XAUUSD;PERIOD_M5;LONG;2025.10.06 01:25:00;2025.10.06 01:30:00;2025.10.06 02:04:58;3893.91000000;3882.89000000;3915.95000000;3915.95000000;TP;2.0000;2.2840;-0.3376;6;Asian
MSZZC1|6:XAUUSD|1:5|2:-1|1:2|67:BO|XAUUSD|5|1|S|1761053400|MSZZ|XAUUSD|5|1|-1|1761042600|1761042600;1012;XAUUSD;PERIOD_M5;SHORT;2025.10.21 13:30:00;2025.10.21 13:35:00;2025.10.21 17:49:57;4257.70000000;4344.29000000;4084.52000000;4084.52000000;TP;2.0000;2.0485;-0.1695;50;London
MSZZC1|6:XAUUSD|1:5|2:-1|1:2|67:BO|XAUUSD|5|1|S|1761076800|MSZZ|XAUUSD|5|1|-1|1761075300|1761076200;1012;XAUUSD;PERIOD_M5;SHORT;2025.10.21 20:00:00;2025.10.21 20:05:00;2025.10.21 20:45:00;4104.24000000;4126.70000000;4059.32000000;4116.30000000;OTHER;-0.5370;0.4702;-0.7119;8;NewYork
MSZZC1|6:XAUUSD|1:5|1:1|1:2|66:BO|XAUUSD|5|1|L|1761079200|MSZZ|XAUUSD|5|1|1|1761076200|1761076800;1012;XAUUSD;PERIOD_M5;LONG;2025.10.21 20:40:00;2025.10.21 20:45:00;2025.10.22 02:55:00;4116.30000000;4093.68000000;4161.54000000;4106.15000000;OTHER;-0.4487;0.7210;-1.1534;74;NewYork
MSZZC1|6:XAUUSD|1:5|2:-1|1:2|67:BO|XAUUSD|5|1|S|1761101400|MSZZ|XAUUSD|5|1|-1|1761101100|1761101100;1012;XAUUSD;PERIOD_M5;SHORT;2025.10.22 02:50:00;2025.10.22 02:55:00;2025.10.22 03:04:58;4106.15000000;4132.61000000;4053.23000000;4053.23000000;TP;2.0000;2.1092;-0.0359;1;Asian
MSZZC1|6:XAUUSD|1:5|2:-1|1:2|67:BO|XAUUSD|5|1|S|1761106500|MSZZ|XAUUSD|5|1|-1|1761101100|1761101100;1012;XAUUSD;PERIOD_M5;SHORT;2025.10.22 04:15:00;2025.10.22 04:20:00;2025.10.22 06:39:58;4109.33000000;4132.61000000;4062.77000000;4132.61000000;SL;-1.0000;1.1177;-1.0812;27;Asian
MSZZC1|6:XAUUSD|1:5|1:1|1:2|66:BO|XAUUSD|5|1|L|1761126000|MSZZ|XAUUSD|5|1|1|1761121200|1761122100;1012;XAUUSD;PERIOD_M5;LONG;2025.10.22 09:40:00;2025.10.22 09:45:00;2025.10.22 10:10:00;4159.58000000;4127.87000000;4223.00000000;4139.59000000;OTHER;-0.6304;0.0533;-0.9577;5;London
MSZZC1|6:XAUUSD|1:5|2:-1|1:2|67:BO|XAUUSD|5|1|S|1761127500|MSZZ|XAUUSD|5|1|-1|1761123600|1761124800;1012;XAUUSD;PERIOD_M5;SHORT;2025.10.22 10:05:00;2025.10.22 10:10:00;2025.10.22 11:14:58;4139.59000000;4161.27000000;4096.23000000;4096.23000000;TP;2.0000;2.5351;-0.3875;12;London
MSZZC1|6:XAUUSD|1:5|2:-1|1:2|67:BO|XAUUSD|5|1|S|1762517700|MSZZ|XAUUSD|5|1|-1|1762511400|1762512900;1012;XAUUSD;PERIOD_M5;SHORT;2025.11.07 12:15:00;2025.11.07 12:20:00;2025.11.07 16:10:00;4003.93000000;4014.22000000;3983.35000000;3999.14000000;OTHER;0.4655;1.2274;-0.8183;46;London
MSZZC1|6:XAUUSD|1:5|1:1|1:2|66:BO|XAUUSD|5|1|L|1762531500|MSZZ|XAUUSD|5|1|1|1762528800|1762529400;1012;XAUUSD;PERIOD_M5;LONG;2025.11.07 16:05:00;2025.11.07 16:10:00;2025.11.07 16:34:57;3999.14000000;3991.30000000;4014.82000000;3991.30000000;SL;-1.0000;1.0714;-1.2181;4;NewYork
MSZZC1|6:XAUUSD|1:5|2:-1|1:2|67:BO|XAUUSD|5|1|S|1762533300|MSZZ|XAUUSD|5|1|-1|1762533000|1762533000;1012;XAUUSD;PERIOD_M5;SHORT;2025.11.07 16:35:00;2025.11.07 16:40:00;2025.11.07 18:24:58;3986.57000000;4001.96000000;3955.79000000;4001.96000000;SL;-1.0000;0.1481;-1.2378;20;NewYork
MSZZC1|6:XAUUSD|1:5|1:1|1:2|66:BO|XAUUSD|5|1|L|1762744800|MSZZ|XAUUSD|5|1|1|1762744500|1762744500;1012;XAUUSD;PERIOD_M5;LONG;2025.11.10 03:20:00;2025.11.10 03:25:00;2025.11.11 05:14:58;4045.61000000;3997.82000000;4141.19000000;4141.19000000;TP;2.0000;2.0630;-0.1684;309;Asian
MSZZC1|6:XAUUSD|1:5|1:1|1:2|66:BO|XAUUSD|5|1|L|1763144400|MSZZ|XAUUSD|5|1|1|1762744500|1762744500;1012;XAUUSD;PERIOD_M5;LONG;2025.11.14 18:20:00;2025.11.14 18:25:00;2025.11.18 09:39:57;4101.49000000;3997.82000000;4308.83000000;3997.82000000;SL;-1.0000;0.0922;-1.0010;1046;NewYork
MSZZC1|6:XAUUSD|1:5|1:1|1:2|66:BO|XAUUSD|5|1|L|1763558100|MSZZ|XAUUSD|5|1|1|1763553300|1763553300;1012;XAUUSD;PERIOD_M5;LONG;2025.11.19 13:15:00;2025.11.19 13:20:00;2025.11.19 17:54:58;4117.39000000;4094.07000000;4164.03000000;4094.07000000;SL;-1.0000;0.6509;-1.1745;54;London
MSZZC1|6:XAUUSD|1:5|2:-1|1:2|67:BO|XAUUSD|5|1|S|1763576100|MSZZ|XAUUSD|5|1|-1|1763574600|1763574600;1012;XAUUSD;PERIOD_M5;SHORT;2025.11.19 18:15:00;2025.11.19 18:20:00;2025.11.24 16:55:00;4084.27000000;4132.57000000;3987.67000000;4081.43000000;OTHER;0.0588;1.2839;-0.5414;1423;NewYork
MSZZC1|6:XAUUSD|1:5|1:1|1:2|66:BO|XAUUSD|5|1|L|1764003000|MSZZ|XAUUSD|5|1|1|1764000600|1764001800;1012;XAUUSD;PERIOD_M5;LONG;2025.11.24 16:50:00;2025.11.24 16:55:00;2025.11.24 20:39:58;4081.43000000;4068.43000000;4107.43000000;4107.43000000;TP;2.0000;2.4077;-0.0262;44;NewYork
MSZZC1|6:XAUUSD|1:5|1:1|1:2|66:BO|XAUUSD|5|1|L|1764017400|MSZZ|XAUUSD|5|1|1|1764016500|1764016500;1012;XAUUSD;PERIOD_M5;LONG;2025.11.24 20:50:00;2025.11.24 20:55:00;2025.11.28 03:04:58;4120.29000000;4087.96000000;4184.95000000;4184.95000000;TP;2.0000;2.1704;-0.3517;937;NewYork
MSZZC1|6:XAUUSD|1:5|1:1|1:2|66:BO|XAUUSD|5|1|L|1764777000|MSZZ|XAUUSD|5|1|1|1764712500|1764712500;1012;XAUUSD;PERIOD_M5;LONG;2025.12.03 15:50:00;2025.12.03 15:55:00;2025.12.04 07:40:00;4235.89000000;4183.10000000;4341.47000000;4185.32000000;OTHER;-0.9579;0.1093;-1.0398;189;London
MSZZC1|6:XAUUSD|1:5|2:-1|1:2|67:BO|XAUUSD|5|1|S|1764833700|MSZZ|XAUUSD|5|1|-1|1764824400|1764824400;1012;XAUUSD;PERIOD_M5;SHORT;2025.12.04 07:35:00;2025.12.04 07:40:00;2025.12.04 11:59:57;4185.32000000;4200.86000000;4154.24000000;4200.86000000;SL;-1.0000;0.6673;-1.1055;51;Asian
MSZZC1|6:XAUUSD|1:5|1:1|1:2|66:BO|XAUUSD|5|1|L|1764853500|MSZZ|XAUUSD|5|1|1|1764850200|1764852900;1012;XAUUSD;PERIOD_M5;LONG;2025.12.04 13:05:00;2025.12.04 13:10:00;2025.12.04 14:04:58;4205.25000000;4196.55000000;4222.65000000;4196.55000000;SL;-1.0000;0.1425;-1.1218;10;London
MSZZC1|6:XAUUSD|1:5|2:-1|1:2|67:BO|XAUUSD|5|1|S|1764856800|MSZZ|XAUUSD|5|1|-1|1764852900|1764853500;1012;XAUUSD;PERIOD_M5;SHORT;2025.12.04 14:00:00;2025.12.04 14:05:00;2025.12.04 16:19:57;4195.89000000;4206.49000000;4174.69000000;4206.49000000;SL;-1.0000;0.9906;-1.0198;26;London
MSZZC1|6:XAUUSD|1:5|1:1|1:2|66:BO|XAUUSD|5|1|L|1764872400|MSZZ|XAUUSD|5|1|1|1764865800|1764866100;1012;XAUUSD;PERIOD_M5;LONG;2025.12.04 18:20:00;2025.12.04 18:25:00;2025.12.04 19:10:00;4218.62000000;4191.18000000;4273.50000000;4210.79000000;OTHER;-0.2853;0.0160;-0.4085;9;NewYork
MSZZC1|6:XAUUSD|1:5|2:-1|1:2|67:BO|XAUUSD|5|1|S|1764875100|MSZZ|XAUUSD|5|1|-1|1764873600|1764874500;1012;XAUUSD;PERIOD_M5;SHORT;2025.12.04 19:05:00;2025.12.04 19:10:00;2025.12.05 04:45:00;4210.79000000;4219.28000000;4193.81000000;4204.78000000;OTHER;0.7079;1.8975;-0.7974;115;NewYork
MSZZC1|6:XAUUSD|1:5|1:1|1:2|66:BO|XAUUSD|5|1|L|1764909600|MSZZ|XAUUSD|5|1|1|1764907200|1764908400;1012;XAUUSD;PERIOD_M5;LONG;2025.12.05 04:40:00;2025.12.05 04:45:00;2025.12.05 07:34:57;4204.78000000;4196.72000000;4220.90000000;4220.90000000;TP;2.0000;2.0434;-0.3734;33;Asian
MSZZC1|6:XAUUSD|1:5|1:1|1:2|66:BO|XAUUSD|5|1|L|1764920400|MSZZ|XAUUSD|5|1|1|1764910800|1764911400;1012;XAUUSD;PERIOD_M5;LONG;2025.12.05 07:40:00;2025.12.05 07:45:00;2025.12.05 18:15:00;4220.23000000;4196.72000000;4267.25000000;4203.35000000;OTHER;-0.7180;1.6601;-0.7758;126;Asian
MSZZC1|6:XAUUSD|1:5|2:-1|1:2|67:BO|XAUUSD|5|1|S|1764958200|MSZZ|XAUUSD|5|1|-1|1764909300|1764909600;1012;XAUUSD;PERIOD_M5;SHORT;2025.12.05 18:10:00;2025.12.05 18:15:00;2025.12.05 18:19:57;4203.35000000;4208.94000000;4192.17000000;4208.94000000;SL;-1.0000;0.2433;-1.1843;0;NewYork
MSZZC1|6:XAUUSD|1:5|2:-1|1:2|67:BO|XAUUSD|5|1|S|1765248000|MSZZ|XAUUSD|5|1|-1|1765246200|1765246200;1012;XAUUSD;PERIOD_M5;SHORT;2025.12.09 02:40:00;2025.12.09 02:45:00;2025.12.09 03:04:58;4192.06000000;4195.41000000;4185.36000000;4195.41000000;SL;-1.0000;0.9910;-1.3045;3;Asian
MSZZC1|6:XAUUSD|1:5|2:-1|1:2|67:BO|XAUUSD|5|1|S|1765253400|MSZZ|XAUUSD|5|1|-1|1765246200|1765246200;1012;XAUUSD;PERIOD_M5;SHORT;2025.12.09 04:10:00;2025.12.09 04:15:00;2025.12.09 05:24:58;4190.59000000;4196.43000000;4178.91000000;4196.43000000;SL;-1.0000;0.7842;-1.2586;13;Asian
MSZZC1|6:XAUUSD|1:5|2:-1|1:2|67:BO|XAUUSD|5|1|S|1765267200|MSZZ|XAUUSD|5|1|-1|1765254600|1765256400;1012;XAUUSD;PERIOD_M5;SHORT;2025.12.09 08:00:00;2025.12.09 08:05:00;2025.12.09 10:05:00;4177.33000000;4198.78000000;4134.43000000;4186.60000000;OTHER;-0.4322;0.3315;-0.4615;24;London
MSZZC1|6:XAUUSD|1:5|1:1|1:2|66:BO|XAUUSD|5|1|L|1765274400|MSZZ|XAUUSD|5|1|1|1765271100|1765272000;1012;XAUUSD;PERIOD_M5;LONG;2025.12.09 10:00:00;2025.12.09 10:05:00;2025.12.09 11:19:58;4186.60000000;4175.86000000;4208.08000000;4208.08000000;TP;2.0000;2.2691;-0.3352;14;London
MSZZC1|6:XAUUSD|1:5|1:1|1:2|66:BO|XAUUSD|5|1|L|1765281600|MSZZ|XAUUSD|5|1|1|1765278000|1765278000;1012;XAUUSD;PERIOD_M5;LONG;2025.12.09 12:00:00;2025.12.09 12:05:00;2025.12.10 04:15:00;4205.13000000;4175.86000000;4263.67000000;4215.06000000;OTHER;0.3393;0.5610;-0.5378;194;London
MSZZC1|6:XAUUSD|1:5|2:-1|1:2|67:BO|XAUUSD|5|1|S|1765339800|MSZZ|XAUUSD|5|1|-1|1765338000|1765339500;1012;XAUUSD;PERIOD_M5;SHORT;2025.12.10 04:10:00;2025.12.10 04:15:00;2025.12.10 04:44:58;4215.06000000;4218.12000000;4208.94000000;4218.12000000;SL;-1.0000;1.1373;-1.2353;5;Asian
MSZZC1|6:XAUUSD|1:5|1:1|1:2|66:BO|XAUUSD|5|1|L|1765341600|MSZZ|XAUUSD|5|1|1|1765339800|1765340400;1012;XAUUSD;PERIOD_M5;LONG;2025.12.10 04:40:00;2025.12.10 04:45:00;2025.12.10 05:14:57;4217.69000000;4211.74000000;4229.59000000;4211.74000000;SL;-1.0000;0.0454;-1.2773;5;Asian
MSZZC1|6:XAUUSD|1:5|2:-1|1:2|67:BO|XAUUSD|5|1|S|1765343700|MSZZ|XAUUSD|5|1|-1|1765343400|1765343400;1012;XAUUSD;PERIOD_M5;SHORT;2025.12.10 05:15:00;2025.12.10 05:20:00;2025.12.10 12:09:57;4209.06000000;4217.65000000;4191.88000000;4191.88000000;TP;2.0000;2.0361;-0.6135;81;Asian
MSZZC1|6:XAUUSD|1:5|2:-1|1:2|67:BO|XAUUSD|5|1|S|1765376100|MSZZ|XAUUSD|5|1|-1|1765343400|1765343400;1012;XAUUSD;PERIOD_M5;SHORT;2025.12.10 14:15:00;2025.12.10 14:20:00;2025.12.10 21:09:58;4199.57000000;4217.65000000;4163.41000000;4217.65000000;SL;-1.0000;0.5802;-1.0658;81;London
MSZZC1|6:XAUUSD|1:5|2:-1|1:2|67:BO|XAUUSD|5|1|S|1765402800|MSZZ|XAUUSD|5|1|-1|1765401900|1765401900;1012;XAUUSD;PERIOD_M5;SHORT;2025.12.10 21:40:00;2025.12.10 21:45:00;2025.12.10 22:04:58;4187.49000000;4218.84000000;4124.79000000;4218.84000000;SL;-1.0000;0.0344;-1.2000;3;NewYork
MSZZC1|6:XAUUSD|1:5|1:1|1:2|66:BO|XAUUSD|5|1|L|1765404000|MSZZ|XAUUSD|5|1|1|1765400700|1765400700;1012;XAUUSD;PERIOD_M5;LONG;2025.12.10 22:00:00;2025.12.10 22:05:00;2025.12.11 19:24:57;4223.91000000;4195.00000000;4281.73000000;4281.73000000;TP;2.0000;2.0014;-0.6769;255;NewYork
MSZZC1|6:XAUUSD|1:5|1:1|1:2|66:BO|XAUUSD|5|1|L|1765482000|MSZZ|XAUUSD|5|1|1|1765478700|1765478700;1012;XAUUSD;PERIOD_M5;LONG;2025.12.11 19:40:00;2025.12.11 19:45:00;2025.12.12 22:15:00;4277.96000000;4234.93000000;4364.02000000;4299.90000000;OTHER;0.5099;1.7585;-0.4917;318;NewYork
MSZZC1|6:XAUUSD|1:5|2:-1|1:2|67:BO|XAUUSD|5|1|S|1765577400|MSZZ|XAUUSD|5|1|-1|1765573800|1765576800;1012;XAUUSD;PERIOD_M5;SHORT;2025.12.12 22:10:00;2025.12.12 22:15:00;2025.12.12 22:29:58;4299.90000000;4303.56000000;4292.58000000;4292.58000000;TP;2.0000;2.3825;-0.2459;2;NewYork
MSZZC1|6:XAUUSD|1:5|1:1|1:2|66:BO|XAUUSD|5|1|L|1765581900|MSZZ|XAUUSD|5|1|1|1765579500|1765580100;1012;XAUUSD;PERIOD_M5;LONG;2025.12.12 23:25:00;2025.12.12 23:30:00;2025.12.15 02:50:00;4303.29000000;4288.55000000;4332.77000000;4305.05000000;OTHER;0.1194;0.3460;-0.8277;616;NewYork
MSZZC1|6:XAUUSD|1:5|2:-1|1:2|67:BO|XAUUSD|5|1|S|1765766700|MSZZ|XAUUSD|5|1|-1|1765764300|1765766400;1012;XAUUSD;PERIOD_M5;SHORT;2025.12.15 02:45:00;2025.12.15 02:50:00;2025.12.15 03:04:58;4305.05000000;4308.39000000;4298.37000000;4308.39000000;SL;-1.0000;0.4701;-2.6766;2;Asian
MSZZC1|6:XAUUSD|1:5|1:1|1:2|66:BO|XAUUSD|5|1|L|1765769400|MSZZ|XAUUSD|5|1|1|1765767600|1765767600;1012;XAUUSD;PERIOD_M5;LONG;2025.12.15 03:30:00;2025.12.15 03:35:00;2025.12.15 18:19:58;4317.52000000;4300.02000000;4352.52000000;4300.02000000;SL;-1.0000;1.8737;-1.0171;176;Asian
MSZZC1|6:XAUUSD|1:5|2:-1|1:2|67:BO|XAUUSD|5|1|S|1765836600|MSZZ|XAUUSD|5|1|-1|1765834200|1765835700;1012;XAUUSD;PERIOD_M5;SHORT;2025.12.15 22:10:00;2025.12.15 22:15:00;2025.12.15 22:24:58;4311.79000000;4317.73000000;4299.91000000;4299.91000000;TP;2.0000;2.0572;-0.0017;1;NewYork
MSZZC1|6:XAUUSD|1:5|2:-1|1:2|67:BO|XAUUSD|5|1|S|1765850100|MSZZ|XAUUSD|5|1|-1|1765839900|1765846800;1012;XAUUSD;PERIOD_M5;SHORT;2025.12.16 01:55:00;2025.12.16 02:00:00;2025.12.16 02:29:58;4304.31000000;4309.80000000;4293.33000000;4309.80000000;SL;-1.0000;0.2933;-1.0510;5;Asian
MSZZC1|6:XAUUSD|1:5|1:1|1:2|66:BO|XAUUSD|5|1|L|1765852500|MSZZ|XAUUSD|5|1|1|1765846800|1765849500;1012;XAUUSD;PERIOD_M5;LONG;2025.12.16 02:35:00;2025.12.16 02:40:00;2025.12.16 03:04:58;4312.50000000;4302.70000000;4332.10000000;4302.70000000;SL;-1.0000;0.0204;-1.0020;4;Asian
MSZZC1|6:XAUUSD|1:5|1:1|1:2|66:BO|XAUUSD|5|1|L|1765855800|MSZZ|XAUUSD|5|1|1|1765852500|1765853400;1012;XAUUSD;PERIOD_M5;LONG;2025.12.16 03:30:00;2025.12.16 03:35:00;2025.12.16 04:54:58;4315.43000000;4302.68000000;4340.93000000;4302.68000000;SL;-1.0000;0.1976;-1.7459;15;Asian
MSZZC1|6:XAUUSD|1:5|2:-1|1:2|67:BO|XAUUSD|5|1|S|1765860900|MSZZ|XAUUSD|5|1|-1|1765860600|1765860600;1012;XAUUSD;PERIOD_M5;SHORT;2025.12.16 04:55:00;2025.12.16 05:00:00;2025.12.16 16:00:00;4289.95000000;4317.95000000;4233.95000000;4313.22000000;OTHER;-0.8311;0.6443;-1.0664;132;Asian
MSZZC1|6:XAUUSD|1:5|1:1|1:2|66:BO|XAUUSD|5|1|L|1765900500|MSZZ|XAUUSD|5|1|1|1765899000|1765899000;1012;XAUUSD;PERIOD_M5;LONG;2025.12.16 15:55:00;2025.12.16 16:00:00;2025.12.16 18:10:00;4313.22000000;4299.52000000;4340.62000000;4316.31000000;OTHER;0.2255;1.5905;-0.1328;26;NewYork
MSZZC1|6:XAUUSD|1:5|2:-1|1:2|67:BO|XAUUSD|5|1|S|1765908300|MSZZ|XAUUSD|5|1|-1|1765905600|1765906200;1012;XAUUSD;PERIOD_M5;SHORT;2025.12.16 18:05:00;2025.12.16 18:10:00;2025.12.17 07:24:58;4316.31000000;4335.01000000;4278.91000000;4335.01000000;SL;-1.0000;1.3594;-1.1658;158;NewYork
MSZZC1|6:XAUUSD|1:5|1:1|1:2|66:BO|XAUUSD|5|1|L|1765957200|MSZZ|XAUUSD|5|1|1|1765956000|1765956300;1012;XAUUSD;PERIOD_M5;LONG;2025.12.17 07:40:00;2025.12.17 07:45:00;2025.12.17 10:09:57;4338.46000000;4312.19000000;4391.00000000;4312.19000000;SL;-1.0000;0.1492;-1.1549;28;Asian
MSZZC1|6:XAUUSD|1:5|1:1|1:2|66:BO|XAUUSD|5|1|L|1765973400|MSZZ|XAUUSD|5|1|1|1765969500|1765972500;1012;XAUUSD;PERIOD_M5;LONG;2025.12.17 12:10:00;2025.12.17 12:15:00;2025.12.17 12:35:00;4319.69000000;4308.12000000;4342.83000000;4313.51000000;OTHER;-0.5341;0.2204;-1.1824;4;London
MSZZC1|6:XAUUSD|1:5|2:-1|1:2|67:BO|XAUUSD|5|1|S|1765974600|MSZZ|XAUUSD|5|1|-1|1765972500|1765974000;1012;XAUUSD;PERIOD_M5;SHORT;2025.12.17 12:30:00;2025.12.17 12:35:00;2025.12.17 14:24:57;4313.51000000;4322.24000000;4296.05000000;4322.24000000;SL;-1.0000;0.8591;-1.1329;21;London
MSZZC1|6:XAUUSD|1:5|1:1|1:2|66:BO|XAUUSD|5|1|L|1765981500|MSZZ|XAUUSD|5|1|1|1765974300|1765974600;1012;XAUUSD;PERIOD_M5;LONG;2025.12.17 14:25:00;2025.12.17 14:30:00;2025.12.17 14:54:57;4321.48000000;4316.08000000;4332.28000000;4316.08000000;SL;-1.0000;0.1685;-1.0315;4;London
MSZZC1|6:XAUUSD|1:5|1:1|1:2|66:BO|XAUUSD|5|1|L|1765983600|MSZZ|XAUUSD|5|1|1|1765974300|1765974600;1012;XAUUSD;PERIOD_M5;LONG;2025.12.17 15:00:00;2025.12.17 15:05:00;2025.12.17 15:34:58;4321.71000000;4316.08000000;4332.97000000;4332.97000000;TP;2.0000;2.5542;-0.2043;5;London
MSZZC1|6:XAUUSD|1:5|1:1|1:2|66:BO|XAUUSD|5|1|L|1766370000|MSZZ|XAUUSD|5|1|1|1766368800|1766368800;1012;XAUUSD;PERIOD_M5;LONG;2025.12.22 02:20:00;2025.12.22 02:25:00;2025.12.22 17:59:58;4364.80000000;4329.58000000;4435.24000000;4435.24000000;TP;2.0000;2.0105;-0.0980;186;Asian
MSZZC1|6:XAUUSD|1:5|2:-1|1:2|67:BO|XAUUSD|5|1|S|1767047700|MSZZ|XAUUSD|5|1|-1|1767037200|1767038400;1012;XAUUSD;PERIOD_M5;SHORT;2025.12.29 22:35:00;2025.12.29 22:40:00;2025.12.30 01:05:00;4330.38000000;4344.64000000;4301.86000000;4340.54000000;OTHER;-0.7125;0.2132;-1.1711;29;NewYork
MSZZC1|6:XAUUSD|1:5|1:1|1:2|66:BO|XAUUSD|5|1|L|1767056400|MSZZ|XAUUSD|5|1|1|1767049800|1767051300;1012;XAUUSD;PERIOD_M5;LONG;2025.12.30 01:00:00;2025.12.30 01:05:00;2025.12.30 01:19:58;4340.54000000;4327.34000000;4366.94000000;4327.34000000;SL;-1.0000;0.4955;-1.3159;2;Asian
MSZZC1|6:XAUUSD|1:5|2:-1|1:2|67:BO|XAUUSD|5|1|S|1767063600|MSZZ|XAUUSD|5|1|-1|1767051600|1767056400;1012;XAUUSD;PERIOD_M5;SHORT;2025.12.30 03:00:00;2025.12.30 03:05:00;2025.12.30 03:44:58;4327.91000000;4347.08000000;4289.57000000;4347.08000000;SL;-1.0000;0.1836;-1.1116;7;Asian
MSZZC1|6:XAUUSD|1:5|1:1|1:2|66:BO|XAUUSD|5|1|L|1767066900|MSZZ|XAUUSD|5|1|1|1767056700|1767057300;1012;XAUUSD;PERIOD_M5;LONG;2025.12.30 03:55:00;2025.12.30 04:00:00;2025.12.30 14:25:00;4360.33000000;4327.34000000;4426.31000000;4396.69000000;OTHER;1.1022;1.1791;-0.3450;125;Asian
MSZZC1|6:XAUUSD|1:5|2:-1|1:2|67:BO|XAUUSD|5|1|S|1767104400|MSZZ|XAUUSD|5|1|-1|1767024000|1767024000;1012;XAUUSD;PERIOD_M5;SHORT;2025.12.30 14:20:00;2025.12.30 14:25:00;2025.12.30 16:49:58;4396.69000000;4413.28000000;4363.51000000;4363.51000000;TP;2.0000;2.4635;-0.4503;28;London
MSZZC1|6:XAUUSD|1:5|1:1|1:2|66:BO|XAUUSD|5|1|L|1767772800|MSZZ|XAUUSD|5|1|1|1767714600|1767714600;1012;XAUUSD;PERIOD_M5;LONG;2026.01.07 08:00:00;2026.01.07 08:05:00;2026.01.07 08:29:57;4456.78000000;4452.57000000;4465.20000000;4452.57000000;SL;-1.0000;0.8931;-1.0784;4;London
MSZZC1|6:XAUUSD|1:5|1:1|1:2|66:BO|XAUUSD|5|1|L|1767777900|MSZZ|XAUUSD|5|1|1|1767714600|1767714600;1012;XAUUSD;PERIOD_M5;LONG;2026.01.07 09:25:00;2026.01.07 09:30:00;2026.01.07 09:49:58;4455.27000000;4452.57000000;4460.67000000;4460.67000000;TP;2.0000;3.3259;-0.5704;3;London
MSZZC1|6:XAUUSD|1:5|1:1|1:2|66:BO|XAUUSD|5|1|L|1767800700|MSZZ|XAUUSD|5|1|1|1767796500|1767797700;1012;XAUUSD;PERIOD_M5;LONG;2026.01.07 15:45:00;2026.01.07 15:50:00;2026.01.07 17:14:58;4447.20000000;4429.24000000;4483.12000000;4429.24000000;SL;-1.0000;0.4048;-1.1676;16;London
MSZZC1|6:XAUUSD|1:5|1:1|1:2|66:BO|XAUUSD|5|1|L|1767810000|MSZZ|XAUUSD|5|1|1|1767804900|1767805200;1012;XAUUSD;PERIOD_M5;LONG;2026.01.07 18:20:00;2026.01.07 18:25:00;2026.01.08 07:14:58;4458.91000000;4426.23000000;4524.27000000;4426.23000000;SL;-1.0000;0.2925;-1.0110;153;NewYork
MSZZC1|6:XAUUSD|1:5|1:1|1:2|66:BO|XAUUSD|5|1|L|1767882000|MSZZ|XAUUSD|5|1|1|1767574800|1767574800;1012;XAUUSD;PERIOD_M5;LONG;2026.01.08 14:20:00;2026.01.08 14:25:00;2026.01.12 15:44:57;4415.63000000;4317.22000000;4612.45000000;4612.45000000;TP;2.0000;2.0083;-0.0267;1167;London
MSZZC1|6:XAUUSD|1:5|1:1|1:2|66:BO|XAUUSD|5|1|L|1768585200|MSZZ|XAUUSD|5|1|1|1768179600|1768179600;1012;XAUUSD;PERIOD_M5;LONG;2026.01.16 17:40:00;2026.01.16 17:45:00;2026.01.19 01:09:58;4555.68000000;4502.35000000;4662.34000000;4662.34000000;TP;2.0000;2.0071;-0.0036;664;NewYork
MSZZC1|6:XAUUSD|1:5|2:-1|1:2|67:BO|XAUUSD|5|1|S|1769804100|MSZZ|XAUUSD|5|1|-1|1769802900|1769803200;1012;XAUUSD;PERIOD_M5;SHORT;2026.01.30 20:15:00;2026.01.30 20:20:00;2026.01.30 21:49:57;4755.78000000;4930.95000000;4405.44000000;4930.95000000;SL;-1.0000;0.4186;-1.0173;17;NewYork
MSZZC1|6:XAUUSD|1:5|2:-1|1:2|67:BO|XAUUSD|5|1|S|1769994900|MSZZ|XAUUSD|5|1|-1|1769994600|1769994600;1012;XAUUSD;PERIOD_M5;SHORT;2026.02.02 01:15:00;2026.02.02 01:20:00;2026.02.03 09:29:58;4717.05000000;4895.91000000;4359.33000000;4895.91000000;SL;-1.0000;1.7613;-1.0311;385;Asian
MSZZC1|6:XAUUSD|1:5|2:-1|1:2|67:BO|XAUUSD|5|1|S|1770175500|MSZZ|XAUUSD|5|1|-1|1769769000|1769769000;1012;XAUUSD;PERIOD_M5;SHORT;2026.02.04 03:25:00;2026.02.04 03:30:00;2026.02.04 17:34:58;5037.56000000;5095.37000000;4921.94000000;4921.94000000;TP;2.0000;2.1299;-0.9457;168;Asian
MSZZC1|6:XAUUSD|1:5|2:-1|1:2|67:BO|XAUUSD|5|1|S|1770666900|MSZZ|XAUUSD|5|1|-1|1770666600|1770666600;1012;XAUUSD;PERIOD_M5;SHORT;2026.02.09 19:55:00;2026.02.09 20:00:00;2026.02.09 22:14:58;5046.14000000;5080.86000000;4976.70000000;5080.86000000;SL;-1.0000;0.0493;-0.9945;26;NewYork
MSZZC1|6:XAUUSD|1:5|1:1|1:2|66:BO|XAUUSD|5|1|L|1770675600|MSZZ|XAUUSD|5|1|1|1770662700|1770663600;1012;XAUUSD;PERIOD_M5;LONG;2026.02.09 22:20:00;2026.02.09 22:25:00;2026.02.10 01:09:59;5080.70000000;5046.66000000;5148.78000000;5046.66000000;SL;-1.0000;0.1669;-1.4271;32;NewYork
MSZZC1|6:XAUUSD|1:5|2:-1|1:2|67:BO|XAUUSD|5|1|S|1770721800|MSZZ|XAUUSD|5|1|-1|1770679500|1770679500;1012;XAUUSD;PERIOD_M5;SHORT;2026.02.10 11:10:00;2026.02.10 11:15:00;2026.02.10 16:34:58;5051.75000000;5076.55000000;5002.15000000;5076.55000000;SL;-1.0000;1.2855;-1.0782;63;London
MSZZC1|6:XAUUSD|1:5|2:-1|1:2|67:BO|XAUUSD|5|1|S|1770741900|MSZZ|XAUUSD|5|1|-1|1770679500|1770679500;1012;XAUUSD;PERIOD_M5;SHORT;2026.02.10 16:45:00;2026.02.10 16:50:00;2026.02.11 12:24:58;5030.16000000;5076.55000000;4937.38000000;5076.55000000;SL;-1.0000;0.6922;-0.9961;234;NewYork
MSZZC1|6:XAUUSD|1:5|2:-1|1:2|67:BO|XAUUSD|5|1|S|1770823800|MSZZ|XAUUSD|5|1|-1|1770679500|1770679500;1012;XAUUSD;PERIOD_M5;SHORT;2026.02.11 15:30:00;2026.02.11 15:35:00;2026.02.11 16:09:58;5050.07000000;5076.55000000;4997.11000000;5076.55000000;SL;-1.0000;0.3554;-1.0514;6;London
MSZZC1|6:XAUUSD|1:5|2:-1|1:2|67:BO|XAUUSD|5|1|S|1770827700|MSZZ|XAUUSD|5|1|-1|1770679500|1770679500;1012;XAUUSD;PERIOD_M5;SHORT;2026.02.11 16:35:00;2026.02.11 16:40:00;2026.02.11 17:09:58;5045.50000000;5076.55000000;4983.40000000;5076.55000000;SL;-1.0000;0.3311;-1.1691;5;NewYork
MSZZC1|6:XAUUSD|1:5|2:-1|1:2|67:BO|XAUUSD|5|1|S|1770830400|MSZZ|XAUUSD|5|1|-1|1770679500|1770679500;1012;XAUUSD;PERIOD_M5;SHORT;2026.02.11 17:20:00;2026.02.11 17:25:00;2026.02.11 18:39:57;5049.87000000;5076.55000000;4996.51000000;5076.55000000;SL;-1.0000;0.3951;-1.0067;14;NewYork
MSZZC1|6:XAUUSD|1:5|2:-1|1:2|67:BO|XAUUSD|5|1|S|1770849000|MSZZ|XAUUSD|5|1|-1|1770846900|1770847800;1012;XAUUSD;PERIOD_M5;SHORT;2026.02.11 22:30:00;2026.02.11 22:35:00;2026.02.11 22:45:00;5080.17000000;5088.97000000;5062.57000000;5086.89000000;OTHER;-0.7636;0.0136;-0.9727;2;NewYork
MSZZC1|6:XAUUSD|1:5|1:1|1:2|66:BO|XAUUSD|5|1|L|1770849600|MSZZ|XAUUSD|5|1|1|1770848100|1770849000;1012;XAUUSD;PERIOD_M5;LONG;2026.02.11 22:40:00;2026.02.11 22:45:00;2026.02.11 23:34:58;5086.89000000;5077.00000000;5106.67000000;5077.00000000;SL;-1.0000;0.6218;-1.7058;9;NewYork
MSZZC1|6:XAUUSD|1:5|2:-1|1:2|67:BO|XAUUSD|5|1|S|1770852600|MSZZ|XAUUSD|5|1|-1|1770849000|1770849900;1012;XAUUSD;PERIOD_M5;SHORT;2026.02.11 23:30:00;2026.02.11 23:35:00;2026.02.12 01:04:58;5077.17000000;5093.04000000;5045.43000000;5093.04000000;SL;-1.0000;0.0857;-1.4650;17;NewYork
MSZZC1|6:XAUUSD|1:5|2:-1|1:2|67:BO|XAUUSD|5|1|S|1770858300|MSZZ|XAUUSD|5|1|-1|1770849000|1770849900;1012;XAUUSD;PERIOD_M5;SHORT;2026.02.12 01:05:00;2026.02.12 01:10:00;2026.02.12 01:14:58;5082.87000000;5093.04000000;5062.53000000;5062.53000000;TP;2.0000;2.9636;-0.0167;0;Asian
MSZZC1|6:XAUUSD|1:5|1:1|1:2|66:BO|XAUUSD|5|1|L|1771017600|MSZZ|XAUUSD|5|1|1|1770598800|1770598800;1012;XAUUSD;PERIOD_M5;LONG;2026.02.13 21:20:00;2026.02.13 21:25:00;2026.02.16 04:50:00;5044.73000000;4948.46000000;5237.27000000;4999.02000000;OTHER;-0.4748;0.0748;-0.5457;665;NewYork
MSZZC1|6:XAUUSD|1:5|2:-1|1:2|67:BO|XAUUSD|5|1|S|1771217100|MSZZ|XAUUSD|5|1|-1|1771216500|1771216500;1012;XAUUSD;PERIOD_M5;SHORT;2026.02.16 04:45:00;2026.02.16 04:50:00;2026.02.17 02:54:58;4999.02000000;5023.00000000;4951.06000000;4951.06000000;TP;2.0000;2.1084;-0.7615;264;Asian
MSZZC1|6:XAUUSD|1:5|2:-1|1:2|67:BO|XAUUSD|5|1|S|1771502100|MSZZ|XAUUSD|5|1|-1|1771500300|1771500300;1012;XAUUSD;PERIOD_M5;SHORT;2026.02.19 11:55:00;2026.02.19 12:00:00;2026.02.19 17:34:58;4995.43000000;5022.13000000;4942.03000000;5022.13000000;SL;-1.0000;1.2146;-1.0086;66;London
MSZZC1|6:XAUUSD|1:5|2:-1|1:2|67:BO|XAUUSD|5|1|S|1771530600|MSZZ|XAUUSD|5|1|-1|1771525500|1771526400;1012;XAUUSD;PERIOD_M5;SHORT;2026.02.19 19:50:00;2026.02.19 19:55:00;2026.02.19 22:00:00;4986.74000000;5008.85000000;4942.52000000;4988.05000000;OTHER;-0.0592;0.5102;-0.2411;25;NewYork
MSZZC1|6:XAUUSD|1:5|1:1|1:2|66:BO|XAUUSD|5|1|L|1771538100|MSZZ|XAUUSD|5|1|1|1771536000|1771536900;1012;XAUUSD;PERIOD_M5;LONG;2026.02.19 21:55:00;2026.02.19 22:00:00;2026.02.19 23:55:00;4988.05000000;4978.38000000;5007.39000000;4993.54000000;OTHER;0.5677;1.6743;-0.0196;23;NewYork
MSZZC1|6:XAUUSD|1:5|2:-1|1:2|67:BO|XAUUSD|5|1|S|1771545000|MSZZ|XAUUSD|5|1|-1|1771543200|1771544400;1012;XAUUSD;PERIOD_M5;SHORT;2026.02.19 23:50:00;2026.02.19 23:55:00;2026.02.20 01:04:57;4993.54000000;5004.24000000;4972.14000000;5004.24000000;SL;-1.0000;0.0252;-1.0150;13;NewYork
MSZZC1|6:XAUUSD|1:5|1:1|1:2|66:BO|XAUUSD|5|1|L|1771549200|MSZZ|XAUUSD|5|1|1|1771545300|1771545300;1012;XAUUSD;PERIOD_M5;LONG;2026.02.20 01:00:00;2026.02.20 01:05:00;2026.02.20 01:54:58;5002.15000000;4992.01000000;5022.43000000;4992.01000000;SL;-1.0000;0.5740;-1.0197;9;Asian
MSZZC1|6:XAUUSD|1:5|1:1|1:2|66:BO|XAUUSD|5|1|L|1771552800|MSZZ|XAUUSD|5|1|1|1771545300|1771545300;1012;XAUUSD;PERIOD_M5;LONG;2026.02.20 02:00:00;2026.02.20 02:05:00;2026.02.20 02:09:58;4993.70000000;4992.01000000;4997.08000000;4992.01000000;SL;-1.0000;1.2722;-1.0769;0;Asian
MSZZC1|6:XAUUSD|1:5|2:-1|1:2|67:BO|XAUUSD|5|1|S|1771563000|MSZZ|XAUUSD|5|1|-1|1771560000|1771560000;1012;XAUUSD;PERIOD_M5;SHORT;2026.02.20 04:50:00;2026.02.20 04:55:00;2026.02.20 08:04:58;4993.67000000;5014.96000000;4951.09000000;5014.96000000;SL;-1.0000;0.5622;-1.1306;37;Asian
MSZZC1|6:XAUUSD|1:5|2:-1|1:2|67:BO|XAUUSD|5|1|S|1772544300|MSZZ|XAUUSD|5|1|-1|1772543100|1772543100;1012;XAUUSD;PERIOD_M5;SHORT;2026.03.03 13:25:00;2026.03.03 13:30:00;2026.03.03 14:14:58;5126.68000000;5180.54000000;5018.96000000;5180.54000000;SL;-1.0000;0.9909;-1.2323;8;London
MSZZC1|6:XAUUSD|1:5|2:-1|1:2|67:BO|XAUUSD|5|1|S|1772550300|MSZZ|XAUUSD|5|1|-1|1772543100|1772543100;1012;XAUUSD;PERIOD_M5;SHORT;2026.03.03 15:05:00;2026.03.03 15:10:00;2026.03.03 15:24:57;5152.56000000;5180.54000000;5096.60000000;5180.54000000;SL;-1.0000;0.2144;-1.1401;2;London
MSZZC1|6:XAUUSD|1:5|2:-1|1:2|67:BO|XAUUSD|5|1|S|1772552100|MSZZ|XAUUSD|5|1|-1|1772543100|1772543100;1012;XAUUSD;PERIOD_M5;SHORT;2026.03.03 15:35:00;2026.03.03 15:40:00;2026.03.03 16:39:57;5158.07000000;5180.54000000;5113.13000000;5113.13000000;TP;2.0000;2.4695;-0.7895;11;London
MSZZC1|6:XAUUSD|1:5|2:-1|1:2|67:BO|XAUUSD|5|1|S|1772594400|MSZZ|XAUUSD|5|1|-1|1772543100|1772543100;1012;XAUUSD;PERIOD_M5;SHORT;2026.03.04 03:20:00;2026.03.04 03:25:00;2026.03.04 04:09:58;5159.01000000;5180.54000000;5115.95000000;5180.54000000;SL;-1.0000;0.7631;-1.1969;8;Asian
MSZZC1|6:XAUUSD|1:5|2:-1|1:2|67:BO|XAUUSD|5|1|S|1772600100|MSZZ|XAUUSD|5|1|-1|1772543100|1772543100;1012;XAUUSD;PERIOD_M5;SHORT;2026.03.04 04:55:00;2026.03.04 05:00:00;2026.03.04 06:14:57;5156.43000000;5180.54000000;5108.21000000;5180.54000000;SL;-1.0000;0.6358;-1.0294;14;Asian
MSZZC1|6:XAUUSD|1:5|2:-1|1:2|67:BO|XAUUSD|5|1|S|1772606700|MSZZ|XAUUSD|5|1|-1|1772543100|1772543100;1012;XAUUSD;PERIOD_M5;SHORT;2026.03.04 06:45:00;2026.03.04 06:50:00;2026.03.04 10:49:58;5155.34000000;5180.54000000;5104.94000000;5180.54000000;SL;-1.0000;1.6167;-1.0369;47;Asian
MSZZC1|6:XAUUSD|1:5|2:-1|1:2|67:BO|XAUUSD|5|1|S|1772642700|MSZZ|XAUUSD|5|1|-1|1772543100|1772543100;1012;XAUUSD;PERIOD_M5;SHORT;2026.03.04 16:45:00;2026.03.04 16:50:00;2026.03.05 03:09:58;5155.61000000;5181.03000000;5104.77000000;5181.03000000;SL;-1.0000;1.8340;-1.0201;123;NewYork
MSZZC1|6:XAUUSD|1:5|2:-1|1:2|67:BO|XAUUSD|5|1|S|1772697300|MSZZ|XAUUSD|5|1|-1|1772543100|1772543100;1012;XAUUSD;PERIOD_M5;SHORT;2026.03.05 07:55:00;2026.03.05 08:00:00;2026.03.05 11:19:57;5148.77000000;5181.03000000;5084.25000000;5181.03000000;SL;-1.0000;0.9089;-0.9947;39;London
MSZZC1|6:XAUUSD|1:5|2:-1|1:2|67:BO|XAUUSD|5|1|S|1772712000|MSZZ|XAUUSD|5|1|-1|1772543100|1772543100;1012;XAUUSD;PERIOD_M5;SHORT;2026.03.05 12:00:00;2026.03.05 12:05:00;2026.03.05 15:24:58;5150.07000000;5181.03000000;5088.15000000;5088.15000000;TP;2.0000;2.1340;-0.6932;39;London
MSZZC1|6:XAUUSD|1:5|2:-1|1:2|67:BO|XAUUSD|5|1|S|1773177000|MSZZ|XAUUSD|5|1|-1|1773176400|1773176400;1012;XAUUSD;PERIOD_M5;SHORT;2026.03.10 21:10:00;2026.03.10 21:15:00;2026.03.10 21:19:58;5216.30000000;5235.39000000;5178.12000000;5178.12000000;TP;2.0000;3.0278;-0.1310;0;NewYork
MSZZC1|6:XAUUSD|1:5|1:1|1:2|66:BO|XAUUSD|5|1|L|1773202500|MSZZ|XAUUSD|5|1|1|1773173400|1773173700;1012;XAUUSD;PERIOD_M5;LONG;2026.03.11 04:15:00;2026.03.11 04:20:00;2026.03.11 04:24:58;5220.14000000;5217.95000000;5224.52000000;5217.95000000;SL;-1.0000;1.2968;-3.3607;0;Asian
MSZZC1|6:XAUUSD|1:5|1:1|1:2|66:BO|XAUUSD|5|1|L|1773203400|MSZZ|XAUUSD|5|1|1|1773173400|1773173700;1012;XAUUSD;PERIOD_M5;LONG;2026.03.11 04:30:00;2026.03.11 04:35:00;2026.03.11 04:39:58;5219.91000000;5217.95000000;5223.83000000;5217.95000000;SL;-1.0000;-0.0816;-2.6735;0;Asian
MSZZC1|6:XAUUSD|1:5|2:-1|1:2|67:BO|XAUUSD|5|1|S|1773205500|MSZZ|XAUUSD|5|1|-1|1773176400|1773176400;1012;XAUUSD;PERIOD_M5;SHORT;2026.03.11 05:05:00;2026.03.11 05:10:00;2026.03.11 05:55:00;5197.21000000;5235.39000000;5120.85000000;5219.99000000;OTHER;-0.5966;0.0828;-0.6095;9;Asian
MSZZC1|6:XAUUSD|1:5|1:1|1:2|66:BO|XAUUSD|5|1|L|1773208200|MSZZ|XAUUSD|5|1|1|1773173400|1773173700;1012;XAUUSD;PERIOD_M5;LONG;2026.03.11 05:50:00;2026.03.11 05:55:00;2026.03.11 05:59:58;5219.99000000;5217.95000000;5224.07000000;5217.95000000;SL;-1.0000;-0.0588;-2.4951;0;Asian
MSZZC1|6:XAUUSD|1:5|2:-1|1:2|67:BO|XAUUSD|5|1|S|1773244500|MSZZ|XAUUSD|5|1|-1|1773176400|1773176400;1012;XAUUSD;PERIOD_M5;SHORT;2026.03.11 15:55:00;2026.03.11 16:00:00;2026.03.12 23:50:00;5167.76000000;5235.39000000;5032.50000000;5081.18000000;OTHER;1.2802;1.6695;-0.4227;382;NewYork
MSZZC1|6:XAUUSD|1:5|1:1|1:2|66:BO|XAUUSD|5|1|L|1773359100|MSZZ|XAUUSD|5|1|1|1773354600|1773356100;1012;XAUUSD;PERIOD_M5;LONG;2026.03.12 23:45:00;2026.03.12 23:50:00;2026.03.13 05:45:00;5081.18000000;5054.85000000;5133.84000000;5118.00000000;OTHER;1.3984;1.8033;-0.3285;71;NewYork
MSZZC1|6:XAUUSD|1:5|2:-1|1:2|67:BO|XAUUSD|5|1|S|1773380400|MSZZ|XAUUSD|5|1|-1|1773377100|1773377700;1012;XAUUSD;PERIOD_M5;SHORT;2026.03.13 05:40:00;2026.03.13 05:45:00;2026.03.13 09:24:58;5118.00000000;5128.66000000;5096.68000000;5096.68000000;TP;2.0000;2.1857;-0.0600;43;Asian
MSZZC1|6:XAUUSD|1:5|2:-1|1:2|67:BO|XAUUSD|5|1|S|1773394200|MSZZ|XAUUSD|5|1|-1|1773392100|1773392400;1012;XAUUSD;PERIOD_M5;SHORT;2026.03.13 09:30:00;2026.03.13 09:35:00;2026.03.13 15:04:58;5093.08000000;5111.03000000;5057.18000000;5111.03000000;SL;-1.0000;1.8006;-1.4334;65;London
MSZZC1|6:XAUUSD|1:5|1:1|1:2|66:BO|XAUUSD|5|1|L|1773416700|MSZZ|XAUUSD|5|1|1|1773414000|1773414000;1012;XAUUSD;PERIOD_M5;LONG;2026.03.13 15:45:00;2026.03.13 15:50:00;2026.03.13 16:34:58;5121.54000000;5104.52000000;5155.58000000;5104.52000000;SL;-1.0000;-0.0100;-1.2474;8;London
MSZZC1|6:XAUUSD|1:5|2:-1|1:2|67:BO|XAUUSD|5|1|S|1773419400|MSZZ|XAUUSD|5|1|-1|1773414900|1773415800;1012;XAUUSD;PERIOD_M5;SHORT;2026.03.13 16:30:00;2026.03.13 16:35:00;2026.03.13 17:54:58;5102.15000000;5121.89000000;5062.67000000;5062.67000000;TP;2.0000;2.2715;-0.7599;15;NewYork
MSZZC1|6:XAUUSD|1:5|1:1|1:2|66:BO|XAUUSD|5|1|L|1774845000|MSZZ|XAUUSD|5|1|1|1774841100|1774842000;1012;XAUUSD;PERIOD_M5;LONG;2026.03.30 04:30:00;2026.03.30 04:35:00;2026.03.30 09:39:57;4467.12000000;4430.48000000;4540.40000000;4540.40000000;TP;2.0000;2.0322;-0.2293;60;Asian
MSZZC1|6:XAUUSD|1:5|1:1|1:2|66:BO|XAUUSD|5|1|L|1775718300|MSZZ|XAUUSD|5|1|1|1775601900|1775601900;1012;XAUUSD;PERIOD_M5;LONG;2026.04.09 07:05:00;2026.04.09 07:10:00;2026.04.09 18:34:58;4720.82000000;4687.21000000;4788.04000000;4788.04000000;TP;2.0000;2.1324;-0.5118;136;Asian
MSZZC1|6:XAUUSD|1:5|1:1|1:2|66:BO|XAUUSD|5|1|L|1775759400|MSZZ|XAUUSD|5|1|1|1775752500|1775752500;1012;XAUUSD;PERIOD_M5;LONG;2026.04.09 18:30:00;2026.04.09 18:35:00;2026.04.09 20:25:00;4792.45000000;4746.97000000;4883.41000000;4792.41000000;OTHER;-0.0009;0.1854;-0.1814;22;NewYork
MSZZC1|6:XAUUSD|1:5|2:-1|1:2|67:BO|XAUUSD|5|1|S|1775766000|MSZZ|XAUUSD|5|1|-1|1775763900|1775765700;1012;XAUUSD;PERIOD_M5;SHORT;2026.04.09 20:20:00;2026.04.09 20:25:00;2026.04.09 20:39:58;4792.41000000;4800.88000000;4775.47000000;4800.88000000;SL;-1.0000;0.5561;-1.0047;2;NewYork
MSZZC1|6:XAUUSD|1:5|2:-1|1:2|67:BO|XAUUSD|5|1|S|1775767200|MSZZ|XAUUSD|5|1|-1|1775763900|1775765700;1012;XAUUSD;PERIOD_M5;SHORT;2026.04.09 20:40:00;2026.04.09 20:45:00;2026.04.09 20:49:57;4795.48000000;4800.88000000;4784.68000000;4800.88000000;SL;-1.0000;0.0000;-1.0222;0;NewYork
MSZZC1|6:XAUUSD|1:5|1:1|1:2|66:BO|XAUUSD|5|1|L|1775776500|MSZZ|XAUUSD|5|1|1|1775772600|1775774400;1012;XAUUSD;PERIOD_M5;LONG;2026.04.09 23:15:00;2026.04.09 23:20:00;2026.04.09 23:39:58;4770.93000000;4767.80000000;4777.19000000;4767.80000000;SL;-1.0000;0.8275;-2.4249;3;NewYork
MSZZC1|6:XAUUSD|1:5|1:1|1:2|66:BO|XAUUSD|5|1|L|1775795700|MSZZ|XAUUSD|5|1|1|1775795400|1775795400;1012;XAUUSD;PERIOD_M5;LONG;2026.04.10 04:35:00;2026.04.10 04:40:00;2026.04.10 05:14:58;4773.52000000;4753.81000000;4812.94000000;4753.81000000;SL;-1.0000;0.0999;-1.2598;6;Asian
MSZZC1|6:XAUUSD|1:5|2:-1|1:2|67:BO|XAUUSD|5|1|S|1775798100|MSZZ|XAUUSD|5|1|-1|1775790000|1775790000;1012;XAUUSD;PERIOD_M5;SHORT;2026.04.10 05:15:00;2026.04.10 05:20:00;2026.04.10 06:40:00;4747.64000000;4771.48000000;4699.96000000;4765.54000000;OTHER;-0.7508;0.4111;-0.8796;16;Asian
MSZZC1|6:XAUUSD|1:5|1:1|1:2|66:BO|XAUUSD|5|1|L|1775802900|MSZZ|XAUUSD|5|1|1|1775795400|1775795400;1012;XAUUSD;PERIOD_M5;LONG;2026.04.10 06:35:00;2026.04.10 06:40:00;2026.04.10 08:30:00;4765.54000000;4737.84000000;4820.94000000;4759.88000000;OTHER;-0.2043;0.1892;-0.2924;22;Asian
MSZZC1|6:XAUUSD|1:5|2:-1|1:2|67:BO|XAUUSD|5|1|S|1775809500|MSZZ|XAUUSD|5|1|-1|1775808000|1775809200;1012;XAUUSD;PERIOD_M5;SHORT;2026.04.10 08:25:00;2026.04.10 08:30:00;2026.04.10 11:49:58;4759.88000000;4770.78000000;4738.08000000;4738.08000000;TP;2.0000;2.5431;-0.8550;39;London
MSZZC1|6:XAUUSD|1:5|2:-1|1:2|67:BO|XAUUSD|5|1|S|1775821500|MSZZ|XAUUSD|5|1|-1|1775813700|1775813700;1012;XAUUSD;PERIOD_M5;SHORT;2026.04.10 11:45:00;2026.04.10 11:50:00;2026.04.10 15:04:57;4735.44000000;4769.20000000;4667.92000000;4769.20000000;SL;-1.0000;0.1451;-1.0296;38;London
MSZZC1|6:XAUUSD|1:5|2:-1|1:2|67:BO|XAUUSD|5|1|S|1776787800|MSZZ|XAUUSD|5|1|-1|1776785400|1776785400;1012;XAUUSD;PERIOD_M5;SHORT;2026.04.21 16:10:00;2026.04.21 16:15:00;2026.04.21 16:44:57;4765.27000000;4788.62000000;4718.57000000;4788.62000000;SL;-1.0000;0.1610;-1.1636;5;NewYork
MSZZC1|6:XAUUSD|1:5|2:-1|1:2|67:BO|XAUUSD|5|1|S|1776792900|MSZZ|XAUUSD|5|1|-1|1776785400|1776785400;1012;XAUUSD;PERIOD_M5;SHORT;2026.04.21 17:35:00;2026.04.21 17:40:00;2026.04.21 21:19:58;4761.21000000;4794.22000000;4695.19000000;4695.19000000;TP;2.0000;2.0239;-0.0642;43;NewYork
MSZZC1|6:XAUUSD|1:5|2:-1|1:2|67:BO|XAUUSD|5|1|S|1776811200|MSZZ|XAUUSD|5|1|-1|1776793200|1776793200;1012;XAUUSD;PERIOD_M5;SHORT;2026.04.21 22:40:00;2026.04.21 22:45:00;2026.04.22 14:00:00;4672.08000000;4794.22000000;4427.80000000;4759.61000000;OTHER;-0.7166;0.0259;-0.8205;183;NewYork
MSZZC1|6:XAUUSD|1:5|1:1|1:2|66:BO|XAUUSD|5|1|L|1776866100|MSZZ|XAUUSD|5|1|1|1776860400|1776861000;1012;XAUUSD;PERIOD_M5;LONG;2026.04.22 13:55:00;2026.04.22 14:00:00;2026.04.22 15:19:58;4759.61000000;4747.81000000;4783.21000000;4747.81000000;SL;-1.0000;0.1271;-1.0119;15;London
MSZZC1|6:XAUUSD|1:5|2:-1|1:2|67:BO|XAUUSD|5|1|S|1776870900|MSZZ|XAUUSD|5|1|-1|1776869100|1776870000;1012;XAUUSD;PERIOD_M5;SHORT;2026.04.22 15:15:00;2026.04.22 15:20:00;2026.04.22 15:29:57;4747.57000000;4757.68000000;4727.35000000;4757.68000000;SL;-1.0000;0.0366;-1.2285;1;London
MSZZC1|6:XAUUSD|1:5|2:-1|1:2|67:BO|XAUUSD|5|1|S|1776872700|MSZZ|XAUUSD|5|1|-1|1776871200|1776871500;1012;XAUUSD;PERIOD_M5;SHORT;2026.04.22 15:45:00;2026.04.22 15:50:00;2026.04.22 16:49:58;4744.14000000;4757.68000000;4717.06000000;4757.68000000;SL;-1.0000;0.5709;-1.2349;11;London
MSZZC1|6:XAUUSD|1:5|2:-1|1:2|67:BO|XAUUSD|5|1|S|1776878700|MSZZ|XAUUSD|5|1|-1|1776871200|1776871500;1012;XAUUSD;PERIOD_M5;SHORT;2026.04.22 17:25:00;2026.04.22 17:30:00;2026.04.22 21:35:00;4743.98000000;4760.86000000;4710.22000000;4733.41000000;OTHER;0.6262;1.1860;-0.0509;49;NewYork
MSZZC1|6:XAUUSD|1:5|1:1|1:2|66:BO|XAUUSD|5|1|L|1776893400|MSZZ|XAUUSD|5|1|1|1776888600|1776892500;1012;XAUUSD;PERIOD_M5;LONG;2026.04.22 21:30:00;2026.04.22 21:35:00;2026.04.22 22:40:00;4733.41000000;4723.96000000;4752.31000000;4739.52000000;OTHER;0.6466;1.7143;-0.1026;13;NewYork
MSZZC1|6:XAUUSD|1:5|2:-1|1:2|67:BO|XAUUSD|5|1|S|1776897300|MSZZ|XAUUSD|5|1|-1|1776895800|1776896700;1012;XAUUSD;PERIOD_M5;SHORT;2026.04.22 22:35:00;2026.04.22 22:40:00;2026.04.23 03:09:58;4739.52000000;4749.61000000;4719.34000000;4719.34000000;TP;2.0000;2.4817;-0.7037;53;NewYork
MSZZC1|6:XAUUSD|1:5|2:-1|1:2|67:BO|XAUUSD|5|1|S|1776913800|MSZZ|XAUUSD|5|1|-1|1776913500|1776913500;1012;XAUUSD;PERIOD_M5;SHORT;2026.04.23 03:10:00;2026.04.23 03:15:00;2026.04.23 03:20:00;4699.29000000;4730.06000000;4637.75000000;4722.92000000;OTHER;-0.7680;0.1683;-1.1199;1;Asian
MSZZC1|6:XAUUSD|1:5|1:1|1:2|66:BO|XAUUSD|5|1|L|1776914100|MSZZ|XAUUSD|5|1|1|1776910800|1776913200;1012;XAUUSD;PERIOD_M5;LONG;2026.04.23 03:15:00;2026.04.23 03:20:00;2026.04.23 03:29:58;4722.92000000;4714.48000000;4739.80000000;4739.80000000;TP;2.0000;2.3223;-0.0794;1;Asian
MSZZC1|6:XAUUSD|1:5|1:1|1:2|66:BO|XAUUSD|5|1|L|1776915000|MSZZ|XAUUSD|5|1|1|1776914700|1776914700;1012;XAUUSD;PERIOD_M5;LONG;2026.04.23 03:30:00;2026.04.23 03:35:00;2026.04.23 05:09:58;4747.27000000;4714.48000000;4812.85000000;4714.48000000;SL;-1.0000;0.1967;-1.0668;18;Asian
MSZZC1|6:XAUUSD|1:5|2:-1|1:2|67:BO|XAUUSD|5|1|S|1776922800|MSZZ|XAUUSD|5|1|-1|1776921300|1776921600;1012;XAUUSD;PERIOD_M5;SHORT;2026.04.23 05:40:00;2026.04.23 05:45:00;2026.04.23 09:50:00;4701.49000000;4742.52000000;4619.43000000;4716.55000000;OTHER;-0.3670;0.2325;-0.4775;49;Asian
MSZZC1|6:XAUUSD|1:5|1:1|1:2|66:BO|XAUUSD|5|1|L|1776937500|MSZZ|XAUUSD|5|1|1|1776934800|1776936000;1012;XAUUSD;PERIOD_M5;LONG;2026.04.23 09:45:00;2026.04.23 09:50:00;2026.04.23 10:04:57;4716.55000000;4708.70000000;4732.25000000;4708.70000000;SL;-1.0000;0.5771;-1.1389;2;London
MSZZC1|6:XAUUSD|1:5|2:-1|1:2|67:BO|XAUUSD|5|1|S|1776939600|MSZZ|XAUUSD|5|1|-1|1776936000|1776937500;1012;XAUUSD;PERIOD_M5;SHORT;2026.04.23 10:20:00;2026.04.23 10:25:00;2026.04.23 11:04:57;4705.37000000;4721.08000000;4673.95000000;4721.08000000;SL;-1.0000;0.1082;-1.2368;7;London
MSZZC1|6:XAUUSD|1:5|2:-1|1:2|67:BO|XAUUSD|5|1|S|1776949800|MSZZ|XAUUSD|5|1|-1|1776949500|1776949500;1012;XAUUSD;PERIOD_M5;SHORT;2026.04.23 13:10:00;2026.04.23 13:15:00;2026.04.23 15:04:58;4689.01000000;4724.80000000;4617.43000000;4724.80000000;SL;-1.0000;0.1347;-1.2165;21;London
MSZZC1|6:XAUUSD|1:5|1:1|1:2|66:BO|XAUUSD|5|1|L|1776957900|MSZZ|XAUUSD|5|1|1|1776956400|1776956400;1012;XAUUSD;PERIOD_M5;LONG;2026.04.23 15:25:00;2026.04.23 15:30:00;2026.04.23 20:25:00;4733.37000000;4691.25000000;4817.61000000;4707.76000000;OTHER;-0.6080;0.2282;-0.6823;59;London
MSZZC1|6:XAUUSD|1:5|2:-1|1:2|67:BO|XAUUSD|5|1|S|1776975600|MSZZ|XAUUSD|5|1|-1|1776974700|1776974700;1012;XAUUSD;PERIOD_M5;SHORT;2026.04.23 20:20:00;2026.04.23 20:25:00;2026.04.24 17:14:58;4707.76000000;4737.11000000;4649.06000000;4737.11000000;SL;-1.0000;1.7046;-1.1026;249;NewYork
MSZZC1|6:XAUUSD|1:5|1:1|1:2|66:BO|XAUUSD|5|1|L|1777050600|MSZZ|XAUUSD|5|1|1|1777050300|1777050300;1012;XAUUSD;PERIOD_M5;LONG;2026.04.24 17:10:00;2026.04.24 17:15:00;2026.04.24 23:09:58;4731.61000000;4709.37000000;4776.09000000;4709.37000000;SL;-1.0000;0.1048;-1.0310;70;NewYork
MSZZC1|6:XAUUSD|1:5|2:-1|1:2|67:BO|XAUUSD|5|1|S|1777071900|MSZZ|XAUUSD|5|1|-1|1777071600|1777071600;1012;XAUUSD;PERIOD_M5;SHORT;2026.04.24 23:05:00;2026.04.24 23:10:00;2026.04.27 05:45:00;4709.21000000;4730.87000000;4665.89000000;4713.84000000;OTHER;-0.2138;1.7087;-0.4709;655;NewYork
MSZZC1|6:XAUUSD|1:5|1:1|1:2|66:BO|XAUUSD|5|1|L|1777268400|MSZZ|XAUUSD|5|1|1|1777050300|1777050300;1012;XAUUSD;PERIOD_M5;LONG;2026.04.27 05:40:00;2026.04.27 05:45:00;2026.04.27 05:54:58;4713.84000000;4710.98000000;4719.56000000;4719.56000000;TP;2.0000;3.2343;-0.6014;1;Asian
MSZZC1|6:XAUUSD|1:5|2:-1|1:2|67:BO|XAUUSD|5|1|S|1777278900|MSZZ|XAUUSD|5|1|-1|1777278600|1777278600;1012;XAUUSD;PERIOD_M5;SHORT;2026.04.27 08:35:00;2026.04.27 08:40:00;2026.04.27 18:04:58;4710.64000000;4730.22000000;4671.48000000;4671.48000000;TP;2.0000;2.1849;-0.3922;112;London
MSZZC1|6:XAUUSD|1:5|2:-1|1:2|67:BO|XAUUSD|5|1|S|1778674500|MSZZ|XAUUSD|5|1|-1|1778671800|1778673300;1012;XAUUSD;PERIOD_M5;SHORT;2026.05.13 12:15:00;2026.05.13 12:20:00;2026.05.13 13:00:00;4690.76000000;4703.08000000;4666.12000000;4700.95000000;OTHER;-0.8271;0.4107;-0.8628;8;London
MSZZC1|6:XAUUSD|1:5|1:1|1:2|66:BO|XAUUSD|5|1|L|1778676900|MSZZ|XAUUSD|5|1|1|1778673300|1778674200;1012;XAUUSD;PERIOD_M5;LONG;2026.05.13 12:55:00;2026.05.13 13:00:00;2026.05.13 15:15:00;4700.95000000;4685.70000000;4731.45000000;4694.05000000;OTHER;-0.4525;0.6282;-0.7508;27;London
MSZZC1|6:XAUUSD|1:5|2:-1|1:2|67:BO|XAUUSD|5|1|S|1778685000|MSZZ|XAUUSD|5|1|-1|1778680800|1778681700;1012;XAUUSD;PERIOD_M5;SHORT;2026.05.13 15:10:00;2026.05.13 15:15:00;2026.05.13 16:49:58;4694.05000000;4705.37000000;4671.41000000;4671.41000000;TP;2.0000;2.2217;-0.0618;18;London
MSZZC1|6:XAUUSD|1:5|2:-1|1:2|67:BO|XAUUSD|5|1|S|1778690700|MSZZ|XAUUSD|5|1|-1|1778685600|1778685600;1012;XAUUSD;PERIOD_M5;SHORT;2026.05.13 16:45:00;2026.05.13 16:50:00;2026.05.13 17:35:00;4673.01000000;4694.75000000;4629.53000000;4689.99000000;OTHER;-0.7810;0.1348;-0.8261;9;NewYork
MSZZC1|6:XAUUSD|1:5|1:1|1:2|66:BO|XAUUSD|5|1|L|1778693400|MSZZ|XAUUSD|5|1|1|1778689200|1778689800;1012;XAUUSD;PERIOD_M5;LONG;2026.05.13 17:30:00;2026.05.13 17:35:00;2026.05.13 21:45:00;4689.99000000;4668.90000000;4732.17000000;4686.20000000;OTHER;-0.1797;0.9483;-0.5870;50;NewYork
MSZZC1|6:XAUUSD|1:5|2:-1|1:2|67:BO|XAUUSD|5|1|S|1778708400|MSZZ|XAUUSD|5|1|-1|1778706000|1778706600;1012;XAUUSD;PERIOD_M5;SHORT;2026.05.13 21:40:00;2026.05.13 21:45:00;2026.05.13 22:15:00;4686.20000000;4694.15000000;4670.30000000;4689.19000000;OTHER;-0.3761;1.0503;-0.5409;6;NewYork
MSZZC1|6:XAUUSD|1:5|1:1|1:2|66:BO|XAUUSD|5|1|L|1778710200|MSZZ|XAUUSD|5|1|1|1778706900|1778708400;1012;XAUUSD;PERIOD_M5;LONG;2026.05.13 22:10:00;2026.05.13 22:15:00;2026.05.14 04:10:00;4689.19000000;4677.85000000;4711.87000000;4689.10000000;OTHER;-0.0079;1.5714;-0.4683;71;NewYork
MSZZC1|6:XAUUSD|1:5|2:-1|1:2|67:BO|XAUUSD|5|1|S|1778731500|MSZZ|XAUUSD|5|1|-1|1778730000|1778730000;1012;XAUUSD;PERIOD_M5;SHORT;2026.05.14 04:05:00;2026.05.14 04:10:00;2026.05.14 07:25:00;4689.10000000;4707.01000000;4653.28000000;4691.78000000;OTHER;-0.1496;1.1725;-1.0168;39;Asian
MSZZC1|6:XAUUSD|1:5|1:1|1:2|66:BO|XAUUSD|5|1|L|1778743200|MSZZ|XAUUSD|5|1|1|1778739900|1778740500;1012;XAUUSD;PERIOD_M5;LONG;2026.05.14 07:20:00;2026.05.14 07:25:00;2026.05.14 11:00:00;4691.78000000;4668.10000000;4739.14000000;4693.18000000;OTHER;0.0591;1.1406;-0.2437;43;Asian
MSZZC1|6:XAUUSD|1:5|2:-1|1:2|67:BO|XAUUSD|5|1|S|1778756100|MSZZ|XAUUSD|5|1|-1|1778749800|1778751300;1012;XAUUSD;PERIOD_M5;SHORT;2026.05.14 10:55:00;2026.05.14 11:00:00;2026.05.14 12:45:00;4693.18000000;4718.79000000;4641.96000000;4695.72000000;OTHER;-0.0992;0.1796;-0.5240;21;London
MSZZC1|6:XAUUSD|1:5|1:1|1:2|66:BO|XAUUSD|5|1|L|1778762400|MSZZ|XAUUSD|5|1|1|1778758500|1778759100;1012;XAUUSD;PERIOD_M5;LONG;2026.05.14 12:40:00;2026.05.14 12:45:00;2026.05.14 13:14:57;4695.72000000;4691.00000000;4705.16000000;4705.16000000;TP;2.0000;2.0614;-0.0403;5;London
MSZZC1|6:XAUUSD|1:5|1:1|1:2|66:BO|XAUUSD|5|1|L|1778772000|MSZZ|XAUUSD|5|1|1|1778770500|1778770500;1012;XAUUSD;PERIOD_M5;LONG;2026.05.14 15:20:00;2026.05.14 15:25:00;2026.05.14 16:29:58;4705.91000000;4689.53000000;4738.67000000;4689.53000000;SL;-1.0000;0.2491;-1.0904;12;London
MSZZC1|6:XAUUSD|1:5|2:-1|1:2|67:BO|XAUUSD|5|1|S|1778775900|MSZZ|XAUUSD|5|1|-1|1778768700|1778769600;1012;XAUUSD;PERIOD_M5;SHORT;2026.05.14 16:25:00;2026.05.14 16:30:00;2026.05.14 22:44:58;4688.52000000;4704.85000000;4655.86000000;4655.86000000;TP;2.0000;2.0153;-0.7551;74;NewYork
MSZZC1|6:XAUUSD|1:5|1:1|1:2|66:BO|XAUUSD|5|1|L|1778811900|MSZZ|XAUUSD|5|1|1|1778810700|1778811300;1012;XAUUSD;PERIOD_M5;LONG;2026.05.15 02:25:00;2026.05.15 02:30:00;2026.05.15 02:34:58;4664.14000000;4655.73000000;4680.96000000;4655.73000000;SL;-1.0000;0.1463;-1.6314;0;Asian
MSZZC1|6:XAUUSD|1:5|2:-1|1:2|67:BO|XAUUSD|5|1|S|1778812200|MSZZ|XAUUSD|5|1|-1|1778811600|1778811900;1012;XAUUSD;PERIOD_M5;SHORT;2026.05.15 02:30:00;2026.05.15 02:35:00;2026.05.15 03:34:58;4651.32000000;4663.35000000;4627.26000000;4627.26000000;TP;2.0000;2.3998;-0.5594;11;Asian
MSZZC1|6:XAUUSD|1:5|2:-1|1:2|67:BO|XAUUSD|5|1|S|1779468000|MSZZ|XAUUSD|5|1|-1|1779464100|1779465300;1012;XAUUSD;PERIOD_M5;SHORT;2026.05.22 16:40:00;2026.05.22 16:45:00;2026.05.25 01:04:58;4517.74000000;4534.33000000;4484.56000000;4534.33000000;SL;-1.0000;1.5600;-2.0886;675;NewYork
MSZZC1|6:XAUUSD|1:5|1:1|1:2|66:BO|XAUUSD|5|1|L|1779671100|MSZZ|XAUUSD|5|1|1|1779670800|1779670800;1012;XAUUSD;PERIOD_M5;LONG;2026.05.25 01:05:00;2026.05.25 01:10:00;2026.05.26 14:59:58;4554.82000000;4504.24000000;4655.98000000;4504.24000000;SL;-1.0000;0.5042;-1.0117;453;Asian
MSZZC1|6:XAUUSD|1:5|2:-1|1:2|67:BO|XAUUSD|5|1|S|1779809700|MSZZ|XAUUSD|5|1|-1|1779806100|1779806100;1012;XAUUSD;PERIOD_M5;SHORT;2026.05.26 15:35:00;2026.05.26 15:40:00;2026.05.27 02:00:00;4502.39000000;4540.82000000;4425.53000000;4511.19000000;OTHER;-0.2290;0.5267;-0.9235;124;London
MSZZC1|6:XAUUSD|1:5|1:1|1:2|66:BO|XAUUSD|5|1|L|1779846900|MSZZ|XAUUSD|5|1|1|1779836400|1779839400;1012;XAUUSD;PERIOD_M5;LONG;2026.05.27 01:55:00;2026.05.27 02:00:00;2026.05.27 05:09:58;4511.19000000;4502.64000000;4528.29000000;4502.64000000;SL;-1.0000;1.9111;-1.0491;37;Asian
MSZZC1|6:XAUUSD|1:5|2:-1|1:2|67:BO|XAUUSD|5|1|S|1779858300|MSZZ|XAUUSD|5|1|-1|1779843600|1779843600;1012;XAUUSD;PERIOD_M5;SHORT;2026.05.27 05:05:00;2026.05.27 05:10:00;2026.05.27 06:10:00;4503.58000000;4510.44000000;4489.86000000;4509.51000000;OTHER;-0.8644;0.8163;-0.9781;12;Asian
MSZZC1|6:XAUUSD|1:5|1:1|1:2|66:BO|XAUUSD|5|1|L|1779861900|MSZZ|XAUUSD|5|1|1|1779836400|1779839400;1012;XAUUSD;PERIOD_M5;LONG;2026.05.27 06:05:00;2026.05.27 06:10:00;2026.05.27 06:35:00;4509.51000000;4502.64000000;4523.25000000;4504.74000000;OTHER;-0.6943;0.3173;-1.1310;5;Asian
MSZZC1|6:XAUUSD|1:5|2:-1|1:2|67:BO|XAUUSD|5|1|S|1779863400|MSZZ|XAUUSD|5|1|-1|1779843600|1779843600;1012;XAUUSD;PERIOD_M5;SHORT;2026.05.27 06:30:00;2026.05.27 06:35:00;2026.05.27 07:49:58;4504.74000000;4510.44000000;4493.34000000;4510.44000000;SL;-1.0000;1.5368;-2.1912;14;Asian
MSZZC1|6:XAUUSD|1:5|1:1|1:2|66:BO|XAUUSD|5|1|L|1779867900|MSZZ|XAUUSD|5|1|1|1779836400|1779839400;1012;XAUUSD;PERIOD_M5;LONG;2026.05.27 07:45:00;2026.05.27 07:50:00;2026.05.27 08:20:00;4516.64000000;4502.64000000;4544.64000000;4505.65000000;OTHER;-0.7850;0.0379;-0.8950;6;Asian
MSZZC1|6:XAUUSD|1:5|2:-1|1:2|67:BO|XAUUSD|5|1|S|1779869700|MSZZ|XAUUSD|5|1|-1|1779843600|1779843600;1012;XAUUSD;PERIOD_M5;SHORT;2026.05.27 08:15:00;2026.05.27 08:20:00;2026.05.27 08:34:58;4505.65000000;4510.44000000;4496.07000000;4496.07000000;TP;2.0000;2.5992;-0.6660;2;London
MSZZC1|6:XAUUSD|1:5|2:-1|1:2|67:BO|XAUUSD|5|1|S|1779870600|MSZZ|XAUUSD|5|1|-1|1779843600|1779843600;1012;XAUUSD;PERIOD_M5;SHORT;2026.05.27 08:30:00;2026.05.27 08:35:00;2026.05.27 13:39:58;4496.60000000;4510.44000000;4468.92000000;4468.92000000;TP;2.0000;2.4964;-0.4155;60;London
MSZZC1|6:XAUUSD|1:5|1:1|1:2|66:BO|XAUUSD|5|1|L|1779997200|MSZZ|XAUUSD|5|1|1|1779836400|1779839400;1012;XAUUSD;PERIOD_M5;LONG;2026.05.28 19:40:00;2026.05.28 19:45:00;2026.05.28 19:49:57;4504.38000000;4502.64000000;4507.86000000;4507.86000000;TP;2.0000;2.2701;-0.1149;0;NewYork
MSZZC1|6:XAUUSD|1:5|1:1|1:2|66:BO|XAUUSD|5|1|L|1780000200|MSZZ|XAUUSD|5|1|1|1779836400|1779839400;1012;XAUUSD;PERIOD_M5;LONG;2026.05.28 20:30:00;2026.05.28 20:35:00;2026.05.28 21:04:58;4505.46000000;4502.64000000;4511.10000000;4511.10000000;TP;2.0000;3.8901;-0.5390;5;NewYork
MSZZC1|6:XAUUSD|1:5|1:1|1:2|66:BO|XAUUSD|5|1|L|1780005000|MSZZ|XAUUSD|5|1|1|1779836400|1779839400;1012;XAUUSD;PERIOD_M5;LONG;2026.05.28 21:50:00;2026.05.28 21:55:00;2026.05.28 21:59:58;4503.21000000;4502.64000000;4504.35000000;4502.64000000;SL;-1.0000;0.2807;-4.5263;0;NewYork
MSZZC1|6:XAUUSD|1:5|1:1|1:2|66:BO|XAUUSD|5|1|L|1780006800|MSZZ|XAUUSD|5|1|1|1779836400|1779839400;1012;XAUUSD;PERIOD_M5;LONG;2026.05.28 22:20:00;2026.05.28 22:25:00;2026.05.28 22:29:57;4502.84000000;4502.64000000;4503.24000000;4502.64000000;SL;-1.0000;-1.0000;-15.4000;0;NewYork
MSZZC1|6:XAUUSD|1:5|1:1|1:2|66:BO|XAUUSD|5|1|L|1780027500|MSZZ|XAUUSD|5|1|1|1779836400|1779839400;1012;XAUUSD;PERIOD_M5;LONG;2026.05.29 04:05:00;2026.05.29 04:10:00;2026.05.29 04:49:58;4509.13000000;4502.64000000;4522.11000000;4502.64000000;SL;-1.0000;1.7951;-1.1602;7;Asian
MSZZC1|6:XAUUSD|1:5|1:1|1:2|66:BO|XAUUSD|5|1|L|1780061700|MSZZ|XAUUSD|5|1|1|1780059000|1780059600;1012;XAUUSD;PERIOD_M5;LONG;2026.05.29 13:35:00;2026.05.29 13:40:00;2026.05.29 15:05:00;4541.62000000;4502.64000000;4619.58000000;4529.45000000;OTHER;-0.3122;0.0159;-0.4056;17;London
MSZZC1|6:XAUUSD|1:5|2:-1|1:2|67:BO|XAUUSD|5|1|S|1780066800|MSZZ|XAUUSD|5|1|-1|1779843600|1779843600;1012;XAUUSD;PERIOD_M5;SHORT;2026.05.29 15:00:00;2026.05.29 15:05:00;2026.05.29 16:59:57;4529.45000000;4539.74000000;4508.87000000;4539.74000000;SL;-1.0000;1.6220;-1.0982;22;London
MSZZC1|6:XAUUSD|1:5|1:1|1:2|66:BO|XAUUSD|5|1|L|1780074300|MSZZ|XAUUSD|5|1|1|1780074000|1780074000;1012;XAUUSD;PERIOD_M5;LONG;2026.05.29 17:05:00;2026.05.29 17:10:00;2026.05.29 23:55:00;4551.02000000;4520.05000000;4612.96000000;4539.96000000;OTHER;-0.3571;1.4236;-0.8308;81;NewYork
MSZZC1|6:XAUUSD|1:5|2:-1|1:2|67:BO|XAUUSD|5|1|S|1780098600|MSZZ|XAUUSD|5|1|-1|1780075800|1780076400;1012;XAUUSD;PERIOD_M5;SHORT;2026.05.29 23:50:00;2026.05.29 23:55:00;2026.06.01 16:14:58;4539.96000000;4569.07000000;4481.74000000;4481.74000000;TP;2.0000;2.3167;-0.2061;771;NewYork
MSZZC1|6:XAUUSD|1:5|1:1|1:2|66:BO|XAUUSD|5|1|L|1780394700|MSZZ|XAUUSD|5|1|1|1780282800|1780282800;1012;XAUUSD;PERIOD_M5;LONG;2026.06.02 10:05:00;2026.06.02 10:10:00;2026.06.02 10:29:58;4538.09000000;4535.90000000;4542.47000000;4535.90000000;SL;-1.0000;1.4795;-2.1553;3;London
MSZZC1|6:XAUUSD|1:5|1:1|1:2|66:BO|XAUUSD|5|1|L|1780524600|MSZZ|XAUUSD|5|1|1|1780524000|1780524000;1012;XAUUSD;PERIOD_M5;LONG;2026.06.03 22:10:00;2026.06.03 22:15:00;2026.06.03 23:34:58;4449.94000000;4435.10000000;4479.62000000;4435.10000000;SL;-1.0000;0.1550;-1.1408;15;NewYork
MSZZC1|6:XAUUSD|1:5|2:-1|1:2|67:BO|XAUUSD|5|1|S|1780530300|MSZZ|XAUUSD|5|1|-1|1780529400|1780529400;1012;XAUUSD;PERIOD_M5;SHORT;2026.06.03 23:45:00;2026.06.03 23:50:00;2026.06.04 01:35:00;4431.36000000;4449.28000000;4395.52000000;4439.99000000;OTHER;-0.4816;0.4648;-0.5067;21;NewYork
MSZZC1|6:XAUUSD|1:5|1:1|1:2|66:BO|XAUUSD|5|1|L|1780536600|MSZZ|XAUUSD|5|1|1|1780534800|1780534800;1012;XAUUSD;PERIOD_M5;LONG;2026.06.04 01:30:00;2026.06.04 01:35:00;2026.06.04 05:54:58;4439.99000000;4423.03000000;4473.91000000;4473.91000000;TP;2.0000;2.0649;-0.3007;51;Asian
MSZZC1|6:XAUUSD|1:5|1:1|1:2|66:BO|XAUUSD|5|1|L|1781497800|MSZZ|XAUUSD|5|1|1|1781497200|1781497200;1012;XAUUSD;PERIOD_M5;LONG;2026.06.15 04:30:00;2026.06.15 04:35:00;2026.06.15 16:44:57;4313.06000000;4285.62000000;4367.94000000;4367.94000000;TP;2.0000;2.0233;-0.4450;145;Asian
MSZZC1|6:XAUUSD|1:5|1:1|1:2|66:BO|XAUUSD|5|1|L|1781681700|MSZZ|XAUUSD|5|1|1|1781485200|1781485200;1012;XAUUSD;PERIOD_M5;LONG;2026.06.17 07:35:00;2026.06.17 07:40:00;2026.06.17 22:24:58;4323.94000000;4237.77000000;4496.28000000;4237.77000000;SL;-1.0000;0.6756;-1.0175;176;Asian
MSZZC1|6:XAUUSD|1:5|1:1|1:2|66:BO|XAUUSD|5|1|L|1781884200|MSZZ|XAUUSD|5|1|1|1781881800|1781882700;1012;XAUUSD;PERIOD_M5;LONG;2026.06.19 15:50:00;2026.06.19 15:55:00;2026.06.19 17:00:00;4173.23000000;4147.35000000;4224.99000000;4151.24000000;OTHER;-0.8497;0.3767;-0.9737;13;London
MSZZC1|6:XAUUSD|1:5|2:-1|1:2|67:BO|XAUUSD|5|1|S|1781888100|MSZZ|XAUUSD|5|1|-1|1781883900|1781884200;1012;XAUUSD;PERIOD_M5;SHORT;2026.06.19 16:55:00;2026.06.19 17:00:00;2026.06.22 03:49:58;4151.24000000;4181.59000000;4090.54000000;4181.59000000;SL;-1.0000;0.4847;-1.0946;705;NewYork
MSZZC1|6:XAUUSD|1:5|2:-1|1:2|67:BO|XAUUSD|5|1|S|1782913200|MSZZ|XAUUSD|5|1|-1|1782875700|1782875700;1012;XAUUSD;PERIOD_M5;SHORT;2026.07.01 13:40:00;2026.07.01 13:45:00;2026.07.01 14:05:00;3987.46000000;4018.11000000;3926.16000000;4006.76000000;OTHER;-0.6297;0.0150;-0.7615;4;London
MSZZC1|6:XAUUSD|1:5|1:1|1:2|66:BO|XAUUSD|5|1|L|1782914400|MSZZ|XAUUSD|5|1|1|1782870000|1782870600;1012;XAUUSD;PERIOD_M5;LONG;2026.07.01 14:00:00;2026.07.01 14:05:00;2026.07.01 14:14:58;4006.76000000;4001.78000000;4016.72000000;4016.72000000;TP;2.0000;2.5602;-0.0382;1;London
MSZZC1|6:XAUUSD|1:5|1:1|1:2|66:BO|XAUUSD|5|1|L|1782915300|MSZZ|XAUUSD|5|1|1|1782915000|1782915000;1012;XAUUSD;PERIOD_M5;LONG;2026.07.01 14:15:00;2026.07.01 14:20:00;2026.07.01 16:39:58;4023.23000000;4001.78000000;4066.13000000;4066.13000000;TP;2.0000;2.2685;-0.4811;27;London
MSZZC1|6:XAUUSD|1:5|2:-1|1:2|67:BO|XAUUSD|5|1|S|1783672200|MSZZ|XAUUSD|5|1|-1|1783668000|1783668000;1012;XAUUSD;PERIOD_M5;SHORT;2026.07.10 08:30:00;2026.07.10 08:35:00;2026.07.13 02:04:58;4113.22000000;4134.77000000;4070.12000000;4070.12000000;TP;2.0000;2.0761;-0.3596;785;London
MSZZC1|6:XAUUSD|1:5|1:1|1:2|66:BO|XAUUSD|5|1|L|1783911300|MSZZ|XAUUSD|5|1|1|1783727700|1783904400;1012;XAUUSD;PERIOD_M5;LONG;2026.07.13 02:55:00;2026.07.13 03:00:00;2026.07.13 03:19:58;4084.84000000;4080.76000000;4093.00000000;4080.76000000;SL;-1.0000;1.5368;-1.1544;3;Asian
MSZZC1|6:XAUUSD|1:5|2:-1|1:2|67:BO|XAUUSD|5|1|S|1783913100|MSZZ|XAUUSD|5|1|-1|1783905000|1783905000;1012;XAUUSD;PERIOD_M5;SHORT;2026.07.13 03:25:00;2026.07.13 03:30:00;2026.07.13 04:35:00;4074.69000000;4120.97000000;3982.13000000;4085.09000000;OTHER;-0.2247;0.2921;-0.3284;13;Asian
MSZZC1|6:XAUUSD|1:5|1:1|1:2|66:BO|XAUUSD|5|1|L|1783917000|MSZZ|XAUUSD|5|1|1|1783727700|1783904400;1012;XAUUSD;PERIOD_M5;LONG;2026.07.13 04:30:00;2026.07.13 04:35:00;2026.07.13 04:54:58;4085.09000000;4080.76000000;4093.75000000;4080.76000000;SL;-1.0000;0.8176;-2.5358;3;Asian
MSZZC1|6:XAUUSD|1:5|2:-1|1:2|67:BO|XAUUSD|5|1|S|1783918200|MSZZ|XAUUSD|5|1|-1|1783905000|1783905000;1012;XAUUSD;PERIOD_M5;SHORT;2026.07.13 04:50:00;2026.07.13 04:55:00;2026.07.15 08:40:00;4074.08000000;4120.97000000;3980.30000000;4031.65000000;OTHER;0.9049;1.9330;-0.6168;621;Asian
MSZZC1|6:XAUUSD|1:5|1:1|1:2|66:BO|XAUUSD|5|1|L|1784104500|MSZZ|XAUUSD|5|1|1|1784100600|1784101200;1012;XAUUSD;PERIOD_M5;LONG;2026.07.15 08:35:00;2026.07.15 08:40:00;2026.07.15 09:19:58;4031.65000000;4025.16000000;4044.63000000;4025.16000000;SL;-1.0000;0.7519;-1.2404;7;London
MSZZC1|6:XAUUSD|1:5|1:1|1:2|66:BO|XAUUSD|5|1|L|1784116800|MSZZ|XAUUSD|5|1|1|1784109600|1784110800;1012;XAUUSD;PERIOD_M5;LONG;2026.07.15 12:00:00;2026.07.15 12:05:00;2026.07.15 15:39:58;4033.45000000;4017.38000000;4065.59000000;4065.59000000;TP;2.0000;2.0373;-0.4916;42;London
MSZZC1|6:XAUUSD|1:5|1:1|1:2|66:BO|XAUUSD|5|1|L|1784129700|MSZZ|XAUUSD|5|1|1|1784129400|1784129400;1012;XAUUSD;PERIOD_M5;LONG;2026.07.15 15:35:00;2026.07.15 15:40:00;2026.07.15 19:20:00;4064.02000000;4026.63000000;4138.80000000;4033.94000000;OTHER;-0.8045;0.2693;-0.8283;44;London
MSZZC1|6:XAUUSD|1:5|2:-1|1:2|67:BO|XAUUSD|5|1|S|1784142900|MSZZ|XAUUSD|5|1|-1|1784121900|1784122500;1012;XAUUSD;PERIOD_M5;SHORT;2026.07.15 19:15:00;2026.07.15 19:20:00;2026.07.15 20:34:58;4033.94000000;4054.66000000;3992.50000000;4054.66000000;SL;-1.0000;0.3374;-1.0627;14;NewYork
MSZZC1|6:XAUUSD|1:5|1:1|1:2|66:BO|XAUUSD|5|1|L|1784147400|MSZZ|XAUUSD|5|1|1|1784147100|1784147100;1012;XAUUSD;PERIOD_M5;LONG;2026.07.15 20:30:00;2026.07.15 20:35:00;2026.07.16 05:10:00;4055.04000000;4026.95000000;4111.22000000;4032.92000000;OTHER;-0.7875;0.9448;-0.8451;103;NewYork
MSZZC1|6:XAUUSD|1:5|2:-1|1:2|67:BO|XAUUSD|5|1|S|1784178300|MSZZ|XAUUSD|5|1|-1|1784175900|1784176500;1012;XAUUSD;PERIOD_M5;SHORT;2026.07.16 05:05:00;2026.07.16 05:10:00;2026.07.16 14:45:00;4032.92000000;4045.94000000;4006.88000000;4035.09000000;OTHER;-0.1667;0.8932;-0.7243;115;Asian
MSZZC1|6:XAUUSD|1:5|1:1|1:2|66:BO|XAUUSD|5|1|L|1784212800|MSZZ|XAUUSD|5|1|1|1784206200|1784206800;1012;XAUUSD;PERIOD_M5;LONG;2026.07.16 14:40:00;2026.07.16 14:45:00;2026.07.16 15:19:58;4035.09000000;4021.29000000;4062.69000000;4021.29000000;SL;-1.0000;0.5986;-1.6268;6;London
MSZZC1|6:XAUUSD|1:5|2:-1|1:2|67:BO|XAUUSD|5|1|S|1784216400|MSZZ|XAUUSD|5|1|-1|1784214900|1784214900;1012;XAUUSD;PERIOD_M5;SHORT;2026.07.16 15:40:00;2026.07.16 15:45:00;2026.07.21 05:39:58;4002.71000000;4042.35000000;3923.43000000;4042.35000000;SL;-1.0000;1.0916;-1.0686;1318;London
