logical_position_id,position_ticket,entry_deal_count,exit_deal_count,entry_volume,exit_volume,weighted_exit_price,reported_exit_price,reported_r,portfolio_reported_r,recomputed_r,volume_match,weighted_exit_match,r_match
MSZZC1|6:XAUUSD|1:5|2:-1|1:4|34:SSRP|ASIA_HIGH|20250303|1741012200,2,1,1,2.21,2.21000000,2874.37000000,2874.37,2.0000,2.0,2.00000000,true,true,true
MSZZC1|6:XAUUSD|1:5|2:-1|1:4|34:SSRP|ASIA_HIGH|20250303|1741019700,4,1,1,0.38,0.38000000,2883.22000000,2883.22,-1.0000,-1.0,-1.00000000,true,true,true
MSZZC1|6:XAUUSD|1:5|2:-1|1:4|34:SSRP|ASIA_HIGH|20250305|1741161600,6,1,1,2.63,2.63000000,2919.40000000,2919.4,-1.0000,-1.0,-1.00000000,true,true,true
MSZZC1|6:XAUUSD|1:5|2:-1|1:4|34:SSRP|ASIA_HIGH|20250305|1741162500,8,1,1,0.76,0.76000000,2921.77000000,2921.77,-1.0000,-1.0,-1.00000000,true,true,true
MSZZC1|6:XAUUSD|1:5|2:-1|1:4|34:SSRP|ASIA_HIGH|20250305|1741172400,10,1,1,0.52,0.52000000,2908.48000000,2908.48,1.9979,1.9978858350950912,1.99788584,true,true,true
MSZZC1|6:XAUUSD|1:5|1:1|1:4|33:SSRP|ASIA_LOW|20250305|1741189800,12,1,1,0.21,0.21000000,2916.92000000,2916.92,1.0289,1.0288713910761493,1.02887139,true,true,true
MSZZC1|6:XAUUSD|1:5|2:-1|1:4|34:SSRP|ASIA_HIGH|20250305|1741194300,14,1,1,0.49,0.49000000,2921.97000000,2921.97,-1.0000,-1.0,-1.00000000,true,true,true
MSZZC1|6:XAUUSD|1:5|2:-1|1:4|34:SSRP|ASIA_HIGH|20250305|1741196100,16,1,1,0.4,0.40000000,2923.99000000,2923.99,-1.0000,-1.0,-1.00000000,true,true,true
MSZZC1|6:XAUUSD|1:5|2:-1|1:4|34:SSRP|ASIA_HIGH|20250305|1741201800,18,1,1,0.54,0.54000000,2922.62000000,2922.62,-1.0000,-1.0,-1.00000000,true,true,true
MSZZC1|6:XAUUSD|1:5|2:-1|1:4|34:SSRP|ASIA_HIGH|20250305|1741215900,20,1,1,1.04,1.04000000,2920.77000000,2920.77,-1.0000,-1.0,-1.00000000,true,true,true
MSZZC1|6:XAUUSD|1:5|1:1|1:4|33:SSRP|ASIA_LOW|20250306|1741253400,22,1,1,0.65,0.65000000,2911.48000000,2911.48,-1.0000,-1.0,-1.00000000,true,true,true
MSZZC1|6:XAUUSD|1:5|1:1|1:4|33:SSRP|ASIA_LOW|20250306|1741278900,24,1,1,0.4,0.40000000,2909.36000000,2909.36,-1.0000,-1.0,-1.00000000,true,true,true
MSZZC1|6:XAUUSD|1:5|1:1|1:4|33:SSRP|ASIA_LOW|20250306|1741282500,26,1,1,0.35,0.35000000,2908.72000000,2908.72,-1.0000,-1.0,-1.00000000,true,true,true
MSZZC1|6:XAUUSD|1:5|2:-1|1:4|34:SSRP|ASIA_HIGH|20250307|1741336200,28,1,1,1.27,1.27000000,2914.92000000,2914.92,-1.0000,-1.0,-1.00000000,true,true,true
MSZZC1|6:XAUUSD|1:5|2:-1|1:4|34:SSRP|ASIA_HIGH|20250307|1741360200,30,1,1,0.27,0.27000000,2920.61000000,2920.61,-1.0000,-1.0,-1.00000000,true,true,true
MSZZC1|6:XAUUSD|1:5|2:-1|1:4|34:SSRP|ASIA_HIGH|20250307|1741362600,32,1,1,0.19,0.19000000,2922.18000000,2922.18,-1.0000,-1.0,-1.00000000,true,true,true
MSZZC1|6:XAUUSD|1:5|2:-1|1:4|34:SSRP|ASIA_HIGH|20250307|1741368900,34,1,1,0.2,0.20000000,2909.95000000,2909.95,0.1303,0.13032581453637646,0.13032581,true,true,true
MSZZC1|6:XAUUSD|1:5|1:1|1:4|33:SSRP|ASIA_LOW|20250310|1741598700,36,1,1,0.79,0.79000000,2906.87000000,2906.8699999999994,-1.0000,-1.0000000000001477,-1.00000000,true,true,true
MSZZC1|6:XAUUSD|1:5|1:1|1:4|33:SSRP|ASIA_LOW|20250310|1741607400,38,1,1,0.56,0.56000000,2904.17000000,2904.17,-1.0000,-1.0,-1.00000000,true,true,true
MSZZC1|6:XAUUSD|1:5|1:1|1:4|33:SSRP|ASIA_LOW|20250310|1741611900,40,1,1,0.32,0.32000000,2901.09000000,2901.09,-1.0000,-1.0,-1.00000000,true,true,true
MSZZC1|6:XAUUSD|1:5|2:-1|1:4|34:SSRP|ASIA_HIGH|20250311|1741689000,42,1,1,0.89,0.89000000,2902.14000000,2902.14,-1.0000,-1.0,-1.00000000,true,true,true
MSZZC1|6:XAUUSD|1:5|2:-1|1:4|34:SSRP|ASIA_HIGH|20250311|1741691100,44,1,1,0.66,0.66000000,2903.60000000,2903.6,-1.0000,-1.0,-1.00000000,true,true,true
MSZZC1|6:XAUUSD|1:5|2:-1|1:4|34:SSRP|ASIA_HIGH|20250312|1741773900,46,1,1,0.62,0.62000000,2911.71000000,2911.71,1.4576,1.457583547557907,1.45758355,true,true,true
MSZZC1|6:XAUUSD|1:5|1:1|1:4|33:SSRP|ASIA_LOW|20250312|1741777500,48,1,1,1.8,1.80000000,2910.36000000,2910.36,-1.0000,-1.0,-1.00000000,true,true,true
MSZZC1|6:XAUUSD|1:5|1:1|1:4|33:SSRP|ASIA_LOW|20250312|1741778100,50,1,1,0.75,0.75000000,2918.50000000,2918.5,2.0000,2.000000000000141,2.00000000,true,true,true
MSZZC1|6:XAUUSD|1:5|2:-1|1:4|34:SSRP|ASIA_HIGH|20250312|1741784700,52,1,1,0.75,0.75000000,2913.08000000,2913.08,2.0031,2.003105590062321,2.00310559,true,true,true
MSZZC1|6:XAUUSD|1:5|2:-1|1:4|34:SSRP|ASIA_HIGH|20250312|1741797000,54,1,1,0.57,0.57000000,2910.39000000,2910.39,2.0000,2.0,2.00000000,true,true,true
MSZZC1|6:XAUUSD|1:5|1:1|1:4|33:SSRP|ASIA_LOW|20250312|1741800000,56,1,1,0.41,0.41000000,2923.49000000,2923.49,1.9983,1.9983050847458799,1.99830508,true,true,true
MSZZC1|6:XAUUSD|1:5|2:-1|1:4|34:SSRP|ASIA_HIGH|20250313|1741872000,58,1,1,1.3900000000000001,1.39000000,2947.80000000,2947.8,-1.0000,-1.0,-1.00000000,true,true,true
MSZZC1|6:XAUUSD|1:5|2:-1|1:4|34:SSRP|ASIA_HIGH|20250313|1741874400,60,1,1,1.11,1.11000000,2948.61000000,2948.61,-1.0000,-1.0,-1.00000000,true,true,true
MSZZC1|6:XAUUSD|1:5|2:-1|1:4|34:SSRP|ASIA_HIGH|20250313|1741880400,62,1,1,1.03,1.03000000,2948.65000000,2948.65,-1.0000,-1.0,-1.00000000,true,true,true
MSZZC1|6:XAUUSD|1:5|2:-1|1:4|34:SSRP|ASIA_HIGH|20250313|1741881600,64,1,1,0.77,0.77000000,2939.77000000,2939.7699999999995,2.0000,2.0000000000001434,2.00000000,true,true,true
MSZZC1|6:XAUUSD|1:5|2:-1|1:4|34:SSRP|ASIA_HIGH|20250314|1741939200,66,1,1,1.19,1.19000000,2987.81000000,2987.81,2.0000,2.0,2.00000000,true,true,true
MSZZC1|6:XAUUSD|1:5|1:1|1:4|33:SSRP|ASIA_LOW|20250314|1741951500,68,1,1,0.66,0.66000000,2991.90000000,2991.9,2.0000,1.9999999999998777,2.00000000,true,true,true
MSZZC1|6:XAUUSD|1:5|2:-1|1:4|34:SSRP|ASIA_HIGH|20250314|1741962600,70,1,1,0.2,0.20000000,2984.98000000,2984.9799999999996,0.4799,0.47987117552338615,0.47987118,true,true,true
MSZZC1|6:XAUUSD|1:5|1:1|1:4|33:SSRP|ASIA_LOW|20250314|1741978800,72,1,1,0.5,0.50000000,2980.02000000,2980.02,-1.0000,-1.0,-1.00000000,true,true,true
MSZZC1|6:XAUUSD|1:5|1:1|1:4|33:SSRP|ASIA_LOW|20250314|1741979400,74,1,1,0.61,0.61000000,2990.35000000,2990.35,1.9975,1.9975186104216693,1.99751861,true,true,true
MSZZC1|6:XAUUSD|1:5|1:1|1:4|33:SSRP|ASIA_LOW|20250317|1742199000,76,1,1,1.8900000000000001,1.89000000,2986.42000000,2986.42,2.0000,1.9999999999996554,2.00000000,true,true,true
MSZZC1|6:XAUUSD|1:5|2:-1|1:4|34:SSRP|ASIA_HIGH|20250317|1742223600,78,1,1,0.52,0.52000000,2998.27000000,2998.27,-1.0000,-1.0,-1.00000000,true,true,true
MSZZC1|6:XAUUSD|1:5|2:-1|1:4|34:SSRP|ASIA_HIGH|20250317|1742235000,80,1,1,0.75,0.75000000,2997.25000000,2997.25,-1.0000,-1.0,-1.00000000,true,true,true
MSZZC1|6:XAUUSD|1:5|2:-1|1:4|34:SSRP|ASIA_HIGH|20250317|1742239800,82,1,1,0.71,0.71000000,2997.55000000,2997.55,-1.0000,-1.0,-1.00000000,true,true,true
MSZZC1|6:XAUUSD|1:5|2:-1|1:4|34:SSRP|ASIA_HIGH|20250318|1742291400,84,1,1,1.17,1.17000000,3018.08000000,3018.08,-1.0000,-1.0,-1.00000000,true,true,true
MSZZC1|6:XAUUSD|1:5|2:-1|1:4|34:SSRP|ASIA_HIGH|20250318|1742292900,86,1,1,0.72,0.72000000,3019.33000000,3019.33,-1.0000,-1.0,-1.00000000,true,true,true
MSZZC1|6:XAUUSD|1:5|2:-1|1:4|34:SSRP|ASIA_HIGH|20250319|1742375100,88,1,1,0.39,0.39000000,3028.50000000,3028.5,1.6051,1.6050955414012111,1.60509554,true,true,true
MSZZC1|6:XAUUSD|1:5|1:1|1:4|33:SSRP|ASIA_LOW|20250319|1742384400,90,1,1,1.72,1.72000000,3027.06000000,3027.06,-1.0000,-1.0,-1.00000000,true,true,true
MSZZC1|6:XAUUSD|1:5|1:1|1:4|33:SSRP|ASIA_LOW|20250319|1742386200,92,1,1,0.9,0.90000000,3033.61000000,3033.61,2.0000,2.0,2.00000000,true,true,true
MSZZC1|6:XAUUSD|1:5|2:-1|1:4|34:SSRP|ASIA_HIGH|20250319|1742394600,94,1,1,2.6,2.60000000,3039.94000000,3039.94,-1.0000,-1.0,-1.00000000,true,true,true
MSZZC1|6:XAUUSD|1:5|2:-1|1:4|34:SSRP|ASIA_HIGH|20250319|1742394900,96,1,1,2.46,2.46000000,3040.10000000,3040.1,-1.0000,-1.0,-1.00000000,true,true,true
MSZZC1|6:XAUUSD|1:5|2:-1|1:4|34:SSRP|ASIA_HIGH|20250319|1742396100,98,1,1,1.26,1.26000000,3040.14000000,3040.14,-1.0000,-1.0,-1.00000000,true,true,true
MSZZC1|6:XAUUSD|1:5|2:-1|1:4|34:SSRP|ASIA_HIGH|20250319|1742396700,100,1,1,3.3,3.30000000,3037.89000000,3037.89,2.0000,2.0,2.00000000,true,true,true
MSZZC1|6:XAUUSD|1:5|2:-1|1:4|34:SSRP|ASIA_HIGH|20250319|1742397300,102,1,1,1.22,1.22000000,3039.92000000,3039.92,-1.0000,-1.0,-1.00000000,true,true,true
MSZZC1|6:XAUUSD|1:5|2:-1|1:4|34:SSRP|ASIA_HIGH|20250319|1742398500,104,1,1,0.66,0.66000000,3030.06000000,3030.06,2.0000,2.0,2.00000000,true,true,true
MSZZC1|6:XAUUSD|1:5|1:1|1:4|33:SSRP|ASIA_LOW|20250319|1742404200,106,1,1,0.72,0.72000000,3036.13000000,3036.1300000000006,2.0000,2.0000000000001323,2.00000000,true,true,true
MSZZC1|6:XAUUSD|1:5|2:-1|1:4|34:SSRP|ASIA_HIGH|20250319|1742418600,108,1,1,0.64,0.64000000,3041.37000000,3041.37,-1.0000,-1.0,-1.00000000,true,true,true
MSZZC1|6:XAUUSD|1:5|1:1|1:4|33:SSRP|ASIA_LOW|20250320|1742466000,110,1,1,0.87,0.87000000,3044.18000000,3044.18,-1.0000,-1.0,-1.00000000,true,true,true
MSZZC1|6:XAUUSD|1:5|1:1|1:4|33:SSRP|ASIA_LOW|20250320|1742472900,112,1,1,1.02,1.02000000,3043.05000000,3043.05,-1.0000,-1.0,-1.00000000,true,true,true
MSZZC1|6:XAUUSD|1:5|1:1|1:4|33:SSRP|ASIA_LOW|20250320|1742508600,114,1,1,1.23,1.23000000,3043.28000000,3043.28,-1.0000,-1.0,-1.00000000,true,true,true
MSZZC1|6:XAUUSD|1:5|1:1|1:4|33:SSRP|ASIA_LOW|20250321|1742547000,116,1,1,0.67,0.67000000,3035.55000000,3035.55,1.9973,1.99728260869584,1.99728261,true,true,true
MSZZC1|6:XAUUSD|1:5|2:-1|1:4|34:SSRP|ASIA_HIGH|20250324|1742811600,118,1,1,0.63,0.63000000,3029.01000000,3029.01,-1.0000,-1.0,-1.00000000,true,true,true
MSZZC1|6:XAUUSD|1:5|2:-1|1:4|34:SSRP|ASIA_HIGH|20250324|1742819400,120,1,1,0.51,0.51000000,3029.75000000,3029.75,-1.0000,-1.0,-1.00000000,true,true,true
MSZZC1|6:XAUUSD|1:5|2:-1|1:4|34:SSRP|ASIA_HIGH|20250324|1742826000,122,1,1,0.9,0.90000000,3028.05000000,3028.05,-1.0000,-1.0,-1.00000000,true,true,true
MSZZC1|6:XAUUSD|1:5|2:-1|1:4|34:SSRP|ASIA_HIGH|20250324|1742829600,124,1,1,0.56,0.56000000,3015.61000000,3015.61,2.0000,1.999999999999896,2.00000000,true,true,true
MSZZC1|6:XAUUSD|1:5|1:1|1:4|33:SSRP|ASIA_LOW|20250324|1742841000,126,1,1,0.55,0.55000000,3009.54000000,3009.54,-1.0000,-1.0,-1.00000000,true,true,true
MSZZC1|6:XAUUSD|1:5|1:1|1:4|33:SSRP|ASIA_LOW|20250324|1742859600,128,1,1,1.49,1.49000000,3012.69000000,3012.6899999999996,-1.0000,-1.000000000000274,-1.00000000,true,true,true
MSZZC1|6:XAUUSD|1:5|2:-1|1:4|34:SSRP|ASIA_HIGH|20250325|1742893200,130,1,1,0.99,0.99000000,3011.23000000,3011.23,2.0000,2.0,2.00000000,true,true,true
MSZZC1|6:XAUUSD|1:5|2:-1|1:4|34:SSRP|ASIA_HIGH|20250325|1742915400,132,1,1,1.05,1.05000000,3018.79000000,3018.79,-1.0000,-1.0,-1.00000000,true,true,true
MSZZC1|6:XAUUSD|1:5|1:1|1:4|33:SSRP|ASIA_LOW|20250326|1742976300,134,1,1,1.28,1.28000000,3019.01000000,3019.01,2.0052,2.005181347150608,2.00518135,true,true,true
MSZZC1|6:XAUUSD|1:5|2:-1|1:4|34:SSRP|ASIA_HIGH|20250326|1742983500,136,1,1,2.09,2.09000000,3027.67000000,3027.67,-1.0000,-1.0,-1.00000000,true,true,true
MSZZC1|6:XAUUSD|1:5|2:-1|1:4|34:SSRP|ASIA_HIGH|20250326|1742987700,138,1,1,0.9,0.90000000,3020.87000000,3020.87,2.0000,1.9999999999998341,2.00000000,true,true,true
MSZZC1|6:XAUUSD|1:5|2:-1|1:4|34:SSRP|ASIA_HIGH|20250326|1743001200,140,1,1,0.93,0.93000000,3028.80000000,3028.7999999999997,-1.0000,-0.9999999999998297,-1.00000000,true,true,true
MSZZC1|6:XAUUSD|1:5|2:-1|1:4|34:SSRP|ASIA_HIGH|20250326|1743004200,142,1,1,0.57,0.57000000,3016.22000000,3016.22,2.0000,2.000000000000105,2.00000000,true,true,true
MSZZC1|6:XAUUSD|1:5|1:1|1:4|33:SSRP|ASIA_LOW|20250326|1743012000,144,1,1,0.6,0.60000000,3024.73000000,3024.73,1.9976,1.9975903614457307,1.99759036,true,true,true
MSZZC1|6:XAUUSD|1:5|2:-1|1:4|34:SSRP|ASIA_HIGH|20250327|1743092700,146,1,1,0.4,0.40000000,3043.49000000,3043.49,-1.0000,-1.0,-1.00000000,true,true,true
MSZZC1|6:XAUUSD|1:5|2:-1|1:4|34:SSRP|ASIA_HIGH|20250328|1743150600,148,1,1,2.82,2.82000000,3078.05000000,3078.05,-1.0000,-1.0,-1.00000000,true,true,true
MSZZC1|6:XAUUSD|1:5|2:-1|1:4|34:SSRP|ASIA_HIGH|20250328|1743159600,150,1,1,0.52,0.52000000,3066.90000000,3066.9,2.0000,2.0,2.00000000,true,true,true
MSZZC1|6:XAUUSD|1:5|2:-1|1:4|34:SSRP|ASIA_HIGH|20250328|1743172500,152,1,1,0.71,0.71000000,3079.93000000,3079.93,-1.0000,-1.0,-1.00000000,true,true,true
MSZZC1|6:XAUUSD|1:5|2:-1|1:4|34:SSRP|ASIA_HIGH|20250328|1743177000,154,1,1,0.34,0.34000000,3082.03000000,3082.0299999999997,-1.0000,-0.999999999999937,-1.00000000,true,true,true
MSZZC1|6:XAUUSD|1:5|2:-1|1:4|34:SSRP|ASIA_HIGH|20250328|1743182400,156,1,1,0.29,0.29000000,3084.51000000,3084.51,-1.0000,-1.0,-1.00000000,true,true,true
MSZZC1|6:XAUUSD|1:5|2:-1|1:4|34:SSRP|ASIA_HIGH|20250328|1743194400,158,1,1,0.53,0.53000000,3081.13000000,3081.13,-1.0000,-1.0,-1.00000000,true,true,true
MSZZC1|6:XAUUSD|1:5|2:-1|1:4|34:SSRP|ASIA_HIGH|20250331|1743413100,160,1,1,0.43,0.43000000,3121.21000000,3121.21,-1.0000,-1.0,-1.00000000,true,true,true
MSZZC1|6:XAUUSD|1:5|2:-1|1:4|34:SSRP|ASIA_HIGH|20250331|1743424200,162,1,1,0.41,0.41000000,3121.44000000,3121.44,-1.0000,-1.0,-1.00000000,true,true,true
MSZZC1|6:XAUUSD|1:5|2:-1|1:4|34:SSRP|ASIA_HIGH|20250331|1743430500,164,1,1,0.42,0.42000000,3119.83000000,3119.8299999999995,-1.0000,-0.9999999999999226,-1.00000000,true,true,true
MSZZC1|6:XAUUSD|1:5|2:-1|1:4|34:SSRP|ASIA_HIGH|20250331|1743438300,166,1,1,0.3,0.30000000,3120.57000000,3120.57,-1.0000,-1.0,-1.00000000,true,true,true
MSZZC1|6:XAUUSD|1:5|2:-1|1:4|34:SSRP|ASIA_HIGH|20250331|1743445800,168,1,1,0.42,0.42000000,3121.45000000,3121.45,-1.0000,-1.0,-1.00000000,true,true,true
MSZZC1|6:XAUUSD|1:5|2:-1|1:4|34:SSRP|ASIA_HIGH|20250401|1743496500,170,1,1,0.64,0.64000000,3137.68000000,3137.68,1.9974,1.9973890339426204,1.99738903,true,true,true
MSZZC1|6:XAUUSD|1:5|1:1|1:4|33:SSRP|ASIA_LOW|20250401|1743532800,172,1,1,0.65,0.65000000,3119.10000000,3119.1,-1.0000,-1.0,-1.00000000,true,true,true
MSZZC1|6:XAUUSD|1:5|1:1|1:4|33:SSRP|ASIA_LOW|20250402|1743635400,174,1,1,0.15,0.15000000,3153.08000000,3153.08,2.0000,2.0,2.00000000,true,true,true
MSZZC1|6:XAUUSD|1:5|1:1|1:4|33:SSRP|ASIA_LOW|20250403|1743672600,176,1,1,0.26,0.26000000,3116.21000000,3116.21,-1.0000,-1.0,-1.00000000,true,true,true
MSZZC1|6:XAUUSD|1:5|1:1|1:4|33:SSRP|ASIA_LOW|20250403|1743700500,178,1,1,0.16,0.16000000,3110.55000000,3110.55,-1.0000,-1.0,-1.00000000,true,true,true
MSZZC1|6:XAUUSD|1:5|1:1|1:4|33:SSRP|ASIA_LOW|20250404|1743767700,180,1,1,0.38,0.38000000,3103.02000000,3103.02,1.9985,1.9984591679505896,1.99845917,true,true,true
MSZZC1|6:XAUUSD|1:5|2:-1|1:4|34:SSRP|ASIA_HIGH|20250404|1743776700,182,1,1,0.13,0.13000000,3078.11000000,3078.11,1.9995,1.9994553376906694,1.99945534,true,true,true
MSZZC1|6:XAUUSD|1:5|1:1|1:4|33:SSRP|ASIA_LOW|20250404|1743780900,184,1,1,0.13,0.13000000,3069.99000000,3069.99,-1.0000,-1.0,-1.00000000,true,true,true
MSZZC1|6:XAUUSD|1:5|1:1|1:4|33:SSRP|ASIA_LOW|20250407|1744058100,186,1,1,0.21,0.21000000,2995.03000000,2995.03,2.0009,2.0008771929825553,2.00087719,true,true,true
MSZZC1|6:XAUUSD|1:5|2:-1|1:4|34:SSRP|ASIA_HIGH|20250408|1744100100,188,1,1,0.8,0.80000000,3005.47000000,3005.4699999999993,-1.0000,-0.9999999999998528,-1.00000000,true,true,true
MSZZC1|6:XAUUSD|1:5|2:-1|1:4|34:SSRP|ASIA_HIGH|20250408|1744102200,190,1,1,0.55,0.55000000,3008.44000000,3008.44,-1.0000,-1.0,-1.00000000,true,true,true
MSZZC1|6:XAUUSD|1:5|2:-1|1:4|34:SSRP|ASIA_HIGH|20250408|1744108200,192,1,1,0.29,0.29000000,3011.61000000,3011.61,-1.0000,-1.0,-1.00000000,true,true,true
MSZZC1|6:XAUUSD|1:5|2:-1|1:4|34:SSRP|ASIA_HIGH|20250408|1744126500,194,1,1,0.25,0.25000000,3013.12000000,3013.12,-1.0000,-1.0,-1.00000000,true,true,true
MSZZC1|6:XAUUSD|1:5|2:-1|1:4|34:SSRP|ASIA_HIGH|20250408|1744134600,196,1,1,0.2,0.20000000,2980.18000000,2980.1799999999994,2.0000,2.0000000000000746,2.00000000,true,true,true
MSZZC1|6:XAUUSD|1:5|1:1|1:4|33:SSRP|ASIA_LOW|20250408|1744143000,198,1,1,0.39,0.39000000,2976.25000000,2976.25,-1.0000,-1.0,-1.00000000,true,true,true
MSZZC1|6:XAUUSD|1:5|1:1|1:4|33:SSRP|ASIA_LOW|20250408|1744144200,200,1,1,0.54,0.54000000,2987.95000000,2987.95,1.9978,1.9977924944810876,1.99779249,true,true,true
MSZZC1|6:XAUUSD|1:5|1:1|1:4|33:SSRP|ASIA_LOW|20250408|1744151700,202,1,1,0.46,0.46000000,2976.55000000,2976.55,-1.0000,-1.0,-1.00000000,true,true,true
MSZZC1|6:XAUUSD|1:5|2:-1|1:4|34:SSRP|ASIA_HIGH|20250409|1744187100,204,1,1,0.45,0.45000000,3019.16000000,3019.1600000000003,-1.0000,-1.0000000000000842,-1.00000000,true,true,true
MSZZC1|6:XAUUSD|1:5|2:-1|1:4|34:SSRP|ASIA_HIGH|20250410|1744272300,206,1,1,0.82,0.82000000,3123.69000000,3123.69,2.0033,2.003311258277766,2.00331126,true,true,true
MSZZC1|6:XAUUSD|1:5|2:-1|1:4|34:SSRP|ASIA_HIGH|20250410|1744299000,208,1,1,0.14,0.14000000,3134.13000000,3134.13,-1.0000,-1.0,-1.00000000,true,true,true
MSZZC1|6:XAUUSD|1:5|2:-1|1:4|34:SSRP|ASIA_HIGH|20250410|1744302000,210,1,1,0.15,0.15000000,3136.97000000,3136.97,-1.0000,-1.0,-1.00000000,true,true,true
MSZZC1|6:XAUUSD|1:5|2:-1|1:4|34:SSRP|ASIA_HIGH|20250411|1744370400,212,1,1,0.28,0.28000000,3227.76000000,3227.76,-1.0000,-1.0,-1.00000000,true,true,true
MSZZC1|6:XAUUSD|1:5|2:-1|1:4|34:SSRP|ASIA_HIGH|20250411|1744378500,214,1,1,0.25,0.25000000,3225.28000000,3225.28,-1.0000,-1.0,-1.00000000,true,true,true
MSZZC1|6:XAUUSD|1:5|1:1|1:4|33:SSRP|ASIA_LOW|20250414|1744637700,216,1,1,0.33,0.33000000,3206.13000000,3206.1300000000006,-1.0000,-0.9999999999999376,-1.00000000,true,true,true
MSZZC1|6:XAUUSD|1:5|1:1|1:4|33:SSRP|ASIA_LOW|20250414|1744645200,218,1,1,0.21,0.21000000,3200.18000000,3200.18,-1.0000,-1.0,-1.00000000,true,true,true
MSZZC1|6:XAUUSD|1:5|1:1|1:4|33:SSRP|ASIA_LOW|20250414|1744651500,220,1,1,0.16,0.16000000,3200.11000000,3200.11,-1.0000,-1.0,-1.00000000,true,true,true
MSZZC1|6:XAUUSD|1:5|1:1|1:4|33:SSRP|ASIA_LOW|20250414|1744660800,222,1,1,0.64,0.64000000,3206.89000000,3206.89,-1.0000,-1.0,-1.00000000,true,true,true
MSZZC1|6:XAUUSD|1:5|1:1|1:4|33:SSRP|ASIA_LOW|20250414|1744668300,224,1,1,0.67,0.67000000,3207.86000000,3207.8599999999997,-1.0000,-1.000000000000125,-1.00000000,true,true,true
MSZZC1|6:XAUUSD|1:5|1:1|1:4|33:SSRP|ASIA_LOW|20250414|1744673400,226,1,1,0.75,0.75000000,3216.95000000,3216.9499999999994,2.0000,2.0000000000001408,2.00000000,true,true,true
MSZZC1|6:XAUUSD|1:5|2:-1|1:4|34:SSRP|ASIA_HIGH|20250415|1744758000,228,1,1,1.05,1.05000000,3226.74000000,3226.74,2.0043,2.0042918454936562,2.00429185,true,true,true
MSZZC1|6:XAUUSD|1:5|2:-1|1:4|34:SSRP|ASIA_HIGH|20250416|1744790700,230,1,1,1.27,1.27000000,3289.25000000,3289.25,-1.0000,-1.0,-1.00000000,true,true,true
MSZZC1|6:XAUUSD|1:5|2:-1|1:4|34:SSRP|ASIA_HIGH|20250416|1744793700,232,1,1,0.64,0.64000000,3290.83000000,3290.8299999999995,-1.0000,-0.999999999999881,-1.00000000,true,true,true
MSZZC1|6:XAUUSD|1:5|1:1|1:4|33:SSRP|ASIA_LOW|20250417|1744885500,234,1,1,0.39,0.39000000,3316.25000000,3316.25,-1.0000,-1.0,-1.00000000,true,true,true
MSZZC1|6:XAUUSD|1:5|1:1|1:4|33:SSRP|ASIA_LOW|20250417|1744890000,236,1,1,0.51,0.51000000,3330.94000000,3330.94,2.0000,1.9999999999999045,2.00000000,true,true,true
MSZZC1|6:XAUUSD|1:5|1:1|1:4|33:SSRP|ASIA_LOW|20250417|1744922400,238,1,1,0.47,0.47000000,3316.77000000,3316.77,-1.0000,-1.0,-1.00000000,true,true,true
MSZZC1|6:XAUUSD|1:5|1:1|1:4|33:SSRP|ASIA_LOW|20250417|1744929900,240,1,1,1.01,1.01000000,3319.10000000,3319.1,-1.0000,-1.0,-1.00000000,true,true,true
MSZZC1|6:XAUUSD|1:5|1:1|1:4|33:SSRP|ASIA_LOW|20250417|1744930200,242,1,1,0.62,0.62000000,3329.66000000,3329.6600000000003,2.0000,1.9999999999998843,2.00000000,true,true,true
MSZZC1|6:XAUUSD|1:5|2:-1|1:4|34:SSRP|ASIA_HIGH|20250421|1745222700,244,1,1,0.75,0.75000000,3385.91000000,3385.91,-1.0000,-1.0,-1.00000000,true,true,true
MSZZC1|6:XAUUSD|1:5|2:-1|1:4|34:SSRP|ASIA_HIGH|20250422|1745312100,246,1,1,0.41,0.41000000,3495.78000000,3495.78,-1.0000,-1.0,-1.00000000,true,true,true
MSZZC1|6:XAUUSD|1:5|2:-1|1:4|34:SSRP|ASIA_HIGH|20250422|1745313000,248,1,1,0.16,0.16000000,3456.71000000,3456.7100000000005,2.0000,1.9999999999999687,2.00000000,true,true,true
MSZZC1|6:XAUUSD|1:5|1:1|1:4|33:SSRP|ASIA_LOW|20250422|1745340300,250,1,1,0.13,0.13000000,3408.07000000,3408.07,-1.0000,-1.0,-1.00000000,true,true,true
MSZZC1|6:XAUUSD|1:5|1:1|1:4|33:SSRP|ASIA_LOW|20250422|1745348400,252,1,1,0.17,0.17000000,3404.75000000,3404.75,-1.0000,-1.0,-1.00000000,true,true,true
MSZZC1|6:XAUUSD|1:5|1:1|1:4|33:SSRP|ASIA_LOW|20250423|1745398800,254,1,1,0.26,0.26000000,3307.59000000,3307.59,-1.0000,-1.0,-1.00000000,true,true,true
MSZZC1|6:XAUUSD|1:5|1:1|1:4|33:SSRP|ASIA_LOW|20250423|1745404500,256,1,1,0.26,0.26000000,3309.31000000,3309.31,-1.0000,-1.0,-1.00000000,true,true,true
MSZZC1|6:XAUUSD|1:5|1:1|1:4|33:SSRP|ASIA_LOW|20250423|1745406900,258,1,1,0.22,0.22000000,3338.20000000,3338.2,2.0000,2.000000000000042,2.00000000,true,true,true
MSZZC1|6:XAUUSD|1:5|1:1|1:4|33:SSRP|ASIA_LOW|20250423|1745421000,260,1,1,0.23,0.23000000,3313.50000000,3313.5,-1.0000,-1.0,-1.00000000,true,true,true
MSZZC1|6:XAUUSD|1:5|2:-1|1:4|34:SSRP|ASIA_HIGH|20250428|1745862300,262,1,1,0.62,0.62000000,3333.55000000,3333.5499999999997,-1.0000,-0.9999999999998825,-1.00000000,true,true,true
MSZZC1|6:XAUUSD|1:5|2:-1|1:4|34:SSRP|ASIA_HIGH|20250428|1745864100,264,1,1,0.42,0.42000000,3336.34000000,3336.34,-1.0000,-1.0,-1.00000000,true,true,true
MSZZC1|6:XAUUSD|1:5|1:1|1:4|33:SSRP|ASIA_LOW|20250429|1745914500,266,1,1,0.85,0.85000000,3313.39000000,3313.39,2.0000,1.9999999999998388,2.00000000,true,true,true
MSZZC1|6:XAUUSD|1:5|1:1|1:4|33:SSRP|ASIA_LOW|20250429|1745932500,268,1,1,0.7,0.70000000,3306.07000000,3306.0699999999997,-1.0000,-1.000000000000131,-1.00000000,true,true,true
MSZZC1|6:XAUUSD|1:5|1:1|1:4|33:SSRP|ASIA_LOW|20250429|1745939400,270,1,1,0.29,0.29000000,3300.29000000,3300.29,-1.0000,-1.0,-1.00000000,true,true,true
MSZZC1|6:XAUUSD|1:5|1:1|1:4|33:SSRP|ASIA_LOW|20250429|1745945100,272,1,1,0.24,0.24000000,3329.12000000,3329.12,1.9990,1.998991935483849,1.99899194,true,true,true
MSZZC1|6:XAUUSD|1:5|1:1|1:4|33:SSRP|ASIA_LOW|20250430|1746027600,274,1,1,0.13,0.13000000,3285.77000000,3285.77,-1.0000,-1.0,-1.00000000,true,true,true
MSZZC1|6:XAUUSD|1:5|1:1|1:4|33:SSRP|ASIA_LOW|20250501|1746103200,276,1,1,0.55,0.55000000,3219.66000000,3219.66,-1.0000,-1.0,-1.00000000,true,true,true
MSZZC1|6:XAUUSD|1:5|1:1|1:4|33:SSRP|ASIA_LOW|20250501|1746105900,278,1,1,0.3,0.30000000,3214.61000000,3214.61,-1.0000,-1.0,-1.00000000,true,true,true
MSZZC1|6:XAUUSD|1:5|1:1|1:4|33:SSRP|ASIA_LOW|20250501|1746112800,280,1,1,0.15,0.15000000,3207.94000000,3207.94,-1.0000,-1.0,-1.00000000,true,true,true
MSZZC1|6:XAUUSD|1:5|1:1|1:4|33:SSRP|ASIA_LOW|20250501|1746134700,282,1,1,0.24,0.24000000,3244.16000000,3244.16,2.0010,2.00101626016267,2.00101626,true,true,true
MSZZC1|6:XAUUSD|1:5|2:-1|1:4|34:SSRP|ASIA_HIGH|20250502|1746177600,284,1,1,0.55,0.55000000,3249.43000000,3249.43,2.0000,2.0,2.00000000,true,true,true
MSZZC1|6:XAUUSD|1:5|2:-1|1:4|34:SSRP|ASIA_HIGH|20250502|1746182100,286,1,1,0.43,0.43000000,3263.42000000,3263.42,-1.0000,-1.0,-1.00000000,true,true,true
MSZZC1|6:XAUUSD|1:5|2:-1|1:4|34:SSRP|ASIA_HIGH|20250502|1746192300,288,1,1,0.47,0.47000000,3263.29000000,3263.29,-1.0000,-1.0,-1.00000000,true,true,true
MSZZC1|6:XAUUSD|1:5|2:-1|1:4|34:SSRP|ASIA_HIGH|20250502|1746199200,290,1,1,0.24,0.24000000,3264.07000000,3264.07,-1.0000,-1.0,-1.00000000,true,true,true
MSZZC1|6:XAUUSD|1:5|2:-1|1:4|34:SSRP|ASIA_HIGH|20250502|1746209400,292,1,1,0.3,0.30000000,3240.69000000,3240.69,1.9987,1.9987373737373462,1.99873737,true,true,true
MSZZC1|6:XAUUSD|1:5|1:1|1:4|33:SSRP|ASIA_LOW|20250502|1746212400,294,1,1,0.7,0.70000000,3226.37000000,3226.37,-1.0000,-1.0,-1.00000000,true,true,true
MSZZC1|6:XAUUSD|1:5|1:1|1:4|33:SSRP|ASIA_LOW|20250502|1746213000,296,1,1,0.24,0.24000000,3224.47000000,3224.47,-1.0000,-1.0,-1.00000000,true,true,true
MSZZC1|6:XAUUSD|1:5|1:1|1:4|33:SSRP|ASIA_LOW|20250502|1746215700,298,1,1,0.34,0.34000000,3243.38000000,3243.3800000000006,2.0014,2.00144092219043,2.00144092,true,true,true
MSZZC1|6:XAUUSD|1:5|2:-1|1:4|34:SSRP|ASIA_HIGH|20250505|1746444300,300,1,1,1.18,1.18000000,3273.65000000,3273.65,-1.0000,-1.0,-1.00000000,true,true,true
MSZZC1|6:XAUUSD|1:5|2:-1|1:4|34:SSRP|ASIA_HIGH|20250506|1746552000,302,1,1,0.24,0.24000000,3394.00000000,3394.0,-1.0000,-1.0,-1.00000000,true,true,true
MSZZC1|6:XAUUSD|1:5|1:1|1:4|33:SSRP|ASIA_LOW|20250508|1746721500,304,1,1,0.23,0.23000000,3356.49000000,3356.49,-1.0000,-1.0,-1.00000000,true,true,true
MSZZC1|6:XAUUSD|1:5|2:-1|1:4|34:SSRP|ASIA_HIGH|20250509|1746777600,306,1,1,2.05,2.05000000,3328.53000000,3328.53,-1.0000,-1.0,-1.00000000,true,true,true
MSZZC1|6:XAUUSD|1:5|2:-1|1:4|34:SSRP|ASIA_HIGH|20250509|1746778200,308,1,1,0.44,0.44000000,3314.23000000,3314.23,2.0018,2.00184842883553,2.00184843,true,true,true
MSZZC1|6:XAUUSD|1:5|2:-1|1:4|34:SSRP|ASIA_HIGH|20250509|1746784800,310,1,1,0.47,0.47000000,3332.41000000,3332.41,-1.0000,-1.0,-1.00000000,true,true,true
MSZZC1|6:XAUUSD|1:5|2:-1|1:4|34:SSRP|ASIA_HIGH|20250509|1746800700,312,1,1,0.2,0.20000000,3338.53000000,3338.5300000000007,-1.0000,-1.000000000000038,-1.00000000,true,true,true
MSZZC1|6:XAUUSD|1:5|2:-1|1:4|34:SSRP|ASIA_HIGH|20250509|1746809700,314,1,1,0.23,0.23000000,3334.76000000,3334.76,-1.0000,-1.0,-1.00000000,true,true,true
MSZZC1|6:XAUUSD|1:5|2:-1|1:4|34:SSRP|ASIA_HIGH|20250509|1746829500,316,1,1,0.42,0.42000000,3316.05000000,3316.05,2.0018,2.0017636684302933,2.00176367,true,true,true
MSZZC1|6:XAUUSD|1:5|2:-1|1:4|34:SSRP|ASIA_HIGH|20250513|1747125000,318,1,1,0.45,0.45000000,3258.53000000,3258.53,-1.0000,-1.0,-1.00000000,true,true,true
MSZZC1|6:XAUUSD|1:5|2:-1|1:4|34:SSRP|ASIA_HIGH|20250513|1747135200,320,1,1,0.42,0.42000000,3258.60000000,3258.6,-1.0000,-1.0,-1.00000000,true,true,true
MSZZC1|6:XAUUSD|1:5|2:-1|1:4|34:SSRP|ASIA_HIGH|20250513|1747147200,322,1,1,0.51,0.51000000,3243.21000000,3243.21,1.9978,1.9978448275862577,1.99784483,true,true,true
MSZZC1|6:XAUUSD|1:5|2:-1|1:4|34:SSRP|ASIA_HIGH|20250513|1747164000,324,1,1,0.52,0.52000000,3242.54000000,3242.54,2.0000,2.0,2.00000000,true,true,true
MSZZC1|6:XAUUSD|1:5|2:-1|1:4|34:SSRP|ASIA_HIGH|20250513|1747178700,326,1,1,1.33,1.33000000,3249.50000000,3249.5,1.9945,1.9944751381216774,1.99447514,true,true,true
MSZZC1|6:XAUUSD|1:5|1:1|1:4|33:SSRP|ASIA_LOW|20250514|1747209600,328,1,1,0.45,0.45000000,3237.48000000,3237.48,2.0000,1.9999999999999145,2.00000000,true,true,true
MSZZC1|6:XAUUSD|1:5|1:1|1:4|33:SSRP|ASIA_LOW|20250515|1747297800,330,1,1,1.31,1.31000000,3134.73000000,3134.7299999999996,-1.0000,-1.0000000000002445,-1.00000000,true,true,true
MSZZC1|6:XAUUSD|1:5|1:1|1:4|33:SSRP|ASIA_LOW|20250515|1747300500,332,1,1,0.15,0.15000000,3172.30000000,3172.3,2.0000,2.0000000000000573,2.00000000,true,true,true
MSZZC1|6:XAUUSD|1:5|2:-1|1:4|34:SSRP|ASIA_HIGH|20250515|1747326000,334,1,1,0.44,0.44000000,3197.68000000,3197.68,-1.0000,-1.0,-1.00000000,true,true,true
MSZZC1|6:XAUUSD|1:5|1:1|1:4|33:SSRP|ASIA_LOW|20250516|1747390800,336,1,1,0.54,0.54000000,3205.21000000,3205.21,-1.0000,-1.0,-1.00000000,true,true,true
MSZZC1|6:XAUUSD|1:5|1:1|1:4|33:SSRP|ASIA_LOW|20250516|1747394400,338,1,1,0.26,0.26000000,3198.16000000,3198.16,-1.0000,-1.0,-1.00000000,true,true,true
MSZZC1|6:XAUUSD|1:5|2:-1|1:4|34:SSRP|ASIA_HIGH|20250520|1747742100,340,1,1,0.45,0.45000000,3237.86000000,3237.86,-1.0000,-1.0,-1.00000000,true,true,true
MSZZC1|6:XAUUSD|1:5|2:-1|1:4|34:SSRP|ASIA_HIGH|20250521|1747817400,342,1,1,0.38,0.38000000,3319.84000000,3319.8400000000006,-1.0000,-1.0000000000000724,-1.00000000,true,true,true
MSZZC1|6:XAUUSD|1:5|2:-1|1:4|34:SSRP|ASIA_HIGH|20250521|1747821300,344,1,1,0.37,0.37000000,3301.57000000,3301.5700000000006,2.0000,1.9999999999997877,2.00000000,true,true,true
MSZZC1|6:XAUUSD|1:5|2:-1|1:4|34:SSRP|ASIA_HIGH|20250521|1747858800,346,1,1,0.51,0.51000000,3315.66000000,3315.66,-1.0000,-1.0,-1.00000000,true,true,true
MSZZC1|6:XAUUSD|1:5|2:-1|1:4|34:SSRP|ASIA_HIGH|20250521|1747860900,348,1,1,0.56,0.56000000,3316.64000000,3316.64,-1.0000,-1.0,-1.00000000,true,true,true
MSZZC1|6:XAUUSD|1:5|2:-1|1:4|34:SSRP|ASIA_HIGH|20250521|1747870200,350,1,1,0.67,0.67000000,3318.02000000,3318.02,-1.0000,-1.0,-1.00000000,true,true,true
MSZZC1|6:XAUUSD|1:5|1:1|1:4|33:SSRP|ASIA_LOW|20250522|1747913400,352,1,1,0.52,0.52000000,3310.92000000,3310.92,-1.0000,-1.0,-1.00000000,true,true,true
MSZZC1|6:XAUUSD|1:5|1:1|1:4|33:SSRP|ASIA_LOW|20250526|1748264400,354,1,1,0.63,0.63000000,3328.39000000,3328.39,-1.0000,-1.0,-1.00000000,true,true,true
MSZZC1|6:XAUUSD|1:5|1:1|1:4|33:SSRP|ASIA_LOW|20250526|1748273400,356,1,1,0.41,0.41000000,3343.52000000,3343.5200000000004,2.0000,2.0,2.00000000,true,true,true
MSZZC1|6:XAUUSD|1:5|2:-1|1:4|34:SSRP|ASIA_HIGH|20250528|1748439000,358,1,1,0.39,0.39000000,3301.43000000,3301.43,1.9984,1.9983552631579335,1.99835526,true,true,true
MSZZC1|6:XAUUSD|1:5|1:1|1:4|33:SSRP|ASIA_LOW|20250528|1748460900,360,1,1,1.77,1.77000000,3290.66000000,3290.6600000000003,-1.0000,-0.999999999999668,-1.00000000,true,true,true
MSZZC1|6:XAUUSD|1:5|1:1|1:4|33:SSRP|ASIA_LOW|20250528|1748461200,362,1,1,0.59,0.59000000,3300.67000000,3300.67,2.0000,1.999999999999776,2.00000000,true,true,true
MSZZC1|6:XAUUSD|1:5|1:1|1:4|33:SSRP|ASIA_LOW|20250530|1748592300,364,1,1,1.0,1.00000000,3297.38000000,3297.38,2.0000,2.0000000000001887,2.00000000,true,true,true
MSZZC1|6:XAUUSD|1:5|1:1|1:4|33:SSRP|ASIA_LOW|20250530|1748597100,366,1,1,0.52,0.52000000,3290.30000000,3290.3,-1.0000,-1.0,-1.00000000,true,true,true
MSZZC1|6:XAUUSD|1:5|1:1|1:4|33:SSRP|ASIA_LOW|20250530|1748599800,368,1,1,0.32,0.32000000,3287.19000000,3287.1900000000005,-1.0000,-0.9999999999999394,-1.00000000,true,true,true
MSZZC1|6:XAUUSD|1:5|1:1|1:4|33:SSRP|ASIA_LOW|20250530|1748617500,370,1,1,0.11,0.11000000,3282.60000000,3282.6,-1.0000,-1.0,-1.00000000,true,true,true
MSZZC1|6:XAUUSD|1:5|1:1|1:4|33:SSRP|ASIA_LOW|20250530|1748634300,372,1,1,0.38,0.38000000,3304.51000000,3304.5099999999998,1.9984,1.998394863563368,1.99839486,true,true,true
MSZZC1|6:XAUUSD|1:5|2:-1|1:4|34:SSRP|ASIA_HIGH|20250602|1748851800,374,1,1,0.89,0.89000000,3320.00000000,3320.0,-1.0000,-1.0,-1.00000000,true,true,true
MSZZC1|6:XAUUSD|1:5|1:1|1:4|33:SSRP|ASIA_LOW|20250603|1748939400,376,1,1,0.68,0.68000000,3366.83000000,3366.8300000000004,2.0028,2.0028169014087687,2.00281690,true,true,true
MSZZC1|6:XAUUSD|1:5|1:1|1:4|33:SSRP|ASIA_LOW|20250603|1748946900,378,1,1,0.51,0.51000000,3355.09000000,3355.09,-1.0000,-1.0,-1.00000000,true,true,true
MSZZC1|6:XAUUSD|1:5|1:1|1:4|33:SSRP|ASIA_LOW|20250603|1748953200,380,1,1,0.45,0.45000000,3354.88000000,3354.88,-1.0000,-1.0,-1.00000000,true,true,true
MSZZC1|6:XAUUSD|1:5|1:1|1:4|33:SSRP|ASIA_LOW|20250603|1748961600,382,1,1,1.29,1.29000000,3357.66000000,3357.66,-1.0000,-1.0,-1.00000000,true,true,true
MSZZC1|6:XAUUSD|1:5|1:1|1:4|33:SSRP|ASIA_LOW|20250603|1748964600,384,1,1,0.27,0.27000000,3352.82000000,3352.82,-1.0000,-1.0,-1.00000000,true,true,true
MSZZC1|6:XAUUSD|1:5|1:1|1:4|33:SSRP|ASIA_LOW|20250604|1749047100,386,1,1,0.58,0.58000000,3356.06000000,3356.06,2.0024,2.0024038461538987,2.00240385,true,true,true
MSZZC1|6:XAUUSD|1:5|2:-1|1:4|34:SSRP|ASIA_HIGH|20250604|1749061800,388,1,1,0.5,0.50000000,3375.09000000,3375.09,-1.0000,-1.0,-1.00000000,true,true,true
MSZZC1|6:XAUUSD|1:5|2:-1|1:4|34:SSRP|ASIA_HIGH|20250604|1749063600,390,1,1,0.58,0.58000000,3375.16000000,3375.16,-1.0000,-1.0,-1.00000000,true,true,true
MSZZC1|6:XAUUSD|1:5|2:-1|1:4|34:SSRP|ASIA_HIGH|20250604|1749076200,392,1,1,1.19,1.19000000,3374.24000000,3374.24,-1.0000,-1.0,-1.00000000,true,true,true
MSZZC1|6:XAUUSD|1:5|2:-1|1:4|34:SSRP|ASIA_HIGH|20250604|1749078000,394,1,1,0.78,0.78000000,3374.56000000,3374.56,-1.0000,-1.0,-1.00000000,true,true,true
MSZZC1|6:XAUUSD|1:5|1:1|1:4|33:SSRP|ASIA_LOW|20250605|1749112200,396,1,1,0.85,0.85000000,3361.52000000,3361.52,-1.0000,-1.0,-1.00000000,true,true,true
MSZZC1|6:XAUUSD|1:5|1:1|1:4|33:SSRP|ASIA_LOW|20250605|1749113400,398,1,1,0.72,0.72000000,3371.08000000,3371.08,2.0000,2.0,2.00000000,true,true,true
MSZZC1|6:XAUUSD|1:5|2:-1|1:4|34:SSRP|ASIA_HIGH|20250605|1749126300,400,1,1,0.39,0.39000000,3390.10000000,3390.0999999999995,-1.0000,-0.9999999999999257,-1.00000000,true,true,true
MSZZC1|6:XAUUSD|1:5|2:-1|1:4|34:SSRP|ASIA_HIGH|20250605|1749138000,402,1,1,0.18,0.18000000,3357.55000000,3357.55,1.9992,1.9992156862744928,1.99921569,true,true,true
MSZZC1|6:XAUUSD|1:5|2:-1|1:4|34:SSRP|ASIA_HIGH|20250606|1749196800,404,1,1,1.35,1.35000000,3370.38000000,3370.3800000000006,1.9944,1.9943820224712772,1.99438202,true,true,true
MSZZC1|6:XAUUSD|1:5|1:1|1:4|33:SSRP|ASIA_LOW|20250606|1749213900,406,1,1,0.64,0.64000000,3363.67000000,3363.6700000000005,2.0027,2.0026737967917456,2.00267380,true,true,true
MSZZC1|6:XAUUSD|1:5|1:1|1:4|33:SSRP|ASIA_LOW|20250606|1749224100,408,1,1,0.15,0.15000000,3343.27000000,3343.27,-1.0000,-1.0,-1.00000000,true,true,true
MSZZC1|6:XAUUSD|1:5|2:-1|1:4|34:SSRP|ASIA_HIGH|20250609|1749469500,410,1,1,0.61,0.61000000,3311.98000000,3311.98,2.0025,2.00253807106593,2.00253807,true,true,true
MSZZC1|6:XAUUSD|1:5|2:-1|1:4|34:SSRP|ASIA_HIGH|20250609|1749489300,412,1,1,0.31,0.31000000,3327.00000000,3326.9999999999995,-1.0000,-0.999999999999941,-1.00000000,true,true,true
MSZZC1|6:XAUUSD|1:5|2:-1|1:4|34:SSRP|ASIA_HIGH|20250610|1749547800,414,1,1,0.4,0.40000000,3331.46000000,3331.46,-1.0000,-1.0,-1.00000000,true,true,true
MSZZC1|6:XAUUSD|1:5|2:-1|1:4|34:SSRP|ASIA_HIGH|20250610|1749555000,416,1,1,0.93,0.93000000,3330.09000000,3330.09,-1.0000,-1.0,-1.00000000,true,true,true
MSZZC1|6:XAUUSD|1:5|2:-1|1:4|34:SSRP|ASIA_HIGH|20250610|1749577500,418,1,1,0.3,0.30000000,3332.71000000,3332.71,-1.0000,-1.0,-1.00000000,true,true,true
MSZZC1|6:XAUUSD|1:5|2:-1|1:4|34:SSRP|ASIA_HIGH|20250610|1749595800,420,1,1,0.37,0.37000000,3333.55000000,3333.55,-1.0000,-1.0,-1.00000000,true,true,true
MSZZC1|6:XAUUSD|1:5|2:-1|1:4|34:SSRP|ASIA_HIGH|20250611|1749642900,422,1,1,0.45,0.45000000,3330.41000000,3330.41,2.0000,2.0000000000001714,2.00000000,true,true,true
MSZZC1|6:XAUUSD|1:5|2:-1|1:4|34:SSRP|ASIA_HIGH|20250611|1749656700,424,1,1,0.18,0.18000000,3356.00000000,3355.9999999999995,-1.0000,-0.9999999999999659,-1.00000000,true,true,true
MSZZC1|6:XAUUSD|1:5|1:1|1:4|33:SSRP|ASIA_LOW|20250612|1749726600,426,1,1,0.2,0.20000000,3382.47000000,3382.47,2.0000,1.9999999999999225,2.00000000,true,true,true
MSZZC1|6:XAUUSD|1:5|2:-1|1:4|34:SSRP|ASIA_HIGH|20250612|1749738600,428,1,1,0.23,0.23000000,3383.52000000,3383.52,-1.0000,-1.0,-1.00000000,true,true,true
MSZZC1|6:XAUUSD|1:5|2:-1|1:4|34:SSRP|ASIA_HIGH|20250613|1749832500,430,1,1,0.47,0.47000000,3431.78000000,3431.78,1.9980,1.9980353634576282,1.99803536,true,true,true
MSZZC1|6:XAUUSD|1:5|1:1|1:4|33:SSRP|ASIA_LOW|20250616|1750060800,432,1,1,0.34,0.34000000,3421.92000000,3421.9199999999996,-1.0000,-1.000000000000065,-1.00000000,true,true,true
MSZZC1|6:XAUUSD|1:5|1:1|1:4|33:SSRP|ASIA_LOW|20250617|1750181700,434,1,1,0.24,0.24000000,3395.72000000,3395.72,2.0000,1.9999999999999085,2.00000000,true,true,true
MSZZC1|6:XAUUSD|1:5|1:1|1:4|33:SSRP|ASIA_LOW|20250618|1750284600,436,1,1,0.42,0.42000000,3368.35000000,3368.35,-1.0000,-1.0,-1.00000000,true,true,true
MSZZC1|6:XAUUSD|1:5|1:1|1:4|33:SSRP|ASIA_LOW|20250618|1750285500,438,1,1,0.22,0.22000000,3362.66000000,3362.6599999999994,-1.0000,-1.000000000000042,-1.00000000,true,true,true
MSZZC1|6:XAUUSD|1:5|1:1|1:4|33:SSRP|ASIA_LOW|20250619|1750332900,440,1,1,0.44,0.44000000,3364.90000000,3364.9,-1.0000,-1.0,-1.00000000,true,true,true
MSZZC1|6:XAUUSD|1:5|1:1|1:4|33:SSRP|ASIA_LOW|20250619|1750334700,442,1,1,0.25,0.25000000,3363.45000000,3363.45,-1.0000,-1.0,-1.00000000,true,true,true
MSZZC1|6:XAUUSD|1:5|1:1|1:4|33:SSRP|ASIA_LOW|20250619|1750350900,444,1,1,0.27,0.27000000,3362.06000000,3362.06,-1.0000,-1.0,-1.00000000,true,true,true
MSZZC1|6:XAUUSD|1:5|1:1|1:4|33:SSRP|ASIA_LOW|20250619|1750358700,446,1,1,0.47,0.47000000,3365.31000000,3365.31,-1.0000,-1.0,-1.00000000,true,true,true
MSZZC1|6:XAUUSD|1:5|1:1|1:4|33:SSRP|ASIA_LOW|20250620|1750409700,448,1,1,0.56,0.56000000,3341.95000000,3341.95,-1.0000,-1.0,-1.00000000,true,true,true
MSZZC1|6:XAUUSD|1:5|1:1|1:4|33:SSRP|ASIA_LOW|20250620|1750412400,450,1,1,0.42,0.42000000,3357.13000000,3357.13,2.0000,2.0,2.00000000,true,true,true
MSZZC1|6:XAUUSD|1:5|1:1|1:4|33:SSRP|ASIA_LOW|20250620|1750433400,452,1,1,0.44,0.44000000,3358.05000000,3358.05,1.9982,1.9981617647059258,1.99816176,true,true,true
MSZZC1|6:XAUUSD|1:5|2:-1|1:4|34:SSRP|ASIA_HIGH|20250620|1750438200,454,1,1,0.65,0.65000000,3374.08000000,3374.08,-1.0000,-1.0,-1.00000000,true,true,true
MSZZC1|6:XAUUSD|1:5|2:-1|1:4|34:SSRP|ASIA_HIGH|20250620|1750439100,456,1,1,0.44,0.44000000,3374.72000000,3374.72,-1.0000,-1.0,-1.00000000,true,true,true
MSZZC1|6:XAUUSD|1:5|1:1|1:4|33:SSRP|ASIA_LOW|20250623|1750667700,458,1,1,0.37,0.37000000,3366.44000000,3366.4399999999996,2.0000,1.9999999999998603,2.00000000,true,true,true
MSZZC1|6:XAUUSD|1:5|1:1|1:4|33:SSRP|ASIA_LOW|20250624|1750754400,460,1,1,0.62,0.62000000,3329.71000000,3329.71,-1.0000,-1.0,-1.00000000,true,true,true
MSZZC1|6:XAUUSD|1:5|2:-1|1:4|34:SSRP|ASIA_HIGH|20250625|1750848000,462,1,1,0.73,0.73000000,3327.33000000,3327.33,2.0030,2.003039513677878,2.00303951,true,true,true
MSZZC1|6:XAUUSD|1:5|1:1|1:4|33:SSRP|ASIA_LOW|20250625|1750866000,464,1,1,0.76,0.76000000,3318.08000000,3318.08,-1.0000,-1.0,-1.00000000,true,true,true
MSZZC1|6:XAUUSD|1:5|1:1|1:4|33:SSRP|ASIA_LOW|20250625|1750870800,466,1,1,0.24,0.24000000,3334.20000000,3334.2,1.2426,1.242609582059032,1.24260958,true,true,true
MSZZC1|6:XAUUSD|1:5|2:-1|1:4|34:SSRP|ASIA_HIGH|20250625|1750891200,468,1,1,1.21,1.21000000,3336.20000000,3336.2,-1.0000,-1.0,-1.00000000,true,true,true
MSZZC1|6:XAUUSD|1:5|2:-1|1:4|34:SSRP|ASIA_HIGH|20250626|1750939500,470,1,1,0.59,0.59000000,3332.89000000,3332.89,2.0000,2.000000000000221,2.00000000,true,true,true
MSZZC1|6:XAUUSD|1:5|2:-1|1:4|34:SSRP|ASIA_HIGH|20250626|1750951500,472,1,1,0.23,0.23000000,3313.51000000,3313.51,2.0000,2.0,2.00000000,true,true,true
MSZZC1|6:XAUUSD|1:5|1:1|1:4|33:SSRP|ASIA_LOW|20250626|1750965300,474,1,1,0.54,0.54000000,3325.52000000,3325.52,-1.0000,-1.0,-1.00000000,true,true,true
MSZZC1|6:XAUUSD|1:5|1:1|1:4|33:SSRP|ASIA_LOW|20250627|1751011800,476,1,1,0.31,0.31000000,3289.17000000,3289.17,-1.0000,-1.0,-1.00000000,true,true,true
MSZZC1|6:XAUUSD|1:5|1:1|1:4|33:SSRP|ASIA_LOW|20250627|1751017200,478,1,1,0.48,0.48000000,3286.66000000,3286.66,-1.0000,-1.0,-1.00000000,true,true,true
MSZZC1|6:XAUUSD|1:5|2:-1|1:4|34:SSRP|ASIA_HIGH|20250630|1751284500,480,1,1,0.26,0.26000000,3290.69000000,3290.69,-1.0000,-1.0,-1.00000000,true,true,true
MSZZC1|6:XAUUSD|1:5|1:1|1:4|33:SSRP|ASIA_LOW|20250702|1751451000,482,1,1,1.07,1.07000000,3327.89000000,3327.89,-1.0000,-1.0,-1.00000000,true,true,true
MSZZC1|6:XAUUSD|1:5|1:1|1:4|33:SSRP|ASIA_LOW|20250702|1751451600,484,1,1,0.87,0.87000000,3335.81000000,3335.81,1.9964,1.9964028776976,1.99640288,true,true,true
MSZZC1|6:XAUUSD|1:5|1:1|1:4|33:SSRP|ASIA_LOW|20250702|1751452800,486,1,1,0.28,0.28000000,3344.13000000,3344.13,0.8847,0.8846597462514427,0.88465975,true,true,true
MSZZC1|6:XAUUSD|1:5|2:-1|1:4|34:SSRP|ASIA_HIGH|20250702|1751463600,488,1,1,2.08,2.08000000,3345.30000000,3345.3,-1.0000,-1.0,-1.00000000,true,true,true
MSZZC1|6:XAUUSD|1:5|2:-1|1:4|34:SSRP|ASIA_HIGH|20250702|1751464800,490,1,1,0.78,0.78000000,3338.55000000,3338.5500000000006,2.0000,1.9999999999997056,2.00000000,true,true,true
MSZZC1|6:XAUUSD|1:5|2:-1|1:4|34:SSRP|ASIA_HIGH|20250702|1751469900,492,1,1,0.43,0.43000000,3349.93000000,3349.93,-1.0000,-1.0,-1.00000000,true,true,true
MSZZC1|6:XAUUSD|1:5|2:-1|1:4|34:SSRP|ASIA_HIGH|20250702|1751471400,494,1,1,0.33,0.33000000,3351.32000000,3351.3199999999997,-1.0000,-0.9999999999999376,-1.00000000,true,true,true
MSZZC1|6:XAUUSD|1:5|2:-1|1:4|34:SSRP|ASIA_HIGH|20250704|1751619900,496,1,1,0.76,0.76000000,3344.95000000,3344.95,-1.0000,-1.0,-1.00000000,true,true,true
MSZZC1|6:XAUUSD|1:5|2:-1|1:4|34:SSRP|ASIA_HIGH|20250704|1751623200,498,1,1,0.49,0.49000000,3343.84000000,3343.84,-1.0000,-1.0,-1.00000000,true,true,true
MSZZC1|6:XAUUSD|1:5|2:-1|1:4|34:SSRP|ASIA_HIGH|20250704|1751626800,500,1,1,1.04,1.04000000,3344.19000000,3344.19,-1.0000,-1.0,-1.00000000,true,true,true
MSZZC1|6:XAUUSD|1:5|2:-1|1:4|34:SSRP|ASIA_HIGH|20250704|1751628600,502,1,1,0.9,0.90000000,3336.29000000,3336.29,2.0000,2.0,2.00000000,true,true,true
MSZZC1|6:XAUUSD|1:5|1:1|1:4|33:SSRP|ASIA_LOW|20250707|1751886000,504,1,1,0.4,0.40000000,3301.12000000,3301.12,-1.0000,-1.0,-1.00000000,true,true,true
MSZZC1|6:XAUUSD|1:5|1:1|1:4|33:SSRP|ASIA_LOW|20250707|1751896800,506,1,1,0.38,0.38000000,3299.80000000,3299.7999999999997,-1.0000,-1.0000000000000726,-1.00000000,true,true,true
MSZZC1|6:XAUUSD|1:5|1:1|1:4|33:SSRP|ASIA_LOW|20250707|1751901000,508,1,1,0.44,0.44000000,3316.61000000,3316.61,2.0000,2.000000000000084,2.00000000,true,true,true
MSZZC1|6:XAUUSD|1:5|1:1|1:4|33:SSRP|ASIA_LOW|20250708|1751972700,510,1,1,1.12,1.12000000,3325.98000000,3325.98,-1.0000,-1.0,-1.00000000,true,true,true
MSZZC1|6:XAUUSD|1:5|1:1|1:4|33:SSRP|ASIA_LOW|20250708|1751973300,512,1,1,0.56,0.56000000,3324.38000000,3324.38,-1.0000,-1.0,-1.00000000,true,true,true
MSZZC1|6:XAUUSD|1:5|1:1|1:4|33:SSRP|ASIA_LOW|20250708|1751986500,514,1,1,0.36,0.36000000,3321.74000000,3321.74,-1.0000,-1.0,-1.00000000,true,true,true
MSZZC1|6:XAUUSD|1:5|1:1|1:4|33:SSRP|ASIA_LOW|20250709|1752060000,516,1,1,1.27,1.27000000,3284.09000000,3284.09,-1.0000,-1.0,-1.00000000,true,true,true
MSZZC1|6:XAUUSD|1:5|1:1|1:4|33:SSRP|ASIA_LOW|20250709|1752060900,518,1,1,0.53,0.53000000,3296.11000000,3296.11,2.0000,1.9999999999998992,2.00000000,true,true,true
MSZZC1|6:XAUUSD|1:5|2:-1|1:4|34:SSRP|ASIA_HIGH|20250709|1752081300,520,1,1,0.85,0.85000000,3309.03000000,3309.03,-1.0000,-1.0,-1.00000000,true,true,true
MSZZC1|6:XAUUSD|1:5|2:-1|1:4|34:SSRP|ASIA_HIGH|20250710|1752139200,522,1,1,0.66,0.66000000,3328.52000000,3328.5200000000004,-1.0000,-1.0000000000001246,-1.00000000,true,true,true
MSZZC1|6:XAUUSD|1:5|2:-1|1:4|34:SSRP|ASIA_HIGH|20250710|1752141900,524,1,1,0.69,0.69000000,3329.57000000,3329.57,-1.0000,-1.0,-1.00000000,true,true,true
MSZZC1|6:XAUUSD|1:5|2:-1|1:4|34:SSRP|ASIA_HIGH|20250710|1752150000,526,1,1,0.57,0.57000000,3329.78000000,3329.78,-1.0000,-1.0,-1.00000000,true,true,true
MSZZC1|6:XAUUSD|1:5|2:-1|1:4|34:SSRP|ASIA_HIGH|20250710|1752157800,528,1,1,0.75,0.75000000,3319.70000000,3319.6999999999994,1.9969,1.99685534591231,1.99685535,true,true,true
MSZZC1|6:XAUUSD|1:5|2:-1|1:4|34:SSRP|ASIA_HIGH|20250710|1752163200,530,1,1,0.68,0.68000000,3319.05000000,3319.05,1.9972,1.9971671388100078,1.99716714,true,true,true
MSZZC1|6:XAUUSD|1:5|2:-1|1:4|34:SSRP|ASIA_HIGH|20250710|1752165600,532,1,1,0.27,0.27000000,3314.52000000,3314.52,0.5732,0.5731981981982369,0.57319820,true,true,true
MSZZC1|6:XAUUSD|1:5|1:1|1:4|33:SSRP|ASIA_LOW|20250710|1752166500,534,1,1,0.52,0.52000000,3323.75000000,3323.75,2.0022,2.0021691973969116,2.00216920,true,true,true
MSZZC1|6:XAUUSD|1:5|2:-1|1:4|34:SSRP|ASIA_HIGH|20250711|1752222600,536,1,1,0.43,0.43000000,3340.46000000,3340.46,-1.0000,-1.0,-1.00000000,true,true,true
MSZZC1|6:XAUUSD|1:5|2:-1|1:4|34:SSRP|ASIA_HIGH|20250711|1752226800,538,1,1,0.49,0.49000000,3340.48000000,3340.48,-1.0000,-1.0,-1.00000000,true,true,true
MSZZC1|6:XAUUSD|1:5|2:-1|1:4|34:SSRP|ASIA_HIGH|20250711|1752234300,540,1,1,0.35,0.35000000,3340.23000000,3340.2300000000005,-1.0000,-1.0000000000000657,-1.00000000,true,true,true
MSZZC1|6:XAUUSD|1:5|2:-1|1:4|34:SSRP|ASIA_HIGH|20250714|1752488700,542,1,1,1.38,1.38000000,3369.91000000,3369.91,2.0000,1.9999999999997387,2.00000000,true,true,true
MSZZC1|6:XAUUSD|1:5|2:-1|1:4|34:SSRP|ASIA_HIGH|20250714|1752498300,544,1,1,1.23,1.23000000,3368.82000000,3368.8200000000006,2.0000,2.0,2.00000000,true,true,true
MSZZC1|6:XAUUSD|1:5|1:1|1:4|33:SSRP|ASIA_LOW|20250714|1752509100,546,1,1,0.33,0.33000000,3348.32000000,3348.3199999999997,-1.0000,-1.0000000000000628,-1.00000000,true,true,true
MSZZC1|6:XAUUSD|1:5|2:-1|1:4|34:SSRP|ASIA_HIGH|20250715|1752569700,548,1,1,0.64,0.64000000,3363.95000000,3363.95,-1.0000,-1.0,-1.00000000,true,true,true
MSZZC1|6:XAUUSD|1:5|2:-1|1:4|34:SSRP|ASIA_HIGH|20250715|1752570600,550,1,1,0.8,0.80000000,3364.16000000,3364.16,-1.0000,-1.0,-1.00000000,true,true,true
MSZZC1|6:XAUUSD|1:5|2:-1|1:4|34:SSRP|ASIA_HIGH|20250715|1752577800,552,1,1,0.36,0.36000000,3365.66000000,3365.6599999999994,-1.0000,-0.9999999999999309,-1.00000000,true,true,true
MSZZC1|6:XAUUSD|1:5|2:-1|1:4|34:SSRP|ASIA_HIGH|20250715|1752587100,554,1,1,1.37,1.37000000,3357.88000000,3357.88,2.0000,2.0,2.00000000,true,true,true
MSZZC1|6:XAUUSD|1:5|1:1|1:4|33:SSRP|ASIA_LOW|20250715|1752597600,556,1,1,0.26,0.26000000,3335.02000000,3335.02,-1.0000,-1.0,-1.00000000,true,true,true
MSZZC1|6:XAUUSD|1:5|2:-1|1:4|34:SSRP|ASIA_HIGH|20250716|1752654300,558,1,1,0.94,0.94000000,3339.94000000,3339.94,-1.0000,-1.0,-1.00000000,true,true,true
MSZZC1|6:XAUUSD|1:5|2:-1|1:4|34:SSRP|ASIA_HIGH|20250716|1752658800,560,1,1,0.87,0.87000000,3341.01000000,3341.0100000000007,-1.0000,-1.0000000000001648,-1.00000000,true,true,true
MSZZC1|6:XAUUSD|1:5|2:-1|1:4|34:SSRP|ASIA_HIGH|20250716|1752670800,562,1,1,1.01,1.01000000,3340.50000000,3340.5,-1.0000,-1.0,-1.00000000,true,true,true
MSZZC1|6:XAUUSD|1:5|2:-1|1:4|34:SSRP|ASIA_HIGH|20250716|1752677400,564,1,1,0.76,0.76000000,3340.77000000,3340.77,-1.0000,-1.0,-1.00000000,true,true,true
MSZZC1|6:XAUUSD|1:5|2:-1|1:4|34:SSRP|ASIA_HIGH|20250716|1752678000,566,1,1,0.94,0.94000000,3333.44000000,3333.44,1.9961,1.9960629921260773,1.99606299,true,true,true
MSZZC1|6:XAUUSD|1:5|2:-1|1:4|34:SSRP|ASIA_HIGH|20250716|1752682500,568,1,1,0.5,0.50000000,3325.34000000,3325.34,2.0000,2.0,2.00000000,true,true,true
MSZZC1|6:XAUUSD|1:5|1:1|1:4|33:SSRP|ASIA_LOW|20250716|1752684600,570,1,1,0.46,0.46000000,3321.80000000,3321.8,-1.0000,-1.0,-1.00000000,true,true,true
MSZZC1|6:XAUUSD|1:5|1:1|1:4|33:SSRP|ASIA_LOW|20250716|1752686100,572,1,1,0.34,0.34000000,3321.42000000,3321.42,-1.0000,-1.0,-1.00000000,true,true,true
MSZZC1|6:XAUUSD|1:5|1:1|1:4|33:SSRP|ASIA_LOW|20250716|1752687000,574,1,1,0.43,0.43000000,3336.04000000,3336.04,2.0000,1.999999999999918,2.00000000,true,true,true
MSZZC1|6:XAUUSD|1:5|1:1|1:4|33:SSRP|ASIA_LOW|20250717|1752776100,576,1,1,0.4,0.40000000,3348.95000000,3348.95,2.0017,2.001689189189149,2.00168919,true,true,true
MSZZC1|6:XAUUSD|1:5|1:1|1:4|33:SSRP|ASIA_LOW|20250722|1753174500,578,1,1,0.97,0.97000000,3384.40000000,3384.4,-1.0000,-1.0,-1.00000000,true,true,true
MSZZC1|6:XAUUSD|1:5|1:1|1:4|33:SSRP|ASIA_LOW|20250722|1753177500,580,1,1,2.2,2.20000000,3384.31000000,3384.31,-1.0000,-1.0,-1.00000000,true,true,true
MSZZC1|6:XAUUSD|1:5|1:1|1:4|33:SSRP|ASIA_LOW|20250722|1753179900,582,1,1,0.97,0.97000000,3390.60000000,3390.6,1.9960,1.9959514170037764,1.99595142,true,true,true
MSZZC1|6:XAUUSD|1:5|1:1|1:4|33:SSRP|ASIA_LOW|20250722|1753187100,584,1,1,2.76,2.76000000,3384.70000000,3384.7,-1.0000,-1.0,-1.00000000,true,true,true
MSZZC1|6:XAUUSD|1:5|1:1|1:4|33:SSRP|ASIA_LOW|20250722|1753187700,586,1,1,1.5699999999999998,1.57000000,3389.15000000,3389.15,2.0000,2.0,2.00000000,true,true,true
MSZZC1|6:XAUUSD|1:5|2:-1|1:4|34:SSRP|ASIA_HIGH|20250722|1753198800,588,1,1,0.58,0.58000000,3406.02000000,3406.02,-1.0000,-1.0,-1.00000000,true,true,true
MSZZC1|6:XAUUSD|1:5|1:1|1:4|33:SSRP|ASIA_LOW|20250723|1753260000,590,1,1,0.78,0.78000000,3425.63000000,3425.63,2.0000,2.0000000000001465,2.00000000,true,true,true
MSZZC1|6:XAUUSD|1:5|1:1|1:4|33:SSRP|ASIA_LOW|20250724|1753348500,592,1,1,2.44,2.44000000,3374.20000000,3374.2,-1.0000,-1.0,-1.00000000,true,true,true
MSZZC1|6:XAUUSD|1:5|1:1|1:4|33:SSRP|ASIA_LOW|20250724|1753349100,594,1,1,0.42,0.42000000,3369.86000000,3369.86,-1.0000,-1.0,-1.00000000,true,true,true
MSZZC1|6:XAUUSD|1:5|1:1|1:4|33:SSRP|ASIA_LOW|20250724|1753377600,596,1,1,0.45,0.45000000,3371.57000000,3371.5699999999997,-1.0000,-1.0000000000000844,-1.00000000,true,true,true
MSZZC1|6:XAUUSD|1:5|1:1|1:4|33:SSRP|ASIA_LOW|20250725|1753433400,598,1,1,0.66,0.66000000,3355.20000000,3355.1999999999994,-1.0000,-1.0000000000001246,-1.00000000,true,true,true
MSZZC1|6:XAUUSD|1:5|1:1|1:4|33:SSRP|ASIA_LOW|20250725|1753435800,600,1,1,0.57,0.57000000,3354.71000000,3354.71,-1.0000,-1.0,-1.00000000,true,true,true
MSZZC1|6:XAUUSD|1:5|2:-1|1:4|34:SSRP|ASIA_HIGH|20250728|1753693200,602,1,1,0.9,0.90000000,3337.37000000,3337.37,2.0038,2.003773584905571,2.00377358,true,true,true
MSZZC1|6:XAUUSD|1:5|1:1|1:4|33:SSRP|ASIA_LOW|20250728|1753742700,604,1,1,0.71,0.71000000,3315.35000000,3315.35,-1.0000,-1.0,-1.00000000,true,true,true
MSZZC1|6:XAUUSD|1:5|2:-1|1:4|34:SSRP|ASIA_HIGH|20250729|1753781100,606,1,1,1.09,1.09000000,3321.60000000,3321.6,-1.0000,-1.0,-1.00000000,true,true,true
MSZZC1|6:XAUUSD|1:5|2:-1|1:4|34:SSRP|ASIA_HIGH|20250729|1753782300,608,1,1,0.43,0.43000000,3322.56000000,3322.5599999999995,-1.0000,-0.9999999999999177,-1.00000000,true,true,true
MSZZC1|6:XAUUSD|1:5|2:-1|1:4|34:SSRP|ASIA_HIGH|20250729|1753797300,610,1,1,0.58,0.58000000,3324.37000000,3324.37,-1.0000,-1.0,-1.00000000,true,true,true
MSZZC1|6:XAUUSD|1:5|2:-1|1:4|34:SSRP|ASIA_HIGH|20250729|1753805700,612,1,1,0.26,0.26000000,3324.24000000,3324.24,-1.0000,-1.0,-1.00000000,true,true,true
MSZZC1|6:XAUUSD|1:5|2:-1|1:4|34:SSRP|ASIA_HIGH|20250729|1753814400,614,1,1,0.48,0.48000000,3325.32000000,3325.32,-1.0000,-1.0,-1.00000000,true,true,true
MSZZC1|6:XAUUSD|1:5|2:-1|1:4|34:SSRP|ASIA_HIGH|20250730|1753880100,616,1,1,1.19,1.19000000,3328.18000000,3328.18,2.0000,1.9999999999997715,2.00000000,true,true,true
MSZZC1|6:XAUUSD|1:5|2:-1|1:4|34:SSRP|ASIA_HIGH|20250731|1753948800,618,1,1,1.24,1.24000000,3299.26000000,3299.26,-1.0000,-1.0,-1.00000000,true,true,true
MSZZC1|6:XAUUSD|1:5|2:-1|1:4|34:SSRP|ASIA_HIGH|20250731|1753969200,620,1,1,0.35,0.35000000,3303.01000000,3303.01,-1.0000,-1.0,-1.00000000,true,true,true
MSZZC1|6:XAUUSD|1:5|2:-1|1:4|34:SSRP|ASIA_HIGH|20250731|1753981800,622,1,1,0.42,0.42000000,3286.25000000,3286.25,2.0018,2.0017667844523355,2.00176678,true,true,true
MSZZC1|6:XAUUSD|1:5|2:-1|1:4|34:SSRP|ASIA_HIGH|20250801|1754038200,624,1,1,0.62,0.62000000,3288.94000000,3288.94,2.0000,2.0,2.00000000,true,true,true
MSZZC1|6:XAUUSD|1:5|2:-1|1:4|34:SSRP|ASIA_HIGH|20250801|1754055300,626,1,1,1.1,1.10000000,3298.03000000,3298.03,-1.0000,-1.0,-1.00000000,true,true,true
MSZZC1|6:XAUUSD|1:5|2:-1|1:4|34:SSRP|ASIA_HIGH|20250804|1754319300,628,1,1,0.53,0.53000000,3371.61000000,3371.61,-1.0000,-1.0,-1.00000000,true,true,true
MSZZC1|6:XAUUSD|1:5|1:1|1:4|33:SSRP|ASIA_LOW|20250805|1754382300,630,1,1,0.77,0.77000000,3368.87000000,3368.87,-1.0000,-1.0,-1.00000000,true,true,true
MSZZC1|6:XAUUSD|1:5|1:1|1:4|33:SSRP|ASIA_LOW|20250805|1754388600,632,1,1,0.46,0.46000000,3368.60000000,3368.6,-1.0000,-1.0,-1.00000000,true,true,true
MSZZC1|6:XAUUSD|1:5|1:1|1:4|33:SSRP|ASIA_LOW|20250805|1754410500,634,1,1,0.31,0.31000000,3382.17000000,3382.17,0.8074,0.8073878627967787,0.80738786,true,true,true
MSZZC1|6:XAUUSD|1:5|2:-1|1:4|34:SSRP|ASIA_HIGH|20250805|1754421000,636,1,1,0.32,0.32000000,3372.97000000,3372.9700000000003,1.2603,1.2602739726027619,1.26027397,true,true,true
MSZZC1|6:XAUUSD|1:5|1:1|1:4|33:SSRP|ASIA_LOW|20250806|1754468400,638,1,1,1.03,1.03000000,3377.59000000,3377.59,2.0000,2.0000000000001967,2.00000000,true,true,true
MSZZC1|6:XAUUSD|1:5|1:1|1:4|33:SSRP|ASIA_LOW|20250806|1754475000,640,1,1,1.6099999999999999,1.61000000,3371.17000000,3371.1700000000005,-1.0000,-0.9999999999996948,-1.00000000,true,true,true
MSZZC1|6:XAUUSD|1:5|1:1|1:4|33:SSRP|ASIA_LOW|20250806|1754476200,642,1,1,0.71,0.71000000,3369.99000000,3369.9899999999993,-1.0000,-1.0000000000001357,-1.00000000,true,true,true
MSZZC1|6:XAUUSD|1:5|1:1|1:4|33:SSRP|ASIA_LOW|20250806|1754498700,644,1,1,0.31,0.31000000,3365.48000000,3365.48,-1.0000,-1.0,-1.00000000,true,true,true
MSZZC1|6:XAUUSD|1:5|2:-1|1:4|34:SSRP|ASIA_HIGH|20250807|1754564400,646,1,1,0.15,0.15000000,3396.76000000,3396.76,-1.0000,-1.0,-1.00000000,true,true,true
MSZZC1|6:XAUUSD|1:5|1:1|1:4|33:SSRP|ASIA_LOW|20250808|1754663100,648,1,1,0.34,0.34000000,3400.76000000,3400.76,1.9985,1.9985380116958746,1.99853801,true,true,true
MSZZC1|6:XAUUSD|1:5|1:1|1:4|33:SSRP|ASIA_LOW|20250808|1754686800,650,1,1,0.09,0.09000000,3376.19000000,3376.19,-1.0000,-1.0,-1.00000000,true,true,true
MSZZC1|6:XAUUSD|1:5|1:1|1:4|33:SSRP|ASIA_LOW|20250811|1754905200,652,1,1,0.5,0.50000000,3363.62000000,3363.62,-1.0000,-1.0,-1.00000000,true,true,true
MSZZC1|6:XAUUSD|1:5|2:-1|1:4|34:SSRP|ASIA_HIGH|20250812|1754994900,654,1,1,0.84,0.84000000,3349.86000000,3349.86,2.0000,2.0,2.00000000,true,true,true
MSZZC1|6:XAUUSD|1:5|1:1|1:4|33:SSRP|ASIA_LOW|20250812|1755008400,656,1,1,0.62,0.62000000,3339.42000000,3339.42,-1.0000,-1.0,-1.00000000,true,true,true
MSZZC1|6:XAUUSD|1:5|1:1|1:4|33:SSRP|ASIA_LOW|20250812|1755009000,658,1,1,0.32,0.32000000,3335.92000000,3335.92,-1.0000,-1.0,-1.00000000,true,true,true
MSZZC1|6:XAUUSD|1:5|1:1|1:4|33:SSRP|ASIA_LOW|20250812|1755021300,660,1,1,0.22,0.22000000,3351.40000000,3351.4,0.7729,0.7728557964185228,0.77285580,true,true,true
MSZZC1|6:XAUUSD|1:5|2:-1|1:4|34:SSRP|ASIA_HIGH|20250812|1755023100,662,1,1,0.3,0.30000000,3359.35000000,3359.35,-1.0000,-1.0,-1.00000000,true,true,true
MSZZC1|6:XAUUSD|1:5|2:-1|1:4|34:SSRP|ASIA_HIGH|20250813|1755081900,664,1,1,0.4,0.40000000,3358.88000000,3358.88,-1.0000,-1.0,-1.00000000,true,true,true
MSZZC1|6:XAUUSD|1:5|2:-1|1:4|34:SSRP|ASIA_HIGH|20250813|1755116700,666,1,1,0.49,0.49000000,3358.67000000,3358.67,-1.0000,-1.0,-1.00000000,true,true,true
MSZZC1|6:XAUUSD|1:5|1:1|1:4|33:SSRP|ASIA_LOW|20250814|1755173100,668,1,1,0.26,0.26000000,3348.94000000,3348.94,-1.0000,-1.0,-1.00000000,true,true,true
MSZZC1|6:XAUUSD|1:5|2:-1|1:4|34:SSRP|ASIA_HIGH|20250815|1755244800,670,1,1,0.86,0.86000000,3340.49000000,3340.49,2.0036,2.003636363636443,2.00363636,true,true,true
MSZZC1|6:XAUUSD|1:5|2:-1|1:4|34:SSRP|ASIA_HIGH|20250815|1755255600,672,1,1,0.59,0.59000000,3336.32000000,3336.32,1.9975,1.9975186104216693,1.99751861,true,true,true
MSZZC1|6:XAUUSD|1:5|2:-1|1:4|34:SSRP|ASIA_HIGH|20250819|1755612600,674,1,1,0.81,0.81000000,3335.83000000,3335.83,2.0034,2.00338983050824,2.00338983,true,true,true
MSZZC1|6:XAUUSD|1:5|2:-1|1:4|34:SSRP|ASIA_HIGH|20250820|1755678900,676,1,1,2.18,2.18000000,3321.44000000,3321.44,-1.0000,-1.0,-1.00000000,true,true,true
MSZZC1|6:XAUUSD|1:5|1:1|1:4|33:SSRP|ASIA_LOW|20250821|1755763800,678,1,1,1.01,1.01000000,3336.98000000,3336.98,-1.0000,-1.0,-1.00000000,true,true,true
MSZZC1|6:XAUUSD|1:5|1:1|1:4|33:SSRP|ASIA_LOW|20250821|1755770700,680,1,1,0.77,0.77000000,3335.93000000,3335.93,-1.0000,-1.0,-1.00000000,true,true,true
MSZZC1|6:XAUUSD|1:5|1:1|1:4|33:SSRP|ASIA_LOW|20250821|1755788100,682,1,1,0.28,0.28000000,3332.68000000,3332.68,-1.0000,-1.0,-1.00000000,true,true,true
MSZZC1|6:XAUUSD|1:5|1:1|1:4|33:SSRP|ASIA_LOW|20250822|1755850200,684,1,1,3.65,3.65000000,3327.73000000,3327.73,-1.0000,-1.0,-1.00000000,true,true,true
MSZZC1|6:XAUUSD|1:5|1:1|1:4|33:SSRP|ASIA_LOW|20250822|1755850500,686,1,1,0.91,0.91000000,3327.20000000,3327.2,-1.0000,-1.0,-1.00000000,true,true,true
MSZZC1|6:XAUUSD|1:5|1:1|1:4|33:SSRP|ASIA_LOW|20250822|1755855900,688,1,1,0.84,0.84000000,3334.07000000,3334.07,2.0000,2.0000000000003246,2.00000000,true,true,true
MSZZC1|6:XAUUSD|1:5|1:1|1:4|33:SSRP|ASIA_LOW|20250822|1755859800,690,1,1,1.02,1.02000000,3326.09000000,3326.09,-1.0000,-1.0,-1.00000000,true,true,true
MSZZC1|6:XAUUSD|1:5|1:1|1:4|33:SSRP|ASIA_LOW|20250822|1755860700,692,1,1,0.82,0.82000000,3325.89000000,3325.89,-1.0000,-1.0,-1.00000000,true,true,true
MSZZC1|6:XAUUSD|1:5|1:1|1:4|33:SSRP|ASIA_LOW|20250822|1755861000,694,1,1,0.78,0.78000000,3325.28000000,3325.28,-1.0000,-1.0,-1.00000000,true,true,true
MSZZC1|6:XAUUSD|1:5|1:1|1:4|33:SSRP|ASIA_LOW|20250822|1755875400,696,1,1,0.5,0.50000000,3325.02000000,3325.02,-1.0000,-1.0,-1.00000000,true,true,true
MSZZC1|6:XAUUSD|1:5|1:1|1:4|33:SSRP|ASIA_LOW|20250822|1755879000,698,1,1,0.49,0.49000000,3338.44000000,3338.44,1.9979,1.9978902953587956,1.99789030,true,true,true
MSZZC1|6:XAUUSD|1:5|2:-1|1:4|34:SSRP|ASIA_HIGH|20250825|1756141200,700,1,1,1.18,1.18000000,3373.11000000,3373.11,-1.0000,-1.0,-1.00000000,true,true,true
MSZZC1|6:XAUUSD|1:5|2:-1|1:4|34:SSRP|ASIA_HIGH|20250825|1756142100,702,1,1,0.73,0.73000000,3374.33000000,3374.33,-1.0000,-1.0,-1.00000000,true,true,true
MSZZC1|6:XAUUSD|1:5|2:-1|1:4|34:SSRP|ASIA_HIGH|20250825|1756153500,704,1,1,0.91,0.91000000,3366.69000000,3366.69,1.9961,1.9961089494166109,1.99610895,true,true,true
MSZZC1|6:XAUUSD|1:5|2:-1|1:4|34:SSRP|ASIA_HIGH|20250826|1756234500,706,1,1,0.54,0.54000000,3389.52000000,3389.52,-1.0000,-1.0,-1.00000000,true,true,true
MSZZC1|6:XAUUSD|1:5|2:-1|1:4|34:SSRP|ASIA_HIGH|20250827|1756328100,708,1,1,0.68,0.68000000,3395.90000000,3395.9000000000005,-1.0000,-1.0000000000001326,-1.00000000,true,true,true
MSZZC1|6:XAUUSD|1:5|2:-1|1:4|34:SSRP|ASIA_HIGH|20250828|1756380900,710,1,1,1.38,1.38000000,3400.24000000,3400.24,-1.0000,-1.0,-1.00000000,true,true,true
MSZZC1|6:XAUUSD|1:5|2:-1|1:4|34:SSRP|ASIA_HIGH|20250828|1756385400,712,1,1,2.13,2.13000000,3397.07000000,3397.07,1.9909,1.9909090909093052,1.99090909,true,true,true
MSZZC1|6:XAUUSD|1:5|2:-1|1:4|34:SSRP|ASIA_HIGH|20250828|1756385700,714,1,1,0.57,0.57000000,3400.34000000,3400.34,-1.0000,-1.0,-1.00000000,true,true,true
MSZZC1|6:XAUUSD|1:5|2:-1|1:4|34:SSRP|ASIA_HIGH|20250828|1756395600,716,1,1,0.31,0.31000000,3404.64000000,3404.64,-1.0000,-1.0,-1.00000000,true,true,true
MSZZC1|6:XAUUSD|1:5|1:1|1:4|33:SSRP|ASIA_LOW|20250829|1756455300,718,1,1,2.89,2.89000000,3409.36000000,3409.3599999999997,2.0000,2.0,2.00000000,true,true,true
MSZZC1|6:XAUUSD|1:5|1:1|1:4|33:SSRP|ASIA_LOW|20250829|1756463100,720,1,1,1.47,1.47000000,3411.31000000,3411.31,2.0063,2.006250000000137,2.00625000,true,true,true
MSZZC1|6:XAUUSD|1:5|1:1|1:4|33:SSRP|ASIA_LOW|20250829|1756470900,722,1,1,1.85,1.85000000,3406.94000000,3406.9400000000005,-1.0000,-0.9999999999996447,-1.00000000,true,true,true
MSZZC1|6:XAUUSD|1:5|1:1|1:4|33:SSRP|ASIA_LOW|20250829|1756477200,724,1,1,0.67,0.67000000,3415.42000000,3415.4199999999996,2.0000,1.9999999999997393,2.00000000,true,true,true
MSZZC1|6:XAUUSD|1:5|2:-1|1:4|34:SSRP|ASIA_HIGH|20250829|1756483800,726,1,1,1.09,1.09000000,3420.44000000,3420.44,-1.0000,-1.0,-1.00000000,true,true,true
MSZZC1|6:XAUUSD|1:5|2:-1|1:4|34:SSRP|ASIA_HIGH|20250901|1756719900,728,1,1,0.8,0.80000000,3479.57000000,3479.57,2.0034,2.0033783783782986,2.00337838,true,true,true
MSZZC1|6:XAUUSD|1:5|2:-1|1:4|34:SSRP|ASIA_HIGH|20250901|1756720200,730,1,1,0.27,0.27000000,3488.08000000,3488.08,-1.0000,-1.0,-1.00000000,true,true,true
MSZZC1|6:XAUUSD|1:5|1:1|1:4|33:SSRP|ASIA_LOW|20250902|1756810200,732,1,1,0.46,0.46000000,3471.92000000,3471.92,-1.0000,-1.0,-1.00000000,true,true,true
MSZZC1|6:XAUUSD|1:5|1:1|1:4|33:SSRP|ASIA_LOW|20250902|1756811100,734,1,1,0.33,0.33000000,3491.54000000,3491.54,2.0000,2.000000000000127,2.00000000,true,true,true
MSZZC1|6:XAUUSD|1:5|2:-1|1:4|34:SSRP|ASIA_HIGH|20250903|1756908600,736,1,1,1.1400000000000001,1.14000000,3548.12000000,3548.12,-1.0000,-1.0,-1.00000000,true,true,true
MSZZC1|6:XAUUSD|1:5|2:-1|1:4|34:SSRP|ASIA_HIGH|20250903|1756910400,738,1,1,0.72,0.72000000,3549.54000000,3549.54,-1.0000,-1.0,-1.00000000,true,true,true
MSZZC1|6:XAUUSD|1:5|2:-1|1:4|34:SSRP|ASIA_HIGH|20250905|1757059200,740,1,1,0.96,0.96000000,3553.87000000,3553.87,2.0000,2.0,2.00000000,true,true,true
MSZZC1|6:XAUUSD|1:5|2:-1|1:4|34:SSRP|ASIA_HIGH|20250908|1757324400,742,1,1,0.97,0.97000000,3598.97000000,3598.97,-1.0000,-1.0,-1.00000000,true,true,true
MSZZC1|6:XAUUSD|1:5|2:-1|1:4|34:SSRP|ASIA_HIGH|20250909|1757406900,744,1,1,1.32,1.32000000,3658.70000000,3658.7000000000003,-1.0000,-1.000000000000254,-1.00000000,true,true,true
MSZZC1|6:XAUUSD|1:5|2:-1|1:4|34:SSRP|ASIA_HIGH|20250909|1757407200,746,1,1,0.58,0.58000000,3647.19000000,3647.19,2.0000,1.9999999999998883,2.00000000,true,true,true
MSZZC1|6:XAUUSD|1:5|2:-1|1:4|34:SSRP|ASIA_HIGH|20250909|1757437200,748,1,1,0.09,0.09000000,3639.51000000,3639.51,0.3538,0.35379892555640136,0.35379893,true,true,true
MSZZC1|6:XAUUSD|1:5|1:1|1:4|33:SSRP|ASIA_LOW|20250909|1757441700,750,1,1,0.18,0.18000000,3626.50000000,3626.5,-1.0000,-1.0,-1.00000000,true,true,true
MSZZC1|6:XAUUSD|1:5|2:-1|1:4|34:SSRP|ASIA_HIGH|20250910|1757491500,752,1,1,1.9100000000000001,1.91000000,3644.29000000,3644.29,-1.0000,-1.0,-1.00000000,true,true,true
MSZZC1|6:XAUUSD|1:5|2:-1|1:4|34:SSRP|ASIA_HIGH|20250910|1757492700,754,1,1,0.82,0.82000000,3645.47000000,3645.47,-1.0000,-1.0,-1.00000000,true,true,true
MSZZC1|6:XAUUSD|1:5|2:-1|1:4|34:SSRP|ASIA_HIGH|20250910|1757496000,756,1,1,0.42,0.42000000,3647.65000000,3647.65,-1.0000,-1.0,-1.00000000,true,true,true
MSZZC1|6:XAUUSD|1:5|2:-1|1:4|34:SSRP|ASIA_HIGH|20250910|1757501400,758,1,1,0.49,0.49000000,3647.72000000,3647.72,-1.0000,-1.0,-1.00000000,true,true,true
MSZZC1|6:XAUUSD|1:5|2:-1|1:4|34:SSRP|ASIA_HIGH|20250910|1757528100,760,1,1,0.28,0.28000000,3648.75000000,3648.75,-1.0000,-1.0,-1.00000000,true,true,true
MSZZC1|6:XAUUSD|1:5|2:-1|1:4|34:SSRP|ASIA_HIGH|20250910|1757541900,762,1,1,0.59,0.59000000,3645.39000000,3645.3900000000003,-1.0000,-1.0000000000001146,-1.00000000,true,true,true
MSZZC1|6:XAUUSD|1:5|1:1|1:4|33:SSRP|ASIA_LOW|20250911|1757579400,764,1,1,0.31,0.31000000,3625.29000000,3625.29,-1.0000,-1.0,-1.00000000,true,true,true
MSZZC1|6:XAUUSD|1:5|1:1|1:4|33:SSRP|ASIA_LOW|20250911|1757581200,766,1,1,0.24,0.24000000,3622.59000000,3622.59,-1.0000,-1.0,-1.00000000,true,true,true
MSZZC1|6:XAUUSD|1:5|1:1|1:4|33:SSRP|ASIA_LOW|20250911|1757604300,768,1,1,0.08,0.08000000,3655.13000000,3655.1300000000006,0.6194,0.6194486983154982,0.61944870,true,true,true
MSZZC1|6:XAUUSD|1:5|2:-1|1:4|34:SSRP|ASIA_HIGH|20250912|1757664600,770,1,1,1.48,1.48000000,3652.00000000,3652.0,1.9936,1.9936305732488466,1.99363057,true,true,true
MSZZC1|6:XAUUSD|1:5|2:-1|1:4|34:SSRP|ASIA_HIGH|20250916|1758018300,772,1,1,0.56,0.56000000,3692.64000000,3692.64,-1.0000,-1.0,-1.00000000,true,true,true
MSZZC1|6:XAUUSD|1:5|2:-1|1:4|34:SSRP|ASIA_HIGH|20250916|1758036600,774,1,1,0.52,0.52000000,3693.28000000,3693.28,-1.0000,-1.0,-1.00000000,true,true,true
MSZZC1|6:XAUUSD|1:5|2:-1|1:4|34:SSRP|ASIA_HIGH|20250916|1758044100,776,1,1,0.32,0.32000000,3674.69000000,3674.6900000000005,2.0014,2.0014025245440825,2.00140252,true,true,true
MSZZC1|6:XAUUSD|1:5|1:1|1:4|33:SSRP|ASIA_LOW|20250917|1758102300,778,1,1,0.39,0.39000000,3670.75000000,3670.75,-1.0000,-1.0,-1.00000000,true,true,true
MSZZC1|6:XAUUSD|1:5|1:1|1:4|33:SSRP|ASIA_LOW|20250917|1758103200,780,1,1,0.47,0.47000000,3670.30000000,3670.3,-1.0000,-1.0,-1.00000000,true,true,true
MSZZC1|6:XAUUSD|1:5|1:1|1:4|33:SSRP|ASIA_LOW|20250917|1758123000,782,1,1,0.45,0.45000000,3685.10000000,3685.1,1.9981,1.9980506822611661,1.99805068,true,true,true
MSZZC1|6:XAUUSD|1:5|1:1|1:4|33:SSRP|ASIA_LOW|20250917|1758142800,784,1,1,0.04,0.04000000,3687.78000000,3687.78,-0.3252,-0.3252257232356669,-0.32522572,true,true,true
MSZZC1|6:XAUUSD|1:5|2:-1|1:4|34:SSRP|ASIA_HIGH|20250917|1758143100,786,1,1,0.11,0.11000000,3647.72000000,3647.72,2.0000,2.0000000000000453,2.00000000,true,true,true
MSZZC1|6:XAUUSD|1:5|1:1|1:4|33:SSRP|ASIA_LOW|20250918|1758191100,788,1,1,0.37,0.37000000,3665.41000000,3665.41,2.0000,2.0,2.00000000,true,true,true
MSZZC1|6:XAUUSD|1:5|2:-1|1:4|34:SSRP|ASIA_HIGH|20250918|1758198600,790,1,1,1.65,1.65000000,3668.79000000,3668.79,2.0070,2.006993006992522,2.00699301,true,true,true
MSZZC1|6:XAUUSD|1:5|2:-1|1:4|34:SSRP|ASIA_HIGH|20250918|1758200400,792,1,1,0.64,0.64000000,3672.57000000,3672.57,-1.0000,-1.0,-1.00000000,true,true,true
MSZZC1|6:XAUUSD|1:5|2:-1|1:4|34:SSRP|ASIA_HIGH|20250918|1758208800,794,1,1,1.49,1.49000000,3667.86000000,3667.8599999999997,2.0000,2.0,2.00000000,true,true,true
MSZZC1|6:XAUUSD|1:5|2:-1|1:4|34:SSRP|ASIA_HIGH|20250918|1758209100,796,1,1,0.33,0.33000000,3651.13000000,3651.13,2.0000,1.9999999999999365,2.00000000,true,true,true
MSZZC1|6:XAUUSD|1:5|2:-1|1:4|34:SSRP|ASIA_HIGH|20250919|1758268800,798,1,1,0.68,0.68000000,3650.77000000,3650.7699999999995,2.0028,2.0028409090911,2.00284091,true,true,true
MSZZC1|6:XAUUSD|1:5|2:-1|1:4|34:SSRP|ASIA_HIGH|20250919|1758300900,800,1,1,0.35,0.35000000,3664.49000000,3664.49,-1.0000,-1.0,-1.00000000,true,true,true
MSZZC1|6:XAUUSD|1:5|2:-1|1:4|34:SSRP|ASIA_HIGH|20250922|1758529200,802,1,1,1.43,1.43000000,3697.95000000,3697.95,-1.0000,-1.0,-1.00000000,true,true,true
MSZZC1|6:XAUUSD|1:5|2:-1|1:4|34:SSRP|ASIA_HIGH|20250922|1758530700,804,1,1,0.68,0.68000000,3700.54000000,3700.54,-1.0000,-1.0,-1.00000000,true,true,true
MSZZC1|6:XAUUSD|1:5|2:-1|1:4|34:SSRP|ASIA_HIGH|20250923|1758664200,806,1,1,0.1,0.10000000,3778.69000000,3778.69,-1.0000,-1.0,-1.00000000,true,true,true
MSZZC1|6:XAUUSD|1:5|2:-1|1:4|34:SSRP|ASIA_HIGH|20250924|1758712500,808,1,1,0.57,0.57000000,3762.09000000,3762.09,2.0024,2.00239234449766,2.00239234,true,true,true
MSZZC1|6:XAUUSD|1:5|2:-1|1:4|34:SSRP|ASIA_HIGH|20250924|1758730800,810,1,1,0.41,0.41000000,3755.84000000,3755.84,1.9983,1.9982788296039369,1.99827883,true,true,true
MSZZC1|6:XAUUSD|1:5|1:1|1:4|33:SSRP|ASIA_LOW|20250924|1758736200,812,1,1,0.62,0.62000000,3749.03000000,3749.03,-1.0000,-1.0,-1.00000000,true,true,true
MSZZC1|6:XAUUSD|1:5|2:-1|1:4|34:SSRP|ASIA_HIGH|20250925|1758796500,814,1,1,2.14,2.14000000,3752.50000000,3752.5,-1.0000,-1.0,-1.00000000,true,true,true
MSZZC1|6:XAUUSD|1:5|2:-1|1:4|34:SSRP|ASIA_HIGH|20250925|1758802500,816,1,1,0.38,0.38000000,3757.07000000,3757.07,-1.0000,-1.0,-1.00000000,true,true,true
MSZZC1|6:XAUUSD|1:5|2:-1|1:4|34:SSRP|ASIA_HIGH|20250925|1758808500,818,1,1,0.25,0.25000000,3731.41000000,3731.41,2.0011,2.0010683760683508,2.00106838,true,true,true
MSZZC1|6:XAUUSD|1:5|1:1|1:4|33:SSRP|ASIA_LOW|20250925|1758818700,820,1,1,0.19,0.19000000,3751.63000000,3751.63,1.4444,1.4443541835905995,1.44435418,true,true,true
MSZZC1|6:XAUUSD|1:5|2:-1|1:4|34:SSRP|ASIA_HIGH|20250925|1758838500,822,1,1,0.52,0.52000000,3742.47000000,3742.47,2.0000,2.0000000000000995,2.00000000,true,true,true
MSZZC1|6:XAUUSD|1:5|2:-1|1:4|34:SSRP|ASIA_HIGH|20250926|1758878100,824,1,1,0.66,0.66000000,3743.35000000,3743.3499999999995,2.0000,2.0000000000002514,2.00000000,true,true,true
MSZZC1|6:XAUUSD|1:5|2:-1|1:4|34:SSRP|ASIA_HIGH|20250926|1758886800,826,1,1,0.82,0.82000000,3746.37000000,3746.37,2.0000,1.9999999999998468,2.00000000,true,true,true
MSZZC1|6:XAUUSD|1:5|2:-1|1:4|34:SSRP|ASIA_HIGH|20250926|1758900600,828,1,1,0.41,0.41000000,3757.65000000,3757.6499999999996,-1.0000,-0.9999999999999233,-1.00000000,true,true,true
MSZZC1|6:XAUUSD|1:5|2:-1|1:4|34:SSRP|ASIA_HIGH|20250929|1759133100,830,1,1,0.41,0.41000000,3812.31000000,3812.3099999999995,-1.0000,-0.9999999999999231,-1.00000000,true,true,true
MSZZC1|6:XAUUSD|1:5|2:-1|1:4|34:SSRP|ASIA_HIGH|20250929|1759141500,832,1,1,0.27,0.27000000,3815.86000000,3815.86,-1.0000,-1.0,-1.00000000,true,true,true
MSZZC1|6:XAUUSD|1:5|2:-1|1:4|34:SSRP|ASIA_HIGH|20250929|1759149600,834,1,1,0.64,0.64000000,3812.08000000,3812.0800000000004,-1.0000,-1.000000000000121,-1.00000000,true,true,true
MSZZC1|6:XAUUSD|1:5|2:-1|1:4|34:SSRP|ASIA_HIGH|20250930|1759219200,836,1,1,0.41,0.41000000,3870.13000000,3870.1299999999997,-1.0000,-0.9999999999999212,-1.00000000,true,true,true
MSZZC1|6:XAUUSD|1:5|2:-1|1:4|34:SSRP|ASIA_HIGH|20250930|1759223100,838,1,1,0.46,0.46000000,3856.33000000,3856.33,2.0000,2.0,2.00000000,true,true,true
MSZZC1|6:XAUUSD|1:5|1:1|1:4|33:SSRP|ASIA_LOW|20250930|1759250100,840,1,1,0.2,0.20000000,3852.63000000,3852.63,2.0000,2.0,2.00000000,true,true,true
MSZZC1|6:XAUUSD|1:5|1:1|1:4|33:SSRP|ASIA_LOW|20251001|1759310400,842,1,1,0.27,0.27000000,3879.52000000,3879.5200000000004,2.0000,2.000000000000052,2.00000000,true,true,true
MSZZC1|6:XAUUSD|1:5|2:-1|1:4|34:SSRP|ASIA_HIGH|20251001|1759332300,844,1,1,0.3,0.30000000,3859.25000000,3859.2499999999995,2.0000,2.0000000000000573,2.00000000,true,true,true
MSZZC1|6:XAUUSD|1:5|2:-1|1:4|34:SSRP|ASIA_HIGH|20251001|1759339800,846,1,1,0.19,0.19000000,3879.10000000,3879.1,-1.0000,-1.0,-1.00000000,true,true,true
MSZZC1|6:XAUUSD|1:5|2:-1|1:4|34:SSRP|ASIA_HIGH|20251002|1759424700,848,1,1,0.23,0.23000000,3845.63000000,3845.63,2.0000,2.000000000000087,2.00000000,true,true,true
MSZZC1|6:XAUUSD|1:5|1:1|1:4|33:SSRP|ASIA_LOW|20251002|1759442100,850,1,1,0.39,0.39000000,3850.30000000,3850.3,-1.0000,-1.0,-1.00000000,true,true,true
MSZZC1|6:XAUUSD|1:5|2:-1|1:4|34:SSRP|ASIA_HIGH|20251003|1759488000,852,1,1,1.0,1.00000000,3865.40000000,3865.4,-1.0000,-1.0,-1.00000000,true,true,true
MSZZC1|6:XAUUSD|1:5|2:-1|1:4|34:SSRP|ASIA_HIGH|20251003|1759488300,854,1,1,1.1,1.10000000,3859.06000000,3859.06,1.9955,1.9955156950677775,1.99551570,true,true,true
MSZZC1|6:XAUUSD|1:5|2:-1|1:4|34:SSRP|ASIA_HIGH|20251003|1759497000,856,1,1,0.66,0.66000000,3866.45000000,3866.45,-1.0000,-1.0,-1.00000000,true,true,true
MSZZC1|6:XAUUSD|1:5|2:-1|1:4|34:SSRP|ASIA_HIGH|20251003|1759499700,858,1,1,0.46,0.46000000,3867.66000000,3867.6599999999994,-1.0000,-0.9999999999999142,-1.00000000,true,true,true
MSZZC1|6:XAUUSD|1:5|2:-1|1:4|34:SSRP|ASIA_HIGH|20251006|1759737900,860,1,1,0.2,0.20000000,3945.46000000,3945.4600000000005,-1.0000,-1.0000000000000377,-1.00000000,true,true,true
MSZZC1|6:XAUUSD|1:5|2:-1|1:4|34:SSRP|ASIA_HIGH|20251006|1759749900,862,1,1,0.31,0.31000000,3946.49000000,3946.4899999999993,-1.0000,-0.9999999999999419,-1.00000000,true,true,true
MSZZC1|6:XAUUSD|1:5|2:-1|1:4|34:SSRP|ASIA_HIGH|20251006|1759752900,864,1,1,0.63,0.63000000,3943.92000000,3943.92,-1.0000,-1.0,-1.00000000,true,true,true
MSZZC1|6:XAUUSD|1:5|2:-1|1:4|34:SSRP|ASIA_HIGH|20251006|1759753800,866,1,1,0.41,0.41000000,3944.66000000,3944.66,-1.0000,-1.0,-1.00000000,true,true,true
MSZZC1|6:XAUUSD|1:5|2:-1|1:4|34:SSRP|ASIA_HIGH|20251006|1759758900,868,1,1,0.39,0.39000000,3944.25000000,3944.2500000000005,-1.0000,-1.0000000000000746,-1.00000000,true,true,true
MSZZC1|6:XAUUSD|1:5|1:1|1:4|33:SSRP|ASIA_LOW|20251007|1759838400,870,1,1,0.3,0.30000000,3974.94000000,3974.94,1.9988,1.9987515605493995,1.99875156,true,true,true
MSZZC1|6:XAUUSD|1:5|2:-1|1:4|34:SSRP|ASIA_HIGH|20251007|1759854300,872,1,1,0.26,0.26000000,3983.58000000,3983.58,-1.0000,-1.0,-1.00000000,true,true,true
MSZZC1|6:XAUUSD|1:5|2:-1|1:4|34:SSRP|ASIA_HIGH|20251007|1759861800,874,1,1,0.29,0.29000000,3985.77000000,3985.77,-1.0000,-1.0,-1.00000000,true,true,true
MSZZC1|6:XAUUSD|1:5|2:-1|1:4|34:SSRP|ASIA_HIGH|20251007|1759870500,876,1,1,0.22,0.22000000,3985.65000000,3985.6500000000005,-1.0000,-1.0000000000000426,-1.00000000,true,true,true
MSZZC1|6:XAUUSD|1:5|2:-1|1:4|34:SSRP|ASIA_HIGH|20251008|1759914300,878,1,1,0.24,0.24000000,4033.12000000,4033.12,-1.0000,-1.0,-1.00000000,true,true,true
MSZZC1|6:XAUUSD|1:5|2:-1|1:4|34:SSRP|ASIA_HIGH|20251009|1759998600,880,1,1,0.37,0.37000000,4024.72000000,4024.72,2.0000,2.000000000000071,2.00000000,true,true,true
MSZZC1|6:XAUUSD|1:5|2:-1|1:4|34:SSRP|ASIA_HIGH|20251009|1760011200,882,1,1,0.44,0.44000000,4042.19000000,4042.19,-1.0000,-1.0,-1.00000000,true,true,true
MSZZC1|6:XAUUSD|1:5|2:-1|1:4|34:SSRP|ASIA_HIGH|20251009|1760018100,884,1,1,0.38,0.38000000,4046.92000000,4046.92,-1.0000,-1.0,-1.00000000,true,true,true
MSZZC1|6:XAUUSD|1:5|2:-1|1:4|34:SSRP|ASIA_HIGH|20251009|1760027400,886,1,1,0.09,0.09000000,3980.15000000,3980.15,2.0000,1.9999999999999822,2.00000000,true,true,true
MSZZC1|6:XAUUSD|1:5|2:-1|1:4|34:SSRP|ASIA_HIGH|20251010|1760098200,888,1,1,0.24,0.24000000,4001.89000000,4001.89,-1.0000,-1.0,-1.00000000,true,true,true
MSZZC1|6:XAUUSD|1:5|2:-1|1:4|34:SSRP|ASIA_HIGH|20251010|1760100600,890,1,1,0.21,0.21000000,3970.73000000,3970.73,2.0000,1.999999999999959,2.00000000,true,true,true
MSZZC1|6:XAUUSD|1:5|2:-1|1:4|34:SSRP|ASIA_HIGH|20251010|1760122200,892,1,1,0.14,0.14000000,4007.37000000,4007.3700000000003,-1.0000,-1.0000000000000266,-1.00000000,true,true,true
MSZZC1|6:XAUUSD|1:5|2:-1|1:4|34:SSRP|ASIA_HIGH|20251014|1760430600,894,1,1,0.06,0.06000000,4114.16000000,4114.16,0.6884,0.6884151040328791,0.68841510,true,true,true
MSZZC1|6:XAUUSD|1:5|1:1|1:4|33:SSRP|ASIA_LOW|20251014|1760433600,896,1,1,0.09,0.09000000,4163.10000000,4163.1,2.0000,2.0000000000000373,2.00000000,true,true,true
MSZZC1|6:XAUUSD|1:5|2:-1|1:4|34:SSRP|ASIA_HIGH|20251015|1760516700,898,1,1,0.36,0.36000000,4193.94000000,4193.94,-1.0000,-1.0,-1.00000000,true,true,true
MSZZC1|6:XAUUSD|1:5|2:-1|1:4|34:SSRP|ASIA_HIGH|20251015|1760530200,900,1,1,0.1,0.10000000,4208.45000000,4208.45,-1.0000,-1.0,-1.00000000,true,true,true
MSZZC1|6:XAUUSD|1:5|2:-1|1:4|34:SSRP|ASIA_HIGH|20251015|1760553600,902,1,1,0.28,0.28000000,4198.71000000,4198.71,-1.0000,-1.0,-1.00000000,true,true,true
MSZZC1|6:XAUUSD|1:5|2:-1|1:4|34:SSRP|ASIA_HIGH|20251015|1760558700,904,1,1,0.17,0.17000000,4199.96000000,4199.96,-1.0000,-1.0,-1.00000000,true,true,true
MSZZC1|6:XAUUSD|1:5|2:-1|1:4|34:SSRP|ASIA_HIGH|20251016|1760619600,906,1,1,0.46,0.46000000,4243.29000000,4243.29,-1.0000,-1.0,-1.00000000,true,true,true
MSZZC1|6:XAUUSD|1:5|2:-1|1:4|34:SSRP|ASIA_HIGH|20251016|1760622900,908,1,1,0.37,0.37000000,4246.56000000,4246.56,-1.0000,-1.0,-1.00000000,true,true,true
MSZZC1|6:XAUUSD|1:5|2:-1|1:4|34:SSRP|ASIA_HIGH|20251016|1760625600,910,1,1,0.33,0.33000000,4247.83000000,4247.83,-1.0000,-1.0,-1.00000000,true,true,true
MSZZC1|6:XAUUSD|1:5|2:-1|1:4|34:SSRP|ASIA_HIGH|20251016|1760628600,912,1,1,0.17,0.17000000,4251.44000000,4251.44,-1.0000,-1.0,-1.00000000,true,true,true
MSZZC1|6:XAUUSD|1:5|1:1|1:4|33:SSRP|ASIA_LOW|20251017|1760718900,914,1,1,0.08,0.08000000,4257.78000000,4257.78,-1.0000,-1.0,-1.00000000,true,true,true
MSZZC1|6:XAUUSD|1:5|1:1|1:4|33:SSRP|ASIA_LOW|20251021|1761039000,916,1,1,0.15,0.15000000,4321.85000000,4321.85,-1.0000,-1.0,-1.00000000,true,true,true
MSZZC1|6:XAUUSD|1:5|2:-1|1:4|34:SSRP|ASIA_HIGH|20251022|1761120900,918,1,1,0.36,0.36000000,4147.37000000,4147.37,-1.0000,-1.0,-1.00000000,true,true,true
MSZZC1|6:XAUUSD|1:5|2:-1|1:4|34:SSRP|ASIA_HIGH|20251022|1761126900,920,1,1,0.12,0.12000000,4103.38000000,4103.38,2.0000,2.0,2.00000000,true,true,true
MSZZC1|6:XAUUSD|1:5|2:-1|1:4|34:SSRP|ASIA_HIGH|20251023|1761211800,922,1,1,0.16,0.16000000,4128.09000000,4128.09,-1.0000,-1.0,-1.00000000,true,true,true
MSZZC1|6:XAUUSD|1:5|2:-1|1:4|34:SSRP|ASIA_HIGH|20251023|1761259800,924,1,1,0.37,0.37000000,4122.04000000,4122.04,-1.0000,-1.0,-1.00000000,true,true,true
MSZZC1|6:XAUUSD|1:5|1:1|1:4|33:SSRP|ASIA_LOW|20251024|1761321600,926,1,1,0.07,0.07000000,4078.71000000,4078.7099999999996,-1.0000,-1.0000000000000142,-1.00000000,true,true,true
MSZZC1|6:XAUUSD|1:5|1:1|1:4|33:SSRP|ASIA_LOW|20251028|1761640500,928,1,1,0.34,0.34000000,3958.71000000,3958.71,-1.0000,-1.0,-1.00000000,true,true,true
MSZZC1|6:XAUUSD|1:5|1:1|1:4|33:SSRP|ASIA_LOW|20251028|1761675900,930,1,1,0.23,0.23000000,3956.28000000,3956.28,-1.0000,-1.0,-1.00000000,true,true,true
MSZZC1|6:XAUUSD|1:5|1:1|1:4|33:SSRP|ASIA_LOW|20251028|1761681600,932,1,1,0.25,0.25000000,3956.23000000,3956.23,-1.0000,-1.0,-1.00000000,true,true,true
MSZZC1|6:XAUUSD|1:5|2:-1|1:4|34:SSRP|ASIA_HIGH|20251029|1761731100,934,1,1,0.42,0.42000000,3985.32000000,3985.32,-1.0000,-1.0,-1.00000000,true,true,true
MSZZC1|6:XAUUSD|1:5|2:-1|1:4|34:SSRP|ASIA_HIGH|20251029|1761772500,936,1,1,0.27,0.27000000,3964.22000000,3964.22,2.0000,2.0000000000001057,2.00000000,true,true,true
MSZZC1|6:XAUUSD|1:5|2:-1|1:4|34:SSRP|ASIA_HIGH|20251029|1761773100,938,1,1,0.06,0.06000000,3989.81000000,3989.81,-1.0000,-1.0,-1.00000000,true,true,true
MSZZC1|6:XAUUSD|1:5|2:-1|1:4|34:SSRP|ASIA_HIGH|20251030|1761830700,940,1,1,0.21,0.21000000,3991.06000000,3991.06,-1.0000,-1.0,-1.00000000,true,true,true
MSZZC1|6:XAUUSD|1:5|1:1|1:4|33:SSRP|ASIA_LOW|20251031|1761942600,942,1,1,0.12,0.12000000,3980.38000000,3980.38,-1.0000,-1.0,-1.00000000,true,true,true
MSZZC1|6:XAUUSD|1:5|2:-1|1:4|34:SSRP|ASIA_HIGH|20251103|1762160400,944,1,1,0.27,0.27000000,4023.83000000,4023.8299999999995,-1.0000,-0.9999999999999457,-1.00000000,true,true,true
MSZZC1|6:XAUUSD|1:5|2:-1|1:4|34:SSRP|ASIA_HIGH|20251103|1762164600,946,1,1,0.21,0.21000000,3995.33000000,3995.33,2.0009,2.000941619585708,2.00094162,true,true,true
MSZZC1|6:XAUUSD|1:5|2:-1|1:4|34:SSRP|ASIA_HIGH|20251103|1762183200,948,1,1,0.43,0.43000000,4019.84000000,4019.84,-1.0000,-1.0,-1.00000000,true,true,true
MSZZC1|6:XAUUSD|1:5|2:-1|1:4|34:SSRP|ASIA_HIGH|20251103|1762184100,950,1,1,0.66,0.66000000,4010.28000000,4010.28,1.9972,1.9971590909090289,1.99715909,true,true,true
MSZZC1|6:XAUUSD|1:5|2:-1|1:4|34:SSRP|ASIA_HIGH|20251103|1762186800,952,1,1,0.22,0.22000000,4020.66000000,4020.6600000000003,-1.0000,-1.0000000000000433,-1.00000000,true,true,true
MSZZC1|6:XAUUSD|1:5|2:-1|1:4|34:SSRP|ASIA_HIGH|20251103|1762190100,954,1,1,0.21,0.21000000,3996.68000000,3996.68,1.9991,1.999072356215193,1.99907236,true,true,true
MSZZC1|6:XAUUSD|1:5|1:1|1:4|33:SSRP|ASIA_LOW|20251104|1762243200,956,1,1,0.28,0.28000000,3991.34000000,3991.3400000000006,2.0012,2.0012091898428865,2.00120919,true,true,true
MSZZC1|6:XAUUSD|1:5|1:1|1:4|33:SSRP|ASIA_LOW|20251104|1762271400,958,1,1,0.54,0.54000000,3971.59000000,3971.59,-1.0000,-1.0,-1.00000000,true,true,true
MSZZC1|6:XAUUSD|1:5|1:1|1:4|33:SSRP|ASIA_LOW|20251104|1762272000,960,1,1,0.19,0.19000000,3963.62000000,3963.62,-1.0000,-1.0,-1.00000000,true,true,true
MSZZC1|6:XAUUSD|1:5|1:1|1:4|33:SSRP|ASIA_LOW|20251104|1762280100,962,1,1,0.2,0.20000000,3963.23000000,3963.23,-1.0000,-1.0,-1.00000000,true,true,true
MSZZC1|6:XAUUSD|1:5|2:-1|1:4|34:SSRP|ASIA_HIGH|20251105|1762339800,964,1,1,0.28,0.28000000,3959.00000000,3959.0000000000005,1.9988,1.9987893462470019,1.99878935,true,true,true
MSZZC1|6:XAUUSD|1:5|2:-1|1:4|34:SSRP|ASIA_HIGH|20251105|1762357800,966,1,1,0.56,0.56000000,3979.98000000,3979.98,-1.0000,-1.0,-1.00000000,true,true,true
MSZZC1|6:XAUUSD|1:5|2:-1|1:4|34:SSRP|ASIA_HIGH|20251105|1762360500,968,1,1,0.24,0.24000000,3985.77000000,3985.77,-1.0000,-1.0,-1.00000000,true,true,true
MSZZC1|6:XAUUSD|1:5|2:-1|1:4|34:SSRP|ASIA_HIGH|20251106|1762447800,970,1,1,0.11,0.11000000,3999.74000000,3999.74,-1.0000,-1.0,-1.00000000,true,true,true
MSZZC1|6:XAUUSD|1:5|2:-1|1:4|34:SSRP|ASIA_HIGH|20251107|1762520700,972,1,1,0.24,0.24000000,4011.95000000,4011.95,-1.0000,-1.0,-1.00000000,true,true,true
MSZZC1|6:XAUUSD|1:5|2:-1|1:4|34:SSRP|ASIA_HIGH|20251107|1762541700,974,1,1,0.17,0.17000000,4014.22000000,4014.22,-1.0000,-1.0,-1.00000000,true,true,true
MSZZC1|6:XAUUSD|1:5|2:-1|1:4|34:SSRP|ASIA_HIGH|20251110|1762761600,976,1,1,0.69,0.69000000,4071.16000000,4071.16,-1.0000,-1.0,-1.00000000,true,true,true
MSZZC1|6:XAUUSD|1:5|1:1|1:4|33:SSRP|ASIA_LOW|20251111|1762887900,978,1,1,0.69,0.69000000,4112.66000000,4112.66,-1.0000,-1.0,-1.00000000,true,true,true
MSZZC1|6:XAUUSD|1:5|1:1|1:4|33:SSRP|ASIA_LOW|20251111|1762889400,980,1,1,0.48,0.48000000,4110.59000000,4110.59,-1.0000,-1.0,-1.00000000,true,true,true
MSZZC1|6:XAUUSD|1:5|1:1|1:4|33:SSRP|ASIA_LOW|20251111|1762893600,982,1,1,0.35,0.35000000,4128.16000000,4128.16,2.0015,2.001529051987801,2.00152905,true,true,true
MSZZC1|6:XAUUSD|1:5|2:-1|1:4|34:SSRP|ASIA_HIGH|20251113|1763049600,984,1,1,0.14,0.14000000,4183.57000000,4183.57,2.0006,2.0006108735491885,2.00061087,true,true,true
MSZZC1|6:XAUUSD|1:5|1:1|1:4|33:SSRP|ASIA_LOW|20251113|1763074800,986,1,1,0.11,0.11000000,4160.71000000,4160.71,-1.0000,-1.0,-1.00000000,true,true,true
MSZZC1|6:XAUUSD|1:5|1:1|1:4|33:SSRP|ASIA_LOW|20251114|1763112600,988,1,1,0.19,0.19000000,4162.24000000,4162.24,-1.0000,-1.0,-1.00000000,true,true,true
MSZZC1|6:XAUUSD|1:5|1:1|1:4|33:SSRP|ASIA_LOW|20251114|1763123400,990,1,1,0.2,0.20000000,4159.20000000,4159.2,-1.0000,-1.0,-1.00000000,true,true,true
MSZZC1|6:XAUUSD|1:5|1:1|1:4|33:SSRP|ASIA_LOW|20251118|1763457000,992,1,1,0.37,0.37000000,4002.14000000,4002.14,-1.0000,-1.0,-1.00000000,true,true,true
MSZZC1|6:XAUUSD|1:5|1:1|1:4|33:SSRP|ASIA_LOW|20251118|1763458200,994,1,1,0.27,0.27000000,4022.38000000,4022.3799999999997,2.0000,1.9999999999998905,2.00000000,true,true,true
MSZZC1|6:XAUUSD|1:5|2:-1|1:4|34:SSRP|ASIA_HIGH|20251118|1763487600,996,1,1,0.23,0.23000000,4064.03000000,4064.03,-1.0000,-1.0,-1.00000000,true,true,true
MSZZC1|6:XAUUSD|1:5|2:-1|1:4|34:SSRP|ASIA_HIGH|20251119|1763539200,998,1,1,0.83,0.83000000,4090.56000000,4090.5600000000004,2.0000,2.000000000000328,2.00000000,true,true,true
MSZZC1|6:XAUUSD|1:5|2:-1|1:4|34:SSRP|ASIA_HIGH|20251119|1763574300,1000,1,1,0.12,0.12000000,4052.97000000,4052.97,2.0000,2.0000000000000235,2.00000000,true,true,true
MSZZC1|6:XAUUSD|1:5|1:1|1:4|33:SSRP|ASIA_LOW|20251120|1763634000,1002,1,1,0.28,0.28000000,4062.75000000,4062.75,1.9988,1.9987775061123871,1.99877751,true,true,true
MSZZC1|6:XAUUSD|1:5|1:1|1:4|33:SSRP|ASIA_LOW|20251121|1763720100,1004,1,1,0.25,0.25000000,4060.98000000,4060.98,2.0000,2.0000000000000497,2.00000000,true,true,true
MSZZC1|6:XAUUSD|1:5|1:1|1:4|33:SSRP|ASIA_LOW|20251121|1763727000,1006,1,1,0.32,0.32000000,4034.96000000,4034.96,-1.0000,-1.0,-1.00000000,true,true,true
MSZZC1|6:XAUUSD|1:5|1:1|1:4|33:SSRP|ASIA_LOW|20251121|1763728800,1008,1,1,0.24,0.24000000,4032.78000000,4032.78,-1.0000,-1.0,-1.00000000,true,true,true
MSZZC1|6:XAUUSD|1:5|1:1|1:4|33:SSRP|ASIA_LOW|20251121|1763733600,1010,1,1,0.24,0.24000000,4063.97000000,4063.97,1.9990,1.9989816700610312,1.99898167,true,true,true
MSZZC1|6:XAUUSD|1:5|2:-1|1:4|34:SSRP|ASIA_HIGH|20251121|1763751600,1012,1,1,0.13,0.13000000,4050.42000000,4050.42,2.0006,2.0005858230814155,2.00058582,true,true,true
MSZZC1|6:XAUUSD|1:5|2:-1|1:4|34:SSRP|ASIA_HIGH|20251124|1763998500,1014,1,1,0.27,0.27000000,4086.03000000,4086.0299999999997,-1.0000,-0.9999999999999483,-1.00000000,true,true,true
MSZZC1|6:XAUUSD|1:5|1:1|1:4|33:SSRP|ASIA_LOW|20251125|1764066900,1016,1,1,0.32,0.32000000,4120.42000000,4120.42,-1.0000,-1.0,-1.00000000,true,true,true
MSZZC1|6:XAUUSD|1:5|1:1|1:4|33:SSRP|ASIA_LOW|20251125|1764068100,1018,1,1,0.19,0.19000000,4147.64000000,4147.64,2.0008,2.0008291873962945,2.00082919,true,true,true
MSZZC1|6:XAUUSD|1:5|1:1|1:4|33:SSRP|ASIA_LOW|20251125|1764089100,1020,1,1,0.16,0.16000000,4154.08000000,4154.08,1.9993,1.9993079584775564,1.99930796,true,true,true
MSZZC1|6:XAUUSD|1:5|2:-1|1:4|34:SSRP|ASIA_HIGH|20251125|1764099000,1022,1,1,0.34,0.34000000,4138.73000000,4138.73,2.0000,2.0,2.00000000,true,true,true
MSZZC1|6:XAUUSD|1:5|2:-1|1:4|34:SSRP|ASIA_HIGH|20251126|1764164400,1024,1,1,0.4,0.40000000,4172.76000000,4172.76,-1.0000,-1.0,-1.00000000,true,true,true
MSZZC1|6:XAUUSD|1:5|2:-1|1:4|34:SSRP|ASIA_HIGH|20251126|1764165600,1026,1,1,0.49,0.49000000,4159.28000000,4159.28,1.9979,1.9979381443302267,1.99793814,true,true,true
MSZZC1|6:XAUUSD|1:5|2:-1|1:4|34:SSRP|ASIA_HIGH|20251126|1764187800,1028,1,1,0.68,0.68000000,4161.33000000,4161.33,1.9971,1.9971428571427947,1.99714286,true,true,true
MSZZC1|6:XAUUSD|1:5|2:-1|1:4|34:SSRP|ASIA_HIGH|20251126|1764192000,1030,1,1,0.9,0.90000000,4162.16000000,4162.16,2.0037,2.003717472119379,2.00371747,true,true,true
MSZZC1|6:XAUUSD|1:5|1:1|1:4|33:SSRP|ASIA_LOW|20251128|1764326400,1032,1,1,0.21,0.21000000,4154.69000000,4154.69,-1.0000,-1.0,-1.00000000,true,true,true
MSZZC1|6:XAUUSD|1:5|2:-1|1:4|34:SSRP|ASIA_HIGH|20251128|1764348900,1034,1,1,0.2,0.20000000,4201.45000000,4201.45,-1.0000,-1.0,-1.00000000,true,true,true
MSZZC1|6:XAUUSD|1:5|2:-1|1:4|34:SSRP|ASIA_HIGH|20251201|1764591000,1036,1,1,0.31,0.31000000,4262.57000000,4262.57,-1.0000,-1.0,-1.00000000,true,true,true
MSZZC1|6:XAUUSD|1:5|2:-1|1:4|34:SSRP|ASIA_HIGH|20251201|1764603600,1038,1,1,0.2,0.20000000,4228.87000000,4228.87,2.0008,2.000832639467053,2.00083264,true,true,true
MSZZC1|6:XAUUSD|1:5|1:1|1:4|33:SSRP|ASIA_LOW|20251202|1764675300,1040,1,1,0.19,0.19000000,4217.58000000,4217.58,2.0000,2.0,2.00000000,true,true,true
MSZZC1|6:XAUUSD|1:5|1:1|1:4|33:SSRP|ASIA_LOW|20251202|1764702600,1042,1,1,0.36,0.36000000,4184.81000000,4184.81,-1.0000,-1.0,-1.00000000,true,true,true
MSZZC1|6:XAUUSD|1:5|1:1|1:4|33:SSRP|ASIA_LOW|20251202|1764708300,1044,1,1,0.46,0.46000000,4201.50000000,4201.5,2.0000,1.9999999999998275,2.00000000,true,true,true
MSZZC1|6:XAUUSD|1:5|1:1|1:4|33:SSRP|ASIA_LOW|20251203|1764754200,1046,1,1,0.36,0.36000000,4199.34000000,4199.34,-1.0000,-1.0,-1.00000000,true,true,true
MSZZC1|6:XAUUSD|1:5|1:1|1:4|33:SSRP|ASIA_LOW|20251203|1764764400,1048,1,1,0.4,0.40000000,4197.15000000,4197.15,-1.0000,-1.0,-1.00000000,true,true,true
MSZZC1|6:XAUUSD|1:5|1:1|1:4|33:SSRP|ASIA_LOW|20251203|1764767400,1050,1,1,0.44,0.44000000,4214.21000000,4214.21,2.0000,1.9999999999998326,2.00000000,true,true,true
MSZZC1|6:XAUUSD|1:5|2:-1|1:4|34:SSRP|ASIA_HIGH|20251203|1764777600,1052,1,1,0.14,0.14000000,4240.86000000,4240.86,-1.0000,-1.0,-1.00000000,true,true,true
MSZZC1|6:XAUUSD|1:5|2:-1|1:4|34:SSRP|ASIA_HIGH|20251203|1764779700,1054,1,1,0.16,0.16000000,4197.80000000,4197.8,2.0000,1.9999999999999383,2.00000000,true,true,true
MSZZC1|6:XAUUSD|1:5|1:1|1:4|33:SSRP|ASIA_LOW|20251203|1764788100,1056,1,1,0.22,0.22000000,4195.39000000,4195.39,-1.0000,-1.0,-1.00000000,true,true,true
MSZZC1|6:XAUUSD|1:5|1:1|1:4|33:SSRP|ASIA_LOW|20251203|1764795300,1058,1,1,0.26,0.26000000,4195.05000000,4195.05,-1.0000,-1.0,-1.00000000,true,true,true
MSZZC1|6:XAUUSD|1:5|2:-1|1:4|34:SSRP|ASIA_HIGH|20251204|1764872100,1060,1,1,0.72,0.72000000,4209.46000000,4209.46,2.0000,1.9999999999997284,2.00000000,true,true,true
MSZZC1|6:XAUUSD|1:5|2:-1|1:4|34:SSRP|ASIA_HIGH|20251204|1764877800,1062,1,1,1.96,1.96000000,4213.94000000,4213.94,2.0000,2.0,2.00000000,true,true,true
MSZZC1|6:XAUUSD|1:5|2:-1|1:4|34:SSRP|ASIA_HIGH|20251204|1764878400,1064,1,1,0.47,0.47000000,4201.92000000,4201.92,2.0000,1.9999999999998257,2.00000000,true,true,true
MSZZC1|6:XAUUSD|1:5|2:-1|1:4|34:SSRP|ASIA_HIGH|20251205|1764931500,1066,1,1,0.67,0.67000000,4224.74000000,4224.74,-1.0000,-1.0,-1.00000000,true,true,true
MSZZC1|6:XAUUSD|1:5|2:-1|1:4|34:SSRP|ASIA_HIGH|20251205|1764957900,1068,1,1,0.06,0.06000000,4197.28000000,4197.28,0.1647,0.16467715680956788,0.16467716,true,true,true
MSZZC1|6:XAUUSD|1:5|1:1|1:4|33:SSRP|ASIA_LOW|20251205|1764976500,1070,1,1,0.44,0.44000000,4191.69000000,4191.69,-1.0000,-1.0,-1.00000000,true,true,true
MSZZC1|6:XAUUSD|1:5|2:-1|1:4|34:SSRP|ASIA_HIGH|20251208|1765180800,1072,1,1,0.56,0.56000000,4218.73000000,4218.73,-1.0000,-1.0,-1.00000000,true,true,true
MSZZC1|6:XAUUSD|1:5|2:-1|1:4|34:SSRP|ASIA_HIGH|20251208|1765182600,1074,1,1,0.98,0.98000000,4211.55000000,4211.55,2.0000,1.9999999999992695,2.00000000,true,true,true
MSZZC1|6:XAUUSD|1:5|1:1|1:4|33:SSRP|ASIA_LOW|20251208|1765214100,1076,1,1,0.14,0.14000000,4175.94000000,4175.94,-1.0000,-1.0,-1.00000000,true,true,true
MSZZC1|6:XAUUSD|1:5|1:1|1:4|33:SSRP|ASIA_LOW|20251209|1765268400,1078,1,1,0.52,0.52000000,4188.25000000,4188.25,2.0000,2.0000000000001923,2.00000000,true,true,true
MSZZC1|6:XAUUSD|1:5|2:-1|1:4|34:SSRP|ASIA_HIGH|20251209|1765293900,1080,1,1,0.36,0.36000000,4204.94000000,4204.94,-1.0000,-1.0,-1.00000000,true,true,true
MSZZC1|6:XAUUSD|1:5|2:-1|1:4|34:SSRP|ASIA_HIGH|20251209|1765297800,1082,1,1,0.31,0.31000000,4205.32000000,4205.32,-1.0000,-1.0,-1.00000000,true,true,true
MSZZC1|6:XAUUSD|1:5|2:-1|1:4|34:SSRP|ASIA_HIGH|20251209|1765299300,1084,1,1,0.16,0.16000000,4208.53000000,4208.53,-1.0000,-1.0,-1.00000000,true,true,true
MSZZC1|6:XAUUSD|1:5|1:1|1:4|33:SSRP|ASIA_LOW|20251210|1765361400,1086,1,1,0.46,0.46000000,4199.89000000,4199.89,-1.0000,-1.0,-1.00000000,true,true,true
MSZZC1|6:XAUUSD|1:5|1:1|1:4|33:SSRP|ASIA_LOW|20251210|1765380900,1088,1,1,0.34,0.34000000,4195.82000000,4195.82,-1.0000,-1.0,-1.00000000,true,true,true
MSZZC1|6:XAUUSD|1:5|1:1|1:4|33:SSRP|ASIA_LOW|20251210|1765391400,1090,1,1,0.65,0.65000000,4198.87000000,4198.87,-1.0000,-1.0,-1.00000000,true,true,true
MSZZC1|6:XAUUSD|1:5|1:1|1:4|33:SSRP|ASIA_LOW|20251210|1765400100,1092,1,1,0.15,0.15000000,4212.37000000,4212.37,0.3869,0.38693467336682325,0.38693467,true,true,true
MSZZC1|6:XAUUSD|1:5|2:-1|1:4|34:SSRP|ASIA_HIGH|20251210|1765401000,1094,1,1,0.31,0.31000000,4197.05000000,4197.05,2.0000,2.0,2.00000000,true,true,true
MSZZC1|6:XAUUSD|1:5|1:1|1:4|33:SSRP|ASIA_LOW|20251210|1765401900,1096,1,1,0.13,0.13000000,4191.65000000,4191.65,-1.0000,-1.0,-1.00000000,true,true,true
MSZZC1|6:XAUUSD|1:5|1:1|1:4|33:SSRP|ASIA_LOW|20251210|1765403100,1098,1,1,0.12,0.12000000,4242.74000000,4242.74,1.9995,1.999473407056238,1.99947341,true,true,true
MSZZC1|6:XAUUSD|1:5|1:1|1:4|33:SSRP|ASIA_LOW|20251211|1765440000,1100,1,1,0.42,0.42000000,4221.33000000,4221.33,2.0000,1.999999999999841,2.00000000,true,true,true
MSZZC1|6:XAUUSD|1:5|1:1|1:4|33:SSRP|ASIA_LOW|20251211|1765466100,1102,1,1,0.34,0.34000000,4226.50000000,4226.5,1.9986,1.998593530239197,1.99859353,true,true,true
MSZZC1|6:XAUUSD|1:5|2:-1|1:4|34:SSRP|ASIA_HIGH|20251212|1765562100,1104,1,1,0.1,0.10000000,4278.67000000,4278.67,-0.0710,-0.07098638052002564,-0.07098638,true,true,true
MSZZC1|6:XAUUSD|1:5|1:1|1:4|33:SSRP|ASIA_LOW|20251212|1765564800,1106,1,1,0.11,0.11000000,4282.16000000,4282.16,0.1548,0.1547671840354658,0.15476718,true,true,true
MSZZC1|6:XAUUSD|1:5|2:-1|1:4|34:SSRP|ASIA_HIGH|20251212|1765567200,1108,1,1,0.27,0.27000000,4291.21000000,4291.21,-1.0000,-1.0,-1.00000000,true,true,true
MSZZC1|6:XAUUSD|1:5|2:-1|1:4|34:SSRP|ASIA_HIGH|20251215|1765785600,1110,1,1,0.5,0.50000000,4345.72000000,4345.72,-1.0000,-1.0,-1.00000000,true,true,true
MSZZC1|6:XAUUSD|1:5|2:-1|1:4|34:SSRP|ASIA_HIGH|20251215|1765786800,1112,1,1,1.31,1.31000000,4345.91000000,4345.91,-1.0000,-1.0,-1.00000000,true,true,true
MSZZC1|6:XAUUSD|1:5|2:-1|1:4|34:SSRP|ASIA_HIGH|20251215|1765787700,1114,1,1,0.67,0.67000000,4336.98000000,4336.98,2.0028,2.002754820936699,2.00275482,true,true,true
MSZZC1|6:XAUUSD|1:5|2:-1|1:4|34:SSRP|ASIA_HIGH|20251215|1765798200,1116,1,1,0.4,0.40000000,4331.99000000,4331.99,2.0016,2.001639344262182,2.00163934,true,true,true
MSZZC1|6:XAUUSD|1:5|1:1|1:4|33:SSRP|ASIA_LOW|20251215|1765823700,1118,1,1,0.21,0.21000000,4285.01000000,4285.01,-1.0000,-1.0,-1.00000000,true,true,true
MSZZC1|6:XAUUSD|1:5|2:-1|1:4|34:SSRP|ASIA_HIGH|20251216|1765900800,1120,1,1,0.54,0.54000000,4320.10000000,4320.1,-1.0000,-1.0,-1.00000000,true,true,true
MSZZC1|6:XAUUSD|1:5|2:-1|1:4|34:SSRP|ASIA_HIGH|20251216|1765905000,1122,1,1,0.13,0.13000000,4334.68000000,4334.68,-1.0000,-1.0,-1.00000000,true,true,true
MSZZC1|6:XAUUSD|1:5|2:-1|1:4|34:SSRP|ASIA_HIGH|20251217|1765986900,1124,1,1,0.12,0.12000000,4346.45000000,4346.45,-1.0000,-1.0,-1.00000000,true,true,true
MSZZC1|6:XAUUSD|1:5|2:-1|1:4|34:SSRP|ASIA_HIGH|20251217|1765992600,1126,1,1,0.16,0.16000000,4328.50000000,4328.5,0.4127,0.4127090301003443,0.41270903,true,true,true
MSZZC1|6:XAUUSD|1:5|1:1|1:4|33:SSRP|ASIA_LOW|20251218|1766055300,1128,1,1,0.36,0.36000000,4321.81000000,4321.81,-1.0000,-1.0,-1.00000000,true,true,true
MSZZC1|6:XAUUSD|1:5|1:1|1:4|33:SSRP|ASIA_LOW|20251218|1766058600,1130,1,1,0.6,0.60000000,4320.61000000,4320.61,-1.0000,-1.0,-1.00000000,true,true,true
MSZZC1|6:XAUUSD|1:5|1:1|1:4|33:SSRP|ASIA_LOW|20251218|1766071500,1132,1,1,0.22,0.22000000,4318.73000000,4318.73,-1.0000,-1.0,-1.00000000,true,true,true
MSZZC1|6:XAUUSD|1:5|1:1|1:4|33:SSRP|ASIA_LOW|20251218|1766076300,1134,1,1,0.12,0.12000000,4369.60000000,4369.6,2.0000,2.0000000000000893,2.00000000,true,true,true
MSZZC1|6:XAUUSD|1:5|2:-1|1:4|34:SSRP|ASIA_HIGH|20251218|1766084400,1136,1,1,0.07,0.07000000,4331.33000000,4331.33,-0.0523,-0.052325581395353295,-0.05232558,true,true,true
MSZZC1|6:XAUUSD|1:5|1:1|1:4|33:SSRP|ASIA_LOW|20251218|1766085000,1138,1,1,0.24,0.24000000,4321.25000000,4321.25,-1.0000,-1.0,-1.00000000,true,true,true
MSZZC1|6:XAUUSD|1:5|2:-1|1:4|34:SSRP|ASIA_HIGH|20251219|1766162100,1140,1,1,0.75,0.75000000,4328.34000000,4328.34,1.9969,1.9969230769230097,1.99692308,true,true,true
MSZZC1|6:XAUUSD|1:5|2:-1|1:4|34:SSRP|ASIA_HIGH|20251219|1766162400,1142,1,1,0.22,0.22000000,4338.12000000,4338.12,-1.0000,-1.0,-1.00000000,true,true,true
MSZZC1|6:XAUUSD|1:5|2:-1|1:4|34:SSRP|ASIA_HIGH|20251222|1766399100,1144,1,1,0.33,0.33000000,4415.12000000,4415.12,-1.0000,-1.0,-1.00000000,true,true,true
MSZZC1|6:XAUUSD|1:5|2:-1|1:4|34:SSRP|ASIA_HIGH|20251222|1766406300,1146,1,1,0.58,0.58000000,4413.23000000,4413.23,-1.0000,-1.0,-1.00000000,true,true,true
MSZZC1|6:XAUUSD|1:5|2:-1|1:4|34:SSRP|ASIA_HIGH|20251222|1766412000,1148,1,1,0.45,0.45000000,4413.39000000,4413.39,-1.0000,-1.0,-1.00000000,true,true,true
MSZZC1|6:XAUUSD|1:5|1:1|1:4|33:SSRP|ASIA_LOW|20251223|1766509200,1150,1,1,0.13,0.13000000,4485.25000000,4485.25,2.0000,2.0000000000000497,2.00000000,true,true,true
MSZZC1|6:XAUUSD|1:5|2:-1|1:4|34:SSRP|ASIA_HIGH|20251223|1766530500,1152,1,1,0.31,0.31000000,4500.36000000,4500.36,-1.0000,-1.0,-1.00000000,true,true,true
MSZZC1|6:XAUUSD|1:5|1:1|1:4|33:SSRP|ASIA_LOW|20251224|1766594400,1154,1,1,0.51,0.51000000,4468.77000000,4468.77,-1.0000,-1.0,-1.00000000,true,true,true
MSZZC1|6:XAUUSD|1:5|1:1|1:4|33:SSRP|ASIA_LOW|20251224|1766595300,1156,1,1,0.17,0.17000000,4459.71000000,4459.71,-1.0000,-1.0,-1.00000000,true,true,true
MSZZC1|6:XAUUSD|1:5|1:1|1:4|33:SSRP|ASIA_LOW|20251224|1766601000,1158,1,1,0.29,0.29000000,4492.00000000,4492.0,1.9988,1.9988052568695298,1.99880526,true,true,true
MSZZC1|6:XAUUSD|1:5|2:-1|1:4|34:SSRP|ASIA_HIGH|20251226|1766766600,1160,1,1,0.28,0.28000000,4533.57000000,4533.57,-1.0000,-1.0,-1.00000000,true,true,true
MSZZC1|6:XAUUSD|1:5|2:-1|1:4|34:SSRP|ASIA_HIGH|20251226|1766775900,1162,1,1,0.21,0.21000000,4537.63000000,4537.63,-1.0000,-1.0,-1.00000000,true,true,true
MSZZC1|6:XAUUSD|1:5|1:1|1:4|33:SSRP|ASIA_LOW|20251229|1766999100,1164,1,1,0.09,0.09000000,4447.80000000,4447.8,-1.0000,-1.0,-1.00000000,true,true,true
MSZZC1|6:XAUUSD|1:5|2:-1|1:4|34:SSRP|ASIA_HIGH|20251230|1767087900,1166,1,1,0.26,0.26000000,4355.85000000,4355.85,2.0011,2.0010706638114892,2.00107066,true,true,true
MSZZC1|6:XAUUSD|1:5|2:-1|1:4|34:SSRP|ASIA_HIGH|20251230|1767108600,1168,1,1,0.16,0.16000000,4350.43000000,4350.43,2.0000,1.9999999999998748,2.00000000,true,true,true
MSZZC1|6:XAUUSD|1:5|1:1|1:4|33:SSRP|ASIA_LOW|20251231|1767168000,1170,1,1,0.12,0.12000000,4332.14000000,4332.14,2.0005,2.0005170630817073,2.00051706,true,true,true
MSZZC1|6:XAUUSD|1:5|2:-1|1:4|34:SSRP|ASIA_HIGH|20260102|1767366900,1172,1,1,0.11,0.11000000,4338.75000000,4338.75,2.0000,1.9999999999999574,2.00000000,true,true,true
MSZZC1|6:XAUUSD|1:5|1:1|1:4|33:SSRP|ASIA_LOW|20260102|1767377700,1174,1,1,0.33,0.33000000,4314.33000000,4314.33,-1.0000,-1.0,-1.00000000,true,true,true
MSZZC1|6:XAUUSD|1:5|1:1|1:4|33:SSRP|ASIA_LOW|20260102|1767387300,1176,1,1,0.32,0.32000000,4336.24000000,4336.24,2.0000,2.0,2.00000000,true,true,true
MSZZC1|6:XAUUSD|1:5|2:-1|1:4|34:SSRP|ASIA_HIGH|20260105|1767601500,1178,1,1,0.4,0.40000000,4426.70000000,4426.7,-1.0000,-1.0,-1.00000000,true,true,true
MSZZC1|6:XAUUSD|1:5|2:-1|1:4|34:SSRP|ASIA_HIGH|20260105|1767619200,1180,1,1,0.18,0.18000000,4430.92000000,4430.92,-1.0000,-1.0,-1.00000000,true,true,true
MSZZC1|6:XAUUSD|1:5|2:-1|1:4|34:SSRP|ASIA_HIGH|20260106|1767695100,1182,1,1,0.27,0.27000000,4449.47000000,4449.47,2.0000,2.0,2.00000000,true,true,true
MSZZC1|6:XAUUSD|1:5|2:-1|1:4|34:SSRP|ASIA_HIGH|20260106|1767720300,1184,1,1,0.19,0.19000000,4482.34000000,4482.34,-1.0000,-1.0,-1.00000000,true,true,true
MSZZC1|6:XAUUSD|1:5|1:1|1:4|33:SSRP|ASIA_LOW|20260107|1767775500,1186,1,1,0.42,0.42000000,4458.04000000,4458.04,1.9983,1.9982698961938912,1.99826990,true,true,true
MSZZC1|6:XAUUSD|1:5|1:1|1:4|33:SSRP|ASIA_LOW|20260107|1767795300,1188,1,1,0.29,0.29000000,4438.93000000,4438.93,-1.0000,-1.0,-1.00000000,true,true,true
MSZZC1|6:XAUUSD|1:5|1:1|1:4|33:SSRP|ASIA_LOW|20260107|1767798900,1190,1,1,0.18,0.18000000,4430.01000000,4430.01,-1.0000,-1.0,-1.00000000,true,true,true
MSZZC1|6:XAUUSD|1:5|1:1|1:4|33:SSRP|ASIA_LOW|20260107|1767806400,1192,1,1,0.09,0.09000000,4424.12000000,4424.12,-1.0000,-1.0,-1.00000000,true,true,true
MSZZC1|6:XAUUSD|1:5|1:1|1:4|33:SSRP|ASIA_LOW|20260108|1767881400,1194,1,1,0.19,0.19000000,4446.57000000,4446.57,1.9992,1.9992289899767828,1.99922899,true,true,true
MSZZC1|6:XAUUSD|1:5|2:-1|1:4|34:SSRP|ASIA_HIGH|20260109|1767972900,1196,1,1,0.28,0.28000000,4492.46000000,4492.46,-1.0000,-1.0,-1.00000000,true,true,true
MSZZC1|6:XAUUSD|1:5|2:-1|1:4|34:SSRP|ASIA_HIGH|20260112|1768233300,1198,1,1,0.12,0.12000000,4620.62000000,4620.62,-1.0000,-1.0,-1.00000000,true,true,true
MSZZC1|6:XAUUSD|1:5|2:-1|1:4|34:SSRP|ASIA_HIGH|20260112|1768255200,1200,1,1,0.21,0.21000000,4577.91000000,4577.91,2.0009,2.0008841732979055,2.00088417,true,true,true
MSZZC1|6:XAUUSD|1:5|1:1|1:4|33:SSRP|ASIA_LOW|20260113|1768293600,1202,1,1,0.37,0.37000000,4593.06000000,4593.06,1.9985,1.9984802431611992,1.99848024,true,true,true
MSZZC1|6:XAUUSD|1:5|2:-1|1:4|34:SSRP|ASIA_HIGH|20260113|1768324200,1204,1,1,0.13,0.13000000,4570.30000000,4570.3,2.0005,2.0005479452054913,2.00054795,true,true,true
MSZZC1|6:XAUUSD|1:5|1:1|1:4|33:SSRP|ASIA_LOW|20260113|1768343400,1206,1,1,0.32,0.32000000,4592.11000000,4592.11,2.0000,1.999999999999881,2.00000000,true,true,true
MSZZC1|6:XAUUSD|1:5|2:-1|1:4|34:SSRP|ASIA_HIGH|20260114|1768402500,1208,1,1,0.34,0.34000000,4620.42000000,4620.42,2.0014,2.001353179972843,2.00135318,true,true,true
MSZZC1|6:XAUUSD|1:5|2:-1|1:4|34:SSRP|ASIA_HIGH|20260114|1768424400,1210,1,1,0.3,0.30000000,4618.20000000,4618.2,2.0000,1.9999999999998916,2.00000000,true,true,true
MSZZC1|6:XAUUSD|1:5|1:1|1:4|33:SSRP|ASIA_LOW|20260116|1768577100,1212,1,1,0.2,0.20000000,4619.85000000,4619.85,2.0008,2.0008012820512264,2.00080128,true,true,true
MSZZC1|6:XAUUSD|1:5|1:1|1:4|33:SSRP|ASIA_LOW|20260116|1768586400,1214,1,1,0.09,0.09000000,4645.07000000,4645.07,2.0000,2.000000000000035,2.00000000,true,true,true
MSZZC1|6:XAUUSD|1:5|2:-1|1:4|34:SSRP|ASIA_HIGH|20260120|1768900200,1216,1,1,1.65,1.65000000,4717.98000000,4717.98,-1.0000,-1.0,-1.00000000,true,true,true
MSZZC1|6:XAUUSD|1:5|2:-1|1:4|34:SSRP|ASIA_HIGH|20260120|1768902300,1218,1,1,0.37,0.37000000,4722.91000000,4722.91,-1.0000,-1.0,-1.00000000,true,true,true
MSZZC1|6:XAUUSD|1:5|2:-1|1:4|34:SSRP|ASIA_HIGH|20260121|1768983900,1220,1,1,0.12,0.12000000,4827.91000000,4827.91,2.0000,2.0,2.00000000,true,true,true
MSZZC1|6:XAUUSD|1:5|2:-1|1:4|34:SSRP|ASIA_HIGH|20260122|1769072700,1222,1,1,1.3,1.30000000,4835.12000000,4835.12,-1.0000,-1.0,-1.00000000,true,true,true
MSZZC1|6:XAUUSD|1:5|2:-1|1:4|34:SSRP|ASIA_HIGH|20260122|1769073300,1224,1,1,0.42,0.42000000,4837.70000000,4837.7,-1.0000,-1.0,-1.00000000,true,true,true
MSZZC1|6:XAUUSD|1:5|2:-1|1:4|34:SSRP|ASIA_HIGH|20260122|1769074500,1226,1,1,0.5,0.50000000,4823.55000000,4823.55,2.0000,2.000000000000181,2.00000000,true,true,true
MSZZC1|6:XAUUSD|1:5|2:-1|1:4|34:SSRP|ASIA_HIGH|20260122|1769079600,1228,1,1,0.92,0.92000000,4835.59000000,4835.59,-1.0000,-1.0,-1.00000000,true,true,true
MSZZC1|6:XAUUSD|1:5|2:-1|1:4|34:SSRP|ASIA_HIGH|20260122|1769079900,1230,1,1,0.48,0.48000000,4822.31000000,4822.3099999999995,2.0000,2.000000000000172,2.00000000,true,true,true
MSZZC1|6:XAUUSD|1:5|2:-1|1:4|34:SSRP|ASIA_HIGH|20260122|1769089500,1232,1,1,0.46,0.46000000,4819.99000000,4819.99,2.0018,2.001795332136648,2.00179533,true,true,true
MSZZC1|6:XAUUSD|1:5|2:-1|1:4|34:SSRP|ASIA_HIGH|20260122|1769095500,1234,1,1,0.19,0.19000000,4835.52000000,4835.52,-1.0000,-1.0,-1.00000000,true,true,true
MSZZC1|6:XAUUSD|1:5|1:1|1:4|33:SSRP|ASIA_LOW|20260123|1769176500,1236,1,1,0.16,0.16000000,4965.71000000,4965.71,2.0000,2.0000000000000573,2.00000000,true,true,true
MSZZC1|6:XAUUSD|1:5|2:-1|1:4|34:SSRP|ASIA_HIGH|20260123|1769197800,1238,1,1,0.13,0.13000000,4985.26000000,4985.26,-1.0000,-1.0,-1.00000000,true,true,true
MSZZC1|6:XAUUSD|1:5|2:-1|1:4|34:SSRP|ASIA_HIGH|20260126|1769417400,1240,1,1,0.07,0.07000000,5009.82000000,5009.82,2.0000,2.0000000000000537,2.00000000,true,true,true
MSZZC1|6:XAUUSD|1:5|2:-1|1:4|34:SSRP|ASIA_HIGH|20260127|1769500800,1242,1,1,0.5,0.50000000,5087.25000000,5087.25,-1.0000,-1.0,-1.00000000,true,true,true
MSZZC1|6:XAUUSD|1:5|2:-1|1:4|34:SSRP|ASIA_HIGH|20260127|1769502000,1244,1,1,0.46,0.46000000,5087.97000000,5087.97,-1.0000,-1.0,-1.00000000,true,true,true
MSZZC1|6:XAUUSD|1:5|2:-1|1:4|34:SSRP|ASIA_HIGH|20260127|1769507400,1246,1,1,0.27,0.27000000,5093.14000000,5093.14,-1.0000,-1.0,-1.00000000,true,true,true
MSZZC1|6:XAUUSD|1:5|2:-1|1:4|34:SSRP|ASIA_HIGH|20260127|1769516700,1248,1,1,0.36,0.36000000,5069.83000000,5069.83,2.0000,1.9999999999998725,2.00000000,true,true,true
MSZZC1|6:XAUUSD|1:5|2:-1|1:4|34:SSRP|ASIA_HIGH|20260127|1769521500,1250,1,1,0.18,0.18000000,5086.11000000,5086.11,-1.0000,-1.0,-1.00000000,true,true,true
MSZZC1|6:XAUUSD|1:5|2:-1|1:4|34:SSRP|ASIA_HIGH|20260127|1769524800,1252,1,1,0.33,0.33000000,5091.48000000,5091.48,-1.0000,-1.0,-1.00000000,true,true,true
MSZZC1|6:XAUUSD|1:5|2:-1|1:4|34:SSRP|ASIA_HIGH|20260127|1769526000,1254,1,1,0.27,0.27000000,5092.62000000,5092.62,-1.0000,-1.0,-1.00000000,true,true,true
MSZZC1|6:XAUUSD|1:5|2:-1|1:4|34:SSRP|ASIA_HIGH|20260127|1769526900,1256,1,1,0.2,0.20000000,5055.66000000,5055.66,2.0000,1.9999999999999276,2.00000000,true,true,true
MSZZC1|6:XAUUSD|1:5|2:-1|1:4|34:SSRP|ASIA_HIGH|20260127|1769539800,1258,1,1,0.3,0.30000000,5092.31000000,5092.31,-1.0000,-1.0,-1.00000000,true,true,true
MSZZC1|6:XAUUSD|1:5|2:-1|1:4|34:SSRP|ASIA_HIGH|20260127|1769541000,1260,1,1,0.22,0.22000000,5094.45000000,5094.45,-1.0000,-1.0,-1.00000000,true,true,true
MSZZC1|6:XAUUSD|1:5|2:-1|1:4|34:SSRP|ASIA_HIGH|20260128|1769604900,1262,1,1,0.06,0.06000000,5280.41000000,5280.41,-1.0000,-1.0,-1.00000000,true,true,true
MSZZC1|6:XAUUSD|1:5|2:-1|1:4|34:SSRP|ASIA_HIGH|20260128|1769614200,1264,1,1,0.11,0.11000000,5286.07000000,5286.07,-1.0000,-1.0,-1.00000000,true,true,true
MSZZC1|6:XAUUSD|1:5|2:-1|1:4|34:SSRP|ASIA_HIGH|20260128|1769619600,1266,1,1,0.04,0.04000000,5298.68000000,5298.68,-1.0000,-1.0,-1.00000000,true,true,true
MSZZC1|6:XAUUSD|1:5|1:1|1:4|33:SSRP|ASIA_LOW|20260130|1769769600,1268,1,1,0.04,0.04000000,5074.08000000,5074.08,-1.0000,-1.0,-1.00000000,true,true,true
MSZZC1|6:XAUUSD|1:5|1:1|1:4|33:SSRP|ASIA_LOW|20260130|1769777400,1270,1,1,0.06,0.06000000,5078.96000000,5078.96,-1.0000,-1.0,-1.00000000,true,true,true
MSZZC1|6:XAUUSD|1:5|1:1|1:4|33:SSRP|ASIA_LOW|20260202|1770021900,1272,1,1,0.03,0.03000000,4659.97000000,4659.97,1.9999,1.9998709011102476,1.99987090,true,true,true
MSZZC1|6:XAUUSD|1:5|2:-1|1:4|34:SSRP|ASIA_HIGH|20260204|1770199200,1274,1,1,0.38,0.38000000,5072.80000000,5072.8,2.0000,2.000000000000137,2.00000000,true,true,true
MSZZC1|6:XAUUSD|1:5|1:1|1:4|33:SSRP|ASIA_LOW|20260204|1770226500,1276,1,1,0.04,0.04000000,4885.87000000,4885.87,-1.0000,-1.0,-1.00000000,true,true,true
MSZZC1|6:XAUUSD|1:5|1:1|1:4|33:SSRP|ASIA_LOW|20260204|1770230700,1278,1,1,0.04,0.04000000,4853.62000000,4853.62,-1.0000,-1.0,-1.00000000,true,true,true
MSZZC1|6:XAUUSD|1:5|2:-1|1:4|34:SSRP|ASIA_HIGH|20260206|1770364800,1280,1,1,0.08,0.08000000,4904.16000000,4904.16,-1.0000,-1.0,-1.00000000,true,true,true
MSZZC1|6:XAUUSD|1:5|2:-1|1:4|34:SSRP|ASIA_HIGH|20260209|1770666600,1282,1,1,0.15,0.15000000,5062.61000000,5062.61,-1.0000,-1.0,-1.00000000,true,true,true
MSZZC1|6:XAUUSD|1:5|2:-1|1:4|34:SSRP|ASIA_HIGH|20260210|1770741000,1284,1,1,0.15,0.15000000,5029.51000000,5029.51,1.9994,1.999393571861611,1.99939357,true,true,true
MSZZC1|6:XAUUSD|1:5|2:-1|1:4|34:SSRP|ASIA_HIGH|20260211|1770800400,1286,1,1,0.25,0.25000000,5069.20000000,5069.2,-1.0000,-1.0,-1.00000000,true,true,true
MSZZC1|6:XAUUSD|1:5|2:-1|1:4|34:SSRP|ASIA_HIGH|20260211|1770810000,1288,1,1,0.23,0.23000000,5072.39000000,5072.39,-1.0000,-1.0,-1.00000000,true,true,true
MSZZC1|6:XAUUSD|1:5|2:-1|1:4|34:SSRP|ASIA_HIGH|20260211|1770823500,1290,1,1,0.06,0.06000000,5066.47000000,5066.47,-0.4028,-0.40275049115914646,-0.40275049,true,true,true
MSZZC1|6:XAUUSD|1:5|1:1|1:4|33:SSRP|ASIA_LOW|20260211|1770823800,1292,1,1,0.05,0.05000000,5059.71000000,5059.71,-0.1405,-0.14045293995429467,-0.14045294,true,true,true
MSZZC1|6:XAUUSD|1:5|2:-1|1:4|34:SSRP|ASIA_HIGH|20260211|1770823800,1294,1,1,0.09,0.09000000,5085.55000000,5085.55,-1.0000,-1.0,-1.00000000,true,true,true
MSZZC1|6:XAUUSD|1:5|1:1|1:4|33:SSRP|ASIA_LOW|20260212|1770915300,1296,1,1,0.15,0.15000000,5037.85000000,5037.85,-1.0000,-1.0,-1.00000000,true,true,true
MSZZC1|6:XAUUSD|1:5|2:-1|1:4|34:SSRP|ASIA_HIGH|20260213|1770996600,1298,1,1,0.33,0.33000000,4977.28000000,4977.28,2.0000,2.0000000000001195,2.00000000,true,true,true
MSZZC1|6:XAUUSD|1:5|2:-1|1:4|34:SSRP|ASIA_HIGH|20260213|1771000200,1300,1,1,0.1,0.10000000,5012.27000000,5012.27,-1.0000,-1.0,-1.00000000,true,true,true
MSZZC1|6:XAUUSD|1:5|2:-1|1:4|34:SSRP|ASIA_HIGH|20260213|1771004400,1302,1,1,0.13,0.13000000,5013.23000000,5013.23,-1.0000,-1.0,-1.00000000,true,true,true
MSZZC1|6:XAUUSD|1:5|1:1|1:4|33:SSRP|ASIA_LOW|20260217|1771344000,1304,1,1,0.04,0.04000000,4934.22000000,4934.22,0.7892,0.7892016082711201,0.78920161,true,true,true
MSZZC1|6:XAUUSD|1:5|2:-1|1:4|34:SSRP|ASIA_HIGH|20260218|1771405800,1306,1,1,0.3,0.30000000,4917.56000000,4917.56,2.0000,2.0,2.00000000,true,true,true
MSZZC1|6:XAUUSD|1:5|2:-1|1:4|34:SSRP|ASIA_HIGH|20260219|1771501800,1308,1,1,0.25,0.25000000,4975.35000000,4975.35,2.0000,2.0,2.00000000,true,true,true
MSZZC1|6:XAUUSD|1:5|2:-1|1:4|34:SSRP|ASIA_HIGH|20260219|1771527000,1310,1,1,0.27,0.27000000,4976.41000000,4976.41,2.0000,2.0,2.00000000,true,true,true
MSZZC1|6:XAUUSD|1:5|2:-1|1:4|34:SSRP|ASIA_HIGH|20260219|1771542900,1312,1,1,0.34,0.34000000,5001.43000000,5001.43,-1.0000,-1.0,-1.00000000,true,true,true
MSZZC1|6:XAUUSD|1:5|2:-1|1:4|34:SSRP|ASIA_HIGH|20260220|1771574400,1314,1,1,0.51,0.51000000,5017.95000000,5017.95,-1.0000,-1.0,-1.00000000,true,true,true
MSZZC1|6:XAUUSD|1:5|2:-1|1:4|34:SSRP|ASIA_HIGH|20260220|1771578900,1316,1,1,0.21,0.21000000,5023.96000000,5023.96,-1.0000,-1.0,-1.00000000,true,true,true
MSZZC1|6:XAUUSD|1:5|2:-1|1:4|34:SSRP|ASIA_HIGH|20260220|1771596900,1318,1,1,0.22,0.22000000,5023.75000000,5023.75,-1.0000,-1.0,-1.00000000,true,true,true
MSZZC1|6:XAUUSD|1:5|1:1|1:4|33:SSRP|ASIA_LOW|20260224|1771947300,1320,1,1,0.18,0.18000000,5132.19000000,5132.19,-1.0000,-1.0,-1.00000000,true,true,true
MSZZC1|6:XAUUSD|1:5|1:1|1:4|33:SSRP|ASIA_LOW|20260224|1771953900,1322,1,1,0.15,0.15000000,5133.80000000,5133.8,-1.0000,-1.0,-1.00000000,true,true,true
MSZZC1|6:XAUUSD|1:5|1:1|1:4|33:SSRP|ASIA_LOW|20260224|1771959300,1324,1,1,0.19,0.19000000,5136.99000000,5136.99,-1.0000,-1.0,-1.00000000,true,true,true
MSZZC1|6:XAUUSD|1:5|2:-1|1:4|34:SSRP|ASIA_HIGH|20260225|1772045100,1326,1,1,0.61,0.61000000,5214.21000000,5214.21,-1.0000,-1.0,-1.00000000,true,true,true
MSZZC1|6:XAUUSD|1:5|2:-1|1:4|34:SSRP|ASIA_HIGH|20260225|1772048100,1328,1,1,0.48,0.48000000,5198.61000000,5198.61,2.0000,1.9999999999998248,2.00000000,true,true,true
MSZZC1|6:XAUUSD|1:5|1:1|1:4|33:SSRP|ASIA_LOW|20260226|1772123400,1330,1,1,0.09,0.09000000,5139.10000000,5139.1,-1.0000,-1.0,-1.00000000,true,true,true
MSZZC1|6:XAUUSD|1:5|1:1|1:4|33:SSRP|ASIA_LOW|20260226|1772126700,1332,1,1,0.06,0.06000000,5249.08000000,5249.08,1.9997,1.9997494362314698,1.99974944,true,true,true
MSZZC1|6:XAUUSD|1:5|2:-1|1:4|34:SSRP|ASIA_HIGH|20260302|1772448600,1334,1,1,0.14,0.14000000,5410.37000000,5410.37,-1.0000,-1.0,-1.00000000,true,true,true
MSZZC1|6:XAUUSD|1:5|2:-1|1:4|34:SSRP|ASIA_HIGH|20260302|1772465700,1336,1,1,0.08,0.08000000,5314.77000000,5314.77,2.0000,2.0,2.00000000,true,true,true
MSZZC1|6:XAUUSD|1:5|1:1|1:4|33:SSRP|ASIA_LOW|20260302|1772475300,1338,1,1,0.08,0.08000000,5367.98000000,5367.98,1.9997,1.9996546961325892,1.99965470,true,true,true
MSZZC1|6:XAUUSD|1:5|1:1|1:4|33:SSRP|ASIA_LOW|20260303|1772525400,1340,1,1,0.08,0.08000000,5278.18000000,5278.18,-1.0000,-1.0,-1.00000000,true,true,true
MSZZC1|6:XAUUSD|1:5|2:-1|1:4|34:SSRP|ASIA_HIGH|20260304|1772626200,1342,1,1,0.18,0.18000000,5202.82000000,5202.82,-1.0000,-1.0,-1.00000000,true,true,true
MSZZC1|6:XAUUSD|1:5|2:-1|1:4|34:SSRP|ASIA_HIGH|20260304|1772633400,1344,1,1,0.14,0.14000000,5149.36000000,5149.36,2.0000,2.0,2.00000000,true,true,true
MSZZC1|6:XAUUSD|1:5|1:1|1:4|33:SSRP|ASIA_LOW|20260305|1772698500,1346,1,1,0.1,0.10000000,5123.83000000,5123.83,-1.0000,-1.0,-1.00000000,true,true,true
MSZZC1|6:XAUUSD|1:5|1:1|1:4|33:SSRP|ASIA_LOW|20260306|1772805300,1348,1,1,0.12,0.12000000,5122.46000000,5122.46,2.0000,2.0000000000000453,2.00000000,true,true,true
MSZZC1|6:XAUUSD|1:5|2:-1|1:4|34:SSRP|ASIA_HIGH|20260306|1772818800,1350,1,1,0.12,0.12000000,5161.36000000,5161.36,-1.0000,-1.0,-1.00000000,true,true,true
MSZZC1|6:XAUUSD|1:5|2:-1|1:4|34:SSRP|ASIA_HIGH|20260310|1773143100,1352,1,1,0.21,0.21000000,5160.35000000,5160.35,1.9991,1.9991401547722787,1.99914015,true,true,true
MSZZC1|6:XAUUSD|1:5|2:-1|1:4|34:SSRP|ASIA_HIGH|20260310|1773151500,1354,1,1,0.32,0.32000000,5169.03000000,5169.03,1.9987,1.9987163029525918,1.99871630,true,true,true
MSZZC1|6:XAUUSD|1:5|2:-1|1:4|34:SSRP|ASIA_HIGH|20260310|1773157500,1356,1,1,0.34,0.34000000,5189.70000000,5189.7,-1.0000,-1.0,-1.00000000,true,true,true
MSZZC1|6:XAUUSD|1:5|2:-1|1:4|34:SSRP|ASIA_HIGH|20260310|1773177000,1358,1,1,0.04,0.04000000,5185.44000000,5185.44,-0.2327,-0.23270099367659128,-0.23270099,true,true,true
MSZZC1|6:XAUUSD|1:5|1:1|1:4|33:SSRP|ASIA_LOW|20260311|1773228300,1360,1,1,0.54,0.54000000,5180.74000000,5180.74,-1.0000,-1.0,-1.00000000,true,true,true
MSZZC1|6:XAUUSD|1:5|1:1|1:4|33:SSRP|ASIA_LOW|20260311|1773228600,1362,1,1,0.25,0.25000000,5174.97000000,5174.97,-1.0000,-1.0,-1.00000000,true,true,true
MSZZC1|6:XAUUSD|1:5|1:1|1:4|33:SSRP|ASIA_LOW|20260311|1773248100,1364,1,1,0.13,0.13000000,5165.98000000,5165.98,-1.0000,-1.0,-1.00000000,true,true,true
MSZZC1|6:XAUUSD|1:5|2:-1|1:4|34:SSRP|ASIA_HIGH|20260312|1773312300,1366,1,1,0.39,0.39000000,5185.40000000,5185.4,-1.0000,-1.0,-1.00000000,true,true,true
MSZZC1|6:XAUUSD|1:5|2:-1|1:4|34:SSRP|ASIA_HIGH|20260312|1773313200,1368,1,1,0.29,0.29000000,5190.25000000,5190.25,-1.0000,-1.0,-1.00000000,true,true,true
MSZZC1|6:XAUUSD|1:5|2:-1|1:4|34:SSRP|ASIA_HIGH|20260312|1773321000,1370,1,1,0.24,0.24000000,5159.27000000,5159.27,2.0000,2.000000000000086,2.00000000,true,true,true
MSZZC1|6:XAUUSD|1:5|1:1|1:4|33:SSRP|ASIA_LOW|20260312|1773339000,1372,1,1,0.11,0.11000000,5107.49000000,5107.49,-1.0000,-1.0,-1.00000000,true,true,true
MSZZC1|6:XAUUSD|1:5|1:1|1:4|33:SSRP|ASIA_LOW|20260313|1773399600,1374,1,1,0.21,0.21000000,5066.21000000,5066.21,-1.0000,-1.0,-1.00000000,true,true,true
MSZZC1|6:XAUUSD|1:5|1:1|1:4|33:SSRP|ASIA_LOW|20260313|1773400800,1376,1,1,0.14,0.14000000,5112.86000000,5112.86,1.9994,1.999428571428559,1.99942857,true,true,true
MSZZC1|6:XAUUSD|1:5|2:-1|1:4|34:SSRP|ASIA_HIGH|20260316|1773652500,1378,1,1,0.3,0.30000000,5011.09000000,5011.09,2.0000,1.999999999999892,2.00000000,true,true,true
MSZZC1|6:XAUUSD|1:5|2:-1|1:4|34:SSRP|ASIA_HIGH|20260316|1773678900,1380,1,1,0.4,0.40000000,5034.86000000,5034.86,-1.0000,-1.0,-1.00000000,true,true,true
MSZZC1|6:XAUUSD|1:5|2:-1|1:4|34:SSRP|ASIA_HIGH|20260316|1773680400,1382,1,1,0.23,0.23000000,5006.61000000,5006.61,2.0000,2.0,2.00000000,true,true,true
MSZZC1|6:XAUUSD|1:5|2:-1|1:4|34:SSRP|ASIA_HIGH|20260317|1773735300,1384,1,1,0.31,0.31000000,5020.01000000,5020.01,2.0000,2.000000000000111,2.00000000,true,true,true
MSZZC1|6:XAUUSD|1:5|1:1|1:4|33:SSRP|ASIA_LOW|20260317|1773754800,1386,1,1,0.39,0.39000000,5011.38000000,5011.38,2.0000,2.0000000000001377,2.00000000,true,true,true
MSZZC1|6:XAUUSD|1:5|1:1|1:4|33:SSRP|ASIA_LOW|20260317|1773772800,1388,1,1,0.11,0.11000000,4972.79000000,4972.79,-1.0000,-1.0,-1.00000000,true,true,true
MSZZC1|6:XAUUSD|1:5|1:1|1:4|33:SSRP|ASIA_LOW|20260323|1774274400,1390,1,1,0.01,0.01000000,4448.41000000,4448.41,0.2986,0.2985655589994969,0.29856556,true,true,true
MSZZC1|6:XAUUSD|1:5|2:-1|1:4|34:SSRP|ASIA_HIGH|20260327|1774607700,1392,1,1,0.32,0.32000000,4432.50000000,4432.5,1.9987,1.9987437185929373,1.99874372,true,true,true
MSZZC1|6:XAUUSD|1:5|2:-1|1:4|34:SSRP|ASIA_HIGH|20260330|1774902300,1394,1,1,0.18,0.18000000,4488.37000000,4488.37,2.0007,2.000705716302062,2.00070572,true,true,true
MSZZC1|6:XAUUSD|1:5|2:-1|1:4|34:SSRP|ASIA_HIGH|20260331|1774976400,1396,1,1,0.12,0.12000000,4625.82000000,4625.82,-1.0000,-1.0,-1.00000000,true,true,true
MSZZC1|6:XAUUSD|1:5|2:-1|1:4|34:SSRP|ASIA_HIGH|20260331|1774978200,1398,1,1,0.11,0.11000000,4630.76000000,4630.76,-1.0000,-1.0,-1.00000000,true,true,true
MSZZC1|6:XAUUSD|1:5|2:-1|1:4|34:SSRP|ASIA_HIGH|20260401|1775037300,1400,1,1,0.22,0.22000000,4733.81000000,4733.81,-1.0000,-1.0,-1.00000000,true,true,true
MSZZC1|6:XAUUSD|1:5|2:-1|1:4|34:SSRP|ASIA_HIGH|20260401|1775040000,1402,1,1,0.13,0.13000000,4742.16000000,4742.16,-1.0000,-1.0,-1.00000000,true,true,true
MSZZC1|6:XAUUSD|1:5|2:-1|1:4|34:SSRP|ASIA_HIGH|20260401|1775058600,1404,1,1,0.15,0.15000000,4737.64000000,4737.64,-1.0000,-1.0,-1.00000000,true,true,true
MSZZC1|6:XAUUSD|1:5|1:1|1:4|33:SSRP|ASIA_LOW|20260402|1775148600,1406,1,1,0.08,0.08000000,4628.58000000,4628.58,-1.0000,-1.0,-1.00000000,true,true,true
MSZZC1|6:XAUUSD|1:5|2:-1|1:4|34:SSRP|ASIA_HIGH|20260406|1775473200,1408,1,1,0.25,0.25000000,4694.82000000,4694.82,-1.0000,-1.0,-1.00000000,true,true,true
MSZZC1|6:XAUUSD|1:5|2:-1|1:4|34:SSRP|ASIA_HIGH|20260406|1775486100,1410,1,1,0.27,0.27000000,4666.65000000,4666.65,2.0000,2.000000000000097,2.00000000,true,true,true
MSZZC1|6:XAUUSD|1:5|2:-1|1:4|34:SSRP|ASIA_HIGH|20260406|1775494800,1412,1,1,0.12,0.12000000,4691.46000000,4691.46,-1.0000,-1.0,-1.00000000,true,true,true
MSZZC1|6:XAUUSD|1:5|2:-1|1:4|34:SSRP|ASIA_HIGH|20260406|1775496600,1414,1,1,0.18,0.18000000,4656.09000000,4656.09,2.0000,2.0,2.00000000,true,true,true
MSZZC1|6:XAUUSD|1:5|2:-1|1:4|34:SSRP|ASIA_HIGH|20260407|1775565300,1416,1,1,0.14,0.14000000,4632.10000000,4632.1,2.0000,2.000000000000052,2.00000000,true,true,true
MSZZC1|6:XAUUSD|1:5|2:-1|1:4|34:SSRP|ASIA_HIGH|20260407|1775575200,1418,1,1,0.51,0.51000000,4655.90000000,4655.9,2.0000,2.000000000000179,2.00000000,true,true,true
MSZZC1|6:XAUUSD|1:5|1:1|1:4|33:SSRP|ASIA_LOW|20260407|1775581500,1420,1,1,0.17,0.17000000,4651.77000000,4651.77,2.0007,2.0006706908116114,2.00067069,true,true,true
MSZZC1|6:XAUUSD|1:5|2:-1|1:4|34:SSRP|ASIA_HIGH|20260407|1775592300,1422,1,1,0.15,0.15000000,4673.57000000,4673.57,-1.0000,-1.0,-1.00000000,true,true,true
MSZZC1|6:XAUUSD|1:5|2:-1|1:4|34:SSRP|ASIA_HIGH|20260407|1775598300,1424,1,1,0.16,0.16000000,4680.46000000,4680.46,-1.0000,-1.0,-1.00000000,true,true,true
MSZZC1|6:XAUUSD|1:5|1:1|1:4|33:SSRP|ASIA_LOW|20260408|1775685900,1426,1,1,0.15,0.15000000,4698.88000000,4698.88,-1.0000,-1.0,-1.00000000,true,true,true
MSZZC1|6:XAUUSD|1:5|1:1|1:4|33:SSRP|ASIA_LOW|20260410|1775821500,1428,1,1,0.24,0.24000000,4762.72000000,4762.72,2.0000,2.000000000000084,2.00000000,true,true,true
MSZZC1|6:XAUUSD|1:5|2:-1|1:4|34:SSRP|ASIA_HIGH|20260410|1775842500,1430,1,1,0.25,0.25000000,4760.25000000,4760.25,2.0000,2.0,2.00000000,true,true,true
MSZZC1|6:XAUUSD|1:5|2:-1|1:4|34:SSRP|ASIA_HIGH|20260413|1776070500,1432,1,1,0.54,0.54000000,4730.98000000,4730.98,-1.0000,-1.0,-1.00000000,true,true,true
MSZZC1|6:XAUUSD|1:5|2:-1|1:4|34:SSRP|ASIA_HIGH|20260413|1776071400,1434,1,1,0.53,0.53000000,4732.20000000,4732.2,-1.0000,-1.0,-1.00000000,true,true,true
MSZZC1|6:XAUUSD|1:5|2:-1|1:4|34:SSRP|ASIA_HIGH|20260413|1776072300,1436,1,1,0.44,0.44000000,4732.95000000,4732.95,-1.0000,-1.0,-1.00000000,true,true,true
MSZZC1|6:XAUUSD|1:5|2:-1|1:4|34:SSRP|ASIA_HIGH|20260413|1776074400,1438,1,1,0.21,0.21000000,4739.09000000,4739.09,-1.0000,-1.0,-1.00000000,true,true,true
MSZZC1|6:XAUUSD|1:5|2:-1|1:4|34:SSRP|ASIA_HIGH|20260413|1776079800,1440,1,1,0.17,0.17000000,4736.66000000,4736.66,-1.0000,-1.0,-1.00000000,true,true,true
MSZZC1|6:XAUUSD|1:5|2:-1|1:4|34:SSRP|ASIA_HIGH|20260413|1776097800,1442,1,1,0.25,0.25000000,4737.71000000,4737.71,-1.0000,-1.0,-1.00000000,true,true,true
MSZZC1|6:XAUUSD|1:5|2:-1|1:4|34:SSRP|ASIA_HIGH|20260413|1776098700,1444,1,1,0.13,0.13000000,4745.39000000,4745.39,-1.0000,-1.0,-1.00000000,true,true,true
MSZZC1|6:XAUUSD|1:5|2:-1|1:4|34:SSRP|ASIA_HIGH|20260413|1776114000,1446,1,1,0.3,0.30000000,4733.29000000,4733.29,-1.0000,-1.0,-1.00000000,true,true,true
MSZZC1|6:XAUUSD|1:5|2:-1|1:4|34:SSRP|ASIA_HIGH|20260414|1776161700,1448,1,1,0.13,0.13000000,4791.78000000,4791.78,-1.0000,-1.0,-1.00000000,true,true,true
MSZZC1|6:XAUUSD|1:5|1:1|1:4|33:SSRP|ASIA_LOW|20260415|1776242100,1450,1,1,0.48,0.48000000,4812.29000000,4812.29,-1.0000,-1.0,-1.00000000,true,true,true
MSZZC1|6:XAUUSD|1:5|1:1|1:4|33:SSRP|ASIA_LOW|20260415|1776245400,1452,1,1,0.26,0.26000000,4810.92000000,4810.92,-1.0000,-1.0,-1.00000000,true,true,true
MSZZC1|6:XAUUSD|1:5|1:1|1:4|33:SSRP|ASIA_LOW|20260415|1776253800,1454,1,1,0.31,0.31000000,4810.46000000,4810.46,-1.0000,-1.0,-1.00000000,true,true,true
MSZZC1|6:XAUUSD|1:5|1:1|1:4|33:SSRP|ASIA_LOW|20260415|1776269700,1456,1,1,0.21,0.21000000,4809.99000000,4809.99,-1.0000,-1.0,-1.00000000,true,true,true
MSZZC1|6:XAUUSD|1:5|2:-1|1:4|34:SSRP|ASIA_HIGH|20260416|1776326700,1458,1,1,0.58,0.58000000,4825.42000000,4825.42,2.0000,2.0,2.00000000,true,true,true
MSZZC1|6:XAUUSD|1:5|1:1|1:4|33:SSRP|ASIA_LOW|20260416|1776358500,1460,1,1,0.29,0.29000000,4783.73000000,4783.73,-1.0000,-1.0,-1.00000000,true,true,true
MSZZC1|6:XAUUSD|1:5|1:1|1:4|33:SSRP|ASIA_LOW|20260416|1776361200,1462,1,1,0.08,0.08000000,4772.13000000,4772.13,-1.0000,-1.0,-1.00000000,true,true,true
MSZZC1|6:XAUUSD|1:5|2:-1|1:4|34:SSRP|ASIA_HIGH|20260417|1776412800,1464,1,1,0.92,0.92000000,4798.04000000,4798.039999999999,1.9964,1.9963898916966727,1.99638989,true,true,true
MSZZC1|6:XAUUSD|1:5|2:-1|1:4|34:SSRP|ASIA_HIGH|20260417|1776437100,1466,1,1,0.23,0.23000000,4812.18000000,4812.18,-1.0000,-1.0,-1.00000000,true,true,true
MSZZC1|6:XAUUSD|1:5|2:-1|1:4|34:SSRP|ASIA_HIGH|20260420|1776698100,1468,1,1,0.3,0.30000000,4822.35000000,4822.35,-1.0000,-1.0,-1.00000000,true,true,true
MSZZC1|6:XAUUSD|1:5|2:-1|1:4|34:SSRP|ASIA_HIGH|20260420|1776703800,1470,1,1,0.24,0.24000000,4823.32000000,4823.32,-1.0000,-1.0,-1.00000000,true,true,true
MSZZC1|6:XAUUSD|1:5|2:-1|1:4|34:SSRP|ASIA_HIGH|20260420|1776706200,1472,1,1,0.17,0.17000000,4828.19000000,4828.19,-1.0000,-1.0,-1.00000000,true,true,true
MSZZC1|6:XAUUSD|1:5|1:1|1:4|33:SSRP|ASIA_LOW|20260421|1776758400,1474,1,1,0.57,0.57000000,4785.73000000,4785.73,-1.0000,-1.0,-1.00000000,true,true,true
MSZZC1|6:XAUUSD|1:5|1:1|1:4|33:SSRP|ASIA_LOW|20260421|1776767700,1476,1,1,0.25,0.25000000,4780.71000000,4780.71,-1.0000,-1.0,-1.00000000,true,true,true
MSZZC1|6:XAUUSD|1:5|1:1|1:4|33:SSRP|ASIA_LOW|20260421|1776770100,1478,1,1,0.18,0.18000000,4774.99000000,4774.99,-1.0000,-1.0,-1.00000000,true,true,true
MSZZC1|6:XAUUSD|1:5|1:1|1:4|33:SSRP|ASIA_LOW|20260421|1776789000,1480,1,1,0.12,0.12000000,4769.72000000,4769.72,-1.0000,-1.0,-1.00000000,true,true,true
MSZZC1|6:XAUUSD|1:5|2:-1|1:4|34:SSRP|ASIA_HIGH|20260422|1776848100,1482,1,1,0.25,0.25000000,4769.26000000,4769.26,-1.0000,-1.0,-1.00000000,true,true,true
MSZZC1|6:XAUUSD|1:5|2:-1|1:4|34:SSRP|ASIA_HIGH|20260422|1776852300,1484,1,1,0.29,0.29000000,4746.54000000,4746.54,1.9988,1.9988425925927777,1.99884259,true,true,true
MSZZC1|6:XAUUSD|1:5|1:1|1:4|33:SSRP|ASIA_LOW|20260423|1776933000,1486,1,1,0.22,0.22000000,4691.75000000,4691.75,-1.0000,-1.0,-1.00000000,true,true,true
MSZZC1|6:XAUUSD|1:5|1:1|1:4|33:SSRP|ASIA_LOW|20260423|1776951900,1488,1,1,0.32,0.32000000,4712.44000000,4712.44,2.0013,2.001288659793725,2.00128866,true,true,true
MSZZC1|6:XAUUSD|1:5|1:1|1:4|33:SSRP|ASIA_LOW|20260423|1776977100,1490,1,1,0.07,0.07000000,4663.39000000,4663.39,-1.0000,-1.0,-1.00000000,true,true,true
MSZZC1|6:XAUUSD|1:5|2:-1|1:4|34:SSRP|ASIA_HIGH|20260424|1777040700,1492,1,1,0.23,0.23000000,4717.84000000,4717.84,-1.0000,-1.0,-1.00000000,true,true,true
MSZZC1|6:XAUUSD|1:5|2:-1|1:4|34:SSRP|ASIA_HIGH|20260424|1777071300,1494,1,1,0.29,0.29000000,4691.94000000,4691.94,2.0012,2.0011587485515894,2.00115875,true,true,true
MSZZC1|6:XAUUSD|1:5|1:1|1:4|33:SSRP|ASIA_LOW|20260427|1777312800,1496,1,1,0.32,0.32000000,4690.21000000,4690.21,1.9987,1.9987080103360066,1.99870801,true,true,true
MSZZC1|6:XAUUSD|1:5|1:1|1:4|33:SSRP|ASIA_LOW|20260429|1777458000,1498,1,1,0.28,0.28000000,4569.17000000,4569.17,-1.0000,-1.0,-1.00000000,true,true,true
MSZZC1|6:XAUUSD|1:5|1:1|1:4|33:SSRP|ASIA_LOW|20260429|1777464300,1500,1,1,0.29,0.29000000,4571.20000000,4571.2,-1.0000,-1.0,-1.00000000,true,true,true
MSZZC1|6:XAUUSD|1:5|1:1|1:4|33:SSRP|ASIA_LOW|20260501|1777622400,1502,1,1,0.45,0.45000000,4607.32000000,4607.32,-1.0000,-1.0,-1.00000000,true,true,true
MSZZC1|6:XAUUSD|1:5|1:1|1:4|33:SSRP|ASIA_LOW|20260501|1777653900,1504,1,1,0.13,0.13000000,4634.62000000,4634.62,0.9572,0.9571583514099321,0.95715835,true,true,true
MSZZC1|6:XAUUSD|1:5|2:-1|1:4|34:SSRP|ASIA_HIGH|20260501|1777654800,1506,1,1,0.3,0.30000000,4642.79000000,4642.79,-1.0000,-1.0,-1.00000000,true,true,true
MSZZC1|6:XAUUSD|1:5|2:-1|1:4|34:SSRP|ASIA_HIGH|20260501|1777656600,1508,1,1,0.18,0.18000000,4646.90000000,4646.9,-1.0000,-1.0,-1.00000000,true,true,true
MSZZC1|6:XAUUSD|1:5|2:-1|1:4|34:SSRP|ASIA_HIGH|20260501|1777666200,1510,1,1,0.49,0.49000000,4625.27000000,4625.27,2.0000,1.9999999999998213,2.00000000,true,true,true
MSZZC1|6:XAUUSD|1:5|1:1|1:4|33:SSRP|ASIA_LOW|20260501|1777676400,1512,1,1,0.75,0.75000000,4617.13000000,4617.13,2.0000,1.9999999999997284,2.00000000,true,true,true
MSZZC1|6:XAUUSD|1:5|1:1|1:4|33:SSRP|ASIA_LOW|20260504|1777885500,1514,1,1,0.25,0.25000000,4587.47000000,4587.47,-1.0000,-1.0,-1.00000000,true,true,true
MSZZC1|6:XAUUSD|1:5|1:1|1:4|33:SSRP|ASIA_LOW|20260504|1777887600,1516,1,1,0.28,0.28000000,4583.45000000,4583.45,-1.0000,-1.0,-1.00000000,true,true,true
MSZZC1|6:XAUUSD|1:5|2:-1|1:4|34:SSRP|ASIA_HIGH|20260505|1777970100,1518,1,1,0.43,0.43000000,4551.88000000,4551.88,-1.0000,-1.0,-1.00000000,true,true,true
MSZZC1|6:XAUUSD|1:5|2:-1|1:4|34:SSRP|ASIA_HIGH|20260505|1777971600,1520,1,1,0.29,0.29000000,4552.45000000,4552.45,-1.0000,-1.0,-1.00000000,true,true,true
MSZZC1|6:XAUUSD|1:5|2:-1|1:4|34:SSRP|ASIA_HIGH|20260505|1777977600,1522,1,1,0.23,0.23000000,4556.41000000,4556.41,-1.0000,-1.0,-1.00000000,true,true,true
MSZZC1|6:XAUUSD|1:5|2:-1|1:4|34:SSRP|ASIA_HIGH|20260505|1777988100,1524,1,1,0.27,0.27000000,4554.22000000,4554.22,-1.0000,-1.0,-1.00000000,true,true,true
MSZZC1|6:XAUUSD|1:5|2:-1|1:4|34:SSRP|ASIA_HIGH|20260506|1778054700,1526,1,1,0.5,0.50000000,4656.89000000,4656.89,-1.0000,-1.0,-1.00000000,true,true,true
MSZZC1|6:XAUUSD|1:5|2:-1|1:4|34:SSRP|ASIA_HIGH|20260507|1778180100,1528,1,1,0.16,0.16000000,4687.42000000,4687.42,2.0000,1.9999999999999398,2.00000000,true,true,true
MSZZC1|6:XAUUSD|1:5|2:-1|1:4|34:SSRP|ASIA_HIGH|20260508|1778232300,1530,1,1,0.29,0.29000000,4709.71000000,4709.71,1.9988,1.9988081048866355,1.99880810,true,true,true
MSZZC1|6:XAUUSD|1:5|2:-1|1:4|34:SSRP|ASIA_HIGH|20260508|1778259600,1532,1,1,0.1,0.10000000,4680.07000000,4680.07,2.0000,2.000000000000039,2.00000000,true,true,true
MSZZC1|6:XAUUSD|1:5|1:1|1:4|33:SSRP|ASIA_LOW|20260511|1778490300,1534,1,1,0.17,0.17000000,4656.77000000,4656.77,-1.0000,-1.0,-1.00000000,true,true,true
MSZZC1|6:XAUUSD|1:5|1:1|1:4|33:SSRP|ASIA_LOW|20260511|1778507700,1536,1,1,0.33,0.33000000,4686.13000000,4686.13,1.9987,1.9986648865154462,1.99866489,true,true,true
MSZZC1|6:XAUUSD|1:5|1:1|1:4|33:SSRP|ASIA_LOW|20260511|1778512500,1538,1,1,0.1,0.10000000,4743.35000000,4743.35,1.9996,1.999605678233394,1.99960568,true,true,true
MSZZC1|6:XAUUSD|1:5|1:1|1:4|33:SSRP|ASIA_LOW|20260512|1778573100,1540,1,1,0.58,0.58000000,4721.63000000,4721.63,2.0023,2.0022779043278605,2.00227790,true,true,true
MSZZC1|6:XAUUSD|1:5|1:1|1:4|33:SSRP|ASIA_LOW|20260512|1778625300,1542,1,1,0.45,0.45000000,4723.93000000,4723.93,1.9982,1.9982078853047833,1.99820789,true,true,true
MSZZC1|6:XAUUSD|1:5|1:1|1:4|33:SSRP|ASIA_LOW|20260513|1778674800,1544,1,1,0.66,0.66000000,4697.06000000,4697.06,2.0026,2.002597402597223,2.00259740,true,true,true
MSZZC1|6:XAUUSD|1:5|1:1|1:4|33:SSRP|ASIA_LOW|20260513|1778687700,1546,1,1,0.22,0.22000000,4678.39000000,4678.39,-1.0000,-1.0,-1.00000000,true,true,true
MSZZC1|6:XAUUSD|1:5|1:1|1:4|33:SSRP|ASIA_LOW|20260513|1778692800,1548,1,1,0.15,0.15000000,4673.31000000,4673.31,-1.0000,-1.0,-1.00000000,true,true,true
MSZZC1|6:XAUUSD|1:5|2:-1|1:4|34:SSRP|ASIA_HIGH|20260514|1778754900,1550,1,1,0.26,0.26000000,4690.15000000,4690.15,1.9990,1.9989637305698313,1.99896373,true,true,true
MSZZC1|6:XAUUSD|1:5|1:1|1:4|33:SSRP|ASIA_LOW|20260514|1778776800,1552,1,1,0.11,0.11000000,4666.36000000,4666.36,-1.0000,-1.0,-1.00000000,true,true,true
MSZZC1|6:XAUUSD|1:5|2:-1|1:4|34:SSRP|ASIA_HIGH|20260518|1779100200,1554,1,1,0.34,0.34000000,4537.95000000,4537.95,2.0014,2.001351351351504,2.00135135,true,true,true
MSZZC1|6:XAUUSD|1:5|2:-1|1:4|34:SSRP|ASIA_HIGH|20260518|1779115200,1556,1,1,0.16,0.16000000,4567.51000000,4567.51,-1.0000,-1.0,-1.00000000,true,true,true
MSZZC1|6:XAUUSD|1:5|2:-1|1:4|34:SSRP|ASIA_HIGH|20260518|1779125100,1558,1,1,0.18,0.18000000,4563.70000000,4563.7,-1.0000,-1.0,-1.00000000,true,true,true
MSZZC1|6:XAUUSD|1:5|2:-1|1:4|34:SSRP|ASIA_HIGH|20260518|1779141600,1560,1,1,0.24,0.24000000,4565.02000000,4565.02,-1.0000,-1.0,-1.00000000,true,true,true
MSZZC1|6:XAUUSD|1:5|1:1|1:4|33:SSRP|ASIA_LOW|20260519|1779178800,1562,1,1,0.32,0.32000000,4555.11000000,4555.11,2.0012,2.0012453300124804,2.00124533,true,true,true
MSZZC1|6:XAUUSD|1:5|1:1|1:4|33:SSRP|ASIA_LOW|20260519|1779189900,1564,1,1,0.31,0.31000000,4536.12000000,4536.12,-1.0000,-1.0,-1.00000000,true,true,true
MSZZC1|6:XAUUSD|1:5|1:1|1:4|33:SSRP|ASIA_LOW|20260519|1779192900,1566,1,1,0.23,0.23000000,4535.87000000,4535.87,-1.0000,-1.0,-1.00000000,true,true,true
MSZZC1|6:XAUUSD|1:5|1:1|1:4|33:SSRP|ASIA_LOW|20260519|1779198300,1568,1,1,0.14,0.14000000,4527.49000000,4527.49,-1.0000,-1.0,-1.00000000,true,true,true
MSZZC1|6:XAUUSD|1:5|1:1|1:4|33:SSRP|ASIA_LOW|20260519|1779202500,1570,1,1,0.16,0.16000000,4527.21000000,4527.21,-1.0000,-1.0,-1.00000000,true,true,true
MSZZC1|6:XAUUSD|1:5|2:-1|1:4|34:SSRP|ASIA_HIGH|20260520|1779297600,1572,1,1,0.62,0.62000000,4511.06000000,4511.06,-1.0000,-1.0,-1.00000000,true,true,true
MSZZC1|6:XAUUSD|1:5|1:1|1:4|33:SSRP|ASIA_LOW|20260521|1779353100,1574,1,1,0.21,0.21000000,4518.32000000,4518.32,-1.0000,-1.0,-1.00000000,true,true,true
MSZZC1|6:XAUUSD|1:5|1:1|1:4|33:SSRP|ASIA_LOW|20260521|1779361200,1576,1,1,0.24,0.24000000,4517.97000000,4517.97,-1.0000,-1.0,-1.00000000,true,true,true
MSZZC1|6:XAUUSD|1:5|1:1|1:4|33:SSRP|ASIA_LOW|20260521|1779393900,1578,1,1,0.11,0.11000000,4513.86000000,4513.86,-1.0000,-1.0,-1.00000000,true,true,true
MSZZC1|6:XAUUSD|1:5|1:1|1:4|33:SSRP|ASIA_LOW|20260522|1779440100,1580,1,1,0.21,0.21000000,4506.90000000,4506.9,-1.0000,-1.0,-1.00000000,true,true,true
MSZZC1|6:XAUUSD|1:5|1:1|1:4|33:SSRP|ASIA_LOW|20260522|1779474000,1582,1,1,0.37,0.37000000,4512.69000000,4512.69,-1.0000,-1.0,-1.00000000,true,true,true
MSZZC1|6:XAUUSD|1:5|1:1|1:4|33:SSRP|ASIA_LOW|20260522|1779479700,1584,1,1,0.37,0.37000000,4512.14000000,4512.14,-1.0000,-1.0,-1.00000000,true,true,true
MSZZC1|6:XAUUSD|1:5|1:1|1:4|33:SSRP|ASIA_LOW|20260522|1779485100,1586,1,1,0.52,0.52000000,4513.72000000,4513.72,-1.0000,-1.0,-1.00000000,true,true,true
MSZZC1|6:XAUUSD|1:5|1:1|1:4|33:SSRP|ASIA_LOW|20260526|1779782400,1588,1,1,0.3,0.30000000,4522.50000000,4522.5,-1.0000,-1.0,-1.00000000,true,true,true
MSZZC1|6:XAUUSD|1:5|1:1|1:4|33:SSRP|ASIA_LOW|20260526|1779790500,1590,1,1,0.29,0.29000000,4521.72000000,4521.72,-1.0000,-1.0,-1.00000000,true,true,true
MSZZC1|6:XAUUSD|1:5|1:1|1:4|33:SSRP|ASIA_LOW|20260526|1779791700,1592,1,1,0.44,0.44000000,4538.26000000,4538.26,2.0000,2.00000000000032,2.00000000,true,true,true
MSZZC1|6:XAUUSD|1:5|1:1|1:4|33:SSRP|ASIA_LOW|20260526|1779794700,1594,1,1,0.42,0.42000000,4519.87000000,4519.87,-1.0000,-1.0,-1.00000000,true,true,true
MSZZC1|6:XAUUSD|1:5|1:1|1:4|33:SSRP|ASIA_LOW|20260526|1779797400,1596,1,1,0.36,0.36000000,4518.07000000,4518.07,-1.0000,-1.0,-1.00000000,true,true,true
MSZZC1|6:XAUUSD|1:5|1:1|1:4|33:SSRP|ASIA_LOW|20260526|1779800400,1598,1,1,0.38,0.38000000,4538.84000000,4538.84,2.0000,1.9999999999998614,2.00000000,true,true,true
MSZZC1|6:XAUUSD|1:5|1:1|1:4|33:SSRP|ASIA_LOW|20260526|1779811800,1600,1,1,0.23,0.23000000,4515.79000000,4515.79,-1.0000,-1.0,-1.00000000,true,true,true
MSZZC1|6:XAUUSD|1:5|1:1|1:4|33:SSRP|ASIA_LOW|20260527|1779881400,1602,1,1,0.34,0.34000000,4485.73000000,4485.73,-1.0000,-1.0,-1.00000000,true,true,true
MSZZC1|6:XAUUSD|1:5|2:-1|1:4|34:SSRP|ASIA_HIGH|20260528|1779988500,1604,1,1,0.19,0.19000000,4474.09000000,4474.09,-1.0000,-1.0,-1.00000000,true,true,true
MSZZC1|6:XAUUSD|1:5|2:-1|1:4|34:SSRP|ASIA_HIGH|20260529|1780045200,1606,1,1,0.3,0.30000000,4522.56000000,4522.56,-1.0000,-1.0,-1.00000000,true,true,true
MSZZC1|6:XAUUSD|1:5|2:-1|1:4|34:SSRP|ASIA_HIGH|20260529|1780048200,1608,1,1,0.46,0.46000000,4524.46000000,4524.46,-1.0000,-1.0,-1.00000000,true,true,true
MSZZC1|6:XAUUSD|1:5|2:-1|1:4|34:SSRP|ASIA_HIGH|20260529|1780052100,1610,1,1,0.38,0.38000000,4525.87000000,4525.87,-1.0000,-1.0,-1.00000000,true,true,true
MSZZC1|6:XAUUSD|1:5|2:-1|1:4|34:SSRP|ASIA_HIGH|20260529|1780068000,1612,1,1,0.18,0.18000000,4530.66000000,4530.66,-1.0000,-1.0,-1.00000000,true,true,true
MSZZC1|6:XAUUSD|1:5|1:1|1:4|33:SSRP|ASIA_LOW|20260601|1780305600,1614,1,1,0.24,0.24000000,4504.74000000,4504.740000000001,-1.0000,-0.9999999999999082,-1.00000000,true,true,true
MSZZC1|6:XAUUSD|1:5|1:1|1:4|33:SSRP|ASIA_LOW|20260601|1780321200,1616,1,1,0.4,0.40000000,4503.06000000,4503.06,-1.0000,-1.0,-1.00000000,true,true,true
MSZZC1|6:XAUUSD|1:5|1:1|1:4|33:SSRP|ASIA_LOW|20260601|1780323000,1618,1,1,0.36,0.36000000,4503.05000000,4503.05,-1.0000,-1.0,-1.00000000,true,true,true
MSZZC1|6:XAUUSD|1:5|2:-1|1:4|34:SSRP|ASIA_HIGH|20260602|1780389900,1620,1,1,0.25,0.25000000,4526.56000000,4526.56,-1.0000,-1.0,-1.00000000,true,true,true
MSZZC1|6:XAUUSD|1:5|2:-1|1:4|34:SSRP|ASIA_HIGH|20260602|1780414800,1622,1,1,0.19,0.19000000,4489.97000000,4489.97,2.0000,1.9999999999998548,2.00000000,true,true,true
MSZZC1|6:XAUUSD|1:5|1:1|1:4|33:SSRP|ASIA_LOW|20260603|1780475400,1624,1,1,0.3,0.30000000,4458.78000000,4458.78,-1.0000,-1.0,-1.00000000,true,true,true
MSZZC1|6:XAUUSD|1:5|1:1|1:4|33:SSRP|ASIA_LOW|20260603|1780476900,1626,1,1,0.22,0.22000000,4456.33000000,4456.33,-1.0000,-1.0,-1.00000000,true,true,true
MSZZC1|6:XAUUSD|1:5|1:1|1:4|33:SSRP|ASIA_LOW|20260603|1780480200,1628,1,1,0.4,0.40000000,4457.37000000,4457.37,-1.0000,-1.0,-1.00000000,true,true,true
MSZZC1|6:XAUUSD|1:5|1:1|1:4|33:SSRP|ASIA_LOW|20260603|1780491600,1630,1,1,0.1,0.10000000,4440.63000000,4440.63,-1.0000,-1.0,-1.00000000,true,true,true
MSZZC1|6:XAUUSD|1:5|2:-1|1:4|34:SSRP|ASIA_HIGH|20260604|1780593000,1632,1,1,0.16,0.16000000,4450.55000000,4450.55,2.0007,2.000683060109367,2.00068306,true,true,true
MSZZC1|6:XAUUSD|1:5|1:1|1:4|33:SSRP|ASIA_LOW|20260605|1780650900,1634,1,1,0.15,0.15000000,4475.47000000,4475.47,1.9994,1.9993626513702276,1.99936265,true,true,true
MSZZC1|6:XAUUSD|1:5|1:1|1:4|33:SSRP|ASIA_LOW|20260608|1780908900,1636,1,1,0.13,0.13000000,4285.44000000,4285.44,-1.0000,-1.0,-1.00000000,true,true,true
MSZZC1|6:XAUUSD|1:5|1:1|1:4|33:SSRP|ASIA_LOW|20260608|1780922400,1638,1,1,0.2,0.20000000,4289.20000000,4289.2,-1.0000,-1.0,-1.00000000,true,true,true
MSZZC1|6:XAUUSD|1:5|1:1|1:4|33:SSRP|ASIA_LOW|20260608|1780925100,1640,1,1,0.17,0.17000000,4330.84000000,4330.84,2.0000,2.0,2.00000000,true,true,true
MSZZC1|6:XAUUSD|1:5|2:-1|1:4|34:SSRP|ASIA_HIGH|20260609|1780995000,1642,1,1,0.31,0.31000000,4325.52000000,4325.52,2.0013,2.0012755102039934,2.00127551,true,true,true
MSZZC1|6:XAUUSD|1:5|2:-1|1:4|34:SSRP|ASIA_HIGH|20260609|1781016600,1644,1,1,0.6,0.60000000,4343.97000000,4343.97,-1.0000,-1.0,-1.00000000,true,true,true
MSZZC1|6:XAUUSD|1:5|2:-1|1:4|34:SSRP|ASIA_HIGH|20260609|1781016900,1646,1,1,0.78,0.78000000,4344.21000000,4344.21,-1.0000,-1.0,-1.00000000,true,true,true
MSZZC1|6:XAUUSD|1:5|2:-1|1:4|34:SSRP|ASIA_HIGH|20260609|1781019900,1648,1,1,0.34,0.34000000,4344.49000000,4344.49,-1.0000,-1.0,-1.00000000,true,true,true
MSZZC1|6:XAUUSD|1:5|2:-1|1:4|34:SSRP|ASIA_HIGH|20260609|1781020800,1650,1,1,0.57,0.57000000,4333.01000000,4333.01,1.9977,1.9976525821599997,1.99765258,true,true,true
MSZZC1|6:XAUUSD|1:5|2:-1|1:4|34:SSRP|ASIA_HIGH|20260609|1781023500,1652,1,1,0.08,0.08000000,4318.53000000,4318.53,0.5317,0.5317056629366025,0.53170566,true,true,true
MSZZC1|6:XAUUSD|1:5|1:1|1:4|33:SSRP|ASIA_LOW|20260609|1781025300,1654,1,1,0.18,0.18000000,4305.32000000,4305.32,-1.0000,-1.0,-1.00000000,true,true,true
MSZZC1|6:XAUUSD|1:5|1:1|1:4|33:SSRP|ASIA_LOW|20260610|1781089800,1656,1,1,0.19,0.19000000,4161.18000000,4161.18,-1.0000,-1.0,-1.00000000,true,true,true
MSZZC1|6:XAUUSD|1:5|1:1|1:4|33:SSRP|ASIA_LOW|20260610|1781098500,1658,1,1,0.18,0.18000000,4163.94000000,4163.94,-1.0000,-1.0,-1.00000000,true,true,true
MSZZC1|6:XAUUSD|1:5|1:1|1:4|33:SSRP|ASIA_LOW|20260610|1781109000,1660,1,1,0.06,0.06000000,4141.40000000,4141.4,-1.0000,-1.0,-1.00000000,true,true,true
MSZZC1|6:XAUUSD|1:5|1:1|1:4|33:SSRP|ASIA_LOW|20260612|1781260200,1662,1,1,0.26,0.26000000,4197.29000000,4197.29,2.0011,2.0010917030567925,2.00109170,true,true,true
MSZZC1|6:XAUUSD|1:5|2:-1|1:4|34:SSRP|ASIA_HIGH|20260615|1781524200,1664,1,1,0.45,0.45000000,4339.65000000,4339.65,-1.0000,-1.0,-1.00000000,true,true,true
MSZZC1|6:XAUUSD|1:5|2:-1|1:4|34:SSRP|ASIA_HIGH|20260615|1781534400,1666,1,1,0.17,0.17000000,4347.76000000,4347.76,-1.0000,-1.0,-1.00000000,true,true,true
MSZZC1|6:XAUUSD|1:5|2:-1|1:4|34:SSRP|ASIA_HIGH|20260615|1781553300,1668,1,1,0.36,0.36000000,4320.61000000,4320.61,2.0000,2.0,2.00000000,true,true,true
MSZZC1|6:XAUUSD|1:5|2:-1|1:4|34:SSRP|ASIA_HIGH|20260616|1781628600,1670,1,1,0.28,0.28000000,4314.35000000,4314.35,2.0000,2.0,2.00000000,true,true,true
MSZZC1|6:XAUUSD|1:5|2:-1|1:4|34:SSRP|ASIA_HIGH|20260616|1781640600,1672,1,1,0.28,0.28000000,4340.14000000,4340.14,-1.0000,-1.0,-1.00000000,true,true,true
MSZZC1|6:XAUUSD|1:5|2:-1|1:4|34:SSRP|ASIA_HIGH|20260616|1781649900,1674,1,1,0.33,0.33000000,4339.89000000,4339.89,-1.0000,-1.0,-1.00000000,true,true,true
MSZZC1|6:XAUUSD|1:5|2:-1|1:4|34:SSRP|ASIA_HIGH|20260617|1781717400,1676,1,1,0.13,0.13000000,4364.50000000,4364.5,-1.0000,-1.0,-1.00000000,true,true,true
MSZZC1|6:XAUUSD|1:5|2:-1|1:4|34:SSRP|ASIA_HIGH|20260617|1781729700,1678,1,1,0.03,0.03000000,4323.89000000,4323.89,-0.1140,-0.11395881006865345,-0.11395881,true,true,true
MSZZC1|6:XAUUSD|1:5|1:1|1:4|33:SSRP|ASIA_LOW|20260617|1781732100,1680,1,1,0.04,0.04000000,4269.73000000,4269.73,-1.0000,-1.0,-1.00000000,true,true,true
MSZZC1|6:XAUUSD|1:5|1:1|1:4|33:SSRP|ASIA_LOW|20260618|1781795100,1682,1,1,0.14,0.14000000,4240.16000000,4240.16,-1.0000,-1.0,-1.00000000,true,true,true
MSZZC1|6:XAUUSD|1:5|1:1|1:4|33:SSRP|ASIA_LOW|20260619|1781856000,1684,1,1,0.26,0.26000000,4149.08000000,4149.08,2.0011,2.0010845986984065,2.00108460,true,true,true
MSZZC1|6:XAUUSD|1:5|1:1|1:4|33:SSRP|ASIA_LOW|20260623|1782205500,1686,1,1,0.2,0.20000000,4110.85000000,4110.85,-1.0000,-1.0,-1.00000000,true,true,true
MSZZC1|6:XAUUSD|1:5|1:1|1:4|33:SSRP|ASIA_LOW|20260623|1782207600,1688,1,1,0.42,0.42000000,4110.01000000,4110.01,-1.0000,-1.0,-1.00000000,true,true,true
MSZZC1|6:XAUUSD|1:5|1:1|1:4|33:SSRP|ASIA_LOW|20260623|1782216900,1690,1,1,0.31,0.31000000,4131.44000000,4131.44,2.0000,1.9999999999997622,2.00000000,true,true,true
MSZZC1|6:XAUUSD|1:5|1:1|1:4|33:SSRP|ASIA_LOW|20260623|1782227400,1692,1,1,0.37,0.37000000,4111.48000000,4111.48,-1.0000,-1.0,-1.00000000,true,true,true
MSZZC1|6:XAUUSD|1:5|1:1|1:4|33:SSRP|ASIA_LOW|20260623|1782230100,1694,1,1,0.27,0.27000000,4107.78000000,4107.78,-1.0000,-1.0,-1.00000000,true,true,true
MSZZC1|6:XAUUSD|1:5|1:1|1:4|33:SSRP|ASIA_LOW|20260623|1782231300,1696,1,1,0.22,0.22000000,4138.07000000,4138.07,2.0009,2.0009066183137096,2.00090662,true,true,true
MSZZC1|6:XAUUSD|1:5|1:1|1:4|33:SSRP|ASIA_LOW|20260623|1782251100,1698,1,1,0.87,0.87000000,4121.48000000,4121.48,2.0036,2.0035842293904333,2.00358423,true,true,true
MSZZC1|6:XAUUSD|1:5|1:1|1:4|33:SSRP|ASIA_LOW|20260624|1782312300,1700,1,1,0.15,0.15000000,4038.89000000,4038.89,-1.0000,-1.0,-1.00000000,true,true,true
MSZZC1|6:XAUUSD|1:5|2:-1|1:4|34:SSRP|ASIA_HIGH|20260625|1782403800,1702,1,1,0.11,0.11000000,4034.36000000,4034.36,-1.0000,-1.0,-1.00000000,true,true,true
MSZZC1|6:XAUUSD|1:5|2:-1|1:4|34:SSRP|ASIA_HIGH|20260626|1782469500,1704,1,1,0.65,0.65000000,4028.83000000,4028.83,2.0000,2.000000000000122,2.00000000,true,true,true
MSZZC1|6:XAUUSD|1:5|2:-1|1:4|34:SSRP|ASIA_HIGH|20260626|1782474300,1706,1,1,0.48,0.48000000,4037.86000000,4037.86,-1.0000,-1.0,-1.00000000,true,true,true
MSZZC1|6:XAUUSD|1:5|1:1|1:4|33:SSRP|ASIA_LOW|20260629|1782720000,1708,1,1,0.41,0.41000000,4047.00000000,4047.0,-1.0000,-1.0,-1.00000000,true,true,true
MSZZC1|6:XAUUSD|1:5|1:1|1:4|33:SSRP|ASIA_LOW|20260629|1782722100,1710,1,1,0.21,0.21000000,4039.10000000,4039.0999999999995,-1.0000,-1.0000000000000393,-1.00000000,true,true,true
MSZZC1|6:XAUUSD|1:5|1:1|1:4|33:SSRP|ASIA_LOW|20260629|1782748500,1712,1,1,0.28,0.28000000,4042.25000000,4042.25,-1.0000,-1.0,-1.00000000,true,true,true
MSZZC1|6:XAUUSD|1:5|2:-1|1:4|34:SSRP|ASIA_HIGH|20260630|1782811800,1714,1,1,0.19,0.19000000,4034.55000000,4034.55,-1.0000,-1.0,-1.00000000,true,true,true
MSZZC1|6:XAUUSD|1:5|2:-1|1:4|34:SSRP|ASIA_HIGH|20260630|1782817500,1716,1,1,0.15,0.15000000,4037.92000000,4037.92,-1.0000,-1.0,-1.00000000,true,true,true
MSZZC1|6:XAUUSD|1:5|2:-1|1:4|34:SSRP|ASIA_HIGH|20260630|1782849600,1718,1,1,0.42,0.42000000,4028.10000000,4028.1,-1.0000,-1.0,-1.00000000,true,true,true
MSZZC1|6:XAUUSD|1:5|2:-1|1:4|34:SSRP|ASIA_HIGH|20260630|1782857700,1720,1,1,0.73,0.73000000,4015.33000000,4015.3300000000004,2.0030,2.0030303030303696,2.00303030,true,true,true
MSZZC1|6:XAUUSD|1:5|1:1|1:4|33:SSRP|ASIA_LOW|20260701|1782898500,1722,1,1,0.3,0.30000000,3963.93000000,3963.93,-1.0000,-1.0,-1.00000000,true,true,true
MSZZC1|6:XAUUSD|1:5|1:1|1:4|33:SSRP|ASIA_LOW|20260701|1782901800,1724,1,1,0.22,0.22000000,3992.42000000,3992.42,2.0000,2.0000000000000857,2.00000000,true,true,true
MSZZC1|6:XAUUSD|1:5|2:-1|1:4|34:SSRP|ASIA_HIGH|20260701|1782921600,1726,1,1,0.33,0.33000000,4025.30000000,4025.3,-1.0000,-1.0,-1.00000000,true,true,true
MSZZC1|6:XAUUSD|1:5|2:-1|1:4|34:SSRP|ASIA_HIGH|20260702|1782982800,1728,1,1,0.37,0.37000000,4076.17000000,4076.17,-1.0000,-1.0,-1.00000000,true,true,true
MSZZC1|6:XAUUSD|1:5|2:-1|1:4|34:SSRP|ASIA_HIGH|20260702|1782984000,1730,1,1,0.32,0.32000000,4080.08000000,4080.0800000000004,-1.0000,-1.0000000000000606,-1.00000000,true,true,true
MSZZC1|6:XAUUSD|1:5|2:-1|1:4|34:SSRP|ASIA_HIGH|20260702|1782993000,1732,1,1,0.26,0.26000000,4080.25000000,4080.25,-1.0000,-1.0,-1.00000000,true,true,true
MSZZC1|6:XAUUSD|1:5|1:1|1:4|33:SSRP|ASIA_LOW|20260706|1783333500,1734,1,1,0.31,0.31000000,4150.99000000,4150.99,-1.0000,-1.0,-1.00000000,true,true,true
MSZZC1|6:XAUUSD|1:5|1:1|1:4|33:SSRP|ASIA_LOW|20260706|1783369500,1736,1,1,0.58,0.58000000,4166.54000000,4166.54,2.0024,2.0024271844660726,2.00242718,true,true,true
MSZZC1|6:XAUUSD|1:5|1:1|1:4|33:SSRP|ASIA_LOW|20260707|1783411200,1738,1,1,0.61,0.61000000,4122.55000000,4122.55,-1.0000,-1.0,-1.00000000,true,true,true
MSZZC1|6:XAUUSD|1:5|1:1|1:4|33:SSRP|ASIA_LOW|20260707|1783412100,1740,1,1,0.41,0.41000000,4120.79000000,4120.79,-1.0000,-1.0,-1.00000000,true,true,true
MSZZC1|6:XAUUSD|1:5|1:1|1:4|33:SSRP|ASIA_LOW|20260707|1783413900,1742,1,1,0.44,0.44000000,4136.19000000,4136.19,2.0000,1.9999999999996607,2.00000000,true,true,true
MSZZC1|6:XAUUSD|1:5|1:1|1:4|33:SSRP|ASIA_LOW|20260707|1783425000,1744,1,1,0.53,0.53000000,4121.67000000,4121.67,-1.0000,-1.0,-1.00000000,true,true,true
MSZZC1|6:XAUUSD|1:5|1:1|1:4|33:SSRP|ASIA_LOW|20260707|1783427100,1746,1,1,0.29,0.29000000,4144.22000000,4144.22,1.9988,1.998783454987808,1.99878345,true,true,true
MSZZC1|6:XAUUSD|1:5|2:-1|1:4|34:SSRP|ASIA_HIGH|20260707|1783437000,1748,1,1,0.21,0.21000000,4175.48000000,4175.48,-1.0000,-1.0,-1.00000000,true,true,true
MSZZC1|6:XAUUSD|1:5|2:-1|1:4|34:SSRP|ASIA_HIGH|20260707|1783439700,1750,1,1,0.19,0.19000000,4178.46000000,4178.46,-1.0000,-1.0,-1.00000000,true,true,true
MSZZC1|6:XAUUSD|1:5|2:-1|1:4|34:SSRP|ASIA_HIGH|20260707|1783442700,1752,1,1,0.16,0.16000000,4136.86000000,4136.86,1.9993,1.9993112947659504,1.99931129,true,true,true
MSZZC1|6:XAUUSD|1:5|2:-1|1:4|34:SSRP|ASIA_HIGH|20260708|1783497900,1754,1,1,0.28,0.28000000,4108.76000000,4108.76,2.0000,2.0000000000001075,2.00000000,true,true,true
MSZZC1|6:XAUUSD|1:5|2:-1|1:4|34:SSRP|ASIA_HIGH|20260709|1783587600,1756,1,1,0.22,0.22000000,4100.04000000,4100.04,-1.0000,-1.0,-1.00000000,true,true,true
MSZZC1|6:XAUUSD|1:5|1:1|1:4|33:SSRP|ASIA_LOW|20260710|1783680300,1758,1,1,0.47,0.47000000,4104.06000000,4104.06,-1.0000,-1.0,-1.00000000,true,true,true
MSZZC1|6:XAUUSD|1:5|1:1|1:4|33:SSRP|ASIA_LOW|20260710|1783689300,1760,1,1,0.44,0.44000000,4106.15000000,4106.15,-1.0000,-1.0,-1.00000000,true,true,true
MSZZC1|6:XAUUSD|1:5|1:1|1:4|33:SSRP|ASIA_LOW|20260710|1783695900,1762,1,1,0.16,0.16000000,4100.86000000,4100.86,-1.0000,-1.0,-1.00000000,true,true,true
MSZZC1|6:XAUUSD|1:5|1:1|1:4|33:SSRP|ASIA_LOW|20260710|1783708200,1764,1,1,0.26,0.26000000,4101.29000000,4101.29,-1.0000,-1.0,-1.00000000,true,true,true
MSZZC1|6:XAUUSD|1:5|1:1|1:4|33:SSRP|ASIA_LOW|20260710|1783723800,1766,1,1,0.25,0.25000000,4104.03000000,4104.03,-1.0000,-1.0,-1.00000000,true,true,true
MSZZC1|6:XAUUSD|1:5|1:1|1:4|33:SSRP|ASIA_LOW|20260713|1783933200,1768,1,1,0.25,0.25000000,4071.72000000,4071.72,2.0011,2.0010615711252404,2.00106157,true,true,true
MSZZC1|6:XAUUSD|1:5|1:1|1:4|33:SSRP|ASIA_LOW|20260713|1783950000,1770,1,1,0.31,0.31000000,4046.65000000,4046.6500000000005,-1.0000,-0.9999999999999408,-1.00000000,true,true,true
MSZZC1|6:XAUUSD|1:5|2:-1|1:4|34:SSRP|ASIA_HIGH|20260714|1784016600,1772,1,1,0.78,0.78000000,4024.44000000,4024.44,-1.0000,-1.0,-1.00000000,true,true,true
MSZZC1|6:XAUUSD|1:5|2:-1|1:4|34:SSRP|ASIA_HIGH|20260714|1784020800,1774,1,1,0.37,0.37000000,4029.41000000,4029.41,-1.0000,-1.0,-1.00000000,true,true,true
MSZZC1|6:XAUUSD|1:5|2:-1|1:4|34:SSRP|ASIA_HIGH|20260714|1784026200,1776,1,1,0.43,0.43000000,4026.30000000,4026.3,-1.0000,-1.0,-1.00000000,true,true,true
MSZZC1|6:XAUUSD|1:5|1:1|1:4|33:SSRP|ASIA_LOW|20260715|1784103900,1778,1,1,0.24,0.24000000,4021.99000000,4021.99,-1.0000,-1.0,-1.00000000,true,true,true
MSZZC1|6:XAUUSD|1:5|1:1|1:4|33:SSRP|ASIA_LOW|20260715|1784106600,1780,1,1,0.28,0.28000000,4021.01000000,4021.0099999999998,-1.0000,-1.0000000000000546,-1.00000000,true,true,true
MSZZC1|6:XAUUSD|1:5|1:1|1:4|33:SSRP|ASIA_LOW|20260715|1784114400,1782,1,1,0.37,0.37000000,4041.20000000,4041.2,2.0000,2.0000000000000724,2.00000000,true,true,true
MSZZC1|6:XAUUSD|1:5|2:-1|1:4|34:SSRP|ASIA_HIGH|20260715|1784131500,1784,1,1,0.18,0.18000000,4036.07000000,4036.07,2.0000,2.0000000000000355,2.00000000,true,true,true
MSZZC1|6:XAUUSD|1:5|1:1|1:4|33:SSRP|ASIA_LOW|20260715|1784144100,1786,1,1,1.11,1.11000000,4033.17000000,4033.17,1.9953,1.995348837209201,1.99534884,true,true,true
MSZZC1|6:XAUUSD|1:5|1:1|1:4|33:SSRP|ASIA_LOW|20260715|1784144400,1788,1,1,0.26,0.26000000,4053.53000000,4053.5300000000007,2.0000,2.000000000000051,2.00000000,true,true,true
MSZZC1|6:XAUUSD|1:5|2:-1|1:4|34:SSRP|ASIA_HIGH|20260715|1784151900,1790,1,1,0.24,0.24000000,4039.64000000,4039.64,2.0000,2.0,2.00000000,true,true,true
MSZZC1|6:XAUUSD|1:5|1:1|1:4|33:SSRP|ASIA_LOW|20260716|1784194500,1792,1,1,0.54,0.54000000,4036.23000000,4036.23,2.0022,2.002227171492355,2.00222717,true,true,true
MSZZC1|6:XAUUSD|1:5|1:1|1:4|33:SSRP|ASIA_LOW|20260716|1784211900,1794,1,1,0.27,0.27000000,4021.13000000,4021.13,-1.0000,-1.0,-1.00000000,true,true,true
MSZZC1|6:XAUUSD|1:5|1:1|1:4|33:SSRP|ASIA_LOW|20260716|1784214900,1796,1,1,0.18,0.18000000,4012.23000000,4012.2299999999996,-1.0000,-1.0000000000000349,-1.00000000,true,true,true
MSZZC1|6:XAUUSD|1:5|1:1|1:4|33:SSRP|ASIA_LOW|20260717|1784303700,1798,1,1,0.16,0.16000000,4004.75000000,4004.75,2.0000,2.0000000000000298,2.00000000,true,true,true
MSZZC1|6:XAUUSD|1:5|2:-1|1:4|34:SSRP|ASIA_HIGH|20260717|1784311200,1800,1,1,0.39,0.39000000,4014.41000000,4014.41,-1.0000,-1.0,-1.00000000,true,true,true
MSZZC1|6:XAUUSD|1:5|2:-1|1:4|34:SSRP|ASIA_HIGH|20260717|1784324100,1802,1,1,0.46,0.46000000,4013.40000000,4013.4,-1.0000,-1.0,-1.00000000,true,true,true
MSZZC1|6:XAUUSD|1:5|2:-1|1:4|34:SSRP|ASIA_HIGH|20260720|1784546400,1804,1,1,0.26,0.26000000,4030.98000000,4030.9800000000005,-1.0000,-1.0000000000000504,-1.00000000,true,true,true
MSZZC1|6:XAUUSD|1:5|2:-1|1:4|34:SSRP|ASIA_HIGH|20260720|1784558400,1806,1,1,0.41,0.41000000,4015.89000000,4015.89,2.0000,2.000000000000077,2.00000000,true,true,true
MSZZC1|6:XAUUSD|1:5|2:-1|1:4|34:SSRP|ASIA_HIGH|20260721|1784621700,1808,1,1,0.93,0.93000000,4053.66000000,4053.66,-1.0000,-1.0,-1.00000000,true,true,true
MSZZC1|6:XAUUSD|1:5|2:-1|1:4|34:SSRP|ASIA_HIGH|20260721|1784650500,1810,1,1,0.22,0.22000000,4061.96000000,4061.96,-1.0000,-1.0,-1.00000000,true,true,true
MSZZC1|6:XAUUSD|1:5|2:-1|1:4|34:SSRP|ASIA_HIGH|20260722|1784752200,1812,1,1,0.28,0.28000000,4121.77000000,4121.77,2.0000,2.0000000000001052,2.00000000,true,true,true
