signal_time,direction,old_origin_id,corrected_origin_id,event_id_before,event_id_after,entry_before,entry_after,stop_before,stop_after,target_before,target_after,geometry_identical
2025.03.03 14:35:00,SHORT,ASIA_HIGH|20250303,SSRP|ASIA_HIGH|20250303|1741012200,SSRP|ASIA_HIGH|20250303|1741012200|FINAL,SSRP|ASIA_HIGH|20250303|1741012200|FINAL,2876.65,2876.65,2877.76,2877.76,2874.43,2874.43,true
2025.03.03 14:40:00,SHORT,ASIA_HIGH|20250303,SSRP|ASIA_HIGH|20250303|1741012500,SSRP|ASIA_HIGH|20250303|1741012500|FINAL,SSRP|ASIA_HIGH|20250303|1741012500|FINAL,2876.79,2876.79,2877.76,2877.76,2874.84,2874.84,true
2025.03.03 14:50:00,SHORT,ASIA_HIGH|20250303,SSRP|ASIA_HIGH|20250303|1741013100,SSRP|ASIA_HIGH|20250303|1741013100|FINAL,SSRP|ASIA_HIGH|20250303|1741013100|FINAL,2876.52,2876.52,2877.49,2877.49,2874.58,2874.58,true
2025.03.03 14:55:00,SHORT,ASIA_HIGH|20250303,SSRP|ASIA_HIGH|20250303|1741013400,SSRP|ASIA_HIGH|20250303|1741013400|FINAL,SSRP|ASIA_HIGH|20250303|1741013400|FINAL,2875.65,2875.65,2877.39,2877.39,2872.18,2872.18,true
2025.03.03 16:55:00,SHORT,ASIA_HIGH|20250303,SSRP|ASIA_HIGH|20250303|1741019700,SSRP|ASIA_HIGH|20250303|1741019700|FINAL,SSRP|ASIA_HIGH|20250303|1741019700|FINAL,2876.63,2876.63,2883.22,2883.22,2863.45,2863.45,true
2025.03.05 08:05:00,SHORT,ASIA_HIGH|20250305,SSRP|ASIA_HIGH|20250305|1741161600,SSRP|ASIA_HIGH|20250305|1741161600|FINAL,SSRP|ASIA_HIGH|20250305|1741161600|FINAL,2918.44,2918.44,2919.40,2919.40,2916.52,2916.52,true
2025.03.05 08:25:00,SHORT,ASIA_HIGH|20250305,SSRP|ASIA_HIGH|20250305|1741162500,SSRP|ASIA_HIGH|20250305|1741162500|FINAL,SSRP|ASIA_HIGH|20250305|1741162500|FINAL,2918.58,2918.58,2921.77,2921.77,2912.20,2912.20,true
2025.03.05 08:35:00,SHORT,ASIA_HIGH|20250305,SSRP|ASIA_HIGH|20250305|1741163400,SSRP|ASIA_HIGH|20250305|1741163400|FINAL,SSRP|ASIA_HIGH|20250305|1741163400|FINAL,2915.73,2915.73,2919.77,2919.77,2907.66,2907.66,true
2025.03.05 08:40:00,SHORT,ASIA_HIGH|20250305,SSRP|ASIA_HIGH|20250305|1741163700,SSRP|ASIA_HIGH|20250305|1741163700|FINAL,SSRP|ASIA_HIGH|20250305|1741163700|FINAL,2917.62,2917.62,2919.78,2919.78,2913.31,2913.31,true
2025.03.05 09:10:00,SHORT,ASIA_HIGH|20250305,SSRP|ASIA_HIGH|20250305|1741165500,SSRP|ASIA_HIGH|20250305|1741165500|FINAL,SSRP|ASIA_HIGH|20250305|1741165500|FINAL,2917.64,2917.64,2919.96,2919.96,2913.01,2913.01,true
2025.03.05 11:15:00,SHORT,ASIA_HIGH|20250305,SSRP|ASIA_HIGH|20250305|1741172400,SSRP|ASIA_HIGH|20250305|1741172400|FINAL,SSRP|ASIA_HIGH|20250305|1741172400|FINAL,2918.02,2918.02,2922.66,2922.66,2908.75,2908.75,true
2025.03.05 11:20:00,SHORT,ASIA_HIGH|20250305,SSRP|ASIA_HIGH|20250305|1741173300,SSRP|ASIA_HIGH|20250305|1741173300|FINAL,SSRP|ASIA_HIGH|20250305|1741173300|FINAL,2916.40,2916.40,2919.87,2919.87,2909.45,2909.45,true
2025.03.05 12:00:00,SHORT,ASIA_HIGH|20250305,SSRP|ASIA_HIGH|20250305|1741175400,SSRP|ASIA_HIGH|20250305|1741175400|FINAL,SSRP|ASIA_HIGH|20250305|1741175400|FINAL,2917.04,2917.04,2919.52,2919.52,2912.08,2912.08,true
2025.03.05 12:05:00,SHORT,ASIA_HIGH|20250305,SSRP|ASIA_HIGH|20250305|1741176000,SSRP|ASIA_HIGH|20250305|1741176000|FINAL,SSRP|ASIA_HIGH|20250305|1741176000|FINAL,2917.79,2917.79,2919.26,2919.26,2914.85,2914.85,true
2025.03.05 14:30:00,SHORT,ASIA_HIGH|20250305,SSRP|ASIA_HIGH|20250305|1741184700,SSRP|ASIA_HIGH|20250305|1741184700|FINAL,SSRP|ASIA_HIGH|20250305|1741184700|FINAL,2916.73,2916.73,2919.40,2919.40,2911.38,2911.38,true
2025.03.05 16:00:00,LONG,ASIA_LOW|20250305,SSRP|ASIA_LOW|20250305|1741189800,SSRP|ASIA_LOW|20250305|1741189800|FINAL,SSRP|ASIA_LOW|20250305|1741189800|FINAL,2905.00,2905.00,2893.73,2893.73,2927.54,2927.54,true
2025.03.05 16:10:00,LONG,ASIA_LOW|20250305,SSRP|ASIA_LOW|20250305|1741190400,SSRP|ASIA_LOW|20250305|1741190400|FINAL,SSRP|ASIA_LOW|20250305|1741190400|FINAL,2902.32,2902.32,2899.04,2899.04,2908.89,2908.89,true
2025.03.05 16:20:00,LONG,ASIA_LOW|20250305,SSRP|ASIA_LOW|20250305|1741191300,SSRP|ASIA_LOW|20250305|1741191300|FINAL,SSRP|ASIA_LOW|20250305|1741191300|FINAL,2903.39,2903.39,2897.38,2897.38,2915.41,2915.41,true
2025.03.05 17:10:00,SHORT,ASIA_HIGH|20250305,SSRP|ASIA_HIGH|20250305|1741194300,SSRP|ASIA_HIGH|20250305|1741194300|FINAL,SSRP|ASIA_HIGH|20250305|1741194300|FINAL,2916.89,2916.89,2921.97,2921.97,2906.73,2906.73,true
2025.03.05 17:25:00,SHORT,ASIA_HIGH|20250305,SSRP|ASIA_HIGH|20250305|1741195200,SSRP|ASIA_HIGH|20250305|1741195200|FINAL,SSRP|ASIA_HIGH|20250305|1741195200|FINAL,2918.30,2918.30,2920.13,2920.13,2914.64,2914.64,true
2025.03.05 17:50:00,SHORT,ASIA_HIGH|20250305,SSRP|ASIA_HIGH|20250305|1741196100,SSRP|ASIA_HIGH|20250305|1741196100|FINAL,SSRP|ASIA_HIGH|20250305|1741196100|FINAL,2917.78,2917.78,2923.99,2923.99,2905.36,2905.36,true
2025.03.05 17:55:00,SHORT,ASIA_HIGH|20250305,SSRP|ASIA_HIGH|20250305|1741197000,SSRP|ASIA_HIGH|20250305|1741197000|FINAL,SSRP|ASIA_HIGH|20250305|1741197000|FINAL,2917.20,2917.20,2920.66,2920.66,2910.28,2910.28,true
2025.03.05 19:20:00,SHORT,ASIA_HIGH|20250305,SSRP|ASIA_HIGH|20250305|1741201800,SSRP|ASIA_HIGH|20250305|1741201800|FINAL,SSRP|ASIA_HIGH|20250305|1741201800|FINAL,2918.08,2918.08,2922.62,2922.62,2908.99,2908.99,true
2025.03.05 19:25:00,SHORT,ASIA_HIGH|20250305,SSRP|ASIA_HIGH|20250305|1741202400,SSRP|ASIA_HIGH|20250305|1741202400|FINAL,SSRP|ASIA_HIGH|20250305|1741202400|FINAL,2918.29,2918.29,2921.05,2921.05,2912.76,2912.76,true
2025.03.05 20:25:00,SHORT,ASIA_HIGH|20250305,SSRP|ASIA_HIGH|20250305|1741205700,SSRP|ASIA_HIGH|20250305|1741205700|FINAL,SSRP|ASIA_HIGH|20250305|1741205700|FINAL,2916.46,2916.46,2920.82,2920.82,2907.74,2907.74,true
2025.03.05 20:30:00,SHORT,ASIA_HIGH|20250305,SSRP|ASIA_HIGH|20250305|1741206300,SSRP|ASIA_HIGH|20250305|1741206300|FINAL,SSRP|ASIA_HIGH|20250305|1741206300|FINAL,2916.63,2916.63,2920.82,2920.82,2908.25,2908.25,true
2025.03.05 21:40:00,SHORT,ASIA_HIGH|20250305,SSRP|ASIA_HIGH|20250305|1741210200,SSRP|ASIA_HIGH|20250305|1741210200|FINAL,SSRP|ASIA_HIGH|20250305|1741210200|FINAL,2918.50,2918.50,2919.57,2919.57,2916.36,2916.36,true
2025.03.05 23:15:00,SHORT,ASIA_HIGH|20250305,SSRP|ASIA_HIGH|20250305|1741215900,SSRP|ASIA_HIGH|20250305|1741215900|FINAL,SSRP|ASIA_HIGH|20250305|1741215900|FINAL,2918.39,2918.39,2920.77,2920.77,2913.63,2913.63,true
2025.03.05 23:40:00,SHORT,ASIA_HIGH|20250305,SSRP|ASIA_HIGH|20250305|1741217100,SSRP|ASIA_HIGH|20250305|1741217100|FINAL,SSRP|ASIA_HIGH|20250305|1741217100|FINAL,2918.34,2918.34,2919.98,2919.98,2915.06,2915.06,true
2025.03.05 23:45:00,SHORT,ASIA_HIGH|20250305,SSRP|ASIA_HIGH|20250305|1741218000,SSRP|ASIA_HIGH|20250305|1741218000|FINAL,SSRP|ASIA_HIGH|20250305|1741218000|FINAL,2918.68,2918.68,2919.20,2919.20,2917.63,2917.63,true
2025.03.05 23:55:00,SHORT,ASIA_HIGH|20250305,SSRP|ASIA_HIGH|20250305|1741218600,SSRP|ASIA_HIGH|20250305|1741218600|FINAL,SSRP|ASIA_HIGH|20250305|1741218600|FINAL,2917.38,2917.38,2919.65,2919.65,2912.85,2912.85,true
2025.03.06 09:40:00,LONG,ASIA_LOW|20250306,SSRP|ASIA_LOW|20250306|1741253400,SSRP|ASIA_LOW|20250306|1741253400|FINAL,SSRP|ASIA_LOW|20250306|1741253400|FINAL,2915.22,2915.22,2911.48,2911.48,2922.70,2922.70,true
2025.03.06 09:45:00,LONG,ASIA_LOW|20250306,SSRP|ASIA_LOW|20250306|1741254000,SSRP|ASIA_LOW|20250306|1741254000|FINAL,SSRP|ASIA_LOW|20250306|1741254000|FINAL,2915.86,2915.86,2913.19,2913.19,2921.20,2921.20,true
2025.03.06 16:50:00,LONG,ASIA_LOW|20250306,SSRP|ASIA_LOW|20250306|1741278900,SSRP|ASIA_LOW|20250306|1741278900|FINAL,SSRP|ASIA_LOW|20250306|1741278900|FINAL,2915.37,2915.37,2909.36,2909.36,2927.39,2927.39,true
2025.03.06 17:00:00,LONG,ASIA_LOW|20250306,SSRP|ASIA_LOW|20250306|1741280100,SSRP|ASIA_LOW|20250306|1741280100|FINAL,SSRP|ASIA_LOW|20250306|1741280100|FINAL,2920.31,2920.31,2913.42,2913.42,2934.09,2934.09,true
2025.03.06 17:45:00,LONG,ASIA_LOW|20250306,SSRP|ASIA_LOW|20250306|1741282500,SSRP|ASIA_LOW|20250306|1741282500|FINAL,SSRP|ASIA_LOW|20250306|1741282500|FINAL,2915.49,2915.49,2908.72,2908.72,2929.03,2929.03,true
2025.03.06 18:00:00,LONG,ASIA_LOW|20250306,SSRP|ASIA_LOW|20250306|1741283100,SSRP|ASIA_LOW|20250306|1741283100|FINAL,SSRP|ASIA_LOW|20250306|1741283100|FINAL,2915.51,2915.51,2912.38,2912.38,2921.77,2921.77,true
2025.03.06 18:15:00,LONG,ASIA_LOW|20250306,SSRP|ASIA_LOW|20250306|1741284300,SSRP|ASIA_LOW|20250306|1741284300|FINAL,SSRP|ASIA_LOW|20250306|1741284300|FINAL,2915.84,2915.84,2912.37,2912.37,2922.78,2922.78,true
2025.03.06 18:20:00,LONG,ASIA_LOW|20250306,SSRP|ASIA_LOW|20250306|1741284900,SSRP|ASIA_LOW|20250306|1741284900|FINAL,SSRP|ASIA_LOW|20250306|1741284900|FINAL,2918.00,2918.00,2913.74,2913.74,2926.53,2926.53,true
2025.03.06 20:45:00,LONG,ASIA_LOW|20250306,SSRP|ASIA_LOW|20250306|1741293600,SSRP|ASIA_LOW|20250306|1741293600|FINAL,SSRP|ASIA_LOW|20250306|1741293600|FINAL,2916.16,2916.16,2913.67,2913.67,2921.14,2921.14,true
2025.03.06 20:50:00,LONG,ASIA_LOW|20250306,SSRP|ASIA_LOW|20250306|1741293900,SSRP|ASIA_LOW|20250306|1741293900|FINAL,SSRP|ASIA_LOW|20250306|1741293900|FINAL,2916.02,2916.02,2913.67,2913.67,2920.72,2920.72,true
2025.03.06 21:45:00,LONG,ASIA_LOW|20250306,SSRP|ASIA_LOW|20250306|1741296000,SSRP|ASIA_LOW|20250306|1741296000|FINAL,SSRP|ASIA_LOW|20250306|1741296000|FINAL,2915.95,2915.95,2912.21,2912.21,2923.42,2923.42,true
2025.03.06 21:50:00,LONG,ASIA_LOW|20250306,SSRP|ASIA_LOW|20250306|1741297500,SSRP|ASIA_LOW|20250306|1741297500|FINAL,SSRP|ASIA_LOW|20250306|1741297500|FINAL,2915.94,2915.94,2913.23,2913.23,2921.36,2921.36,true
2025.03.06 22:00:00,LONG,ASIA_LOW|20250306,SSRP|ASIA_LOW|20250306|1741298100,SSRP|ASIA_LOW|20250306|1741298100|FINAL,SSRP|ASIA_LOW|20250306|1741298100|FINAL,2914.95,2914.95,2912.88,2912.88,2919.10,2919.10,true
2025.03.06 22:05:00,LONG,ASIA_LOW|20250306,SSRP|ASIA_LOW|20250306|1741298400,SSRP|ASIA_LOW|20250306|1741298400|FINAL,SSRP|ASIA_LOW|20250306|1741298400|FINAL,2915.48,2915.48,2912.87,2912.87,2920.69,2920.69,true
2025.03.07 08:35:00,SHORT,ASIA_HIGH|20250307,SSRP|ASIA_HIGH|20250307|1741336200,SSRP|ASIA_HIGH|20250307|1741336200|FINAL,SSRP|ASIA_HIGH|20250307|1741336200|FINAL,2912.99,2912.99,2914.92,2914.92,2909.13,2909.13,true
2025.03.07 08:45:00,SHORT,ASIA_HIGH|20250307,SSRP|ASIA_HIGH|20250307|1741336800,SSRP|ASIA_HIGH|20250307|1741336800|FINAL,SSRP|ASIA_HIGH|20250307|1741336800|FINAL,2911.80,2911.80,2914.21,2914.21,2906.98,2906.98,true
2025.03.07 09:05:00,SHORT,ASIA_HIGH|20250307,SSRP|ASIA_HIGH|20250307|1741338000,SSRP|ASIA_HIGH|20250307|1741338000|FINAL,SSRP|ASIA_HIGH|20250307|1741338000|FINAL,2913.35,2913.35,2914.78,2914.78,2910.49,2910.49,true
2025.03.07 09:20:00,SHORT,ASIA_HIGH|20250307,SSRP|ASIA_HIGH|20250307|1741338300,SSRP|ASIA_HIGH|20250307|1741338300|FINAL,SSRP|ASIA_HIGH|20250307|1741338300|FINAL,2912.72,2912.72,2914.78,2914.78,2908.60,2908.60,true
2025.03.07 09:25:00,SHORT,ASIA_HIGH|20250307,SSRP|ASIA_HIGH|20250307|1741339200,SSRP|ASIA_HIGH|20250307|1741339200|FINAL,SSRP|ASIA_HIGH|20250307|1741339200|FINAL,2912.07,2912.07,2914.38,2914.38,2907.45,2907.45,true
2025.03.07 15:20:00,SHORT,ASIA_HIGH|20250307,SSRP|ASIA_HIGH|20250307|1741360200,SSRP|ASIA_HIGH|20250307|1741360200|FINAL,SSRP|ASIA_HIGH|20250307|1741360200|FINAL,2911.52,2911.52,2920.61,2920.61,2893.33,2893.33,true
2025.03.07 15:25:00,SHORT,ASIA_HIGH|20250307,SSRP|ASIA_HIGH|20250307|1741360800,SSRP|ASIA_HIGH|20250307|1741360800|FINAL,SSRP|ASIA_HIGH|20250307|1741360800|FINAL,2911.09,2911.09,2915.20,2915.20,2902.88,2902.88,true
2025.03.07 16:00:00,SHORT,ASIA_HIGH|20250307,SSRP|ASIA_HIGH|20250307|1741362600,SSRP|ASIA_HIGH|20250307|1741362600|FINAL,SSRP|ASIA_HIGH|20250307|1741362600|FINAL,2909.57,2909.57,2922.18,2922.18,2884.34,2884.34,true
2025.03.07 17:45:00,SHORT,ASIA_HIGH|20250307,SSRP|ASIA_HIGH|20250307|1741368900,SSRP|ASIA_HIGH|20250307|1741368900|FINAL,SSRP|ASIA_HIGH|20250307|1741368900|FINAL,2911.51,2911.51,2923.48,2923.48,2887.57,2887.57,true
2025.03.07 19:10:00,SHORT,ASIA_HIGH|20250307,SSRP|ASIA_HIGH|20250307|1741373100,SSRP|ASIA_HIGH|20250307|1741373100|FINAL,SSRP|ASIA_HIGH|20250307|1741373100|FINAL,2911.00,2911.00,2919.33,2919.33,2894.33,2894.33,true
2025.03.07 19:15:00,SHORT,ASIA_HIGH|20250307,SSRP|ASIA_HIGH|20250307|1741374600,SSRP|ASIA_HIGH|20250307|1741374600|FINAL,SSRP|ASIA_HIGH|20250307|1741374600|FINAL,2905.90,2905.90,2915.10,2915.10,2887.51,2887.51,true
2025.03.10 09:35:00,LONG,ASIA_LOW|20250310,SSRP|ASIA_LOW|20250310|1741598700,SSRP|ASIA_LOW|20250310|1741598700|FINAL,SSRP|ASIA_LOW|20250310|1741598700|FINAL,2909.78,2909.78,2906.87,2906.87,2915.60,2915.60,true
2025.03.10 09:40:00,LONG,ASIA_LOW|20250310,SSRP|ASIA_LOW|20250310|1741599300,SSRP|ASIA_LOW|20250310|1741599300|FINAL,SSRP|ASIA_LOW|20250310|1741599300|FINAL,2909.43,2909.43,2907.79,2907.79,2912.71,2912.71,true
2025.03.10 11:55:00,LONG,ASIA_LOW|20250310,SSRP|ASIA_LOW|20250310|1741607400,SSRP|ASIA_LOW|20250310|1741607400|FINAL,SSRP|ASIA_LOW|20250310|1741607400|FINAL,2908.40,2908.40,2904.17,2904.17,2916.86,2916.86,true
2025.03.10 12:00:00,LONG,ASIA_LOW|20250310,SSRP|ASIA_LOW|20250310|1741607700,SSRP|ASIA_LOW|20250310|1741607700|FINAL,SSRP|ASIA_LOW|20250310|1741607700|FINAL,2909.50,2909.50,2904.16,2904.16,2920.18,2920.18,true
2025.03.10 12:05:00,LONG,ASIA_LOW|20250310,SSRP|ASIA_LOW|20250310|1741608000,SSRP|ASIA_LOW|20250310|1741608000|FINAL,SSRP|ASIA_LOW|20250310|1741608000|FINAL,2910.20,2910.20,2906.86,2906.86,2916.88,2916.88,true
2025.03.10 13:10:00,LONG,ASIA_LOW|20250310,SSRP|ASIA_LOW|20250310|1741611900,SSRP|ASIA_LOW|20250310|1741611900|FINAL,SSRP|ASIA_LOW|20250310|1741611900|FINAL,2908.51,2908.51,2901.09,2901.09,2923.34,2923.34,true
2025.03.10 13:15:00,LONG,ASIA_LOW|20250310,SSRP|ASIA_LOW|20250310|1741612200,SSRP|ASIA_LOW|20250310|1741612200|FINAL,SSRP|ASIA_LOW|20250310|1741612200|FINAL,2910.74,2910.74,2903.43,2903.43,2925.36,2925.36,true
2025.03.10 13:20:00,LONG,ASIA_LOW|20250310,SSRP|ASIA_LOW|20250310|1741612500,SSRP|ASIA_LOW|20250310|1741612500|FINAL,SSRP|ASIA_LOW|20250310|1741612500|FINAL,2912.22,2912.22,2907.27,2907.27,2922.12,2922.12,true
2025.03.10 14:05:00,LONG,ASIA_LOW|20250310,SSRP|ASIA_LOW|20250310|1741615200,SSRP|ASIA_LOW|20250310|1741615200|FINAL,SSRP|ASIA_LOW|20250310|1741615200|FINAL,2908.59,2908.59,2906.29,2906.29,2913.20,2913.20,true
2025.03.11 10:35:00,SHORT,ASIA_HIGH|20250311,SSRP|ASIA_HIGH|20250311|1741689000,SSRP|ASIA_HIGH|20250311|1741689000|FINAL,SSRP|ASIA_HIGH|20250311|1741689000|FINAL,2899.43,2899.43,2902.14,2902.14,2894.01,2894.01,true
2025.03.11 10:40:00,SHORT,ASIA_HIGH|20250311,SSRP|ASIA_HIGH|20250311|1741689300,SSRP|ASIA_HIGH|20250311|1741689300|FINAL,SSRP|ASIA_HIGH|20250311|1741689300|FINAL,2900.14,2900.14,2901.01,2901.01,2898.41,2898.41,true
2025.03.11 11:10:00,SHORT,ASIA_HIGH|20250311,SSRP|ASIA_HIGH|20250311|1741691100,SSRP|ASIA_HIGH|20250311|1741691100|FINAL,SSRP|ASIA_HIGH|20250311|1741691100|FINAL,2899.93,2899.93,2903.60,2903.60,2892.58,2892.58,true
2025.03.11 11:15:00,SHORT,ASIA_HIGH|20250311,SSRP|ASIA_HIGH|20250311|1741691400,SSRP|ASIA_HIGH|20250311|1741691400|FINAL,SSRP|ASIA_HIGH|20250311|1741691400|FINAL,2898.79,2898.79,2902.28,2902.28,2891.82,2891.82,true
2025.03.11 11:30:00,SHORT,ASIA_HIGH|20250311,SSRP|ASIA_HIGH|20250311|1741692300,SSRP|ASIA_HIGH|20250311|1741692300|FINAL,SSRP|ASIA_HIGH|20250311|1741692300|FINAL,2898.97,2898.97,2901.30,2901.30,2894.31,2894.31,true
2025.03.11 11:35:00,SHORT,ASIA_HIGH|20250311,SSRP|ASIA_HIGH|20250311|1741692600,SSRP|ASIA_HIGH|20250311|1741692600|FINAL,SSRP|ASIA_HIGH|20250311|1741692600|FINAL,2899.34,2899.34,2901.30,2901.30,2895.42,2895.42,true
2025.03.11 11:45:00,SHORT,ASIA_HIGH|20250311,SSRP|ASIA_HIGH|20250311|1741693200,SSRP|ASIA_HIGH|20250311|1741693200|FINAL,SSRP|ASIA_HIGH|20250311|1741693200|FINAL,2900.33,2900.33,2902.00,2902.00,2896.99,2896.99,true
2025.03.12 10:20:00,SHORT,ASIA_HIGH|20250312,SSRP|ASIA_HIGH|20250312|1741773900,SSRP|ASIA_HIGH|20250312|1741773900|FINAL,SSRP|ASIA_HIGH|20250312|1741773900|FINAL,2917.36,2917.36,2921.27,2921.27,2909.53,2909.53,true
2025.03.12 11:10:00,LONG,ASIA_LOW|20250312,SSRP|ASIA_LOW|20250312|1741777500,SSRP|ASIA_LOW|20250312|1741777500|FINAL,SSRP|ASIA_LOW|20250312|1741777500|FINAL,2911.57,2911.57,2910.36,2910.36,2913.99,2913.99,true
2025.03.12 11:20:00,LONG,ASIA_LOW|20250312,SSRP|ASIA_LOW|20250312|1741778100,SSRP|ASIA_LOW|20250312|1741778100|FINAL,SSRP|ASIA_LOW|20250312|1741778100|FINAL,2911.89,2911.89,2908.84,2908.84,2917.99,2917.99,true
2025.03.12 11:25:00,LONG,ASIA_LOW|20250312,SSRP|ASIA_LOW|20250312|1741778400,SSRP|ASIA_LOW|20250312|1741778400|FINAL,SSRP|ASIA_LOW|20250312|1741778400|FINAL,2911.13,2911.13,2908.84,2908.84,2915.70,2915.70,true
2025.03.12 13:10:00,SHORT,ASIA_HIGH|20250312,SSRP|ASIA_HIGH|20250312|1741784700,SSRP|ASIA_HIGH|20250312|1741784700|FINAL,SSRP|ASIA_HIGH|20250312|1741784700|FINAL,2919.52,2919.52,2922.75,2922.75,2913.05,2913.05,true
2025.03.12 13:35:00,SHORT,ASIA_HIGH|20250312,SSRP|ASIA_HIGH|20250312|1741785000,SSRP|ASIA_HIGH|20250312|1741785000|FINAL,SSRP|ASIA_HIGH|20250312|1741785000|FINAL,2917.73,2917.73,2921.83,2921.83,2909.54,2909.54,true
2025.03.12 16:40:00,SHORT,ASIA_HIGH|20250312,SSRP|ASIA_HIGH|20250312|1741797000,SSRP|ASIA_HIGH|20250312|1741797000|FINAL,SSRP|ASIA_HIGH|20250312|1741797000|FINAL,2918.92,2918.92,2923.20,2923.20,2910.36,2910.36,true
2025.03.12 16:45:00,SHORT,ASIA_HIGH|20250312,SSRP|ASIA_HIGH|20250312|1741797600,SSRP|ASIA_HIGH|20250312|1741797600|FINAL,SSRP|ASIA_HIGH|20250312|1741797600|FINAL,2918.50,2918.50,2922.12,2922.12,2911.26,2911.26,true
2025.03.12 17:30:00,LONG,ASIA_LOW|20250312,SSRP|ASIA_LOW|20250312|1741800000,SSRP|ASIA_LOW|20250312|1741800000|FINAL,SSRP|ASIA_LOW|20250312|1741800000|FINAL,2911.52,2911.52,2905.80,2905.80,2922.95,2922.95,true
2025.03.12 17:35:00,LONG,ASIA_LOW|20250312,SSRP|ASIA_LOW|20250312|1741800600,SSRP|ASIA_LOW|20250312|1741800600|FINAL,SSRP|ASIA_LOW|20250312|1741800600|FINAL,2911.17,2911.17,2909.53,2909.53,2914.45,2914.45,true
2025.03.12 17:40:00,LONG,ASIA_LOW|20250312,SSRP|ASIA_LOW|20250312|1741800900,SSRP|ASIA_LOW|20250312|1741800900|FINAL,SSRP|ASIA_LOW|20250312|1741800900|FINAL,2912.24,2912.24,2909.55,2909.55,2917.62,2917.62,true
2025.03.12 17:45:00,LONG,ASIA_LOW|20250312,SSRP|ASIA_LOW|20250312|1741801200,SSRP|ASIA_LOW|20250312|1741801200|FINAL,SSRP|ASIA_LOW|20250312|1741801200|FINAL,2915.02,2915.02,2909.82,2909.82,2925.43,2925.43,true
2025.03.13 13:25:00,SHORT,ASIA_HIGH|20250313,SSRP|ASIA_HIGH|20250313|1741872000,SSRP|ASIA_HIGH|20250313|1741872000|FINAL,SSRP|ASIA_HIGH|20250313|1741872000|FINAL,2946.04,2946.04,2947.80,2947.80,2942.52,2942.52,true
2025.03.13 14:05:00,SHORT,ASIA_HIGH|20250313,SSRP|ASIA_HIGH|20250313|1741874400,SSRP|ASIA_HIGH|20250313|1741874400|FINAL,SSRP|ASIA_HIGH|20250313|1741874400|FINAL,2946.38,2946.38,2948.61,2948.61,2941.91,2941.91,true
2025.03.13 14:10:00,SHORT,ASIA_HIGH|20250313,SSRP|ASIA_HIGH|20250313|1741874700,SSRP|ASIA_HIGH|20250313|1741874700|FINAL,SSRP|ASIA_HIGH|20250313|1741874700|FINAL,2944.74,2944.74,2948.50,2948.50,2937.23,2937.23,true
2025.03.13 15:15:00,SHORT,ASIA_HIGH|20250313,SSRP|ASIA_HIGH|20250313|1741878600,SSRP|ASIA_HIGH|20250313|1741878600|FINAL,SSRP|ASIA_HIGH|20250313|1741878600|FINAL,2945.94,2945.94,2947.45,2947.45,2942.93,2942.93,true
2025.03.13 15:55:00,SHORT,ASIA_HIGH|20250313,SSRP|ASIA_HIGH|20250313|1741880400,SSRP|ASIA_HIGH|20250313|1741880400|FINAL,SSRP|ASIA_HIGH|20250313|1741880400|FINAL,2946.28,2946.28,2948.65,2948.65,2941.54,2941.54,true
2025.03.13 16:10:00,SHORT,ASIA_HIGH|20250313,SSRP|ASIA_HIGH|20250313|1741881600,SSRP|ASIA_HIGH|20250313|1741881600|FINAL,SSRP|ASIA_HIGH|20250313|1741881600|FINAL,2946.10,2946.10,2949.28,2949.28,2939.74,2939.74,true
2025.03.13 16:20:00,SHORT,ASIA_HIGH|20250313,SSRP|ASIA_HIGH|20250313|1741882200,SSRP|ASIA_HIGH|20250313|1741882200|FINAL,SSRP|ASIA_HIGH|20250313|1741882200|FINAL,2944.46,2944.46,2948.75,2948.75,2935.88,2935.88,true
2025.03.13 16:25:00,SHORT,ASIA_HIGH|20250313,SSRP|ASIA_HIGH|20250313|1741882800,SSRP|ASIA_HIGH|20250313|1741882800|FINAL,SSRP|ASIA_HIGH|20250313|1741882800|FINAL,2942.76,2942.76,2948.75,2948.75,2930.77,2930.77,true
2025.03.13 16:35:00,SHORT,ASIA_HIGH|20250313,SSRP|ASIA_HIGH|20250313|1741883400,SSRP|ASIA_HIGH|20250313|1741883400|FINAL,SSRP|ASIA_HIGH|20250313|1741883400|FINAL,2945.63,2945.63,2948.20,2948.20,2940.48,2940.48,true
2025.03.13 16:45:00,SHORT,ASIA_HIGH|20250313,SSRP|ASIA_HIGH|20250313|1741884000,SSRP|ASIA_HIGH|20250313|1741884000|FINAL,SSRP|ASIA_HIGH|20250313|1741884000|FINAL,2945.45,2945.45,2948.06,2948.06,2940.23,2940.23,true
2025.03.13 16:55:00,SHORT,ASIA_HIGH|20250313,SSRP|ASIA_HIGH|20250313|1741884600,SSRP|ASIA_HIGH|20250313|1741884600|FINAL,SSRP|ASIA_HIGH|20250313|1741884600|FINAL,2942.31,2942.31,2947.89,2947.89,2931.15,2931.15,true
2025.03.14 08:05:00,SHORT,ASIA_HIGH|20250314,SSRP|ASIA_HIGH|20250314|1741939200,SSRP|ASIA_HIGH|20250314|1741939200|FINAL,SSRP|ASIA_HIGH|20250314|1741939200|FINAL,2992.03,2992.03,2993.99,2993.99,2988.11,2988.11,true
2025.03.14 08:10:00,SHORT,ASIA_HIGH|20250314,SSRP|ASIA_HIGH|20250314|1741939500,SSRP|ASIA_HIGH|20250314|1741939500|FINAL,SSRP|ASIA_HIGH|20250314|1741939500|FINAL,2992.65,2992.65,2993.40,2993.40,2991.15,2991.15,true
2025.03.14 08:25:00,SHORT,ASIA_HIGH|20250314,SSRP|ASIA_HIGH|20250314|1741940100,SSRP|ASIA_HIGH|20250314|1741940100|FINAL,SSRP|ASIA_HIGH|20250314|1741940100|FINAL,2991.40,2991.40,2993.88,2993.88,2986.45,2986.45,true
2025.03.14 08:30:00,SHORT,ASIA_HIGH|20250314,SSRP|ASIA_HIGH|20250314|1741940700,SSRP|ASIA_HIGH|20250314|1741940700|FINAL,SSRP|ASIA_HIGH|20250314|1741940700|FINAL,2989.71,2989.71,2993.40,2993.40,2982.33,2982.33,true
2025.03.14 11:30:00,LONG,ASIA_LOW|20250314,SSRP|ASIA_LOW|20250314|1741951500,SSRP|ASIA_LOW|20250314|1741951500|FINAL,SSRP|ASIA_LOW|20250314|1741951500|FINAL,2984.34,2984.34,2980.74,2980.74,2991.54,2991.54,true
2025.03.14 14:35:00,SHORT,ASIA_HIGH|20250314,SSRP|ASIA_HIGH|20250314|1741962600,SSRP|ASIA_HIGH|20250314|1741962600|FINAL,SSRP|ASIA_HIGH|20250314|1741962600|FINAL,2990.93,2990.93,3003.36,3003.36,2966.07,2966.07,true
2025.03.14 14:40:00,SHORT,ASIA_HIGH|20250314,SSRP|ASIA_HIGH|20250314|1741962900,SSRP|ASIA_HIGH|20250314|1741962900|FINAL,SSRP|ASIA_HIGH|20250314|1741962900|FINAL,2990.22,2990.22,3000.15,3000.15,2970.36,2970.36,true
2025.03.14 14:45:00,SHORT,ASIA_HIGH|20250314,SSRP|ASIA_HIGH|20250314|1741963200,SSRP|ASIA_HIGH|20250314|1741963200|FINAL,SSRP|ASIA_HIGH|20250314|1741963200|FINAL,2987.03,2987.03,2993.83,2993.83,2973.44,2973.44,true
2025.03.14 17:30:00,SHORT,ASIA_HIGH|20250314,SSRP|ASIA_HIGH|20250314|1741973100,SSRP|ASIA_HIGH|20250314|1741973100|FINAL,SSRP|ASIA_HIGH|20250314|1741973100|FINAL,2989.52,2989.52,2996.53,2996.53,2975.51,2975.51,true
2025.03.14 17:35:00,SHORT,ASIA_HIGH|20250314,SSRP|ASIA_HIGH|20250314|1741973400,SSRP|ASIA_HIGH|20250314|1741973400|FINAL,SSRP|ASIA_HIGH|20250314|1741973400|FINAL,2989.95,2989.95,2996.33,2996.33,2977.19,2977.19,true
2025.03.14 18:15:00,SHORT,ASIA_HIGH|20250314,SSRP|ASIA_HIGH|20250314|1741975800,SSRP|ASIA_HIGH|20250314|1741975800|FINAL,SSRP|ASIA_HIGH|20250314|1741975800|FINAL,2990.58,2990.58,2993.89,2993.89,2983.95,2983.95,true
2025.03.14 18:20:00,SHORT,ASIA_HIGH|20250314,SSRP|ASIA_HIGH|20250314|1741976100,SSRP|ASIA_HIGH|20250314|1741976100|FINAL,SSRP|ASIA_HIGH|20250314|1741976100|FINAL,2989.25,2989.25,2993.90,2993.90,2979.96,2979.96,true
2025.03.14 19:05:00,LONG,ASIA_LOW|20250314,SSRP|ASIA_LOW|20250314|1741978800,SSRP|ASIA_LOW|20250314|1741978800|FINAL,SSRP|ASIA_LOW|20250314|1741978800|FINAL,2984.80,2984.80,2980.02,2980.02,2994.36,2994.36,true
2025.03.14 19:20:00,LONG,ASIA_LOW|20250314,SSRP|ASIA_LOW|20250314|1741979400,SSRP|ASIA_LOW|20250314|1741979400|FINAL,SSRP|ASIA_LOW|20250314|1741979400|FINAL,2982.14,2982.14,2978.27,2978.27,2989.87,2989.87,true
2025.03.14 19:25:00,LONG,ASIA_LOW|20250314,SSRP|ASIA_LOW|20250314|1741980000,SSRP|ASIA_LOW|20250314|1741980000|FINAL,SSRP|ASIA_LOW|20250314|1741980000|FINAL,2981.44,2981.44,2978.28,2978.28,2987.77,2987.77,true
2025.03.14 19:30:00,LONG,ASIA_LOW|20250314,SSRP|ASIA_LOW|20250314|1741980300,SSRP|ASIA_LOW|20250314|1741980300|FINAL,SSRP|ASIA_LOW|20250314|1741980300|FINAL,2981.94,2981.94,2979.56,2979.56,2986.70,2986.70,true
2025.03.14 19:35:00,LONG,ASIA_LOW|20250314,SSRP|ASIA_LOW|20250314|1741980600,SSRP|ASIA_LOW|20250314|1741980600|FINAL,SSRP|ASIA_LOW|20250314|1741980600|FINAL,2982.65,2982.65,2980.06,2980.06,2987.83,2987.83,true
2025.03.17 08:15:00,LONG,ASIA_LOW|20250317,SSRP|ASIA_LOW|20250317|1742199000,SSRP|ASIA_LOW|20250317|1742199000|FINAL,SSRP|ASIA_LOW|20250317|1742199000|FINAL,2983.65,2983.65,2982.46,2982.46,2986.03,2986.03,true
2025.03.17 15:05:00,SHORT,ASIA_HIGH|20250317,SSRP|ASIA_HIGH|20250317|1742223600,SSRP|ASIA_HIGH|20250317|1742223600|FINAL,SSRP|ASIA_HIGH|20250317|1742223600|FINAL,2993.49,2993.49,2998.27,2998.27,2983.93,2983.93,true
2025.03.17 15:10:00,SHORT,ASIA_HIGH|20250317,SSRP|ASIA_HIGH|20250317|1742223900,SSRP|ASIA_HIGH|20250317|1742223900|FINAL,SSRP|ASIA_HIGH|20250317|1742223900|FINAL,2991.03,2991.03,2997.31,2997.31,2978.47,2978.47,true
2025.03.17 15:30:00,SHORT,ASIA_HIGH|20250317,SSRP|ASIA_HIGH|20250317|1742225100,SSRP|ASIA_HIGH|20250317|1742225100|FINAL,SSRP|ASIA_HIGH|20250317|1742225100|FINAL,2991.45,2991.45,2995.05,2995.05,2984.26,2984.26,true
2025.03.17 18:15:00,SHORT,ASIA_HIGH|20250317,SSRP|ASIA_HIGH|20250317|1742235000,SSRP|ASIA_HIGH|20250317|1742235000|FINAL,SSRP|ASIA_HIGH|20250317|1742235000|FINAL,2993.93,2993.93,2997.25,2997.25,2987.29,2987.29,true
2025.03.17 19:35:00,SHORT,ASIA_HIGH|20250317,SSRP|ASIA_HIGH|20250317|1742239800,SSRP|ASIA_HIGH|20250317|1742239800|FINAL,SSRP|ASIA_HIGH|20250317|1742239800|FINAL,2994.00,2994.00,2997.55,2997.55,2986.91,2986.91,true
2025.03.17 19:45:00,SHORT,ASIA_HIGH|20250317,SSRP|ASIA_HIGH|20250317|1742240100,SSRP|ASIA_HIGH|20250317|1742240100|FINAL,SSRP|ASIA_HIGH|20250317|1742240100|FINAL,2994.05,2994.05,2996.43,2996.43,2989.29,2989.29,true
2025.03.18 09:55:00,SHORT,ASIA_HIGH|20250318,SSRP|ASIA_HIGH|20250318|1742291400,SSRP|ASIA_HIGH|20250318|1742291400|FINAL,SSRP|ASIA_HIGH|20250318|1742291400|FINAL,3015.95,3015.95,3018.08,3018.08,3011.69,3011.69,true
2025.03.18 10:20:00,SHORT,ASIA_HIGH|20250318,SSRP|ASIA_HIGH|20250318|1742292900,SSRP|ASIA_HIGH|20250318|1742292900|FINAL,SSRP|ASIA_HIGH|20250318|1742292900|FINAL,3015.92,3015.92,3019.33,3019.33,3009.11,3009.11,true
2025.03.18 10:25:00,SHORT,ASIA_HIGH|20250318,SSRP|ASIA_HIGH|20250318|1742293200,SSRP|ASIA_HIGH|20250318|1742293200|FINAL,SSRP|ASIA_HIGH|20250318|1742293200|FINAL,3017.12,3017.12,3018.99,3018.99,3013.39,3013.39,true
2025.03.18 10:45:00,SHORT,ASIA_HIGH|20250318,SSRP|ASIA_HIGH|20250318|1742293800,SSRP|ASIA_HIGH|20250318|1742293800|FINAL,SSRP|ASIA_HIGH|20250318|1742293800|FINAL,3016.83,3016.83,3018.81,3018.81,3012.87,3012.87,true
2025.03.18 10:50:00,SHORT,ASIA_HIGH|20250318,SSRP|ASIA_HIGH|20250318|1742294700,SSRP|ASIA_HIGH|20250318|1742294700|FINAL,SSRP|ASIA_HIGH|20250318|1742294700|FINAL,3016.00,3016.00,3018.42,3018.42,3011.17,3011.17,true
2025.03.19 09:10:00,SHORT,ASIA_HIGH|20250319,SSRP|ASIA_HIGH|20250319|1742375100,SSRP|ASIA_HIGH|20250319|1742375100|FINAL,SSRP|ASIA_HIGH|20250319|1742375100|FINAL,3038.60,3038.60,3044.86,3044.86,3026.07,3026.07,true
2025.03.19 09:15:00,SHORT,ASIA_HIGH|20250319,SSRP|ASIA_HIGH|20250319|1742375400,SSRP|ASIA_HIGH|20250319|1742375400|FINAL,SSRP|ASIA_HIGH|20250319|1742375400|FINAL,3037.68,3037.68,3043.10,3043.10,3026.83,3026.83,true
2025.03.19 09:20:00,SHORT,ASIA_HIGH|20250319,SSRP|ASIA_HIGH|20250319|1742375700,SSRP|ASIA_HIGH|20250319|1742375700|FINAL,SSRP|ASIA_HIGH|20250319|1742375700|FINAL,3037.58,3037.58,3041.13,3041.13,3030.48,3030.48,true
2025.03.19 10:35:00,SHORT,ASIA_HIGH|20250319,SSRP|ASIA_HIGH|20250319|1742380200,SSRP|ASIA_HIGH|20250319|1742380200|FINAL,SSRP|ASIA_HIGH|20250319|1742380200|FINAL,3038.96,3038.96,3042.07,3042.07,3032.74,3032.74,true
2025.03.19 10:45:00,SHORT,ASIA_HIGH|20250319,SSRP|ASIA_HIGH|20250319|1742380500,SSRP|ASIA_HIGH|20250319|1742380500|FINAL,SSRP|ASIA_HIGH|20250319|1742380500|FINAL,3037.03,3037.03,3042.07,3042.07,3026.95,3026.95,true
2025.03.19 10:50:00,SHORT,ASIA_HIGH|20250319,SSRP|ASIA_HIGH|20250319|1742381100,SSRP|ASIA_HIGH|20250319|1742381100|FINAL,SSRP|ASIA_HIGH|20250319|1742381100|FINAL,3037.27,3037.27,3039.78,3039.78,3032.26,3032.26,true
2025.03.19 11:45:00,LONG,ASIA_LOW|20250319,SSRP|ASIA_LOW|20250319|1742384400,SSRP|ASIA_LOW|20250319|1742384400|FINAL,SSRP|ASIA_LOW|20250319|1742384400|FINAL,3028.34,3028.34,3027.06,3027.06,3030.89,3030.89,true
2025.03.19 12:20:00,LONG,ASIA_LOW|20250319,SSRP|ASIA_LOW|20250319|1742386200,SSRP|ASIA_LOW|20250319|1742386200|FINAL,SSRP|ASIA_LOW|20250319|1742386200|FINAL,3027.96,3027.96,3025.36,3025.36,3033.16,3033.16,true
2025.03.19 12:25:00,LONG,ASIA_LOW|20250319,SSRP|ASIA_LOW|20250319|1742386800,SSRP|ASIA_LOW|20250319|1742386800|FINAL,SSRP|ASIA_LOW|20250319|1742386800|FINAL,3028.02,3028.02,3026.28,3026.28,3031.49,3031.49,true
2025.03.19 14:35:00,SHORT,ASIA_HIGH|20250319,SSRP|ASIA_HIGH|20250319|1742394600,SSRP|ASIA_HIGH|20250319|1742394600|FINAL,SSRP|ASIA_HIGH|20250319|1742394600|FINAL,3038.97,3038.97,3039.94,3039.94,3037.04,3037.04,true
2025.03.19 14:50:00,SHORT,ASIA_HIGH|20250319,SSRP|ASIA_HIGH|20250319|1742394900,SSRP|ASIA_HIGH|20250319|1742394900|FINAL,SSRP|ASIA_HIGH|20250319|1742394900|FINAL,3039.06,3039.06,3040.10,3040.10,3036.98,3036.98,true
2025.03.19 14:55:00,SHORT,ASIA_HIGH|20250319,SSRP|ASIA_HIGH|20250319|1742395800,SSRP|ASIA_HIGH|20250319|1742395800|FINAL,SSRP|ASIA_HIGH|20250319|1742395800|FINAL,3038.93,3038.93,3039.99,3039.99,3036.81,3036.81,true
2025.03.19 15:05:00,SHORT,ASIA_HIGH|20250319,SSRP|ASIA_HIGH|20250319|1742396100,SSRP|ASIA_HIGH|20250319|1742396100|FINAL,SSRP|ASIA_HIGH|20250319|1742396100|FINAL,3038.18,3038.18,3040.14,3040.14,3034.26,3034.26,true
2025.03.19 15:15:00,SHORT,ASIA_HIGH|20250319,SSRP|ASIA_HIGH|20250319|1742396700,SSRP|ASIA_HIGH|20250319|1742396700|FINAL,SSRP|ASIA_HIGH|20250319|1742396700|FINAL,3038.97,3038.97,3040.14,3040.14,3036.63,3036.63,true
2025.03.19 15:20:00,SHORT,ASIA_HIGH|20250319,SSRP|ASIA_HIGH|20250319|1742397300,SSRP|ASIA_HIGH|20250319|1742397300|FINAL,SSRP|ASIA_HIGH|20250319|1742397300|FINAL,3037.86,3037.86,3039.92,3039.92,3033.73,3033.73,true
2025.03.19 15:25:00,SHORT,ASIA_HIGH|20250319,SSRP|ASIA_HIGH|20250319|1742397600,SSRP|ASIA_HIGH|20250319|1742397600|FINAL,SSRP|ASIA_HIGH|20250319|1742397600|FINAL,3037.13,3037.13,3039.60,3039.60,3032.18,3032.18,true
2025.03.19 15:50:00,SHORT,ASIA_HIGH|20250319,SSRP|ASIA_HIGH|20250319|1742398500,SSRP|ASIA_HIGH|20250319|1742398500|FINAL,SSRP|ASIA_HIGH|20250319|1742398500|FINAL,3037.53,3037.53,3041.25,3041.25,3030.09,3030.09,true
2025.03.19 17:20:00,LONG,ASIA_LOW|20250319,SSRP|ASIA_LOW|20250319|1742404200,SSRP|ASIA_LOW|20250319|1742404200|FINAL,SSRP|ASIA_LOW|20250319|1742404200|FINAL,3029.07,3029.07,3025.81,3025.81,3035.59,3035.59,true
2025.03.19 17:25:00,LONG,ASIA_LOW|20250319,SSRP|ASIA_LOW|20250319|1742404800,SSRP|ASIA_LOW|20250319|1742404800|FINAL,SSRP|ASIA_LOW|20250319|1742404800|FINAL,3030.24,3030.24,3025.81,3025.81,3039.09,3039.09,true
2025.03.19 18:00:00,LONG,ASIA_LOW|20250319,SSRP|ASIA_LOW|20250319|1742406600,SSRP|ASIA_LOW|20250319|1742406600|FINAL,SSRP|ASIA_LOW|20250319|1742406600|FINAL,3028.99,3028.99,3026.58,3026.58,3033.81,3033.81,true
2025.03.19 18:05:00,LONG,ASIA_LOW|20250319,SSRP|ASIA_LOW|20250319|1742407200,SSRP|ASIA_LOW|20250319|1742407200|FINAL,SSRP|ASIA_LOW|20250319|1742407200|FINAL,3031.63,3031.63,3026.72,3026.72,3041.45,3041.45,true
2025.03.19 21:25:00,SHORT,ASIA_HIGH|20250319,SSRP|ASIA_HIGH|20250319|1742418600,SSRP|ASIA_HIGH|20250319|1742418600|FINAL,SSRP|ASIA_HIGH|20250319|1742418600|FINAL,3037.57,3037.57,3041.37,3041.37,3029.98,3029.98,true
2025.03.20 10:25:00,LONG,ASIA_LOW|20250320,SSRP|ASIA_LOW|20250320|1742466000,SSRP|ASIA_LOW|20250320|1742466000|FINAL,SSRP|ASIA_LOW|20250320|1742466000|FINAL,3046.87,3046.87,3044.18,3044.18,3052.24,3052.24,true
2025.03.20 10:40:00,LONG,ASIA_LOW|20250320,SSRP|ASIA_LOW|20250320|1742466900,SSRP|ASIA_LOW|20250320|1742466900|FINAL,SSRP|ASIA_LOW|20250320|1742466900|FINAL,3045.24,3045.24,3044.52,3044.52,3046.67,3046.67,true
2025.03.20 12:20:00,LONG,ASIA_LOW|20250320,SSRP|ASIA_LOW|20250320|1742472900,SSRP|ASIA_LOW|20250320|1742472900|FINAL,SSRP|ASIA_LOW|20250320|1742472900|FINAL,3045.32,3045.32,3043.05,3043.05,3049.85,3049.85,true
2025.03.20 12:30:00,LONG,ASIA_LOW|20250320,SSRP|ASIA_LOW|20250320|1742473200,SSRP|ASIA_LOW|20250320|1742473200|FINAL,SSRP|ASIA_LOW|20250320|1742473200|FINAL,3045.16,3045.16,3043.30,3043.30,3048.87,3048.87,true
2025.03.20 12:35:00,LONG,ASIA_LOW|20250320,SSRP|ASIA_LOW|20250320|1742473800,SSRP|ASIA_LOW|20250320|1742473800|FINAL,SSRP|ASIA_LOW|20250320|1742473800|FINAL,3045.49,3045.49,3044.10,3044.10,3048.27,3048.27,true
2025.03.20 22:25:00,LONG,ASIA_LOW|20250320,SSRP|ASIA_LOW|20250320|1742508600,SSRP|ASIA_LOW|20250320|1742508600|FINAL,SSRP|ASIA_LOW|20250320|1742508600|FINAL,3045.12,3045.12,3043.28,3043.28,3048.79,3048.79,true
2025.03.20 22:35:00,LONG,ASIA_LOW|20250320,SSRP|ASIA_LOW|20250320|1742509800,SSRP|ASIA_LOW|20250320|1742509800|FINAL,SSRP|ASIA_LOW|20250320|1742509800|FINAL,3045.68,3045.68,3044.44,3044.44,3048.17,3048.17,true
2025.03.20 23:00:00,LONG,ASIA_LOW|20250320,SSRP|ASIA_LOW|20250320|1742511000,SSRP|ASIA_LOW|20250320|1742511000|FINAL,SSRP|ASIA_LOW|20250320|1742511000|FINAL,3045.38,3045.38,3044.58,3044.58,3046.98,3046.98,true
2025.03.20 23:05:00,LONG,ASIA_LOW|20250320,SSRP|ASIA_LOW|20250320|1742511600,SSRP|ASIA_LOW|20250320|1742511600|FINAL,SSRP|ASIA_LOW|20250320|1742511600|FINAL,3045.41,3045.41,3044.67,3044.67,3046.89,3046.89,true
2025.03.20 23:10:00,LONG,ASIA_LOW|20250320,SSRP|ASIA_LOW|20250320|1742511900,SSRP|ASIA_LOW|20250320|1742511900|FINAL,SSRP|ASIA_LOW|20250320|1742511900|FINAL,3045.26,3045.26,3044.71,3044.71,3046.35,3046.35,true
2025.03.20 23:30:00,LONG,ASIA_LOW|20250320,SSRP|ASIA_LOW|20250320|1742512800,SSRP|ASIA_LOW|20250320|1742512800|FINAL,SSRP|ASIA_LOW|20250320|1742512800|FINAL,3045.23,3045.23,3044.17,3044.17,3047.35,3047.35,true
2025.03.20 23:35:00,LONG,ASIA_LOW|20250320,SSRP|ASIA_LOW|20250320|1742513400,SSRP|ASIA_LOW|20250320|1742513400|FINAL,SSRP|ASIA_LOW|20250320|1742513400|FINAL,3045.21,3045.21,3044.47,3044.47,3046.69,3046.69,true
2025.03.21 08:55:00,LONG,ASIA_LOW|20250321,SSRP|ASIA_LOW|20250321|1742547000,SSRP|ASIA_LOW|20250321|1742547000|FINAL,SSRP|ASIA_LOW|20250321|1742547000|FINAL,3028.03,3028.03,3024.52,3024.52,3035.04,3035.04,true
2025.03.21 09:00:00,LONG,ASIA_LOW|20250321,SSRP|ASIA_LOW|20250321|1742547300,SSRP|ASIA_LOW|20250321|1742547300|FINAL,SSRP|ASIA_LOW|20250321|1742547300|FINAL,3029.92,3029.92,3026.44,3026.44,3036.89,3036.89,true
2025.03.21 09:05:00,LONG,ASIA_LOW|20250321,SSRP|ASIA_LOW|20250321|1742547600,SSRP|ASIA_LOW|20250321|1742547600|FINAL,SSRP|ASIA_LOW|20250321|1742547600|FINAL,3031.76,3031.76,3027.39,3027.39,3040.49,3040.49,true
2025.03.21 11:20:00,LONG,ASIA_LOW|20250321,SSRP|ASIA_LOW|20250321|1742555700,SSRP|ASIA_LOW|20250321|1742555700|FINAL,SSRP|ASIA_LOW|20250321|1742555700|FINAL,3028.93,3028.93,3027.08,3027.08,3032.63,3032.63,true
2025.03.21 11:30:00,LONG,ASIA_LOW|20250321,SSRP|ASIA_LOW|20250321|1742556300,SSRP|ASIA_LOW|20250321|1742556300|FINAL,SSRP|ASIA_LOW|20250321|1742556300|FINAL,3031.56,3031.56,3026.97,3026.97,3040.74,3040.74,true
2025.03.24 10:25:00,SHORT,ASIA_HIGH|20250324,SSRP|ASIA_HIGH|20250324|1742811600,SSRP|ASIA_HIGH|20250324|1742811600|FINAL,SSRP|ASIA_HIGH|20250324|1742811600|FINAL,3025.06,3025.06,3029.01,3029.01,3017.16,3017.16,true
2025.03.24 10:30:00,SHORT,ASIA_HIGH|20250324,SSRP|ASIA_HIGH|20250324|1742811900,SSRP|ASIA_HIGH|20250324|1742811900|FINAL,SSRP|ASIA_HIGH|20250324|1742811900|FINAL,3023.17,3023.17,3027.36,3027.36,3014.79,3014.79,true
2025.03.24 12:40:00,SHORT,ASIA_HIGH|20250324,SSRP|ASIA_HIGH|20250324|1742819400,SSRP|ASIA_HIGH|20250324|1742819400|FINAL,SSRP|ASIA_HIGH|20250324|1742819400|FINAL,3024.88,3024.88,3029.75,3029.75,3015.14,3015.14,true
2025.03.24 14:40:00,SHORT,ASIA_HIGH|20250324,SSRP|ASIA_HIGH|20250324|1742826000,SSRP|ASIA_HIGH|20250324|1742826000|FINAL,SSRP|ASIA_HIGH|20250324|1742826000|FINAL,3025.33,3025.33,3028.05,3028.05,3019.88,3019.88,true
2025.03.24 14:45:00,SHORT,ASIA_HIGH|20250324,SSRP|ASIA_HIGH|20250324|1742827200,SSRP|ASIA_HIGH|20250324|1742827200|FINAL,SSRP|ASIA_HIGH|20250324|1742827200|FINAL,3025.63,3025.63,3026.85,3026.85,3023.18,3023.18,true
2025.03.24 15:45:00,SHORT,ASIA_HIGH|20250324,SSRP|ASIA_HIGH|20250324|1742829600,SSRP|ASIA_HIGH|20250324|1742829600|FINAL,SSRP|ASIA_HIGH|20250324|1742829600|FINAL,3024.38,3024.38,3028.75,3028.75,3015.64,3015.64,true
2025.03.24 16:20:00,SHORT,ASIA_HIGH|20250324,SSRP|ASIA_HIGH|20250324|1742832600,SSRP|ASIA_HIGH|20250324|1742832600|FINAL,SSRP|ASIA_HIGH|20250324|1742832600|FINAL,3025.81,3025.81,3028.38,3028.38,3020.67,3020.67,true
2025.03.24 16:25:00,SHORT,ASIA_HIGH|20250324,SSRP|ASIA_HIGH|20250324|1742833200,SSRP|ASIA_HIGH|20250324|1742833200|FINAL,SSRP|ASIA_HIGH|20250324|1742833200|FINAL,3024.51,3024.51,3027.16,3027.16,3019.20,3019.20,true
2025.03.24 18:35:00,LONG,ASIA_LOW|20250324,SSRP|ASIA_LOW|20250324|1742841000,SSRP|ASIA_LOW|20250324|1742841000|FINAL,SSRP|ASIA_LOW|20250324|1742841000|FINAL,3013.92,3013.92,3009.54,3009.54,3022.68,3022.68,true
2025.03.24 18:40:00,LONG,ASIA_LOW|20250324,SSRP|ASIA_LOW|20250324|1742841300,SSRP|ASIA_LOW|20250324|1742841300|FINAL,SSRP|ASIA_LOW|20250324|1742841300|FINAL,3014.70,3014.70,3010.87,3010.87,3022.37,3022.37,true
2025.03.24 18:50:00,LONG,ASIA_LOW|20250324,SSRP|ASIA_LOW|20250324|1742841900,SSRP|ASIA_LOW|20250324|1742841900|FINAL,SSRP|ASIA_LOW|20250324|1742841900|FINAL,3014.78,3014.78,3012.38,3012.38,3019.59,3019.59,true
2025.03.24 23:45:00,LONG,ASIA_LOW|20250324,SSRP|ASIA_LOW|20250324|1742859600,SSRP|ASIA_LOW|20250324|1742859600|FINAL,SSRP|ASIA_LOW|20250324|1742859600|FINAL,3014.14,3014.14,3012.69,3012.69,3017.03,3017.03,true
2025.03.25 09:05:00,SHORT,ASIA_HIGH|20250325,SSRP|ASIA_HIGH|20250325|1742893200,SSRP|ASIA_HIGH|20250325|1742893200|FINAL,SSRP|ASIA_HIGH|20250325|1742893200|FINAL,3016.23,3016.23,3018.73,3018.73,3011.23,3011.23,true
2025.03.25 09:15:00,SHORT,ASIA_HIGH|20250325,SSRP|ASIA_HIGH|20250325|1742893500,SSRP|ASIA_HIGH|20250325|1742893500|FINAL,SSRP|ASIA_HIGH|20250325|1742893500|FINAL,3016.05,3016.05,3017.86,3017.86,3012.43,3012.43,true
2025.03.25 09:20:00,SHORT,ASIA_HIGH|20250325,SSRP|ASIA_HIGH|20250325|1742894100,SSRP|ASIA_HIGH|20250325|1742894100|FINAL,SSRP|ASIA_HIGH|20250325|1742894100|FINAL,3016.34,3016.34,3016.90,3016.90,3015.23,3015.23,true
2025.03.25 09:35:00,SHORT,ASIA_HIGH|20250325,SSRP|ASIA_HIGH|20250325|1742894400,SSRP|ASIA_HIGH|20250325|1742894400|FINAL,SSRP|ASIA_HIGH|20250325|1742894400|FINAL,3015.89,3015.89,3017.45,3017.45,3012.76,3012.76,true
2025.03.25 09:40:00,SHORT,ASIA_HIGH|20250325,SSRP|ASIA_HIGH|20250325|1742895300,SSRP|ASIA_HIGH|20250325|1742895300|FINAL,SSRP|ASIA_HIGH|20250325|1742895300|FINAL,3015.58,3015.58,3017.45,3017.45,3011.84,3011.84,true
2025.03.25 10:15:00,SHORT,ASIA_HIGH|20250325,SSRP|ASIA_HIGH|20250325|1742897400,SSRP|ASIA_HIGH|20250325|1742897400|FINAL,SSRP|ASIA_HIGH|20250325|1742897400|FINAL,3015.19,3015.19,3017.57,3017.57,3010.43,3010.43,true
2025.03.25 10:20:00,SHORT,ASIA_HIGH|20250325,SSRP|ASIA_HIGH|20250325|1742897700,SSRP|ASIA_HIGH|20250325|1742897700|FINAL,SSRP|ASIA_HIGH|20250325|1742897700|FINAL,3013.33,3013.33,3017.32,3017.32,3005.35,3005.35,true
2025.03.25 15:15:00,SHORT,ASIA_HIGH|20250325,SSRP|ASIA_HIGH|20250325|1742915400,SSRP|ASIA_HIGH|20250325|1742915400|FINAL,SSRP|ASIA_HIGH|20250325|1742915400|FINAL,3016.38,3016.38,3018.79,3018.79,3011.55,3011.55,true
2025.03.25 15:20:00,SHORT,ASIA_HIGH|20250325,SSRP|ASIA_HIGH|20250325|1742915700,SSRP|ASIA_HIGH|20250325|1742915700|FINAL,SSRP|ASIA_HIGH|20250325|1742915700|FINAL,3016.16,3016.16,3018.80,3018.80,3010.88,3010.88,true
2025.03.26 08:10:00,LONG,ASIA_LOW|20250326,SSRP|ASIA_LOW|20250326|1742976300,SSRP|ASIA_LOW|20250326|1742976300|FINAL,SSRP|ASIA_LOW|20250326|1742976300|FINAL,3015.00,3015.00,3013.21,3013.21,3018.59,3018.59,true
2025.03.26 08:15:00,LONG,ASIA_LOW|20250326,SSRP|ASIA_LOW|20250326|1742976600,SSRP|ASIA_LOW|20250326|1742976600|FINAL,SSRP|ASIA_LOW|20250326|1742976600|FINAL,3015.67,3015.67,3013.21,3013.21,3020.60,3020.60,true
2025.03.26 10:10:00,SHORT,ASIA_HIGH|20250326,SSRP|ASIA_HIGH|20250326|1742983500,SSRP|ASIA_HIGH|20250326|1742983500|FINAL,SSRP|ASIA_HIGH|20250326|1742983500|FINAL,3026.47,3026.47,3027.67,3027.67,3024.08,3024.08,true
2025.03.26 11:20:00,SHORT,ASIA_HIGH|20250326,SSRP|ASIA_HIGH|20250326|1742987700,SSRP|ASIA_HIGH|20250326|1742987700|FINAL,SSRP|ASIA_HIGH|20250326|1742987700|FINAL,3026.41,3026.41,3029.09,3029.09,3021.05,3021.05,true
2025.03.26 11:35:00,SHORT,ASIA_HIGH|20250326,SSRP|ASIA_HIGH|20250326|1742988600,SSRP|ASIA_HIGH|20250326|1742988600|FINAL,SSRP|ASIA_HIGH|20250326|1742988600|FINAL,3026.37,3026.37,3028.04,3028.04,3023.03,3023.03,true
2025.03.26 11:40:00,SHORT,ASIA_HIGH|20250326,SSRP|ASIA_HIGH|20250326|1742988900,SSRP|ASIA_HIGH|20250326|1742988900|FINAL,SSRP|ASIA_HIGH|20250326|1742988900|FINAL,3026.73,3026.73,3027.98,3027.98,3024.22,3024.22,true
2025.03.26 15:05:00,SHORT,ASIA_HIGH|20250326,SSRP|ASIA_HIGH|20250326|1743001200,SSRP|ASIA_HIGH|20250326|1743001200|FINAL,SSRP|ASIA_HIGH|20250326|1743001200|FINAL,3026.12,3026.12,3028.80,3028.80,3020.75,3020.75,true
2025.03.26 15:20:00,SHORT,ASIA_HIGH|20250326,SSRP|ASIA_HIGH|20250326|1743001500,SSRP|ASIA_HIGH|20250326|1743001500|FINAL,SSRP|ASIA_HIGH|20250326|1743001500|FINAL,3026.49,3026.49,3028.49,3028.49,3022.49,3022.49,true
2025.03.26 15:25:00,SHORT,ASIA_HIGH|20250326,SSRP|ASIA_HIGH|20250326|1743002400,SSRP|ASIA_HIGH|20250326|1743002400|FINAL,SSRP|ASIA_HIGH|20250326|1743002400|FINAL,3025.73,3025.73,3027.70,3027.70,3021.78,3021.78,true
2025.03.26 15:35:00,SHORT,ASIA_HIGH|20250326,SSRP|ASIA_HIGH|20250326|1743002700,SSRP|ASIA_HIGH|20250326|1743002700|FINAL,SSRP|ASIA_HIGH|20250326|1743002700|FINAL,3026.78,3026.78,3028.17,3028.17,3024.00,3024.00,true
2025.03.26 16:00:00,SHORT,ASIA_HIGH|20250326,SSRP|ASIA_HIGH|20250326|1743004200,SSRP|ASIA_HIGH|20250326|1743004200|FINAL,SSRP|ASIA_HIGH|20250326|1743004200|FINAL,3024.99,3024.99,3029.21,3029.21,3016.55,3016.55,true
2025.03.26 16:05:00,SHORT,ASIA_HIGH|20250326,SSRP|ASIA_HIGH|20250326|1743004800,SSRP|ASIA_HIGH|20250326|1743004800|FINAL,SSRP|ASIA_HIGH|20250326|1743004800|FINAL,3024.88,3024.88,3027.58,3027.58,3019.48,3019.48,true
2025.03.26 18:05:00,LONG,ASIA_LOW|20250326,SSRP|ASIA_LOW|20250326|1743012000,SSRP|ASIA_LOW|20250326|1743012000|FINAL,SSRP|ASIA_LOW|20250326|1743012000|FINAL,3016.30,3016.30,3012.29,3012.29,3024.31,3024.31,true
2025.03.26 18:10:00,LONG,ASIA_LOW|20250326,SSRP|ASIA_LOW|20250326|1743012300,SSRP|ASIA_LOW|20250326|1743012300|FINAL,SSRP|ASIA_LOW|20250326|1743012300|FINAL,3017.49,3017.49,3012.49,3012.49,3027.49,3027.49,true
2025.03.27 16:35:00,SHORT,ASIA_HIGH|20250327,SSRP|ASIA_HIGH|20250327|1743092700,SSRP|ASIA_HIGH|20250327|1743092700|FINAL,SSRP|ASIA_HIGH|20250327|1743092700|FINAL,3037.28,3037.28,3043.49,3043.49,3024.87,3024.87,true
2025.03.28 08:35:00,SHORT,ASIA_HIGH|20250328,SSRP|ASIA_HIGH|20250328|1743150600,SSRP|ASIA_HIGH|20250328|1743150600|FINAL,SSRP|ASIA_HIGH|20250328|1743150600|FINAL,3077.16,3077.16,3078.05,3078.05,3075.37,3075.37,true
2025.03.28 09:30:00,SHORT,ASIA_HIGH|20250328,SSRP|ASIA_HIGH|20250328|1743153900,SSRP|ASIA_HIGH|20250328|1743153900|FINAL,SSRP|ASIA_HIGH|20250328|1743153900|FINAL,3074.38,3074.38,3082.84,3082.84,3057.46,3057.46,true
2025.03.28 09:35:00,SHORT,ASIA_HIGH|20250328,SSRP|ASIA_HIGH|20250328|1743154200,SSRP|ASIA_HIGH|20250328|1743154200|FINAL,SSRP|ASIA_HIGH|20250328|1743154200|FINAL,3074.54,3074.54,3082.84,3082.84,3057.93,3057.93,true
2025.03.28 11:05:00,SHORT,ASIA_HIGH|20250328,SSRP|ASIA_HIGH|20250328|1743159600,SSRP|ASIA_HIGH|20250328|1743159600|FINAL,SSRP|ASIA_HIGH|20250328|1743159600|FINAL,3076.53,3076.53,3081.33,3081.33,3066.93,3066.93,true
2025.03.28 11:10:00,SHORT,ASIA_HIGH|20250328,SSRP|ASIA_HIGH|20250328|1743159900,SSRP|ASIA_HIGH|20250328|1743159900|FINAL,SSRP|ASIA_HIGH|20250328|1743159900|FINAL,3075.05,3075.05,3079.21,3079.21,3066.74,3066.74,true
2025.03.28 14:55:00,SHORT,ASIA_HIGH|20250328,SSRP|ASIA_HIGH|20250328|1743172500,SSRP|ASIA_HIGH|20250328|1743172500|FINAL,SSRP|ASIA_HIGH|20250328|1743172500|FINAL,3076.40,3076.40,3079.93,3079.93,3069.35,3069.35,true
2025.03.28 15:00:00,SHORT,ASIA_HIGH|20250328,SSRP|ASIA_HIGH|20250328|1743173700,SSRP|ASIA_HIGH|20250328|1743173700|FINAL,SSRP|ASIA_HIGH|20250328|1743173700|FINAL,3074.86,3074.86,3078.16,3078.16,3068.26,3068.26,true
2025.03.28 16:05:00,SHORT,ASIA_HIGH|20250328,SSRP|ASIA_HIGH|20250328|1743177000,SSRP|ASIA_HIGH|20250328|1743177000|FINAL,SSRP|ASIA_HIGH|20250328|1743177000|FINAL,3074.81,3074.81,3082.03,3082.03,3060.38,3060.38,true
2025.03.28 16:10:00,SHORT,ASIA_HIGH|20250328,SSRP|ASIA_HIGH|20250328|1743177900,SSRP|ASIA_HIGH|20250328|1743177900|FINAL,SSRP|ASIA_HIGH|20250328|1743177900|FINAL,3073.78,3073.78,3079.96,3079.96,3061.43,3061.43,true
2025.03.28 16:35:00,SHORT,ASIA_HIGH|20250328,SSRP|ASIA_HIGH|20250328|1743179400,SSRP|ASIA_HIGH|20250328|1743179400|FINAL,SSRP|ASIA_HIGH|20250328|1743179400|FINAL,3072.07,3072.07,3079.67,3079.67,3056.87,3056.87,true
2025.03.28 17:25:00,SHORT,ASIA_HIGH|20250328,SSRP|ASIA_HIGH|20250328|1743182400,SSRP|ASIA_HIGH|20250328|1743182400|FINAL,SSRP|ASIA_HIGH|20250328|1743182400|FINAL,3076.14,3076.14,3084.51,3084.51,3059.40,3059.40,true
2025.03.28 17:30:00,SHORT,ASIA_HIGH|20250328,SSRP|ASIA_HIGH|20250328|1743182700,SSRP|ASIA_HIGH|20250328|1743182700|FINAL,SSRP|ASIA_HIGH|20250328|1743182700|FINAL,3073.47,3073.47,3082.69,3082.69,3055.04,3055.04,true
2025.03.28 20:45:00,SHORT,ASIA_HIGH|20250328,SSRP|ASIA_HIGH|20250328|1743194400,SSRP|ASIA_HIGH|20250328|1743194400|FINAL,SSRP|ASIA_HIGH|20250328|1743194400|FINAL,3076.48,3076.48,3081.13,3081.13,3067.18,3067.18,true
2025.03.28 20:50:00,SHORT,ASIA_HIGH|20250328,SSRP|ASIA_HIGH|20250328|1743194700,SSRP|ASIA_HIGH|20250328|1743194700|FINAL,SSRP|ASIA_HIGH|20250328|1743194700|FINAL,3077.00,3077.00,3078.66,3078.66,3073.69,3073.69,true
2025.03.28 21:35:00,SHORT,ASIA_HIGH|20250328,SSRP|ASIA_HIGH|20250328|1743197100,SSRP|ASIA_HIGH|20250328|1743197100|FINAL,SSRP|ASIA_HIGH|20250328|1743197100|FINAL,3074.50,3074.50,3080.01,3080.01,3063.49,3063.49,true
2025.03.31 09:40:00,SHORT,ASIA_HIGH|20250331,SSRP|ASIA_HIGH|20250331|1743413100,SSRP|ASIA_HIGH|20250331|1743413100|FINAL,SSRP|ASIA_HIGH|20250331|1743413100|FINAL,3115.45,3115.45,3121.21,3121.21,3103.92,3103.92,true
2025.03.31 09:45:00,SHORT,ASIA_HIGH|20250331,SSRP|ASIA_HIGH|20250331|1743414000,SSRP|ASIA_HIGH|20250331|1743414000|FINAL,SSRP|ASIA_HIGH|20250331|1743414000|FINAL,3115.60,3115.60,3117.92,3117.92,3110.96,3110.96,true
2025.03.31 09:50:00,SHORT,ASIA_HIGH|20250331,SSRP|ASIA_HIGH|20250331|1743414300,SSRP|ASIA_HIGH|20250331|1743414300|FINAL,SSRP|ASIA_HIGH|20250331|1743414300|FINAL,3115.32,3115.32,3117.53,3117.53,3110.89,3110.89,true
2025.03.31 12:40:00,SHORT,ASIA_HIGH|20250331,SSRP|ASIA_HIGH|20250331|1743424200,SSRP|ASIA_HIGH|20250331|1743424200|FINAL,SSRP|ASIA_HIGH|20250331|1743424200|FINAL,3115.37,3115.37,3121.44,3121.44,3103.24,3103.24,true
2025.03.31 12:45:00,SHORT,ASIA_HIGH|20250331,SSRP|ASIA_HIGH|20250331|1743424800,SSRP|ASIA_HIGH|20250331|1743424800|FINAL,SSRP|ASIA_HIGH|20250331|1743424800|FINAL,3113.12,3113.12,3116.68,3116.68,3105.99,3105.99,true
2025.03.31 12:50:00,SHORT,ASIA_HIGH|20250331,SSRP|ASIA_HIGH|20250331|1743425100,SSRP|ASIA_HIGH|20250331|1743425100|FINAL,SSRP|ASIA_HIGH|20250331|1743425100|FINAL,3113.16,3113.16,3116.48,3116.48,3106.51,3106.51,true
2025.03.31 14:30:00,SHORT,ASIA_HIGH|20250331,SSRP|ASIA_HIGH|20250331|1743430500,SSRP|ASIA_HIGH|20250331|1743430500|FINAL,SSRP|ASIA_HIGH|20250331|1743430500|FINAL,3113.90,3113.90,3119.83,3119.83,3102.04,3102.04,true
2025.03.31 16:30:00,SHORT,ASIA_HIGH|20250331,SSRP|ASIA_HIGH|20250331|1743438300,SSRP|ASIA_HIGH|20250331|1743438300|FINAL,SSRP|ASIA_HIGH|20250331|1743438300|FINAL,3112.44,3112.44,3120.57,3120.57,3096.18,3096.18,true
2025.03.31 16:35:00,SHORT,ASIA_HIGH|20250331,SSRP|ASIA_HIGH|20250331|1743438600,SSRP|ASIA_HIGH|20250331|1743438600|FINAL,SSRP|ASIA_HIGH|20250331|1743438600|FINAL,3108.74,3108.74,3119.57,3119.57,3087.08,3087.08,true
2025.03.31 18:40:00,SHORT,ASIA_HIGH|20250331,SSRP|ASIA_HIGH|20250331|1743445800,SSRP|ASIA_HIGH|20250331|1743445800|FINAL,SSRP|ASIA_HIGH|20250331|1743445800|FINAL,3115.69,3115.69,3121.45,3121.45,3104.16,3104.16,true
2025.03.31 18:50:00,SHORT,ASIA_HIGH|20250331,SSRP|ASIA_HIGH|20250331|1743446400,SSRP|ASIA_HIGH|20250331|1743446400|FINAL,SSRP|ASIA_HIGH|20250331|1743446400|FINAL,3115.32,3115.32,3117.49,3117.49,3110.98,3110.98,true
2025.03.31 18:55:00,SHORT,ASIA_HIGH|20250331,SSRP|ASIA_HIGH|20250331|1743447000,SSRP|ASIA_HIGH|20250331|1743447000|FINAL,SSRP|ASIA_HIGH|20250331|1743447000|FINAL,3113.80,3113.80,3117.08,3117.08,3107.25,3107.25,true
2025.03.31 19:05:00,SHORT,ASIA_HIGH|20250331,SSRP|ASIA_HIGH|20250331|1743447600,SSRP|ASIA_HIGH|20250331|1743447600|FINAL,SSRP|ASIA_HIGH|20250331|1743447600|FINAL,3114.28,3114.28,3117.22,3117.22,3108.40,3108.40,true
2025.03.31 19:10:00,SHORT,ASIA_HIGH|20250331,SSRP|ASIA_HIGH|20250331|1743447900,SSRP|ASIA_HIGH|20250331|1743447900|FINAL,SSRP|ASIA_HIGH|20250331|1743447900|FINAL,3113.92,3113.92,3116.96,3116.96,3107.84,3107.84,true
2025.04.01 08:40:00,SHORT,ASIA_HIGH|20250401,SSRP|ASIA_HIGH|20250401|1743496500,SSRP|ASIA_HIGH|20250401|1743496500|FINAL,SSRP|ASIA_HIGH|20250401|1743496500|FINAL,3145.32,3145.32,3149.16,3149.16,3137.65,3137.65,true
2025.04.01 18:45:00,LONG,ASIA_LOW|20250401,SSRP|ASIA_LOW|20250401|1743532800,SSRP|ASIA_LOW|20250401|1743532800|FINAL,SSRP|ASIA_LOW|20250401|1743532800|FINAL,3122.71,3122.71,3119.10,3119.10,3129.93,3129.93,true
2025.04.02 23:15:00,LONG,ASIA_LOW|20250402,SSRP|ASIA_LOW|20250402|1743635400,SSRP|ASIA_LOW|20250402|1743635400|FINAL,SSRP|ASIA_LOW|20250402|1743635400|FINAL,3120.10,3120.10,3104.45,3104.45,3151.40,3151.40,true
2025.04.02 23:20:00,LONG,ASIA_LOW|20250402,SSRP|ASIA_LOW|20250402|1743635700,SSRP|ASIA_LOW|20250402|1743635700|FINAL,SSRP|ASIA_LOW|20250402|1743635700|FINAL,3121.49,3121.49,3105.00,3105.00,3154.48,3154.48,true
2025.04.02 23:30:00,SHORT,ASIA_HIGH|20250402,SSRP|ASIA_HIGH|20250402|1743636300,SSRP|ASIA_HIGH|20250402|1743636300|FINAL,SSRP|ASIA_HIGH|20250402|1743636300|FINAL,3131.91,3131.91,3140.84,3140.84,3114.05,3114.05,true
2025.04.02 23:35:00,SHORT,ASIA_HIGH|20250402,SSRP|ASIA_HIGH|20250402|1743636600,SSRP|ASIA_HIGH|20250402|1743636600|FINAL,SSRP|ASIA_HIGH|20250402|1743636600|FINAL,3129.69,3129.69,3137.55,3137.55,3113.96,3113.96,true
2025.04.03 09:35:00,LONG,ASIA_LOW|20250403,SSRP|ASIA_LOW|20250403|1743672600,SSRP|ASIA_LOW|20250403|1743672600|FINAL,SSRP|ASIA_LOW|20250403|1743672600|FINAL,3125.45,3125.45,3116.21,3116.21,3143.92,3143.92,true
2025.04.03 10:15:00,LONG,ASIA_LOW|20250403,SSRP|ASIA_LOW|20250403|1743675000,SSRP|ASIA_LOW|20250403|1743675000|FINAL,SSRP|ASIA_LOW|20250403|1743675000|FINAL,3122.33,3122.33,3119.63,3119.63,3127.73,3127.73,true
2025.04.03 10:20:00,LONG,ASIA_LOW|20250403,SSRP|ASIA_LOW|20250403|1743675300,SSRP|ASIA_LOW|20250403|1743675300|FINAL,SSRP|ASIA_LOW|20250403|1743675300|FINAL,3124.00,3124.00,3119.76,3119.76,3132.48,3132.48,true
2025.04.03 17:25:00,LONG,ASIA_LOW|20250403,SSRP|ASIA_LOW|20250403|1743700500,SSRP|ASIA_LOW|20250403|1743700500|FINAL,SSRP|ASIA_LOW|20250403|1743700500|FINAL,3125.41,3125.41,3110.55,3110.55,3155.12,3155.12,true
2025.04.03 17:35:00,LONG,ASIA_LOW|20250403,SSRP|ASIA_LOW|20250403|1743701100,SSRP|ASIA_LOW|20250403|1743701100|FINAL,SSRP|ASIA_LOW|20250403|1743701100|FINAL,3122.74,3122.74,3117.18,3117.18,3133.87,3133.87,true
2025.04.03 17:45:00,LONG,ASIA_LOW|20250403,SSRP|ASIA_LOW|20250403|1743702000,SSRP|ASIA_LOW|20250403|1743702000|FINAL,SSRP|ASIA_LOW|20250403|1743702000|FINAL,3134.19,3134.19,3118.74,3118.74,3165.09,3165.09,true
2025.04.04 12:00:00,LONG,ASIA_LOW|20250404,SSRP|ASIA_LOW|20250404|1743767700,SSRP|ASIA_LOW|20250404|1743767700|FINAL,SSRP|ASIA_LOW|20250404|1743767700|FINAL,3089.89,3089.89,3083.56,3083.56,3102.54,3102.54,true
2025.04.04 12:05:00,LONG,ASIA_LOW|20250404,SSRP|ASIA_LOW|20250404|1743768000,SSRP|ASIA_LOW|20250404|1743768000|FINAL,SSRP|ASIA_LOW|20250404|1743768000|FINAL,3089.74,3089.74,3083.66,3083.66,3101.90,3101.90,true
2025.04.04 14:35:00,SHORT,ASIA_HIGH|20250404,SSRP|ASIA_HIGH|20250404|1743776700,SSRP|ASIA_HIGH|20250404|1743776700|FINAL,SSRP|ASIA_HIGH|20250404|1743776700|FINAL,3114.83,3114.83,3133.18,3133.18,3078.14,3078.14,true
2025.04.04 14:40:00,SHORT,ASIA_HIGH|20250404,SSRP|ASIA_HIGH|20250404|1743777300,SSRP|ASIA_HIGH|20250404|1743777300|FINAL,SSRP|ASIA_HIGH|20250404|1743777300|FINAL,3109.44,3109.44,3122.54,3122.54,3083.24,3083.24,true
2025.04.04 15:40:00,LONG,ASIA_LOW|20250404,SSRP|ASIA_LOW|20250404|1743780900,SSRP|ASIA_LOW|20250404|1743780900|FINAL,SSRP|ASIA_LOW|20250404|1743780900|FINAL,3088.74,3088.74,3069.99,3069.99,3126.23,3126.23,true
2025.04.07 20:50:00,LONG,ASIA_LOW|20250407,SSRP|ASIA_LOW|20250407|1744058100,SSRP|ASIA_LOW|20250407|1744058100|FINAL,SSRP|ASIA_LOW|20250407|1744058100|FINAL,2972.13,2972.13,2960.82,2960.82,2994.76,2994.76,true
2025.04.07 21:00:00,LONG,ASIA_LOW|20250407,SSRP|ASIA_LOW|20250407|1744059000,SSRP|ASIA_LOW|20250407|1744059000|FINAL,SSRP|ASIA_LOW|20250407|1744059000|FINAL,2971.77,2971.77,2967.17,2967.17,2980.97,2980.97,true
2025.04.07 21:10:00,LONG,ASIA_LOW|20250407,SSRP|ASIA_LOW|20250407|1744059900,SSRP|ASIA_LOW|20250407|1744059900|FINAL,SSRP|ASIA_LOW|20250407|1744059900|FINAL,2971.00,2971.00,2968.59,2968.59,2975.83,2975.83,true
2025.04.07 21:30:00,LONG,ASIA_LOW|20250407,SSRP|ASIA_LOW|20250407|1744061100,SSRP|ASIA_LOW|20250407|1744061100|FINAL,SSRP|ASIA_LOW|20250407|1744061100|FINAL,2971.84,2971.84,2968.34,2968.34,2978.83,2978.83,true
2025.04.07 21:35:00,LONG,ASIA_LOW|20250407,SSRP|ASIA_LOW|20250407|1744061400,SSRP|ASIA_LOW|20250407|1744061400|FINAL,SSRP|ASIA_LOW|20250407|1744061400|FINAL,2975.02,2975.02,2968.37,2968.37,2988.31,2988.31,true
2025.04.07 22:00:00,LONG,ASIA_LOW|20250407,SSRP|ASIA_LOW|20250407|1744062900,SSRP|ASIA_LOW|20250407|1744062900|FINAL,SSRP|ASIA_LOW|20250407|1744062900|FINAL,2971.29,2971.29,2963.74,2963.74,2986.38,2986.38,true
2025.04.07 22:10:00,LONG,ASIA_LOW|20250407,SSRP|ASIA_LOW|20250407|1744063200,SSRP|ASIA_LOW|20250407|1744063200|FINAL,SSRP|ASIA_LOW|20250407|1744063200|FINAL,2971.77,2971.77,2965.15,2965.15,2985.01,2985.01,true
2025.04.07 22:15:00,LONG,ASIA_LOW|20250407,SSRP|ASIA_LOW|20250407|1744063800,SSRP|ASIA_LOW|20250407|1744063800|FINAL,SSRP|ASIA_LOW|20250407|1744063800|FINAL,2971.85,2971.85,2967.88,2967.88,2979.80,2979.80,true
2025.04.07 22:20:00,LONG,ASIA_LOW|20250407,SSRP|ASIA_LOW|20250407|1744064100,SSRP|ASIA_LOW|20250407|1744064100|FINAL,SSRP|ASIA_LOW|20250407|1744064100|FINAL,2974.87,2974.87,2969.16,2969.16,2986.29,2986.29,true
2025.04.07 23:05:00,LONG,ASIA_LOW|20250407,SSRP|ASIA_LOW|20250407|1744066800,SSRP|ASIA_LOW|20250407|1744066800|FINAL,SSRP|ASIA_LOW|20250407|1744066800|FINAL,2976.79,2976.79,2968.76,2968.76,2992.85,2992.85,true
2025.04.08 08:20:00,SHORT,ASIA_HIGH|20250408,SSRP|ASIA_HIGH|20250408|1744100100,SSRP|ASIA_HIGH|20250408|1744100100|FINAL,SSRP|ASIA_HIGH|20250408|1744100100|FINAL,3002.37,3002.37,3005.47,3005.47,2996.17,2996.17,true
2025.04.08 09:05:00,SHORT,ASIA_HIGH|20250408,SSRP|ASIA_HIGH|20250408|1744102200,SSRP|ASIA_HIGH|20250408|1744102200|FINAL,SSRP|ASIA_HIGH|20250408|1744102200|FINAL,3004.08,3004.08,3008.44,3008.44,2995.36,2995.36,true
2025.04.08 09:10:00,SHORT,ASIA_HIGH|20250408,SSRP|ASIA_HIGH|20250408|1744103100,SSRP|ASIA_HIGH|20250408|1744103100|FINAL,SSRP|ASIA_HIGH|20250408|1744103100|FINAL,3004.51,3004.51,3005.70,3005.70,3002.12,3002.12,true
2025.04.08 10:40:00,SHORT,ASIA_HIGH|20250408,SSRP|ASIA_HIGH|20250408|1744108200,SSRP|ASIA_HIGH|20250408|1744108200|FINAL,SSRP|ASIA_HIGH|20250408|1744108200|FINAL,3003.06,3003.06,3011.61,3011.61,2985.96,2985.96,true
2025.04.08 10:55:00,SHORT,ASIA_HIGH|20250408,SSRP|ASIA_HIGH|20250408|1744108800,SSRP|ASIA_HIGH|20250408|1744108800|FINAL,SSRP|ASIA_HIGH|20250408|1744108800|FINAL,3003.59,3003.59,3008.15,3008.15,2994.47,2994.47,true
2025.04.08 11:35:00,SHORT,ASIA_HIGH|20250408,SSRP|ASIA_HIGH|20250408|1744111800,SSRP|ASIA_HIGH|20250408|1744111800|FINAL,SSRP|ASIA_HIGH|20250408|1744111800|FINAL,3004.28,3004.28,3009.10,3009.10,2994.63,2994.63,true
2025.04.08 11:45:00,SHORT,ASIA_HIGH|20250408,SSRP|ASIA_HIGH|20250408|1744112400,SSRP|ASIA_HIGH|20250408|1744112400|FINAL,SSRP|ASIA_HIGH|20250408|1744112400|FINAL,3004.37,3004.37,3009.22,3009.22,2994.67,2994.67,true
2025.04.08 12:10:00,SHORT,ASIA_HIGH|20250408,SSRP|ASIA_HIGH|20250408|1744113600,SSRP|ASIA_HIGH|20250408|1744113600|FINAL,SSRP|ASIA_HIGH|20250408|1744113600|FINAL,3003.14,3003.14,3007.61,3007.61,2994.19,2994.19,true
2025.04.08 12:15:00,SHORT,ASIA_HIGH|20250408,SSRP|ASIA_HIGH|20250408|1744114200,SSRP|ASIA_HIGH|20250408|1744114200|FINAL,SSRP|ASIA_HIGH|20250408|1744114200|FINAL,3000.39,3000.39,3006.20,3006.20,2988.77,2988.77,true
2025.04.08 12:45:00,SHORT,ASIA_HIGH|20250408,SSRP|ASIA_HIGH|20250408|1744116000,SSRP|ASIA_HIGH|20250408|1744116000|FINAL,SSRP|ASIA_HIGH|20250408|1744116000|FINAL,3004.15,3004.15,3007.95,3007.95,2996.55,2996.55,true
2025.04.08 15:50:00,SHORT,ASIA_HIGH|20250408,SSRP|ASIA_HIGH|20250408|1744126500,SSRP|ASIA_HIGH|20250408|1744126500|FINAL,SSRP|ASIA_HIGH|20250408|1744126500|FINAL,3003.56,3003.56,3013.12,3013.12,2984.45,2984.45,true
2025.04.08 15:55:00,SHORT,ASIA_HIGH|20250408,SSRP|ASIA_HIGH|20250408|1744127400,SSRP|ASIA_HIGH|20250408|1744127400|FINAL,SSRP|ASIA_HIGH|20250408|1744127400|FINAL,3002.61,3002.61,3007.64,3007.64,2992.56,2992.56,true
2025.04.08 18:10:00,SHORT,ASIA_HIGH|20250408,SSRP|ASIA_HIGH|20250408|1744134600,SSRP|ASIA_HIGH|20250408|1744134600|FINAL,SSRP|ASIA_HIGH|20250408|1744134600|FINAL,3004.47,3004.47,3016.72,3016.72,2979.97,2979.97,true
2025.04.08 18:45:00,SHORT,ASIA_HIGH|20250408,SSRP|ASIA_HIGH|20250408|1744137300,SSRP|ASIA_HIGH|20250408|1744137300|FINAL,SSRP|ASIA_HIGH|20250408|1744137300|FINAL,3004.04,3004.04,3012.52,3012.52,2987.08,2987.08,true
2025.04.08 18:55:00,SHORT,ASIA_HIGH|20250408,SSRP|ASIA_HIGH|20250408|1744137900,SSRP|ASIA_HIGH|20250408|1744137900|FINAL,SSRP|ASIA_HIGH|20250408|1744137900|FINAL,3001.52,3001.52,3006.38,3006.38,2991.81,2991.81,true
2025.04.08 19:00:00,SHORT,ASIA_HIGH|20250408,SSRP|ASIA_HIGH|20250408|1744138500,SSRP|ASIA_HIGH|20250408|1744138500|FINAL,SSRP|ASIA_HIGH|20250408|1744138500|FINAL,2997.85,2997.85,3005.97,3005.97,2981.62,2981.62,true
2025.04.08 20:15:00,LONG,ASIA_LOW|20250408,SSRP|ASIA_LOW|20250408|1744143000,SSRP|ASIA_LOW|20250408|1744143000|FINAL,SSRP|ASIA_LOW|20250408|1744143000|FINAL,2982.40,2982.40,2976.25,2976.25,2994.70,2994.70,true
2025.04.08 20:35:00,LONG,ASIA_LOW|20250408,SSRP|ASIA_LOW|20250408|1744144200,SSRP|ASIA_LOW|20250408|1744144200|FINAL,SSRP|ASIA_LOW|20250408|1744144200|FINAL,2978.80,2978.80,2974.37,2974.37,2987.65,2987.65,true
2025.04.08 20:40:00,LONG,ASIA_LOW|20250408,SSRP|ASIA_LOW|20250408|1744144500,SSRP|ASIA_LOW|20250408|1744144500|FINAL,SSRP|ASIA_LOW|20250408|1744144500|FINAL,2983.25,2983.25,2974.84,2974.84,3000.06,3000.06,true
2025.04.08 22:40:00,LONG,ASIA_LOW|20250408,SSRP|ASIA_LOW|20250408|1744151700,SSRP|ASIA_LOW|20250408|1744151700|FINAL,SSRP|ASIA_LOW|20250408|1744151700|FINAL,2981.66,2981.66,2976.55,2976.55,2991.89,2991.89,true
2025.04.08 22:45:00,LONG,ASIA_LOW|20250408,SSRP|ASIA_LOW|20250408|1744152000,SSRP|ASIA_LOW|20250408|1744152000|FINAL,SSRP|ASIA_LOW|20250408|1744152000|FINAL,2983.18,2983.18,2976.81,2976.81,2995.93,2995.93,true
2025.04.08 23:25:00,LONG,ASIA_LOW|20250408,SSRP|ASIA_LOW|20250408|1744154100,SSRP|ASIA_LOW|20250408|1744154100|FINAL,SSRP|ASIA_LOW|20250408|1744154100|FINAL,2980.65,2980.65,2976.99,2976.99,2987.98,2987.98,true
2025.04.09 08:30:00,SHORT,ASIA_HIGH|20250409,SSRP|ASIA_HIGH|20250409|1744187100,SSRP|ASIA_HIGH|20250409|1744187100|FINAL,SSRP|ASIA_HIGH|20250409|1744187100|FINAL,3013.71,3013.71,3019.16,3019.16,3002.81,3002.81,true
2025.04.10 08:10:00,SHORT,ASIA_HIGH|20250410,SSRP|ASIA_HIGH|20250410|1744272300,SSRP|ASIA_HIGH|20250410|1744272300|FINAL,SSRP|ASIA_HIGH|20250410|1744272300|FINAL,3129.71,3129.71,3132.76,3132.76,3123.60,3123.60,true
2025.04.10 15:35:00,SHORT,ASIA_HIGH|20250410,SSRP|ASIA_HIGH|20250410|1744299000,SSRP|ASIA_HIGH|20250410|1744299000|FINAL,SSRP|ASIA_HIGH|20250410|1744299000|FINAL,3117.19,3117.19,3134.13,3134.13,3083.30,3083.30,true
2025.04.10 16:30:00,SHORT,ASIA_HIGH|20250410,SSRP|ASIA_HIGH|20250410|1744302000,SSRP|ASIA_HIGH|20250410|1744302000|FINAL,SSRP|ASIA_HIGH|20250410|1744302000|FINAL,3121.20,3121.20,3136.97,3136.97,3089.67,3089.67,true
2025.04.10 16:35:00,SHORT,ASIA_HIGH|20250410,SSRP|ASIA_HIGH|20250410|1744302600,SSRP|ASIA_HIGH|20250410|1744302600|FINAL,SSRP|ASIA_HIGH|20250410|1744302600|FINAL,3123.32,3123.32,3133.33,3133.33,3103.30,3103.30,true
2025.04.11 11:25:00,SHORT,ASIA_HIGH|20250411,SSRP|ASIA_HIGH|20250411|1744370400,SSRP|ASIA_HIGH|20250411|1744370400|FINAL,SSRP|ASIA_HIGH|20250411|1744370400|FINAL,3219.22,3219.22,3227.76,3227.76,3202.14,3202.14,true
2025.04.11 11:30:00,SHORT,ASIA_HIGH|20250411,SSRP|ASIA_HIGH|20250411|1744370700,SSRP|ASIA_HIGH|20250411|1744370700|FINAL,SSRP|ASIA_HIGH|20250411|1744370700|FINAL,3215.99,3215.99,3223.64,3223.64,3200.69,3200.69,true
2025.04.11 11:50:00,SHORT,ASIA_HIGH|20250411,SSRP|ASIA_HIGH|20250411|1744371900,SSRP|ASIA_HIGH|20250411|1744371900|FINAL,SSRP|ASIA_HIGH|20250411|1744371900|FINAL,3218.69,3218.69,3224.97,3224.97,3206.13,3206.13,true
2025.04.11 11:55:00,SHORT,ASIA_HIGH|20250411,SSRP|ASIA_HIGH|20250411|1744372200,SSRP|ASIA_HIGH|20250411|1744372200|FINAL,SSRP|ASIA_HIGH|20250411|1744372200|FINAL,3216.02,3216.02,3224.61,3224.61,3198.84,3198.84,true
2025.04.11 13:40:00,SHORT,ASIA_HIGH|20250411,SSRP|ASIA_HIGH|20250411|1744378500,SSRP|ASIA_HIGH|20250411|1744378500|FINAL,SSRP|ASIA_HIGH|20250411|1744378500|FINAL,3215.86,3215.86,3225.28,3225.28,3197.02,3197.02,true
2025.04.11 13:45:00,SHORT,ASIA_HIGH|20250411,SSRP|ASIA_HIGH|20250411|1744378800,SSRP|ASIA_HIGH|20250411|1744378800|FINAL,SSRP|ASIA_HIGH|20250411|1744378800|FINAL,3215.85,3215.85,3224.86,3224.86,3197.83,3197.83,true
2025.04.11 14:30:00,SHORT,ASIA_HIGH|20250411,SSRP|ASIA_HIGH|20250411|1744380300,SSRP|ASIA_HIGH|20250411|1744380300|FINAL,SSRP|ASIA_HIGH|20250411|1744380300|FINAL,3218.56,3218.56,3224.97,3224.97,3205.74,3205.74,true
2025.04.14 13:45:00,LONG,ASIA_LOW|20250414,SSRP|ASIA_LOW|20250414|1744637700,SSRP|ASIA_LOW|20250414|1744637700|FINAL,SSRP|ASIA_LOW|20250414|1744637700|FINAL,3213.28,3213.28,3206.13,3206.13,3227.59,3227.59,true
2025.04.14 13:50:00,LONG,ASIA_LOW|20250414,SSRP|ASIA_LOW|20250414|1744638300,SSRP|ASIA_LOW|20250414|1744638300|FINAL,SSRP|ASIA_LOW|20250414|1744638300|FINAL,3213.79,3213.79,3207.14,3207.14,3227.08,3227.08,true
2025.04.14 15:45:00,LONG,ASIA_LOW|20250414,SSRP|ASIA_LOW|20250414|1744645200,SSRP|ASIA_LOW|20250414|1744645200|FINAL,SSRP|ASIA_LOW|20250414|1744645200|FINAL,3211.29,3211.29,3200.18,3200.18,3233.50,3233.50,true
2025.04.14 17:45:00,LONG,ASIA_LOW|20250414,SSRP|ASIA_LOW|20250414|1744651500,SSRP|ASIA_LOW|20250414|1744651500|FINAL,SSRP|ASIA_LOW|20250414|1744651500|FINAL,3214.54,3214.54,3200.11,3200.11,3243.40,3243.40,true
2025.04.14 17:50:00,LONG,ASIA_LOW|20250414,SSRP|ASIA_LOW|20250414|1744652700,SSRP|ASIA_LOW|20250414|1744652700|FINAL,SSRP|ASIA_LOW|20250414|1744652700|FINAL,3212.49,3212.49,3207.65,3207.65,3222.16,3222.16,true
2025.04.14 20:10:00,LONG,ASIA_LOW|20250414,SSRP|ASIA_LOW|20250414|1744660800,SSRP|ASIA_LOW|20250414|1744660800|FINAL,SSRP|ASIA_LOW|20250414|1744660800|FINAL,3210.47,3210.47,3206.89,3206.89,3217.63,3217.63,true
2025.04.14 20:25:00,LONG,ASIA_LOW|20250414,SSRP|ASIA_LOW|20250414|1744661400,SSRP|ASIA_LOW|20250414|1744661400|FINAL,SSRP|ASIA_LOW|20250414|1744661400|FINAL,3210.49,3210.49,3208.28,3208.28,3214.91,3214.91,true
2025.04.14 20:30:00,LONG,ASIA_LOW|20250414,SSRP|ASIA_LOW|20250414|1744662300,SSRP|ASIA_LOW|20250414|1744662300|FINAL,SSRP|ASIA_LOW|20250414|1744662300|FINAL,3214.56,3214.56,3208.27,3208.27,3227.14,3227.14,true
2025.04.14 22:15:00,LONG,ASIA_LOW|20250414,SSRP|ASIA_LOW|20250414|1744668300,SSRP|ASIA_LOW|20250414|1744668300|FINAL,SSRP|ASIA_LOW|20250414|1744668300|FINAL,3211.26,3211.26,3207.86,3207.86,3218.05,3218.05,true
2025.04.14 22:20:00,LONG,ASIA_LOW|20250414,SSRP|ASIA_LOW|20250414|1744668900,SSRP|ASIA_LOW|20250414|1744668900|FINAL,SSRP|ASIA_LOW|20250414|1744668900|FINAL,3210.85,3210.85,3209.38,3209.38,3213.79,3213.79,true
2025.04.14 22:35:00,LONG,ASIA_LOW|20250414,SSRP|ASIA_LOW|20250414|1744669800,SSRP|ASIA_LOW|20250414|1744669800|FINAL,SSRP|ASIA_LOW|20250414|1744669800|FINAL,3210.14,3210.14,3208.53,3208.53,3213.37,3213.37,true
2025.04.14 22:45:00,LONG,ASIA_LOW|20250414,SSRP|ASIA_LOW|20250414|1744670100,SSRP|ASIA_LOW|20250414|1744670100|FINAL,SSRP|ASIA_LOW|20250414|1744670100|FINAL,3211.90,3211.90,3209.14,3209.14,3217.41,3217.41,true
2025.04.14 23:25:00,LONG,ASIA_LOW|20250414,SSRP|ASIA_LOW|20250414|1744672800,SSRP|ASIA_LOW|20250414|1744672800|FINAL,SSRP|ASIA_LOW|20250414|1744672800|FINAL,3211.88,3211.88,3209.30,3209.30,3217.04,3217.04,true
2025.04.14 23:35:00,LONG,ASIA_LOW|20250414,SSRP|ASIA_LOW|20250414|1744673400,SSRP|ASIA_LOW|20250414|1744673400|FINAL,SSRP|ASIA_LOW|20250414|1744673400|FINAL,3210.32,3210.32,3207.26,3207.26,3216.44,3216.44,true
2025.04.14 23:40:00,LONG,ASIA_LOW|20250414,SSRP|ASIA_LOW|20250414|1744673700,SSRP|ASIA_LOW|20250414|1744673700|FINAL,SSRP|ASIA_LOW|20250414|1744673700|FINAL,3211.53,3211.53,3207.27,3207.27,3220.06,3220.06,true
2025.04.15 23:05:00,SHORT,ASIA_HIGH|20250415,SSRP|ASIA_HIGH|20250415|1744758000,SSRP|ASIA_HIGH|20250415|1744758000|FINAL,SSRP|ASIA_HIGH|20250415|1744758000|FINAL,3231.44,3231.44,3233.74,3233.74,3226.83,3226.83,true
2025.04.15 23:10:00,SHORT,ASIA_HIGH|20250415,SSRP|ASIA_HIGH|20250415|1744758300,SSRP|ASIA_HIGH|20250415|1744758300|FINAL,SSRP|ASIA_HIGH|20250415|1744758300|FINAL,3231.13,3231.13,3233.75,3233.75,3225.90,3225.90,true
2025.04.16 08:10:00,SHORT,ASIA_HIGH|20250416,SSRP|ASIA_HIGH|20250416|1744790700,SSRP|ASIA_HIGH|20250416|1744790700|FINAL,SSRP|ASIA_HIGH|20250416|1744790700|FINAL,3287.26,3287.26,3289.25,3289.25,3283.27,3283.27,true
2025.04.16 09:00:00,SHORT,ASIA_HIGH|20250416,SSRP|ASIA_HIGH|20250416|1744793700,SSRP|ASIA_HIGH|20250416|1744793700|FINAL,SSRP|ASIA_HIGH|20250416|1744793700|FINAL,3286.97,3286.97,3290.83,3290.83,3279.26,3279.26,true
2025.04.17 10:35:00,LONG,ASIA_LOW|20250417,SSRP|ASIA_LOW|20250417|1744885500,SSRP|ASIA_LOW|20250417|1744885500|FINAL,SSRP|ASIA_LOW|20250417|1744885500|FINAL,3322.22,3322.22,3316.25,3316.25,3334.16,3334.16,true
2025.04.17 10:40:00,LONG,ASIA_LOW|20250417,SSRP|ASIA_LOW|20250417|1744886100,SSRP|ASIA_LOW|20250417|1744886100|FINAL,SSRP|ASIA_LOW|20250417|1744886100|FINAL,3323.13,3323.13,3318.27,3318.27,3332.85,3332.85,true
2025.04.17 11:10:00,LONG,ASIA_LOW|20250417,SSRP|ASIA_LOW|20250417|1744887900,SSRP|ASIA_LOW|20250417|1744887900|FINAL,SSRP|ASIA_LOW|20250417|1744887900|FINAL,3322.35,3322.35,3319.53,3319.53,3328.00,3328.00,true
2025.04.17 11:45:00,LONG,ASIA_LOW|20250417,SSRP|ASIA_LOW|20250417|1744890000,SSRP|ASIA_LOW|20250417|1744890000|FINAL,SSRP|ASIA_LOW|20250417|1744890000|FINAL,3321.26,3321.26,3316.66,3316.66,3330.46,3330.46,true
2025.04.17 11:50:00,LONG,ASIA_LOW|20250417,SSRP|ASIA_LOW|20250417|1744890300,SSRP|ASIA_LOW|20250417|1744890300|FINAL,SSRP|ASIA_LOW|20250417|1744890300|FINAL,3321.78,3321.78,3318.07,3318.07,3329.20,3329.20,true
2025.04.17 20:50:00,LONG,ASIA_LOW|20250417,SSRP|ASIA_LOW|20250417|1744922400,SSRP|ASIA_LOW|20250417|1744922400|FINAL,SSRP|ASIA_LOW|20250417|1744922400|FINAL,3321.69,3321.69,3316.77,3316.77,3331.53,3331.53,true
2025.04.17 22:50:00,LONG,ASIA_LOW|20250417,SSRP|ASIA_LOW|20250417|1744929900,SSRP|ASIA_LOW|20250417|1744929900|FINAL,SSRP|ASIA_LOW|20250417|1744929900|FINAL,3321.33,3321.33,3319.10,3319.10,3325.78,3325.78,true
2025.04.17 23:05:00,LONG,ASIA_LOW|20250417,SSRP|ASIA_LOW|20250417|1744930200,SSRP|ASIA_LOW|20250417|1744930200|FINAL,SSRP|ASIA_LOW|20250417|1744930200|FINAL,3321.63,3321.63,3317.87,3317.87,3329.15,3329.15,true
2025.04.17 23:10:00,LONG,ASIA_LOW|20250417,SSRP|ASIA_LOW|20250417|1744931100,SSRP|ASIA_LOW|20250417|1744931100|FINAL,SSRP|ASIA_LOW|20250417|1744931100|FINAL,3321.97,3321.97,3319.75,3319.75,3326.41,3326.41,true
2025.04.21 08:10:00,SHORT,ASIA_HIGH|20250421,SSRP|ASIA_HIGH|20250421|1745222700,SSRP|ASIA_HIGH|20250421|1745222700|FINAL,SSRP|ASIA_HIGH|20250421|1745222700|FINAL,3382.72,3382.72,3385.91,3385.91,3376.34,3376.34,true
2025.04.22 09:00:00,SHORT,ASIA_HIGH|20250422,SSRP|ASIA_HIGH|20250422|1745312100,SSRP|ASIA_HIGH|20250422|1745312100|FINAL,SSRP|ASIA_HIGH|20250422|1745312100|FINAL,3490.09,3490.09,3495.78,3495.78,3478.72,3478.72,true
2025.04.22 09:20:00,SHORT,ASIA_HIGH|20250422,SSRP|ASIA_HIGH|20250422|1745313000,SSRP|ASIA_HIGH|20250422|1745313000|FINAL,SSRP|ASIA_HIGH|20250422|1745313000|FINAL,3485.73,3485.73,3500.27,3500.27,3456.65,3456.65,true
2025.04.22 09:25:00,SHORT,ASIA_HIGH|20250422,SSRP|ASIA_HIGH|20250422|1745313600,SSRP|ASIA_HIGH|20250422|1745313600|FINAL,SSRP|ASIA_HIGH|20250422|1745313600|FINAL,3488.41,3488.41,3495.99,3495.99,3473.24,3473.24,true
2025.04.22 16:50:00,LONG,ASIA_LOW|20250422,SSRP|ASIA_LOW|20250422|1745340300,SSRP|ASIA_LOW|20250422|1745340300|FINAL,SSRP|ASIA_LOW|20250422|1745340300|FINAL,3425.89,3425.89,3408.07,3408.07,3461.53,3461.53,true
2025.04.22 18:35:00,LONG,ASIA_LOW|20250422,SSRP|ASIA_LOW|20250422|1745346600,SSRP|ASIA_LOW|20250422|1745346600|FINAL,SSRP|ASIA_LOW|20250422|1745346600|FINAL,3425.55,3425.55,3410.03,3410.03,3456.59,3456.59,true
2025.04.22 19:05:00,LONG,ASIA_LOW|20250422,SSRP|ASIA_LOW|20250422|1745348400,SSRP|ASIA_LOW|20250422|1745348400|FINAL,SSRP|ASIA_LOW|20250422|1745348400|FINAL,3418.45,3418.45,3404.75,3404.75,3445.85,3445.85,true
2025.04.22 19:10:00,LONG,ASIA_LOW|20250422,SSRP|ASIA_LOW|20250422|1745348700,SSRP|ASIA_LOW|20250422|1745348700|FINAL,SSRP|ASIA_LOW|20250422|1745348700|FINAL,3414.02,3414.02,3410.53,3410.53,3421.00,3421.00,true
2025.04.23 09:10:00,LONG,ASIA_LOW|20250423,SSRP|ASIA_LOW|20250423|1745398800,SSRP|ASIA_LOW|20250423|1745398800|FINAL,SSRP|ASIA_LOW|20250423|1745398800|FINAL,3316.49,3316.49,3307.59,3307.59,3334.29,3334.29,true
2025.04.23 09:15:00,LONG,ASIA_LOW|20250423,SSRP|ASIA_LOW|20250423|1745399400,SSRP|ASIA_LOW|20250423|1745399400|FINAL,SSRP|ASIA_LOW|20250423|1745399400|FINAL,3322.15,3322.15,3309.42,3309.42,3347.62,3347.62,true
2025.04.23 09:20:00,LONG,ASIA_LOW|20250423,SSRP|ASIA_LOW|20250423|1745399700,SSRP|ASIA_LOW|20250423|1745399700|FINAL,SSRP|ASIA_LOW|20250423|1745399700|FINAL,3320.15,3320.15,3313.95,3313.95,3332.55,3332.55,true
2025.04.23 09:45:00,LONG,ASIA_LOW|20250423,SSRP|ASIA_LOW|20250423|1745401200,SSRP|ASIA_LOW|20250423|1745401200|FINAL,SSRP|ASIA_LOW|20250423|1745401200|FINAL,3316.45,3316.45,3311.92,3311.92,3325.52,3325.52,true
2025.04.23 10:40:00,LONG,ASIA_LOW|20250423,SSRP|ASIA_LOW|20250423|1745404500,SSRP|ASIA_LOW|20250423|1745404500|FINAL,SSRP|ASIA_LOW|20250423|1745404500|FINAL,3318.26,3318.26,3309.31,3309.31,3336.15,3336.15,true
2025.04.23 10:50:00,LONG,ASIA_LOW|20250423,SSRP|ASIA_LOW|20250423|1745404800,SSRP|ASIA_LOW|20250423|1745404800|FINAL,SSRP|ASIA_LOW|20250423|1745404800|FINAL,3319.18,3319.18,3311.93,3311.93,3333.68,3333.68,true
2025.04.23 10:55:00,LONG,ASIA_LOW|20250423,SSRP|ASIA_LOW|20250423|1745405400,SSRP|ASIA_LOW|20250423|1745405400|FINAL,SSRP|ASIA_LOW|20250423|1745405400|FINAL,3319.19,3319.19,3313.01,3313.01,3331.55,3331.55,true
2025.04.23 11:35:00,LONG,ASIA_LOW|20250423,SSRP|ASIA_LOW|20250423|1745406900,SSRP|ASIA_LOW|20250423|1745406900|FINAL,SSRP|ASIA_LOW|20250423|1745406900|FINAL,3316.54,3316.54,3305.80,3305.80,3338.02,3338.02,true
2025.04.23 11:40:00,LONG,ASIA_LOW|20250423,SSRP|ASIA_LOW|20250423|1745408100,SSRP|ASIA_LOW|20250423|1745408100|FINAL,SSRP|ASIA_LOW|20250423|1745408100|FINAL,3317.36,3317.36,3314.14,3314.14,3323.81,3323.81,true
2025.04.23 15:15:00,LONG,ASIA_LOW|20250423,SSRP|ASIA_LOW|20250423|1745421000,SSRP|ASIA_LOW|20250423|1745421000|FINAL,SSRP|ASIA_LOW|20250423|1745421000|FINAL,3323.82,3323.82,3313.50,3313.50,3344.46,3344.46,true
2025.04.25 23:55:00,LONG,ASIA_LOW|20250425,SSRP|ASIA_LOW|20250425|1745624700,SSRP|ASIA_LOW|20250425|1745624700|FINAL,SSRP|ASIA_LOW|20250425|1745624700|FINAL,3319.35,3319.35,3313.43,3313.43,3331.18,3331.18,true
2025.04.28 17:50:00,SHORT,ASIA_HIGH|20250428,SSRP|ASIA_HIGH|20250428|1745862300,SSRP|ASIA_HIGH|20250428|1745862300|FINAL,SSRP|ASIA_HIGH|20250428|1745862300|FINAL,3329.77,3329.77,3333.55,3333.55,3322.21,3322.21,true
2025.04.28 17:55:00,SHORT,ASIA_HIGH|20250428,SSRP|ASIA_HIGH|20250428|1745862600,SSRP|ASIA_HIGH|20250428|1745862600|FINAL,SSRP|ASIA_HIGH|20250428|1745862600|FINAL,3328.58,3328.58,3333.05,3333.05,3319.63,3319.63,true
2025.04.28 18:20:00,SHORT,ASIA_HIGH|20250428,SSRP|ASIA_HIGH|20250428|1745864100,SSRP|ASIA_HIGH|20250428|1745864100|FINAL,SSRP|ASIA_HIGH|20250428|1745864100|FINAL,3330.68,3330.68,3336.34,3336.34,3319.37,3319.37,true
2025.04.28 18:25:00,SHORT,ASIA_HIGH|20250428,SSRP|ASIA_HIGH|20250428|1745864400,SSRP|ASIA_HIGH|20250428|1745864400|FINAL,SSRP|ASIA_HIGH|20250428|1745864400|FINAL,3328.62,3328.62,3334.48,3334.48,3316.89,3316.89,true
2025.04.29 08:20:00,LONG,ASIA_LOW|20250429,SSRP|ASIA_LOW|20250429|1745914500,SSRP|ASIA_LOW|20250429|1745914500|FINAL,SSRP|ASIA_LOW|20250429|1745914500|FINAL,3307.50,3307.50,3304.93,3304.93,3312.64,3312.64,true
2025.04.29 08:25:00,LONG,ASIA_LOW|20250429,SSRP|ASIA_LOW|20250429|1745914800,SSRP|ASIA_LOW|20250429|1745914800|FINAL,SSRP|ASIA_LOW|20250429|1745914800|FINAL,3309.36,3309.36,3305.55,3305.55,3316.99,3316.99,true
2025.04.29 13:20:00,LONG,ASIA_LOW|20250429,SSRP|ASIA_LOW|20250429|1745932500,SSRP|ASIA_LOW|20250429|1745932500|FINAL,SSRP|ASIA_LOW|20250429|1745932500|FINAL,3309.34,3309.34,3306.07,3306.07,3315.89,3315.89,true
2025.04.29 15:20:00,LONG,ASIA_LOW|20250429,SSRP|ASIA_LOW|20250429|1745939400,SSRP|ASIA_LOW|20250429|1745939400|FINAL,SSRP|ASIA_LOW|20250429|1745939400|FINAL,3308.30,3308.30,3300.29,3300.29,3324.32,3324.32,true
2025.04.29 15:25:00,LONG,ASIA_LOW|20250429,SSRP|ASIA_LOW|20250429|1745940000,SSRP|ASIA_LOW|20250429|1745940000|FINAL,SSRP|ASIA_LOW|20250429|1745940000|FINAL,3311.35,3311.35,3300.28,3300.28,3333.48,3333.48,true
2025.04.29 15:40:00,LONG,ASIA_LOW|20250429,SSRP|ASIA_LOW|20250429|1745940900,SSRP|ASIA_LOW|20250429|1745940900|FINAL,SSRP|ASIA_LOW|20250429|1745940900|FINAL,3309.36,3309.36,3303.61,3303.61,3320.86,3320.86,true
2025.04.29 17:10:00,LONG,ASIA_LOW|20250429,SSRP|ASIA_LOW|20250429|1745945100,SSRP|ASIA_LOW|20250429|1745945100|FINAL,SSRP|ASIA_LOW|20250429|1745945100|FINAL,3309.11,3309.11,3299.37,3299.37,3328.58,3328.58,true
2025.04.29 17:15:00,LONG,ASIA_LOW|20250429,SSRP|ASIA_LOW|20250429|1745946600,SSRP|ASIA_LOW|20250429|1745946600|FINAL,SSRP|ASIA_LOW|20250429|1745946600|FINAL,3308.28,3308.28,3304.28,3304.28,3316.29,3316.29,true
2025.04.29 18:45:00,LONG,ASIA_LOW|20250429,SSRP|ASIA_LOW|20250429|1745952000,SSRP|ASIA_LOW|20250429|1745952000|FINAL,SSRP|ASIA_LOW|20250429|1745952000|FINAL,3311.01,3311.01,3305.07,3305.07,3322.89,3322.89,true
2025.04.29 18:50:00,LONG,ASIA_LOW|20250429,SSRP|ASIA_LOW|20250429|1745952300,SSRP|ASIA_LOW|20250429|1745952300|FINAL,SSRP|ASIA_LOW|20250429|1745952300|FINAL,3313.43,3313.43,3305.58,3305.58,3329.13,3329.13,true
2025.04.30 15:45:00,LONG,ASIA_LOW|20250430,SSRP|ASIA_LOW|20250430|1746027600,SSRP|ASIA_LOW|20250430|1746027600|FINAL,SSRP|ASIA_LOW|20250430|1746027600|FINAL,3303.38,3303.38,3285.77,3285.77,3338.60,3338.60,true
2025.04.30 16:10:00,LONG,ASIA_LOW|20250430,SSRP|ASIA_LOW|20250430|1746028800,SSRP|ASIA_LOW|20250430|1746028800|FINAL,SSRP|ASIA_LOW|20250430|1746028800|FINAL,3308.20,3308.20,3295.88,3295.88,3332.85,3332.85,true
2025.04.30 16:15:00,LONG,ASIA_LOW|20250430,SSRP|ASIA_LOW|20250430|1746029400,SSRP|ASIA_LOW|20250430|1746029400|FINAL,SSRP|ASIA_LOW|20250430|1746029400|FINAL,3305.08,3305.08,3299.28,3299.28,3316.67,3316.67,true
2025.04.30 17:05:00,LONG,ASIA_LOW|20250430,SSRP|ASIA_LOW|20250430|1746032400,SSRP|ASIA_LOW|20250430|1746032400|FINAL,SSRP|ASIA_LOW|20250430|1746032400|FINAL,3307.65,3307.65,3298.31,3298.31,3326.33,3326.33,true
2025.04.30 17:50:00,LONG,ASIA_LOW|20250430,SSRP|ASIA_LOW|20250430|1746034800,SSRP|ASIA_LOW|20250430|1746034800|FINAL,SSRP|ASIA_LOW|20250430|1746034800|FINAL,3304.60,3304.60,3292.63,3292.63,3328.53,3328.53,true
2025.04.30 17:55:00,LONG,ASIA_LOW|20250430,SSRP|ASIA_LOW|20250430|1746035400,SSRP|ASIA_LOW|20250430|1746035400|FINAL,SSRP|ASIA_LOW|20250430|1746035400|FINAL,3309.97,3309.97,3298.27,3298.27,3333.38,3333.38,true
2025.04.30 18:50:00,LONG,ASIA_LOW|20250430,SSRP|ASIA_LOW|20250430|1746038700,SSRP|ASIA_LOW|20250430|1746038700|FINAL,SSRP|ASIA_LOW|20250430|1746038700|FINAL,3304.02,3304.02,3298.75,3298.75,3314.56,3314.56,true
2025.04.30 18:55:00,LONG,ASIA_LOW|20250430,SSRP|ASIA_LOW|20250430|1746039000,SSRP|ASIA_LOW|20250430|1746039000|FINAL,SSRP|ASIA_LOW|20250430|1746039000|FINAL,3308.00,3308.00,3299.90,3299.90,3324.20,3324.20,true
2025.04.30 21:30:00,LONG,ASIA_LOW|20250430,SSRP|ASIA_LOW|20250430|1746048300,SSRP|ASIA_LOW|20250430|1746048300|FINAL,SSRP|ASIA_LOW|20250430|1746048300|FINAL,3302.16,3302.16,3300.60,3300.60,3305.28,3305.28,true
2025.04.30 21:35:00,LONG,ASIA_LOW|20250430,SSRP|ASIA_LOW|20250430|1746048600,SSRP|ASIA_LOW|20250430|1746048600|FINAL,SSRP|ASIA_LOW|20250430|1746048600|FINAL,3301.81,3301.81,3300.60,3300.60,3304.23,3304.23,true
2025.04.30 21:45:00,LONG,ASIA_LOW|20250430,SSRP|ASIA_LOW|20250430|1746049200,SSRP|ASIA_LOW|20250430|1746049200|FINAL,SSRP|ASIA_LOW|20250430|1746049200|FINAL,3302.75,3302.75,3300.28,3300.28,3307.69,3307.69,true
2025.04.30 21:50:00,LONG,ASIA_LOW|20250430,SSRP|ASIA_LOW|20250430|1746049500,SSRP|ASIA_LOW|20250430|1746049500|FINAL,SSRP|ASIA_LOW|20250430|1746049500|FINAL,3302.46,3302.46,3300.37,3300.37,3306.64,3306.64,true
2025.05.01 12:45:00,LONG,ASIA_LOW|20250501,SSRP|ASIA_LOW|20250501|1746103200,SSRP|ASIA_LOW|20250501|1746103200|FINAL,SSRP|ASIA_LOW|20250501|1746103200|FINAL,3223.91,3223.91,3219.66,3219.66,3232.40,3232.40,true
2025.05.01 13:35:00,LONG,ASIA_LOW|20250501,SSRP|ASIA_LOW|20250501|1746105900,SSRP|ASIA_LOW|20250501|1746105900|FINAL,SSRP|ASIA_LOW|20250501|1746105900|FINAL,3222.47,3222.47,3214.61,3214.61,3238.19,3238.19,true
2025.05.01 13:40:00,LONG,ASIA_LOW|20250501,SSRP|ASIA_LOW|20250501|1746106500,SSRP|ASIA_LOW|20250501|1746106500|FINAL,SSRP|ASIA_LOW|20250501|1746106500|FINAL,3224.11,3224.11,3219.50,3219.50,3233.33,3233.33,true
2025.05.01 15:30:00,LONG,ASIA_LOW|20250501,SSRP|ASIA_LOW|20250501|1746112800,SSRP|ASIA_LOW|20250501|1746112800|FINAL,SSRP|ASIA_LOW|20250501|1746112800|FINAL,3223.01,3223.01,3207.94,3207.94,3253.14,3253.14,true
2025.05.01 15:35:00,LONG,ASIA_LOW|20250501,SSRP|ASIA_LOW|20250501|1746113400,SSRP|ASIA_LOW|20250501|1746113400|FINAL,SSRP|ASIA_LOW|20250501|1746113400|FINAL,3224.69,3224.69,3218.19,3218.19,3237.70,3237.70,true
2025.05.01 15:40:00,LONG,ASIA_LOW|20250501,SSRP|ASIA_LOW|20250501|1746113700,SSRP|ASIA_LOW|20250501|1746113700|FINAL,SSRP|ASIA_LOW|20250501|1746113700|FINAL,3226.53,3226.53,3219.96,3219.96,3239.67,3239.67,true
2025.05.01 16:50:00,LONG,ASIA_LOW|20250501,SSRP|ASIA_LOW|20250501|1746117900,SSRP|ASIA_LOW|20250501|1746117900|FINAL,SSRP|ASIA_LOW|20250501|1746117900|FINAL,3222.84,3222.84,3218.44,3218.44,3231.64,3231.64,true
2025.05.01 16:55:00,LONG,ASIA_LOW|20250501,SSRP|ASIA_LOW|20250501|1746118200,SSRP|ASIA_LOW|20250501|1746118200|FINAL,SSRP|ASIA_LOW|20250501|1746118200|FINAL,3224.71,3224.71,3218.78,3218.78,3236.57,3236.57,true
2025.05.01 17:05:00,LONG,ASIA_LOW|20250501,SSRP|ASIA_LOW|20250501|1746118800,SSRP|ASIA_LOW|20250501|1746118800|FINAL,SSRP|ASIA_LOW|20250501|1746118800|FINAL,3222.40,3222.40,3214.20,3214.20,3238.79,3238.79,true
2025.05.01 17:10:00,LONG,ASIA_LOW|20250501,SSRP|ASIA_LOW|20250501|1746119100,SSRP|ASIA_LOW|20250501|1746119100|FINAL,SSRP|ASIA_LOW|20250501|1746119100|FINAL,3224.55,3224.55,3217.36,3217.36,3238.93,3238.93,true
2025.05.01 17:25:00,LONG,ASIA_LOW|20250501,SSRP|ASIA_LOW|20250501|1746120000,SSRP|ASIA_LOW|20250501|1746120000|FINAL,SSRP|ASIA_LOW|20250501|1746120000|FINAL,3222.83,3222.83,3213.97,3213.97,3240.56,3240.56,true
2025.05.01 17:30:00,LONG,ASIA_LOW|20250501,SSRP|ASIA_LOW|20250501|1746120300,SSRP|ASIA_LOW|20250501|1746120300|FINAL,SSRP|ASIA_LOW|20250501|1746120300|FINAL,3224.89,3224.89,3217.17,3217.17,3240.33,3240.33,true
2025.05.01 21:35:00,LONG,ASIA_LOW|20250501,SSRP|ASIA_LOW|20250501|1746134700,SSRP|ASIA_LOW|20250501|1746134700|FINAL,SSRP|ASIA_LOW|20250501|1746134700|FINAL,3224.33,3224.33,3214.63,3214.63,3243.74,3243.74,true
2025.05.02 09:25:00,SHORT,ASIA_HIGH|20250502,SSRP|ASIA_HIGH|20250502|1746177600,SSRP|ASIA_HIGH|20250502|1746177600|FINAL,SSRP|ASIA_HIGH|20250502|1746177600|FINAL,3258.17,3258.17,3262.51,3262.51,3249.49,3249.49,true
2025.05.02 09:30:00,SHORT,ASIA_HIGH|20250502,SSRP|ASIA_HIGH|20250502|1746177900,SSRP|ASIA_HIGH|20250502|1746177900|FINAL,SSRP|ASIA_HIGH|20250502|1746177900|FINAL,3257.34,3257.34,3261.89,3261.89,3248.24,3248.24,true
2025.05.02 09:35:00,SHORT,ASIA_HIGH|20250502,SSRP|ASIA_HIGH|20250502|1746178200,SSRP|ASIA_HIGH|20250502|1746178200|FINAL,SSRP|ASIA_HIGH|20250502|1746178200|FINAL,3253.78,3253.78,3260.36,3260.36,3240.62,3240.62,true
2025.05.02 10:50:00,SHORT,ASIA_HIGH|20250502,SSRP|ASIA_HIGH|20250502|1746182100,SSRP|ASIA_HIGH|20250502|1746182100|FINAL,SSRP|ASIA_HIGH|20250502|1746182100|FINAL,3257.83,3257.83,3263.42,3263.42,3246.64,3246.64,true
2025.05.02 11:05:00,SHORT,ASIA_HIGH|20250502,SSRP|ASIA_HIGH|20250502|1746183000,SSRP|ASIA_HIGH|20250502|1746183000|FINAL,SSRP|ASIA_HIGH|20250502|1746183000|FINAL,3257.54,3257.54,3261.78,3261.78,3249.06,3249.06,true
2025.05.02 11:10:00,SHORT,ASIA_HIGH|20250502,SSRP|ASIA_HIGH|20250502|1746183900,SSRP|ASIA_HIGH|20250502|1746183900|FINAL,SSRP|ASIA_HIGH|20250502|1746183900|FINAL,3256.52,3256.52,3260.59,3260.59,3248.38,3248.38,true
2025.05.02 11:25:00,SHORT,ASIA_HIGH|20250502,SSRP|ASIA_HIGH|20250502|1746184800,SSRP|ASIA_HIGH|20250502|1746184800|FINAL,SSRP|ASIA_HIGH|20250502|1746184800|FINAL,3257.62,3257.62,3261.27,3261.27,3250.32,3250.32,true
2025.05.02 11:55:00,SHORT,ASIA_HIGH|20250502,SSRP|ASIA_HIGH|20250502|1746186300,SSRP|ASIA_HIGH|20250502|1746186300|FINAL,SSRP|ASIA_HIGH|20250502|1746186300|FINAL,3258.10,3258.10,3261.41,3261.41,3251.48,3251.48,true
2025.05.02 12:00:00,SHORT,ASIA_HIGH|20250502,SSRP|ASIA_HIGH|20250502|1746186900,SSRP|ASIA_HIGH|20250502|1746186900|FINAL,SSRP|ASIA_HIGH|20250502|1746186900|FINAL,3257.81,3257.81,3260.96,3260.96,3251.51,3251.51,true
2025.05.02 13:40:00,SHORT,ASIA_HIGH|20250502,SSRP|ASIA_HIGH|20250502|1746192300,SSRP|ASIA_HIGH|20250502|1746192300|FINAL,SSRP|ASIA_HIGH|20250502|1746192300|FINAL,3258.18,3258.18,3263.29,3263.29,3247.97,3247.97,true
2025.05.02 15:30:00,SHORT,ASIA_HIGH|20250502,SSRP|ASIA_HIGH|20250502|1746199200,SSRP|ASIA_HIGH|20250502|1746199200|FINAL,SSRP|ASIA_HIGH|20250502|1746199200|FINAL,3254.34,3254.34,3264.07,3264.07,3234.89,3234.89,true
2025.05.02 15:40:00,SHORT,ASIA_HIGH|20250502,SSRP|ASIA_HIGH|20250502|1746199800,SSRP|ASIA_HIGH|20250502|1746199800|FINAL,SSRP|ASIA_HIGH|20250502|1746199800|FINAL,3256.16,3256.16,3263.19,3263.19,3242.10,3242.10,true
2025.05.02 15:45:00,SHORT,ASIA_HIGH|20250502,SSRP|ASIA_HIGH|20250502|1746200400,SSRP|ASIA_HIGH|20250502|1746200400|FINAL,SSRP|ASIA_HIGH|20250502|1746200400|FINAL,3257.15,3257.15,3263.20,3263.20,3245.05,3245.05,true
2025.05.02 15:55:00,SHORT,ASIA_HIGH|20250502,SSRP|ASIA_HIGH|20250502|1746201000,SSRP|ASIA_HIGH|20250502|1746201000|FINAL,SSRP|ASIA_HIGH|20250502|1746201000|FINAL,3250.36,3250.36,3260.66,3260.66,3229.77,3229.77,true
2025.05.02 17:40:00,SHORT,ASIA_HIGH|20250502,SSRP|ASIA_HIGH|20250502|1746207300,SSRP|ASIA_HIGH|20250502|1746207300|FINAL,SSRP|ASIA_HIGH|20250502|1746207300|FINAL,3253.60,3253.60,3261.09,3261.09,3238.62,3238.62,true
2025.05.02 18:15:00,SHORT,ASIA_HIGH|20250502,SSRP|ASIA_HIGH|20250502|1746209400,SSRP|ASIA_HIGH|20250502|1746209400|FINAL,SSRP|ASIA_HIGH|20250502|1746209400|FINAL,3256.52,3256.52,3264.44,3264.44,3240.69,3240.69,true
2025.05.02 18:20:00,SHORT,ASIA_HIGH|20250502,SSRP|ASIA_HIGH|20250502|1746209700,SSRP|ASIA_HIGH|20250502|1746209700|FINAL,SSRP|ASIA_HIGH|20250502|1746209700|FINAL,3252.63,3252.63,3264.39,3264.39,3229.12,3229.12,true
2025.05.02 19:05:00,LONG,ASIA_LOW|20250502,SSRP|ASIA_LOW|20250502|1746212400,SSRP|ASIA_LOW|20250502|1746212400|FINAL,SSRP|ASIA_LOW|20250502|1746212400|FINAL,3229.76,3229.76,3226.37,3226.37,3236.54,3236.54,true
2025.05.02 19:20:00,LONG,ASIA_LOW|20250502,SSRP|ASIA_LOW|20250502|1746213000,SSRP|ASIA_LOW|20250502|1746213000|FINAL,SSRP|ASIA_LOW|20250502|1746213000|FINAL,3234.52,3234.52,3224.47,3224.47,3254.63,3254.63,true
2025.05.02 19:25:00,LONG,ASIA_LOW|20250502,SSRP|ASIA_LOW|20250502|1746213600,SSRP|ASIA_LOW|20250502|1746213600|FINAL,SSRP|ASIA_LOW|20250502|1746213600|FINAL,3233.77,3233.77,3226.29,3226.29,3248.74,3248.74,true
2025.05.02 20:05:00,LONG,ASIA_LOW|20250502,SSRP|ASIA_LOW|20250502|1746215700,SSRP|ASIA_LOW|20250502|1746215700|FINAL,SSRP|ASIA_LOW|20250502|1746215700|FINAL,3229.31,3229.31,3222.55,3222.55,3242.84,3242.84,true
2025.05.02 20:10:00,LONG,ASIA_LOW|20250502,SSRP|ASIA_LOW|20250502|1746216300,SSRP|ASIA_LOW|20250502|1746216300|FINAL,SSRP|ASIA_LOW|20250502|1746216300|FINAL,3231.70,3231.70,3224.27,3224.27,3246.56,3246.56,true
2025.05.02 20:50:00,LONG,ASIA_LOW|20250502,SSRP|ASIA_LOW|20250502|1746218700,SSRP|ASIA_LOW|20250502|1746218700|FINAL,SSRP|ASIA_LOW|20250502|1746218700|FINAL,3233.15,3233.15,3226.40,3226.40,3246.65,3246.65,true
2025.05.02 21:20:00,LONG,ASIA_LOW|20250502,SSRP|ASIA_LOW|20250502|1746220200,SSRP|ASIA_LOW|20250502|1746220200|FINAL,SSRP|ASIA_LOW|20250502|1746220200|FINAL,3228.50,3228.50,3225.80,3225.80,3233.90,3233.90,true
2025.05.02 21:25:00,LONG,ASIA_LOW|20250502,SSRP|ASIA_LOW|20250502|1746220800,SSRP|ASIA_LOW|20250502|1746220800|FINAL,SSRP|ASIA_LOW|20250502|1746220800|FINAL,3228.90,3228.90,3226.22,3226.22,3234.26,3234.26,true
2025.05.02 21:35:00,LONG,ASIA_LOW|20250502,SSRP|ASIA_LOW|20250502|1746221400,SSRP|ASIA_LOW|20250502|1746221400|FINAL,SSRP|ASIA_LOW|20250502|1746221400|FINAL,3228.27,3228.27,3226.03,3226.03,3232.75,3232.75,true
2025.05.02 21:45:00,LONG,ASIA_LOW|20250502,SSRP|ASIA_LOW|20250502|1746222000,SSRP|ASIA_LOW|20250502|1746222000|FINAL,SSRP|ASIA_LOW|20250502|1746222000|FINAL,3228.87,3228.87,3224.12,3224.12,3238.37,3238.37,true
2025.05.02 22:00:00,LONG,ASIA_LOW|20250502,SSRP|ASIA_LOW|20250502|1746222300,SSRP|ASIA_LOW|20250502|1746222300|FINAL,SSRP|ASIA_LOW|20250502|1746222300|FINAL,3230.54,3230.54,3224.21,3224.21,3243.20,3243.20,true
2025.05.02 22:05:00,LONG,ASIA_LOW|20250502,SSRP|ASIA_LOW|20250502|1746223200,SSRP|ASIA_LOW|20250502|1746223200|FINAL,SSRP|ASIA_LOW|20250502|1746223200|FINAL,3229.13,3229.13,3226.25,3226.25,3234.88,3234.88,true
2025.05.05 11:30:00,SHORT,ASIA_HIGH|20250505,SSRP|ASIA_HIGH|20250505|1746444300,SSRP|ASIA_HIGH|20250505|1746444300|FINAL,SSRP|ASIA_HIGH|20250505|1746444300|FINAL,3271.60,3271.60,3273.65,3273.65,3267.51,3267.51,true
2025.05.06 17:25:00,SHORT,ASIA_HIGH|20250506,SSRP|ASIA_HIGH|20250506|1746552000,SSRP|ASIA_HIGH|20250506|1746552000|FINAL,SSRP|ASIA_HIGH|20250506|1746552000|FINAL,3384.01,3384.01,3394.00,3394.00,3364.03,3364.03,true
2025.05.06 17:40:00,SHORT,ASIA_HIGH|20250506,SSRP|ASIA_HIGH|20250506|1746552300,SSRP|ASIA_HIGH|20250506|1746552300|FINAL,SSRP|ASIA_HIGH|20250506|1746552300|FINAL,3379.71,3379.71,3393.75,3393.75,3351.62,3351.62,true
2025.05.06 17:45:00,SHORT,ASIA_HIGH|20250506,SSRP|ASIA_HIGH|20250506|1746553200,SSRP|ASIA_HIGH|20250506|1746553200|FINAL,SSRP|ASIA_HIGH|20250506|1746553200|FINAL,3381.23,3381.23,3388.21,3388.21,3367.26,3367.26,true
2025.05.08 16:30:00,LONG,ASIA_LOW|20250508,SSRP|ASIA_LOW|20250508|1746721500,SSRP|ASIA_LOW|20250508|1746721500|FINAL,SSRP|ASIA_LOW|20250508|1746721500|FINAL,3366.45,3366.45,3356.49,3356.49,3386.36,3386.36,true
2025.05.08 16:35:00,LONG,ASIA_LOW|20250508,SSRP|ASIA_LOW|20250508|1746721800,SSRP|ASIA_LOW|20250508|1746721800|FINAL,SSRP|ASIA_LOW|20250508|1746721800|FINAL,3364.93,3364.93,3359.01,3359.01,3376.78,3376.78,true
2025.05.09 08:05:00,SHORT,ASIA_HIGH|20250509,SSRP|ASIA_HIGH|20250509|1746777600,SSRP|ASIA_HIGH|20250509|1746777600|FINAL,SSRP|ASIA_HIGH|20250509|1746777600|FINAL,3327.35,3327.35,3328.53,3328.53,3324.99,3324.99,true
2025.05.09 08:15:00,SHORT,ASIA_HIGH|20250509,SSRP|ASIA_HIGH|20250509|1746778200,SSRP|ASIA_HIGH|20250509|1746778200|FINAL,SSRP|ASIA_HIGH|20250509|1746778200|FINAL,3325.05,3325.05,3330.47,3330.47,3314.20,3314.20,true
2025.05.09 08:20:00,SHORT,ASIA_HIGH|20250509,SSRP|ASIA_HIGH|20250509|1746778500,SSRP|ASIA_HIGH|20250509|1746778500|FINAL,SSRP|ASIA_HIGH|20250509|1746778500|FINAL,3322.14,3322.14,3328.63,3328.63,3309.16,3309.16,true
2025.05.09 10:10:00,SHORT,ASIA_HIGH|20250509,SSRP|ASIA_HIGH|20250509|1746784800,SSRP|ASIA_HIGH|20250509|1746784800|FINAL,SSRP|ASIA_HIGH|20250509|1746784800|FINAL,3327.32,3327.32,3332.41,3332.41,3317.13,3317.13,true
2025.05.09 10:15:00,SHORT,ASIA_HIGH|20250509,SSRP|ASIA_HIGH|20250509|1746785400,SSRP|ASIA_HIGH|20250509|1746785400|FINAL,SSRP|ASIA_HIGH|20250509|1746785400|FINAL,3327.13,3327.13,3332.41,3332.41,3316.57,3316.57,true
2025.05.09 10:20:00,SHORT,ASIA_HIGH|20250509,SSRP|ASIA_HIGH|20250509|1746785700,SSRP|ASIA_HIGH|20250509|1746785700|FINAL,SSRP|ASIA_HIGH|20250509|1746785700|FINAL,3326.15,3326.15,3328.52,3328.52,3321.41,3321.41,true
2025.05.09 10:35:00,SHORT,ASIA_HIGH|20250509,SSRP|ASIA_HIGH|20250509|1746786600,SSRP|ASIA_HIGH|20250509|1746786600|FINAL,SSRP|ASIA_HIGH|20250509|1746786600|FINAL,3326.14,3326.14,3330.00,3330.00,3318.41,3318.41,true
2025.05.09 10:55:00,SHORT,ASIA_HIGH|20250509,SSRP|ASIA_HIGH|20250509|1746787200,SSRP|ASIA_HIGH|20250509|1746787200|FINAL,SSRP|ASIA_HIGH|20250509|1746787200|FINAL,3327.08,3327.08,3330.59,3330.59,3320.05,3320.05,true
2025.05.09 11:00:00,SHORT,ASIA_HIGH|20250509,SSRP|ASIA_HIGH|20250509|1746788100,SSRP|ASIA_HIGH|20250509|1746788100|FINAL,SSRP|ASIA_HIGH|20250509|1746788100|FINAL,3324.66,3324.66,3328.80,3328.80,3316.37,3316.37,true
2025.05.09 11:05:00,SHORT,ASIA_HIGH|20250509,SSRP|ASIA_HIGH|20250509|1746788400,SSRP|ASIA_HIGH|20250509|1746788400|FINAL,SSRP|ASIA_HIGH|20250509|1746788400|FINAL,3323.00,3323.00,3328.43,3328.43,3312.14,3312.14,true
2025.05.09 12:00:00,SHORT,ASIA_HIGH|20250509,SSRP|ASIA_HIGH|20250509|1746791100,SSRP|ASIA_HIGH|20250509|1746791100|FINAL,SSRP|ASIA_HIGH|20250509|1746791100|FINAL,3326.13,3326.13,3329.11,3329.11,3320.17,3320.17,true
2025.05.09 12:05:00,SHORT,ASIA_HIGH|20250509,SSRP|ASIA_HIGH|20250509|1746792000,SSRP|ASIA_HIGH|20250509|1746792000|FINAL,SSRP|ASIA_HIGH|20250509|1746792000|FINAL,3325.90,3325.90,3328.76,3328.76,3320.18,3320.18,true
2025.05.09 12:15:00,SHORT,ASIA_HIGH|20250509,SSRP|ASIA_HIGH|20250509|1746792600,SSRP|ASIA_HIGH|20250509|1746792600|FINAL,SSRP|ASIA_HIGH|20250509|1746792600|FINAL,3327.12,3327.12,3329.46,3329.46,3322.45,3322.45,true
2025.05.09 12:20:00,SHORT,ASIA_HIGH|20250509,SSRP|ASIA_HIGH|20250509|1746792900,SSRP|ASIA_HIGH|20250509|1746792900|FINAL,SSRP|ASIA_HIGH|20250509|1746792900|FINAL,3326.19,3326.19,3329.46,3329.46,3319.65,3319.65,true
2025.05.09 13:20:00,SHORT,ASIA_HIGH|20250509,SSRP|ASIA_HIGH|20250509|1746796500,SSRP|ASIA_HIGH|20250509|1746796500|FINAL,SSRP|ASIA_HIGH|20250509|1746796500|FINAL,3325.24,3325.24,3329.99,3329.99,3315.74,3315.74,true
2025.05.09 13:25:00,SHORT,ASIA_HIGH|20250509,SSRP|ASIA_HIGH|20250509|1746796800,SSRP|ASIA_HIGH|20250509|1746796800|FINAL,SSRP|ASIA_HIGH|20250509|1746796800|FINAL,3324.19,3324.19,3329.99,3329.99,3312.59,3312.59,true
2025.05.09 14:30:00,SHORT,ASIA_HIGH|20250509,SSRP|ASIA_HIGH|20250509|1746800700,SSRP|ASIA_HIGH|20250509|1746800700|FINAL,SSRP|ASIA_HIGH|20250509|1746800700|FINAL,3326.55,3326.55,3338.53,3338.53,3302.59,3302.59,true
2025.05.09 17:00:00,SHORT,ASIA_HIGH|20250509,SSRP|ASIA_HIGH|20250509|1746809700,SSRP|ASIA_HIGH|20250509|1746809700|FINAL,SSRP|ASIA_HIGH|20250509|1746809700|FINAL,3324.68,3324.68,3334.76,3334.76,3304.53,3304.53,true
2025.05.09 17:05:00,SHORT,ASIA_HIGH|20250509,SSRP|ASIA_HIGH|20250509|1746810000,SSRP|ASIA_HIGH|20250509|1746810000|FINAL,SSRP|ASIA_HIGH|20250509|1746810000|FINAL,3325.00,3325.00,3331.21,3331.21,3312.57,3312.57,true
2025.05.09 17:10:00,SHORT,ASIA_HIGH|20250509,SSRP|ASIA_HIGH|20250509|1746810300,SSRP|ASIA_HIGH|20250509|1746810300|FINAL,SSRP|ASIA_HIGH|20250509|1746810300|FINAL,3321.82,3321.82,3328.76,3328.76,3307.94,3307.94,true
2025.05.09 22:40:00,SHORT,ASIA_HIGH|20250509,SSRP|ASIA_HIGH|20250509|1746829500,SSRP|ASIA_HIGH|20250509|1746829500|FINAL,SSRP|ASIA_HIGH|20250509|1746829500|FINAL,3327.41,3327.41,3333.07,3333.07,3316.08,3316.08,true
2025.05.09 22:45:00,SHORT,ASIA_HIGH|20250509,SSRP|ASIA_HIGH|20250509|1746830400,SSRP|ASIA_HIGH|20250509|1746830400|FINAL,SSRP|ASIA_HIGH|20250509|1746830400|FINAL,3326.65,3326.65,3329.36,3329.36,3321.22,3321.22,true
2025.05.09 22:50:00,SHORT,ASIA_HIGH|20250509,SSRP|ASIA_HIGH|20250509|1746830700,SSRP|ASIA_HIGH|20250509|1746830700|FINAL,SSRP|ASIA_HIGH|20250509|1746830700|FINAL,3326.71,3326.71,3328.04,3328.04,3324.05,3324.05,true
2025.05.09 23:50:00,SHORT,ASIA_HIGH|20250509,SSRP|ASIA_HIGH|20250509|1746834000,SSRP|ASIA_HIGH|20250509|1746834000|FINAL,SSRP|ASIA_HIGH|20250509|1746834000|FINAL,3325.52,3325.52,3329.54,3329.54,3317.49,3317.49,true
2025.05.09 23:55:00,SHORT,ASIA_HIGH|20250509,SSRP|ASIA_HIGH|20250509|1746834600,SSRP|ASIA_HIGH|20250509|1746834600|FINAL,SSRP|ASIA_HIGH|20250509|1746834600|FINAL,3324.47,3324.47,3328.70,3328.70,3316.00,3316.00,true
2025.05.13 08:40:00,SHORT,ASIA_HIGH|20250513,SSRP|ASIA_HIGH|20250513|1747125000,SSRP|ASIA_HIGH|20250513|1747125000|FINAL,SSRP|ASIA_HIGH|20250513|1747125000|FINAL,3253.20,3253.20,3258.53,3258.53,3242.55,3242.55,true
2025.05.13 08:45:00,SHORT,ASIA_HIGH|20250513,SSRP|ASIA_HIGH|20250513|1747125600,SSRP|ASIA_HIGH|20250513|1747125600|FINAL,SSRP|ASIA_HIGH|20250513|1747125600|FINAL,3251.82,3251.82,3256.04,3256.04,3243.38,3243.38,true
2025.05.13 09:05:00,SHORT,ASIA_HIGH|20250513,SSRP|ASIA_HIGH|20250513|1747126800,SSRP|ASIA_HIGH|20250513|1747126800|FINAL,SSRP|ASIA_HIGH|20250513|1747126800|FINAL,3249.11,3249.11,3258.42,3258.42,3230.48,3230.48,true
2025.05.13 09:10:00,SHORT,ASIA_HIGH|20250513,SSRP|ASIA_HIGH|20250513|1747127100,SSRP|ASIA_HIGH|20250513|1747127100|FINAL,SSRP|ASIA_HIGH|20250513|1747127100|FINAL,3251.21,3251.21,3256.78,3256.78,3240.06,3240.06,true
2025.05.13 09:20:00,SHORT,ASIA_HIGH|20250513,SSRP|ASIA_HIGH|20250513|1747127700,SSRP|ASIA_HIGH|20250513|1747127700|FINAL,SSRP|ASIA_HIGH|20250513|1747127700|FINAL,3249.10,3249.10,3255.97,3255.97,3235.37,3235.37,true
2025.05.13 11:30:00,SHORT,ASIA_HIGH|20250513,SSRP|ASIA_HIGH|20250513|1747135200,SSRP|ASIA_HIGH|20250513|1747135200|FINAL,SSRP|ASIA_HIGH|20250513|1747135200|FINAL,3252.94,3252.94,3258.60,3258.60,3241.62,3241.62,true
2025.05.13 12:20:00,SHORT,ASIA_HIGH|20250513,SSRP|ASIA_HIGH|20250513|1747138500,SSRP|ASIA_HIGH|20250513|1747138500|FINAL,SSRP|ASIA_HIGH|20250513|1747138500|FINAL,3253.33,3253.33,3256.77,3256.77,3246.46,3246.46,true
2025.05.13 12:25:00,SHORT,ASIA_HIGH|20250513,SSRP|ASIA_HIGH|20250513|1747138800,SSRP|ASIA_HIGH|20250513|1747138800|FINAL,SSRP|ASIA_HIGH|20250513|1747138800|FINAL,3252.68,3252.68,3255.94,3255.94,3246.16,3246.16,true
2025.05.13 12:35:00,SHORT,ASIA_HIGH|20250513,SSRP|ASIA_HIGH|20250513|1747139100,SSRP|ASIA_HIGH|20250513|1747139100|FINAL,SSRP|ASIA_HIGH|20250513|1747139100|FINAL,3252.17,3252.17,3255.21,3255.21,3246.08,3246.08,true
2025.05.13 13:05:00,SHORT,ASIA_HIGH|20250513,SSRP|ASIA_HIGH|20250513|1747140600,SSRP|ASIA_HIGH|20250513|1747140600|FINAL,SSRP|ASIA_HIGH|20250513|1747140600|FINAL,3252.21,3252.21,3255.90,3255.90,3244.83,3244.83,true
2025.05.13 13:10:00,SHORT,ASIA_HIGH|20250513,SSRP|ASIA_HIGH|20250513|1747141500,SSRP|ASIA_HIGH|20250513|1747141500|FINAL,SSRP|ASIA_HIGH|20250513|1747141500|FINAL,3251.81,3251.81,3254.60,3254.60,3246.24,3246.24,true
2025.05.13 13:30:00,SHORT,ASIA_HIGH|20250513,SSRP|ASIA_HIGH|20250513|1747142700,SSRP|ASIA_HIGH|20250513|1747142700|FINAL,SSRP|ASIA_HIGH|20250513|1747142700|FINAL,3253.05,3253.05,3255.64,3255.64,3247.88,3247.88,true
2025.05.13 13:35:00,SHORT,ASIA_HIGH|20250513,SSRP|ASIA_HIGH|20250513|1747143000,SSRP|ASIA_HIGH|20250513|1747143000|FINAL,SSRP|ASIA_HIGH|20250513|1747143000|FINAL,3252.85,3252.85,3255.63,3255.63,3247.28,3247.28,true
2025.05.13 13:55:00,SHORT,ASIA_HIGH|20250513,SSRP|ASIA_HIGH|20250513|1747143300,SSRP|ASIA_HIGH|20250513|1747143300|FINAL,SSRP|ASIA_HIGH|20250513|1747143300|FINAL,3252.84,3252.84,3254.67,3254.67,3249.19,3249.19,true
2025.05.13 14:00:00,SHORT,ASIA_HIGH|20250513,SSRP|ASIA_HIGH|20250513|1747144500,SSRP|ASIA_HIGH|20250513|1747144500|FINAL,SSRP|ASIA_HIGH|20250513|1747144500|FINAL,3252.55,3252.55,3254.48,3254.48,3248.70,3248.70,true
2025.05.13 14:10:00,SHORT,ASIA_HIGH|20250513,SSRP|ASIA_HIGH|20250513|1747144800,SSRP|ASIA_HIGH|20250513|1747144800|FINAL,SSRP|ASIA_HIGH|20250513|1747144800|FINAL,3252.88,3252.88,3254.47,3254.47,3249.69,3249.69,true
2025.05.13 14:45:00,SHORT,ASIA_HIGH|20250513,SSRP|ASIA_HIGH|20250513|1747147200,SSRP|ASIA_HIGH|20250513|1747147200|FINAL,SSRP|ASIA_HIGH|20250513|1747147200|FINAL,3252.48,3252.48,3257.12,3257.12,3243.21,3243.21,true
2025.05.13 14:50:00,SHORT,ASIA_HIGH|20250513,SSRP|ASIA_HIGH|20250513|1747147500,SSRP|ASIA_HIGH|20250513|1747147500|FINAL,SSRP|ASIA_HIGH|20250513|1747147500|FINAL,3252.44,3252.44,3255.78,3255.78,3245.76,3245.76,true
2025.05.13 14:55:00,SHORT,ASIA_HIGH|20250513,SSRP|ASIA_HIGH|20250513|1747147800,SSRP|ASIA_HIGH|20250513|1747147800|FINAL,SSRP|ASIA_HIGH|20250513|1747147800|FINAL,3249.15,3249.15,3254.71,3254.71,3238.03,3238.03,true
2025.05.13 19:35:00,SHORT,ASIA_HIGH|20250513,SSRP|ASIA_HIGH|20250513|1747164000,SSRP|ASIA_HIGH|20250513|1747164000|FINAL,SSRP|ASIA_HIGH|20250513|1747164000|FINAL,3251.67,3251.67,3256.22,3256.22,3242.57,3242.57,true
2025.05.13 19:40:00,SHORT,ASIA_HIGH|20250513,SSRP|ASIA_HIGH|20250513|1747164900,SSRP|ASIA_HIGH|20250513|1747164900|FINAL,SSRP|ASIA_HIGH|20250513|1747164900|FINAL,3250.29,3250.29,3254.78,3254.78,3241.31,3241.31,true
2025.05.13 23:35:00,SHORT,ASIA_HIGH|20250513,SSRP|ASIA_HIGH|20250513|1747178700,SSRP|ASIA_HIGH|20250513|1747178700|FINAL,SSRP|ASIA_HIGH|20250513|1747178700|FINAL,3253.16,3253.16,3254.92,3254.92,3249.65,3249.65,true
2025.05.13 23:45:00,SHORT,ASIA_HIGH|20250513,SSRP|ASIA_HIGH|20250513|1747179300,SSRP|ASIA_HIGH|20250513|1747179300|FINAL,SSRP|ASIA_HIGH|20250513|1747179300|FINAL,3251.43,3251.43,3254.36,3254.36,3245.57,3245.57,true
2025.05.13 23:50:00,SHORT,ASIA_HIGH|20250513,SSRP|ASIA_HIGH|20250513|1747179900,SSRP|ASIA_HIGH|20250513|1747179900|FINAL,SSRP|ASIA_HIGH|20250513|1747179900|FINAL,3251.96,3251.96,3254.25,3254.25,3247.38,3247.38,true
2025.05.14 08:05:00,LONG,ASIA_LOW|20250514,SSRP|ASIA_LOW|20250514|1747209600,SSRP|ASIA_LOW|20250514|1747209600|FINAL,SSRP|ASIA_LOW|20250514|1747209600|FINAL,3226.67,3226.67,3221.52,3221.52,3236.97,3236.97,true
2025.05.14 08:35:00,LONG,ASIA_LOW|20250514,SSRP|ASIA_LOW|20250514|1747211400,SSRP|ASIA_LOW|20250514|1747211400|FINAL,SSRP|ASIA_LOW|20250514|1747211400|FINAL,3228.10,3228.10,3221.84,3221.84,3240.61,3240.61,true
2025.05.15 08:35:00,LONG,ASIA_LOW|20250515,SSRP|ASIA_LOW|20250515|1747297800,SSRP|ASIA_LOW|20250515|1747297800|FINAL,SSRP|ASIA_LOW|20250515|1747297800|FINAL,3136.54,3136.54,3134.73,3134.73,3140.15,3140.15,true
2025.05.15 09:25:00,LONG,ASIA_LOW|20250515,SSRP|ASIA_LOW|20250515|1747300500,SSRP|ASIA_LOW|20250515|1747300500|FINAL,SSRP|ASIA_LOW|20250515|1747300500|FINAL,3140.56,3140.56,3124.78,3124.78,3172.12,3172.12,true
2025.05.15 10:45:00,LONG,ASIA_LOW|20250515,SSRP|ASIA_LOW|20250515|1747305600,SSRP|ASIA_LOW|20250515|1747305600|FINAL,SSRP|ASIA_LOW|20250515|1747305600|FINAL,3137.99,3137.99,3130.39,3130.39,3153.20,3153.20,true
2025.05.15 10:50:00,LONG,ASIA_LOW|20250515,SSRP|ASIA_LOW|20250515|1747305900,SSRP|ASIA_LOW|20250515|1747305900|FINAL,SSRP|ASIA_LOW|20250515|1747305900|FINAL,3143.72,3143.72,3130.38,3130.38,3170.39,3170.39,true
2025.05.15 16:25:00,SHORT,ASIA_HIGH|20250515,SSRP|ASIA_HIGH|20250515|1747326000,SSRP|ASIA_HIGH|20250515|1747326000|FINAL,SSRP|ASIA_HIGH|20250515|1747326000|FINAL,3192.14,3192.14,3197.68,3197.68,3181.07,3181.07,true
2025.05.15 16:30:00,SHORT,ASIA_HIGH|20250515,SSRP|ASIA_HIGH|20250515|1747326300,SSRP|ASIA_HIGH|20250515|1747326300|FINAL,SSRP|ASIA_HIGH|20250515|1747326300|FINAL,3192.40,3192.40,3196.83,3196.83,3183.53,3183.53,true
2025.05.15 16:40:00,SHORT,ASIA_HIGH|20250515,SSRP|ASIA_HIGH|20250515|1747326900,SSRP|ASIA_HIGH|20250515|1747326900|FINAL,SSRP|ASIA_HIGH|20250515|1747326900|FINAL,3190.78,3190.78,3197.11,3197.11,3178.12,3178.12,true
2025.05.15 16:45:00,SHORT,ASIA_HIGH|20250515,SSRP|ASIA_HIGH|20250515|1747327200,SSRP|ASIA_HIGH|20250515|1747327200|FINAL,SSRP|ASIA_HIGH|20250515|1747327200|FINAL,3191.24,3191.24,3197.11,3197.11,3179.50,3179.50,true
2025.05.15 16:55:00,SHORT,ASIA_HIGH|20250515,SSRP|ASIA_HIGH|20250515|1747327800,SSRP|ASIA_HIGH|20250515|1747327800|FINAL,SSRP|ASIA_HIGH|20250515|1747327800|FINAL,3192.33,3192.33,3196.27,3196.27,3184.45,3184.45,true
2025.05.15 17:00:00,SHORT,ASIA_HIGH|20250515,SSRP|ASIA_HIGH|20250515|1747328100,SSRP|ASIA_HIGH|20250515|1747328100|FINAL,SSRP|ASIA_HIGH|20250515|1747328100|FINAL,3190.55,3190.55,3196.25,3196.25,3179.15,3179.15,true
2025.05.16 10:25:00,LONG,ASIA_LOW|20250516,SSRP|ASIA_LOW|20250516|1747390800,SSRP|ASIA_LOW|20250516|1747390800|FINAL,SSRP|ASIA_LOW|20250516|1747390800|FINAL,3209.53,3209.53,3205.21,3205.21,3218.17,3218.17,true
2025.05.16 11:35:00,LONG,ASIA_LOW|20250516,SSRP|ASIA_LOW|20250516|1747394400,SSRP|ASIA_LOW|20250516|1747394400|FINAL,SSRP|ASIA_LOW|20250516|1747394400|FINAL,3207.10,3207.10,3198.16,3198.16,3224.98,3224.98,true
2025.05.16 11:40:00,LONG,ASIA_LOW|20250516,SSRP|ASIA_LOW|20250516|1747395300,SSRP|ASIA_LOW|20250516|1747395300|FINAL,SSRP|ASIA_LOW|20250516|1747395300|FINAL,3208.45,3208.45,3205.50,3205.50,3214.35,3214.35,true
2025.05.16 11:55:00,LONG,ASIA_LOW|20250516,SSRP|ASIA_LOW|20250516|1747396200,SSRP|ASIA_LOW|20250516|1747396200|FINAL,SSRP|ASIA_LOW|20250516|1747396200|FINAL,3207.45,3207.45,3204.38,3204.38,3213.59,3213.59,true
2025.05.16 12:20:00,LONG,ASIA_LOW|20250516,SSRP|ASIA_LOW|20250516|1747396800,SSRP|ASIA_LOW|20250516|1747396800|FINAL,SSRP|ASIA_LOW|20250516|1747396800|FINAL,3208.07,3208.07,3203.65,3203.65,3216.90,3216.90,true
2025.05.16 12:25:00,LONG,ASIA_LOW|20250516,SSRP|ASIA_LOW|20250516|1747398000,SSRP|ASIA_LOW|20250516|1747398000|FINAL,SSRP|ASIA_LOW|20250516|1747398000|FINAL,3210.27,3210.27,3205.67,3205.67,3219.48,3219.48,true
2025.05.20 12:00:00,SHORT,ASIA_HIGH|20250520,SSRP|ASIA_HIGH|20250520|1747742100,SSRP|ASIA_HIGH|20250520|1747742100|FINAL,SSRP|ASIA_HIGH|20250520|1747742100|FINAL,3232.41,3232.41,3237.86,3237.86,3221.51,3221.51,true
2025.05.21 09:00:00,SHORT,ASIA_HIGH|20250521,SSRP|ASIA_HIGH|20250521|1747817400,SSRP|ASIA_HIGH|20250521|1747817400|FINAL,SSRP|ASIA_HIGH|20250521|1747817400|FINAL,3313.55,3313.55,3319.84,3319.84,3300.98,3300.98,true
2025.05.21 09:05:00,SHORT,ASIA_HIGH|20250521,SSRP|ASIA_HIGH|20250521|1747818000,SSRP|ASIA_HIGH|20250521|1747818000|FINAL,SSRP|ASIA_HIGH|20250521|1747818000|FINAL,3311.10,3311.10,3317.57,3317.57,3298.16,3298.16,true
2025.05.21 10:05:00,SHORT,ASIA_HIGH|20250521,SSRP|ASIA_HIGH|20250521|1747821300,SSRP|ASIA_HIGH|20250521|1747821300|FINAL,SSRP|ASIA_HIGH|20250521|1747821300|FINAL,3314.41,3314.41,3320.86,3320.86,3301.51,3301.51,true
2025.05.21 10:10:00,SHORT,ASIA_HIGH|20250521,SSRP|ASIA_HIGH|20250521|1747821900,SSRP|ASIA_HIGH|20250521|1747821900|FINAL,SSRP|ASIA_HIGH|20250521|1747821900|FINAL,3311.53,3311.53,3316.51,3316.51,3301.56,3301.56,true
2025.05.21 10:45:00,SHORT,ASIA_HIGH|20250521,SSRP|ASIA_HIGH|20250521|1747824000,SSRP|ASIA_HIGH|20250521|1747824000|FINAL,SSRP|ASIA_HIGH|20250521|1747824000|FINAL,3310.16,3310.16,3315.51,3315.51,3299.47,3299.47,true
2025.05.21 13:40:00,SHORT,ASIA_HIGH|20250521,SSRP|ASIA_HIGH|20250521|1747834500,SSRP|ASIA_HIGH|20250521|1747834500|FINAL,SSRP|ASIA_HIGH|20250521|1747834500|FINAL,3311.17,3311.17,3317.72,3317.72,3298.07,3298.07,true
2025.05.21 13:45:00,SHORT,ASIA_HIGH|20250521,SSRP|ASIA_HIGH|20250521|1747834800,SSRP|ASIA_HIGH|20250521|1747834800|FINAL,SSRP|ASIA_HIGH|20250521|1747834800|FINAL,3309.02,3309.02,3316.89,3316.89,3293.28,3293.28,true
2025.05.21 14:05:00,SHORT,ASIA_HIGH|20250521,SSRP|ASIA_HIGH|20250521|1747836000,SSRP|ASIA_HIGH|20250521|1747836000|FINAL,SSRP|ASIA_HIGH|20250521|1747836000|FINAL,3312.32,3312.32,3316.56,3316.56,3303.84,3303.84,true
2025.05.21 14:10:00,SHORT,ASIA_HIGH|20250521,SSRP|ASIA_HIGH|20250521|1747836300,SSRP|ASIA_HIGH|20250521|1747836300|FINAL,SSRP|ASIA_HIGH|20250521|1747836300|FINAL,3309.87,3309.87,3315.54,3315.54,3298.53,3298.53,true
2025.05.21 20:25:00,SHORT,ASIA_HIGH|20250521,SSRP|ASIA_HIGH|20250521|1747858800,SSRP|ASIA_HIGH|20250521|1747858800|FINAL,SSRP|ASIA_HIGH|20250521|1747858800|FINAL,3310.90,3310.90,3315.66,3315.66,3301.38,3301.38,true
2025.05.21 21:00:00,SHORT,ASIA_HIGH|20250521,SSRP|ASIA_HIGH|20250521|1747860900,SSRP|ASIA_HIGH|20250521|1747860900|FINAL,SSRP|ASIA_HIGH|20250521|1747860900|FINAL,3312.36,3312.36,3316.63,3316.63,3303.81,3303.81,true
2025.05.21 21:05:00,SHORT,ASIA_HIGH|20250521,SSRP|ASIA_HIGH|20250521|1747861200,SSRP|ASIA_HIGH|20250521|1747861200|FINAL,SSRP|ASIA_HIGH|20250521|1747861200|FINAL,3313.29,3313.29,3316.64,3316.64,3306.60,3306.60,true
2025.05.21 21:50:00,SHORT,ASIA_HIGH|20250521,SSRP|ASIA_HIGH|20250521|1747863000,SSRP|ASIA_HIGH|20250521|1747863000|FINAL,SSRP|ASIA_HIGH|20250521|1747863000|FINAL,3314.08,3314.08,3316.30,3316.30,3309.64,3309.64,true
2025.05.21 21:55:00,SHORT,ASIA_HIGH|20250521,SSRP|ASIA_HIGH|20250521|1747864200,SSRP|ASIA_HIGH|20250521|1747864200|FINAL,SSRP|ASIA_HIGH|20250521|1747864200|FINAL,3314.34,3314.34,3315.94,3315.94,3311.14,3311.14,true
2025.05.21 23:50:00,SHORT,ASIA_HIGH|20250521,SSRP|ASIA_HIGH|20250521|1747870200,SSRP|ASIA_HIGH|20250521|1747870200|FINAL,SSRP|ASIA_HIGH|20250521|1747870200|FINAL,3314.44,3314.44,3318.02,3318.02,3307.28,3307.28,true
2025.05.22 11:35:00,LONG,ASIA_LOW|20250522,SSRP|ASIA_LOW|20250522|1747913400,SSRP|ASIA_LOW|20250522|1747913400|FINAL,SSRP|ASIA_LOW|20250522|1747913400|FINAL,3315.41,3315.41,3310.92,3310.92,3324.39,3324.39,true
2025.05.22 11:50:00,LONG,ASIA_LOW|20250522,SSRP|ASIA_LOW|20250522|1747913700,SSRP|ASIA_LOW|20250522|1747913700|FINAL,SSRP|ASIA_LOW|20250522|1747913700|FINAL,3315.20,3315.20,3310.92,3310.92,3323.75,3323.75,true
2025.05.26 13:05:00,LONG,ASIA_LOW|20250526,SSRP|ASIA_LOW|20250526|1748264400,SSRP|ASIA_LOW|20250526|1748264400|FINAL,SSRP|ASIA_LOW|20250526|1748264400|FINAL,3332.05,3332.05,3328.39,3328.39,3339.36,3339.36,true
2025.05.26 13:10:00,LONG,ASIA_LOW|20250526,SSRP|ASIA_LOW|20250526|1748264700,SSRP|ASIA_LOW|20250526|1748264700|FINAL,SSRP|ASIA_LOW|20250526|1748264700|FINAL,3332.09,3332.09,3329.39,3329.39,3337.50,3337.50,true
2025.05.26 14:00:00,LONG,ASIA_LOW|20250526,SSRP|ASIA_LOW|20250526|1748267100,SSRP|ASIA_LOW|20250526|1748267100|FINAL,SSRP|ASIA_LOW|20250526|1748267100|FINAL,3332.61,3332.61,3329.24,3329.24,3339.35,3339.35,true
2025.05.26 14:25:00,LONG,ASIA_LOW|20250526,SSRP|ASIA_LOW|20250526|1748268600,SSRP|ASIA_LOW|20250526|1748268600|FINAL,SSRP|ASIA_LOW|20250526|1748268600|FINAL,3331.59,3331.59,3330.48,3330.48,3333.81,3333.81,true
2025.05.26 14:45:00,LONG,ASIA_LOW|20250526,SSRP|ASIA_LOW|20250526|1748270400,SSRP|ASIA_LOW|20250526|1748270400|FINAL,SSRP|ASIA_LOW|20250526|1748270400|FINAL,3331.67,3331.67,3329.89,3329.89,3335.24,3335.24,true
2025.05.26 14:50:00,LONG,ASIA_LOW|20250526,SSRP|ASIA_LOW|20250526|1748270700,SSRP|ASIA_LOW|20250526|1748270700|FINAL,SSRP|ASIA_LOW|20250526|1748270700|FINAL,3333.04,3333.04,3330.43,3330.43,3338.26,3338.26,true
2025.05.26 15:35:00,LONG,ASIA_LOW|20250526,SSRP|ASIA_LOW|20250526|1748273400,SSRP|ASIA_LOW|20250526|1748273400|FINAL,SSRP|ASIA_LOW|20250526|1748273400|FINAL,3331.78,3331.78,3326.24,3326.24,3342.86,3342.86,true
2025.05.26 15:40:00,LONG,ASIA_LOW|20250526,SSRP|ASIA_LOW|20250526|1748273700,SSRP|ASIA_LOW|20250526|1748273700|FINAL,SSRP|ASIA_LOW|20250526|1748273700|FINAL,3333.92,3333.92,3329.12,3329.12,3343.53,3343.53,true
2025.05.26 15:45:00,LONG,ASIA_LOW|20250526,SSRP|ASIA_LOW|20250526|1748274000,SSRP|ASIA_LOW|20250526|1748274000|FINAL,SSRP|ASIA_LOW|20250526|1748274000|FINAL,3332.40,3332.40,3331.02,3331.02,3335.16,3335.16,true
2025.05.28 13:45:00,SHORT,ASIA_HIGH|20250528,SSRP|ASIA_HIGH|20250528|1748439000,SSRP|ASIA_HIGH|20250528|1748439000|FINAL,SSRP|ASIA_HIGH|20250528|1748439000|FINAL,3313.52,3313.52,3319.66,3319.66,3301.25,3301.25,true
2025.05.28 16:05:00,SHORT,ASIA_HIGH|20250528,SSRP|ASIA_HIGH|20250528|1748448000,SSRP|ASIA_HIGH|20250528|1748448000|FINAL,SSRP|ASIA_HIGH|20250528|1748448000|FINAL,3309.73,3309.73,3316.51,3316.51,3296.17,3296.17,true
2025.05.28 19:40:00,LONG,ASIA_LOW|20250528,SSRP|ASIA_LOW|20250528|1748460900,SSRP|ASIA_LOW|20250528|1748460900|FINAL,SSRP|ASIA_LOW|20250528|1748460900|FINAL,3291.84,3291.84,3290.66,3290.66,3294.20,3294.20,true
2025.05.28 19:50:00,LONG,ASIA_LOW|20250528,SSRP|ASIA_LOW|20250528|1748461200,SSRP|ASIA_LOW|20250528|1748461200|FINAL,SSRP|ASIA_LOW|20250528|1748461200|FINAL,3292.35,3292.35,3288.49,3288.49,3300.07,3300.07,true
2025.05.28 19:55:00,LONG,ASIA_LOW|20250528,SSRP|ASIA_LOW|20250528|1748461800,SSRP|ASIA_LOW|20250528|1748461800|FINAL,SSRP|ASIA_LOW|20250528|1748461800|FINAL,3293.45,3293.45,3290.50,3290.50,3299.35,3299.35,true
2025.05.30 08:10:00,LONG,ASIA_LOW|20250530,SSRP|ASIA_LOW|20250530|1748592300,SSRP|ASIA_LOW|20250530|1748592300|FINAL,SSRP|ASIA_LOW|20250530|1748592300|FINAL,3292.38,3292.38,3290.15,3290.15,3296.84,3296.84,true
2025.05.30 08:15:00,LONG,ASIA_LOW|20250530,SSRP|ASIA_LOW|20250530|1748592600,SSRP|ASIA_LOW|20250530|1748592600|FINAL,SSRP|ASIA_LOW|20250530|1748592600|FINAL,3292.90,3292.90,3290.72,3290.72,3297.25,3297.25,true
2025.05.30 09:30:00,LONG,ASIA_LOW|20250530,SSRP|ASIA_LOW|20250530|1748597100,SSRP|ASIA_LOW|20250530|1748597100|FINAL,SSRP|ASIA_LOW|20250530|1748597100|FINAL,3294.82,3294.82,3290.30,3290.30,3303.86,3303.86,true
2025.05.30 10:15:00,LONG,ASIA_LOW|20250530,SSRP|ASIA_LOW|20250530|1748599800,SSRP|ASIA_LOW|20250530|1748599800|FINAL,SSRP|ASIA_LOW|20250530|1748599800|FINAL,3294.53,3294.53,3287.19,3287.19,3309.21,3309.21,true
2025.05.30 10:20:00,LONG,ASIA_LOW|20250530,SSRP|ASIA_LOW|20250530|1748600100,SSRP|ASIA_LOW|20250530|1748600100|FINAL,SSRP|ASIA_LOW|20250530|1748600100|FINAL,3296.51,3296.51,3290.30,3290.30,3308.93,3308.93,true
2025.05.30 14:25:00,LONG,ASIA_LOW|20250530,SSRP|ASIA_LOW|20250530|1748614800,SSRP|ASIA_LOW|20250530|1748614800|FINAL,SSRP|ASIA_LOW|20250530|1748614800|FINAL,3293.40,3293.40,3290.03,3290.03,3300.15,3300.15,true
2025.05.30 14:50:00,LONG,ASIA_LOW|20250530,SSRP|ASIA_LOW|20250530|1748616300,SSRP|ASIA_LOW|20250530|1748616300|FINAL,SSRP|ASIA_LOW|20250530|1748616300|FINAL,3292.40,3292.40,3288.52,3288.52,3300.15,3300.15,true
2025.05.30 14:55:00,LONG,ASIA_LOW|20250530,SSRP|ASIA_LOW|20250530|1748616600,SSRP|ASIA_LOW|20250530|1748616600|FINAL,SSRP|ASIA_LOW|20250530|1748616600|FINAL,3294.03,3294.03,3288.52,3288.52,3305.05,3305.05,true
2025.05.30 15:10:00,LONG,ASIA_LOW|20250530,SSRP|ASIA_LOW|20250530|1748617500,SSRP|ASIA_LOW|20250530|1748617500|FINAL,SSRP|ASIA_LOW|20250530|1748617500|FINAL,3302.67,3302.67,3282.60,3282.60,3342.82,3342.82,true
2025.05.30 15:15:00,LONG,ASIA_LOW|20250530,SSRP|ASIA_LOW|20250530|1748617800,SSRP|ASIA_LOW|20250530|1748617800|FINAL,SSRP|ASIA_LOW|20250530|1748617800|FINAL,3301.76,3301.76,3282.58,3282.58,3340.12,3340.12,true
2025.05.30 19:50:00,LONG,ASIA_LOW|20250530,SSRP|ASIA_LOW|20250530|1748634300,SSRP|ASIA_LOW|20250530|1748634300|FINAL,SSRP|ASIA_LOW|20250530|1748634300|FINAL,3291.90,3291.90,3285.83,3285.83,3304.03,3304.03,true
2025.05.30 19:55:00,LONG,ASIA_LOW|20250530,SSRP|ASIA_LOW|20250530|1748634600,SSRP|ASIA_LOW|20250530|1748634600|FINAL,SSRP|ASIA_LOW|20250530|1748634600|FINAL,3293.32,3293.32,3288.50,3288.50,3302.96,3302.96,true
2025.05.30 20:30:00,LONG,ASIA_LOW|20250530,SSRP|ASIA_LOW|20250530|1748636700,SSRP|ASIA_LOW|20250530|1748636700|FINAL,SSRP|ASIA_LOW|20250530|1748636700|FINAL,3291.87,3291.87,3289.63,3289.63,3296.34,3296.34,true
2025.05.30 20:35:00,LONG,ASIA_LOW|20250530,SSRP|ASIA_LOW|20250530|1748637000,SSRP|ASIA_LOW|20250530|1748637000|FINAL,SSRP|ASIA_LOW|20250530|1748637000|FINAL,3293.32,3293.32,3290.13,3290.13,3299.69,3299.69,true
2025.05.30 23:40:00,LONG,ASIA_LOW|20250530,SSRP|ASIA_LOW|20250530|1748647500,SSRP|ASIA_LOW|20250530|1748647500|FINAL,SSRP|ASIA_LOW|20250530|1748647500|FINAL,3292.10,3292.10,3289.83,3289.83,3296.65,3296.65,true
2025.05.30 23:45:00,LONG,ASIA_LOW|20250530,SSRP|ASIA_LOW|20250530|1748648400,SSRP|ASIA_LOW|20250530|1748648400|FINAL,SSRP|ASIA_LOW|20250530|1748648400|FINAL,3291.82,3291.82,3289.95,3289.95,3295.57,3295.57,true
2025.06.02 08:15:00,SHORT,ASIA_HIGH|20250602,SSRP|ASIA_HIGH|20250602|1748851800,SSRP|ASIA_HIGH|20250602|1748851800|FINAL,SSRP|ASIA_HIGH|20250602|1748851800|FINAL,3317.25,3317.25,3320.00,3320.00,3311.74,3311.74,true
2025.06.02 08:20:00,SHORT,ASIA_HIGH|20250602,SSRP|ASIA_HIGH|20250602|1748852100,SSRP|ASIA_HIGH|20250602|1748852100|FINAL,SSRP|ASIA_HIGH|20250602|1748852100|FINAL,3316.83,3316.83,3320.00,3320.00,3310.49,3310.49,true
2025.06.03 08:35:00,LONG,ASIA_LOW|20250603,SSRP|ASIA_LOW|20250603|1748939400,SSRP|ASIA_LOW|20250603|1748939400|FINAL,SSRP|ASIA_LOW|20250603|1748939400|FINAL,3359.56,3359.56,3356.17,3356.17,3366.35,3366.35,true
2025.06.03 08:40:00,LONG,ASIA_LOW|20250603,SSRP|ASIA_LOW|20250603|1748939700,SSRP|ASIA_LOW|20250603|1748939700|FINAL,SSRP|ASIA_LOW|20250603|1748939700|FINAL,3360.79,3360.79,3356.17,3356.17,3370.03,3370.03,true
2025.06.03 10:55:00,LONG,ASIA_LOW|20250603,SSRP|ASIA_LOW|20250603|1748946900,SSRP|ASIA_LOW|20250603|1748946900|FINAL,SSRP|ASIA_LOW|20250603|1748946900|FINAL,3359.64,3359.64,3355.09,3355.09,3368.75,3368.75,true
2025.06.03 11:00:00,LONG,ASIA_LOW|20250603,SSRP|ASIA_LOW|20250603|1748948100,SSRP|ASIA_LOW|20250603|1748948100|FINAL,SSRP|ASIA_LOW|20250603|1748948100|FINAL,3362.15,3362.15,3357.58,3357.58,3371.29,3371.29,true
2025.06.03 12:20:00,LONG,ASIA_LOW|20250603,SSRP|ASIA_LOW|20250603|1748952600,SSRP|ASIA_LOW|20250603|1748952600|FINAL,SSRP|ASIA_LOW|20250603|1748952600|FINAL,3359.91,3359.91,3357.60,3357.60,3364.52,3364.52,true
2025.06.03 12:40:00,LONG,ASIA_LOW|20250603,SSRP|ASIA_LOW|20250603|1748953200,SSRP|ASIA_LOW|20250603|1748953200|FINAL,SSRP|ASIA_LOW|20250603|1748953200|FINAL,3360.03,3360.03,3354.88,3354.88,3370.33,3370.33,true
2025.06.03 14:50:00,LONG,ASIA_LOW|20250603,SSRP|ASIA_LOW|20250603|1748961600,SSRP|ASIA_LOW|20250603|1748961600|FINAL,SSRP|ASIA_LOW|20250603|1748961600|FINAL,3359.46,3359.46,3357.66,3357.66,3363.06,3363.06,true
2025.06.03 15:40:00,LONG,ASIA_LOW|20250603,SSRP|ASIA_LOW|20250603|1748964600,SSRP|ASIA_LOW|20250603|1748964600|FINAL,SSRP|ASIA_LOW|20250603|1748964600|FINAL,3361.45,3361.45,3352.82,3352.82,3378.71,3378.71,true
2025.06.03 15:45:00,LONG,ASIA_LOW|20250603,SSRP|ASIA_LOW|20250603|1748965200,SSRP|ASIA_LOW|20250603|1748965200|FINAL,SSRP|ASIA_LOW|20250603|1748965200|FINAL,3360.20,3360.20,3357.85,3357.85,3364.90,3364.90,true
2025.06.03 16:00:00,LONG,ASIA_LOW|20250603,SSRP|ASIA_LOW|20250603|1748965800,SSRP|ASIA_LOW|20250603|1748965800|FINAL,SSRP|ASIA_LOW|20250603|1748965800|FINAL,3361.09,3361.09,3356.96,3356.96,3369.34,3369.34,true
2025.06.03 16:05:00,LONG,ASIA_LOW|20250603,SSRP|ASIA_LOW|20250603|1748966400,SSRP|ASIA_LOW|20250603|1748966400|FINAL,SSRP|ASIA_LOW|20250603|1748966400|FINAL,3361.46,3361.46,3356.96,3356.96,3370.46,3370.46,true
2025.06.04 14:30:00,LONG,ASIA_LOW|20250604,SSRP|ASIA_LOW|20250604|1749047100,SSRP|ASIA_LOW|20250604|1749047100|FINAL,SSRP|ASIA_LOW|20250604|1749047100|FINAL,3347.55,3347.55,3343.57,3343.57,3355.52,3355.52,true
2025.06.04 14:35:00,LONG,ASIA_LOW|20250604,SSRP|ASIA_LOW|20250604|1749047400,SSRP|ASIA_LOW|20250604|1749047400|FINAL,SSRP|ASIA_LOW|20250604|1749047400|FINAL,3347.70,3347.70,3344.09,3344.09,3354.91,3354.91,true
2025.06.04 15:05:00,LONG,ASIA_LOW|20250604,SSRP|ASIA_LOW|20250604|1749048900,SSRP|ASIA_LOW|20250604|1749048900|FINAL,SSRP|ASIA_LOW|20250604|1749048900|FINAL,3349.03,3349.03,3345.08,3345.08,3356.93,3356.93,true
2025.06.04 15:30:00,LONG,ASIA_LOW|20250604,SSRP|ASIA_LOW|20250604|1749050700,SSRP|ASIA_LOW|20250604|1749050700|FINAL,SSRP|ASIA_LOW|20250604|1749050700|FINAL,3354.64,3354.64,3344.18,3344.18,3375.56,3375.56,true
2025.06.04 18:35:00,SHORT,ASIA_HIGH|20250604,SSRP|ASIA_HIGH|20250604|1749061800,SSRP|ASIA_HIGH|20250604|1749061800|FINAL,SSRP|ASIA_HIGH|20250604|1749061800|FINAL,3370.30,3370.30,3375.09,3375.09,3360.73,3360.73,true
2025.06.04 18:50:00,SHORT,ASIA_HIGH|20250604,SSRP|ASIA_HIGH|20250604|1749062400,SSRP|ASIA_HIGH|20250604|1749062400|FINAL,SSRP|ASIA_HIGH|20250604|1749062400|FINAL,3372.26,3372.26,3374.74,3374.74,3367.31,3367.31,true
2025.06.04 18:55:00,SHORT,ASIA_HIGH|20250604,SSRP|ASIA_HIGH|20250604|1749063000,SSRP|ASIA_HIGH|20250604|1749063000|FINAL,SSRP|ASIA_HIGH|20250604|1749063000|FINAL,3371.74,3371.74,3374.43,3374.43,3366.37,3366.37,true
2025.06.04 19:10:00,SHORT,ASIA_HIGH|20250604,SSRP|ASIA_HIGH|20250604|1749063600,SSRP|ASIA_HIGH|20250604|1749063600|FINAL,SSRP|ASIA_HIGH|20250604|1749063600|FINAL,3371.02,3371.02,3375.16,3375.16,3362.75,3362.75,true
2025.06.04 22:35:00,SHORT,ASIA_HIGH|20250604,SSRP|ASIA_HIGH|20250604|1749076200,SSRP|ASIA_HIGH|20250604|1749076200|FINAL,SSRP|ASIA_HIGH|20250604|1749076200|FINAL,3372.26,3372.26,3374.24,3374.24,3368.30,3368.30,true
2025.06.04 22:40:00,SHORT,ASIA_HIGH|20250604,SSRP|ASIA_HIGH|20250604|1749076500,SSRP|ASIA_HIGH|20250604|1749076500|FINAL,SSRP|ASIA_HIGH|20250604|1749076500|FINAL,3372.00,3372.00,3374.24,3374.24,3367.52,3367.52,true
2025.06.04 23:00:00,SHORT,ASIA_HIGH|20250604,SSRP|ASIA_HIGH|20250604|1749077700,SSRP|ASIA_HIGH|20250604|1749077700|FINAL,SSRP|ASIA_HIGH|20250604|1749077700|FINAL,3372.26,3372.26,3373.82,3373.82,3369.15,3369.15,true
2025.06.04 23:20:00,SHORT,ASIA_HIGH|20250604,SSRP|ASIA_HIGH|20250604|1749078000,SSRP|ASIA_HIGH|20250604|1749078000|FINAL,SSRP|ASIA_HIGH|20250604|1749078000|FINAL,3371.44,3371.44,3374.56,3374.56,3365.20,3365.20,true
2025.06.05 08:35:00,LONG,ASIA_LOW|20250605,SSRP|ASIA_LOW|20250605|1749112200,SSRP|ASIA_LOW|20250605|1749112200|FINAL,SSRP|ASIA_LOW|20250605|1749112200|FINAL,3364.20,3364.20,3361.52,3361.52,3369.57,3369.57,true
2025.06.05 08:40:00,LONG,ASIA_LOW|20250605,SSRP|ASIA_LOW|20250605|1749112500,SSRP|ASIA_LOW|20250605|1749112500|FINAL,SSRP|ASIA_LOW|20250605|1749112500|FINAL,3365.94,3365.94,3361.52,3361.52,3374.79,3374.79,true
2025.06.05 08:55:00,LONG,ASIA_LOW|20250605,SSRP|ASIA_LOW|20250605|1749113400,SSRP|ASIA_LOW|20250605|1749113400|FINAL,SSRP|ASIA_LOW|20250605|1749113400|FINAL,3364.29,3364.29,3361.09,3361.09,3370.69,3370.69,true
2025.06.05 09:00:00,LONG,ASIA_LOW|20250605,SSRP|ASIA_LOW|20250605|1749113700,SSRP|ASIA_LOW|20250605|1749113700|FINAL,SSRP|ASIA_LOW|20250605|1749113700|FINAL,3365.20,3365.20,3361.09,3361.09,3373.43,3373.43,true
2025.06.05 12:35:00,SHORT,ASIA_HIGH|20250605,SSRP|ASIA_HIGH|20250605|1749126300,SSRP|ASIA_HIGH|20250605|1749126300|FINAL,SSRP|ASIA_HIGH|20250605|1749126300|FINAL,3383.93,3383.93,3390.10,3390.10,3371.59,3371.59,true
2025.06.05 15:45:00,SHORT,ASIA_HIGH|20250605,SSRP|ASIA_HIGH|20250605|1749138000,SSRP|ASIA_HIGH|20250605|1749138000|FINAL,SSRP|ASIA_HIGH|20250605|1749138000|FINAL,3383.09,3383.09,3395.79,3395.79,3357.70,3357.70,true
2025.06.05 15:50:00,SHORT,ASIA_HIGH|20250605,SSRP|ASIA_HIGH|20250605|1749138300,SSRP|ASIA_HIGH|20250605|1749138300|FINAL,SSRP|ASIA_HIGH|20250605|1749138300|FINAL,3380.54,3380.54,3395.79,3395.79,3350.03,3350.03,true
2025.06.05 16:25:00,SHORT,ASIA_HIGH|20250605,SSRP|ASIA_HIGH|20250605|1749140400,SSRP|ASIA_HIGH|20250605|1749140400|FINAL,SSRP|ASIA_HIGH|20250605|1749140400|FINAL,3378.89,3378.89,3385.67,3385.67,3365.34,3365.34,true
2025.06.05 16:45:00,SHORT,ASIA_HIGH|20250605,SSRP|ASIA_HIGH|20250605|1749141000,SSRP|ASIA_HIGH|20250605|1749141000|FINAL,SSRP|ASIA_HIGH|20250605|1749141000|FINAL,3378.66,3378.66,3388.80,3388.80,3358.38,3358.38,true
2025.06.05 16:50:00,SHORT,ASIA_HIGH|20250605,SSRP|ASIA_HIGH|20250605|1749141900,SSRP|ASIA_HIGH|20250605|1749141900|FINAL,SSRP|ASIA_HIGH|20250605|1749141900|FINAL,3378.94,3378.94,3385.61,3385.61,3365.59,3365.59,true
2025.06.06 08:10:00,SHORT,ASIA_HIGH|20250606,SSRP|ASIA_HIGH|20250606|1749196800,SSRP|ASIA_HIGH|20250606|1749196800|FINAL,SSRP|ASIA_HIGH|20250606|1749196800|FINAL,3373.94,3373.94,3375.71,3375.71,3370.41,3370.41,true
2025.06.06 08:15:00,SHORT,ASIA_HIGH|20250606,SSRP|ASIA_HIGH|20250606|1749197400,SSRP|ASIA_HIGH|20250606|1749197400|FINAL,SSRP|ASIA_HIGH|20250606|1749197400|FINAL,3372.71,3372.71,3375.40,3375.40,3367.32,3367.32,true
2025.06.06 12:50:00,LONG,ASIA_LOW|20250606,SSRP|ASIA_LOW|20250606|1749213900,SSRP|ASIA_LOW|20250606|1749213900|FINAL,SSRP|ASIA_LOW|20250606|1749213900|FINAL,3356.01,3356.01,3352.44,3352.44,3363.16,3363.16,true
2025.06.06 15:45:00,LONG,ASIA_LOW|20250606,SSRP|ASIA_LOW|20250606|1749224100,SSRP|ASIA_LOW|20250606|1749224100|FINAL,SSRP|ASIA_LOW|20250606|1749224100|FINAL,3359.03,3359.03,3343.27,3343.27,3390.56,3390.56,true
2025.06.06 15:50:00,LONG,ASIA_LOW|20250606,SSRP|ASIA_LOW|20250606|1749224700,SSRP|ASIA_LOW|20250606|1749224700|FINAL,SSRP|ASIA_LOW|20250606|1749224700|FINAL,3356.15,3356.15,3351.48,3351.48,3365.49,3365.49,true
2025.06.06 16:05:00,LONG,ASIA_LOW|20250606,SSRP|ASIA_LOW|20250606|1749225600,SSRP|ASIA_LOW|20250606|1749225600|FINAL,SSRP|ASIA_LOW|20250606|1749225600|FINAL,3355.39,3355.39,3346.38,3346.38,3373.40,3373.40,true
2025.06.06 16:10:00,LONG,ASIA_LOW|20250606,SSRP|ASIA_LOW|20250606|1749225900,SSRP|ASIA_LOW|20250606|1749225900|FINAL,SSRP|ASIA_LOW|20250606|1749225900|FINAL,3355.95,3355.95,3347.67,3347.67,3372.50,3372.50,true
2025.06.06 16:25:00,LONG,ASIA_LOW|20250606,SSRP|ASIA_LOW|20250606|1749226800,SSRP|ASIA_LOW|20250606|1749226800|FINAL,SSRP|ASIA_LOW|20250606|1749226800|FINAL,3353.79,3353.79,3348.49,3348.49,3364.39,3364.39,true
2025.06.06 16:30:00,LONG,ASIA_LOW|20250606,SSRP|ASIA_LOW|20250606|1749227100,SSRP|ASIA_LOW|20250606|1749227100|FINAL,SSRP|ASIA_LOW|20250606|1749227100|FINAL,3353.58,3353.58,3347.25,3347.25,3366.23,3366.23,true
2025.06.09 11:55:00,SHORT,ASIA_HIGH|20250609,SSRP|ASIA_HIGH|20250609|1749469500,SSRP|ASIA_HIGH|20250609|1749469500|FINAL,SSRP|ASIA_HIGH|20250609|1749469500|FINAL,3319.82,3319.82,3323.81,3323.81,3311.83,3311.83,true
2025.06.09 12:20:00,SHORT,ASIA_HIGH|20250609,SSRP|ASIA_HIGH|20250609|1749471000,SSRP|ASIA_HIGH|20250609|1749471000|FINAL,SSRP|ASIA_HIGH|20250609|1749471000|FINAL,3316.93,3316.93,3323.60,3323.60,3303.59,3303.59,true
2025.06.09 12:45:00,SHORT,ASIA_HIGH|20250609,SSRP|ASIA_HIGH|20250609|1749472500,SSRP|ASIA_HIGH|20250609|1749472500|FINAL,SSRP|ASIA_HIGH|20250609|1749472500|FINAL,3320.80,3320.80,3322.48,3322.48,3317.44,3317.44,true
2025.06.09 12:50:00,SHORT,ASIA_HIGH|20250609,SSRP|ASIA_HIGH|20250609|1749473100,SSRP|ASIA_HIGH|20250609|1749473100|FINAL,SSRP|ASIA_HIGH|20250609|1749473100|FINAL,3320.64,3320.64,3322.45,3322.45,3317.02,3317.02,true
2025.06.09 15:40:00,SHORT,ASIA_HIGH|20250609,SSRP|ASIA_HIGH|20250609|1749483000,SSRP|ASIA_HIGH|20250609|1749483000|FINAL,SSRP|ASIA_HIGH|20250609|1749483000|FINAL,3319.48,3319.48,3322.60,3322.60,3313.24,3313.24,true
2025.06.09 17:30:00,SHORT,ASIA_HIGH|20250609,SSRP|ASIA_HIGH|20250609|1749489300,SSRP|ASIA_HIGH|20250609|1749489300|FINAL,SSRP|ASIA_HIGH|20250609|1749489300|FINAL,3319.30,3319.30,3327.00,3327.00,3303.91,3303.91,true
2025.06.09 17:35:00,SHORT,ASIA_HIGH|20250609,SSRP|ASIA_HIGH|20250609|1749490200,SSRP|ASIA_HIGH|20250609|1749490200|FINAL,SSRP|ASIA_HIGH|20250609|1749490200|FINAL,3318.40,3318.40,3322.89,3322.89,3309.43,3309.43,true
2025.06.10 09:55:00,SHORT,ASIA_HIGH|20250610,SSRP|ASIA_HIGH|20250610|1749547800,SSRP|ASIA_HIGH|20250610|1749547800|FINAL,SSRP|ASIA_HIGH|20250610|1749547800|FINAL,3325.44,3325.44,3331.46,3331.46,3313.40,3313.40,true
2025.06.10 10:00:00,SHORT,ASIA_HIGH|20250610,SSRP|ASIA_HIGH|20250610|1749549300,SSRP|ASIA_HIGH|20250610|1749549300|FINAL,SSRP|ASIA_HIGH|20250610|1749549300|FINAL,3326.61,3326.61,3329.17,3329.17,3321.49,3321.49,true
2025.06.10 10:15:00,SHORT,ASIA_HIGH|20250610,SSRP|ASIA_HIGH|20250610|1749549600,SSRP|ASIA_HIGH|20250610|1749549600|FINAL,SSRP|ASIA_HIGH|20250610|1749549600|FINAL,3326.11,3326.11,3329.70,3329.70,3318.94,3318.94,true
2025.06.10 10:20:00,SHORT,ASIA_HIGH|20250610,SSRP|ASIA_HIGH|20250610|1749550500,SSRP|ASIA_HIGH|20250610|1749550500|FINAL,SSRP|ASIA_HIGH|20250610|1749550500|FINAL,3324.66,3324.66,3328.90,3328.90,3316.17,3316.17,true
2025.06.10 11:40:00,SHORT,ASIA_HIGH|20250610,SSRP|ASIA_HIGH|20250610|1749555000,SSRP|ASIA_HIGH|20250610|1749555000|FINAL,SSRP|ASIA_HIGH|20250610|1749555000|FINAL,3327.49,3327.49,3330.09,3330.09,3322.29,3322.29,true
2025.06.10 11:45:00,SHORT,ASIA_HIGH|20250610,SSRP|ASIA_HIGH|20250610|1749555600,SSRP|ASIA_HIGH|20250610|1749555600|FINAL,SSRP|ASIA_HIGH|20250610|1749555600|FINAL,3327.42,3327.42,3329.49,3329.49,3323.27,3323.27,true
2025.06.10 18:00:00,SHORT,ASIA_HIGH|20250610,SSRP|ASIA_HIGH|20250610|1749577500,SSRP|ASIA_HIGH|20250610|1749577500|FINAL,SSRP|ASIA_HIGH|20250610|1749577500|FINAL,3324.90,3324.90,3332.71,3332.71,3309.28,3309.28,true
2025.06.10 18:10:00,SHORT,ASIA_HIGH|20250610,SSRP|ASIA_HIGH|20250610|1749578700,SSRP|ASIA_HIGH|20250610|1749578700|FINAL,SSRP|ASIA_HIGH|20250610|1749578700|FINAL,3325.79,3325.79,3329.34,3329.34,3318.68,3318.68,true
2025.06.10 18:15:00,SHORT,ASIA_HIGH|20250610,SSRP|ASIA_HIGH|20250610|1749579000,SSRP|ASIA_HIGH|20250610|1749579000|FINAL,SSRP|ASIA_HIGH|20250610|1749579000|FINAL,3324.93,3324.93,3328.90,3328.90,3317.00,3317.00,true
2025.06.10 18:35:00,SHORT,ASIA_HIGH|20250610,SSRP|ASIA_HIGH|20250610|1749580200,SSRP|ASIA_HIGH|20250610|1749580200|FINAL,SSRP|ASIA_HIGH|20250610|1749580200|FINAL,3325.97,3325.97,3329.45,3329.45,3319.00,3319.00,true
2025.06.10 18:40:00,SHORT,ASIA_HIGH|20250610,SSRP|ASIA_HIGH|20250610|1749580500,SSRP|ASIA_HIGH|20250610|1749580500|FINAL,SSRP|ASIA_HIGH|20250610|1749580500|FINAL,3326.10,3326.10,3329.15,3329.15,3320.00,3320.00,true
2025.06.10 23:00:00,SHORT,ASIA_HIGH|20250610,SSRP|ASIA_HIGH|20250610|1749595800,SSRP|ASIA_HIGH|20250610|1749595800|FINAL,SSRP|ASIA_HIGH|20250610|1749595800|FINAL,3327.17,3327.17,3333.55,3333.55,3314.42,3314.42,true
2025.06.10 23:05:00,SHORT,ASIA_HIGH|20250610,SSRP|ASIA_HIGH|20250610|1749596400,SSRP|ASIA_HIGH|20250610|1749596400|FINAL,SSRP|ASIA_HIGH|20250610|1749596400|FINAL,3327.66,3327.66,3328.43,3328.43,3326.12,3326.12,true
2025.06.10 23:15:00,SHORT,ASIA_HIGH|20250610,SSRP|ASIA_HIGH|20250610|1749597000,SSRP|ASIA_HIGH|20250610|1749597000|FINAL,SSRP|ASIA_HIGH|20250610|1749597000|FINAL,3325.85,3325.85,3328.85,3328.85,3319.86,3319.86,true
2025.06.10 23:20:00,SHORT,ASIA_HIGH|20250610,SSRP|ASIA_HIGH|20250610|1749597300,SSRP|ASIA_HIGH|20250610|1749597300|FINAL,SSRP|ASIA_HIGH|20250610|1749597300|FINAL,3325.39,3325.39,3328.83,3328.83,3318.51,3318.51,true
2025.06.11 12:00:00,SHORT,ASIA_HIGH|20250611,SSRP|ASIA_HIGH|20250611|1749642900,SSRP|ASIA_HIGH|20250611|1749642900|FINAL,SSRP|ASIA_HIGH|20250611|1749642900|FINAL,3341.02,3341.02,3346.31,3346.31,3330.44,3330.44,true
2025.06.11 12:05:00,SHORT,ASIA_HIGH|20250611,SSRP|ASIA_HIGH|20250611|1749643200,SSRP|ASIA_HIGH|20250611|1749643200|FINAL,SSRP|ASIA_HIGH|20250611|1749643200|FINAL,3336.01,3336.01,3344.80,3344.80,3318.42,3318.42,true
2025.06.11 15:50:00,SHORT,ASIA_HIGH|20250611,SSRP|ASIA_HIGH|20250611|1749656700,SSRP|ASIA_HIGH|20250611|1749656700|FINAL,SSRP|ASIA_HIGH|20250611|1749656700|FINAL,3342.58,3342.58,3356.00,3356.00,3315.75,3315.75,true
2025.06.11 15:55:00,SHORT,ASIA_HIGH|20250611,SSRP|ASIA_HIGH|20250611|1749657000,SSRP|ASIA_HIGH|20250611|1749657000|FINAL,SSRP|ASIA_HIGH|20250611|1749657000|FINAL,3336.75,3336.75,3352.85,3352.85,3304.55,3304.55,true
2025.06.11 16:20:00,SHORT,ASIA_HIGH|20250611,SSRP|ASIA_HIGH|20250611|1749658500,SSRP|ASIA_HIGH|20250611|1749658500|FINAL,SSRP|ASIA_HIGH|20250611|1749658500|FINAL,3340.12,3340.12,3344.88,3344.88,3330.61,3330.61,true
2025.06.11 16:25:00,SHORT,ASIA_HIGH|20250611,SSRP|ASIA_HIGH|20250611|1749658800,SSRP|ASIA_HIGH|20250611|1749658800|FINAL,SSRP|ASIA_HIGH|20250611|1749658800|FINAL,3337.73,3337.73,3344.59,3344.59,3324.01,3324.01,true
2025.06.11 21:30:00,SHORT,ASIA_HIGH|20250611,SSRP|ASIA_HIGH|20250611|1749677100,SSRP|ASIA_HIGH|20250611|1749677100|FINAL,SSRP|ASIA_HIGH|20250611|1749677100|FINAL,3339.34,3339.34,3347.54,3347.54,3322.94,3322.94,true
2025.06.11 21:35:00,SHORT,ASIA_HIGH|20250611,SSRP|ASIA_HIGH|20250611|1749677400,SSRP|ASIA_HIGH|20250611|1749677400|FINAL,SSRP|ASIA_HIGH|20250611|1749677400|FINAL,3339.27,3339.27,3347.54,3347.54,3322.74,3322.74,true
2025.06.12 11:25:00,LONG,ASIA_LOW|20250612,SSRP|ASIA_LOW|20250612|1749726600,SSRP|ASIA_LOW|20250612|1749726600|FINAL,SSRP|ASIA_LOW|20250612|1749726600|FINAL,3358.90,3358.90,3347.31,3347.31,3382.08,3382.08,true
2025.06.12 12:00:00,LONG,ASIA_LOW|20250612,SSRP|ASIA_LOW|20250612|1749729300,SSRP|ASIA_LOW|20250612|1749729300|FINAL,SSRP|ASIA_LOW|20250612|1749729300|FINAL,3357.07,3357.07,3355.62,3355.62,3359.97,3359.97,true
2025.06.12 12:10:00,LONG,ASIA_LOW|20250612,SSRP|ASIA_LOW|20250612|1749729900,SSRP|ASIA_LOW|20250612|1749729900|FINAL,SSRP|ASIA_LOW|20250612|1749729900|FINAL,3361.81,3361.81,3355.28,3355.28,3374.87,3374.87,true
2025.06.12 14:35:00,SHORT,ASIA_HIGH|20250612,SSRP|ASIA_HIGH|20250612|1749738600,SSRP|ASIA_HIGH|20250612|1749738600|FINAL,SSRP|ASIA_HIGH|20250612|1749738600|FINAL,3373.29,3373.29,3383.52,3383.52,3352.82,3352.82,true
2025.06.12 14:40:00,SHORT,ASIA_HIGH|20250612,SSRP|ASIA_HIGH|20250612|1749738900,SSRP|ASIA_HIGH|20250612|1749738900|FINAL,SSRP|ASIA_HIGH|20250612|1749738900|FINAL,3376.72,3376.72,3382.77,3382.77,3364.61,3364.61,true
2025.06.13 16:40:00,SHORT,ASIA_HIGH|20250613,SSRP|ASIA_HIGH|20250613|1749832500,SSRP|ASIA_HIGH|20250613|1749832500|FINAL,SSRP|ASIA_HIGH|20250613|1749832500|FINAL,3441.92,3441.92,3447.04,3447.04,3431.69,3431.69,true
2025.06.13 16:45:00,SHORT,ASIA_HIGH|20250613,SSRP|ASIA_HIGH|20250613|1749832800,SSRP|ASIA_HIGH|20250613|1749832800|FINAL,SSRP|ASIA_HIGH|20250613|1749832800|FINAL,3439.67,3439.67,3445.47,3445.47,3428.06,3428.06,true
2025.06.16 08:05:00,LONG,ASIA_LOW|20250616,SSRP|ASIA_LOW|20250616|1750060800,SSRP|ASIA_LOW|20250616|1750060800|FINAL,SSRP|ASIA_LOW|20250616|1750060800|FINAL,3428.72,3428.72,3421.92,3421.92,3442.32,3442.32,true
2025.06.16 08:10:00,LONG,ASIA_LOW|20250616,SSRP|ASIA_LOW|20250616|1750061100,SSRP|ASIA_LOW|20250616|1750061100|FINAL,SSRP|ASIA_LOW|20250616|1750061100|FINAL,3427.17,3427.17,3424.80,3424.80,3431.92,3431.92,true
2025.06.16 08:25:00,LONG,ASIA_LOW|20250616,SSRP|ASIA_LOW|20250616|1750061700,SSRP|ASIA_LOW|20250616|1750061700|FINAL,SSRP|ASIA_LOW|20250616|1750061700|FINAL,3427.64,3427.64,3424.17,3424.17,3434.58,3434.58,true
2025.06.17 17:40:00,LONG,ASIA_LOW|20250617,SSRP|ASIA_LOW|20250617|1750181700,SSRP|ASIA_LOW|20250617|1750181700|FINAL,SSRP|ASIA_LOW|20250617|1750181700|FINAL,3375.56,3375.56,3365.87,3365.87,3394.94,3394.94,true
2025.06.17 17:45:00,LONG,ASIA_LOW|20250617,SSRP|ASIA_LOW|20250617|1750182000,SSRP|ASIA_LOW|20250617|1750182000|FINAL,SSRP|ASIA_LOW|20250617|1750182000|FINAL,3378.89,3378.89,3369.10,3369.10,3398.47,3398.47,true
2025.06.17 18:55:00,LONG,ASIA_LOW|20250617,SSRP|ASIA_LOW|20250617|1750186200,SSRP|ASIA_LOW|20250617|1750186200|FINAL,SSRP|ASIA_LOW|20250617|1750186200|FINAL,3379.30,3379.30,3372.33,3372.33,3393.25,3393.25,true
2025.06.18 22:15:00,LONG,ASIA_LOW|20250618,SSRP|ASIA_LOW|20250618|1750284600,SSRP|ASIA_LOW|20250618|1750284600|FINAL,SSRP|ASIA_LOW|20250618|1750284600|FINAL,3373.94,3373.94,3368.35,3368.35,3385.13,3385.13,true
2025.06.18 22:30:00,LONG,ASIA_LOW|20250618,SSRP|ASIA_LOW|20250618|1750285500,SSRP|ASIA_LOW|20250618|1750285500|FINAL,SSRP|ASIA_LOW|20250618|1750285500|FINAL,3373.42,3373.42,3362.66,3362.66,3394.94,3394.94,true
2025.06.18 22:35:00,LONG,ASIA_LOW|20250618,SSRP|ASIA_LOW|20250618|1750285800,SSRP|ASIA_LOW|20250618|1750285800|FINAL,SSRP|ASIA_LOW|20250618|1750285800|FINAL,3373.29,3373.29,3362.66,3362.66,3394.54,3394.54,true
2025.06.19 11:40:00,LONG,ASIA_LOW|20250619,SSRP|ASIA_LOW|20250619|1750332900,SSRP|ASIA_LOW|20250619|1750332900|FINAL,SSRP|ASIA_LOW|20250619|1750332900|FINAL,3370.24,3370.24,3364.90,3364.90,3380.91,3380.91,true
2025.06.19 11:45:00,LONG,ASIA_LOW|20250619,SSRP|ASIA_LOW|20250619|1750333200,SSRP|ASIA_LOW|20250619|1750333200|FINAL,SSRP|ASIA_LOW|20250619|1750333200|FINAL,3370.26,3370.26,3366.74,3366.74,3377.30,3377.30,true
2025.06.19 11:50:00,LONG,ASIA_LOW|20250619,SSRP|ASIA_LOW|20250619|1750333500,SSRP|ASIA_LOW|20250619|1750333500|FINAL,SSRP|ASIA_LOW|20250619|1750333500|FINAL,3370.05,3370.05,3368.15,3368.15,3373.85,3373.85,true
2025.06.19 12:20:00,LONG,ASIA_LOW|20250619,SSRP|ASIA_LOW|20250619|1750334700,SSRP|ASIA_LOW|20250619|1750334700|FINAL,SSRP|ASIA_LOW|20250619|1750334700|FINAL,3372.68,3372.68,3363.45,3363.45,3391.14,3391.14,true
2025.06.19 15:30:00,LONG,ASIA_LOW|20250619,SSRP|ASIA_LOW|20250619|1750346700,SSRP|ASIA_LOW|20250619|1750346700|FINAL,SSRP|ASIA_LOW|20250619|1750346700|FINAL,3369.59,3369.59,3364.46,3364.46,3379.86,3379.86,true
2025.06.19 15:50:00,LONG,ASIA_LOW|20250619,SSRP|ASIA_LOW|20250619|1750347600,SSRP|ASIA_LOW|20250619|1750347600|FINAL,SSRP|ASIA_LOW|20250619|1750347600|FINAL,3369.45,3369.45,3365.81,3365.81,3376.74,3376.74,true
2025.06.19 16:45:00,LONG,ASIA_LOW|20250619,SSRP|ASIA_LOW|20250619|1750350900,SSRP|ASIA_LOW|20250619|1750350900|FINAL,SSRP|ASIA_LOW|20250619|1750350900|FINAL,3370.55,3370.55,3362.06,3362.06,3387.52,3387.52,true
2025.06.19 16:50:00,LONG,ASIA_LOW|20250619,SSRP|ASIA_LOW|20250619|1750351500,SSRP|ASIA_LOW|20250619|1750351500|FINAL,SSRP|ASIA_LOW|20250619|1750351500|FINAL,3372.07,3372.07,3367.53,3367.53,3381.16,3381.16,true
2025.06.19 18:50:00,LONG,ASIA_LOW|20250619,SSRP|ASIA_LOW|20250619|1750358700,SSRP|ASIA_LOW|20250619|1750358700|FINAL,SSRP|ASIA_LOW|20250619|1750358700|FINAL,3370.17,3370.17,3365.31,3365.31,3379.89,3379.89,true
2025.06.19 19:20:00,LONG,ASIA_LOW|20250619,SSRP|ASIA_LOW|20250619|1750360500,SSRP|ASIA_LOW|20250619|1750360500|FINAL,SSRP|ASIA_LOW|20250619|1750360500|FINAL,3370.58,3370.58,3366.03,3366.03,3379.68,3379.68,true
2025.06.19 19:25:00,LONG,ASIA_LOW|20250619,SSRP|ASIA_LOW|20250619|1750360800,SSRP|ASIA_LOW|20250619|1750360800|FINAL,SSRP|ASIA_LOW|20250619|1750360800|FINAL,3369.91,3369.91,3366.65,3366.65,3376.43,3376.43,true
2025.06.19 19:40:00,LONG,ASIA_LOW|20250619,SSRP|ASIA_LOW|20250619|1750361400,SSRP|ASIA_LOW|20250619|1750361400|FINAL,SSRP|ASIA_LOW|20250619|1750361400|FINAL,3369.62,3369.62,3366.74,3366.74,3375.37,3375.37,true
2025.06.19 19:45:00,LONG,ASIA_LOW|20250619,SSRP|ASIA_LOW|20250619|1750362000,SSRP|ASIA_LOW|20250619|1750362000|FINAL,SSRP|ASIA_LOW|20250619|1750362000|FINAL,3370.75,3370.75,3368.27,3368.27,3375.70,3375.70,true
2025.06.19 20:50:00,LONG,ASIA_LOW|20250619,SSRP|ASIA_LOW|20250619|1750365900,SSRP|ASIA_LOW|20250619|1750365900|FINAL,SSRP|ASIA_LOW|20250619|1750365900|FINAL,3369.40,3369.40,3365.93,3365.93,3376.34,3376.34,true
2025.06.19 21:10:00,LONG,ASIA_LOW|20250619,SSRP|ASIA_LOW|20250619|1750366800,SSRP|ASIA_LOW|20250619|1750366800|FINAL,SSRP|ASIA_LOW|20250619|1750366800|FINAL,3369.54,3369.54,3366.51,3366.51,3375.60,3375.60,true
2025.06.20 09:00:00,LONG,ASIA_LOW|20250620,SSRP|ASIA_LOW|20250620|1750409700,SSRP|ASIA_LOW|20250620|1750409700|FINAL,SSRP|ASIA_LOW|20250620|1750409700|FINAL,3345.98,3345.98,3341.95,3341.95,3354.03,3354.03,true
2025.06.20 09:05:00,LONG,ASIA_LOW|20250620,SSRP|ASIA_LOW|20250620|1750410000,SSRP|ASIA_LOW|20250620|1750410000|FINAL,SSRP|ASIA_LOW|20250620|1750410000|FINAL,3345.35,3345.35,3341.95,3341.95,3352.15,3352.15,true
2025.06.20 09:50:00,LONG,ASIA_LOW|20250620,SSRP|ASIA_LOW|20250620|1750412400,SSRP|ASIA_LOW|20250620|1750412400|FINAL,SSRP|ASIA_LOW|20250620|1750412400|FINAL,3345.65,3345.65,3340.18,3340.18,3356.59,3356.59,true
2025.06.20 10:00:00,LONG,ASIA_LOW|20250620,SSRP|ASIA_LOW|20250620|1750413300,SSRP|ASIA_LOW|20250620|1750413300|FINAL,SSRP|ASIA_LOW|20250620|1750413300|FINAL,3347.71,3347.71,3343.21,3343.21,3356.71,3356.71,true
2025.06.20 10:05:00,LONG,ASIA_LOW|20250620,SSRP|ASIA_LOW|20250620|1750413600,SSRP|ASIA_LOW|20250620|1750413600|FINAL,SSRP|ASIA_LOW|20250620|1750413600|FINAL,3351.93,3351.93,3343.21,3343.21,3369.38,3369.38,true
2025.06.20 15:35:00,LONG,ASIA_LOW|20250620,SSRP|ASIA_LOW|20250620|1750433400,SSRP|ASIA_LOW|20250620|1750433400|FINAL,SSRP|ASIA_LOW|20250620|1750433400|FINAL,3347.06,3347.06,3341.74,3341.74,3357.69,3357.69,true
2025.06.20 15:40:00,LONG,ASIA_LOW|20250620,SSRP|ASIA_LOW|20250620|1750433700,SSRP|ASIA_LOW|20250620|1750433700|FINAL,SSRP|ASIA_LOW|20250620|1750433700|FINAL,3346.58,3346.58,3343.85,3343.85,3352.05,3352.05,true
2025.06.20 15:50:00,LONG,ASIA_LOW|20250620,SSRP|ASIA_LOW|20250620|1750434300,SSRP|ASIA_LOW|20250620|1750434300|FINAL,SSRP|ASIA_LOW|20250620|1750434300|FINAL,3345.02,3345.02,3343.29,3343.29,3348.48,3348.48,true
2025.06.20 16:00:00,LONG,ASIA_LOW|20250620,SSRP|ASIA_LOW|20250620|1750434600,SSRP|ASIA_LOW|20250620|1750434600|FINAL,SSRP|ASIA_LOW|20250620|1750434600|FINAL,3346.75,3346.75,3342.89,3342.89,3354.48,3354.48,true
2025.06.20 16:05:00,LONG,ASIA_LOW|20250620,SSRP|ASIA_LOW|20250620|1750435200,SSRP|ASIA_LOW|20250620|1750435200|FINAL,SSRP|ASIA_LOW|20250620|1750435200|FINAL,3349.01,3349.01,3342.88,3342.88,3361.26,3361.26,true
2025.06.20 16:55:00,SHORT,ASIA_HIGH|20250620,SSRP|ASIA_HIGH|20250620|1750438200,SSRP|ASIA_HIGH|20250620|1750438200|FINAL,SSRP|ASIA_HIGH|20250620|1750438200|FINAL,3370.37,3370.37,3374.08,3374.08,3362.96,3362.96,true
2025.06.20 17:00:00,SHORT,ASIA_HIGH|20250620,SSRP|ASIA_HIGH|20250620|1750438500,SSRP|ASIA_HIGH|20250620|1750438500|FINAL,SSRP|ASIA_HIGH|20250620|1750438500|FINAL,3367.67,3367.67,3374.08,3374.08,3354.84,3354.84,true
2025.06.20 17:15:00,SHORT,ASIA_HIGH|20250620,SSRP|ASIA_HIGH|20250620|1750439100,SSRP|ASIA_HIGH|20250620|1750439100|FINAL,SSRP|ASIA_HIGH|20250620|1750439100|FINAL,3369.23,3369.23,3374.72,3374.72,3358.25,3358.25,true
2025.06.20 18:05:00,SHORT,ASIA_HIGH|20250620,SSRP|ASIA_HIGH|20250620|1750442400,SSRP|ASIA_HIGH|20250620|1750442400|FINAL,SSRP|ASIA_HIGH|20250620|1750442400|FINAL,3368.82,3368.82,3371.82,3371.82,3362.82,3362.82,true
2025.06.20 18:10:00,SHORT,ASIA_HIGH|20250620,SSRP|ASIA_HIGH|20250620|1750442700,SSRP|ASIA_HIGH|20250620|1750442700|FINAL,SSRP|ASIA_HIGH|20250620|1750442700|FINAL,3367.56,3367.56,3371.40,3371.40,3359.88,3359.88,true
2025.06.20 19:00:00,SHORT,ASIA_HIGH|20250620,SSRP|ASIA_HIGH|20250620|1750445700,SSRP|ASIA_HIGH|20250620|1750445700|FINAL,SSRP|ASIA_HIGH|20250620|1750445700|FINAL,3369.57,3369.57,3371.87,3371.87,3364.97,3364.97,true
2025.06.20 20:25:00,SHORT,ASIA_HIGH|20250620,SSRP|ASIA_HIGH|20250620|1750450500,SSRP|ASIA_HIGH|20250620|1750450500|FINAL,SSRP|ASIA_HIGH|20250620|1750450500|FINAL,3369.87,3369.87,3371.72,3371.72,3366.17,3366.17,true
2025.06.20 20:30:00,SHORT,ASIA_HIGH|20250620,SSRP|ASIA_HIGH|20250620|1750451100,SSRP|ASIA_HIGH|20250620|1750451100|FINAL,SSRP|ASIA_HIGH|20250620|1750451100|FINAL,3368.36,3368.36,3371.53,3371.53,3362.02,3362.02,true
2025.06.23 08:40:00,LONG,ASIA_LOW|20250623,SSRP|ASIA_LOW|20250623|1750667700,SSRP|ASIA_LOW|20250623|1750667700|FINAL,SSRP|ASIA_LOW|20250623|1750667700|FINAL,3353.21,3353.21,3346.91,3346.91,3365.81,3365.81,true
2025.06.23 08:45:00,LONG,ASIA_LOW|20250623,SSRP|ASIA_LOW|20250623|1750668000,SSRP|ASIA_LOW|20250623|1750668000|FINAL,SSRP|ASIA_LOW|20250623|1750668000|FINAL,3356.39,3356.39,3349.73,3349.73,3369.71,3369.71,true
2025.06.24 08:45:00,LONG,ASIA_LOW|20250624,SSRP|ASIA_LOW|20250624|1750754400,SSRP|ASIA_LOW|20250624|1750754400|FINAL,SSRP|ASIA_LOW|20250624|1750754400|FINAL,3333.48,3333.48,3329.71,3329.71,3341.01,3341.01,true
2025.06.25 10:45:00,SHORT,ASIA_HIGH|20250625,SSRP|ASIA_HIGH|20250625|1750848000,SSRP|ASIA_HIGH|20250625|1750848000|FINAL,SSRP|ASIA_HIGH|20250625|1750848000|FINAL,3333.93,3333.93,3337.21,3337.21,3327.36,3327.36,true
2025.06.25 10:50:00,SHORT,ASIA_HIGH|20250625,SSRP|ASIA_HIGH|20250625|1750848300,SSRP|ASIA_HIGH|20250625|1750848300|FINAL,SSRP|ASIA_HIGH|20250625|1750848300|FINAL,3331.47,3331.47,3337.22,3337.22,3319.98,3319.98,true
2025.06.25 15:50:00,LONG,ASIA_LOW|20250625,SSRP|ASIA_LOW|20250625|1750866000,SSRP|ASIA_LOW|20250625|1750866000|FINAL,SSRP|ASIA_LOW|20250625|1750866000|FINAL,3321.11,3321.11,3318.08,3318.08,3327.18,3327.18,true
2025.06.25 17:25:00,LONG,ASIA_LOW|20250625,SSRP|ASIA_LOW|20250625|1750870800,SSRP|ASIA_LOW|20250625|1750870800|FINAL,SSRP|ASIA_LOW|20250625|1750870800|FINAL,3321.79,3321.79,3312.20,3312.20,3340.97,3340.97,true
2025.06.25 17:30:00,LONG,ASIA_LOW|20250625,SSRP|ASIA_LOW|20250625|1750872300,SSRP|ASIA_LOW|20250625|1750872300|FINAL,SSRP|ASIA_LOW|20250625|1750872300|FINAL,3322.69,3322.69,3318.97,3318.97,3330.12,3330.12,true
2025.06.25 22:45:00,SHORT,ASIA_HIGH|20250625,SSRP|ASIA_HIGH|20250625|1750891200,SSRP|ASIA_HIGH|20250625|1750891200|FINAL,SSRP|ASIA_HIGH|20250625|1750891200|FINAL,3334.19,3334.19,3336.20,3336.20,3330.18,3330.18,true
2025.06.25 22:50:00,SHORT,ASIA_HIGH|20250625,SSRP|ASIA_HIGH|20250625|1750891500,SSRP|ASIA_HIGH|20250625|1750891500|FINAL,SSRP|ASIA_HIGH|20250625|1750891500|FINAL,3332.89,3332.89,3336.20,3336.20,3326.27,3326.27,true
2025.06.25 23:05:00,SHORT,ASIA_HIGH|20250625,SSRP|ASIA_HIGH|20250625|1750892400,SSRP|ASIA_HIGH|20250625|1750892400|FINAL,SSRP|ASIA_HIGH|20250625|1750892400|FINAL,3334.53,3334.53,3335.69,3335.69,3332.22,3332.22,true
2025.06.25 23:10:00,SHORT,ASIA_HIGH|20250625,SSRP|ASIA_HIGH|20250625|1750892700,SSRP|ASIA_HIGH|20250625|1750892700|FINAL,SSRP|ASIA_HIGH|20250625|1750892700|FINAL,3332.42,3332.42,3335.69,3335.69,3325.87,3325.87,true
2025.06.26 12:10:00,SHORT,ASIA_HIGH|20250626,SSRP|ASIA_HIGH|20250626|1750939500,SSRP|ASIA_HIGH|20250626|1750939500|FINAL,SSRP|ASIA_HIGH|20250626|1750939500|FINAL,3341.09,3341.09,3345.22,3345.22,3332.83,3332.83,true
2025.06.26 12:15:00,SHORT,ASIA_HIGH|20250626,SSRP|ASIA_HIGH|20250626|1750939800,SSRP|ASIA_HIGH|20250626|1750939800|FINAL,SSRP|ASIA_HIGH|20250626|1750939800|FINAL,3340.20,3340.20,3344.45,3344.45,3331.70,3331.70,true
2025.06.26 14:05:00,SHORT,ASIA_HIGH|20250626,SSRP|ASIA_HIGH|20250626|1750946400,SSRP|ASIA_HIGH|20250626|1750946400|FINAL,SSRP|ASIA_HIGH|20250626|1750946400|FINAL,3341.83,3341.83,3344.14,3344.14,3337.21,3337.21,true
2025.06.26 15:30:00,SHORT,ASIA_HIGH|20250626,SSRP|ASIA_HIGH|20250626|1750951500,SSRP|ASIA_HIGH|20250626|1750951500|FINAL,SSRP|ASIA_HIGH|20250626|1750951500|FINAL,3334.05,3334.05,3344.26,3344.26,3313.63,3313.63,true
2025.06.26 19:20:00,LONG,ASIA_LOW|20250626,SSRP|ASIA_LOW|20250626|1750965300,SSRP|ASIA_LOW|20250626|1750965300|FINAL,SSRP|ASIA_LOW|20250626|1750965300|FINAL,3329.84,3329.84,3325.52,3325.52,3338.49,3338.49,true
2025.06.26 19:25:00,LONG,ASIA_LOW|20250626,SSRP|ASIA_LOW|20250626|1750965600,SSRP|ASIA_LOW|20250626|1750965600|FINAL,SSRP|ASIA_LOW|20250626|1750965600|FINAL,3329.78,3329.78,3327.08,3327.08,3335.19,3335.19,true
2025.06.26 22:20:00,LONG,ASIA_LOW|20250626,SSRP|ASIA_LOW|20250626|1750976100,SSRP|ASIA_LOW|20250626|1750976100|FINAL,SSRP|ASIA_LOW|20250626|1750976100|FINAL,3329.62,3329.62,3328.28,3328.28,3332.30,3332.30,true
2025.06.26 22:25:00,LONG,ASIA_LOW|20250626,SSRP|ASIA_LOW|20250626|1750976400,SSRP|ASIA_LOW|20250626|1750976400|FINAL,SSRP|ASIA_LOW|20250626|1750976400|FINAL,3330.95,3330.95,3328.40,3328.40,3336.05,3336.05,true
2025.06.26 22:30:00,LONG,ASIA_LOW|20250626,SSRP|ASIA_LOW|20250626|1750976700,SSRP|ASIA_LOW|20250626|1750976700|FINAL,SSRP|ASIA_LOW|20250626|1750976700|FINAL,3330.73,3330.73,3328.99,3328.99,3334.21,3334.21,true
2025.06.27 08:15:00,LONG,ASIA_LOW|20250627,SSRP|ASIA_LOW|20250627|1751011800,SSRP|ASIA_LOW|20250627|1751011800|FINAL,SSRP|ASIA_LOW|20250627|1751011800|FINAL,3296.80,3296.80,3289.17,3289.17,3312.06,3312.06,true
2025.06.27 09:50:00,LONG,ASIA_LOW|20250627,SSRP|ASIA_LOW|20250627|1751017200,SSRP|ASIA_LOW|20250627|1751017200|FINAL,SSRP|ASIA_LOW|20250627|1751017200|FINAL,3291.51,3291.51,3286.66,3286.66,3301.22,3301.22,true
2025.06.27 09:55:00,LONG,ASIA_LOW|20250627,SSRP|ASIA_LOW|20250627|1751017800,SSRP|ASIA_LOW|20250627|1751017800|FINAL,SSRP|ASIA_LOW|20250627|1751017800|FINAL,3294.91,3294.91,3289.45,3289.45,3305.82,3305.82,true
2025.06.30 12:05:00,SHORT,ASIA_HIGH|20250630,SSRP|ASIA_HIGH|20250630|1751284500,SSRP|ASIA_HIGH|20250630|1751284500|FINAL,SSRP|ASIA_HIGH|20250630|1751284500|FINAL,3281.66,3281.66,3290.69,3290.69,3263.60,3263.60,true
2025.06.30 12:10:00,SHORT,ASIA_HIGH|20250630,SSRP|ASIA_HIGH|20250630|1751285100,SSRP|ASIA_HIGH|20250630|1751285100|FINAL,SSRP|ASIA_HIGH|20250630|1751285100|FINAL,3282.90,3282.90,3287.37,3287.37,3273.97,3273.97,true
2025.06.30 12:30:00,SHORT,ASIA_HIGH|20250630,SSRP|ASIA_HIGH|20250630|1751286300,SSRP|ASIA_HIGH|20250630|1751286300|FINAL,SSRP|ASIA_HIGH|20250630|1751286300|FINAL,3279.50,3279.50,3287.02,3287.02,3264.46,3264.46,true
2025.06.30 13:05:00,SHORT,ASIA_HIGH|20250630,SSRP|ASIA_HIGH|20250630|1751287500,SSRP|ASIA_HIGH|20250630|1751287500|FINAL,SSRP|ASIA_HIGH|20250630|1751287500|FINAL,3286.08,3286.08,3288.94,3288.94,3280.35,3280.35,true
2025.06.30 13:20:00,SHORT,ASIA_HIGH|20250630,SSRP|ASIA_HIGH|20250630|1751288700,SSRP|ASIA_HIGH|20250630|1751288700|FINAL,SSRP|ASIA_HIGH|20250630|1751288700|FINAL,3286.21,3286.21,3287.96,3287.96,3282.71,3282.71,true
2025.06.30 13:25:00,SHORT,ASIA_HIGH|20250630,SSRP|ASIA_HIGH|20250630|1751289600,SSRP|ASIA_HIGH|20250630|1751289600|FINAL,SSRP|ASIA_HIGH|20250630|1751289600|FINAL,3286.02,3286.02,3286.90,3286.90,3284.26,3284.26,true
2025.06.30 13:35:00,SHORT,ASIA_HIGH|20250630,SSRP|ASIA_HIGH|20250630|1751290200,SSRP|ASIA_HIGH|20250630|1751290200|FINAL,SSRP|ASIA_HIGH|20250630|1751290200|FINAL,3284.93,3284.93,3286.88,3286.88,3281.03,3281.03,true
2025.06.30 15:25:00,SHORT,ASIA_HIGH|20250630,SSRP|ASIA_HIGH|20250630|1751296800,SSRP|ASIA_HIGH|20250630|1751296800|FINAL,SSRP|ASIA_HIGH|20250630|1751296800|FINAL,3284.32,3284.32,3287.32,3287.32,3278.31,3278.31,true
2025.06.30 15:50:00,SHORT,ASIA_HIGH|20250630,SSRP|ASIA_HIGH|20250630|1751298300,SSRP|ASIA_HIGH|20250630|1751298300|FINAL,SSRP|ASIA_HIGH|20250630|1751298300|FINAL,3283.90,3283.90,3289.07,3289.07,3273.57,3273.57,true
2025.06.30 15:55:00,SHORT,ASIA_HIGH|20250630,SSRP|ASIA_HIGH|20250630|1751298600,SSRP|ASIA_HIGH|20250630|1751298600|FINAL,SSRP|ASIA_HIGH|20250630|1751298600|FINAL,3281.96,3281.96,3287.97,3287.97,3269.94,3269.94,true
2025.06.30 16:55:00,SHORT,ASIA_HIGH|20250630,SSRP|ASIA_HIGH|20250630|1751302200,SSRP|ASIA_HIGH|20250630|1751302200|FINAL,SSRP|ASIA_HIGH|20250630|1751302200|FINAL,3284.81,3284.81,3287.23,3287.23,3279.96,3279.96,true
2025.06.30 17:05:00,SHORT,ASIA_HIGH|20250630,SSRP|ASIA_HIGH|20250630|1751302800,SSRP|ASIA_HIGH|20250630|1751302800|FINAL,SSRP|ASIA_HIGH|20250630|1751302800|FINAL,3285.88,3285.88,3288.97,3288.97,3279.71,3279.71,true
2025.06.30 17:10:00,SHORT,ASIA_HIGH|20250630,SSRP|ASIA_HIGH|20250630|1751303100,SSRP|ASIA_HIGH|20250630|1751303100|FINAL,SSRP|ASIA_HIGH|20250630|1751303100|FINAL,3282.35,3282.35,3288.97,3288.97,3269.11,3269.11,true
2025.06.30 18:10:00,SHORT,ASIA_HIGH|20250630,SSRP|ASIA_HIGH|20250630|1751306400,SSRP|ASIA_HIGH|20250630|1751306400|FINAL,SSRP|ASIA_HIGH|20250630|1751306400|FINAL,3284.69,3284.69,3290.38,3290.38,3273.31,3273.31,true
2025.07.02 10:15:00,LONG,ASIA_LOW|20250702,SSRP|ASIA_LOW|20250702|1751451000,SSRP|ASIA_LOW|20250702|1751451000|FINAL,SSRP|ASIA_LOW|20250702|1751451000|FINAL,3329.96,3329.96,3327.89,3327.89,3334.10,3334.10,true
2025.07.02 10:25:00,LONG,ASIA_LOW|20250702,SSRP|ASIA_LOW|20250702|1751451600,SSRP|ASIA_LOW|20250702|1751451600|FINAL,SSRP|ASIA_LOW|20250702|1751451600|FINAL,3330.10,3330.10,3327.48,3327.48,3335.33,3335.33,true
2025.07.02 10:35:00,LONG,ASIA_LOW|20250702,SSRP|ASIA_LOW|20250702|1751451900,SSRP|ASIA_LOW|20250702|1751451900|FINAL,SSRP|ASIA_LOW|20250702|1751451900|FINAL,3328.76,3328.76,3327.49,3327.49,3331.30,3331.30,true
2025.07.02 10:45:00,LONG,ASIA_LOW|20250702,SSRP|ASIA_LOW|20250702|1751452800,SSRP|ASIA_LOW|20250702|1751452800|FINAL,SSRP|ASIA_LOW|20250702|1751452800|FINAL,3336.34,3336.34,3327.79,3327.79,3353.44,3353.44,true
2025.07.02 13:45:00,SHORT,ASIA_HIGH|20250702,SSRP|ASIA_HIGH|20250702|1751463600,SSRP|ASIA_HIGH|20250702|1751463600|FINAL,SSRP|ASIA_HIGH|20250702|1751463600|FINAL,3344.12,3344.12,3345.30,3345.30,3341.75,3341.75,true
2025.07.02 14:05:00,SHORT,ASIA_HIGH|20250702,SSRP|ASIA_HIGH|20250702|1751464800,SSRP|ASIA_HIGH|20250702|1751464800|FINAL,SSRP|ASIA_HIGH|20250702|1751464800|FINAL,3344.71,3344.71,3347.82,3347.82,3338.49,3338.49,true
2025.07.02 14:15:00,SHORT,ASIA_HIGH|20250702,SSRP|ASIA_HIGH|20250702|1751465100,SSRP|ASIA_HIGH|20250702|1751465100|FINAL,SSRP|ASIA_HIGH|20250702|1751465100|FINAL,3342.07,3342.07,3347.03,3347.03,3332.16,3332.16,true
2025.07.02 15:30:00,SHORT,ASIA_HIGH|20250702,SSRP|ASIA_HIGH|20250702|1751469900,SSRP|ASIA_HIGH|20250702|1751469900|FINAL,SSRP|ASIA_HIGH|20250702|1751469900|FINAL,3344.26,3344.26,3349.93,3349.93,3332.92,3332.92,true
2025.07.02 16:00:00,SHORT,ASIA_HIGH|20250702,SSRP|ASIA_HIGH|20250702|1751471400,SSRP|ASIA_HIGH|20250702|1751471400|FINAL,SSRP|ASIA_HIGH|20250702|1751471400|FINAL,3344.03,3344.03,3351.32,3351.32,3329.45,3329.45,true
2025.07.02 16:15:00,SHORT,ASIA_HIGH|20250702,SSRP|ASIA_HIGH|20250702|1751472000,SSRP|ASIA_HIGH|20250702|1751472000|FINAL,SSRP|ASIA_HIGH|20250702|1751472000|FINAL,3343.31,3343.31,3346.88,3346.88,3336.18,3336.18,true
2025.07.02 16:30:00,SHORT,ASIA_HIGH|20250702,SSRP|ASIA_HIGH|20250702|1751473500,SSRP|ASIA_HIGH|20250702|1751473500|FINAL,SSRP|ASIA_HIGH|20250702|1751473500|FINAL,3343.50,3343.50,3345.86,3345.86,3338.79,3338.79,true
2025.07.02 16:35:00,SHORT,ASIA_HIGH|20250702,SSRP|ASIA_HIGH|20250702|1751473800,SSRP|ASIA_HIGH|20250702|1751473800|FINAL,SSRP|ASIA_HIGH|20250702|1751473800|FINAL,3339.94,3339.94,3345.69,3345.69,3328.44,3328.44,true
2025.07.04 09:10:00,SHORT,ASIA_HIGH|20250704,SSRP|ASIA_HIGH|20250704|1751619900,SSRP|ASIA_HIGH|20250704|1751619900|FINAL,SSRP|ASIA_HIGH|20250704|1751619900|FINAL,3341.72,3341.72,3344.95,3344.95,3335.25,3335.25,true
2025.07.04 10:10:00,SHORT,ASIA_HIGH|20250704,SSRP|ASIA_HIGH|20250704|1751623200,SSRP|ASIA_HIGH|20250704|1751623200|FINAL,SSRP|ASIA_HIGH|20250704|1751623200|FINAL,3339.01,3339.01,3343.84,3343.84,3329.36,3329.36,true
2025.07.04 10:15:00,SHORT,ASIA_HIGH|20250704,SSRP|ASIA_HIGH|20250704|1751623800,SSRP|ASIA_HIGH|20250704|1751623800|FINAL,SSRP|ASIA_HIGH|20250704|1751623800|FINAL,3338.04,3338.04,3343.12,3343.12,3327.87,3327.87,true
2025.07.04 11:05:00,SHORT,ASIA_HIGH|20250704,SSRP|ASIA_HIGH|20250704|1751626800,SSRP|ASIA_HIGH|20250704|1751626800|FINAL,SSRP|ASIA_HIGH|20250704|1751626800|FINAL,3341.89,3341.89,3344.19,3344.19,3337.29,3337.29,true
2025.07.04 11:10:00,SHORT,ASIA_HIGH|20250704,SSRP|ASIA_HIGH|20250704|1751627100,SSRP|ASIA_HIGH|20250704|1751627100|FINAL,SSRP|ASIA_HIGH|20250704|1751627100|FINAL,3341.91,3341.91,3344.19,3344.19,3337.34,3337.34,true
2025.07.04 12:00:00,SHORT,ASIA_HIGH|20250704,SSRP|ASIA_HIGH|20250704|1751628600,SSRP|ASIA_HIGH|20250704|1751628600|FINAL,SSRP|ASIA_HIGH|20250704|1751628600|FINAL,3341.61,3341.61,3344.30,3344.30,3336.23,3336.23,true
2025.07.04 12:05:00,SHORT,ASIA_HIGH|20250704,SSRP|ASIA_HIGH|20250704|1751630400,SSRP|ASIA_HIGH|20250704|1751630400|FINAL,SSRP|ASIA_HIGH|20250704|1751630400|FINAL,3340.26,3340.26,3343.17,3343.17,3334.44,3334.44,true
2025.07.07 11:10:00,LONG,ASIA_LOW|20250707,SSRP|ASIA_LOW|20250707|1751886000,SSRP|ASIA_LOW|20250707|1751886000|FINAL,SSRP|ASIA_LOW|20250707|1751886000|FINAL,3306.99,3306.99,3301.12,3301.12,3318.74,3318.74,true
2025.07.07 11:15:00,LONG,ASIA_LOW|20250707,SSRP|ASIA_LOW|20250707|1751886600,SSRP|ASIA_LOW|20250707|1751886600|FINAL,SSRP|ASIA_LOW|20250707|1751886600|FINAL,3307.36,3307.36,3304.14,3304.14,3313.80,3313.80,true
2025.07.07 14:05:00,LONG,ASIA_LOW|20250707,SSRP|ASIA_LOW|20250707|1751896800,SSRP|ASIA_LOW|20250707|1751896800|FINAL,SSRP|ASIA_LOW|20250707|1751896800|FINAL,3305.87,3305.87,3299.80,3299.80,3318.00,3318.00,true
2025.07.07 15:20:00,LONG,ASIA_LOW|20250707,SSRP|ASIA_LOW|20250707|1751901000,SSRP|ASIA_LOW|20250707|1751901000|FINAL,SSRP|ASIA_LOW|20250707|1751901000|FINAL,3305.54,3305.54,3300.32,3300.32,3315.98,3315.98,true
2025.07.07 15:35:00,LONG,ASIA_LOW|20250707,SSRP|ASIA_LOW|20250707|1751902200,SSRP|ASIA_LOW|20250707|1751902200|FINAL,SSRP|ASIA_LOW|20250707|1751902200|FINAL,3309.19,3309.19,3301.99,3301.99,3323.59,3323.59,true
2025.07.07 15:40:00,LONG,ASIA_LOW|20250707,SSRP|ASIA_LOW|20250707|1751902500,SSRP|ASIA_LOW|20250707|1751902500|FINAL,SSRP|ASIA_LOW|20250707|1751902500|FINAL,3307.98,3307.98,3303.42,3303.42,3317.09,3317.09,true
2025.07.08 11:10:00,LONG,ASIA_LOW|20250708,SSRP|ASIA_LOW|20250708|1751972700,SSRP|ASIA_LOW|20250708|1751972700|FINAL,SSRP|ASIA_LOW|20250708|1751972700|FINAL,3327.93,3327.93,3325.98,3325.98,3331.83,3331.83,true
2025.07.08 11:25:00,LONG,ASIA_LOW|20250708,SSRP|ASIA_LOW|20250708|1751973300,SSRP|ASIA_LOW|20250708|1751973300|FINAL,SSRP|ASIA_LOW|20250708|1751973300|FINAL,3328.49,3328.49,3324.38,3324.38,3336.71,3336.71,true
2025.07.08 11:30:00,LONG,ASIA_LOW|20250708,SSRP|ASIA_LOW|20250708|1751973900,SSRP|ASIA_LOW|20250708|1751973900|FINAL,SSRP|ASIA_LOW|20250708|1751973900|FINAL,3328.94,3328.94,3326.45,3326.45,3333.93,3333.93,true
2025.07.08 15:05:00,LONG,ASIA_LOW|20250708,SSRP|ASIA_LOW|20250708|1751986500,SSRP|ASIA_LOW|20250708|1751986500|FINAL,SSRP|ASIA_LOW|20250708|1751986500|FINAL,3328.28,3328.28,3321.74,3321.74,3341.35,3341.35,true
2025.07.08 15:30:00,LONG,ASIA_LOW|20250708,SSRP|ASIA_LOW|20250708|1751987400,SSRP|ASIA_LOW|20250708|1751987400|FINAL,SSRP|ASIA_LOW|20250708|1751987400|FINAL,3329.35,3329.35,3325.16,3325.16,3337.74,3337.74,true
2025.07.08 15:50:00,LONG,ASIA_LOW|20250708,SSRP|ASIA_LOW|20250708|1751989200,SSRP|ASIA_LOW|20250708|1751989200|FINAL,SSRP|ASIA_LOW|20250708|1751989200|FINAL,3328.35,3328.35,3325.85,3325.85,3333.35,3333.35,true
2025.07.09 11:25:00,LONG,ASIA_LOW|20250709,SSRP|ASIA_LOW|20250709|1752060000,SSRP|ASIA_LOW|20250709|1752060000|FINAL,SSRP|ASIA_LOW|20250709|1752060000|FINAL,3285.87,3285.87,3284.09,3284.09,3289.44,3289.44,true
2025.07.09 11:40:00,LONG,ASIA_LOW|20250709,SSRP|ASIA_LOW|20250709|1752060900,SSRP|ASIA_LOW|20250709|1752060900|FINAL,SSRP|ASIA_LOW|20250709|1752060900|FINAL,3286.94,3286.94,3282.58,3282.58,3295.66,3295.66,true
2025.07.09 11:45:00,LONG,ASIA_LOW|20250709,SSRP|ASIA_LOW|20250709|1752061200,SSRP|ASIA_LOW|20250709|1752061200|FINAL,SSRP|ASIA_LOW|20250709|1752061200|FINAL,3289.42,3289.42,3283.95,3283.95,3300.37,3300.37,true
2025.07.09 12:05:00,LONG,ASIA_LOW|20250709,SSRP|ASIA_LOW|20250709|1752062400,SSRP|ASIA_LOW|20250709|1752062400|FINAL,SSRP|ASIA_LOW|20250709|1752062400|FINAL,3288.06,3288.06,3284.24,3284.24,3295.71,3295.71,true
2025.07.09 15:00:00,LONG,ASIA_LOW|20250709,SSRP|ASIA_LOW|20250709|1752072900,SSRP|ASIA_LOW|20250709|1752072900|FINAL,SSRP|ASIA_LOW|20250709|1752072900|FINAL,3287.31,3287.31,3283.13,3283.13,3295.67,3295.67,true
2025.07.09 17:20:00,SHORT,ASIA_HIGH|20250709,SSRP|ASIA_HIGH|20250709|1752081300,SSRP|ASIA_HIGH|20250709|1752081300|FINAL,SSRP|ASIA_HIGH|20250709|1752081300|FINAL,3306.19,3306.19,3309.03,3309.03,3300.51,3300.51,true
2025.07.10 09:25:00,SHORT,ASIA_HIGH|20250710,SSRP|ASIA_HIGH|20250710|1752139200,SSRP|ASIA_HIGH|20250710|1752139200|FINAL,SSRP|ASIA_HIGH|20250710|1752139200|FINAL,3324.89,3324.89,3328.52,3328.52,3317.63,3317.63,true
2025.07.10 10:20:00,SHORT,ASIA_HIGH|20250710,SSRP|ASIA_HIGH|20250710|1752141900,SSRP|ASIA_HIGH|20250710|1752141900|FINAL,SSRP|ASIA_HIGH|20250710|1752141900|FINAL,3326.10,3326.10,3329.57,3329.57,3319.16,3319.16,true
2025.07.10 10:30:00,SHORT,ASIA_HIGH|20250710,SSRP|ASIA_HIGH|20250710|1752142800,SSRP|ASIA_HIGH|20250710|1752142800|FINAL,SSRP|ASIA_HIGH|20250710|1752142800|FINAL,3326.19,3326.19,3327.97,3327.97,3322.63,3322.63,true
2025.07.10 10:35:00,SHORT,ASIA_HIGH|20250710,SSRP|ASIA_HIGH|20250710|1752143400,SSRP|ASIA_HIGH|20250710|1752143400|FINAL,SSRP|ASIA_HIGH|20250710|1752143400|FINAL,3324.62,3324.62,3327.97,3327.97,3317.91,3317.91,true
2025.07.10 12:30:00,SHORT,ASIA_HIGH|20250710,SSRP|ASIA_HIGH|20250710|1752150000,SSRP|ASIA_HIGH|20250710|1752150000|FINAL,SSRP|ASIA_HIGH|20250710|1752150000|FINAL,3325.59,3325.59,3329.78,3329.78,3317.20,3317.20,true
2025.07.10 12:35:00,SHORT,ASIA_HIGH|20250710,SSRP|ASIA_HIGH|20250710|1752150600,SSRP|ASIA_HIGH|20250710|1752150600|FINAL,SSRP|ASIA_HIGH|20250710|1752150600|FINAL,3323.93,3323.93,3327.24,3327.24,3317.32,3317.32,true
2025.07.10 13:00:00,SHORT,ASIA_HIGH|20250710,SSRP|ASIA_HIGH|20250710|1752152100,SSRP|ASIA_HIGH|20250710|1752152100|FINAL,SSRP|ASIA_HIGH|20250710|1752152100|FINAL,3325.54,3325.54,3326.96,3326.96,3322.71,3322.71,true
2025.07.10 13:05:00,SHORT,ASIA_HIGH|20250710,SSRP|ASIA_HIGH|20250710|1752152400,SSRP|ASIA_HIGH|20250710|1752152400|FINAL,SSRP|ASIA_HIGH|20250710|1752152400|FINAL,3324.38,3324.38,3326.96,3326.96,3319.23,3319.23,true
2025.07.10 13:55:00,SHORT,ASIA_HIGH|20250710,SSRP|ASIA_HIGH|20250710|1752155400,SSRP|ASIA_HIGH|20250710|1752155400|FINAL,SSRP|ASIA_HIGH|20250710|1752155400|FINAL,3325.29,3325.29,3328.87,3328.87,3318.14,3318.14,true
2025.07.10 14:35:00,SHORT,ASIA_HIGH|20250710,SSRP|ASIA_HIGH|20250710|1752157800,SSRP|ASIA_HIGH|20250710|1752157800|FINAL,SSRP|ASIA_HIGH|20250710|1752157800|FINAL,3326.06,3326.06,3329.23,3329.23,3319.73,3319.73,true
2025.07.10 14:40:00,SHORT,ASIA_HIGH|20250710,SSRP|ASIA_HIGH|20250710|1752158100,SSRP|ASIA_HIGH|20250710|1752158100|FINAL,SSRP|ASIA_HIGH|20250710|1752158100|FINAL,3325.72,3325.72,3328.11,3328.11,3320.94,3320.94,true
2025.07.10 16:05:00,SHORT,ASIA_HIGH|20250710,SSRP|ASIA_HIGH|20250710|1752163200,SSRP|ASIA_HIGH|20250710|1752163200|FINAL,SSRP|ASIA_HIGH|20250710|1752163200|FINAL,3326.07,3326.07,3329.63,3329.63,3318.96,3318.96,true
2025.07.10 16:20:00,SHORT,ASIA_HIGH|20250710,SSRP|ASIA_HIGH|20250710|1752163500,SSRP|ASIA_HIGH|20250710|1752163500|FINAL,SSRP|ASIA_HIGH|20250710|1752163500|FINAL,3324.89,3324.89,3329.49,3329.49,3315.68,3315.68,true
2025.07.10 16:40:00,SHORT,ASIA_HIGH|20250710,SSRP|ASIA_HIGH|20250710|1752165300,SSRP|ASIA_HIGH|20250710|1752165300|FINAL,SSRP|ASIA_HIGH|20250710|1752165300|FINAL,3321.19,3321.19,3328.48,3328.48,3306.61,3306.61,true
2025.07.10 16:45:00,SHORT,ASIA_HIGH|20250710,SSRP|ASIA_HIGH|20250710|1752165600,SSRP|ASIA_HIGH|20250710|1752165600|FINAL,SSRP|ASIA_HIGH|20250710|1752165600|FINAL,3319.52,3319.52,3328.49,3328.49,3301.57,3301.57,true
2025.07.10 17:00:00,LONG,ASIA_LOW|20250710,SSRP|ASIA_LOW|20250710|1752166500,SSRP|ASIA_LOW|20250710|1752166500|FINAL,SSRP|ASIA_LOW|20250710|1752166500|FINAL,3314.28,3314.28,3309.91,3309.91,3323.03,3323.03,true
2025.07.10 17:05:00,LONG,ASIA_LOW|20250710,SSRP|ASIA_LOW|20250710|1752166800,SSRP|ASIA_LOW|20250710|1752166800|FINAL,SSRP|ASIA_LOW|20250710|1752166800|FINAL,3315.58,3315.58,3309.91,3309.91,3326.93,3326.93,true
2025.07.10 19:45:00,LONG,ASIA_LOW|20250710,SSRP|ASIA_LOW|20250710|1752176400,SSRP|ASIA_LOW|20250710|1752176400|FINAL,SSRP|ASIA_LOW|20250710|1752176400|FINAL,3314.34,3314.34,3312.06,3312.06,3318.90,3318.90,true
2025.07.10 19:50:00,LONG,ASIA_LOW|20250710,SSRP|ASIA_LOW|20250710|1752176700,SSRP|ASIA_LOW|20250710|1752176700|FINAL,SSRP|ASIA_LOW|20250710|1752176700|FINAL,3314.25,3314.25,3312.57,3312.57,3317.61,3317.61,true
2025.07.11 08:40:00,SHORT,ASIA_HIGH|20250711,SSRP|ASIA_HIGH|20250711|1752222600,SSRP|ASIA_HIGH|20250711|1752222600|FINAL,SSRP|ASIA_HIGH|20250711|1752222600|FINAL,3334.98,3334.98,3340.46,3340.46,3324.02,3324.02,true
2025.07.11 08:45:00,SHORT,ASIA_HIGH|20250711,SSRP|ASIA_HIGH|20250711|1752223200,SSRP|ASIA_HIGH|20250711|1752223200|FINAL,SSRP|ASIA_HIGH|20250711|1752223200|FINAL,3333.07,3333.07,3336.95,3336.95,3325.31,3325.31,true
2025.07.11 09:45:00,SHORT,ASIA_HIGH|20250711,SSRP|ASIA_HIGH|20250711|1752226800,SSRP|ASIA_HIGH|20250711|1752226800|FINAL,SSRP|ASIA_HIGH|20250711|1752226800|FINAL,3335.59,3335.59,3340.48,3340.48,3325.81,3325.81,true
2025.07.11 09:50:00,SHORT,ASIA_HIGH|20250711,SSRP|ASIA_HIGH|20250711|1752227100,SSRP|ASIA_HIGH|20250711|1752227100|FINAL,SSRP|ASIA_HIGH|20250711|1752227100|FINAL,3334.53,3334.53,3339.35,3339.35,3324.89,3324.89,true
2025.07.11 11:50:00,SHORT,ASIA_HIGH|20250711,SSRP|ASIA_HIGH|20250711|1752234300,SSRP|ASIA_HIGH|20250711|1752234300|FINAL,SSRP|ASIA_HIGH|20250711|1752234300|FINAL,3333.32,3333.32,3340.23,3340.23,3319.51,3319.51,true
2025.07.11 11:55:00,SHORT,ASIA_HIGH|20250711,SSRP|ASIA_HIGH|20250711|1752234600,SSRP|ASIA_HIGH|20250711|1752234600|FINAL,SSRP|ASIA_HIGH|20250711|1752234600|FINAL,3333.04,3333.04,3339.71,3339.71,3319.70,3319.70,true
2025.07.11 12:35:00,SHORT,ASIA_HIGH|20250711,SSRP|ASIA_HIGH|20250711|1752237000,SSRP|ASIA_HIGH|20250711|1752237000|FINAL,SSRP|ASIA_HIGH|20250711|1752237000|FINAL,3335.48,3335.48,3337.59,3337.59,3331.26,3331.26,true
2025.07.11 12:40:00,SHORT,ASIA_HIGH|20250711,SSRP|ASIA_HIGH|20250711|1752237300,SSRP|ASIA_HIGH|20250711|1752237300|FINAL,SSRP|ASIA_HIGH|20250711|1752237300|FINAL,3335.75,3335.75,3336.92,3336.92,3333.42,3333.42,true
2025.07.14 10:30:00,SHORT,ASIA_HIGH|20250714,SSRP|ASIA_HIGH|20250714|1752488700,SSRP|ASIA_HIGH|20250714|1752488700|FINAL,SSRP|ASIA_HIGH|20250714|1752488700|FINAL,3373.41,3373.41,3375.13,3375.13,3369.97,3369.97,true
2025.07.14 10:35:00,SHORT,ASIA_HIGH|20250714,SSRP|ASIA_HIGH|20250714|1752489000,SSRP|ASIA_HIGH|20250714|1752489000|FINAL,SSRP|ASIA_HIGH|20250714|1752489000|FINAL,3371.66,3371.66,3375.14,3375.14,3364.71,3364.71,true
2025.07.14 13:15:00,SHORT,ASIA_HIGH|20250714,SSRP|ASIA_HIGH|20250714|1752498300,SSRP|ASIA_HIGH|20250714|1752498300|FINAL,SSRP|ASIA_HIGH|20250714|1752498300|FINAL,3372.69,3372.69,3374.73,3374.73,3368.61,3368.61,true
2025.07.14 16:25:00,LONG,ASIA_LOW|20250714,SSRP|ASIA_LOW|20250714|1752509100,SSRP|ASIA_LOW|20250714|1752509100|FINAL,SSRP|ASIA_LOW|20250714|1752509100|FINAL,3355.44,3355.44,3348.32,3348.32,3369.68,3369.68,true
2025.07.14 17:05:00,LONG,ASIA_LOW|20250714,SSRP|ASIA_LOW|20250714|1752512400,SSRP|ASIA_LOW|20250714|1752512400|FINAL,SSRP|ASIA_LOW|20250714|1752512400|FINAL,3354.69,3354.69,3351.24,3351.24,3361.59,3361.59,true
2025.07.15 09:00:00,SHORT,ASIA_HIGH|20250715,SSRP|ASIA_HIGH|20250715|1752569700,SSRP|ASIA_HIGH|20250715|1752569700|FINAL,SSRP|ASIA_HIGH|20250715|1752569700|FINAL,3360.23,3360.23,3363.95,3363.95,3352.79,3352.79,true
2025.07.15 09:15:00,SHORT,ASIA_HIGH|20250715,SSRP|ASIA_HIGH|20250715|1752570600,SSRP|ASIA_HIGH|20250715|1752570600|FINAL,SSRP|ASIA_HIGH|20250715|1752570600|FINAL,3361.16,3361.16,3364.16,3364.16,3355.16,3355.16,true
2025.07.15 09:20:00,SHORT,ASIA_HIGH|20250715,SSRP|ASIA_HIGH|20250715|1752570900,SSRP|ASIA_HIGH|20250715|1752570900|FINAL,SSRP|ASIA_HIGH|20250715|1752570900|FINAL,3359.06,3359.06,3363.04,3363.04,3351.11,3351.11,true
2025.07.15 09:50:00,SHORT,ASIA_HIGH|20250715,SSRP|ASIA_HIGH|20250715|1752572100,SSRP|ASIA_HIGH|20250715|1752572100|FINAL,SSRP|ASIA_HIGH|20250715|1752572100|FINAL,3359.39,3359.39,3362.91,3362.91,3352.35,3352.35,true
2025.07.15 09:55:00,SHORT,ASIA_HIGH|20250715,SSRP|ASIA_HIGH|20250715|1752573000,SSRP|ASIA_HIGH|20250715|1752573000|FINAL,SSRP|ASIA_HIGH|20250715|1752573000|FINAL,3358.17,3358.17,3361.96,3361.96,3350.59,3350.59,true
2025.07.15 11:15:00,SHORT,ASIA_HIGH|20250715,SSRP|ASIA_HIGH|20250715|1752577800,SSRP|ASIA_HIGH|20250715|1752577800|FINAL,SSRP|ASIA_HIGH|20250715|1752577800|FINAL,3358.99,3358.99,3365.66,3365.66,3345.64,3345.64,true
2025.07.15 11:20:00,SHORT,ASIA_HIGH|20250715,SSRP|ASIA_HIGH|20250715|1752578100,SSRP|ASIA_HIGH|20250715|1752578100|FINAL,SSRP|ASIA_HIGH|20250715|1752578100|FINAL,3357.77,3357.77,3363.47,3363.47,3346.36,3346.36,true
2025.07.15 11:55:00,SHORT,ASIA_HIGH|20250715,SSRP|ASIA_HIGH|20250715|1752580200,SSRP|ASIA_HIGH|20250715|1752580200|FINAL,SSRP|ASIA_HIGH|20250715|1752580200|FINAL,3361.07,3361.07,3364.38,3364.38,3354.44,3354.44,true
2025.07.15 12:15:00,SHORT,ASIA_HIGH|20250715,SSRP|ASIA_HIGH|20250715|1752581400,SSRP|ASIA_HIGH|20250715|1752581400|FINAL,SSRP|ASIA_HIGH|20250715|1752581400|FINAL,3359.73,3359.73,3364.85,3364.85,3349.50,3349.50,true
2025.07.15 12:30:00,SHORT,ASIA_HIGH|20250715,SSRP|ASIA_HIGH|20250715|1752581700,SSRP|ASIA_HIGH|20250715|1752581700|FINAL,SSRP|ASIA_HIGH|20250715|1752581700|FINAL,3360.58,3360.58,3363.83,3363.83,3354.07,3354.07,true
2025.07.15 13:55:00,SHORT,ASIA_HIGH|20250715,SSRP|ASIA_HIGH|20250715|1752587100,SSRP|ASIA_HIGH|20250715|1752587100|FINAL,SSRP|ASIA_HIGH|20250715|1752587100|FINAL,3361.22,3361.22,3363.13,3363.13,3357.40,3357.40,true
2025.07.15 14:00:00,SHORT,ASIA_HIGH|20250715,SSRP|ASIA_HIGH|20250715|1752587700,SSRP|ASIA_HIGH|20250715|1752587700|FINAL,SSRP|ASIA_HIGH|20250715|1752587700|FINAL,3360.76,3360.76,3362.34,3362.34,3357.60,3357.60,true
2025.07.15 14:05:00,SHORT,ASIA_HIGH|20250715,SSRP|ASIA_HIGH|20250715|1752588000,SSRP|ASIA_HIGH|20250715|1752588000|FINAL,SSRP|ASIA_HIGH|20250715|1752588000|FINAL,3360.11,3360.11,3362.13,3362.13,3356.06,3356.06,true
2025.07.15 16:50:00,LONG,ASIA_LOW|20250715,SSRP|ASIA_LOW|20250715|1752597600,SSRP|ASIA_LOW|20250715|1752597600|FINAL,SSRP|ASIA_LOW|20250715|1752597600|FINAL,3343.89,3343.89,3335.02,3335.02,3361.63,3361.63,true
2025.07.15 16:55:00,LONG,ASIA_LOW|20250715,SSRP|ASIA_LOW|20250715|1752598200,SSRP|ASIA_LOW|20250715|1752598200|FINAL,SSRP|ASIA_LOW|20250715|1752598200|FINAL,3346.56,3346.56,3339.45,3339.45,3360.78,3360.78,true
2025.07.16 08:35:00,SHORT,ASIA_HIGH|20250716,SSRP|ASIA_HIGH|20250716|1752654300,SSRP|ASIA_HIGH|20250716|1752654300|FINAL,SSRP|ASIA_HIGH|20250716|1752654300|FINAL,3337.41,3337.41,3339.94,3339.94,3332.35,3332.35,true
2025.07.16 08:40:00,SHORT,ASIA_HIGH|20250716,SSRP|ASIA_HIGH|20250716|1752654900,SSRP|ASIA_HIGH|20250716|1752654900|FINAL,SSRP|ASIA_HIGH|20250716|1752654900|FINAL,3337.25,3337.25,3339.19,3339.19,3333.37,3333.37,true
2025.07.16 08:55:00,SHORT,ASIA_HIGH|20250716,SSRP|ASIA_HIGH|20250716|1752655800,SSRP|ASIA_HIGH|20250716|1752655800|FINAL,SSRP|ASIA_HIGH|20250716|1752655800|FINAL,3338.11,3338.11,3338.98,3338.98,3336.38,3336.38,true
2025.07.16 10:00:00,SHORT,ASIA_HIGH|20250716,SSRP|ASIA_HIGH|20250716|1752658800,SSRP|ASIA_HIGH|20250716|1752658800|FINAL,SSRP|ASIA_HIGH|20250716|1752658800|FINAL,3338.23,3338.23,3341.01,3341.01,3332.67,3332.67,true
2025.07.16 10:05:00,SHORT,ASIA_HIGH|20250716,SSRP|ASIA_HIGH|20250716|1752660000,SSRP|ASIA_HIGH|20250716|1752660000|FINAL,SSRP|ASIA_HIGH|20250716|1752660000|FINAL,3337.69,3337.69,3339.86,3339.86,3333.34,3333.34,true
2025.07.16 10:10:00,SHORT,ASIA_HIGH|20250716,SSRP|ASIA_HIGH|20250716|1752660300,SSRP|ASIA_HIGH|20250716|1752660300|FINAL,SSRP|ASIA_HIGH|20250716|1752660300|FINAL,3337.73,3337.73,3339.46,3339.46,3334.27,3334.27,true
2025.07.16 10:25:00,SHORT,ASIA_HIGH|20250716,SSRP|ASIA_HIGH|20250716|1752661200,SSRP|ASIA_HIGH|20250716|1752661200|FINAL,SSRP|ASIA_HIGH|20250716|1752661200|FINAL,3338.11,3338.11,3340.26,3340.26,3333.82,3333.82,true
2025.07.16 10:30:00,SHORT,ASIA_HIGH|20250716,SSRP|ASIA_HIGH|20250716|1752661500,SSRP|ASIA_HIGH|20250716|1752661500|FINAL,SSRP|ASIA_HIGH|20250716|1752661500|FINAL,3338.53,3338.53,3339.97,3339.97,3335.64,3335.64,true
2025.07.16 10:35:00,SHORT,ASIA_HIGH|20250716,SSRP|ASIA_HIGH|20250716|1752661800,SSRP|ASIA_HIGH|20250716|1752661800|FINAL,SSRP|ASIA_HIGH|20250716|1752661800|FINAL,3337.98,3337.98,3339.12,3339.12,3335.70,3335.70,true
2025.07.16 13:10:00,SHORT,ASIA_HIGH|20250716,SSRP|ASIA_HIGH|20250716|1752670800,SSRP|ASIA_HIGH|20250716|1752670800|FINAL,SSRP|ASIA_HIGH|20250716|1752670800|FINAL,3338.11,3338.11,3340.50,3340.50,3333.34,3333.34,true
2025.07.16 13:15:00,SHORT,ASIA_HIGH|20250716,SSRP|ASIA_HIGH|20250716|1752671400,SSRP|ASIA_HIGH|20250716|1752671400|FINAL,SSRP|ASIA_HIGH|20250716|1752671400|FINAL,3337.29,3337.29,3339.27,3339.27,3333.34,3333.34,true
2025.07.16 13:40:00,SHORT,ASIA_HIGH|20250716,SSRP|ASIA_HIGH|20250716|1752672300,SSRP|ASIA_HIGH|20250716|1752672300|FINAL,SSRP|ASIA_HIGH|20250716|1752672300|FINAL,3338.12,3338.12,3339.51,3339.51,3335.35,3335.35,true
2025.07.16 13:45:00,SHORT,ASIA_HIGH|20250716,SSRP|ASIA_HIGH|20250716|1752673200,SSRP|ASIA_HIGH|20250716|1752673200|FINAL,SSRP|ASIA_HIGH|20250716|1752673200|FINAL,3337.06,3337.06,3339.37,3339.37,3332.43,3332.43,true
2025.07.16 15:00:00,SHORT,ASIA_HIGH|20250716,SSRP|ASIA_HIGH|20250716|1752677400,SSRP|ASIA_HIGH|20250716|1752677400|FINAL,SSRP|ASIA_HIGH|20250716|1752677400|FINAL,3337.67,3337.67,3340.77,3340.77,3331.47,3331.47,true
2025.07.16 15:10:00,SHORT,ASIA_HIGH|20250716,SSRP|ASIA_HIGH|20250716|1752678000,SSRP|ASIA_HIGH|20250716|1752678000|FINAL,SSRP|ASIA_HIGH|20250716|1752678000|FINAL,3338.50,3338.50,3341.05,3341.05,3333.41,3333.41,true
2025.07.16 15:15:00,SHORT,ASIA_HIGH|20250716,SSRP|ASIA_HIGH|20250716|1752678600,SSRP|ASIA_HIGH|20250716|1752678600|FINAL,SSRP|ASIA_HIGH|20250716|1752678600|FINAL,3334.99,3334.99,3339.48,3339.48,3326.00,3326.00,true
2025.07.16 16:25:00,SHORT,ASIA_HIGH|20250716,SSRP|ASIA_HIGH|20250716|1752682500,SSRP|ASIA_HIGH|20250716|1752682500|FINAL,SSRP|ASIA_HIGH|20250716|1752682500|FINAL,3334.81,3334.81,3339.53,3339.53,3325.37,3325.37,true
2025.07.16 16:55:00,LONG,ASIA_LOW|20250716,SSRP|ASIA_LOW|20250716|1752684600,SSRP|ASIA_LOW|20250716|1752684600|FINAL,SSRP|ASIA_LOW|20250716|1752684600|FINAL,3326.87,3326.87,3321.80,3321.80,3337.00,3337.00,true
2025.07.16 17:00:00,LONG,ASIA_LOW|20250716,SSRP|ASIA_LOW|20250716|1752684900,SSRP|ASIA_LOW|20250716|1752684900|FINAL,SSRP|ASIA_LOW|20250716|1752684900|FINAL,3326.09,3326.09,3322.66,3322.66,3332.96,3332.96,true
2025.07.16 17:20:00,LONG,ASIA_LOW|20250716,SSRP|ASIA_LOW|20250716|1752686100,SSRP|ASIA_LOW|20250716|1752686100|FINAL,SSRP|ASIA_LOW|20250716|1752686100|FINAL,3328.37,3328.37,3321.42,3321.42,3342.27,3342.27,true
2025.07.16 17:35:00,LONG,ASIA_LOW|20250716,SSRP|ASIA_LOW|20250716|1752687000,SSRP|ASIA_LOW|20250716|1752687000|FINAL,SSRP|ASIA_LOW|20250716|1752687000|FINAL,3324.81,3324.81,3319.39,3319.39,3335.65,3335.65,true
2025.07.16 17:40:00,LONG,ASIA_LOW|20250716,SSRP|ASIA_LOW|20250716|1752687300,SSRP|ASIA_LOW|20250716|1752687300|FINAL,SSRP|ASIA_LOW|20250716|1752687300|FINAL,3325.37,3325.37,3321.22,3321.22,3333.68,3333.68,true
2025.07.16 17:45:00,LONG,ASIA_LOW|20250716,SSRP|ASIA_LOW|20250716|1752687600,SSRP|ASIA_LOW|20250716|1752687600|FINAL,SSRP|ASIA_LOW|20250716|1752687600|FINAL,3327.37,3327.37,3322.13,3322.13,3337.84,3337.84,true
2025.07.17 18:25:00,LONG,ASIA_LOW|20250717,SSRP|ASIA_LOW|20250717|1752776100,SSRP|ASIA_LOW|20250717|1752776100|FINAL,SSRP|ASIA_LOW|20250717|1752776100|FINAL,3336.98,3336.98,3331.17,3331.17,3348.59,3348.59,true
2025.07.17 18:30:00,LONG,ASIA_LOW|20250717,SSRP|ASIA_LOW|20250717|1752776700,SSRP|ASIA_LOW|20250717|1752776700|FINAL,SSRP|ASIA_LOW|20250717|1752776700|FINAL,3337.27,3337.27,3334.23,3334.23,3343.35,3343.35,true
2025.07.17 18:35:00,LONG,ASIA_LOW|20250717,SSRP|ASIA_LOW|20250717|1752777000,SSRP|ASIA_LOW|20250717|1752777000|FINAL,SSRP|ASIA_LOW|20250717|1752777000|FINAL,3336.68,3336.68,3335.14,3335.14,3339.75,3339.75,true
2025.07.17 18:40:00,LONG,ASIA_LOW|20250717,SSRP|ASIA_LOW|20250717|1752777300,SSRP|ASIA_LOW|20250717|1752777300|FINAL,SSRP|ASIA_LOW|20250717|1752777300|FINAL,3336.87,3336.87,3335.15,3335.15,3340.31,3340.31,true
2025.07.17 19:10:00,LONG,ASIA_LOW|20250717,SSRP|ASIA_LOW|20250717|1752779100,SSRP|ASIA_LOW|20250717|1752779100|FINAL,SSRP|ASIA_LOW|20250717|1752779100|FINAL,3337.13,3337.13,3335.58,3335.58,3340.22,3340.22,true
2025.07.17 19:20:00,LONG,ASIA_LOW|20250717,SSRP|ASIA_LOW|20250717|1752779700,SSRP|ASIA_LOW|20250717|1752779700|FINAL,SSRP|ASIA_LOW|20250717|1752779700|FINAL,3338.77,3338.77,3335.38,3335.38,3345.55,3345.55,true
2025.07.17 21:05:00,LONG,ASIA_LOW|20250717,SSRP|ASIA_LOW|20250717|1752786000,SSRP|ASIA_LOW|20250717|1752786000|FINAL,SSRP|ASIA_LOW|20250717|1752786000|FINAL,3336.95,3336.95,3335.74,3335.74,3339.38,3339.38,true
2025.07.17 21:25:00,LONG,ASIA_LOW|20250717,SSRP|ASIA_LOW|20250717|1752787200,SSRP|ASIA_LOW|20250717|1752787200|FINAL,SSRP|ASIA_LOW|20250717|1752787200|FINAL,3336.98,3336.98,3335.56,3335.56,3339.82,3339.82,true
2025.07.18 09:10:00,LONG,ASIA_LOW|20250718,SSRP|ASIA_LOW|20250718|1752829200,SSRP|ASIA_LOW|20250718|1752829200|FINAL,SSRP|ASIA_LOW|20250718|1752829200|FINAL,3337.02,3337.02,3331.68,3331.68,3347.70,3347.70,true
2025.07.18 09:15:00,LONG,ASIA_LOW|20250718,SSRP|ASIA_LOW|20250718|1752829800,SSRP|ASIA_LOW|20250718|1752829800|FINAL,SSRP|ASIA_LOW|20250718|1752829800|FINAL,3337.65,3337.65,3333.18,3333.18,3346.59,3346.59,true
2025.07.22 09:00:00,LONG,ASIA_LOW|20250722,SSRP|ASIA_LOW|20250722|1753174500,SSRP|ASIA_LOW|20250722|1753174500|FINAL,SSRP|ASIA_LOW|20250722|1753174500|FINAL,3386.82,3386.82,3384.40,3384.40,3391.65,3391.65,true
2025.07.22 09:05:00,LONG,ASIA_LOW|20250722,SSRP|ASIA_LOW|20250722|1753174800,SSRP|ASIA_LOW|20250722|1753174800|FINAL,SSRP|ASIA_LOW|20250722|1753174800|FINAL,3386.42,3386.42,3384.41,3384.41,3390.45,3390.45,true
2025.07.22 09:30:00,LONG,ASIA_LOW|20250722,SSRP|ASIA_LOW|20250722|1753176300,SSRP|ASIA_LOW|20250722|1753176300|FINAL,SSRP|ASIA_LOW|20250722|1753176300|FINAL,3385.98,3385.98,3384.47,3384.47,3388.99,3388.99,true
2025.07.22 09:45:00,LONG,ASIA_LOW|20250722,SSRP|ASIA_LOW|20250722|1753176600,SSRP|ASIA_LOW|20250722|1753176600|FINAL,SSRP|ASIA_LOW|20250722|1753176600|FINAL,3385.54,3385.54,3384.41,3384.41,3387.79,3387.79,true
2025.07.22 10:00:00,LONG,ASIA_LOW|20250722,SSRP|ASIA_LOW|20250722|1753177500,SSRP|ASIA_LOW|20250722|1753177500|FINAL,SSRP|ASIA_LOW|20250722|1753177500|FINAL,3385.40,3385.40,3384.31,3384.31,3387.58,3387.58,true
2025.07.22 10:30:00,LONG,ASIA_LOW|20250722,SSRP|ASIA_LOW|20250722|1753179900,SSRP|ASIA_LOW|20250722|1753179900|FINAL,SSRP|ASIA_LOW|20250722|1753179900|FINAL,3385.51,3385.51,3383.20,3383.20,3390.12,3390.12,true
2025.07.22 10:35:00,LONG,ASIA_LOW|20250722,SSRP|ASIA_LOW|20250722|1753180200,SSRP|ASIA_LOW|20250722|1753180200|FINAL,SSRP|ASIA_LOW|20250722|1753180200|FINAL,3386.40,3386.40,3383.20,3383.20,3392.79,3392.79,true
2025.07.22 10:45:00,LONG,ASIA_LOW|20250722,SSRP|ASIA_LOW|20250722|1753180800,SSRP|ASIA_LOW|20250722|1753180800|FINAL,SSRP|ASIA_LOW|20250722|1753180800|FINAL,3385.81,3385.81,3384.26,3384.26,3388.91,3388.91,true
2025.07.22 10:55:00,LONG,ASIA_LOW|20250722,SSRP|ASIA_LOW|20250722|1753181400,SSRP|ASIA_LOW|20250722|1753181400|FINAL,SSRP|ASIA_LOW|20250722|1753181400|FINAL,3387.57,3387.57,3384.66,3384.66,3393.40,3393.40,true
2025.07.22 12:30:00,LONG,ASIA_LOW|20250722,SSRP|ASIA_LOW|20250722|1753187100,SSRP|ASIA_LOW|20250722|1753187100|FINAL,SSRP|ASIA_LOW|20250722|1753187100|FINAL,3385.45,3385.45,3384.70,3384.70,3386.95,3386.95,true
2025.07.22 12:40:00,LONG,ASIA_LOW|20250722,SSRP|ASIA_LOW|20250722|1753187700,SSRP|ASIA_LOW|20250722|1753187700|FINAL,SSRP|ASIA_LOW|20250722|1753187700|FINAL,3385.86,3385.86,3384.53,3384.53,3388.52,3388.52,true
2025.07.22 15:45:00,SHORT,ASIA_HIGH|20250722,SSRP|ASIA_HIGH|20250722|1753198800,SSRP|ASIA_HIGH|20250722|1753198800|FINAL,SSRP|ASIA_HIGH|20250722|1753198800|FINAL,3401.84,3401.84,3406.02,3406.02,3393.48,3393.48,true
2025.07.23 08:50:00,LONG,ASIA_LOW|20250723,SSRP|ASIA_LOW|20250723|1753260000,SSRP|ASIA_LOW|20250723|1753260000|FINAL,SSRP|ASIA_LOW|20250723|1753260000|FINAL,3419.35,3419.35,3416.33,3416.33,3425.39,3425.39,true
2025.07.23 08:55:00,LONG,ASIA_LOW|20250723,SSRP|ASIA_LOW|20250723|1753260600,SSRP|ASIA_LOW|20250723|1753260600|FINAL,SSRP|ASIA_LOW|20250723|1753260600|FINAL,3420.44,3420.44,3417.80,3417.80,3425.73,3425.73,true
2025.07.24 09:20:00,LONG,ASIA_LOW|20250724,SSRP|ASIA_LOW|20250724|1753348500,SSRP|ASIA_LOW|20250724|1753348500|FINAL,SSRP|ASIA_LOW|20250724|1753348500|FINAL,3375.09,3375.09,3374.20,3374.20,3376.88,3376.88,true
2025.07.24 09:30:00,LONG,ASIA_LOW|20250724,SSRP|ASIA_LOW|20250724|1753349100,SSRP|ASIA_LOW|20250724|1753349100|FINAL,SSRP|ASIA_LOW|20250724|1753349100|FINAL,3375.52,3375.52,3369.86,3369.86,3386.83,3386.83,true
2025.07.24 09:35:00,LONG,ASIA_LOW|20250724,SSRP|ASIA_LOW|20250724|1753349400,SSRP|ASIA_LOW|20250724|1753349400|FINAL,SSRP|ASIA_LOW|20250724|1753349400|FINAL,3376.11,3376.11,3369.86,3369.86,3388.61,3388.61,true
2025.07.24 09:40:00,LONG,ASIA_LOW|20250724,SSRP|ASIA_LOW|20250724|1753349700,SSRP|ASIA_LOW|20250724|1753349700|FINAL,SSRP|ASIA_LOW|20250724|1753349700|FINAL,3375.18,3375.18,3373.85,3373.85,3377.83,3377.83,true
2025.07.24 09:50:00,LONG,ASIA_LOW|20250724,SSRP|ASIA_LOW|20250724|1753350300,SSRP|ASIA_LOW|20250724|1753350300|FINAL,SSRP|ASIA_LOW|20250724|1753350300|FINAL,3376.29,3376.29,3372.88,3372.88,3383.11,3383.11,true
2025.07.24 09:55:00,LONG,ASIA_LOW|20250724,SSRP|ASIA_LOW|20250724|1753350600,SSRP|ASIA_LOW|20250724|1753350600|FINAL,SSRP|ASIA_LOW|20250724|1753350600|FINAL,3375.97,3375.97,3373.79,3373.79,3380.33,3380.33,true
2025.07.24 10:10:00,LONG,ASIA_LOW|20250724,SSRP|ASIA_LOW|20250724|1753351500,SSRP|ASIA_LOW|20250724|1753351500|FINAL,SSRP|ASIA_LOW|20250724|1753351500|FINAL,3377.36,3377.36,3372.98,3372.98,3386.11,3386.11,true
2025.07.24 10:15:00,LONG,ASIA_LOW|20250724,SSRP|ASIA_LOW|20250724|1753351800,SSRP|ASIA_LOW|20250724|1753351800|FINAL,SSRP|ASIA_LOW|20250724|1753351800|FINAL,3376.26,3376.26,3373.24,3373.24,3382.29,3382.29,true
2025.07.24 17:35:00,LONG,ASIA_LOW|20250724,SSRP|ASIA_LOW|20250724|1753377600,SSRP|ASIA_LOW|20250724|1753377600|FINAL,SSRP|ASIA_LOW|20250724|1753377600|FINAL,3376.84,3376.84,3371.57,3371.57,3387.38,3387.38,true
2025.07.24 17:40:00,LONG,ASIA_LOW|20250724,SSRP|ASIA_LOW|20250724|1753378500,SSRP|ASIA_LOW|20250724|1753378500|FINAL,SSRP|ASIA_LOW|20250724|1753378500|FINAL,3376.30,3376.30,3373.89,3373.89,3381.12,3381.12,true
2025.07.25 08:55:00,LONG,ASIA_LOW|20250725,SSRP|ASIA_LOW|20250725|1753433400,SSRP|ASIA_LOW|20250725|1753433400|FINAL,SSRP|ASIA_LOW|20250725|1753433400|FINAL,3358.70,3358.70,3355.20,3355.20,3365.70,3365.70,true
2025.07.25 09:00:00,LONG,ASIA_LOW|20250725,SSRP|ASIA_LOW|20250725|1753433700,SSRP|ASIA_LOW|20250725|1753433700|FINAL,SSRP|ASIA_LOW|20250725|1753433700|FINAL,3359.49,3359.49,3356.13,3356.13,3366.21,3366.21,true
2025.07.25 09:40:00,LONG,ASIA_LOW|20250725,SSRP|ASIA_LOW|20250725|1753435800,SSRP|ASIA_LOW|20250725|1753435800|FINAL,SSRP|ASIA_LOW|20250725|1753435800|FINAL,3358.81,3358.81,3354.71,3354.71,3367.01,3367.01,true
2025.07.25 09:50:00,LONG,ASIA_LOW|20250725,SSRP|ASIA_LOW|20250725|1753436400,SSRP|ASIA_LOW|20250725|1753436400|FINAL,SSRP|ASIA_LOW|20250725|1753436400|FINAL,3358.33,3358.33,3355.42,3355.42,3364.16,3364.16,true
2025.07.25 09:55:00,LONG,ASIA_LOW|20250725,SSRP|ASIA_LOW|20250725|1753437000,SSRP|ASIA_LOW|20250725|1753437000|FINAL,SSRP|ASIA_LOW|20250725|1753437000|FINAL,3359.47,3359.47,3356.91,3356.91,3364.60,3364.60,true
2025.07.25 10:15:00,LONG,ASIA_LOW|20250725,SSRP|ASIA_LOW|20250725|1753437600,SSRP|ASIA_LOW|20250725|1753437600|FINAL,SSRP|ASIA_LOW|20250725|1753437600|FINAL,3359.05,3359.05,3356.67,3356.67,3363.80,3363.80,true
2025.07.28 09:05:00,SHORT,ASIA_HIGH|20250728,SSRP|ASIA_HIGH|20250728|1753693200,SSRP|ASIA_HIGH|20250728|1753693200|FINAL,SSRP|ASIA_HIGH|20250728|1753693200|FINAL,3342.67,3342.67,3345.33,3345.33,3337.34,3337.34,true
2025.07.28 22:50:00,LONG,ASIA_LOW|20250728,SSRP|ASIA_LOW|20250728|1753742700,SSRP|ASIA_LOW|20250728|1753742700|FINAL,SSRP|ASIA_LOW|20250728|1753742700|FINAL,3318.61,3318.61,3315.35,3315.35,3325.12,3325.12,true
2025.07.28 23:00:00,LONG,ASIA_LOW|20250728,SSRP|ASIA_LOW|20250728|1753743000,SSRP|ASIA_LOW|20250728|1753743000|FINAL,SSRP|ASIA_LOW|20250728|1753743000|FINAL,3318.14,3318.14,3315.76,3315.76,3322.91,3322.91,true
2025.07.28 23:05:00,LONG,ASIA_LOW|20250728,SSRP|ASIA_LOW|20250728|1753743600,SSRP|ASIA_LOW|20250728|1753743600|FINAL,SSRP|ASIA_LOW|20250728|1753743600|FINAL,3317.95,3317.95,3316.78,3316.78,3320.29,3320.29,true
2025.07.28 23:30:00,LONG,ASIA_LOW|20250728,SSRP|ASIA_LOW|20250728|1753745100,SSRP|ASIA_LOW|20250728|1753745100|FINAL,SSRP|ASIA_LOW|20250728|1753745100|FINAL,3317.67,3317.67,3316.80,3316.80,3319.42,3319.42,true
2025.07.29 09:30:00,SHORT,ASIA_HIGH|20250729,SSRP|ASIA_HIGH|20250729|1753781100,SSRP|ASIA_HIGH|20250729|1753781100|FINAL,SSRP|ASIA_HIGH|20250729|1753781100|FINAL,3319.37,3319.37,3321.60,3321.60,3314.92,3314.92,true
2025.07.29 09:35:00,SHORT,ASIA_HIGH|20250729,SSRP|ASIA_HIGH|20250729|1753781400,SSRP|ASIA_HIGH|20250729|1753781400|FINAL,SSRP|ASIA_HIGH|20250729|1753781400|FINAL,3317.96,3317.96,3321.60,3321.60,3310.69,3310.69,true
2025.07.29 09:55:00,SHORT,ASIA_HIGH|20250729,SSRP|ASIA_HIGH|20250729|1753782300,SSRP|ASIA_HIGH|20250729|1753782300|FINAL,SSRP|ASIA_HIGH|20250729|1753782300|FINAL,3316.98,3316.98,3322.56,3322.56,3305.82,3305.82,true
2025.07.29 10:00:00,SHORT,ASIA_HIGH|20250729,SSRP|ASIA_HIGH|20250729|1753782900,SSRP|ASIA_HIGH|20250729|1753782900|FINAL,SSRP|ASIA_HIGH|20250729|1753782900|FINAL,3318.03,3318.03,3321.83,3321.83,3310.44,3310.44,true
2025.07.29 14:00:00,SHORT,ASIA_HIGH|20250729,SSRP|ASIA_HIGH|20250729|1753797300,SSRP|ASIA_HIGH|20250729|1753797300|FINAL,SSRP|ASIA_HIGH|20250729|1753797300|FINAL,3320.21,3320.21,3324.37,3324.37,3311.90,3311.90,true
2025.07.29 14:05:00,SHORT,ASIA_HIGH|20250729,SSRP|ASIA_HIGH|20250729|1753797600,SSRP|ASIA_HIGH|20250729|1753797600|FINAL,SSRP|ASIA_HIGH|20250729|1753797600|FINAL,3318.81,3318.81,3322.33,3322.33,3311.76,3311.76,true
2025.07.29 14:25:00,SHORT,ASIA_HIGH|20250729,SSRP|ASIA_HIGH|20250729|1753798800,SSRP|ASIA_HIGH|20250729|1753798800|FINAL,SSRP|ASIA_HIGH|20250729|1753798800|FINAL,3320.45,3320.45,3321.46,3321.46,3318.43,3318.43,true
2025.07.29 14:30:00,SHORT,ASIA_HIGH|20250729,SSRP|ASIA_HIGH|20250729|1753799100,SSRP|ASIA_HIGH|20250729|1753799100|FINAL,SSRP|ASIA_HIGH|20250729|1753799100|FINAL,3319.11,3319.11,3321.46,3321.46,3314.41,3314.41,true
2025.07.29 15:15:00,SHORT,ASIA_HIGH|20250729,SSRP|ASIA_HIGH|20250729|1753801800,SSRP|ASIA_HIGH|20250729|1753801800|FINAL,SSRP|ASIA_HIGH|20250729|1753801800|FINAL,3318.85,3318.85,3322.14,3322.14,3312.26,3312.26,true
2025.07.29 15:30:00,SHORT,ASIA_HIGH|20250729,SSRP|ASIA_HIGH|20250729|1753802400,SSRP|ASIA_HIGH|20250729|1753802400|FINAL,SSRP|ASIA_HIGH|20250729|1753802400|FINAL,3320.31,3320.31,3323.41,3323.41,3314.11,3314.11,true
2025.07.29 16:30:00,SHORT,ASIA_HIGH|20250729,SSRP|ASIA_HIGH|20250729|1753805700,SSRP|ASIA_HIGH|20250729|1753805700|FINAL,SSRP|ASIA_HIGH|20250729|1753805700|FINAL,3315.30,3315.30,3324.24,3324.24,3297.42,3297.42,true
2025.07.29 16:35:00,SHORT,ASIA_HIGH|20250729,SSRP|ASIA_HIGH|20250729|1753806600,SSRP|ASIA_HIGH|20250729|1753806600|FINAL,SSRP|ASIA_HIGH|20250729|1753806600|FINAL,3316.85,3316.85,3322.00,3322.00,3306.55,3306.55,true
2025.07.29 18:50:00,SHORT,ASIA_HIGH|20250729,SSRP|ASIA_HIGH|20250729|1753814400,SSRP|ASIA_HIGH|20250729|1753814400|FINAL,SSRP|ASIA_HIGH|20250729|1753814400|FINAL,3320.36,3320.36,3325.32,3325.32,3310.44,3310.44,true
2025.07.29 19:05:00,SHORT,ASIA_HIGH|20250729,SSRP|ASIA_HIGH|20250729|1753815000,SSRP|ASIA_HIGH|20250729|1753815000|FINAL,SSRP|ASIA_HIGH|20250729|1753815000|FINAL,3320.39,3320.39,3322.81,3322.81,3315.55,3315.55,true
2025.07.30 13:00:00,SHORT,ASIA_HIGH|20250730,SSRP|ASIA_HIGH|20250730|1753880100,SSRP|ASIA_HIGH|20250730|1753880100|FINAL,SSRP|ASIA_HIGH|20250730|1753880100|FINAL,3331.87,3331.87,3334.15,3334.15,3327.31,3327.31,true
2025.07.31 08:05:00,SHORT,ASIA_HIGH|20250731,SSRP|ASIA_HIGH|20250731|1753948800,SSRP|ASIA_HIGH|20250731|1753948800|FINAL,SSRP|ASIA_HIGH|20250731|1753948800|FINAL,3297.39,3297.39,3299.26,3299.26,3293.65,3293.65,true
2025.07.31 08:10:00,SHORT,ASIA_HIGH|20250731,SSRP|ASIA_HIGH|20250731|1753949100,SSRP|ASIA_HIGH|20250731|1753949100|FINAL,SSRP|ASIA_HIGH|20250731|1753949100|FINAL,3296.31,3296.31,3299.19,3299.19,3290.55,3290.55,true
2025.07.31 13:50:00,SHORT,ASIA_HIGH|20250731,SSRP|ASIA_HIGH|20250731|1753969200,SSRP|ASIA_HIGH|20250731|1753969200|FINAL,SSRP|ASIA_HIGH|20250731|1753969200|FINAL,3296.34,3296.34,3303.01,3303.01,3283.00,3283.00,true
2025.07.31 13:55:00,SHORT,ASIA_HIGH|20250731,SSRP|ASIA_HIGH|20250731|1753969800,SSRP|ASIA_HIGH|20250731|1753969800|FINAL,SSRP|ASIA_HIGH|20250731|1753969800|FINAL,3296.28,3296.28,3299.53,3299.53,3289.78,3289.78,true
2025.07.31 17:15:00,SHORT,ASIA_HIGH|20250731,SSRP|ASIA_HIGH|20250731|1753981800,SSRP|ASIA_HIGH|20250731|1753981800|FINAL,SSRP|ASIA_HIGH|20250731|1753981800|FINAL,3297.65,3297.65,3303.24,3303.24,3286.46,3286.46,true
2025.07.31 17:20:00,SHORT,ASIA_HIGH|20250731,SSRP|ASIA_HIGH|20250731|1753982100,SSRP|ASIA_HIGH|20250731|1753982100|FINAL,SSRP|ASIA_HIGH|20250731|1753982100|FINAL,3296.98,3296.98,3303.24,3303.24,3284.46,3284.46,true
2025.08.01 08:55:00,SHORT,ASIA_HIGH|20250801,SSRP|ASIA_HIGH|20250801|1754038200,SSRP|ASIA_HIGH|20250801|1754038200|FINAL,SSRP|ASIA_HIGH|20250801|1754038200|FINAL,3296.72,3296.72,3300.49,3300.49,3289.18,3289.18,true
2025.08.01 09:00:00,SHORT,ASIA_HIGH|20250801,SSRP|ASIA_HIGH|20250801|1754038500,SSRP|ASIA_HIGH|20250801|1754038500|FINAL,SSRP|ASIA_HIGH|20250801|1754038500|FINAL,3296.88,3296.88,3297.88,3297.88,3294.87,3294.87,true
2025.08.01 09:15:00,SHORT,ASIA_HIGH|20250801,SSRP|ASIA_HIGH|20250801|1754039400,SSRP|ASIA_HIGH|20250801|1754039400|FINAL,SSRP|ASIA_HIGH|20250801|1754039400|FINAL,3294.70,3294.70,3297.77,3297.77,3288.56,3288.56,true
2025.08.01 13:40:00,SHORT,ASIA_HIGH|20250801,SSRP|ASIA_HIGH|20250801|1754055300,SSRP|ASIA_HIGH|20250801|1754055300|FINAL,SSRP|ASIA_HIGH|20250801|1754055300|FINAL,3295.87,3295.87,3298.03,3298.03,3291.56,3291.56,true
2025.08.04 15:10:00,SHORT,ASIA_HIGH|20250804,SSRP|ASIA_HIGH|20250804|1754319300,SSRP|ASIA_HIGH|20250804|1754319300|FINAL,SSRP|ASIA_HIGH|20250804|1754319300|FINAL,3367.09,3367.09,3371.61,3371.61,3358.05,3358.05,true
2025.08.04 15:15:00,SHORT,ASIA_HIGH|20250804,SSRP|ASIA_HIGH|20250804|1754320200,SSRP|ASIA_HIGH|20250804|1754320200|FINAL,SSRP|ASIA_HIGH|20250804|1754320200|FINAL,3367.38,3367.38,3369.66,3369.66,3362.82,3362.82,true
2025.08.05 08:35:00,LONG,ASIA_LOW|20250805,SSRP|ASIA_LOW|20250805|1754382300,SSRP|ASIA_LOW|20250805|1754382300|FINAL,SSRP|ASIA_LOW|20250805|1754382300|FINAL,3371.86,3371.86,3368.87,3368.87,3377.84,3377.84,true
2025.08.05 08:45:00,LONG,ASIA_LOW|20250805,SSRP|ASIA_LOW|20250805|1754382900,SSRP|ASIA_LOW|20250805|1754382900|FINAL,SSRP|ASIA_LOW|20250805|1754382900|FINAL,3372.01,3372.01,3370.04,3370.04,3375.95,3375.95,true
2025.08.05 08:50:00,LONG,ASIA_LOW|20250805,SSRP|ASIA_LOW|20250805|1754383500,SSRP|ASIA_LOW|20250805|1754383500|FINAL,SSRP|ASIA_LOW|20250805|1754383500|FINAL,3372.72,3372.72,3370.18,3370.18,3377.80,3377.80,true
2025.08.05 10:20:00,LONG,ASIA_LOW|20250805,SSRP|ASIA_LOW|20250805|1754388600,SSRP|ASIA_LOW|20250805|1754388600|FINAL,SSRP|ASIA_LOW|20250805|1754388600|FINAL,3373.60,3373.60,3368.60,3368.60,3383.60,3383.60,true
2025.08.05 11:10:00,LONG,ASIA_LOW|20250805,SSRP|ASIA_LOW|20250805|1754391900,SSRP|ASIA_LOW|20250805|1754391900|FINAL,SSRP|ASIA_LOW|20250805|1754391900|FINAL,3371.97,3371.97,3370.65,3370.65,3374.62,3374.62,true
2025.08.05 16:30:00,LONG,ASIA_LOW|20250805,SSRP|ASIA_LOW|20250805|1754410500,SSRP|ASIA_LOW|20250805|1754410500|FINAL,SSRP|ASIA_LOW|20250805|1754410500|FINAL,3375.96,3375.96,3368.47,3368.47,3390.94,3390.94,true
2025.08.05 16:35:00,LONG,ASIA_LOW|20250805,SSRP|ASIA_LOW|20250805|1754411400,SSRP|ASIA_LOW|20250805|1754411400|FINAL,SSRP|ASIA_LOW|20250805|1754411400|FINAL,3378.26,3378.26,3369.17,3369.17,3396.45,3396.45,true
2025.08.05 19:30:00,SHORT,ASIA_HIGH|20250805,SSRP|ASIA_HIGH|20250805|1754421000,SSRP|ASIA_HIGH|20250805|1754421000|FINAL,SSRP|ASIA_HIGH|20250805|1754421000|FINAL,3382.18,3382.18,3389.47,3389.47,3367.60,3367.60,true
2025.08.05 19:35:00,SHORT,ASIA_HIGH|20250805,SSRP|ASIA_HIGH|20250805|1754422200,SSRP|ASIA_HIGH|20250805|1754422200|FINAL,SSRP|ASIA_HIGH|20250805|1754422200|FINAL,3379.94,3379.94,3383.24,3383.24,3373.35,3373.35,true
2025.08.05 20:45:00,SHORT,ASIA_HIGH|20250805,SSRP|ASIA_HIGH|20250805|1754426400,SSRP|ASIA_HIGH|20250805|1754426400|FINAL,SSRP|ASIA_HIGH|20250805|1754426400|FINAL,3380.41,3380.41,3382.86,3382.86,3375.51,3375.51,true
2025.08.06 08:30:00,LONG,ASIA_LOW|20250806,SSRP|ASIA_LOW|20250806|1754468400,SSRP|ASIA_LOW|20250806|1754468400|FINAL,SSRP|ASIA_LOW|20250806|1754468400|FINAL,3372.83,3372.83,3370.66,3370.66,3377.17,3377.17,true
2025.08.06 08:50:00,LONG,ASIA_LOW|20250806,SSRP|ASIA_LOW|20250806|1754469600,SSRP|ASIA_LOW|20250806|1754469600|FINAL,SSRP|ASIA_LOW|20250806|1754469600|FINAL,3373.08,3373.08,3370.59,3370.59,3378.06,3378.06,true
2025.08.06 08:55:00,LONG,ASIA_LOW|20250806,SSRP|ASIA_LOW|20250806|1754470200,SSRP|ASIA_LOW|20250806|1754470200|FINAL,SSRP|ASIA_LOW|20250806|1754470200|FINAL,3374.24,3374.24,3371.47,3371.47,3379.77,3379.77,true
2025.08.06 10:15:00,LONG,ASIA_LOW|20250806,SSRP|ASIA_LOW|20250806|1754475000,SSRP|ASIA_LOW|20250806|1754475000|FINAL,SSRP|ASIA_LOW|20250806|1754475000|FINAL,3372.54,3372.54,3371.17,3371.17,3375.27,3375.27,true
2025.08.06 10:35:00,LONG,ASIA_LOW|20250806,SSRP|ASIA_LOW|20250806|1754476200,SSRP|ASIA_LOW|20250806|1754476200|FINAL,SSRP|ASIA_LOW|20250806|1754476200|FINAL,3373.25,3373.25,3369.99,3369.99,3379.78,3379.78,true
2025.08.06 10:40:00,LONG,ASIA_LOW|20250806,SSRP|ASIA_LOW|20250806|1754476500,SSRP|ASIA_LOW|20250806|1754476500|FINAL,SSRP|ASIA_LOW|20250806|1754476500|FINAL,3374.53,3374.53,3371.10,3371.10,3381.40,3381.40,true
2025.08.06 16:50:00,LONG,ASIA_LOW|20250806,SSRP|ASIA_LOW|20250806|1754498700,SSRP|ASIA_LOW|20250806|1754498700|FINAL,SSRP|ASIA_LOW|20250806|1754498700|FINAL,3373.07,3373.07,3365.48,3365.48,3388.25,3388.25,true
2025.08.06 17:00:00,LONG,ASIA_LOW|20250806,SSRP|ASIA_LOW|20250806|1754499000,SSRP|ASIA_LOW|20250806|1754499000|FINAL,SSRP|ASIA_LOW|20250806|1754499000|FINAL,3373.60,3373.60,3366.72,3366.72,3387.37,3387.37,true
2025.08.06 17:15:00,LONG,ASIA_LOW|20250806,SSRP|ASIA_LOW|20250806|1754499600,SSRP|ASIA_LOW|20250806|1754499600|FINAL,SSRP|ASIA_LOW|20250806|1754499600|FINAL,3372.70,3372.70,3369.37,3369.37,3379.37,3379.37,true
2025.08.06 17:20:00,LONG,ASIA_LOW|20250806,SSRP|ASIA_LOW|20250806|1754500500,SSRP|ASIA_LOW|20250806|1754500500|FINAL,SSRP|ASIA_LOW|20250806|1754500500|FINAL,3375.84,3375.84,3371.09,3371.09,3385.33,3385.33,true
2025.08.06 18:45:00,LONG,ASIA_LOW|20250806,SSRP|ASIA_LOW|20250806|1754505600,SSRP|ASIA_LOW|20250806|1754505600|FINAL,SSRP|ASIA_LOW|20250806|1754505600|FINAL,3376.09,3376.09,3369.97,3369.97,3388.34,3388.34,true
2025.08.06 20:25:00,LONG,ASIA_LOW|20250806,SSRP|ASIA_LOW|20250806|1754511600,SSRP|ASIA_LOW|20250806|1754511600|FINAL,SSRP|ASIA_LOW|20250806|1754511600|FINAL,3372.62,3372.62,3370.76,3370.76,3376.34,3376.34,true
2025.08.06 20:30:00,LONG,ASIA_LOW|20250806,SSRP|ASIA_LOW|20250806|1754511900,SSRP|ASIA_LOW|20250806|1754511900|FINAL,SSRP|ASIA_LOW|20250806|1754511900|FINAL,3373.57,3373.57,3370.76,3370.76,3379.19,3379.19,true
2025.08.06 21:40:00,LONG,ASIA_LOW|20250806,SSRP|ASIA_LOW|20250806|1754516100,SSRP|ASIA_LOW|20250806|1754516100|FINAL,SSRP|ASIA_LOW|20250806|1754516100|FINAL,3372.67,3372.67,3370.22,3370.22,3377.57,3377.57,true
2025.08.06 21:45:00,LONG,ASIA_LOW|20250806,SSRP|ASIA_LOW|20250806|1754516400,SSRP|ASIA_LOW|20250806|1754516400|FINAL,SSRP|ASIA_LOW|20250806|1754516400|FINAL,3373.96,3373.96,3370.22,3370.22,3381.43,3381.43,true
2025.08.07 11:10:00,SHORT,ASIA_HIGH|20250807,SSRP|ASIA_HIGH|20250807|1754564400,SSRP|ASIA_HIGH|20250807|1754564400|FINAL,SSRP|ASIA_HIGH|20250807|1754564400|FINAL,3381.41,3381.41,3396.76,3396.76,3350.71,3350.71,true
2025.08.07 11:15:00,SHORT,ASIA_HIGH|20250807,SSRP|ASIA_HIGH|20250807|1754565000,SSRP|ASIA_HIGH|20250807|1754565000|FINAL,SSRP|ASIA_HIGH|20250807|1754565000|FINAL,3379.97,3379.97,3387.01,3387.01,3365.89,3365.89,true
2025.08.07 15:45:00,SHORT,ASIA_HIGH|20250807,SSRP|ASIA_HIGH|20250807|1754580600,SSRP|ASIA_HIGH|20250807|1754580600|FINAL,SSRP|ASIA_HIGH|20250807|1754580600|FINAL,3380.90,3380.90,3389.83,3389.83,3363.04,3363.04,true
2025.08.07 15:50:00,SHORT,ASIA_HIGH|20250807,SSRP|ASIA_HIGH|20250807|1754581500,SSRP|ASIA_HIGH|20250807|1754581500|FINAL,SSRP|ASIA_HIGH|20250807|1754581500|FINAL,3382.22,3382.22,3385.35,3385.35,3375.97,3375.97,true
2025.08.07 17:00:00,SHORT,ASIA_HIGH|20250807,SSRP|ASIA_HIGH|20250807|1754585400,SSRP|ASIA_HIGH|20250807|1754585400|FINAL,SSRP|ASIA_HIGH|20250807|1754585400|FINAL,3383.87,3383.87,3392.48,3392.48,3366.65,3366.65,true
2025.08.07 17:05:00,SHORT,ASIA_HIGH|20250807,SSRP|ASIA_HIGH|20250807|1754586000,SSRP|ASIA_HIGH|20250807|1754586000|FINAL,SSRP|ASIA_HIGH|20250807|1754586000|FINAL,3380.67,3380.67,3388.51,3388.51,3364.98,3364.98,true
2025.08.07 17:20:00,SHORT,ASIA_HIGH|20250807,SSRP|ASIA_HIGH|20250807|1754586600,SSRP|ASIA_HIGH|20250807|1754586600|FINAL,SSRP|ASIA_HIGH|20250807|1754586600|FINAL,3380.98,3380.98,3390.61,3390.61,3361.71,3361.71,true
2025.08.07 17:25:00,SHORT,ASIA_HIGH|20250807,SSRP|ASIA_HIGH|20250807|1754587200,SSRP|ASIA_HIGH|20250807|1754587200|FINAL,SSRP|ASIA_HIGH|20250807|1754587200|FINAL,3382.15,3382.15,3388.19,3388.19,3370.08,3370.08,true
2025.08.08 14:30:00,LONG,ASIA_LOW|20250808,SSRP|ASIA_LOW|20250808|1754663100,SSRP|ASIA_LOW|20250808|1754663100|FINAL,SSRP|ASIA_LOW|20250808|1754663100|FINAL,3387.07,3387.07,3380.25,3380.25,3400.70,3400.70,true
2025.08.08 21:05:00,LONG,ASIA_LOW|20250808,SSRP|ASIA_LOW|20250808|1754686800,SSRP|ASIA_LOW|20250808|1754686800|FINAL,SSRP|ASIA_LOW|20250808|1754686800|FINAL,3400.09,3400.09,3376.19,3376.19,3447.89,3447.89,true
2025.08.11 09:45:00,LONG,ASIA_LOW|20250811,SSRP|ASIA_LOW|20250811|1754905200,SSRP|ASIA_LOW|20250811|1754905200|FINAL,SSRP|ASIA_LOW|20250811|1754905200|FINAL,3368.21,3368.21,3363.62,3363.62,3377.40,3377.40,true
2025.08.12 10:40:00,SHORT,ASIA_HIGH|20250812,SSRP|ASIA_HIGH|20250812|1754994900,SSRP|ASIA_HIGH|20250812|1754994900|FINAL,SSRP|ASIA_HIGH|20250812|1754994900|FINAL,3355.49,3355.49,3358.29,3358.29,3349.89,3349.89,true
2025.08.12 14:25:00,LONG,ASIA_LOW|20250812,SSRP|ASIA_LOW|20250812|1755008400,SSRP|ASIA_LOW|20250812|1755008400|FINAL,SSRP|ASIA_LOW|20250812|1755008400|FINAL,3343.11,3343.11,3339.42,3339.42,3350.50,3350.50,true
2025.08.12 14:35:00,LONG,ASIA_LOW|20250812,SSRP|ASIA_LOW|20250812|1755009000,SSRP|ASIA_LOW|20250812|1755009000|FINAL,SSRP|ASIA_LOW|20250812|1755009000|FINAL,3343.16,3343.16,3335.92,3335.92,3357.65,3357.65,true
2025.08.12 14:40:00,LONG,ASIA_LOW|20250812,SSRP|ASIA_LOW|20250812|1755009300,SSRP|ASIA_LOW|20250812|1755009300|FINAL,SSRP|ASIA_LOW|20250812|1755009300|FINAL,3346.37,3346.37,3335.91,3335.91,3367.29,3367.29,true
2025.08.12 15:30:00,LONG,ASIA_LOW|20250812,SSRP|ASIA_LOW|20250812|1755012000,SSRP|ASIA_LOW|20250812|1755012000|FINAL,SSRP|ASIA_LOW|20250812|1755012000|FINAL,3350.71,3350.71,3338.42,3338.42,3375.30,3375.30,true
2025.08.12 15:35:00,LONG,ASIA_LOW|20250812,SSRP|ASIA_LOW|20250812|1755012600,SSRP|ASIA_LOW|20250812|1755012600|FINAL,SSRP|ASIA_LOW|20250812|1755012600|FINAL,3348.17,3348.17,3339.64,3339.64,3365.24,3365.24,true
2025.08.12 16:45:00,LONG,ASIA_LOW|20250812,SSRP|ASIA_LOW|20250812|1755016800,SSRP|ASIA_LOW|20250812|1755016800|FINAL,SSRP|ASIA_LOW|20250812|1755016800|FINAL,3350.83,3350.83,3339.77,3339.77,3372.94,3372.94,true
2025.08.12 18:10:00,LONG,ASIA_LOW|20250812,SSRP|ASIA_LOW|20250812|1755021300,SSRP|ASIA_LOW|20250812|1755021300|FINAL,SSRP|ASIA_LOW|20250812|1755021300|FINAL,3343.05,3343.05,3332.59,3332.59,3363.97,3363.97,true
2025.08.12 18:30:00,SHORT,ASIA_HIGH|20250812,SSRP|ASIA_HIGH|20250812|1755023100,SSRP|ASIA_HIGH|20250812|1755023100|FINAL,SSRP|ASIA_HIGH|20250812|1755023100|FINAL,3351.43,3351.43,3359.35,3359.35,3335.59,3335.59,true
2025.08.12 18:35:00,SHORT,ASIA_HIGH|20250812,SSRP|ASIA_HIGH|20250812|1755023400,SSRP|ASIA_HIGH|20250812|1755023400|FINAL,SSRP|ASIA_HIGH|20250812|1755023400|FINAL,3352.00,3352.00,3358.45,3358.45,3339.11,3339.11,true
2025.08.13 09:30:00,SHORT,ASIA_HIGH|20250813,SSRP|ASIA_HIGH|20250813|1755076800,SSRP|ASIA_HIGH|20250813|1755076800|FINAL,SSRP|ASIA_HIGH|20250813|1755076800|FINAL,3354.16,3354.16,3356.67,3356.67,3349.14,3349.14,true
2025.08.13 11:00:00,SHORT,ASIA_HIGH|20250813,SSRP|ASIA_HIGH|20250813|1755081900,SSRP|ASIA_HIGH|20250813|1755081900|FINAL,SSRP|ASIA_HIGH|20250813|1755081900|FINAL,3353.02,3353.02,3358.88,3358.88,3341.29,3341.29,true
2025.08.13 11:05:00,SHORT,ASIA_HIGH|20250813,SSRP|ASIA_HIGH|20250813|1755082800,SSRP|ASIA_HIGH|20250813|1755082800|FINAL,SSRP|ASIA_HIGH|20250813|1755082800|FINAL,3354.01,3354.01,3355.95,3355.95,3350.14,3350.14,true
2025.08.13 11:10:00,SHORT,ASIA_HIGH|20250813,SSRP|ASIA_HIGH|20250813|1755083100,SSRP|ASIA_HIGH|20250813|1755083100|FINAL,SSRP|ASIA_HIGH|20250813|1755083100|FINAL,3353.88,3353.88,3355.94,3355.94,3349.76,3349.76,true
2025.08.13 11:20:00,SHORT,ASIA_HIGH|20250813,SSRP|ASIA_HIGH|20250813|1755083700,SSRP|ASIA_HIGH|20250813|1755083700|FINAL,SSRP|ASIA_HIGH|20250813|1755083700|FINAL,3354.19,3354.19,3355.92,3355.92,3350.74,3350.74,true
2025.08.13 20:50:00,SHORT,ASIA_HIGH|20250813,SSRP|ASIA_HIGH|20250813|1755116700,SSRP|ASIA_HIGH|20250813|1755116700|FINAL,SSRP|ASIA_HIGH|20250813|1755116700|FINAL,3353.83,3353.83,3358.67,3358.67,3344.15,3344.15,true
2025.08.14 12:15:00,LONG,ASIA_LOW|20250814,SSRP|ASIA_LOW|20250814|1755173100,SSRP|ASIA_LOW|20250814|1755173100|FINAL,SSRP|ASIA_LOW|20250814|1755173100|FINAL,3357.64,3357.64,3348.94,3348.94,3375.04,3375.04,true
2025.08.14 12:20:00,LONG,ASIA_LOW|20250814,SSRP|ASIA_LOW|20250814|1755173700,SSRP|ASIA_LOW|20250814|1755173700|FINAL,SSRP|ASIA_LOW|20250814|1755173700|FINAL,3357.07,3357.07,3354.47,3354.47,3362.26,3362.26,true
2025.08.14 12:50:00,LONG,ASIA_LOW|20250814,SSRP|ASIA_LOW|20250814|1755175200,SSRP|ASIA_LOW|20250814|1755175200|FINAL,SSRP|ASIA_LOW|20250814|1755175200|FINAL,3358.16,3358.16,3353.79,3353.79,3366.91,3366.91,true
2025.08.14 14:00:00,LONG,ASIA_LOW|20250814,SSRP|ASIA_LOW|20250814|1755179400,SSRP|ASIA_LOW|20250814|1755179400|FINAL,SSRP|ASIA_LOW|20250814|1755179400|FINAL,3356.70,3356.70,3352.79,3352.79,3364.52,3364.52,true
2025.08.14 14:50:00,LONG,ASIA_LOW|20250814,SSRP|ASIA_LOW|20250814|1755182400,SSRP|ASIA_LOW|20250814|1755182400|FINAL,SSRP|ASIA_LOW|20250814|1755182400|FINAL,3355.65,3355.65,3353.13,3353.13,3360.68,3360.68,true
2025.08.14 15:00:00,LONG,ASIA_LOW|20250814,SSRP|ASIA_LOW|20250814|1755183000,SSRP|ASIA_LOW|20250814|1755183000|FINAL,SSRP|ASIA_LOW|20250814|1755183000|FINAL,3355.85,3355.85,3354.26,3354.26,3359.04,3359.04,true
2025.08.14 15:05:00,LONG,ASIA_LOW|20250814,SSRP|ASIA_LOW|20250814|1755183600,SSRP|ASIA_LOW|20250814|1755183600|FINAL,SSRP|ASIA_LOW|20250814|1755183600|FINAL,3357.21,3357.21,3354.77,3354.77,3362.09,3362.09,true
2025.08.15 08:10:00,SHORT,ASIA_HIGH|20250815,SSRP|ASIA_HIGH|20250815|1755244800,SSRP|ASIA_HIGH|20250815|1755244800|FINAL,SSRP|ASIA_HIGH|20250815|1755244800|FINAL,3346.02,3346.02,3348.75,3348.75,3340.55,3340.55,true
2025.08.15 08:15:00,SHORT,ASIA_HIGH|20250815,SSRP|ASIA_HIGH|20250815|1755245400,SSRP|ASIA_HIGH|20250815|1755245400|FINAL,SSRP|ASIA_HIGH|20250815|1755245400|FINAL,3344.57,3344.57,3347.32,3347.32,3339.08,3339.08,true
2025.08.15 08:45:00,SHORT,ASIA_HIGH|20250815,SSRP|ASIA_HIGH|20250815|1755247200,SSRP|ASIA_HIGH|20250815|1755247200|FINAL,SSRP|ASIA_HIGH|20250815|1755247200|FINAL,3344.83,3344.83,3347.44,3347.44,3339.61,3339.61,true
2025.08.15 08:50:00,SHORT,ASIA_HIGH|20250815,SSRP|ASIA_HIGH|20250815|1755247500,SSRP|ASIA_HIGH|20250815|1755247500|FINAL,SSRP|ASIA_HIGH|20250815|1755247500|FINAL,3345.01,3345.01,3347.44,3347.44,3340.15,3340.15,true
2025.08.15 11:05:00,SHORT,ASIA_HIGH|20250815,SSRP|ASIA_HIGH|20250815|1755255600,SSRP|ASIA_HIGH|20250815|1755255600|FINAL,SSRP|ASIA_HIGH|20250815|1755255600|FINAL,3344.38,3344.38,3348.40,3348.40,3336.35,3336.35,true
2025.08.19 14:25:00,SHORT,ASIA_HIGH|20250819,SSRP|ASIA_HIGH|20250819|1755612600,SSRP|ASIA_HIGH|20250819|1755612600|FINAL,SSRP|ASIA_HIGH|20250819|1755612600|FINAL,3341.73,3341.73,3344.69,3344.69,3335.80,3335.80,true
2025.08.19 14:30:00,SHORT,ASIA_HIGH|20250819,SSRP|ASIA_HIGH|20250819|1755613500,SSRP|ASIA_HIGH|20250819|1755613500|FINAL,SSRP|ASIA_HIGH|20250819|1755613500|FINAL,3341.48,3341.48,3342.43,3342.43,3339.58,3339.58,true
2025.08.19 14:50:00,SHORT,ASIA_HIGH|20250819,SSRP|ASIA_HIGH|20250819|1755614700,SSRP|ASIA_HIGH|20250819|1755614700|FINAL,SSRP|ASIA_HIGH|20250819|1755614700|FINAL,3340.61,3340.61,3342.32,3342.32,3337.19,3337.19,true
2025.08.19 14:55:00,SHORT,ASIA_HIGH|20250819,SSRP|ASIA_HIGH|20250819|1755615000,SSRP|ASIA_HIGH|20250819|1755615000|FINAL,SSRP|ASIA_HIGH|20250819|1755615000|FINAL,3339.74,3339.74,3342.20,3342.20,3334.83,3334.83,true
2025.08.20 08:40:00,SHORT,ASIA_HIGH|20250820,SSRP|ASIA_HIGH|20250820|1755678900,SSRP|ASIA_HIGH|20250820|1755678900|FINAL,SSRP|ASIA_HIGH|20250820|1755678900|FINAL,3320.31,3320.31,3321.44,3321.44,3318.05,3318.05,true
2025.08.21 08:15:00,LONG,ASIA_LOW|20250821,SSRP|ASIA_LOW|20250821|1755763800,SSRP|ASIA_LOW|20250821|1755763800|FINAL,SSRP|ASIA_LOW|20250821|1755763800|FINAL,3339.20,3339.20,3336.98,3336.98,3343.64,3343.64,true
2025.08.21 08:20:00,LONG,ASIA_LOW|20250821,SSRP|ASIA_LOW|20250821|1755764100,SSRP|ASIA_LOW|20250821|1755764100|FINAL,SSRP|ASIA_LOW|20250821|1755764100|FINAL,3338.50,3338.50,3337.07,3337.07,3341.35,3341.35,true
2025.08.21 08:30:00,LONG,ASIA_LOW|20250821,SSRP|ASIA_LOW|20250821|1755764700,SSRP|ASIA_LOW|20250821|1755764700|FINAL,SSRP|ASIA_LOW|20250821|1755764700|FINAL,3340.17,3340.17,3337.75,3337.75,3345.01,3345.01,true
2025.08.21 10:10:00,LONG,ASIA_LOW|20250821,SSRP|ASIA_LOW|20250821|1755770700,SSRP|ASIA_LOW|20250821|1755770700|FINAL,SSRP|ASIA_LOW|20250821|1755770700|FINAL,3338.81,3338.81,3335.93,3335.93,3344.58,3344.58,true
2025.08.21 10:30:00,LONG,ASIA_LOW|20250821,SSRP|ASIA_LOW|20250821|1755771000,SSRP|ASIA_LOW|20250821|1755771000|FINAL,SSRP|ASIA_LOW|20250821|1755771000|FINAL,3338.34,3338.34,3336.71,3336.71,3341.60,3341.60,true
2025.08.21 10:35:00,LONG,ASIA_LOW|20250821,SSRP|ASIA_LOW|20250821|1755772200,SSRP|ASIA_LOW|20250821|1755772200|FINAL,SSRP|ASIA_LOW|20250821|1755772200|FINAL,3339.49,3339.49,3337.11,3337.11,3344.26,3344.26,true
2025.08.21 15:05:00,LONG,ASIA_LOW|20250821,SSRP|ASIA_LOW|20250821|1755788100,SSRP|ASIA_LOW|20250821|1755788100|FINAL,SSRP|ASIA_LOW|20250821|1755788100|FINAL,3341.06,3341.06,3332.68,3332.68,3357.82,3357.82,true
2025.08.21 15:30:00,LONG,ASIA_LOW|20250821,SSRP|ASIA_LOW|20250821|1755789900,SSRP|ASIA_LOW|20250821|1755789900|FINAL,SSRP|ASIA_LOW|20250821|1755789900|FINAL,3344.66,3344.66,3336.25,3336.25,3361.47,3361.47,true
2025.08.21 15:35:00,LONG,ASIA_LOW|20250821,SSRP|ASIA_LOW|20250821|1755790200,SSRP|ASIA_LOW|20250821|1755790200|FINAL,SSRP|ASIA_LOW|20250821|1755790200|FINAL,3340.99,3340.99,3336.48,3336.48,3350.02,3350.02,true
2025.08.21 16:55:00,LONG,ASIA_LOW|20250821,SSRP|ASIA_LOW|20250821|1755794700,SSRP|ASIA_LOW|20250821|1755794700|FINAL,SSRP|ASIA_LOW|20250821|1755794700|FINAL,3339.42,3339.42,3335.93,3335.93,3346.40,3346.40,true
2025.08.21 17:00:00,LONG,ASIA_LOW|20250821,SSRP|ASIA_LOW|20250821|1755795300,SSRP|ASIA_LOW|20250821|1755795300|FINAL,SSRP|ASIA_LOW|20250821|1755795300|FINAL,3339.52,3339.52,3337.28,3337.28,3344.01,3344.01,true
2025.08.21 18:20:00,LONG,ASIA_LOW|20250821,SSRP|ASIA_LOW|20250821|1755800100,SSRP|ASIA_LOW|20250821|1755800100|FINAL,SSRP|ASIA_LOW|20250821|1755800100|FINAL,3339.44,3339.44,3337.45,3337.45,3343.43,3343.43,true
2025.08.21 20:50:00,LONG,ASIA_LOW|20250821,SSRP|ASIA_LOW|20250821|1755809100,SSRP|ASIA_LOW|20250821|1755809100|FINAL,SSRP|ASIA_LOW|20250821|1755809100|FINAL,3338.14,3338.14,3337.50,3337.50,3339.42,3339.42,true
2025.08.21 21:15:00,LONG,ASIA_LOW|20250821,SSRP|ASIA_LOW|20250821|1755809700,SSRP|ASIA_LOW|20250821|1755809700|FINAL,SSRP|ASIA_LOW|20250821|1755809700|FINAL,3339.01,3339.01,3336.54,3336.54,3343.96,3343.96,true
2025.08.21 21:20:00,LONG,ASIA_LOW|20250821,SSRP|ASIA_LOW|20250821|1755810900,SSRP|ASIA_LOW|20250821|1755810900|FINAL,SSRP|ASIA_LOW|20250821|1755810900|FINAL,3338.64,3338.64,3337.25,3337.25,3341.42,3341.42,true
2025.08.22 08:15:00,LONG,ASIA_LOW|20250822,SSRP|ASIA_LOW|20250822|1755850200,SSRP|ASIA_LOW|20250822|1755850200|FINAL,SSRP|ASIA_LOW|20250822|1755850200|FINAL,3328.29,3328.29,3327.73,3327.73,3329.41,3329.41,true
2025.08.22 08:25:00,LONG,ASIA_LOW|20250822,SSRP|ASIA_LOW|20250822|1755850500,SSRP|ASIA_LOW|20250822|1755850500|FINAL,SSRP|ASIA_LOW|20250822|1755850500|FINAL,3329.66,3329.66,3327.20,3327.20,3334.58,3334.58,true
2025.08.22 08:30:00,LONG,ASIA_LOW|20250822,SSRP|ASIA_LOW|20250822|1755851100,SSRP|ASIA_LOW|20250822|1755851100|FINAL,SSRP|ASIA_LOW|20250822|1755851100|FINAL,3329.73,3329.73,3327.40,3327.40,3334.38,3334.38,true
2025.08.22 09:05:00,LONG,ASIA_LOW|20250822,SSRP|ASIA_LOW|20250822|1755853200,SSRP|ASIA_LOW|20250822|1755853200|FINAL,SSRP|ASIA_LOW|20250822|1755853200|FINAL,3329.93,3329.93,3327.64,3327.64,3334.50,3334.50,true
2025.08.22 09:50:00,LONG,ASIA_LOW|20250822,SSRP|ASIA_LOW|20250822|1755855900,SSRP|ASIA_LOW|20250822|1755855900|FINAL,SSRP|ASIA_LOW|20250822|1755855900|FINAL,3328.30,3328.30,3325.67,3325.67,3333.56,3333.56,true
2025.08.22 09:55:00,LONG,ASIA_LOW|20250822,SSRP|ASIA_LOW|20250822|1755856200,SSRP|ASIA_LOW|20250822|1755856200|FINAL,SSRP|ASIA_LOW|20250822|1755856200|FINAL,3329.47,3329.47,3326.26,3326.26,3335.89,3335.89,true
2025.08.22 11:00:00,LONG,ASIA_LOW|20250822,SSRP|ASIA_LOW|20250822|1755859800,SSRP|ASIA_LOW|20250822|1755859800|FINAL,SSRP|ASIA_LOW|20250822|1755859800|FINAL,3328.27,3328.27,3326.09,3326.09,3332.63,3332.63,true
2025.08.22 11:10:00,LONG,ASIA_LOW|20250822,SSRP|ASIA_LOW|20250822|1755860700,SSRP|ASIA_LOW|20250822|1755860700|FINAL,SSRP|ASIA_LOW|20250822|1755860700|FINAL,3328.62,3328.62,3325.89,3325.89,3334.08,3334.08,true
2025.08.22 11:20:00,LONG,ASIA_LOW|20250822,SSRP|ASIA_LOW|20250822|1755861000,SSRP|ASIA_LOW|20250822|1755861000|FINAL,SSRP|ASIA_LOW|20250822|1755861000|FINAL,3328.13,3328.13,3325.28,3325.28,3333.83,3333.83,true
2025.08.22 11:25:00,LONG,ASIA_LOW|20250822,SSRP|ASIA_LOW|20250822|1755861600,SSRP|ASIA_LOW|20250822|1755861600|FINAL,SSRP|ASIA_LOW|20250822|1755861600|FINAL,3329.19,3329.19,3325.27,3325.27,3337.02,3337.02,true
2025.08.22 11:30:00,LONG,ASIA_LOW|20250822,SSRP|ASIA_LOW|20250822|1755861900,SSRP|ASIA_LOW|20250822|1755861900|FINAL,SSRP|ASIA_LOW|20250822|1755861900|FINAL,3330.03,3330.03,3327.56,3327.56,3334.98,3334.98,true
2025.08.22 11:50:00,LONG,ASIA_LOW|20250822,SSRP|ASIA_LOW|20250822|1755863100,SSRP|ASIA_LOW|20250822|1755863100|FINAL,SSRP|ASIA_LOW|20250822|1755863100|FINAL,3328.51,3328.51,3326.87,3326.87,3331.80,3331.80,true
2025.08.22 14:55:00,LONG,ASIA_LOW|20250822,SSRP|ASIA_LOW|20250822|1755874200,SSRP|ASIA_LOW|20250822|1755874200|FINAL,SSRP|ASIA_LOW|20250822|1755874200|FINAL,3329.40,3329.40,3327.65,3327.65,3332.91,3332.91,true
2025.08.22 15:15:00,LONG,ASIA_LOW|20250822,SSRP|ASIA_LOW|20250822|1755875400,SSRP|ASIA_LOW|20250822|1755875400|FINAL,SSRP|ASIA_LOW|20250822|1755875400|FINAL,3329.86,3329.86,3325.02,3325.02,3339.54,3339.54,true
2025.08.22 16:25:00,LONG,ASIA_LOW|20250822,SSRP|ASIA_LOW|20250822|1755879000,SSRP|ASIA_LOW|20250822|1755879000|FINAL,SSRP|ASIA_LOW|20250822|1755879000|FINAL,3328.75,3328.75,3324.23,3324.23,3337.78,3337.78,true
2025.08.22 16:30:00,LONG,ASIA_LOW|20250822,SSRP|ASIA_LOW|20250822|1755879900,SSRP|ASIA_LOW|20250822|1755879900|FINAL,SSRP|ASIA_LOW|20250822|1755879900|FINAL,3331.07,3331.07,3326.76,3326.76,3339.68,3339.68,true
2025.08.25 17:05:00,SHORT,ASIA_HIGH|20250825,SSRP|ASIA_HIGH|20250825|1756141200,SSRP|ASIA_HIGH|20250825|1756141200|FINAL,SSRP|ASIA_HIGH|20250825|1756141200|FINAL,3371.13,3371.13,3373.11,3373.11,3367.18,3367.18,true
2025.08.25 17:25:00,SHORT,ASIA_HIGH|20250825,SSRP|ASIA_HIGH|20250825|1756142100,SSRP|ASIA_HIGH|20250825|1756142100|FINAL,SSRP|ASIA_HIGH|20250825|1756142100|FINAL,3371.06,3371.06,3374.33,3374.33,3364.53,3364.53,true
2025.08.25 17:30:00,SHORT,ASIA_HIGH|20250825,SSRP|ASIA_HIGH|20250825|1756142700,SSRP|ASIA_HIGH|20250825|1756142700|FINAL,SSRP|ASIA_HIGH|20250825|1756142700|FINAL,3371.51,3371.51,3374.17,3374.17,3366.19,3366.19,true
2025.08.25 20:30:00,SHORT,ASIA_HIGH|20250825,SSRP|ASIA_HIGH|20250825|1756153500,SSRP|ASIA_HIGH|20250825|1756153500|FINAL,SSRP|ASIA_HIGH|20250825|1756153500|FINAL,3371.83,3371.83,3374.39,3374.39,3366.72,3366.72,true
2025.08.25 20:35:00,SHORT,ASIA_HIGH|20250825,SSRP|ASIA_HIGH|20250825|1756153800,SSRP|ASIA_HIGH|20250825|1756153800|FINAL,SSRP|ASIA_HIGH|20250825|1756153800|FINAL,3371.73,3371.73,3373.07,3373.07,3369.06,3369.06,true
2025.08.25 20:50:00,SHORT,ASIA_HIGH|20250825,SSRP|ASIA_HIGH|20250825|1756154400,SSRP|ASIA_HIGH|20250825|1756154400|FINAL,SSRP|ASIA_HIGH|20250825|1756154400|FINAL,3372.00,3372.00,3372.93,3372.93,3370.13,3370.13,true
2025.08.25 20:55:00,SHORT,ASIA_HIGH|20250825,SSRP|ASIA_HIGH|20250825|1756155000,SSRP|ASIA_HIGH|20250825|1756155000|FINAL,SSRP|ASIA_HIGH|20250825|1756155000|FINAL,3371.13,3371.13,3372.93,3372.93,3367.52,3367.52,true
2025.08.25 21:30:00,SHORT,ASIA_HIGH|20250825,SSRP|ASIA_HIGH|20250825|1756156200,SSRP|ASIA_HIGH|20250825|1756156200|FINAL,SSRP|ASIA_HIGH|20250825|1756156200|FINAL,3371.96,3371.96,3373.30,3373.30,3369.28,3369.28,true
2025.08.25 21:35:00,SHORT,ASIA_HIGH|20250825,SSRP|ASIA_HIGH|20250825|1756157400,SSRP|ASIA_HIGH|20250825|1756157400|FINAL,SSRP|ASIA_HIGH|20250825|1756157400|FINAL,3371.90,3371.90,3372.73,3372.73,3370.24,3370.24,true
2025.08.25 21:45:00,SHORT,ASIA_HIGH|20250825,SSRP|ASIA_HIGH|20250825|1756157700,SSRP|ASIA_HIGH|20250825|1756157700|FINAL,SSRP|ASIA_HIGH|20250825|1756157700|FINAL,3371.48,3371.48,3372.54,3372.54,3369.37,3369.37,true
2025.08.26 19:05:00,SHORT,ASIA_HIGH|20250826,SSRP|ASIA_HIGH|20250826|1756234500,SSRP|ASIA_HIGH|20250826|1756234500|FINAL,SSRP|ASIA_HIGH|20250826|1756234500|FINAL,3385.19,3385.19,3389.52,3389.52,3376.54,3376.54,true
2025.08.26 19:10:00,SHORT,ASIA_HIGH|20250826,SSRP|ASIA_HIGH|20250826|1756235100,SSRP|ASIA_HIGH|20250826|1756235100|FINAL,SSRP|ASIA_HIGH|20250826|1756235100|FINAL,3385.30,3385.30,3387.77,3387.77,3380.35,3380.35,true
2025.08.27 21:05:00,SHORT,ASIA_HIGH|20250827,SSRP|ASIA_HIGH|20250827|1756328100,SSRP|ASIA_HIGH|20250827|1756328100|FINAL,SSRP|ASIA_HIGH|20250827|1756328100|FINAL,3392.48,3392.48,3395.90,3395.90,3385.63,3385.63,true
2025.08.28 11:40:00,SHORT,ASIA_HIGH|20250828,SSRP|ASIA_HIGH|20250828|1756380900,SSRP|ASIA_HIGH|20250828|1756380900|FINAL,SSRP|ASIA_HIGH|20250828|1756380900|FINAL,3398.53,3398.53,3400.24,3400.24,3395.12,3395.12,true
2025.08.28 12:55:00,SHORT,ASIA_HIGH|20250828,SSRP|ASIA_HIGH|20250828|1756385400,SSRP|ASIA_HIGH|20250828|1756385400|FINAL,SSRP|ASIA_HIGH|20250828|1756385400|FINAL,3399.27,3399.27,3400.36,3400.36,3397.10,3397.10,true
2025.08.28 13:00:00,SHORT,ASIA_HIGH|20250828,SSRP|ASIA_HIGH|20250828|1756385700,SSRP|ASIA_HIGH|20250828|1756385700|FINAL,SSRP|ASIA_HIGH|20250828|1756385700|FINAL,3396.24,3396.24,3400.34,3400.34,3388.03,3388.03,true
2025.08.28 15:55:00,SHORT,ASIA_HIGH|20250828,SSRP|ASIA_HIGH|20250828|1756395600,SSRP|ASIA_HIGH|20250828|1756395600|FINAL,SSRP|ASIA_HIGH|20250828|1756395600|FINAL,3397.19,3397.19,3404.64,3404.64,3382.29,3382.29,true
2025.08.28 16:05:00,SHORT,ASIA_HIGH|20250828,SSRP|ASIA_HIGH|20250828|1756396500,SSRP|ASIA_HIGH|20250828|1756396500|FINAL,SSRP|ASIA_HIGH|20250828|1756396500|FINAL,3396.82,3396.82,3400.61,3400.61,3389.24,3389.24,true
2025.08.28 16:10:00,SHORT,ASIA_HIGH|20250828,SSRP|ASIA_HIGH|20250828|1756397100,SSRP|ASIA_HIGH|20250828|1756397100|FINAL,SSRP|ASIA_HIGH|20250828|1756397100|FINAL,3398.30,3398.30,3400.61,3400.61,3393.67,3393.67,true
2025.08.29 08:20:00,LONG,ASIA_LOW|20250829,SSRP|ASIA_LOW|20250829|1756455300,SSRP|ASIA_LOW|20250829|1756455300|FINAL,SSRP|ASIA_LOW|20250829|1756455300|FINAL,3407.65,3407.65,3406.93,3406.93,3409.09,3409.09,true
2025.08.29 08:25:00,LONG,ASIA_LOW|20250829,SSRP|ASIA_LOW|20250829|1756455600,SSRP|ASIA_LOW|20250829|1756455600|FINAL,SSRP|ASIA_LOW|20250829|1756455600|FINAL,3408.08,3408.08,3406.93,3406.93,3410.38,3410.38,true
2025.08.29 10:35:00,LONG,ASIA_LOW|20250829,SSRP|ASIA_LOW|20250829|1756463100,SSRP|ASIA_LOW|20250829|1756463100|FINAL,SSRP|ASIA_LOW|20250829|1756463100|FINAL,3408.00,3408.00,3406.50,3406.50,3411.01,3411.01,true
2025.08.29 10:40:00,LONG,ASIA_LOW|20250829,SSRP|ASIA_LOW|20250829|1756463700,SSRP|ASIA_LOW|20250829|1756463700|FINAL,SSRP|ASIA_LOW|20250829|1756463700|FINAL,3409.87,3409.87,3406.53,3406.53,3416.55,3416.55,true
2025.08.29 12:40:00,LONG,ASIA_LOW|20250829,SSRP|ASIA_LOW|20250829|1756470900,SSRP|ASIA_LOW|20250829|1756470900|FINAL,SSRP|ASIA_LOW|20250829|1756470900|FINAL,3408.08,3408.08,3406.94,3406.94,3410.35,3410.35,true
2025.08.29 12:45:00,LONG,ASIA_LOW|20250829,SSRP|ASIA_LOW|20250829|1756471200,SSRP|ASIA_LOW|20250829|1756471200|FINAL,SSRP|ASIA_LOW|20250829|1756471200|FINAL,3407.85,3407.85,3407.03,3407.03,3409.48,3409.48,true
2025.08.29 14:30:00,LONG,ASIA_LOW|20250829,SSRP|ASIA_LOW|20250829|1756477200,SSRP|ASIA_LOW|20250829|1756477200|FINAL,SSRP|ASIA_LOW|20250829|1756477200|FINAL,3408.33,3408.33,3404.95,3404.95,3415.09,3415.09,true
2025.08.29 14:35:00,LONG,ASIA_LOW|20250829,SSRP|ASIA_LOW|20250829|1756477800,SSRP|ASIA_LOW|20250829|1756477800|FINAL,SSRP|ASIA_LOW|20250829|1756477800|FINAL,3407.98,3407.98,3406.93,3406.93,3410.09,3410.09,true
2025.08.29 14:40:00,LONG,ASIA_LOW|20250829,SSRP|ASIA_LOW|20250829|1756478100,SSRP|ASIA_LOW|20250829|1756478100|FINAL,SSRP|ASIA_LOW|20250829|1756478100|FINAL,3408.16,3408.16,3407.29,3407.29,3409.90,3409.90,true
2025.08.29 14:45:00,LONG,ASIA_LOW|20250829,SSRP|ASIA_LOW|20250829|1756478400,SSRP|ASIA_LOW|20250829|1756478400|FINAL,SSRP|ASIA_LOW|20250829|1756478400|FINAL,3409.67,3409.67,3407.29,3407.29,3414.44,3414.44,true
2025.08.29 15:20:00,LONG,ASIA_LOW|20250829,SSRP|ASIA_LOW|20250829|1756480500,SSRP|ASIA_LOW|20250829|1756480500|FINAL,SSRP|ASIA_LOW|20250829|1756480500|FINAL,3408.86,3408.86,3406.60,3406.60,3413.37,3413.37,true
2025.08.29 16:15:00,SHORT,ASIA_HIGH|20250829,SSRP|ASIA_HIGH|20250829|1756483800,SSRP|ASIA_HIGH|20250829|1756483800|FINAL,SSRP|ASIA_HIGH|20250829|1756483800|FINAL,3418.25,3418.25,3420.44,3420.44,3413.87,3413.87,true
2025.08.29 16:20:00,SHORT,ASIA_HIGH|20250829,SSRP|ASIA_HIGH|20250829|1756484100,SSRP|ASIA_HIGH|20250829|1756484100|FINAL,SSRP|ASIA_HIGH|20250829|1756484100|FINAL,3417.96,3417.96,3420.44,3420.44,3413.00,3413.00,true
2025.08.29 16:25:00,SHORT,ASIA_HIGH|20250829,SSRP|ASIA_HIGH|20250829|1756484400,SSRP|ASIA_HIGH|20250829|1756484400|FINAL,SSRP|ASIA_HIGH|20250829|1756484400|FINAL,3417.54,3417.54,3419.35,3419.35,3413.92,3413.92,true
2025.09.01 09:50:00,SHORT,ASIA_HIGH|20250901,SSRP|ASIA_HIGH|20250901|1756719900,SSRP|ASIA_HIGH|20250901|1756719900|FINAL,SSRP|ASIA_HIGH|20250901|1756719900|FINAL,3485.47,3485.47,3488.46,3488.46,3479.48,3479.48,true
2025.09.01 09:55:00,SHORT,ASIA_HIGH|20250901,SSRP|ASIA_HIGH|20250901|1756720200,SSRP|ASIA_HIGH|20250901|1756720200|FINAL,SSRP|ASIA_HIGH|20250901|1756720200|FINAL,3479.34,3479.34,3488.08,3488.08,3461.86,3461.86,true
2025.09.02 10:55:00,LONG,ASIA_LOW|20250902,SSRP|ASIA_LOW|20250902|1756810200,SSRP|ASIA_LOW|20250902|1756810200|FINAL,SSRP|ASIA_LOW|20250902|1756810200|FINAL,3476.85,3476.85,3471.92,3471.92,3486.72,3486.72,true
2025.09.02 11:10:00,LONG,ASIA_LOW|20250902,SSRP|ASIA_LOW|20250902|1756811100,SSRP|ASIA_LOW|20250902|1756811100|FINAL,SSRP|ASIA_LOW|20250902|1756811100|FINAL,3477.13,3477.13,3470.09,3470.09,3491.21,3491.21,true
2025.09.02 11:15:00,LONG,ASIA_LOW|20250902,SSRP|ASIA_LOW|20250902|1756811400,SSRP|ASIA_LOW|20250902|1756811400|FINAL,SSRP|ASIA_LOW|20250902|1756811400|FINAL,3477.28,3477.28,3472.07,3472.07,3487.71,3487.71,true
2025.09.03 14:15:00,SHORT,ASIA_HIGH|20250903,SSRP|ASIA_HIGH|20250903|1756908600,SSRP|ASIA_HIGH|20250903|1756908600|FINAL,SSRP|ASIA_HIGH|20250903|1756908600|FINAL,3546.01,3546.01,3548.12,3548.12,3541.80,3541.80,true
2025.09.03 14:50:00,SHORT,ASIA_HIGH|20250903,SSRP|ASIA_HIGH|20250903|1756910400,SSRP|ASIA_HIGH|20250903|1756910400|FINAL,SSRP|ASIA_HIGH|20250903|1756910400|FINAL,3546.26,3546.26,3549.54,3549.54,3539.70,3539.70,true
2025.09.03 15:10:00,SHORT,ASIA_HIGH|20250903,SSRP|ASIA_HIGH|20250903|1756911600,SSRP|ASIA_HIGH|20250903|1756911600|FINAL,SSRP|ASIA_HIGH|20250903|1756911600|FINAL,3545.77,3545.77,3549.54,3549.54,3538.22,3538.22,true
2025.09.03 15:15:00,SHORT,ASIA_HIGH|20250903,SSRP|ASIA_HIGH|20250903|1756912200,SSRP|ASIA_HIGH|20250903|1756912200|FINAL,SSRP|ASIA_HIGH|20250903|1756912200|FINAL,3541.77,3541.77,3548.36,3548.36,3528.58,3528.58,true
2025.09.03 15:40:00,SHORT,ASIA_HIGH|20250903,SSRP|ASIA_HIGH|20250903|1756913100,SSRP|ASIA_HIGH|20250903|1756913100|FINAL,SSRP|ASIA_HIGH|20250903|1756913100|FINAL,3545.59,3545.59,3548.76,3548.76,3539.24,3539.24,true
2025.09.05 08:05:00,SHORT,ASIA_HIGH|20250905,SSRP|ASIA_HIGH|20250905|1757059200,SSRP|ASIA_HIGH|20250905|1757059200|FINAL,SSRP|ASIA_HIGH|20250905|1757059200|FINAL,3558.78,3558.78,3561.25,3561.25,3553.84,3553.84,true
2025.09.05 08:10:00,SHORT,ASIA_HIGH|20250905,SSRP|ASIA_HIGH|20250905|1757059500,SSRP|ASIA_HIGH|20250905|1757059500|FINAL,SSRP|ASIA_HIGH|20250905|1757059500|FINAL,3557.46,3557.46,3561.25,3561.25,3549.89,3549.89,true
2025.09.05 08:40:00,SHORT,ASIA_HIGH|20250905,SSRP|ASIA_HIGH|20250905|1757061300,SSRP|ASIA_HIGH|20250905|1757061300|FINAL,SSRP|ASIA_HIGH|20250905|1757061300|FINAL,3556.27,3556.27,3560.10,3560.10,3548.60,3548.60,true
2025.09.08 09:45:00,SHORT,ASIA_HIGH|20250908,SSRP|ASIA_HIGH|20250908|1757324400,SSRP|ASIA_HIGH|20250908|1757324400|FINAL,SSRP|ASIA_HIGH|20250908|1757324400|FINAL,3596.54,3596.54,3598.97,3598.97,3591.68,3591.68,true
2025.09.08 09:50:00,SHORT,ASIA_HIGH|20250908,SSRP|ASIA_HIGH|20250908|1757324700,SSRP|ASIA_HIGH|20250908|1757324700|FINAL,SSRP|ASIA_HIGH|20250908|1757324700|FINAL,3596.85,3596.85,3598.97,3598.97,3592.61,3592.61,true
2025.09.09 08:40:00,SHORT,ASIA_HIGH|20250909,SSRP|ASIA_HIGH|20250909|1757406900,SSRP|ASIA_HIGH|20250909|1757406900|FINAL,SSRP|ASIA_HIGH|20250909|1757406900|FINAL,3656.93,3656.93,3658.70,3658.70,3653.39,3653.39,true
2025.09.09 08:55:00,SHORT,ASIA_HIGH|20250909,SSRP|ASIA_HIGH|20250909|1757407200,SSRP|ASIA_HIGH|20250909|1757407200|FINAL,SSRP|ASIA_HIGH|20250909|1757407200|FINAL,3655.30,3655.30,3659.40,3659.40,3647.10,3647.10,true
2025.09.09 09:00:00,SHORT,ASIA_HIGH|20250909,SSRP|ASIA_HIGH|20250909|1757408100,SSRP|ASIA_HIGH|20250909|1757408100|FINAL,SSRP|ASIA_HIGH|20250909|1757408100|FINAL,3650.76,3650.76,3658.39,3658.39,3635.51,3635.51,true
2025.09.09 17:05:00,SHORT,ASIA_HIGH|20250909,SSRP|ASIA_HIGH|20250909|1757437200,SSRP|ASIA_HIGH|20250909|1757437200|FINAL,SSRP|ASIA_HIGH|20250909|1757437200|FINAL,3648.72,3648.72,3674.79,3674.79,3596.58,3596.58,true
2025.09.09 17:10:00,SHORT,ASIA_HIGH|20250909,SSRP|ASIA_HIGH|20250909|1757437500,SSRP|ASIA_HIGH|20250909|1757437500|FINAL,SSRP|ASIA_HIGH|20250909|1757437500|FINAL,3651.33,3651.33,3663.54,3663.54,3626.91,3626.91,true
2025.09.09 18:20:00,LONG,ASIA_LOW|20250909,SSRP|ASIA_LOW|20250909|1757441700,SSRP|ASIA_LOW|20250909|1757441700|FINAL,SSRP|ASIA_LOW|20250909|1757441700|FINAL,3639.40,3639.40,3626.50,3626.50,3665.20,3665.20,true
2025.09.10 08:10:00,SHORT,ASIA_HIGH|20250910,SSRP|ASIA_HIGH|20250910|1757491500,SSRP|ASIA_HIGH|20250910|1757491500|FINAL,SSRP|ASIA_HIGH|20250910|1757491500|FINAL,3643.04,3643.04,3644.29,3644.29,3640.54,3640.54,true
2025.09.10 08:15:00,SHORT,ASIA_HIGH|20250910,SSRP|ASIA_HIGH|20250910|1757491800,SSRP|ASIA_HIGH|20250910|1757491800|FINAL,SSRP|ASIA_HIGH|20250910|1757491800|FINAL,3642.25,3642.25,3644.26,3644.26,3638.22,3638.22,true
2025.09.10 08:30:00,SHORT,ASIA_HIGH|20250910,SSRP|ASIA_HIGH|20250910|1757492700,SSRP|ASIA_HIGH|20250910|1757492700|FINAL,SSRP|ASIA_HIGH|20250910|1757492700|FINAL,3642.58,3642.58,3645.47,3645.47,3636.80,3636.80,true
2025.09.10 08:35:00,SHORT,ASIA_HIGH|20250910,SSRP|ASIA_HIGH|20250910|1757493000,SSRP|ASIA_HIGH|20250910|1757493000|FINAL,SSRP|ASIA_HIGH|20250910|1757493000|FINAL,3641.39,3641.39,3645.47,3645.47,3633.23,3633.23,true
2025.09.10 09:00:00,SHORT,ASIA_HIGH|20250910,SSRP|ASIA_HIGH|20250910|1757494500,SSRP|ASIA_HIGH|20250910|1757494500|FINAL,SSRP|ASIA_HIGH|20250910|1757494500|FINAL,3641.34,3641.34,3644.49,3644.49,3635.04,3635.04,true
2025.09.10 09:30:00,SHORT,ASIA_HIGH|20250910,SSRP|ASIA_HIGH|20250910|1757496000,SSRP|ASIA_HIGH|20250910|1757496000|FINAL,SSRP|ASIA_HIGH|20250910|1757496000|FINAL,3642.02,3642.02,3647.65,3647.65,3630.75,3630.75,true
2025.09.10 09:35:00,SHORT,ASIA_HIGH|20250910,SSRP|ASIA_HIGH|20250910|1757496600,SSRP|ASIA_HIGH|20250910|1757496600|FINAL,SSRP|ASIA_HIGH|20250910|1757496600|FINAL,3642.44,3642.44,3644.59,3644.59,3638.15,3638.15,true
2025.09.10 11:00:00,SHORT,ASIA_HIGH|20250910,SSRP|ASIA_HIGH|20250910|1757501400,SSRP|ASIA_HIGH|20250910|1757501400|FINAL,SSRP|ASIA_HIGH|20250910|1757501400|FINAL,3642.94,3642.94,3647.72,3647.72,3633.38,3633.38,true
2025.09.10 11:20:00,SHORT,ASIA_HIGH|20250910,SSRP|ASIA_HIGH|20250910|1757502600,SSRP|ASIA_HIGH|20250910|1757502600|FINAL,SSRP|ASIA_HIGH|20250910|1757502600|FINAL,3642.99,3642.99,3646.77,3646.77,3635.44,3635.44,true
2025.09.10 18:20:00,SHORT,ASIA_HIGH|20250910,SSRP|ASIA_HIGH|20250910|1757528100,SSRP|ASIA_HIGH|20250910|1757528100|FINAL,SSRP|ASIA_HIGH|20250910|1757528100|FINAL,3640.43,3640.43,3648.75,3648.75,3623.78,3623.78,true
2025.09.10 19:05:00,SHORT,ASIA_HIGH|20250910,SSRP|ASIA_HIGH|20250910|1757530200,SSRP|ASIA_HIGH|20250910|1757530200|FINAL,SSRP|ASIA_HIGH|20250910|1757530200|FINAL,3642.55,3642.55,3648.41,3648.41,3630.84,3630.84,true
2025.09.10 19:25:00,SHORT,ASIA_HIGH|20250910,SSRP|ASIA_HIGH|20250910|1757531100,SSRP|ASIA_HIGH|20250910|1757531100|FINAL,SSRP|ASIA_HIGH|20250910|1757531100|FINAL,3641.16,3641.16,3645.00,3645.00,3633.47,3633.47,true
2025.09.10 19:55:00,SHORT,ASIA_HIGH|20250910,SSRP|ASIA_HIGH|20250910|1757533800,SSRP|ASIA_HIGH|20250910|1757533800|FINAL,SSRP|ASIA_HIGH|20250910|1757533800|FINAL,3642.89,3642.89,3644.18,3644.18,3640.31,3640.31,true
2025.09.10 20:20:00,SHORT,ASIA_HIGH|20250910,SSRP|ASIA_HIGH|20250910|1757534100,SSRP|ASIA_HIGH|20250910|1757534100|FINAL,SSRP|ASIA_HIGH|20250910|1757534100|FINAL,3642.21,3642.21,3644.30,3644.30,3638.04,3638.04,true
2025.09.10 22:15:00,SHORT,ASIA_HIGH|20250910,SSRP|ASIA_HIGH|20250910|1757541900,SSRP|ASIA_HIGH|20250910|1757541900|FINAL,SSRP|ASIA_HIGH|20250910|1757541900|FINAL,3641.43,3641.43,3645.39,3645.39,3633.51,3633.51,true
2025.09.10 22:20:00,SHORT,ASIA_HIGH|20250910,SSRP|ASIA_HIGH|20250910|1757542500,SSRP|ASIA_HIGH|20250910|1757542500|FINAL,SSRP|ASIA_HIGH|20250910|1757542500|FINAL,3640.27,3640.27,3644.12,3644.12,3632.58,3632.58,true
2025.09.11 08:35:00,LONG,ASIA_LOW|20250911,SSRP|ASIA_LOW|20250911|1757579400,SSRP|ASIA_LOW|20250911|1757579400|FINAL,SSRP|ASIA_LOW|20250911|1757579400|FINAL,3632.59,3632.59,3625.29,3625.29,3647.20,3647.20,true
2025.09.11 09:05:00,LONG,ASIA_LOW|20250911,SSRP|ASIA_LOW|20250911|1757581200,SSRP|ASIA_LOW|20250911|1757581200|FINAL,SSRP|ASIA_LOW|20250911|1757581200|FINAL,3632.22,3632.22,3622.59,3622.59,3651.48,3651.48,true
2025.09.11 09:10:00,LONG,ASIA_LOW|20250911,SSRP|ASIA_LOW|20250911|1757581500,SSRP|ASIA_LOW|20250911|1757581500|FINAL,SSRP|ASIA_LOW|20250911|1757581500|FINAL,3632.50,3632.50,3626.05,3626.05,3645.40,3645.40,true
2025.09.11 11:00:00,LONG,ASIA_LOW|20250911,SSRP|ASIA_LOW|20250911|1757587800,SSRP|ASIA_LOW|20250911|1757587800|FINAL,SSRP|ASIA_LOW|20250911|1757587800|FINAL,3631.54,3631.54,3626.55,3626.55,3641.52,3641.52,true
2025.09.11 11:20:00,LONG,ASIA_LOW|20250911,SSRP|ASIA_LOW|20250911|1757589000,SSRP|ASIA_LOW|20250911|1757589000|FINAL,SSRP|ASIA_LOW|20250911|1757589000|FINAL,3630.07,3630.07,3627.09,3627.09,3636.03,3636.03,true
2025.09.11 15:30:00,LONG,ASIA_LOW|20250911,SSRP|ASIA_LOW|20250911|1757604300,SSRP|ASIA_LOW|20250911|1757604300|FINAL,SSRP|ASIA_LOW|20250911|1757604300|FINAL,3638.68,3638.68,3612.83,3612.83,3690.38,3690.38,true
2025.09.11 15:35:00,LONG,ASIA_LOW|20250911,SSRP|ASIA_LOW|20250911|1757604600,SSRP|ASIA_LOW|20250911|1757604600|FINAL,SSRP|ASIA_LOW|20250911|1757604600|FINAL,3638.42,3638.42,3612.81,3612.81,3689.65,3689.65,true
2025.09.11 15:50:00,LONG,ASIA_LOW|20250911,SSRP|ASIA_LOW|20250911|1757605500,SSRP|ASIA_LOW|20250911|1757605500|FINAL,SSRP|ASIA_LOW|20250911|1757605500|FINAL,3631.39,3631.39,3625.96,3625.96,3642.25,3642.25,true
2025.09.11 16:00:00,LONG,ASIA_LOW|20250911,SSRP|ASIA_LOW|20250911|1757605800,SSRP|ASIA_LOW|20250911|1757605800|FINAL,SSRP|ASIA_LOW|20250911|1757605800|FINAL,3633.10,3633.10,3625.93,3625.93,3647.44,3647.44,true
2025.09.11 16:05:00,LONG,ASIA_LOW|20250911,SSRP|ASIA_LOW|20250911|1757606400,SSRP|ASIA_LOW|20250911|1757606400|FINAL,SSRP|ASIA_LOW|20250911|1757606400|FINAL,3635.35,3635.35,3627.47,3627.47,3651.10,3651.10,true
2025.09.11 16:50:00,LONG,ASIA_LOW|20250911,SSRP|ASIA_LOW|20250911|1757608500,SSRP|ASIA_LOW|20250911|1757608500|FINAL,SSRP|ASIA_LOW|20250911|1757608500|FINAL,3631.83,3631.83,3618.01,3618.01,3659.46,3659.46,true
2025.09.11 16:55:00,LONG,ASIA_LOW|20250911,SSRP|ASIA_LOW|20250911|1757609400,SSRP|ASIA_LOW|20250911|1757609400|FINAL,SSRP|ASIA_LOW|20250911|1757609400|FINAL,3630.28,3630.28,3627.86,3627.86,3635.13,3635.13,true
2025.09.11 17:05:00,LONG,ASIA_LOW|20250911,SSRP|ASIA_LOW|20250911|1757610000,SSRP|ASIA_LOW|20250911|1757610000|FINAL,SSRP|ASIA_LOW|20250911|1757610000|FINAL,3633.13,3633.13,3625.87,3625.87,3647.65,3647.65,true
2025.09.11 17:10:00,LONG,ASIA_LOW|20250911,SSRP|ASIA_LOW|20250911|1757610300,SSRP|ASIA_LOW|20250911|1757610300|FINAL,SSRP|ASIA_LOW|20250911|1757610300|FINAL,3633.22,3633.22,3626.44,3626.44,3646.78,3646.78,true
2025.09.11 18:00:00,LONG,ASIA_LOW|20250911,SSRP|ASIA_LOW|20250911|1757612400,SSRP|ASIA_LOW|20250911|1757612400|FINAL,SSRP|ASIA_LOW|20250911|1757612400|FINAL,3632.10,3632.10,3626.76,3626.76,3642.78,3642.78,true
2025.09.12 08:20:00,SHORT,ASIA_HIGH|20250912,SSRP|ASIA_HIGH|20250912|1757664600,SSRP|ASIA_HIGH|20250912|1757664600|FINAL,SSRP|ASIA_HIGH|20250912|1757664600|FINAL,3655.12,3655.12,3656.70,3656.70,3651.97,3651.97,true
2025.09.12 08:25:00,SHORT,ASIA_HIGH|20250912,SSRP|ASIA_HIGH|20250912|1757665200,SSRP|ASIA_HIGH|20250912|1757665200|FINAL,SSRP|ASIA_HIGH|20250912|1757665200|FINAL,3652.71,3652.71,3656.53,3656.53,3645.06,3645.06,true
2025.09.16 10:35:00,SHORT,ASIA_HIGH|20250916,SSRP|ASIA_HIGH|20250916|1758018300,SSRP|ASIA_HIGH|20250916|1758018300|FINAL,SSRP|ASIA_HIGH|20250916|1758018300|FINAL,3688.49,3688.49,3692.64,3692.64,3680.19,3680.19,true
2025.09.16 10:40:00,SHORT,ASIA_HIGH|20250916,SSRP|ASIA_HIGH|20250916|1758018900,SSRP|ASIA_HIGH|20250916|1758018900|FINAL,SSRP|ASIA_HIGH|20250916|1758018900|FINAL,3688.24,3688.24,3690.16,3690.16,3684.40,3684.40,true
2025.09.16 15:35:00,SHORT,ASIA_HIGH|20250916,SSRP|ASIA_HIGH|20250916|1758036600,SSRP|ASIA_HIGH|20250916|1758036600|FINAL,SSRP|ASIA_HIGH|20250916|1758036600|FINAL,3688.84,3688.84,3693.28,3693.28,3679.95,3679.95,true
2025.09.16 15:50:00,SHORT,ASIA_HIGH|20250916,SSRP|ASIA_HIGH|20250916|1758036900,SSRP|ASIA_HIGH|20250916|1758036900|FINAL,SSRP|ASIA_HIGH|20250916|1758036900|FINAL,3688.85,3688.85,3693.29,3693.29,3679.97,3679.97,true
2025.09.16 15:55:00,SHORT,ASIA_HIGH|20250916,SSRP|ASIA_HIGH|20250916|1758037800,SSRP|ASIA_HIGH|20250916|1758037800|FINAL,SSRP|ASIA_HIGH|20250916|1758037800|FINAL,3689.24,3689.24,3690.78,3690.78,3686.16,3686.16,true
2025.09.16 16:00:00,SHORT,ASIA_HIGH|20250916,SSRP|ASIA_HIGH|20250916|1758038100,SSRP|ASIA_HIGH|20250916|1758038100|FINAL,SSRP|ASIA_HIGH|20250916|1758038100|FINAL,3686.77,3686.77,3690.12,3690.12,3680.06,3680.06,true
2025.09.16 17:50:00,SHORT,ASIA_HIGH|20250916,SSRP|ASIA_HIGH|20250916|1758044100,SSRP|ASIA_HIGH|20250916|1758044100|FINAL,SSRP|ASIA_HIGH|20250916|1758044100|FINAL,3688.99,3688.99,3696.09,3696.09,3674.78,3674.78,true
2025.09.16 19:35:00,SHORT,ASIA_HIGH|20250916,SSRP|ASIA_HIGH|20250916|1758051000,SSRP|ASIA_HIGH|20250916|1758051000|FINAL,SSRP|ASIA_HIGH|20250916|1758051000|FINAL,3688.55,3688.55,3691.28,3691.28,3683.08,3683.08,true
2025.09.16 19:40:00,SHORT,ASIA_HIGH|20250916,SSRP|ASIA_HIGH|20250916|1758051300,SSRP|ASIA_HIGH|20250916|1758051300|FINAL,SSRP|ASIA_HIGH|20250916|1758051300|FINAL,3686.61,3686.61,3691.28,3691.28,3677.27,3677.27,true
2025.09.16 20:05:00,SHORT,ASIA_HIGH|20250916,SSRP|ASIA_HIGH|20250916|1758051900,SSRP|ASIA_HIGH|20250916|1758051900|FINAL,SSRP|ASIA_HIGH|20250916|1758051900|FINAL,3688.13,3688.13,3691.25,3691.25,3681.90,3681.90,true
2025.09.16 20:10:00,SHORT,ASIA_HIGH|20250916,SSRP|ASIA_HIGH|20250916|1758053100,SSRP|ASIA_HIGH|20250916|1758053100|FINAL,SSRP|ASIA_HIGH|20250916|1758053100|FINAL,3688.29,3688.29,3690.16,3690.16,3684.56,3684.56,true
2025.09.16 22:00:00,SHORT,ASIA_HIGH|20250916,SSRP|ASIA_HIGH|20250916|1758059700,SSRP|ASIA_HIGH|20250916|1758059700|FINAL,SSRP|ASIA_HIGH|20250916|1758059700|FINAL,3689.27,3689.27,3691.00,3691.00,3685.82,3685.82,true
2025.09.16 22:25:00,SHORT,ASIA_HIGH|20250916,SSRP|ASIA_HIGH|20250916|1758061200,SSRP|ASIA_HIGH|20250916|1758061200|FINAL,SSRP|ASIA_HIGH|20250916|1758061200|FINAL,3688.82,3688.82,3690.63,3690.63,3685.19,3685.19,true
2025.09.16 22:30:00,SHORT,ASIA_HIGH|20250916,SSRP|ASIA_HIGH|20250916|1758061500,SSRP|ASIA_HIGH|20250916|1758061500|FINAL,SSRP|ASIA_HIGH|20250916|1758061500|FINAL,3688.90,3688.90,3690.27,3690.27,3686.15,3686.15,true
2025.09.17 09:50:00,LONG,ASIA_LOW|20250917,SSRP|ASIA_LOW|20250917|1758102300,SSRP|ASIA_LOW|20250917|1758102300|FINAL,SSRP|ASIA_LOW|20250917|1758102300|FINAL,3676.53,3676.53,3670.75,3670.75,3688.08,3688.08,true
2025.09.17 09:55:00,LONG,ASIA_LOW|20250917,SSRP|ASIA_LOW|20250917|1758102600,SSRP|ASIA_LOW|20250917|1758102600|FINAL,SSRP|ASIA_LOW|20250917|1758102600|FINAL,3675.04,3675.04,3671.66,3671.66,3681.80,3681.80,true
2025.09.17 10:05:00,LONG,ASIA_LOW|20250917,SSRP|ASIA_LOW|20250917|1758103200,SSRP|ASIA_LOW|20250917|1758103200|FINAL,SSRP|ASIA_LOW|20250917|1758103200|FINAL,3675.03,3675.03,3670.30,3670.30,3684.48,3684.48,true
2025.09.17 15:40:00,LONG,ASIA_LOW|20250917,SSRP|ASIA_LOW|20250917|1758123000,SSRP|ASIA_LOW|20250917|1758123000|FINAL,SSRP|ASIA_LOW|20250917|1758123000|FINAL,3674.63,3674.63,3669.72,3669.72,3684.44,3684.44,true
2025.09.17 15:45:00,LONG,ASIA_LOW|20250917,SSRP|ASIA_LOW|20250917|1758123600,SSRP|ASIA_LOW|20250917|1758123600|FINAL,SSRP|ASIA_LOW|20250917|1758123600|FINAL,3676.85,3676.85,3672.68,3672.68,3685.19,3685.19,true
2025.09.17 16:10:00,LONG,ASIA_LOW|20250917,SSRP|ASIA_LOW|20250917|1758125100,SSRP|ASIA_LOW|20250917|1758125100|FINAL,SSRP|ASIA_LOW|20250917|1758125100|FINAL,3678.49,3678.49,3672.85,3672.85,3689.78,3689.78,true
2025.09.17 21:05:00,LONG,ASIA_LOW|20250917,SSRP|ASIA_LOW|20250917|1758142800,SSRP|ASIA_LOW|20250917|1758142800|FINAL,SSRP|ASIA_LOW|20250917|1758142800|FINAL,3705.25,3705.25,3651.16,3651.16,3813.43,3813.43,true
2025.09.17 21:10:00,SHORT,ASIA_HIGH|20250917,SSRP|ASIA_HIGH|20250917|1758143100,SSRP|ASIA_HIGH|20250917|1758143100|FINAL,SSRP|ASIA_HIGH|20250917|1758143100|FINAL,3687.77,3687.77,3707.81,3707.81,3647.69,3647.69,true
2025.09.17 21:15:00,SHORT,ASIA_HIGH|20250917,SSRP|ASIA_HIGH|20250917|1758143400,SSRP|ASIA_HIGH|20250917|1758143400|FINAL,SSRP|ASIA_HIGH|20250917|1758143400|FINAL,3688.40,3688.40,3707.34,3707.34,3650.51,3650.51,true
2025.09.18 10:35:00,LONG,ASIA_LOW|20250918,SSRP|ASIA_LOW|20250918|1758191100,SSRP|ASIA_LOW|20250918|1758191100|FINAL,SSRP|ASIA_LOW|20250918|1758191100|FINAL,3652.66,3652.66,3646.48,3646.48,3665.02,3665.02,true
2025.09.18 10:40:00,LONG,ASIA_LOW|20250918,SSRP|ASIA_LOW|20250918|1758191700,SSRP|ASIA_LOW|20250918|1758191700|FINAL,SSRP|ASIA_LOW|20250918|1758191700|FINAL,3658.67,3658.67,3649.95,3649.95,3676.10,3676.10,true
2025.09.18 12:35:00,SHORT,ASIA_HIGH|20250918,SSRP|ASIA_HIGH|20250918|1758198600,SSRP|ASIA_HIGH|20250918|1758198600|FINAL,SSRP|ASIA_HIGH|20250918|1758198600|FINAL,3671.67,3671.67,3673.09,3673.09,3668.82,3668.82,true
2025.09.18 12:40:00,SHORT,ASIA_HIGH|20250918,SSRP|ASIA_HIGH|20250918|1758198900,SSRP|ASIA_HIGH|20250918|1758198900|FINAL,SSRP|ASIA_HIGH|20250918|1758198900|FINAL,3671.55,3671.55,3673.09,3673.09,3668.46,3668.46,true
2025.09.18 13:05:00,SHORT,ASIA_HIGH|20250918,SSRP|ASIA_HIGH|20250918|1758200400,SSRP|ASIA_HIGH|20250918|1758200400|FINAL,SSRP|ASIA_HIGH|20250918|1758200400|FINAL,3668.87,3668.87,3672.57,3672.57,3661.47,3661.47,true
2025.09.18 15:25:00,SHORT,ASIA_HIGH|20250918,SSRP|ASIA_HIGH|20250918|1758208800,SSRP|ASIA_HIGH|20250918|1758208800|FINAL,SSRP|ASIA_HIGH|20250918|1758208800|FINAL,3671.08,3671.08,3672.63,3672.63,3667.98,3667.98,true
2025.09.18 15:30:00,SHORT,ASIA_HIGH|20250918,SSRP|ASIA_HIGH|20250918|1758209100,SSRP|ASIA_HIGH|20250918|1758209100|FINAL,SSRP|ASIA_HIGH|20250918|1758209100|FINAL,3665.44,3665.44,3672.64,3672.64,3651.04,3651.04,true
2025.09.19 08:10:00,SHORT,ASIA_HIGH|20250919,SSRP|ASIA_HIGH|20250919|1758268800,SSRP|ASIA_HIGH|20250919|1758268800|FINAL,SSRP|ASIA_HIGH|20250919|1758268800|FINAL,3657.84,3657.84,3661.34,3661.34,3650.83,3650.83,true
2025.09.19 17:15:00,SHORT,ASIA_HIGH|20250919,SSRP|ASIA_HIGH|20250919|1758300900,SSRP|ASIA_HIGH|20250919|1758300900|FINAL,SSRP|ASIA_HIGH|20250919|1758300900|FINAL,3657.61,3657.61,3664.49,3664.49,3643.84,3643.84,true
2025.09.22 08:25:00,SHORT,ASIA_HIGH|20250922,SSRP|ASIA_HIGH|20250922|1758529200,SSRP|ASIA_HIGH|20250922|1758529200|FINAL,SSRP|ASIA_HIGH|20250922|1758529200|FINAL,3696.36,3696.36,3697.95,3697.95,3693.17,3693.17,true
2025.09.22 08:55:00,SHORT,ASIA_HIGH|20250922,SSRP|ASIA_HIGH|20250922|1758530700,SSRP|ASIA_HIGH|20250922|1758530700|FINAL,SSRP|ASIA_HIGH|20250922|1758530700|FINAL,3697.05,3697.05,3700.54,3700.54,3690.06,3690.06,true
2025.09.22 09:00:00,SHORT,ASIA_HIGH|20250922,SSRP|ASIA_HIGH|20250922|1758531300,SSRP|ASIA_HIGH|20250922|1758531300|FINAL,SSRP|ASIA_HIGH|20250922|1758531300|FINAL,3696.82,3696.82,3698.87,3698.87,3692.72,3692.72,true
2025.09.23 21:55:00,SHORT,ASIA_HIGH|20250923,SSRP|ASIA_HIGH|20250923|1758664200,SSRP|ASIA_HIGH|20250923|1758664200|FINAL,SSRP|ASIA_HIGH|20250923|1758664200|FINAL,3756.72,3756.72,3778.69,3778.69,3712.78,3712.78,true
2025.09.23 22:05:00,SHORT,ASIA_HIGH|20250923,SSRP|ASIA_HIGH|20250923|1758664800,SSRP|ASIA_HIGH|20250923|1758664800|FINAL,SSRP|ASIA_HIGH|20250923|1758664800|FINAL,3757.95,3757.95,3765.85,3765.85,3742.15,3742.15,true
2025.09.23 22:10:00,SHORT,ASIA_HIGH|20250923,SSRP|ASIA_HIGH|20250923|1758665100,SSRP|ASIA_HIGH|20250923|1758665100|FINAL,SSRP|ASIA_HIGH|20250923|1758665100|FINAL,3757.18,3757.18,3762.46,3762.46,3746.61,3746.61,true
2025.09.24 09:25:00,SHORT,ASIA_HIGH|20250924,SSRP|ASIA_HIGH|20250924|1758705600,SSRP|ASIA_HIGH|20250924|1758705600|FINAL,SSRP|ASIA_HIGH|20250924|1758705600|FINAL,3771.29,3771.29,3775.41,3775.41,3763.05,3763.05,true
2025.09.24 09:55:00,SHORT,ASIA_HIGH|20250924,SSRP|ASIA_HIGH|20250924|1758707400,SSRP|ASIA_HIGH|20250924|1758707400|FINAL,SSRP|ASIA_HIGH|20250924|1758707400|FINAL,3771.25,3771.25,3774.93,3774.93,3763.89,3763.89,true
2025.09.24 11:25:00,SHORT,ASIA_HIGH|20250924,SSRP|ASIA_HIGH|20250924|1758712500,SSRP|ASIA_HIGH|20250924|1758712500|FINAL,SSRP|ASIA_HIGH|20250924|1758712500|FINAL,3770.48,3770.48,3774.64,3774.64,3762.15,3762.15,true
2025.09.24 11:30:00,SHORT,ASIA_HIGH|20250924,SSRP|ASIA_HIGH|20250924|1758713100,SSRP|ASIA_HIGH|20250924|1758713100|FINAL,SSRP|ASIA_HIGH|20250924|1758713100|FINAL,3770.62,3770.62,3772.86,3772.86,3766.13,3766.13,true
2025.09.24 16:25:00,SHORT,ASIA_HIGH|20250924,SSRP|ASIA_HIGH|20250924|1758730800,SSRP|ASIA_HIGH|20250924|1758730800|FINAL,SSRP|ASIA_HIGH|20250924|1758730800|FINAL,3767.47,3767.47,3773.26,3773.26,3755.90,3755.90,true
2025.09.24 17:55:00,LONG,ASIA_LOW|20250924,SSRP|ASIA_LOW|20250924|1758736200,SSRP|ASIA_LOW|20250924|1758736200|FINAL,SSRP|ASIA_LOW|20250924|1758736200|FINAL,3752.70,3752.70,3749.03,3749.03,3760.05,3760.05,true
2025.09.25 10:40:00,SHORT,ASIA_HIGH|20250925,SSRP|ASIA_HIGH|20250925|1758796500,SSRP|ASIA_HIGH|20250925|1758796500|FINAL,SSRP|ASIA_HIGH|20250925|1758796500|FINAL,3751.37,3751.37,3752.50,3752.50,3749.11,3749.11,true
2025.09.25 12:25:00,SHORT,ASIA_HIGH|20250925,SSRP|ASIA_HIGH|20250925|1758802500,SSRP|ASIA_HIGH|20250925|1758802500|FINAL,SSRP|ASIA_HIGH|20250925|1758802500|FINAL,3750.81,3750.81,3757.07,3757.07,3738.30,3738.30,true
2025.09.25 14:00:00,SHORT,ASIA_HIGH|20250925,SSRP|ASIA_HIGH|20250925|1758808500,SSRP|ASIA_HIGH|20250925|1758808500|FINAL,SSRP|ASIA_HIGH|20250925|1758808500|FINAL,3750.31,3750.31,3759.50,3759.50,3731.92,3731.92,true
2025.09.25 14:05:00,SHORT,ASIA_HIGH|20250925,SSRP|ASIA_HIGH|20250925|1758808800,SSRP|ASIA_HIGH|20250925|1758808800|FINAL,SSRP|ASIA_HIGH|20250925|1758808800|FINAL,3746.88,3746.88,3757.82,3757.82,3725.00,3725.00,true
2025.09.25 14:50:00,SHORT,ASIA_HIGH|20250925,SSRP|ASIA_HIGH|20250925|1758811500,SSRP|ASIA_HIGH|20250925|1758811500|FINAL,SSRP|ASIA_HIGH|20250925|1758811500|FINAL,3750.78,3750.78,3753.10,3753.10,3746.14,3746.14,true
2025.09.25 15:30:00,SHORT,ASIA_HIGH|20250925,SSRP|ASIA_HIGH|20250925|1758813900,SSRP|ASIA_HIGH|20250925|1758813900|FINAL,SSRP|ASIA_HIGH|20250925|1758813900|FINAL,3744.50,3744.50,3755.49,3755.49,3722.51,3722.51,true
2025.09.25 15:35:00,SHORT,ASIA_HIGH|20250925,SSRP|ASIA_HIGH|20250925|1758814200,SSRP|ASIA_HIGH|20250925|1758814200|FINAL,SSRP|ASIA_HIGH|20250925|1758814200|FINAL,3741.35,3741.35,3754.48,3754.48,3715.09,3715.09,true
2025.09.25 16:55:00,LONG,ASIA_LOW|20250925,SSRP|ASIA_LOW|20250925|1758818700,SSRP|ASIA_LOW|20250925|1758818700|FINAL,SSRP|ASIA_LOW|20250925|1758818700|FINAL,3733.80,3733.80,3721.54,3721.54,3758.32,3758.32,true
2025.09.25 17:10:00,LONG,ASIA_LOW|20250925,SSRP|ASIA_LOW|20250925|1758819300,SSRP|ASIA_LOW|20250925|1758819300|FINAL,SSRP|ASIA_LOW|20250925|1758819300|FINAL,3729.64,3729.64,3724.30,3724.30,3740.33,3740.33,true
2025.09.25 17:15:00,LONG,ASIA_LOW|20250925,SSRP|ASIA_LOW|20250925|1758820200,SSRP|ASIA_LOW|20250925|1758820200|FINAL,SSRP|ASIA_LOW|20250925|1758820200|FINAL,3732.22,3732.22,3725.63,3725.63,3745.40,3745.40,true
2025.09.25 17:20:00,LONG,ASIA_LOW|20250925,SSRP|ASIA_LOW|20250925|1758820500,SSRP|ASIA_LOW|20250925|1758820500|FINAL,SSRP|ASIA_LOW|20250925|1758820500|FINAL,3735.31,3735.31,3725.63,3725.63,3754.68,3754.68,true
2025.09.25 17:55:00,LONG,ASIA_LOW|20250925,SSRP|ASIA_LOW|20250925|1758822600,SSRP|ASIA_LOW|20250925|1758822600|FINAL,SSRP|ASIA_LOW|20250925|1758822600|FINAL,3731.46,3731.46,3723.30,3723.30,3747.78,3747.78,true
2025.09.25 18:05:00,LONG,ASIA_LOW|20250925,SSRP|ASIA_LOW|20250925|1758822900,SSRP|ASIA_LOW|20250925|1758822900|FINAL,SSRP|ASIA_LOW|20250925|1758822900|FINAL,3731.25,3731.25,3724.50,3724.50,3744.75,3744.75,true
2025.09.25 18:10:00,LONG,ASIA_LOW|20250925,SSRP|ASIA_LOW|20250925|1758823500,SSRP|ASIA_LOW|20250925|1758823500|FINAL,SSRP|ASIA_LOW|20250925|1758823500|FINAL,3734.88,3734.88,3728.07,3728.07,3748.49,3748.49,true
2025.09.25 22:20:00,SHORT,ASIA_HIGH|20250925,SSRP|ASIA_HIGH|20250925|1758838500,SSRP|ASIA_HIGH|20250925|1758838500|FINAL,SSRP|ASIA_HIGH|20250925|1758838500|FINAL,3751.48,3751.48,3756.21,3756.21,3742.02,3742.02,true
2025.09.25 22:30:00,SHORT,ASIA_HIGH|20250925,SSRP|ASIA_HIGH|20250925|1758838800,SSRP|ASIA_HIGH|20250925|1758838800|FINAL,SSRP|ASIA_HIGH|20250925|1758838800|FINAL,3750.13,3750.13,3754.86,3754.86,3740.68,3740.68,true
2025.09.25 22:35:00,SHORT,ASIA_HIGH|20250925,SSRP|ASIA_HIGH|20250925|1758839400,SSRP|ASIA_HIGH|20250925|1758839400|FINAL,SSRP|ASIA_HIGH|20250925|1758839400|FINAL,3746.32,3746.32,3752.52,3752.52,3733.93,3733.93,true
2025.09.25 23:50:00,SHORT,ASIA_HIGH|20250925,SSRP|ASIA_HIGH|20250925|1758843900,SSRP|ASIA_HIGH|20250925|1758843900|FINAL,SSRP|ASIA_HIGH|20250925|1758843900|FINAL,3751.35,3751.35,3752.61,3752.61,3748.84,3748.84,true
2025.09.25 23:55:00,SHORT,ASIA_HIGH|20250925,SSRP|ASIA_HIGH|20250925|1758844200,SSRP|ASIA_HIGH|20250925|1758844200|FINAL,SSRP|ASIA_HIGH|20250925|1758844200|FINAL,3749.01,3749.01,3752.29,3752.29,3742.45,3742.45,true
2025.09.26 09:20:00,SHORT,ASIA_HIGH|20250926,SSRP|ASIA_HIGH|20250926|1758878100,SSRP|ASIA_HIGH|20250926|1758878100|FINAL,SSRP|ASIA_HIGH|20250926|1758878100|FINAL,3750.58,3750.58,3754.21,3754.21,3743.32,3743.32,true
2025.09.26 11:45:00,SHORT,ASIA_HIGH|20250926,SSRP|ASIA_HIGH|20250926|1758886800,SSRP|ASIA_HIGH|20250926|1758886800|FINAL,SSRP|ASIA_HIGH|20250926|1758886800|FINAL,3752.29,3752.29,3755.28,3755.28,3746.31,3746.31,true
2025.09.26 11:55:00,SHORT,ASIA_HIGH|20250926,SSRP|ASIA_HIGH|20250926|1758887100,SSRP|ASIA_HIGH|20250926|1758887100|FINAL,SSRP|ASIA_HIGH|20250926|1758887100|FINAL,3752.96,3752.96,3754.20,3754.20,3750.48,3750.48,true
2025.09.26 12:05:00,SHORT,ASIA_HIGH|20250926,SSRP|ASIA_HIGH|20250926|1758887700,SSRP|ASIA_HIGH|20250926|1758887700|FINAL,SSRP|ASIA_HIGH|20250926|1758887700|FINAL,3752.86,3752.86,3754.53,3754.53,3749.51,3749.51,true
2025.09.26 12:10:00,SHORT,ASIA_HIGH|20250926,SSRP|ASIA_HIGH|20250926|1758888300,SSRP|ASIA_HIGH|20250926|1758888300|FINAL,SSRP|ASIA_HIGH|20250926|1758888300|FINAL,3750.98,3750.98,3754.53,3754.53,3743.87,3743.87,true
2025.09.26 13:10:00,SHORT,ASIA_HIGH|20250926,SSRP|ASIA_HIGH|20250926|1758891600,SSRP|ASIA_HIGH|20250926|1758891600|FINAL,SSRP|ASIA_HIGH|20250926|1758891600|FINAL,3752.64,3752.64,3754.94,3754.94,3748.05,3748.05,true
2025.09.26 15:35:00,SHORT,ASIA_HIGH|20250926,SSRP|ASIA_HIGH|20250926|1758900600,SSRP|ASIA_HIGH|20250926|1758900600|FINAL,SSRP|ASIA_HIGH|20250926|1758900600|FINAL,3752.33,3752.33,3757.65,3757.65,3741.69,3741.69,true
2025.09.26 15:40:00,SHORT,ASIA_HIGH|20250926,SSRP|ASIA_HIGH|20250926|1758900900,SSRP|ASIA_HIGH|20250926|1758900900|FINAL,SSRP|ASIA_HIGH|20250926|1758900900|FINAL,3751.31,3751.31,3757.66,3757.66,3738.61,3738.61,true
2025.09.26 15:50:00,SHORT,ASIA_HIGH|20250926,SSRP|ASIA_HIGH|20250926|1758901500,SSRP|ASIA_HIGH|20250926|1758901500|FINAL,SSRP|ASIA_HIGH|20250926|1758901500|FINAL,3751.82,3751.82,3755.20,3755.20,3745.07,3745.07,true
2025.09.26 15:55:00,SHORT,ASIA_HIGH|20250926,SSRP|ASIA_HIGH|20250926|1758901800,SSRP|ASIA_HIGH|20250926|1758901800|FINAL,SSRP|ASIA_HIGH|20250926|1758901800|FINAL,3752.11,3752.11,3754.82,3754.82,3746.70,3746.70,true
2025.09.29 08:10:00,SHORT,ASIA_HIGH|20250929,SSRP|ASIA_HIGH|20250929|1759133100,SSRP|ASIA_HIGH|20250929|1759133100|FINAL,SSRP|ASIA_HIGH|20250929|1759133100|FINAL,3806.39,3806.39,3812.31,3812.31,3794.55,3794.55,true
2025.09.29 10:45:00,SHORT,ASIA_HIGH|20250929,SSRP|ASIA_HIGH|20250929|1759141500,SSRP|ASIA_HIGH|20250929|1759141500|FINAL,SSRP|ASIA_HIGH|20250929|1759141500|FINAL,3806.97,3806.97,3815.86,3815.86,3789.19,3789.19,true
2025.09.29 10:50:00,SHORT,ASIA_HIGH|20250929,SSRP|ASIA_HIGH|20250929|1759142700,SSRP|ASIA_HIGH|20250929|1759142700|FINAL,SSRP|ASIA_HIGH|20250929|1759142700|FINAL,3805.30,3805.30,3811.36,3811.36,3793.18,3793.18,true
2025.09.29 12:45:00,SHORT,ASIA_HIGH|20250929,SSRP|ASIA_HIGH|20250929|1759149600,SSRP|ASIA_HIGH|20250929|1759149600|FINAL,SSRP|ASIA_HIGH|20250929|1759149600|FINAL,3808.26,3808.26,3812.08,3812.08,3800.63,3800.63,true
2025.09.29 12:50:00,SHORT,ASIA_HIGH|20250929,SSRP|ASIA_HIGH|20250929|1759149900,SSRP|ASIA_HIGH|20250929|1759149900|FINAL,SSRP|ASIA_HIGH|20250929|1759149900|FINAL,3807.36,3807.36,3810.66,3810.66,3800.77,3800.77,true
2025.09.29 12:55:00,SHORT,ASIA_HIGH|20250929,SSRP|ASIA_HIGH|20250929|1759150200,SSRP|ASIA_HIGH|20250929|1759150200|FINAL,SSRP|ASIA_HIGH|20250929|1759150200|FINAL,3807.55,3807.55,3809.78,3809.78,3803.09,3803.09,true
2025.09.29 13:05:00,SHORT,ASIA_HIGH|20250929,SSRP|ASIA_HIGH|20250929|1759150800,SSRP|ASIA_HIGH|20250929|1759150800|FINAL,SSRP|ASIA_HIGH|20250929|1759150800|FINAL,3807.78,3807.78,3810.30,3810.30,3802.73,3802.73,true
2025.09.30 08:05:00,SHORT,ASIA_HIGH|20250930,SSRP|ASIA_HIGH|20250930|1759219200,SSRP|ASIA_HIGH|20250930|1759219200|FINAL,SSRP|ASIA_HIGH|20250930|1759219200|FINAL,3864.33,3864.33,3870.13,3870.13,3852.72,3852.72,true
2025.09.30 08:10:00,SHORT,ASIA_HIGH|20250930,SSRP|ASIA_HIGH|20250930|1759219500,SSRP|ASIA_HIGH|20250930|1759219500|FINAL,SSRP|ASIA_HIGH|20250930|1759219500|FINAL,3866.41,3866.41,3869.54,3869.54,3860.16,3860.16,true
2025.09.30 09:10:00,SHORT,ASIA_HIGH|20250930,SSRP|ASIA_HIGH|20250930|1759223100,SSRP|ASIA_HIGH|20250930|1759223100|FINAL,SSRP|ASIA_HIGH|20250930|1759223100|FINAL,3866.66,3866.66,3871.84,3871.84,3856.30,3856.30,true
2025.09.30 09:15:00,SHORT,ASIA_HIGH|20250930,SSRP|ASIA_HIGH|20250930|1759223400,SSRP|ASIA_HIGH|20250930|1759223400|FINAL,SSRP|ASIA_HIGH|20250930|1759223400|FINAL,3862.69,3862.69,3871.83,3871.83,3844.41,3844.41,true
2025.09.30 09:45:00,SHORT,ASIA_HIGH|20250930,SSRP|ASIA_HIGH|20250930|1759225200,SSRP|ASIA_HIGH|20250930|1759225200|FINAL,SSRP|ASIA_HIGH|20250930|1759225200|FINAL,3864.60,3864.60,3871.34,3871.34,3851.11,3851.11,true
2025.09.30 09:50:00,SHORT,ASIA_HIGH|20250930,SSRP|ASIA_HIGH|20250930|1759225500,SSRP|ASIA_HIGH|20250930|1759225500|FINAL,SSRP|ASIA_HIGH|20250930|1759225500|FINAL,3856.65,3856.65,3870.00,3870.00,3829.94,3829.94,true
2025.09.30 16:45:00,LONG,ASIA_LOW|20250930,SSRP|ASIA_LOW|20250930|1759250100,SSRP|ASIA_LOW|20250930|1759250100|FINAL,SSRP|ASIA_LOW|20250930|1759250100|FINAL,3829.02,3829.02,3817.44,3817.44,3852.18,3852.18,true
2025.09.30 17:00:00,LONG,ASIA_LOW|20250930,SSRP|ASIA_LOW|20250930|1759251000,SSRP|ASIA_LOW|20250930|1759251000|FINAL,SSRP|ASIA_LOW|20250930|1759251000|FINAL,3828.02,3828.02,3820.03,3820.03,3844.01,3844.01,true
2025.09.30 17:05:00,LONG,ASIA_LOW|20250930,SSRP|ASIA_LOW|20250930|1759251600,SSRP|ASIA_LOW|20250930|1759251600|FINAL,SSRP|ASIA_LOW|20250930|1759251600|FINAL,3838.61,3838.61,3820.00,3820.00,3875.83,3875.83,true
2025.10.01 09:25:00,LONG,ASIA_LOW|20251001,SSRP|ASIA_LOW|20251001|1759310400,SSRP|ASIA_LOW|20251001|1759310400|FINAL,SSRP|ASIA_LOW|20251001|1759310400|FINAL,3861.85,3861.85,3853.21,3853.21,3879.13,3879.13,true
2025.10.01 15:40:00,SHORT,ASIA_HIGH|20251001,SSRP|ASIA_HIGH|20251001|1759332300,SSRP|ASIA_HIGH|20251001|1759332300|FINAL,SSRP|ASIA_HIGH|20251001|1759332300|FINAL,3875.24,3875.24,3883.13,3883.13,3859.46,3859.46,true
2025.10.01 15:45:00,SHORT,ASIA_HIGH|20251001,SSRP|ASIA_HIGH|20251001|1759333200,SSRP|ASIA_HIGH|20251001|1759333200|FINAL,SSRP|ASIA_HIGH|20251001|1759333200|FINAL,3871.08,3871.08,3877.47,3877.47,3858.29,3858.29,true
2025.10.01 15:50:00,SHORT,ASIA_HIGH|20251001,SSRP|ASIA_HIGH|20251001|1759333500,SSRP|ASIA_HIGH|20251001|1759333500|FINAL,SSRP|ASIA_HIGH|20251001|1759333500|FINAL,3870.94,3870.94,3877.48,3877.48,3857.86,3857.86,true
2025.10.01 16:35:00,SHORT,ASIA_HIGH|20251001,SSRP|ASIA_HIGH|20251001|1759336200,SSRP|ASIA_HIGH|20251001|1759336200|FINAL,SSRP|ASIA_HIGH|20251001|1759336200|FINAL,3871.37,3871.37,3877.56,3877.56,3859.00,3859.00,true
2025.10.01 17:45:00,SHORT,ASIA_HIGH|20251001,SSRP|ASIA_HIGH|20251001|1759339800,SSRP|ASIA_HIGH|20251001|1759339800|FINAL,SSRP|ASIA_HIGH|20251001|1759339800|FINAL,3866.54,3866.54,3879.10,3879.10,3841.43,3841.43,true
2025.10.01 17:50:00,SHORT,ASIA_HIGH|20251001,SSRP|ASIA_HIGH|20251001|1759340700,SSRP|ASIA_HIGH|20251001|1759340700|FINAL,SSRP|ASIA_HIGH|20251001|1759340700|FINAL,3870.11,3870.11,3878.55,3878.55,3853.22,3853.22,true
2025.10.01 18:05:00,SHORT,ASIA_HIGH|20251001,SSRP|ASIA_HIGH|20251001|1759341600,SSRP|ASIA_HIGH|20251001|1759341600|FINAL,SSRP|ASIA_HIGH|20251001|1759341600|FINAL,3874.72,3874.72,3877.15,3877.15,3869.86,3869.86,true
2025.10.02 08:30:00,SHORT,ASIA_HIGH|20251002,SSRP|ASIA_HIGH|20251002|1759393500,SSRP|ASIA_HIGH|20251002|1759393500|FINAL,SSRP|ASIA_HIGH|20251002|1759393500|FINAL,3867.23,3867.23,3871.55,3871.55,3858.60,3858.60,true
2025.10.02 09:45:00,SHORT,ASIA_HIGH|20251002,SSRP|ASIA_HIGH|20251002|1759397700,SSRP|ASIA_HIGH|20251002|1759397700|FINAL,SSRP|ASIA_HIGH|20251002|1759397700|FINAL,3867.65,3867.65,3874.40,3874.40,3854.16,3854.16,true
2025.10.02 10:20:00,SHORT,ASIA_HIGH|20251002,SSRP|ASIA_HIGH|20251002|1759400100,SSRP|ASIA_HIGH|20251002|1759400100|FINAL,SSRP|ASIA_HIGH|20251002|1759400100|FINAL,3870.20,3870.20,3875.01,3875.01,3860.58,3860.58,true
2025.10.02 10:25:00,SHORT,ASIA_HIGH|20251002,SSRP|ASIA_HIGH|20251002|1759400400,SSRP|ASIA_HIGH|20251002|1759400400|FINAL,SSRP|ASIA_HIGH|20251002|1759400400|FINAL,3864.78,3864.78,3874.51,3874.51,3845.33,3845.33,true
2025.10.02 10:30:00,SHORT,ASIA_HIGH|20251002,SSRP|ASIA_HIGH|20251002|1759400700,SSRP|ASIA_HIGH|20251002|1759400700|FINAL,SSRP|ASIA_HIGH|20251002|1759400700|FINAL,3864.97,3864.97,3871.21,3871.21,3852.49,3852.49,true
2025.10.02 17:15:00,SHORT,ASIA_HIGH|20251002,SSRP|ASIA_HIGH|20251002|1759424700,SSRP|ASIA_HIGH|20251002|1759424700|FINAL,SSRP|ASIA_HIGH|20251002|1759424700|FINAL,3866.52,3866.52,3876.95,3876.95,3845.66,3845.66,true
2025.10.02 17:20:00,SHORT,ASIA_HIGH|20251002,SSRP|ASIA_HIGH|20251002|1759425300,SSRP|ASIA_HIGH|20251002|1759425300|FINAL,SSRP|ASIA_HIGH|20251002|1759425300|FINAL,3864.83,3864.83,3872.26,3872.26,3849.98,3849.98,true
2025.10.02 22:00:00,LONG,ASIA_LOW|20251002,SSRP|ASIA_LOW|20251002|1759442100,SSRP|ASIA_LOW|20251002|1759442100|FINAL,SSRP|ASIA_LOW|20251002|1759442100|FINAL,3856.39,3856.39,3850.30,3850.30,3868.56,3868.56,true
2025.10.02 22:05:00,LONG,ASIA_LOW|20251002,SSRP|ASIA_LOW|20251002|1759442400,SSRP|ASIA_LOW|20251002|1759442400|FINAL,SSRP|ASIA_LOW|20251002|1759442400|FINAL,3856.51,3856.51,3850.42,3850.42,3868.69,3868.69,true
2025.10.03 10:45:00,SHORT,ASIA_HIGH|20251003,SSRP|ASIA_HIGH|20251003|1759488000,SSRP|ASIA_HIGH|20251003|1759488000|FINAL,SSRP|ASIA_HIGH|20251003|1759488000|FINAL,3862.94,3862.94,3865.40,3865.40,3858.03,3858.03,true
2025.10.03 11:05:00,SHORT,ASIA_HIGH|20251003,SSRP|ASIA_HIGH|20251003|1759488300,SSRP|ASIA_HIGH|20251003|1759488300|FINAL,SSRP|ASIA_HIGH|20251003|1759488300|FINAL,3863.54,3863.54,3865.74,3865.74,3859.15,3859.15,true
2025.10.03 11:10:00,SHORT,ASIA_HIGH|20251003,SSRP|ASIA_HIGH|20251003|1759489500,SSRP|ASIA_HIGH|20251003|1759489500|FINAL,SSRP|ASIA_HIGH|20251003|1759489500|FINAL,3861.79,3861.79,3865.74,3865.74,3853.90,3853.90,true
2025.10.03 12:00:00,SHORT,ASIA_HIGH|20251003,SSRP|ASIA_HIGH|20251003|1759492500,SSRP|ASIA_HIGH|20251003|1759492500|FINAL,SSRP|ASIA_HIGH|20251003|1759492500|FINAL,3861.42,3861.42,3865.50,3865.50,3853.26,3853.26,true
2025.10.03 12:05:00,SHORT,ASIA_HIGH|20251003,SSRP|ASIA_HIGH|20251003|1759492800,SSRP|ASIA_HIGH|20251003|1759492800|FINAL,SSRP|ASIA_HIGH|20251003|1759492800|FINAL,3861.11,3861.11,3865.00,3865.00,3853.33,3853.33,true
2025.10.03 13:20:00,SHORT,ASIA_HIGH|20251003,SSRP|ASIA_HIGH|20251003|1759497000,SSRP|ASIA_HIGH|20251003|1759497000|FINAL,SSRP|ASIA_HIGH|20251003|1759497000|FINAL,3862.70,3862.70,3866.45,3866.45,3855.19,3855.19,true
2025.10.03 13:25:00,SHORT,ASIA_HIGH|20251003,SSRP|ASIA_HIGH|20251003|1759497600,SSRP|ASIA_HIGH|20251003|1759497600|FINAL,SSRP|ASIA_HIGH|20251003|1759497600|FINAL,3863.30,3863.30,3864.71,3864.71,3860.48,3860.48,true
2025.10.03 14:10:00,SHORT,ASIA_HIGH|20251003,SSRP|ASIA_HIGH|20251003|1759499700,SSRP|ASIA_HIGH|20251003|1759499700|FINAL,SSRP|ASIA_HIGH|20251003|1759499700|FINAL,3862.37,3862.37,3867.66,3867.66,3851.78,3851.78,true
2025.10.03 14:15:00,SHORT,ASIA_HIGH|20251003,SSRP|ASIA_HIGH|20251003|1759500600,SSRP|ASIA_HIGH|20251003|1759500600|FINAL,SSRP|ASIA_HIGH|20251003|1759500600|FINAL,3861.22,3861.22,3865.55,3865.55,3852.57,3852.57,true
2025.10.03 14:55:00,SHORT,ASIA_HIGH|20251003,SSRP|ASIA_HIGH|20251003|1759503000,SSRP|ASIA_HIGH|20251003|1759503000|FINAL,SSRP|ASIA_HIGH|20251003|1759503000|FINAL,3862.07,3862.07,3864.64,3864.64,3856.92,3856.92,true
2025.10.03 15:00:00,SHORT,ASIA_HIGH|20251003,SSRP|ASIA_HIGH|20251003|1759503300,SSRP|ASIA_HIGH|20251003|1759503300|FINAL,SSRP|ASIA_HIGH|20251003|1759503300|FINAL,3863.38,3863.38,3864.64,3864.64,3860.86,3860.86,true
2025.10.03 15:20:00,SHORT,ASIA_HIGH|20251003,SSRP|ASIA_HIGH|20251003|1759504500,SSRP|ASIA_HIGH|20251003|1759504500|FINAL,SSRP|ASIA_HIGH|20251003|1759504500|FINAL,3863.40,3863.40,3865.30,3865.30,3859.61,3859.61,true
2025.10.06 08:15:00,SHORT,ASIA_HIGH|20251006,SSRP|ASIA_HIGH|20251006|1759737900,SSRP|ASIA_HIGH|20251006|1759737900|FINAL,SSRP|ASIA_HIGH|20251006|1759737900|FINAL,3933.36,3933.36,3945.46,3945.46,3909.17,3909.17,true
2025.10.06 11:30:00,SHORT,ASIA_HIGH|20251006,SSRP|ASIA_HIGH|20251006|1759749900,SSRP|ASIA_HIGH|20251006|1759749900|FINAL,SSRP|ASIA_HIGH|20251006|1759749900|FINAL,3938.94,3938.94,3946.49,3946.49,3923.84,3923.84,true
2025.10.06 11:35:00,SHORT,ASIA_HIGH|20251006,SSRP|ASIA_HIGH|20251006|1759750200,SSRP|ASIA_HIGH|20251006|1759750200|FINAL,SSRP|ASIA_HIGH|20251006|1759750200|FINAL,3935.63,3935.63,3944.19,3944.19,3918.52,3918.52,true
2025.10.06 12:20:00,SHORT,ASIA_HIGH|20251006,SSRP|ASIA_HIGH|20251006|1759752900,SSRP|ASIA_HIGH|20251006|1759752900|FINAL,SSRP|ASIA_HIGH|20251006|1759752900|FINAL,3940.08,3940.08,3943.92,3943.92,3932.40,3932.40,true
2025.10.06 12:40:00,SHORT,ASIA_HIGH|20251006,SSRP|ASIA_HIGH|20251006|1759753800,SSRP|ASIA_HIGH|20251006|1759753800|FINAL,SSRP|ASIA_HIGH|20251006|1759753800|FINAL,3938.72,3938.72,3944.66,3944.66,3926.84,3926.84,true
2025.10.06 13:05:00,SHORT,ASIA_HIGH|20251006,SSRP|ASIA_HIGH|20251006|1759755300,SSRP|ASIA_HIGH|20251006|1759755300|FINAL,SSRP|ASIA_HIGH|20251006|1759755300|FINAL,3936.82,3936.82,3942.94,3942.94,3924.59,3924.59,true
2025.10.06 13:10:00,SHORT,ASIA_HIGH|20251006,SSRP|ASIA_HIGH|20251006|1759755900,SSRP|ASIA_HIGH|20251006|1759755900|FINAL,SSRP|ASIA_HIGH|20251006|1759755900|FINAL,3938.49,3938.49,3941.36,3941.36,3932.76,3932.76,true
2025.10.06 13:25:00,SHORT,ASIA_HIGH|20251006,SSRP|ASIA_HIGH|20251006|1759756800,SSRP|ASIA_HIGH|20251006|1759756800|FINAL,SSRP|ASIA_HIGH|20251006|1759756800|FINAL,3939.87,3939.87,3941.87,3941.87,3935.86,3935.86,true
2025.10.06 14:05:00,SHORT,ASIA_HIGH|20251006,SSRP|ASIA_HIGH|20251006|1759758900,SSRP|ASIA_HIGH|20251006|1759758900|FINAL,SSRP|ASIA_HIGH|20251006|1759758900|FINAL,3938.18,3938.18,3944.25,3944.25,3926.04,3926.04,true
2025.10.06 14:10:00,SHORT,ASIA_HIGH|20251006,SSRP|ASIA_HIGH|20251006|1759759500,SSRP|ASIA_HIGH|20251006|1759759500|FINAL,SSRP|ASIA_HIGH|20251006|1759759500|FINAL,3937.04,3937.04,3942.55,3942.55,3926.01,3926.01,true
2025.10.06 15:20:00,SHORT,ASIA_HIGH|20251006,SSRP|ASIA_HIGH|20251006|1759763400,SSRP|ASIA_HIGH|20251006|1759763400|FINAL,SSRP|ASIA_HIGH|20251006|1759763400|FINAL,3933.60,3933.60,3941.51,3941.51,3917.79,3917.79,true
2025.10.07 12:10:00,LONG,ASIA_LOW|20251007,SSRP|ASIA_LOW|20251007|1759838400,SSRP|ASIA_LOW|20251007|1759838400|FINAL,SSRP|ASIA_LOW|20251007|1759838400|FINAL,3958.79,3958.79,3950.92,3950.92,3974.52,3974.52,true
2025.10.07 12:15:00,LONG,ASIA_LOW|20251007,SSRP|ASIA_LOW|20251007|1759839000,SSRP|ASIA_LOW|20251007|1759839000|FINAL,SSRP|ASIA_LOW|20251007|1759839000|FINAL,3960.18,3960.18,3954.48,3954.48,3971.58,3971.58,true
2025.10.07 13:00:00,LONG,ASIA_LOW|20251007,SSRP|ASIA_LOW|20251007|1759841700,SSRP|ASIA_LOW|20251007|1759841700|FINAL,SSRP|ASIA_LOW|20251007|1759841700|FINAL,3957.95,3957.95,3953.94,3953.94,3965.96,3965.96,true
2025.10.07 13:05:00,LONG,ASIA_LOW|20251007,SSRP|ASIA_LOW|20251007|1759842000,SSRP|ASIA_LOW|20251007|1759842000|FINAL,SSRP|ASIA_LOW|20251007|1759842000|FINAL,3956.19,3956.19,3953.94,3953.94,3960.69,3960.69,true
2025.10.07 16:30:00,SHORT,ASIA_HIGH|20251007,SSRP|ASIA_HIGH|20251007|1759854300,SSRP|ASIA_HIGH|20251007|1759854300|FINAL,SSRP|ASIA_HIGH|20251007|1759854300|FINAL,3974.19,3974.19,3983.58,3983.58,3955.41,3955.41,true
2025.10.07 16:35:00,SHORT,ASIA_HIGH|20251007,SSRP|ASIA_HIGH|20251007|1759854600,SSRP|ASIA_HIGH|20251007|1759854600|FINAL,SSRP|ASIA_HIGH|20251007|1759854600|FINAL,3973.30,3973.30,3983.22,3983.22,3953.45,3953.45,true
2025.10.07 17:00:00,SHORT,ASIA_HIGH|20251007,SSRP|ASIA_HIGH|20251007|1759855500,SSRP|ASIA_HIGH|20251007|1759855500|FINAL,SSRP|ASIA_HIGH|20251007|1759855500|FINAL,3975.62,3975.62,3981.25,3981.25,3964.36,3964.36,true
2025.10.07 17:05:00,SHORT,ASIA_HIGH|20251007,SSRP|ASIA_HIGH|20251007|1759856400,SSRP|ASIA_HIGH|20251007|1759856400|FINAL,SSRP|ASIA_HIGH|20251007|1759856400|FINAL,3972.09,3972.09,3980.64,3980.64,3954.98,3954.98,true
2025.10.07 18:35:00,SHORT,ASIA_HIGH|20251007,SSRP|ASIA_HIGH|20251007|1759861800,SSRP|ASIA_HIGH|20251007|1759861800|FINAL,SSRP|ASIA_HIGH|20251007|1759861800|FINAL,3977.23,3977.23,3985.77,3985.77,3960.15,3960.15,true
2025.10.07 18:40:00,SHORT,ASIA_HIGH|20251007,SSRP|ASIA_HIGH|20251007|1759862100,SSRP|ASIA_HIGH|20251007|1759862100|FINAL,SSRP|ASIA_HIGH|20251007|1759862100|FINAL,3972.09,3972.09,3985.77,3985.77,3944.73,3944.73,true
2025.10.07 19:45:00,SHORT,ASIA_HIGH|20251007,SSRP|ASIA_HIGH|20251007|1759865700,SSRP|ASIA_HIGH|20251007|1759865700|FINAL,SSRP|ASIA_HIGH|20251007|1759865700|FINAL,3973.42,3973.42,3979.75,3979.75,3960.77,3960.77,true
2025.10.07 21:00:00,SHORT,ASIA_HIGH|20251007,SSRP|ASIA_HIGH|20251007|1759870500,SSRP|ASIA_HIGH|20251007|1759870500|FINAL,SSRP|ASIA_HIGH|20251007|1759870500|FINAL,3974.79,3974.79,3985.65,3985.65,3953.07,3953.07,true
2025.10.08 09:15:00,SHORT,ASIA_HIGH|20251008,SSRP|ASIA_HIGH|20251008|1759914300,SSRP|ASIA_HIGH|20251008|1759914300|FINAL,SSRP|ASIA_HIGH|20251008|1759914300|FINAL,4023.18,4023.18,4033.12,4033.12,4003.30,4003.30,true
2025.10.08 09:20:00,SHORT,ASIA_HIGH|20251008,SSRP|ASIA_HIGH|20251008|1759914900,SSRP|ASIA_HIGH|20251008|1759914900|FINAL,SSRP|ASIA_HIGH|20251008|1759914900|FINAL,4024.80,4024.80,4028.10,4028.10,4018.21,4018.21,true
2025.10.09 08:35:00,SHORT,ASIA_HIGH|20251009,SSRP|ASIA_HIGH|20251009|1759998600,SSRP|ASIA_HIGH|20251009|1759998600|FINAL,SSRP|ASIA_HIGH|20251009|1759998600|FINAL,4037.80,4037.80,4043.89,4043.89,4025.62,4025.62,true
2025.10.09 08:40:00,SHORT,ASIA_HIGH|20251009,SSRP|ASIA_HIGH|20251009|1759998900,SSRP|ASIA_HIGH|20251009|1759998900|FINAL,SSRP|ASIA_HIGH|20251009|1759998900|FINAL,4038.87,4038.87,4042.16,4042.16,4032.29,4032.29,true
2025.10.09 12:05:00,SHORT,ASIA_HIGH|20251009,SSRP|ASIA_HIGH|20251009|1760011200,SSRP|ASIA_HIGH|20251009|1760011200|FINAL,SSRP|ASIA_HIGH|20251009|1760011200|FINAL,4036.69,4036.69,4042.19,4042.19,4025.69,4025.69,true
2025.10.09 12:10:00,SHORT,ASIA_HIGH|20251009,SSRP|ASIA_HIGH|20251009|1760011500,SSRP|ASIA_HIGH|20251009|1760011500|FINAL,SSRP|ASIA_HIGH|20251009|1760011500|FINAL,4040.23,4040.23,4042.17,4042.17,4036.36,4036.36,true
2025.10.09 14:00:00,SHORT,ASIA_HIGH|20251009,SSRP|ASIA_HIGH|20251009|1760018100,SSRP|ASIA_HIGH|20251009|1760018100|FINAL,SSRP|ASIA_HIGH|20251009|1760018100|FINAL,4040.61,4040.61,4046.92,4046.92,4028.00,4028.00,true
2025.10.09 14:05:00,SHORT,ASIA_HIGH|20251009,SSRP|ASIA_HIGH|20251009|1760018400,SSRP|ASIA_HIGH|20251009|1760018400|FINAL,SSRP|ASIA_HIGH|20251009|1760018400|FINAL,4039.44,4039.44,4046.92,4046.92,4024.48,4024.48,true
2025.10.09 14:10:00,SHORT,ASIA_HIGH|20251009,SSRP|ASIA_HIGH|20251009|1760018700,SSRP|ASIA_HIGH|20251009|1760018700|FINAL,SSRP|ASIA_HIGH|20251009|1760018700|FINAL,4038.19,4038.19,4042.59,4042.59,4029.40,4029.40,true
2025.10.09 15:15:00,SHORT,ASIA_HIGH|20251009,SSRP|ASIA_HIGH|20251009|1760022300,SSRP|ASIA_HIGH|20251009|1760022300|FINAL,SSRP|ASIA_HIGH|20251009|1760022300|FINAL,4040.35,4040.35,4044.72,4044.72,4031.62,4031.62,true
2025.10.09 15:20:00,SHORT,ASIA_HIGH|20251009,SSRP|ASIA_HIGH|20251009|1760022900,SSRP|ASIA_HIGH|20251009|1760022900|FINAL,SSRP|ASIA_HIGH|20251009|1760022900|FINAL,4038.57,4038.57,4043.34,4043.34,4029.03,4029.03,true
2025.10.09 15:35:00,SHORT,ASIA_HIGH|20251009,SSRP|ASIA_HIGH|20251009|1760023500,SSRP|ASIA_HIGH|20251009|1760023500|FINAL,SSRP|ASIA_HIGH|20251009|1760023500|FINAL,4040.88,4040.88,4043.66,4043.66,4035.32,4035.32,true
2025.10.09 16:40:00,SHORT,ASIA_HIGH|20251009,SSRP|ASIA_HIGH|20251009|1760027400,SSRP|ASIA_HIGH|20251009|1760027400|FINAL,SSRP|ASIA_HIGH|20251009|1760027400|FINAL,4031.38,4031.38,4057.04,4057.04,3980.06,3980.06,true
2025.10.09 16:45:00,SHORT,ASIA_HIGH|20251009,SSRP|ASIA_HIGH|20251009|1760028000,SSRP|ASIA_HIGH|20251009|1760028000|FINAL,SSRP|ASIA_HIGH|20251009|1760028000|FINAL,4027.59,4027.59,4044.03,4044.03,3994.72,3994.72,true
2025.10.10 12:15:00,SHORT,ASIA_HIGH|20251010,SSRP|ASIA_HIGH|20251010|1760098200,SSRP|ASIA_HIGH|20251010|1760098200|FINAL,SSRP|ASIA_HIGH|20251010|1760098200|FINAL,3992.06,3992.06,4001.89,4001.89,3972.39,3972.39,true
2025.10.10 13:10:00,SHORT,ASIA_HIGH|20251010,SSRP|ASIA_HIGH|20251010|1760100600,SSRP|ASIA_HIGH|20251010|1760100600|FINAL,SSRP|ASIA_HIGH|20251010|1760100600|FINAL,3992.89,3992.89,4003.94,4003.94,3970.79,3970.79,true
2025.10.10 13:15:00,SHORT,ASIA_HIGH|20251010,SSRP|ASIA_HIGH|20251010|1760101800,SSRP|ASIA_HIGH|20251010|1760101800|FINAL,SSRP|ASIA_HIGH|20251010|1760101800|FINAL,3993.21,3993.21,3996.71,3996.71,3986.22,3986.22,true
2025.10.10 13:50:00,SHORT,ASIA_HIGH|20251010,SSRP|ASIA_HIGH|20251010|1760103900,SSRP|ASIA_HIGH|20251010|1760103900|FINAL,SSRP|ASIA_HIGH|20251010|1760103900|FINAL,3994.22,3994.22,4000.18,4000.18,3982.29,3982.29,true
2025.10.10 13:55:00,SHORT,ASIA_HIGH|20251010,SSRP|ASIA_HIGH|20251010|1760104200,SSRP|ASIA_HIGH|20251010|1760104200|FINAL,SSRP|ASIA_HIGH|20251010|1760104200|FINAL,3994.00,3994.00,4000.18,4000.18,3981.64,3981.64,true
2025.10.10 14:30:00,SHORT,ASIA_HIGH|20251010,SSRP|ASIA_HIGH|20251010|1760106300,SSRP|ASIA_HIGH|20251010|1760106300|FINAL,SSRP|ASIA_HIGH|20251010|1760106300|FINAL,3992.51,3992.51,3999.61,3999.61,3978.30,3978.30,true
2025.10.10 14:35:00,SHORT,ASIA_HIGH|20251010,SSRP|ASIA_HIGH|20251010|1760106600,SSRP|ASIA_HIGH|20251010|1760106600|FINAL,SSRP|ASIA_HIGH|20251010|1760106600|FINAL,3994.21,3994.21,3998.74,3998.74,3985.14,3985.14,true
2025.10.10 14:40:00,SHORT,ASIA_HIGH|20251010,SSRP|ASIA_HIGH|20251010|1760106900,SSRP|ASIA_HIGH|20251010|1760106900|FINAL,SSRP|ASIA_HIGH|20251010|1760106900|FINAL,3992.29,3992.29,3996.00,3996.00,3984.87,3984.87,true
2025.10.10 14:50:00,SHORT,ASIA_HIGH|20251010,SSRP|ASIA_HIGH|20251010|1760107500,SSRP|ASIA_HIGH|20251010|1760107500|FINAL,SSRP|ASIA_HIGH|20251010|1760107500|FINAL,3991.10,3991.10,3995.43,3995.43,3982.45,3982.45,true
2025.10.10 14:55:00,SHORT,ASIA_HIGH|20251010,SSRP|ASIA_HIGH|20251010|1760107800,SSRP|ASIA_HIGH|20251010|1760107800|FINAL,SSRP|ASIA_HIGH|20251010|1760107800|FINAL,3987.13,3987.13,3995.41,3995.41,3970.58,3970.58,true
2025.10.10 16:35:00,SHORT,ASIA_HIGH|20251010,SSRP|ASIA_HIGH|20251010|1760113800,SSRP|ASIA_HIGH|20251010|1760113800|FINAL,SSRP|ASIA_HIGH|20251010|1760113800|FINAL,3993.49,3993.49,3998.51,3998.51,3983.45,3983.45,true
2025.10.10 16:40:00,SHORT,ASIA_HIGH|20251010,SSRP|ASIA_HIGH|20251010|1760114100,SSRP|ASIA_HIGH|20251010|1760114100|FINAL,SSRP|ASIA_HIGH|20251010|1760114100|FINAL,3993.40,3993.40,3998.50,3998.50,3983.20,3983.20,true
2025.10.10 16:45:00,SHORT,ASIA_HIGH|20251010,SSRP|ASIA_HIGH|20251010|1760114400,SSRP|ASIA_HIGH|20251010|1760114400|FINAL,SSRP|ASIA_HIGH|20251010|1760114400|FINAL,3982.37,3982.37,3997.18,3997.18,3952.75,3952.75,true
2025.10.10 19:05:00,SHORT,ASIA_HIGH|20251010,SSRP|ASIA_HIGH|20251010|1760122200,SSRP|ASIA_HIGH|20251010|1760122200|FINAL,SSRP|ASIA_HIGH|20251010|1760122200|FINAL,3990.33,3990.33,4007.37,4007.37,3956.25,3956.25,true
2025.10.10 19:10:00,SHORT,ASIA_HIGH|20251010,SSRP|ASIA_HIGH|20251010|1760123100,SSRP|ASIA_HIGH|20251010|1760123100|FINAL,SSRP|ASIA_HIGH|20251010|1760123100|FINAL,3990.21,3990.21,3998.26,3998.26,3974.11,3974.11,true
2025.10.10 19:15:00,SHORT,ASIA_HIGH|20251010,SSRP|ASIA_HIGH|20251010|1760123400,SSRP|ASIA_HIGH|20251010|1760123400|FINAL,SSRP|ASIA_HIGH|20251010|1760123400|FINAL,3978.02,3978.02,3996.59,3996.59,3940.87,3940.87,true
2025.10.14 08:35:00,SHORT,ASIA_HIGH|20251014,SSRP|ASIA_HIGH|20251014|1760430600,SSRP|ASIA_HIGH|20251014|1760430600|FINAL,SSRP|ASIA_HIGH|20251014|1760430600|FINAL,4140.95,4140.95,4179.89,4179.89,4063.07,4063.07,true
2025.10.14 08:40:00,SHORT,ASIA_HIGH|20251014,SSRP|ASIA_HIGH|20251014|1760430900,SSRP|ASIA_HIGH|20251014|1760430900|FINAL,SSRP|ASIA_HIGH|20251014|1760430900|FINAL,4119.69,4119.69,4175.05,4175.05,4008.97,4008.97,true
2025.10.14 09:25:00,LONG,ASIA_LOW|20251014,SSRP|ASIA_LOW|20251014|1760433600,SSRP|ASIA_LOW|20251014|1760433600|FINAL,SSRP|ASIA_LOW|20251014|1760433600|FINAL,4114.13,4114.13,4089.69,4089.69,4163.01,4163.01,true
2025.10.14 09:30:00,LONG,ASIA_LOW|20251014,SSRP|ASIA_LOW|20251014|1760433900,SSRP|ASIA_LOW|20251014|1760433900|FINAL,SSRP|ASIA_LOW|20251014|1760433900|FINAL,4112.20,4112.20,4098.21,4098.21,4140.17,4140.17,true
2025.10.14 09:50:00,LONG,ASIA_LOW|20251014,SSRP|ASIA_LOW|20251014|1760434500,SSRP|ASIA_LOW|20251014|1760434500|FINAL,SSRP|ASIA_LOW|20251014|1760434500|FINAL,4109.36,4109.36,4090.20,4090.20,4147.69,4147.69,true
2025.10.14 09:55:00,LONG,ASIA_LOW|20251014,SSRP|ASIA_LOW|20251014|1760435400,SSRP|ASIA_LOW|20251014|1760435400|FINAL,SSRP|ASIA_LOW|20251014|1760435400|FINAL,4112.10,4112.10,4097.83,4097.83,4140.63,4140.63,true
2025.10.14 10:10:00,LONG,ASIA_LOW|20251014,SSRP|ASIA_LOW|20251014|1760436300,SSRP|ASIA_LOW|20251014|1760436300|FINAL,SSRP|ASIA_LOW|20251014|1760436300|FINAL,4112.36,4112.36,4101.96,4101.96,4133.17,4133.17,true
2025.10.14 10:15:00,LONG,ASIA_LOW|20251014,SSRP|ASIA_LOW|20251014|1760436600,SSRP|ASIA_LOW|20251014|1760436600|FINAL,SSRP|ASIA_LOW|20251014|1760436600|FINAL,4121.32,4121.32,4102.90,4102.90,4158.17,4158.17,true
2025.10.14 16:10:00,LONG,ASIA_LOW|20251014,SSRP|ASIA_LOW|20251014|1760457300,SSRP|ASIA_LOW|20251014|1760457300|FINAL,SSRP|ASIA_LOW|20251014|1760457300|FINAL,4112.72,4112.72,4097.39,4097.39,4143.37,4143.37,true
2025.10.14 16:15:00,LONG,ASIA_LOW|20251014,SSRP|ASIA_LOW|20251014|1760458200,SSRP|ASIA_LOW|20251014|1760458200|FINAL,SSRP|ASIA_LOW|20251014|1760458200|FINAL,4110.07,4110.07,4101.78,4101.78,4126.65,4126.65,true
2025.10.14 16:30:00,LONG,ASIA_LOW|20251014,SSRP|ASIA_LOW|20251014|1760459100,SSRP|ASIA_LOW|20251014|1760459100|FINAL,SSRP|ASIA_LOW|20251014|1760459100|FINAL,4110.12,4110.12,4104.63,4104.63,4121.11,4121.11,true
2025.10.15 08:30:00,SHORT,ASIA_HIGH|20251015,SSRP|ASIA_HIGH|20251015|1760516700,SSRP|ASIA_HIGH|20251015|1760516700|FINAL,SSRP|ASIA_HIGH|20251015|1760516700|FINAL,4186.82,4186.82,4193.94,4193.94,4172.57,4172.57,true
2025.10.15 08:35:00,SHORT,ASIA_HIGH|20251015,SSRP|ASIA_HIGH|20251015|1760517000,SSRP|ASIA_HIGH|20251015|1760517000|FINAL,SSRP|ASIA_HIGH|20251015|1760517000|FINAL,4185.71,4185.71,4193.94,4193.94,4169.26,4169.26,true
2025.10.15 08:45:00,SHORT,ASIA_HIGH|20251015,SSRP|ASIA_HIGH|20251015|1760517600,SSRP|ASIA_HIGH|20251015|1760517600|FINAL,SSRP|ASIA_HIGH|20251015|1760517600|FINAL,4189.68,4189.68,4193.56,4193.56,4181.93,4181.93,true
2025.10.15 08:55:00,SHORT,ASIA_HIGH|20251015,SSRP|ASIA_HIGH|20251015|1760518200,SSRP|ASIA_HIGH|20251015|1760518200|FINAL,SSRP|ASIA_HIGH|20251015|1760518200|FINAL,4185.93,4185.93,4192.25,4192.25,4173.30,4173.30,true
2025.10.15 09:15:00,SHORT,ASIA_HIGH|20251015,SSRP|ASIA_HIGH|20251015|1760519100,SSRP|ASIA_HIGH|20251015|1760519100|FINAL,SSRP|ASIA_HIGH|20251015|1760519100|FINAL,4188.43,4188.43,4193.65,4193.65,4177.98,4177.98,true
2025.10.15 09:20:00,SHORT,ASIA_HIGH|20251015,SSRP|ASIA_HIGH|20251015|1760519700,SSRP|ASIA_HIGH|20251015|1760519700|FINAL,SSRP|ASIA_HIGH|20251015|1760519700|FINAL,4190.06,4190.06,4192.90,4192.90,4184.37,4184.37,true
2025.10.15 09:25:00,SHORT,ASIA_HIGH|20251015,SSRP|ASIA_HIGH|20251015|1760520000,SSRP|ASIA_HIGH|20251015|1760520000|FINAL,SSRP|ASIA_HIGH|20251015|1760520000|FINAL,4189.85,4189.85,4191.77,4191.77,4186.01,4186.01,true
2025.10.15 09:30:00,SHORT,ASIA_HIGH|20251015,SSRP|ASIA_HIGH|20251015|1760520300,SSRP|ASIA_HIGH|20251015|1760520300|FINAL,SSRP|ASIA_HIGH|20251015|1760520300|FINAL,4189.14,4189.14,4191.67,4191.67,4184.07,4184.07,true
2025.10.15 12:20:00,SHORT,ASIA_HIGH|20251015,SSRP|ASIA_HIGH|20251015|1760530200,SSRP|ASIA_HIGH|20251015|1760530200|FINAL,SSRP|ASIA_HIGH|20251015|1760530200|FINAL,4184.43,4184.43,4208.45,4208.45,4136.40,4136.40,true
2025.10.15 12:25:00,SHORT,ASIA_HIGH|20251015,SSRP|ASIA_HIGH|20251015|1760530800,SSRP|ASIA_HIGH|20251015|1760530800|FINAL,SSRP|ASIA_HIGH|20251015|1760530800|FINAL,4189.97,4189.97,4193.71,4193.71,4182.49,4182.49,true
2025.10.15 15:15:00,SHORT,ASIA_HIGH|20251015,SSRP|ASIA_HIGH|20251015|1760541000,SSRP|ASIA_HIGH|20251015|1760541000|FINAL,SSRP|ASIA_HIGH|20251015|1760541000|FINAL,4188.45,4188.45,4198.93,4198.93,4167.49,4167.49,true
2025.10.15 15:20:00,SHORT,ASIA_HIGH|20251015,SSRP|ASIA_HIGH|20251015|1760541300,SSRP|ASIA_HIGH|20251015|1760541300|FINAL,SSRP|ASIA_HIGH|20251015|1760541300|FINAL,4182.78,4182.78,4194.00,4194.00,4160.35,4160.35,true
2025.10.15 16:00:00,SHORT,ASIA_HIGH|20251015,SSRP|ASIA_HIGH|20251015|1760543700,SSRP|ASIA_HIGH|20251015|1760543700|FINAL,SSRP|ASIA_HIGH|20251015|1760543700|FINAL,4187.08,4187.08,4193.01,4193.01,4175.22,4175.22,true
2025.10.15 16:30:00,SHORT,ASIA_HIGH|20251015,SSRP|ASIA_HIGH|20251015|1760545500,SSRP|ASIA_HIGH|20251015|1760545500|FINAL,SSRP|ASIA_HIGH|20251015|1760545500|FINAL,4186.92,4186.92,4196.16,4196.16,4168.43,4168.43,true
2025.10.15 18:45:00,SHORT,ASIA_HIGH|20251015,SSRP|ASIA_HIGH|20251015|1760553600,SSRP|ASIA_HIGH|20251015|1760553600|FINAL,SSRP|ASIA_HIGH|20251015|1760553600|FINAL,4190.26,4190.26,4198.71,4198.71,4173.35,4173.35,true
2025.10.15 18:50:00,SHORT,ASIA_HIGH|20251015,SSRP|ASIA_HIGH|20251015|1760553900,SSRP|ASIA_HIGH|20251015|1760553900|FINAL,SSRP|ASIA_HIGH|20251015|1760553900|FINAL,4190.14,4190.14,4198.73,4198.73,4172.96,4172.96,true
2025.10.15 20:10:00,SHORT,ASIA_HIGH|20251015,SSRP|ASIA_HIGH|20251015|1760558700,SSRP|ASIA_HIGH|20251015|1760558700|FINAL,SSRP|ASIA_HIGH|20251015|1760558700|FINAL,4185.58,4185.58,4199.96,4199.96,4156.81,4156.81,true
2025.10.15 20:15:00,SHORT,ASIA_HIGH|20251015,SSRP|ASIA_HIGH|20251015|1760559000,SSRP|ASIA_HIGH|20251015|1760559000|FINAL,SSRP|ASIA_HIGH|20251015|1760559000|FINAL,4188.96,4188.96,4196.52,4196.52,4173.84,4173.84,true
2025.10.15 20:20:00,SHORT,ASIA_HIGH|20251015,SSRP|ASIA_HIGH|20251015|1760559300,SSRP|ASIA_HIGH|20251015|1760559300|FINAL,SSRP|ASIA_HIGH|20251015|1760559300|FINAL,4187.14,4187.14,4193.50,4193.50,4174.43,4174.43,true
2025.10.15 20:25:00,SHORT,ASIA_HIGH|20251015,SSRP|ASIA_HIGH|20251015|1760559600,SSRP|ASIA_HIGH|20251015|1760559600|FINAL,SSRP|ASIA_HIGH|20251015|1760559600|FINAL,4188.41,4188.41,4193.51,4193.51,4178.21,4178.21,true
2025.10.16 13:05:00,SHORT,ASIA_HIGH|20251016,SSRP|ASIA_HIGH|20251016|1760619600,SSRP|ASIA_HIGH|20251016|1760619600|FINAL,SSRP|ASIA_HIGH|20251016|1760619600|FINAL,4238.08,4238.08,4243.29,4243.29,4227.67,4227.67,true
2025.10.16 14:00:00,SHORT,ASIA_HIGH|20251016,SSRP|ASIA_HIGH|20251016|1760622900,SSRP|ASIA_HIGH|20251016|1760622900|FINAL,SSRP|ASIA_HIGH|20251016|1760622900|FINAL,4240.04,4240.04,4246.56,4246.56,4227.01,4227.01,true
2025.10.16 14:55:00,SHORT,ASIA_HIGH|20251016,SSRP|ASIA_HIGH|20251016|1760625600,SSRP|ASIA_HIGH|20251016|1760625600|FINAL,SSRP|ASIA_HIGH|20251016|1760625600|FINAL,4240.74,4240.74,4247.83,4247.83,4226.55,4226.55,true
2025.10.16 15:00:00,SHORT,ASIA_HIGH|20251016,SSRP|ASIA_HIGH|20251016|1760626500,SSRP|ASIA_HIGH|20251016|1760626500|FINAL,SSRP|ASIA_HIGH|20251016|1760626500|FINAL,4241.37,4241.37,4244.03,4244.03,4236.04,4236.04,true
2025.10.16 15:15:00,SHORT,ASIA_HIGH|20251016,SSRP|ASIA_HIGH|20251016|1760627400,SSRP|ASIA_HIGH|20251016|1760627400|FINAL,SSRP|ASIA_HIGH|20251016|1760627400|FINAL,4241.48,4241.48,4245.40,4245.40,4233.64,4233.64,true
2025.10.16 15:20:00,SHORT,ASIA_HIGH|20251016,SSRP|ASIA_HIGH|20251016|1760627700,SSRP|ASIA_HIGH|20251016|1760627700|FINAL,SSRP|ASIA_HIGH|20251016|1760627700|FINAL,4239.09,4239.09,4245.41,4245.41,4226.45,4226.45,true
2025.10.16 15:25:00,SHORT,ASIA_HIGH|20251016,SSRP|ASIA_HIGH|20251016|1760628000,SSRP|ASIA_HIGH|20251016|1760628000|FINAL,SSRP|ASIA_HIGH|20251016|1760628000|FINAL,4239.08,4239.08,4242.87,4242.87,4231.49,4231.49,true
2025.10.16 15:35:00,SHORT,ASIA_HIGH|20251016,SSRP|ASIA_HIGH|20251016|1760628600,SSRP|ASIA_HIGH|20251016|1760628600|FINAL,SSRP|ASIA_HIGH|20251016|1760628600|FINAL,4237.68,4237.68,4251.44,4251.44,4210.15,4210.15,true
2025.10.16 15:40:00,SHORT,ASIA_HIGH|20251016,SSRP|ASIA_HIGH|20251016|1760628900,SSRP|ASIA_HIGH|20251016|1760628900|FINAL,SSRP|ASIA_HIGH|20251016|1760628900|FINAL,4237.48,4237.48,4251.48,4251.48,4209.48,4209.48,true
2025.10.17 16:40:00,LONG,ASIA_LOW|20251017,SSRP|ASIA_LOW|20251017|1760718900,SSRP|ASIA_LOW|20251017|1760718900|FINAL,SSRP|ASIA_LOW|20251017|1760718900|FINAL,4286.09,4286.09,4257.78,4257.78,4342.71,4342.71,true
2025.10.21 09:40:00,LONG,ASIA_LOW|20251021,SSRP|ASIA_LOW|20251021|1761039000,SSRP|ASIA_LOW|20251021|1761039000|FINAL,SSRP|ASIA_LOW|20251021|1761039000|FINAL,4337.45,4337.45,4321.85,4321.85,4368.65,4368.65,true
2025.10.21 09:45:00,LONG,ASIA_LOW|20251021,SSRP|ASIA_LOW|20251021|1761039600,SSRP|ASIA_LOW|20251021|1761039600|FINAL,SSRP|ASIA_LOW|20251021|1761039600|FINAL,4343.97,4343.97,4328.47,4328.47,4374.97,4374.97,true
2025.10.22 08:25:00,SHORT,ASIA_HIGH|20251022,SSRP|ASIA_HIGH|20251022|1761120900,SSRP|ASIA_HIGH|20251022|1761120900|FINAL,SSRP|ASIA_HIGH|20251022|1761120900|FINAL,4140.62,4140.62,4147.36,4147.36,4127.13,4127.13,true
2025.10.22 08:30:00,SHORT,ASIA_HIGH|20251022,SSRP|ASIA_HIGH|20251022|1761121500,SSRP|ASIA_HIGH|20251022|1761121500|FINAL,SSRP|ASIA_HIGH|20251022|1761121500|FINAL,4136.00,4136.00,4145.52,4145.52,4116.95,4116.95,true
2025.10.22 08:50:00,SHORT,ASIA_HIGH|20251022,SSRP|ASIA_HIGH|20251022|1761122700,SSRP|ASIA_HIGH|20251022|1761122700|FINAL,SSRP|ASIA_HIGH|20251022|1761122700|FINAL,4138.13,4138.13,4145.63,4145.63,4123.13,4123.13,true
2025.10.22 10:00:00,SHORT,ASIA_HIGH|20251022,SSRP|ASIA_HIGH|20251022|1761126900,SSRP|ASIA_HIGH|20251022|1761126900|FINAL,SSRP|ASIA_HIGH|20251022|1761126900|FINAL,4142.05,4142.05,4161.61,4161.61,4102.93,4102.93,true
2025.10.22 10:05:00,SHORT,ASIA_HIGH|20251022,SSRP|ASIA_HIGH|20251022|1761127200,SSRP|ASIA_HIGH|20251022|1761127200|FINAL,SSRP|ASIA_HIGH|20251022|1761127200|FINAL,4139.58,4139.58,4156.84,4156.84,4105.06,4105.06,true
2025.10.22 10:10:00,SHORT,ASIA_HIGH|20251022,SSRP|ASIA_HIGH|20251022|1761127500,SSRP|ASIA_HIGH|20251022|1761127500|FINAL,SSRP|ASIA_HIGH|20251022|1761127500|FINAL,4137.70,4137.70,4146.06,4146.06,4120.97,4120.97,true
2025.10.22 10:15:00,SHORT,ASIA_HIGH|20251022,SSRP|ASIA_HIGH|20251022|1761127800,SSRP|ASIA_HIGH|20251022|1761127800|FINAL,SSRP|ASIA_HIGH|20251022|1761127800|FINAL,4139.82,4139.82,4146.06,4146.06,4127.33,4127.33,true
2025.10.22 10:25:00,SHORT,ASIA_HIGH|20251022,SSRP|ASIA_HIGH|20251022|1761128400,SSRP|ASIA_HIGH|20251022|1761128400|FINAL,SSRP|ASIA_HIGH|20251022|1761128400|FINAL,4141.87,4141.87,4145.26,4145.26,4135.08,4135.08,true
2025.10.22 10:30:00,SHORT,ASIA_HIGH|20251022,SSRP|ASIA_HIGH|20251022|1761128700,SSRP|ASIA_HIGH|20251022|1761128700|FINAL,SSRP|ASIA_HIGH|20251022|1761128700|FINAL,4139.86,4139.86,4145.13,4145.13,4129.32,4129.32,true
2025.10.22 10:50:00,SHORT,ASIA_HIGH|20251022,SSRP|ASIA_HIGH|20251022|1761129900,SSRP|ASIA_HIGH|20251022|1761129900|FINAL,SSRP|ASIA_HIGH|20251022|1761129900|FINAL,4138.28,4138.28,4148.41,4148.41,4118.02,4118.02,true
2025.10.22 10:55:00,SHORT,ASIA_HIGH|20251022,SSRP|ASIA_HIGH|20251022|1761130200,SSRP|ASIA_HIGH|20251022|1761130200|FINAL,SSRP|ASIA_HIGH|20251022|1761130200|FINAL,4132.91,4132.91,4145.07,4145.07,4108.58,4108.58,true
2025.10.23 09:35:00,SHORT,ASIA_HIGH|20251023,SSRP|ASIA_HIGH|20251023|1761211800,SSRP|ASIA_HIGH|20251023|1761211800|FINAL,SSRP|ASIA_HIGH|20251023|1761211800|FINAL,4113.48,4113.48,4128.09,4128.09,4084.25,4084.25,true
2025.10.23 09:55:00,SHORT,ASIA_HIGH|20251023,SSRP|ASIA_HIGH|20251023|1761212400,SSRP|ASIA_HIGH|20251023|1761212400|FINAL,SSRP|ASIA_HIGH|20251023|1761212400|FINAL,4113.66,4113.66,4124.32,4124.32,4092.34,4092.34,true
2025.10.23 10:05:00,SHORT,ASIA_HIGH|20251023,SSRP|ASIA_HIGH|20251023|1761213600,SSRP|ASIA_HIGH|20251023|1761213600|FINAL,SSRP|ASIA_HIGH|20251023|1761213600|FINAL,4115.16,4115.16,4121.66,4121.66,4102.16,4102.16,true
2025.10.23 10:10:00,SHORT,ASIA_HIGH|20251023,SSRP|ASIA_HIGH|20251023|1761213900,SSRP|ASIA_HIGH|20251023|1761213900|FINAL,SSRP|ASIA_HIGH|20251023|1761213900|FINAL,4114.51,4114.51,4121.62,4121.62,4100.29,4100.29,true
2025.10.23 10:25:00,SHORT,ASIA_HIGH|20251023,SSRP|ASIA_HIGH|20251023|1761214500,SSRP|ASIA_HIGH|20251023|1761214500|FINAL,SSRP|ASIA_HIGH|20251023|1761214500|FINAL,4115.52,4115.52,4120.56,4120.56,4105.43,4105.43,true
2025.10.23 10:30:00,SHORT,ASIA_HIGH|20251023,SSRP|ASIA_HIGH|20251023|1761215100,SSRP|ASIA_HIGH|20251023|1761215100|FINAL,SSRP|ASIA_HIGH|20251023|1761215100|FINAL,4111.49,4111.49,4119.71,4119.71,4095.05,4095.05,true
2025.10.23 11:25:00,SHORT,ASIA_HIGH|20251023,SSRP|ASIA_HIGH|20251023|1761218400,SSRP|ASIA_HIGH|20251023|1761218400|FINAL,SSRP|ASIA_HIGH|20251023|1761218400|FINAL,4113.98,4113.98,4119.31,4119.31,4103.33,4103.33,true
2025.10.23 11:55:00,SHORT,ASIA_HIGH|20251023,SSRP|ASIA_HIGH|20251023|1761220200,SSRP|ASIA_HIGH|20251023|1761220200|FINAL,SSRP|ASIA_HIGH|20251023|1761220200|FINAL,4116.14,4116.14,4118.66,4118.66,4111.11,4111.11,true
2025.10.23 12:05:00,SHORT,ASIA_HIGH|20251023,SSRP|ASIA_HIGH|20251023|1761220800,SSRP|ASIA_HIGH|20251023|1761220800|FINAL,SSRP|ASIA_HIGH|20251023|1761220800|FINAL,4116.26,4116.26,4121.38,4121.38,4106.03,4106.03,true
2025.10.23 12:40:00,SHORT,ASIA_HIGH|20251023,SSRP|ASIA_HIGH|20251023|1761222900,SSRP|ASIA_HIGH|20251023|1761222900|FINAL,SSRP|ASIA_HIGH|20251023|1761222900|FINAL,4114.34,4114.34,4123.96,4123.96,4095.09,4095.09,true
2025.10.23 13:25:00,SHORT,ASIA_HIGH|20251023,SSRP|ASIA_HIGH|20251023|1761225000,SSRP|ASIA_HIGH|20251023|1761225000|FINAL,SSRP|ASIA_HIGH|20251023|1761225000|FINAL,4110.10,4110.10,4123.05,4123.05,4084.20,4084.20,true
2025.10.23 13:30:00,SHORT,ASIA_HIGH|20251023,SSRP|ASIA_HIGH|20251023|1761225900,SSRP|ASIA_HIGH|20251023|1761225900|FINAL,SSRP|ASIA_HIGH|20251023|1761225900|FINAL,4112.46,4112.46,4120.83,4120.83,4095.72,4095.72,true
2025.10.23 13:40:00,SHORT,ASIA_HIGH|20251023,SSRP|ASIA_HIGH|20251023|1761226500,SSRP|ASIA_HIGH|20251023|1761226500|FINAL,SSRP|ASIA_HIGH|20251023|1761226500|FINAL,4110.32,4110.32,4119.79,4119.79,4091.38,4091.38,true
2025.10.23 13:45:00,SHORT,ASIA_HIGH|20251023,SSRP|ASIA_HIGH|20251023|1761226800,SSRP|ASIA_HIGH|20251023|1761226800|FINAL,SSRP|ASIA_HIGH|20251023|1761226800|FINAL,4111.20,4111.20,4118.29,4118.29,4097.02,4097.02,true
2025.10.23 14:15:00,SHORT,ASIA_HIGH|20251023,SSRP|ASIA_HIGH|20251023|1761228000,SSRP|ASIA_HIGH|20251023|1761228000|FINAL,SSRP|ASIA_HIGH|20251023|1761228000|FINAL,4114.70,4114.70,4121.12,4121.12,4101.85,4101.85,true
2025.10.23 14:20:00,SHORT,ASIA_HIGH|20251023,SSRP|ASIA_HIGH|20251023|1761228900,SSRP|ASIA_HIGH|20251023|1761228900|FINAL,SSRP|ASIA_HIGH|20251023|1761228900|FINAL,4113.88,4113.88,4118.48,4118.48,4104.69,4104.69,true
2025.10.23 14:50:00,SHORT,ASIA_HIGH|20251023,SSRP|ASIA_HIGH|20251023|1761230700,SSRP|ASIA_HIGH|20251023|1761230700|FINAL,SSRP|ASIA_HIGH|20251023|1761230700|FINAL,4115.33,4115.33,4117.99,4117.99,4110.00,4110.00,true
2025.10.23 23:00:00,SHORT,ASIA_HIGH|20251023,SSRP|ASIA_HIGH|20251023|1761259800,SSRP|ASIA_HIGH|20251023|1761259800|FINAL,SSRP|ASIA_HIGH|20251023|1761259800|FINAL,4115.64,4115.64,4122.04,4122.04,4102.83,4102.83,true
2025.10.23 23:05:00,SHORT,ASIA_HIGH|20251023,SSRP|ASIA_HIGH|20251023|1761260400,SSRP|ASIA_HIGH|20251023|1761260400|FINAL,SSRP|ASIA_HIGH|20251023|1761260400|FINAL,4114.47,4114.47,4119.65,4119.65,4104.11,4104.11,true
2025.10.23 23:10:00,SHORT,ASIA_HIGH|20251023,SSRP|ASIA_HIGH|20251023|1761260700,SSRP|ASIA_HIGH|20251023|1761260700|FINAL,SSRP|ASIA_HIGH|20251023|1761260700|FINAL,4113.34,4113.34,4119.19,4119.19,4101.64,4101.64,true
2025.10.24 16:05:00,LONG,ASIA_LOW|20251024,SSRP|ASIA_LOW|20251024|1761321600,SSRP|ASIA_LOW|20251024|1761321600|FINAL,SSRP|ASIA_LOW|20251024|1761321600|FINAL,4110.83,4110.83,4078.71,4078.71,4175.07,4175.07,true
2025.10.24 16:10:00,LONG,ASIA_LOW|20251024,SSRP|ASIA_LOW|20251024|1761321900,SSRP|ASIA_LOW|20251024|1761321900|FINAL,SSRP|ASIA_LOW|20251024|1761321900|FINAL,4111.93,4111.93,4088.23,4088.23,4159.33,4159.33,true
2025.10.24 16:45:00,LONG,ASIA_LOW|20251024,SSRP|ASIA_LOW|20251024|1761324000,SSRP|ASIA_LOW|20251024|1761324000|FINAL,SSRP|ASIA_LOW|20251024|1761324000|FINAL,4105.91,4105.91,4097.31,4097.31,4123.12,4123.12,true
2025.10.24 16:50:00,LONG,ASIA_LOW|20251024,SSRP|ASIA_LOW|20251024|1761324300,SSRP|ASIA_LOW|20251024|1761324300|FINAL,SSRP|ASIA_LOW|20251024|1761324300|FINAL,4108.62,4108.62,4097.30,4097.30,4131.25,4131.25,true
2025.10.24 16:55:00,LONG,ASIA_LOW|20251024,SSRP|ASIA_LOW|20251024|1761324600,SSRP|ASIA_LOW|20251024|1761324600|FINAL,SSRP|ASIA_LOW|20251024|1761324600|FINAL,4106.95,4106.95,4097.89,4097.89,4125.07,4125.07,true
2025.10.24 21:15:00,LONG,ASIA_LOW|20251024,SSRP|ASIA_LOW|20251024|1761340200,SSRP|ASIA_LOW|20251024|1761340200|FINAL,SSRP|ASIA_LOW|20251024|1761340200|FINAL,4109.68,4109.68,4101.55,4101.55,4125.95,4125.95,true
2025.10.24 22:55:00,LONG,ASIA_LOW|20251024,SSRP|ASIA_LOW|20251024|1761346200,SSRP|ASIA_LOW|20251024|1761346200|FINAL,SSRP|ASIA_LOW|20251024|1761346200|FINAL,4103.76,4103.76,4101.99,4101.99,4107.30,4107.30,true
2025.10.24 23:35:00,LONG,ASIA_LOW|20251024,SSRP|ASIA_LOW|20251024|1761348300,SSRP|ASIA_LOW|20251024|1761348300|FINAL,SSRP|ASIA_LOW|20251024|1761348300|FINAL,4106.80,4106.80,4097.87,4097.87,4124.66,4124.66,true
2025.10.24 23:40:00,LONG,ASIA_LOW|20251024,SSRP|ASIA_LOW|20251024|1761348900,SSRP|ASIA_LOW|20251024|1761348900|FINAL,SSRP|ASIA_LOW|20251024|1761348900|FINAL,4108.73,4108.73,4101.69,4101.69,4122.81,4122.81,true
2025.10.28 08:45:00,LONG,ASIA_LOW|20251028,SSRP|ASIA_LOW|20251028|1761640500,SSRP|ASIA_LOW|20251028|1761640500|FINAL,SSRP|ASIA_LOW|20251028|1761640500|FINAL,3965.41,3965.41,3958.71,3958.71,3978.81,3978.81,true
2025.10.28 08:55:00,LONG,ASIA_LOW|20251028,SSRP|ASIA_LOW|20251028|1761641100,SSRP|ASIA_LOW|20251028|1761641100|FINAL,SSRP|ASIA_LOW|20251028|1761641100|FINAL,3966.54,3966.54,3959.65,3959.65,3980.33,3980.33,true
2025.10.28 18:45:00,LONG,ASIA_LOW|20251028,SSRP|ASIA_LOW|20251028|1761675900,SSRP|ASIA_LOW|20251028|1761675900|FINAL,SSRP|ASIA_LOW|20251028|1761675900|FINAL,3966.08,3966.08,3956.28,3956.28,3985.67,3985.67,true
2025.10.28 20:05:00,LONG,ASIA_LOW|20251028,SSRP|ASIA_LOW|20251028|1761681600,SSRP|ASIA_LOW|20251028|1761681600|FINAL,SSRP|ASIA_LOW|20251028|1761681600|FINAL,3965.49,3965.49,3956.23,3956.23,3984.02,3984.02,true
2025.10.28 20:10:00,LONG,ASIA_LOW|20251028,SSRP|ASIA_LOW|20251028|1761681900,SSRP|ASIA_LOW|20251028|1761681900|FINAL,SSRP|ASIA_LOW|20251028|1761681900|FINAL,3969.50,3969.50,3956.45,3956.45,3995.61,3995.61,true
2025.10.28 20:15:00,LONG,ASIA_LOW|20251028,SSRP|ASIA_LOW|20251028|1761682200,SSRP|ASIA_LOW|20251028|1761682200|FINAL,SSRP|ASIA_LOW|20251028|1761682200|FINAL,3964.97,3964.97,3961.91,3961.91,3971.08,3971.08,true
2025.10.28 20:35:00,LONG,ASIA_LOW|20251028,SSRP|ASIA_LOW|20251028|1761683400,SSRP|ASIA_LOW|20251028|1761683400|FINAL,SSRP|ASIA_LOW|20251028|1761683400|FINAL,3964.89,3964.89,3961.04,3961.04,3972.59,3972.59,true
2025.10.29 09:50:00,SHORT,ASIA_HIGH|20251029,SSRP|ASIA_HIGH|20251029|1761731100,SSRP|ASIA_HIGH|20251029|1761731100|FINAL,SSRP|ASIA_HIGH|20251029|1761731100|FINAL,3979.88,3979.88,3985.32,3985.32,3969.00,3969.00,true
2025.10.29 09:55:00,SHORT,ASIA_HIGH|20251029,SSRP|ASIA_HIGH|20251029|1761731400,SSRP|ASIA_HIGH|20251029|1761731400|FINAL,SSRP|ASIA_HIGH|20251029|1761731400|FINAL,3978.26,3978.26,3983.36,3983.36,3968.06,3968.06,true
2025.10.29 21:20:00,SHORT,ASIA_HIGH|20251029,SSRP|ASIA_HIGH|20251029|1761772500,SSRP|ASIA_HIGH|20251029|1761772500|FINAL,SSRP|ASIA_HIGH|20251029|1761772500|FINAL,3981.40,3981.40,3989.99,3989.99,3964.22,3964.22,true
2025.10.29 21:25:00,SHORT,ASIA_HIGH|20251029,SSRP|ASIA_HIGH|20251029|1761772800,SSRP|ASIA_HIGH|20251029|1761772800|FINAL,SSRP|ASIA_HIGH|20251029|1761772800|FINAL,3981.11,3981.11,3989.72,3989.72,3963.89,3963.89,true
2025.10.29 21:35:00,SHORT,ASIA_HIGH|20251029,SSRP|ASIA_HIGH|20251029|1761773100,SSRP|ASIA_HIGH|20251029|1761773100|FINAL,SSRP|ASIA_HIGH|20251029|1761773100|FINAL,3951.76,3951.76,3989.81,3989.81,3875.66,3875.66,true
2025.10.29 21:40:00,SHORT,ASIA_HIGH|20251029,SSRP|ASIA_HIGH|20251029|1761773700,SSRP|ASIA_HIGH|20251029|1761773700|FINAL,SSRP|ASIA_HIGH|20251029|1761773700|FINAL,3954.60,3954.60,3987.32,3987.32,3889.16,3889.16,true
2025.10.30 13:30:00,SHORT,ASIA_HIGH|20251030,SSRP|ASIA_HIGH|20251030|1761830700,SSRP|ASIA_HIGH|20251030|1761830700|FINAL,SSRP|ASIA_HIGH|20251030|1761830700|FINAL,3979.90,3979.90,3991.06,3991.06,3957.58,3957.58,true
2025.10.30 13:35:00,SHORT,ASIA_HIGH|20251030,SSRP|ASIA_HIGH|20251030|1761831000,SSRP|ASIA_HIGH|20251030|1761831000|FINAL,SSRP|ASIA_HIGH|20251030|1761831000|FINAL,3981.27,3981.27,3988.86,3988.86,3966.09,3966.09,true
2025.10.30 14:05:00,SHORT,ASIA_HIGH|20251030,SSRP|ASIA_HIGH|20251030|1761832200,SSRP|ASIA_HIGH|20251030|1761832200|FINAL,SSRP|ASIA_HIGH|20251030|1761832200|FINAL,3978.92,3978.92,3987.46,3987.46,3961.84,3961.84,true
2025.10.30 14:10:00,SHORT,ASIA_HIGH|20251030,SSRP|ASIA_HIGH|20251030|1761833100,SSRP|ASIA_HIGH|20251030|1761833100|FINAL,SSRP|ASIA_HIGH|20251030|1761833100|FINAL,3977.37,3977.37,3983.46,3983.46,3965.19,3965.19,true
2025.10.30 15:20:00,SHORT,ASIA_HIGH|20251030,SSRP|ASIA_HIGH|20251030|1761837300,SSRP|ASIA_HIGH|20251030|1761837300|FINAL,SSRP|ASIA_HIGH|20251030|1761837300|FINAL,3977.89,3977.89,3985.44,3985.44,3962.78,3962.78,true
2025.10.30 15:25:00,SHORT,ASIA_HIGH|20251030,SSRP|ASIA_HIGH|20251030|1761837600,SSRP|ASIA_HIGH|20251030|1761837600|FINAL,SSRP|ASIA_HIGH|20251030|1761837600|FINAL,3970.91,3970.91,3984.83,3984.83,3943.08,3943.08,true
2025.10.31 20:40:00,LONG,ASIA_LOW|20251031,SSRP|ASIA_LOW|20251031|1761942600,SSRP|ASIA_LOW|20251031|1761942600|FINAL,SSRP|ASIA_LOW|20251031|1761942600|FINAL,3998.51,3998.51,3980.38,3980.38,4034.77,4034.77,true
2025.10.31 20:45:00,LONG,ASIA_LOW|20251031,SSRP|ASIA_LOW|20251031|1761943200,SSRP|ASIA_LOW|20251031|1761943200|FINAL,SSRP|ASIA_LOW|20251031|1761943200|FINAL,4001.03,4001.03,3987.71,3987.71,4027.67,4027.67,true
2025.11.03 09:10:00,SHORT,ASIA_HIGH|20251103,SSRP|ASIA_HIGH|20251103|1762160400,SSRP|ASIA_HIGH|20251103|1762160400|FINAL,SSRP|ASIA_HIGH|20251103|1762160400|FINAL,4015.46,4015.46,4023.83,4023.83,3998.71,3998.71,true
2025.11.03 09:15:00,SHORT,ASIA_HIGH|20251103,SSRP|ASIA_HIGH|20251103|1762161000,SSRP|ASIA_HIGH|20251103|1762161000|FINAL,SSRP|ASIA_HIGH|20251103|1762161000|FINAL,4015.22,4015.22,4020.40,4020.40,4004.87,4004.87,true
2025.11.03 09:30:00,SHORT,ASIA_HIGH|20251103,SSRP|ASIA_HIGH|20251103|1762161900,SSRP|ASIA_HIGH|20251103|1762161900|FINAL,SSRP|ASIA_HIGH|20251103|1762161900|FINAL,4017.64,4017.64,4020.70,4020.70,4011.51,4011.51,true
2025.11.03 10:20:00,SHORT,ASIA_HIGH|20251103,SSRP|ASIA_HIGH|20251103|1762164600,SSRP|ASIA_HIGH|20251103|1762164600|FINAL,SSRP|ASIA_HIGH|20251103|1762164600|FINAL,4016.58,4016.58,4027.20,4027.20,3995.33,3995.33,true
2025.11.03 10:25:00,SHORT,ASIA_HIGH|20251103,SSRP|ASIA_HIGH|20251103|1762165200,SSRP|ASIA_HIGH|20251103|1762165200|FINAL,SSRP|ASIA_HIGH|20251103|1762165200|FINAL,4014.44,4014.44,4020.53,4020.53,4002.25,4002.25,true
2025.11.03 11:15:00,SHORT,ASIA_HIGH|20251103,SSRP|ASIA_HIGH|20251103|1762168200,SSRP|ASIA_HIGH|20251103|1762168200|FINAL,SSRP|ASIA_HIGH|20251103|1762168200|FINAL,4017.55,4017.55,4025.90,4025.90,4000.86,4000.86,true
2025.11.03 11:20:00,SHORT,ASIA_HIGH|20251103,SSRP|ASIA_HIGH|20251103|1762168500,SSRP|ASIA_HIGH|20251103|1762168500|FINAL,SSRP|ASIA_HIGH|20251103|1762168500|FINAL,4014.72,4014.72,4022.40,4022.40,3999.35,3999.35,true
2025.11.03 11:25:00,SHORT,ASIA_HIGH|20251103,SSRP|ASIA_HIGH|20251103|1762168800,SSRP|ASIA_HIGH|20251103|1762168800|FINAL,SSRP|ASIA_HIGH|20251103|1762168800|FINAL,4007.58,4007.58,4020.00,4020.00,3982.74,3982.74,true
2025.11.03 15:25:00,SHORT,ASIA_HIGH|20251103,SSRP|ASIA_HIGH|20251103|1762183200,SSRP|ASIA_HIGH|20251103|1762183200|FINAL,SSRP|ASIA_HIGH|20251103|1762183200|FINAL,4014.45,4014.45,4019.84,4019.84,4003.68,4003.68,true
2025.11.03 15:40:00,SHORT,ASIA_HIGH|20251103,SSRP|ASIA_HIGH|20251103|1762184100,SSRP|ASIA_HIGH|20251103|1762184100|FINAL,SSRP|ASIA_HIGH|20251103|1762184100|FINAL,4017.33,4017.33,4020.83,4020.83,4010.34,4010.34,true
2025.11.03 16:05:00,SHORT,ASIA_HIGH|20251103,SSRP|ASIA_HIGH|20251103|1762185600,SSRP|ASIA_HIGH|20251103|1762185600|FINAL,SSRP|ASIA_HIGH|20251103|1762185600|FINAL,4013.46,4013.46,4020.83,4020.83,3998.73,3998.73,true
2025.11.03 16:25:00,SHORT,ASIA_HIGH|20251103,SSRP|ASIA_HIGH|20251103|1762186800,SSRP|ASIA_HIGH|20251103|1762186800|FINAL,SSRP|ASIA_HIGH|20251103|1762186800|FINAL,4010.09,4010.09,4020.66,4020.66,3988.96,3988.96,true
2025.11.03 17:20:00,SHORT,ASIA_HIGH|20251103,SSRP|ASIA_HIGH|20251103|1762190100,SSRP|ASIA_HIGH|20251103|1762190100|FINAL,SSRP|ASIA_HIGH|20251103|1762190100|FINAL,4018.24,4018.24,4029.01,4029.01,3996.70,3996.70,true
2025.11.03 17:25:00,SHORT,ASIA_HIGH|20251103,SSRP|ASIA_HIGH|20251103|1762190400,SSRP|ASIA_HIGH|20251103|1762190400|FINAL,SSRP|ASIA_HIGH|20251103|1762190400|FINAL,4011.24,4011.24,4028.36,4028.36,3976.99,3976.99,true
2025.11.03 17:30:00,SHORT,ASIA_HIGH|20251103,SSRP|ASIA_HIGH|20251103|1762190700,SSRP|ASIA_HIGH|20251103|1762190700|FINAL,SSRP|ASIA_HIGH|20251103|1762190700|FINAL,4013.12,4013.12,4020.33,4020.33,3998.71,3998.71,true
2025.11.03 17:50:00,SHORT,ASIA_HIGH|20251103,SSRP|ASIA_HIGH|20251103|1762191600,SSRP|ASIA_HIGH|20251103|1762191600|FINAL,SSRP|ASIA_HIGH|20251103|1762191600|FINAL,4010.34,4010.34,4024.15,4024.15,3982.72,3982.72,true
2025.11.04 08:10:00,LONG,ASIA_LOW|20251104,SSRP|ASIA_LOW|20251104|1762243200,SSRP|ASIA_LOW|20251104|1762243200|FINAL,SSRP|ASIA_LOW|20251104|1762243200|FINAL,3974.55,3974.55,3966.52,3966.52,3990.62,3990.62,true
2025.11.04 08:15:00,LONG,ASIA_LOW|20251104,SSRP|ASIA_LOW|20251104|1762243800,SSRP|ASIA_LOW|20251104|1762243800|FINAL,SSRP|ASIA_LOW|20251104|1762243800|FINAL,3974.92,3974.92,3968.77,3968.77,3987.22,3987.22,true
2025.11.04 08:25:00,LONG,ASIA_LOW|20251104,SSRP|ASIA_LOW|20251104|1762244400,SSRP|ASIA_LOW|20251104|1762244400|FINAL,SSRP|ASIA_LOW|20251104|1762244400|FINAL,3975.56,3975.56,3968.37,3968.37,3989.93,3989.93,true
2025.11.04 08:30:00,LONG,ASIA_LOW|20251104,SSRP|ASIA_LOW|20251104|1762244700,SSRP|ASIA_LOW|20251104|1762244700|FINAL,SSRP|ASIA_LOW|20251104|1762244700|FINAL,3977.18,3977.18,3969.16,3969.16,3993.21,3993.21,true
2025.11.04 15:55:00,LONG,ASIA_LOW|20251104,SSRP|ASIA_LOW|20251104|1762271400,SSRP|ASIA_LOW|20251104|1762271400|FINAL,SSRP|ASIA_LOW|20251104|1762271400|FINAL,3975.69,3975.69,3971.59,3971.59,3983.88,3983.88,true
2025.11.04 16:10:00,LONG,ASIA_LOW|20251104,SSRP|ASIA_LOW|20251104|1762272000,SSRP|ASIA_LOW|20251104|1762272000|FINAL,SSRP|ASIA_LOW|20251104|1762272000|FINAL,3975.74,3975.74,3963.62,3963.62,3999.98,3999.98,true
2025.11.04 18:20:00,LONG,ASIA_LOW|20251104,SSRP|ASIA_LOW|20251104|1762280100,SSRP|ASIA_LOW|20251104|1762280100|FINAL,SSRP|ASIA_LOW|20251104|1762280100|FINAL,3974.47,3974.47,3963.23,3963.23,3996.95,3996.95,true
2025.11.05 11:10:00,SHORT,ASIA_HIGH|20251105,SSRP|ASIA_HIGH|20251105|1762339800,SSRP|ASIA_HIGH|20251105|1762339800|FINAL,SSRP|ASIA_HIGH|20251105|1762339800|FINAL,3975.49,3975.49,3983.77,3983.77,3958.94,3958.94,true
2025.11.05 15:55:00,SHORT,ASIA_HIGH|20251105,SSRP|ASIA_HIGH|20251105|1762357800,SSRP|ASIA_HIGH|20251105|1762357800|FINAL,SSRP|ASIA_HIGH|20251105|1762357800|FINAL,3975.82,3975.82,3979.98,3979.98,3967.50,3967.50,true
2025.11.05 16:00:00,SHORT,ASIA_HIGH|20251105,SSRP|ASIA_HIGH|20251105|1762358100,SSRP|ASIA_HIGH|20251105|1762358100|FINAL,SSRP|ASIA_HIGH|20251105|1762358100|FINAL,3977.05,3977.05,3979.98,3979.98,3971.18,3971.18,true
2025.11.05 16:40:00,SHORT,ASIA_HIGH|20251105,SSRP|ASIA_HIGH|20251105|1762360500,SSRP|ASIA_HIGH|20251105|1762360500|FINAL,SSRP|ASIA_HIGH|20251105|1762360500|FINAL,3976.24,3976.24,3985.77,3985.77,3957.17,3957.17,true
2025.11.05 16:45:00,SHORT,ASIA_HIGH|20251105,SSRP|ASIA_HIGH|20251105|1762360800,SSRP|ASIA_HIGH|20251105|1762360800|FINAL,SSRP|ASIA_HIGH|20251105|1762360800|FINAL,3972.41,3972.41,3983.80,3983.80,3949.64,3949.64,true
2025.11.05 17:55:00,SHORT,ASIA_HIGH|20251105,SSRP|ASIA_HIGH|20251105|1762364400,SSRP|ASIA_HIGH|20251105|1762364400|FINAL,SSRP|ASIA_HIGH|20251105|1762364400|FINAL,3978.27,3978.27,3984.77,3984.77,3965.27,3965.27,true
2025.11.05 18:10:00,SHORT,ASIA_HIGH|20251105,SSRP|ASIA_HIGH|20251105|1762365900,SSRP|ASIA_HIGH|20251105|1762365900|FINAL,SSRP|ASIA_HIGH|20251105|1762365900|FINAL,3976.56,3976.56,3982.35,3982.35,3964.97,3964.97,true
2025.11.05 18:15:00,SHORT,ASIA_HIGH|20251105,SSRP|ASIA_HIGH|20251105|1762366200,SSRP|ASIA_HIGH|20251105|1762366200|FINAL,SSRP|ASIA_HIGH|20251105|1762366200|FINAL,3976.95,3976.95,3982.35,3982.35,3966.16,3966.16,true
2025.11.06 17:00:00,SHORT,ASIA_HIGH|20251106,SSRP|ASIA_HIGH|20251106|1762447800,SSRP|ASIA_HIGH|20251106|1762447800|FINAL,SSRP|ASIA_HIGH|20251106|1762447800|FINAL,3979.51,3979.51,3999.74,3999.74,3939.05,3939.05,true
2025.11.06 17:05:00,SHORT,ASIA_HIGH|20251106,SSRP|ASIA_HIGH|20251106|1762448400,SSRP|ASIA_HIGH|20251106|1762448400|FINAL,SSRP|ASIA_HIGH|20251106|1762448400|FINAL,3982.32,3982.32,3994.06,3994.06,3958.83,3958.83,true
2025.11.06 21:40:00,SHORT,ASIA_HIGH|20251106,SSRP|ASIA_HIGH|20251106|1762464000,SSRP|ASIA_HIGH|20251106|1762464000|FINAL,SSRP|ASIA_HIGH|20251106|1762464000|FINAL,3989.45,3989.45,3994.43,3994.43,3979.49,3979.49,true
2025.11.06 21:45:00,SHORT,ASIA_HIGH|20251106,SSRP|ASIA_HIGH|20251106|1762465200,SSRP|ASIA_HIGH|20251106|1762465200|FINAL,SSRP|ASIA_HIGH|20251106|1762465200|FINAL,3985.28,3985.28,3991.63,3991.63,3972.58,3972.58,true
2025.11.07 13:20:00,SHORT,ASIA_HIGH|20251107,SSRP|ASIA_HIGH|20251107|1762520700,SSRP|ASIA_HIGH|20251107|1762520700|FINAL,SSRP|ASIA_HIGH|20251107|1762520700|FINAL,4002.45,4002.45,4011.95,4011.95,3983.44,3983.44,true
2025.11.07 13:25:00,SHORT,ASIA_HIGH|20251107,SSRP|ASIA_HIGH|20251107|1762521600,SSRP|ASIA_HIGH|20251107|1762521600|FINAL,SSRP|ASIA_HIGH|20251107|1762521600|FINAL,3999.21,3999.21,4008.02,4008.02,3981.60,3981.60,true
2025.11.07 14:20:00,SHORT,ASIA_HIGH|20251107,SSRP|ASIA_HIGH|20251107|1762524300,SSRP|ASIA_HIGH|20251107|1762524300|FINAL,SSRP|ASIA_HIGH|20251107|1762524300|FINAL,4001.53,4001.53,4008.63,4008.63,3987.33,3987.33,true
2025.11.07 14:25:00,SHORT,ASIA_HIGH|20251107,SSRP|ASIA_HIGH|20251107|1762525200,SSRP|ASIA_HIGH|20251107|1762525200|FINAL,SSRP|ASIA_HIGH|20251107|1762525200|FINAL,3998.28,3998.28,4004.68,4004.68,3985.48,3985.48,true
2025.11.07 16:25:00,SHORT,ASIA_HIGH|20251107,SSRP|ASIA_HIGH|20251107|1762531800,SSRP|ASIA_HIGH|20251107|1762531800|FINAL,SSRP|ASIA_HIGH|20251107|1762531800|FINAL,4000.70,4000.70,4007.74,4007.74,3986.63,3986.63,true
2025.11.07 16:30:00,SHORT,ASIA_HIGH|20251107,SSRP|ASIA_HIGH|20251107|1762532700,SSRP|ASIA_HIGH|20251107|1762532700|FINAL,SSRP|ASIA_HIGH|20251107|1762532700|FINAL,3993.37,3993.37,4006.09,4006.09,3967.93,3967.93,true
2025.11.07 19:05:00,SHORT,ASIA_HIGH|20251107,SSRP|ASIA_HIGH|20251107|1762541700,SSRP|ASIA_HIGH|20251107|1762541700|FINAL,SSRP|ASIA_HIGH|20251107|1762541700|FINAL,4000.86,4000.86,4014.22,4014.22,3974.15,3974.15,true
2025.11.07 19:10:00,SHORT,ASIA_HIGH|20251107,SSRP|ASIA_HIGH|20251107|1762542300,SSRP|ASIA_HIGH|20251107|1762542300|FINAL,SSRP|ASIA_HIGH|20251107|1762542300|FINAL,3999.93,3999.93,4006.18,4006.18,3987.44,3987.44,true
2025.11.07 20:20:00,SHORT,ASIA_HIGH|20251107,SSRP|ASIA_HIGH|20251107|1762545300,SSRP|ASIA_HIGH|20251107|1762545300|FINAL,SSRP|ASIA_HIGH|20251107|1762545300|FINAL,4002.95,4002.95,4009.27,4009.27,3990.31,3990.31,true
2025.11.07 20:25:00,SHORT,ASIA_HIGH|20251107,SSRP|ASIA_HIGH|20251107|1762546800,SSRP|ASIA_HIGH|20251107|1762546800|FINAL,SSRP|ASIA_HIGH|20251107|1762546800|FINAL,4002.80,4002.80,4005.57,4005.57,3997.26,3997.26,true
2025.11.07 21:40:00,SHORT,ASIA_HIGH|20251107,SSRP|ASIA_HIGH|20251107|1762551300,SSRP|ASIA_HIGH|20251107|1762551300|FINAL,SSRP|ASIA_HIGH|20251107|1762551300|FINAL,4003.05,4003.05,4007.54,4007.54,3994.06,3994.06,true
2025.11.07 22:15:00,SHORT,ASIA_HIGH|20251107,SSRP|ASIA_HIGH|20251107|1762553400,SSRP|ASIA_HIGH|20251107|1762553400|FINAL,SSRP|ASIA_HIGH|20251107|1762553400|FINAL,3998.36,3998.36,4005.95,4005.95,3983.18,3983.18,true
2025.11.07 22:20:00,SHORT,ASIA_HIGH|20251107,SSRP|ASIA_HIGH|20251107|1762553700,SSRP|ASIA_HIGH|20251107|1762553700|FINAL,SSRP|ASIA_HIGH|20251107|1762553700|FINAL,3996.41,3996.41,4005.64,4005.64,3977.95,3977.95,true
2025.11.07 23:10:00,SHORT,ASIA_HIGH|20251107,SSRP|ASIA_HIGH|20251107|1762556100,SSRP|ASIA_HIGH|20251107|1762556100|FINAL,SSRP|ASIA_HIGH|20251107|1762556100|FINAL,4002.73,4002.73,4006.12,4006.12,3995.96,3995.96,true
2025.11.07 23:15:00,SHORT,ASIA_HIGH|20251107,SSRP|ASIA_HIGH|20251107|1762557000,SSRP|ASIA_HIGH|20251107|1762557000|FINAL,SSRP|ASIA_HIGH|20251107|1762557000|FINAL,4001.98,4001.98,4004.50,4004.50,3996.93,3996.93,true
2025.11.10 08:10:00,SHORT,ASIA_HIGH|20251110,SSRP|ASIA_HIGH|20251110|1762761600,SSRP|ASIA_HIGH|20251110|1762761600|FINAL,SSRP|ASIA_HIGH|20251110|1762761600|FINAL,4067.77,4067.77,4071.16,4071.16,4060.98,4060.98,true
2025.11.11 19:10:00,LONG,ASIA_LOW|20251111,SSRP|ASIA_LOW|20251111|1762887900,SSRP|ASIA_LOW|20251111|1762887900|FINAL,SSRP|ASIA_LOW|20251111|1762887900|FINAL,4115.85,4115.85,4112.66,4112.66,4122.22,4122.22,true
2025.11.11 20:00:00,LONG,ASIA_LOW|20251111,SSRP|ASIA_LOW|20251111|1762889400,SSRP|ASIA_LOW|20251111|1762889400|FINAL,SSRP|ASIA_LOW|20251111|1762889400|FINAL,4115.23,4115.23,4110.59,4110.59,4124.51,4124.51,true
2025.11.11 21:00:00,LONG,ASIA_LOW|20251111,SSRP|ASIA_LOW|20251111|1762893600,SSRP|ASIA_LOW|20251111|1762893600|FINAL,SSRP|ASIA_LOW|20251111|1762893600|FINAL,4114.87,4114.87,4108.53,4108.53,4127.56,4127.56,true
2025.11.11 21:05:00,LONG,ASIA_LOW|20251111,SSRP|ASIA_LOW|20251111|1762894800,SSRP|ASIA_LOW|20251111|1762894800|FINAL,SSRP|ASIA_LOW|20251111|1762894800|FINAL,4115.46,4115.46,4111.85,4111.85,4122.69,4122.69,true
2025.11.13 16:05:00,SHORT,ASIA_HIGH|20251113,SSRP|ASIA_HIGH|20251113|1763049600,SSRP|ASIA_HIGH|20251113|1763049600|FINAL,SSRP|ASIA_HIGH|20251113|1763049600|FINAL,4216.26,4216.26,4232.69,4232.69,4183.39,4183.39,true
2025.11.13 16:15:00,SHORT,ASIA_HIGH|20251113,SSRP|ASIA_HIGH|20251113|1763049900,SSRP|ASIA_HIGH|20251113|1763049900|FINAL,SSRP|ASIA_HIGH|20251113|1763049900|FINAL,4217.25,4217.25,4226.32,4226.32,4199.11,4199.11,true
2025.11.13 16:20:00,SHORT,ASIA_HIGH|20251113,SSRP|ASIA_HIGH|20251113|1763050500,SSRP|ASIA_HIGH|20251113|1763050500|FINAL,SSRP|ASIA_HIGH|20251113|1763050500|FINAL,4215.74,4215.74,4221.39,4221.39,4204.44,4204.44,true
2025.11.13 23:05:00,LONG,ASIA_LOW|20251113,SSRP|ASIA_LOW|20251113|1763074800,SSRP|ASIA_LOW|20251113|1763074800|FINAL,SSRP|ASIA_LOW|20251113|1763074800|FINAL,4179.99,4179.99,4160.71,4160.71,4218.54,4218.54,true
2025.11.14 09:40:00,LONG,ASIA_LOW|20251114,SSRP|ASIA_LOW|20251114|1763112600,SSRP|ASIA_LOW|20251114|1763112600|FINAL,SSRP|ASIA_LOW|20251114|1763112600|FINAL,4173.79,4173.79,4162.24,4162.24,4196.89,4196.89,true
2025.11.14 09:45:00,LONG,ASIA_LOW|20251114,SSRP|ASIA_LOW|20251114|1763113200,SSRP|ASIA_LOW|20251114|1763113200|FINAL,SSRP|ASIA_LOW|20251114|1763113200|FINAL,4178.80,4178.80,4166.85,4166.85,4202.70,4202.70,true
2025.11.14 11:05:00,LONG,ASIA_LOW|20251114,SSRP|ASIA_LOW|20251114|1763118000,SSRP|ASIA_LOW|20251114|1763118000|FINAL,SSRP|ASIA_LOW|20251114|1763118000|FINAL,4176.91,4176.91,4167.70,4167.70,4195.34,4195.34,true
2025.11.14 11:35:00,LONG,ASIA_LOW|20251114,SSRP|ASIA_LOW|20251114|1763119800,SSRP|ASIA_LOW|20251114|1763119800|FINAL,SSRP|ASIA_LOW|20251114|1763119800|FINAL,4169.60,4169.60,4166.13,4166.13,4176.55,4176.55,true
2025.11.14 11:40:00,LONG,ASIA_LOW|20251114,SSRP|ASIA_LOW|20251114|1763120100,SSRP|ASIA_LOW|20251114|1763120100|FINAL,SSRP|ASIA_LOW|20251114|1763120100|FINAL,4170.84,4170.84,4167.37,4167.37,4177.79,4177.79,true
2025.11.14 11:45:00,LONG,ASIA_LOW|20251114,SSRP|ASIA_LOW|20251114|1763120400,SSRP|ASIA_LOW|20251114|1763120400|FINAL,SSRP|ASIA_LOW|20251114|1763120400|FINAL,4170.39,4170.39,4167.85,4167.85,4175.47,4175.47,true
2025.11.14 12:50:00,LONG,ASIA_LOW|20251114,SSRP|ASIA_LOW|20251114|1763123400,SSRP|ASIA_LOW|20251114|1763123400|FINAL,SSRP|ASIA_LOW|20251114|1763123400|FINAL,4170.46,4170.46,4159.20,4159.20,4192.97,4192.97,true
2025.11.18 09:15:00,LONG,ASIA_LOW|20251118,SSRP|ASIA_LOW|20251118|1763457000,SSRP|ASIA_LOW|20251118|1763457000|FINAL,SSRP|ASIA_LOW|20251118|1763457000|FINAL,4008.10,4008.10,4002.14,4002.14,4020.01,4020.01,true
2025.11.18 09:35:00,LONG,ASIA_LOW|20251118,SSRP|ASIA_LOW|20251118|1763458200,SSRP|ASIA_LOW|20251118|1763458200|FINAL,SSRP|ASIA_LOW|20251118|1763458200|FINAL,4005.69,4005.69,3997.48,3997.48,4022.11,4022.11,true
2025.11.18 09:40:00,LONG,ASIA_LOW|20251118,SSRP|ASIA_LOW|20251118|1763458500,SSRP|ASIA_LOW|20251118|1763458500|FINAL,SSRP|ASIA_LOW|20251118|1763458500|FINAL,4011.75,4011.75,3997.46,3997.46,4040.33,4040.33,true
2025.11.18 17:50:00,SHORT,ASIA_HIGH|20251118,SSRP|ASIA_HIGH|20251118|1763487600,SSRP|ASIA_HIGH|20251118|1763487600|FINAL,SSRP|ASIA_HIGH|20251118|1763487600|FINAL,4054.04,4054.04,4064.03,4064.03,4034.06,4034.06,true
2025.11.18 17:55:00,SHORT,ASIA_HIGH|20251118,SSRP|ASIA_HIGH|20251118|1763488200,SSRP|ASIA_HIGH|20251118|1763488200|FINAL,SSRP|ASIA_HIGH|20251118|1763488200|FINAL,4052.94,4052.94,4058.76,4058.76,4041.30,4041.30,true
2025.11.18 18:00:00,SHORT,ASIA_HIGH|20251118,SSRP|ASIA_HIGH|20251118|1763488500,SSRP|ASIA_HIGH|20251118|1763488500|FINAL,SSRP|ASIA_HIGH|20251118|1763488500|FINAL,4043.97,4043.97,4057.06,4057.06,4017.79,4017.79,true
2025.11.19 08:05:00,SHORT,ASIA_HIGH|20251119,SSRP|ASIA_HIGH|20251119|1763539200,SSRP|ASIA_HIGH|20251119|1763539200|FINAL,SSRP|ASIA_HIGH|20251119|1763539200|FINAL,4096.14,4096.14,4098.87,4098.87,4090.68,4090.68,true
2025.11.19 08:15:00,SHORT,ASIA_HIGH|20251119,SSRP|ASIA_HIGH|20251119|1763539800,SSRP|ASIA_HIGH|20251119|1763539800|FINAL,SSRP|ASIA_HIGH|20251119|1763539800|FINAL,4091.94,4091.94,4098.90,4098.90,4078.02,4078.02,true
2025.11.19 17:50:00,SHORT,ASIA_HIGH|20251119,SSRP|ASIA_HIGH|20251119|1763574300,SSRP|ASIA_HIGH|20251119|1763574300|FINAL,SSRP|ASIA_HIGH|20251119|1763574300|FINAL,4091.96,4091.96,4111.20,4111.20,4053.48,4053.48,true
2025.11.19 17:55:00,SHORT,ASIA_HIGH|20251119,SSRP|ASIA_HIGH|20251119|1763574600,SSRP|ASIA_HIGH|20251119|1763574600|FINAL,SSRP|ASIA_HIGH|20251119|1763574600|FINAL,4096.58,4096.58,4109.79,4109.79,4070.15,4070.15,true
2025.11.20 10:25:00,LONG,ASIA_LOW|20251120,SSRP|ASIA_LOW|20251120|1763634000,SSRP|ASIA_LOW|20251120|1763634000|FINAL,SSRP|ASIA_LOW|20251120|1763634000|FINAL,4045.90,4045.90,4038.22,4038.22,4061.25,4061.25,true
2025.11.21 10:25:00,LONG,ASIA_LOW|20251121,SSRP|ASIA_LOW|20251121|1763720100,SSRP|ASIA_LOW|20251121|1763720100|FINAL,SSRP|ASIA_LOW|20251121|1763720100|FINAL,4042.55,4042.55,4033.62,4033.62,4060.41,4060.41,true
2025.11.21 10:55:00,LONG,ASIA_LOW|20251121,SSRP|ASIA_LOW|20251121|1763722200,SSRP|ASIA_LOW|20251121|1763722200|FINAL,SSRP|ASIA_LOW|20251121|1763722200|FINAL,4041.01,4041.01,4038.34,4038.34,4046.35,4046.35,true
2025.11.21 12:15:00,LONG,ASIA_LOW|20251121,SSRP|ASIA_LOW|20251121|1763727000,SSRP|ASIA_LOW|20251121|1763727000|FINAL,SSRP|ASIA_LOW|20251121|1763727000|FINAL,4042.20,4042.20,4034.96,4034.96,4056.67,4056.67,true
2025.11.21 12:20:00,LONG,ASIA_LOW|20251121,SSRP|ASIA_LOW|20251121|1763727300,SSRP|ASIA_LOW|20251121|1763727300|FINAL,SSRP|ASIA_LOW|20251121|1763727300|FINAL,4040.66,4040.66,4034.89,4034.89,4052.19,4052.19,true
2025.11.21 13:05:00,LONG,ASIA_LOW|20251121,SSRP|ASIA_LOW|20251121|1763728800,SSRP|ASIA_LOW|20251121|1763728800|FINAL,SSRP|ASIA_LOW|20251121|1763728800|FINAL,4042.14,4042.14,4032.78,4032.78,4060.85,4060.85,true
2025.11.21 13:10:00,LONG,ASIA_LOW|20251121,SSRP|ASIA_LOW|20251121|1763730300,SSRP|ASIA_LOW|20251121|1763730300|FINAL,SSRP|ASIA_LOW|20251121|1763730300|FINAL,4040.41,4040.41,4036.74,4036.74,4047.76,4047.76,true
2025.11.21 14:05:00,LONG,ASIA_LOW|20251121,SSRP|ASIA_LOW|20251121|1763733600,SSRP|ASIA_LOW|20251121|1763733600|FINAL,SSRP|ASIA_LOW|20251121|1763733600|FINAL,4044.21,4044.21,4034.52,4034.52,4063.58,4063.58,true
2025.11.21 14:10:00,LONG,ASIA_LOW|20251121,SSRP|ASIA_LOW|20251121|1763733900,SSRP|ASIA_LOW|20251121|1763733900|FINAL,SSRP|ASIA_LOW|20251121|1763733900|FINAL,4044.34,4044.34,4035.73,4035.73,4061.55,4061.55,true
2025.11.21 19:10:00,SHORT,ASIA_HIGH|20251121,SSRP|ASIA_HIGH|20251121|1763751600,SSRP|ASIA_HIGH|20251121|1763751600|FINAL,SSRP|ASIA_HIGH|20251121|1763751600|FINAL,4084.54,4084.54,4101.64,4101.64,4050.33,4050.33,true
2025.11.21 21:40:00,SHORT,ASIA_HIGH|20251121,SSRP|ASIA_HIGH|20251121|1763760300,SSRP|ASIA_HIGH|20251121|1763760300|FINAL,SSRP|ASIA_HIGH|20251121|1763760300|FINAL,4085.79,4085.79,4092.48,4092.48,4072.41,4072.41,true
2025.11.21 21:45:00,SHORT,ASIA_HIGH|20251121,SSRP|ASIA_HIGH|20251121|1763761200,SSRP|ASIA_HIGH|20251121|1763761200|FINAL,SSRP|ASIA_HIGH|20251121|1763761200|FINAL,4088.20,4088.20,4089.75,4089.75,4085.11,4085.11,true
2025.11.21 21:55:00,SHORT,ASIA_HIGH|20251121,SSRP|ASIA_HIGH|20251121|1763761800,SSRP|ASIA_HIGH|20251121|1763761800|FINAL,SSRP|ASIA_HIGH|20251121|1763761800|FINAL,4087.66,4087.66,4089.67,4089.67,4083.64,4083.64,true
2025.11.24 15:40:00,SHORT,ASIA_HIGH|20251124,SSRP|ASIA_HIGH|20251124|1763998500,SSRP|ASIA_HIGH|20251124|1763998500|FINAL,SSRP|ASIA_HIGH|20251124|1763998500|FINAL,4077.26,4077.26,4086.03,4086.03,4059.72,4059.72,true
2025.11.24 15:45:00,SHORT,ASIA_HIGH|20251124,SSRP|ASIA_HIGH|20251124|1763998800,SSRP|ASIA_HIGH|20251124|1763998800|FINAL,SSRP|ASIA_HIGH|20251124|1763998800|FINAL,4076.63,4076.63,4082.09,4082.09,4065.71,4065.71,true
2025.11.24 15:50:00,SHORT,ASIA_HIGH|20251124,SSRP|ASIA_HIGH|20251124|1763999100,SSRP|ASIA_HIGH|20251124|1763999100|FINAL,SSRP|ASIA_HIGH|20251124|1763999100|FINAL,4077.29,4077.29,4081.07,4081.07,4069.72,4069.72,true
2025.11.24 16:15:00,SHORT,ASIA_HIGH|20251124,SSRP|ASIA_HIGH|20251124|1763999700,SSRP|ASIA_HIGH|20251124|1763999700|FINAL,SSRP|ASIA_HIGH|20251124|1763999700|FINAL,4077.18,4077.18,4083.27,4083.27,4065.00,4065.00,true
2025.11.24 16:20:00,SHORT,ASIA_HIGH|20251124,SSRP|ASIA_HIGH|20251124|1764000900,SSRP|ASIA_HIGH|20251124|1764000900|FINAL,SSRP|ASIA_HIGH|20251124|1764000900|FINAL,4076.44,4076.44,4081.35,4081.35,4066.62,4066.62,true
2025.11.24 16:35:00,SHORT,ASIA_HIGH|20251124,SSRP|ASIA_HIGH|20251124|1764001800,SSRP|ASIA_HIGH|20251124|1764001800|FINAL,SSRP|ASIA_HIGH|20251124|1764001800|FINAL,4071.87,4071.87,4079.21,4079.21,4057.18,4057.18,true
2025.11.25 10:40:00,LONG,ASIA_LOW|20251125,SSRP|ASIA_LOW|20251125|1764066900,SSRP|ASIA_LOW|20251125|1764066900|FINAL,SSRP|ASIA_LOW|20251125|1764066900|FINAL,4127.43,4127.43,4120.42,4120.42,4141.45,4141.45,true
2025.11.25 11:05:00,LONG,ASIA_LOW|20251125,SSRP|ASIA_LOW|20251125|1764068100,SSRP|ASIA_LOW|20251125|1764068100|FINAL,SSRP|ASIA_LOW|20251125|1764068100|FINAL,4123.39,4123.39,4111.45,4111.45,4147.28,4147.28,true
2025.11.25 14:50:00,LONG,ASIA_LOW|20251125,SSRP|ASIA_LOW|20251125|1764081600,SSRP|ASIA_LOW|20251125|1764081600|FINAL,SSRP|ASIA_LOW|20251125|1764081600|FINAL,4125.52,4125.52,4115.65,4115.65,4145.26,4145.26,true
2025.11.25 14:55:00,LONG,ASIA_LOW|20251125,SSRP|ASIA_LOW|20251125|1764082200,SSRP|ASIA_LOW|20251125|1764082200|FINAL,SSRP|ASIA_LOW|20251125|1764082200|FINAL,4129.95,4129.95,4120.38,4120.38,4149.09,4149.09,true
2025.11.25 16:55:00,LONG,ASIA_LOW|20251125,SSRP|ASIA_LOW|20251125|1764089100,SSRP|ASIA_LOW|20251125|1764089100|FINAL,SSRP|ASIA_LOW|20251125|1764089100|FINAL,4125.13,4125.13,4110.74,4110.74,4153.90,4153.90,true
2025.11.25 17:05:00,LONG,ASIA_LOW|20251125,SSRP|ASIA_LOW|20251125|1764089700,SSRP|ASIA_LOW|20251125|1764089700|FINAL,SSRP|ASIA_LOW|20251125|1764089700|FINAL,4130.35,4130.35,4117.55,4117.55,4155.95,4155.95,true
2025.11.25 17:10:00,LONG,ASIA_LOW|20251125,SSRP|ASIA_LOW|20251125|1764090300,SSRP|ASIA_LOW|20251125|1764090300|FINAL,SSRP|ASIA_LOW|20251125|1764090300|FINAL,4129.29,4129.29,4120.57,4120.57,4146.73,4146.73,true
2025.11.25 18:00:00,LONG,ASIA_LOW|20251125,SSRP|ASIA_LOW|20251125|1764093300,SSRP|ASIA_LOW|20251125|1764093300|FINAL,SSRP|ASIA_LOW|20251125|1764093300|FINAL,4130.06,4130.06,4120.40,4120.40,4149.39,4149.39,true
2025.11.25 19:35:00,SHORT,ASIA_HIGH|20251125,SSRP|ASIA_HIGH|20251125|1764099000,SSRP|ASIA_HIGH|20251125|1764099000|FINAL,SSRP|ASIA_HIGH|20251125|1764099000|FINAL,4152.58,4152.58,4159.61,4159.61,4138.52,4138.52,true
2025.11.25 19:40:00,SHORT,ASIA_HIGH|20251125,SSRP|ASIA_HIGH|20251125|1764099300,SSRP|ASIA_HIGH|20251125|1764099300|FINAL,SSRP|ASIA_HIGH|20251125|1764099300|FINAL,4152.47,4152.47,4158.00,4158.00,4141.42,4141.42,true
2025.11.26 13:45:00,SHORT,ASIA_HIGH|20251126,SSRP|ASIA_HIGH|20251126|1764164400,SSRP|ASIA_HIGH|20251126|1764164400|FINAL,SSRP|ASIA_HIGH|20251126|1764164400|FINAL,4166.80,4166.80,4172.76,4172.76,4154.88,4154.88,true
2025.11.26 13:50:00,SHORT,ASIA_HIGH|20251126,SSRP|ASIA_HIGH|20251126|1764164700,SSRP|ASIA_HIGH|20251126|1764164700|FINAL,SSRP|ASIA_HIGH|20251126|1764164700|FINAL,4167.15,4167.15,4172.23,4172.23,4156.99,4156.99,true
2025.11.26 14:05:00,SHORT,ASIA_HIGH|20251126,SSRP|ASIA_HIGH|20251126|1764165600,SSRP|ASIA_HIGH|20251126|1764165600|FINAL,SSRP|ASIA_HIGH|20251126|1764165600|FINAL,4168.99,4168.99,4173.82,4173.82,4159.34,4159.34,true
2025.11.26 14:25:00,SHORT,ASIA_HIGH|20251126,SSRP|ASIA_HIGH|20251126|1764165900,SSRP|ASIA_HIGH|20251126|1764165900|FINAL,SSRP|ASIA_HIGH|20251126|1764165900|FINAL,4161.93,4161.93,4172.99,4172.99,4139.82,4139.82,true
2025.11.26 14:30:00,SHORT,ASIA_HIGH|20251126,SSRP|ASIA_HIGH|20251126|1764167100,SSRP|ASIA_HIGH|20251126|1764167100|FINAL,SSRP|ASIA_HIGH|20251126|1764167100|FINAL,4162.31,4162.31,4170.73,4170.73,4145.46,4145.46,true
2025.11.26 20:20:00,SHORT,ASIA_HIGH|20251126,SSRP|ASIA_HIGH|20251126|1764187800,SSRP|ASIA_HIGH|20251126|1764187800|FINAL,SSRP|ASIA_HIGH|20251126|1764187800|FINAL,4168.47,4168.47,4171.82,4171.82,4161.78,4161.78,true
2025.11.26 20:25:00,SHORT,ASIA_HIGH|20251126,SSRP|ASIA_HIGH|20251126|1764188400,SSRP|ASIA_HIGH|20251126|1764188400|FINAL,SSRP|ASIA_HIGH|20251126|1764188400|FINAL,4167.96,4167.96,4170.77,4170.77,4162.33,4162.33,true
2025.11.26 21:25:00,SHORT,ASIA_HIGH|20251126,SSRP|ASIA_HIGH|20251126|1764192000,SSRP|ASIA_HIGH|20251126|1764192000|FINAL,SSRP|ASIA_HIGH|20251126|1764192000|FINAL,4167.54,4167.54,4170.24,4170.24,4162.13,4162.13,true
2025.11.28 10:45:00,LONG,ASIA_LOW|20251128,SSRP|ASIA_LOW|20251128|1764326400,SSRP|ASIA_LOW|20251128|1764326400|FINAL,SSRP|ASIA_LOW|20251128|1764326400|FINAL,4165.02,4165.02,4154.69,4154.69,4185.68,4185.68,true
2025.11.28 11:30:00,LONG,ASIA_LOW|20251128,SSRP|ASIA_LOW|20251128|1764328500,SSRP|ASIA_LOW|20251128|1764328500|FINAL,SSRP|ASIA_LOW|20251128|1764328500|FINAL,4163.08,4163.08,4154.24,4154.24,4180.77,4180.77,true
2025.11.28 11:35:00,LONG,ASIA_LOW|20251128,SSRP|ASIA_LOW|20251128|1764329400,SSRP|ASIA_LOW|20251128|1764329400|FINAL,SSRP|ASIA_LOW|20251128|1764329400|FINAL,4160.08,4160.08,4154.23,4154.23,4171.78,4171.78,true
2025.11.28 17:10:00,SHORT,ASIA_HIGH|20251128,SSRP|ASIA_HIGH|20251128|1764348900,SSRP|ASIA_HIGH|20251128|1764348900|FINAL,SSRP|ASIA_HIGH|20251128|1764348900|FINAL,4189.53,4189.53,4201.45,4201.45,4165.69,4165.69,true
2025.12.01 12:20:00,SHORT,ASIA_HIGH|20251201,SSRP|ASIA_HIGH|20251201|1764591000,SSRP|ASIA_HIGH|20251201|1764591000|FINAL,SSRP|ASIA_HIGH|20251201|1764591000|FINAL,4254.78,4254.78,4262.57,4262.57,4239.20,4239.20,true
2025.12.01 12:25:00,SHORT,ASIA_HIGH|20251201,SSRP|ASIA_HIGH|20251201|1764591600,SSRP|ASIA_HIGH|20251201|1764591600|FINAL,SSRP|ASIA_HIGH|20251201|1764591600|FINAL,4253.68,4253.68,4257.98,4257.98,4245.08,4245.08,true
2025.12.01 12:50:00,SHORT,ASIA_HIGH|20251201,SSRP|ASIA_HIGH|20251201|1764593100,SSRP|ASIA_HIGH|20251201|1764593100|FINAL,SSRP|ASIA_HIGH|20251201|1764593100|FINAL,4254.73,4254.73,4258.12,4258.12,4247.94,4247.94,true
2025.12.01 13:00:00,SHORT,ASIA_HIGH|20251201,SSRP|ASIA_HIGH|20251201|1764593700,SSRP|ASIA_HIGH|20251201|1764593700|FINAL,SSRP|ASIA_HIGH|20251201|1764593700|FINAL,4255.87,4255.87,4257.63,4257.63,4252.34,4252.34,true
2025.12.01 13:45:00,SHORT,ASIA_HIGH|20251201,SSRP|ASIA_HIGH|20251201|1764596400,SSRP|ASIA_HIGH|20251201|1764596400|FINAL,SSRP|ASIA_HIGH|20251201|1764596400|FINAL,4253.48,4253.48,4258.68,4258.68,4243.07,4243.07,true
2025.12.01 13:50:00,SHORT,ASIA_HIGH|20251201,SSRP|ASIA_HIGH|20251201|1764596700,SSRP|ASIA_HIGH|20251201|1764596700|FINAL,SSRP|ASIA_HIGH|20251201|1764596700|FINAL,4255.47,4255.47,4258.68,4258.68,4249.05,4249.05,true
2025.12.01 15:50:00,SHORT,ASIA_HIGH|20251201,SSRP|ASIA_HIGH|20251201|1764603600,SSRP|ASIA_HIGH|20251201|1764603600|FINAL,SSRP|ASIA_HIGH|20251201|1764603600|FINAL,4252.90,4252.90,4264.91,4264.91,4228.87,4228.87,true
2025.12.01 15:55:00,SHORT,ASIA_HIGH|20251201,SSRP|ASIA_HIGH|20251201|1764604200,SSRP|ASIA_HIGH|20251201|1764604200|FINAL,SSRP|ASIA_HIGH|20251201|1764604200|FINAL,4247.10,4247.10,4258.78,4258.78,4223.73,4223.73,true
2025.12.02 11:50:00,LONG,ASIA_LOW|20251202,SSRP|ASIA_LOW|20251202|1764675300,SSRP|ASIA_LOW|20251202|1764675300|FINAL,SSRP|ASIA_LOW|20251202|1764675300|FINAL,4192.76,4192.76,4180.44,4180.44,4217.40,4217.40,true
2025.12.02 11:55:00,LONG,ASIA_LOW|20251202,SSRP|ASIA_LOW|20251202|1764676200,SSRP|ASIA_LOW|20251202|1764676200|FINAL,SSRP|ASIA_LOW|20251202|1764676200|FINAL,4191.73,4191.73,4187.54,4187.54,4200.12,4200.12,true
2025.12.02 13:20:00,LONG,ASIA_LOW|20251202,SSRP|ASIA_LOW|20251202|1764681000,SSRP|ASIA_LOW|20251202|1764681000|FINAL,SSRP|ASIA_LOW|20251202|1764681000|FINAL,4191.14,4191.14,4185.48,4185.48,4202.46,4202.46,true
2025.12.02 13:25:00,LONG,ASIA_LOW|20251202,SSRP|ASIA_LOW|20251202|1764681600,SSRP|ASIA_LOW|20251202|1764681600|FINAL,SSRP|ASIA_LOW|20251202|1764681600|FINAL,4196.84,4196.84,4189.37,4189.37,4211.79,4211.79,true
2025.12.02 19:15:00,LONG,ASIA_LOW|20251202,SSRP|ASIA_LOW|20251202|1764702600,SSRP|ASIA_LOW|20251202|1764702600|FINAL,SSRP|ASIA_LOW|20251202|1764702600|FINAL,4191.46,4191.46,4184.81,4184.81,4204.75,4204.75,true
2025.12.02 19:20:00,LONG,ASIA_LOW|20251202,SSRP|ASIA_LOW|20251202|1764702900,SSRP|ASIA_LOW|20251202|1764702900|FINAL,SSRP|ASIA_LOW|20251202|1764702900|FINAL,4191.75,4191.75,4186.97,4186.97,4201.31,4201.31,true
2025.12.02 20:20:00,LONG,ASIA_LOW|20251202,SSRP|ASIA_LOW|20251202|1764706500,SSRP|ASIA_LOW|20251202|1764706500|FINAL,SSRP|ASIA_LOW|20251202|1764706500|FINAL,4193.76,4193.76,4189.37,4189.37,4202.54,4202.54,true
2025.12.02 20:55:00,LONG,ASIA_LOW|20251202,SSRP|ASIA_LOW|20251202|1764708300,SSRP|ASIA_LOW|20251202|1764708300|FINAL,SSRP|ASIA_LOW|20251202|1764708300|FINAL,4190.81,4190.81,4185.69,4185.69,4201.05,4201.05,true
2025.12.02 21:00:00,LONG,ASIA_LOW|20251202,SSRP|ASIA_LOW|20251202|1764708900,SSRP|ASIA_LOW|20251202|1764708900|FINAL,SSRP|ASIA_LOW|20251202|1764708900|FINAL,4195.40,4195.40,4187.47,4187.47,4211.25,4211.25,true
2025.12.03 09:35:00,LONG,ASIA_LOW|20251203,SSRP|ASIA_LOW|20251203|1764754200,SSRP|ASIA_LOW|20251203|1764754200|FINAL,SSRP|ASIA_LOW|20251203|1764754200|FINAL,4206.11,4206.11,4199.34,4199.34,4219.65,4219.65,true
2025.12.03 12:25:00,LONG,ASIA_LOW|20251203,SSRP|ASIA_LOW|20251203|1764764400,SSRP|ASIA_LOW|20251203|1764764400|FINAL,SSRP|ASIA_LOW|20251203|1764764400|FINAL,4202.92,4202.92,4197.15,4197.15,4214.46,4214.46,true
2025.12.03 12:30:00,LONG,ASIA_LOW|20251203,SSRP|ASIA_LOW|20251203|1764764700,SSRP|ASIA_LOW|20251203|1764764700|FINAL,SSRP|ASIA_LOW|20251203|1764764700|FINAL,4202.83,4202.83,4197.48,4197.48,4213.54,4213.54,true
2025.12.03 13:20:00,LONG,ASIA_LOW|20251203,SSRP|ASIA_LOW|20251203|1764767400,SSRP|ASIA_LOW|20251203|1764767400|FINAL,SSRP|ASIA_LOW|20251203|1764767400|FINAL,4203.14,4203.14,4197.92,4197.92,4213.58,4213.58,true
2025.12.03 13:25:00,LONG,ASIA_LOW|20251203,SSRP|ASIA_LOW|20251203|1764768000,SSRP|ASIA_LOW|20251203|1764768000|FINAL,SSRP|ASIA_LOW|20251203|1764768000|FINAL,4205.26,4205.26,4201.02,4201.02,4213.75,4213.75,true
2025.12.03 16:05:00,SHORT,ASIA_HIGH|20251203,SSRP|ASIA_HIGH|20251203|1764777600,SSRP|ASIA_HIGH|20251203|1764777600|FINAL,SSRP|ASIA_HIGH|20251203|1764777600|FINAL,4223.61,4223.61,4240.86,4240.86,4189.11,4189.11,true
2025.12.03 16:10:00,SHORT,ASIA_HIGH|20251203,SSRP|ASIA_HIGH|20251203|1764777900,SSRP|ASIA_HIGH|20251203|1764777900|FINAL,SSRP|ASIA_HIGH|20251203|1764777900|FINAL,4226.74,4226.74,4233.86,4233.86,4212.50,4212.50,true
2025.12.03 16:20:00,SHORT,ASIA_HIGH|20251203,SSRP|ASIA_HIGH|20251203|1764778500,SSRP|ASIA_HIGH|20251203|1764778500|FINAL,SSRP|ASIA_HIGH|20251203|1764778500|FINAL,4224.71,4224.71,4231.09,4231.09,4211.96,4211.96,true
2025.12.03 16:40:00,SHORT,ASIA_HIGH|20251203,SSRP|ASIA_HIGH|20251203|1764779700,SSRP|ASIA_HIGH|20251203|1764779700|FINAL,SSRP|ASIA_HIGH|20251203|1764779700|FINAL,4227.21,4227.21,4242.08,4242.08,4197.47,4197.47,true
2025.12.03 16:45:00,SHORT,ASIA_HIGH|20251203,SSRP|ASIA_HIGH|20251203|1764780000,SSRP|ASIA_HIGH|20251203|1764780000|FINAL,SSRP|ASIA_HIGH|20251203|1764780000|FINAL,4218.60,4218.60,4235.67,4235.67,4184.46,4184.46,true
2025.12.03 19:00:00,LONG,ASIA_LOW|20251203,SSRP|ASIA_LOW|20251203|1764788100,SSRP|ASIA_LOW|20251203|1764788100|FINAL,SSRP|ASIA_LOW|20251203|1764788100|FINAL,4206.22,4206.22,4195.39,4195.39,4227.89,4227.89,true
2025.12.03 19:05:00,LONG,ASIA_LOW|20251203,SSRP|ASIA_LOW|20251203|1764788400,SSRP|ASIA_LOW|20251203|1764788400|FINAL,SSRP|ASIA_LOW|20251203|1764788400|FINAL,4207.98,4207.98,4200.00,4200.00,4223.95,4223.95,true
2025.12.03 20:30:00,LONG,ASIA_LOW|20251203,SSRP|ASIA_LOW|20251203|1764793200,SSRP|ASIA_LOW|20251203|1764793200|FINAL,SSRP|ASIA_LOW|20251203|1764793200|FINAL,4205.78,4205.78,4198.47,4198.47,4220.39,4220.39,true
2025.12.03 20:35:00,LONG,ASIA_LOW|20251203,SSRP|ASIA_LOW|20251203|1764793800,SSRP|ASIA_LOW|20251203|1764793800|FINAL,SSRP|ASIA_LOW|20251203|1764793800|FINAL,4203.99,4203.99,4200.04,4200.04,4211.88,4211.88,true
2025.12.03 20:40:00,LONG,ASIA_LOW|20251203,SSRP|ASIA_LOW|20251203|1764794100,SSRP|ASIA_LOW|20251203|1764794100|FINAL,SSRP|ASIA_LOW|20251203|1764794100|FINAL,4205.04,4205.04,4200.04,4200.04,4215.04,4215.04,true
2025.12.03 21:15:00,LONG,ASIA_LOW|20251203,SSRP|ASIA_LOW|20251203|1764795300,SSRP|ASIA_LOW|20251203|1764795300|FINAL,SSRP|ASIA_LOW|20251203|1764795300|FINAL,4204.23,4204.23,4195.05,4195.05,4222.60,4222.60,true
2025.12.03 21:20:00,LONG,ASIA_LOW|20251203,SSRP|ASIA_LOW|20251203|1764796500,SSRP|ASIA_LOW|20251203|1764796500|FINAL,SSRP|ASIA_LOW|20251203|1764796500|FINAL,4203.82,4203.82,4200.73,4200.73,4209.99,4209.99,true
2025.12.04 18:25:00,SHORT,ASIA_HIGH|20251204,SSRP|ASIA_HIGH|20251204|1764872100,SSRP|ASIA_HIGH|20251204|1764872100|FINAL,SSRP|ASIA_HIGH|20251204|1764872100|FINAL,4216.22,4216.22,4219.51,4219.51,4209.64,4209.64,true
2025.12.04 18:30:00,SHORT,ASIA_HIGH|20251204,SSRP|ASIA_HIGH|20251204|1764872700,SSRP|ASIA_HIGH|20251204|1764872700|FINAL,SSRP|ASIA_HIGH|20251204|1764872700|FINAL,4213.95,4213.95,4219.29,4219.29,4203.27,4203.27,true
2025.12.04 19:55:00,SHORT,ASIA_HIGH|20251204,SSRP|ASIA_HIGH|20251204|1764877800,SSRP|ASIA_HIGH|20251204|1764877800|FINAL,SSRP|ASIA_HIGH|20251204|1764877800|FINAL,4216.49,4216.49,4217.69,4217.69,4214.09,4214.09,true
2025.12.04 20:00:00,SHORT,ASIA_HIGH|20251204,SSRP|ASIA_HIGH|20251204|1764878100,SSRP|ASIA_HIGH|20251204|1764878100|FINAL,SSRP|ASIA_HIGH|20251204|1764878100|FINAL,4215.55,4215.55,4217.57,4217.57,4211.51,4211.51,true
2025.12.04 20:05:00,SHORT,ASIA_HIGH|20251204,SSRP|ASIA_HIGH|20251204|1764878400,SSRP|ASIA_HIGH|20251204|1764878400|FINAL,SSRP|ASIA_HIGH|20251204|1764878400|FINAL,4212.38,4212.38,4217.58,4217.58,4201.98,4201.98,true
2025.12.05 10:50:00,SHORT,ASIA_HIGH|20251205,SSRP|ASIA_HIGH|20251205|1764931500,SSRP|ASIA_HIGH|20251205|1764931500|FINAL,SSRP|ASIA_HIGH|20251205|1764931500|FINAL,4221.06,4221.06,4224.74,4224.74,4213.71,4213.71,true
2025.12.05 10:55:00,SHORT,ASIA_HIGH|20251205,SSRP|ASIA_HIGH|20251205|1764931800,SSRP|ASIA_HIGH|20251205|1764931800|FINAL,SSRP|ASIA_HIGH|20251205|1764931800|FINAL,4220.52,4220.52,4224.34,4224.34,4212.89,4212.89,true
2025.12.05 11:00:00,SHORT,ASIA_HIGH|20251205,SSRP|ASIA_HIGH|20251205|1764932100,SSRP|ASIA_HIGH|20251205|1764932100|FINAL,SSRP|ASIA_HIGH|20251205|1764932100|FINAL,4220.83,4220.83,4222.42,4222.42,4217.65,4217.65,true
2025.12.05 11:05:00,SHORT,ASIA_HIGH|20251205,SSRP|ASIA_HIGH|20251205|1764932400,SSRP|ASIA_HIGH|20251205|1764932400|FINAL,SSRP|ASIA_HIGH|20251205|1764932400|FINAL,4218.53,4218.53,4222.42,4222.42,4210.74,4210.74,true
2025.12.05 18:10:00,SHORT,ASIA_HIGH|20251205,SSRP|ASIA_HIGH|20251205|1764957900,SSRP|ASIA_HIGH|20251205|1764957900|FINAL,SSRP|ASIA_HIGH|20251205|1764957900|FINAL,4203.36,4203.36,4240.21,4240.21,4129.67,4129.67,true
2025.12.05 18:15:00,SHORT,ASIA_HIGH|20251205,SSRP|ASIA_HIGH|20251205|1764958200,SSRP|ASIA_HIGH|20251205|1764958200|FINAL,SSRP|ASIA_HIGH|20251205|1764958200|FINAL,4204.84,4204.84,4227.35,4227.35,4159.81,4159.81,true
2025.12.05 23:20:00,LONG,ASIA_LOW|20251205,SSRP|ASIA_LOW|20251205|1764976500,SSRP|ASIA_LOW|20251205|1764976500|FINAL,SSRP|ASIA_LOW|20251205|1764976500|FINAL,4197.11,4197.11,4191.69,4191.69,4207.95,4207.95,true
2025.12.05 23:25:00,LONG,ASIA_LOW|20251205,SSRP|ASIA_LOW|20251205|1764976800,SSRP|ASIA_LOW|20251205|1764976800|FINAL,SSRP|ASIA_LOW|20251205|1764976800|FINAL,4197.10,4197.10,4191.69,4191.69,4207.92,4207.92,true
2025.12.05 23:45:00,LONG,ASIA_LOW|20251205,SSRP|ASIA_LOW|20251205|1764977700,SSRP|ASIA_LOW|20251205|1764977700|FINAL,SSRP|ASIA_LOW|20251205|1764977700|FINAL,4197.16,4197.16,4193.59,4193.59,4204.31,4204.31,true
2025.12.05 23:50:00,LONG,ASIA_LOW|20251205,SSRP|ASIA_LOW|20251205|1764978300,SSRP|ASIA_LOW|20251205|1764978300|FINAL,SSRP|ASIA_LOW|20251205|1764978300|FINAL,4196.45,4196.45,4191.96,4191.96,4205.42,4205.42,true
2025.12.05 23:55:00,LONG,ASIA_LOW|20251205,SSRP|ASIA_LOW|20251205|1764978600,SSRP|ASIA_LOW|20251205|1764978600|FINAL,SSRP|ASIA_LOW|20251205|1764978600|FINAL,4197.69,4197.69,4191.96,4191.96,4209.15,4209.15,true
2025.12.08 08:05:00,SHORT,ASIA_HIGH|20251208,SSRP|ASIA_HIGH|20251208|1765180800,SSRP|ASIA_HIGH|20251208|1765180800|FINAL,SSRP|ASIA_HIGH|20251208|1765180800|FINAL,4214.37,4214.37,4218.73,4218.73,4205.65,4205.65,true
2025.12.08 08:10:00,SHORT,ASIA_HIGH|20251208,SSRP|ASIA_HIGH|20251208|1765181100,SSRP|ASIA_HIGH|20251208|1765181100|FINAL,SSRP|ASIA_HIGH|20251208|1765181100|FINAL,4215.16,4215.16,4217.80,4217.80,4209.88,4209.88,true
2025.12.08 08:25:00,SHORT,ASIA_HIGH|20251208,SSRP|ASIA_HIGH|20251208|1765182000,SSRP|ASIA_HIGH|20251208|1765182000|FINAL,SSRP|ASIA_HIGH|20251208|1765182000|FINAL,4216.39,4216.39,4218.14,4218.14,4212.88,4212.88,true
2025.12.08 08:45:00,SHORT,ASIA_HIGH|20251208,SSRP|ASIA_HIGH|20251208|1765182600,SSRP|ASIA_HIGH|20251208|1765182600|FINAL,SSRP|ASIA_HIGH|20251208|1765182600|FINAL,4216.46,4216.46,4219.02,4219.02,4211.34,4211.34,true
2025.12.08 09:00:00,SHORT,ASIA_HIGH|20251208,SSRP|ASIA_HIGH|20251208|1765184100,SSRP|ASIA_HIGH|20251208|1765184100|FINAL,SSRP|ASIA_HIGH|20251208|1765184100|FINAL,4215.53,4215.53,4218.19,4218.19,4210.21,4210.21,true
2025.12.08 17:20:00,LONG,ASIA_LOW|20251208,SSRP|ASIA_LOW|20251208|1765214100,SSRP|ASIA_LOW|20251208|1765214100|FINAL,SSRP|ASIA_LOW|20251208|1765214100|FINAL,4192.61,4192.61,4175.94,4175.94,4225.96,4225.96,true
2025.12.08 17:25:00,LONG,ASIA_LOW|20251208,SSRP|ASIA_LOW|20251208|1765214400,SSRP|ASIA_LOW|20251208|1765214400|FINAL,SSRP|ASIA_LOW|20251208|1765214400|FINAL,4191.88,4191.88,4185.97,4185.97,4203.69,4203.69,true
2025.12.08 18:20:00,LONG,ASIA_LOW|20251208,SSRP|ASIA_LOW|20251208|1765217400,SSRP|ASIA_LOW|20251208|1765217400|FINAL,SSRP|ASIA_LOW|20251208|1765217400|FINAL,4192.17,4192.17,4176.96,4176.96,4222.60,4222.60,true
2025.12.08 18:25:00,LONG,ASIA_LOW|20251208,SSRP|ASIA_LOW|20251208|1765218000,SSRP|ASIA_LOW|20251208|1765218000|FINAL,SSRP|ASIA_LOW|20251208|1765218000|FINAL,4194.80,4194.80,4188.16,4188.16,4208.08,4208.08,true
2025.12.08 19:25:00,LONG,ASIA_LOW|20251208,SSRP|ASIA_LOW|20251208|1765221000,SSRP|ASIA_LOW|20251208|1765221000|FINAL,SSRP|ASIA_LOW|20251208|1765221000|FINAL,4191.90,4191.90,4185.25,4185.25,4205.20,4205.20,true
2025.12.08 19:45:00,LONG,ASIA_LOW|20251208,SSRP|ASIA_LOW|20251208|1765222800,SSRP|ASIA_LOW|20251208|1765222800|FINAL,SSRP|ASIA_LOW|20251208|1765222800|FINAL,4191.75,4191.75,4187.79,4187.79,4199.66,4199.66,true
2025.12.08 19:50:00,LONG,ASIA_LOW|20251208,SSRP|ASIA_LOW|20251208|1765223100,SSRP|ASIA_LOW|20251208|1765223100|FINAL,SSRP|ASIA_LOW|20251208|1765223100|FINAL,4193.67,4193.67,4187.79,4187.79,4205.43,4205.43,true
2025.12.08 22:30:00,LONG,ASIA_LOW|20251208,SSRP|ASIA_LOW|20251208|1765232700,SSRP|ASIA_LOW|20251208|1765232700|FINAL,SSRP|ASIA_LOW|20251208|1765232700|FINAL,4191.74,4191.74,4187.98,4187.98,4199.25,4199.25,true
2025.12.08 22:35:00,LONG,ASIA_LOW|20251208,SSRP|ASIA_LOW|20251208|1765233000,SSRP|ASIA_LOW|20251208|1765233000|FINAL,SSRP|ASIA_LOW|20251208|1765233000|FINAL,4193.88,4193.88,4189.06,4189.06,4203.52,4203.52,true
2025.12.08 23:00:00,LONG,ASIA_LOW|20251208,SSRP|ASIA_LOW|20251208|1765234500,SSRP|ASIA_LOW|20251208|1765234500|FINAL,SSRP|ASIA_LOW|20251208|1765234500|FINAL,4192.95,4192.95,4190.57,4190.57,4197.70,4197.70,true
2025.12.08 23:20:00,LONG,ASIA_LOW|20251208,SSRP|ASIA_LOW|20251208|1765235700,SSRP|ASIA_LOW|20251208|1765235700|FINAL,SSRP|ASIA_LOW|20251208|1765235700|FINAL,4191.98,4191.98,4189.75,4189.75,4196.45,4196.45,true
2025.12.09 08:25:00,LONG,ASIA_LOW|20251209,SSRP|ASIA_LOW|20251209|1765268400,SSRP|ASIA_LOW|20251209|1765268400|FINAL,SSRP|ASIA_LOW|20251209|1765268400|FINAL,4178.62,4178.62,4174.06,4174.06,4187.74,4187.74,true
2025.12.09 08:30:00,LONG,ASIA_LOW|20251209,SSRP|ASIA_LOW|20251209|1765268700,SSRP|ASIA_LOW|20251209|1765268700|FINAL,SSRP|ASIA_LOW|20251209|1765268700|FINAL,4182.25,4182.25,4175.34,4175.34,4196.08,4196.08,true
2025.12.09 08:35:00,LONG,ASIA_LOW|20251209,SSRP|ASIA_LOW|20251209|1765269000,SSRP|ASIA_LOW|20251209|1765269000|FINAL,SSRP|ASIA_LOW|20251209|1765269000|FINAL,4183.17,4183.17,4176.36,4176.36,4196.79,4196.79,true
2025.12.09 09:25:00,LONG,ASIA_LOW|20251209,SSRP|ASIA_LOW|20251209|1765272000,SSRP|ASIA_LOW|20251209|1765272000|FINAL,SSRP|ASIA_LOW|20251209|1765272000|FINAL,4178.57,4178.57,4175.70,4175.70,4184.30,4184.30,true
2025.12.09 09:30:00,LONG,ASIA_LOW|20251209,SSRP|ASIA_LOW|20251209|1765272300,SSRP|ASIA_LOW|20251209|1765272300|FINAL,SSRP|ASIA_LOW|20251209|1765272300|FINAL,4179.57,4179.57,4175.71,4175.71,4187.30,4187.30,true
2025.12.09 15:30:00,SHORT,ASIA_HIGH|20251209,SSRP|ASIA_HIGH|20251209|1765293900,SSRP|ASIA_HIGH|20251209|1765293900|FINAL,SSRP|ASIA_HIGH|20251209|1765293900|FINAL,4198.20,4198.20,4204.94,4204.94,4184.71,4184.71,true
2025.12.09 16:00:00,SHORT,ASIA_HIGH|20251209,SSRP|ASIA_HIGH|20251209|1765295700,SSRP|ASIA_HIGH|20251209|1765295700|FINAL,SSRP|ASIA_HIGH|20251209|1765295700|FINAL,4198.06,4198.06,4203.04,4203.04,4188.09,4188.09,true
2025.12.09 16:05:00,SHORT,ASIA_HIGH|20251209,SSRP|ASIA_HIGH|20251209|1765296000,SSRP|ASIA_HIGH|20251209|1765296000|FINAL,SSRP|ASIA_HIGH|20251209|1765296000|FINAL,4197.86,4197.86,4202.23,4202.23,4189.12,4189.12,true
2025.12.09 16:35:00,SHORT,ASIA_HIGH|20251209,SSRP|ASIA_HIGH|20251209|1765297800,SSRP|ASIA_HIGH|20251209|1765297800|FINAL,SSRP|ASIA_HIGH|20251209|1765297800|FINAL,4197.43,4197.43,4205.32,4205.32,4181.65,4181.65,true
2025.12.09 17:05:00,SHORT,ASIA_HIGH|20251209,SSRP|ASIA_HIGH|20251209|1765299300,SSRP|ASIA_HIGH|20251209|1765299300|FINAL,SSRP|ASIA_HIGH|20251209|1765299300|FINAL,4193.98,4193.98,4208.53,4208.53,4164.88,4164.88,true
2025.12.09 17:10:00,SHORT,ASIA_HIGH|20251209,SSRP|ASIA_HIGH|20251209|1765299900,SSRP|ASIA_HIGH|20251209|1765299900|FINAL,SSRP|ASIA_HIGH|20251209|1765299900|FINAL,4195.39,4195.39,4202.03,4202.03,4182.11,4182.11,true
2025.12.10 10:15:00,LONG,ASIA_LOW|20251210,SSRP|ASIA_LOW|20251210|1765361400,SSRP|ASIA_LOW|20251210|1765361400|FINAL,SSRP|ASIA_LOW|20251210|1765361400|FINAL,4204.96,4204.96,4199.89,4199.89,4215.10,4215.10,true
2025.12.10 15:40:00,LONG,ASIA_LOW|20251210,SSRP|ASIA_LOW|20251210|1765380900,SSRP|ASIA_LOW|20251210|1765380900|FINAL,SSRP|ASIA_LOW|20251210|1765380900|FINAL,4202.66,4202.66,4195.82,4195.82,4216.34,4216.34,true
2025.12.10 15:45:00,LONG,ASIA_LOW|20251210,SSRP|ASIA_LOW|20251210|1765381200,SSRP|ASIA_LOW|20251210|1765381200|FINAL,SSRP|ASIA_LOW|20251210|1765381200|FINAL,4202.61,4202.61,4195.82,4195.82,4216.20,4216.20,true
2025.12.10 16:05:00,LONG,ASIA_LOW|20251210,SSRP|ASIA_LOW|20251210|1765381800,SSRP|ASIA_LOW|20251210|1765381800|FINAL,SSRP|ASIA_LOW|20251210|1765381800|FINAL,4205.05,4205.05,4198.86,4198.86,4217.44,4217.44,true
2025.12.10 16:10:00,LONG,ASIA_LOW|20251210,SSRP|ASIA_LOW|20251210|1765382700,SSRP|ASIA_LOW|20251210|1765382700|FINAL,SSRP|ASIA_LOW|20251210|1765382700|FINAL,4205.13,4205.13,4199.63,4199.63,4216.12,4216.12,true
2025.12.10 18:40:00,LONG,ASIA_LOW|20251210,SSRP|ASIA_LOW|20251210|1765391400,SSRP|ASIA_LOW|20251210|1765391400|FINAL,SSRP|ASIA_LOW|20251210|1765391400|FINAL,4202.42,4202.42,4198.87,4198.87,4209.52,4209.52,true
2025.12.10 18:45:00,LONG,ASIA_LOW|20251210,SSRP|ASIA_LOW|20251210|1765392000,SSRP|ASIA_LOW|20251210|1765392000|FINAL,SSRP|ASIA_LOW|20251210|1765392000|FINAL,4203.40,4203.40,4200.38,4200.38,4209.44,4209.44,true
2025.12.10 18:50:00,LONG,ASIA_LOW|20251210,SSRP|ASIA_LOW|20251210|1765392300,SSRP|ASIA_LOW|20251210|1765392300|FINAL,SSRP|ASIA_LOW|20251210|1765392300|FINAL,4203.78,4203.78,4201.23,4201.23,4208.89,4208.89,true
2025.12.10 19:20:00,LONG,ASIA_LOW|20251210,SSRP|ASIA_LOW|20251210|1765393800,SSRP|ASIA_LOW|20251210|1765393800|FINAL,SSRP|ASIA_LOW|20251210|1765393800|FINAL,4202.40,4202.40,4198.82,4198.82,4209.55,4209.55,true
2025.12.10 21:00:00,LONG,ASIA_LOW|20251210,SSRP|ASIA_LOW|20251210|1765400100,SSRP|ASIA_LOW|20251210|1765400100|FINAL,SSRP|ASIA_LOW|20251210|1765400100|FINAL,4206.12,4206.12,4190.29,4190.29,4237.79,4237.79,true
2025.12.10 21:05:00,LONG,ASIA_LOW|20251210,SSRP|ASIA_LOW|20251210|1765400400,SSRP|ASIA_LOW|20251210|1765400400|FINAL,SSRP|ASIA_LOW|20251210|1765400400|FINAL,4215.61,4215.61,4190.24,4190.24,4266.35,4266.35,true
2025.12.10 21:15:00,SHORT,ASIA_HIGH|20251210,SSRP|ASIA_HIGH|20251210|1765401000,SSRP|ASIA_HIGH|20251210|1765401000|FINAL,SSRP|ASIA_HIGH|20251210|1765401000|FINAL,4212.43,4212.43,4220.03,4220.03,4197.23,4197.23,true
2025.12.10 21:30:00,LONG,ASIA_LOW|20251210,SSRP|ASIA_LOW|20251210|1765401900,SSRP|ASIA_LOW|20251210|1765401900|FINAL,SSRP|ASIA_LOW|20251210|1765401900|FINAL,4209.60,4209.60,4191.65,4191.65,4245.50,4245.50,true
2025.12.10 21:35:00,LONG,ASIA_LOW|20251210,SSRP|ASIA_LOW|20251210|1765402200,SSRP|ASIA_LOW|20251210|1765402200|FINAL,SSRP|ASIA_LOW|20251210|1765402200|FINAL,4204.01,4204.01,4191.59,4191.59,4228.85,4228.85,true
2025.12.10 21:50:00,LONG,ASIA_LOW|20251210,SSRP|ASIA_LOW|20251210|1765403100,SSRP|ASIA_LOW|20251210|1765403100|FINAL,SSRP|ASIA_LOW|20251210|1765403100|FINAL,4204.55,4204.55,4185.78,4185.78,4242.08,4242.08,true
2025.12.10 21:55:00,LONG,ASIA_LOW|20251210,SSRP|ASIA_LOW|20251210|1765403400,SSRP|ASIA_LOW|20251210|1765403400|FINAL,SSRP|ASIA_LOW|20251210|1765403400|FINAL,4216.42,4216.42,4187.31,4187.31,4274.63,4274.63,true
2025.12.11 08:05:00,LONG,ASIA_LOW|20251211,SSRP|ASIA_LOW|20251211|1765440000,SSRP|ASIA_LOW|20251211|1765440000|FINAL,SSRP|ASIA_LOW|20251211|1765440000|FINAL,4209.81,4209.81,4204.17,4204.17,4221.09,4221.09,true
2025.12.11 15:20:00,LONG,ASIA_LOW|20251211,SSRP|ASIA_LOW|20251211|1765466100,SSRP|ASIA_LOW|20251211|1765466100|FINAL,SSRP|ASIA_LOW|20251211|1765466100|FINAL,4212.05,4212.05,4205.18,4205.18,4225.78,4225.78,true
2025.12.12 18:00:00,SHORT,ASIA_HIGH|20251212,SSRP|ASIA_HIGH|20251212|1765562100,SSRP|ASIA_HIGH|20251212|1765562100|FINAL,SSRP|ASIA_HIGH|20251212|1765562100|FINAL,4277.01,4277.01,4301.18,4301.18,4228.67,4228.67,true
2025.12.12 18:05:00,SHORT,ASIA_HIGH|20251212,SSRP|ASIA_HIGH|20251212|1765562400,SSRP|ASIA_HIGH|20251212|1765562400|FINAL,SSRP|ASIA_HIGH|20251212|1765562400|FINAL,4276.78,4276.78,4297.54,4297.54,4235.27,4235.27,true
2025.12.12 18:20:00,SHORT,ASIA_HIGH|20251212,SSRP|ASIA_HIGH|20251212|1765562700,SSRP|ASIA_HIGH|20251212|1765562700|FINAL,SSRP|ASIA_HIGH|20251212|1765562700|FINAL,4282.55,4282.55,4290.41,4290.41,4266.83,4266.83,true
2025.12.12 18:30:00,SHORT,ASIA_HIGH|20251212,SSRP|ASIA_HIGH|20251212|1765563600,SSRP|ASIA_HIGH|20251212|1765563600|FINAL,SSRP|ASIA_HIGH|20251212|1765563600|FINAL,4279.70,4279.70,4293.62,4293.62,4251.86,4251.86,true
2025.12.12 18:35:00,SHORT,ASIA_HIGH|20251212,SSRP|ASIA_HIGH|20251212|1765564200,SSRP|ASIA_HIGH|20251212|1765564200|FINAL,SSRP|ASIA_HIGH|20251212|1765564200|FINAL,4266.55,4266.55,4290.61,4290.61,4218.42,4218.42,true
2025.12.12 18:45:00,LONG,ASIA_LOW|20251212,SSRP|ASIA_LOW|20251212|1765564800,SSRP|ASIA_LOW|20251212|1765564800|FINAL,SSRP|ASIA_LOW|20251212|1765564800|FINAL,4278.52,4278.52,4256.12,4256.12,4323.32,4323.32,true
2025.12.12 19:25:00,SHORT,ASIA_HIGH|20251212,SSRP|ASIA_HIGH|20251212|1765567200,SSRP|ASIA_HIGH|20251212|1765567200|FINAL,SSRP|ASIA_HIGH|20251212|1765567200|FINAL,4282.16,4282.16,4291.21,4291.21,4264.05,4264.05,true
2025.12.15 08:05:00,SHORT,ASIA_HIGH|20251215,SSRP|ASIA_HIGH|20251215|1765785600,SSRP|ASIA_HIGH|20251215|1765785600|FINAL,SSRP|ASIA_HIGH|20251215|1765785600|FINAL,4340.85,4340.85,4345.72,4345.72,4331.11,4331.11,true
2025.12.15 08:25:00,SHORT,ASIA_HIGH|20251215,SSRP|ASIA_HIGH|20251215|1765786800,SSRP|ASIA_HIGH|20251215|1765786800|FINAL,SSRP|ASIA_HIGH|20251215|1765786800|FINAL,4344.04,4344.04,4345.91,4345.91,4340.30,4340.30,true
2025.12.15 08:50:00,SHORT,ASIA_HIGH|20251215,SSRP|ASIA_HIGH|20251215|1765787700,SSRP|ASIA_HIGH|20251215|1765787700|FINAL,SSRP|ASIA_HIGH|20251215|1765787700|FINAL,4344.24,4344.24,4347.88,4347.88,4336.95,4336.95,true
2025.12.15 08:55:00,SHORT,ASIA_HIGH|20251215,SSRP|ASIA_HIGH|20251215|1765788600,SSRP|ASIA_HIGH|20251215|1765788600|FINAL,SSRP|ASIA_HIGH|20251215|1765788600|FINAL,4343.64,4343.64,4346.75,4346.75,4337.41,4337.41,true
2025.12.15 09:00:00,SHORT,ASIA_HIGH|20251215,SSRP|ASIA_HIGH|20251215|1765788900,SSRP|ASIA_HIGH|20251215|1765788900|FINAL,SSRP|ASIA_HIGH|20251215|1765788900|FINAL,4341.83,4341.83,4345.10,4345.10,4335.29,4335.29,true
2025.12.15 09:25:00,SHORT,ASIA_HIGH|20251215,SSRP|ASIA_HIGH|20251215|1765790400,SSRP|ASIA_HIGH|20251215|1765790400|FINAL,SSRP|ASIA_HIGH|20251215|1765790400|FINAL,4344.05,4344.05,4344.99,4344.99,4342.17,4342.17,true
2025.12.15 11:45:00,SHORT,ASIA_HIGH|20251215,SSRP|ASIA_HIGH|20251215|1765798200,SSRP|ASIA_HIGH|20251215|1765798200|FINAL,SSRP|ASIA_HIGH|20251215|1765798200|FINAL,4344.23,4344.23,4350.30,4350.30,4332.08,4332.08,true
2025.12.15 11:50:00,SHORT,ASIA_HIGH|20251215,SSRP|ASIA_HIGH|20251215|1765799100,SSRP|ASIA_HIGH|20251215|1765799100|FINAL,SSRP|ASIA_HIGH|20251215|1765799100|FINAL,4342.98,4342.98,4346.24,4346.24,4336.46,4336.46,true
2025.12.15 11:55:00,SHORT,ASIA_HIGH|20251215,SSRP|ASIA_HIGH|20251215|1765799400,SSRP|ASIA_HIGH|20251215|1765799400|FINAL,SSRP|ASIA_HIGH|20251215|1765799400|FINAL,4342.59,4342.59,4345.62,4345.62,4336.53,4336.53,true
2025.12.15 12:00:00,SHORT,ASIA_HIGH|20251215,SSRP|ASIA_HIGH|20251215|1765799700,SSRP|ASIA_HIGH|20251215|1765799700|FINAL,SSRP|ASIA_HIGH|20251215|1765799700|FINAL,4343.55,4343.55,4345.36,4345.36,4339.93,4339.93,true
2025.12.15 12:25:00,SHORT,ASIA_HIGH|20251215,SSRP|ASIA_HIGH|20251215|1765801200,SSRP|ASIA_HIGH|20251215|1765801200|FINAL,SSRP|ASIA_HIGH|20251215|1765801200|FINAL,4342.78,4342.78,4348.37,4348.37,4331.60,4331.60,true
2025.12.15 12:30:00,SHORT,ASIA_HIGH|20251215,SSRP|ASIA_HIGH|20251215|1765801500,SSRP|ASIA_HIGH|20251215|1765801500|FINAL,SSRP|ASIA_HIGH|20251215|1765801500|FINAL,4340.49,4340.49,4348.38,4348.38,4324.71,4324.71,true
2025.12.15 14:05:00,SHORT,ASIA_HIGH|20251215,SSRP|ASIA_HIGH|20251215|1765807200,SSRP|ASIA_HIGH|20251215|1765807200|FINAL,SSRP|ASIA_HIGH|20251215|1765807200|FINAL,4343.59,4343.59,4345.81,4345.81,4339.14,4339.14,true
2025.12.15 14:20:00,SHORT,ASIA_HIGH|20251215,SSRP|ASIA_HIGH|20251215|1765808100,SSRP|ASIA_HIGH|20251215|1765808100|FINAL,SSRP|ASIA_HIGH|20251215|1765808100|FINAL,4343.99,4343.99,4345.22,4345.22,4341.53,4341.53,true
2025.12.15 15:00:00,SHORT,ASIA_HIGH|20251215,SSRP|ASIA_HIGH|20251215|1765810500,SSRP|ASIA_HIGH|20251215|1765810500|FINAL,SSRP|ASIA_HIGH|20251215|1765810500|FINAL,4340.77,4340.77,4347.24,4347.24,4327.82,4327.82,true
2025.12.15 15:05:00,SHORT,ASIA_HIGH|20251215,SSRP|ASIA_HIGH|20251215|1765810800,SSRP|ASIA_HIGH|20251215|1765810800|FINAL,SSRP|ASIA_HIGH|20251215|1765810800|FINAL,4336.93,4336.93,4346.44,4346.44,4317.92,4317.92,true
2025.12.15 18:40:00,LONG,ASIA_LOW|20251215,SSRP|ASIA_LOW|20251215|1765823700,SSRP|ASIA_LOW|20251215|1765823700|FINAL,SSRP|ASIA_LOW|20251215|1765823700|FINAL,4296.46,4296.46,4285.01,4285.01,4319.35,4319.35,true
2025.12.15 18:45:00,LONG,ASIA_LOW|20251215,SSRP|ASIA_LOW|20251215|1765824000,SSRP|ASIA_LOW|20251215|1765824000|FINAL,SSRP|ASIA_LOW|20251215|1765824000|FINAL,4296.51,4296.51,4289.20,4289.20,4311.13,4311.13,true
2025.12.16 16:05:00,SHORT,ASIA_HIGH|20251216,SSRP|ASIA_HIGH|20251216|1765900800,SSRP|ASIA_HIGH|20251216|1765900800|FINAL,SSRP|ASIA_HIGH|20251216|1765900800|FINAL,4315.62,4315.62,4320.10,4320.10,4306.66,4306.66,true
2025.12.16 17:15:00,SHORT,ASIA_HIGH|20251216,SSRP|ASIA_HIGH|20251216|1765905000,SSRP|ASIA_HIGH|20251216|1765905000|FINAL,SSRP|ASIA_HIGH|20251216|1765905000|FINAL,4316.53,4316.53,4334.68,4334.68,4280.23,4280.23,true
2025.12.16 18:05:00,SHORT,ASIA_HIGH|20251216,SSRP|ASIA_HIGH|20251216|1765907400,SSRP|ASIA_HIGH|20251216|1765907400|FINAL,SSRP|ASIA_HIGH|20251216|1765907400|FINAL,4316.30,4316.30,4329.08,4329.08,4290.74,4290.74,true
2025.12.16 18:10:00,SHORT,ASIA_HIGH|20251216,SSRP|ASIA_HIGH|20251216|1765908300,SSRP|ASIA_HIGH|20251216|1765908300|FINAL,SSRP|ASIA_HIGH|20251216|1765908300|FINAL,4315.63,4315.63,4320.53,4320.53,4305.83,4305.83,true
2025.12.17 16:10:00,SHORT,ASIA_HIGH|20251217,SSRP|ASIA_HIGH|20251217|1765986900,SSRP|ASIA_HIGH|20251217|1765986900|FINAL,SSRP|ASIA_HIGH|20251217|1765986900|FINAL,4327.12,4327.12,4346.45,4346.45,4288.47,4288.47,true
2025.12.17 17:15:00,SHORT,ASIA_HIGH|20251217,SSRP|ASIA_HIGH|20251217|1765991100,SSRP|ASIA_HIGH|20251217|1765991100|FINAL,SSRP|ASIA_HIGH|20251217|1765991100|FINAL,4337.42,4337.42,4345.78,4345.78,4320.71,4320.71,true
2025.12.17 17:20:00,SHORT,ASIA_HIGH|20251217,SSRP|ASIA_HIGH|20251217|1765991700,SSRP|ASIA_HIGH|20251217|1765991700|FINAL,SSRP|ASIA_HIGH|20251217|1765991700|FINAL,4339.31,4339.31,4345.03,4345.03,4327.86,4327.86,true
2025.12.17 17:35:00,SHORT,ASIA_HIGH|20251217,SSRP|ASIA_HIGH|20251217|1765992600,SSRP|ASIA_HIGH|20251217|1765992600|FINAL,SSRP|ASIA_HIGH|20251217|1765992600|FINAL,4334.58,4334.58,4349.62,4349.62,4304.50,4304.50,true
2025.12.17 17:40:00,SHORT,ASIA_HIGH|20251217,SSRP|ASIA_HIGH|20251217|1765992900,SSRP|ASIA_HIGH|20251217|1765992900|FINAL,SSRP|ASIA_HIGH|20251217|1765992900|FINAL,4332.20,4332.20,4348.98,4348.98,4298.64,4298.64,true
2025.12.17 20:15:00,SHORT,ASIA_HIGH|20251217,SSRP|ASIA_HIGH|20251217|1766001900,SSRP|ASIA_HIGH|20251217|1766001900|FINAL,SSRP|ASIA_HIGH|20251217|1766001900|FINAL,4339.96,4339.96,4346.79,4346.79,4326.31,4326.31,true
2025.12.17 20:20:00,SHORT,ASIA_HIGH|20251217,SSRP|ASIA_HIGH|20251217|1766002500,SSRP|ASIA_HIGH|20251217|1766002500|FINAL,SSRP|ASIA_HIGH|20251217|1766002500|FINAL,4340.90,4340.90,4343.39,4343.39,4335.91,4335.91,true
2025.12.17 20:35:00,SHORT,ASIA_HIGH|20251217,SSRP|ASIA_HIGH|20251217|1766003400,SSRP|ASIA_HIGH|20251217|1766003400|FINAL,SSRP|ASIA_HIGH|20251217|1766003400|FINAL,4336.74,4336.74,4344.31,4344.31,4321.60,4321.60,true
2025.12.17 22:50:00,SHORT,ASIA_HIGH|20251217,SSRP|ASIA_HIGH|20251217|1766011500,SSRP|ASIA_HIGH|20251217|1766011500|FINAL,SSRP|ASIA_HIGH|20251217|1766011500|FINAL,4341.76,4341.76,4346.33,4346.33,4332.61,4332.61,true
2025.12.17 22:55:00,SHORT,ASIA_HIGH|20251217,SSRP|ASIA_HIGH|20251217|1766011800,SSRP|ASIA_HIGH|20251217|1766011800|FINAL,SSRP|ASIA_HIGH|20251217|1766011800|FINAL,4341.22,4341.22,4346.20,4346.20,4331.26,4331.26,true
2025.12.17 23:30:00,SHORT,ASIA_HIGH|20251217,SSRP|ASIA_HIGH|20251217|1766013900,SSRP|ASIA_HIGH|20251217|1766013900|FINAL,SSRP|ASIA_HIGH|20251217|1766013900|FINAL,4340.37,4340.37,4345.40,4345.40,4330.31,4330.31,true
2025.12.17 23:35:00,SHORT,ASIA_HIGH|20251217,SSRP|ASIA_HIGH|20251217|1766014200,SSRP|ASIA_HIGH|20251217|1766014200|FINAL,SSRP|ASIA_HIGH|20251217|1766014200|FINAL,4340.93,4340.93,4344.84,4344.84,4333.11,4333.11,true
2025.12.17 23:45:00,SHORT,ASIA_HIGH|20251217,SSRP|ASIA_HIGH|20251217|1766014800,SSRP|ASIA_HIGH|20251217|1766014800|FINAL,SSRP|ASIA_HIGH|20251217|1766014800|FINAL,4341.07,4341.07,4343.11,4343.11,4336.99,4336.99,true
2025.12.18 11:00:00,LONG,ASIA_LOW|20251218,SSRP|ASIA_LOW|20251218|1766055300,SSRP|ASIA_LOW|20251218|1766055300|FINAL,SSRP|ASIA_LOW|20251218|1766055300|FINAL,4328.31,4328.31,4321.81,4321.81,4341.30,4341.30,true
2025.12.18 11:30:00,LONG,ASIA_LOW|20251218,SSRP|ASIA_LOW|20251218|1766057100,SSRP|ASIA_LOW|20251218|1766057100|FINAL,SSRP|ASIA_LOW|20251218|1766057100|FINAL,4324.87,4324.87,4323.62,4323.62,4327.36,4327.36,true
2025.12.18 12:00:00,LONG,ASIA_LOW|20251218,SSRP|ASIA_LOW|20251218|1766058600,SSRP|ASIA_LOW|20251218|1766058600|FINAL,SSRP|ASIA_LOW|20251218|1766058600|FINAL,4324.49,4324.49,4320.61,4320.61,4332.26,4332.26,true
2025.12.18 12:05:00,LONG,ASIA_LOW|20251218,SSRP|ASIA_LOW|20251218|1766059200,SSRP|ASIA_LOW|20251218|1766059200|FINAL,SSRP|ASIA_LOW|20251218|1766059200|FINAL,4325.08,4325.08,4322.74,4322.74,4329.76,4329.76,true
2025.12.18 12:10:00,LONG,ASIA_LOW|20251218,SSRP|ASIA_LOW|20251218|1766059500,SSRP|ASIA_LOW|20251218|1766059500|FINAL,SSRP|ASIA_LOW|20251218|1766059500|FINAL,4324.64,4324.64,4323.06,4323.06,4327.81,4327.81,true
2025.12.18 12:30:00,LONG,ASIA_LOW|20251218,SSRP|ASIA_LOW|20251218|1766060400,SSRP|ASIA_LOW|20251218|1766060400|FINAL,SSRP|ASIA_LOW|20251218|1766060400|FINAL,4324.83,4324.83,4321.91,4321.91,4330.66,4330.66,true
2025.12.18 12:40:00,LONG,ASIA_LOW|20251218,SSRP|ASIA_LOW|20251218|1766061000,SSRP|ASIA_LOW|20251218|1766061000|FINAL,SSRP|ASIA_LOW|20251218|1766061000|FINAL,4327.20,4327.20,4321.91,4321.91,4337.78,4337.78,true
2025.12.18 15:30:00,LONG,ASIA_LOW|20251218,SSRP|ASIA_LOW|20251218|1766071500,SSRP|ASIA_LOW|20251218|1766071500|FINAL,SSRP|ASIA_LOW|20251218|1766071500|FINAL,4329.35,4329.35,4318.73,4318.73,4350.59,4350.59,true
2025.12.18 15:35:00,LONG,ASIA_LOW|20251218,SSRP|ASIA_LOW|20251218|1766071800,SSRP|ASIA_LOW|20251218|1766071800|FINAL,SSRP|ASIA_LOW|20251218|1766071800|FINAL,4333.65,4333.65,4320.25,4320.25,4360.44,4360.44,true
2025.12.18 16:55:00,LONG,ASIA_LOW|20251218,SSRP|ASIA_LOW|20251218|1766076300,SSRP|ASIA_LOW|20251218|1766076300|FINAL,SSRP|ASIA_LOW|20251218|1766076300|FINAL,4328.58,4328.58,4308.43,4308.43,4368.88,4368.88,true
2025.12.18 17:00:00,LONG,ASIA_LOW|20251218,SSRP|ASIA_LOW|20251218|1766076900,SSRP|ASIA_LOW|20251218|1766076900|FINAL,SSRP|ASIA_LOW|20251218|1766076900|FINAL,4333.61,4333.61,4321.29,4321.29,4358.26,4358.26,true
2025.12.18 19:05:00,SHORT,ASIA_HIGH|20251218,SSRP|ASIA_HIGH|20251218|1766084400,SSRP|ASIA_HIGH|20251218|1766084400|FINAL,SSRP|ASIA_HIGH|20251218|1766084400|FINAL,4329.79,4329.79,4363.93,4363.93,4261.51,4261.51,true
2025.12.18 19:10:00,SHORT,ASIA_HIGH|20251218,SSRP|ASIA_HIGH|20251218|1766084700,SSRP|ASIA_HIGH|20251218|1766084700|FINAL,SSRP|ASIA_HIGH|20251218|1766084700|FINAL,4328.60,4328.60,4360.11,4360.11,4265.59,4265.59,true
2025.12.18 19:15:00,LONG,ASIA_LOW|20251218,SSRP|ASIA_LOW|20251218|1766085000,SSRP|ASIA_LOW|20251218|1766085000|FINAL,SSRP|ASIA_LOW|20251218|1766085000|FINAL,4331.20,4331.20,4321.25,4321.25,4351.10,4351.10,true
2025.12.18 19:20:00,LONG,ASIA_LOW|20251218,SSRP|ASIA_LOW|20251218|1766085300,SSRP|ASIA_LOW|20251218|1766085300|FINAL,SSRP|ASIA_LOW|20251218|1766085300|FINAL,4326.45,4326.45,4321.30,4321.30,4336.75,4336.75,true
2025.12.18 21:55:00,LONG,ASIA_LOW|20251218,SSRP|ASIA_LOW|20251218|1766094600,SSRP|ASIA_LOW|20251218|1766094600|FINAL,SSRP|ASIA_LOW|20251218|1766094600|FINAL,4324.93,4324.93,4322.57,4322.57,4329.65,4329.65,true
2025.12.18 22:00:00,LONG,ASIA_LOW|20251218,SSRP|ASIA_LOW|20251218|1766094900,SSRP|ASIA_LOW|20251218|1766094900|FINAL,SSRP|ASIA_LOW|20251218|1766094900|FINAL,4332.15,4332.15,4322.56,4322.56,4351.34,4351.34,true
2025.12.19 16:40:00,SHORT,ASIA_HIGH|20251219,SSRP|ASIA_HIGH|20251219|1766162100,SSRP|ASIA_HIGH|20251219|1766162100|FINAL,SSRP|ASIA_HIGH|20251219|1766162100|FINAL,4334.77,4334.77,4338.08,4338.08,4328.16,4328.16,true
2025.12.19 16:45:00,SHORT,ASIA_HIGH|20251219,SSRP|ASIA_HIGH|20251219|1766162400,SSRP|ASIA_HIGH|20251219|1766162400|FINAL,SSRP|ASIA_HIGH|20251219|1766162400|FINAL,4327.22,4327.22,4338.12,4338.12,4305.42,4305.42,true
2025.12.22 10:35:00,SHORT,ASIA_HIGH|20251222,SSRP|ASIA_HIGH|20251222|1766399100,SSRP|ASIA_HIGH|20251222|1766399100|FINAL,SSRP|ASIA_HIGH|20251222|1766399100|FINAL,4407.78,4407.78,4415.12,4415.12,4393.09,4393.09,true
2025.12.22 10:50:00,SHORT,ASIA_HIGH|20251222,SSRP|ASIA_HIGH|20251222|1766399700,SSRP|ASIA_HIGH|20251222|1766399700|FINAL,SSRP|ASIA_HIGH|20251222|1766399700|FINAL,4407.76,4407.76,4411.42,4411.42,4400.44,4400.44,true
2025.12.22 10:55:00,SHORT,ASIA_HIGH|20251222,SSRP|ASIA_HIGH|20251222|1766400600,SSRP|ASIA_HIGH|20251222|1766400600|FINAL,SSRP|ASIA_HIGH|20251222|1766400600|FINAL,4408.31,4408.31,4410.52,4410.52,4403.89,4403.89,true
2025.12.22 12:40:00,SHORT,ASIA_HIGH|20251222,SSRP|ASIA_HIGH|20251222|1766406300,SSRP|ASIA_HIGH|20251222|1766406300|FINAL,SSRP|ASIA_HIGH|20251222|1766406300|FINAL,4409.01,4409.01,4413.23,4413.23,4400.56,4400.56,true
2025.12.22 12:55:00,SHORT,ASIA_HIGH|20251222,SSRP|ASIA_HIGH|20251222|1766407800,SSRP|ASIA_HIGH|20251222|1766407800|FINAL,SSRP|ASIA_HIGH|20251222|1766407800|FINAL,4408.73,4408.73,4411.72,4411.72,4402.75,4402.75,true
2025.12.22 13:00:00,SHORT,ASIA_HIGH|20251222,SSRP|ASIA_HIGH|20251222|1766408100,SSRP|ASIA_HIGH|20251222|1766408100|FINAL,SSRP|ASIA_HIGH|20251222|1766408100|FINAL,4408.45,4408.45,4411.71,4411.71,4401.94,4401.94,true
2025.12.22 13:25:00,SHORT,ASIA_HIGH|20251222,SSRP|ASIA_HIGH|20251222|1766409600,SSRP|ASIA_HIGH|20251222|1766409600|FINAL,SSRP|ASIA_HIGH|20251222|1766409600|FINAL,4409.25,4409.25,4410.67,4410.67,4406.40,4406.40,true
2025.12.22 13:50:00,SHORT,ASIA_HIGH|20251222,SSRP|ASIA_HIGH|20251222|1766410500,SSRP|ASIA_HIGH|20251222|1766410500|FINAL,SSRP|ASIA_HIGH|20251222|1766410500|FINAL,4408.98,4408.98,4411.73,4411.73,4403.48,4403.48,true
2025.12.22 14:05:00,SHORT,ASIA_HIGH|20251222,SSRP|ASIA_HIGH|20251222|1766412000,SSRP|ASIA_HIGH|20251222|1766412000|FINAL,SSRP|ASIA_HIGH|20251222|1766412000|FINAL,4408.06,4408.06,4413.39,4413.39,4397.39,4397.39,true
2025.12.22 14:10:00,SHORT,ASIA_HIGH|20251222,SSRP|ASIA_HIGH|20251222|1766412300,SSRP|ASIA_HIGH|20251222|1766412300|FINAL,SSRP|ASIA_HIGH|20251222|1766412300|FINAL,4407.15,4407.15,4413.36,4413.36,4394.74,4394.74,true
2025.12.22 14:25:00,SHORT,ASIA_HIGH|20251222,SSRP|ASIA_HIGH|20251222|1766412600,SSRP|ASIA_HIGH|20251222|1766412600|FINAL,SSRP|ASIA_HIGH|20251222|1766412600|FINAL,4409.17,4409.17,4412.40,4412.40,4402.72,4402.72,true
2025.12.23 17:10:00,LONG,ASIA_LOW|20251223,SSRP|ASIA_LOW|20251223|1766509200,SSRP|ASIA_LOW|20251223|1766509200|FINAL,SSRP|ASIA_LOW|20251223|1766509200|FINAL,4448.46,4448.46,4430.17,4430.17,4485.04,4485.04,true
2025.12.23 17:15:00,LONG,ASIA_LOW|20251223,SSRP|ASIA_LOW|20251223|1766509800,SSRP|ASIA_LOW|20251223|1766509800|FINAL,SSRP|ASIA_LOW|20251223|1766509800|FINAL,4448.46,4448.46,4438.99,4438.99,4467.40,4467.40,true
2025.12.23 17:30:00,LONG,ASIA_LOW|20251223,SSRP|ASIA_LOW|20251223|1766510700,SSRP|ASIA_LOW|20251223|1766510700|FINAL,SSRP|ASIA_LOW|20251223|1766510700|FINAL,4447.67,4447.67,4439.11,4439.11,4464.79,4464.79,true
2025.12.23 17:35:00,LONG,ASIA_LOW|20251223,SSRP|ASIA_LOW|20251223|1766511000,SSRP|ASIA_LOW|20251223|1766511000|FINAL,SSRP|ASIA_LOW|20251223|1766511000|FINAL,4454.28,4454.28,4440.83,4440.83,4481.17,4481.17,true
2025.12.23 23:00:00,SHORT,ASIA_HIGH|20251223,SSRP|ASIA_HIGH|20251223|1766530500,SSRP|ASIA_HIGH|20251223|1766530500|FINAL,SSRP|ASIA_HIGH|20251223|1766530500|FINAL,4492.51,4492.51,4500.36,4500.36,4476.81,4476.81,true
2025.12.23 23:05:00,SHORT,ASIA_HIGH|20251223,SSRP|ASIA_HIGH|20251223|1766530800,SSRP|ASIA_HIGH|20251223|1766530800|FINAL,SSRP|ASIA_HIGH|20251223|1766530800|FINAL,4491.53,4491.53,4499.03,4499.03,4476.53,4476.53,true
2025.12.24 16:45:00,LONG,ASIA_LOW|20251224,SSRP|ASIA_LOW|20251224|1766594400,SSRP|ASIA_LOW|20251224|1766594400|FINAL,SSRP|ASIA_LOW|20251224|1766594400|FINAL,4473.43,4473.43,4468.77,4468.77,4482.74,4482.74,true
2025.12.24 17:05:00,LONG,ASIA_LOW|20251224,SSRP|ASIA_LOW|20251224|1766595300,SSRP|ASIA_LOW|20251224|1766595300|FINAL,SSRP|ASIA_LOW|20251224|1766595300|FINAL,4473.38,4473.38,4459.71,4459.71,4500.72,4500.72,true
2025.12.24 18:35:00,LONG,ASIA_LOW|20251224,SSRP|ASIA_LOW|20251224|1766601000,SSRP|ASIA_LOW|20251224|1766601000|FINAL,SSRP|ASIA_LOW|20251224|1766601000|FINAL,4475.08,4475.08,4466.90,4466.90,4491.43,4491.43,true
2025.12.26 16:35:00,SHORT,ASIA_HIGH|20251226,SSRP|ASIA_HIGH|20251226|1766766600,SSRP|ASIA_HIGH|20251226|1766766600|FINAL,SSRP|ASIA_HIGH|20251226|1766766600|FINAL,4525.09,4525.09,4533.57,4533.57,4508.13,4508.13,true
2025.12.26 19:10:00,SHORT,ASIA_HIGH|20251226,SSRP|ASIA_HIGH|20251226|1766775900,SSRP|ASIA_HIGH|20251226|1766775900|FINAL,SSRP|ASIA_HIGH|20251226|1766775900|FINAL,4526.32,4526.32,4537.63,4537.63,4503.71,4503.71,true
2025.12.26 19:15:00,SHORT,ASIA_HIGH|20251226,SSRP|ASIA_HIGH|20251226|1766776200,SSRP|ASIA_HIGH|20251226|1766776200|FINAL,SSRP|ASIA_HIGH|20251226|1766776200|FINAL,4526.30,4526.30,4536.61,4536.61,4505.68,4505.68,true
2025.12.26 20:55:00,SHORT,ASIA_HIGH|20251226,SSRP|ASIA_HIGH|20251226|1766782200,SSRP|ASIA_HIGH|20251226|1766782200|FINAL,SSRP|ASIA_HIGH|20251226|1766782200|FINAL,4530.85,4530.85,4532.90,4532.90,4526.75,4526.75,true
2025.12.26 21:00:00,SHORT,ASIA_HIGH|20251226,SSRP|ASIA_HIGH|20251226|1766782500,SSRP|ASIA_HIGH|20251226|1766782500|FINAL,SSRP|ASIA_HIGH|20251226|1766782500|FINAL,4527.42,4527.42,4532.34,4532.34,4517.57,4517.57,true
2025.12.26 21:25:00,SHORT,ASIA_HIGH|20251226,SSRP|ASIA_HIGH|20251226|1766783700,SSRP|ASIA_HIGH|20251226|1766783700|FINAL,SSRP|ASIA_HIGH|20251226|1766783700|FINAL,4529.82,4529.82,4535.90,4535.90,4517.66,4517.66,true
2025.12.26 21:30:00,SHORT,ASIA_HIGH|20251226,SSRP|ASIA_HIGH|20251226|1766784300,SSRP|ASIA_HIGH|20251226|1766784300|FINAL,SSRP|ASIA_HIGH|20251226|1766784300|FINAL,4525.42,4525.42,4533.01,4533.01,4510.24,4510.24,true
2025.12.26 22:15:00,SHORT,ASIA_HIGH|20251226,SSRP|ASIA_HIGH|20251226|1766786700,SSRP|ASIA_HIGH|20251226|1766786700|FINAL,SSRP|ASIA_HIGH|20251226|1766786700|FINAL,4528.94,4528.94,4535.52,4535.52,4515.78,4515.78,true
2025.12.26 22:20:00,SHORT,ASIA_HIGH|20251226,SSRP|ASIA_HIGH|20251226|1766787300,SSRP|ASIA_HIGH|20251226|1766787300|FINAL,SSRP|ASIA_HIGH|20251226|1766787300|FINAL,4526.16,4526.16,4535.52,4535.52,4507.44,4507.44,true
2025.12.26 23:00:00,SHORT,ASIA_HIGH|20251226,SSRP|ASIA_HIGH|20251226|1766789700,SSRP|ASIA_HIGH|20251226|1766789700|FINAL,SSRP|ASIA_HIGH|20251226|1766789700|FINAL,4528.91,4528.91,4533.62,4533.62,4519.49,4519.49,true
2025.12.26 23:05:00,SHORT,ASIA_HIGH|20251226,SSRP|ASIA_HIGH|20251226|1766790000,SSRP|ASIA_HIGH|20251226|1766790000|FINAL,SSRP|ASIA_HIGH|20251226|1766790000|FINAL,4528.55,4528.55,4533.46,4533.46,4518.74,4518.74,true
2025.12.26 23:55:00,SHORT,ASIA_HIGH|20251226,SSRP|ASIA_HIGH|20251226|1766791500,SSRP|ASIA_HIGH|20251226|1766791500|FINAL,SSRP|ASIA_HIGH|20251226|1766791500|FINAL,4530.64,4530.64,4534.90,4534.90,4522.12,4522.12,true
2025.12.29 09:10:00,LONG,ASIA_LOW|20251229,SSRP|ASIA_LOW|20251229|1766999100,SSRP|ASIA_LOW|20251229|1766999100|FINAL,SSRP|ASIA_LOW|20251229|1766999100|FINAL,4473.29,4473.29,4447.80,4447.80,4524.27,4524.27,true
2025.12.29 09:15:00,LONG,ASIA_LOW|20251229,SSRP|ASIA_LOW|20251229|1766999400,SSRP|ASIA_LOW|20251229|1766999400|FINAL,SSRP|ASIA_LOW|20251229|1766999400|FINAL,4480.19,4480.19,4457.60,4457.60,4525.38,4525.38,true
2025.12.29 10:05:00,LONG,ASIA_LOW|20251229,SSRP|ASIA_LOW|20251229|1767002400,SSRP|ASIA_LOW|20251229|1767002400|FINAL,SSRP|ASIA_LOW|20251229|1767002400|FINAL,4478.32,4478.32,4465.49,4465.49,4503.98,4503.98,true
2025.12.29 10:10:00,LONG,ASIA_LOW|20251229,SSRP|ASIA_LOW|20251229|1767002700,SSRP|ASIA_LOW|20251229|1767002700|FINAL,SSRP|ASIA_LOW|20251229|1767002700|FINAL,4483.72,4483.72,4469.88,4469.88,4511.41,4511.41,true
2025.12.29 11:40:00,LONG,ASIA_LOW|20251229,SSRP|ASIA_LOW|20251229|1767008100,SSRP|ASIA_LOW|20251229|1767008100|FINAL,SSRP|ASIA_LOW|20251229|1767008100|FINAL,4475.46,4475.46,4459.90,4459.90,4506.59,4506.59,true
2025.12.29 11:50:00,LONG,ASIA_LOW|20251229,SSRP|ASIA_LOW|20251229|1767008400,SSRP|ASIA_LOW|20251229|1767008400|FINAL,SSRP|ASIA_LOW|20251229|1767008400|FINAL,4472.33,4472.33,4463.82,4463.82,4489.34,4489.34,true
2025.12.29 11:55:00,LONG,ASIA_LOW|20251229,SSRP|ASIA_LOW|20251229|1767009000,SSRP|ASIA_LOW|20251229|1767009000|FINAL,SSRP|ASIA_LOW|20251229|1767009000|FINAL,4472.32,4472.32,4468.79,4468.79,4479.38,4479.38,true
2025.12.29 12:05:00,LONG,ASIA_LOW|20251229,SSRP|ASIA_LOW|20251229|1767009300,SSRP|ASIA_LOW|20251229|1767009300|FINAL,SSRP|ASIA_LOW|20251229|1767009300|FINAL,4472.98,4472.98,4468.84,4468.84,4481.27,4481.27,true
2025.12.30 09:50:00,SHORT,ASIA_HIGH|20251230,SSRP|ASIA_HIGH|20251230|1767087900,SSRP|ASIA_HIGH|20251230|1767087900|FINAL,SSRP|ASIA_HIGH|20251230|1767087900|FINAL,4374.51,4374.51,4383.88,4383.88,4355.76,4355.76,true
2025.12.30 09:55:00,SHORT,ASIA_HIGH|20251230,SSRP|ASIA_HIGH|20251230|1767088200,SSRP|ASIA_HIGH|20251230|1767088200|FINAL,SSRP|ASIA_HIGH|20251230|1767088200|FINAL,4372.59,4372.59,4383.88,4383.88,4350.01,4350.01,true
2025.12.30 15:40:00,SHORT,ASIA_HIGH|20251230,SSRP|ASIA_HIGH|20251230|1767108600,SSRP|ASIA_HIGH|20251230|1767108600|FINAL,SSRP|ASIA_HIGH|20251230|1767108600|FINAL,4379.47,4379.47,4394.02,4394.02,4350.37,4350.37,true
2025.12.30 16:35:00,SHORT,ASIA_HIGH|20251230,SSRP|ASIA_HIGH|20251230|1767111900,SSRP|ASIA_HIGH|20251230|1767111900|FINAL,SSRP|ASIA_HIGH|20251230|1767111900|FINAL,4377.02,4377.02,4392.66,4392.66,4345.74,4345.74,true
2025.12.30 16:40:00,SHORT,ASIA_HIGH|20251230,SSRP|ASIA_HIGH|20251230|1767112500,SSRP|ASIA_HIGH|20251230|1767112500|FINAL,SSRP|ASIA_HIGH|20251230|1767112500|FINAL,4371.37,4371.37,4383.80,4383.80,4346.50,4346.50,true
2025.12.30 19:05:00,SHORT,ASIA_HIGH|20251230,SSRP|ASIA_HIGH|20251230|1767121200,SSRP|ASIA_HIGH|20251230|1767121200|FINAL,SSRP|ASIA_HIGH|20251230|1767121200|FINAL,4376.95,4376.95,4381.90,4381.90,4367.05,4367.05,true
2025.12.31 08:05:00,LONG,ASIA_LOW|20251231,SSRP|ASIA_LOW|20251231|1767168000,SSRP|ASIA_LOW|20251231|1767168000|FINAL,SSRP|ASIA_LOW|20251231|1767168000|FINAL,4293.38,4293.38,4274.11,4274.11,4331.93,4331.93,true
2026.01.02 15:20:00,SHORT,ASIA_HIGH|20260102,SSRP|ASIA_HIGH|20260102|1767366900,SSRP|ASIA_HIGH|20260102|1767366900|FINAL,SSRP|ASIA_HIGH|20260102|1767366900|FINAL,4381.42,4381.42,4402.80,4402.80,4338.66,4338.66,true
2026.01.02 15:25:00,SHORT,ASIA_HIGH|20260102,SSRP|ASIA_HIGH|20260102|1767367200,SSRP|ASIA_HIGH|20260102|1767367200|FINAL,SSRP|ASIA_HIGH|20260102|1767367200|FINAL,4374.53,4374.53,4399.64,4399.64,4324.31,4324.31,true
2026.01.02 15:30:00,SHORT,ASIA_HIGH|20260102,SSRP|ASIA_HIGH|20260102|1767367500,SSRP|ASIA_HIGH|20260102|1767367500|FINAL,SSRP|ASIA_HIGH|20260102|1767367500|FINAL,4372.67,4372.67,4384.80,4384.80,4348.41,4348.41,true
2026.01.02 18:25:00,LONG,ASIA_LOW|20260102,SSRP|ASIA_LOW|20260102|1767377700,SSRP|ASIA_LOW|20260102|1767377700|FINAL,SSRP|ASIA_LOW|20260102|1767377700|FINAL,4321.54,4321.54,4314.33,4314.33,4335.97,4335.97,true
2026.01.02 18:35:00,LONG,ASIA_LOW|20260102,SSRP|ASIA_LOW|20260102|1767378600,SSRP|ASIA_LOW|20260102|1767378600|FINAL,SSRP|ASIA_LOW|20260102|1767378600|FINAL,4322.27,4322.27,4314.70,4314.70,4337.41,4337.41,true
2026.01.02 18:40:00,LONG,ASIA_LOW|20260102,SSRP|ASIA_LOW|20260102|1767378900,SSRP|ASIA_LOW|20260102|1767378900|FINAL,SSRP|ASIA_LOW|20260102|1767378900|FINAL,4325.85,4325.85,4314.97,4314.97,4347.60,4347.60,true
2026.01.02 21:05:00,LONG,ASIA_LOW|20260102,SSRP|ASIA_LOW|20260102|1767387300,SSRP|ASIA_LOW|20260102|1767387300|FINAL,SSRP|ASIA_LOW|20260102|1767387300|FINAL,4320.90,4320.90,4313.50,4313.50,4335.70,4335.70,true
2026.01.02 21:10:00,LONG,ASIA_LOW|20260102,SSRP|ASIA_LOW|20260102|1767387900,SSRP|ASIA_LOW|20260102|1767387900|FINAL,SSRP|ASIA_LOW|20260102|1767387900|FINAL,4321.45,4321.45,4317.63,4317.63,4329.09,4329.09,true
2026.01.02 21:35:00,LONG,ASIA_LOW|20260102,SSRP|ASIA_LOW|20260102|1767389100,SSRP|ASIA_LOW|20260102|1767389100|FINAL,SSRP|ASIA_LOW|20260102|1767389100|FINAL,4323.71,4323.71,4316.26,4316.26,4338.61,4338.61,true
2026.01.02 22:15:00,LONG,ASIA_LOW|20260102,SSRP|ASIA_LOW|20260102|1767391200,SSRP|ASIA_LOW|20260102|1767391200|FINAL,SSRP|ASIA_LOW|20260102|1767391200|FINAL,4322.22,4322.22,4317.05,4317.05,4332.56,4332.56,true
2026.01.02 22:20:00,LONG,ASIA_LOW|20260102,SSRP|ASIA_LOW|20260102|1767392100,SSRP|ASIA_LOW|20260102|1767392100|FINAL,SSRP|ASIA_LOW|20260102|1767392100|FINAL,4326.14,4326.14,4318.54,4318.54,4341.33,4341.33,true
2026.01.05 08:30:00,SHORT,ASIA_HIGH|20260105,SSRP|ASIA_HIGH|20260105|1767601500,SSRP|ASIA_HIGH|20260105|1767601500|FINAL,SSRP|ASIA_HIGH|20260105|1767601500|FINAL,4420.56,4420.56,4426.70,4426.70,4408.28,4408.28,true
2026.01.05 08:40:00,SHORT,ASIA_HIGH|20260105,SSRP|ASIA_HIGH|20260105|1767602100,SSRP|ASIA_HIGH|20260105|1767602100|FINAL,SSRP|ASIA_HIGH|20260105|1767602100|FINAL,4420.15,4420.15,4425.86,4425.86,4408.73,4408.73,true
2026.01.05 08:50:00,SHORT,ASIA_HIGH|20260105,SSRP|ASIA_HIGH|20260105|1767602400,SSRP|ASIA_HIGH|20260105|1767602400|FINAL,SSRP|ASIA_HIGH|20260105|1767602400|FINAL,4419.72,4419.72,4425.84,4425.84,4407.48,4407.48,true
2026.01.05 08:55:00,SHORT,ASIA_HIGH|20260105,SSRP|ASIA_HIGH|20260105|1767603000,SSRP|ASIA_HIGH|20260105|1767603000|FINAL,SSRP|ASIA_HIGH|20260105|1767603000|FINAL,4420.25,4420.25,4422.10,4422.10,4416.54,4416.54,true
2026.01.05 09:05:00,SHORT,ASIA_HIGH|20260105,SSRP|ASIA_HIGH|20260105|1767603600,SSRP|ASIA_HIGH|20260105|1767603600|FINAL,SSRP|ASIA_HIGH|20260105|1767603600|FINAL,4419.48,4419.48,4424.23,4424.23,4409.98,4409.98,true
2026.01.05 09:10:00,SHORT,ASIA_HIGH|20260105,SSRP|ASIA_HIGH|20260105|1767603900,SSRP|ASIA_HIGH|20260105|1767603900|FINAL,SSRP|ASIA_HIGH|20260105|1767603900|FINAL,4419.96,4419.96,4424.22,4424.22,4411.44,4411.44,true
2026.01.05 09:25:00,SHORT,ASIA_HIGH|20260105,SSRP|ASIA_HIGH|20260105|1767604500,SSRP|ASIA_HIGH|20260105|1767604500|FINAL,SSRP|ASIA_HIGH|20260105|1767604500|FINAL,4420.44,4420.44,4423.43,4423.43,4414.45,4414.45,true
2026.01.05 10:05:00,SHORT,ASIA_HIGH|20260105,SSRP|ASIA_HIGH|20260105|1767606000,SSRP|ASIA_HIGH|20260105|1767606000|FINAL,SSRP|ASIA_HIGH|20260105|1767606000|FINAL,4420.67,4420.67,4425.28,4425.28,4411.44,4411.44,true
2026.01.05 13:25:00,SHORT,ASIA_HIGH|20260105,SSRP|ASIA_HIGH|20260105|1767619200,SSRP|ASIA_HIGH|20260105|1767619200|FINAL,SSRP|ASIA_HIGH|20260105|1767619200|FINAL,4417.24,4417.24,4430.92,4430.92,4389.88,4389.88,true
2026.01.05 13:30:00,SHORT,ASIA_HIGH|20260105,SSRP|ASIA_HIGH|20260105|1767619500,SSRP|ASIA_HIGH|20260105|1767619500|FINAL,SSRP|ASIA_HIGH|20260105|1767619500|FINAL,4419.95,4419.95,4428.38,4428.38,4403.10,4403.10,true
2026.01.05 13:55:00,SHORT,ASIA_HIGH|20260105,SSRP|ASIA_HIGH|20260105|1767620700,SSRP|ASIA_HIGH|20260105|1767620700|FINAL,SSRP|ASIA_HIGH|20260105|1767620700|FINAL,4419.33,4419.33,4426.31,4426.31,4405.37,4405.37,true
2026.01.06 10:30:00,SHORT,ASIA_HIGH|20260106,SSRP|ASIA_HIGH|20260106|1767695100,SSRP|ASIA_HIGH|20260106|1767695100|FINAL,SSRP|ASIA_HIGH|20260106|1767695100|FINAL,4467.36,4467.36,4476.32,4476.32,4449.44,4449.44,true
2026.01.06 17:30:00,SHORT,ASIA_HIGH|20260106,SSRP|ASIA_HIGH|20260106|1767720300,SSRP|ASIA_HIGH|20260106|1767720300|FINAL,SSRP|ASIA_HIGH|20260106|1767720300|FINAL,4469.75,4469.75,4482.34,4482.34,4444.57,4444.57,true
2026.01.06 17:35:00,SHORT,ASIA_HIGH|20260106,SSRP|ASIA_HIGH|20260106|1767720600,SSRP|ASIA_HIGH|20260106|1767720600|FINAL,SSRP|ASIA_HIGH|20260106|1767720600|FINAL,4470.62,4470.62,4482.36,4482.36,4447.14,4447.14,true
2026.01.07 08:50:00,LONG,ASIA_LOW|20260107,SSRP|ASIA_LOW|20260107|1767775500,SSRP|ASIA_LOW|20260107|1767775500|FINAL,SSRP|ASIA_LOW|20260107|1767775500|FINAL,4446.32,4446.32,4440.71,4440.71,4457.53,4457.53,true
2026.01.07 09:05:00,LONG,ASIA_LOW|20260107,SSRP|ASIA_LOW|20260107|1767776400,SSRP|ASIA_LOW|20260107|1767776400|FINAL,SSRP|ASIA_LOW|20260107|1767776400|FINAL,4449.09,4449.09,4441.28,4441.28,4464.72,4464.72,true
2026.01.07 14:20:00,LONG,ASIA_LOW|20260107,SSRP|ASIA_LOW|20260107|1767795300,SSRP|ASIA_LOW|20260107|1767795300|FINAL,SSRP|ASIA_LOW|20260107|1767795300|FINAL,4447.31,4447.31,4438.93,4438.93,4464.07,4464.07,true
2026.01.07 14:25:00,LONG,ASIA_LOW|20260107,SSRP|ASIA_LOW|20260107|1767795600,SSRP|ASIA_LOW|20260107|1767795600|FINAL,SSRP|ASIA_LOW|20260107|1767795600|FINAL,4450.17,4450.17,4438.92,4438.92,4472.67,4472.67,true
2026.01.07 15:35:00,LONG,ASIA_LOW|20260107,SSRP|ASIA_LOW|20260107|1767798900,SSRP|ASIA_LOW|20260107|1767798900|FINAL,SSRP|ASIA_LOW|20260107|1767798900|FINAL,4443.62,4443.62,4430.01,4430.01,4470.84,4470.84,true
2026.01.07 15:40:00,LONG,ASIA_LOW|20260107,SSRP|ASIA_LOW|20260107|1767800100,SSRP|ASIA_LOW|20260107|1767800100|FINAL,SSRP|ASIA_LOW|20260107|1767800100|FINAL,4445.58,4445.58,4437.73,4437.73,4461.27,4461.27,true
2026.01.07 15:45:00,LONG,ASIA_LOW|20260107,SSRP|ASIA_LOW|20260107|1767800400,SSRP|ASIA_LOW|20260107|1767800400|FINAL,SSRP|ASIA_LOW|20260107|1767800400|FINAL,4447.01,4447.01,4440.81,4440.81,4459.42,4459.42,true
2026.01.07 16:40:00,LONG,ASIA_LOW|20260107,SSRP|ASIA_LOW|20260107|1767803400,SSRP|ASIA_LOW|20260107|1767803400|FINAL,SSRP|ASIA_LOW|20260107|1767803400|FINAL,4444.24,4444.24,4435.40,4435.40,4461.92,4461.92,true
2026.01.07 16:50:00,LONG,ASIA_LOW|20260107,SSRP|ASIA_LOW|20260107|1767804000,SSRP|ASIA_LOW|20260107|1767804000|FINAL,SSRP|ASIA_LOW|20260107|1767804000|FINAL,4446.74,4446.74,4439.34,4439.34,4461.53,4461.53,true
2026.01.07 16:55:00,LONG,ASIA_LOW|20260107,SSRP|ASIA_LOW|20260107|1767804600,SSRP|ASIA_LOW|20260107|1767804600|FINAL,SSRP|ASIA_LOW|20260107|1767804600|FINAL,4445.37,4445.37,4440.57,4440.57,4454.96,4454.96,true
2026.01.07 17:30:00,LONG,ASIA_LOW|20260107,SSRP|ASIA_LOW|20260107|1767806400,SSRP|ASIA_LOW|20260107|1767806400|FINAL,SSRP|ASIA_LOW|20260107|1767806400|FINAL,4448.86,4448.86,4424.12,4424.12,4498.34,4498.34,true
2026.01.07 17:35:00,LONG,ASIA_LOW|20260107,SSRP|ASIA_LOW|20260107|1767807000,SSRP|ASIA_LOW|20260107|1767807000|FINAL,SSRP|ASIA_LOW|20260107|1767807000|FINAL,4448.37,4448.37,4441.35,4441.35,4462.41,4462.41,true
2026.01.07 17:55:00,LONG,ASIA_LOW|20260107,SSRP|ASIA_LOW|20260107|1767807900,SSRP|ASIA_LOW|20260107|1767807900|FINAL,SSRP|ASIA_LOW|20260107|1767807900|FINAL,4446.22,4446.22,4440.13,4440.13,4458.39,4458.39,true
2026.01.07 18:00:00,LONG,ASIA_LOW|20260107,SSRP|ASIA_LOW|20260107|1767808500,SSRP|ASIA_LOW|20260107|1767808500|FINAL,SSRP|ASIA_LOW|20260107|1767808500|FINAL,4446.38,4446.38,4441.31,4441.31,4456.52,4456.52,true
2026.01.08 14:25:00,LONG,ASIA_LOW|20260108,SSRP|ASIA_LOW|20260108|1767881400,SSRP|ASIA_LOW|20260108|1767881400|FINAL,SSRP|ASIA_LOW|20260108|1767881400|FINAL,4420.44,4420.44,4407.67,4407.67,4445.97,4445.97,true
2026.01.08 14:30:00,LONG,ASIA_LOW|20260108,SSRP|ASIA_LOW|20260108|1767882300,SSRP|ASIA_LOW|20260108|1767882300|FINAL,SSRP|ASIA_LOW|20260108|1767882300|FINAL,4424.12,4424.12,4412.76,4412.76,4446.85,4446.85,true
2026.01.09 15:45:00,SHORT,ASIA_HIGH|20260109,SSRP|ASIA_HIGH|20260109|1767972900,SSRP|ASIA_HIGH|20260109|1767972900|FINAL,SSRP|ASIA_HIGH|20260109|1767972900|FINAL,4483.58,4483.58,4492.46,4492.46,4465.82,4465.82,true
2026.01.09 15:50:00,SHORT,ASIA_HIGH|20260109,SSRP|ASIA_HIGH|20260109|1767973500,SSRP|ASIA_HIGH|20260109|1767973500|FINAL,SSRP|ASIA_HIGH|20260109|1767973500|FINAL,4482.99,4482.99,4489.23,4489.23,4470.50,4470.50,true
2026.01.12 16:00:00,SHORT,ASIA_HIGH|20260112,SSRP|ASIA_HIGH|20260112|1768233300,SSRP|ASIA_HIGH|20260112|1768233300|FINAL,SSRP|ASIA_HIGH|20260112|1768233300|FINAL,4600.50,4600.50,4620.62,4620.62,4560.27,4560.27,true
2026.01.12 16:05:00,SHORT,ASIA_HIGH|20260112,SSRP|ASIA_HIGH|20260112|1768233600,SSRP|ASIA_HIGH|20260112|1768233600|FINAL,SSRP|ASIA_HIGH|20260112|1768233600|FINAL,4598.57,4598.57,4617.68,4617.68,4560.35,4560.35,true
2026.01.12 16:10:00,SHORT,ASIA_HIGH|20260112,SSRP|ASIA_HIGH|20260112|1768233900,SSRP|ASIA_HIGH|20260112|1768233900|FINAL,SSRP|ASIA_HIGH|20260112|1768233900|FINAL,4596.47,4596.47,4604.71,4604.71,4579.98,4579.98,true
2026.01.12 22:05:00,SHORT,ASIA_HIGH|20260112,SSRP|ASIA_HIGH|20260112|1768255200,SSRP|ASIA_HIGH|20260112|1768255200|FINAL,SSRP|ASIA_HIGH|20260112|1768255200|FINAL,4600.56,4600.56,4611.85,4611.85,4577.97,4577.97,true
2026.01.12 22:45:00,SHORT,ASIA_HIGH|20260112,SSRP|ASIA_HIGH|20260112|1768257600,SSRP|ASIA_HIGH|20260112|1768257600|FINAL,SSRP|ASIA_HIGH|20260112|1768257600|FINAL,4593.21,4593.21,4603.09,4603.09,4573.45,4573.45,true
2026.01.13 08:45:00,LONG,ASIA_LOW|20260113,SSRP|ASIA_LOW|20260113|1768293600,SSRP|ASIA_LOW|20260113|1768293600|FINAL,SSRP|ASIA_LOW|20260113|1768293600|FINAL,4579.69,4579.69,4573.33,4573.33,4592.40,4592.40,true
2026.01.13 17:15:00,SHORT,ASIA_HIGH|20260113,SSRP|ASIA_HIGH|20260113|1768324200,SSRP|ASIA_HIGH|20260113|1768324200|FINAL,SSRP|ASIA_HIGH|20260113|1768324200|FINAL,4606.61,4606.61,4625.06,4625.06,4569.70,4569.70,true
2026.01.13 17:20:00,SHORT,ASIA_HIGH|20260113,SSRP|ASIA_HIGH|20260113|1768324500,SSRP|ASIA_HIGH|20260113|1768324500|FINAL,SSRP|ASIA_HIGH|20260113|1768324500|FINAL,4604.03,4604.03,4624.00,4624.00,4564.08,4564.08,true
2026.01.13 18:20:00,SHORT,ASIA_HIGH|20260113,SSRP|ASIA_HIGH|20260113|1768327800,SSRP|ASIA_HIGH|20260113|1768327800|FINAL,SSRP|ASIA_HIGH|20260113|1768327800|FINAL,4606.00,4606.00,4614.34,4614.34,4589.31,4589.31,true
2026.01.13 18:25:00,SHORT,ASIA_HIGH|20260113,SSRP|ASIA_HIGH|20260113|1768328400,SSRP|ASIA_HIGH|20260113|1768328400|FINAL,SSRP|ASIA_HIGH|20260113|1768328400|FINAL,4598.52,4598.52,4611.02,4611.02,4573.52,4573.52,true
2026.01.13 19:40:00,SHORT,ASIA_HIGH|20260113,SSRP|ASIA_HIGH|20260113|1768332000,SSRP|ASIA_HIGH|20260113|1768332000|FINAL,SSRP|ASIA_HIGH|20260113|1768332000|FINAL,4604.50,4604.50,4612.84,4612.84,4587.82,4587.82,true
2026.01.13 19:45:00,SHORT,ASIA_HIGH|20260113,SSRP|ASIA_HIGH|20260113|1768333200,SSRP|ASIA_HIGH|20260113|1768333200|FINAL,SSRP|ASIA_HIGH|20260113|1768333200|FINAL,4602.18,4602.18,4610.83,4610.83,4584.89,4584.89,true
2026.01.13 22:35:00,LONG,ASIA_LOW|20260113,SSRP|ASIA_LOW|20260113|1768343400,SSRP|ASIA_LOW|20260113|1768343400|FINAL,SSRP|ASIA_LOW|20260113|1768343400|FINAL,4576.65,4576.65,4569.19,4569.19,4591.57,4591.57,true
2026.01.13 22:40:00,LONG,ASIA_LOW|20260113,SSRP|ASIA_LOW|20260113|1768343700,SSRP|ASIA_LOW|20260113|1768343700|FINAL,SSRP|ASIA_LOW|20260113|1768343700|FINAL,4585.13,4585.13,4569.16,4569.16,4617.07,4617.07,true
2026.01.14 15:00:00,SHORT,ASIA_HIGH|20260114,SSRP|ASIA_HIGH|20260114|1768402500,SSRP|ASIA_HIGH|20260114|1768402500|FINAL,SSRP|ASIA_HIGH|20260114|1768402500|FINAL,4635.23,4635.23,4642.60,4642.60,4620.48,4620.48,true
2026.01.14 15:05:00,SHORT,ASIA_HIGH|20260114,SSRP|ASIA_HIGH|20260114|1768402800,SSRP|ASIA_HIGH|20260114|1768402800|FINAL,SSRP|ASIA_HIGH|20260114|1768402800|FINAL,4629.67,4629.67,4641.72,4641.72,4605.57,4605.57,true
2026.01.14 21:05:00,SHORT,ASIA_HIGH|20260114,SSRP|ASIA_HIGH|20260114|1768424400,SSRP|ASIA_HIGH|20260114|1768424400|FINAL,SSRP|ASIA_HIGH|20260114|1768424400|FINAL,4634.99,4634.99,4643.37,4643.37,4618.23,4618.23,true
2026.01.14 21:45:00,SHORT,ASIA_HIGH|20260114,SSRP|ASIA_HIGH|20260114|1768426500,SSRP|ASIA_HIGH|20260114|1768426500|FINAL,SSRP|ASIA_HIGH|20260114|1768426500|FINAL,4639.41,4639.41,4641.05,4641.05,4636.14,4636.14,true
2026.01.14 21:50:00,SHORT,ASIA_HIGH|20260114,SSRP|ASIA_HIGH|20260114|1768427100,SSRP|ASIA_HIGH|20260114|1768427100|FINAL,SSRP|ASIA_HIGH|20260114|1768427100|FINAL,4639.17,4639.17,4641.73,4641.73,4634.04,4634.04,true
2026.01.14 21:55:00,SHORT,ASIA_HIGH|20260114,SSRP|ASIA_HIGH|20260114|1768427400,SSRP|ASIA_HIGH|20260114|1768427400|FINAL,SSRP|ASIA_HIGH|20260114|1768427400|FINAL,4639.29,4639.29,4641.73,4641.73,4634.40,4634.40,true
2026.01.14 22:05:00,SHORT,ASIA_HIGH|20260114,SSRP|ASIA_HIGH|20260114|1768428000,SSRP|ASIA_HIGH|20260114|1768428000|FINAL,SSRP|ASIA_HIGH|20260114|1768428000|FINAL,4637.06,4637.06,4641.35,4641.35,4628.48,4628.48,true
2026.01.14 22:15:00,SHORT,ASIA_HIGH|20260114,SSRP|ASIA_HIGH|20260114|1768428600,SSRP|ASIA_HIGH|20260114|1768428600|FINAL,SSRP|ASIA_HIGH|20260114|1768428600|FINAL,4636.72,4636.72,4641.79,4641.79,4626.57,4626.57,true
2026.01.16 15:30:00,LONG,ASIA_LOW|20260116,SSRP|ASIA_LOW|20260116|1768577100,SSRP|ASIA_LOW|20260116|1768577100|FINAL,SSRP|ASIA_LOW|20260116|1768577100|FINAL,4594.89,4594.89,4582.40,4582.40,4619.88,4619.88,true
2026.01.16 15:35:00,LONG,ASIA_LOW|20260116,SSRP|ASIA_LOW|20260116|1768577400,SSRP|ASIA_LOW|20260116|1768577400|FINAL,SSRP|ASIA_LOW|20260116|1768577400|FINAL,4591.71,4591.71,4585.17,4585.17,4604.79,4604.79,true
2026.01.16 18:10:00,LONG,ASIA_LOW|20260116,SSRP|ASIA_LOW|20260116|1768586400,SSRP|ASIA_LOW|20260116|1768586400|FINAL,SSRP|ASIA_LOW|20260116|1768586400|FINAL,4592.98,4592.98,4567.52,4567.52,4643.90,4643.90,true
2026.01.16 18:35:00,LONG,ASIA_LOW|20260116,SSRP|ASIA_LOW|20260116|1768587000,SSRP|ASIA_LOW|20260116|1768587000|FINAL,SSRP|ASIA_LOW|20260116|1768587000|FINAL,4594.53,4594.53,4583.40,4583.40,4616.79,4616.79,true
2026.01.16 20:30:00,LONG,ASIA_LOW|20260116,SSRP|ASIA_LOW|20260116|1768594800,SSRP|ASIA_LOW|20260116|1768594800|FINAL,SSRP|ASIA_LOW|20260116|1768594800|FINAL,4594.08,4594.08,4584.24,4584.24,4613.75,4613.75,true
2026.01.16 20:35:00,LONG,ASIA_LOW|20260116,SSRP|ASIA_LOW|20260116|1768595400,SSRP|ASIA_LOW|20260116|1768595400|FINAL,SSRP|ASIA_LOW|20260116|1768595400|FINAL,4593.10,4593.10,4588.36,4588.36,4602.58,4602.58,true
2026.01.16 22:00:00,LONG,ASIA_LOW|20260116,SSRP|ASIA_LOW|20260116|1768599300,SSRP|ASIA_LOW|20260116|1768599300|FINAL,SSRP|ASIA_LOW|20260116|1768599300|FINAL,4594.65,4594.65,4587.31,4587.31,4609.33,4609.33,true
2026.01.16 22:05:00,LONG,ASIA_LOW|20260116,SSRP|ASIA_LOW|20260116|1768600800,SSRP|ASIA_LOW|20260116|1768600800|FINAL,SSRP|ASIA_LOW|20260116|1768600800|FINAL,4594.70,4594.70,4588.66,4588.66,4606.79,4606.79,true
2026.01.16 23:15:00,LONG,ASIA_LOW|20260116,SSRP|ASIA_LOW|20260116|1768605000,SSRP|ASIA_LOW|20260116|1768605000|FINAL,SSRP|ASIA_LOW|20260116|1768605000|FINAL,4598.13,4598.13,4583.11,4583.11,4628.17,4628.17,true
2026.01.16 23:20:00,LONG,ASIA_LOW|20260116,SSRP|ASIA_LOW|20260116|1768605300,SSRP|ASIA_LOW|20260116|1768605300|FINAL,SSRP|ASIA_LOW|20260116|1768605300|FINAL,4593.29,4593.29,4585.99,4585.99,4607.88,4607.88,true
2026.01.20 09:15:00,SHORT,ASIA_HIGH|20260120,SSRP|ASIA_HIGH|20260120|1768900200,SSRP|ASIA_HIGH|20260120|1768900200|FINAL,SSRP|ASIA_HIGH|20260120|1768900200|FINAL,4716.41,4716.41,4717.98,4717.98,4713.27,4713.27,true
2026.01.20 09:55:00,SHORT,ASIA_HIGH|20260120,SSRP|ASIA_HIGH|20260120|1768902300,SSRP|ASIA_HIGH|20260120|1768902300|FINAL,SSRP|ASIA_HIGH|20260120|1768902300|FINAL,4716.07,4716.07,4722.91,4722.91,4702.40,4702.40,true
2026.01.21 08:35:00,SHORT,ASIA_HIGH|20260121,SSRP|ASIA_HIGH|20260121|1768983900,SSRP|ASIA_HIGH|20260121|1768983900|FINAL,SSRP|ASIA_HIGH|20260121|1768983900|FINAL,4868.49,4868.49,4888.78,4888.78,4827.91,4827.91,true
2026.01.21 08:40:00,SHORT,ASIA_HIGH|20260121,SSRP|ASIA_HIGH|20260121|1768984500,SSRP|ASIA_HIGH|20260121|1768984500|FINAL,SSRP|ASIA_HIGH|20260121|1768984500|FINAL,4861.74,4861.74,4881.74,4881.74,4821.73,4821.73,true
2026.01.21 16:00:00,SHORT,ASIA_HIGH|20260121,SSRP|ASIA_HIGH|20260121|1769010900,SSRP|ASIA_HIGH|20260121|1769010900|FINAL,SSRP|ASIA_HIGH|20260121|1769010900|FINAL,4852.82,4852.82,4881.40,4881.40,4795.67,4795.67,true
2026.01.21 16:05:00,SHORT,ASIA_HIGH|20260121,SSRP|ASIA_HIGH|20260121|1769011200,SSRP|ASIA_HIGH|20260121|1769011200|FINAL,SSRP|ASIA_HIGH|20260121|1769011200|FINAL,4864.57,4864.57,4881.46,4881.46,4830.78,4830.78,true
2026.01.22 09:10:00,SHORT,ASIA_HIGH|20260122,SSRP|ASIA_HIGH|20260122|1769072700,SSRP|ASIA_HIGH|20260122|1769072700|FINAL,SSRP|ASIA_HIGH|20260122|1769072700|FINAL,4833.16,4833.16,4835.12,4835.12,4829.25,4829.25,true
2026.01.22 09:20:00,SHORT,ASIA_HIGH|20260122,SSRP|ASIA_HIGH|20260122|1769073300,SSRP|ASIA_HIGH|20260122|1769073300|FINAL,SSRP|ASIA_HIGH|20260122|1769073300|FINAL,4831.65,4831.65,4837.70,4837.70,4819.54,4819.54,true
2026.01.22 09:40:00,SHORT,ASIA_HIGH|20260122,SSRP|ASIA_HIGH|20260122|1769074500,SSRP|ASIA_HIGH|20260122|1769074500|FINAL,SSRP|ASIA_HIGH|20260122|1769074500|FINAL,4833.39,4833.39,4838.61,4838.61,4822.95,4822.95,true
2026.01.22 09:45:00,SHORT,ASIA_HIGH|20260122,SSRP|ASIA_HIGH|20260122|1769074800,SSRP|ASIA_HIGH|20260122|1769074800|FINAL,SSRP|ASIA_HIGH|20260122|1769074800|FINAL,4833.05,4833.05,4838.61,4838.61,4821.93,4821.93,true
2026.01.22 10:00:00,SHORT,ASIA_HIGH|20260122,SSRP|ASIA_HIGH|20260122|1769075700,SSRP|ASIA_HIGH|20260122|1769075700|FINAL,SSRP|ASIA_HIGH|20260122|1769075700|FINAL,4832.76,4832.76,4835.84,4835.84,4826.61,4826.61,true
2026.01.22 10:05:00,SHORT,ASIA_HIGH|20260122,SSRP|ASIA_HIGH|20260122|1769076000,SSRP|ASIA_HIGH|20260122|1769076000|FINAL,SSRP|ASIA_HIGH|20260122|1769076000|FINAL,4828.94,4828.94,4835.82,4835.82,4815.18,4815.18,true
2026.01.22 10:10:00,SHORT,ASIA_HIGH|20260122,SSRP|ASIA_HIGH|20260122|1769076300,SSRP|ASIA_HIGH|20260122|1769076300|FINAL,SSRP|ASIA_HIGH|20260122|1769076300|FINAL,4827.77,4827.77,4835.56,4835.56,4812.19,4812.19,true
2026.01.22 11:05:00,SHORT,ASIA_HIGH|20260122,SSRP|ASIA_HIGH|20260122|1769079600,SSRP|ASIA_HIGH|20260122|1769079600|FINAL,SSRP|ASIA_HIGH|20260122|1769079600|FINAL,4832.82,4832.82,4835.59,4835.59,4827.29,4827.29,true
2026.01.22 11:10:00,SHORT,ASIA_HIGH|20260122,SSRP|ASIA_HIGH|20260122|1769079900,SSRP|ASIA_HIGH|20260122|1769079900|FINAL,SSRP|ASIA_HIGH|20260122|1769079900|FINAL,4832.91,4832.91,4838.18,4838.18,4822.37,4822.37,true
2026.01.22 11:15:00,SHORT,ASIA_HIGH|20260122,SSRP|ASIA_HIGH|20260122|1769080200,SSRP|ASIA_HIGH|20260122|1769080200|FINAL,SSRP|ASIA_HIGH|20260122|1769080200|FINAL,4831.99,4831.99,4838.16,4838.16,4819.64,4819.64,true
2026.01.22 13:55:00,SHORT,ASIA_HIGH|20260122,SSRP|ASIA_HIGH|20260122|1769089500,SSRP|ASIA_HIGH|20260122|1769089500|FINAL,SSRP|ASIA_HIGH|20260122|1769089500|FINAL,4831.12,4831.12,4836.71,4836.71,4819.93,4819.93,true
2026.01.22 14:00:00,SHORT,ASIA_HIGH|20260122,SSRP|ASIA_HIGH|20260122|1769090100,SSRP|ASIA_HIGH|20260122|1769090100|FINAL,SSRP|ASIA_HIGH|20260122|1769090100|FINAL,4824.96,4824.96,4836.73,4836.73,4801.42,4801.42,true
2026.01.22 15:30:00,SHORT,ASIA_HIGH|20260122,SSRP|ASIA_HIGH|20260122|1769095500,SSRP|ASIA_HIGH|20260122|1769095500|FINAL,SSRP|ASIA_HIGH|20260122|1769095500|FINAL,4822.52,4822.52,4835.52,4835.52,4796.51,4796.51,true
2026.01.23 14:05:00,LONG,ASIA_LOW|20260123,SSRP|ASIA_LOW|20260123|1769176500,SSRP|ASIA_LOW|20260123|1769176500|FINAL,SSRP|ASIA_LOW|20260123|1769176500|FINAL,4933.74,4933.74,4918.01,4918.01,4965.20,4965.20,true
2026.01.23 14:10:00,LONG,ASIA_LOW|20260123,SSRP|ASIA_LOW|20260123|1769177100,SSRP|ASIA_LOW|20260123|1769177100|FINAL,SSRP|ASIA_LOW|20260123|1769177100|FINAL,4933.89,4933.89,4928.96,4928.96,4943.76,4943.76,true
2026.01.23 15:25:00,LONG,ASIA_LOW|20260123,SSRP|ASIA_LOW|20260123|1769181600,SSRP|ASIA_LOW|20260123|1769181600|FINAL,SSRP|ASIA_LOW|20260123|1769181600|FINAL,4931.63,4931.63,4923.70,4923.70,4947.50,4947.50,true
2026.01.23 15:30:00,LONG,ASIA_LOW|20260123,SSRP|ASIA_LOW|20260123|1769181900,SSRP|ASIA_LOW|20260123|1769181900|FINAL,SSRP|ASIA_LOW|20260123|1769181900|FINAL,4936.07,4936.07,4926.29,4926.29,4955.63,4955.63,true
2026.01.23 15:40:00,LONG,ASIA_LOW|20260123,SSRP|ASIA_LOW|20260123|1769182500,SSRP|ASIA_LOW|20260123|1769182500|FINAL,SSRP|ASIA_LOW|20260123|1769182500|FINAL,4931.60,4931.60,4926.80,4926.80,4941.20,4941.20,true
2026.01.23 15:45:00,LONG,ASIA_LOW|20260123,SSRP|ASIA_LOW|20260123|1769182800,SSRP|ASIA_LOW|20260123|1769182800|FINAL,SSRP|ASIA_LOW|20260123|1769182800|FINAL,4936.84,4936.84,4928.08,4928.08,4954.37,4954.37,true
2026.01.23 19:55:00,SHORT,ASIA_HIGH|20260123,SSRP|ASIA_HIGH|20260123|1769197800,SSRP|ASIA_HIGH|20260123|1769197800|FINAL,SSRP|ASIA_HIGH|20260123|1769197800|FINAL,4966.14,4966.14,4985.26,4985.26,4927.91,4927.91,true
2026.01.23 20:40:00,SHORT,ASIA_HIGH|20260123,SSRP|ASIA_HIGH|20260123|1769200500,SSRP|ASIA_HIGH|20260123|1769200500|FINAL,SSRP|ASIA_HIGH|20260123|1769200500|FINAL,4964.51,4964.51,4976.61,4976.61,4940.32,4940.32,true
2026.01.23 20:45:00,SHORT,ASIA_HIGH|20260123,SSRP|ASIA_HIGH|20260123|1769200800,SSRP|ASIA_HIGH|20260123|1769200800|FINAL,SSRP|ASIA_HIGH|20260123|1769200800|FINAL,4958.70,4958.70,4973.40,4973.40,4929.30,4929.30,true
2026.01.23 20:55:00,SHORT,ASIA_HIGH|20260123,SSRP|ASIA_HIGH|20260123|1769201400,SSRP|ASIA_HIGH|20260123|1769201400|FINAL,SSRP|ASIA_HIGH|20260123|1769201400|FINAL,4966.74,4966.74,4969.95,4969.95,4960.32,4960.32,true
2026.01.26 08:55:00,SHORT,ASIA_HIGH|20260126,SSRP|ASIA_HIGH|20260126|1769417400,SSRP|ASIA_HIGH|20260126|1769417400|FINAL,SSRP|ASIA_HIGH|20260126|1769417400|FINAL,5077.98,5077.98,5111.61,5111.61,5010.72,5010.72,true
2026.01.26 09:00:00,SHORT,ASIA_HIGH|20260126,SSRP|ASIA_HIGH|20260126|1769417700,SSRP|ASIA_HIGH|20260126|1769417700|FINAL,SSRP|ASIA_HIGH|20260126|1769417700|FINAL,5081.25,5081.25,5100.01,5100.01,5043.74,5043.74,true
2026.01.26 09:20:00,SHORT,ASIA_HIGH|20260126,SSRP|ASIA_HIGH|20260126|1769418900,SSRP|ASIA_HIGH|20260126|1769418900|FINAL,SSRP|ASIA_HIGH|20260126|1769418900|FINAL,5092.01,5092.01,5096.12,5096.12,5083.79,5083.79,true
2026.01.26 09:35:00,SHORT,ASIA_HIGH|20260126,SSRP|ASIA_HIGH|20260126|1769419200,SSRP|ASIA_HIGH|20260126|1769419200|FINAL,SSRP|ASIA_HIGH|20260126|1769419200|FINAL,5090.76,5090.76,5096.15,5096.15,5079.98,5079.98,true
2026.01.26 10:05:00,SHORT,ASIA_HIGH|20260126,SSRP|ASIA_HIGH|20260126|1769421600,SSRP|ASIA_HIGH|20260126|1769421600|FINAL,SSRP|ASIA_HIGH|20260126|1769421600|FINAL,5091.51,5091.51,5096.83,5096.83,5080.88,5080.88,true
2026.01.26 10:45:00,SHORT,ASIA_HIGH|20260126,SSRP|ASIA_HIGH|20260126|1769423700,SSRP|ASIA_HIGH|20260126|1769423700|FINAL,SSRP|ASIA_HIGH|20260126|1769423700|FINAL,5088.87,5088.87,5098.52,5098.52,5069.57,5069.57,true
2026.01.26 10:50:00,SHORT,ASIA_HIGH|20260126,SSRP|ASIA_HIGH|20260126|1769424300,SSRP|ASIA_HIGH|20260126|1769424300|FINAL,SSRP|ASIA_HIGH|20260126|1769424300|FINAL,5082.90,5082.90,5094.20,5094.20,5060.30,5060.30,true
2026.01.26 11:20:00,SHORT,ASIA_HIGH|20260126,SSRP|ASIA_HIGH|20260126|1769426100,SSRP|ASIA_HIGH|20260126|1769426100|FINAL,SSRP|ASIA_HIGH|20260126|1769426100|FINAL,5090.21,5090.21,5094.54,5094.54,5081.55,5081.55,true
2026.01.26 11:40:00,SHORT,ASIA_HIGH|20260126,SSRP|ASIA_HIGH|20260126|1769427000,SSRP|ASIA_HIGH|20260126|1769427000|FINAL,SSRP|ASIA_HIGH|20260126|1769427000|FINAL,5091.44,5091.44,5098.97,5098.97,5076.38,5076.38,true
2026.01.26 12:45:00,SHORT,ASIA_HIGH|20260126,SSRP|ASIA_HIGH|20260126|1769430900,SSRP|ASIA_HIGH|20260126|1769430900|FINAL,SSRP|ASIA_HIGH|20260126|1769430900|FINAL,5092.32,5092.32,5095.37,5095.37,5086.23,5086.23,true
2026.01.26 12:50:00,SHORT,ASIA_HIGH|20260126,SSRP|ASIA_HIGH|20260126|1769431500,SSRP|ASIA_HIGH|20260126|1769431500|FINAL,SSRP|ASIA_HIGH|20260126|1769431500|FINAL,5092.84,5092.84,5094.67,5094.67,5089.17,5089.17,true
2026.01.26 14:10:00,SHORT,ASIA_HIGH|20260126,SSRP|ASIA_HIGH|20260126|1769436300,SSRP|ASIA_HIGH|20260126|1769436300|FINAL,SSRP|ASIA_HIGH|20260126|1769436300|FINAL,5090.34,5090.34,5094.29,5094.29,5082.45,5082.45,true
2026.01.26 14:25:00,SHORT,ASIA_HIGH|20260126,SSRP|ASIA_HIGH|20260126|1769437200,SSRP|ASIA_HIGH|20260126|1769437200|FINAL,SSRP|ASIA_HIGH|20260126|1769437200|FINAL,5090.01,5090.01,5097.15,5097.15,5075.72,5075.72,true
2026.01.26 14:30:00,SHORT,ASIA_HIGH|20260126,SSRP|ASIA_HIGH|20260126|1769437500,SSRP|ASIA_HIGH|20260126|1769437500|FINAL,SSRP|ASIA_HIGH|20260126|1769437500|FINAL,5086.83,5086.83,5097.13,5097.13,5066.23,5066.23,true
2026.01.26 17:00:00,SHORT,ASIA_HIGH|20260126,SSRP|ASIA_HIGH|20260126|1769446200,SSRP|ASIA_HIGH|20260126|1769446200|FINAL,SSRP|ASIA_HIGH|20260126|1769446200|FINAL,5091.87,5091.87,5097.71,5097.71,5080.19,5080.19,true
2026.01.26 17:05:00,SHORT,ASIA_HIGH|20260126,SSRP|ASIA_HIGH|20260126|1769446800,SSRP|ASIA_HIGH|20260126|1769446800|FINAL,SSRP|ASIA_HIGH|20260126|1769446800|FINAL,5091.37,5091.37,5097.70,5097.70,5078.71,5078.71,true
2026.01.26 17:15:00,SHORT,ASIA_HIGH|20260126,SSRP|ASIA_HIGH|20260126|1769447400,SSRP|ASIA_HIGH|20260126|1769447400|FINAL,SSRP|ASIA_HIGH|20260126|1769447400|FINAL,5089.18,5089.18,5097.77,5097.77,5072.01,5072.01,true
2026.01.26 17:20:00,SHORT,ASIA_HIGH|20260126,SSRP|ASIA_HIGH|20260126|1769447700,SSRP|ASIA_HIGH|20260126|1769447700|FINAL,SSRP|ASIA_HIGH|20260126|1769447700|FINAL,5090.44,5090.44,5097.19,5097.19,5076.93,5076.93,true
2026.01.26 18:25:00,SHORT,ASIA_HIGH|20260126,SSRP|ASIA_HIGH|20260126|1769451000,SSRP|ASIA_HIGH|20260126|1769451000|FINAL,SSRP|ASIA_HIGH|20260126|1769451000|FINAL,5075.60,5075.60,5104.46,5104.46,5017.88,5017.88,true
2026.01.26 18:30:00,SHORT,ASIA_HIGH|20260126,SSRP|ASIA_HIGH|20260126|1769451900,SSRP|ASIA_HIGH|20260126|1769451900|FINAL,SSRP|ASIA_HIGH|20260126|1769451900|FINAL,5075.24,5075.24,5097.46,5097.46,5030.79,5030.79,true
2026.01.26 19:05:00,SHORT,ASIA_HIGH|20260126,SSRP|ASIA_HIGH|20260126|1769454000,SSRP|ASIA_HIGH|20260126|1769454000|FINAL,SSRP|ASIA_HIGH|20260126|1769454000|FINAL,5091.62,5091.62,5097.90,5097.90,5079.06,5079.06,true
2026.01.26 19:15:00,SHORT,ASIA_HIGH|20260126,SSRP|ASIA_HIGH|20260126|1769454300,SSRP|ASIA_HIGH|20260126|1769454300|FINAL,SSRP|ASIA_HIGH|20260126|1769454300|FINAL,5092.41,5092.41,5097.88,5097.88,5081.46,5081.46,true
2026.01.26 19:20:00,SHORT,ASIA_HIGH|20260126,SSRP|ASIA_HIGH|20260126|1769454900,SSRP|ASIA_HIGH|20260126|1769454900|FINAL,SSRP|ASIA_HIGH|20260126|1769454900|FINAL,5083.56,5083.56,5096.01,5096.01,5058.66,5058.66,true
2026.01.26 20:05:00,SHORT,ASIA_HIGH|20260126,SSRP|ASIA_HIGH|20260126|1769457600,SSRP|ASIA_HIGH|20260126|1769457600|FINAL,SSRP|ASIA_HIGH|20260126|1769457600|FINAL,5086.65,5086.65,5103.55,5103.55,5052.85,5052.85,true
2026.01.26 20:10:00,SHORT,ASIA_HIGH|20260126,SSRP|ASIA_HIGH|20260126|1769457900,SSRP|ASIA_HIGH|20260126|1769457900|FINAL,SSRP|ASIA_HIGH|20260126|1769457900|FINAL,5078.39,5078.39,5101.50,5101.50,5032.17,5032.17,true
2026.01.27 08:05:00,SHORT,ASIA_HIGH|20260127,SSRP|ASIA_HIGH|20260127|1769500800,SSRP|ASIA_HIGH|20260127|1769500800|FINAL,SSRP|ASIA_HIGH|20260127|1769500800|FINAL,5082.15,5082.15,5087.25,5087.25,5071.96,5071.96,true
2026.01.27 08:25:00,SHORT,ASIA_HIGH|20260127,SSRP|ASIA_HIGH|20260127|1769502000,SSRP|ASIA_HIGH|20260127|1769502000|FINAL,SSRP|ASIA_HIGH|20260127|1769502000|FINAL,5082.31,5082.31,5087.97,5087.97,5070.99,5070.99,true
2026.01.27 08:30:00,SHORT,ASIA_HIGH|20260127,SSRP|ASIA_HIGH|20260127|1769502300,SSRP|ASIA_HIGH|20260127|1769502300|FINAL,SSRP|ASIA_HIGH|20260127|1769502300|FINAL,5082.37,5082.37,5087.96,5087.96,5071.19,5071.19,true
2026.01.27 10:05:00,SHORT,ASIA_HIGH|20260127,SSRP|ASIA_HIGH|20260127|1769507400,SSRP|ASIA_HIGH|20260127|1769507400|FINAL,SSRP|ASIA_HIGH|20260127|1769507400|FINAL,5083.74,5083.74,5093.14,5093.14,5064.94,5064.94,true
2026.01.27 10:20:00,SHORT,ASIA_HIGH|20260127,SSRP|ASIA_HIGH|20260127|1769508300,SSRP|ASIA_HIGH|20260127|1769508300|FINAL,SSRP|ASIA_HIGH|20260127|1769508300|FINAL,5083.82,5083.82,5088.03,5088.03,5075.39,5075.39,true
2026.01.27 10:25:00,SHORT,ASIA_HIGH|20260127,SSRP|ASIA_HIGH|20260127|1769509200,SSRP|ASIA_HIGH|20260127|1769509200|FINAL,SSRP|ASIA_HIGH|20260127|1769509200|FINAL,5077.59,5077.59,5087.28,5087.28,5058.21,5058.21,true
2026.01.27 12:30:00,SHORT,ASIA_HIGH|20260127,SSRP|ASIA_HIGH|20260127|1769516700,SSRP|ASIA_HIGH|20260127|1769516700|FINAL,SSRP|ASIA_HIGH|20260127|1769516700|FINAL,5084.21,5084.21,5091.25,5091.25,5070.13,5070.13,true
2026.01.27 12:40:00,SHORT,ASIA_HIGH|20260127,SSRP|ASIA_HIGH|20260127|1769517300,SSRP|ASIA_HIGH|20260127|1769517300|FINAL,SSRP|ASIA_HIGH|20260127|1769517300|FINAL,5084.63,5084.63,5089.42,5089.42,5075.05,5075.05,true
2026.01.27 12:45:00,SHORT,ASIA_HIGH|20260127,SSRP|ASIA_HIGH|20260127|1769517600,SSRP|ASIA_HIGH|20260127|1769517600|FINAL,SSRP|ASIA_HIGH|20260127|1769517600|FINAL,5084.21,5084.21,5089.41,5089.41,5073.80,5073.80,true
2026.01.27 13:50:00,SHORT,ASIA_HIGH|20260127,SSRP|ASIA_HIGH|20260127|1769521500,SSRP|ASIA_HIGH|20260127|1769521500|FINAL,SSRP|ASIA_HIGH|20260127|1769521500|FINAL,5072.23,5072.23,5086.11,5086.11,5044.47,5044.47,true
2026.01.27 14:50:00,SHORT,ASIA_HIGH|20260127,SSRP|ASIA_HIGH|20260127|1769524800,SSRP|ASIA_HIGH|20260127|1769524800|FINAL,SSRP|ASIA_HIGH|20260127|1769524800|FINAL,5083.71,5083.71,5091.48,5091.48,5068.16,5068.16,true
2026.01.27 15:05:00,SHORT,ASIA_HIGH|20260127,SSRP|ASIA_HIGH|20260127|1769526000,SSRP|ASIA_HIGH|20260127|1769526000|FINAL,SSRP|ASIA_HIGH|20260127|1769526000|FINAL,5083.37,5083.37,5092.62,5092.62,5064.86,5064.86,true
2026.01.27 15:25:00,SHORT,ASIA_HIGH|20260127,SSRP|ASIA_HIGH|20260127|1769526900,SSRP|ASIA_HIGH|20260127|1769526900|FINAL,SSRP|ASIA_HIGH|20260127|1769526900|FINAL,5081.04,5081.04,5093.34,5093.34,5056.44,5056.44,true
2026.01.27 19:00:00,SHORT,ASIA_HIGH|20260127,SSRP|ASIA_HIGH|20260127|1769539800,SSRP|ASIA_HIGH|20260127|1769539800|FINAL,SSRP|ASIA_HIGH|20260127|1769539800|FINAL,5083.96,5083.96,5092.31,5092.31,5067.26,5067.26,true
2026.01.27 19:15:00,SHORT,ASIA_HIGH|20260127,SSRP|ASIA_HIGH|20260127|1769541000,SSRP|ASIA_HIGH|20260127|1769541000|FINAL,SSRP|ASIA_HIGH|20260127|1769541000|FINAL,5083.03,5083.03,5094.45,5094.45,5060.19,5060.19,true
2026.01.27 19:20:00,SHORT,ASIA_HIGH|20260127,SSRP|ASIA_HIGH|20260127|1769541300,SSRP|ASIA_HIGH|20260127|1769541300|FINAL,SSRP|ASIA_HIGH|20260127|1769541300|FINAL,5084.31,5084.31,5094.44,5094.44,5064.05,5064.05,true
2026.01.27 19:35:00,SHORT,ASIA_HIGH|20260127,SSRP|ASIA_HIGH|20260127|1769541600,SSRP|ASIA_HIGH|20260127|1769541600|FINAL,SSRP|ASIA_HIGH|20260127|1769541600|FINAL,5084.40,5084.40,5089.96,5089.96,5073.28,5073.28,true
2026.01.27 19:40:00,SHORT,ASIA_HIGH|20260127,SSRP|ASIA_HIGH|20260127|1769542500,SSRP|ASIA_HIGH|20260127|1769542500|FINAL,SSRP|ASIA_HIGH|20260127|1769542500|FINAL,5082.05,5082.05,5088.28,5088.28,5069.59,5069.59,true
2026.01.27 20:05:00,SHORT,ASIA_HIGH|20260127,SSRP|ASIA_HIGH|20260127|1769544000,SSRP|ASIA_HIGH|20260127|1769544000|FINAL,SSRP|ASIA_HIGH|20260127|1769544000|FINAL,5081.29,5081.29,5087.42,5087.42,5069.03,5069.03,true
2026.01.27 20:20:00,SHORT,ASIA_HIGH|20260127,SSRP|ASIA_HIGH|20260127|1769544900,SSRP|ASIA_HIGH|20260127|1769544900|FINAL,SSRP|ASIA_HIGH|20260127|1769544900|FINAL,5081.22,5081.22,5087.15,5087.15,5069.36,5069.36,true
2026.01.28 13:00:00,SHORT,ASIA_HIGH|20260128,SSRP|ASIA_HIGH|20260128|1769604900,SSRP|ASIA_HIGH|20260128|1769604900|FINAL,SSRP|ASIA_HIGH|20260128|1769604900|FINAL,5243.67,5243.67,5280.41,5280.41,5170.20,5170.20,true
2026.01.28 13:05:00,SHORT,ASIA_HIGH|20260128,SSRP|ASIA_HIGH|20260128|1769605200,SSRP|ASIA_HIGH|20260128|1769605200|FINAL,SSRP|ASIA_HIGH|20260128|1769605200|FINAL,5251.57,5251.57,5271.05,5271.05,5212.62,5212.62,true
2026.01.28 14:25:00,SHORT,ASIA_HIGH|20260128,SSRP|ASIA_HIGH|20260128|1769610000,SSRP|ASIA_HIGH|20260128|1769610000|FINAL,SSRP|ASIA_HIGH|20260128|1769610000|FINAL,5261.26,5261.26,5269.11,5269.11,5245.56,5245.56,true
2026.01.28 14:30:00,SHORT,ASIA_HIGH|20260128,SSRP|ASIA_HIGH|20260128|1769610300,SSRP|ASIA_HIGH|20260128|1769610300|FINAL,SSRP|ASIA_HIGH|20260128|1769610300|FINAL,5264.48,5264.48,5268.42,5268.42,5256.60,5256.60,true
2026.01.28 15:35:00,SHORT,ASIA_HIGH|20260128,SSRP|ASIA_HIGH|20260128|1769614200,SSRP|ASIA_HIGH|20260128|1769614200|FINAL,SSRP|ASIA_HIGH|20260128|1769614200|FINAL,5264.11,5264.11,5286.07,5286.07,5220.19,5220.19,true
2026.01.28 15:40:00,SHORT,ASIA_HIGH|20260128,SSRP|ASIA_HIGH|20260128|1769614500,SSRP|ASIA_HIGH|20260128|1769614500|FINAL,SSRP|ASIA_HIGH|20260128|1769614500|FINAL,5261.55,5261.55,5274.74,5274.74,5235.18,5235.18,true
2026.01.28 15:50:00,SHORT,ASIA_HIGH|20260128,SSRP|ASIA_HIGH|20260128|1769614800,SSRP|ASIA_HIGH|20260128|1769614800|FINAL,SSRP|ASIA_HIGH|20260128|1769614800|FINAL,5263.07,5263.07,5269.58,5269.58,5250.04,5250.04,true
2026.01.28 16:00:00,SHORT,ASIA_HIGH|20260128,SSRP|ASIA_HIGH|20260128|1769615400,SSRP|ASIA_HIGH|20260128|1769615400|FINAL,SSRP|ASIA_HIGH|20260128|1769615400|FINAL,5260.78,5260.78,5270.51,5270.51,5241.31,5241.31,true
2026.01.28 16:05:00,SHORT,ASIA_HIGH|20260128,SSRP|ASIA_HIGH|20260128|1769616000,SSRP|ASIA_HIGH|20260128|1769616000|FINAL,SSRP|ASIA_HIGH|20260128|1769616000|FINAL,5258.76,5258.76,5270.54,5270.54,5235.21,5235.21,true
2026.01.28 16:25:00,SHORT,ASIA_HIGH|20260128,SSRP|ASIA_HIGH|20260128|1769617200,SSRP|ASIA_HIGH|20260128|1769617200|FINAL,SSRP|ASIA_HIGH|20260128|1769617200|FINAL,5259.29,5259.29,5270.81,5270.81,5236.26,5236.26,true
2026.01.28 16:30:00,SHORT,ASIA_HIGH|20260128,SSRP|ASIA_HIGH|20260128|1769617500,SSRP|ASIA_HIGH|20260128|1769617500|FINAL,SSRP|ASIA_HIGH|20260128|1769617500|FINAL,5263.03,5263.03,5270.33,5270.33,5248.43,5248.43,true
2026.01.28 17:05:00,SHORT,ASIA_HIGH|20260128,SSRP|ASIA_HIGH|20260128|1769619600,SSRP|ASIA_HIGH|20260128|1769619600|FINAL,SSRP|ASIA_HIGH|20260128|1769619600|FINAL,5242.16,5242.16,5298.68,5298.68,5129.12,5129.12,true
2026.01.28 17:10:00,SHORT,ASIA_HIGH|20260128,SSRP|ASIA_HIGH|20260128|1769619900,SSRP|ASIA_HIGH|20260128|1769619900|FINAL,SSRP|ASIA_HIGH|20260128|1769619900|FINAL,5256.77,5256.77,5298.34,5298.34,5173.63,5173.63,true
2026.01.30 10:45:00,LONG,ASIA_LOW|20260130,SSRP|ASIA_LOW|20260130|1769769600,SSRP|ASIA_LOW|20260130|1769769600|FINAL,SSRP|ASIA_LOW|20260130|1769769600|FINAL,5126.10,5126.10,5074.08,5074.08,5230.13,5230.13,true
2026.01.30 10:55:00,LONG,ASIA_LOW|20260130,SSRP|ASIA_LOW|20260130|1769769900,SSRP|ASIA_LOW|20260130|1769769900|FINAL,SSRP|ASIA_LOW|20260130|1769769900|FINAL,5117.10,5117.10,5089.74,5089.74,5171.81,5171.81,true
2026.01.30 11:00:00,LONG,ASIA_LOW|20260130,SSRP|ASIA_LOW|20260130|1769770500,SSRP|ASIA_LOW|20260130|1769770500|FINAL,SSRP|ASIA_LOW|20260130|1769770500|FINAL,5114.60,5114.60,5102.73,5102.73,5138.34,5138.34,true
2026.01.30 12:55:00,LONG,ASIA_LOW|20260130,SSRP|ASIA_LOW|20260130|1769777400,SSRP|ASIA_LOW|20260130|1769777400|FINAL,SSRP|ASIA_LOW|20260130|1769777400|FINAL,5119.68,5119.68,5078.96,5078.96,5201.13,5201.13,true
2026.01.30 13:10:00,LONG,ASIA_LOW|20260130,SSRP|ASIA_LOW|20260130|1769778000,SSRP|ASIA_LOW|20260130|1769778000|FINAL,SSRP|ASIA_LOW|20260130|1769778000|FINAL,5120.20,5120.20,5088.83,5088.83,5182.93,5182.93,true
2026.01.30 13:30:00,LONG,ASIA_LOW|20260130,SSRP|ASIA_LOW|20260130|1769779500,SSRP|ASIA_LOW|20260130|1769779500|FINAL,SSRP|ASIA_LOW|20260130|1769779500|FINAL,5126.79,5126.79,5104.56,5104.56,5171.26,5171.26,true
2026.01.30 13:50:00,LONG,ASIA_LOW|20260130,SSRP|ASIA_LOW|20260130|1769780700,SSRP|ASIA_LOW|20260130|1769780700|FINAL,SSRP|ASIA_LOW|20260130|1769780700|FINAL,5118.58,5118.58,5088.50,5088.50,5178.73,5178.73,true
2026.01.30 13:55:00,LONG,ASIA_LOW|20260130,SSRP|ASIA_LOW|20260130|1769781000,SSRP|ASIA_LOW|20260130|1769781000|FINAL,SSRP|ASIA_LOW|20260130|1769781000|FINAL,5135.95,5135.95,5092.31,5092.31,5223.23,5223.23,true
2026.01.30 14:40:00,LONG,ASIA_LOW|20260130,SSRP|ASIA_LOW|20260130|1769783700,SSRP|ASIA_LOW|20260130|1769783700|FINAL,SSRP|ASIA_LOW|20260130|1769783700|FINAL,5113.90,5113.90,5102.34,5102.34,5137.01,5137.01,true
2026.02.02 08:55:00,LONG,ASIA_LOW|20260202,SSRP|ASIA_LOW|20260202|1770021900,SSRP|ASIA_LOW|20260202|1770021900|FINAL,SSRP|ASIA_LOW|20260202|1770021900|FINAL,4503.50,4503.50,4427.60,4427.60,4655.29,4655.29,true
2026.02.02 09:00:00,LONG,ASIA_LOW|20260202,SSRP|ASIA_LOW|20260202|1770022500,SSRP|ASIA_LOW|20260202|1770022500|FINAL,SSRP|ASIA_LOW|20260202|1770022500|FINAL,4533.64,4533.64,4479.24,4479.24,4642.43,4642.43,true
2026.02.02 09:05:00,LONG,ASIA_LOW|20260202,SSRP|ASIA_LOW|20260202|1770022800,SSRP|ASIA_LOW|20260202|1770022800|FINAL,SSRP|ASIA_LOW|20260202|1770022800|FINAL,4553.56,4553.56,4481.68,4481.68,4697.32,4697.32,true
2026.02.04 10:05:00,SHORT,ASIA_HIGH|20260204,SSRP|ASIA_HIGH|20260204|1770199200,SSRP|ASIA_HIGH|20260204|1770199200|FINAL,SSRP|ASIA_HIGH|20260204|1770199200|FINAL,5086.09,5086.09,5092.75,5092.75,5072.77,5072.77,true
2026.02.04 17:40:00,LONG,ASIA_LOW|20260204,SSRP|ASIA_LOW|20260204|1770226500,SSRP|ASIA_LOW|20260204|1770226500|FINAL,SSRP|ASIA_LOW|20260204|1770226500|FINAL,4944.29,4944.29,4885.87,4885.87,5061.14,5061.14,true
2026.02.04 18:05:00,LONG,ASIA_LOW|20260204,SSRP|ASIA_LOW|20260204|1770228000,SSRP|ASIA_LOW|20260204|1770228000|FINAL,SSRP|ASIA_LOW|20260204|1770228000|FINAL,4922.06,4922.06,4894.34,4894.34,4977.51,4977.51,true
2026.02.04 18:25:00,LONG,ASIA_LOW|20260204,SSRP|ASIA_LOW|20260204|1770229200,SSRP|ASIA_LOW|20260204|1770229200|FINAL,SSRP|ASIA_LOW|20260204|1770229200|FINAL,4924.37,4924.37,4888.57,4888.57,4995.97,4995.97,true
2026.02.04 18:30:00,LONG,ASIA_LOW|20260204,SSRP|ASIA_LOW|20260204|1770229500,SSRP|ASIA_LOW|20260204|1770229500|FINAL,SSRP|ASIA_LOW|20260204|1770229500|FINAL,4925.01,4925.01,4892.90,4892.90,4989.23,4989.23,true
2026.02.04 19:00:00,LONG,ASIA_LOW|20260204,SSRP|ASIA_LOW|20260204|1770230700,SSRP|ASIA_LOW|20260204|1770230700|FINAL,SSRP|ASIA_LOW|20260204|1770230700|FINAL,4914.49,4914.49,4853.62,4853.62,5036.24,5036.24,true
2026.02.04 19:10:00,LONG,ASIA_LOW|20260204,SSRP|ASIA_LOW|20260204|1770231600,SSRP|ASIA_LOW|20260204|1770231600|FINAL,SSRP|ASIA_LOW|20260204|1770231600|FINAL,4921.24,4921.24,4891.21,4891.21,4981.29,4981.29,true
2026.02.04 19:25:00,LONG,ASIA_LOW|20260204,SSRP|ASIA_LOW|20260204|1770232200,SSRP|ASIA_LOW|20260204|1770232200|FINAL,SSRP|ASIA_LOW|20260204|1770232200|FINAL,4917.41,4917.41,4886.70,4886.70,4978.82,4978.82,true
2026.02.04 19:30:00,LONG,ASIA_LOW|20260204,SSRP|ASIA_LOW|20260204|1770233100,SSRP|ASIA_LOW|20260204|1770233100|FINAL,SSRP|ASIA_LOW|20260204|1770233100|FINAL,4920.76,4920.76,4886.73,4886.73,4988.81,4988.81,true
2026.02.04 20:05:00,LONG,ASIA_LOW|20260204,SSRP|ASIA_LOW|20260204|1770235200,SSRP|ASIA_LOW|20260204|1770235200|FINAL,SSRP|ASIA_LOW|20260204|1770235200|FINAL,4910.75,4910.75,4871.98,4871.98,4988.28,4988.28,true
2026.02.04 20:10:00,LONG,ASIA_LOW|20260204,SSRP|ASIA_LOW|20260204|1770235500,SSRP|ASIA_LOW|20260204|1770235500|FINAL,SSRP|ASIA_LOW|20260204|1770235500|FINAL,4910.32,4910.32,4895.02,4895.02,4940.92,4940.92,true
2026.02.04 20:25:00,LONG,ASIA_LOW|20260204,SSRP|ASIA_LOW|20260204|1770236100,SSRP|ASIA_LOW|20260204|1770236100|FINAL,SSRP|ASIA_LOW|20260204|1770236100|FINAL,4926.75,4926.75,4894.44,4894.44,4991.36,4991.36,true
2026.02.04 20:40:00,LONG,ASIA_LOW|20260204,SSRP|ASIA_LOW|20260204|1770237300,SSRP|ASIA_LOW|20260204|1770237300|FINAL,SSRP|ASIA_LOW|20260204|1770237300|FINAL,4920.03,4920.03,4902.84,4902.84,4954.42,4954.42,true
2026.02.04 20:45:00,LONG,ASIA_LOW|20260204,SSRP|ASIA_LOW|20260204|1770237600,SSRP|ASIA_LOW|20260204|1770237600|FINAL,SSRP|ASIA_LOW|20260204|1770237600|FINAL,4917.85,4917.85,4903.69,4903.69,4946.17,4946.17,true
2026.02.06 08:05:00,SHORT,ASIA_HIGH|20260206,SSRP|ASIA_HIGH|20260206|1770364800,SSRP|ASIA_HIGH|20260206|1770364800|FINAL,SSRP|ASIA_HIGH|20260206|1770364800|FINAL,4872.46,4872.46,4904.16,4904.16,4809.05,4809.05,true
2026.02.06 14:10:00,SHORT,ASIA_HIGH|20260206,SSRP|ASIA_HIGH|20260206|1770386700,SSRP|ASIA_HIGH|20260206|1770386700|FINAL,SSRP|ASIA_HIGH|20260206|1770386700|FINAL,4895.85,4895.85,4903.61,4903.61,4880.34,4880.34,true
2026.02.06 14:15:00,SHORT,ASIA_HIGH|20260206,SSRP|ASIA_HIGH|20260206|1770387000,SSRP|ASIA_HIGH|20260206|1770387000|FINAL,SSRP|ASIA_HIGH|20260206|1770387000|FINAL,4884.76,4884.76,4900.40,4900.40,4853.48,4853.48,true
2026.02.09 19:55:00,SHORT,ASIA_HIGH|20260209,SSRP|ASIA_HIGH|20260209|1770666600,SSRP|ASIA_HIGH|20260209|1770666600|FINAL,SSRP|ASIA_HIGH|20260209|1770666600|FINAL,5046.26,5046.26,5062.61,5062.61,5013.57,5013.57,true
2026.02.10 16:35:00,SHORT,ASIA_HIGH|20260210,SSRP|ASIA_HIGH|20260210|1770741000,SSRP|ASIA_HIGH|20260210|1770741000|FINAL,SSRP|ASIA_HIGH|20260210|1770741000|FINAL,5062.45,5062.45,5078.97,5078.97,5029.42,5029.42,true
2026.02.11 09:10:00,SHORT,ASIA_HIGH|20260211,SSRP|ASIA_HIGH|20260211|1770800400,SSRP|ASIA_HIGH|20260211|1770800400|FINAL,SSRP|ASIA_HIGH|20260211|1770800400|FINAL,5059.31,5059.31,5069.20,5069.20,5039.54,5039.54,true
2026.02.11 09:15:00,SHORT,ASIA_HIGH|20260211,SSRP|ASIA_HIGH|20260211|1770801000,SSRP|ASIA_HIGH|20260211|1770801000|FINAL,SSRP|ASIA_HIGH|20260211|1770801000|FINAL,5059.09,5059.09,5069.19,5069.19,5038.88,5038.88,true
2026.02.11 09:20:00,SHORT,ASIA_HIGH|20260211,SSRP|ASIA_HIGH|20260211|1770801300,SSRP|ASIA_HIGH|20260211|1770801300|FINAL,SSRP|ASIA_HIGH|20260211|1770801300|FINAL,5056.46,5056.46,5066.29,5066.29,5036.79,5036.79,true
2026.02.11 11:50:00,SHORT,ASIA_HIGH|20260211,SSRP|ASIA_HIGH|20260211|1770810000,SSRP|ASIA_HIGH|20260211|1770810000|FINAL,SSRP|ASIA_HIGH|20260211|1770810000|FINAL,5061.41,5061.41,5072.39,5072.39,5039.44,5039.44,true
2026.02.11 15:30:00,SHORT,ASIA_HIGH|20260211,SSRP|ASIA_HIGH|20260211|1770823500,SSRP|ASIA_HIGH|20260211|1770823500|FINAL,SSRP|ASIA_HIGH|20260211|1770823500|FINAL,5050.20,5050.20,5090.79,5090.79,4969.02,4969.02,true
2026.02.11 15:35:00,LONG,ASIA_LOW|20260211,SSRP|ASIA_LOW|20260211|1770823800,SSRP|ASIA_LOW|20260211|1770823800|FINAL,SSRP|ASIA_LOW|20260211|1770823800|FINAL,5066.56,5066.56,5018.34,5018.34,5163.01,5163.01,true
2026.02.11 15:40:00,SHORT,ASIA_HIGH|20260211,SSRP|ASIA_HIGH|20260211|1770823800,SSRP|ASIA_HIGH|20260211|1770823800|FINAL,SSRP|ASIA_HIGH|20260211|1770823800|FINAL,5059.78,5059.78,5085.55,5085.55,5008.25,5008.25,true
2026.02.11 16:35:00,SHORT,ASIA_HIGH|20260211,SSRP|ASIA_HIGH|20260211|1770826500,SSRP|ASIA_HIGH|20260211|1770826500|FINAL,SSRP|ASIA_HIGH|20260211|1770826500|FINAL,5045.32,5045.32,5084.34,5084.34,4967.28,4967.28,true
2026.02.11 16:40:00,SHORT,ASIA_HIGH|20260211,SSRP|ASIA_HIGH|20260211|1770827700,SSRP|ASIA_HIGH|20260211|1770827700|FINAL,SSRP|ASIA_HIGH|20260211|1770827700|FINAL,5042.76,5042.76,5071.76,5071.76,4984.76,4984.76,true
2026.02.11 17:20:00,SHORT,ASIA_HIGH|20260211,SSRP|ASIA_HIGH|20260211|1770829500,SSRP|ASIA_HIGH|20260211|1770829500|FINAL,SSRP|ASIA_HIGH|20260211|1770829500|FINAL,5049.86,5049.86,5082.62,5082.62,4984.33,4984.33,true
2026.02.11 17:25:00,SHORT,ASIA_HIGH|20260211,SSRP|ASIA_HIGH|20260211|1770830400,SSRP|ASIA_HIGH|20260211|1770830400|FINAL,SSRP|ASIA_HIGH|20260211|1770830400|FINAL,5048.67,5048.67,5071.88,5071.88,5002.26,5002.26,true
2026.02.12 17:00:00,LONG,ASIA_LOW|20260212,SSRP|ASIA_LOW|20260212|1770915300,SSRP|ASIA_LOW|20260212|1770915300|FINAL,SSRP|ASIA_LOW|20260212|1770915300|FINAL,5053.52,5053.52,5037.85,5037.85,5084.85,5084.85,true
2026.02.12 17:05:00,LONG,ASIA_LOW|20260212,SSRP|ASIA_LOW|20260212|1770915600,SSRP|ASIA_LOW|20260212|1770915600|FINAL,SSRP|ASIA_LOW|20260212|1770915600|FINAL,5057.80,5057.80,5039.02,5039.02,5095.35,5095.35,true
2026.02.13 15:35:00,SHORT,ASIA_HIGH|20260213,SSRP|ASIA_HIGH|20260213|1770996600,SSRP|ASIA_HIGH|20260213|1770996600|FINAL,SSRP|ASIA_HIGH|20260213|1770996600|FINAL,4992.48,4992.48,5000.11,5000.11,4977.22,4977.22,true
2026.02.13 16:35:00,SHORT,ASIA_HIGH|20260213,SSRP|ASIA_HIGH|20260213|1771000200,SSRP|ASIA_HIGH|20260213|1771000200|FINAL,SSRP|ASIA_HIGH|20260213|1771000200|FINAL,4987.25,4987.25,5012.27,5012.27,4937.22,4937.22,true
2026.02.13 16:40:00,SHORT,ASIA_HIGH|20260213,SSRP|ASIA_HIGH|20260213|1771000500,SSRP|ASIA_HIGH|20260213|1771000500|FINAL,SSRP|ASIA_HIGH|20260213|1771000500|FINAL,4991.47,4991.47,5011.55,5011.55,4951.30,4951.30,true
2026.02.13 16:50:00,SHORT,ASIA_HIGH|20260213,SSRP|ASIA_HIGH|20260213|1771001100,SSRP|ASIA_HIGH|20260213|1771001100|FINAL,SSRP|ASIA_HIGH|20260213|1771001100|FINAL,4992.34,4992.34,5008.30,5008.30,4960.42,4960.42,true
2026.02.13 16:55:00,SHORT,ASIA_HIGH|20260213,SSRP|ASIA_HIGH|20260213|1771001400,SSRP|ASIA_HIGH|20260213|1771001400|FINAL,SSRP|ASIA_HIGH|20260213|1771001400|FINAL,4994.54,4994.54,5006.79,5006.79,4970.04,4970.04,true
2026.02.13 17:45:00,SHORT,ASIA_HIGH|20260213,SSRP|ASIA_HIGH|20260213|1771004400,SSRP|ASIA_HIGH|20260213|1771004400|FINAL,SSRP|ASIA_HIGH|20260213|1771004400|FINAL,4994.35,4994.35,5013.23,5013.23,4956.59,4956.59,true
2026.02.13 17:50:00,SHORT,ASIA_HIGH|20260213,SSRP|ASIA_HIGH|20260213|1771004700,SSRP|ASIA_HIGH|20260213|1771004700|FINAL,SSRP|ASIA_HIGH|20260213|1771004700|FINAL,4987.24,4987.24,5011.04,5011.04,4939.63,4939.63,true
2026.02.13 17:55:00,SHORT,ASIA_HIGH|20260213,SSRP|ASIA_HIGH|20260213|1771005000,SSRP|ASIA_HIGH|20260213|1771005000|FINAL,SSRP|ASIA_HIGH|20260213|1771005000|FINAL,4977.27,4977.27,5001.00,5001.00,4929.81,4929.81,true
2026.02.17 16:05:00,LONG,ASIA_LOW|20260217,SSRP|ASIA_LOW|20260217|1771344000,SSRP|ASIA_LOW|20260217|1771344000|FINAL,SSRP|ASIA_LOW|20260217|1771344000|FINAL,4892.90,4892.90,4840.77,4840.77,4997.15,4997.15,true
2026.02.17 17:15:00,LONG,ASIA_LOW|20260217,SSRP|ASIA_LOW|20260217|1771347600,SSRP|ASIA_LOW|20260217|1771347600|FINAL,SSRP|ASIA_LOW|20260217|1771347600|FINAL,4874.54,4874.54,4847.86,4847.86,4927.91,4927.91,true
2026.02.17 17:20:00,LONG,ASIA_LOW|20260217,SSRP|ASIA_LOW|20260217|1771348500,SSRP|ASIA_LOW|20260217|1771348500|FINAL,SSRP|ASIA_LOW|20260217|1771348500|FINAL,4869.45,4869.45,4852.93,4852.93,4902.49,4902.49,true
2026.02.17 17:35:00,LONG,ASIA_LOW|20260217,SSRP|ASIA_LOW|20260217|1771349400,SSRP|ASIA_LOW|20260217|1771349400|FINAL,SSRP|ASIA_LOW|20260217|1771349400|FINAL,4864.63,4864.63,4851.83,4851.83,4890.22,4890.22,true
2026.02.17 17:40:00,LONG,ASIA_LOW|20260217,SSRP|ASIA_LOW|20260217|1771349700,SSRP|ASIA_LOW|20260217|1771349700|FINAL,SSRP|ASIA_LOW|20260217|1771349700|FINAL,4868.54,4868.54,4851.87,4851.87,4901.88,4901.88,true
2026.02.17 19:15:00,LONG,ASIA_LOW|20260217,SSRP|ASIA_LOW|20260217|1771355400,SSRP|ASIA_LOW|20260217|1771355400|FINAL,SSRP|ASIA_LOW|20260217|1771355400|FINAL,4863.22,4863.22,4849.38,4849.38,4890.90,4890.90,true
2026.02.17 19:20:00,LONG,ASIA_LOW|20260217,SSRP|ASIA_LOW|20260217|1771355700,SSRP|ASIA_LOW|20260217|1771355700|FINAL,SSRP|ASIA_LOW|20260217|1771355700|FINAL,4859.72,4859.72,4854.55,4854.55,4870.07,4870.07,true
2026.02.17 19:55:00,LONG,ASIA_LOW|20260217,SSRP|ASIA_LOW|20260217|1771357800,SSRP|ASIA_LOW|20260217|1771357800|FINAL,SSRP|ASIA_LOW|20260217|1771357800|FINAL,4865.11,4865.11,4853.55,4853.55,4888.22,4888.22,true
2026.02.18 09:15:00,SHORT,ASIA_HIGH|20260218,SSRP|ASIA_HIGH|20260218|1771405800,SSRP|ASIA_HIGH|20260218|1771405800|FINAL,SSRP|ASIA_HIGH|20260218|1771405800|FINAL,4934.20,4934.20,4942.55,4942.55,4917.50,4917.50,true
2026.02.18 09:30:00,SHORT,ASIA_HIGH|20260218,SSRP|ASIA_HIGH|20260218|1771406700,SSRP|ASIA_HIGH|20260218|1771406700|FINAL,SSRP|ASIA_HIGH|20260218|1771406700|FINAL,4938.59,4938.59,4942.21,4942.21,4931.35,4931.35,true
2026.02.19 11:55:00,SHORT,ASIA_HIGH|20260219,SSRP|ASIA_HIGH|20260219|1771501800,SSRP|ASIA_HIGH|20260219|1771501800|FINAL,SSRP|ASIA_HIGH|20260219|1771501800|FINAL,4995.47,4995.47,5005.47,5005.47,4975.47,4975.47,true
2026.02.19 12:00:00,SHORT,ASIA_HIGH|20260219,SSRP|ASIA_HIGH|20260219|1771502100,SSRP|ASIA_HIGH|20260219|1771502100|FINAL,SSRP|ASIA_HIGH|20260219|1771502100|FINAL,4991.63,4991.63,5002.21,5002.21,4970.47,4970.47,true
2026.02.19 18:55:00,SHORT,ASIA_HIGH|20260219,SSRP|ASIA_HIGH|20260219|1771527000,SSRP|ASIA_HIGH|20260219|1771527000|FINAL,SSRP|ASIA_HIGH|20260219|1771527000|FINAL,4994.97,4994.97,5004.40,5004.40,4976.11,4976.11,true
2026.02.19 19:00:00,SHORT,ASIA_HIGH|20260219,SSRP|ASIA_HIGH|20260219|1771527300,SSRP|ASIA_HIGH|20260219|1771527300|FINAL,SSRP|ASIA_HIGH|20260219|1771527300|FINAL,4995.10,4995.10,5003.49,5003.49,4978.32,4978.32,true
2026.02.19 19:25:00,SHORT,ASIA_HIGH|20260219,SSRP|ASIA_HIGH|20260219|1771528800,SSRP|ASIA_HIGH|20260219|1771528800|FINAL,SSRP|ASIA_HIGH|20260219|1771528800|FINAL,4993.98,4993.98,5002.03,5002.03,4977.88,4977.88,true
2026.02.19 19:30:00,SHORT,ASIA_HIGH|20260219,SSRP|ASIA_HIGH|20260219|1771529100,SSRP|ASIA_HIGH|20260219|1771529100|FINAL,SSRP|ASIA_HIGH|20260219|1771529100|FINAL,4993.63,4993.63,5002.02,5002.02,4976.85,4976.85,true
2026.02.19 23:25:00,SHORT,ASIA_HIGH|20260219,SSRP|ASIA_HIGH|20260219|1771542900,SSRP|ASIA_HIGH|20260219|1771542900|FINAL,SSRP|ASIA_HIGH|20260219|1771542900|FINAL,4994.17,4994.17,5001.43,5001.43,4979.65,4979.65,true
2026.02.19 23:50:00,SHORT,ASIA_HIGH|20260219,SSRP|ASIA_HIGH|20260219|1771544700,SSRP|ASIA_HIGH|20260219|1771544700|FINAL,SSRP|ASIA_HIGH|20260219|1771544700|FINAL,4994.59,4994.59,5000.22,5000.22,4983.33,4983.33,true
2026.02.20 08:05:00,SHORT,ASIA_HIGH|20260220,SSRP|ASIA_HIGH|20260220|1771574400,SSRP|ASIA_HIGH|20260220|1771574400|FINAL,SSRP|ASIA_HIGH|20260220|1771574400|FINAL,5013.00,5013.00,5017.95,5017.95,5003.10,5003.10,true
2026.02.20 09:20:00,SHORT,ASIA_HIGH|20260220,SSRP|ASIA_HIGH|20260220|1771578900,SSRP|ASIA_HIGH|20260220|1771578900|FINAL,SSRP|ASIA_HIGH|20260220|1771578900|FINAL,5012.09,5012.09,5023.96,5023.96,4988.34,4988.34,true
2026.02.20 09:30:00,SHORT,ASIA_HIGH|20260220,SSRP|ASIA_HIGH|20260220|1771579200,SSRP|ASIA_HIGH|20260220|1771579200|FINAL,SSRP|ASIA_HIGH|20260220|1771579200|FINAL,5014.44,5014.44,5020.74,5020.74,5001.84,5001.84,true
2026.02.20 09:45:00,SHORT,ASIA_HIGH|20260220,SSRP|ASIA_HIGH|20260220|1771580100,SSRP|ASIA_HIGH|20260220|1771580100|FINAL,SSRP|ASIA_HIGH|20260220|1771580100|FINAL,5014.11,5014.11,5018.27,5018.27,5005.79,5005.79,true
2026.02.20 09:50:00,SHORT,ASIA_HIGH|20260220,SSRP|ASIA_HIGH|20260220|1771580700,SSRP|ASIA_HIGH|20260220|1771580700|FINAL,SSRP|ASIA_HIGH|20260220|1771580700|FINAL,5012.02,5012.02,5016.60,5016.60,5002.86,5002.86,true
2026.02.20 10:10:00,SHORT,ASIA_HIGH|20260220,SSRP|ASIA_HIGH|20260220|1771581900,SSRP|ASIA_HIGH|20260220|1771581900|FINAL,SSRP|ASIA_HIGH|20260220|1771581900|FINAL,5012.48,5012.48,5016.88,5016.88,5003.69,5003.69,true
2026.02.20 14:25:00,SHORT,ASIA_HIGH|20260220,SSRP|ASIA_HIGH|20260220|1771596900,SSRP|ASIA_HIGH|20260220|1771596900|FINAL,SSRP|ASIA_HIGH|20260220|1771596900|FINAL,5011.98,5011.98,5023.75,5023.75,4988.44,4988.44,true
2026.02.24 15:40:00,LONG,ASIA_LOW|20260224,SSRP|ASIA_LOW|20260224|1771947300,SSRP|ASIA_LOW|20260224|1771947300|FINAL,SSRP|ASIA_LOW|20260224|1771947300|FINAL,5145.96,5145.96,5132.19,5132.19,5173.49,5173.49,true
2026.02.24 17:40:00,LONG,ASIA_LOW|20260224,SSRP|ASIA_LOW|20260224|1771953900,SSRP|ASIA_LOW|20260224|1771953900|FINAL,SSRP|ASIA_LOW|20260224|1771953900|FINAL,5149.91,5149.91,5133.80,5133.80,5182.13,5182.13,true
2026.02.24 18:10:00,LONG,ASIA_LOW|20260224,SSRP|ASIA_LOW|20260224|1771956300,SSRP|ASIA_LOW|20260224|1771956300|FINAL,SSRP|ASIA_LOW|20260224|1771956300|FINAL,5147.50,5147.50,5141.12,5141.12,5160.27,5160.27,true
2026.02.24 18:15:00,LONG,ASIA_LOW|20260224,SSRP|ASIA_LOW|20260224|1771956600,SSRP|ASIA_LOW|20260224|1771956600|FINAL,SSRP|ASIA_LOW|20260224|1771956600|FINAL,5147.72,5147.72,5141.15,5141.15,5160.87,5160.87,true
2026.02.24 19:00:00,LONG,ASIA_LOW|20260224,SSRP|ASIA_LOW|20260224|1771959300,SSRP|ASIA_LOW|20260224|1771959300|FINAL,SSRP|ASIA_LOW|20260224|1771959300|FINAL,5149.53,5149.53,5136.99,5136.99,5174.62,5174.62,true
2026.02.24 19:05:00,LONG,ASIA_LOW|20260224,SSRP|ASIA_LOW|20260224|1771959600,SSRP|ASIA_LOW|20260224|1771959600|FINAL,SSRP|ASIA_LOW|20260224|1771959600|FINAL,5152.91,5152.91,5141.35,5141.35,5176.03,5176.03,true
2026.02.25 19:00:00,SHORT,ASIA_HIGH|20260225,SSRP|ASIA_HIGH|20260225|1772045100,SSRP|ASIA_HIGH|20260225|1772045100|FINAL,SSRP|ASIA_HIGH|20260225|1772045100|FINAL,5210.03,5210.03,5214.21,5214.21,5201.67,5201.67,true
2026.02.25 19:40:00,SHORT,ASIA_HIGH|20260225,SSRP|ASIA_HIGH|20260225|1772048100,SSRP|ASIA_HIGH|20260225|1772048100|FINAL,SSRP|ASIA_HIGH|20260225|1772048100|FINAL,5208.60,5208.60,5214.18,5214.18,5197.44,5197.44,true
2026.02.25 19:45:00,SHORT,ASIA_HIGH|20260225,SSRP|ASIA_HIGH|20260225|1772048400,SSRP|ASIA_HIGH|20260225|1772048400|FINAL,SSRP|ASIA_HIGH|20260225|1772048400|FINAL,5207.10,5207.10,5214.18,5214.18,5192.95,5192.95,true
2026.02.26 16:35:00,LONG,ASIA_LOW|20260226,SSRP|ASIA_LOW|20260226|1772123400,SSRP|ASIA_LOW|20260226|1772123400|FINAL,SSRP|ASIA_LOW|20260226|1772123400|FINAL,5166.36,5166.36,5139.10,5139.10,5220.87,5220.87,true
2026.02.26 17:35:00,LONG,ASIA_LOW|20260226,SSRP|ASIA_LOW|20260226|1772126700,SSRP|ASIA_LOW|20260226|1772126700|FINAL,SSRP|ASIA_LOW|20260226|1772126700|FINAL,5169.23,5169.23,5129.36,5129.36,5248.96,5248.96,true
2026.02.26 17:40:00,LONG,ASIA_LOW|20260226,SSRP|ASIA_LOW|20260226|1772127300,SSRP|ASIA_LOW|20260226|1772127300|FINAL,SSRP|ASIA_LOW|20260226|1772127300|FINAL,5175.74,5175.74,5152.19,5152.19,5222.84,5222.84,true
2026.03.02 11:00:00,SHORT,ASIA_HIGH|20260302,SSRP|ASIA_HIGH|20260302|1772448600,SSRP|ASIA_HIGH|20260302|1772448600|FINAL,SSRP|ASIA_HIGH|20260302|1772448600|FINAL,5392.55,5392.55,5410.37,5410.37,5356.90,5356.90,true
2026.03.02 11:15:00,SHORT,ASIA_HIGH|20260302,SSRP|ASIA_HIGH|20260302|1772449500,SSRP|ASIA_HIGH|20260302|1772449500|FINAL,SSRP|ASIA_HIGH|20260302|1772449500|FINAL,5391.53,5391.53,5400.81,5400.81,5372.98,5372.98,true
2026.03.02 11:45:00,SHORT,ASIA_HIGH|20260302,SSRP|ASIA_HIGH|20260302|1772450100,SSRP|ASIA_HIGH|20260302|1772450100|FINAL,SSRP|ASIA_HIGH|20260302|1772450100|FINAL,5390.36,5390.36,5403.02,5403.02,5365.05,5365.05,true
2026.03.02 11:50:00,SHORT,ASIA_HIGH|20260302,SSRP|ASIA_HIGH|20260302|1772451900,SSRP|ASIA_HIGH|20260302|1772451900|FINAL,SSRP|ASIA_HIGH|20260302|1772451900|FINAL,5392.84,5392.84,5397.89,5397.89,5382.75,5382.75,true
2026.03.02 11:55:00,SHORT,ASIA_HIGH|20260302,SSRP|ASIA_HIGH|20260302|1772452200,SSRP|ASIA_HIGH|20260302|1772452200|FINAL,SSRP|ASIA_HIGH|20260302|1772452200|FINAL,5392.12,5392.12,5396.35,5396.35,5383.66,5383.66,true
2026.03.02 12:00:00,SHORT,ASIA_HIGH|20260302,SSRP|ASIA_HIGH|20260302|1772452500,SSRP|ASIA_HIGH|20260302|1772452500|FINAL,SSRP|ASIA_HIGH|20260302|1772452500|FINAL,5385.91,5385.91,5395.09,5395.09,5367.55,5367.55,true
2026.03.02 12:15:00,SHORT,ASIA_HIGH|20260302,SSRP|ASIA_HIGH|20260302|1772453400,SSRP|ASIA_HIGH|20260302|1772453400|FINAL,SSRP|ASIA_HIGH|20260302|1772453400|FINAL,5390.90,5390.90,5394.99,5394.99,5382.72,5382.72,true
2026.03.02 12:50:00,SHORT,ASIA_HIGH|20260302,SSRP|ASIA_HIGH|20260302|1772455200,SSRP|ASIA_HIGH|20260302|1772455200|FINAL,SSRP|ASIA_HIGH|20260302|1772455200|FINAL,5386.37,5386.37,5401.38,5401.38,5356.36,5356.36,true
2026.03.02 12:55:00,SHORT,ASIA_HIGH|20260302,SSRP|ASIA_HIGH|20260302|1772455800,SSRP|ASIA_HIGH|20260302|1772455800|FINAL,SSRP|ASIA_HIGH|20260302|1772455800|FINAL,5389.04,5389.04,5396.25,5396.25,5374.62,5374.62,true
2026.03.02 13:05:00,SHORT,ASIA_HIGH|20260302,SSRP|ASIA_HIGH|20260302|1772456400,SSRP|ASIA_HIGH|20260302|1772456400|FINAL,SSRP|ASIA_HIGH|20260302|1772456400|FINAL,5385.75,5385.75,5395.09,5395.09,5367.07,5367.07,true
2026.03.02 13:20:00,SHORT,ASIA_HIGH|20260302,SSRP|ASIA_HIGH|20260302|1772457300,SSRP|ASIA_HIGH|20260302|1772457300|FINAL,SSRP|ASIA_HIGH|20260302|1772457300|FINAL,5388.82,5388.82,5397.36,5397.36,5371.75,5371.75,true
2026.03.02 13:40:00,SHORT,ASIA_HIGH|20260302,SSRP|ASIA_HIGH|20260302|1772458200,SSRP|ASIA_HIGH|20260302|1772458200|FINAL,SSRP|ASIA_HIGH|20260302|1772458200|FINAL,5389.41,5389.41,5400.63,5400.63,5366.97,5366.97,true
2026.03.02 13:45:00,SHORT,ASIA_HIGH|20260302,SSRP|ASIA_HIGH|20260302|1772458800,SSRP|ASIA_HIGH|20260302|1772458800|FINAL,SSRP|ASIA_HIGH|20260302|1772458800|FINAL,5381.15,5381.15,5396.56,5396.56,5350.34,5350.34,true
2026.03.02 14:15:00,SHORT,ASIA_HIGH|20260302,SSRP|ASIA_HIGH|20260302|1772460600,SSRP|ASIA_HIGH|20260302|1772460600|FINAL,SSRP|ASIA_HIGH|20260302|1772460600|FINAL,5386.60,5386.60,5398.60,5398.60,5362.61,5362.61,true
2026.03.02 14:35:00,SHORT,ASIA_HIGH|20260302,SSRP|ASIA_HIGH|20260302|1772461200,SSRP|ASIA_HIGH|20260302|1772461200|FINAL,SSRP|ASIA_HIGH|20260302|1772461200|FINAL,5392.46,5392.46,5396.93,5396.93,5383.53,5383.53,true
2026.03.02 14:50:00,SHORT,ASIA_HIGH|20260302,SSRP|ASIA_HIGH|20260302|1772462100,SSRP|ASIA_HIGH|20260302|1772462100|FINAL,SSRP|ASIA_HIGH|20260302|1772462100|FINAL,5391.36,5391.36,5399.20,5399.20,5375.68,5375.68,true
2026.03.02 15:10:00,SHORT,ASIA_HIGH|20260302,SSRP|ASIA_HIGH|20260302|1772463900,SSRP|ASIA_HIGH|20260302|1772463900|FINAL,SSRP|ASIA_HIGH|20260302|1772463900|FINAL,5384.11,5384.11,5410.55,5410.55,5331.23,5331.23,true
2026.03.02 16:00:00,SHORT,ASIA_HIGH|20260302,SSRP|ASIA_HIGH|20260302|1772465700,SSRP|ASIA_HIGH|20260302|1772465700|FINAL,SSRP|ASIA_HIGH|20260302|1772465700|FINAL,5376.86,5376.86,5407.98,5407.98,5314.62,5314.62,true
2026.03.02 18:25:00,LONG,ASIA_LOW|20260302,SSRP|ASIA_LOW|20260302|1772475300,SSRP|ASIA_LOW|20260302|1772475300|FINAL,SSRP|ASIA_LOW|20260302|1772475300|FINAL,5309.87,5309.87,5281.11,5281.11,5367.38,5367.38,true
2026.03.02 18:35:00,LONG,ASIA_LOW|20260302,SSRP|ASIA_LOW|20260302|1772475900,SSRP|ASIA_LOW|20260302|1772475900|FINAL,SSRP|ASIA_LOW|20260302|1772475900|FINAL,5306.32,5306.32,5281.08,5281.08,5356.79,5356.79,true
2026.03.02 19:05:00,LONG,ASIA_LOW|20260302,SSRP|ASIA_LOW|20260302|1772477700,SSRP|ASIA_LOW|20260302|1772477700|FINAL,SSRP|ASIA_LOW|20260302|1772477700|FINAL,5304.16,5304.16,5285.97,5285.97,5340.54,5340.54,true
2026.03.02 19:20:00,LONG,ASIA_LOW|20260302,SSRP|ASIA_LOW|20260302|1772478300,SSRP|ASIA_LOW|20260302|1772478300|FINAL,SSRP|ASIA_LOW|20260302|1772478300|FINAL,5304.70,5304.70,5291.12,5291.12,5331.86,5331.86,true
2026.03.02 19:25:00,LONG,ASIA_LOW|20260302,SSRP|ASIA_LOW|20260302|1772479200,SSRP|ASIA_LOW|20260302|1772479200|FINAL,SSRP|ASIA_LOW|20260302|1772479200|FINAL,5304.58,5304.58,5294.84,5294.84,5324.05,5324.05,true
2026.03.02 19:55:00,LONG,ASIA_LOW|20260302,SSRP|ASIA_LOW|20260302|1772481000,SSRP|ASIA_LOW|20260302|1772481000|FINAL,SSRP|ASIA_LOW|20260302|1772481000|FINAL,5306.80,5306.80,5297.56,5297.56,5325.27,5325.27,true
2026.03.02 20:45:00,LONG,ASIA_LOW|20260302,SSRP|ASIA_LOW|20260302|1772483700,SSRP|ASIA_LOW|20260302|1772483700|FINAL,SSRP|ASIA_LOW|20260302|1772483700|FINAL,5311.22,5311.22,5290.43,5290.43,5352.79,5352.79,true
2026.03.03 08:20:00,LONG,ASIA_LOW|20260303,SSRP|ASIA_LOW|20260303|1772525400,SSRP|ASIA_LOW|20260303|1772525400|FINAL,SSRP|ASIA_LOW|20260303|1772525400|FINAL,5308.47,5308.47,5278.18,5278.18,5369.05,5369.05,true
2026.03.03 08:40:00,LONG,ASIA_LOW|20260303,SSRP|ASIA_LOW|20260303|1772526900,SSRP|ASIA_LOW|20260303|1772526900|FINAL,SSRP|ASIA_LOW|20260303|1772526900|FINAL,5310.37,5310.37,5295.17,5295.17,5340.77,5340.77,true
2026.03.03 08:55:00,LONG,ASIA_LOW|20260303,SSRP|ASIA_LOW|20260303|1772527800,SSRP|ASIA_LOW|20260303|1772527800|FINAL,SSRP|ASIA_LOW|20260303|1772527800|FINAL,5310.54,5310.54,5289.77,5289.77,5352.08,5352.08,true
2026.03.03 09:00:00,LONG,ASIA_LOW|20260303,SSRP|ASIA_LOW|20260303|1772528100,SSRP|ASIA_LOW|20260303|1772528100|FINAL,SSRP|ASIA_LOW|20260303|1772528100|FINAL,5314.00,5314.00,5301.20,5301.20,5339.59,5339.59,true
2026.03.03 10:45:00,LONG,ASIA_LOW|20260303,SSRP|ASIA_LOW|20260303|1772534100,SSRP|ASIA_LOW|20260303|1772534100|FINAL,SSRP|ASIA_LOW|20260303|1772534100|FINAL,5310.28,5310.28,5295.59,5295.59,5339.67,5339.67,true
2026.03.04 12:20:00,SHORT,ASIA_HIGH|20260304,SSRP|ASIA_HIGH|20260304|1772626200,SSRP|ASIA_HIGH|20260304|1772626200|FINAL,SSRP|ASIA_HIGH|20260304|1772626200|FINAL,5188.86,5188.86,5202.82,5202.82,5160.93,5160.93,true
2026.03.04 12:25:00,SHORT,ASIA_HIGH|20260304,SSRP|ASIA_HIGH|20260304|1772626800,SSRP|ASIA_HIGH|20260304|1772626800|FINAL,SSRP|ASIA_HIGH|20260304|1772626800|FINAL,5188.21,5188.21,5193.84,5193.84,5176.95,5176.95,true
2026.03.04 12:30:00,SHORT,ASIA_HIGH|20260304,SSRP|ASIA_HIGH|20260304|1772627100,SSRP|ASIA_HIGH|20260304|1772627100|FINAL,SSRP|ASIA_HIGH|20260304|1772627100|FINAL,5187.28,5187.28,5193.11,5193.11,5175.61,5175.61,true
2026.03.04 14:15:00,SHORT,ASIA_HIGH|20260304,SSRP|ASIA_HIGH|20260304|1772633400,SSRP|ASIA_HIGH|20260304|1772633400|FINAL,SSRP|ASIA_HIGH|20260304|1772633400|FINAL,5183.81,5183.81,5200.99,5200.99,5149.45,5149.45,true
2026.03.04 14:20:00,SHORT,ASIA_HIGH|20260304,SSRP|ASIA_HIGH|20260304|1772633700,SSRP|ASIA_HIGH|20260304|1772633700|FINAL,SSRP|ASIA_HIGH|20260304|1772633700|FINAL,5179.30,5179.30,5198.01,5198.01,5141.88,5141.88,true
2026.03.04 15:15:00,SHORT,ASIA_HIGH|20260304,SSRP|ASIA_HIGH|20260304|1772637000,SSRP|ASIA_HIGH|20260304|1772637000|FINAL,SSRP|ASIA_HIGH|20260304|1772637000|FINAL,5187.75,5187.75,5196.79,5196.79,5169.67,5169.67,true
2026.03.04 15:20:00,SHORT,ASIA_HIGH|20260304,SSRP|ASIA_HIGH|20260304|1772637300,SSRP|ASIA_HIGH|20260304|1772637300|FINAL,SSRP|ASIA_HIGH|20260304|1772637300|FINAL,5186.17,5186.17,5196.02,5196.02,5166.48,5166.48,true
2026.03.04 15:30:00,SHORT,ASIA_HIGH|20260304,SSRP|ASIA_HIGH|20260304|1772637900,SSRP|ASIA_HIGH|20260304|1772637900|FINAL,SSRP|ASIA_HIGH|20260304|1772637900|FINAL,5188.28,5188.28,5195.63,5195.63,5173.58,5173.58,true
2026.03.04 15:35:00,SHORT,ASIA_HIGH|20260304,SSRP|ASIA_HIGH|20260304|1772638200,SSRP|ASIA_HIGH|20260304|1772638200|FINAL,SSRP|ASIA_HIGH|20260304|1772638200|FINAL,5186.04,5186.04,5193.45,5193.45,5171.22,5171.22,true
2026.03.04 15:50:00,SHORT,ASIA_HIGH|20260304,SSRP|ASIA_HIGH|20260304|1772639100,SSRP|ASIA_HIGH|20260304|1772639100|FINAL,SSRP|ASIA_HIGH|20260304|1772639100|FINAL,5182.20,5182.20,5192.70,5192.70,5161.19,5161.19,true
2026.03.05 08:30:00,LONG,ASIA_LOW|20260305,SSRP|ASIA_LOW|20260305|1772698500,SSRP|ASIA_LOW|20260305|1772698500|FINAL,SSRP|ASIA_LOW|20260305|1772698500|FINAL,5147.50,5147.50,5123.83,5123.83,5194.85,5194.85,true
2026.03.05 08:35:00,LONG,ASIA_LOW|20260305,SSRP|ASIA_LOW|20260305|1772699400,SSRP|ASIA_LOW|20260305|1772699400|FINAL,SSRP|ASIA_LOW|20260305|1772699400|FINAL,5151.35,5151.35,5139.54,5139.54,5174.97,5174.97,true
2026.03.05 08:40:00,LONG,ASIA_LOW|20260305,SSRP|ASIA_LOW|20260305|1772699700,SSRP|ASIA_LOW|20260305|1772699700|FINAL,SSRP|ASIA_LOW|20260305|1772699700|FINAL,5150.91,5150.91,5141.67,5141.67,5169.39,5169.39,true
2026.03.05 10:20:00,LONG,ASIA_LOW|20260305,SSRP|ASIA_LOW|20260305|1772705700,SSRP|ASIA_LOW|20260305|1772705700|FINAL,SSRP|ASIA_LOW|20260305|1772705700|FINAL,5145.66,5145.66,5137.19,5137.19,5162.59,5162.59,true
2026.03.05 10:30:00,LONG,ASIA_LOW|20260305,SSRP|ASIA_LOW|20260305|1772706000,SSRP|ASIA_LOW|20260305|1772706000|FINAL,SSRP|ASIA_LOW|20260305|1772706000|FINAL,5150.19,5150.19,5137.19,5137.19,5176.20,5176.20,true
2026.03.05 10:35:00,LONG,ASIA_LOW|20260305,SSRP|ASIA_LOW|20260305|1772706600,SSRP|ASIA_LOW|20260305|1772706600|FINAL,SSRP|ASIA_LOW|20260305|1772706600|FINAL,5160.18,5160.18,5143.25,5143.25,5194.05,5194.05,true
2026.03.06 14:00:00,LONG,ASIA_LOW|20260306,SSRP|ASIA_LOW|20260306|1772805300,SSRP|ASIA_LOW|20260306|1772805300|FINAL,SSRP|ASIA_LOW|20260306|1772805300|FINAL,5082.26,5082.26,5062.37,5062.37,5122.04,5122.04,true
2026.03.06 15:10:00,LONG,ASIA_LOW|20260306,SSRP|ASIA_LOW|20260306|1772809500,SSRP|ASIA_LOW|20260306|1772809500|FINAL,SSRP|ASIA_LOW|20260306|1772809500|FINAL,5073.00,5073.00,5065.12,5065.12,5088.76,5088.76,true
2026.03.06 17:50:00,SHORT,ASIA_HIGH|20260306,SSRP|ASIA_HIGH|20260306|1772818800,SSRP|ASIA_HIGH|20260306|1772818800|FINAL,SSRP|ASIA_HIGH|20260306|1772818800|FINAL,5142.34,5142.34,5161.36,5161.36,5104.29,5104.29,true
2026.03.06 17:55:00,SHORT,ASIA_HIGH|20260306,SSRP|ASIA_HIGH|20260306|1772819400,SSRP|ASIA_HIGH|20260306|1772819400|FINAL,SSRP|ASIA_HIGH|20260306|1772819400|FINAL,5141.88,5141.88,5149.06,5149.06,5127.51,5127.51,true
2026.03.06 18:20:00,SHORT,ASIA_HIGH|20260306,SSRP|ASIA_HIGH|20260306|1772819700,SSRP|ASIA_HIGH|20260306|1772819700|FINAL,SSRP|ASIA_HIGH|20260306|1772819700|FINAL,5140.45,5140.45,5153.55,5153.55,5114.26,5114.26,true
2026.03.06 18:25:00,SHORT,ASIA_HIGH|20260306,SSRP|ASIA_HIGH|20260306|1772821200,SSRP|ASIA_HIGH|20260306|1772821200|FINAL,SSRP|ASIA_HIGH|20260306|1772821200|FINAL,5142.19,5142.19,5151.80,5151.80,5122.97,5122.97,true
2026.03.06 18:35:00,SHORT,ASIA_HIGH|20260306,SSRP|ASIA_HIGH|20260306|1772821800,SSRP|ASIA_HIGH|20260306|1772821800|FINAL,SSRP|ASIA_HIGH|20260306|1772821800|FINAL,5130.25,5130.25,5146.56,5146.56,5097.64,5097.64,true
2026.03.06 18:50:00,SHORT,ASIA_HIGH|20260306,SSRP|ASIA_HIGH|20260306|1772822700,SSRP|ASIA_HIGH|20260306|1772822700|FINAL,SSRP|ASIA_HIGH|20260306|1772822700|FINAL,5140.25,5140.25,5148.74,5148.74,5123.27,5123.27,true
2026.03.06 18:55:00,SHORT,ASIA_HIGH|20260306,SSRP|ASIA_HIGH|20260306|1772823000,SSRP|ASIA_HIGH|20260306|1772823000|FINAL,SSRP|ASIA_HIGH|20260306|1772823000|FINAL,5139.92,5139.92,5148.14,5148.14,5123.48,5123.48,true
2026.03.06 19:40:00,SHORT,ASIA_HIGH|20260306,SSRP|ASIA_HIGH|20260306|1772825400,SSRP|ASIA_HIGH|20260306|1772825400|FINAL,SSRP|ASIA_HIGH|20260306|1772825400|FINAL,5137.45,5137.45,5152.89,5152.89,5106.58,5106.58,true
2026.03.06 19:45:00,SHORT,ASIA_HIGH|20260306,SSRP|ASIA_HIGH|20260306|1772826000,SSRP|ASIA_HIGH|20260306|1772826000|FINAL,SSRP|ASIA_HIGH|20260306|1772826000|FINAL,5138.25,5138.25,5146.16,5146.16,5122.43,5122.43,true
2026.03.10 11:55:00,SHORT,ASIA_HIGH|20260310,SSRP|ASIA_HIGH|20260310|1773143100,SSRP|ASIA_HIGH|20260310|1773143100|FINAL,SSRP|ASIA_HIGH|20260310|1773143100|FINAL,5183.41,5183.41,5195.23,5195.23,5159.78,5159.78,true
2026.03.10 12:00:00,SHORT,ASIA_HIGH|20260310,SSRP|ASIA_HIGH|20260310|1773143700,SSRP|ASIA_HIGH|20260310|1773143700|FINAL,SSRP|ASIA_HIGH|20260310|1773143700|FINAL,5186.03,5186.03,5189.89,5189.89,5178.30,5178.30,true
2026.03.10 12:15:00,SHORT,ASIA_HIGH|20260310,SSRP|ASIA_HIGH|20260310|1773144600,SSRP|ASIA_HIGH|20260310|1773144600|FINAL,SSRP|ASIA_HIGH|20260310|1773144600|FINAL,5181.83,5181.83,5189.62,5189.62,5166.26,5166.26,true
2026.03.10 12:20:00,SHORT,ASIA_HIGH|20260310,SSRP|ASIA_HIGH|20260310|1773144900,SSRP|ASIA_HIGH|20260310|1773144900|FINAL,SSRP|ASIA_HIGH|20260310|1773144900|FINAL,5184.11,5184.11,5189.54,5189.54,5173.24,5173.24,true
2026.03.10 12:35:00,SHORT,ASIA_HIGH|20260310,SSRP|ASIA_HIGH|20260310|1773145800,SSRP|ASIA_HIGH|20260310|1773145800|FINAL,SSRP|ASIA_HIGH|20260310|1773145800|FINAL,5183.75,5183.75,5188.47,5188.47,5174.31,5174.31,true
2026.03.10 12:50:00,SHORT,ASIA_HIGH|20260310,SSRP|ASIA_HIGH|20260310|1773146700,SSRP|ASIA_HIGH|20260310|1773146700|FINAL,SSRP|ASIA_HIGH|20260310|1773146700|FINAL,5184.59,5184.59,5189.45,5189.45,5174.88,5174.88,true
2026.03.10 14:15:00,SHORT,ASIA_HIGH|20260310,SSRP|ASIA_HIGH|20260310|1773151500,SSRP|ASIA_HIGH|20260310|1773151500|FINAL,SSRP|ASIA_HIGH|20260310|1773151500|FINAL,5184.58,5184.58,5192.39,5192.39,5168.97,5168.97,true
2026.03.10 14:25:00,SHORT,ASIA_HIGH|20260310,SSRP|ASIA_HIGH|20260310|1773152400,SSRP|ASIA_HIGH|20260310|1773152400|FINAL,SSRP|ASIA_HIGH|20260310|1773152400|FINAL,5182.84,5182.84,5189.95,5189.95,5168.61,5168.61,true
2026.03.10 15:50:00,SHORT,ASIA_HIGH|20260310,SSRP|ASIA_HIGH|20260310|1773157500,SSRP|ASIA_HIGH|20260310|1773157500|FINAL,SSRP|ASIA_HIGH|20260310|1773157500|FINAL,5182.52,5182.52,5189.70,5189.70,5168.16,5168.16,true
2026.03.10 21:15:00,SHORT,ASIA_HIGH|20260310,SSRP|ASIA_HIGH|20260310|1773177000,SSRP|ASIA_HIGH|20260310|1773177000|FINAL,SSRP|ASIA_HIGH|20260310|1773177000|FINAL,5172.70,5172.70,5227.91,5227.91,5062.28,5062.28,true
2026.03.10 22:30:00,SHORT,ASIA_HIGH|20260310,SSRP|ASIA_HIGH|20260310|1773181500,SSRP|ASIA_HIGH|20260310|1773181500|FINAL,SSRP|ASIA_HIGH|20260310|1773181500|FINAL,5185.98,5185.98,5206.41,5206.41,5145.13,5145.13,true
2026.03.11 11:30:00,LONG,ASIA_LOW|20260311,SSRP|ASIA_LOW|20260311|1773228300,SSRP|ASIA_LOW|20260311|1773228300|FINAL,SSRP|ASIA_LOW|20260311|1773228300|FINAL,5184.91,5184.91,5180.74,5180.74,5193.25,5193.25,true
2026.03.11 11:45:00,LONG,ASIA_LOW|20260311,SSRP|ASIA_LOW|20260311|1773228600,SSRP|ASIA_LOW|20260311|1773228600|FINAL,SSRP|ASIA_LOW|20260311|1773228600|FINAL,5184.94,5184.94,5174.97,5174.97,5204.88,5204.88,true
2026.03.11 11:50:00,LONG,ASIA_LOW|20260311,SSRP|ASIA_LOW|20260311|1773229500,SSRP|ASIA_LOW|20260311|1773229500|FINAL,SSRP|ASIA_LOW|20260311|1773229500|FINAL,5185.82,5185.82,5179.28,5179.28,5198.90,5198.90,true
2026.03.11 12:10:00,LONG,ASIA_LOW|20260311,SSRP|ASIA_LOW|20260311|1773230700,SSRP|ASIA_LOW|20260311|1773230700|FINAL,SSRP|ASIA_LOW|20260311|1773230700|FINAL,5184.36,5184.36,5178.87,5178.87,5195.35,5195.35,true
2026.03.11 13:45:00,LONG,ASIA_LOW|20260311,SSRP|ASIA_LOW|20260311|1773236400,SSRP|ASIA_LOW|20260311|1773236400|FINAL,SSRP|ASIA_LOW|20260311|1773236400|FINAL,5187.41,5187.41,5176.70,5176.70,5208.83,5208.83,true
2026.03.11 13:50:00,LONG,ASIA_LOW|20260311,SSRP|ASIA_LOW|20260311|1773236700,SSRP|ASIA_LOW|20260311|1773236700|FINAL,SSRP|ASIA_LOW|20260311|1773236700|FINAL,5189.02,5189.02,5177.35,5177.35,5212.37,5212.37,true
2026.03.11 14:30:00,LONG,ASIA_LOW|20260311,SSRP|ASIA_LOW|20260311|1773238500,SSRP|ASIA_LOW|20260311|1773238500|FINAL,SSRP|ASIA_LOW|20260311|1773238500|FINAL,5185.20,5185.20,5179.43,5179.43,5196.73,5196.73,true
2026.03.11 14:35:00,LONG,ASIA_LOW|20260311,SSRP|ASIA_LOW|20260311|1773239400,SSRP|ASIA_LOW|20260311|1773239400|FINAL,SSRP|ASIA_LOW|20260311|1773239400|FINAL,5185.72,5185.72,5179.59,5179.59,5197.98,5197.98,true
2026.03.11 15:00:00,LONG,ASIA_LOW|20260311,SSRP|ASIA_LOW|20260311|1773240600,SSRP|ASIA_LOW|20260311|1773240600|FINAL,SSRP|ASIA_LOW|20260311|1773240600|FINAL,5185.46,5185.46,5174.80,5174.80,5206.78,5206.78,true
2026.03.11 15:05:00,LONG,ASIA_LOW|20260311,SSRP|ASIA_LOW|20260311|1773241200,SSRP|ASIA_LOW|20260311|1773241200|FINAL,SSRP|ASIA_LOW|20260311|1773241200|FINAL,5187.64,5187.64,5177.30,5177.30,5208.32,5208.32,true
2026.03.11 17:00:00,LONG,ASIA_LOW|20260311,SSRP|ASIA_LOW|20260311|1773248100,SSRP|ASIA_LOW|20260311|1773248100|FINAL,SSRP|ASIA_LOW|20260311|1773248100|FINAL,5184.89,5184.89,5165.98,5165.98,5222.70,5222.70,true
2026.03.11 17:05:00,LONG,ASIA_LOW|20260311,SSRP|ASIA_LOW|20260311|1773248400,SSRP|ASIA_LOW|20260311|1773248400|FINAL,SSRP|ASIA_LOW|20260311|1773248400|FINAL,5185.84,5185.84,5174.52,5174.52,5208.47,5208.47,true
2026.03.11 17:10:00,LONG,ASIA_LOW|20260311,SSRP|ASIA_LOW|20260311|1773248700,SSRP|ASIA_LOW|20260311|1773248700|FINAL,SSRP|ASIA_LOW|20260311|1773248700|FINAL,5190.12,5190.12,5178.09,5178.09,5214.17,5214.17,true
2026.03.11 17:15:00,LONG,ASIA_LOW|20260311,SSRP|ASIA_LOW|20260311|1773249000,SSRP|ASIA_LOW|20260311|1773249000|FINAL,SSRP|ASIA_LOW|20260311|1773249000|FINAL,5188.43,5188.43,5179.98,5179.98,5205.32,5205.32,true
2026.03.11 17:45:00,LONG,ASIA_LOW|20260311,SSRP|ASIA_LOW|20260311|1773250800,SSRP|ASIA_LOW|20260311|1773250800|FINAL,SSRP|ASIA_LOW|20260311|1773250800|FINAL,5188.63,5188.63,5173.93,5173.93,5218.03,5218.03,true
2026.03.11 17:50:00,LONG,ASIA_LOW|20260311,SSRP|ASIA_LOW|20260311|1773251100,SSRP|ASIA_LOW|20260311|1773251100|FINAL,SSRP|ASIA_LOW|20260311|1773251100|FINAL,5190.69,5190.69,5180.02,5180.02,5212.03,5212.03,true
2026.03.12 10:50:00,SHORT,ASIA_HIGH|20260312,SSRP|ASIA_HIGH|20260312|1773312300,SSRP|ASIA_HIGH|20260312|1773312300|FINAL,SSRP|ASIA_HIGH|20260312|1773312300|FINAL,5178.97,5178.97,5185.40,5185.40,5166.12,5166.12,true
2026.03.12 11:10:00,SHORT,ASIA_HIGH|20260312,SSRP|ASIA_HIGH|20260312|1773313200,SSRP|ASIA_HIGH|20260312|1773313200|FINAL,SSRP|ASIA_HIGH|20260312|1773313200|FINAL,5181.72,5181.72,5190.25,5190.25,5164.66,5164.66,true
2026.03.12 11:15:00,SHORT,ASIA_HIGH|20260312,SSRP|ASIA_HIGH|20260312|1773313800,SSRP|ASIA_HIGH|20260312|1773313800|FINAL,SSRP|ASIA_HIGH|20260312|1773313800|FINAL,5182.10,5182.10,5189.14,5189.14,5168.01,5168.01,true
2026.03.12 11:20:00,SHORT,ASIA_HIGH|20260312,SSRP|ASIA_HIGH|20260312|1773314100,SSRP|ASIA_HIGH|20260312|1773314100|FINAL,SSRP|ASIA_HIGH|20260312|1773314100|FINAL,5178.43,5178.43,5184.87,5184.87,5165.55,5165.55,true
2026.03.12 13:25:00,SHORT,ASIA_HIGH|20260312,SSRP|ASIA_HIGH|20260312|1773321000,SSRP|ASIA_HIGH|20260312|1773321000|FINAL,SSRP|ASIA_HIGH|20260312|1773321000|FINAL,5180.48,5180.48,5190.95,5190.95,5159.54,5159.54,true
2026.03.12 13:30:00,SHORT,ASIA_HIGH|20260312,SSRP|ASIA_HIGH|20260312|1773321900,SSRP|ASIA_HIGH|20260312|1773321900|FINAL,SSRP|ASIA_HIGH|20260312|1773321900|FINAL,5181.62,5181.62,5185.23,5185.23,5174.39,5174.39,true
2026.03.12 15:55:00,SHORT,ASIA_HIGH|20260312,SSRP|ASIA_HIGH|20260312|1773330600,SSRP|ASIA_HIGH|20260312|1773330600|FINAL,SSRP|ASIA_HIGH|20260312|1773330600|FINAL,5181.55,5181.55,5185.87,5185.87,5172.91,5172.91,true
2026.03.12 16:00:00,SHORT,ASIA_HIGH|20260312,SSRP|ASIA_HIGH|20260312|1773330900,SSRP|ASIA_HIGH|20260312|1773330900|FINAL,SSRP|ASIA_HIGH|20260312|1773330900|FINAL,5179.86,5179.86,5186.57,5186.57,5166.43,5166.43,true
2026.03.12 16:05:00,SHORT,ASIA_HIGH|20260312,SSRP|ASIA_HIGH|20260312|1773331200,SSRP|ASIA_HIGH|20260312|1773331200|FINAL,SSRP|ASIA_HIGH|20260312|1773331200|FINAL,5182.80,5182.80,5186.58,5186.58,5175.24,5175.24,true
2026.03.12 16:15:00,SHORT,ASIA_HIGH|20260312,SSRP|ASIA_HIGH|20260312|1773331500,SSRP|ASIA_HIGH|20260312|1773331500|FINAL,SSRP|ASIA_HIGH|20260312|1773331500|FINAL,5174.06,5174.06,5186.05,5186.05,5150.09,5150.09,true
2026.03.12 16:20:00,SHORT,ASIA_HIGH|20260312,SSRP|ASIA_HIGH|20260312|1773332100,SSRP|ASIA_HIGH|20260312|1773332100|FINAL,SSRP|ASIA_HIGH|20260312|1773332100|FINAL,5171.79,5171.79,5184.82,5184.82,5145.72,5145.72,true
2026.03.12 18:20:00,LONG,ASIA_LOW|20260312,SSRP|ASIA_LOW|20260312|1773339000,SSRP|ASIA_LOW|20260312|1773339000|FINAL,SSRP|ASIA_LOW|20260312|1773339000|FINAL,5129.40,5129.40,5107.49,5107.49,5173.22,5173.22,true
2026.03.12 18:35:00,LONG,ASIA_LOW|20260312,SSRP|ASIA_LOW|20260312|1773340200,SSRP|ASIA_LOW|20260312|1773340200|FINAL,SSRP|ASIA_LOW|20260312|1773340200|FINAL,5131.98,5131.98,5117.86,5117.86,5160.21,5160.21,true
2026.03.12 18:40:00,LONG,ASIA_LOW|20260312,SSRP|ASIA_LOW|20260312|1773340500,SSRP|ASIA_LOW|20260312|1773340500|FINAL,SSRP|ASIA_LOW|20260312|1773340500|FINAL,5131.06,5131.06,5117.87,5117.87,5157.44,5157.44,true
2026.03.12 19:10:00,LONG,ASIA_LOW|20260312,SSRP|ASIA_LOW|20260312|1773342300,SSRP|ASIA_LOW|20260312|1773342300|FINAL,SSRP|ASIA_LOW|20260312|1773342300|FINAL,5128.56,5128.56,5120.82,5120.82,5144.04,5144.04,true
2026.03.12 19:15:00,LONG,ASIA_LOW|20260312,SSRP|ASIA_LOW|20260312|1773342600,SSRP|ASIA_LOW|20260312|1773342600|FINAL,SSRP|ASIA_LOW|20260312|1773342600|FINAL,5131.69,5131.69,5120.84,5120.84,5153.39,5153.39,true
2026.03.12 20:00:00,LONG,ASIA_LOW|20260312,SSRP|ASIA_LOW|20260312|1773345300,SSRP|ASIA_LOW|20260312|1773345300|FINAL,SSRP|ASIA_LOW|20260312|1773345300|FINAL,5126.74,5126.74,5121.37,5121.37,5137.48,5137.48,true
2026.03.13 11:10:00,LONG,ASIA_LOW|20260313,SSRP|ASIA_LOW|20260313|1773399600,SSRP|ASIA_LOW|20260313|1773399600|FINAL,SSRP|ASIA_LOW|20260313|1773399600|FINAL,5078.12,5078.12,5066.21,5066.21,5101.94,5101.94,true
2026.03.13 11:15:00,LONG,ASIA_LOW|20260313,SSRP|ASIA_LOW|20260313|1773400200,SSRP|ASIA_LOW|20260313|1773400200|FINAL,SSRP|ASIA_LOW|20260313|1773400200|FINAL,5073.38,5073.38,5070.72,5070.72,5078.69,5078.69,true
2026.03.13 11:30:00,LONG,ASIA_LOW|20260313,SSRP|ASIA_LOW|20260313|1773400800,SSRP|ASIA_LOW|20260313|1773400800|FINAL,SSRP|ASIA_LOW|20260313|1773400800|FINAL,5077.69,5077.69,5060.37,5060.37,5112.32,5112.32,true
2026.03.13 11:35:00,LONG,ASIA_LOW|20260313,SSRP|ASIA_LOW|20260313|1773401400,SSRP|ASIA_LOW|20260313|1773401400|FINAL,SSRP|ASIA_LOW|20260313|1773401400|FINAL,5081.64,5081.64,5070.01,5070.01,5104.89,5104.89,true
2026.03.16 09:20:00,SHORT,ASIA_HIGH|20260316,SSRP|ASIA_HIGH|20260316|1773652500,SSRP|ASIA_HIGH|20260316|1773652500|FINAL,SSRP|ASIA_HIGH|20260316|1773652500|FINAL,5027.93,5027.93,5036.38,5036.38,5011.03,5011.03,true
2026.03.16 09:25:00,SHORT,ASIA_HIGH|20260316,SSRP|ASIA_HIGH|20260316|1773652800,SSRP|ASIA_HIGH|20260316|1773652800|FINAL,SSRP|ASIA_HIGH|20260316|1773652800|FINAL,5027.77,5027.77,5035.17,5035.17,5012.97,5012.97,true
2026.03.16 16:45:00,SHORT,ASIA_HIGH|20260316,SSRP|ASIA_HIGH|20260316|1773678900,SSRP|ASIA_HIGH|20260316|1773678900|FINAL,SSRP|ASIA_HIGH|20260316|1773678900|FINAL,5028.58,5028.58,5034.86,5034.86,5016.01,5016.01,true
2026.03.16 16:50:00,SHORT,ASIA_HIGH|20260316,SSRP|ASIA_HIGH|20260316|1773679500,SSRP|ASIA_HIGH|20260316|1773679500|FINAL,SSRP|ASIA_HIGH|20260316|1773679500|FINAL,5028.77,5028.77,5033.95,5033.95,5018.40,5018.40,true
2026.03.16 17:10:00,SHORT,ASIA_HIGH|20260316,SSRP|ASIA_HIGH|20260316|1773680400,SSRP|ASIA_HIGH|20260316|1773680400|FINAL,SSRP|ASIA_HIGH|20260316|1773680400|FINAL,5028.11,5028.11,5038.77,5038.77,5006.79,5006.79,true
2026.03.16 17:15:00,SHORT,ASIA_HIGH|20260316,SSRP|ASIA_HIGH|20260316|1773681000,SSRP|ASIA_HIGH|20260316|1773681000|FINAL,SSRP|ASIA_HIGH|20260316|1773681000|FINAL,5024.51,5024.51,5037.83,5037.83,4997.86,4997.86,true
2026.03.17 08:20:00,SHORT,ASIA_HIGH|20260317,SSRP|ASIA_HIGH|20260317|1773735300,SSRP|ASIA_HIGH|20260317|1773735300|FINAL,SSRP|ASIA_HIGH|20260317|1773735300|FINAL,5036.38,5036.38,5044.58,5044.58,5019.98,5019.98,true
2026.03.17 13:45:00,LONG,ASIA_LOW|20260317,SSRP|ASIA_LOW|20260317|1773754800,SSRP|ASIA_LOW|20260317|1773754800|FINAL,SSRP|ASIA_LOW|20260317|1773754800|FINAL,4998.03,4998.03,4991.55,4991.55,5010.99,5010.99,true
2026.03.17 18:50:00,LONG,ASIA_LOW|20260317,SSRP|ASIA_LOW|20260317|1773772800,SSRP|ASIA_LOW|20260317|1773772800|FINAL,SSRP|ASIA_LOW|20260317|1773772800|FINAL,4995.34,4995.34,4972.79,4972.79,5040.43,5040.43,true
2026.03.17 18:55:00,LONG,ASIA_LOW|20260317,SSRP|ASIA_LOW|20260317|1773773400,SSRP|ASIA_LOW|20260317|1773773400|FINAL,SSRP|ASIA_LOW|20260317|1773773400|FINAL,4997.85,4997.85,4990.66,4990.66,5012.23,5012.23,true
2026.03.17 19:15:00,LONG,ASIA_LOW|20260317,SSRP|ASIA_LOW|20260317|1773774000,SSRP|ASIA_LOW|20260317|1773774000|FINAL,SSRP|ASIA_LOW|20260317|1773774000|FINAL,5000.87,5000.87,4991.23,4991.23,5020.15,5020.15,true
2026.03.17 19:20:00,LONG,ASIA_LOW|20260317,SSRP|ASIA_LOW|20260317|1773774900,SSRP|ASIA_LOW|20260317|1773774900|FINAL,SSRP|ASIA_LOW|20260317|1773774900|FINAL,5002.09,5002.09,4992.59,4992.59,5021.08,5021.08,true
2026.03.18 11:50:00,LONG,ASIA_LOW|20260318,SSRP|ASIA_LOW|20260318|1773834300,SSRP|ASIA_LOW|20260318|1773834300|FINAL,SSRP|ASIA_LOW|20260318|1773834300|FINAL,4987.31,4987.31,4977.10,4977.10,5007.73,5007.73,true
2026.03.23 14:05:00,LONG,ASIA_LOW|20260323,SSRP|ASIA_LOW|20260323|1774274400,SSRP|ASIA_LOW|20260323|1774274400|FINAL,SSRP|ASIA_LOW|20260323|1774274400|FINAL,4406.95,4406.95,4268.26,4268.26,4684.34,4684.34,true
2026.03.23 14:10:00,LONG,ASIA_LOW|20260323,SSRP|ASIA_LOW|20260323|1774274700,SSRP|ASIA_LOW|20260323|1774274700|FINAL,SSRP|ASIA_LOW|20260323|1774274700|FINAL,4457.22,4457.22,4279.91,4279.91,4811.84,4811.84,true
2026.03.26 08:35:00,LONG,ASIA_LOW|20260326,SSRP|ASIA_LOW|20260326|1774513800,SSRP|ASIA_LOW|20260326|1774513800|FINAL,SSRP|ASIA_LOW|20260326|1774513800|FINAL,4489.99,4489.99,4479.10,4479.10,4511.77,4511.77,true
2026.03.27 10:40:00,SHORT,ASIA_HIGH|20260327,SSRP|ASIA_HIGH|20260327|1774607700,SSRP|ASIA_HIGH|20260327|1774607700|FINAL,SSRP|ASIA_HIGH|20260327|1774607700|FINAL,4448.40,4448.40,4456.37,4456.37,4432.47,4432.47,true
2026.03.27 10:50:00,SHORT,ASIA_HIGH|20260327,SSRP|ASIA_HIGH|20260327|1774608000,SSRP|ASIA_HIGH|20260327|1774608000|FINAL,SSRP|ASIA_HIGH|20260327|1774608000|FINAL,4443.92,4443.92,4453.65,4453.65,4424.46,4424.46,true
2026.03.27 10:55:00,SHORT,ASIA_HIGH|20260327,SSRP|ASIA_HIGH|20260327|1774608600,SSRP|ASIA_HIGH|20260327|1774608600|FINAL,SSRP|ASIA_HIGH|20260327|1774608600|FINAL,4447.70,4447.70,4452.04,4452.04,4439.03,4439.03,true
2026.03.27 11:05:00,SHORT,ASIA_HIGH|20260327,SSRP|ASIA_HIGH|20260327|1774609200,SSRP|ASIA_HIGH|20260327|1774609200|FINAL,SSRP|ASIA_HIGH|20260327|1774609200|FINAL,4446.31,4446.31,4451.06,4451.06,4436.80,4436.80,true
2026.03.30 20:30:00,SHORT,ASIA_HIGH|20260330,SSRP|ASIA_HIGH|20260330|1774902300,SSRP|ASIA_HIGH|20260330|1774902300|FINAL,SSRP|ASIA_HIGH|20260330|1774902300|FINAL,4516.73,4516.73,4530.89,4530.89,4488.40,4488.40,true
2026.03.30 20:50:00,SHORT,ASIA_HIGH|20260330,SSRP|ASIA_HIGH|20260330|1774903200,SSRP|ASIA_HIGH|20260330|1774903200|FINAL,SSRP|ASIA_HIGH|20260330|1774903200|FINAL,4517.00,4517.00,4529.04,4529.04,4492.92,4492.92,true
2026.03.30 20:55:00,SHORT,ASIA_HIGH|20260330,SSRP|ASIA_HIGH|20260330|1774903800,SSRP|ASIA_HIGH|20260330|1774903800|FINAL,SSRP|ASIA_HIGH|20260330|1774903800|FINAL,4515.06,4515.06,4521.14,4521.14,4502.89,4502.89,true
2026.03.30 21:20:00,SHORT,ASIA_HIGH|20260330,SSRP|ASIA_HIGH|20260330|1774904400,SSRP|ASIA_HIGH|20260330|1774904400|FINAL,SSRP|ASIA_HIGH|20260330|1774904400|FINAL,4515.57,4515.57,4523.61,4523.61,4499.50,4499.50,true
2026.03.30 21:25:00,SHORT,ASIA_HIGH|20260330,SSRP|ASIA_HIGH|20260330|1774905600,SSRP|ASIA_HIGH|20260330|1774905600|FINAL,SSRP|ASIA_HIGH|20260330|1774905600|FINAL,4513.95,4513.95,4521.78,4521.78,4498.28,4498.28,true
2026.03.30 21:40:00,SHORT,ASIA_HIGH|20260330,SSRP|ASIA_HIGH|20260330|1774906500,SSRP|ASIA_HIGH|20260330|1774906500|FINAL,SSRP|ASIA_HIGH|20260330|1774906500|FINAL,4515.41,4515.41,4519.85,4519.85,4506.54,4506.54,true
2026.03.30 21:50:00,SHORT,ASIA_HIGH|20260330,SSRP|ASIA_HIGH|20260330|1774907100,SSRP|ASIA_HIGH|20260330|1774907100|FINAL,SSRP|ASIA_HIGH|20260330|1774907100|FINAL,4507.01,4507.01,4519.11,4519.11,4482.81,4482.81,true
2026.03.30 21:55:00,SHORT,ASIA_HIGH|20260330,SSRP|ASIA_HIGH|20260330|1774907400,SSRP|ASIA_HIGH|20260330|1774907400|FINAL,SSRP|ASIA_HIGH|20260330|1774907400|FINAL,4498.99,4498.99,4518.75,4518.75,4459.47,4459.47,true
2026.03.31 17:05:00,SHORT,ASIA_HIGH|20260331,SSRP|ASIA_HIGH|20260331|1774976400,SSRP|ASIA_HIGH|20260331|1774976400|FINAL,SSRP|ASIA_HIGH|20260331|1774976400|FINAL,4605.46,4605.46,4625.82,4625.82,4564.75,4564.75,true
2026.03.31 17:35:00,SHORT,ASIA_HIGH|20260331,SSRP|ASIA_HIGH|20260331|1774978200,SSRP|ASIA_HIGH|20260331|1774978200|FINAL,SSRP|ASIA_HIGH|20260331|1774978200|FINAL,4608.95,4608.95,4630.76,4630.76,4565.33,4565.33,true
2026.03.31 17:40:00,SHORT,ASIA_HIGH|20260331,SSRP|ASIA_HIGH|20260331|1774978500,SSRP|ASIA_HIGH|20260331|1774978500|FINAL,SSRP|ASIA_HIGH|20260331|1774978500|FINAL,4608.04,4608.04,4623.37,4623.37,4577.39,4577.39,true
2026.03.31 18:25:00,SHORT,ASIA_HIGH|20260331,SSRP|ASIA_HIGH|20260331|1774980600,SSRP|ASIA_HIGH|20260331|1774980600|FINAL,SSRP|ASIA_HIGH|20260331|1774980600|FINAL,4610.10,4610.10,4626.05,4626.05,4578.20,4578.20,true
2026.03.31 18:45:00,SHORT,ASIA_HIGH|20260331,SSRP|ASIA_HIGH|20260331|1774982400,SSRP|ASIA_HIGH|20260331|1774982400|FINAL,SSRP|ASIA_HIGH|20260331|1774982400|FINAL,4615.73,4615.73,4622.77,4622.77,4601.65,4601.65,true
2026.03.31 18:50:00,SHORT,ASIA_HIGH|20260331,SSRP|ASIA_HIGH|20260331|1774982700,SSRP|ASIA_HIGH|20260331|1774982700|FINAL,SSRP|ASIA_HIGH|20260331|1774982700|FINAL,4618.44,4618.44,4624.35,4624.35,4606.61,4606.61,true
2026.03.31 18:55:00,SHORT,ASIA_HIGH|20260331,SSRP|ASIA_HIGH|20260331|1774983000,SSRP|ASIA_HIGH|20260331|1774983000|FINAL,SSRP|ASIA_HIGH|20260331|1774983000|FINAL,4609.39,4609.39,4624.35,4624.35,4579.46,4579.46,true
2026.04.01 10:00:00,SHORT,ASIA_HIGH|20260401,SSRP|ASIA_HIGH|20260401|1775037300,SSRP|ASIA_HIGH|20260401|1775037300|FINAL,SSRP|ASIA_HIGH|20260401|1775037300|FINAL,4722.70,4722.70,4733.81,4733.81,4700.47,4700.47,true
2026.04.01 10:05:00,SHORT,ASIA_HIGH|20260401,SSRP|ASIA_HIGH|20260401|1775037600,SSRP|ASIA_HIGH|20260401|1775037600|FINAL,SSRP|ASIA_HIGH|20260401|1775037600|FINAL,4721.05,4721.05,4732.93,4732.93,4697.28,4697.28,true
2026.04.01 10:25:00,SHORT,ASIA_HIGH|20260401,SSRP|ASIA_HIGH|20260401|1775038800,SSRP|ASIA_HIGH|20260401|1775038800|FINAL,SSRP|ASIA_HIGH|20260401|1775038800|FINAL,4723.05,4723.05,4726.24,4726.24,4716.67,4716.67,true
2026.04.01 10:45:00,SHORT,ASIA_HIGH|20260401,SSRP|ASIA_HIGH|20260401|1775040000,SSRP|ASIA_HIGH|20260401|1775040000|FINAL,SSRP|ASIA_HIGH|20260401|1775040000|FINAL,4722.61,4722.61,4742.16,4742.16,4683.50,4683.50,true
2026.04.01 10:50:00,SHORT,ASIA_HIGH|20260401,SSRP|ASIA_HIGH|20260401|1775040300,SSRP|ASIA_HIGH|20260401|1775040300|FINAL,SSRP|ASIA_HIGH|20260401|1775040300|FINAL,4713.64,4713.64,4733.33,4733.33,4674.26,4674.26,true
2026.04.01 11:05:00,SHORT,ASIA_HIGH|20260401,SSRP|ASIA_HIGH|20260401|1775041200,SSRP|ASIA_HIGH|20260401|1775041200|FINAL,SSRP|ASIA_HIGH|20260401|1775041200|FINAL,4720.02,4720.02,4726.91,4726.91,4706.25,4706.25,true
2026.04.01 12:05:00,SHORT,ASIA_HIGH|20260401,SSRP|ASIA_HIGH|20260401|1775044500,SSRP|ASIA_HIGH|20260401|1775044500|FINAL,SSRP|ASIA_HIGH|20260401|1775044500|FINAL,4720.48,4720.48,4731.24,4731.24,4698.97,4698.97,true
2026.04.01 12:10:00,SHORT,ASIA_HIGH|20260401,SSRP|ASIA_HIGH|20260401|1775045100,SSRP|ASIA_HIGH|20260401|1775045100|FINAL,SSRP|ASIA_HIGH|20260401|1775045100|FINAL,4718.24,4718.24,4728.04,4728.04,4698.63,4698.63,true
2026.04.01 12:50:00,SHORT,ASIA_HIGH|20260401,SSRP|ASIA_HIGH|20260401|1775047500,SSRP|ASIA_HIGH|20260401|1775047500|FINAL,SSRP|ASIA_HIGH|20260401|1775047500|FINAL,4723.36,4723.36,4728.13,4728.13,4713.83,4713.83,true
2026.04.01 12:55:00,SHORT,ASIA_HIGH|20260401,SSRP|ASIA_HIGH|20260401|1775047800,SSRP|ASIA_HIGH|20260401|1775047800|FINAL,SSRP|ASIA_HIGH|20260401|1775047800|FINAL,4723.19,4723.19,4728.14,4728.14,4713.30,4713.30,true
2026.04.01 16:00:00,SHORT,ASIA_HIGH|20260401,SSRP|ASIA_HIGH|20260401|1775058600,SSRP|ASIA_HIGH|20260401|1775058600|FINAL,SSRP|ASIA_HIGH|20260401|1775058600|FINAL,4720.45,4720.45,4737.64,4737.64,4686.06,4686.06,true
2026.04.02 17:15:00,LONG,ASIA_LOW|20260402,SSRP|ASIA_LOW|20260402|1775148600,SSRP|ASIA_LOW|20260402|1775148600|FINAL,SSRP|ASIA_LOW|20260402|1775148600|FINAL,4660.51,4660.51,4628.58,4628.58,4724.38,4724.38,true
2026.04.02 17:20:00,LONG,ASIA_LOW|20260402,SSRP|ASIA_LOW|20260402|1775150100,SSRP|ASIA_LOW|20260402|1775150100|FINAL,SSRP|ASIA_LOW|20260402|1775150100|FINAL,4675.01,4675.01,4644.97,4644.97,4735.09,4735.09,true
2026.04.02 19:10:00,LONG,ASIA_LOW|20260402,SSRP|ASIA_LOW|20260402|1775156700,SSRP|ASIA_LOW|20260402|1775156700|FINAL,SSRP|ASIA_LOW|20260402|1775156700|FINAL,4654.92,4654.92,4647.51,4647.51,4669.74,4669.74,true
2026.04.02 19:20:00,LONG,ASIA_LOW|20260402,SSRP|ASIA_LOW|20260402|1775157300,SSRP|ASIA_LOW|20260402|1775157300|FINAL,SSRP|ASIA_LOW|20260402|1775157300|FINAL,4651.33,4651.33,4642.37,4642.37,4669.25,4669.25,true
2026.04.02 19:30:00,LONG,ASIA_LOW|20260402,SSRP|ASIA_LOW|20260402|1775157600,SSRP|ASIA_LOW|20260402|1775157600|FINAL,SSRP|ASIA_LOW|20260402|1775157600|FINAL,4658.21,4658.21,4642.38,4642.38,4689.86,4689.86,true
2026.04.02 20:35:00,LONG,ASIA_LOW|20260402,SSRP|ASIA_LOW|20260402|1775161800,SSRP|ASIA_LOW|20260402|1775161800|FINAL,SSRP|ASIA_LOW|20260402|1775161800|FINAL,4653.51,4653.51,4645.41,4645.41,4669.70,4669.70,true
2026.04.02 20:40:00,LONG,ASIA_LOW|20260402,SSRP|ASIA_LOW|20260402|1775162100,SSRP|ASIA_LOW|20260402|1775162100|FINAL,SSRP|ASIA_LOW|20260402|1775162100|FINAL,4657.49,4657.49,4647.83,4647.83,4676.81,4676.81,true
2026.04.02 21:00:00,LONG,ASIA_LOW|20260402,SSRP|ASIA_LOW|20260402|1775162700,SSRP|ASIA_LOW|20260402|1775162700|FINAL,SSRP|ASIA_LOW|20260402|1775162700|FINAL,4653.40,4653.40,4645.24,4645.24,4669.72,4669.72,true
2026.04.02 21:05:00,LONG,ASIA_LOW|20260402,SSRP|ASIA_LOW|20260402|1775163600,SSRP|ASIA_LOW|20260402|1775163600|FINAL,SSRP|ASIA_LOW|20260402|1775163600|FINAL,4656.05,4656.05,4646.94,4646.94,4674.27,4674.27,true
2026.04.06 11:05:00,SHORT,ASIA_HIGH|20260406,SSRP|ASIA_HIGH|20260406|1775473200,SSRP|ASIA_HIGH|20260406|1775473200|FINAL,SSRP|ASIA_HIGH|20260406|1775473200|FINAL,4684.82,4684.82,4694.82,4694.82,4664.82,4664.82,true
2026.04.06 14:40:00,SHORT,ASIA_HIGH|20260406,SSRP|ASIA_HIGH|20260406|1775486100,SSRP|ASIA_HIGH|20260406|1775486100|FINAL,SSRP|ASIA_HIGH|20260406|1775486100|FINAL,4685.47,4685.47,4694.88,4694.88,4666.65,4666.65,true
2026.04.06 14:45:00,SHORT,ASIA_HIGH|20260406,SSRP|ASIA_HIGH|20260406|1775486400,SSRP|ASIA_HIGH|20260406|1775486400|FINAL,SSRP|ASIA_HIGH|20260406|1775486400|FINAL,4682.94,4682.94,4694.88,4694.88,4659.06,4659.06,true
2026.04.06 17:05:00,SHORT,ASIA_HIGH|20260406,SSRP|ASIA_HIGH|20260406|1775494800,SSRP|ASIA_HIGH|20260406|1775494800|FINAL,SSRP|ASIA_HIGH|20260406|1775494800|FINAL,4671.09,4671.09,4691.46,4691.46,4630.34,4630.34,true
2026.04.06 17:35:00,SHORT,ASIA_HIGH|20260406,SSRP|ASIA_HIGH|20260406|1775496600,SSRP|ASIA_HIGH|20260406|1775496600|FINAL,SSRP|ASIA_HIGH|20260406|1775496600|FINAL,4684.14,4684.14,4698.21,4698.21,4656.00,4656.00,true
2026.04.06 17:40:00,SHORT,ASIA_HIGH|20260406,SSRP|ASIA_HIGH|20260406|1775496900,SSRP|ASIA_HIGH|20260406|1775496900|FINAL,SSRP|ASIA_HIGH|20260406|1775496900|FINAL,4684.44,4684.44,4698.19,4698.19,4656.94,4656.94,true
2026.04.06 17:45:00,SHORT,ASIA_HIGH|20260406,SSRP|ASIA_HIGH|20260406|1775497200,SSRP|ASIA_HIGH|20260406|1775497200|FINAL,SSRP|ASIA_HIGH|20260406|1775497200|FINAL,4678.60,4678.60,4692.73,4692.73,4650.33,4650.33,true
2026.04.06 18:00:00,SHORT,ASIA_HIGH|20260406,SSRP|ASIA_HIGH|20260406|1775498100,SSRP|ASIA_HIGH|20260406|1775498100|FINAL,SSRP|ASIA_HIGH|20260406|1775498100|FINAL,4672.24,4672.24,4689.21,4689.21,4638.29,4638.29,true
2026.04.07 12:40:00,SHORT,ASIA_HIGH|20260407,SSRP|ASIA_HIGH|20260407|1775565300,SSRP|ASIA_HIGH|20260407|1775565300|FINAL,SSRP|ASIA_HIGH|20260407|1775565300|FINAL,4667.16,4667.16,4684.66,4684.66,4632.16,4632.16,true
2026.04.07 12:45:00,SHORT,ASIA_HIGH|20260407,SSRP|ASIA_HIGH|20260407|1775565600,SSRP|ASIA_HIGH|20260407|1775565600|FINAL,SSRP|ASIA_HIGH|20260407|1775565600|FINAL,4666.70,4666.70,4677.19,4677.19,4645.73,4645.73,true
2026.04.07 13:30:00,SHORT,ASIA_HIGH|20260407,SSRP|ASIA_HIGH|20260407|1775567700,SSRP|ASIA_HIGH|20260407|1775567700|FINAL,SSRP|ASIA_HIGH|20260407|1775567700|FINAL,4667.30,4667.30,4681.18,4681.18,4639.54,4639.54,true
2026.04.07 13:35:00,SHORT,ASIA_HIGH|20260407,SSRP|ASIA_HIGH|20260407|1775568600,SSRP|ASIA_HIGH|20260407|1775568600|FINAL,SSRP|ASIA_HIGH|20260407|1775568600|FINAL,4663.55,4663.55,4672.50,4672.50,4645.65,4645.65,true
2026.04.07 13:40:00,SHORT,ASIA_HIGH|20260407,SSRP|ASIA_HIGH|20260407|1775568900,SSRP|ASIA_HIGH|20260407|1775568900|FINAL,SSRP|ASIA_HIGH|20260407|1775568900|FINAL,4662.31,4662.31,4670.86,4670.86,4645.22,4645.22,true
2026.04.07 15:25:00,SHORT,ASIA_HIGH|20260407,SSRP|ASIA_HIGH|20260407|1775575200,SSRP|ASIA_HIGH|20260407|1775575200|FINAL,SSRP|ASIA_HIGH|20260407|1775575200|FINAL,4666.01,4666.01,4671.14,4671.14,4655.75,4655.75,true
2026.04.07 17:10:00,LONG,ASIA_LOW|20260407,SSRP|ASIA_LOW|20260407|1775581500,SSRP|ASIA_LOW|20260407|1775581500|FINAL,SSRP|ASIA_LOW|20260407|1775581500|FINAL,4622.06,4622.06,4607.03,4607.03,4652.13,4652.13,true
2026.04.07 17:20:00,LONG,ASIA_LOW|20260407,SSRP|ASIA_LOW|20260407|1775581800,SSRP|ASIA_LOW|20260407|1775581800|FINAL,SSRP|ASIA_LOW|20260407|1775581800|FINAL,4642.41,4642.41,4609.13,4609.13,4708.97,4708.97,true
2026.04.07 20:15:00,SHORT,ASIA_HIGH|20260407,SSRP|ASIA_HIGH|20260407|1775592300,SSRP|ASIA_HIGH|20260407|1775592300|FINAL,SSRP|ASIA_HIGH|20260407|1775592300|FINAL,4656.53,4656.53,4673.57,4673.57,4622.44,4622.44,true
2026.04.07 21:50:00,SHORT,ASIA_HIGH|20260407,SSRP|ASIA_HIGH|20260407|1775598300,SSRP|ASIA_HIGH|20260407|1775598300|FINAL,SSRP|ASIA_HIGH|20260407|1775598300|FINAL,4664.89,4664.89,4680.46,4680.46,4633.75,4633.75,true
2026.04.07 21:55:00,SHORT,ASIA_HIGH|20260407,SSRP|ASIA_HIGH|20260407|1775598600,SSRP|ASIA_HIGH|20260407|1775598600|FINAL,SSRP|ASIA_HIGH|20260407|1775598600|FINAL,4662.29,4662.29,4674.86,4674.86,4637.14,4637.14,true
2026.04.08 22:10:00,LONG,ASIA_LOW|20260408,SSRP|ASIA_LOW|20260408|1775685900,SSRP|ASIA_LOW|20260408|1775685900|FINAL,SSRP|ASIA_LOW|20260408|1775685900|FINAL,4715.60,4715.60,4698.88,4698.88,4749.03,4749.03,true
2026.04.08 22:30:00,LONG,ASIA_LOW|20260408,SSRP|ASIA_LOW|20260408|1775687100,SSRP|ASIA_LOW|20260408|1775687100|FINAL,SSRP|ASIA_LOW|20260408|1775687100|FINAL,4716.91,4716.91,4707.13,4707.13,4736.47,4736.47,true
2026.04.08 22:35:00,LONG,ASIA_LOW|20260408,SSRP|ASIA_LOW|20260408|1775687400,SSRP|ASIA_LOW|20260408|1775687400|FINAL,SSRP|ASIA_LOW|20260408|1775687400|FINAL,4723.97,4723.97,4707.70,4707.70,4756.51,4756.51,true
2026.04.10 11:55:00,LONG,ASIA_LOW|20260410,SSRP|ASIA_LOW|20260410|1775821500,SSRP|ASIA_LOW|20260410|1775821500|FINAL,SSRP|ASIA_LOW|20260410|1775821500|FINAL,4740.84,4740.84,4730.26,4730.26,4762.00,4762.00,true
2026.04.10 12:00:00,LONG,ASIA_LOW|20260410,SSRP|ASIA_LOW|20260410|1775822100,SSRP|ASIA_LOW|20260410|1775822100|FINAL,SSRP|ASIA_LOW|20260410|1775822100|FINAL,4744.43,4744.43,4734.42,4734.42,4764.46,4764.46,true
2026.04.10 17:40:00,SHORT,ASIA_HIGH|20260410,SSRP|ASIA_HIGH|20260410|1775842500,SSRP|ASIA_HIGH|20260410|1775842500|FINAL,SSRP|ASIA_HIGH|20260410|1775842500|FINAL,4781.01,4781.01,4791.48,4791.48,4760.07,4760.07,true
2026.04.10 17:45:00,SHORT,ASIA_HIGH|20260410,SSRP|ASIA_HIGH|20260410|1775842800,SSRP|ASIA_HIGH|20260410|1775842800|FINAL,SSRP|ASIA_HIGH|20260410|1775842800|FINAL,4772.29,4772.29,4789.28,4789.28,4738.32,4738.32,true
2026.04.10 17:50:00,SHORT,ASIA_HIGH|20260410,SSRP|ASIA_HIGH|20260410|1775843100,SSRP|ASIA_HIGH|20260410|1775843100|FINAL,SSRP|ASIA_HIGH|20260410|1775843100|FINAL,4774.53,4774.53,4783.73,4783.73,4756.12,4756.12,true
2026.04.10 18:25:00,SHORT,ASIA_HIGH|20260410,SSRP|ASIA_HIGH|20260410|1775845200,SSRP|ASIA_HIGH|20260410|1775845200|FINAL,SSRP|ASIA_HIGH|20260410|1775845200|FINAL,4776.14,4776.14,4787.71,4787.71,4753.01,4753.01,true
2026.04.10 18:30:00,SHORT,ASIA_HIGH|20260410,SSRP|ASIA_HIGH|20260410|1775845500,SSRP|ASIA_HIGH|20260410|1775845500|FINAL,SSRP|ASIA_HIGH|20260410|1775845500|FINAL,4774.76,4774.76,4786.58,4786.58,4751.12,4751.12,true
2026.04.13 09:00:00,SHORT,ASIA_HIGH|20260413,SSRP|ASIA_HIGH|20260413|1776070500,SSRP|ASIA_HIGH|20260413|1776070500|FINAL,SSRP|ASIA_HIGH|20260413|1776070500|FINAL,4726.22,4726.22,4730.98,4730.98,4716.70,4716.70,true
2026.04.13 09:05:00,SHORT,ASIA_HIGH|20260413,SSRP|ASIA_HIGH|20260413|1776070800,SSRP|ASIA_HIGH|20260413|1776070800|FINAL,SSRP|ASIA_HIGH|20260413|1776070800|FINAL,4727.96,4727.96,4729.90,4729.90,4724.07,4724.07,true
2026.04.13 09:10:00,SHORT,ASIA_HIGH|20260413,SSRP|ASIA_HIGH|20260413|1776071100,SSRP|ASIA_HIGH|20260413|1776071100|FINAL,SSRP|ASIA_HIGH|20260413|1776071100|FINAL,4726.36,4726.36,4729.72,4729.72,4719.63,4719.63,true
2026.04.13 09:20:00,SHORT,ASIA_HIGH|20260413,SSRP|ASIA_HIGH|20260413|1776071400,SSRP|ASIA_HIGH|20260413|1776071400|FINAL,SSRP|ASIA_HIGH|20260413|1776071400|FINAL,4727.33,4727.33,4732.20,4732.20,4717.60,4717.60,true
2026.04.13 09:35:00,SHORT,ASIA_HIGH|20260413,SSRP|ASIA_HIGH|20260413|1776072300,SSRP|ASIA_HIGH|20260413|1776072300|FINAL,SSRP|ASIA_HIGH|20260413|1776072300|FINAL,4727.00,4727.00,4732.95,4732.95,4715.10,4715.10,true
2026.04.13 09:40:00,SHORT,ASIA_HIGH|20260413,SSRP|ASIA_HIGH|20260413|1776072900,SSRP|ASIA_HIGH|20260413|1776072900|FINAL,SSRP|ASIA_HIGH|20260413|1776072900|FINAL,4726.45,4726.45,4731.40,4731.40,4716.54,4716.54,true
2026.04.13 10:05:00,SHORT,ASIA_HIGH|20260413,SSRP|ASIA_HIGH|20260413|1776074400,SSRP|ASIA_HIGH|20260413|1776074400|FINAL,SSRP|ASIA_HIGH|20260413|1776074400|FINAL,4726.80,4726.80,4739.09,4739.09,4702.23,4702.23,true
2026.04.13 11:40:00,SHORT,ASIA_HIGH|20260413,SSRP|ASIA_HIGH|20260413|1776079800,SSRP|ASIA_HIGH|20260413|1776079800|FINAL,SSRP|ASIA_HIGH|20260413|1776079800|FINAL,4721.46,4721.46,4736.66,4736.66,4691.06,4691.06,true
2026.04.13 11:50:00,SHORT,ASIA_HIGH|20260413,SSRP|ASIA_HIGH|20260413|1776080400,SSRP|ASIA_HIGH|20260413|1776080400|FINAL,SSRP|ASIA_HIGH|20260413|1776080400|FINAL,4725.09,4725.09,4730.47,4730.47,4714.33,4714.33,true
2026.04.13 14:10:00,SHORT,ASIA_HIGH|20260413,SSRP|ASIA_HIGH|20260413|1776089100,SSRP|ASIA_HIGH|20260413|1776089100|FINAL,SSRP|ASIA_HIGH|20260413|1776089100|FINAL,4721.52,4721.52,4729.43,4729.43,4705.70,4705.70,true
2026.04.13 16:35:00,SHORT,ASIA_HIGH|20260413,SSRP|ASIA_HIGH|20260413|1776097800,SSRP|ASIA_HIGH|20260413|1776097800|FINAL,SSRP|ASIA_HIGH|20260413|1776097800|FINAL,4727.54,4727.54,4737.71,4737.71,4707.21,4707.21,true
2026.04.13 16:40:00,SHORT,ASIA_HIGH|20260413,SSRP|ASIA_HIGH|20260413|1776098100,SSRP|ASIA_HIGH|20260413|1776098100|FINAL,SSRP|ASIA_HIGH|20260413|1776098100|FINAL,4726.93,4726.93,4735.11,4735.11,4710.56,4710.56,true
2026.04.13 16:50:00,SHORT,ASIA_HIGH|20260413,SSRP|ASIA_HIGH|20260413|1776098700,SSRP|ASIA_HIGH|20260413|1776098700|FINAL,SSRP|ASIA_HIGH|20260413|1776098700|FINAL,4726.46,4726.46,4745.39,4745.39,4688.61,4688.61,true
2026.04.13 17:00:00,SHORT,ASIA_HIGH|20260413,SSRP|ASIA_HIGH|20260413|1776099000,SSRP|ASIA_HIGH|20260413|1776099000|FINAL,SSRP|ASIA_HIGH|20260413|1776099000|FINAL,4724.30,4724.30,4745.41,4745.41,4682.07,4682.07,true
2026.04.13 17:05:00,SHORT,ASIA_HIGH|20260413,SSRP|ASIA_HIGH|20260413|1776099600,SSRP|ASIA_HIGH|20260413|1776099600|FINAL,SSRP|ASIA_HIGH|20260413|1776099600|FINAL,4725.23,4725.23,4731.81,4731.81,4712.07,4712.07,true
2026.04.13 19:20:00,SHORT,ASIA_HIGH|20260413,SSRP|ASIA_HIGH|20260413|1776107700,SSRP|ASIA_HIGH|20260413|1776107700|FINAL,SSRP|ASIA_HIGH|20260413|1776107700|FINAL,4726.43,4726.43,4732.09,4732.09,4715.12,4715.12,true
2026.04.13 21:15:00,SHORT,ASIA_HIGH|20260413,SSRP|ASIA_HIGH|20260413|1776114000,SSRP|ASIA_HIGH|20260413|1776114000|FINAL,SSRP|ASIA_HIGH|20260413|1776114000|FINAL,4724.85,4724.85,4733.29,4733.29,4707.96,4707.96,true
2026.04.13 21:25:00,SHORT,ASIA_HIGH|20260413,SSRP|ASIA_HIGH|20260413|1776114900,SSRP|ASIA_HIGH|20260413|1776114900|FINAL,SSRP|ASIA_HIGH|20260413|1776114900|FINAL,4727.33,4727.33,4731.44,4731.44,4719.11,4719.11,true
2026.04.14 10:20:00,SHORT,ASIA_HIGH|20260414,SSRP|ASIA_HIGH|20260414|1776161700,SSRP|ASIA_HIGH|20260414|1776161700|FINAL,SSRP|ASIA_HIGH|20260414|1776161700|FINAL,4772.79,4772.79,4791.78,4791.78,4734.82,4734.82,true
2026.04.14 10:25:00,SHORT,ASIA_HIGH|20260414,SSRP|ASIA_HIGH|20260414|1776162000,SSRP|ASIA_HIGH|20260414|1776162000|FINAL,SSRP|ASIA_HIGH|20260414|1776162000|FINAL,4772.65,4772.65,4787.43,4787.43,4743.09,4743.09,true
2026.04.14 10:50:00,SHORT,ASIA_HIGH|20260414,SSRP|ASIA_HIGH|20260414|1776163200,SSRP|ASIA_HIGH|20260414|1776163200|FINAL,SSRP|ASIA_HIGH|20260414|1776163200|FINAL,4775.43,4775.43,4781.08,4781.08,4764.13,4764.13,true
2026.04.14 12:30:00,SHORT,ASIA_HIGH|20260414,SSRP|ASIA_HIGH|20260414|1776169200,SSRP|ASIA_HIGH|20260414|1776169200|FINAL,SSRP|ASIA_HIGH|20260414|1776169200|FINAL,4774.42,4774.42,4789.58,4789.58,4744.10,4744.10,true
2026.04.14 12:45:00,SHORT,ASIA_HIGH|20260414,SSRP|ASIA_HIGH|20260414|1776169800,SSRP|ASIA_HIGH|20260414|1776169800|FINAL,SSRP|ASIA_HIGH|20260414|1776169800|FINAL,4776.16,4776.16,4779.84,4779.84,4768.79,4768.79,true
2026.04.14 13:35:00,SHORT,ASIA_HIGH|20260414,SSRP|ASIA_HIGH|20260414|1776173400,SSRP|ASIA_HIGH|20260414|1776173400|FINAL,SSRP|ASIA_HIGH|20260414|1776173400|FINAL,4763.16,4763.16,4784.93,4784.93,4719.63,4719.63,true
2026.04.14 13:40:00,SHORT,ASIA_HIGH|20260414,SSRP|ASIA_HIGH|20260414|1776173700,SSRP|ASIA_HIGH|20260414|1776173700|FINAL,SSRP|ASIA_HIGH|20260414|1776173700|FINAL,4767.49,4767.49,4784.77,4784.77,4732.93,4732.93,true
2026.04.14 14:30:00,SHORT,ASIA_HIGH|20260414,SSRP|ASIA_HIGH|20260414|1776176400,SSRP|ASIA_HIGH|20260414|1776176400|FINAL,SSRP|ASIA_HIGH|20260414|1776176400|FINAL,4774.02,4774.02,4783.31,4783.31,4755.43,4755.43,true
2026.04.14 14:45:00,SHORT,ASIA_HIGH|20260414,SSRP|ASIA_HIGH|20260414|1776177000,SSRP|ASIA_HIGH|20260414|1776177000|FINAL,SSRP|ASIA_HIGH|20260414|1776177000|FINAL,4775.60,4775.60,4780.22,4780.22,4766.37,4766.37,true
2026.04.14 14:50:00,SHORT,ASIA_HIGH|20260414,SSRP|ASIA_HIGH|20260414|1776177900,SSRP|ASIA_HIGH|20260414|1776177900|FINAL,SSRP|ASIA_HIGH|20260414|1776177900|FINAL,4773.50,4773.50,4779.26,4779.26,4761.98,4761.98,true
2026.04.14 15:00:00,SHORT,ASIA_HIGH|20260414,SSRP|ASIA_HIGH|20260414|1776178500,SSRP|ASIA_HIGH|20260414|1776178500|FINAL,SSRP|ASIA_HIGH|20260414|1776178500|FINAL,4774.60,4774.60,4783.28,4783.28,4757.23,4757.23,true
2026.04.15 08:45:00,LONG,ASIA_LOW|20260415,SSRP|ASIA_LOW|20260415|1776242100,SSRP|ASIA_LOW|20260415|1776242100|FINAL,SSRP|ASIA_LOW|20260415|1776242100|FINAL,4817.38,4817.38,4812.29,4812.29,4827.57,4827.57,true
2026.04.15 08:50:00,LONG,ASIA_LOW|20260415,SSRP|ASIA_LOW|20260415|1776242700,SSRP|ASIA_LOW|20260415|1776242700|FINAL,SSRP|ASIA_LOW|20260415|1776242700|FINAL,4821.48,4821.48,4814.01,4814.01,4836.42,4836.42,true
2026.04.15 08:55:00,LONG,ASIA_LOW|20260415,SSRP|ASIA_LOW|20260415|1776243000,SSRP|ASIA_LOW|20260415|1776243000|FINAL,SSRP|ASIA_LOW|20260415|1776243000|FINAL,4819.74,4819.74,4814.95,4814.95,4829.32,4829.32,true
2026.04.15 09:45:00,LONG,ASIA_LOW|20260415,SSRP|ASIA_LOW|20260415|1776245400,SSRP|ASIA_LOW|20260415|1776245400|FINAL,SSRP|ASIA_LOW|20260415|1776245400|FINAL,4820.12,4820.12,4810.92,4810.92,4838.52,4838.52,true
2026.04.15 11:55:00,LONG,ASIA_LOW|20260415,SSRP|ASIA_LOW|20260415|1776253800,SSRP|ASIA_LOW|20260415|1776253800|FINAL,SSRP|ASIA_LOW|20260415|1776253800|FINAL,4818.35,4818.35,4810.46,4810.46,4834.13,4834.13,true
2026.04.15 16:25:00,LONG,ASIA_LOW|20260415,SSRP|ASIA_LOW|20260415|1776269700,SSRP|ASIA_LOW|20260415|1776269700|FINAL,SSRP|ASIA_LOW|20260415|1776269700|FINAL,4821.74,4821.74,4809.99,4809.99,4845.25,4845.25,true
2026.04.15 16:40:00,LONG,ASIA_LOW|20260415,SSRP|ASIA_LOW|20260415|1776270900,SSRP|ASIA_LOW|20260415|1776270900|FINAL,SSRP|ASIA_LOW|20260415|1776270900|FINAL,4820.62,4820.62,4815.61,4815.61,4830.63,4830.63,true
2026.04.15 17:40:00,LONG,ASIA_LOW|20260415,SSRP|ASIA_LOW|20260415|1776274500,SSRP|ASIA_LOW|20260415|1776274500|FINAL,SSRP|ASIA_LOW|20260415|1776274500|FINAL,4819.34,4819.34,4815.16,4815.16,4827.70,4827.70,true
2026.04.16 08:10:00,SHORT,ASIA_HIGH|20260416,SSRP|ASIA_HIGH|20260416|1776326700,SSRP|ASIA_HIGH|20260416|1776326700|FINAL,SSRP|ASIA_HIGH|20260416|1776326700|FINAL,4834.51,4834.51,4838.56,4838.56,4826.41,4826.41,true
2026.04.16 17:00:00,LONG,ASIA_LOW|20260416,SSRP|ASIA_LOW|20260416|1776358500,SSRP|ASIA_LOW|20260416|1776358500|FINAL,SSRP|ASIA_LOW|20260416|1776358500|FINAL,4792.28,4792.28,4783.73,4783.73,4809.38,4809.38,true
2026.04.16 17:05:00,LONG,ASIA_LOW|20260416,SSRP|ASIA_LOW|20260416|1776358800,SSRP|ASIA_LOW|20260416|1776358800|FINAL,SSRP|ASIA_LOW|20260416|1776358800|FINAL,4799.58,4799.58,4784.85,4784.85,4829.05,4829.05,true
2026.04.16 17:10:00,LONG,ASIA_LOW|20260416,SSRP|ASIA_LOW|20260416|1776359100,SSRP|ASIA_LOW|20260416|1776359100|FINAL,SSRP|ASIA_LOW|20260416|1776359100|FINAL,4800.80,4800.80,4784.85,4784.85,4832.70,4832.70,true
2026.04.16 18:00:00,LONG,ASIA_LOW|20260416,SSRP|ASIA_LOW|20260416|1776361200,SSRP|ASIA_LOW|20260416|1776361200|FINAL,SSRP|ASIA_LOW|20260416|1776361200|FINAL,4800.71,4800.71,4772.13,4772.13,4857.87,4857.87,true
2026.04.16 18:05:00,LONG,ASIA_LOW|20260416,SSRP|ASIA_LOW|20260416|1776362400,SSRP|ASIA_LOW|20260416|1776362400|FINAL,SSRP|ASIA_LOW|20260416|1776362400|FINAL,4808.11,4808.11,4787.91,4787.91,4848.52,4848.52,true
2026.04.16 19:35:00,LONG,ASIA_LOW|20260416,SSRP|ASIA_LOW|20260416|1776367800,SSRP|ASIA_LOW|20260416|1776367800|FINAL,SSRP|ASIA_LOW|20260416|1776367800|FINAL,4796.21,4796.21,4786.32,4786.32,4815.99,4815.99,true
2026.04.16 19:55:00,LONG,ASIA_LOW|20260416,SSRP|ASIA_LOW|20260416|1776368700,SSRP|ASIA_LOW|20260416|1776368700|FINAL,SSRP|ASIA_LOW|20260416|1776368700|FINAL,4792.00,4792.00,4784.85,4784.85,4806.31,4806.31,true
2026.04.16 20:00:00,LONG,ASIA_LOW|20260416,SSRP|ASIA_LOW|20260416|1776369300,SSRP|ASIA_LOW|20260416|1776369300|FINAL,SSRP|ASIA_LOW|20260416|1776369300|FINAL,4792.23,4792.23,4789.57,4789.57,4797.55,4797.55,true
2026.04.16 20:05:00,LONG,ASIA_LOW|20260416,SSRP|ASIA_LOW|20260416|1776369600,SSRP|ASIA_LOW|20260416|1776369600|FINAL,SSRP|ASIA_LOW|20260416|1776369600|FINAL,4794.56,4794.56,4789.59,4789.59,4804.49,4804.49,true
2026.04.16 20:20:00,LONG,ASIA_LOW|20260416,SSRP|ASIA_LOW|20260416|1776370200,SSRP|ASIA_LOW|20260416|1776370200|FINAL,SSRP|ASIA_LOW|20260416|1776370200|FINAL,4792.89,4792.89,4788.48,4788.48,4801.72,4801.72,true
2026.04.16 22:05:00,LONG,ASIA_LOW|20260416,SSRP|ASIA_LOW|20260416|1776376800,SSRP|ASIA_LOW|20260416|1776376800|FINAL,SSRP|ASIA_LOW|20260416|1776376800|FINAL,4793.48,4793.48,4789.47,4789.47,4801.50,4801.50,true
2026.04.16 22:15:00,LONG,ASIA_LOW|20260416,SSRP|ASIA_LOW|20260416|1776377400,SSRP|ASIA_LOW|20260416|1776377400|FINAL,SSRP|ASIA_LOW|20260416|1776377400|FINAL,4793.11,4793.11,4789.43,4789.43,4800.47,4800.47,true
2026.04.16 22:20:00,LONG,ASIA_LOW|20260416,SSRP|ASIA_LOW|20260416|1776377700,SSRP|ASIA_LOW|20260416|1776377700|FINAL,SSRP|ASIA_LOW|20260416|1776377700|FINAL,4792.78,4792.78,4789.93,4789.93,4798.48,4798.48,true
2026.04.16 23:15:00,LONG,ASIA_LOW|20260416,SSRP|ASIA_LOW|20260416|1776380700,SSRP|ASIA_LOW|20260416|1776380700|FINAL,SSRP|ASIA_LOW|20260416|1776380700|FINAL,4791.37,4791.37,4789.96,4789.96,4794.18,4794.18,true
2026.04.17 08:15:00,SHORT,ASIA_HIGH|20260417,SSRP|ASIA_HIGH|20260417|1776412800,SSRP|ASIA_HIGH|20260417|1776412800|FINAL,SSRP|ASIA_HIGH|20260417|1776412800|FINAL,4803.56,4803.56,4806.34,4806.34,4798.01,4798.01,true
2026.04.17 08:25:00,SHORT,ASIA_HIGH|20260417,SSRP|ASIA_HIGH|20260417|1776413700,SSRP|ASIA_HIGH|20260417|1776413700|FINAL,SSRP|ASIA_HIGH|20260417|1776413700|FINAL,4803.61,4803.61,4805.53,4805.53,4799.77,4799.77,true
2026.04.17 08:30:00,SHORT,ASIA_HIGH|20260417,SSRP|ASIA_HIGH|20260417|1776414300,SSRP|ASIA_HIGH|20260417|1776414300|FINAL,SSRP|ASIA_HIGH|20260417|1776414300|FINAL,4798.54,4798.54,4805.63,4805.63,4784.37,4784.37,true
2026.04.17 08:35:00,SHORT,ASIA_HIGH|20260417,SSRP|ASIA_HIGH|20260417|1776414600,SSRP|ASIA_HIGH|20260417|1776414600|FINAL,SSRP|ASIA_HIGH|20260417|1776414600|FINAL,4799.61,4799.61,4805.64,4805.64,4787.56,4787.56,true
2026.04.17 14:50:00,SHORT,ASIA_HIGH|20260417,SSRP|ASIA_HIGH|20260417|1776437100,SSRP|ASIA_HIGH|20260417|1776437100|FINAL,SSRP|ASIA_HIGH|20260417|1776437100|FINAL,4801.44,4801.44,4812.18,4812.18,4779.96,4779.96,true
2026.04.17 14:55:00,SHORT,ASIA_HIGH|20260417,SSRP|ASIA_HIGH|20260417|1776437400,SSRP|ASIA_HIGH|20260417|1776437400|FINAL,SSRP|ASIA_HIGH|20260417|1776437400|FINAL,4799.23,4799.23,4807.19,4807.19,4783.31,4783.31,true
2026.04.17 15:05:00,SHORT,ASIA_HIGH|20260417,SSRP|ASIA_HIGH|20260417|1776438000,SSRP|ASIA_HIGH|20260417|1776438000|FINAL,SSRP|ASIA_HIGH|20260417|1776438000|FINAL,4804.08,4804.08,4805.81,4805.81,4800.63,4800.63,true
2026.04.17 15:10:00,SHORT,ASIA_HIGH|20260417,SSRP|ASIA_HIGH|20260417|1776438300,SSRP|ASIA_HIGH|20260417|1776438300|FINAL,SSRP|ASIA_HIGH|20260417|1776438300|FINAL,4803.74,4803.74,4805.80,4805.80,4799.63,4799.63,true
2026.04.20 15:20:00,SHORT,ASIA_HIGH|20260420,SSRP|ASIA_HIGH|20260420|1776698100,SSRP|ASIA_HIGH|20260420|1776698100|FINAL,SSRP|ASIA_HIGH|20260420|1776698100|FINAL,4813.94,4813.94,4822.35,4822.35,4797.12,4797.12,true
2026.04.20 15:25:00,SHORT,ASIA_HIGH|20260420,SSRP|ASIA_HIGH|20260420|1776698400,SSRP|ASIA_HIGH|20260420|1776698400|FINAL,SSRP|ASIA_HIGH|20260420|1776698400|FINAL,4805.86,4805.86,4822.37,4822.37,4772.84,4772.84,true
2026.04.20 17:05:00,SHORT,ASIA_HIGH|20260420,SSRP|ASIA_HIGH|20260420|1776703800,SSRP|ASIA_HIGH|20260420|1776703800|FINAL,SSRP|ASIA_HIGH|20260420|1776703800|FINAL,4812.77,4812.77,4823.32,4823.32,4791.66,4791.66,true
2026.04.20 17:45:00,SHORT,ASIA_HIGH|20260420,SSRP|ASIA_HIGH|20260420|1776706200,SSRP|ASIA_HIGH|20260420|1776706200|FINAL,SSRP|ASIA_HIGH|20260420|1776706200|FINAL,4813.41,4813.41,4828.19,4828.19,4783.85,4783.85,true
2026.04.20 21:15:00,SHORT,ASIA_HIGH|20260420,SSRP|ASIA_HIGH|20260420|1776719100,SSRP|ASIA_HIGH|20260420|1776719100|FINAL,SSRP|ASIA_HIGH|20260420|1776719100|FINAL,4813.67,4813.67,4816.35,4816.35,4808.31,4808.31,true
2026.04.20 21:20:00,SHORT,ASIA_HIGH|20260420,SSRP|ASIA_HIGH|20260420|1776719700,SSRP|ASIA_HIGH|20260420|1776719700|FINAL,SSRP|ASIA_HIGH|20260420|1776719700|FINAL,4813.54,4813.54,4816.04,4816.04,4808.54,4808.54,true
2026.04.20 21:25:00,SHORT,ASIA_HIGH|20260420,SSRP|ASIA_HIGH|20260420|1776720000,SSRP|ASIA_HIGH|20260420|1776720000|FINAL,SSRP|ASIA_HIGH|20260420|1776720000|FINAL,4813.47,4813.47,4815.64,4815.64,4809.13,4809.13,true
2026.04.20 21:35:00,SHORT,ASIA_HIGH|20260420,SSRP|ASIA_HIGH|20260420|1776720600,SSRP|ASIA_HIGH|20260420|1776720600|FINAL,SSRP|ASIA_HIGH|20260420|1776720600|FINAL,4812.22,4812.22,4815.74,4815.74,4805.18,4805.18,true
2026.04.20 21:55:00,SHORT,ASIA_HIGH|20260420,SSRP|ASIA_HIGH|20260420|1776720900,SSRP|ASIA_HIGH|20260420|1776720900|FINAL,SSRP|ASIA_HIGH|20260420|1776720900|FINAL,4814.19,4814.19,4816.94,4816.94,4808.68,4808.68,true
2026.04.20 22:35:00,SHORT,ASIA_HIGH|20260420,SSRP|ASIA_HIGH|20260420|1776723900,SSRP|ASIA_HIGH|20260420|1776723900|FINAL,SSRP|ASIA_HIGH|20260420|1776723900|FINAL,4811.13,4811.13,4818.91,4818.91,4795.57,4795.57,true
2026.04.20 22:40:00,SHORT,ASIA_HIGH|20260420,SSRP|ASIA_HIGH|20260420|1776724500,SSRP|ASIA_HIGH|20260420|1776724500|FINAL,SSRP|ASIA_HIGH|20260420|1776724500|FINAL,4811.57,4811.57,4815.28,4815.28,4804.16,4804.16,true
2026.04.20 23:10:00,SHORT,ASIA_HIGH|20260420,SSRP|ASIA_HIGH|20260420|1776726000,SSRP|ASIA_HIGH|20260420|1776726000|FINAL,SSRP|ASIA_HIGH|20260420|1776726000|FINAL,4813.51,4813.51,4817.02,4817.02,4806.48,4806.48,true
2026.04.20 23:30:00,SHORT,ASIA_HIGH|20260420,SSRP|ASIA_HIGH|20260420|1776727500,SSRP|ASIA_HIGH|20260420|1776727500|FINAL,SSRP|ASIA_HIGH|20260420|1776727500|FINAL,4814.07,4814.07,4817.22,4817.22,4807.78,4807.78,true
2026.04.21 08:05:00,LONG,ASIA_LOW|20260421,SSRP|ASIA_LOW|20260421|1776758400,SSRP|ASIA_LOW|20260421|1776758400|FINAL,SSRP|ASIA_LOW|20260421|1776758400|FINAL,4790.02,4790.02,4785.73,4785.73,4798.61,4798.61,true
2026.04.21 08:30:00,LONG,ASIA_LOW|20260421,SSRP|ASIA_LOW|20260421|1776759600,SSRP|ASIA_LOW|20260421|1776759600|FINAL,SSRP|ASIA_LOW|20260421|1776759600|FINAL,4792.07,4792.07,4785.84,4785.84,4804.53,4804.53,true
2026.04.21 08:35:00,LONG,ASIA_LOW|20260421,SSRP|ASIA_LOW|20260421|1776760200,SSRP|ASIA_LOW|20260421|1776760200|FINAL,SSRP|ASIA_LOW|20260421|1776760200|FINAL,4795.99,4795.99,4786.58,4786.58,4814.80,4814.80,true
2026.04.21 10:45:00,LONG,ASIA_LOW|20260421,SSRP|ASIA_LOW|20260421|1776767700,SSRP|ASIA_LOW|20260421|1776767700|FINAL,SSRP|ASIA_LOW|20260421|1776767700|FINAL,4790.42,4790.42,4780.71,4780.71,4809.84,4809.84,true
2026.04.21 10:50:00,LONG,ASIA_LOW|20260421,SSRP|ASIA_LOW|20260421|1776768300,SSRP|ASIA_LOW|20260421|1776768300|FINAL,SSRP|ASIA_LOW|20260421|1776768300|FINAL,4788.74,4788.74,4785.90,4785.90,4794.42,4794.42,true
2026.04.21 11:35:00,LONG,ASIA_LOW|20260421,SSRP|ASIA_LOW|20260421|1776770100,SSRP|ASIA_LOW|20260421|1776770100|FINAL,SSRP|ASIA_LOW|20260421|1776770100|FINAL,4788.49,4788.49,4774.99,4774.99,4815.49,4815.49,true
2026.04.21 11:40:00,LONG,ASIA_LOW|20260421,SSRP|ASIA_LOW|20260421|1776771300,SSRP|ASIA_LOW|20260421|1776771300|FINAL,SSRP|ASIA_LOW|20260421|1776771300|FINAL,4791.65,4791.65,4785.96,4785.96,4803.03,4803.03,true
2026.04.21 11:45:00,LONG,ASIA_LOW|20260421,SSRP|ASIA_LOW|20260421|1776771600,SSRP|ASIA_LOW|20260421|1776771600|FINAL,SSRP|ASIA_LOW|20260421|1776771600|FINAL,4789.74,4789.74,4786.77,4786.77,4795.68,4795.68,true
2026.04.21 13:50:00,LONG,ASIA_LOW|20260421,SSRP|ASIA_LOW|20260421|1776778200,SSRP|ASIA_LOW|20260421|1776778200|FINAL,SSRP|ASIA_LOW|20260421|1776778200|FINAL,4790.13,4790.13,4782.56,4782.56,4805.27,4805.27,true
2026.04.21 13:55:00,LONG,ASIA_LOW|20260421,SSRP|ASIA_LOW|20260421|1776779400,SSRP|ASIA_LOW|20260421|1776779400|FINAL,SSRP|ASIA_LOW|20260421|1776779400|FINAL,4789.68,4789.68,4786.51,4786.51,4796.02,4796.02,true
2026.04.21 14:35:00,LONG,ASIA_LOW|20260421,SSRP|ASIA_LOW|20260421|1776781500,SSRP|ASIA_LOW|20260421|1776781500|FINAL,SSRP|ASIA_LOW|20260421|1776781500|FINAL,4789.87,4789.87,4779.14,4779.14,4811.34,4811.34,true
2026.04.21 16:40:00,LONG,ASIA_LOW|20260421,SSRP|ASIA_LOW|20260421|1776789000,SSRP|ASIA_LOW|20260421|1776789000|FINAL,SSRP|ASIA_LOW|20260421|1776789000|FINAL,4789.02,4789.02,4769.72,4769.72,4827.62,4827.62,true
2026.04.21 16:45:00,LONG,ASIA_LOW|20260421,SSRP|ASIA_LOW|20260421|1776789600,SSRP|ASIA_LOW|20260421|1776789600|FINAL,SSRP|ASIA_LOW|20260421|1776789600|FINAL,4788.99,4788.99,4783.84,4783.84,4799.28,4799.28,true
2026.04.21 16:50:00,LONG,ASIA_LOW|20260421,SSRP|ASIA_LOW|20260421|1776789900,SSRP|ASIA_LOW|20260421|1776789900|FINAL,SSRP|ASIA_LOW|20260421|1776789900|FINAL,4789.26,4789.26,4785.46,4785.46,4796.87,4796.87,true
2026.04.22 09:00:00,SHORT,ASIA_HIGH|20260422,SSRP|ASIA_HIGH|20260422|1776848100,SSRP|ASIA_HIGH|20260422|1776848100|FINAL,SSRP|ASIA_HIGH|20260422|1776848100|FINAL,4759.45,4759.45,4769.26,4769.26,4739.83,4739.83,true
2026.04.22 09:05:00,SHORT,ASIA_HIGH|20260422,SSRP|ASIA_HIGH|20260422|1776848400,SSRP|ASIA_HIGH|20260422|1776848400|FINAL,SSRP|ASIA_HIGH|20260422|1776848400|FINAL,4760.66,4760.66,4767.91,4767.91,4746.17,4746.17,true
2026.04.22 09:40:00,SHORT,ASIA_HIGH|20260422,SSRP|ASIA_HIGH|20260422|1776849900,SSRP|ASIA_HIGH|20260422|1776849900|FINAL,SSRP|ASIA_HIGH|20260422|1776849900|FINAL,4763.86,4763.86,4768.13,4768.13,4755.33,4755.33,true
2026.04.22 10:15:00,SHORT,ASIA_HIGH|20260422,SSRP|ASIA_HIGH|20260422|1776852300,SSRP|ASIA_HIGH|20260422|1776852300|FINAL,SSRP|ASIA_HIGH|20260422|1776852300|FINAL,4763.84,4763.84,4772.45,4772.45,4746.63,4746.63,true
2026.04.22 10:30:00,SHORT,ASIA_HIGH|20260422,SSRP|ASIA_HIGH|20260422|1776852900,SSRP|ASIA_HIGH|20260422|1776852900|FINAL,SSRP|ASIA_HIGH|20260422|1776852900|FINAL,4764.44,4764.44,4768.13,4768.13,4757.06,4757.06,true
2026.04.22 10:40:00,SHORT,ASIA_HIGH|20260422,SSRP|ASIA_HIGH|20260422|1776853800,SSRP|ASIA_HIGH|20260422|1776853800|FINAL,SSRP|ASIA_HIGH|20260422|1776853800|FINAL,4763.85,4763.85,4766.87,4766.87,4757.81,4757.81,true
2026.04.23 08:35:00,LONG,ASIA_LOW|20260423,SSRP|ASIA_LOW|20260423|1776933000,SSRP|ASIA_LOW|20260423|1776933000|FINAL,SSRP|ASIA_LOW|20260423|1776933000|FINAL,4702.99,4702.99,4691.75,4691.75,4725.48,4725.48,true
2026.04.23 13:55:00,LONG,ASIA_LOW|20260423,SSRP|ASIA_LOW|20260423|1776951900,SSRP|ASIA_LOW|20260423|1776951900|FINAL,SSRP|ASIA_LOW|20260423|1776951900|FINAL,4696.51,4696.51,4689.15,4689.15,4711.24,4711.24,true
2026.04.23 14:00:00,LONG,ASIA_LOW|20260423,SSRP|ASIA_LOW|20260423|1776952500,SSRP|ASIA_LOW|20260423|1776952500|FINAL,SSRP|ASIA_LOW|20260423|1776952500|FINAL,4698.49,4698.49,4690.79,4690.79,4713.88,4713.88,true
2026.04.23 20:50:00,LONG,ASIA_LOW|20260423,SSRP|ASIA_LOW|20260423|1776977100,SSRP|ASIA_LOW|20260423|1776977100|FINAL,SSRP|ASIA_LOW|20260423|1776977100|FINAL,4696.21,4696.21,4663.39,4663.39,4761.85,4761.85,true
2026.04.23 20:55:00,LONG,ASIA_LOW|20260423,SSRP|ASIA_LOW|20260423|1776977400,SSRP|ASIA_LOW|20260423|1776977400|FINAL,SSRP|ASIA_LOW|20260423|1776977400|FINAL,4709.22,4709.22,4677.82,4677.82,4772.02,4772.02,true
2026.04.23 22:15:00,LONG,ASIA_LOW|20260423,SSRP|ASIA_LOW|20260423|1776982200,SSRP|ASIA_LOW|20260423|1776982200|FINAL,SSRP|ASIA_LOW|20260423|1776982200|FINAL,4699.09,4699.09,4692.59,4692.59,4712.09,4712.09,true
2026.04.23 22:45:00,LONG,ASIA_LOW|20260423,SSRP|ASIA_LOW|20260423|1776983700,SSRP|ASIA_LOW|20260423|1776983700|FINAL,SSRP|ASIA_LOW|20260423|1776983700|FINAL,4696.73,4696.73,4689.38,4689.38,4711.43,4711.43,true
2026.04.23 22:50:00,LONG,ASIA_LOW|20260423,SSRP|ASIA_LOW|20260423|1776984300,SSRP|ASIA_LOW|20260423|1776984300|FINAL,SSRP|ASIA_LOW|20260423|1776984300|FINAL,4699.20,4699.20,4691.94,4691.94,4713.71,4713.71,true
2026.04.24 14:35:00,SHORT,ASIA_HIGH|20260424,SSRP|ASIA_HIGH|20260424|1777040700,SSRP|ASIA_HIGH|20260424|1777040700|FINAL,SSRP|ASIA_HIGH|20260424|1777040700|FINAL,4707.13,4707.13,4717.84,4717.84,4685.70,4685.70,true
2026.04.24 14:40:00,SHORT,ASIA_HIGH|20260424,SSRP|ASIA_HIGH|20260424|1777041300,SSRP|ASIA_HIGH|20260424|1777041300|FINAL,SSRP|ASIA_HIGH|20260424|1777041300|FINAL,4705.62,4705.62,4713.81,4713.81,4689.23,4689.23,true
2026.04.24 16:50:00,SHORT,ASIA_HIGH|20260424,SSRP|ASIA_HIGH|20260424|1777049100,SSRP|ASIA_HIGH|20260424|1777049100|FINAL,SSRP|ASIA_HIGH|20260424|1777049100|FINAL,4706.27,4706.27,4717.99,4717.99,4682.83,4682.83,true
2026.04.24 23:05:00,SHORT,ASIA_HIGH|20260424,SSRP|ASIA_HIGH|20260424|1777071300,SSRP|ASIA_HIGH|20260424|1777071300|FINAL,SSRP|ASIA_HIGH|20260424|1777071300|FINAL,4709.20,4709.20,4717.84,4717.84,4691.91,4691.91,true
2026.04.24 23:10:00,SHORT,ASIA_HIGH|20260424,SSRP|ASIA_HIGH|20260424|1777071900,SSRP|ASIA_HIGH|20260424|1777071900|FINAL,SSRP|ASIA_HIGH|20260424|1777071900|FINAL,4706.73,4706.73,4712.56,4712.56,4695.08,4695.08,true
2026.04.27 18:10:00,LONG,ASIA_LOW|20260427,SSRP|ASIA_LOW|20260427|1777312800,SSRP|ASIA_LOW|20260427|1777312800|FINAL,SSRP|ASIA_LOW|20260427|1777312800|FINAL,4674.63,4674.63,4667.00,4667.00,4689.88,4689.88,true
2026.04.27 18:15:00,LONG,ASIA_LOW|20260427,SSRP|ASIA_LOW|20260427|1777313400,SSRP|ASIA_LOW|20260427|1777313400|FINAL,SSRP|ASIA_LOW|20260427|1777313400|FINAL,4677.74,4677.74,4670.06,4670.06,4693.09,4693.09,true
2026.04.27 19:05:00,LONG,ASIA_LOW|20260427,SSRP|ASIA_LOW|20260427|1777315800,SSRP|ASIA_LOW|20260427|1777315800|FINAL,SSRP|ASIA_LOW|20260427|1777315800|FINAL,4672.78,4672.78,4667.15,4667.15,4684.04,4684.04,true
2026.04.27 19:10:00,LONG,ASIA_LOW|20260427,SSRP|ASIA_LOW|20260427|1777316700,SSRP|ASIA_LOW|20260427|1777316700|FINAL,SSRP|ASIA_LOW|20260427|1777316700|FINAL,4674.50,4674.50,4670.19,4670.19,4683.12,4683.12,true
2026.04.27 20:20:00,LONG,ASIA_LOW|20260427,SSRP|ASIA_LOW|20260427|1777320600,SSRP|ASIA_LOW|20260427|1777320600|FINAL,SSRP|ASIA_LOW|20260427|1777320600|FINAL,4674.34,4674.34,4667.90,4667.90,4687.22,4687.22,true
2026.04.27 20:25:00,LONG,ASIA_LOW|20260427,SSRP|ASIA_LOW|20260427|1777321200,SSRP|ASIA_LOW|20260427|1777321200|FINAL,SSRP|ASIA_LOW|20260427|1777321200|FINAL,4679.67,4679.67,4669.84,4669.84,4699.33,4699.33,true
2026.04.29 10:30:00,LONG,ASIA_LOW|20260429,SSRP|ASIA_LOW|20260429|1777458000,SSRP|ASIA_LOW|20260429|1777458000|FINAL,SSRP|ASIA_LOW|20260429|1777458000|FINAL,4577.82,4577.82,4569.17,4569.17,4595.12,4595.12,true
2026.04.29 12:15:00,LONG,ASIA_LOW|20260429,SSRP|ASIA_LOW|20260429|1777464300,SSRP|ASIA_LOW|20260429|1777464300|FINAL,SSRP|ASIA_LOW|20260429|1777464300|FINAL,4579.59,4579.59,4571.20,4571.20,4596.37,4596.37,true
2026.05.01 08:05:00,LONG,ASIA_LOW|20260501,SSRP|ASIA_LOW|20260501|1777622400,SSRP|ASIA_LOW|20260501|1777622400|FINAL,SSRP|ASIA_LOW|20260501|1777622400|FINAL,4612.64,4612.64,4607.32,4607.32,4623.28,4623.28,true
2026.05.01 16:50:00,LONG,ASIA_LOW|20260501,SSRP|ASIA_LOW|20260501|1777653900,SSRP|ASIA_LOW|20260501|1777653900|FINAL,SSRP|ASIA_LOW|20260501|1777653900|FINAL,4616.80,4616.80,4598.53,4598.53,4653.35,4653.35,true
2026.05.01 16:55:00,LONG,ASIA_LOW|20260501,SSRP|ASIA_LOW|20260501|1777654200,SSRP|ASIA_LOW|20260501|1777654200|FINAL,SSRP|ASIA_LOW|20260501|1777654200|FINAL,4625.93,4625.93,4598.92,4598.92,4679.95,4679.95,true
2026.05.01 17:05:00,SHORT,ASIA_HIGH|20260501,SSRP|ASIA_HIGH|20260501|1777654800,SSRP|ASIA_HIGH|20260501|1777654800|FINAL,SSRP|ASIA_HIGH|20260501|1777654800|FINAL,4634.61,4634.61,4642.79,4642.79,4618.24,4618.24,true
2026.05.01 17:40:00,SHORT,ASIA_HIGH|20260501,SSRP|ASIA_HIGH|20260501|1777656600,SSRP|ASIA_HIGH|20260501|1777656600|FINAL,SSRP|ASIA_HIGH|20260501|1777656600|FINAL,4633.40,4633.40,4646.90,4646.90,4606.41,4606.41,true
2026.05.01 17:45:00,SHORT,ASIA_HIGH|20260501,SSRP|ASIA_HIGH|20260501|1777657200,SSRP|ASIA_HIGH|20260501|1777657200|FINAL,SSRP|ASIA_HIGH|20260501|1777657200|FINAL,4630.90,4630.90,4640.53,4640.53,4611.63,4611.63,true
2026.05.01 20:20:00,SHORT,ASIA_HIGH|20260501,SSRP|ASIA_HIGH|20260501|1777666200,SSRP|ASIA_HIGH|20260501|1777666200|FINAL,SSRP|ASIA_HIGH|20260501|1777666200|FINAL,4635.52,4635.52,4640.54,4640.54,4625.48,4625.48,true
2026.05.01 20:25:00,SHORT,ASIA_HIGH|20260501,SSRP|ASIA_HIGH|20260501|1777666800,SSRP|ASIA_HIGH|20260501|1777666800|FINAL,SSRP|ASIA_HIGH|20260501|1777666800|FINAL,4631.94,4631.94,4639.25,4639.25,4617.33,4617.33,true
2026.05.01 23:05:00,LONG,ASIA_LOW|20260501,SSRP|ASIA_LOW|20260501|1777676400,SSRP|ASIA_LOW|20260501|1777676400|FINAL,SSRP|ASIA_LOW|20260501|1777676400|FINAL,4610.25,4610.25,4607.08,4607.08,4616.59,4616.59,true
2026.05.01 23:10:00,LONG,ASIA_LOW|20260501,SSRP|ASIA_LOW|20260501|1777676700,SSRP|ASIA_LOW|20260501|1777676700|FINAL,SSRP|ASIA_LOW|20260501|1777676700|FINAL,4611.16,4611.16,4607.09,4607.09,4619.31,4619.31,true
2026.05.04 09:10:00,LONG,ASIA_LOW|20260504,SSRP|ASIA_LOW|20260504|1777885500,SSRP|ASIA_LOW|20260504|1777885500|FINAL,SSRP|ASIA_LOW|20260504|1777885500|FINAL,4597.24,4597.24,4587.47,4587.47,4616.78,4616.78,true
2026.05.04 10:10:00,LONG,ASIA_LOW|20260504,SSRP|ASIA_LOW|20260504|1777887600,SSRP|ASIA_LOW|20260504|1777887600|FINAL,SSRP|ASIA_LOW|20260504|1777887600|FINAL,4592.21,4592.21,4583.45,4583.45,4609.74,4609.74,true
2026.05.05 08:40:00,SHORT,ASIA_HIGH|20260505,SSRP|ASIA_HIGH|20260505|1777970100,SSRP|ASIA_HIGH|20260505|1777970100|FINAL,SSRP|ASIA_HIGH|20260505|1777970100|FINAL,4546.07,4546.07,4551.88,4551.88,4534.45,4534.45,true
2026.05.05 08:50:00,SHORT,ASIA_HIGH|20260505,SSRP|ASIA_HIGH|20260505|1777970400,SSRP|ASIA_HIGH|20260505|1777970400|FINAL,SSRP|ASIA_HIGH|20260505|1777970400|FINAL,4545.27,4545.27,4551.89,4551.89,4532.03,4532.03,true
2026.05.05 08:55:00,SHORT,ASIA_HIGH|20260505,SSRP|ASIA_HIGH|20260505|1777971000,SSRP|ASIA_HIGH|20260505|1777971000|FINAL,SSRP|ASIA_HIGH|20260505|1777971000|FINAL,4545.69,4545.69,4549.20,4549.20,4538.66,4538.66,true
2026.05.05 09:05:00,SHORT,ASIA_HIGH|20260505,SSRP|ASIA_HIGH|20260505|1777971600,SSRP|ASIA_HIGH|20260505|1777971600|FINAL,SSRP|ASIA_HIGH|20260505|1777971600|FINAL,4544.01,4544.01,4552.45,4552.45,4527.12,4527.12,true
2026.05.05 09:40:00,SHORT,ASIA_HIGH|20260505,SSRP|ASIA_HIGH|20260505|1777973700,SSRP|ASIA_HIGH|20260505|1777973700|FINAL,SSRP|ASIA_HIGH|20260505|1777973700|FINAL,4546.50,4546.50,4549.75,4549.75,4540.01,4540.01,true
2026.05.05 10:45:00,SHORT,ASIA_HIGH|20260505,SSRP|ASIA_HIGH|20260505|1777977600,SSRP|ASIA_HIGH|20260505|1777977600|FINAL,SSRP|ASIA_HIGH|20260505|1777977600|FINAL,4545.65,4545.65,4556.41,4556.41,4524.13,4524.13,true
2026.05.05 10:50:00,SHORT,ASIA_HIGH|20260505,SSRP|ASIA_HIGH|20260505|1777977900,SSRP|ASIA_HIGH|20260505|1777977900|FINAL,SSRP|ASIA_HIGH|20260505|1777977900|FINAL,4545.70,4545.70,4552.15,4552.15,4532.80,4532.80,true
2026.05.05 10:55:00,SHORT,ASIA_HIGH|20260505,SSRP|ASIA_HIGH|20260505|1777978200,SSRP|ASIA_HIGH|20260505|1777978200|FINAL,SSRP|ASIA_HIGH|20260505|1777978200|FINAL,4545.53,4545.53,4548.24,4548.24,4540.11,4540.11,true
2026.05.05 13:40:00,SHORT,ASIA_HIGH|20260505,SSRP|ASIA_HIGH|20260505|1777988100,SSRP|ASIA_HIGH|20260505|1777988100|FINAL,SSRP|ASIA_HIGH|20260505|1777988100|FINAL,4545.22,4545.22,4554.22,4554.22,4527.22,4527.22,true
2026.05.05 13:45:00,SHORT,ASIA_HIGH|20260505,SSRP|ASIA_HIGH|20260505|1777988400,SSRP|ASIA_HIGH|20260505|1777988400|FINAL,SSRP|ASIA_HIGH|20260505|1777988400|FINAL,4544.52,4544.52,4551.22,4551.22,4531.12,4531.12,true
2026.05.06 08:15:00,SHORT,ASIA_HIGH|20260506,SSRP|ASIA_HIGH|20260506|1778054700,SSRP|ASIA_HIGH|20260506|1778054700|FINAL,SSRP|ASIA_HIGH|20260506|1778054700|FINAL,4651.92,4651.92,4656.89,4656.89,4641.98,4641.98,true
2026.05.06 08:25:00,SHORT,ASIA_HIGH|20260506,SSRP|ASIA_HIGH|20260506|1778055300,SSRP|ASIA_HIGH|20260506|1778055300|FINAL,SSRP|ASIA_HIGH|20260506|1778055300|FINAL,4650.41,4650.41,4655.47,4655.47,4640.28,4640.28,true
2026.05.06 08:30:00,SHORT,ASIA_HIGH|20260506,SSRP|ASIA_HIGH|20260506|1778055900,SSRP|ASIA_HIGH|20260506|1778055900|FINAL,SSRP|ASIA_HIGH|20260506|1778055900|FINAL,4646.79,4646.79,4655.50,4655.50,4629.38,4629.38,true
2026.05.07 19:05:00,SHORT,ASIA_HIGH|20260507,SSRP|ASIA_HIGH|20260507|1778180100,SSRP|ASIA_HIGH|20260507|1778180100|FINAL,SSRP|ASIA_HIGH|20260507|1778180100|FINAL,4717.57,4717.57,4732.84,4732.84,4687.03,4687.03,true
2026.05.07 19:10:00,SHORT,ASIA_HIGH|20260507,SSRP|ASIA_HIGH|20260507|1778180700,SSRP|ASIA_HIGH|20260507|1778180700|FINAL,SSRP|ASIA_HIGH|20260507|1778180700|FINAL,4715.31,4715.31,4725.65,4725.65,4694.63,4694.63,true
2026.05.07 19:30:00,SHORT,ASIA_HIGH|20260507,SSRP|ASIA_HIGH|20260507|1778181900,SSRP|ASIA_HIGH|20260507|1778181900|FINAL,SSRP|ASIA_HIGH|20260507|1778181900|FINAL,4719.60,4719.60,4723.38,4723.38,4712.04,4712.04,true
2026.05.08 09:30:00,SHORT,ASIA_HIGH|20260508,SSRP|ASIA_HIGH|20260508|1778232300,SSRP|ASIA_HIGH|20260508|1778232300|FINAL,SSRP|ASIA_HIGH|20260508|1778232300|FINAL,4726.51,4726.51,4734.87,4734.87,4709.80,4709.80,true
2026.05.08 09:35:00,SHORT,ASIA_HIGH|20260508,SSRP|ASIA_HIGH|20260508|1778232600,SSRP|ASIA_HIGH|20260508|1778232600|FINAL,SSRP|ASIA_HIGH|20260508|1778232600|FINAL,4727.60,4727.60,4734.69,4734.69,4713.42,4713.42,true
2026.05.08 17:05:00,SHORT,ASIA_HIGH|20260508,SSRP|ASIA_HIGH|20260508|1778259600,SSRP|ASIA_HIGH|20260508|1778259600|FINAL,SSRP|ASIA_HIGH|20260508|1778259600|FINAL,4726.64,4726.64,4750.03,4750.03,4679.86,4679.86,true
2026.05.08 17:10:00,SHORT,ASIA_HIGH|20260508,SSRP|ASIA_HIGH|20260508|1778259900,SSRP|ASIA_HIGH|20260508|1778259900|FINAL,SSRP|ASIA_HIGH|20260508|1778259900|FINAL,4731.87,4731.87,4740.52,4740.52,4714.58,4714.58,true
2026.05.11 09:15:00,LONG,ASIA_LOW|20260511,SSRP|ASIA_LOW|20260511|1778490300,SSRP|ASIA_LOW|20260511|1778490300|FINAL,SSRP|ASIA_LOW|20260511|1778490300|FINAL,4670.54,4670.54,4656.77,4656.77,4698.09,4698.09,true
2026.05.11 09:30:00,LONG,ASIA_LOW|20260511,SSRP|ASIA_LOW|20260511|1778490900,SSRP|ASIA_LOW|20260511|1778490900|FINAL,SSRP|ASIA_LOW|20260511|1778490900|FINAL,4669.85,4669.85,4664.37,4664.37,4680.81,4680.81,true
2026.05.11 09:35:00,LONG,ASIA_LOW|20260511,SSRP|ASIA_LOW|20260511|1778491800,SSRP|ASIA_LOW|20260511|1778491800|FINAL,SSRP|ASIA_LOW|20260511|1778491800|FINAL,4672.80,4672.80,4666.98,4666.98,4684.44,4684.44,true
2026.05.11 10:50:00,LONG,ASIA_LOW|20260511,SSRP|ASIA_LOW|20260511|1778496300,SSRP|ASIA_LOW|20260511|1778496300|FINAL,SSRP|ASIA_LOW|20260511|1778496300|FINAL,4669.19,4669.19,4664.24,4664.24,4679.10,4679.10,true
2026.05.11 11:10:00,LONG,ASIA_LOW|20260511,SSRP|ASIA_LOW|20260511|1778497500,SSRP|ASIA_LOW|20260511|1778497500|FINAL,SSRP|ASIA_LOW|20260511|1778497500|FINAL,4672.03,4672.03,4664.02,4664.02,4688.05,4688.05,true
2026.05.11 11:15:00,LONG,ASIA_LOW|20260511,SSRP|ASIA_LOW|20260511|1778497800,SSRP|ASIA_LOW|20260511|1778497800|FINAL,SSRP|ASIA_LOW|20260511|1778497800|FINAL,4675.36,4675.36,4664.02,4664.02,4698.04,4698.04,true
2026.05.11 12:00:00,LONG,ASIA_LOW|20260511,SSRP|ASIA_LOW|20260511|1778500200,SSRP|ASIA_LOW|20260511|1778500200|FINAL,SSRP|ASIA_LOW|20260511|1778500200|FINAL,4669.30,4669.30,4664.95,4664.95,4678.00,4678.00,true
2026.05.11 14:00:00,LONG,ASIA_LOW|20260511,SSRP|ASIA_LOW|20260511|1778507700,SSRP|ASIA_LOW|20260511|1778507700|FINAL,SSRP|ASIA_LOW|20260511|1778507700|FINAL,4670.99,4670.99,4663.67,4663.67,4685.62,4685.62,true
2026.05.11 14:05:00,LONG,ASIA_LOW|20260511,SSRP|ASIA_LOW|20260511|1778508000,SSRP|ASIA_LOW|20260511|1778508000|FINAL,SSRP|ASIA_LOW|20260511|1778508000|FINAL,4669.18,4669.18,4663.82,4663.82,4679.90,4679.90,true
2026.05.11 14:10:00,LONG,ASIA_LOW|20260511,SSRP|ASIA_LOW|20260511|1778508300,SSRP|ASIA_LOW|20260511|1778508300|FINAL,SSRP|ASIA_LOW|20260511|1778508300|FINAL,4669.43,4669.43,4666.71,4666.71,4674.88,4674.88,true
2026.05.11 14:15:00,LONG,ASIA_LOW|20260511,SSRP|ASIA_LOW|20260511|1778508600,SSRP|ASIA_LOW|20260511|1778508600|FINAL,SSRP|ASIA_LOW|20260511|1778508600|FINAL,4669.74,4669.74,4666.72,4666.72,4675.79,4675.79,true
2026.05.11 14:20:00,LONG,ASIA_LOW|20260511,SSRP|ASIA_LOW|20260511|1778508900,SSRP|ASIA_LOW|20260511|1778508900|FINAL,SSRP|ASIA_LOW|20260511|1778508900|FINAL,4668.90,4668.90,4667.28,4667.28,4672.13,4672.13,true
2026.05.11 14:25:00,LONG,ASIA_LOW|20260511,SSRP|ASIA_LOW|20260511|1778509200,SSRP|ASIA_LOW|20260511|1778509200|FINAL,SSRP|ASIA_LOW|20260511|1778509200|FINAL,4671.88,4671.88,4667.28,4667.28,4681.09,4681.09,true
2026.05.11 14:30:00,LONG,ASIA_LOW|20260511,SSRP|ASIA_LOW|20260511|1778509500,SSRP|ASIA_LOW|20260511|1778509500|FINAL,SSRP|ASIA_LOW|20260511|1778509500|FINAL,4671.66,4671.66,4667.37,4667.37,4680.24,4680.24,true
2026.05.11 15:15:00,LONG,ASIA_LOW|20260511,SSRP|ASIA_LOW|20260511|1778512200,SSRP|ASIA_LOW|20260511|1778512200|FINAL,SSRP|ASIA_LOW|20260511|1778512200|FINAL,4673.00,4673.00,4667.17,4667.17,4684.67,4684.67,true
2026.05.11 15:20:00,LONG,ASIA_LOW|20260511,SSRP|ASIA_LOW|20260511|1778512500,SSRP|ASIA_LOW|20260511|1778512500|FINAL,SSRP|ASIA_LOW|20260511|1778512500|FINAL,4692.22,4692.22,4667.28,4667.28,4742.09,4742.09,true
2026.05.12 08:10:00,LONG,ASIA_LOW|20260512,SSRP|ASIA_LOW|20260512|1778573100,SSRP|ASIA_LOW|20260512|1778573100|FINAL,SSRP|ASIA_LOW|20260512|1778573100|FINAL,4712.44,4712.44,4708.45,4708.45,4720.43,4720.43,true
2026.05.12 08:15:00,LONG,ASIA_LOW|20260512,SSRP|ASIA_LOW|20260512|1778573400,SSRP|ASIA_LOW|20260512|1778573400|FINAL,SSRP|ASIA_LOW|20260512|1778573400|FINAL,4713.47,4713.47,4708.44,4708.44,4723.52,4723.52,true
2026.05.12 22:50:00,LONG,ASIA_LOW|20260512,SSRP|ASIA_LOW|20260512|1778625300,SSRP|ASIA_LOW|20260512|1778625300|FINAL,SSRP|ASIA_LOW|20260512|1778625300|FINAL,4712.69,4712.69,4707.20,4707.20,4723.66,4723.66,true
2026.05.12 22:55:00,LONG,ASIA_LOW|20260512,SSRP|ASIA_LOW|20260512|1778626200,SSRP|ASIA_LOW|20260512|1778626200|FINAL,SSRP|ASIA_LOW|20260512|1778626200|FINAL,4715.83,4715.83,4709.32,4709.32,4728.85,4728.85,true
2026.05.13 12:25:00,LONG,ASIA_LOW|20260513,SSRP|ASIA_LOW|20260513|1778674800,SSRP|ASIA_LOW|20260513|1778674800|FINAL,SSRP|ASIA_LOW|20260513|1778674800|FINAL,4689.04,4689.04,4685.50,4685.50,4696.13,4696.13,true
2026.05.13 12:30:00,LONG,ASIA_LOW|20260513,SSRP|ASIA_LOW|20260513|1778675100,SSRP|ASIA_LOW|20260513|1778675100|FINAL,SSRP|ASIA_LOW|20260513|1778675100|FINAL,4688.46,4688.46,4685.89,4685.89,4693.59,4693.59,true
2026.05.13 12:35:00,LONG,ASIA_LOW|20260513,SSRP|ASIA_LOW|20260513|1778675400,SSRP|ASIA_LOW|20260513|1778675400|FINAL,SSRP|ASIA_LOW|20260513|1778675400|FINAL,4690.96,4690.96,4685.89,4685.89,4701.09,4701.09,true
2026.05.13 16:10:00,LONG,ASIA_LOW|20260513,SSRP|ASIA_LOW|20260513|1778687700,SSRP|ASIA_LOW|20260513|1778687700|FINAL,SSRP|ASIA_LOW|20260513|1778687700|FINAL,4689.93,4689.93,4678.39,4678.39,4713.02,4713.02,true
2026.05.13 16:15:00,LONG,ASIA_LOW|20260513,SSRP|ASIA_LOW|20260513|1778688600,SSRP|ASIA_LOW|20260513|1778688600|FINAL,SSRP|ASIA_LOW|20260513|1778688600|FINAL,4691.87,4691.87,4685.05,4685.05,4705.51,4705.51,true
2026.05.13 16:20:00,LONG,ASIA_LOW|20260513,SSRP|ASIA_LOW|20260513|1778688900,SSRP|ASIA_LOW|20260513|1778688900|FINAL,SSRP|ASIA_LOW|20260513|1778688900|FINAL,4693.95,4693.95,4686.22,4686.22,4709.40,4709.40,true
2026.05.13 17:30:00,LONG,ASIA_LOW|20260513,SSRP|ASIA_LOW|20260513|1778692800,SSRP|ASIA_LOW|20260513|1778692800|FINAL,SSRP|ASIA_LOW|20260513|1778692800|FINAL,4689.98,4689.98,4673.31,4673.31,4723.31,4723.31,true
2026.05.13 18:05:00,LONG,ASIA_LOW|20260513,SSRP|ASIA_LOW|20260513|1778695200,SSRP|ASIA_LOW|20260513|1778695200|FINAL,SSRP|ASIA_LOW|20260513|1778695200|FINAL,4688.33,4688.33,4678.60,4678.60,4707.79,4707.79,true
2026.05.13 18:20:00,LONG,ASIA_LOW|20260513,SSRP|ASIA_LOW|20260513|1778695500,SSRP|ASIA_LOW|20260513|1778695500|FINAL,SSRP|ASIA_LOW|20260513|1778695500|FINAL,4688.20,4688.20,4681.64,4681.64,4701.32,4701.32,true
2026.05.13 18:25:00,LONG,ASIA_LOW|20260513,SSRP|ASIA_LOW|20260513|1778696400,SSRP|ASIA_LOW|20260513|1778696400|FINAL,SSRP|ASIA_LOW|20260513|1778696400|FINAL,4691.28,4691.28,4684.93,4684.93,4703.97,4703.97,true
2026.05.13 21:00:00,LONG,ASIA_LOW|20260513,SSRP|ASIA_LOW|20260513|1778705700,SSRP|ASIA_LOW|20260513|1778705700|FINAL,SSRP|ASIA_LOW|20260513|1778705700|FINAL,4687.90,4687.90,4684.26,4684.26,4695.17,4695.17,true
2026.05.13 21:05:00,LONG,ASIA_LOW|20260513,SSRP|ASIA_LOW|20260513|1778706000,SSRP|ASIA_LOW|20260513|1778706000|FINAL,SSRP|ASIA_LOW|20260513|1778706000|FINAL,4690.58,4690.58,4684.26,4684.26,4703.22,4703.22,true
2026.05.13 22:10:00,LONG,ASIA_LOW|20260513,SSRP|ASIA_LOW|20260513|1778709600,SSRP|ASIA_LOW|20260513|1778709600|FINAL,SSRP|ASIA_LOW|20260513|1778709600|FINAL,4688.99,4688.99,4683.18,4683.18,4700.61,4700.61,true
2026.05.13 22:15:00,LONG,ASIA_LOW|20260513,SSRP|ASIA_LOW|20260513|1778710200,SSRP|ASIA_LOW|20260513|1778710200|FINAL,SSRP|ASIA_LOW|20260513|1778710200|FINAL,4688.14,4688.14,4685.33,4685.33,4693.76,4693.76,true
2026.05.13 22:20:00,LONG,ASIA_LOW|20260513,SSRP|ASIA_LOW|20260513|1778710500,SSRP|ASIA_LOW|20260513|1778710500|FINAL,SSRP|ASIA_LOW|20260513|1778710500|FINAL,4688.03,4688.03,4686.84,4686.84,4690.41,4690.41,true
2026.05.13 22:35:00,LONG,ASIA_LOW|20260513,SSRP|ASIA_LOW|20260513|1778711400,SSRP|ASIA_LOW|20260513|1778711400|FINAL,SSRP|ASIA_LOW|20260513|1778711400|FINAL,4688.85,4688.85,4684.29,4684.29,4697.97,4697.97,true
2026.05.13 22:40:00,LONG,ASIA_LOW|20260513,SSRP|ASIA_LOW|20260513|1778711700,SSRP|ASIA_LOW|20260513|1778711700|FINAL,SSRP|ASIA_LOW|20260513|1778711700|FINAL,4688.53,4688.53,4684.51,4684.51,4696.56,4696.56,true
2026.05.13 22:55:00,LONG,ASIA_LOW|20260513,SSRP|ASIA_LOW|20260513|1778712600,SSRP|ASIA_LOW|20260513|1778712600|FINAL,SSRP|ASIA_LOW|20260513|1778712600|FINAL,4688.26,4688.26,4683.71,4683.71,4697.37,4697.37,true
2026.05.13 23:05:00,LONG,ASIA_LOW|20260513,SSRP|ASIA_LOW|20260513|1778712900,SSRP|ASIA_LOW|20260513|1778712900|FINAL,SSRP|ASIA_LOW|20260513|1778712900|FINAL,4689.13,4689.13,4685.52,4685.52,4696.36,4696.36,true
2026.05.14 10:40:00,SHORT,ASIA_HIGH|20260514,SSRP|ASIA_HIGH|20260514|1778754900,SSRP|ASIA_HIGH|20260514|1778754900|FINAL,SSRP|ASIA_HIGH|20260514|1778754900|FINAL,4709.32,4709.32,4719.09,4719.09,4689.79,4689.79,true
2026.05.14 10:45:00,SHORT,ASIA_HIGH|20260514,SSRP|ASIA_HIGH|20260514|1778755200,SSRP|ASIA_HIGH|20260514|1778755200|FINAL,SSRP|ASIA_HIGH|20260514|1778755200|FINAL,4704.46,4704.46,4715.19,4715.19,4683.01,4683.01,true
2026.05.14 16:45:00,LONG,ASIA_LOW|20260514,SSRP|ASIA_LOW|20260514|1778776800,SSRP|ASIA_LOW|20260514|1778776800|FINAL,SSRP|ASIA_LOW|20260514|1778776800|FINAL,4689.30,4689.30,4666.36,4666.36,4735.18,4735.18,true
2026.05.14 21:50:00,LONG,ASIA_LOW|20260514,SSRP|ASIA_LOW|20260514|1778795100,SSRP|ASIA_LOW|20260514|1778795100|FINAL,SSRP|ASIA_LOW|20260514|1778795100|FINAL,4668.28,4668.28,4666.76,4666.76,4671.32,4671.32,true
2026.05.18 10:35:00,SHORT,ASIA_HIGH|20260518,SSRP|ASIA_HIGH|20260518|1779100200,SSRP|ASIA_HIGH|20260518|1779100200|FINAL,SSRP|ASIA_HIGH|20260518|1779100200|FINAL,4552.81,4552.81,4560.16,4560.16,4538.10,4538.10,true
2026.05.18 11:55:00,SHORT,ASIA_HIGH|20260518,SSRP|ASIA_HIGH|20260518|1779105000,SSRP|ASIA_HIGH|20260518|1779105000|FINAL,SSRP|ASIA_HIGH|20260518|1779105000|FINAL,4550.11,4550.11,4557.24,4557.24,4535.85,4535.85,true
2026.05.18 12:00:00,SHORT,ASIA_HIGH|20260518,SSRP|ASIA_HIGH|20260518|1779105300,SSRP|ASIA_HIGH|20260518|1779105300|FINAL,SSRP|ASIA_HIGH|20260518|1779105300|FINAL,4542.55,4542.55,4556.87,4556.87,4513.91,4513.91,true
2026.05.18 14:50:00,SHORT,ASIA_HIGH|20260518,SSRP|ASIA_HIGH|20260518|1779115200,SSRP|ASIA_HIGH|20260518|1779115200|FINAL,SSRP|ASIA_HIGH|20260518|1779115200|FINAL,4551.39,4551.39,4567.51,4567.51,4519.15,4519.15,true
2026.05.18 15:10:00,SHORT,ASIA_HIGH|20260518,SSRP|ASIA_HIGH|20260518|1779116700,SSRP|ASIA_HIGH|20260518|1779116700|FINAL,SSRP|ASIA_HIGH|20260518|1779116700|FINAL,4553.38,4553.38,4557.09,4557.09,4545.96,4545.96,true
2026.05.18 17:30:00,SHORT,ASIA_HIGH|20260518,SSRP|ASIA_HIGH|20260518|1779125100,SSRP|ASIA_HIGH|20260518|1779125100|FINAL,SSRP|ASIA_HIGH|20260518|1779125100|FINAL,4549.38,4549.38,4563.70,4563.70,4520.74,4520.74,true
2026.05.18 17:35:00,SHORT,ASIA_HIGH|20260518,SSRP|ASIA_HIGH|20260518|1779125400,SSRP|ASIA_HIGH|20260518|1779125400|FINAL,SSRP|ASIA_HIGH|20260518|1779125400|FINAL,4546.48,4546.48,4563.57,4563.57,4512.30,4512.30,true
2026.05.18 20:10:00,SHORT,ASIA_HIGH|20260518,SSRP|ASIA_HIGH|20260518|1779134400,SSRP|ASIA_HIGH|20260518|1779134400|FINAL,SSRP|ASIA_HIGH|20260518|1779134400|FINAL,4553.26,4553.26,4558.50,4558.50,4542.78,4542.78,true
2026.05.18 20:15:00,SHORT,ASIA_HIGH|20260518,SSRP|ASIA_HIGH|20260518|1779135000,SSRP|ASIA_HIGH|20260518|1779135000|FINAL,SSRP|ASIA_HIGH|20260518|1779135000|FINAL,4554.56,4554.56,4557.14,4557.14,4549.40,4549.40,true
2026.05.18 22:10:00,SHORT,ASIA_HIGH|20260518,SSRP|ASIA_HIGH|20260518|1779141600,SSRP|ASIA_HIGH|20260518|1779141600|FINAL,SSRP|ASIA_HIGH|20260518|1779141600|FINAL,4554.65,4554.65,4565.02,4565.02,4533.91,4533.91,true
2026.05.18 22:15:00,SHORT,ASIA_HIGH|20260518,SSRP|ASIA_HIGH|20260518|1779142200,SSRP|ASIA_HIGH|20260518|1779142200|FINAL,SSRP|ASIA_HIGH|20260518|1779142200|FINAL,4551.60,4551.60,4558.67,4558.67,4537.45,4537.45,true
2026.05.19 08:25:00,LONG,ASIA_LOW|20260519,SSRP|ASIA_LOW|20260519|1779178800,SSRP|ASIA_LOW|20260519|1779178800|FINAL,SSRP|ASIA_LOW|20260519|1779178800|FINAL,4538.45,4538.45,4531.01,4531.01,4553.34,4553.34,true
2026.05.19 08:35:00,LONG,ASIA_LOW|20260519,SSRP|ASIA_LOW|20260519|1779179100,SSRP|ASIA_LOW|20260519|1779179100|FINAL,SSRP|ASIA_LOW|20260519|1779179100|FINAL,4539.86,4539.86,4533.02,4533.02,4553.55,4553.55,true
2026.05.19 08:40:00,LONG,ASIA_LOW|20260519,SSRP|ASIA_LOW|20260519|1779179700,SSRP|ASIA_LOW|20260519|1779179700|FINAL,SSRP|ASIA_LOW|20260519|1779179700|FINAL,4538.53,4538.53,4534.38,4534.38,4546.82,4546.82,true
2026.05.19 08:50:00,LONG,ASIA_LOW|20260519,SSRP|ASIA_LOW|20260519|1779180300,SSRP|ASIA_LOW|20260519|1779180300|FINAL,SSRP|ASIA_LOW|20260519|1779180300|FINAL,4539.88,4539.88,4533.01,4533.01,4553.62,4553.62,true
2026.05.19 08:55:00,LONG,ASIA_LOW|20260519,SSRP|ASIA_LOW|20260519|1779180600,SSRP|ASIA_LOW|20260519|1779180600|FINAL,SSRP|ASIA_LOW|20260519|1779180600|FINAL,4540.93,4540.93,4533.00,4533.00,4556.79,4556.79,true
2026.05.19 09:10:00,LONG,ASIA_LOW|20260519,SSRP|ASIA_LOW|20260519|1779181200,SSRP|ASIA_LOW|20260519|1779181200|FINAL,SSRP|ASIA_LOW|20260519|1779181200|FINAL,4542.08,4542.08,4533.36,4533.36,4559.53,4559.53,true
2026.05.19 11:30:00,LONG,ASIA_LOW|20260519,SSRP|ASIA_LOW|20260519|1779189900,SSRP|ASIA_LOW|20260519|1779189900|FINAL,SSRP|ASIA_LOW|20260519|1779189900|FINAL,4544.38,4544.38,4536.12,4536.12,4560.90,4560.90,true
2026.05.19 12:10:00,LONG,ASIA_LOW|20260519,SSRP|ASIA_LOW|20260519|1779192300,SSRP|ASIA_LOW|20260519|1779192300|FINAL,SSRP|ASIA_LOW|20260519|1779192300|FINAL,4539.51,4539.51,4536.66,4536.66,4545.22,4545.22,true
2026.05.19 12:20:00,LONG,ASIA_LOW|20260519,SSRP|ASIA_LOW|20260519|1779192900,SSRP|ASIA_LOW|20260519|1779192900|FINAL,SSRP|ASIA_LOW|20260519|1779192900|FINAL,4546.60,4546.60,4535.87,4535.87,4568.06,4568.06,true
2026.05.19 12:35:00,LONG,ASIA_LOW|20260519,SSRP|ASIA_LOW|20260519|1779193800,SSRP|ASIA_LOW|20260519|1779193800|FINAL,SSRP|ASIA_LOW|20260519|1779193800|FINAL,4539.31,4539.31,4536.50,4536.50,4544.94,4544.94,true
2026.05.19 13:05:00,LONG,ASIA_LOW|20260519,SSRP|ASIA_LOW|20260519|1779195600,SSRP|ASIA_LOW|20260519|1779195600|FINAL,SSRP|ASIA_LOW|20260519|1779195600|FINAL,4540.19,4540.19,4535.74,4535.74,4549.10,4549.10,true
2026.05.19 13:10:00,LONG,ASIA_LOW|20260519,SSRP|ASIA_LOW|20260519|1779195900,SSRP|ASIA_LOW|20260519|1779195900|FINAL,SSRP|ASIA_LOW|20260519|1779195900|FINAL,4541.47,4541.47,4535.73,4535.73,4552.94,4552.94,true
2026.05.19 13:55:00,LONG,ASIA_LOW|20260519,SSRP|ASIA_LOW|20260519|1779198300,SSRP|ASIA_LOW|20260519|1779198300|FINAL,SSRP|ASIA_LOW|20260519|1779198300|FINAL,4544.57,4544.57,4527.49,4527.49,4578.73,4578.73,true
2026.05.19 14:00:00,LONG,ASIA_LOW|20260519,SSRP|ASIA_LOW|20260519|1779198900,SSRP|ASIA_LOW|20260519|1779198900|FINAL,SSRP|ASIA_LOW|20260519|1779198900|FINAL,4543.73,4543.73,4534.94,4534.94,4561.32,4561.32,true
2026.05.19 14:15:00,LONG,ASIA_LOW|20260519,SSRP|ASIA_LOW|20260519|1779199800,SSRP|ASIA_LOW|20260519|1779199800|FINAL,SSRP|ASIA_LOW|20260519|1779199800|FINAL,4541.04,4541.04,4535.51,4535.51,4552.10,4552.10,true
2026.05.19 14:20:00,LONG,ASIA_LOW|20260519,SSRP|ASIA_LOW|20260519|1779200100,SSRP|ASIA_LOW|20260519|1779200100|FINAL,SSRP|ASIA_LOW|20260519|1779200100|FINAL,4541.06,4541.06,4535.51,4535.51,4552.15,4552.15,true
2026.05.19 14:40:00,LONG,ASIA_LOW|20260519,SSRP|ASIA_LOW|20260519|1779201300,SSRP|ASIA_LOW|20260519|1779201300|FINAL,SSRP|ASIA_LOW|20260519|1779201300|FINAL,4542.04,4542.04,4536.40,4536.40,4553.31,4553.31,true
2026.05.19 15:05:00,LONG,ASIA_LOW|20260519,SSRP|ASIA_LOW|20260519|1779202500,SSRP|ASIA_LOW|20260519|1779202500|FINAL,SSRP|ASIA_LOW|20260519|1779202500|FINAL,4542.31,4542.31,4527.21,4527.21,4572.50,4572.50,true
2026.05.19 15:10:00,LONG,ASIA_LOW|20260519,SSRP|ASIA_LOW|20260519|1779203100,SSRP|ASIA_LOW|20260519|1779203100|FINAL,SSRP|ASIA_LOW|20260519|1779203100|FINAL,4542.26,4542.26,4533.22,4533.22,4560.33,4560.33,true
2026.05.19 15:20:00,LONG,ASIA_LOW|20260519,SSRP|ASIA_LOW|20260519|1779203700,SSRP|ASIA_LOW|20260519|1779203700|FINAL,SSRP|ASIA_LOW|20260519|1779203700|FINAL,4543.84,4543.84,4536.44,4536.44,4558.65,4558.65,true
2026.05.19 15:45:00,LONG,ASIA_LOW|20260519,SSRP|ASIA_LOW|20260519|1779205200,SSRP|ASIA_LOW|20260519|1779205200|FINAL,SSRP|ASIA_LOW|20260519|1779205200|FINAL,4539.38,4539.38,4535.37,4535.37,4547.41,4547.41,true
2026.05.19 15:50:00,LONG,ASIA_LOW|20260519,SSRP|ASIA_LOW|20260519|1779205500,SSRP|ASIA_LOW|20260519|1779205500|FINAL,SSRP|ASIA_LOW|20260519|1779205500|FINAL,4541.26,4541.26,4535.37,4535.37,4553.03,4553.03,true
2026.05.20 17:25:00,SHORT,ASIA_HIGH|20260520,SSRP|ASIA_HIGH|20260520|1779297600,SSRP|ASIA_HIGH|20260520|1779297600|FINAL,SSRP|ASIA_HIGH|20260520|1779297600|FINAL,4506.94,4506.94,4511.06,4511.06,4498.70,4498.70,true
2026.05.21 08:50:00,LONG,ASIA_LOW|20260521,SSRP|ASIA_LOW|20260521|1779353100,SSRP|ASIA_LOW|20260521|1779353100|FINAL,SSRP|ASIA_LOW|20260521|1779353100|FINAL,4529.80,4529.80,4518.32,4518.32,4552.75,4552.75,true
2026.05.21 08:55:00,LONG,ASIA_LOW|20260521,SSRP|ASIA_LOW|20260521|1779353400,SSRP|ASIA_LOW|20260521|1779353400|FINAL,SSRP|ASIA_LOW|20260521|1779353400|FINAL,4527.98,4527.98,4522.51,4522.51,4538.91,4538.91,true
2026.05.21 09:00:00,LONG,ASIA_LOW|20260521,SSRP|ASIA_LOW|20260521|1779353700,SSRP|ASIA_LOW|20260521|1779353700|FINAL,SSRP|ASIA_LOW|20260521|1779353700|FINAL,4533.74,4533.74,4525.55,4525.55,4550.11,4550.11,true
2026.05.21 11:05:00,LONG,ASIA_LOW|20260521,SSRP|ASIA_LOW|20260521|1779361200,SSRP|ASIA_LOW|20260521|1779361200|FINAL,SSRP|ASIA_LOW|20260521|1779361200|FINAL,4528.42,4528.42,4517.97,4517.97,4549.32,4549.32,true
2026.05.21 11:10:00,LONG,ASIA_LOW|20260521,SSRP|ASIA_LOW|20260521|1779361500,SSRP|ASIA_LOW|20260521|1779361500|FINAL,SSRP|ASIA_LOW|20260521|1779361500|FINAL,4534.24,4534.24,4522.08,4522.08,4558.56,4558.56,true
2026.05.21 20:15:00,LONG,ASIA_LOW|20260521,SSRP|ASIA_LOW|20260521|1779393900,SSRP|ASIA_LOW|20260521|1779393900|FINAL,SSRP|ASIA_LOW|20260521|1779393900|FINAL,4535.31,4535.31,4513.86,4513.86,4578.22,4578.22,true
2026.05.21 20:20:00,LONG,ASIA_LOW|20260521,SSRP|ASIA_LOW|20260521|1779394500,SSRP|ASIA_LOW|20260521|1779394500|FINAL,SSRP|ASIA_LOW|20260521|1779394500|FINAL,4536.80,4536.80,4525.60,4525.60,4559.21,4559.21,true
2026.05.22 09:00:00,LONG,ASIA_LOW|20260522,SSRP|ASIA_LOW|20260522|1779440100,SSRP|ASIA_LOW|20260522|1779440100|FINAL,SSRP|ASIA_LOW|20260522|1779440100|FINAL,4518.75,4518.75,4506.90,4506.90,4542.45,4542.45,true
2026.05.22 09:05:00,LONG,ASIA_LOW|20260522,SSRP|ASIA_LOW|20260522|1779440400,SSRP|ASIA_LOW|20260522|1779440400|FINAL,SSRP|ASIA_LOW|20260522|1779440400|FINAL,4522.65,4522.65,4509.88,4509.88,4548.19,4548.19,true
2026.05.22 09:20:00,LONG,ASIA_LOW|20260522,SSRP|ASIA_LOW|20260522|1779441300,SSRP|ASIA_LOW|20260522|1779441300|FINAL,SSRP|ASIA_LOW|20260522|1779441300|FINAL,4522.79,4522.79,4516.10,4516.10,4536.17,4536.17,true
2026.05.22 10:45:00,LONG,ASIA_LOW|20260522,SSRP|ASIA_LOW|20260522|1779446400,SSRP|ASIA_LOW|20260522|1779446400|FINAL,SSRP|ASIA_LOW|20260522|1779446400|FINAL,4518.60,4518.60,4516.14,4516.14,4523.52,4523.52,true
2026.05.22 11:40:00,LONG,ASIA_LOW|20260522,SSRP|ASIA_LOW|20260522|1779449700,SSRP|ASIA_LOW|20260522|1779449700|FINAL,SSRP|ASIA_LOW|20260522|1779449700|FINAL,4522.51,4522.51,4516.54,4516.54,4534.45,4534.45,true
2026.05.22 12:15:00,LONG,ASIA_LOW|20260522,SSRP|ASIA_LOW|20260522|1779451800,SSRP|ASIA_LOW|20260522|1779451800|FINAL,SSRP|ASIA_LOW|20260522|1779451800|FINAL,4518.68,4518.68,4514.99,4514.99,4526.05,4526.05,true
2026.05.22 12:20:00,LONG,ASIA_LOW|20260522,SSRP|ASIA_LOW|20260522|1779452100,SSRP|ASIA_LOW|20260522|1779452100|FINAL,SSRP|ASIA_LOW|20260522|1779452100|FINAL,4519.30,4519.30,4515.01,4515.01,4527.88,4527.88,true
2026.05.22 12:30:00,LONG,ASIA_LOW|20260522,SSRP|ASIA_LOW|20260522|1779452700,SSRP|ASIA_LOW|20260522|1779452700|FINAL,SSRP|ASIA_LOW|20260522|1779452700|FINAL,4519.36,4519.36,4514.64,4514.64,4528.81,4528.81,true
2026.05.22 12:35:00,LONG,ASIA_LOW|20260522,SSRP|ASIA_LOW|20260522|1779453000,SSRP|ASIA_LOW|20260522|1779453000|FINAL,SSRP|ASIA_LOW|20260522|1779453000|FINAL,4524.47,4524.47,4514.63,4514.63,4544.15,4544.15,true
2026.05.22 14:35:00,LONG,ASIA_LOW|20260522,SSRP|ASIA_LOW|20260522|1779459900,SSRP|ASIA_LOW|20260522|1779459900|FINAL,SSRP|ASIA_LOW|20260522|1779459900|FINAL,4518.67,4518.67,4511.23,4511.23,4533.55,4533.55,true
2026.05.22 14:40:00,LONG,ASIA_LOW|20260522,SSRP|ASIA_LOW|20260522|1779460500,SSRP|ASIA_LOW|20260522|1779460500|FINAL,SSRP|ASIA_LOW|20260522|1779460500|FINAL,4521.75,4521.75,4516.40,4516.40,4532.44,4532.44,true
2026.05.22 14:45:00,LONG,ASIA_LOW|20260522,SSRP|ASIA_LOW|20260522|1779460800,SSRP|ASIA_LOW|20260522|1779460800|FINAL,SSRP|ASIA_LOW|20260522|1779460800|FINAL,4522.44,4522.44,4516.90,4516.90,4533.52,4533.52,true
2026.05.22 15:40:00,LONG,ASIA_LOW|20260522,SSRP|ASIA_LOW|20260522|1779464100,SSRP|ASIA_LOW|20260522|1779464100|FINAL,SSRP|ASIA_LOW|20260522|1779464100|FINAL,4518.73,4518.73,4514.77,4514.77,4526.64,4526.64,true
2026.05.22 15:45:00,LONG,ASIA_LOW|20260522,SSRP|ASIA_LOW|20260522|1779464400,SSRP|ASIA_LOW|20260522|1779464400|FINAL,SSRP|ASIA_LOW|20260522|1779464400|FINAL,4518.62,4518.62,4515.99,4515.99,4523.89,4523.89,true
2026.05.22 18:25:00,LONG,ASIA_LOW|20260522,SSRP|ASIA_LOW|20260522|1779474000,SSRP|ASIA_LOW|20260522|1779474000|FINAL,SSRP|ASIA_LOW|20260522|1779474000|FINAL,4519.38,4519.38,4512.69,4512.69,4532.75,4532.75,true
2026.05.22 18:30:00,LONG,ASIA_LOW|20260522,SSRP|ASIA_LOW|20260522|1779474300,SSRP|ASIA_LOW|20260522|1779474300|FINAL,SSRP|ASIA_LOW|20260522|1779474300|FINAL,4519.31,4519.31,4513.26,4513.26,4531.42,4531.42,true
2026.05.22 18:55:00,LONG,ASIA_LOW|20260522,SSRP|ASIA_LOW|20260522|1779475500,SSRP|ASIA_LOW|20260522|1779475500|FINAL,SSRP|ASIA_LOW|20260522|1779475500|FINAL,4520.14,4520.14,4514.41,4514.41,4531.59,4531.59,true
2026.05.22 19:00:00,LONG,ASIA_LOW|20260522,SSRP|ASIA_LOW|20260522|1779476100,SSRP|ASIA_LOW|20260522|1779476100|FINAL,SSRP|ASIA_LOW|20260522|1779476100|FINAL,4519.07,4519.07,4516.74,4516.74,4523.72,4523.72,true
2026.05.22 19:10:00,LONG,ASIA_LOW|20260522,SSRP|ASIA_LOW|20260522|1779476400,SSRP|ASIA_LOW|20260522|1779476400|FINAL,SSRP|ASIA_LOW|20260522|1779476400|FINAL,4519.68,4519.68,4516.80,4516.80,4525.44,4525.44,true
2026.05.22 19:20:00,LONG,ASIA_LOW|20260522,SSRP|ASIA_LOW|20260522|1779477300,SSRP|ASIA_LOW|20260522|1779477300|FINAL,SSRP|ASIA_LOW|20260522|1779477300|FINAL,4520.37,4520.37,4516.77,4516.77,4527.56,4527.56,true
2026.05.22 19:25:00,LONG,ASIA_LOW|20260522,SSRP|ASIA_LOW|20260522|1779477600,SSRP|ASIA_LOW|20260522|1779477600|FINAL,SSRP|ASIA_LOW|20260522|1779477600|FINAL,4523.60,4523.60,4516.78,4516.78,4537.24,4537.24,true
2026.05.22 20:00:00,LONG,ASIA_LOW|20260522,SSRP|ASIA_LOW|20260522|1779479700,SSRP|ASIA_LOW|20260522|1779479700|FINAL,SSRP|ASIA_LOW|20260522|1779479700|FINAL,4518.77,4518.77,4512.14,4512.14,4532.03,4532.03,true
2026.05.22 20:05:00,LONG,ASIA_LOW|20260522,SSRP|ASIA_LOW|20260522|1779480000,SSRP|ASIA_LOW|20260522|1779480000|FINAL,SSRP|ASIA_LOW|20260522|1779480000|FINAL,4520.02,4520.02,4514.62,4514.62,4530.82,4530.82,true
2026.05.22 20:25:00,LONG,ASIA_LOW|20260522,SSRP|ASIA_LOW|20260522|1779480900,SSRP|ASIA_LOW|20260522|1779480900|FINAL,SSRP|ASIA_LOW|20260522|1779480900|FINAL,4525.30,4525.30,4512.85,4512.85,4550.20,4550.20,true
2026.05.22 20:30:00,LONG,ASIA_LOW|20260522,SSRP|ASIA_LOW|20260522|1779481500,SSRP|ASIA_LOW|20260522|1779481500|FINAL,SSRP|ASIA_LOW|20260522|1779481500|FINAL,4520.06,4520.06,4515.45,4515.45,4529.29,4529.29,true
2026.05.22 21:35:00,LONG,ASIA_LOW|20260522,SSRP|ASIA_LOW|20260522|1779485100,SSRP|ASIA_LOW|20260522|1779485100|FINAL,SSRP|ASIA_LOW|20260522|1779485100|FINAL,4518.31,4518.31,4513.72,4513.72,4527.50,4527.50,true
2026.05.26 08:05:00,LONG,ASIA_LOW|20260526,SSRP|ASIA_LOW|20260526|1779782400,SSRP|ASIA_LOW|20260526|1779782400|FINAL,SSRP|ASIA_LOW|20260526|1779782400|FINAL,4530.47,4530.47,4522.50,4522.50,4546.41,4546.41,true
2026.05.26 10:20:00,LONG,ASIA_LOW|20260526,SSRP|ASIA_LOW|20260526|1779790500,SSRP|ASIA_LOW|20260526|1779790500|FINAL,SSRP|ASIA_LOW|20260526|1779790500|FINAL,4530.13,4530.13,4521.72,4521.72,4546.94,4546.94,true
2026.05.26 10:40:00,LONG,ASIA_LOW|20260526,SSRP|ASIA_LOW|20260526|1779791700,SSRP|ASIA_LOW|20260526|1779791700|FINAL,SSRP|ASIA_LOW|20260526|1779791700|FINAL,4526.81,4526.81,4521.22,4521.22,4537.99,4537.99,true
2026.05.26 10:45:00,LONG,ASIA_LOW|20260526,SSRP|ASIA_LOW|20260526|1779792000,SSRP|ASIA_LOW|20260526|1779792000|FINAL,SSRP|ASIA_LOW|20260526|1779792000|FINAL,4533.42,4533.42,4521.69,4521.69,4556.87,4556.87,true
2026.05.26 11:40:00,LONG,ASIA_LOW|20260526,SSRP|ASIA_LOW|20260526|1779794700,SSRP|ASIA_LOW|20260526|1779794700|FINAL,SSRP|ASIA_LOW|20260526|1779794700|FINAL,4525.75,4525.75,4519.87,4519.87,4537.50,4537.50,true
2026.05.26 11:50:00,LONG,ASIA_LOW|20260526,SSRP|ASIA_LOW|20260526|1779795600,SSRP|ASIA_LOW|20260526|1779795600|FINAL,SSRP|ASIA_LOW|20260526|1779795600|FINAL,4524.20,4524.20,4520.27,4520.27,4532.05,4532.05,true
2026.05.26 11:55:00,LONG,ASIA_LOW|20260526,SSRP|ASIA_LOW|20260526|1779796200,SSRP|ASIA_LOW|20260526|1779796200|FINAL,SSRP|ASIA_LOW|20260526|1779796200|FINAL,4523.81,4523.81,4520.30,4520.30,4530.84,4530.84,true
2026.05.26 12:00:00,LONG,ASIA_LOW|20260526,SSRP|ASIA_LOW|20260526|1779796500,SSRP|ASIA_LOW|20260526|1779796500|FINAL,SSRP|ASIA_LOW|20260526|1779796500|FINAL,4524.31,4524.31,4521.96,4521.96,4529.01,4529.01,true
2026.05.26 12:15:00,LONG,ASIA_LOW|20260526,SSRP|ASIA_LOW|20260526|1779797400,SSRP|ASIA_LOW|20260526|1779797400|FINAL,SSRP|ASIA_LOW|20260526|1779797400|FINAL,4524.79,4524.79,4518.07,4518.07,4538.23,4538.23,true
2026.05.26 12:25:00,LONG,ASIA_LOW|20260526,SSRP|ASIA_LOW|20260526|1779797700,SSRP|ASIA_LOW|20260526|1779797700|FINAL,SSRP|ASIA_LOW|20260526|1779797700|FINAL,4524.88,4524.88,4518.07,4518.07,4538.51,4538.51,true
2026.05.26 13:05:00,LONG,ASIA_LOW|20260526,SSRP|ASIA_LOW|20260526|1779800400,SSRP|ASIA_LOW|20260526|1779800400|FINAL,SSRP|ASIA_LOW|20260526|1779800400|FINAL,4525.50,4525.50,4519.16,4519.16,4538.18,4538.18,true
2026.05.26 13:10:00,LONG,ASIA_LOW|20260526,SSRP|ASIA_LOW|20260526|1779800700,SSRP|ASIA_LOW|20260526|1779800700|FINAL,SSRP|ASIA_LOW|20260526|1779800700|FINAL,4529.44,4529.44,4519.19,4519.19,4549.94,4549.94,true
2026.05.26 16:20:00,LONG,ASIA_LOW|20260526,SSRP|ASIA_LOW|20260526|1779811800,SSRP|ASIA_LOW|20260526|1779811800|FINAL,SSRP|ASIA_LOW|20260526|1779811800|FINAL,4526.24,4526.24,4515.79,4515.79,4547.14,4547.14,true
2026.05.26 16:35:00,LONG,ASIA_LOW|20260526,SSRP|ASIA_LOW|20260526|1779812400,SSRP|ASIA_LOW|20260526|1779812400|FINAL,SSRP|ASIA_LOW|20260526|1779812400|FINAL,4524.63,4524.63,4519.73,4519.73,4534.42,4534.42,true
2026.05.26 16:40:00,LONG,ASIA_LOW|20260526,SSRP|ASIA_LOW|20260526|1779813300,SSRP|ASIA_LOW|20260526|1779813300|FINAL,SSRP|ASIA_LOW|20260526|1779813300|FINAL,4527.32,4527.32,4520.84,4520.84,4540.27,4540.27,true
2026.05.27 11:35:00,LONG,ASIA_LOW|20260527,SSRP|ASIA_LOW|20260527|1779881400,SSRP|ASIA_LOW|20260527|1779881400|FINAL,SSRP|ASIA_LOW|20260527|1779881400|FINAL,4492.84,4492.84,4485.73,4485.73,4507.06,4507.06,true
2026.05.27 11:40:00,LONG,ASIA_LOW|20260527,SSRP|ASIA_LOW|20260527|1779881700,SSRP|ASIA_LOW|20260527|1779881700|FINAL,SSRP|ASIA_LOW|20260527|1779881700|FINAL,4496.22,4496.22,4488.09,4488.09,4512.48,4512.48,true
2026.05.27 12:15:00,LONG,ASIA_LOW|20260527,SSRP|ASIA_LOW|20260527|1779883500,SSRP|ASIA_LOW|20260527|1779883500|FINAL,SSRP|ASIA_LOW|20260527|1779883500|FINAL,4494.63,4494.63,4488.41,4488.41,4507.07,4507.07,true
2026.05.27 12:50:00,LONG,ASIA_LOW|20260527,SSRP|ASIA_LOW|20260527|1779885900,SSRP|ASIA_LOW|20260527|1779885900|FINAL,SSRP|ASIA_LOW|20260527|1779885900|FINAL,4492.56,4492.56,4488.05,4488.05,4501.57,4501.57,true
2026.05.28 17:20:00,SHORT,ASIA_HIGH|20260528,SSRP|ASIA_HIGH|20260528|1779988500,SSRP|ASIA_HIGH|20260528|1779988500|FINAL,SSRP|ASIA_HIGH|20260528|1779988500|FINAL,4461.41,4461.41,4474.09,4474.09,4436.05,4436.05,true
2026.05.28 17:35:00,SHORT,ASIA_HIGH|20260528,SSRP|ASIA_HIGH|20260528|1779989400,SSRP|ASIA_HIGH|20260528|1779989400|FINAL,SSRP|ASIA_HIGH|20260528|1779989400|FINAL,4459.69,4459.69,4468.52,4468.52,4442.02,4442.02,true
2026.05.29 09:05:00,SHORT,ASIA_HIGH|20260529,SSRP|ASIA_HIGH|20260529|1780045200,SSRP|ASIA_HIGH|20260529|1780045200|FINAL,SSRP|ASIA_HIGH|20260529|1780045200|FINAL,4514.36,4514.36,4522.56,4522.56,4497.96,4497.96,true
2026.05.29 10:00:00,SHORT,ASIA_HIGH|20260529,SSRP|ASIA_HIGH|20260529|1780048200,SSRP|ASIA_HIGH|20260529|1780048200|FINAL,SSRP|ASIA_HIGH|20260529|1780048200|FINAL,4519.03,4519.03,4524.46,4524.46,4508.16,4508.16,true
2026.05.29 10:05:00,SHORT,ASIA_HIGH|20260529,SSRP|ASIA_HIGH|20260529|1780048800,SSRP|ASIA_HIGH|20260529|1780048800|FINAL,SSRP|ASIA_HIGH|20260529|1780048800|FINAL,4519.16,4519.16,4524.28,4524.28,4508.93,4508.93,true
2026.05.29 11:00:00,SHORT,ASIA_HIGH|20260529,SSRP|ASIA_HIGH|20260529|1780052100,SSRP|ASIA_HIGH|20260529|1780052100|FINAL,SSRP|ASIA_HIGH|20260529|1780052100|FINAL,4519.41,4519.41,4525.87,4525.87,4506.48,4506.48,true
2026.05.29 11:05:00,SHORT,ASIA_HIGH|20260529,SSRP|ASIA_HIGH|20260529|1780052400,SSRP|ASIA_HIGH|20260529|1780052400|FINAL,SSRP|ASIA_HIGH|20260529|1780052400|FINAL,4516.00,4516.00,4525.07,4525.07,4497.85,4497.85,true
2026.05.29 15:30:00,SHORT,ASIA_HIGH|20260529,SSRP|ASIA_HIGH|20260529|1780068000,SSRP|ASIA_HIGH|20260529|1780068000|FINAL,SSRP|ASIA_HIGH|20260529|1780068000|FINAL,4517.24,4517.24,4530.66,4530.66,4490.41,4490.41,true
2026.05.29 15:35:00,SHORT,ASIA_HIGH|20260529,SSRP|ASIA_HIGH|20260529|1780068600,SSRP|ASIA_HIGH|20260529|1780068600|FINAL,SSRP|ASIA_HIGH|20260529|1780068600|FINAL,4517.37,4517.37,4523.89,4523.89,4504.33,4504.33,true
2026.06.01 09:25:00,LONG,ASIA_LOW|20260601,SSRP|ASIA_LOW|20260601|1780305600,SSRP|ASIA_LOW|20260601|1780305600|FINAL,SSRP|ASIA_LOW|20260601|1780305600|FINAL,4514.03,4514.03,4504.74,4504.74,4532.62,4532.62,true
2026.06.01 09:30:00,LONG,ASIA_LOW|20260601,SSRP|ASIA_LOW|20260601|1780305900,SSRP|ASIA_LOW|20260601|1780305900|FINAL,SSRP|ASIA_LOW|20260601|1780305900|FINAL,4510.66,4510.66,4505.26,4505.26,4521.45,4521.45,true
2026.06.01 13:45:00,LONG,ASIA_LOW|20260601,SSRP|ASIA_LOW|20260601|1780321200,SSRP|ASIA_LOW|20260601|1780321200|FINAL,SSRP|ASIA_LOW|20260601|1780321200|FINAL,4509.32,4509.32,4503.06,4503.06,4521.84,4521.84,true
2026.06.01 14:15:00,LONG,ASIA_LOW|20260601,SSRP|ASIA_LOW|20260601|1780323000,SSRP|ASIA_LOW|20260601|1780323000|FINAL,SSRP|ASIA_LOW|20260601|1780323000|FINAL,4509.79,4509.79,4503.05,4503.05,4523.26,4523.26,true
2026.06.01 14:25:00,LONG,ASIA_LOW|20260601,SSRP|ASIA_LOW|20260601|1780323300,SSRP|ASIA_LOW|20260601|1780323300|FINAL,SSRP|ASIA_LOW|20260601|1780323300|FINAL,4510.68,4510.68,4503.99,4503.99,4524.07,4524.07,true
2026.06.01 14:35:00,LONG,ASIA_LOW|20260601,SSRP|ASIA_LOW|20260601|1780323900,SSRP|ASIA_LOW|20260601|1780323900|FINAL,SSRP|ASIA_LOW|20260601|1780323900|FINAL,4510.07,4510.07,4505.90,4505.90,4518.40,4518.40,true
2026.06.02 08:55:00,SHORT,ASIA_HIGH|20260602,SSRP|ASIA_HIGH|20260602|1780389900,SSRP|ASIA_HIGH|20260602|1780389900|FINAL,SSRP|ASIA_HIGH|20260602|1780389900|FINAL,4517.05,4517.05,4526.56,4526.56,4498.04,4498.04,true
2026.06.02 15:50:00,SHORT,ASIA_HIGH|20260602,SSRP|ASIA_HIGH|20260602|1780414800,SSRP|ASIA_HIGH|20260602|1780414800|FINAL,SSRP|ASIA_HIGH|20260602|1780414800|FINAL,4515.04,4515.04,4527.56,4527.56,4490.00,4490.00,true
2026.06.02 15:55:00,SHORT,ASIA_HIGH|20260602,SSRP|ASIA_HIGH|20260602|1780415400,SSRP|ASIA_HIGH|20260602|1780415400|FINAL,SSRP|ASIA_HIGH|20260602|1780415400|FINAL,4514.80,4514.80,4521.63,4521.63,4501.14,4501.14,true
2026.06.02 16:05:00,SHORT,ASIA_HIGH|20260602,SSRP|ASIA_HIGH|20260602|1780416000,SSRP|ASIA_HIGH|20260602|1780416000|FINAL,SSRP|ASIA_HIGH|20260602|1780416000|FINAL,4516.49,4516.49,4524.90,4524.90,4499.68,4499.68,true
2026.06.02 16:10:00,SHORT,ASIA_HIGH|20260602,SSRP|ASIA_HIGH|20260602|1780416300,SSRP|ASIA_HIGH|20260602|1780416300|FINAL,SSRP|ASIA_HIGH|20260602|1780416300|FINAL,4514.06,4514.06,4524.91,4524.91,4492.36,4492.36,true
2026.06.03 08:35:00,LONG,ASIA_LOW|20260603,SSRP|ASIA_LOW|20260603|1780475400,SSRP|ASIA_LOW|20260603|1780475400|FINAL,SSRP|ASIA_LOW|20260603|1780475400|FINAL,4466.82,4466.82,4458.78,4458.78,4482.91,4482.91,true
2026.06.03 08:45:00,LONG,ASIA_LOW|20260603,SSRP|ASIA_LOW|20260603|1780476000,SSRP|ASIA_LOW|20260603|1780476000|FINAL,SSRP|ASIA_LOW|20260603|1780476000|FINAL,4465.92,4465.92,4460.00,4460.00,4477.76,4477.76,true
2026.06.03 08:50:00,LONG,ASIA_LOW|20260603,SSRP|ASIA_LOW|20260603|1780476300,SSRP|ASIA_LOW|20260603|1780476300|FINAL,SSRP|ASIA_LOW|20260603|1780476300|FINAL,4463.30,4463.30,4460.96,4460.96,4467.98,4467.98,true
2026.06.03 09:00:00,LONG,ASIA_LOW|20260603,SSRP|ASIA_LOW|20260603|1780476900,SSRP|ASIA_LOW|20260603|1780476900|FINAL,SSRP|ASIA_LOW|20260603|1780476900|FINAL,4466.89,4466.89,4456.33,4456.33,4488.02,4488.02,true
2026.06.03 09:05:00,LONG,ASIA_LOW|20260603,SSRP|ASIA_LOW|20260603|1780477200,SSRP|ASIA_LOW|20260603|1780477200|FINAL,SSRP|ASIA_LOW|20260603|1780477200|FINAL,4465.16,4465.16,4456.62,4456.62,4482.25,4482.25,true
2026.06.03 09:25:00,LONG,ASIA_LOW|20260603,SSRP|ASIA_LOW|20260603|1780478400,SSRP|ASIA_LOW|20260603|1780478400|FINAL,SSRP|ASIA_LOW|20260603|1780478400|FINAL,4462.56,4462.56,4458.58,4458.58,4470.52,4470.52,true
2026.06.03 09:35:00,LONG,ASIA_LOW|20260603,SSRP|ASIA_LOW|20260603|1780478700,SSRP|ASIA_LOW|20260603|1780478700|FINAL,SSRP|ASIA_LOW|20260603|1780478700|FINAL,4462.94,4462.94,4456.96,4456.96,4474.89,4474.89,true
2026.06.03 09:55:00,LONG,ASIA_LOW|20260603,SSRP|ASIA_LOW|20260603|1780480200,SSRP|ASIA_LOW|20260603|1780480200|FINAL,SSRP|ASIA_LOW|20260603|1780480200|FINAL,4463.06,4463.06,4457.37,4457.37,4474.45,4474.45,true
2026.06.03 10:00:00,LONG,ASIA_LOW|20260603,SSRP|ASIA_LOW|20260603|1780480500,SSRP|ASIA_LOW|20260603|1780480500|FINAL,SSRP|ASIA_LOW|20260603|1780480500|FINAL,4465.07,4465.07,4457.96,4457.96,4479.28,4479.28,true
2026.06.03 10:05:00,LONG,ASIA_LOW|20260603,SSRP|ASIA_LOW|20260603|1780480800,SSRP|ASIA_LOW|20260603|1780480800|FINAL,SSRP|ASIA_LOW|20260603|1780480800|FINAL,4468.82,4468.82,4459.62,4459.62,4487.22,4487.22,true
2026.06.03 13:10:00,LONG,ASIA_LOW|20260603,SSRP|ASIA_LOW|20260603|1780491600,SSRP|ASIA_LOW|20260603|1780491600|FINAL,SSRP|ASIA_LOW|20260603|1780491600|FINAL,4462.93,4462.93,4440.63,4440.63,4507.53,4507.53,true
2026.06.03 13:15:00,LONG,ASIA_LOW|20260603,SSRP|ASIA_LOW|20260603|1780492200,SSRP|ASIA_LOW|20260603|1780492200|FINAL,SSRP|ASIA_LOW|20260603|1780492200|FINAL,4462.58,4462.58,4459.04,4459.04,4469.67,4469.67,true
2026.06.03 14:00:00,LONG,ASIA_LOW|20260603,SSRP|ASIA_LOW|20260603|1780494900,SSRP|ASIA_LOW|20260603|1780494900|FINAL,SSRP|ASIA_LOW|20260603|1780494900|FINAL,4464.32,4464.32,4458.12,4458.12,4476.72,4476.72,true
2026.06.03 14:05:00,LONG,ASIA_LOW|20260603,SSRP|ASIA_LOW|20260603|1780495200,SSRP|ASIA_LOW|20260603|1780495200|FINAL,SSRP|ASIA_LOW|20260603|1780495200|FINAL,4463.04,4463.04,4458.65,4458.65,4471.82,4471.82,true
2026.06.03 14:20:00,LONG,ASIA_LOW|20260603,SSRP|ASIA_LOW|20260603|1780495800,SSRP|ASIA_LOW|20260603|1780495800|FINAL,SSRP|ASIA_LOW|20260603|1780495800|FINAL,4462.90,4462.90,4458.74,4458.74,4471.22,4471.22,true
2026.06.03 14:25:00,LONG,ASIA_LOW|20260603,SSRP|ASIA_LOW|20260603|1780496400,SSRP|ASIA_LOW|20260603|1780496400|FINAL,SSRP|ASIA_LOW|20260603|1780496400|FINAL,4464.56,4464.56,4460.81,4460.81,4472.05,4472.05,true
2026.06.03 14:45:00,LONG,ASIA_LOW|20260603,SSRP|ASIA_LOW|20260603|1780497600,SSRP|ASIA_LOW|20260603|1780497600|FINAL,SSRP|ASIA_LOW|20260603|1780497600|FINAL,4462.42,4462.42,4458.22,4458.22,4470.82,4470.82,true
2026.06.03 14:50:00,LONG,ASIA_LOW|20260603,SSRP|ASIA_LOW|20260603|1780497900,SSRP|ASIA_LOW|20260603|1780497900|FINAL,SSRP|ASIA_LOW|20260603|1780497900|FINAL,4462.59,4462.59,4458.23,4458.23,4471.31,4471.31,true
2026.06.03 16:00:00,LONG,ASIA_LOW|20260603,SSRP|ASIA_LOW|20260603|1780501200,SSRP|ASIA_LOW|20260603|1780501200|FINAL,SSRP|ASIA_LOW|20260603|1780501200|FINAL,4463.34,4463.34,4449.56,4449.56,4490.91,4490.91,true
2026.06.03 16:05:00,LONG,ASIA_LOW|20260603,SSRP|ASIA_LOW|20260603|1780502400,SSRP|ASIA_LOW|20260603|1780502400|FINAL,SSRP|ASIA_LOW|20260603|1780502400|FINAL,4462.58,4462.58,4457.69,4457.69,4472.36,4472.36,true
2026.06.04 17:35:00,SHORT,ASIA_HIGH|20260604,SSRP|ASIA_HIGH|20260604|1780593000,SSRP|ASIA_HIGH|20260604|1780593000|FINAL,SSRP|ASIA_HIGH|20260604|1780593000|FINAL,4479.99,4479.99,4494.48,4494.48,4451.00,4451.00,true
2026.06.04 19:25:00,SHORT,ASIA_HIGH|20260604,SSRP|ASIA_HIGH|20260604|1780600500,SSRP|ASIA_HIGH|20260604|1780600500|FINAL,SSRP|ASIA_HIGH|20260604|1780600500|FINAL,4483.60,4483.60,4485.41,4485.41,4479.98,4479.98,true
2026.06.04 19:30:00,SHORT,ASIA_HIGH|20260604,SSRP|ASIA_HIGH|20260604|1780601100,SSRP|ASIA_HIGH|20260604|1780601100|FINAL,SSRP|ASIA_HIGH|20260604|1780601100|FINAL,4480.92,4480.92,4485.33,4485.33,4472.10,4472.10,true
2026.06.05 09:20:00,LONG,ASIA_LOW|20260605,SSRP|ASIA_LOW|20260605|1780650900,SSRP|ASIA_LOW|20260605|1780650900|FINAL,SSRP|ASIA_LOW|20260605|1780650900|FINAL,4443.82,4443.82,4428.41,4428.41,4474.63,4474.63,true
2026.06.08 09:00:00,LONG,ASIA_LOW|20260608,SSRP|ASIA_LOW|20260608|1780908900,SSRP|ASIA_LOW|20260608|1780908900|FINAL,SSRP|ASIA_LOW|20260608|1780908900|FINAL,4303.64,4303.64,4285.44,4285.44,4340.05,4340.05,true
2026.06.08 09:05:00,LONG,ASIA_LOW|20260608,SSRP|ASIA_LOW|20260608|1780909200,SSRP|ASIA_LOW|20260608|1780909200|FINAL,SSRP|ASIA_LOW|20260608|1780909200|FINAL,4302.63,4302.63,4291.59,4291.59,4324.71,4324.71,true
2026.06.08 10:05:00,LONG,ASIA_LOW|20260608,SSRP|ASIA_LOW|20260608|1780911300,SSRP|ASIA_LOW|20260608|1780911300|FINAL,SSRP|ASIA_LOW|20260608|1780911300|FINAL,4300.51,4300.51,4292.77,4292.77,4315.99,4315.99,true
2026.06.08 10:10:00,LONG,ASIA_LOW|20260608,SSRP|ASIA_LOW|20260608|1780913100,SSRP|ASIA_LOW|20260608|1780913100|FINAL,SSRP|ASIA_LOW|20260608|1780913100|FINAL,4305.14,4305.14,4294.39,4294.39,4326.63,4326.63,true
2026.06.08 10:15:00,LONG,ASIA_LOW|20260608,SSRP|ASIA_LOW|20260608|1780913400,SSRP|ASIA_LOW|20260608|1780913400|FINAL,SSRP|ASIA_LOW|20260608|1780913400|FINAL,4306.31,4306.31,4298.13,4298.13,4322.67,4322.67,true
2026.06.08 12:45:00,LONG,ASIA_LOW|20260608,SSRP|ASIA_LOW|20260608|1780922400,SSRP|ASIA_LOW|20260608|1780922400|FINAL,SSRP|ASIA_LOW|20260608|1780922400|FINAL,4301.11,4301.11,4289.20,4289.20,4324.93,4324.93,true
2026.06.08 13:30:00,LONG,ASIA_LOW|20260608,SSRP|ASIA_LOW|20260608|1780925100,SSRP|ASIA_LOW|20260608|1780925100|FINAL,SSRP|ASIA_LOW|20260608|1780925100|FINAL,4303.55,4303.55,4289.71,4289.71,4331.23,4331.23,true
2026.06.08 13:40:00,LONG,ASIA_LOW|20260608,SSRP|ASIA_LOW|20260608|1780925400,SSRP|ASIA_LOW|20260608|1780925400|FINAL,SSRP|ASIA_LOW|20260608|1780925400|FINAL,4305.16,4305.16,4291.86,4291.86,4331.75,4331.75,true
2026.06.08 13:55:00,LONG,ASIA_LOW|20260608,SSRP|ASIA_LOW|20260608|1780926600,SSRP|ASIA_LOW|20260608|1780926600|FINAL,SSRP|ASIA_LOW|20260608|1780926600|FINAL,4302.05,4302.05,4296.37,4296.37,4313.41,4313.41,true
2026.06.08 14:05:00,LONG,ASIA_LOW|20260608,SSRP|ASIA_LOW|20260608|1780926900,SSRP|ASIA_LOW|20260608|1780926900|FINAL,SSRP|ASIA_LOW|20260608|1780926900|FINAL,4306.08,4306.08,4296.38,4296.38,4325.48,4325.48,true
2026.06.09 09:10:00,SHORT,ASIA_HIGH|20260609,SSRP|ASIA_HIGH|20260609|1780995000,SSRP|ASIA_HIGH|20260609|1780995000|FINAL,SSRP|ASIA_HIGH|20260609|1780995000|FINAL,4341.36,4341.36,4349.05,4349.05,4325.97,4325.97,true
2026.06.09 09:25:00,SHORT,ASIA_HIGH|20260609,SSRP|ASIA_HIGH|20260609|1780996200,SSRP|ASIA_HIGH|20260609|1780996200|FINAL,SSRP|ASIA_HIGH|20260609|1780996200|FINAL,4339.20,4339.20,4346.19,4346.19,4325.21,4325.21,true
2026.06.09 09:30:00,SHORT,ASIA_HIGH|20260609,SSRP|ASIA_HIGH|20260609|1780997100,SSRP|ASIA_HIGH|20260609|1780997100|FINAL,SSRP|ASIA_HIGH|20260609|1780997100|FINAL,4333.87,4333.87,4345.56,4345.56,4310.50,4310.50,true
2026.06.09 14:55:00,SHORT,ASIA_HIGH|20260609,SSRP|ASIA_HIGH|20260609|1781016600,SSRP|ASIA_HIGH|20260609|1781016600|FINAL,SSRP|ASIA_HIGH|20260609|1781016600|FINAL,4339.87,4339.87,4343.97,4343.97,4331.68,4331.68,true
2026.06.09 15:10:00,SHORT,ASIA_HIGH|20260609,SSRP|ASIA_HIGH|20260609|1781016900,SSRP|ASIA_HIGH|20260609|1781016900|FINAL,SSRP|ASIA_HIGH|20260609|1781016900|FINAL,4341.11,4341.11,4344.21,4344.21,4334.91,4334.91,true
2026.06.09 15:20:00,SHORT,ASIA_HIGH|20260609,SSRP|ASIA_HIGH|20260609|1781017800,SSRP|ASIA_HIGH|20260609|1781017800|FINAL,SSRP|ASIA_HIGH|20260609|1781017800|FINAL,4338.61,4338.61,4344.22,4344.22,4327.40,4327.40,true
2026.06.09 15:25:00,SHORT,ASIA_HIGH|20260609,SSRP|ASIA_HIGH|20260609|1781018400,SSRP|ASIA_HIGH|20260609|1781018400|FINAL,SSRP|ASIA_HIGH|20260609|1781018400|FINAL,4335.83,4335.83,4343.14,4343.14,4321.21,4321.21,true
2026.06.09 15:50:00,SHORT,ASIA_HIGH|20260609,SSRP|ASIA_HIGH|20260609|1781019900,SSRP|ASIA_HIGH|20260609|1781019900|FINAL,SSRP|ASIA_HIGH|20260609|1781019900|FINAL,4337.40,4337.40,4344.49,4344.49,4323.21,4323.21,true
2026.06.09 15:55:00,SHORT,ASIA_HIGH|20260609,SSRP|ASIA_HIGH|20260609|1781020200,SSRP|ASIA_HIGH|20260609|1781020200|FINAL,SSRP|ASIA_HIGH|20260609|1781020200|FINAL,4341.33,4341.33,4343.92,4343.92,4336.15,4336.15,true
2026.06.09 16:05:00,SHORT,ASIA_HIGH|20260609,SSRP|ASIA_HIGH|20260609|1781020800,SSRP|ASIA_HIGH|20260609|1781020800|FINAL,SSRP|ASIA_HIGH|20260609|1781020800|FINAL,4341.34,4341.34,4345.78,4345.78,4332.47,4332.47,true
2026.06.09 16:10:00,SHORT,ASIA_HIGH|20260609,SSRP|ASIA_HIGH|20260609|1781021100,SSRP|ASIA_HIGH|20260609|1781021100|FINAL,SSRP|ASIA_HIGH|20260609|1781021100|FINAL,4340.98,4340.98,4344.49,4344.49,4333.95,4333.95,true
2026.06.09 16:50:00,SHORT,ASIA_HIGH|20260609,SSRP|ASIA_HIGH|20260609|1781023500,SSRP|ASIA_HIGH|20260609|1781023500|FINAL,SSRP|ASIA_HIGH|20260609|1781023500|FINAL,4334.22,4334.22,4363.70,4363.70,4275.27,4275.27,true
2026.06.09 16:55:00,SHORT,ASIA_HIGH|20260609,SSRP|ASIA_HIGH|20260609|1781023800,SSRP|ASIA_HIGH|20260609|1781023800|FINAL,SSRP|ASIA_HIGH|20260609|1781023800|FINAL,4329.02,4329.02,4353.26,4353.26,4280.54,4280.54,true
2026.06.09 17:20:00,LONG,ASIA_LOW|20260609,SSRP|ASIA_LOW|20260609|1781025300,SSRP|ASIA_LOW|20260609|1781025300|FINAL,SSRP|ASIA_LOW|20260609|1781025300|FINAL,4318.45,4318.45,4305.32,4305.32,4344.71,4344.71,true
2026.06.09 17:25:00,LONG,ASIA_LOW|20260609,SSRP|ASIA_LOW|20260609|1781025600,SSRP|ASIA_LOW|20260609|1781025600|FINAL,SSRP|ASIA_LOW|20260609|1781025600|FINAL,4318.25,4318.25,4308.69,4308.69,4337.36,4337.36,true
2026.06.10 11:15:00,LONG,ASIA_LOW|20260610,SSRP|ASIA_LOW|20260610|1781089800,SSRP|ASIA_LOW|20260610|1781089800|FINAL,SSRP|ASIA_LOW|20260610|1781089800|FINAL,4173.51,4173.51,4161.18,4161.18,4198.17,4198.17,true
2026.06.10 11:35:00,LONG,ASIA_LOW|20260610,SSRP|ASIA_LOW|20260610|1781091000,SSRP|ASIA_LOW|20260610|1781091000|FINAL,SSRP|ASIA_LOW|20260610|1781091000|FINAL,4172.94,4172.94,4166.03,4166.03,4186.76,4186.76,true
2026.06.10 11:45:00,LONG,ASIA_LOW|20260610,SSRP|ASIA_LOW|20260610|1781091300,SSRP|ASIA_LOW|20260610|1781091300|FINAL,SSRP|ASIA_LOW|20260610|1781091300|FINAL,4174.32,4174.32,4166.08,4166.08,4190.81,4190.81,true
2026.06.10 12:30:00,LONG,ASIA_LOW|20260610,SSRP|ASIA_LOW|20260610|1781094300,SSRP|ASIA_LOW|20260610|1781094300|FINAL,SSRP|ASIA_LOW|20260610|1781094300|FINAL,4176.72,4176.72,4163.96,4163.96,4202.23,4202.23,true
2026.06.10 13:45:00,LONG,ASIA_LOW|20260610,SSRP|ASIA_LOW|20260610|1781098500,SSRP|ASIA_LOW|20260610|1781098500|FINAL,SSRP|ASIA_LOW|20260610|1781098500|FINAL,4177.37,4177.37,4163.94,4163.94,4204.24,4204.24,true
2026.06.10 13:55:00,LONG,ASIA_LOW|20260610,SSRP|ASIA_LOW|20260610|1781099100,SSRP|ASIA_LOW|20260610|1781099100|FINAL,SSRP|ASIA_LOW|20260610|1781099100|FINAL,4174.70,4174.70,4169.40,4169.40,4185.31,4185.31,true
2026.06.10 16:40:00,LONG,ASIA_LOW|20260610,SSRP|ASIA_LOW|20260610|1781109000,SSRP|ASIA_LOW|20260610|1781109000|FINAL,SSRP|ASIA_LOW|20260610|1781109000|FINAL,4178.90,4178.90,4141.40,4141.40,4253.91,4253.91,true
2026.06.10 16:45:00,LONG,ASIA_LOW|20260610,SSRP|ASIA_LOW|20260610|1781109600,SSRP|ASIA_LOW|20260610|1781109600|FINAL,SSRP|ASIA_LOW|20260610|1781109600|FINAL,4185.62,4185.62,4162.84,4162.84,4231.17,4231.17,true
2026.06.10 17:10:00,LONG,ASIA_LOW|20260610,SSRP|ASIA_LOW|20260610|1781111100,SSRP|ASIA_LOW|20260610|1781111100|FINAL,SSRP|ASIA_LOW|20260610|1781111100|FINAL,4174.31,4174.31,4169.51,4169.51,4183.92,4183.92,true
2026.06.12 10:35:00,LONG,ASIA_LOW|20260612,SSRP|ASIA_LOW|20260612|1781260200,SSRP|ASIA_LOW|20260612|1781260200|FINAL,SSRP|ASIA_LOW|20260612|1781260200|FINAL,4178.80,4178.80,4169.80,4169.80,4196.81,4196.81,true
2026.06.15 11:55:00,SHORT,ASIA_HIGH|20260615,SSRP|ASIA_HIGH|20260615|1781524200,SSRP|ASIA_HIGH|20260615|1781524200|FINAL,SSRP|ASIA_HIGH|20260615|1781524200|FINAL,4334.26,4334.26,4339.65,4339.65,4323.47,4323.47,true
2026.06.15 14:45:00,SHORT,ASIA_HIGH|20260615,SSRP|ASIA_HIGH|20260615|1781534400,SSRP|ASIA_HIGH|20260615|1781534400|FINAL,SSRP|ASIA_HIGH|20260615|1781534400|FINAL,4333.76,4333.76,4347.76,4347.76,4305.77,4305.77,true
2026.06.15 15:05:00,SHORT,ASIA_HIGH|20260615,SSRP|ASIA_HIGH|20260615|1781534700,SSRP|ASIA_HIGH|20260615|1781534700|FINAL,SSRP|ASIA_HIGH|20260615|1781534700|FINAL,4334.60,4334.60,4338.95,4338.95,4325.90,4325.90,true
2026.06.15 15:10:00,SHORT,ASIA_HIGH|20260615,SSRP|ASIA_HIGH|20260615|1781535900,SSRP|ASIA_HIGH|20260615|1781535900|FINAL,SSRP|ASIA_HIGH|20260615|1781535900|FINAL,4331.09,4331.09,4338.58,4338.58,4316.12,4316.12,true
2026.06.15 15:15:00,SHORT,ASIA_HIGH|20260615,SSRP|ASIA_HIGH|20260615|1781536200,SSRP|ASIA_HIGH|20260615|1781536200|FINAL,SSRP|ASIA_HIGH|20260615|1781536200|FINAL,4327.06,4327.06,4338.60,4338.60,4303.98,4303.98,true
2026.06.15 20:00:00,SHORT,ASIA_HIGH|20260615,SSRP|ASIA_HIGH|20260615|1781553300,SSRP|ASIA_HIGH|20260615|1781553300|FINAL,SSRP|ASIA_HIGH|20260615|1781553300|FINAL,4333.89,4333.89,4340.74,4340.74,4320.19,4320.19,true
2026.06.15 20:05:00,SHORT,ASIA_HIGH|20260615,SSRP|ASIA_HIGH|20260615|1781553600,SSRP|ASIA_HIGH|20260615|1781553600|FINAL,SSRP|ASIA_HIGH|20260615|1781553600|FINAL,4332.37,4332.37,4339.56,4339.56,4317.98,4317.98,true
2026.06.16 16:55:00,SHORT,ASIA_HIGH|20260616,SSRP|ASIA_HIGH|20260616|1781628600,SSRP|ASIA_HIGH|20260616|1781628600|FINAL,SSRP|ASIA_HIGH|20260616|1781628600|FINAL,4331.83,4331.83,4340.57,4340.57,4314.35,4314.35,true
2026.06.16 17:15:00,SHORT,ASIA_HIGH|20260616,SSRP|ASIA_HIGH|20260616|1781629200,SSRP|ASIA_HIGH|20260616|1781629200|FINAL,SSRP|ASIA_HIGH|20260616|1781629200|FINAL,4323.21,4323.21,4339.03,4339.03,4291.57,4291.57,true
2026.06.16 17:20:00,SHORT,ASIA_HIGH|20260616,SSRP|ASIA_HIGH|20260616|1781630100,SSRP|ASIA_HIGH|20260616|1781630100|FINAL,SSRP|ASIA_HIGH|20260616|1781630100|FINAL,4325.11,4325.11,4335.79,4335.79,4303.74,4303.74,true
2026.06.16 20:15:00,SHORT,ASIA_HIGH|20260616,SSRP|ASIA_HIGH|20260616|1781640600,SSRP|ASIA_HIGH|20260616|1781640600|FINAL,SSRP|ASIA_HIGH|20260616|1781640600|FINAL,4331.30,4331.30,4340.14,4340.14,4313.62,4313.62,true
2026.06.16 20:20:00,SHORT,ASIA_HIGH|20260616,SSRP|ASIA_HIGH|20260616|1781640900,SSRP|ASIA_HIGH|20260616|1781640900|FINAL,SSRP|ASIA_HIGH|20260616|1781640900|FINAL,4328.53,4328.53,4336.27,4336.27,4313.04,4313.04,true
2026.06.16 23:00:00,SHORT,ASIA_HIGH|20260616,SSRP|ASIA_HIGH|20260616|1781649900,SSRP|ASIA_HIGH|20260616|1781649900|FINAL,SSRP|ASIA_HIGH|20260616|1781649900|FINAL,4332.57,4332.57,4339.89,4339.89,4317.93,4317.93,true
2026.06.16 23:05:00,SHORT,ASIA_HIGH|20260616,SSRP|ASIA_HIGH|20260616|1781650800,SSRP|ASIA_HIGH|20260616|1781650800|FINAL,SSRP|ASIA_HIGH|20260616|1781650800|FINAL,4332.17,4332.17,4334.24,4334.24,4328.03,4328.03,true
2026.06.16 23:25:00,SHORT,ASIA_HIGH|20260616,SSRP|ASIA_HIGH|20260616|1781652000,SSRP|ASIA_HIGH|20260616|1781652000|FINAL,SSRP|ASIA_HIGH|20260616|1781652000|FINAL,4332.85,4332.85,4334.15,4334.15,4330.25,4330.25,true
2026.06.16 23:30:00,SHORT,ASIA_HIGH|20260616,SSRP|ASIA_HIGH|20260616|1781652300,SSRP|ASIA_HIGH|20260616|1781652300|FINAL,SSRP|ASIA_HIGH|20260616|1781652300|FINAL,4332.02,4332.02,4334.15,4334.15,4327.76,4327.76,true
2026.06.16 23:45:00,SHORT,ASIA_HIGH|20260616,SSRP|ASIA_HIGH|20260616|1781652900,SSRP|ASIA_HIGH|20260616|1781652900|FINAL,SSRP|ASIA_HIGH|20260616|1781652900|FINAL,4331.87,4331.87,4335.06,4335.06,4325.50,4325.50,true
2026.06.17 17:45:00,SHORT,ASIA_HIGH|20260617,SSRP|ASIA_HIGH|20260617|1781717400,SSRP|ASIA_HIGH|20260617|1781717400|FINAL,SSRP|ASIA_HIGH|20260617|1781717400|FINAL,4345.87,4345.87,4364.50,4364.50,4308.61,4308.61,true
2026.06.17 17:50:00,SHORT,ASIA_HIGH|20260617,SSRP|ASIA_HIGH|20260617|1781718300,SSRP|ASIA_HIGH|20260617|1781718300|FINAL,SSRP|ASIA_HIGH|20260617|1781718300|FINAL,4346.95,4346.95,4355.98,4355.98,4328.89,4328.89,true
2026.06.17 17:55:00,SHORT,ASIA_HIGH|20260617,SSRP|ASIA_HIGH|20260617|1781718600,SSRP|ASIA_HIGH|20260617|1781718600|FINAL,SSRP|ASIA_HIGH|20260617|1781718600|FINAL,4344.62,4344.62,4352.43,4352.43,4329.00,4329.00,true
2026.06.17 21:00:00,SHORT,ASIA_HIGH|20260617,SSRP|ASIA_HIGH|20260617|1781729700,SSRP|ASIA_HIGH|20260617|1781729700|FINAL,SSRP|ASIA_HIGH|20260617|1781729700|FINAL,4316.46,4316.46,4381.97,4381.97,4185.44,4185.44,true
2026.06.17 21:05:00,SHORT,ASIA_HIGH|20260617,SSRP|ASIA_HIGH|20260617|1781730000,SSRP|ASIA_HIGH|20260617|1781730000|FINAL,SSRP|ASIA_HIGH|20260617|1781730000|FINAL,4294.86,4294.86,4380.56,4380.56,4123.47,4123.47,true
2026.06.17 21:40:00,LONG,ASIA_LOW|20260617,SSRP|ASIA_LOW|20260617|1781732100,SSRP|ASIA_LOW|20260617|1781732100|FINAL,SSRP|ASIA_LOW|20260617|1781732100|FINAL,4323.69,4323.69,4269.73,4269.73,4431.62,4431.62,true
2026.06.17 21:45:00,LONG,ASIA_LOW|20260617,SSRP|ASIA_LOW|20260617|1781732400,SSRP|ASIA_LOW|20260617|1781732400|FINAL,SSRP|ASIA_LOW|20260617|1781732400|FINAL,4318.87,4318.87,4295.11,4295.11,4366.39,4366.39,true
2026.06.18 15:10:00,LONG,ASIA_LOW|20260618,SSRP|ASIA_LOW|20260618|1781795100,SSRP|ASIA_LOW|20260618|1781795100|FINAL,SSRP|ASIA_LOW|20260618|1781795100|FINAL,4256.32,4256.32,4240.16,4240.16,4288.64,4288.64,true
2026.06.18 15:15:00,LONG,ASIA_LOW|20260618,SSRP|ASIA_LOW|20260618|1781795400,SSRP|ASIA_LOW|20260618|1781795400|FINAL,SSRP|ASIA_LOW|20260618|1781795400|FINAL,4260.02,4260.02,4242.76,4242.76,4294.55,4294.55,true
2026.06.18 16:10:00,LONG,ASIA_LOW|20260618,SSRP|ASIA_LOW|20260618|1781798400,SSRP|ASIA_LOW|20260618|1781798400|FINAL,SSRP|ASIA_LOW|20260618|1781798400|FINAL,4259.35,4259.35,4244.64,4244.64,4288.77,4288.77,true
2026.06.18 16:15:00,LONG,ASIA_LOW|20260618,SSRP|ASIA_LOW|20260618|1781799000,SSRP|ASIA_LOW|20260618|1781799000|FINAL,SSRP|ASIA_LOW|20260618|1781799000|FINAL,4258.45,4258.45,4251.18,4251.18,4272.99,4272.99,true
2026.06.19 08:10:00,LONG,ASIA_LOW|20260619,SSRP|ASIA_LOW|20260619|1781856000,SSRP|ASIA_LOW|20260619|1781856000|FINAL,SSRP|ASIA_LOW|20260619|1781856000|FINAL,4130.45,4130.45,4121.41,4121.41,4148.54,4148.54,true
2026.06.19 08:15:00,LONG,ASIA_LOW|20260619,SSRP|ASIA_LOW|20260619|1781856600,SSRP|ASIA_LOW|20260619|1781856600|FINAL,SSRP|ASIA_LOW|20260619|1781856600|FINAL,4128.07,4128.07,4123.80,4123.80,4136.60,4136.60,true
2026.06.23 09:10:00,LONG,ASIA_LOW|20260623,SSRP|ASIA_LOW|20260623|1782205500,SSRP|ASIA_LOW|20260623|1782205500|FINAL,SSRP|ASIA_LOW|20260623|1782205500|FINAL,4122.58,4122.58,4110.85,4110.85,4146.04,4146.04,true
2026.06.23 09:15:00,LONG,ASIA_LOW|20260623,SSRP|ASIA_LOW|20260623|1782205800,SSRP|ASIA_LOW|20260623|1782205800|FINAL,SSRP|ASIA_LOW|20260623|1782205800|FINAL,4122.41,4122.41,4110.87,4110.87,4145.50,4145.50,true
2026.06.23 09:45:00,LONG,ASIA_LOW|20260623,SSRP|ASIA_LOW|20260623|1782207600,SSRP|ASIA_LOW|20260623|1782207600|FINAL,SSRP|ASIA_LOW|20260623|1782207600|FINAL,4115.56,4115.56,4110.01,4110.01,4126.65,4126.65,true
2026.06.23 09:50:00,LONG,ASIA_LOW|20260623,SSRP|ASIA_LOW|20260623|1782207900,SSRP|ASIA_LOW|20260623|1782207900|FINAL,SSRP|ASIA_LOW|20260623|1782207900|FINAL,4118.26,4118.26,4110.03,4110.03,4134.72,4134.72,true
2026.06.23 10:05:00,LONG,ASIA_LOW|20260623,SSRP|ASIA_LOW|20260623|1782208800,SSRP|ASIA_LOW|20260623|1782208800|FINAL,SSRP|ASIA_LOW|20260623|1782208800|FINAL,4121.27,4121.27,4109.77,4109.77,4144.27,4144.27,true
2026.06.23 10:15:00,LONG,ASIA_LOW|20260623,SSRP|ASIA_LOW|20260623|1782209400,SSRP|ASIA_LOW|20260623|1782209400|FINAL,SSRP|ASIA_LOW|20260623|1782209400|FINAL,4117.63,4117.63,4111.61,4111.61,4129.68,4129.68,true
2026.06.23 12:20:00,LONG,ASIA_LOW|20260623,SSRP|ASIA_LOW|20260623|1782216900,SSRP|ASIA_LOW|20260623|1782216900|FINAL,SSRP|ASIA_LOW|20260623|1782216900|FINAL,4115.97,4115.97,4108.49,4108.49,4130.93,4130.93,true
2026.06.23 12:30:00,LONG,ASIA_LOW|20260623,SSRP|ASIA_LOW|20260623|1782217200,SSRP|ASIA_LOW|20260623|1782217200|FINAL,SSRP|ASIA_LOW|20260623|1782217200|FINAL,4116.82,4116.82,4110.94,4110.94,4128.58,4128.58,true
2026.06.23 12:35:00,LONG,ASIA_LOW|20260623,SSRP|ASIA_LOW|20260623|1782217800,SSRP|ASIA_LOW|20260623|1782217800|FINAL,SSRP|ASIA_LOW|20260623|1782217800|FINAL,4118.46,4118.46,4112.06,4112.06,4131.27,4131.27,true
2026.06.23 15:15:00,LONG,ASIA_LOW|20260623,SSRP|ASIA_LOW|20260623|1782227400,SSRP|ASIA_LOW|20260623|1782227400|FINAL,SSRP|ASIA_LOW|20260623|1782227400|FINAL,4117.76,4117.76,4111.48,4111.48,4130.32,4130.32,true
2026.06.23 15:20:00,LONG,ASIA_LOW|20260623,SSRP|ASIA_LOW|20260623|1782227700,SSRP|ASIA_LOW|20260623|1782227700|FINAL,SSRP|ASIA_LOW|20260623|1782227700|FINAL,4117.71,4117.71,4111.47,4111.47,4130.19,4130.19,true
2026.06.23 15:25:00,LONG,ASIA_LOW|20260623,SSRP|ASIA_LOW|20260623|1782228000,SSRP|ASIA_LOW|20260623|1782228000|FINAL,SSRP|ASIA_LOW|20260623|1782228000|FINAL,4115.09,4115.09,4112.28,4112.28,4120.71,4120.71,true
2026.06.23 15:50:00,LONG,ASIA_LOW|20260623,SSRP|ASIA_LOW|20260623|1782229500,SSRP|ASIA_LOW|20260623|1782229500|FINAL,SSRP|ASIA_LOW|20260623|1782229500|FINAL,4119.29,4119.29,4112.98,4112.98,4131.91,4131.91,true
2026.06.23 16:05:00,LONG,ASIA_LOW|20260623,SSRP|ASIA_LOW|20260623|1782230100,SSRP|ASIA_LOW|20260623|1782230100|FINAL,SSRP|ASIA_LOW|20260623|1782230100|FINAL,4116.43,4116.43,4107.78,4107.78,4133.72,4133.72,true
2026.06.23 16:20:00,LONG,ASIA_LOW|20260623,SSRP|ASIA_LOW|20260623|1782231300,SSRP|ASIA_LOW|20260623|1782231300|FINAL,SSRP|ASIA_LOW|20260623|1782231300|FINAL,4116.42,4116.42,4104.97,4104.97,4139.33,4139.33,true
2026.06.23 16:25:00,LONG,ASIA_LOW|20260623,SSRP|ASIA_LOW|20260623|1782231600,SSRP|ASIA_LOW|20260623|1782231600|FINAL,SSRP|ASIA_LOW|20260623|1782231600|FINAL,4115.98,4115.98,4104.97,4104.97,4138.00,4138.00,true
2026.06.23 16:35:00,LONG,ASIA_LOW|20260623,SSRP|ASIA_LOW|20260623|1782232200,SSRP|ASIA_LOW|20260623|1782232200|FINAL,SSRP|ASIA_LOW|20260623|1782232200|FINAL,4118.78,4118.78,4109.66,4109.66,4137.01,4137.01,true
2026.06.23 21:50:00,LONG,ASIA_LOW|20260623,SSRP|ASIA_LOW|20260623|1782251100,SSRP|ASIA_LOW|20260623|1782251100|FINAL,SSRP|ASIA_LOW|20260623|1782251100|FINAL,4115.77,4115.77,4113.10,4113.10,4121.12,4121.12,true
2026.06.24 14:50:00,LONG,ASIA_LOW|20260624,SSRP|ASIA_LOW|20260624|1782312300,SSRP|ASIA_LOW|20260624|1782312300|FINAL,SSRP|ASIA_LOW|20260624|1782312300|FINAL,4054.76,4054.76,4038.89,4038.89,4086.51,4086.51,true
2026.06.25 16:30:00,SHORT,ASIA_HIGH|20260625,SSRP|ASIA_HIGH|20260625|1782403800,SSRP|ASIA_HIGH|20260625|1782403800|FINAL,SSRP|ASIA_HIGH|20260625|1782403800|FINAL,4013.98,4013.98,4034.36,4034.36,3973.22,3973.22,true
2026.06.25 16:40:00,SHORT,ASIA_HIGH|20260625,SSRP|ASIA_HIGH|20260625|1782405000,SSRP|ASIA_HIGH|20260625|1782405000|FINAL,SSRP|ASIA_HIGH|20260625|1782405000|FINAL,4011.85,4011.85,4029.27,4029.27,3977.01,3977.01,true
2026.06.25 16:45:00,SHORT,ASIA_HIGH|20260625,SSRP|ASIA_HIGH|20260625|1782405600,SSRP|ASIA_HIGH|20260625|1782405600|FINAL,SSRP|ASIA_HIGH|20260625|1782405600|FINAL,4013.55,4013.55,4024.42,4024.42,3991.80,3991.80,true
2026.06.25 17:10:00,SHORT,ASIA_HIGH|20260625,SSRP|ASIA_HIGH|20260625|1782407100,SSRP|ASIA_HIGH|20260625|1782407100|FINAL,SSRP|ASIA_HIGH|20260625|1782407100|FINAL,4016.50,4016.50,4022.20,4022.20,4005.10,4005.10,true
2026.06.25 17:20:00,SHORT,ASIA_HIGH|20260625,SSRP|ASIA_HIGH|20260625|1782407700,SSRP|ASIA_HIGH|20260625|1782407700|FINAL,SSRP|ASIA_HIGH|20260625|1782407700|FINAL,4014.38,4014.38,4022.94,4022.94,3997.26,3997.26,true
2026.06.25 17:35:00,SHORT,ASIA_HIGH|20260625,SSRP|ASIA_HIGH|20260625|1782408600,SSRP|ASIA_HIGH|20260625|1782408600|FINAL,SSRP|ASIA_HIGH|20260625|1782408600|FINAL,4017.69,4017.69,4029.15,4029.15,3994.76,3994.76,true
2026.06.25 17:45:00,SHORT,ASIA_HIGH|20260625,SSRP|ASIA_HIGH|20260625|1782408900,SSRP|ASIA_HIGH|20260625|1782408900|FINAL,SSRP|ASIA_HIGH|20260625|1782408900|FINAL,4016.40,4016.40,4027.45,4027.45,3994.31,3994.31,true
2026.06.25 17:50:00,SHORT,ASIA_HIGH|20260625,SSRP|ASIA_HIGH|20260625|1782409500,SSRP|ASIA_HIGH|20260625|1782409500|FINAL,SSRP|ASIA_HIGH|20260625|1782409500|FINAL,4017.39,4017.39,4021.17,4021.17,4009.82,4009.82,true
2026.06.25 17:55:00,SHORT,ASIA_HIGH|20260625,SSRP|ASIA_HIGH|20260625|1782409800,SSRP|ASIA_HIGH|20260625|1782409800|FINAL,SSRP|ASIA_HIGH|20260625|1782409800|FINAL,4011.94,4011.94,4020.57,4020.57,3994.68,3994.68,true
2026.06.25 18:10:00,SHORT,ASIA_HIGH|20260625,SSRP|ASIA_HIGH|20260625|1782410700,SSRP|ASIA_HIGH|20260625|1782410700|FINAL,SSRP|ASIA_HIGH|20260625|1782410700|FINAL,4008.14,4008.14,4020.90,4020.90,3982.62,3982.62,true
2026.06.26 10:35:00,SHORT,ASIA_HIGH|20260626,SSRP|ASIA_HIGH|20260626|1782469500,SSRP|ASIA_HIGH|20260626|1782469500|FINAL,SSRP|ASIA_HIGH|20260626|1782469500|FINAL,4036.18,4036.18,4039.99,4039.99,4028.56,4028.56,true
2026.06.26 10:40:00,SHORT,ASIA_HIGH|20260626,SSRP|ASIA_HIGH|20260626|1782470100,SSRP|ASIA_HIGH|20260626|1782470100|FINAL,SSRP|ASIA_HIGH|20260626|1782470100|FINAL,4031.49,4031.49,4038.36,4038.36,4017.75,4017.75,true
2026.06.26 11:50:00,SHORT,ASIA_HIGH|20260626,SSRP|ASIA_HIGH|20260626|1782474300,SSRP|ASIA_HIGH|20260626|1782474300|FINAL,SSRP|ASIA_HIGH|20260626|1782474300|FINAL,4032.81,4032.81,4037.86,4037.86,4022.72,4022.72,true
2026.06.29 08:05:00,LONG,ASIA_LOW|20260629,SSRP|ASIA_LOW|20260629|1782720000,SSRP|ASIA_LOW|20260629|1782720000|FINAL,SSRP|ASIA_LOW|20260629|1782720000|FINAL,4052.74,4052.74,4047.00,4047.00,4064.23,4064.23,true
2026.06.29 08:40:00,LONG,ASIA_LOW|20260629,SSRP|ASIA_LOW|20260629|1782722100,SSRP|ASIA_LOW|20260629|1782722100|FINAL,SSRP|ASIA_LOW|20260629|1782722100|FINAL,4050.59,4050.59,4039.10,4039.10,4073.57,4073.57,true
2026.06.29 08:45:00,LONG,ASIA_LOW|20260629,SSRP|ASIA_LOW|20260629|1782722400,SSRP|ASIA_LOW|20260629|1782722400|FINAL,SSRP|ASIA_LOW|20260629|1782722400|FINAL,4049.71,4049.71,4042.97,4042.97,4063.20,4063.20,true
2026.06.29 08:55:00,LONG,ASIA_LOW|20260629,SSRP|ASIA_LOW|20260629|1782723000,SSRP|ASIA_LOW|20260629|1782723000|FINAL,SSRP|ASIA_LOW|20260629|1782723000|FINAL,4054.54,4054.54,4046.96,4046.96,4069.71,4069.71,true
2026.06.29 12:00:00,LONG,ASIA_LOW|20260629,SSRP|ASIA_LOW|20260629|1782734100,SSRP|ASIA_LOW|20260629|1782734100|FINAL,SSRP|ASIA_LOW|20260629|1782734100|FINAL,4049.76,4049.76,4043.49,4043.49,4062.30,4062.30,true
2026.06.29 12:05:00,LONG,ASIA_LOW|20260629,SSRP|ASIA_LOW|20260629|1782734400,SSRP|ASIA_LOW|20260629|1782734400|FINAL,SSRP|ASIA_LOW|20260629|1782734400|FINAL,4053.04,4053.04,4045.13,4045.13,4068.86,4068.86,true
2026.06.29 16:00:00,LONG,ASIA_LOW|20260629,SSRP|ASIA_LOW|20260629|1782748500,SSRP|ASIA_LOW|20260629|1782748500|FINAL,SSRP|ASIA_LOW|20260629|1782748500|FINAL,4050.64,4050.64,4042.25,4042.25,4067.42,4067.42,true
2026.06.29 16:15:00,LONG,ASIA_LOW|20260629,SSRP|ASIA_LOW|20260629|1782748800,SSRP|ASIA_LOW|20260629|1782748800|FINAL,SSRP|ASIA_LOW|20260629|1782748800|FINAL,4049.09,4049.09,4043.29,4043.29,4060.69,4060.69,true
2026.06.30 09:35:00,SHORT,ASIA_HIGH|20260630,SSRP|ASIA_HIGH|20260630|1782811800,SSRP|ASIA_HIGH|20260630|1782811800|FINAL,SSRP|ASIA_HIGH|20260630|1782811800|FINAL,4022.16,4022.16,4034.55,4034.55,3997.38,3997.38,true
2026.06.30 11:15:00,SHORT,ASIA_HIGH|20260630,SSRP|ASIA_HIGH|20260630|1782817500,SSRP|ASIA_HIGH|20260630|1782817500|FINAL,SSRP|ASIA_HIGH|20260630|1782817500|FINAL,4021.91,4021.91,4037.92,4037.92,3989.89,3989.89,true
2026.06.30 11:20:00,SHORT,ASIA_HIGH|20260630,SSRP|ASIA_HIGH|20260630|1782818100,SSRP|ASIA_HIGH|20260630|1782818100|FINAL,SSRP|ASIA_HIGH|20260630|1782818100|FINAL,4021.02,4021.02,4026.01,4026.01,4011.05,4011.05,true
2026.06.30 11:35:00,SHORT,ASIA_HIGH|20260630,SSRP|ASIA_HIGH|20260630|1782818700,SSRP|ASIA_HIGH|20260630|1782818700|FINAL,SSRP|ASIA_HIGH|20260630|1782818700|FINAL,4019.26,4019.26,4027.40,4027.40,4002.98,4002.98,true
2026.06.30 11:40:00,SHORT,ASIA_HIGH|20260630,SSRP|ASIA_HIGH|20260630|1782819300,SSRP|ASIA_HIGH|20260630|1782819300|FINAL,SSRP|ASIA_HIGH|20260630|1782819300|FINAL,4018.01,4018.01,4023.79,4023.79,4006.45,4006.45,true
2026.06.30 15:20:00,SHORT,ASIA_HIGH|20260630,SSRP|ASIA_HIGH|20260630|1782832500,SSRP|ASIA_HIGH|20260630|1782832500|FINAL,SSRP|ASIA_HIGH|20260630|1782832500|FINAL,4018.02,4018.02,4028.95,4028.95,3996.15,3996.15,true
2026.06.30 15:25:00,SHORT,ASIA_HIGH|20260630,SSRP|ASIA_HIGH|20260630|1782832800,SSRP|ASIA_HIGH|20260630|1782832800|FINAL,SSRP|ASIA_HIGH|20260630|1782832800|FINAL,4016.96,4016.96,4026.86,4026.86,3997.15,3997.15,true
2026.06.30 16:20:00,SHORT,ASIA_HIGH|20260630,SSRP|ASIA_HIGH|20260630|1782836100,SSRP|ASIA_HIGH|20260630|1782836100|FINAL,SSRP|ASIA_HIGH|20260630|1782836100|FINAL,4019.63,4019.63,4033.72,4033.72,3991.45,3991.45,true
2026.06.30 16:30:00,SHORT,ASIA_HIGH|20260630,SSRP|ASIA_HIGH|20260630|1782836400,SSRP|ASIA_HIGH|20260630|1782836400|FINAL,SSRP|ASIA_HIGH|20260630|1782836400|FINAL,4021.73,4021.73,4033.72,4033.72,3997.76,3997.76,true
2026.06.30 16:35:00,SHORT,ASIA_HIGH|20260630,SSRP|ASIA_HIGH|20260630|1782837000,SSRP|ASIA_HIGH|20260630|1782837000|FINAL,SSRP|ASIA_HIGH|20260630|1782837000|FINAL,4013.62,4013.62,4027.97,4027.97,3984.92,3984.92,true
2026.06.30 20:05:00,SHORT,ASIA_HIGH|20260630,SSRP|ASIA_HIGH|20260630|1782849600,SSRP|ASIA_HIGH|20260630|1782849600|FINAL,SSRP|ASIA_HIGH|20260630|1782849600|FINAL,4022.38,4022.38,4028.10,4028.10,4010.93,4010.93,true
2026.06.30 22:20:00,SHORT,ASIA_HIGH|20260630,SSRP|ASIA_HIGH|20260630|1782857700,SSRP|ASIA_HIGH|20260630|1782857700|FINAL,SSRP|ASIA_HIGH|20260630|1782857700|FINAL,4021.93,4021.93,4025.24,4025.24,4015.30,4015.30,true
2026.06.30 22:25:00,SHORT,ASIA_HIGH|20260630,SSRP|ASIA_HIGH|20260630|1782858000,SSRP|ASIA_HIGH|20260630|1782858000|FINAL,SSRP|ASIA_HIGH|20260630|1782858000|FINAL,4021.16,4021.16,4024.37,4024.37,4014.74,4014.74,true
2026.06.30 22:35:00,SHORT,ASIA_HIGH|20260630,SSRP|ASIA_HIGH|20260630|1782858600,SSRP|ASIA_HIGH|20260630|1782858600|FINAL,SSRP|ASIA_HIGH|20260630|1782858600|FINAL,4022.09,4022.09,4023.34,4023.34,4019.59,4019.59,true
2026.07.01 09:40:00,LONG,ASIA_LOW|20260701,SSRP|ASIA_LOW|20260701|1782898500,SSRP|ASIA_LOW|20260701|1782898500|FINAL,SSRP|ASIA_LOW|20260701|1782898500|FINAL,3971.81,3971.81,3963.93,3963.93,3987.57,3987.57,true
2026.07.01 09:50:00,LONG,ASIA_LOW|20260701,SSRP|ASIA_LOW|20260701|1782898800,SSRP|ASIA_LOW|20260701|1782898800|FINAL,SSRP|ASIA_LOW|20260701|1782898800|FINAL,3973.27,3973.27,3967.08,3967.08,3985.65,3985.65,true
2026.07.01 09:55:00,LONG,ASIA_LOW|20260701,SSRP|ASIA_LOW|20260701|1782899400,SSRP|ASIA_LOW|20260701|1782899400|FINAL,SSRP|ASIA_LOW|20260701|1782899400|FINAL,3971.87,3971.87,3968.88,3968.88,3977.85,3977.85,true
2026.07.01 10:40:00,LONG,ASIA_LOW|20260701,SSRP|ASIA_LOW|20260701|1782901800,SSRP|ASIA_LOW|20260701|1782901800|FINAL,SSRP|ASIA_LOW|20260701|1782901800|FINAL,3971.06,3971.06,3960.53,3960.53,3992.12,3992.12,true
2026.07.01 10:45:00,LONG,ASIA_LOW|20260701,SSRP|ASIA_LOW|20260701|1782902400,SSRP|ASIA_LOW|20260701|1782902400|FINAL,SSRP|ASIA_LOW|20260701|1782902400|FINAL,3971.01,3971.01,3968.14,3968.14,3976.75,3976.75,true
2026.07.01 10:50:00,LONG,ASIA_LOW|20260701,SSRP|ASIA_LOW|20260701|1782902700,SSRP|ASIA_LOW|20260701|1782902700|FINAL,SSRP|ASIA_LOW|20260701|1782902700|FINAL,3971.37,3971.37,3968.71,3968.71,3976.70,3976.70,true
2026.07.01 16:05:00,SHORT,ASIA_HIGH|20260701,SSRP|ASIA_HIGH|20260701|1782921600,SSRP|ASIA_HIGH|20260701|1782921600|FINAL,SSRP|ASIA_HIGH|20260701|1782921600|FINAL,4018.08,4018.08,4025.30,4025.30,4003.63,4003.63,true
2026.07.02 09:05:00,SHORT,ASIA_HIGH|20260702,SSRP|ASIA_HIGH|20260702|1782982800,SSRP|ASIA_HIGH|20260702|1782982800|FINAL,SSRP|ASIA_HIGH|20260702|1782982800|FINAL,4069.79,4069.79,4076.17,4076.17,4057.02,4057.02,true
2026.07.02 09:35:00,SHORT,ASIA_HIGH|20260702,SSRP|ASIA_HIGH|20260702|1782984000,SSRP|ASIA_HIGH|20260702|1782984000|FINAL,SSRP|ASIA_HIGH|20260702|1782984000|FINAL,4072.58,4072.58,4080.08,4080.08,4057.58,4057.58,true
2026.07.02 09:40:00,SHORT,ASIA_HIGH|20260702,SSRP|ASIA_HIGH|20260702|1782984900,SSRP|ASIA_HIGH|20260702|1782984900|FINAL,SSRP|ASIA_HIGH|20260702|1782984900|FINAL,4068.18,4068.18,4076.46,4076.46,4051.61,4051.61,true
2026.07.02 09:55:00,SHORT,ASIA_HIGH|20260702,SSRP|ASIA_HIGH|20260702|1782985800,SSRP|ASIA_HIGH|20260702|1782985800|FINAL,SSRP|ASIA_HIGH|20260702|1782985800|FINAL,4073.29,4073.29,4076.85,4076.85,4066.18,4066.18,true
2026.07.02 10:00:00,SHORT,ASIA_HIGH|20260702,SSRP|ASIA_HIGH|20260702|1782986100,SSRP|ASIA_HIGH|20260702|1782986100|FINAL,SSRP|ASIA_HIGH|20260702|1782986100|FINAL,4069.42,4069.42,4076.85,4076.85,4054.55,4054.55,true
2026.07.02 10:45:00,SHORT,ASIA_HIGH|20260702,SSRP|ASIA_HIGH|20260702|1782988800,SSRP|ASIA_HIGH|20260702|1782988800|FINAL,SSRP|ASIA_HIGH|20260702|1782988800|FINAL,4069.75,4069.75,4075.90,4075.90,4057.46,4057.46,true
2026.07.02 11:30:00,SHORT,ASIA_HIGH|20260702,SSRP|ASIA_HIGH|20260702|1782991200,SSRP|ASIA_HIGH|20260702|1782991200|FINAL,SSRP|ASIA_HIGH|20260702|1782991200|FINAL,4073.90,4073.90,4078.18,4078.18,4065.35,4065.35,true
2026.07.02 12:05:00,SHORT,ASIA_HIGH|20260702,SSRP|ASIA_HIGH|20260702|1782993000,SSRP|ASIA_HIGH|20260702|1782993000|FINAL,SSRP|ASIA_HIGH|20260702|1782993000|FINAL,4071.20,4071.20,4080.25,4080.25,4053.10,4053.10,true
2026.07.02 12:10:00,SHORT,ASIA_HIGH|20260702,SSRP|ASIA_HIGH|20260702|1782993900,SSRP|ASIA_HIGH|20260702|1782993900|FINAL,SSRP|ASIA_HIGH|20260702|1782993900|FINAL,4072.30,4072.30,4075.99,4075.99,4064.92,4064.92,true
2026.07.06 10:35:00,LONG,ASIA_LOW|20260706,SSRP|ASIA_LOW|20260706|1783333500,SSRP|ASIA_LOW|20260706|1783333500|FINAL,SSRP|ASIA_LOW|20260706|1783333500|FINAL,4158.59,4158.59,4150.99,4150.99,4173.79,4173.79,true
2026.07.06 10:40:00,LONG,ASIA_LOW|20260706,SSRP|ASIA_LOW|20260706|1783334100,SSRP|ASIA_LOW|20260706|1783334100|FINAL,SSRP|ASIA_LOW|20260706|1783334100|FINAL,4163.61,4163.61,4155.53,4155.53,4179.77,4179.77,true
2026.07.06 20:30:00,LONG,ASIA_LOW|20260706,SSRP|ASIA_LOW|20260706|1783369500,SSRP|ASIA_LOW|20260706|1783369500|FINAL,SSRP|ASIA_LOW|20260706|1783369500|FINAL,4158.21,4158.21,4154.17,4154.17,4166.30,4166.30,true
2026.07.06 20:35:00,LONG,ASIA_LOW|20260706,SSRP|ASIA_LOW|20260706|1783369800,SSRP|ASIA_LOW|20260706|1783369800|FINAL,SSRP|ASIA_LOW|20260706|1783369800|FINAL,4158.60,4158.60,4154.68,4154.68,4166.45,4166.45,true
2026.07.06 20:45:00,LONG,ASIA_LOW|20260706,SSRP|ASIA_LOW|20260706|1783370100,SSRP|ASIA_LOW|20260706|1783370100|FINAL,SSRP|ASIA_LOW|20260706|1783370100|FINAL,4159.60,4159.60,4156.05,4156.05,4166.71,4166.71,true
2026.07.06 20:50:00,LONG,ASIA_LOW|20260706,SSRP|ASIA_LOW|20260706|1783370700,SSRP|ASIA_LOW|20260706|1783370700|FINAL,SSRP|ASIA_LOW|20260706|1783370700|FINAL,4159.54,4159.54,4156.13,4156.13,4166.35,4166.35,true
2026.07.06 21:10:00,LONG,ASIA_LOW|20260706,SSRP|ASIA_LOW|20260706|1783371600,SSRP|ASIA_LOW|20260706|1783371600|FINAL,SSRP|ASIA_LOW|20260706|1783371600|FINAL,4158.19,4158.19,4155.02,4155.02,4164.54,4164.54,true
2026.07.06 21:15:00,LONG,ASIA_LOW|20260706,SSRP|ASIA_LOW|20260706|1783372200,SSRP|ASIA_LOW|20260706|1783372200|FINAL,SSRP|ASIA_LOW|20260706|1783372200|FINAL,4161.18,4161.18,4155.02,4155.02,4173.51,4173.51,true
2026.07.07 08:05:00,LONG,ASIA_LOW|20260707,SSRP|ASIA_LOW|20260707|1783411200,SSRP|ASIA_LOW|20260707|1783411200|FINAL,SSRP|ASIA_LOW|20260707|1783411200|FINAL,4126.23,4126.23,4122.55,4122.55,4133.59,4133.59,true
2026.07.07 08:20:00,LONG,ASIA_LOW|20260707,SSRP|ASIA_LOW|20260707|1783412100,SSRP|ASIA_LOW|20260707|1783412100|FINAL,SSRP|ASIA_LOW|20260707|1783412100|FINAL,4126.42,4126.42,4120.79,4120.79,4137.67,4137.67,true
2026.07.07 08:25:00,LONG,ASIA_LOW|20260707,SSRP|ASIA_LOW|20260707|1783412400,SSRP|ASIA_LOW|20260707|1783412400|FINAL,SSRP|ASIA_LOW|20260707|1783412400|FINAL,4128.30,4128.30,4120.80,4120.80,4143.29,4143.29,true
2026.07.07 08:50:00,LONG,ASIA_LOW|20260707,SSRP|ASIA_LOW|20260707|1783413900,SSRP|ASIA_LOW|20260707|1783413900|FINAL,SSRP|ASIA_LOW|20260707|1783413900|FINAL,4125.30,4125.30,4120.11,4120.11,4135.68,4135.68,true
2026.07.07 09:00:00,LONG,ASIA_LOW|20260707,SSRP|ASIA_LOW|20260707|1783414200,SSRP|ASIA_LOW|20260707|1783414200|FINAL,SSRP|ASIA_LOW|20260707|1783414200|FINAL,4126.66,4126.66,4121.19,4121.19,4137.60,4137.60,true
2026.07.07 09:20:00,LONG,ASIA_LOW|20260707,SSRP|ASIA_LOW|20260707|1783414800,SSRP|ASIA_LOW|20260707|1783414800|FINAL,SSRP|ASIA_LOW|20260707|1783414800|FINAL,4128.18,4128.18,4121.26,4121.26,4142.03,4142.03,true
2026.07.07 11:55:00,LONG,ASIA_LOW|20260707,SSRP|ASIA_LOW|20260707|1783425000,SSRP|ASIA_LOW|20260707|1783425000|FINAL,SSRP|ASIA_LOW|20260707|1783425000|FINAL,4126.02,4126.02,4121.67,4121.67,4134.71,4134.71,true
2026.07.07 12:00:00,LONG,ASIA_LOW|20260707,SSRP|ASIA_LOW|20260707|1783425300,SSRP|ASIA_LOW|20260707|1783425300|FINAL,SSRP|ASIA_LOW|20260707|1783425300|FINAL,4127.77,4127.77,4122.05,4122.05,4139.21,4139.21,true
2026.07.07 12:30:00,LONG,ASIA_LOW|20260707,SSRP|ASIA_LOW|20260707|1783427100,SSRP|ASIA_LOW|20260707|1783427100|FINAL,SSRP|ASIA_LOW|20260707|1783427100|FINAL,4127.39,4127.39,4119.57,4119.57,4143.02,4143.02,true
2026.07.07 12:35:00,LONG,ASIA_LOW|20260707,SSRP|ASIA_LOW|20260707|1783427400,SSRP|ASIA_LOW|20260707|1783427400|FINAL,SSRP|ASIA_LOW|20260707|1783427400|FINAL,4129.45,4129.45,4121.39,4121.39,4145.56,4145.56,true
2026.07.07 15:20:00,SHORT,ASIA_HIGH|20260707,SSRP|ASIA_HIGH|20260707|1783437000,SSRP|ASIA_HIGH|20260707|1783437000|FINAL,SSRP|ASIA_HIGH|20260707|1783437000|FINAL,4164.11,4164.11,4175.48,4175.48,4141.38,4141.38,true
2026.07.07 15:25:00,SHORT,ASIA_HIGH|20260707,SSRP|ASIA_HIGH|20260707|1783437600,SSRP|ASIA_HIGH|20260707|1783437600|FINAL,SSRP|ASIA_HIGH|20260707|1783437600|FINAL,4165.96,4165.96,4170.76,4170.76,4156.37,4156.37,true
2026.07.07 15:30:00,SHORT,ASIA_HIGH|20260707,SSRP|ASIA_HIGH|20260707|1783437900,SSRP|ASIA_HIGH|20260707|1783437900|FINAL,SSRP|ASIA_HIGH|20260707|1783437900|FINAL,4164.24,4164.24,4169.76,4169.76,4153.19,4153.19,true
2026.07.07 16:00:00,SHORT,ASIA_HIGH|20260707,SSRP|ASIA_HIGH|20260707|1783439700,SSRP|ASIA_HIGH|20260707|1783439700|FINAL,SSRP|ASIA_HIGH|20260707|1783439700|FINAL,4165.75,4165.75,4178.46,4178.46,4140.33,4140.33,true
2026.07.07 16:05:00,SHORT,ASIA_HIGH|20260707,SSRP|ASIA_HIGH|20260707|1783440000,SSRP|ASIA_HIGH|20260707|1783440000|FINAL,SSRP|ASIA_HIGH|20260707|1783440000|FINAL,4162.59,4162.59,4178.45,4178.45,4130.87,4130.87,true
2026.07.07 16:20:00,SHORT,ASIA_HIGH|20260707,SSRP|ASIA_HIGH|20260707|1783440600,SSRP|ASIA_HIGH|20260707|1783440600|FINAL,SSRP|ASIA_HIGH|20260707|1783440600|FINAL,4166.01,4166.01,4172.85,4172.85,4152.33,4152.33,true
2026.07.07 16:25:00,SHORT,ASIA_HIGH|20260707,SSRP|ASIA_HIGH|20260707|1783441200,SSRP|ASIA_HIGH|20260707|1783441200|FINAL,SSRP|ASIA_HIGH|20260707|1783441200|FINAL,4166.26,4166.26,4172.85,4172.85,4153.09,4153.09,true
2026.07.07 16:50:00,SHORT,ASIA_HIGH|20260707,SSRP|ASIA_HIGH|20260707|1783442700,SSRP|ASIA_HIGH|20260707|1783442700|FINAL,SSRP|ASIA_HIGH|20260707|1783442700|FINAL,4165.90,4165.90,4180.41,4180.41,4136.89,4136.89,true
2026.07.07 16:55:00,SHORT,ASIA_HIGH|20260707,SSRP|ASIA_HIGH|20260707|1783443000,SSRP|ASIA_HIGH|20260707|1783443000|FINAL,SSRP|ASIA_HIGH|20260707|1783443000|FINAL,4158.45,4158.45,4174.82,4174.82,4125.71,4125.71,true
2026.07.08 08:10:00,SHORT,ASIA_HIGH|20260708,SSRP|ASIA_HIGH|20260708|1783497900,SSRP|ASIA_HIGH|20260708|1783497900|FINAL,SSRP|ASIA_HIGH|20260708|1783497900|FINAL,4125.85,4125.85,4134.20,4134.20,4109.15,4109.15,true
2026.07.08 09:25:00,SHORT,ASIA_HIGH|20260708,SSRP|ASIA_HIGH|20260708|1783502100,SSRP|ASIA_HIGH|20260708|1783502100|FINAL,SSRP|ASIA_HIGH|20260708|1783502100|FINAL,4129.61,4129.61,4133.88,4133.88,4121.06,4121.06,true
2026.07.08 09:30:00,SHORT,ASIA_HIGH|20260708,SSRP|ASIA_HIGH|20260708|1783502700,SSRP|ASIA_HIGH|20260708|1783502700|FINAL,SSRP|ASIA_HIGH|20260708|1783502700|FINAL,4126.19,4126.19,4132.76,4132.76,4113.05,4113.05,true
2026.07.09 09:05:00,SHORT,ASIA_HIGH|20260709,SSRP|ASIA_HIGH|20260709|1783587600,SSRP|ASIA_HIGH|20260709|1783587600|FINAL,SSRP|ASIA_HIGH|20260709|1783587600|FINAL,4089.18,4089.18,4100.04,4100.04,4067.46,4067.46,true
2026.07.10 10:55:00,LONG,ASIA_LOW|20260710,SSRP|ASIA_LOW|20260710|1783680300,SSRP|ASIA_LOW|20260710|1783680300|FINAL,SSRP|ASIA_LOW|20260710|1783680300|FINAL,4109.02,4109.02,4104.06,4104.06,4118.94,4118.94,true
2026.07.10 13:20:00,LONG,ASIA_LOW|20260710,SSRP|ASIA_LOW|20260710|1783689300,SSRP|ASIA_LOW|20260710|1783689300|FINAL,SSRP|ASIA_LOW|20260710|1783689300|FINAL,4111.41,4111.41,4106.15,4106.15,4121.94,4121.94,true
2026.07.10 13:25:00,LONG,ASIA_LOW|20260710,SSRP|ASIA_LOW|20260710|1783689600,SSRP|ASIA_LOW|20260710|1783689600|FINAL,SSRP|ASIA_LOW|20260710|1783689600|FINAL,4109.46,4109.46,4106.77,4106.77,4114.84,4114.84,true
2026.07.10 13:40:00,LONG,ASIA_LOW|20260710,SSRP|ASIA_LOW|20260710|1783690200,SSRP|ASIA_LOW|20260710|1783690200|FINAL,SSRP|ASIA_LOW|20260710|1783690200|FINAL,4109.07,4109.07,4106.17,4106.17,4114.88,4114.88,true
2026.07.10 15:10:00,LONG,ASIA_LOW|20260710,SSRP|ASIA_LOW|20260710|1783695900,SSRP|ASIA_LOW|20260710|1783695900|FINAL,SSRP|ASIA_LOW|20260710|1783695900|FINAL,4114.89,4114.89,4100.86,4100.86,4142.94,4142.94,true
2026.07.10 15:15:00,LONG,ASIA_LOW|20260710,SSRP|ASIA_LOW|20260710|1783696200,SSRP|ASIA_LOW|20260710|1783696200|FINAL,SSRP|ASIA_LOW|20260710|1783696200|FINAL,4109.18,4109.18,4102.34,4102.34,4122.85,4122.85,true
2026.07.10 18:45:00,LONG,ASIA_LOW|20260710,SSRP|ASIA_LOW|20260710|1783708200,SSRP|ASIA_LOW|20260710|1783708200|FINAL,SSRP|ASIA_LOW|20260710|1783708200|FINAL,4109.84,4109.84,4101.29,4101.29,4126.93,4126.93,true
2026.07.10 18:50:00,LONG,ASIA_LOW|20260710,SSRP|ASIA_LOW|20260710|1783709100,SSRP|ASIA_LOW|20260710|1783709100|FINAL,SSRP|ASIA_LOW|20260710|1783709100|FINAL,4110.43,4110.43,4105.46,4105.46,4120.36,4120.36,true
2026.07.10 19:25:00,LONG,ASIA_LOW|20260710,SSRP|ASIA_LOW|20260710|1783711200,SSRP|ASIA_LOW|20260710|1783711200|FINAL,SSRP|ASIA_LOW|20260710|1783711200|FINAL,4114.39,4114.39,4107.20,4107.20,4128.77,4128.77,true
2026.07.10 23:00:00,LONG,ASIA_LOW|20260710,SSRP|ASIA_LOW|20260710|1783723800,SSRP|ASIA_LOW|20260710|1783723800|FINAL,SSRP|ASIA_LOW|20260710|1783723800|FINAL,4113.58,4113.58,4104.03,4104.03,4132.67,4132.67,true
2026.07.13 09:05:00,LONG,ASIA_LOW|20260713,SSRP|ASIA_LOW|20260713|1783933200,SSRP|ASIA_LOW|20260713|1783933200|FINAL,SSRP|ASIA_LOW|20260713|1783933200|FINAL,4052.84,4052.84,4043.45,4043.45,4071.63,4071.63,true
2026.07.13 09:10:00,LONG,ASIA_LOW|20260713,SSRP|ASIA_LOW|20260713|1783933500,SSRP|ASIA_LOW|20260713|1783933500|FINAL,SSRP|ASIA_LOW|20260713|1783933500|FINAL,4050.80,4050.80,4043.45,4043.45,4065.50,4065.50,true
2026.07.13 09:15:00,LONG,ASIA_LOW|20260713,SSRP|ASIA_LOW|20260713|1783933800,SSRP|ASIA_LOW|20260713|1783933800|FINAL,SSRP|ASIA_LOW|20260713|1783933800|FINAL,4053.57,4053.57,4048.83,4048.83,4063.05,4063.05,true
2026.07.13 10:05:00,LONG,ASIA_LOW|20260713,SSRP|ASIA_LOW|20260713|1783936800,SSRP|ASIA_LOW|20260713|1783936800|FINAL,SSRP|ASIA_LOW|20260713|1783936800|FINAL,4058.42,4058.42,4048.67,4048.67,4077.93,4077.93,true
2026.07.13 13:45:00,LONG,ASIA_LOW|20260713,SSRP|ASIA_LOW|20260713|1783950000,SSRP|ASIA_LOW|20260713|1783950000|FINAL,SSRP|ASIA_LOW|20260713|1783950000|FINAL,4054.18,4054.18,4046.65,4046.65,4069.23,4069.23,true
2026.07.13 13:50:00,LONG,ASIA_LOW|20260713,SSRP|ASIA_LOW|20260713|1783950300,SSRP|ASIA_LOW|20260713|1783950300|FINAL,SSRP|ASIA_LOW|20260713|1783950300|FINAL,4058.27,4058.27,4047.87,4047.87,4079.06,4079.06,true
2026.07.14 08:15:00,SHORT,ASIA_HIGH|20260714,SSRP|ASIA_HIGH|20260714|1784016600,SSRP|ASIA_HIGH|20260714|1784016600|FINAL,SSRP|ASIA_HIGH|20260714|1784016600|FINAL,4021.36,4021.36,4024.44,4024.44,4015.20,4015.20,true
2026.07.14 08:20:00,SHORT,ASIA_HIGH|20260714,SSRP|ASIA_HIGH|20260714|1784016900,SSRP|ASIA_HIGH|20260714|1784016900|FINAL,SSRP|ASIA_HIGH|20260714|1784016900|FINAL,4020.88,4020.88,4024.44,4024.44,4013.77,4013.77,true
2026.07.14 09:25:00,SHORT,ASIA_HIGH|20260714,SSRP|ASIA_HIGH|20260714|1784020800,SSRP|ASIA_HIGH|20260714|1784020800|FINAL,SSRP|ASIA_HIGH|20260714|1784020800|FINAL,4023.01,4023.01,4029.41,4029.41,4010.21,4010.21,true
2026.07.14 10:55:00,SHORT,ASIA_HIGH|20260714,SSRP|ASIA_HIGH|20260714|1784026200,SSRP|ASIA_HIGH|20260714|1784026200|FINAL,SSRP|ASIA_HIGH|20260714|1784026200|FINAL,4020.78,4020.78,4026.30,4026.30,4009.74,4009.74,true
2026.07.14 11:00:00,SHORT,ASIA_HIGH|20260714,SSRP|ASIA_HIGH|20260714|1784026500,SSRP|ASIA_HIGH|20260714|1784026500|FINAL,SSRP|ASIA_HIGH|20260714|1784026500|FINAL,4018.85,4018.85,4025.99,4025.99,4004.58,4004.58,true
2026.07.14 12:15:00,SHORT,ASIA_HIGH|20260714,SSRP|ASIA_HIGH|20260714|1784031000,SSRP|ASIA_HIGH|20260714|1784031000|FINAL,SSRP|ASIA_HIGH|20260714|1784031000|FINAL,4020.42,4020.42,4024.65,4024.65,4011.97,4011.97,true
2026.07.14 12:55:00,SHORT,ASIA_HIGH|20260714,SSRP|ASIA_HIGH|20260714|1784033400,SSRP|ASIA_HIGH|20260714|1784033400|FINAL,SSRP|ASIA_HIGH|20260714|1784033400|FINAL,4021.76,4021.76,4024.18,4024.18,4016.93,4016.93,true
2026.07.14 14:15:00,SHORT,ASIA_HIGH|20260714,SSRP|ASIA_HIGH|20260714|1784038200,SSRP|ASIA_HIGH|20260714|1784038200|FINAL,SSRP|ASIA_HIGH|20260714|1784038200|FINAL,4022.96,4022.96,4024.29,4024.29,4020.29,4020.29,true
2026.07.15 08:35:00,LONG,ASIA_LOW|20260715,SSRP|ASIA_LOW|20260715|1784103900,SSRP|ASIA_LOW|20260715|1784103900|FINAL,SSRP|ASIA_LOW|20260715|1784103900|FINAL,4031.46,4031.46,4021.99,4021.99,4050.40,4050.40,true
2026.07.15 08:40:00,LONG,ASIA_LOW|20260715,SSRP|ASIA_LOW|20260715|1784104500,SSRP|ASIA_LOW|20260715|1784104500|FINAL,SSRP|ASIA_LOW|20260715|1784104500|FINAL,4029.72,4029.72,4026.93,4026.93,4035.31,4035.31,true
2026.07.15 08:50:00,LONG,ASIA_LOW|20260715,SSRP|ASIA_LOW|20260715|1784105100,SSRP|ASIA_LOW|20260715|1784105100|FINAL,SSRP|ASIA_LOW|20260715|1784105100|FINAL,4030.49,4030.49,4027.15,4027.15,4037.17,4037.17,true
2026.07.15 09:35:00,LONG,ASIA_LOW|20260715,SSRP|ASIA_LOW|20260715|1784106600,SSRP|ASIA_LOW|20260715|1784106600|FINAL,SSRP|ASIA_LOW|20260715|1784106600|FINAL,4029.15,4029.15,4021.01,4021.01,4045.42,4045.42,true
2026.07.15 09:40:00,LONG,ASIA_LOW|20260715,SSRP|ASIA_LOW|20260715|1784108100,SSRP|ASIA_LOW|20260715|1784108100|FINAL,SSRP|ASIA_LOW|20260715|1784108100|FINAL,4032.55,4032.55,4026.92,4026.92,4043.81,4043.81,true
2026.07.15 11:40:00,LONG,ASIA_LOW|20260715,SSRP|ASIA_LOW|20260715|1784114400,SSRP|ASIA_LOW|20260715|1784114400|FINAL,SSRP|ASIA_LOW|20260715|1784114400|FINAL,4028.53,4028.53,4022.36,4022.36,4040.87,4040.87,true
2026.07.15 11:45:00,LONG,ASIA_LOW|20260715,SSRP|ASIA_LOW|20260715|1784115600,SSRP|ASIA_LOW|20260715|1784115600|FINAL,SSRP|ASIA_LOW|20260715|1784115600|FINAL,4029.65,4029.65,4026.01,4026.01,4036.94,4036.94,true
2026.07.15 12:45:00,LONG,ASIA_LOW|20260715,SSRP|ASIA_LOW|20260715|1784118900,SSRP|ASIA_LOW|20260715|1784118900|FINAL,SSRP|ASIA_LOW|20260715|1784118900|FINAL,4028.53,4028.53,4025.41,4025.41,4034.78,4034.78,true
2026.07.15 12:50:00,LONG,ASIA_LOW|20260715,SSRP|ASIA_LOW|20260715|1784119500,SSRP|ASIA_LOW|20260715|1784119500|FINAL,SSRP|ASIA_LOW|20260715|1784119500|FINAL,4028.56,4028.56,4026.25,4026.25,4033.18,4033.18,true
2026.07.15 12:55:00,LONG,ASIA_LOW|20260715,SSRP|ASIA_LOW|20260715|1784119800,SSRP|ASIA_LOW|20260715|1784119800|FINAL,SSRP|ASIA_LOW|20260715|1784119800|FINAL,4030.26,4030.26,4026.03,4026.03,4038.71,4038.71,true
2026.07.15 13:00:00,LONG,ASIA_LOW|20260715,SSRP|ASIA_LOW|20260715|1784120100,SSRP|ASIA_LOW|20260715|1784120100|FINAL,SSRP|ASIA_LOW|20260715|1784120100|FINAL,4030.44,4030.44,4026.03,4026.03,4039.26,4039.26,true
2026.07.15 13:30:00,LONG,ASIA_LOW|20260715,SSRP|ASIA_LOW|20260715|1784121900,SSRP|ASIA_LOW|20260715|1784121900|FINAL,SSRP|ASIA_LOW|20260715|1784121900|FINAL,4030.32,4030.32,4026.46,4026.46,4038.03,4038.03,true
2026.07.15 13:50:00,LONG,ASIA_LOW|20260715,SSRP|ASIA_LOW|20260715|1784123100,SSRP|ASIA_LOW|20260715|1784123100|FINAL,SSRP|ASIA_LOW|20260715|1784123100|FINAL,4028.79,4028.79,4027.06,4027.06,4032.24,4032.24,true
2026.07.15 14:00:00,LONG,ASIA_LOW|20260715,SSRP|ASIA_LOW|20260715|1784123700,SSRP|ASIA_LOW|20260715|1784123700|FINAL,SSRP|ASIA_LOW|20260715|1784123700|FINAL,4028.93,4028.93,4026.88,4026.88,4033.04,4033.04,true
2026.07.15 16:10:00,SHORT,ASIA_HIGH|20260715,SSRP|ASIA_HIGH|20260715|1784131500,SSRP|ASIA_HIGH|20260715|1784131500|FINAL,SSRP|ASIA_HIGH|20260715|1784131500|FINAL,4061.79,4061.79,4074.41,4074.41,4036.55,4036.55,true
2026.07.15 16:20:00,SHORT,ASIA_HIGH|20260715,SSRP|ASIA_HIGH|20260715|1784132100,SSRP|ASIA_HIGH|20260715|1784132100|FINAL,SSRP|ASIA_HIGH|20260715|1784132100|FINAL,4061.89,4061.89,4066.97,4066.97,4051.73,4051.73,true
2026.07.15 16:25:00,SHORT,ASIA_HIGH|20260715,SSRP|ASIA_HIGH|20260715|1784132400,SSRP|ASIA_HIGH|20260715|1784132400|FINAL,SSRP|ASIA_HIGH|20260715|1784132400|FINAL,4056.00,4056.00,4066.25,4066.25,4035.51,4035.51,true
2026.07.15 17:20:00,SHORT,ASIA_HIGH|20260715,SSRP|ASIA_HIGH|20260715|1784134500,SSRP|ASIA_HIGH|20260715|1784134500|FINAL,SSRP|ASIA_HIGH|20260715|1784134500|FINAL,4057.67,4057.67,4066.58,4066.58,4039.84,4039.84,true
2026.07.15 17:40:00,SHORT,ASIA_HIGH|20260715,SSRP|ASIA_HIGH|20260715|1784136600,SSRP|ASIA_HIGH|20260715|1784136600|FINAL,SSRP|ASIA_HIGH|20260715|1784136600|FINAL,4057.41,4057.41,4064.29,4064.29,4043.66,4043.66,true
2026.07.15 19:40:00,LONG,ASIA_LOW|20260715,SSRP|ASIA_LOW|20260715|1784144100,SSRP|ASIA_LOW|20260715|1784144100|FINAL,SSRP|ASIA_LOW|20260715|1784144100|FINAL,4028.70,4028.70,4026.73,4026.73,4032.63,4032.63,true
2026.07.15 19:45:00,LONG,ASIA_LOW|20260715,SSRP|ASIA_LOW|20260715|1784144400,SSRP|ASIA_LOW|20260715|1784144400|FINAL,SSRP|ASIA_LOW|20260715|1784144400|FINAL,4035.69,4035.69,4026.71,4026.71,4053.65,4053.65,true
2026.07.15 21:55:00,SHORT,ASIA_HIGH|20260715,SSRP|ASIA_HIGH|20260715|1784151900,SSRP|ASIA_HIGH|20260715|1784151900|FINAL,SSRP|ASIA_HIGH|20260715|1784151900|FINAL,4059.15,4059.15,4068.83,4068.83,4039.79,4039.79,true
2026.07.15 22:00:00,SHORT,ASIA_HIGH|20260715,SSRP|ASIA_HIGH|20260715|1784152500,SSRP|ASIA_HIGH|20260715|1784152500|FINAL,SSRP|ASIA_HIGH|20260715|1784152500|FINAL,4061.00,4061.00,4064.96,4064.96,4053.08,4053.08,true
2026.07.15 23:40:00,SHORT,ASIA_HIGH|20260715,SSRP|ASIA_HIGH|20260715|1784158500,SSRP|ASIA_HIGH|20260715|1784158500|FINAL,SSRP|ASIA_HIGH|20260715|1784158500|FINAL,4061.75,4061.75,4063.28,4063.28,4058.70,4058.70,true
2026.07.15 23:45:00,SHORT,ASIA_HIGH|20260715,SSRP|ASIA_HIGH|20260715|1784158800,SSRP|ASIA_HIGH|20260715|1784158800|FINAL,SSRP|ASIA_HIGH|20260715|1784158800|FINAL,4061.41,4061.41,4063.16,4063.16,4057.90,4057.90,true
2026.07.15 23:55:00,SHORT,ASIA_HIGH|20260715,SSRP|ASIA_HIGH|20260715|1784159400,SSRP|ASIA_HIGH|20260715|1784159400|FINAL,SSRP|ASIA_HIGH|20260715|1784159400|FINAL,4059.19,4059.19,4063.08,4063.08,4051.41,4051.41,true
2026.07.16 09:40:00,LONG,ASIA_LOW|20260716,SSRP|ASIA_LOW|20260716|1784194500,SSRP|ASIA_LOW|20260716|1784194500|FINAL,SSRP|ASIA_LOW|20260716|1784194500|FINAL,4027.04,4027.04,4022.75,4022.75,4035.63,4035.63,true
2026.07.16 10:35:00,LONG,ASIA_LOW|20260716,SSRP|ASIA_LOW|20260716|1784197800,SSRP|ASIA_LOW|20260716|1784197800|FINAL,SSRP|ASIA_LOW|20260716|1784197800|FINAL,4025.31,4025.31,4022.90,4022.90,4030.13,4030.13,true
2026.07.16 10:40:00,LONG,ASIA_LOW|20260716,SSRP|ASIA_LOW|20260716|1784198100,SSRP|ASIA_LOW|20260716|1784198100|FINAL,SSRP|ASIA_LOW|20260716|1784198100|FINAL,4026.22,4026.22,4023.18,4023.18,4032.29,4032.29,true
2026.07.16 14:30:00,LONG,ASIA_LOW|20260716,SSRP|ASIA_LOW|20260716|1784211900,SSRP|ASIA_LOW|20260716|1784211900|FINAL,SSRP|ASIA_LOW|20260716|1784211900|FINAL,4029.88,4029.88,4021.13,4021.13,4047.38,4047.38,true
2026.07.16 14:35:00,LONG,ASIA_LOW|20260716,SSRP|ASIA_LOW|20260716|1784212200,SSRP|ASIA_LOW|20260716|1784212200|FINAL,SSRP|ASIA_LOW|20260716|1784212200|FINAL,4030.86,4030.86,4023.45,4023.45,4045.68,4045.68,true
2026.07.16 15:25:00,LONG,ASIA_LOW|20260716,SSRP|ASIA_LOW|20260716|1784214900,SSRP|ASIA_LOW|20260716|1784214900|FINAL,SSRP|ASIA_LOW|20260716|1784214900|FINAL,4025.08,4025.08,4012.23,4012.23,4050.79,4050.79,true
2026.07.17 16:00:00,LONG,ASIA_LOW|20260717,SSRP|ASIA_LOW|20260717|1784303700,SSRP|ASIA_LOW|20260717|1784303700|FINAL,SSRP|ASIA_LOW|20260717|1784303700|FINAL,3974.17,3974.17,3959.09,3959.09,4004.33,4004.33,true
2026.07.17 16:35:00,LONG,ASIA_LOW|20260717,SSRP|ASIA_LOW|20260717|1784305800,SSRP|ASIA_LOW|20260717|1784305800|FINAL,SSRP|ASIA_LOW|20260717|1784305800|FINAL,3993.85,3993.85,3963.19,3963.19,4055.17,4055.17,true
2026.07.17 16:40:00,LONG,ASIA_LOW|20260717,SSRP|ASIA_LOW|20260717|1784306100,SSRP|ASIA_LOW|20260717|1784306100|FINAL,SSRP|ASIA_LOW|20260717|1784306100|FINAL,3985.09,3985.09,3964.59,3964.59,4026.09,4026.09,true
2026.07.17 18:05:00,SHORT,ASIA_HIGH|20260717,SSRP|ASIA_HIGH|20260717|1784311200,SSRP|ASIA_HIGH|20260717|1784311200|FINAL,SSRP|ASIA_HIGH|20260717|1784311200|FINAL,4008.30,4008.30,4014.41,4014.41,3996.07,3996.07,true
2026.07.17 18:10:00,SHORT,ASIA_HIGH|20260717,SSRP|ASIA_HIGH|20260717|1784311500,SSRP|ASIA_HIGH|20260717|1784311500|FINAL,SSRP|ASIA_HIGH|20260717|1784311500|FINAL,4005.95,4005.95,4014.41,4014.41,3989.02,3989.02,true
2026.07.17 18:15:00,SHORT,ASIA_HIGH|20260717,SSRP|ASIA_HIGH|20260717|1784311800,SSRP|ASIA_HIGH|20260717|1784311800|FINAL,SSRP|ASIA_HIGH|20260717|1784311800|FINAL,4005.62,4005.62,4013.93,4013.93,3988.99,3988.99,true
2026.07.17 21:40:00,SHORT,ASIA_HIGH|20260717,SSRP|ASIA_HIGH|20260717|1784324100,SSRP|ASIA_HIGH|20260717|1784324100|FINAL,SSRP|ASIA_HIGH|20260717|1784324100|FINAL,4008.16,4008.16,4013.40,4013.40,3997.68,3997.68,true
2026.07.17 21:45:00,SHORT,ASIA_HIGH|20260717,SSRP|ASIA_HIGH|20260717|1784324400,SSRP|ASIA_HIGH|20260717|1784324400|FINAL,SSRP|ASIA_HIGH|20260717|1784324400|FINAL,4007.68,4007.68,4011.99,4011.99,3999.06,3999.06,true
2026.07.17 22:00:00,SHORT,ASIA_HIGH|20260717,SSRP|ASIA_HIGH|20260717|1784325300,SSRP|ASIA_HIGH|20260717|1784325300|FINAL,SSRP|ASIA_HIGH|20260717|1784325300|FINAL,4008.14,4008.14,4012.39,4012.39,3999.65,3999.65,true
2026.07.17 22:05:00,SHORT,ASIA_HIGH|20260717,SSRP|ASIA_HIGH|20260717|1784325600,SSRP|ASIA_HIGH|20260717|1784325600|FINAL,SSRP|ASIA_HIGH|20260717|1784325600|FINAL,4005.41,4005.41,4011.65,4011.65,3992.93,3992.93,true
2026.07.20 11:25:00,SHORT,ASIA_HIGH|20260720,SSRP|ASIA_HIGH|20260720|1784546400,SSRP|ASIA_HIGH|20260720|1784546400|FINAL,SSRP|ASIA_HIGH|20260720|1784546400|FINAL,4021.95,4021.95,4030.98,4030.98,4003.88,4003.88,true
2026.07.20 11:30:00,SHORT,ASIA_HIGH|20260720,SSRP|ASIA_HIGH|20260720|1784546700,SSRP|ASIA_HIGH|20260720|1784546700|FINAL,SSRP|ASIA_HIGH|20260720|1784546700|FINAL,4021.80,4021.80,4029.81,4029.81,4005.79,4005.79,true
2026.07.20 14:45:00,SHORT,ASIA_HIGH|20260720,SSRP|ASIA_HIGH|20260720|1784558400,SSRP|ASIA_HIGH|20260720|1784558400|FINAL,SSRP|ASIA_HIGH|20260720|1784558400|FINAL,4027.62,4027.62,4033.62,4033.62,4015.62,4015.62,true
2026.07.20 14:50:00,SHORT,ASIA_HIGH|20260720,SSRP|ASIA_HIGH|20260720|1784558700,SSRP|ASIA_HIGH|20260720|1784558700|FINAL,SSRP|ASIA_HIGH|20260720|1784558700|FINAL,4027.56,4027.56,4032.61,4032.61,4017.45,4017.45,true
2026.07.21 08:20:00,SHORT,ASIA_HIGH|20260721,SSRP|ASIA_HIGH|20260721|1784621700,SSRP|ASIA_HIGH|20260721|1784621700|FINAL,SSRP|ASIA_HIGH|20260721|1784621700|FINAL,4051.02,4051.02,4053.66,4053.66,4045.73,4045.73,true
2026.07.21 16:25:00,SHORT,ASIA_HIGH|20260721,SSRP|ASIA_HIGH|20260721|1784650500,SSRP|ASIA_HIGH|20260721|1784650500|FINAL,SSRP|ASIA_HIGH|20260721|1784650500|FINAL,4050.98,4050.98,4061.96,4061.96,4029.02,4029.02,true
2026.07.21 16:40:00,SHORT,ASIA_HIGH|20260721,SSRP|ASIA_HIGH|20260721|1784651400,SSRP|ASIA_HIGH|20260721|1784651400|FINAL,SSRP|ASIA_HIGH|20260721|1784651400|FINAL,4046.48,4046.48,4057.78,4057.78,4023.89,4023.89,true
2026.07.21 16:45:00,SHORT,ASIA_HIGH|20260721,SSRP|ASIA_HIGH|20260721|1784652000,SSRP|ASIA_HIGH|20260721|1784652000|FINAL,SSRP|ASIA_HIGH|20260721|1784652000|FINAL,4050.51,4050.51,4054.03,4054.03,4043.48,4043.48,true
2026.07.22 20:35:00,SHORT,ASIA_HIGH|20260722,SSRP|ASIA_HIGH|20260722|1784752200,SSRP|ASIA_HIGH|20260722|1784752200|FINAL,SSRP|ASIA_HIGH|20260722|1784752200|FINAL,4139.04,4139.04,4147.69,4147.69,4121.74,4121.74,true
2026.07.22 20:40:00,SHORT,ASIA_HIGH|20260722,SSRP|ASIA_HIGH|20260722|1784752500,SSRP|ASIA_HIGH|20260722|1784752500|FINAL,SSRP|ASIA_HIGH|20260722|1784752500|FINAL,4140.59,4140.59,4146.07,4146.07,4129.62,4129.62,true
2026.07.22 21:00:00,SHORT,ASIA_HIGH|20260722,SSRP|ASIA_HIGH|20260722|1784753100,SSRP|ASIA_HIGH|20260722|1784753100|FINAL,SSRP|ASIA_HIGH|20260722|1784753100|FINAL,4137.70,4137.70,4144.07,4144.07,4124.97,4124.97,true
2026.07.22 21:05:00,SHORT,ASIA_HIGH|20260722,SSRP|ASIA_HIGH|20260722|1784754000,SSRP|ASIA_HIGH|20260722|1784754000|FINAL,SSRP|ASIA_HIGH|20260722|1784754000|FINAL,4139.24,4139.24,4143.05,4143.05,4131.62,4131.62,true
