strategy,family,regime_dimension,regime_value,period,trades,cumulative_r,expectancy_r
FastBreakout,BREAKOUT,alignment,FULLY_ALIGNED,2025-03,1,2.000000,2.000000
FastBreakout,BREAKOUT,alignment,FULLY_ALIGNED,2025-04,8,-1.349000,-0.168625
FastBreakout,BREAKOUT,alignment,FULLY_ALIGNED,2025-05,7,-2.802300,-0.400329
FastBreakout,BREAKOUT,alignment,FULLY_ALIGNED,2025-06,4,-2.707300,-0.676825
FastBreakout,BREAKOUT,alignment,FULLY_ALIGNED,2025-07,6,2.780800,0.463467
FastBreakout,BREAKOUT,alignment,FULLY_ALIGNED,2025-08,5,4.000000,0.800000
FastBreakout,BREAKOUT,alignment,FULLY_ALIGNED,2025-09,2,1.000000,0.500000
FastBreakout,BREAKOUT,alignment,FULLY_ALIGNED,2025-10,4,-1.806300,-0.451575
FastBreakout,BREAKOUT,alignment,FULLY_ALIGNED,2025-11,2,-2.000000,-1.000000
FastBreakout,BREAKOUT,alignment,FULLY_ALIGNED,2025-12,7,-1.000000,-0.142857
FastBreakout,BREAKOUT,alignment,FULLY_ALIGNED,2026-01,4,-0.076900,-0.019225
FastBreakout,BREAKOUT,alignment,FULLY_ALIGNED,2026-02,5,-0.817800,-0.163560
FastBreakout,BREAKOUT,alignment,FULLY_ALIGNED,2026-03,13,-3.014300,-0.231869
FastBreakout,BREAKOUT,alignment,FULLY_ALIGNED,2026-04,2,-1.627300,-0.813650
FastBreakout,BREAKOUT,alignment,FULLY_ALIGNED,2026-05,2,-0.685900,-0.342950
FastBreakout,BREAKOUT,alignment,FULLY_ALIGNED,2026-06,2,-0.780100,-0.390050
FastBreakout,BREAKOUT,alignment,FULLY_ALIGNED,2026-07,2,1.000000,0.500000
FastBreakout,BREAKOUT,alignment,OPPOSED,2025-03,14,8.438100,0.602721
FastBreakout,BREAKOUT,alignment,OPPOSED,2025-04,8,4.277800,0.534725
FastBreakout,BREAKOUT,alignment,OPPOSED,2025-05,15,0.187500,0.012500
FastBreakout,BREAKOUT,alignment,OPPOSED,2025-06,4,-1.382900,-0.345725
FastBreakout,BREAKOUT,alignment,OPPOSED,2025-07,11,-0.500500,-0.045500
FastBreakout,BREAKOUT,alignment,OPPOSED,2025-08,12,0.059200,0.004933
FastBreakout,BREAKOUT,alignment,OPPOSED,2025-09,3,3.585700,1.195233
FastBreakout,BREAKOUT,alignment,OPPOSED,2025-10,1,-0.230200,-0.230200
FastBreakout,BREAKOUT,alignment,OPPOSED,2025-11,7,-5.209200,-0.744171
FastBreakout,BREAKOUT,alignment,OPPOSED,2025-12,16,5.602000,0.350125
FastBreakout,BREAKOUT,alignment,OPPOSED,2026-01,4,5.000000,1.250000
FastBreakout,BREAKOUT,alignment,OPPOSED,2026-02,5,2.493000,0.498600
FastBreakout,BREAKOUT,alignment,OPPOSED,2026-03,3,4.030700,1.343567
FastBreakout,BREAKOUT,alignment,OPPOSED,2026-04,9,4.604000,0.511556
FastBreakout,BREAKOUT,alignment,OPPOSED,2026-05,16,-2.832000,-0.177000
FastBreakout,BREAKOUT,alignment,OPPOSED,2026-06,8,1.026000,0.128250
FastBreakout,BREAKOUT,alignment,OPPOSED,2026-07,8,-1.780700,-0.222587
FastBreakout,BREAKOUT,alignment,PARTIALLY_ALIGNED,2025-03,2,-2.000000,-1.000000
FastBreakout,BREAKOUT,alignment,PARTIALLY_ALIGNED,2025-05,3,-1.919500,-0.639833
FastBreakout,BREAKOUT,alignment,PARTIALLY_ALIGNED,2025-06,2,1.921800,0.960900
FastBreakout,BREAKOUT,alignment,PARTIALLY_ALIGNED,2025-07,4,-3.026000,-0.756500
FastBreakout,BREAKOUT,alignment,PARTIALLY_ALIGNED,2025-08,2,1.000000,0.500000
FastBreakout,BREAKOUT,alignment,PARTIALLY_ALIGNED,2025-10,6,1.578500,0.263083
FastBreakout,BREAKOUT,alignment,PARTIALLY_ALIGNED,2025-11,4,2.000000,0.500000
FastBreakout,BREAKOUT,alignment,PARTIALLY_ALIGNED,2025-12,2,-1.288200,-0.644100
FastBreakout,BREAKOUT,alignment,PARTIALLY_ALIGNED,2026-01,1,2.000000,2.000000
FastBreakout,BREAKOUT,alignment,PARTIALLY_ALIGNED,2026-02,1,2.000000,2.000000
FastBreakout,BREAKOUT,alignment,PARTIALLY_ALIGNED,2026-03,2,-2.000000,-1.000000
FastBreakout,BREAKOUT,alignment,PARTIALLY_ALIGNED,2026-04,3,-1.997500,-0.665833
FastBreakout,BREAKOUT,alignment,PARTIALLY_ALIGNED,2026-05,5,4.548500,0.909700
FastBreakout,BREAKOUT,alignment,PARTIALLY_ALIGNED,2026-06,3,-2.163200,-0.721067
FastBreakout,BREAKOUT,alignment,PARTIALLY_ALIGNED,2026-07,1,0.703800,0.703800
FastBreakout,BREAKOUT,direction,BEARISH,2025-03,9,1.438100,0.159789
FastBreakout,BREAKOUT,direction,BEARISH,2025-04,9,2.193400,0.243711
FastBreakout,BREAKOUT,direction,BEARISH,2025-05,8,-0.115000,-0.014375
FastBreakout,BREAKOUT,direction,BEARISH,2025-06,4,-2.233800,-0.558450
FastBreakout,BREAKOUT,direction,BEARISH,2025-07,9,-4.018900,-0.446544
FastBreakout,BREAKOUT,direction,BEARISH,2025-08,14,6.210300,0.443593
FastBreakout,BREAKOUT,direction,BEARISH,2025-09,2,1.000000,0.500000
FastBreakout,BREAKOUT,direction,BEARISH,2025-10,1,-0.651800,-0.651800
FastBreakout,BREAKOUT,direction,BEARISH,2025-11,7,-6.051000,-0.864429
FastBreakout,BREAKOUT,direction,BEARISH,2025-12,13,0.967300,0.074408
FastBreakout,BREAKOUT,direction,BEARISH,2026-01,4,5.360600,1.340150
FastBreakout,BREAKOUT,direction,BEARISH,2026-02,9,4.122700,0.458078
FastBreakout,BREAKOUT,direction,BEARISH,2026-03,3,6.000000,2.000000
FastBreakout,BREAKOUT,direction,BEARISH,2026-04,8,-1.627300,-0.203412
FastBreakout,BREAKOUT,direction,BEARISH,2026-05,12,-0.706800,-0.058900
FastBreakout,BREAKOUT,direction,BEARISH,2026-06,11,-2.917300,-0.265209
FastBreakout,BREAKOUT,direction,BEARISH,2026-07,5,0.724800,0.144960
FastBreakout,BREAKOUT,direction,BULLISH,2025-03,8,7.000000,0.875000
FastBreakout,BREAKOUT,direction,BULLISH,2025-04,7,0.735400,0.105057
FastBreakout,BREAKOUT,direction,BULLISH,2025-05,17,-4.419300,-0.259959
FastBreakout,BREAKOUT,direction,BULLISH,2025-06,6,0.065400,0.010900
FastBreakout,BREAKOUT,direction,BULLISH,2025-07,12,3.273200,0.272767
FastBreakout,BREAKOUT,direction,BULLISH,2025-08,5,-1.151100,-0.230220
FastBreakout,BREAKOUT,direction,BULLISH,2025-09,3,3.585700,1.195233
FastBreakout,BREAKOUT,direction,BULLISH,2025-10,10,0.193800,0.019380
FastBreakout,BREAKOUT,direction,BULLISH,2025-11,6,0.841800,0.140300
FastBreakout,BREAKOUT,direction,BULLISH,2025-12,12,2.346500,0.195542
FastBreakout,BREAKOUT,direction,BULLISH,2026-01,5,1.562500,0.312500
FastBreakout,BREAKOUT,direction,BULLISH,2026-02,2,-0.447500,-0.223750
FastBreakout,BREAKOUT,direction,BULLISH,2026-03,15,-6.983600,-0.465573
FastBreakout,BREAKOUT,direction,BULLISH,2026-04,6,2.606500,0.434417
FastBreakout,BREAKOUT,direction,BULLISH,2026-05,11,1.737400,0.157945
FastBreakout,BREAKOUT,direction,BULLISH,2026-06,2,1.000000,0.500000
FastBreakout,BREAKOUT,direction,BULLISH,2026-07,6,-0.801700,-0.133617
FastBreakout,BREAKOUT,market_phase,BREAKOUT,2025-03,1,2.000000,2.000000
FastBreakout,BREAKOUT,market_phase,BREAKOUT,2025-04,3,0.920300,0.306767
FastBreakout,BREAKOUT,market_phase,BREAKOUT,2025-05,3,0.249300,0.083100
FastBreakout,BREAKOUT,market_phase,BREAKOUT,2025-06,1,-0.322000,-0.322000
FastBreakout,BREAKOUT,market_phase,BREAKOUT,2025-07,5,0.406300,0.081260
FastBreakout,BREAKOUT,market_phase,BREAKOUT,2025-08,3,3.000000,1.000000
FastBreakout,BREAKOUT,market_phase,BREAKOUT,2025-10,3,-2.039200,-0.679733
FastBreakout,BREAKOUT,market_phase,BREAKOUT,2025-11,3,-3.000000,-1.000000
FastBreakout,BREAKOUT,market_phase,BREAKOUT,2025-12,7,-3.288200,-0.469743
FastBreakout,BREAKOUT,market_phase,BREAKOUT,2026-02,2,1.000000,0.500000
FastBreakout,BREAKOUT,market_phase,BREAKOUT,2026-03,2,-2.000000,-1.000000
FastBreakout,BREAKOUT,market_phase,BREAKOUT,2026-05,1,-0.451500,-0.451500
FastBreakout,BREAKOUT,market_phase,BREAKOUT,2026-06,2,-0.780100,-0.390050
FastBreakout,BREAKOUT,market_phase,BREAKOUT,2026-07,3,1.703800,0.567933
FastBreakout,BREAKOUT,market_phase,COMPRESSION,2025-03,1,-1.000000,-1.000000
FastBreakout,BREAKOUT,market_phase,COMPRESSION,2025-07,1,2.000000,2.000000
FastBreakout,BREAKOUT,market_phase,COMPRESSION,2025-08,1,-1.000000,-1.000000
FastBreakout,BREAKOUT,market_phase,COMPRESSION,2025-10,1,2.000000,2.000000
FastBreakout,BREAKOUT,market_phase,COMPRESSION,2025-11,1,2.000000,2.000000
FastBreakout,BREAKOUT,market_phase,COMPRESSION,2025-12,1,-0.224800,-0.224800
FastBreakout,BREAKOUT,market_phase,COMPRESSION,2026-02,2,1.000000,0.500000
FastBreakout,BREAKOUT,market_phase,COMPRESSION,2026-03,1,-1.000000,-1.000000
FastBreakout,BREAKOUT,market_phase,COMPRESSION,2026-05,1,-0.811100,-0.811100
FastBreakout,BREAKOUT,market_phase,COMPRESSION,2026-06,3,-0.396700,-0.132233
FastBreakout,BREAKOUT,market_phase,COMPRESSION,2026-07,1,-0.030700,-0.030700
FastBreakout,BREAKOUT,market_phase,PULLBACK,2025-03,4,5.000000,1.250000
FastBreakout,BREAKOUT,market_phase,PULLBACK,2025-04,4,2.000000,0.500000
FastBreakout,BREAKOUT,market_phase,PULLBACK,2025-05,7,0.053800,0.007686
FastBreakout,BREAKOUT,market_phase,PULLBACK,2025-06,1,-0.770300,-0.770300
FastBreakout,BREAKOUT,market_phase,PULLBACK,2025-07,6,0.824500,0.137417
FastBreakout,BREAKOUT,market_phase,PULLBACK,2025-08,6,2.204300,0.367383
FastBreakout,BREAKOUT,market_phase,PULLBACK,2025-09,2,1.585700,0.792850
FastBreakout,BREAKOUT,market_phase,PULLBACK,2025-10,1,-0.230200,-0.230200
FastBreakout,BREAKOUT,market_phase,PULLBACK,2025-11,3,-2.051000,-0.683667
FastBreakout,BREAKOUT,market_phase,PULLBACK,2025-12,7,2.911100,0.415871
FastBreakout,BREAKOUT,market_phase,PULLBACK,2026-01,1,2.000000,2.000000
FastBreakout,BREAKOUT,market_phase,PULLBACK,2026-02,2,4.000000,2.000000
FastBreakout,BREAKOUT,market_phase,PULLBACK,2026-03,2,2.030700,1.015350
FastBreakout,BREAKOUT,market_phase,PULLBACK,2026-04,4,2.000000,0.500000
FastBreakout,BREAKOUT,market_phase,PULLBACK,2026-05,8,-1.099200,-0.137400
FastBreakout,BREAKOUT,market_phase,PULLBACK,2026-06,2,1.000000,0.500000
FastBreakout,BREAKOUT,market_phase,PULLBACK,2026-07,3,-1.964600,-0.654867
FastBreakout,BREAKOUT,market_phase,TRANSITION,2025-05,1,-1.000000,-1.000000
FastBreakout,BREAKOUT,market_phase,TREND_CONTINUATION,2025-04,4,-1.269300,-0.317325
FastBreakout,BREAKOUT,market_phase,TREND_CONTINUATION,2025-05,5,-3.802300,-0.760460
FastBreakout,BREAKOUT,market_phase,TREND_CONTINUATION,2025-06,3,-2.385300,-0.795100
FastBreakout,BREAKOUT,market_phase,TREND_CONTINUATION,2025-07,3,0.856100,0.285367
FastBreakout,BREAKOUT,market_phase,TREND_CONTINUATION,2025-08,1,2.000000,2.000000
FastBreakout,BREAKOUT,market_phase,TREND_CONTINUATION,2025-09,1,-1.000000,-1.000000
FastBreakout,BREAKOUT,market_phase,TREND_CONTINUATION,2025-10,2,-0.767100,-0.383550
FastBreakout,BREAKOUT,market_phase,TREND_CONTINUATION,2025-12,1,2.000000,2.000000
FastBreakout,BREAKOUT,market_phase,TREND_CONTINUATION,2026-01,3,0.360600,0.120200
FastBreakout,BREAKOUT,market_phase,TREND_CONTINUATION,2026-02,1,-0.788600,-0.788600
FastBreakout,BREAKOUT,market_phase,TREND_CONTINUATION,2026-03,10,-3.014300,-0.301430
FastBreakout,BREAKOUT,market_phase,TREND_CONTINUATION,2026-04,2,-1.627300,-0.813650
FastBreakout,BREAKOUT,market_phase,TREND_CONTINUATION,2026-05,2,-0.685900,-0.342950
FastBreakout,BREAKOUT,market_phase,UNCLASSIFIED,2025-03,11,2.438100,0.221645
FastBreakout,BREAKOUT,market_phase,UNCLASSIFIED,2025-04,5,1.277800,0.255560
FastBreakout,BREAKOUT,market_phase,UNCLASSIFIED,2025-05,9,-0.035100,-0.003900
FastBreakout,BREAKOUT,market_phase,UNCLASSIFIED,2025-06,5,1.309200,0.261840
FastBreakout,BREAKOUT,market_phase,UNCLASSIFIED,2025-07,6,-4.832600,-0.805433
FastBreakout,BREAKOUT,market_phase,UNCLASSIFIED,2025-08,8,-1.145100,-0.143138
FastBreakout,BREAKOUT,market_phase,UNCLASSIFIED,2025-09,2,4.000000,2.000000
FastBreakout,BREAKOUT,market_phase,UNCLASSIFIED,2025-10,4,0.578500,0.144625
FastBreakout,BREAKOUT,market_phase,UNCLASSIFIED,2025-11,6,-2.158200,-0.359700
FastBreakout,BREAKOUT,market_phase,UNCLASSIFIED,2025-12,9,1.915700,0.212856
FastBreakout,BREAKOUT,market_phase,UNCLASSIFIED,2026-01,5,4.562500,0.912500
FastBreakout,BREAKOUT,market_phase,UNCLASSIFIED,2026-02,4,-1.536200,-0.384050
FastBreakout,BREAKOUT,market_phase,UNCLASSIFIED,2026-03,3,3.000000,1.000000
FastBreakout,BREAKOUT,market_phase,UNCLASSIFIED,2026-04,8,0.606500,0.075812
FastBreakout,BREAKOUT,market_phase,UNCLASSIFIED,2026-05,11,4.078300,0.370755
FastBreakout,BREAKOUT,market_phase,UNCLASSIFIED,2026-06,6,-1.740500,-0.290083
FastBreakout,BREAKOUT,market_phase,UNCLASSIFIED,2026-07,4,0.214600,0.053650
FastBreakout,BREAKOUT,trend_strength,NORMAL,2025-03,3,0.000000,0.000000
FastBreakout,BREAKOUT,trend_strength,NORMAL,2025-04,5,0.110100,0.022020
FastBreakout,BREAKOUT,trend_strength,NORMAL,2025-05,4,-0.205200,-0.051300
FastBreakout,BREAKOUT,trend_strength,NORMAL,2025-06,1,0.529700,0.529700
FastBreakout,BREAKOUT,trend_strength,NORMAL,2025-07,5,-0.075300,-0.015060
FastBreakout,BREAKOUT,trend_strength,NORMAL,2025-08,4,8.000000,2.000000
FastBreakout,BREAKOUT,trend_strength,NORMAL,2025-10,3,-1.154500,-0.384833
FastBreakout,BREAKOUT,trend_strength,NORMAL,2025-11,1,-1.000000,-1.000000
FastBreakout,BREAKOUT,trend_strength,NORMAL,2025-12,7,6.237800,0.891114
FastBreakout,BREAKOUT,trend_strength,NORMAL,2026-01,3,6.000000,2.000000
FastBreakout,BREAKOUT,trend_strength,NORMAL,2026-02,1,-0.307800,-0.307800
FastBreakout,BREAKOUT,trend_strength,NORMAL,2026-03,6,0.000000,0.000000
FastBreakout,BREAKOUT,trend_strength,NORMAL,2026-04,2,-2.000000,-1.000000
FastBreakout,BREAKOUT,trend_strength,NORMAL,2026-05,7,2.188900,0.312700
FastBreakout,BREAKOUT,trend_strength,NORMAL,2026-06,6,2.362900,0.393817
FastBreakout,BREAKOUT,trend_strength,NORMAL,2026-07,2,1.000000,0.500000
FastBreakout,BREAKOUT,trend_strength,STRONG,2025-03,1,-1.000000,-1.000000
FastBreakout,BREAKOUT,trend_strength,STRONG,2025-05,2,1.786700,0.893350
FastBreakout,BREAKOUT,trend_strength,STRONG,2025-06,1,-0.322000,-0.322000
FastBreakout,BREAKOUT,trend_strength,STRONG,2025-07,2,-1.143900,-0.571950
FastBreakout,BREAKOUT,trend_strength,STRONG,2025-08,1,2.000000,2.000000
FastBreakout,BREAKOUT,trend_strength,STRONG,2025-12,1,-0.623500,-0.623500
FastBreakout,BREAKOUT,trend_strength,STRONG,2026-02,1,-0.788600,-0.788600
FastBreakout,BREAKOUT,trend_strength,STRONG,2026-05,1,-1.000000,-1.000000
FastBreakout,BREAKOUT,trend_strength,STRONG,2026-07,2,-0.964600,-0.482300
FastBreakout,BREAKOUT,trend_strength,WEAK,2025-03,13,9.438100,0.726008
FastBreakout,BREAKOUT,trend_strength,WEAK,2025-04,11,2.818700,0.256245
FastBreakout,BREAKOUT,trend_strength,WEAK,2025-05,19,-6.115800,-0.321884
FastBreakout,BREAKOUT,trend_strength,WEAK,2025-06,8,-2.376100,-0.297013
FastBreakout,BREAKOUT,trend_strength,WEAK,2025-07,14,0.473500,0.033821
FastBreakout,BREAKOUT,trend_strength,WEAK,2025-08,14,-4.940800,-0.352914
FastBreakout,BREAKOUT,trend_strength,WEAK,2025-09,5,4.585700,0.917140
FastBreakout,BREAKOUT,trend_strength,WEAK,2025-10,8,0.696500,0.087063
FastBreakout,BREAKOUT,trend_strength,WEAK,2025-11,12,-4.209200,-0.350767
FastBreakout,BREAKOUT,trend_strength,WEAK,2025-12,17,-2.300500,-0.135324
FastBreakout,BREAKOUT,trend_strength,WEAK,2026-01,6,0.923100,0.153850
FastBreakout,BREAKOUT,trend_strength,WEAK,2026-02,9,4.771600,0.530178
FastBreakout,BREAKOUT,trend_strength,WEAK,2026-03,12,-0.983600,-0.081967
FastBreakout,BREAKOUT,trend_strength,WEAK,2026-04,12,2.979200,0.248267
FastBreakout,BREAKOUT,trend_strength,WEAK,2026-05,15,-0.158300,-0.010553
FastBreakout,BREAKOUT,trend_strength,WEAK,2026-06,7,-4.280200,-0.611457
FastBreakout,BREAKOUT,trend_strength,WEAK,2026-07,7,-0.112300,-0.016043
FastBreakout,BREAKOUT,volatility,CONTRACTING,2025-03,2,-2.000000,-1.000000
FastBreakout,BREAKOUT,volatility,CONTRACTING,2025-04,2,-1.805500,-0.902750
FastBreakout,BREAKOUT,volatility,CONTRACTING,2025-05,4,0.827800,0.206950
FastBreakout,BREAKOUT,volatility,CONTRACTING,2025-06,1,-1.000000,-1.000000
FastBreakout,BREAKOUT,volatility,CONTRACTING,2025-08,6,-4.062000,-0.677000
FastBreakout,BREAKOUT,volatility,CONTRACTING,2025-09,1,2.000000,2.000000
FastBreakout,BREAKOUT,volatility,CONTRACTING,2025-10,1,2.000000,2.000000
FastBreakout,BREAKOUT,volatility,CONTRACTING,2025-11,1,-1.000000,-1.000000
FastBreakout,BREAKOUT,volatility,CONTRACTING,2025-12,5,-3.933300,-0.786660
FastBreakout,BREAKOUT,volatility,CONTRACTING,2026-01,1,-0.437500,-0.437500
FastBreakout,BREAKOUT,volatility,CONTRACTING,2026-02,4,-0.029200,-0.007300
FastBreakout,BREAKOUT,volatility,CONTRACTING,2026-03,3,0.000000,0.000000
FastBreakout,BREAKOUT,volatility,CONTRACTING,2026-04,1,2.000000,2.000000
FastBreakout,BREAKOUT,volatility,CONTRACTING,2026-05,3,-2.921700,-0.973900
FastBreakout,BREAKOUT,volatility,CONTRACTING,2026-06,2,-1.038700,-0.519350
FastBreakout,BREAKOUT,volatility,CONTRACTING,2026-07,1,0.035400,0.035400
FastBreakout,BREAKOUT,volatility,EXPANDING,2025-03,11,5.438100,0.494373
FastBreakout,BREAKOUT,volatility,EXPANDING,2025-04,11,4.375600,0.397782
FastBreakout,BREAKOUT,volatility,EXPANDING,2025-05,15,-0.156900,-0.010460
FastBreakout,BREAKOUT,volatility,EXPANDING,2025-06,4,-0.076100,-0.019025
FastBreakout,BREAKOUT,volatility,EXPANDING,2025-07,13,-1.745700,-0.134285
FastBreakout,BREAKOUT,volatility,EXPANDING,2025-08,5,5.886500,1.177300
FastBreakout,BREAKOUT,volatility,EXPANDING,2025-09,3,0.585700,0.195233
FastBreakout,BREAKOUT,volatility,EXPANDING,2025-10,3,-2.230200,-0.743400
FastBreakout,BREAKOUT,volatility,EXPANDING,2025-11,6,-2.051000,-0.341833
FastBreakout,BREAKOUT,volatility,EXPANDING,2025-12,12,8.233900,0.686158
FastBreakout,BREAKOUT,volatility,EXPANDING,2026-01,5,4.000000,0.800000
FastBreakout,BREAKOUT,volatility,EXPANDING,2026-02,4,0.704400,0.176100
FastBreakout,BREAKOUT,volatility,EXPANDING,2026-03,7,2.000000,0.285714
FastBreakout,BREAKOUT,volatility,EXPANDING,2026-04,6,0.496100,0.082683
FastBreakout,BREAKOUT,volatility,EXPANDING,2026-05,10,0.314100,0.031410
FastBreakout,BREAKOUT,volatility,EXPANDING,2026-06,6,-1.481900,-0.246983
FastBreakout,BREAKOUT,volatility,EXPANDING,2026-07,7,1.423900,0.203414
FastBreakout,BREAKOUT,volatility,NORMAL,2025-03,4,5.000000,1.250000
FastBreakout,BREAKOUT,volatility,NORMAL,2025-04,3,0.358700,0.119567
FastBreakout,BREAKOUT,volatility,NORMAL,2025-05,6,-5.205200,-0.867533
FastBreakout,BREAKOUT,volatility,NORMAL,2025-06,5,-1.092300,-0.218460
FastBreakout,BREAKOUT,volatility,NORMAL,2025-07,8,1.000000,0.125000
FastBreakout,BREAKOUT,volatility,NORMAL,2025-08,8,3.234700,0.404338
FastBreakout,BREAKOUT,volatility,NORMAL,2025-09,1,2.000000,2.000000
FastBreakout,BREAKOUT,volatility,NORMAL,2025-10,7,-0.227800,-0.032543
FastBreakout,BREAKOUT,volatility,NORMAL,2025-11,6,-2.158200,-0.359700
FastBreakout,BREAKOUT,volatility,NORMAL,2025-12,8,-0.986800,-0.123350
FastBreakout,BREAKOUT,volatility,NORMAL,2026-01,3,3.360600,1.120200
FastBreakout,BREAKOUT,volatility,NORMAL,2026-02,3,3.000000,1.000000
FastBreakout,BREAKOUT,volatility,NORMAL,2026-03,8,-2.983600,-0.372950
FastBreakout,BREAKOUT,volatility,NORMAL,2026-04,7,-1.516900,-0.216700
FastBreakout,BREAKOUT,volatility,NORMAL,2026-05,10,3.638200,0.363820
FastBreakout,BREAKOUT,volatility,NORMAL,2026-06,5,0.603300,0.120660
FastBreakout,BREAKOUT,volatility,NORMAL,2026-07,3,-1.536200,-0.512067
FastMedConfluence,CONFLUENCE,alignment,FULLY_ALIGNED,2025-03,1,2.000000,2.000000
FastMedConfluence,CONFLUENCE,alignment,FULLY_ALIGNED,2025-04,7,-0.985600,-0.140800
FastMedConfluence,CONFLUENCE,alignment,FULLY_ALIGNED,2025-05,4,-3.291200,-0.822800
FastMedConfluence,CONFLUENCE,alignment,FULLY_ALIGNED,2025-06,2,-1.322000,-0.661000
FastMedConfluence,CONFLUENCE,alignment,FULLY_ALIGNED,2025-07,6,2.780800,0.463467
FastMedConfluence,CONFLUENCE,alignment,FULLY_ALIGNED,2025-08,3,6.000000,2.000000
FastMedConfluence,CONFLUENCE,alignment,FULLY_ALIGNED,2025-09,1,2.000000,2.000000
FastMedConfluence,CONFLUENCE,alignment,FULLY_ALIGNED,2025-10,3,-1.691000,-0.563667
FastMedConfluence,CONFLUENCE,alignment,FULLY_ALIGNED,2025-11,3,-1.895000,-0.631667
FastMedConfluence,CONFLUENCE,alignment,FULLY_ALIGNED,2025-12,7,-1.000000,-0.142857
FastMedConfluence,CONFLUENCE,alignment,FULLY_ALIGNED,2026-01,4,-0.196000,-0.049000
FastMedConfluence,CONFLUENCE,alignment,FULLY_ALIGNED,2026-02,5,-0.265600,-0.053120
FastMedConfluence,CONFLUENCE,alignment,FULLY_ALIGNED,2026-03,13,-3.151400,-0.242415
FastMedConfluence,CONFLUENCE,alignment,FULLY_ALIGNED,2026-04,1,-1.000000,-1.000000
FastMedConfluence,CONFLUENCE,alignment,FULLY_ALIGNED,2026-05,1,0.314100,0.314100
FastMedConfluence,CONFLUENCE,alignment,FULLY_ALIGNED,2026-06,2,-0.780100,-0.390050
FastMedConfluence,CONFLUENCE,alignment,FULLY_ALIGNED,2026-07,1,2.000000,2.000000
FastMedConfluence,CONFLUENCE,alignment,OPPOSED,2025-03,9,4.438100,0.493122
FastMedConfluence,CONFLUENCE,alignment,OPPOSED,2025-04,8,1.920500,0.240063
FastMedConfluence,CONFLUENCE,alignment,OPPOSED,2025-05,10,3.811900,0.381190
FastMedConfluence,CONFLUENCE,alignment,OPPOSED,2025-06,4,0.759400,0.189850
FastMedConfluence,CONFLUENCE,alignment,OPPOSED,2025-07,9,0.824500,0.091611
FastMedConfluence,CONFLUENCE,alignment,OPPOSED,2025-08,9,-1.220000,-0.135556
FastMedConfluence,CONFLUENCE,alignment,OPPOSED,2025-09,3,3.585700,1.195233
FastMedConfluence,CONFLUENCE,alignment,OPPOSED,2025-10,1,-0.230200,-0.230200
FastMedConfluence,CONFLUENCE,alignment,OPPOSED,2025-11,6,-5.158200,-0.859700
FastMedConfluence,CONFLUENCE,alignment,OPPOSED,2025-12,15,5.173700,0.344913
FastMedConfluence,CONFLUENCE,alignment,OPPOSED,2026-01,4,5.000000,1.250000
FastMedConfluence,CONFLUENCE,alignment,OPPOSED,2026-02,8,-0.658900,-0.082363
FastMedConfluence,CONFLUENCE,alignment,OPPOSED,2026-03,3,4.030700,1.343567
FastMedConfluence,CONFLUENCE,alignment,OPPOSED,2026-04,8,3.125500,0.390687
FastMedConfluence,CONFLUENCE,alignment,OPPOSED,2026-05,14,-1.020900,-0.072921
FastMedConfluence,CONFLUENCE,alignment,OPPOSED,2026-06,6,3.026000,0.504333
FastMedConfluence,CONFLUENCE,alignment,OPPOSED,2026-07,6,-0.500800,-0.083467
FastMedConfluence,CONFLUENCE,alignment,PARTIALLY_ALIGNED,2025-03,1,-1.000000,-1.000000
FastMedConfluence,CONFLUENCE,alignment,PARTIALLY_ALIGNED,2025-05,1,-0.750700,-0.750700
FastMedConfluence,CONFLUENCE,alignment,PARTIALLY_ALIGNED,2025-06,2,1.921800,0.960900
FastMedConfluence,CONFLUENCE,alignment,PARTIALLY_ALIGNED,2025-07,5,-4.026000,-0.805200
FastMedConfluence,CONFLUENCE,alignment,PARTIALLY_ALIGNED,2025-08,2,1.000000,0.500000
FastMedConfluence,CONFLUENCE,alignment,PARTIALLY_ALIGNED,2025-10,6,1.578500,0.263083
FastMedConfluence,CONFLUENCE,alignment,PARTIALLY_ALIGNED,2025-11,3,0.000000,0.000000
FastMedConfluence,CONFLUENCE,alignment,PARTIALLY_ALIGNED,2025-12,2,-1.288200,-0.644100
FastMedConfluence,CONFLUENCE,alignment,PARTIALLY_ALIGNED,2026-01,1,2.000000,2.000000
FastMedConfluence,CONFLUENCE,alignment,PARTIALLY_ALIGNED,2026-02,1,2.000000,2.000000
FastMedConfluence,CONFLUENCE,alignment,PARTIALLY_ALIGNED,2026-03,2,-2.000000,-1.000000
FastMedConfluence,CONFLUENCE,alignment,PARTIALLY_ALIGNED,2026-04,2,-2.000000,-1.000000
FastMedConfluence,CONFLUENCE,alignment,PARTIALLY_ALIGNED,2026-05,6,6.548500,1.091417
FastMedConfluence,CONFLUENCE,alignment,PARTIALLY_ALIGNED,2026-06,2,-1.163200,-0.581600
FastMedConfluence,CONFLUENCE,alignment,PARTIALLY_ALIGNED,2026-07,1,-1.000000,-1.000000
FastMedConfluence,CONFLUENCE,direction,BEARISH,2025-03,7,3.438100,0.491157
FastMedConfluence,CONFLUENCE,direction,BEARISH,2025-04,7,0.556800,0.079543
FastMedConfluence,CONFLUENCE,direction,BEARISH,2025-05,4,0.012200,0.003050
FastMedConfluence,CONFLUENCE,direction,BEARISH,2025-06,3,-1.848500,-0.616167
FastMedConfluence,CONFLUENCE,direction,BEARISH,2025-07,9,-4.693900,-0.521544
FastMedConfluence,CONFLUENCE,direction,BEARISH,2025-08,9,6.931100,0.770122
FastMedConfluence,CONFLUENCE,direction,BEARISH,2025-09,1,2.000000,2.000000
FastMedConfluence,CONFLUENCE,direction,BEARISH,2025-10,1,-0.651800,-0.651800
FastMedConfluence,CONFLUENCE,direction,BEARISH,2025-11,6,-6.000000,-1.000000
FastMedConfluence,CONFLUENCE,direction,BEARISH,2025-12,11,1.902500,0.172955
FastMedConfluence,CONFLUENCE,direction,BEARISH,2026-01,4,5.360600,1.340150
FastMedConfluence,CONFLUENCE,direction,BEARISH,2026-02,13,0.734400,0.056492
FastMedConfluence,CONFLUENCE,direction,BEARISH,2026-03,3,6.000000,2.000000
FastMedConfluence,CONFLUENCE,direction,BEARISH,2026-04,6,0.000000,0.000000
FastMedConfluence,CONFLUENCE,direction,BEARISH,2026-05,9,2.293200,0.254800
FastMedConfluence,CONFLUENCE,direction,BEARISH,2026-06,8,0.082700,0.010338
FastMedConfluence,CONFLUENCE,direction,BEARISH,2026-07,3,2.004700,0.668233
FastMedConfluence,CONFLUENCE,direction,BULLISH,2025-03,4,2.000000,0.500000
FastMedConfluence,CONFLUENCE,direction,BULLISH,2025-04,8,0.378100,0.047262
FastMedConfluence,CONFLUENCE,direction,BULLISH,2025-05,11,-0.242200,-0.022018
FastMedConfluence,CONFLUENCE,direction,BULLISH,2025-06,5,3.207700,0.641540
FastMedConfluence,CONFLUENCE,direction,BULLISH,2025-07,11,4.273200,0.388473
FastMedConfluence,CONFLUENCE,direction,BULLISH,2025-08,5,-1.151100,-0.230220
FastMedConfluence,CONFLUENCE,direction,BULLISH,2025-09,3,3.585700,1.195233
FastMedConfluence,CONFLUENCE,direction,BULLISH,2025-10,9,0.309100,0.034344
FastMedConfluence,CONFLUENCE,direction,BULLISH,2025-11,6,-1.053200,-0.175533
FastMedConfluence,CONFLUENCE,direction,BULLISH,2025-12,13,0.983000,0.075615
FastMedConfluence,CONFLUENCE,direction,BULLISH,2026-01,5,1.443400,0.288680
FastMedConfluence,CONFLUENCE,direction,BULLISH,2026-02,1,0.341100,0.341100
FastMedConfluence,CONFLUENCE,direction,BULLISH,2026-03,15,-7.120700,-0.474713
FastMedConfluence,CONFLUENCE,direction,BULLISH,2026-04,5,0.125500,0.025100
FastMedConfluence,CONFLUENCE,direction,BULLISH,2026-05,12,3.548500,0.295708
FastMedConfluence,CONFLUENCE,direction,BULLISH,2026-06,2,1.000000,0.500000
FastMedConfluence,CONFLUENCE,direction,BULLISH,2026-07,5,-1.505500,-0.301100
FastMedConfluence,CONFLUENCE,market_phase,BREAKOUT,2025-03,1,2.000000,2.000000
FastMedConfluence,CONFLUENCE,market_phase,BREAKOUT,2025-04,3,0.920300,0.306767
FastMedConfluence,CONFLUENCE,market_phase,BREAKOUT,2025-05,2,-1.750700,-0.875350
FastMedConfluence,CONFLUENCE,market_phase,BREAKOUT,2025-06,1,-0.322000,-0.322000
FastMedConfluence,CONFLUENCE,market_phase,BREAKOUT,2025-07,6,-0.593700,-0.098950
FastMedConfluence,CONFLUENCE,market_phase,BREAKOUT,2025-08,3,3.000000,1.000000
FastMedConfluence,CONFLUENCE,market_phase,BREAKOUT,2025-10,3,-2.039200,-0.679733
FastMedConfluence,CONFLUENCE,market_phase,BREAKOUT,2025-11,3,-3.000000,-1.000000
FastMedConfluence,CONFLUENCE,market_phase,BREAKOUT,2025-12,7,-3.288200,-0.469743
FastMedConfluence,CONFLUENCE,market_phase,BREAKOUT,2026-02,2,1.000000,0.500000
FastMedConfluence,CONFLUENCE,market_phase,BREAKOUT,2026-03,2,-2.000000,-1.000000
FastMedConfluence,CONFLUENCE,market_phase,BREAKOUT,2026-05,1,-0.451500,-0.451500
FastMedConfluence,CONFLUENCE,market_phase,BREAKOUT,2026-06,2,-0.780100,-0.390050
FastMedConfluence,CONFLUENCE,market_phase,BREAKOUT,2026-07,2,1.000000,0.500000
FastMedConfluence,CONFLUENCE,market_phase,COMPRESSION,2025-03,1,-1.000000,-1.000000
FastMedConfluence,CONFLUENCE,market_phase,COMPRESSION,2025-07,1,2.000000,2.000000
FastMedConfluence,CONFLUENCE,market_phase,COMPRESSION,2025-10,1,2.000000,2.000000
FastMedConfluence,CONFLUENCE,market_phase,COMPRESSION,2025-11,1,2.000000,2.000000
FastMedConfluence,CONFLUENCE,market_phase,COMPRESSION,2026-02,2,1.000000,0.500000
FastMedConfluence,CONFLUENCE,market_phase,COMPRESSION,2026-03,1,-1.000000,-1.000000
FastMedConfluence,CONFLUENCE,market_phase,COMPRESSION,2026-05,1,-1.000000,-1.000000
FastMedConfluence,CONFLUENCE,market_phase,COMPRESSION,2026-06,2,0.603300,0.301650
FastMedConfluence,CONFLUENCE,market_phase,COMPRESSION,2026-07,1,-0.030700,-0.030700
FastMedConfluence,CONFLUENCE,market_phase,PULLBACK,2025-03,4,5.000000,1.250000
FastMedConfluence,CONFLUENCE,market_phase,PULLBACK,2025-04,4,2.000000,0.500000
FastMedConfluence,CONFLUENCE,market_phase,PULLBACK,2025-05,5,1.848000,0.369600
FastMedConfluence,CONFLUENCE,market_phase,PULLBACK,2025-06,2,1.229700,0.614850
FastMedConfluence,CONFLUENCE,market_phase,PULLBACK,2025-07,5,1.824500,0.364900
FastMedConfluence,CONFLUENCE,market_phase,PULLBACK,2025-08,5,1.607700,0.321540
FastMedConfluence,CONFLUENCE,market_phase,PULLBACK,2025-09,2,1.585700,0.792850
FastMedConfluence,CONFLUENCE,market_phase,PULLBACK,2025-10,1,-0.230200,-0.230200
FastMedConfluence,CONFLUENCE,market_phase,PULLBACK,2025-11,3,-3.000000,-1.000000
FastMedConfluence,CONFLUENCE,market_phase,PULLBACK,2025-12,8,2.081700,0.260213
FastMedConfluence,CONFLUENCE,market_phase,PULLBACK,2026-01,2,1.000000,0.500000
FastMedConfluence,CONFLUENCE,market_phase,PULLBACK,2026-02,2,1.000000,0.500000
FastMedConfluence,CONFLUENCE,market_phase,PULLBACK,2026-03,2,2.030700,1.015350
FastMedConfluence,CONFLUENCE,market_phase,PULLBACK,2026-04,6,0.000000,0.000000
FastMedConfluence,CONFLUENCE,market_phase,PULLBACK,2026-05,7,-0.099200,-0.014171
FastMedConfluence,CONFLUENCE,market_phase,PULLBACK,2026-06,2,1.000000,0.500000
FastMedConfluence,CONFLUENCE,market_phase,PULLBACK,2026-07,3,-1.964600,-0.654867
FastMedConfluence,CONFLUENCE,market_phase,TREND_CONTINUATION,2025-04,3,-0.905900,-0.301967
FastMedConfluence,CONFLUENCE,market_phase,TREND_CONTINUATION,2025-05,3,-2.291200,-0.763733
FastMedConfluence,CONFLUENCE,market_phase,TREND_CONTINUATION,2025-06,1,-1.000000,-1.000000
FastMedConfluence,CONFLUENCE,market_phase,TREND_CONTINUATION,2025-07,3,0.856100,0.285367
FastMedConfluence,CONFLUENCE,market_phase,TREND_CONTINUATION,2025-08,1,2.000000,2.000000
FastMedConfluence,CONFLUENCE,market_phase,TREND_CONTINUATION,2025-10,1,-0.651800,-0.651800
FastMedConfluence,CONFLUENCE,market_phase,TREND_CONTINUATION,2025-11,1,0.105000,0.105000
FastMedConfluence,CONFLUENCE,market_phase,TREND_CONTINUATION,2025-12,1,2.000000,2.000000
FastMedConfluence,CONFLUENCE,market_phase,TREND_CONTINUATION,2026-01,4,-0.196000,-0.049000
FastMedConfluence,CONFLUENCE,market_phase,TREND_CONTINUATION,2026-02,1,-0.236400,-0.236400
FastMedConfluence,CONFLUENCE,market_phase,TREND_CONTINUATION,2026-03,10,-3.151400,-0.315140
FastMedConfluence,CONFLUENCE,market_phase,TREND_CONTINUATION,2026-04,1,-1.000000,-1.000000
FastMedConfluence,CONFLUENCE,market_phase,TREND_CONTINUATION,2026-05,1,0.314100,0.314100
FastMedConfluence,CONFLUENCE,market_phase,UNCLASSIFIED,2025-03,5,-0.561900,-0.112380
FastMedConfluence,CONFLUENCE,market_phase,UNCLASSIFIED,2025-04,5,-1.079500,-0.215900
FastMedConfluence,CONFLUENCE,market_phase,UNCLASSIFIED,2025-05,5,1.963900,0.392780
FastMedConfluence,CONFLUENCE,market_phase,UNCLASSIFIED,2025-06,4,1.451500,0.362875
FastMedConfluence,CONFLUENCE,market_phase,UNCLASSIFIED,2025-07,5,-4.507600,-0.901520
FastMedConfluence,CONFLUENCE,market_phase,UNCLASSIFIED,2025-08,5,-0.827700,-0.165540
FastMedConfluence,CONFLUENCE,market_phase,UNCLASSIFIED,2025-09,2,4.000000,2.000000
FastMedConfluence,CONFLUENCE,market_phase,UNCLASSIFIED,2025-10,4,0.578500,0.144625
FastMedConfluence,CONFLUENCE,market_phase,UNCLASSIFIED,2025-11,4,-3.158200,-0.789550
FastMedConfluence,CONFLUENCE,market_phase,UNCLASSIFIED,2025-12,8,2.092000,0.261500
FastMedConfluence,CONFLUENCE,market_phase,UNCLASSIFIED,2026-01,3,6.000000,2.000000
FastMedConfluence,CONFLUENCE,market_phase,UNCLASSIFIED,2026-02,7,-1.688100,-0.241157
FastMedConfluence,CONFLUENCE,market_phase,UNCLASSIFIED,2026-03,3,3.000000,1.000000
FastMedConfluence,CONFLUENCE,market_phase,UNCLASSIFIED,2026-04,4,1.125500,0.281375
FastMedConfluence,CONFLUENCE,market_phase,UNCLASSIFIED,2026-05,11,7.078300,0.643482
FastMedConfluence,CONFLUENCE,market_phase,UNCLASSIFIED,2026-06,4,0.259500,0.064875
FastMedConfluence,CONFLUENCE,market_phase,UNCLASSIFIED,2026-07,2,1.494500,0.747250
FastMedConfluence,CONFLUENCE,trend_strength,NORMAL,2025-03,2,-2.000000,-1.000000
FastMedConfluence,CONFLUENCE,trend_strength,NORMAL,2025-04,4,0.473500,0.118375
FastMedConfluence,CONFLUENCE,trend_strength,NORMAL,2025-05,3,0.164200,0.054733
FastMedConfluence,CONFLUENCE,trend_strength,NORMAL,2025-06,1,0.529700,0.529700
FastMedConfluence,CONFLUENCE,trend_strength,NORMAL,2025-07,5,-0.075300,-0.015060
FastMedConfluence,CONFLUENCE,trend_strength,NORMAL,2025-08,4,8.000000,2.000000
FastMedConfluence,CONFLUENCE,trend_strength,NORMAL,2025-10,2,-1.039200,-0.519600
FastMedConfluence,CONFLUENCE,trend_strength,NORMAL,2025-11,1,-1.000000,-1.000000
FastMedConfluence,CONFLUENCE,trend_strength,NORMAL,2025-12,7,6.237800,0.891114
FastMedConfluence,CONFLUENCE,trend_strength,NORMAL,2026-01,3,6.000000,2.000000
FastMedConfluence,CONFLUENCE,trend_strength,NORMAL,2026-02,3,1.455800,0.485267
FastMedConfluence,CONFLUENCE,trend_strength,NORMAL,2026-03,6,0.000000,0.000000
FastMedConfluence,CONFLUENCE,trend_strength,NORMAL,2026-04,2,-2.000000,-1.000000
FastMedConfluence,CONFLUENCE,trend_strength,NORMAL,2026-05,6,3.000000,0.500000
FastMedConfluence,CONFLUENCE,trend_strength,NORMAL,2026-06,6,2.362900,0.393817
FastMedConfluence,CONFLUENCE,trend_strength,NORMAL,2026-07,2,1.000000,0.500000
FastMedConfluence,CONFLUENCE,trend_strength,STRONG,2025-03,1,-1.000000,-1.000000
FastMedConfluence,CONFLUENCE,trend_strength,STRONG,2025-05,2,1.848000,0.924000
FastMedConfluence,CONFLUENCE,trend_strength,STRONG,2025-06,1,-0.322000,-0.322000
FastMedConfluence,CONFLUENCE,trend_strength,STRONG,2025-07,2,-1.143900,-0.571950
FastMedConfluence,CONFLUENCE,trend_strength,STRONG,2025-08,1,2.000000,2.000000
FastMedConfluence,CONFLUENCE,trend_strength,STRONG,2025-12,1,-0.623500,-0.623500
FastMedConfluence,CONFLUENCE,trend_strength,STRONG,2026-05,1,-1.000000,-1.000000
FastMedConfluence,CONFLUENCE,trend_strength,STRONG,2026-07,2,-0.964600,-0.482300
FastMedConfluence,CONFLUENCE,trend_strength,WEAK,2025-03,8,8.438100,1.054763
FastMedConfluence,CONFLUENCE,trend_strength,WEAK,2025-04,11,0.461400,0.041945
FastMedConfluence,CONFLUENCE,trend_strength,WEAK,2025-05,10,-2.242200,-0.224220
FastMedConfluence,CONFLUENCE,trend_strength,WEAK,2025-06,6,1.151500,0.191917
FastMedConfluence,CONFLUENCE,trend_strength,WEAK,2025-07,13,0.798500,0.061423
FastMedConfluence,CONFLUENCE,trend_strength,WEAK,2025-08,9,-4.220000,-0.468889
FastMedConfluence,CONFLUENCE,trend_strength,WEAK,2025-09,4,5.585700,1.396425
FastMedConfluence,CONFLUENCE,trend_strength,WEAK,2025-10,8,0.696500,0.087063
FastMedConfluence,CONFLUENCE,trend_strength,WEAK,2025-11,11,-6.053200,-0.550291
FastMedConfluence,CONFLUENCE,trend_strength,WEAK,2025-12,16,-2.728800,-0.170550
FastMedConfluence,CONFLUENCE,trend_strength,WEAK,2026-01,6,0.804000,0.134000
FastMedConfluence,CONFLUENCE,trend_strength,WEAK,2026-02,11,-0.380300,-0.034573
FastMedConfluence,CONFLUENCE,trend_strength,WEAK,2026-03,12,-1.120700,-0.093392
FastMedConfluence,CONFLUENCE,trend_strength,WEAK,2026-04,9,2.125500,0.236167
FastMedConfluence,CONFLUENCE,trend_strength,WEAK,2026-05,14,3.841700,0.274407
FastMedConfluence,CONFLUENCE,trend_strength,WEAK,2026-06,4,-1.280200,-0.320050
FastMedConfluence,CONFLUENCE,trend_strength,WEAK,2026-07,4,0.463800,0.115950
FastMedConfluence,CONFLUENCE,volatility,CONTRACTING,2025-03,1,-1.000000,-1.000000
FastMedConfluence,CONFLUENCE,volatility,CONTRACTING,2025-04,3,-2.162800,-0.720933
FastMedConfluence,CONFLUENCE,volatility,CONTRACTING,2025-05,2,1.799700,0.899850
FastMedConfluence,CONFLUENCE,volatility,CONTRACTING,2025-06,1,-1.000000,-1.000000
FastMedConfluence,CONFLUENCE,volatility,CONTRACTING,2025-08,3,-3.000000,-1.000000
FastMedConfluence,CONFLUENCE,volatility,CONTRACTING,2025-09,1,2.000000,2.000000
FastMedConfluence,CONFLUENCE,volatility,CONTRACTING,2025-10,1,2.000000,2.000000
FastMedConfluence,CONFLUENCE,volatility,CONTRACTING,2025-11,1,-1.000000,-1.000000
FastMedConfluence,CONFLUENCE,volatility,CONTRACTING,2025-12,5,-4.537900,-0.907580
FastMedConfluence,CONFLUENCE,volatility,CONTRACTING,2026-02,7,-3.029200,-0.432743
FastMedConfluence,CONFLUENCE,volatility,CONTRACTING,2026-03,3,0.000000,0.000000
FastMedConfluence,CONFLUENCE,volatility,CONTRACTING,2026-04,1,2.000000,2.000000
FastMedConfluence,CONFLUENCE,volatility,CONTRACTING,2026-05,3,-2.921700,-0.973900
FastMedConfluence,CONFLUENCE,volatility,CONTRACTING,2026-06,2,-1.038700,-0.519350
FastMedConfluence,CONFLUENCE,volatility,CONTRACTING,2026-07,1,0.035400,0.035400
FastMedConfluence,CONFLUENCE,volatility,EXPANDING,2025-03,8,5.438100,0.679763
FastMedConfluence,CONFLUENCE,volatility,EXPANDING,2025-04,9,2.739000,0.304333
FastMedConfluence,CONFLUENCE,volatility,EXPANDING,2025-05,12,-1.029700,-0.085808
FastMedConfluence,CONFLUENCE,volatility,EXPANDING,2025-06,3,2.451500,0.817167
FastMedConfluence,CONFLUENCE,volatility,EXPANDING,2025-07,12,-1.420700,-0.118392
FastMedConfluence,CONFLUENCE,volatility,EXPANDING,2025-08,4,5.245800,1.311450
FastMedConfluence,CONFLUENCE,volatility,EXPANDING,2025-09,2,1.585700,0.792850
FastMedConfluence,CONFLUENCE,volatility,EXPANDING,2025-10,3,-2.230200,-0.743400
FastMedConfluence,CONFLUENCE,volatility,EXPANDING,2025-11,4,-4.000000,-1.000000
FastMedConfluence,CONFLUENCE,volatility,EXPANDING,2025-12,12,8.233900,0.686158
FastMedConfluence,CONFLUENCE,volatility,EXPANDING,2026-01,4,5.000000,1.250000
FastMedConfluence,CONFLUENCE,volatility,EXPANDING,2026-02,2,-0.658900,-0.329450
FastMedConfluence,CONFLUENCE,volatility,EXPANDING,2026-03,7,2.000000,0.285714
FastMedConfluence,CONFLUENCE,volatility,EXPANDING,2026-04,5,0.125500,0.025100
FastMedConfluence,CONFLUENCE,volatility,EXPANDING,2026-05,11,2.314100,0.210373
FastMedConfluence,CONFLUENCE,volatility,EXPANDING,2026-06,4,0.518100,0.129525
FastMedConfluence,CONFLUENCE,volatility,EXPANDING,2026-07,5,1.000000,0.200000
FastMedConfluence,CONFLUENCE,volatility,NORMAL,2025-03,2,1.000000,0.500000
FastMedConfluence,CONFLUENCE,volatility,NORMAL,2025-04,3,0.358700,0.119567
FastMedConfluence,CONFLUENCE,volatility,NORMAL,2025-05,1,-1.000000,-1.000000
FastMedConfluence,CONFLUENCE,volatility,NORMAL,2025-06,4,-0.092300,-0.023075
FastMedConfluence,CONFLUENCE,volatility,NORMAL,2025-07,8,1.000000,0.125000
FastMedConfluence,CONFLUENCE,volatility,NORMAL,2025-08,7,3.534200,0.504886
FastMedConfluence,CONFLUENCE,volatility,NORMAL,2025-09,1,2.000000,2.000000
FastMedConfluence,CONFLUENCE,volatility,NORMAL,2025-10,6,-0.112500,-0.018750
FastMedConfluence,CONFLUENCE,volatility,NORMAL,2025-11,7,-2.053200,-0.293314
FastMedConfluence,CONFLUENCE,volatility,NORMAL,2025-12,7,-0.810500,-0.115786
FastMedConfluence,CONFLUENCE,volatility,NORMAL,2026-01,5,1.804000,0.360800
FastMedConfluence,CONFLUENCE,volatility,NORMAL,2026-02,5,4.763600,0.952720
FastMedConfluence,CONFLUENCE,volatility,NORMAL,2026-03,8,-3.120700,-0.390087
FastMedConfluence,CONFLUENCE,volatility,NORMAL,2026-04,5,-2.000000,-0.400000
FastMedConfluence,CONFLUENCE,volatility,NORMAL,2026-05,7,6.449300,0.921329
FastMedConfluence,CONFLUENCE,volatility,NORMAL,2026-06,4,1.603300,0.400825
FastMedConfluence,CONFLUENCE,volatility,NORMAL,2026-07,2,-0.536200,-0.268100
FastMedContext,CONTEXT,alignment,FULLY_ALIGNED,2025-03,1,2.000000,2.000000
FastMedContext,CONTEXT,alignment,FULLY_ALIGNED,2025-04,8,-1.349000,-0.168625
FastMedContext,CONTEXT,alignment,FULLY_ALIGNED,2025-05,4,-3.291200,-0.822800
FastMedContext,CONTEXT,alignment,FULLY_ALIGNED,2025-06,2,-1.322000,-0.661000
FastMedContext,CONTEXT,alignment,FULLY_ALIGNED,2025-07,6,2.780800,0.463467
FastMedContext,CONTEXT,alignment,FULLY_ALIGNED,2025-08,3,6.000000,2.000000
FastMedContext,CONTEXT,alignment,FULLY_ALIGNED,2025-09,1,2.000000,2.000000
FastMedContext,CONTEXT,alignment,FULLY_ALIGNED,2025-10,3,-1.691000,-0.563667
FastMedContext,CONTEXT,alignment,FULLY_ALIGNED,2025-11,3,-1.895000,-0.631667
FastMedContext,CONTEXT,alignment,FULLY_ALIGNED,2025-12,7,-1.000000,-0.142857
FastMedContext,CONTEXT,alignment,FULLY_ALIGNED,2026-01,4,-0.201700,-0.050425
FastMedContext,CONTEXT,alignment,FULLY_ALIGNED,2026-02,5,-0.265600,-0.053120
FastMedContext,CONTEXT,alignment,FULLY_ALIGNED,2026-03,13,-3.151400,-0.242415
FastMedContext,CONTEXT,alignment,FULLY_ALIGNED,2026-04,2,-1.627300,-0.813650
FastMedContext,CONTEXT,alignment,FULLY_ALIGNED,2026-05,2,-0.685900,-0.342950
FastMedContext,CONTEXT,alignment,FULLY_ALIGNED,2026-06,2,-0.780100,-0.390050
FastMedContext,CONTEXT,alignment,FULLY_ALIGNED,2026-07,1,2.000000,2.000000
FastMedContext,CONTEXT,alignment,OPPOSED,2025-03,9,4.438100,0.493122
FastMedContext,CONTEXT,alignment,OPPOSED,2025-04,7,2.277800,0.325400
FastMedContext,CONTEXT,alignment,OPPOSED,2025-05,11,2.948700,0.268064
FastMedContext,CONTEXT,alignment,OPPOSED,2025-06,3,0.229700,0.076567
FastMedContext,CONTEXT,alignment,OPPOSED,2025-07,9,0.824500,0.091611
FastMedContext,CONTEXT,alignment,OPPOSED,2025-08,10,-1.519500,-0.151950
FastMedContext,CONTEXT,alignment,OPPOSED,2025-09,3,3.585700,1.195233
FastMedContext,CONTEXT,alignment,OPPOSED,2025-10,1,-0.230200,-0.230200
FastMedContext,CONTEXT,alignment,OPPOSED,2025-11,6,-4.209200,-0.701533
FastMedContext,CONTEXT,alignment,OPPOSED,2025-12,15,6.020900,0.401393
FastMedContext,CONTEXT,alignment,OPPOSED,2026-01,4,5.000000,1.250000
FastMedContext,CONTEXT,alignment,OPPOSED,2026-02,6,1.341100,0.223517
FastMedContext,CONTEXT,alignment,OPPOSED,2026-03,3,4.030700,1.343567
FastMedContext,CONTEXT,alignment,OPPOSED,2026-04,7,4.125500,0.589357
FastMedContext,CONTEXT,alignment,OPPOSED,2026-05,15,-1.832000,-0.122133
FastMedContext,CONTEXT,alignment,OPPOSED,2026-06,8,1.026000,0.128250
FastMedContext,CONTEXT,alignment,OPPOSED,2026-07,6,-0.500800,-0.083467
FastMedContext,CONTEXT,alignment,PARTIALLY_ALIGNED,2025-03,2,-2.000000,-1.000000
FastMedContext,CONTEXT,alignment,PARTIALLY_ALIGNED,2025-05,3,-1.919500,-0.639833
FastMedContext,CONTEXT,alignment,PARTIALLY_ALIGNED,2025-06,5,-1.078200,-0.215640
FastMedContext,CONTEXT,alignment,PARTIALLY_ALIGNED,2025-07,4,-3.026000,-0.756500
FastMedContext,CONTEXT,alignment,PARTIALLY_ALIGNED,2025-08,2,1.000000,0.500000
FastMedContext,CONTEXT,alignment,PARTIALLY_ALIGNED,2025-10,6,1.578500,0.263083
FastMedContext,CONTEXT,alignment,PARTIALLY_ALIGNED,2025-11,4,2.000000,0.500000
FastMedContext,CONTEXT,alignment,PARTIALLY_ALIGNED,2025-12,2,-1.288200,-0.644100
FastMedContext,CONTEXT,alignment,PARTIALLY_ALIGNED,2026-01,1,2.000000,2.000000
FastMedContext,CONTEXT,alignment,PARTIALLY_ALIGNED,2026-02,1,2.000000,2.000000
FastMedContext,CONTEXT,alignment,PARTIALLY_ALIGNED,2026-03,2,-2.000000,-1.000000
FastMedContext,CONTEXT,alignment,PARTIALLY_ALIGNED,2026-04,3,-1.997500,-0.665833
FastMedContext,CONTEXT,alignment,PARTIALLY_ALIGNED,2026-05,6,6.548500,1.091417
FastMedContext,CONTEXT,alignment,PARTIALLY_ALIGNED,2026-06,3,-2.163200,-0.721067
FastMedContext,CONTEXT,alignment,PARTIALLY_ALIGNED,2026-07,1,-1.000000,-1.000000
FastMedContext,CONTEXT,direction,BEARISH,2025-03,7,3.438100,0.491157
FastMedContext,CONTEXT,direction,BEARISH,2025-04,8,0.193400,0.024175
FastMedContext,CONTEXT,direction,BEARISH,2025-05,6,-1.019800,-0.169967
FastMedContext,CONTEXT,direction,BEARISH,2025-06,3,-1.848500,-0.616167
FastMedContext,CONTEXT,direction,BEARISH,2025-07,8,-3.693900,-0.461738
FastMedContext,CONTEXT,direction,BEARISH,2025-08,10,6.631600,0.663160
FastMedContext,CONTEXT,direction,BEARISH,2025-09,1,2.000000,2.000000
FastMedContext,CONTEXT,direction,BEARISH,2025-10,1,-0.651800,-0.651800
FastMedContext,CONTEXT,direction,BEARISH,2025-11,6,-5.051000,-0.841833
FastMedContext,CONTEXT,direction,BEARISH,2025-12,12,1.677700,0.139808
FastMedContext,CONTEXT,direction,BEARISH,2026-01,4,5.360600,1.340150
FastMedContext,CONTEXT,direction,BEARISH,2026-02,11,2.734400,0.248582
FastMedContext,CONTEXT,direction,BEARISH,2026-03,3,6.000000,2.000000
FastMedContext,CONTEXT,direction,BEARISH,2026-04,7,-0.627300,-0.089614
FastMedContext,CONTEXT,direction,BEARISH,2026-05,11,0.293200,0.026655
FastMedContext,CONTEXT,direction,BEARISH,2026-06,11,-2.917300,-0.265209
FastMedContext,CONTEXT,direction,BEARISH,2026-07,3,2.004700,0.668233
FastMedContext,CONTEXT,direction,BULLISH,2025-03,5,1.000000,0.200000
FastMedContext,CONTEXT,direction,BULLISH,2025-04,7,0.735400,0.105057
FastMedContext,CONTEXT,direction,BULLISH,2025-05,12,-1.242200,-0.103517
FastMedContext,CONTEXT,direction,BULLISH,2025-06,7,-0.322000,-0.046000
FastMedContext,CONTEXT,direction,BULLISH,2025-07,11,4.273200,0.388473
FastMedContext,CONTEXT,direction,BULLISH,2025-08,5,-1.151100,-0.230220
FastMedContext,CONTEXT,direction,BULLISH,2025-09,3,3.585700,1.195233
FastMedContext,CONTEXT,direction,BULLISH,2025-10,9,0.309100,0.034344
FastMedContext,CONTEXT,direction,BULLISH,2025-11,7,0.946800,0.135257
FastMedContext,CONTEXT,direction,BULLISH,2025-12,12,2.055000,0.171250
FastMedContext,CONTEXT,direction,BULLISH,2026-01,5,1.437700,0.287540
FastMedContext,CONTEXT,direction,BULLISH,2026-02,1,0.341100,0.341100
FastMedContext,CONTEXT,direction,BULLISH,2026-03,15,-7.120700,-0.474713
FastMedContext,CONTEXT,direction,BULLISH,2026-04,5,1.128000,0.225600
FastMedContext,CONTEXT,direction,BULLISH,2026-05,12,3.737400,0.311450
FastMedContext,CONTEXT,direction,BULLISH,2026-06,2,1.000000,0.500000
FastMedContext,CONTEXT,direction,BULLISH,2026-07,5,-1.505500,-0.301100
FastMedContext,CONTEXT,market_phase,BREAKOUT,2025-03,1,2.000000,2.000000
FastMedContext,CONTEXT,market_phase,BREAKOUT,2025-04,3,0.920300,0.306767
FastMedContext,CONTEXT,market_phase,BREAKOUT,2025-05,2,-1.750700,-0.875350
FastMedContext,CONTEXT,market_phase,BREAKOUT,2025-06,1,-0.322000,-0.322000
FastMedContext,CONTEXT,market_phase,BREAKOUT,2025-07,5,0.406300,0.081260
FastMedContext,CONTEXT,market_phase,BREAKOUT,2025-08,3,3.000000,1.000000
FastMedContext,CONTEXT,market_phase,BREAKOUT,2025-10,3,-2.039200,-0.679733
FastMedContext,CONTEXT,market_phase,BREAKOUT,2025-11,3,-3.000000,-1.000000
FastMedContext,CONTEXT,market_phase,BREAKOUT,2025-12,7,-3.288200,-0.469743
FastMedContext,CONTEXT,market_phase,BREAKOUT,2026-02,2,1.000000,0.500000
FastMedContext,CONTEXT,market_phase,BREAKOUT,2026-03,2,-2.000000,-1.000000
FastMedContext,CONTEXT,market_phase,BREAKOUT,2026-05,1,-0.451500,-0.451500
FastMedContext,CONTEXT,market_phase,BREAKOUT,2026-06,2,-0.780100,-0.390050
FastMedContext,CONTEXT,market_phase,BREAKOUT,2026-07,2,1.000000,0.500000
FastMedContext,CONTEXT,market_phase,COMPRESSION,2025-03,1,-1.000000,-1.000000
FastMedContext,CONTEXT,market_phase,COMPRESSION,2025-07,1,2.000000,2.000000
FastMedContext,CONTEXT,market_phase,COMPRESSION,2025-08,1,-1.000000,-1.000000
FastMedContext,CONTEXT,market_phase,COMPRESSION,2025-10,1,2.000000,2.000000
FastMedContext,CONTEXT,market_phase,COMPRESSION,2025-11,1,2.000000,2.000000
FastMedContext,CONTEXT,market_phase,COMPRESSION,2025-12,1,-0.224800,-0.224800
FastMedContext,CONTEXT,market_phase,COMPRESSION,2026-02,2,1.000000,0.500000
FastMedContext,CONTEXT,market_phase,COMPRESSION,2026-03,1,-1.000000,-1.000000
FastMedContext,CONTEXT,market_phase,COMPRESSION,2026-05,1,-0.811100,-0.811100
FastMedContext,CONTEXT,market_phase,COMPRESSION,2026-06,3,-0.396700,-0.132233
FastMedContext,CONTEXT,market_phase,COMPRESSION,2026-07,1,-0.030700,-0.030700
FastMedContext,CONTEXT,market_phase,PULLBACK,2025-03,4,5.000000,1.250000
FastMedContext,CONTEXT,market_phase,PULLBACK,2025-04,4,2.000000,0.500000
FastMedContext,CONTEXT,market_phase,PULLBACK,2025-05,5,1.984800,0.396960
FastMedContext,CONTEXT,market_phase,PULLBACK,2025-06,2,1.229700,0.614850
FastMedContext,CONTEXT,market_phase,PULLBACK,2025-07,6,0.824500,0.137417
FastMedContext,CONTEXT,market_phase,PULLBACK,2025-08,5,2.308200,0.461640
FastMedContext,CONTEXT,market_phase,PULLBACK,2025-09,2,1.585700,0.792850
FastMedContext,CONTEXT,market_phase,PULLBACK,2025-10,1,-0.230200,-0.230200
FastMedContext,CONTEXT,market_phase,PULLBACK,2025-11,3,-2.051000,-0.683667
FastMedContext,CONTEXT,market_phase,PULLBACK,2025-12,7,2.619600,0.374229
FastMedContext,CONTEXT,market_phase,PULLBACK,2026-01,2,1.000000,0.500000
FastMedContext,CONTEXT,market_phase,PULLBACK,2026-02,2,1.000000,0.500000
FastMedContext,CONTEXT,market_phase,PULLBACK,2026-03,2,2.030700,1.015350
FastMedContext,CONTEXT,market_phase,PULLBACK,2026-04,5,1.000000,0.200000
FastMedContext,CONTEXT,market_phase,PULLBACK,2026-05,8,-1.099200,-0.137400
FastMedContext,CONTEXT,market_phase,PULLBACK,2026-06,2,1.000000,0.500000
FastMedContext,CONTEXT,market_phase,PULLBACK,2026-07,3,-1.964600,-0.654867
FastMedContext,CONTEXT,market_phase,TRANSITION,2025-05,1,-1.000000,-1.000000
FastMedContext,CONTEXT,market_phase,TREND_CONTINUATION,2025-04,4,-1.269300,-0.317325
FastMedContext,CONTEXT,market_phase,TREND_CONTINUATION,2025-05,3,-2.291200,-0.763733
FastMedContext,CONTEXT,market_phase,TREND_CONTINUATION,2025-06,1,-1.000000,-1.000000
FastMedContext,CONTEXT,market_phase,TREND_CONTINUATION,2025-07,3,0.856100,0.285367
FastMedContext,CONTEXT,market_phase,TREND_CONTINUATION,2025-08,1,2.000000,2.000000
FastMedContext,CONTEXT,market_phase,TREND_CONTINUATION,2025-10,1,-0.651800,-0.651800
FastMedContext,CONTEXT,market_phase,TREND_CONTINUATION,2025-11,1,0.105000,0.105000
FastMedContext,CONTEXT,market_phase,TREND_CONTINUATION,2025-12,1,2.000000,2.000000
FastMedContext,CONTEXT,market_phase,TREND_CONTINUATION,2026-01,3,0.360600,0.120200
FastMedContext,CONTEXT,market_phase,TREND_CONTINUATION,2026-02,1,-0.236400,-0.236400
FastMedContext,CONTEXT,market_phase,TREND_CONTINUATION,2026-03,10,-3.151400,-0.315140
FastMedContext,CONTEXT,market_phase,TREND_CONTINUATION,2026-04,2,-1.627300,-0.813650
FastMedContext,CONTEXT,market_phase,TREND_CONTINUATION,2026-05,2,-0.685900,-0.342950
FastMedContext,CONTEXT,market_phase,UNCLASSIFIED,2025-03,6,-1.561900,-0.260317
FastMedContext,CONTEXT,market_phase,UNCLASSIFIED,2025-04,4,-0.722200,-0.180550
FastMedContext,CONTEXT,market_phase,UNCLASSIFIED,2025-05,7,0.795100,0.113586
FastMedContext,CONTEXT,market_phase,UNCLASSIFIED,2025-06,6,-2.078200,-0.346367
FastMedContext,CONTEXT,market_phase,UNCLASSIFIED,2025-07,4,-3.507600,-0.876900
FastMedContext,CONTEXT,market_phase,UNCLASSIFIED,2025-08,5,-0.827700,-0.165540
FastMedContext,CONTEXT,market_phase,UNCLASSIFIED,2025-09,2,4.000000,2.000000
FastMedContext,CONTEXT,market_phase,UNCLASSIFIED,2025-10,4,0.578500,0.144625
FastMedContext,CONTEXT,market_phase,UNCLASSIFIED,2025-11,5,-1.158200,-0.231640
FastMedContext,CONTEXT,market_phase,UNCLASSIFIED,2025-12,8,2.626100,0.328263
FastMedContext,CONTEXT,market_phase,UNCLASSIFIED,2026-01,4,5.437700,1.359425
FastMedContext,CONTEXT,market_phase,UNCLASSIFIED,2026-02,5,0.311900,0.062380
FastMedContext,CONTEXT,market_phase,UNCLASSIFIED,2026-03,3,3.000000,1.000000
FastMedContext,CONTEXT,market_phase,UNCLASSIFIED,2026-04,5,1.128000,0.225600
FastMedContext,CONTEXT,market_phase,UNCLASSIFIED,2026-05,11,7.078300,0.643482
FastMedContext,CONTEXT,market_phase,UNCLASSIFIED,2026-06,6,-1.740500,-0.290083
FastMedContext,CONTEXT,market_phase,UNCLASSIFIED,2026-07,2,1.494500,0.747250
FastMedContext,CONTEXT,trend_strength,NORMAL,2025-03,2,-2.000000,-1.000000
FastMedContext,CONTEXT,trend_strength,NORMAL,2025-04,5,0.110100,0.022020
FastMedContext,CONTEXT,trend_strength,NORMAL,2025-05,3,0.164200,0.054733
FastMedContext,CONTEXT,trend_strength,NORMAL,2025-07,6,-1.075300,-0.179217
FastMedContext,CONTEXT,trend_strength,NORMAL,2025-08,4,8.000000,2.000000
FastMedContext,CONTEXT,trend_strength,NORMAL,2025-10,2,-1.039200,-0.519600
FastMedContext,CONTEXT,trend_strength,NORMAL,2025-11,1,-1.000000,-1.000000
FastMedContext,CONTEXT,trend_strength,NORMAL,2025-12,7,6.237800,0.891114
FastMedContext,CONTEXT,trend_strength,NORMAL,2026-01,3,6.000000,2.000000
FastMedContext,CONTEXT,trend_strength,NORMAL,2026-02,3,1.455800,0.485267
FastMedContext,CONTEXT,trend_strength,NORMAL,2026-03,6,0.000000,0.000000
FastMedContext,CONTEXT,trend_strength,NORMAL,2026-04,2,-2.000000,-1.000000
FastMedContext,CONTEXT,trend_strength,NORMAL,2026-05,6,3.188900,0.531483
FastMedContext,CONTEXT,trend_strength,NORMAL,2026-06,6,2.362900,0.393817
FastMedContext,CONTEXT,trend_strength,NORMAL,2026-07,2,1.000000,0.500000
FastMedContext,CONTEXT,trend_strength,STRONG,2025-03,1,-1.000000,-1.000000
FastMedContext,CONTEXT,trend_strength,STRONG,2025-05,2,1.984800,0.992400
FastMedContext,CONTEXT,trend_strength,STRONG,2025-06,1,-0.322000,-0.322000
FastMedContext,CONTEXT,trend_strength,STRONG,2025-07,2,-1.143900,-0.571950
FastMedContext,CONTEXT,trend_strength,STRONG,2025-08,1,2.000000,2.000000
FastMedContext,CONTEXT,trend_strength,STRONG,2025-12,1,-0.623500,-0.623500
FastMedContext,CONTEXT,trend_strength,STRONG,2026-05,1,-1.000000,-1.000000
FastMedContext,CONTEXT,trend_strength,STRONG,2026-07,2,-0.964600,-0.482300
FastMedContext,CONTEXT,trend_strength,WEAK,2025-03,9,7.438100,0.826456
FastMedContext,CONTEXT,trend_strength,WEAK,2025-04,10,0.818700,0.081870
FastMedContext,CONTEXT,trend_strength,WEAK,2025-05,13,-4.411000,-0.339308
FastMedContext,CONTEXT,trend_strength,WEAK,2025-06,9,-1.848500,-0.205389
FastMedContext,CONTEXT,trend_strength,WEAK,2025-07,11,2.798500,0.254409
FastMedContext,CONTEXT,trend_strength,WEAK,2025-08,10,-4.519500,-0.451950
FastMedContext,CONTEXT,trend_strength,WEAK,2025-09,4,5.585700,1.396425
FastMedContext,CONTEXT,trend_strength,WEAK,2025-10,8,0.696500,0.087063
FastMedContext,CONTEXT,trend_strength,WEAK,2025-11,12,-3.104200,-0.258683
FastMedContext,CONTEXT,trend_strength,WEAK,2025-12,16,-1.881600,-0.117600
FastMedContext,CONTEXT,trend_strength,WEAK,2026-01,6,0.798300,0.133050
FastMedContext,CONTEXT,trend_strength,WEAK,2026-02,9,1.619700,0.179967
FastMedContext,CONTEXT,trend_strength,WEAK,2026-03,12,-1.120700,-0.093392
FastMedContext,CONTEXT,trend_strength,WEAK,2026-04,10,2.500700,0.250070
FastMedContext,CONTEXT,trend_strength,WEAK,2026-05,16,1.841700,0.115106
FastMedContext,CONTEXT,trend_strength,WEAK,2026-06,7,-4.280200,-0.611457
FastMedContext,CONTEXT,trend_strength,WEAK,2026-07,4,0.463800,0.115950
FastMedContext,CONTEXT,volatility,CONTRACTING,2025-03,1,-1.000000,-1.000000
FastMedContext,CONTEXT,volatility,CONTRACTING,2025-04,2,-1.805500,-0.902750
FastMedContext,CONTEXT,volatility,CONTRACTING,2025-05,3,0.799700,0.266567
FastMedContext,CONTEXT,volatility,CONTRACTING,2025-06,1,-1.000000,-1.000000
FastMedContext,CONTEXT,volatility,CONTRACTING,2025-08,3,-3.000000,-1.000000
FastMedContext,CONTEXT,volatility,CONTRACTING,2025-09,1,2.000000,2.000000
FastMedContext,CONTEXT,volatility,CONTRACTING,2025-10,1,2.000000,2.000000
FastMedContext,CONTEXT,volatility,CONTRACTING,2025-11,1,-1.000000,-1.000000
FastMedContext,CONTEXT,volatility,CONTRACTING,2025-12,5,-4.224800,-0.844960
FastMedContext,CONTEXT,volatility,CONTRACTING,2026-01,1,-0.562300,-0.562300
FastMedContext,CONTEXT,volatility,CONTRACTING,2026-02,5,-1.029200,-0.205840
FastMedContext,CONTEXT,volatility,CONTRACTING,2026-03,3,0.000000,0.000000
FastMedContext,CONTEXT,volatility,CONTRACTING,2026-04,1,2.000000,2.000000
FastMedContext,CONTEXT,volatility,CONTRACTING,2026-05,3,-2.921700,-0.973900
FastMedContext,CONTEXT,volatility,CONTRACTING,2026-06,2,-1.038700,-0.519350
FastMedContext,CONTEXT,volatility,CONTRACTING,2026-07,1,0.035400,0.035400
FastMedContext,CONTEXT,volatility,EXPANDING,2025-03,9,4.438100,0.493122
FastMedContext,CONTEXT,volatility,EXPANDING,2025-04,10,2.375600,0.237560
FastMedContext,CONTEXT,volatility,EXPANDING,2025-05,12,-0.061700,-0.005142
FastMedContext,CONTEXT,volatility,EXPANDING,2025-06,2,1.921800,0.960900
FastMedContext,CONTEXT,volatility,EXPANDING,2025-07,12,-1.420700,-0.118392
FastMedContext,CONTEXT,volatility,EXPANDING,2025-08,4,5.245800,1.311450
FastMedContext,CONTEXT,volatility,EXPANDING,2025-09,2,1.585700,0.792850
FastMedContext,CONTEXT,volatility,EXPANDING,2025-10,3,-2.230200,-0.743400
FastMedContext,CONTEXT,volatility,EXPANDING,2025-11,5,-1.051000,-0.210200
FastMedContext,CONTEXT,volatility,EXPANDING,2025-12,12,8.233900,0.686158
FastMedContext,CONTEXT,volatility,EXPANDING,2026-01,4,5.000000,1.250000
FastMedContext,CONTEXT,volatility,EXPANDING,2026-02,2,-0.658900,-0.329450
FastMedContext,CONTEXT,volatility,EXPANDING,2026-03,7,2.000000,0.285714
FastMedContext,CONTEXT,volatility,EXPANDING,2026-04,5,0.498200,0.099640
FastMedContext,CONTEXT,volatility,EXPANDING,2026-05,11,2.314100,0.210373
FastMedContext,CONTEXT,volatility,EXPANDING,2026-06,6,-1.481900,-0.246983
FastMedContext,CONTEXT,volatility,EXPANDING,2026-07,5,1.000000,0.200000
FastMedContext,CONTEXT,volatility,NORMAL,2025-03,2,1.000000,0.500000
FastMedContext,CONTEXT,volatility,NORMAL,2025-04,3,0.358700,0.119567
FastMedContext,CONTEXT,volatility,NORMAL,2025-05,3,-3.000000,-1.000000
FastMedContext,CONTEXT,volatility,NORMAL,2025-06,7,-3.092300,-0.441757
FastMedContext,CONTEXT,volatility,NORMAL,2025-07,7,2.000000,0.285714
FastMedContext,CONTEXT,volatility,NORMAL,2025-08,8,3.234700,0.404338
FastMedContext,CONTEXT,volatility,NORMAL,2025-09,1,2.000000,2.000000
FastMedContext,CONTEXT,volatility,NORMAL,2025-10,6,-0.112500,-0.018750
FastMedContext,CONTEXT,volatility,NORMAL,2025-11,7,-2.053200,-0.293314
FastMedContext,CONTEXT,volatility,NORMAL,2025-12,7,-0.276400,-0.039486
FastMedContext,CONTEXT,volatility,NORMAL,2026-01,4,2.360600,0.590150
FastMedContext,CONTEXT,volatility,NORMAL,2026-02,5,4.763600,0.952720
FastMedContext,CONTEXT,volatility,NORMAL,2026-03,8,-3.120700,-0.390087
FastMedContext,CONTEXT,volatility,NORMAL,2026-04,6,-1.997500,-0.332917
FastMedContext,CONTEXT,volatility,NORMAL,2026-05,9,4.638200,0.515356
FastMedContext,CONTEXT,volatility,NORMAL,2026-06,5,0.603300,0.120660
FastMedContext,CONTEXT,volatility,NORMAL,2026-07,2,-0.536200,-0.268100
MedSlowContext,CONTEXT,alignment,FULLY_ALIGNED,2025-03,8,-1.636800,-0.204600
MedSlowContext,CONTEXT,alignment,FULLY_ALIGNED,2025-04,8,-2.851500,-0.356437
MedSlowContext,CONTEXT,alignment,FULLY_ALIGNED,2025-05,6,-3.705400,-0.617567
MedSlowContext,CONTEXT,alignment,FULLY_ALIGNED,2025-06,1,-1.000000,-1.000000
MedSlowContext,CONTEXT,alignment,FULLY_ALIGNED,2025-07,10,1.713000,0.171300
MedSlowContext,CONTEXT,alignment,FULLY_ALIGNED,2025-08,9,-0.232200,-0.025800
MedSlowContext,CONTEXT,alignment,FULLY_ALIGNED,2025-10,7,2.911600,0.415943
MedSlowContext,CONTEXT,alignment,FULLY_ALIGNED,2025-11,5,1.388000,0.277600
MedSlowContext,CONTEXT,alignment,FULLY_ALIGNED,2025-12,9,0.333800,0.037089
MedSlowContext,CONTEXT,alignment,FULLY_ALIGNED,2026-01,3,6.000000,2.000000
MedSlowContext,CONTEXT,alignment,FULLY_ALIGNED,2026-02,12,-4.035600,-0.336300
MedSlowContext,CONTEXT,alignment,FULLY_ALIGNED,2026-03,15,-1.181300,-0.078753
MedSlowContext,CONTEXT,alignment,FULLY_ALIGNED,2026-04,7,4.179300,0.597043
MedSlowContext,CONTEXT,alignment,FULLY_ALIGNED,2026-05,7,3.181200,0.454457
MedSlowContext,CONTEXT,alignment,FULLY_ALIGNED,2026-06,10,-5.087200,-0.508720
MedSlowContext,CONTEXT,alignment,FULLY_ALIGNED,2026-07,6,-0.319800,-0.053300
MedSlowContext,CONTEXT,alignment,OPPOSED,2025-03,20,-0.889100,-0.044455
MedSlowContext,CONTEXT,alignment,OPPOSED,2025-04,13,1.912100,0.147085
MedSlowContext,CONTEXT,alignment,OPPOSED,2025-05,13,2.869600,0.220738
MedSlowContext,CONTEXT,alignment,OPPOSED,2025-06,5,0.370800,0.074160
MedSlowContext,CONTEXT,alignment,OPPOSED,2025-07,29,1.903900,0.065652
MedSlowContext,CONTEXT,alignment,OPPOSED,2025-08,30,-18.293700,-0.609790
MedSlowContext,CONTEXT,alignment,OPPOSED,2025-09,2,4.000000,2.000000
MedSlowContext,CONTEXT,alignment,OPPOSED,2025-11,7,1.999800,0.285686
MedSlowContext,CONTEXT,alignment,OPPOSED,2025-12,36,-2.100300,-0.058342
MedSlowContext,CONTEXT,alignment,OPPOSED,2026-01,4,3.367800,0.841950
MedSlowContext,CONTEXT,alignment,OPPOSED,2026-02,14,-7.827500,-0.559107
MedSlowContext,CONTEXT,alignment,OPPOSED,2026-03,10,6.136100,0.613610
MedSlowContext,CONTEXT,alignment,OPPOSED,2026-04,23,1.815900,0.078952
MedSlowContext,CONTEXT,alignment,OPPOSED,2026-05,16,6.226500,0.389156
MedSlowContext,CONTEXT,alignment,OPPOSED,2026-06,5,0.882400,0.176480
MedSlowContext,CONTEXT,alignment,OPPOSED,2026-07,10,-3.904600,-0.390460
MedSlowContext,CONTEXT,alignment,PARTIALLY_ALIGNED,2025-03,5,2.199100,0.439820
MedSlowContext,CONTEXT,alignment,PARTIALLY_ALIGNED,2025-04,3,-1.303000,-0.434333
MedSlowContext,CONTEXT,alignment,PARTIALLY_ALIGNED,2025-05,1,-1.000000,-1.000000
MedSlowContext,CONTEXT,alignment,PARTIALLY_ALIGNED,2025-06,2,4.000000,2.000000
MedSlowContext,CONTEXT,alignment,PARTIALLY_ALIGNED,2025-07,16,-6.780200,-0.423762
MedSlowContext,CONTEXT,alignment,PARTIALLY_ALIGNED,2025-08,10,-1.968500,-0.196850
MedSlowContext,CONTEXT,alignment,PARTIALLY_ALIGNED,2025-09,3,3.733500,1.244500
MedSlowContext,CONTEXT,alignment,PARTIALLY_ALIGNED,2025-10,3,0.463000,0.154333
MedSlowContext,CONTEXT,alignment,PARTIALLY_ALIGNED,2025-11,3,0.184200,0.061400
MedSlowContext,CONTEXT,alignment,PARTIALLY_ALIGNED,2025-12,5,1.168900,0.233780
MedSlowContext,CONTEXT,alignment,PARTIALLY_ALIGNED,2026-01,1,-1.000000,-1.000000
MedSlowContext,CONTEXT,alignment,PARTIALLY_ALIGNED,2026-02,6,1.476500,0.246083
MedSlowContext,CONTEXT,alignment,PARTIALLY_ALIGNED,2026-04,7,-3.100300,-0.442900
MedSlowContext,CONTEXT,alignment,PARTIALLY_ALIGNED,2026-05,9,-2.343700,-0.260411
MedSlowContext,CONTEXT,alignment,PARTIALLY_ALIGNED,2026-06,5,-1.359100,-0.271820
MedSlowContext,CONTEXT,alignment,PARTIALLY_ALIGNED,2026-07,1,-0.804500,-0.804500
MedSlowContext,CONTEXT,direction,BEARISH,2025-03,25,1.673200,0.066928
MedSlowContext,CONTEXT,direction,BEARISH,2025-04,12,-0.728900,-0.060742
MedSlowContext,CONTEXT,direction,BEARISH,2025-05,7,1.689800,0.241400
MedSlowContext,CONTEXT,direction,BEARISH,2025-06,2,1.000000,0.500000
MedSlowContext,CONTEXT,direction,BEARISH,2025-07,19,-6.036400,-0.317705
MedSlowContext,CONTEXT,direction,BEARISH,2025-08,29,-13.920700,-0.480024
MedSlowContext,CONTEXT,direction,BEARISH,2025-09,3,3.733500,1.244500
MedSlowContext,CONTEXT,direction,BEARISH,2025-10,2,1.000000,0.500000
MedSlowContext,CONTEXT,direction,BEARISH,2025-11,8,6.414000,0.801750
MedSlowContext,CONTEXT,direction,BEARISH,2025-12,16,3.554800,0.222175
MedSlowContext,CONTEXT,direction,BEARISH,2026-01,6,6.579600,1.096600
MedSlowContext,CONTEXT,direction,BEARISH,2026-02,29,-10.773500,-0.371500
MedSlowContext,CONTEXT,direction,BEARISH,2026-03,7,6.775600,0.967943
MedSlowContext,CONTEXT,direction,BEARISH,2026-04,16,-3.849000,-0.240563
MedSlowContext,CONTEXT,direction,BEARISH,2026-05,24,6.095000,0.253958
MedSlowContext,CONTEXT,direction,BEARISH,2026-06,9,0.763900,0.084878
MedSlowContext,CONTEXT,direction,BEARISH,2026-07,8,-4.904600,-0.613075
MedSlowContext,CONTEXT,direction,BULLISH,2025-03,8,-2.000000,-0.250000
MedSlowContext,CONTEXT,direction,BULLISH,2025-04,12,-1.513500,-0.126125
MedSlowContext,CONTEXT,direction,BULLISH,2025-05,13,-3.525600,-0.271200
MedSlowContext,CONTEXT,direction,BULLISH,2025-06,6,2.370800,0.395133
MedSlowContext,CONTEXT,direction,BULLISH,2025-07,36,2.873100,0.079808
MedSlowContext,CONTEXT,direction,BULLISH,2025-08,20,-6.573700,-0.328685
MedSlowContext,CONTEXT,direction,BULLISH,2025-09,2,4.000000,2.000000
MedSlowContext,CONTEXT,direction,BULLISH,2025-10,8,2.374600,0.296825
MedSlowContext,CONTEXT,direction,BULLISH,2025-11,7,-2.842000,-0.406000
MedSlowContext,CONTEXT,direction,BULLISH,2025-12,34,-4.152400,-0.122129
MedSlowContext,CONTEXT,direction,BULLISH,2026-01,2,1.788200,0.894100
MedSlowContext,CONTEXT,direction,BULLISH,2026-02,3,0.386900,0.128967
MedSlowContext,CONTEXT,direction,BULLISH,2026-03,18,-1.820800,-0.101156
MedSlowContext,CONTEXT,direction,BULLISH,2026-04,21,6.743900,0.321138
MedSlowContext,CONTEXT,direction,BULLISH,2026-05,8,0.969000,0.121125
MedSlowContext,CONTEXT,direction,BULLISH,2026-06,11,-6.327800,-0.575255
MedSlowContext,CONTEXT,direction,BULLISH,2026-07,9,-0.124300,-0.013811
MedSlowContext,CONTEXT,market_phase,BREAKOUT,2025-03,1,2.000000,2.000000
MedSlowContext,CONTEXT,market_phase,BREAKOUT,2025-05,2,-1.827200,-0.913600
MedSlowContext,CONTEXT,market_phase,COMPRESSION,2025-05,1,-1.000000,-1.000000
MedSlowContext,CONTEXT,market_phase,COMPRESSION,2025-06,1,2.000000,2.000000
MedSlowContext,CONTEXT,market_phase,COMPRESSION,2025-08,2,0.217000,0.108500
MedSlowContext,CONTEXT,market_phase,PULLBACK,2025-03,5,-2.443800,-0.488760
MedSlowContext,CONTEXT,market_phase,PULLBACK,2025-04,5,-1.233800,-0.246760
MedSlowContext,CONTEXT,market_phase,PULLBACK,2025-05,5,3.244600,0.648920
MedSlowContext,CONTEXT,market_phase,PULLBACK,2025-06,2,1.000000,0.500000
MedSlowContext,CONTEXT,market_phase,PULLBACK,2025-07,17,1.374100,0.080829
MedSlowContext,CONTEXT,market_phase,PULLBACK,2025-08,21,-14.260500,-0.679071
MedSlowContext,CONTEXT,market_phase,PULLBACK,2025-09,1,2.000000,2.000000
MedSlowContext,CONTEXT,market_phase,PULLBACK,2025-11,2,1.511300,0.755650
MedSlowContext,CONTEXT,market_phase,PULLBACK,2025-12,21,3.108400,0.148019
MedSlowContext,CONTEXT,market_phase,PULLBACK,2026-01,1,2.000000,2.000000
MedSlowContext,CONTEXT,market_phase,PULLBACK,2026-02,5,-2.684900,-0.536980
MedSlowContext,CONTEXT,market_phase,PULLBACK,2026-03,6,3.567700,0.594617
MedSlowContext,CONTEXT,market_phase,PULLBACK,2026-04,11,-0.518600,-0.047145
MedSlowContext,CONTEXT,market_phase,PULLBACK,2026-05,9,7.140300,0.793367
MedSlowContext,CONTEXT,market_phase,PULLBACK,2026-06,2,-1.351000,-0.675500
MedSlowContext,CONTEXT,market_phase,PULLBACK,2026-07,2,-2.000000,-1.000000
MedSlowContext,CONTEXT,market_phase,TRANSITION,2025-04,1,0.162000,0.162000
MedSlowContext,CONTEXT,market_phase,TRANSITION,2025-07,1,-0.392900,-0.392900
MedSlowContext,CONTEXT,market_phase,TREND_CONTINUATION,2025-03,7,-3.636800,-0.519543
MedSlowContext,CONTEXT,market_phase,TREND_CONTINUATION,2025-04,3,-1.133300,-0.377767
MedSlowContext,CONTEXT,market_phase,TREND_CONTINUATION,2025-05,3,-0.878200,-0.292733
MedSlowContext,CONTEXT,market_phase,TREND_CONTINUATION,2025-06,1,-1.000000,-1.000000
MedSlowContext,CONTEXT,market_phase,TREND_CONTINUATION,2025-07,10,1.713000,0.171300
MedSlowContext,CONTEXT,market_phase,TREND_CONTINUATION,2025-08,7,1.018100,0.145443
MedSlowContext,CONTEXT,market_phase,TREND_CONTINUATION,2025-10,6,0.911600,0.151933
MedSlowContext,CONTEXT,market_phase,TREND_CONTINUATION,2025-11,5,1.388000,0.277600
MedSlowContext,CONTEXT,market_phase,TREND_CONTINUATION,2025-12,8,-1.666200,-0.208275
MedSlowContext,CONTEXT,market_phase,TREND_CONTINUATION,2026-01,2,4.000000,2.000000
MedSlowContext,CONTEXT,market_phase,TREND_CONTINUATION,2026-02,9,-7.035600,-0.781733
MedSlowContext,CONTEXT,market_phase,TREND_CONTINUATION,2026-03,13,-0.389200,-0.029938
MedSlowContext,CONTEXT,market_phase,TREND_CONTINUATION,2026-04,6,2.179300,0.363217
MedSlowContext,CONTEXT,market_phase,TREND_CONTINUATION,2026-05,6,2.643900,0.440650
MedSlowContext,CONTEXT,market_phase,TREND_CONTINUATION,2026-06,7,-2.616900,-0.373843
MedSlowContext,CONTEXT,market_phase,TREND_CONTINUATION,2026-07,6,-0.319800,-0.053300
MedSlowContext,CONTEXT,market_phase,UNCLASSIFIED,2025-03,20,3.753800,0.187690
MedSlowContext,CONTEXT,market_phase,UNCLASSIFIED,2025-04,15,-0.037300,-0.002487
MedSlowContext,CONTEXT,market_phase,UNCLASSIFIED,2025-05,9,-1.375000,-0.152778
MedSlowContext,CONTEXT,market_phase,UNCLASSIFIED,2025-06,4,1.370800,0.342700
MedSlowContext,CONTEXT,market_phase,UNCLASSIFIED,2025-07,27,-5.857500,-0.216944
MedSlowContext,CONTEXT,market_phase,UNCLASSIFIED,2025-08,19,-7.469000,-0.393105
MedSlowContext,CONTEXT,market_phase,UNCLASSIFIED,2025-09,4,5.733500,1.433375
MedSlowContext,CONTEXT,market_phase,UNCLASSIFIED,2025-10,4,2.463000,0.615750
MedSlowContext,CONTEXT,market_phase,UNCLASSIFIED,2025-11,8,0.672700,0.084088
MedSlowContext,CONTEXT,market_phase,UNCLASSIFIED,2025-12,21,-2.039800,-0.097133
MedSlowContext,CONTEXT,market_phase,UNCLASSIFIED,2026-01,5,2.367800,0.473560
MedSlowContext,CONTEXT,market_phase,UNCLASSIFIED,2026-02,18,-0.666100,-0.037006
MedSlowContext,CONTEXT,market_phase,UNCLASSIFIED,2026-03,6,1.776300,0.296050
MedSlowContext,CONTEXT,market_phase,UNCLASSIFIED,2026-04,20,1.234200,0.061710
MedSlowContext,CONTEXT,market_phase,UNCLASSIFIED,2026-05,17,-2.720200,-0.160012
MedSlowContext,CONTEXT,market_phase,UNCLASSIFIED,2026-06,11,-1.596000,-0.145091
MedSlowContext,CONTEXT,market_phase,UNCLASSIFIED,2026-07,9,-2.709100,-0.301011
MedSlowContext,CONTEXT,trend_strength,NORMAL,2025-03,7,-1.886400,-0.269486
MedSlowContext,CONTEXT,trend_strength,NORMAL,2025-04,7,0.179000,0.025571
MedSlowContext,CONTEXT,trend_strength,NORMAL,2025-05,3,3.000000,1.000000
MedSlowContext,CONTEXT,trend_strength,NORMAL,2025-06,4,1.370800,0.342700
MedSlowContext,CONTEXT,trend_strength,NORMAL,2025-07,10,-3.998300,-0.399830
MedSlowContext,CONTEXT,trend_strength,NORMAL,2025-08,6,-3.938100,-0.656350
MedSlowContext,CONTEXT,trend_strength,NORMAL,2025-10,3,0.360300,0.120100
MedSlowContext,CONTEXT,trend_strength,NORMAL,2025-11,4,-0.441300,-0.110325
MedSlowContext,CONTEXT,trend_strength,NORMAL,2025-12,9,-5.231100,-0.581233
MedSlowContext,CONTEXT,trend_strength,NORMAL,2026-01,3,3.579600,1.193200
MedSlowContext,CONTEXT,trend_strength,NORMAL,2026-02,8,-2.481700,-0.310213
MedSlowContext,CONTEXT,trend_strength,NORMAL,2026-03,5,-2.588700,-0.517740
MedSlowContext,CONTEXT,trend_strength,NORMAL,2026-04,10,-2.860300,-0.286030
MedSlowContext,CONTEXT,trend_strength,NORMAL,2026-05,10,6.456400,0.645640
MedSlowContext,CONTEXT,trend_strength,NORMAL,2026-06,6,-3.327000,-0.554500
MedSlowContext,CONTEXT,trend_strength,NORMAL,2026-07,4,-0.149100,-0.037275
MedSlowContext,CONTEXT,trend_strength,STRONG,2025-03,2,-2.000000,-1.000000
MedSlowContext,CONTEXT,trend_strength,STRONG,2025-07,1,-1.000000,-1.000000
MedSlowContext,CONTEXT,trend_strength,STRONG,2025-08,2,1.000000,0.500000
MedSlowContext,CONTEXT,trend_strength,STRONG,2025-09,1,2.000000,2.000000
MedSlowContext,CONTEXT,trend_strength,STRONG,2025-12,3,1.414900,0.471633
MedSlowContext,CONTEXT,trend_strength,STRONG,2026-02,1,2.000000,2.000000
MedSlowContext,CONTEXT,trend_strength,STRONG,2026-03,1,2.000000,2.000000
MedSlowContext,CONTEXT,trend_strength,STRONG,2026-04,2,2.104500,1.052250
MedSlowContext,CONTEXT,trend_strength,STRONG,2026-05,1,-1.000000,-1.000000
MedSlowContext,CONTEXT,trend_strength,STRONG,2026-06,1,2.000000,2.000000
MedSlowContext,CONTEXT,trend_strength,STRONG,2026-07,1,-0.804500,-0.804500
MedSlowContext,CONTEXT,trend_strength,WEAK,2025-03,24,3.559600,0.148317
MedSlowContext,CONTEXT,trend_strength,WEAK,2025-04,17,-2.421400,-0.142435
MedSlowContext,CONTEXT,trend_strength,WEAK,2025-05,17,-4.835800,-0.284459
MedSlowContext,CONTEXT,trend_strength,WEAK,2025-06,4,2.000000,0.500000
MedSlowContext,CONTEXT,trend_strength,WEAK,2025-07,44,1.835000,0.041705
MedSlowContext,CONTEXT,trend_strength,WEAK,2025-08,41,-17.556300,-0.428202
MedSlowContext,CONTEXT,trend_strength,WEAK,2025-09,4,5.733500,1.433375
MedSlowContext,CONTEXT,trend_strength,WEAK,2025-10,7,3.014300,0.430614
MedSlowContext,CONTEXT,trend_strength,WEAK,2025-11,11,4.013300,0.364845
MedSlowContext,CONTEXT,trend_strength,WEAK,2025-12,38,3.218600,0.084700
MedSlowContext,CONTEXT,trend_strength,WEAK,2026-01,5,4.788200,0.957640
MedSlowContext,CONTEXT,trend_strength,WEAK,2026-02,23,-9.904900,-0.430648
MedSlowContext,CONTEXT,trend_strength,WEAK,2026-03,19,5.543500,0.291763
MedSlowContext,CONTEXT,trend_strength,WEAK,2026-04,25,3.650700,0.146028
MedSlowContext,CONTEXT,trend_strength,WEAK,2026-05,21,1.607600,0.076552
MedSlowContext,CONTEXT,trend_strength,WEAK,2026-06,13,-4.236900,-0.325915
MedSlowContext,CONTEXT,trend_strength,WEAK,2026-07,12,-4.075300,-0.339608
MedSlowContext,CONTEXT,volatility,CONTRACTING,2025-03,7,-2.439800,-0.348543
MedSlowContext,CONTEXT,volatility,CONTRACTING,2025-04,8,-2.790000,-0.348750
MedSlowContext,CONTEXT,volatility,CONTRACTING,2025-05,5,-1.270800,-0.254160
MedSlowContext,CONTEXT,volatility,CONTRACTING,2025-06,1,-1.000000,-1.000000
MedSlowContext,CONTEXT,volatility,CONTRACTING,2025-07,12,-5.583900,-0.465325
MedSlowContext,CONTEXT,volatility,CONTRACTING,2025-08,11,-2.751600,-0.250145
MedSlowContext,CONTEXT,volatility,CONTRACTING,2025-09,2,1.733500,0.866750
MedSlowContext,CONTEXT,volatility,CONTRACTING,2025-10,2,1.000000,0.500000
MedSlowContext,CONTEXT,volatility,CONTRACTING,2025-11,1,-1.000000,-1.000000
MedSlowContext,CONTEXT,volatility,CONTRACTING,2025-12,13,2.937600,0.225969
MedSlowContext,CONTEXT,volatility,CONTRACTING,2026-01,2,4.000000,2.000000
MedSlowContext,CONTEXT,volatility,CONTRACTING,2026-02,11,0.333900,0.030355
MedSlowContext,CONTEXT,volatility,CONTRACTING,2026-03,2,-0.792100,-0.396050
MedSlowContext,CONTEXT,volatility,CONTRACTING,2026-04,8,2.290400,0.286300
MedSlowContext,CONTEXT,volatility,CONTRACTING,2026-05,8,-1.337900,-0.167238
MedSlowContext,CONTEXT,volatility,CONTRACTING,2026-06,4,-3.470300,-0.867575
MedSlowContext,CONTEXT,volatility,EXPANDING,2025-03,12,0.956000,0.079667
MedSlowContext,CONTEXT,volatility,EXPANDING,2025-04,7,0.706100,0.100871
MedSlowContext,CONTEXT,volatility,EXPANDING,2025-05,12,-0.737800,-0.061483
MedSlowContext,CONTEXT,volatility,EXPANDING,2025-06,5,0.370800,0.074160
MedSlowContext,CONTEXT,volatility,EXPANDING,2025-07,20,3.271000,0.163550
MedSlowContext,CONTEXT,volatility,EXPANDING,2025-08,21,-12.998900,-0.618995
MedSlowContext,CONTEXT,volatility,EXPANDING,2025-09,3,6.000000,2.000000
MedSlowContext,CONTEXT,volatility,EXPANDING,2025-10,2,1.000000,0.500000
MedSlowContext,CONTEXT,volatility,EXPANDING,2025-11,6,4.916200,0.819367
MedSlowContext,CONTEXT,volatility,EXPANDING,2025-12,19,0.172900,0.009100
MedSlowContext,CONTEXT,volatility,EXPANDING,2026-01,5,2.367800,0.473560
MedSlowContext,CONTEXT,volatility,EXPANDING,2026-02,8,-8.000000,-1.000000
MedSlowContext,CONTEXT,volatility,EXPANDING,2026-03,11,3.937200,0.357927
MedSlowContext,CONTEXT,volatility,EXPANDING,2026-04,12,9.763600,0.813633
MedSlowContext,CONTEXT,volatility,EXPANDING,2026-05,12,4.057800,0.338150
MedSlowContext,CONTEXT,volatility,EXPANDING,2026-06,8,4.375900,0.546987
MedSlowContext,CONTEXT,volatility,EXPANDING,2026-07,11,-4.273400,-0.388491
MedSlowContext,CONTEXT,volatility,NORMAL,2025-03,14,1.157000,0.082643
MedSlowContext,CONTEXT,volatility,NORMAL,2025-04,9,-0.158500,-0.017611
MedSlowContext,CONTEXT,volatility,NORMAL,2025-05,3,0.172800,0.057600
MedSlowContext,CONTEXT,volatility,NORMAL,2025-06,2,4.000000,2.000000
MedSlowContext,CONTEXT,volatility,NORMAL,2025-07,23,-0.850400,-0.036974
MedSlowContext,CONTEXT,volatility,NORMAL,2025-08,17,-4.743900,-0.279053
MedSlowContext,CONTEXT,volatility,NORMAL,2025-10,6,1.374600,0.229100
MedSlowContext,CONTEXT,volatility,NORMAL,2025-11,8,-0.344200,-0.043025
MedSlowContext,CONTEXT,volatility,NORMAL,2025-12,18,-3.708100,-0.206006
MedSlowContext,CONTEXT,volatility,NORMAL,2026-01,1,2.000000,2.000000
MedSlowContext,CONTEXT,volatility,NORMAL,2026-02,13,-2.720500,-0.209269
MedSlowContext,CONTEXT,volatility,NORMAL,2026-03,12,1.809700,0.150808
MedSlowContext,CONTEXT,volatility,NORMAL,2026-04,17,-9.159100,-0.538771
MedSlowContext,CONTEXT,volatility,NORMAL,2026-05,12,4.344100,0.362008
MedSlowContext,CONTEXT,volatility,NORMAL,2026-06,8,-6.469500,-0.808688
MedSlowContext,CONTEXT,volatility,NORMAL,2026-07,6,-0.755500,-0.125917
MediumBreakout,BREAKOUT,alignment,FULLY_ALIGNED,2025-03,8,-3.323800,-0.415475
MediumBreakout,BREAKOUT,alignment,FULLY_ALIGNED,2025-04,8,-2.108300,-0.263537
MediumBreakout,BREAKOUT,alignment,FULLY_ALIGNED,2025-05,6,-3.982300,-0.663717
MediumBreakout,BREAKOUT,alignment,FULLY_ALIGNED,2025-06,1,-1.000000,-1.000000
MediumBreakout,BREAKOUT,alignment,FULLY_ALIGNED,2025-07,10,1.713000,0.171300
MediumBreakout,BREAKOUT,alignment,FULLY_ALIGNED,2025-08,11,1.438800,0.130800
MediumBreakout,BREAKOUT,alignment,FULLY_ALIGNED,2025-10,7,2.911600,0.415943
MediumBreakout,BREAKOUT,alignment,FULLY_ALIGNED,2025-11,5,1.388000,0.277600
MediumBreakout,BREAKOUT,alignment,FULLY_ALIGNED,2025-12,12,0.124400,0.010367
MediumBreakout,BREAKOUT,alignment,FULLY_ALIGNED,2026-01,5,5.250000,1.050000
MediumBreakout,BREAKOUT,alignment,FULLY_ALIGNED,2026-02,14,-7.467900,-0.533421
MediumBreakout,BREAKOUT,alignment,FULLY_ALIGNED,2026-03,14,-1.382800,-0.098771
MediumBreakout,BREAKOUT,alignment,FULLY_ALIGNED,2026-04,5,4.428600,0.885720
MediumBreakout,BREAKOUT,alignment,FULLY_ALIGNED,2026-05,8,2.941100,0.367638
MediumBreakout,BREAKOUT,alignment,FULLY_ALIGNED,2026-06,12,-4.616900,-0.384742
MediumBreakout,BREAKOUT,alignment,FULLY_ALIGNED,2026-07,7,-0.561900,-0.080271
MediumBreakout,BREAKOUT,alignment,OPPOSED,2025-03,24,-1.889100,-0.078713
MediumBreakout,BREAKOUT,alignment,OPPOSED,2025-04,15,3.089400,0.205960
MediumBreakout,BREAKOUT,alignment,OPPOSED,2025-05,17,-0.578800,-0.034047
MediumBreakout,BREAKOUT,alignment,OPPOSED,2025-06,8,1.426500,0.178312
MediumBreakout,BREAKOUT,alignment,OPPOSED,2025-07,33,-0.561700,-0.017021
MediumBreakout,BREAKOUT,alignment,OPPOSED,2025-08,41,-21.214900,-0.517437
MediumBreakout,BREAKOUT,alignment,OPPOSED,2025-09,2,4.000000,2.000000
MediumBreakout,BREAKOUT,alignment,OPPOSED,2025-11,11,1.453300,0.132118
MediumBreakout,BREAKOUT,alignment,OPPOSED,2025-12,37,-0.171000,-0.004622
MediumBreakout,BREAKOUT,alignment,OPPOSED,2026-01,5,2.240800,0.448160
MediumBreakout,BREAKOUT,alignment,OPPOSED,2026-02,14,-7.827500,-0.559107
MediumBreakout,BREAKOUT,alignment,OPPOSED,2026-03,14,4.366600,0.311900
MediumBreakout,BREAKOUT,alignment,OPPOSED,2026-04,29,6.502000,0.224207
MediumBreakout,BREAKOUT,alignment,OPPOSED,2026-05,19,7.405700,0.389774
MediumBreakout,BREAKOUT,alignment,OPPOSED,2026-06,8,1.974000,0.246750
MediumBreakout,BREAKOUT,alignment,OPPOSED,2026-07,11,-1.904600,-0.173145
MediumBreakout,BREAKOUT,alignment,PARTIALLY_ALIGNED,2025-03,5,2.199100,0.439820
MediumBreakout,BREAKOUT,alignment,PARTIALLY_ALIGNED,2025-04,4,-2.303000,-0.575750
MediumBreakout,BREAKOUT,alignment,PARTIALLY_ALIGNED,2025-05,3,-2.840000,-0.946667
MediumBreakout,BREAKOUT,alignment,PARTIALLY_ALIGNED,2025-06,3,3.000000,1.000000
MediumBreakout,BREAKOUT,alignment,PARTIALLY_ALIGNED,2025-07,16,-6.780200,-0.423762
MediumBreakout,BREAKOUT,alignment,PARTIALLY_ALIGNED,2025-08,12,-3.968500,-0.330708
MediumBreakout,BREAKOUT,alignment,PARTIALLY_ALIGNED,2025-09,3,3.733500,1.244500
MediumBreakout,BREAKOUT,alignment,PARTIALLY_ALIGNED,2025-10,3,0.463000,0.154333
MediumBreakout,BREAKOUT,alignment,PARTIALLY_ALIGNED,2025-11,4,1.532500,0.383125
MediumBreakout,BREAKOUT,alignment,PARTIALLY_ALIGNED,2025-12,7,-0.628600,-0.089800
MediumBreakout,BREAKOUT,alignment,PARTIALLY_ALIGNED,2026-01,1,-1.000000,-1.000000
MediumBreakout,BREAKOUT,alignment,PARTIALLY_ALIGNED,2026-02,7,0.476500,0.068071
MediumBreakout,BREAKOUT,alignment,PARTIALLY_ALIGNED,2026-03,1,-0.222900,-0.222900
MediumBreakout,BREAKOUT,alignment,PARTIALLY_ALIGNED,2026-04,7,-3.284500,-0.469214
MediumBreakout,BREAKOUT,alignment,PARTIALLY_ALIGNED,2026-05,10,-3.343700,-0.334370
MediumBreakout,BREAKOUT,alignment,PARTIALLY_ALIGNED,2026-06,5,-1.359100,-0.271820
MediumBreakout,BREAKOUT,alignment,PARTIALLY_ALIGNED,2026-07,1,-1.000000,-1.000000
MediumBreakout,BREAKOUT,direction,BEARISH,2025-03,25,1.673200,0.066928
MediumBreakout,BREAKOUT,direction,BEARISH,2025-04,12,-0.728900,-0.060742
MediumBreakout,BREAKOUT,direction,BEARISH,2025-05,10,-1.177700,-0.117770
MediumBreakout,BREAKOUT,direction,BEARISH,2025-06,3,0.000000,0.000000
MediumBreakout,BREAKOUT,direction,BEARISH,2025-07,19,-6.036400,-0.317705
MediumBreakout,BREAKOUT,direction,BEARISH,2025-08,41,-19.045300,-0.464520
MediumBreakout,BREAKOUT,direction,BEARISH,2025-09,3,3.733500,1.244500
MediumBreakout,BREAKOUT,direction,BEARISH,2025-10,2,1.000000,0.500000
MediumBreakout,BREAKOUT,direction,BEARISH,2025-11,10,3.385600,0.338560
MediumBreakout,BREAKOUT,direction,BEARISH,2025-12,17,5.554800,0.326753
MediumBreakout,BREAKOUT,direction,BEARISH,2026-01,7,6.253700,0.893386
MediumBreakout,BREAKOUT,direction,BEARISH,2026-02,29,-10.773500,-0.371500
MediumBreakout,BREAKOUT,direction,BEARISH,2026-03,12,4.794100,0.399508
MediumBreakout,BREAKOUT,direction,BEARISH,2026-04,21,-1.162900,-0.055376
MediumBreakout,BREAKOUT,direction,BEARISH,2026-05,27,3.275400,0.121311
MediumBreakout,BREAKOUT,direction,BEARISH,2026-06,13,0.855500,0.065808
MediumBreakout,BREAKOUT,direction,BEARISH,2026-07,9,-2.904600,-0.322733
MediumBreakout,BREAKOUT,direction,BULLISH,2025-03,12,-4.687000,-0.390583
MediumBreakout,BREAKOUT,direction,BULLISH,2025-04,15,-0.593000,-0.039533
MediumBreakout,BREAKOUT,direction,BULLISH,2025-05,16,-6.223400,-0.388962
MediumBreakout,BREAKOUT,direction,BULLISH,2025-06,9,3.426500,0.380722
MediumBreakout,BREAKOUT,direction,BULLISH,2025-07,40,0.407500,0.010187
MediumBreakout,BREAKOUT,direction,BULLISH,2025-08,23,-4.699300,-0.204317
MediumBreakout,BREAKOUT,direction,BULLISH,2025-09,2,4.000000,2.000000
MediumBreakout,BREAKOUT,direction,BULLISH,2025-10,8,2.374600,0.296825
MediumBreakout,BREAKOUT,direction,BULLISH,2025-11,10,0.988200,0.098820
MediumBreakout,BREAKOUT,direction,BULLISH,2025-12,39,-6.230000,-0.159744
MediumBreakout,BREAKOUT,direction,BULLISH,2026-01,4,0.237100,0.059275
MediumBreakout,BREAKOUT,direction,BULLISH,2026-02,6,-4.045400,-0.674233
MediumBreakout,BREAKOUT,direction,BULLISH,2026-03,17,-2.033200,-0.119600
MediumBreakout,BREAKOUT,direction,BULLISH,2026-04,20,8.809000,0.440450
MediumBreakout,BREAKOUT,direction,BULLISH,2026-05,10,3.727700,0.372770
MediumBreakout,BREAKOUT,direction,BULLISH,2026-06,12,-4.857500,-0.404792
MediumBreakout,BREAKOUT,direction,BULLISH,2026-07,10,-0.561900,-0.056190
MediumBreakout,BREAKOUT,market_phase,BREAKOUT,2025-03,1,0.313000,0.313000
MediumBreakout,BREAKOUT,market_phase,BREAKOUT,2025-05,2,-1.827200,-0.913600
MediumBreakout,BREAKOUT,market_phase,BREAKOUT,2025-12,1,-0.610300,-0.610300
MediumBreakout,BREAKOUT,market_phase,COMPRESSION,2025-05,1,-1.000000,-1.000000
MediumBreakout,BREAKOUT,market_phase,COMPRESSION,2025-06,1,2.000000,2.000000
MediumBreakout,BREAKOUT,market_phase,COMPRESSION,2025-08,2,0.217000,0.108500
MediumBreakout,BREAKOUT,market_phase,PULLBACK,2025-03,7,-4.443800,-0.634829
MediumBreakout,BREAKOUT,market_phase,PULLBACK,2025-04,7,-0.056500,-0.008071
MediumBreakout,BREAKOUT,market_phase,PULLBACK,2025-05,7,0.735300,0.105043
MediumBreakout,BREAKOUT,market_phase,PULLBACK,2025-06,5,2.055700,0.411140
MediumBreakout,BREAKOUT,market_phase,PULLBACK,2025-07,20,-0.751300,-0.037565
MediumBreakout,BREAKOUT,market_phase,PULLBACK,2025-08,27,-16.493100,-0.610856
MediumBreakout,BREAKOUT,market_phase,PULLBACK,2025-09,1,2.000000,2.000000
MediumBreakout,BREAKOUT,market_phase,PULLBACK,2025-11,5,1.511300,0.302260
MediumBreakout,BREAKOUT,market_phase,PULLBACK,2025-12,22,5.108400,0.232200
MediumBreakout,BREAKOUT,market_phase,PULLBACK,2026-01,1,2.000000,2.000000
MediumBreakout,BREAKOUT,market_phase,PULLBACK,2026-02,5,-2.684900,-0.536980
MediumBreakout,BREAKOUT,market_phase,PULLBACK,2026-03,6,3.578400,0.596400
MediumBreakout,BREAKOUT,market_phase,PULLBACK,2026-04,14,4.020000,0.287143
MediumBreakout,BREAKOUT,market_phase,PULLBACK,2026-05,9,6.446000,0.716222
MediumBreakout,BREAKOUT,market_phase,PULLBACK,2026-06,2,-1.231900,-0.615950
MediumBreakout,BREAKOUT,market_phase,PULLBACK,2026-07,3,0.000000,0.000000
MediumBreakout,BREAKOUT,market_phase,TRANSITION,2025-04,1,0.162000,0.162000
MediumBreakout,BREAKOUT,market_phase,TRANSITION,2025-05,2,-1.840000,-0.920000
MediumBreakout,BREAKOUT,market_phase,TRANSITION,2025-07,1,-0.392900,-0.392900
MediumBreakout,BREAKOUT,market_phase,TREND_CONTINUATION,2025-03,7,-3.636800,-0.519543
MediumBreakout,BREAKOUT,market_phase,TREND_CONTINUATION,2025-04,3,-0.390100,-0.130033
MediumBreakout,BREAKOUT,market_phase,TREND_CONTINUATION,2025-05,3,-1.155100,-0.385033
MediumBreakout,BREAKOUT,market_phase,TREND_CONTINUATION,2025-06,1,-1.000000,-1.000000
MediumBreakout,BREAKOUT,market_phase,TREND_CONTINUATION,2025-07,10,1.713000,0.171300
MediumBreakout,BREAKOUT,market_phase,TREND_CONTINUATION,2025-08,9,-0.244000,-0.027111
MediumBreakout,BREAKOUT,market_phase,TREND_CONTINUATION,2025-10,6,0.911600,0.151933
MediumBreakout,BREAKOUT,market_phase,TREND_CONTINUATION,2025-11,5,1.388000,0.277600
MediumBreakout,BREAKOUT,market_phase,TREND_CONTINUATION,2025-12,9,-0.902700,-0.100300
MediumBreakout,BREAKOUT,market_phase,TREND_CONTINUATION,2026-01,3,3.674100,1.224700
MediumBreakout,BREAKOUT,market_phase,TREND_CONTINUATION,2026-02,10,-8.035600,-0.803560
MediumBreakout,BREAKOUT,market_phase,TREND_CONTINUATION,2026-03,12,-0.601600,-0.050133
MediumBreakout,BREAKOUT,market_phase,TREND_CONTINUATION,2026-04,4,2.428600,0.607150
MediumBreakout,BREAKOUT,market_phase,TREND_CONTINUATION,2026-05,7,2.179500,0.311357
MediumBreakout,BREAKOUT,market_phase,TREND_CONTINUATION,2026-06,9,-4.616900,-0.512989
MediumBreakout,BREAKOUT,market_phase,TREND_CONTINUATION,2026-07,7,-0.561900,-0.080271
MediumBreakout,BREAKOUT,market_phase,UNCLASSIFIED,2025-03,22,4.753800,0.216082
MediumBreakout,BREAKOUT,market_phase,UNCLASSIFIED,2025-04,16,-1.037300,-0.064831
MediumBreakout,BREAKOUT,market_phase,UNCLASSIFIED,2025-05,11,-2.314100,-0.210373
MediumBreakout,BREAKOUT,market_phase,UNCLASSIFIED,2025-06,5,0.370800,0.074160
MediumBreakout,BREAKOUT,market_phase,UNCLASSIFIED,2025-07,28,-6.197700,-0.221346
MediumBreakout,BREAKOUT,market_phase,UNCLASSIFIED,2025-08,26,-7.224500,-0.277865
MediumBreakout,BREAKOUT,market_phase,UNCLASSIFIED,2025-09,4,5.733500,1.433375
MediumBreakout,BREAKOUT,market_phase,UNCLASSIFIED,2025-10,4,2.463000,0.615750
MediumBreakout,BREAKOUT,market_phase,UNCLASSIFIED,2025-11,10,1.474500,0.147450
MediumBreakout,BREAKOUT,market_phase,UNCLASSIFIED,2025-12,24,-4.270600,-0.177942
MediumBreakout,BREAKOUT,market_phase,UNCLASSIFIED,2026-01,7,0.816700,0.116671
MediumBreakout,BREAKOUT,market_phase,UNCLASSIFIED,2026-02,20,-4.098400,-0.204920
MediumBreakout,BREAKOUT,market_phase,UNCLASSIFIED,2026-03,11,-0.215900,-0.019627
MediumBreakout,BREAKOUT,market_phase,UNCLASSIFIED,2026-04,23,1.197500,0.052065
MediumBreakout,BREAKOUT,market_phase,UNCLASSIFIED,2026-05,21,-1.622400,-0.077257
MediumBreakout,BREAKOUT,market_phase,UNCLASSIFIED,2026-06,14,1.846800,0.131914
MediumBreakout,BREAKOUT,market_phase,UNCLASSIFIED,2026-07,9,-2.904600,-0.322733
MediumBreakout,BREAKOUT,trend_strength,NORMAL,2025-03,9,-0.886400,-0.098489
MediumBreakout,BREAKOUT,trend_strength,NORMAL,2025-04,7,0.179000,0.025571
MediumBreakout,BREAKOUT,trend_strength,NORMAL,2025-05,3,3.000000,1.000000
MediumBreakout,BREAKOUT,trend_strength,NORMAL,2025-06,5,0.370800,0.074160
MediumBreakout,BREAKOUT,trend_strength,NORMAL,2025-07,11,-4.998300,-0.454391
MediumBreakout,BREAKOUT,trend_strength,NORMAL,2025-08,7,-3.473700,-0.496243
MediumBreakout,BREAKOUT,trend_strength,NORMAL,2025-10,3,0.360300,0.120100
MediumBreakout,BREAKOUT,trend_strength,NORMAL,2025-11,4,0.031600,0.007900
MediumBreakout,BREAKOUT,trend_strength,NORMAL,2025-12,9,-5.301800,-0.589089
MediumBreakout,BREAKOUT,trend_strength,NORMAL,2026-01,3,3.579600,1.193200
MediumBreakout,BREAKOUT,trend_strength,NORMAL,2026-02,9,-3.481700,-0.386856
MediumBreakout,BREAKOUT,trend_strength,NORMAL,2026-03,5,-2.588700,-0.517740
MediumBreakout,BREAKOUT,trend_strength,NORMAL,2026-04,10,-2.857600,-0.285760
MediumBreakout,BREAKOUT,trend_strength,NORMAL,2026-05,10,6.959900,0.695990
MediumBreakout,BREAKOUT,trend_strength,NORMAL,2026-06,6,-3.207900,-0.534650
MediumBreakout,BREAKOUT,trend_strength,NORMAL,2026-07,5,1.850900,0.370180
MediumBreakout,BREAKOUT,trend_strength,STRONG,2025-03,2,-2.000000,-1.000000
MediumBreakout,BREAKOUT,trend_strength,STRONG,2025-07,1,-1.000000,-1.000000
MediumBreakout,BREAKOUT,trend_strength,STRONG,2025-08,2,1.000000,0.500000
MediumBreakout,BREAKOUT,trend_strength,STRONG,2025-09,1,2.000000,2.000000
MediumBreakout,BREAKOUT,trend_strength,STRONG,2025-12,3,1.414900,0.471633
MediumBreakout,BREAKOUT,trend_strength,STRONG,2026-02,1,2.000000,2.000000
MediumBreakout,BREAKOUT,trend_strength,STRONG,2026-03,1,2.000000,2.000000
MediumBreakout,BREAKOUT,trend_strength,STRONG,2026-04,2,2.104500,1.052250
MediumBreakout,BREAKOUT,trend_strength,STRONG,2026-05,1,-1.000000,-1.000000
MediumBreakout,BREAKOUT,trend_strength,STRONG,2026-06,1,2.000000,2.000000
MediumBreakout,BREAKOUT,trend_strength,WEAK,2025-03,26,-0.127400,-0.004900
MediumBreakout,BREAKOUT,trend_strength,WEAK,2025-04,20,-1.500900,-0.075045
MediumBreakout,BREAKOUT,trend_strength,WEAK,2025-05,23,-10.401100,-0.452222
MediumBreakout,BREAKOUT,trend_strength,WEAK,2025-06,7,3.055700,0.436529
MediumBreakout,BREAKOUT,trend_strength,WEAK,2025-07,47,0.369400,0.007860
MediumBreakout,BREAKOUT,trend_strength,WEAK,2025-08,55,-21.270900,-0.386744
MediumBreakout,BREAKOUT,trend_strength,WEAK,2025-09,4,5.733500,1.433375
MediumBreakout,BREAKOUT,trend_strength,WEAK,2025-10,7,3.014300,0.430614
MediumBreakout,BREAKOUT,trend_strength,WEAK,2025-11,16,4.342200,0.271388
MediumBreakout,BREAKOUT,trend_strength,WEAK,2025-12,44,3.211700,0.072993
MediumBreakout,BREAKOUT,trend_strength,WEAK,2026-01,8,2.911200,0.363900
MediumBreakout,BREAKOUT,trend_strength,WEAK,2026-02,25,-13.337200,-0.533488
MediumBreakout,BREAKOUT,trend_strength,WEAK,2026-03,23,3.349600,0.145635
MediumBreakout,BREAKOUT,trend_strength,WEAK,2026-04,29,8.399200,0.289628
MediumBreakout,BREAKOUT,trend_strength,WEAK,2026-05,26,1.043200,0.040123
MediumBreakout,BREAKOUT,trend_strength,WEAK,2026-06,18,-2.794100,-0.155228
MediumBreakout,BREAKOUT,trend_strength,WEAK,2026-07,14,-5.317400,-0.379814
MediumBreakout,BREAKOUT,volatility,CONTRACTING,2025-03,11,-3.439800,-0.312709
MediumBreakout,BREAKOUT,volatility,CONTRACTING,2025-04,9,-3.790000,-0.421111
MediumBreakout,BREAKOUT,volatility,CONTRACTING,2025-05,7,-3.620100,-0.517157
MediumBreakout,BREAKOUT,volatility,CONTRACTING,2025-06,3,0.000000,0.000000
MediumBreakout,BREAKOUT,volatility,CONTRACTING,2025-07,12,-5.583900,-0.465325
MediumBreakout,BREAKOUT,volatility,CONTRACTING,2025-08,15,-0.585200,-0.039013
MediumBreakout,BREAKOUT,volatility,CONTRACTING,2025-09,2,1.733500,0.866750
MediumBreakout,BREAKOUT,volatility,CONTRACTING,2025-10,2,1.000000,0.500000
MediumBreakout,BREAKOUT,volatility,CONTRACTING,2025-11,4,2.000000,0.500000
MediumBreakout,BREAKOUT,volatility,CONTRACTING,2025-12,16,0.777500,0.048594
MediumBreakout,BREAKOUT,volatility,CONTRACTING,2026-01,4,2.575900,0.643975
MediumBreakout,BREAKOUT,volatility,CONTRACTING,2026-02,13,-3.098400,-0.238338
MediumBreakout,BREAKOUT,volatility,CONTRACTING,2026-03,2,-0.781200,-0.390600
MediumBreakout,BREAKOUT,volatility,CONTRACTING,2026-04,9,2.829000,0.314333
MediumBreakout,BREAKOUT,volatility,CONTRACTING,2026-05,9,-2.807900,-0.311989
MediumBreakout,BREAKOUT,volatility,CONTRACTING,2026-06,6,0.000000,0.000000
MediumBreakout,BREAKOUT,volatility,EXPANDING,2025-03,12,-0.731000,-0.060917
MediumBreakout,BREAKOUT,volatility,EXPANDING,2025-04,7,1.449300,0.207043
MediumBreakout,BREAKOUT,volatility,EXPANDING,2025-05,13,-1.687000,-0.129769
MediumBreakout,BREAKOUT,volatility,EXPANDING,2025-06,6,0.426500,0.071083
MediumBreakout,BREAKOUT,volatility,EXPANDING,2025-07,23,3.271000,0.142217
MediumBreakout,BREAKOUT,volatility,EXPANDING,2025-08,27,-14.516600,-0.537652
MediumBreakout,BREAKOUT,volatility,EXPANDING,2025-09,3,6.000000,2.000000
MediumBreakout,BREAKOUT,volatility,EXPANDING,2025-10,2,1.000000,0.500000
MediumBreakout,BREAKOUT,volatility,EXPANDING,2025-11,6,3.887800,0.647967
MediumBreakout,BREAKOUT,volatility,EXPANDING,2025-12,20,0.865700,0.043285
MediumBreakout,BREAKOUT,volatility,EXPANDING,2026-01,5,2.240800,0.448160
MediumBreakout,BREAKOUT,volatility,EXPANDING,2026-02,9,-9.000000,-1.000000
MediumBreakout,BREAKOUT,volatility,EXPANDING,2026-03,12,3.955300,0.329608
MediumBreakout,BREAKOUT,volatility,EXPANDING,2026-04,14,7.724200,0.551729
MediumBreakout,BREAKOUT,volatility,EXPANDING,2026-05,13,3.172600,0.244046
MediumBreakout,BREAKOUT,volatility,EXPANDING,2026-06,8,4.375900,0.546987
MediumBreakout,BREAKOUT,volatility,EXPANDING,2026-07,10,-3.468900,-0.346890
MediumBreakout,BREAKOUT,volatility,NORMAL,2025-03,14,1.157000,0.082643
MediumBreakout,BREAKOUT,volatility,NORMAL,2025-04,11,1.018800,0.092618
MediumBreakout,BREAKOUT,volatility,NORMAL,2025-05,6,-2.094000,-0.349000
MediumBreakout,BREAKOUT,volatility,NORMAL,2025-06,3,3.000000,1.000000
MediumBreakout,BREAKOUT,volatility,NORMAL,2025-07,24,-3.316000,-0.138167
MediumBreakout,BREAKOUT,volatility,NORMAL,2025-08,22,-8.642800,-0.392855
MediumBreakout,BREAKOUT,volatility,NORMAL,2025-10,6,1.374600,0.229100
MediumBreakout,BREAKOUT,volatility,NORMAL,2025-11,10,-1.514000,-0.151400
MediumBreakout,BREAKOUT,volatility,NORMAL,2025-12,20,-2.318400,-0.115920
MediumBreakout,BREAKOUT,volatility,NORMAL,2026-01,2,1.674100,0.837050
MediumBreakout,BREAKOUT,volatility,NORMAL,2026-02,13,-2.720500,-0.209269
MediumBreakout,BREAKOUT,volatility,NORMAL,2026-03,15,-0.413200,-0.027547
MediumBreakout,BREAKOUT,volatility,NORMAL,2026-04,18,-2.907100,-0.161506
MediumBreakout,BREAKOUT,volatility,NORMAL,2026-05,15,6.638400,0.442560
MediumBreakout,BREAKOUT,volatility,NORMAL,2026-06,11,-8.377900,-0.761627
MediumBreakout,BREAKOUT,volatility,NORMAL,2026-07,9,0.002400,0.000267
NestedPullback,PULLBACK,alignment,FULLY_ALIGNED,2025-04,3,-3.000000,-1.000000
NestedPullback,PULLBACK,alignment,FULLY_ALIGNED,2025-05,4,-3.587900,-0.896975
NestedPullback,PULLBACK,alignment,FULLY_ALIGNED,2025-06,2,-1.385300,-0.692650
NestedPullback,PULLBACK,alignment,FULLY_ALIGNED,2025-07,4,-1.000000,-0.250000
NestedPullback,PULLBACK,alignment,FULLY_ALIGNED,2025-08,2,1.000000,0.500000
NestedPullback,PULLBACK,alignment,FULLY_ALIGNED,2025-09,2,1.000000,0.500000
NestedPullback,PULLBACK,alignment,FULLY_ALIGNED,2025-10,3,-2.115300,-0.705100
NestedPullback,PULLBACK,alignment,FULLY_ALIGNED,2025-12,1,2.000000,2.000000
NestedPullback,PULLBACK,alignment,FULLY_ALIGNED,2026-01,4,-0.430200,-0.107550
NestedPullback,PULLBACK,alignment,FULLY_ALIGNED,2026-02,2,1.000000,0.500000
NestedPullback,PULLBACK,alignment,FULLY_ALIGNED,2026-03,12,-2.014300,-0.167858
NestedPullback,PULLBACK,alignment,FULLY_ALIGNED,2026-04,1,-1.000000,-1.000000
NestedPullback,PULLBACK,alignment,FULLY_ALIGNED,2026-05,1,0.080700,0.080700
NestedPullback,PULLBACK,alignment,OPPOSED,2025-03,8,1.000000,0.125000
NestedPullback,PULLBACK,alignment,OPPOSED,2025-04,4,2.639400,0.659850
NestedPullback,PULLBACK,alignment,OPPOSED,2025-05,5,-0.971900,-0.194380
NestedPullback,PULLBACK,alignment,OPPOSED,2025-06,4,-2.470300,-0.617575
NestedPullback,PULLBACK,alignment,OPPOSED,2025-07,8,1.675000,0.209375
NestedPullback,PULLBACK,alignment,OPPOSED,2025-08,6,-0.317400,-0.052900
NestedPullback,PULLBACK,alignment,OPPOSED,2025-09,2,1.000000,0.500000
NestedPullback,PULLBACK,alignment,OPPOSED,2025-11,6,-2.611800,-0.435300
NestedPullback,PULLBACK,alignment,OPPOSED,2025-12,9,3.780400,0.420044
NestedPullback,PULLBACK,alignment,OPPOSED,2026-01,2,1.000000,0.500000
NestedPullback,PULLBACK,alignment,OPPOSED,2026-02,4,-0.832600,-0.208150
NestedPullback,PULLBACK,alignment,OPPOSED,2026-03,1,2.000000,2.000000
NestedPullback,PULLBACK,alignment,OPPOSED,2026-04,5,1.567100,0.313420
NestedPullback,PULLBACK,alignment,OPPOSED,2026-05,9,0.000000,0.000000
NestedPullback,PULLBACK,alignment,OPPOSED,2026-06,5,3.930900,0.786180
NestedPullback,PULLBACK,alignment,OPPOSED,2026-07,5,1.740700,0.348140
NestedPullback,PULLBACK,alignment,PARTIALLY_ALIGNED,2025-05,1,-1.000000,-1.000000
NestedPullback,PULLBACK,alignment,PARTIALLY_ALIGNED,2025-07,3,-2.829300,-0.943100
NestedPullback,PULLBACK,alignment,PARTIALLY_ALIGNED,2025-08,2,1.000000,0.500000
NestedPullback,PULLBACK,alignment,PARTIALLY_ALIGNED,2025-11,1,-1.000000,-1.000000
NestedPullback,PULLBACK,alignment,PARTIALLY_ALIGNED,2025-12,2,-1.379700,-0.689850
NestedPullback,PULLBACK,alignment,PARTIALLY_ALIGNED,2026-03,1,-1.000000,-1.000000
NestedPullback,PULLBACK,alignment,PARTIALLY_ALIGNED,2026-05,1,-1.000000,-1.000000
NestedPullback,PULLBACK,alignment,PARTIALLY_ALIGNED,2026-07,1,0.703800,0.703800
NestedPullback,PULLBACK,direction,BEARISH,2025-03,4,-4.000000,-1.000000
NestedPullback,PULLBACK,direction,BEARISH,2025-04,3,0.000000,0.000000
NestedPullback,PULLBACK,direction,BEARISH,2025-06,3,-2.385300,-0.795100
NestedPullback,PULLBACK,direction,BEARISH,2025-07,7,-3.154300,-0.450614
NestedPullback,PULLBACK,direction,BEARISH,2025-08,6,5.682600,0.947100
NestedPullback,PULLBACK,direction,BEARISH,2025-09,2,1.000000,0.500000
NestedPullback,PULLBACK,direction,BEARISH,2025-10,1,-1.000000,-1.000000
NestedPullback,PULLBACK,direction,BEARISH,2025-11,5,-5.000000,-1.000000
NestedPullback,PULLBACK,direction,BEARISH,2025-12,9,0.780400,0.086711
NestedPullback,PULLBACK,direction,BEARISH,2026-01,2,1.000000,0.500000
NestedPullback,PULLBACK,direction,BEARISH,2026-02,5,1.167400,0.233480
NestedPullback,PULLBACK,direction,BEARISH,2026-03,2,4.000000,2.000000
NestedPullback,PULLBACK,direction,BEARISH,2026-04,2,1.000000,0.500000
NestedPullback,PULLBACK,direction,BEARISH,2026-05,8,2.080700,0.260088
NestedPullback,PULLBACK,direction,BEARISH,2026-06,3,2.930900,0.976967
NestedPullback,PULLBACK,direction,BEARISH,2026-07,3,0.740700,0.246900
NestedPullback,PULLBACK,direction,BULLISH,2025-03,4,5.000000,1.250000
NestedPullback,PULLBACK,direction,BULLISH,2025-04,4,-0.360600,-0.090150
NestedPullback,PULLBACK,direction,BULLISH,2025-05,10,-5.559800,-0.555980
NestedPullback,PULLBACK,direction,BULLISH,2025-06,3,-1.470300,-0.490100
NestedPullback,PULLBACK,direction,BULLISH,2025-07,8,1.000000,0.125000
NestedPullback,PULLBACK,direction,BULLISH,2025-08,4,-4.000000,-1.000000
NestedPullback,PULLBACK,direction,BULLISH,2025-09,2,1.000000,0.500000
NestedPullback,PULLBACK,direction,BULLISH,2025-10,2,-1.115300,-0.557650
NestedPullback,PULLBACK,direction,BULLISH,2025-11,2,1.388200,0.694100
NestedPullback,PULLBACK,direction,BULLISH,2025-12,3,3.620300,1.206767
NestedPullback,PULLBACK,direction,BULLISH,2026-01,4,-0.430200,-0.107550
NestedPullback,PULLBACK,direction,BULLISH,2026-02,1,-1.000000,-1.000000
NestedPullback,PULLBACK,direction,BULLISH,2026-03,12,-5.014300,-0.417858
NestedPullback,PULLBACK,direction,BULLISH,2026-04,4,-0.432900,-0.108225
NestedPullback,PULLBACK,direction,BULLISH,2026-05,3,-3.000000,-1.000000
NestedPullback,PULLBACK,direction,BULLISH,2026-06,2,1.000000,0.500000
NestedPullback,PULLBACK,direction,BULLISH,2026-07,3,1.703800,0.567933
NestedPullback,PULLBACK,market_phase,BREAKOUT,2025-05,1,-1.000000,-1.000000
NestedPullback,PULLBACK,market_phase,BREAKOUT,2025-07,3,-2.829300,-0.943100
NestedPullback,PULLBACK,market_phase,BREAKOUT,2025-08,2,1.000000,0.500000
NestedPullback,PULLBACK,market_phase,BREAKOUT,2025-11,1,-1.000000,-1.000000
NestedPullback,PULLBACK,market_phase,BREAKOUT,2025-12,2,-1.379700,-0.689850
NestedPullback,PULLBACK,market_phase,BREAKOUT,2026-03,1,-1.000000,-1.000000
NestedPullback,PULLBACK,market_phase,BREAKOUT,2026-05,1,-1.000000,-1.000000
NestedPullback,PULLBACK,market_phase,BREAKOUT,2026-07,1,0.703800,0.703800
NestedPullback,PULLBACK,market_phase,COMPRESSION,2025-07,1,2.000000,2.000000
NestedPullback,PULLBACK,market_phase,COMPRESSION,2026-02,1,-1.000000,-1.000000
NestedPullback,PULLBACK,market_phase,COMPRESSION,2026-06,1,0.969600,0.969600
NestedPullback,PULLBACK,market_phase,COMPRESSION,2026-07,2,-1.259300,-0.629650
NestedPullback,PULLBACK,market_phase,PULLBACK,2025-06,1,-1.000000,-1.000000
NestedPullback,PULLBACK,market_phase,PULLBACK,2025-07,2,1.000000,0.500000
NestedPullback,PULLBACK,market_phase,PULLBACK,2025-08,2,1.000000,0.500000
NestedPullback,PULLBACK,market_phase,PULLBACK,2025-09,1,-1.000000,-1.000000
NestedPullback,PULLBACK,market_phase,PULLBACK,2025-11,1,-1.000000,-1.000000
NestedPullback,PULLBACK,market_phase,PULLBACK,2025-12,2,1.000000,0.500000
NestedPullback,PULLBACK,market_phase,PULLBACK,2026-02,1,2.000000,2.000000
NestedPullback,PULLBACK,market_phase,PULLBACK,2026-05,1,2.000000,2.000000
NestedPullback,PULLBACK,market_phase,TREND_CONTINUATION,2025-04,2,-2.000000,-1.000000
NestedPullback,PULLBACK,market_phase,TREND_CONTINUATION,2025-05,4,-3.587900,-0.896975
NestedPullback,PULLBACK,market_phase,TREND_CONTINUATION,2025-06,2,-1.385300,-0.692650
NestedPullback,PULLBACK,market_phase,TREND_CONTINUATION,2025-07,3,0.000000,0.000000
NestedPullback,PULLBACK,market_phase,TREND_CONTINUATION,2025-08,1,2.000000,2.000000
NestedPullback,PULLBACK,market_phase,TREND_CONTINUATION,2025-09,1,-1.000000,-1.000000
NestedPullback,PULLBACK,market_phase,TREND_CONTINUATION,2025-10,3,-2.115300,-0.705100
NestedPullback,PULLBACK,market_phase,TREND_CONTINUATION,2025-12,1,2.000000,2.000000
NestedPullback,PULLBACK,market_phase,TREND_CONTINUATION,2026-01,4,-0.430200,-0.107550
NestedPullback,PULLBACK,market_phase,TREND_CONTINUATION,2026-03,10,-3.014300,-0.301430
NestedPullback,PULLBACK,market_phase,TREND_CONTINUATION,2026-04,1,-1.000000,-1.000000
NestedPullback,PULLBACK,market_phase,TREND_CONTINUATION,2026-05,1,0.080700,0.080700
NestedPullback,PULLBACK,market_phase,UNCLASSIFIED,2025-03,8,1.000000,0.125000
NestedPullback,PULLBACK,market_phase,UNCLASSIFIED,2025-04,5,1.639400,0.327880
NestedPullback,PULLBACK,market_phase,UNCLASSIFIED,2025-05,5,-0.971900,-0.194380
NestedPullback,PULLBACK,market_phase,UNCLASSIFIED,2025-06,3,-1.470300,-0.490100
NestedPullback,PULLBACK,market_phase,UNCLASSIFIED,2025-07,6,-2.325000,-0.387500
NestedPullback,PULLBACK,market_phase,UNCLASSIFIED,2025-08,5,-2.317400,-0.463480
NestedPullback,PULLBACK,market_phase,UNCLASSIFIED,2025-09,2,4.000000,2.000000
NestedPullback,PULLBACK,market_phase,UNCLASSIFIED,2025-11,5,-1.611800,-0.322360
NestedPullback,PULLBACK,market_phase,UNCLASSIFIED,2025-12,7,2.780400,0.397200
NestedPullback,PULLBACK,market_phase,UNCLASSIFIED,2026-01,2,1.000000,0.500000
NestedPullback,PULLBACK,market_phase,UNCLASSIFIED,2026-02,4,-0.832600,-0.208150
NestedPullback,PULLBACK,market_phase,UNCLASSIFIED,2026-03,3,3.000000,1.000000
NestedPullback,PULLBACK,market_phase,UNCLASSIFIED,2026-04,5,1.567100,0.313420
NestedPullback,PULLBACK,market_phase,UNCLASSIFIED,2026-05,8,-2.000000,-0.250000
NestedPullback,PULLBACK,market_phase,UNCLASSIFIED,2026-06,4,2.961300,0.740325
NestedPullback,PULLBACK,market_phase,UNCLASSIFIED,2026-07,3,3.000000,1.000000
NestedPullback,PULLBACK,trend_strength,NORMAL,2025-03,2,1.000000,0.500000
NestedPullback,PULLBACK,trend_strength,NORMAL,2025-04,2,-2.000000,-1.000000
NestedPullback,PULLBACK,trend_strength,NORMAL,2025-05,4,-1.000000,-0.250000
NestedPullback,PULLBACK,trend_strength,NORMAL,2025-06,1,0.529700,0.529700
NestedPullback,PULLBACK,trend_strength,NORMAL,2025-07,4,-1.000000,-0.250000
NestedPullback,PULLBACK,trend_strength,NORMAL,2025-08,1,2.000000,2.000000
NestedPullback,PULLBACK,trend_strength,NORMAL,2025-10,1,-0.115300,-0.115300
NestedPullback,PULLBACK,trend_strength,NORMAL,2025-12,5,2.146300,0.429260
NestedPullback,PULLBACK,trend_strength,NORMAL,2026-01,1,2.000000,2.000000
NestedPullback,PULLBACK,trend_strength,NORMAL,2026-02,1,-1.000000,-1.000000
NestedPullback,PULLBACK,trend_strength,NORMAL,2026-03,5,-2.000000,-0.400000
NestedPullback,PULLBACK,trend_strength,NORMAL,2026-04,1,-1.000000,-1.000000
NestedPullback,PULLBACK,trend_strength,NORMAL,2026-05,2,-2.000000,-1.000000
NestedPullback,PULLBACK,trend_strength,NORMAL,2026-06,3,1.969600,0.656533
NestedPullback,PULLBACK,trend_strength,STRONG,2025-03,1,-1.000000,-1.000000
NestedPullback,PULLBACK,trend_strength,STRONG,2025-07,1,-1.000000,-1.000000
NestedPullback,PULLBACK,trend_strength,STRONG,2025-08,1,2.000000,2.000000
NestedPullback,PULLBACK,trend_strength,STRONG,2025-12,1,-0.745600,-0.745600
NestedPullback,PULLBACK,trend_strength,STRONG,2026-05,1,-1.000000,-1.000000
NestedPullback,PULLBACK,trend_strength,WEAK,2025-03,5,1.000000,0.200000
NestedPullback,PULLBACK,trend_strength,WEAK,2025-04,5,1.639400,0.327880
NestedPullback,PULLBACK,trend_strength,WEAK,2025-05,6,-4.559800,-0.759967
NestedPullback,PULLBACK,trend_strength,WEAK,2025-06,5,-4.385300,-0.877060
NestedPullback,PULLBACK,trend_strength,WEAK,2025-07,10,-0.154300,-0.015430
NestedPullback,PULLBACK,trend_strength,WEAK,2025-08,8,-2.317400,-0.289675
NestedPullback,PULLBACK,trend_strength,WEAK,2025-09,4,2.000000,0.500000
NestedPullback,PULLBACK,trend_strength,WEAK,2025-10,2,-2.000000,-1.000000
NestedPullback,PULLBACK,trend_strength,WEAK,2025-11,7,-3.611800,-0.515971
NestedPullback,PULLBACK,trend_strength,WEAK,2025-12,6,3.000000,0.500000
NestedPullback,PULLBACK,trend_strength,WEAK,2026-01,5,-1.430200,-0.286040
NestedPullback,PULLBACK,trend_strength,WEAK,2026-02,5,1.167400,0.233480
NestedPullback,PULLBACK,trend_strength,WEAK,2026-03,9,0.985700,0.109522
NestedPullback,PULLBACK,trend_strength,WEAK,2026-04,5,1.567100,0.313420
NestedPullback,PULLBACK,trend_strength,WEAK,2026-05,8,2.080700,0.260088
NestedPullback,PULLBACK,trend_strength,WEAK,2026-06,2,1.961300,0.980650
NestedPullback,PULLBACK,trend_strength,WEAK,2026-07,6,2.444500,0.407417
NestedPullback,PULLBACK,volatility,CONTRACTING,2025-03,1,-1.000000,-1.000000
NestedPullback,PULLBACK,volatility,CONTRACTING,2025-04,3,-2.360600,-0.786867
NestedPullback,PULLBACK,volatility,CONTRACTING,2025-05,2,-0.971900,-0.485950
NestedPullback,PULLBACK,volatility,CONTRACTING,2025-06,1,-1.000000,-1.000000
NestedPullback,PULLBACK,volatility,CONTRACTING,2025-07,1,-1.000000,-1.000000
NestedPullback,PULLBACK,volatility,CONTRACTING,2025-08,3,-1.958100,-0.652700
NestedPullback,PULLBACK,volatility,CONTRACTING,2025-09,1,2.000000,2.000000
NestedPullback,PULLBACK,volatility,CONTRACTING,2026-02,2,1.000000,0.500000
NestedPullback,PULLBACK,volatility,CONTRACTING,2026-03,3,0.000000,0.000000
NestedPullback,PULLBACK,volatility,CONTRACTING,2026-05,3,-3.000000,-1.000000
NestedPullback,PULLBACK,volatility,CONTRACTING,2026-06,1,-0.038700,-0.038700
NestedPullback,PULLBACK,volatility,EXPANDING,2025-03,5,-2.000000,-0.400000
NestedPullback,PULLBACK,volatility,EXPANDING,2025-04,3,3.000000,1.000000
NestedPullback,PULLBACK,volatility,EXPANDING,2025-05,5,-1.587900,-0.317580
NestedPullback,PULLBACK,volatility,EXPANDING,2025-06,4,-1.855600,-0.463900
NestedPullback,PULLBACK,volatility,EXPANDING,2025-07,9,-2.154300,-0.239367
NestedPullback,PULLBACK,volatility,EXPANDING,2025-08,4,3.640700,0.910175
NestedPullback,PULLBACK,volatility,EXPANDING,2025-09,2,-2.000000,-1.000000
NestedPullback,PULLBACK,volatility,EXPANDING,2025-11,4,-4.000000,-1.000000
NestedPullback,PULLBACK,volatility,EXPANDING,2025-12,7,6.400700,0.914386
NestedPullback,PULLBACK,volatility,EXPANDING,2026-01,4,2.000000,0.500000
NestedPullback,PULLBACK,volatility,EXPANDING,2026-02,3,0.167400,0.055800
NestedPullback,PULLBACK,volatility,EXPANDING,2026-03,6,0.000000,0.000000
NestedPullback,PULLBACK,volatility,EXPANDING,2026-04,3,-0.841300,-0.280433
NestedPullback,PULLBACK,volatility,EXPANDING,2026-05,5,2.080700,0.416140
NestedPullback,PULLBACK,volatility,EXPANDING,2026-06,2,1.000000,0.500000
NestedPullback,PULLBACK,volatility,EXPANDING,2026-07,3,4.703800,1.567933
NestedPullback,PULLBACK,volatility,NORMAL,2025-03,2,4.000000,2.000000
NestedPullback,PULLBACK,volatility,NORMAL,2025-04,1,-1.000000,-1.000000
NestedPullback,PULLBACK,volatility,NORMAL,2025-05,3,-3.000000,-1.000000
NestedPullback,PULLBACK,volatility,NORMAL,2025-06,1,-1.000000,-1.000000
NestedPullback,PULLBACK,volatility,NORMAL,2025-07,5,1.000000,0.200000
NestedPullback,PULLBACK,volatility,NORMAL,2025-08,3,0.000000,0.000000
NestedPullback,PULLBACK,volatility,NORMAL,2025-09,1,2.000000,2.000000
NestedPullback,PULLBACK,volatility,NORMAL,2025-10,3,-2.115300,-0.705100
NestedPullback,PULLBACK,volatility,NORMAL,2025-11,3,0.388200,0.129400
NestedPullback,PULLBACK,volatility,NORMAL,2025-12,5,-2.000000,-0.400000
NestedPullback,PULLBACK,volatility,NORMAL,2026-01,2,-1.430200,-0.715100
NestedPullback,PULLBACK,volatility,NORMAL,2026-02,1,-1.000000,-1.000000
NestedPullback,PULLBACK,volatility,NORMAL,2026-03,5,-1.014300,-0.202860
NestedPullback,PULLBACK,volatility,NORMAL,2026-04,3,1.408400,0.469467
NestedPullback,PULLBACK,volatility,NORMAL,2026-05,3,0.000000,0.000000
NestedPullback,PULLBACK,volatility,NORMAL,2026-06,2,2.969600,1.484800
NestedPullback,PULLBACK,volatility,NORMAL,2026-07,3,-2.259300,-0.753100
SlowBreakout,BREAKOUT,alignment,FULLY_ALIGNED,2025-03,2,4.000000,2.000000
SlowBreakout,BREAKOUT,alignment,FULLY_ALIGNED,2025-04,5,-3.070200,-0.614040
SlowBreakout,BREAKOUT,alignment,FULLY_ALIGNED,2025-05,6,0.106400,0.017733
SlowBreakout,BREAKOUT,alignment,FULLY_ALIGNED,2025-06,3,-1.054000,-0.351333
SlowBreakout,BREAKOUT,alignment,FULLY_ALIGNED,2025-07,13,-3.381500,-0.260115
SlowBreakout,BREAKOUT,alignment,FULLY_ALIGNED,2025-08,9,5.097300,0.566367
SlowBreakout,BREAKOUT,alignment,FULLY_ALIGNED,2025-09,2,1.942400,0.971200
SlowBreakout,BREAKOUT,alignment,FULLY_ALIGNED,2025-10,2,-0.905200,-0.452600
SlowBreakout,BREAKOUT,alignment,FULLY_ALIGNED,2025-11,5,1.316500,0.263300
SlowBreakout,BREAKOUT,alignment,FULLY_ALIGNED,2025-12,22,-0.958100,-0.043550
SlowBreakout,BREAKOUT,alignment,FULLY_ALIGNED,2026-01,3,-2.062400,-0.687467
SlowBreakout,BREAKOUT,alignment,FULLY_ALIGNED,2026-02,6,-1.657800,-0.276300
SlowBreakout,BREAKOUT,alignment,FULLY_ALIGNED,2026-03,13,-3.746900,-0.288223
SlowBreakout,BREAKOUT,alignment,FULLY_ALIGNED,2026-04,6,-2.551500,-0.425250
SlowBreakout,BREAKOUT,alignment,FULLY_ALIGNED,2026-05,4,5.824300,1.456075
SlowBreakout,BREAKOUT,alignment,FULLY_ALIGNED,2026-06,11,-0.684100,-0.062191
SlowBreakout,BREAKOUT,alignment,FULLY_ALIGNED,2026-07,4,2.917200,0.729300
SlowBreakout,BREAKOUT,alignment,OPPOSED,2025-03,9,-1.654700,-0.183856
SlowBreakout,BREAKOUT,alignment,OPPOSED,2025-04,14,-3.247700,-0.231979
SlowBreakout,BREAKOUT,alignment,OPPOSED,2025-05,7,-1.000000,-0.142857
SlowBreakout,BREAKOUT,alignment,OPPOSED,2025-06,6,-2.003100,-0.333850
SlowBreakout,BREAKOUT,alignment,OPPOSED,2025-07,15,3.933000,0.262200
SlowBreakout,BREAKOUT,alignment,OPPOSED,2025-08,18,-5.481700,-0.304539
SlowBreakout,BREAKOUT,alignment,OPPOSED,2025-09,4,5.360300,1.340075
SlowBreakout,BREAKOUT,alignment,OPPOSED,2025-10,1,-1.000000,-1.000000
SlowBreakout,BREAKOUT,alignment,OPPOSED,2025-11,7,5.086000,0.726571
SlowBreakout,BREAKOUT,alignment,OPPOSED,2025-12,30,-6.172400,-0.205747
SlowBreakout,BREAKOUT,alignment,OPPOSED,2026-01,4,-1.000000,-0.250000
SlowBreakout,BREAKOUT,alignment,OPPOSED,2026-02,6,4.048400,0.674733
SlowBreakout,BREAKOUT,alignment,OPPOSED,2026-03,6,0.843500,0.140583
SlowBreakout,BREAKOUT,alignment,OPPOSED,2026-04,16,-5.103700,-0.318981
SlowBreakout,BREAKOUT,alignment,OPPOSED,2026-05,8,1.700000,0.212500
SlowBreakout,BREAKOUT,alignment,OPPOSED,2026-06,8,1.332200,0.166525
SlowBreakout,BREAKOUT,alignment,OPPOSED,2026-07,9,1.093300,0.121478
SlowBreakout,BREAKOUT,alignment,PARTIALLY_ALIGNED,2025-03,3,0.239300,0.079767
SlowBreakout,BREAKOUT,alignment,PARTIALLY_ALIGNED,2025-04,4,-0.135700,-0.033925
SlowBreakout,BREAKOUT,alignment,PARTIALLY_ALIGNED,2025-05,3,-2.527800,-0.842600
SlowBreakout,BREAKOUT,alignment,PARTIALLY_ALIGNED,2025-06,2,0.634900,0.317450
SlowBreakout,BREAKOUT,alignment,PARTIALLY_ALIGNED,2025-07,8,5.158500,0.644813
SlowBreakout,BREAKOUT,alignment,PARTIALLY_ALIGNED,2025-08,5,-3.349700,-0.669940
SlowBreakout,BREAKOUT,alignment,PARTIALLY_ALIGNED,2025-11,4,2.758200,0.689550
SlowBreakout,BREAKOUT,alignment,PARTIALLY_ALIGNED,2025-12,8,-3.135700,-0.391962
SlowBreakout,BREAKOUT,alignment,PARTIALLY_ALIGNED,2026-01,1,0.128700,0.128700
SlowBreakout,BREAKOUT,alignment,PARTIALLY_ALIGNED,2026-02,2,1.852800,0.926400
SlowBreakout,BREAKOUT,alignment,PARTIALLY_ALIGNED,2026-03,2,-0.518800,-0.259400
SlowBreakout,BREAKOUT,alignment,PARTIALLY_ALIGNED,2026-04,5,-3.458100,-0.691620
SlowBreakout,BREAKOUT,alignment,PARTIALLY_ALIGNED,2026-05,4,2.000000,0.500000
SlowBreakout,BREAKOUT,alignment,PARTIALLY_ALIGNED,2026-06,2,-1.938800,-0.969400
SlowBreakout,BREAKOUT,direction,BEARISH,2025-03,8,3.358000,0.419750
SlowBreakout,BREAKOUT,direction,BEARISH,2025-04,9,-3.759800,-0.417756
SlowBreakout,BREAKOUT,direction,BEARISH,2025-05,10,-4.409300,-0.440930
SlowBreakout,BREAKOUT,direction,BEARISH,2025-06,6,-3.136300,-0.522717
SlowBreakout,BREAKOUT,direction,BEARISH,2025-07,17,1.312900,0.077229
SlowBreakout,BREAKOUT,direction,BEARISH,2025-08,24,-0.711800,-0.029658
SlowBreakout,BREAKOUT,direction,BEARISH,2025-09,2,-0.697300,-0.348650
SlowBreakout,BREAKOUT,direction,BEARISH,2025-11,3,1.053200,0.351067
SlowBreakout,BREAKOUT,direction,BEARISH,2025-12,31,0.668900,0.021577
SlowBreakout,BREAKOUT,direction,BEARISH,2026-01,4,-1.933700,-0.483425
SlowBreakout,BREAKOUT,direction,BEARISH,2026-02,6,4.142500,0.690417
SlowBreakout,BREAKOUT,direction,BEARISH,2026-03,7,-1.422200,-0.203171
SlowBreakout,BREAKOUT,direction,BEARISH,2026-04,15,-8.835500,-0.589033
SlowBreakout,BREAKOUT,direction,BEARISH,2026-05,10,5.500000,0.550000
SlowBreakout,BREAKOUT,direction,BEARISH,2026-06,12,-4.778700,-0.398225
SlowBreakout,BREAKOUT,direction,BEARISH,2026-07,6,2.910800,0.485133
SlowBreakout,BREAKOUT,direction,BULLISH,2025-03,6,-0.773400,-0.128900
SlowBreakout,BREAKOUT,direction,BULLISH,2025-04,14,-2.693800,-0.192414
SlowBreakout,BREAKOUT,direction,BULLISH,2025-05,6,0.987900,0.164650
SlowBreakout,BREAKOUT,direction,BULLISH,2025-06,5,0.714100,0.142820
SlowBreakout,BREAKOUT,direction,BULLISH,2025-07,19,4.397100,0.231426
SlowBreakout,BREAKOUT,direction,BULLISH,2025-08,8,-3.022300,-0.377787
SlowBreakout,BREAKOUT,direction,BULLISH,2025-09,4,8.000000,2.000000
SlowBreakout,BREAKOUT,direction,BULLISH,2025-10,3,-1.905200,-0.635067
SlowBreakout,BREAKOUT,direction,BULLISH,2025-11,13,8.107500,0.623654
SlowBreakout,BREAKOUT,direction,BULLISH,2025-12,29,-10.935100,-0.377072
SlowBreakout,BREAKOUT,direction,BULLISH,2026-01,4,-1.000000,-0.250000
SlowBreakout,BREAKOUT,direction,BULLISH,2026-02,8,0.100900,0.012612
SlowBreakout,BREAKOUT,direction,BULLISH,2026-03,14,-2.000000,-0.142857
SlowBreakout,BREAKOUT,direction,BULLISH,2026-04,12,-2.277800,-0.189817
SlowBreakout,BREAKOUT,direction,BULLISH,2026-05,6,4.024300,0.670717
SlowBreakout,BREAKOUT,direction,BULLISH,2026-06,9,3.488000,0.387556
SlowBreakout,BREAKOUT,direction,BULLISH,2026-07,7,1.099700,0.157100
SlowBreakout,BREAKOUT,market_phase,BREAKOUT,2025-05,1,-1.000000,-1.000000
SlowBreakout,BREAKOUT,market_phase,BREAKOUT,2025-11,1,-1.000000,-1.000000
SlowBreakout,BREAKOUT,market_phase,BREAKOUT,2025-12,1,-0.476100,-0.476100
SlowBreakout,BREAKOUT,market_phase,COMPRESSION,2025-06,2,-0.982900,-0.491450
SlowBreakout,BREAKOUT,market_phase,COMPRESSION,2025-07,1,2.000000,2.000000
SlowBreakout,BREAKOUT,market_phase,COMPRESSION,2026-03,2,-0.518800,-0.259400
SlowBreakout,BREAKOUT,market_phase,COMPRESSION,2026-06,3,-1.345600,-0.448533
SlowBreakout,BREAKOUT,market_phase,PULLBACK,2025-03,1,0.536900,0.536900
SlowBreakout,BREAKOUT,market_phase,PULLBACK,2025-04,7,0.249600,0.035657
SlowBreakout,BREAKOUT,market_phase,PULLBACK,2025-05,3,-3.000000,-1.000000
SlowBreakout,BREAKOUT,market_phase,PULLBACK,2025-06,1,-1.000000,-1.000000
SlowBreakout,BREAKOUT,market_phase,PULLBACK,2025-07,9,2.243400,0.249267
SlowBreakout,BREAKOUT,market_phase,PULLBACK,2025-08,12,-4.585900,-0.382158
SlowBreakout,BREAKOUT,market_phase,PULLBACK,2025-09,1,2.000000,2.000000
SlowBreakout,BREAKOUT,market_phase,PULLBACK,2025-11,4,5.000000,1.250000
SlowBreakout,BREAKOUT,market_phase,PULLBACK,2025-12,15,-2.306400,-0.153760
SlowBreakout,BREAKOUT,market_phase,PULLBACK,2026-03,1,-0.156500,-0.156500
SlowBreakout,BREAKOUT,market_phase,PULLBACK,2026-04,9,-1.739400,-0.193267
SlowBreakout,BREAKOUT,market_phase,PULLBACK,2026-05,2,-0.092000,-0.046000
SlowBreakout,BREAKOUT,market_phase,PULLBACK,2026-07,3,0.658900,0.219633
SlowBreakout,BREAKOUT,market_phase,TRANSITION,2025-05,2,-1.527800,-0.763900
SlowBreakout,BREAKOUT,market_phase,TRANSITION,2026-03,1,-1.000000,-1.000000
SlowBreakout,BREAKOUT,market_phase,TREND_CONTINUATION,2025-03,1,2.000000,2.000000
SlowBreakout,BREAKOUT,market_phase,TREND_CONTINUATION,2025-04,3,-1.719500,-0.573167
SlowBreakout,BREAKOUT,market_phase,TREND_CONTINUATION,2025-05,5,1.106400,0.221280
SlowBreakout,BREAKOUT,market_phase,TREND_CONTINUATION,2025-06,3,-1.054000,-0.351333
SlowBreakout,BREAKOUT,market_phase,TREND_CONTINUATION,2025-07,10,-3.994900,-0.399490
SlowBreakout,BREAKOUT,market_phase,TREND_CONTINUATION,2025-08,7,6.659900,0.951414
SlowBreakout,BREAKOUT,market_phase,TREND_CONTINUATION,2025-09,2,1.942400,0.971200
SlowBreakout,BREAKOUT,market_phase,TREND_CONTINUATION,2025-10,2,-0.905200,-0.452600
SlowBreakout,BREAKOUT,market_phase,TREND_CONTINUATION,2025-11,4,2.316500,0.579125
SlowBreakout,BREAKOUT,market_phase,TREND_CONTINUATION,2025-12,19,-1.482000,-0.078000
SlowBreakout,BREAKOUT,market_phase,TREND_CONTINUATION,2026-01,3,-2.062400,-0.687467
SlowBreakout,BREAKOUT,market_phase,TREND_CONTINUATION,2026-02,5,-0.657800,-0.131560
SlowBreakout,BREAKOUT,market_phase,TREND_CONTINUATION,2026-03,12,-2.746900,-0.228908
SlowBreakout,BREAKOUT,market_phase,TREND_CONTINUATION,2026-04,4,-1.000000,-0.250000
SlowBreakout,BREAKOUT,market_phase,TREND_CONTINUATION,2026-05,1,2.000000,2.000000
SlowBreakout,BREAKOUT,market_phase,TREND_CONTINUATION,2026-06,9,-1.684100,-0.187122
SlowBreakout,BREAKOUT,market_phase,TREND_CONTINUATION,2026-07,2,1.676200,0.838100
SlowBreakout,BREAKOUT,market_phase,UNCLASSIFIED,2025-03,12,0.047700,0.003975
SlowBreakout,BREAKOUT,market_phase,UNCLASSIFIED,2025-04,13,-4.983700,-0.383362
SlowBreakout,BREAKOUT,market_phase,UNCLASSIFIED,2025-05,5,1.000000,0.200000
SlowBreakout,BREAKOUT,market_phase,UNCLASSIFIED,2025-06,5,0.614700,0.122940
SlowBreakout,BREAKOUT,market_phase,UNCLASSIFIED,2025-07,16,5.461500,0.341344
SlowBreakout,BREAKOUT,market_phase,UNCLASSIFIED,2025-08,13,-5.808100,-0.446777
SlowBreakout,BREAKOUT,market_phase,UNCLASSIFIED,2025-09,3,3.360300,1.120100
SlowBreakout,BREAKOUT,market_phase,UNCLASSIFIED,2025-10,1,-1.000000,-1.000000
SlowBreakout,BREAKOUT,market_phase,UNCLASSIFIED,2025-11,7,2.844200,0.406314
SlowBreakout,BREAKOUT,market_phase,UNCLASSIFIED,2025-12,25,-6.001700,-0.240068
SlowBreakout,BREAKOUT,market_phase,UNCLASSIFIED,2026-01,5,-0.871300,-0.174260
SlowBreakout,BREAKOUT,market_phase,UNCLASSIFIED,2026-02,9,4.901200,0.544578
SlowBreakout,BREAKOUT,market_phase,UNCLASSIFIED,2026-03,5,1.000000,0.200000
SlowBreakout,BREAKOUT,market_phase,UNCLASSIFIED,2026-04,14,-8.373900,-0.598136
SlowBreakout,BREAKOUT,market_phase,UNCLASSIFIED,2026-05,13,7.616300,0.585869
SlowBreakout,BREAKOUT,market_phase,UNCLASSIFIED,2026-06,9,1.739000,0.193222
SlowBreakout,BREAKOUT,market_phase,UNCLASSIFIED,2026-07,8,1.675400,0.209425
SlowBreakout,BREAKOUT,trend_strength,NORMAL,2025-03,2,1.000000,0.500000
SlowBreakout,BREAKOUT,trend_strength,NORMAL,2025-04,1,-1.000000,-1.000000
SlowBreakout,BREAKOUT,trend_strength,NORMAL,2025-05,5,1.000000,0.200000
SlowBreakout,BREAKOUT,trend_strength,NORMAL,2025-06,3,0.000000,0.000000
SlowBreakout,BREAKOUT,trend_strength,NORMAL,2025-07,9,-1.317100,-0.146344
SlowBreakout,BREAKOUT,trend_strength,NORMAL,2025-08,7,0.878900,0.125557
SlowBreakout,BREAKOUT,trend_strength,NORMAL,2025-09,1,2.000000,2.000000
SlowBreakout,BREAKOUT,trend_strength,NORMAL,2025-10,2,-0.905200,-0.452600
SlowBreakout,BREAKOUT,trend_strength,NORMAL,2025-11,5,0.947100,0.189420
SlowBreakout,BREAKOUT,trend_strength,NORMAL,2025-12,5,-3.877000,-0.775400
SlowBreakout,BREAKOUT,trend_strength,NORMAL,2026-01,1,-1.000000,-1.000000
SlowBreakout,BREAKOUT,trend_strength,NORMAL,2026-02,4,-2.388500,-0.597125
SlowBreakout,BREAKOUT,trend_strength,NORMAL,2026-03,4,-4.000000,-1.000000
SlowBreakout,BREAKOUT,trend_strength,NORMAL,2026-04,6,-4.367200,-0.727867
SlowBreakout,BREAKOUT,trend_strength,NORMAL,2026-05,7,6.988800,0.998400
SlowBreakout,BREAKOUT,trend_strength,NORMAL,2026-06,6,-2.118600,-0.353100
SlowBreakout,BREAKOUT,trend_strength,NORMAL,2026-07,3,0.676200,0.225400
SlowBreakout,BREAKOUT,trend_strength,STRONG,2025-03,2,-1.418200,-0.709100
SlowBreakout,BREAKOUT,trend_strength,STRONG,2025-04,1,0.035100,0.035100
SlowBreakout,BREAKOUT,trend_strength,STRONG,2025-06,2,-1.231100,-0.615550
SlowBreakout,BREAKOUT,trend_strength,STRONG,2025-08,1,2.000000,2.000000
SlowBreakout,BREAKOUT,trend_strength,STRONG,2025-12,1,0.233100,0.233100
SlowBreakout,BREAKOUT,trend_strength,STRONG,2026-02,1,-0.881900,-0.881900
SlowBreakout,BREAKOUT,trend_strength,STRONG,2026-03,1,2.000000,2.000000
SlowBreakout,BREAKOUT,trend_strength,STRONG,2026-04,1,0.044300,0.044300
SlowBreakout,BREAKOUT,trend_strength,STRONG,2026-07,1,-1.000000,-1.000000
SlowBreakout,BREAKOUT,trend_strength,WEAK,2025-03,10,3.002800,0.300280
SlowBreakout,BREAKOUT,trend_strength,WEAK,2025-04,21,-5.488700,-0.261367
SlowBreakout,BREAKOUT,trend_strength,WEAK,2025-05,11,-4.421400,-0.401945
SlowBreakout,BREAKOUT,trend_strength,WEAK,2025-06,6,-1.191100,-0.198517
SlowBreakout,BREAKOUT,trend_strength,WEAK,2025-07,27,7.027100,0.260263
SlowBreakout,BREAKOUT,trend_strength,WEAK,2025-08,24,-6.613000,-0.275542
SlowBreakout,BREAKOUT,trend_strength,WEAK,2025-09,5,5.302700,1.060540
SlowBreakout,BREAKOUT,trend_strength,WEAK,2025-10,1,-1.000000,-1.000000
SlowBreakout,BREAKOUT,trend_strength,WEAK,2025-11,11,8.213600,0.746691
SlowBreakout,BREAKOUT,trend_strength,WEAK,2025-12,54,-6.622300,-0.122635
SlowBreakout,BREAKOUT,trend_strength,WEAK,2026-01,7,-1.933700,-0.276243
SlowBreakout,BREAKOUT,trend_strength,WEAK,2026-02,9,7.513800,0.834867
SlowBreakout,BREAKOUT,trend_strength,WEAK,2026-03,16,-1.422200,-0.088887
SlowBreakout,BREAKOUT,trend_strength,WEAK,2026-04,20,-6.790400,-0.339520
SlowBreakout,BREAKOUT,trend_strength,WEAK,2026-05,9,2.535500,0.281722
SlowBreakout,BREAKOUT,trend_strength,WEAK,2026-06,15,0.827900,0.055193
SlowBreakout,BREAKOUT,trend_strength,WEAK,2026-07,9,4.334300,0.481589
SlowBreakout,BREAKOUT,volatility,CONTRACTING,2025-03,6,2.739500,0.456583
SlowBreakout,BREAKOUT,volatility,CONTRACTING,2025-04,6,-3.814100,-0.635683
SlowBreakout,BREAKOUT,volatility,CONTRACTING,2025-05,2,-1.527800,-0.763900
SlowBreakout,BREAKOUT,volatility,CONTRACTING,2025-06,1,-0.931200,-0.931200
SlowBreakout,BREAKOUT,volatility,CONTRACTING,2025-07,8,-0.804000,-0.100500
SlowBreakout,BREAKOUT,volatility,CONTRACTING,2025-08,5,-4.562600,-0.912520
SlowBreakout,BREAKOUT,volatility,CONTRACTING,2025-10,1,-1.000000,-1.000000
SlowBreakout,BREAKOUT,volatility,CONTRACTING,2025-11,3,0.000000,0.000000
SlowBreakout,BREAKOUT,volatility,CONTRACTING,2025-12,16,-5.927200,-0.370450
SlowBreakout,BREAKOUT,volatility,CONTRACTING,2026-01,2,-2.000000,-1.000000
SlowBreakout,BREAKOUT,volatility,CONTRACTING,2026-02,3,-2.241300,-0.747100
SlowBreakout,BREAKOUT,volatility,CONTRACTING,2026-03,1,-1.000000,-1.000000
SlowBreakout,BREAKOUT,volatility,CONTRACTING,2026-04,7,-1.881900,-0.268843
SlowBreakout,BREAKOUT,volatility,CONTRACTING,2026-05,5,1.975500,0.395100
SlowBreakout,BREAKOUT,volatility,CONTRACTING,2026-06,5,-1.210200,-0.242040
SlowBreakout,BREAKOUT,volatility,CONTRACTING,2026-07,4,0.595100,0.148775
SlowBreakout,BREAKOUT,volatility,EXPANDING,2025-03,3,-2.760700,-0.920233
SlowBreakout,BREAKOUT,volatility,EXPANDING,2025-04,3,3.987700,1.329233
SlowBreakout,BREAKOUT,volatility,EXPANDING,2025-05,9,2.478400,0.275378
SlowBreakout,BREAKOUT,volatility,EXPANDING,2025-06,4,1.545900,0.386475
SlowBreakout,BREAKOUT,volatility,EXPANDING,2025-07,14,-0.790700,-0.056479
SlowBreakout,BREAKOUT,volatility,EXPANDING,2025-08,17,1.754500,0.103206
SlowBreakout,BREAKOUT,volatility,EXPANDING,2025-09,5,7.360300,1.472060
SlowBreakout,BREAKOUT,volatility,EXPANDING,2025-10,2,-0.905200,-0.452600
SlowBreakout,BREAKOUT,volatility,EXPANDING,2025-11,4,3.053200,0.763300
SlowBreakout,BREAKOUT,volatility,EXPANDING,2025-12,15,0.885800,0.059053
SlowBreakout,BREAKOUT,volatility,EXPANDING,2026-01,4,0.128700,0.032175
SlowBreakout,BREAKOUT,volatility,EXPANDING,2026-02,5,1.407800,0.281560
SlowBreakout,BREAKOUT,volatility,EXPANDING,2026-03,9,1.096600,0.121844
SlowBreakout,BREAKOUT,volatility,EXPANDING,2026-04,9,-4.540100,-0.504456
SlowBreakout,BREAKOUT,volatility,EXPANDING,2026-05,7,3.640800,0.520114
SlowBreakout,BREAKOUT,volatility,EXPANDING,2026-06,9,1.377100,0.153011
SlowBreakout,BREAKOUT,volatility,EXPANDING,2026-07,7,2.415400,0.345057
SlowBreakout,BREAKOUT,volatility,NORMAL,2025-03,5,2.605800,0.521160
SlowBreakout,BREAKOUT,volatility,NORMAL,2025-04,14,-6.627200,-0.473371
SlowBreakout,BREAKOUT,volatility,NORMAL,2025-05,5,-4.372000,-0.874400
SlowBreakout,BREAKOUT,volatility,NORMAL,2025-06,6,-3.036900,-0.506150
SlowBreakout,BREAKOUT,volatility,NORMAL,2025-07,14,7.304700,0.521764
SlowBreakout,BREAKOUT,volatility,NORMAL,2025-08,10,-0.926000,-0.092600
SlowBreakout,BREAKOUT,volatility,NORMAL,2025-09,1,-0.057600,-0.057600
SlowBreakout,BREAKOUT,volatility,NORMAL,2025-11,9,6.107500,0.678611
SlowBreakout,BREAKOUT,volatility,NORMAL,2025-12,29,-5.224800,-0.180166
SlowBreakout,BREAKOUT,volatility,NORMAL,2026-01,2,-1.062400,-0.531200
SlowBreakout,BREAKOUT,volatility,NORMAL,2026-02,6,5.076900,0.846150
SlowBreakout,BREAKOUT,volatility,NORMAL,2026-03,11,-3.518800,-0.319891
SlowBreakout,BREAKOUT,volatility,NORMAL,2026-04,11,-4.691300,-0.426482
SlowBreakout,BREAKOUT,volatility,NORMAL,2026-05,4,3.908000,0.977000
SlowBreakout,BREAKOUT,volatility,NORMAL,2026-06,7,-1.457600,-0.208229
SlowBreakout,BREAKOUT,volatility,NORMAL,2026-07,2,1.000000,0.500000
WeightedEnsemble,ENSEMBLE,alignment,FULLY_ALIGNED,2025-03,1,2.000000,2.000000
WeightedEnsemble,ENSEMBLE,alignment,FULLY_ALIGNED,2025-04,8,-1.349000,-0.168625
WeightedEnsemble,ENSEMBLE,alignment,FULLY_ALIGNED,2025-05,7,-2.802300,-0.400329
WeightedEnsemble,ENSEMBLE,alignment,FULLY_ALIGNED,2025-06,3,-1.707300,-0.569100
WeightedEnsemble,ENSEMBLE,alignment,FULLY_ALIGNED,2025-07,6,2.780800,0.463467
WeightedEnsemble,ENSEMBLE,alignment,FULLY_ALIGNED,2025-08,5,4.000000,0.800000
WeightedEnsemble,ENSEMBLE,alignment,FULLY_ALIGNED,2025-09,2,1.000000,0.500000
WeightedEnsemble,ENSEMBLE,alignment,FULLY_ALIGNED,2025-10,4,-1.806300,-0.451575
WeightedEnsemble,ENSEMBLE,alignment,FULLY_ALIGNED,2025-11,2,-2.000000,-1.000000
WeightedEnsemble,ENSEMBLE,alignment,FULLY_ALIGNED,2025-12,7,-1.000000,-0.142857
WeightedEnsemble,ENSEMBLE,alignment,FULLY_ALIGNED,2026-01,4,-0.076900,-0.019225
WeightedEnsemble,ENSEMBLE,alignment,FULLY_ALIGNED,2026-02,4,-0.029200,-0.007300
WeightedEnsemble,ENSEMBLE,alignment,FULLY_ALIGNED,2026-03,13,-3.014300,-0.231869
WeightedEnsemble,ENSEMBLE,alignment,FULLY_ALIGNED,2026-04,2,-1.627300,-0.813650
WeightedEnsemble,ENSEMBLE,alignment,FULLY_ALIGNED,2026-05,2,-0.685900,-0.342950
WeightedEnsemble,ENSEMBLE,alignment,FULLY_ALIGNED,2026-06,2,-0.780100,-0.390050
WeightedEnsemble,ENSEMBLE,alignment,FULLY_ALIGNED,2026-07,2,1.000000,0.500000
WeightedEnsemble,ENSEMBLE,alignment,OPPOSED,2025-03,14,8.438100,0.602721
WeightedEnsemble,ENSEMBLE,alignment,OPPOSED,2025-04,8,4.277800,0.534725
WeightedEnsemble,ENSEMBLE,alignment,OPPOSED,2025-05,14,0.920400,0.065743
WeightedEnsemble,ENSEMBLE,alignment,OPPOSED,2025-06,4,-1.456700,-0.364175
WeightedEnsemble,ENSEMBLE,alignment,OPPOSED,2025-07,10,0.499500,0.049950
WeightedEnsemble,ENSEMBLE,alignment,OPPOSED,2025-08,12,0.059200,0.004933
WeightedEnsemble,ENSEMBLE,alignment,OPPOSED,2025-09,3,3.585700,1.195233
WeightedEnsemble,ENSEMBLE,alignment,OPPOSED,2025-10,1,-0.230200,-0.230200
WeightedEnsemble,ENSEMBLE,alignment,OPPOSED,2025-11,7,-5.209200,-0.744171
WeightedEnsemble,ENSEMBLE,alignment,OPPOSED,2025-12,16,5.602000,0.350125
WeightedEnsemble,ENSEMBLE,alignment,OPPOSED,2026-01,4,5.000000,1.250000
WeightedEnsemble,ENSEMBLE,alignment,OPPOSED,2026-02,5,2.493000,0.498600
WeightedEnsemble,ENSEMBLE,alignment,OPPOSED,2026-03,3,4.030700,1.343567
WeightedEnsemble,ENSEMBLE,alignment,OPPOSED,2026-04,9,4.604000,0.511556
WeightedEnsemble,ENSEMBLE,alignment,OPPOSED,2026-05,16,-2.832000,-0.177000
WeightedEnsemble,ENSEMBLE,alignment,OPPOSED,2026-06,8,1.026000,0.128250
WeightedEnsemble,ENSEMBLE,alignment,OPPOSED,2026-07,8,-1.780700,-0.222587
WeightedEnsemble,ENSEMBLE,alignment,PARTIALLY_ALIGNED,2025-03,2,-2.000000,-1.000000
WeightedEnsemble,ENSEMBLE,alignment,PARTIALLY_ALIGNED,2025-05,3,-1.919500,-0.639833
WeightedEnsemble,ENSEMBLE,alignment,PARTIALLY_ALIGNED,2025-06,5,-1.078200,-0.215640
WeightedEnsemble,ENSEMBLE,alignment,PARTIALLY_ALIGNED,2025-07,5,-4.026000,-0.805200
WeightedEnsemble,ENSEMBLE,alignment,PARTIALLY_ALIGNED,2025-08,2,1.000000,0.500000
WeightedEnsemble,ENSEMBLE,alignment,PARTIALLY_ALIGNED,2025-10,6,1.578500,0.263083
WeightedEnsemble,ENSEMBLE,alignment,PARTIALLY_ALIGNED,2025-11,4,2.000000,0.500000
WeightedEnsemble,ENSEMBLE,alignment,PARTIALLY_ALIGNED,2025-12,2,-1.288200,-0.644100
WeightedEnsemble,ENSEMBLE,alignment,PARTIALLY_ALIGNED,2026-01,1,2.000000,2.000000
WeightedEnsemble,ENSEMBLE,alignment,PARTIALLY_ALIGNED,2026-02,1,2.000000,2.000000
WeightedEnsemble,ENSEMBLE,alignment,PARTIALLY_ALIGNED,2026-03,2,-2.000000,-1.000000
WeightedEnsemble,ENSEMBLE,alignment,PARTIALLY_ALIGNED,2026-04,3,-1.997500,-0.665833
WeightedEnsemble,ENSEMBLE,alignment,PARTIALLY_ALIGNED,2026-05,5,4.548500,0.909700
WeightedEnsemble,ENSEMBLE,alignment,PARTIALLY_ALIGNED,2026-06,3,-2.163200,-0.721067
WeightedEnsemble,ENSEMBLE,alignment,PARTIALLY_ALIGNED,2026-07,1,0.703800,0.703800
WeightedEnsemble,ENSEMBLE,direction,BEARISH,2025-03,9,1.438100,0.159789
WeightedEnsemble,ENSEMBLE,direction,BEARISH,2025-04,9,2.193400,0.243711
WeightedEnsemble,ENSEMBLE,direction,BEARISH,2025-05,7,0.617900,0.088271
WeightedEnsemble,ENSEMBLE,direction,BEARISH,2025-06,4,-2.233800,-0.558450
WeightedEnsemble,ENSEMBLE,direction,BEARISH,2025-07,10,-5.018900,-0.501890
WeightedEnsemble,ENSEMBLE,direction,BEARISH,2025-08,14,6.210300,0.443593
WeightedEnsemble,ENSEMBLE,direction,BEARISH,2025-09,2,1.000000,0.500000
WeightedEnsemble,ENSEMBLE,direction,BEARISH,2025-10,1,-0.651800,-0.651800
WeightedEnsemble,ENSEMBLE,direction,BEARISH,2025-11,7,-6.051000,-0.864429
WeightedEnsemble,ENSEMBLE,direction,BEARISH,2025-12,13,0.967300,0.074408
WeightedEnsemble,ENSEMBLE,direction,BEARISH,2026-01,4,5.360600,1.340150
WeightedEnsemble,ENSEMBLE,direction,BEARISH,2026-02,9,4.122700,0.458078
WeightedEnsemble,ENSEMBLE,direction,BEARISH,2026-03,3,6.000000,2.000000
WeightedEnsemble,ENSEMBLE,direction,BEARISH,2026-04,8,-1.627300,-0.203412
WeightedEnsemble,ENSEMBLE,direction,BEARISH,2026-05,12,-0.706800,-0.058900
WeightedEnsemble,ENSEMBLE,direction,BEARISH,2026-06,11,-2.917300,-0.265209
WeightedEnsemble,ENSEMBLE,direction,BEARISH,2026-07,5,0.724800,0.144960
WeightedEnsemble,ENSEMBLE,direction,BULLISH,2025-03,8,7.000000,0.875000
WeightedEnsemble,ENSEMBLE,direction,BULLISH,2025-04,7,0.735400,0.105057
WeightedEnsemble,ENSEMBLE,direction,BULLISH,2025-05,17,-4.419300,-0.259959
WeightedEnsemble,ENSEMBLE,direction,BULLISH,2025-06,8,-2.008400,-0.251050
WeightedEnsemble,ENSEMBLE,direction,BULLISH,2025-07,11,4.273200,0.388473
WeightedEnsemble,ENSEMBLE,direction,BULLISH,2025-08,5,-1.151100,-0.230220
WeightedEnsemble,ENSEMBLE,direction,BULLISH,2025-09,3,3.585700,1.195233
WeightedEnsemble,ENSEMBLE,direction,BULLISH,2025-10,10,0.193800,0.019380
WeightedEnsemble,ENSEMBLE,direction,BULLISH,2025-11,6,0.841800,0.140300
WeightedEnsemble,ENSEMBLE,direction,BULLISH,2025-12,12,2.346500,0.195542
WeightedEnsemble,ENSEMBLE,direction,BULLISH,2026-01,5,1.562500,0.312500
WeightedEnsemble,ENSEMBLE,direction,BULLISH,2026-02,1,0.341100,0.341100
WeightedEnsemble,ENSEMBLE,direction,BULLISH,2026-03,15,-6.983600,-0.465573
WeightedEnsemble,ENSEMBLE,direction,BULLISH,2026-04,6,2.606500,0.434417
WeightedEnsemble,ENSEMBLE,direction,BULLISH,2026-05,11,1.737400,0.157945
WeightedEnsemble,ENSEMBLE,direction,BULLISH,2026-06,2,1.000000,0.500000
WeightedEnsemble,ENSEMBLE,direction,BULLISH,2026-07,6,-0.801700,-0.133617
WeightedEnsemble,ENSEMBLE,market_phase,BREAKOUT,2025-03,1,2.000000,2.000000
WeightedEnsemble,ENSEMBLE,market_phase,BREAKOUT,2025-04,3,0.920300,0.306767
WeightedEnsemble,ENSEMBLE,market_phase,BREAKOUT,2025-05,3,0.249300,0.083100
WeightedEnsemble,ENSEMBLE,market_phase,BREAKOUT,2025-06,1,-0.322000,-0.322000
WeightedEnsemble,ENSEMBLE,market_phase,BREAKOUT,2025-07,6,-0.593700,-0.098950
WeightedEnsemble,ENSEMBLE,market_phase,BREAKOUT,2025-08,3,3.000000,1.000000
WeightedEnsemble,ENSEMBLE,market_phase,BREAKOUT,2025-10,3,-2.039200,-0.679733
WeightedEnsemble,ENSEMBLE,market_phase,BREAKOUT,2025-11,3,-3.000000,-1.000000
WeightedEnsemble,ENSEMBLE,market_phase,BREAKOUT,2025-12,7,-3.288200,-0.469743
WeightedEnsemble,ENSEMBLE,market_phase,BREAKOUT,2026-02,2,1.000000,0.500000
WeightedEnsemble,ENSEMBLE,market_phase,BREAKOUT,2026-03,2,-2.000000,-1.000000
WeightedEnsemble,ENSEMBLE,market_phase,BREAKOUT,2026-05,1,-0.451500,-0.451500
WeightedEnsemble,ENSEMBLE,market_phase,BREAKOUT,2026-06,2,-0.780100,-0.390050
WeightedEnsemble,ENSEMBLE,market_phase,BREAKOUT,2026-07,3,1.703800,0.567933
WeightedEnsemble,ENSEMBLE,market_phase,COMPRESSION,2025-03,1,-1.000000,-1.000000
WeightedEnsemble,ENSEMBLE,market_phase,COMPRESSION,2025-07,1,2.000000,2.000000
WeightedEnsemble,ENSEMBLE,market_phase,COMPRESSION,2025-08,1,-1.000000,-1.000000
WeightedEnsemble,ENSEMBLE,market_phase,COMPRESSION,2025-10,1,2.000000,2.000000
WeightedEnsemble,ENSEMBLE,market_phase,COMPRESSION,2025-11,1,2.000000,2.000000
WeightedEnsemble,ENSEMBLE,market_phase,COMPRESSION,2025-12,1,-0.224800,-0.224800
WeightedEnsemble,ENSEMBLE,market_phase,COMPRESSION,2026-02,2,1.000000,0.500000
WeightedEnsemble,ENSEMBLE,market_phase,COMPRESSION,2026-03,1,-1.000000,-1.000000
WeightedEnsemble,ENSEMBLE,market_phase,COMPRESSION,2026-05,1,-0.811100,-0.811100
WeightedEnsemble,ENSEMBLE,market_phase,COMPRESSION,2026-06,3,-0.396700,-0.132233
WeightedEnsemble,ENSEMBLE,market_phase,COMPRESSION,2026-07,1,-0.030700,-0.030700
WeightedEnsemble,ENSEMBLE,market_phase,PULLBACK,2025-03,4,5.000000,1.250000
WeightedEnsemble,ENSEMBLE,market_phase,PULLBACK,2025-04,4,2.000000,0.500000
WeightedEnsemble,ENSEMBLE,market_phase,PULLBACK,2025-05,6,0.786700,0.131117
WeightedEnsemble,ENSEMBLE,market_phase,PULLBACK,2025-06,1,-0.770300,-0.770300
WeightedEnsemble,ENSEMBLE,market_phase,PULLBACK,2025-07,5,1.824500,0.364900
WeightedEnsemble,ENSEMBLE,market_phase,PULLBACK,2025-08,6,2.204300,0.367383
WeightedEnsemble,ENSEMBLE,market_phase,PULLBACK,2025-09,2,1.585700,0.792850
WeightedEnsemble,ENSEMBLE,market_phase,PULLBACK,2025-10,1,-0.230200,-0.230200
WeightedEnsemble,ENSEMBLE,market_phase,PULLBACK,2025-11,3,-2.051000,-0.683667
WeightedEnsemble,ENSEMBLE,market_phase,PULLBACK,2025-12,7,2.911100,0.415871
WeightedEnsemble,ENSEMBLE,market_phase,PULLBACK,2026-01,1,2.000000,2.000000
WeightedEnsemble,ENSEMBLE,market_phase,PULLBACK,2026-02,2,4.000000,2.000000
WeightedEnsemble,ENSEMBLE,market_phase,PULLBACK,2026-03,2,2.030700,1.015350
WeightedEnsemble,ENSEMBLE,market_phase,PULLBACK,2026-04,4,2.000000,0.500000
WeightedEnsemble,ENSEMBLE,market_phase,PULLBACK,2026-05,8,-1.099200,-0.137400
WeightedEnsemble,ENSEMBLE,market_phase,PULLBACK,2026-06,2,1.000000,0.500000
WeightedEnsemble,ENSEMBLE,market_phase,PULLBACK,2026-07,3,-1.964600,-0.654867
WeightedEnsemble,ENSEMBLE,market_phase,TRANSITION,2025-05,1,-1.000000,-1.000000
WeightedEnsemble,ENSEMBLE,market_phase,TREND_CONTINUATION,2025-04,4,-1.269300,-0.317325
WeightedEnsemble,ENSEMBLE,market_phase,TREND_CONTINUATION,2025-05,5,-3.802300,-0.760460
WeightedEnsemble,ENSEMBLE,market_phase,TREND_CONTINUATION,2025-06,2,-1.385300,-0.692650
WeightedEnsemble,ENSEMBLE,market_phase,TREND_CONTINUATION,2025-07,3,0.856100,0.285367
WeightedEnsemble,ENSEMBLE,market_phase,TREND_CONTINUATION,2025-08,1,2.000000,2.000000
WeightedEnsemble,ENSEMBLE,market_phase,TREND_CONTINUATION,2025-09,1,-1.000000,-1.000000
WeightedEnsemble,ENSEMBLE,market_phase,TREND_CONTINUATION,2025-10,2,-0.767100,-0.383550
WeightedEnsemble,ENSEMBLE,market_phase,TREND_CONTINUATION,2025-12,1,2.000000,2.000000
WeightedEnsemble,ENSEMBLE,market_phase,TREND_CONTINUATION,2026-01,3,0.360600,0.120200
WeightedEnsemble,ENSEMBLE,market_phase,TREND_CONTINUATION,2026-03,10,-3.014300,-0.301430
WeightedEnsemble,ENSEMBLE,market_phase,TREND_CONTINUATION,2026-04,2,-1.627300,-0.813650
WeightedEnsemble,ENSEMBLE,market_phase,TREND_CONTINUATION,2026-05,2,-0.685900,-0.342950
WeightedEnsemble,ENSEMBLE,market_phase,UNCLASSIFIED,2025-03,11,2.438100,0.221645
WeightedEnsemble,ENSEMBLE,market_phase,UNCLASSIFIED,2025-04,5,1.277800,0.255560
WeightedEnsemble,ENSEMBLE,market_phase,UNCLASSIFIED,2025-05,9,-0.035100,-0.003900
WeightedEnsemble,ENSEMBLE,market_phase,UNCLASSIFIED,2025-06,8,-1.764600,-0.220575
WeightedEnsemble,ENSEMBLE,market_phase,UNCLASSIFIED,2025-07,6,-4.832600,-0.805433
WeightedEnsemble,ENSEMBLE,market_phase,UNCLASSIFIED,2025-08,8,-1.145100,-0.143138
WeightedEnsemble,ENSEMBLE,market_phase,UNCLASSIFIED,2025-09,2,4.000000,2.000000
WeightedEnsemble,ENSEMBLE,market_phase,UNCLASSIFIED,2025-10,4,0.578500,0.144625
WeightedEnsemble,ENSEMBLE,market_phase,UNCLASSIFIED,2025-11,6,-2.158200,-0.359700
WeightedEnsemble,ENSEMBLE,market_phase,UNCLASSIFIED,2025-12,9,1.915700,0.212856
WeightedEnsemble,ENSEMBLE,market_phase,UNCLASSIFIED,2026-01,5,4.562500,0.912500
WeightedEnsemble,ENSEMBLE,market_phase,UNCLASSIFIED,2026-02,4,-1.536200,-0.384050
WeightedEnsemble,ENSEMBLE,market_phase,UNCLASSIFIED,2026-03,3,3.000000,1.000000
WeightedEnsemble,ENSEMBLE,market_phase,UNCLASSIFIED,2026-04,8,0.606500,0.075812
WeightedEnsemble,ENSEMBLE,market_phase,UNCLASSIFIED,2026-05,11,4.078300,0.370755
WeightedEnsemble,ENSEMBLE,market_phase,UNCLASSIFIED,2026-06,6,-1.740500,-0.290083
WeightedEnsemble,ENSEMBLE,market_phase,UNCLASSIFIED,2026-07,4,0.214600,0.053650
WeightedEnsemble,ENSEMBLE,trend_strength,NORMAL,2025-03,3,0.000000,0.000000
WeightedEnsemble,ENSEMBLE,trend_strength,NORMAL,2025-04,5,0.110100,0.022020
WeightedEnsemble,ENSEMBLE,trend_strength,NORMAL,2025-05,4,-0.205200,-0.051300
WeightedEnsemble,ENSEMBLE,trend_strength,NORMAL,2025-06,1,0.529700,0.529700
WeightedEnsemble,ENSEMBLE,trend_strength,NORMAL,2025-07,5,-0.075300,-0.015060
WeightedEnsemble,ENSEMBLE,trend_strength,NORMAL,2025-08,4,8.000000,2.000000
WeightedEnsemble,ENSEMBLE,trend_strength,NORMAL,2025-10,3,-1.154500,-0.384833
WeightedEnsemble,ENSEMBLE,trend_strength,NORMAL,2025-11,1,-1.000000,-1.000000
WeightedEnsemble,ENSEMBLE,trend_strength,NORMAL,2025-12,7,6.237800,0.891114
WeightedEnsemble,ENSEMBLE,trend_strength,NORMAL,2026-01,3,6.000000,2.000000
WeightedEnsemble,ENSEMBLE,trend_strength,NORMAL,2026-02,1,-0.307800,-0.307800
WeightedEnsemble,ENSEMBLE,trend_strength,NORMAL,2026-03,6,0.000000,0.000000
WeightedEnsemble,ENSEMBLE,trend_strength,NORMAL,2026-04,2,-2.000000,-1.000000
WeightedEnsemble,ENSEMBLE,trend_strength,NORMAL,2026-05,7,2.188900,0.312700
WeightedEnsemble,ENSEMBLE,trend_strength,NORMAL,2026-06,6,2.362900,0.393817
WeightedEnsemble,ENSEMBLE,trend_strength,NORMAL,2026-07,2,1.000000,0.500000
WeightedEnsemble,ENSEMBLE,trend_strength,STRONG,2025-03,1,-1.000000,-1.000000
WeightedEnsemble,ENSEMBLE,trend_strength,STRONG,2025-05,2,1.786700,0.893350
WeightedEnsemble,ENSEMBLE,trend_strength,STRONG,2025-06,1,-0.322000,-0.322000
WeightedEnsemble,ENSEMBLE,trend_strength,STRONG,2025-07,2,-1.143900,-0.571950
WeightedEnsemble,ENSEMBLE,trend_strength,STRONG,2025-08,1,2.000000,2.000000
WeightedEnsemble,ENSEMBLE,trend_strength,STRONG,2025-12,1,-0.623500,-0.623500
WeightedEnsemble,ENSEMBLE,trend_strength,STRONG,2026-05,1,-1.000000,-1.000000
WeightedEnsemble,ENSEMBLE,trend_strength,STRONG,2026-07,2,-0.964600,-0.482300
WeightedEnsemble,ENSEMBLE,trend_strength,WEAK,2025-03,13,9.438100,0.726008
WeightedEnsemble,ENSEMBLE,trend_strength,WEAK,2025-04,11,2.818700,0.256245
WeightedEnsemble,ENSEMBLE,trend_strength,WEAK,2025-05,18,-5.382900,-0.299050
WeightedEnsemble,ENSEMBLE,trend_strength,WEAK,2025-06,10,-4.449900,-0.444990
WeightedEnsemble,ENSEMBLE,trend_strength,WEAK,2025-07,14,0.473500,0.033821
WeightedEnsemble,ENSEMBLE,trend_strength,WEAK,2025-08,14,-4.940800,-0.352914
WeightedEnsemble,ENSEMBLE,trend_strength,WEAK,2025-09,5,4.585700,0.917140
WeightedEnsemble,ENSEMBLE,trend_strength,WEAK,2025-10,8,0.696500,0.087063
WeightedEnsemble,ENSEMBLE,trend_strength,WEAK,2025-11,12,-4.209200,-0.350767
WeightedEnsemble,ENSEMBLE,trend_strength,WEAK,2025-12,17,-2.300500,-0.135324
WeightedEnsemble,ENSEMBLE,trend_strength,WEAK,2026-01,6,0.923100,0.153850
WeightedEnsemble,ENSEMBLE,trend_strength,WEAK,2026-02,9,4.771600,0.530178
WeightedEnsemble,ENSEMBLE,trend_strength,WEAK,2026-03,12,-0.983600,-0.081967
WeightedEnsemble,ENSEMBLE,trend_strength,WEAK,2026-04,12,2.979200,0.248267
WeightedEnsemble,ENSEMBLE,trend_strength,WEAK,2026-05,15,-0.158300,-0.010553
WeightedEnsemble,ENSEMBLE,trend_strength,WEAK,2026-06,7,-4.280200,-0.611457
WeightedEnsemble,ENSEMBLE,trend_strength,WEAK,2026-07,7,-0.112300,-0.016043
WeightedEnsemble,ENSEMBLE,volatility,CONTRACTING,2025-03,2,-2.000000,-1.000000
WeightedEnsemble,ENSEMBLE,volatility,CONTRACTING,2025-04,2,-1.805500,-0.902750
WeightedEnsemble,ENSEMBLE,volatility,CONTRACTING,2025-05,4,0.827800,0.206950
WeightedEnsemble,ENSEMBLE,volatility,CONTRACTING,2025-06,1,-1.000000,-1.000000
WeightedEnsemble,ENSEMBLE,volatility,CONTRACTING,2025-08,6,-4.062000,-0.677000
WeightedEnsemble,ENSEMBLE,volatility,CONTRACTING,2025-09,1,2.000000,2.000000
WeightedEnsemble,ENSEMBLE,volatility,CONTRACTING,2025-10,1,2.000000,2.000000
WeightedEnsemble,ENSEMBLE,volatility,CONTRACTING,2025-11,1,-1.000000,-1.000000
WeightedEnsemble,ENSEMBLE,volatility,CONTRACTING,2025-12,5,-3.933300,-0.786660
WeightedEnsemble,ENSEMBLE,volatility,CONTRACTING,2026-01,1,-0.437500,-0.437500
WeightedEnsemble,ENSEMBLE,volatility,CONTRACTING,2026-02,4,-0.029200,-0.007300
WeightedEnsemble,ENSEMBLE,volatility,CONTRACTING,2026-03,3,0.000000,0.000000
WeightedEnsemble,ENSEMBLE,volatility,CONTRACTING,2026-04,1,2.000000,2.000000
WeightedEnsemble,ENSEMBLE,volatility,CONTRACTING,2026-05,3,-2.921700,-0.973900
WeightedEnsemble,ENSEMBLE,volatility,CONTRACTING,2026-06,2,-1.038700,-0.519350
WeightedEnsemble,ENSEMBLE,volatility,CONTRACTING,2026-07,1,0.035400,0.035400
WeightedEnsemble,ENSEMBLE,volatility,EXPANDING,2025-03,11,5.438100,0.494373
WeightedEnsemble,ENSEMBLE,volatility,EXPANDING,2025-04,11,4.375600,0.397782
WeightedEnsemble,ENSEMBLE,volatility,EXPANDING,2025-05,14,0.576000,0.041143
WeightedEnsemble,ENSEMBLE,volatility,EXPANDING,2025-06,4,-0.149900,-0.037475
WeightedEnsemble,ENSEMBLE,volatility,EXPANDING,2025-07,13,-1.745700,-0.134285
WeightedEnsemble,ENSEMBLE,volatility,EXPANDING,2025-08,5,5.886500,1.177300
WeightedEnsemble,ENSEMBLE,volatility,EXPANDING,2025-09,3,0.585700,0.195233
WeightedEnsemble,ENSEMBLE,volatility,EXPANDING,2025-10,3,-2.230200,-0.743400
WeightedEnsemble,ENSEMBLE,volatility,EXPANDING,2025-11,6,-2.051000,-0.341833
WeightedEnsemble,ENSEMBLE,volatility,EXPANDING,2025-12,12,8.233900,0.686158
WeightedEnsemble,ENSEMBLE,volatility,EXPANDING,2026-01,5,4.000000,0.800000
WeightedEnsemble,ENSEMBLE,volatility,EXPANDING,2026-02,3,1.493000,0.497667
WeightedEnsemble,ENSEMBLE,volatility,EXPANDING,2026-03,7,2.000000,0.285714
WeightedEnsemble,ENSEMBLE,volatility,EXPANDING,2026-04,6,0.496100,0.082683
WeightedEnsemble,ENSEMBLE,volatility,EXPANDING,2026-05,10,0.314100,0.031410
WeightedEnsemble,ENSEMBLE,volatility,EXPANDING,2026-06,6,-1.481900,-0.246983
WeightedEnsemble,ENSEMBLE,volatility,EXPANDING,2026-07,7,1.423900,0.203414
WeightedEnsemble,ENSEMBLE,volatility,NORMAL,2025-03,4,5.000000,1.250000
WeightedEnsemble,ENSEMBLE,volatility,NORMAL,2025-04,3,0.358700,0.119567
WeightedEnsemble,ENSEMBLE,volatility,NORMAL,2025-05,6,-5.205200,-0.867533
WeightedEnsemble,ENSEMBLE,volatility,NORMAL,2025-06,7,-3.092300,-0.441757
WeightedEnsemble,ENSEMBLE,volatility,NORMAL,2025-07,8,1.000000,0.125000
WeightedEnsemble,ENSEMBLE,volatility,NORMAL,2025-08,8,3.234700,0.404338
WeightedEnsemble,ENSEMBLE,volatility,NORMAL,2025-09,1,2.000000,2.000000
WeightedEnsemble,ENSEMBLE,volatility,NORMAL,2025-10,7,-0.227800,-0.032543
WeightedEnsemble,ENSEMBLE,volatility,NORMAL,2025-11,6,-2.158200,-0.359700
WeightedEnsemble,ENSEMBLE,volatility,NORMAL,2025-12,8,-0.986800,-0.123350
WeightedEnsemble,ENSEMBLE,volatility,NORMAL,2026-01,3,3.360600,1.120200
WeightedEnsemble,ENSEMBLE,volatility,NORMAL,2026-02,3,3.000000,1.000000
WeightedEnsemble,ENSEMBLE,volatility,NORMAL,2026-03,8,-2.983600,-0.372950
WeightedEnsemble,ENSEMBLE,volatility,NORMAL,2026-04,7,-1.516900,-0.216700
WeightedEnsemble,ENSEMBLE,volatility,NORMAL,2026-05,10,3.638200,0.363820
WeightedEnsemble,ENSEMBLE,volatility,NORMAL,2026-06,5,0.603300,0.120660
WeightedEnsemble,ENSEMBLE,volatility,NORMAL,2026-07,3,-1.536200,-0.512067
