strategy,family,window,regime_dimension,regime_value,sample_label,trades,wins,losses,win_rate,cumulative_r,expectancy_r,profit_factor_r,max_drawdown_r,average_mfe_r,average_mae_r,median_r,long_trades,long_expectancy_r,short_trades,short_expectancy_r,first_entry_time,last_exit_time
FastBreakout,BREAKOUT,Development,alignment,FULLY_ALIGNED,EXPLORATORY,46,12,34,0.260870,-1.884100,-0.040959,0.924055,8.806300,1.012459,-0.805263,-0.624300,23,0.283552,23,-0.365470,2025.03.27 17:30:00,2025.12.18 18:14:58
FastBreakout,BREAKOUT,Development,alignment,OPPOSED,MODERATE_SAMPLE,91,34,57,0.373626,14.827500,0.162940,1.345521,9.411400,1.057231,-0.721137,-0.396900,49,0.353092,42,-0.058905,2025.03.05 15:45:00,2025.12.31 07:54:58
FastBreakout,BREAKOUT,Development,alignment,PARTIALLY_ALIGNED,EXPLORATORY,25,7,18,0.280000,-1.733400,-0.069336,0.878884,5.445200,1.242812,-0.832984,-0.750700,11,-0.480536,14,0.253750,2025.03.11 08:55:00,2025.12.10 05:20:00
FastBreakout,BREAKOUT,Development,direction,BEARISH,MODERATE_SAMPLE,76,23,53,0.302632,-1.261400,-0.016597,0.968812,11.176800,0.974545,-0.805889,-0.632400,29,0.107586,47,-0.093221,2025.03.05 15:45:00,2025.12.31 07:54:58
FastBreakout,BREAKOUT,Development,direction,BULLISH,MODERATE_SAMPLE,86,30,56,0.348837,12.471400,0.145016,1.299868,7.597700,1.160302,-0.723751,-0.405600,54,0.285506,32,-0.092059,2025.03.11 06:25:00,2025.12.29 21:00:00
FastBreakout,BREAKOUT,Development,market_phase,BREAKOUT,EXPLORATORY,29,8,21,0.275862,-2.073500,-0.071500,0.878016,10.327400,1.000807,-0.915586,-1.000000,17,0.148506,12,-0.383175,2025.03.27 17:30:00,2025.12.11 17:24:57
FastBreakout,BREAKOUT,Development,market_phase,COMPRESSION,INSUFFICIENT,6,3,3,0.500000,3.775200,0.629200,2.696872,1.000000,2.180733,-0.639350,0.887600,4,-0.056200,2,2.000000,2025.03.11 08:55:00,2025.12.30 03:05:00
FastBreakout,BREAKOUT,Development,market_phase,PULLBACK,EXPLORATORY,41,16,25,0.390244,11.527900,0.281168,1.621970,4.892000,1.157339,-0.794424,-0.230200,22,0.274495,19,0.288895,2025.03.05 19:00:00,2025.12.30 12:34:58
FastBreakout,BREAKOUT,Development,market_phase,TRANSITION,INSUFFICIENT,1,0,1,0.000000,-1.000000,-1.000000,0.000000,1.000000,0.163300,-1.387800,-1.000000,1,-1.000000,0,0.000000,2025.05.30 03:00:00,2025.05.30 03:14:58
FastBreakout,BREAKOUT,Development,market_phase,TREND_CONTINUATION,EXPLORATORY,20,3,17,0.150000,-4.367900,-0.218395,0.578709,7.600800,0.825245,-0.710435,-0.559200,7,0.136886,13,-0.409700,2025.04.22 19:40:00,2025.12.18 18:14:58
FastBreakout,BREAKOUT,Development,market_phase,UNCLASSIFIED,MODERATE_SAMPLE,65,23,42,0.353846,3.348300,0.051512,1.101745,7.884100,1.040377,-0.691295,-0.507600,32,0.320012,33,-0.208852,2025.03.05 15:45:00,2025.12.31 07:54:58
FastBreakout,BREAKOUT,Development,trend_strength,NORMAL,EXPLORATORY,33,14,19,0.424242,12.442600,0.377048,1.956255,3.916700,1.177097,-0.667406,-0.115300,17,0.789894,16,-0.061600,2025.03.05 15:45:00,2025.12.31 07:54:58
FastBreakout,BREAKOUT,Development,trend_strength,STRONG,INSUFFICIENT,8,2,6,0.250000,0.697300,0.087162,1.211130,1.679200,0.783587,-0.593437,-0.267650,5,0.335600,3,-0.326900,2025.03.27 13:45:00,2025.12.29 18:40:00
FastBreakout,BREAKOUT,Development,trend_strength,WEAK,STRONGER_DESCRIPTIVE_SAMPLE,121,37,84,0.305785,-1.929900,-0.015950,0.970634,18.333200,1.063955,-0.799325,-0.651800,61,0.056248,60,-0.089350,2025.03.05 17:05:00,2025.12.30 12:34:58
FastBreakout,BREAKOUT,Development,volatility,CONTRACTING,EXPLORATORY,23,5,18,0.217391,-8.973000,-0.390130,0.403510,8.973000,0.894648,-0.853817,-1.000000,11,-0.382673,12,-0.396967,2025.03.11 08:55:00,2025.12.30 03:05:00
FastBreakout,BREAKOUT,Development,volatility,EXPANDING,MODERATE_SAMPLE,83,30,53,0.361446,18.259900,0.219999,1.503398,7.043400,1.111064,-0.708482,-0.288200,42,0.372624,41,0.063651,2025.03.05 15:45:00,2025.12.31 07:54:58
FastBreakout,BREAKOUT,Development,volatility,NORMAL,MODERATE_SAMPLE,56,18,38,0.321429,1.923100,0.034341,1.062605,9.297500,1.090289,-0.804436,-0.646550,30,0.236550,26,-0.198977,2025.03.11 06:25:00,2025.12.30 03:44:58
FastBreakout,BREAKOUT,Final holdout,alignment,FULLY_ALIGNED,INSUFFICIENT,6,3,3,0.500000,-0.466000,-0.077667,0.844667,2.780100,0.852517,-0.885783,-0.390050,3,-0.561967,3,0.406633,2026.05.12 19:00:00,2026.07.16 05:44:57
FastBreakout,BREAKOUT,Final holdout,alignment,OPPOSED,EXPLORATORY,32,9,23,0.281250,-3.586700,-0.112084,0.808062,5.487500,1.030278,-1.029519,-0.960850,16,-0.219094,16,-0.005075,2026.05.13 21:45:00,2026.07.21 04:39:58
FastBreakout,BREAKOUT,Final holdout,alignment,PARTIALLY_ALIGNED,INSUFFICIENT,9,4,5,0.444444,3.089100,0.343233,1.854594,3.163200,1.121667,-1.005889,-0.451500,6,-0.485150,3,2.000000,2026.05.13 19:30:00,2026.07.10 07:25:00
FastBreakout,BREAKOUT,Final holdout,direction,BEARISH,EXPLORATORY,28,9,19,0.321429,-2.899300,-0.103546,0.800508,8.118900,0.901064,-1.125943,-0.581600,11,-0.531736,17,0.173518,2026.05.12 19:00:00,2026.07.21 04:10:00
FastBreakout,BREAKOUT,Final holdout,direction,BULLISH,INSUFFICIENT,19,7,12,0.368421,1.935700,0.101879,1.179762,3.000000,1.207853,-0.830837,-0.811100,14,-0.160943,5,0.837780,2026.05.13 19:30:00,2026.07.21 04:39:58
FastBreakout,BREAKOUT,Final holdout,market_phase,BREAKOUT,INSUFFICIENT,6,3,3,0.500000,0.472200,0.078700,1.192617,1.527800,0.992300,-0.804967,-0.115800,3,-0.249233,3,0.406633,2026.05.14 15:10:00,2026.07.16 05:44:57
FastBreakout,BREAKOUT,Final holdout,market_phase,COMPRESSION,INSUFFICIENT,5,1,4,0.200000,-1.238500,-0.247700,0.462270,2.272500,0.869780,-0.732000,-0.461400,2,-0.730700,3,0.074300,2026.05.22 19:35:00,2026.07.21 04:10:00
FastBreakout,BREAKOUT,Final holdout,market_phase,PULLBACK,INSUFFICIENT,13,4,9,0.307692,-2.063800,-0.158754,0.745185,3.964600,1.091300,-0.951738,-1.000000,7,-0.142857,6,-0.177300,2026.05.14 10:55:00,2026.07.21 04:39:58
FastBreakout,BREAKOUT,Final holdout,market_phase,TREND_CONTINUATION,INSUFFICIENT,2,1,1,0.500000,-0.685900,-0.342950,0.314100,1.000000,0.363150,-0.539850,-0.342950,2,-0.342950,0,0.000000,2026.05.12 19:00:00,2026.05.22 21:04:58
FastBreakout,BREAKOUT,Final holdout,market_phase,UNCLASSIFIED,EXPLORATORY,21,7,14,0.333333,2.552400,0.121543,1.222964,4.662200,1.093481,-1.208105,-0.701800,11,-0.382482,10,0.675970,2026.05.13 19:30:00,2026.07.16 04:20:00
FastBreakout,BREAKOUT,Final holdout,trend_strength,NORMAL,INSUFFICIENT,15,7,8,0.466667,5.551800,0.370120,1.738969,1.811100,1.372760,-0.740927,-0.701800,6,0.049700,9,0.583733,2026.05.13 19:30:00,2026.07.21 04:39:58
FastBreakout,BREAKOUT,Final holdout,trend_strength,STRONG,INSUFFICIENT,3,1,2,0.333333,-1.964600,-0.654867,0.017700,2.000000,0.517633,-1.047533,-1.000000,2,-1.000000,1,0.035400,2026.05.25 01:05:00,2026.07.15 20:35:00
FastBreakout,BREAKOUT,Final holdout,trend_strength,WEAK,EXPLORATORY,29,8,21,0.275862,-4.550800,-0.156924,0.711767,9.314200,0.897748,-1.139855,-0.505500,17,-0.376500,12,0.154142,2026.05.12 19:00:00,2026.07.21 04:10:00
FastBreakout,BREAKOUT,Final holdout,volatility,CONTRACTING,INSUFFICIENT,6,1,5,0.166667,-3.925000,-0.654167,0.008938,3.960400,0.675833,-1.629150,-0.960850,1,-1.000000,5,-0.585000,2026.05.22 22:20:00,2026.07.15 20:35:00
FastBreakout,BREAKOUT,Final holdout,volatility,EXPANDING,EXPLORATORY,23,9,14,0.391304,0.256100,0.011135,1.019728,5.481900,1.082452,-1.097461,-1.000000,14,-0.548850,9,0.882222,2026.05.12 19:00:00,2026.07.21 04:39:58
FastBreakout,BREAKOUT,Final holdout,volatility,NORMAL,INSUFFICIENT,18,6,12,0.333333,2.705300,0.150294,1.323624,2.811100,1.068200,-0.683100,-0.456450,10,0.058160,8,0.265462,2026.05.13 19:30:00,2026.07.21 04:10:00
FastBreakout,BREAKOUT,Full window,alignment,FULLY_ALIGNED,MODERATE_SAMPLE,76,20,56,0.263158,-7.886400,-0.103768,0.818056,12.808600,0.981568,-0.829217,-0.667850,33,0.167876,43,-0.312240,2025.03.27 17:30:00,2026.07.16 05:44:57
FastBreakout,BREAKOUT,Full window,alignment,OPPOSED,STRONGER_DESCRIPTIVE_SAMPLE,144,57,87,0.395833,27.368500,0.190059,1.405757,9.411400,1.152791,-0.794889,-0.352700,75,0.303624,69,0.066619,2025.03.05 15:45:00,2026.07.21 04:39:58
FastBreakout,BREAKOUT,Full window,alignment,PARTIALLY_ALIGNED,EXPLORATORY,41,14,27,0.341463,1.358200,0.033127,1.061943,5.445200,1.177522,-0.904385,-0.518400,21,-0.437943,20,0.527750,2025.03.11 08:55:00,2026.07.10 07:25:00
FastBreakout,BREAKOUT,Full window,direction,BEARISH,STRONGER_DESCRIPTIVE_SAMPLE,128,44,84,0.343750,9.695300,0.075745,1.148879,11.176800,1.073693,-0.889951,-0.570950,51,0.058333,77,0.087277,2025.03.05 15:45:00,2026.07.21 04:10:00
FastBreakout,BREAKOUT,Full window,direction,BULLISH,STRONGER_DESCRIPTIVE_SAMPLE,133,47,86,0.353383,11.145000,0.083797,1.164866,7.597700,1.138698,-0.756771,-0.507600,78,0.206922,55,-0.090816,2025.03.11 06:25:00,2026.07.21 04:39:58
FastBreakout,BREAKOUT,Full window,market_phase,BREAKOUT,EXPLORATORY,39,12,27,0.307692,-2.601300,-0.066700,0.884128,10.855200,0.970700,-0.906600,-1.000000,22,-0.010141,17,-0.139894,2025.03.27 17:30:00,2026.07.16 05:44:57
FastBreakout,BREAKOUT,Full window,market_phase,COMPRESSION,INSUFFICIENT,14,5,9,0.357143,2.536700,0.181193,1.388588,4.272500,1.501686,-0.743129,-0.343100,7,0.044829,7,0.317557,2025.03.11 08:55:00,2026.07.21 04:10:00
FastBreakout,BREAKOUT,Full window,market_phase,PULLBACK,MODERATE_SAMPLE,63,27,36,0.428571,19.494800,0.309441,1.680834,4.892000,1.277146,-0.850754,-0.213300,32,0.283425,31,0.336297,2025.03.05 19:00:00,2026.07.21 04:39:58
FastBreakout,BREAKOUT,Full window,market_phase,TRANSITION,INSUFFICIENT,1,0,1,0.000000,-1.000000,-1.000000,0.000000,1.000000,0.163300,-1.387800,-1.000000,1,-1.000000,0,0.000000,2025.05.30 03:00:00,2025.05.30 03:14:58
FastBreakout,BREAKOUT,Full window,market_phase,TREND_CONTINUATION,EXPLORATORY,38,7,31,0.184211,-10.123400,-0.266405,0.548818,10.123400,0.879692,-0.786105,-0.646550,12,0.083800,26,-0.428038,2025.04.22 19:40:00,2026.05.22 21:04:58
FastBreakout,BREAKOUT,Full window,market_phase,UNCLASSIFIED,STRONGER_DESCRIPTIVE_SAMPLE,106,40,66,0.377358,12.533500,0.118241,1.242553,7.884100,1.093838,-0.791942,-0.455750,55,0.180891,51,0.050676,2025.03.05 15:45:00,2026.07.16 04:20:00
FastBreakout,BREAKOUT,Full window,trend_strength,NORMAL,MODERATE_SAMPLE,60,26,34,0.433333,21.686600,0.361443,1.808221,4.307800,1.249297,-0.764767,-0.298000,26,0.554562,34,0.213765,2025.03.05 15:45:00,2026.07.21 04:39:58
FastBreakout,BREAKOUT,Full window,trend_strength,STRONG,INSUFFICIENT,12,3,9,0.250000,-2.055900,-0.171325,0.662486,3.412100,0.656217,-0.731742,-0.472750,7,-0.046000,5,-0.346780,2025.03.27 13:45:00,2026.07.15 20:35:00
FastBreakout,BREAKOUT,Full window,trend_strength,WEAK,STRONGER_DESCRIPTIVE_SAMPLE,189,62,127,0.328042,1.209600,0.006400,1.012120,18.333200,1.090196,-0.846018,-0.611800,96,0.052274,93,-0.040954,2025.03.05 17:05:00,2026.07.21 04:10:00
FastBreakout,BREAKOUT,Full window,volatility,CONTRACTING,EXPLORATORY,38,9,29,0.236842,-11.364700,-0.299071,0.515780,11.439700,0.884311,-0.952879,-0.960850,18,-0.068811,20,-0.506305,2025.03.11 08:55:00,2026.07.15 20:35:00
FastBreakout,BREAKOUT,Full window,volatility,EXPANDING,STRONGER_DESCRIPTIVE_SAMPLE,128,49,79,0.382812,25.716500,0.200910,1.432057,7.043400,1.143084,-0.779008,-0.344200,65,0.243131,63,0.157349,2025.03.05 15:45:00,2026.07.21 04:39:58
FastBreakout,BREAKOUT,Full window,volatility,NORMAL,MODERATE_SAMPLE,95,33,62,0.347368,6.488500,0.068300,1.130472,9.297500,1.146958,-0.827809,-0.611800,46,0.098913,49,0.039561,2025.03.11 06:25:00,2026.07.21 04:10:00
FastBreakout,BREAKOUT,Validation,alignment,FULLY_ALIGNED,EXPLORATORY,24,5,19,0.208333,-5.536300,-0.230679,0.643654,8.457200,0.954625,-0.860987,-0.894300,7,0.100586,17,-0.367082,2026.01.06 01:10:00,2026.05.07 09:34:58
FastBreakout,BREAKOUT,Validation,alignment,OPPOSED,EXPLORATORY,21,14,7,0.666667,16.127700,0.767986,3.756778,3.002100,1.753571,-0.756948,1.125500,10,0.897580,11,0.650173,2026.01.06 17:25:00,2026.04.21 21:19:58
FastBreakout,BREAKOUT,Validation,alignment,PARTIALLY_ALIGNED,INSUFFICIENT,7,3,4,0.428571,0.002500,0.000357,1.000625,3.997500,1.016157,-1.028886,-1.000000,4,-0.250000,3,0.334167,2026.01.30 22:20:00,2026.04.16 05:29:58
FastBreakout,BREAKOUT,Validation,direction,BEARISH,EXPLORATORY,24,12,12,0.500000,13.856000,0.577333,2.365931,5.627300,1.589063,-0.880821,0.846100,11,0.518555,13,0.627069,2026.01.16 17:40:00,2026.04.21 21:19:58
FastBreakout,BREAKOUT,Validation,direction,BULLISH,EXPLORATORY,28,10,18,0.357143,-3.262100,-0.116504,0.785987,7.431100,1.025414,-0.807932,-0.894300,10,0.297580,18,-0.346550,2026.01.06 01:10:00,2026.05.07 09:34:58
FastBreakout,BREAKOUT,Validation,market_phase,BREAKOUT,INSUFFICIENT,4,1,3,0.250000,-1.000000,-0.250000,0.666667,2.000000,0.720025,-0.993900,-1.000000,2,-1.000000,2,0.500000,2026.02.11 21:55:00,2026.03.12 18:14:58
FastBreakout,BREAKOUT,Validation,market_phase,COMPRESSION,INSUFFICIENT,3,1,2,0.333333,0.000000,0.000000,1.000000,2.000000,1.196767,-0.969233,-1.000000,1,2.000000,2,-1.000000,2026.02.11 07:35:00,2026.03.13 13:19:57
FastBreakout,BREAKOUT,Validation,market_phase,PULLBACK,INSUFFICIENT,9,7,2,0.777778,10.030700,1.114522,6.015350,2.000000,2.091378,-0.961500,2.000000,3,1.343567,6,1.000000,2026.01.30 19:35:00,2026.04.21 21:19:58
FastBreakout,BREAKOUT,Validation,market_phase,TREND_CONTINUATION,INSUFFICIENT,16,3,13,0.187500,-5.069600,-0.316850,0.542025,7.069600,1.012319,-0.911475,-1.000000,3,0.244433,13,-0.446377,2026.01.16 17:40:00,2026.05.07 09:34:58
FastBreakout,BREAKOUT,Validation,market_phase,UNCLASSIFIED,EXPLORATORY,20,10,10,0.500000,6.632800,0.331640,1.906504,3.002100,1.267960,-0.682070,0.000200,12,0.326325,8,0.339612,2026.01.06 01:10:00,2026.04.21 08:30:00
FastBreakout,BREAKOUT,Validation,trend_strength,NORMAL,INSUFFICIENT,12,5,7,0.416667,3.692200,0.307683,1.585339,4.307800,1.293517,-1.062308,-0.653900,3,0.230733,9,0.333333,2026.01.16 17:40:00,2026.05.07 09:34:58
FastBreakout,BREAKOUT,Validation,trend_strength,STRONG,INSUFFICIENT,1,0,1,0.000000,-0.788600,-0.788600,0.000000,0.788600,0.053000,-0.890800,-0.788600,0,0.000000,1,-0.788600,2026.02.12 18:25:00,2026.02.12 19:25:00
FastBreakout,BREAKOUT,Validation,trend_strength,WEAK,EXPLORATORY,39,17,22,0.435897,7.690300,0.197187,1.420462,4.629400,1.314715,-0.772392,-0.437500,18,0.443761,21,-0.014162,2026.01.06 01:10:00,2026.04.21 21:19:58
FastBreakout,BREAKOUT,Validation,volatility,CONTRACTING,INSUFFICIENT,9,3,6,0.333333,1.533300,0.170367,1.343274,4.029200,0.996878,-0.755189,-0.437500,6,0.661800,3,-0.812500,2026.01.06 01:10:00,2026.04.16 03:04:58
FastBreakout,BREAKOUT,Validation,volatility,EXPANDING,EXPLORATORY,22,10,12,0.454545,7.200500,0.327295,1.701386,2.636700,1.327273,-0.712155,-0.314700,9,0.870800,13,-0.048977,2026.01.06 17:25:00,2026.05.07 09:34:58
FastBreakout,BREAKOUT,Validation,volatility,NORMAL,EXPLORATORY,21,9,12,0.428571,1.860100,0.088576,1.174597,5.969300,1.365581,-1.014176,-0.639400,6,-0.521350,15,0.332547,2026.01.28 01:25:00,2026.04.21 08:34:58
FastMedConfluence,CONFLUENCE,Development,alignment,FULLY_ALIGNED,EXPLORATORY,37,12,25,0.324324,2.596000,0.070162,1.140829,8.586000,1.080538,-0.772389,-0.607300,18,0.570578,19,-0.403916,2025.03.27 17:30:00,2025.12.18 18:14:58
FastMedConfluence,CONFLUENCE,Development,alignment,OPPOSED,MODERATE_SAMPLE,74,27,47,0.364865,13.905400,0.187911,1.375189,6.862400,1.093635,-0.763607,-0.505950,42,0.334183,32,-0.004072,2025.03.05 15:45:00,2025.12.31 07:54:58
FastMedConfluence,CONFLUENCE,Development,alignment,PARTIALLY_ALIGNED,EXPLORATORY,22,6,16,0.272727,-2.564600,-0.116573,0.804871,4.447500,1.285118,-0.867132,-0.875350,9,-0.457456,13,0.119423,2025.03.11 08:55:00,2025.12.10 05:20:00
FastMedConfluence,CONFLUENCE,Development,direction,BEARISH,MODERATE_SAMPLE,58,18,40,0.310345,1.646500,0.028388,1.050211,11.125800,1.014810,-0.859952,-0.711050,18,0.508339,40,-0.187590,2025.03.05 15:45:00,2025.12.31 07:54:58
FastMedConfluence,CONFLUENCE,Development,direction,BULLISH,MODERATE_SAMPLE,75,27,48,0.360000,12.290300,0.163871,1.342849,7.288200,1.204300,-0.723800,-0.396900,51,0.216449,24,0.052142,2025.03.11 06:25:00,2025.12.30 03:05:00
FastMedConfluence,CONFLUENCE,Development,market_phase,BREAKOUT,EXPLORATORY,29,7,22,0.241379,-5.073500,-0.174948,0.718111,10.327400,0.920538,-0.942783,-1.000000,17,0.148506,12,-0.633175,2025.03.27 17:30:00,2025.12.11 17:24:57
FastMedConfluence,CONFLUENCE,Development,market_phase,COMPRESSION,INSUFFICIENT,4,3,1,0.750000,5.000000,1.250000,6.000000,1.000000,2.928975,-0.581900,2.000000,2,0.500000,2,2.000000,2025.03.11 08:55:00,2025.11.19 14:19:58
FastMedConfluence,CONFLUENCE,Development,market_phase,PULLBACK,EXPLORATORY,39,16,23,0.410256,13.947100,0.357618,1.772568,3.230200,1.242344,-0.810390,-0.380400,22,0.322605,17,0.402929,2025.03.05 19:00:00,2025.12.30 12:34:58
FastMedConfluence,CONFLUENCE,Development,market_phase,TREND_CONTINUATION,INSUFFICIENT,14,4,10,0.285714,0.112200,0.008014,1.018722,4.341000,1.031114,-0.607121,-0.375600,4,0.676725,10,-0.259470,2025.04.24 18:00:00,2025.12.18 18:14:58
FastMedConfluence,CONFLUENCE,Development,market_phase,UNCLASSIFIED,EXPLORATORY,47,15,32,0.319149,-0.049000,-0.001043,0.998086,7.389000,1.018787,-0.731681,-0.611800,24,0.285842,23,-0.300400,2025.03.05 15:45:00,2025.12.31 07:54:58
FastMedConfluence,CONFLUENCE,Development,trend_strength,NORMAL,EXPLORATORY,29,13,16,0.448276,11.290700,0.389334,1.928229,3.801400,1.221110,-0.690886,-0.079700,14,0.891836,15,-0.079667,2025.03.05 15:45:00,2025.12.31 07:54:58
FastMedConfluence,CONFLUENCE,Development,trend_strength,STRONG,INSUFFICIENT,8,2,6,0.250000,0.758600,0.094825,1.234035,1.617900,0.800575,-0.603888,-0.237000,5,0.335600,3,-0.306467,2025.03.27 13:45:00,2025.12.29 18:40:00
FastMedConfluence,CONFLUENCE,Development,trend_strength,WEAK,MODERATE_SAMPLE,96,30,66,0.312500,1.887500,0.019661,1.035457,12.158200,1.118382,-0.825994,-0.644950,50,0.120506,46,-0.089952,2025.03.05 17:05:00,2025.12.30 12:34:58
FastMedConfluence,CONFLUENCE,Development,volatility,CONTRACTING,INSUFFICIENT,18,3,15,0.166667,-6.901000,-0.383389,0.465080,6.901000,0.927167,-0.890789,-1.000000,8,-0.386937,10,-0.380550,2025.03.11 08:55:00,2025.12.30 03:05:00
FastMedConfluence,CONFLUENCE,Development,volatility,EXPANDING,MODERATE_SAMPLE,69,26,43,0.376812,17.013400,0.246571,1.550968,8.992400,1.155059,-0.732683,-0.288200,36,0.485942,33,-0.014561,2025.03.05 15:45:00,2025.12.31 07:54:58
FastMedConfluence,CONFLUENCE,Development,volatility,NORMAL,EXPLORATORY,46,16,30,0.347826,3.824400,0.083139,1.153843,6.000000,1.147683,-0.816802,-0.639700,25,0.231624,21,-0.093629,2025.03.11 06:25:00,2025.12.30 03:44:58
FastMedConfluence,CONFLUENCE,Final holdout,alignment,FULLY_ALIGNED,INSUFFICIENT,4,3,1,0.750000,1.534000,0.383500,2.534000,1.000000,1.121775,-0.471225,0.267000,1,0.314100,3,0.406633,2026.05.12 19:00:00,2026.07.16 05:44:57
FastMedConfluence,CONFLUENCE,Final holdout,alignment,OPPOSED,EXPLORATORY,26,9,17,0.346154,1.504300,0.057858,1.110644,4.000000,1.148919,-0.779585,-0.713600,12,0.041208,14,0.072129,2026.05.14 10:55:00,2026.07.21 04:39:58
FastMedConfluence,CONFLUENCE,Final holdout,alignment,PARTIALLY_ALIGNED,INSUFFICIENT,9,4,5,0.444444,4.385300,0.487256,2.213185,3.163200,1.292911,-1.005111,-0.451500,5,-0.722940,4,2.000000,2026.05.13 19:30:00,2026.07.13 17:19:58
FastMedConfluence,CONFLUENCE,Final holdout,direction,BEARISH,EXPLORATORY,20,9,11,0.450000,4.380600,0.219030,1.603929,2.982000,1.068700,-0.823400,-0.034700,5,0.030180,15,0.281980,2026.05.12 19:00:00,2026.07.21 04:10:00
FastMedConfluence,CONFLUENCE,Final holdout,direction,BULLISH,INSUFFICIENT,19,7,12,0.368421,3.043000,0.160158,1.277722,3.505500,1.295853,-0.775374,-1.000000,13,-0.227462,6,1.000000,2026.05.13 19:30:00,2026.07.21 04:39:58
FastMedConfluence,CONFLUENCE,Final holdout,market_phase,BREAKOUT,INSUFFICIENT,5,2,3,0.400000,-0.231600,-0.046320,0.905527,2.231600,1.103720,-0.728580,-0.451500,2,-0.725750,3,0.406633,2026.05.14 15:10:00,2026.07.16 05:44:57
FastMedConfluence,CONFLUENCE,Final holdout,market_phase,COMPRESSION,INSUFFICIENT,4,1,3,0.250000,-0.427400,-0.106850,0.713558,1.461400,0.945725,-0.575375,-0.246050,1,-0.461400,3,0.011333,2026.05.22 19:35:00,2026.07.21 04:10:00
FastMedConfluence,CONFLUENCE,Final holdout,market_phase,PULLBACK,INSUFFICIENT,12,4,8,0.333333,-1.063800,-0.088650,0.850152,2.964600,1.118450,-0.895358,-1.000000,6,0.000000,6,-0.177300,2026.05.14 10:55:00,2026.07.21 04:39:58
FastMedConfluence,CONFLUENCE,Final holdout,market_phase,TREND_CONTINUATION,INSUFFICIENT,1,1,0,1.000000,0.314100,0.314100,inf,0.000000,0.533500,-0.055200,0.314100,1,0.314100,0,0.000000,2026.05.12 19:00:00,2026.05.13 19:35:00
FastMedConfluence,CONFLUENCE,Final holdout,market_phase,UNCLASSIFIED,INSUFFICIENT,17,8,9,0.470588,8.832300,0.519547,2.232236,2.921700,1.337576,-0.850365,-0.038700,8,-0.150913,9,1.115511,2026.05.13 19:30:00,2026.07.16 04:20:00
FastMedConfluence,CONFLUENCE,Final holdout,trend_strength,NORMAL,INSUFFICIENT,14,7,7,0.500000,6.362900,0.454493,1.949431,2.000000,1.443514,-0.719921,0.181450,6,0.049700,8,0.758088,2026.05.13 19:30:00,2026.07.21 04:39:58
FastMedConfluence,CONFLUENCE,Final holdout,trend_strength,STRONG,INSUFFICIENT,3,1,2,0.333333,-1.964600,-0.654867,0.017700,2.000000,0.517633,-1.047533,-1.000000,2,-1.000000,1,0.035400,2026.05.25 01:05:00,2026.07.15 20:35:00
FastMedConfluence,CONFLUENCE,Final holdout,trend_strength,WEAK,EXPLORATORY,22,8,14,0.363636,3.025300,0.137514,1.318161,5.201900,1.101505,-0.817209,-0.275350,10,-0.110430,12,0.344133,2026.05.12 19:00:00,2026.07.21 04:10:00
FastMedConfluence,CONFLUENCE,Final holdout,volatility,CONTRACTING,INSUFFICIENT,6,1,5,0.166667,-3.925000,-0.654167,0.008938,3.960400,0.675833,-1.629150,-0.960850,1,-1.000000,5,-0.585000,2026.05.22 22:20:00,2026.07.15 20:35:00
FastMedConfluence,CONFLUENCE,Final holdout,volatility,EXPANDING,EXPLORATORY,20,9,11,0.450000,3.832200,0.191610,1.358089,3.481900,1.229755,-0.765475,-0.850900,11,-0.580700,9,1.135544,2026.05.12 19:00:00,2026.07.21 04:39:58
FastMedConfluence,CONFLUENCE,Final holdout,volatility,NORMAL,INSUFFICIENT,13,6,7,0.461538,7.516400,0.578185,3.118310,1.000000,1.334238,-0.470438,-0.030700,6,0.763600,7,0.419257,2026.05.13 19:30:00,2026.07.21 04:10:00
FastMedConfluence,CONFLUENCE,Full window,alignment,FULLY_ALIGNED,MODERATE_SAMPLE,64,20,44,0.312500,-0.483000,-0.007547,0.985814,11.047600,1.054675,-0.777725,-0.640350,26,0.449212,38,-0.320066,2025.03.27 17:30:00,2026.07.16 05:44:57
FastMedConfluence,CONFLUENCE,Full window,alignment,OPPOSED,STRONGER_DESCRIPTIVE_SAMPLE,123,49,74,0.398374,26.907000,0.218756,1.443584,6.862400,1.217568,-0.822776,-0.474000,63,0.302024,60,0.131325,2025.03.05 15:45:00,2026.07.21 04:39:58
FastMedConfluence,CONFLUENCE,Full window,alignment,PARTIALLY_ALIGNED,EXPLORATORY,37,12,25,0.324324,1.820700,0.049208,1.087712,4.447500,1.241073,-0.936951,-0.701800,18,-0.485100,19,0.555395,2025.03.11 08:55:00,2026.07.13 17:19:58
FastMedConfluence,CONFLUENCE,Full window,direction,BEARISH,STRONGER_DESCRIPTIVE_SAMPLE,104,39,65,0.375000,18.122100,0.174251,1.348837,11.125800,1.166825,-0.893157,-0.570950,33,0.405939,71,0.066565,2025.03.05 15:45:00,2026.07.21 04:10:00
FastMedConfluence,CONFLUENCE,Full window,direction,BULLISH,STRONGER_DESCRIPTIVE_SAMPLE,120,42,78,0.350000,10.122600,0.084355,1.159379,7.288200,1.181917,-0.772956,-0.551500,74,0.115935,46,0.033552,2025.03.11 06:25:00,2026.07.21 04:39:58
FastMedConfluence,CONFLUENCE,Full window,market_phase,BREAKOUT,EXPLORATORY,38,10,28,0.263158,-6.305100,-0.165924,0.731122,11.559000,0.923534,-0.919979,-1.000000,21,-0.044138,17,-0.316365,2025.03.27 17:30:00,2026.07.16 05:44:57
FastMedConfluence,CONFLUENCE,Full window,market_phase,COMPRESSION,INSUFFICIENT,11,5,6,0.454545,4.572600,0.415691,2.017920,3.461400,1.735373,-0.685164,-0.030700,4,0.634650,7,0.290571,2025.03.11 08:55:00,2026.07.21 04:10:00
FastMedConfluence,CONFLUENCE,Full window,market_phase,PULLBACK,MODERATE_SAMPLE,63,26,37,0.412698,16.914000,0.268476,1.542949,3.230200,1.270533,-0.888832,-0.414300,33,0.185697,30,0.359533,2025.03.05 19:00:00,2026.07.21 04:39:58
FastMedConfluence,CONFLUENCE,Full window,market_phase,TREND_CONTINUATION,EXPLORATORY,31,8,23,0.258065,-4.157500,-0.134113,0.749195,6.027200,1.020797,-0.721510,-0.639400,8,0.518150,23,-0.360987,2025.04.24 18:00:00,2026.05.13 19:35:00
FastMedConfluence,CONFLUENCE,Full window,market_phase,UNCLASSIFIED,MODERATE_SAMPLE,81,32,49,0.395062,17.220700,0.212601,1.432766,7.389000,1.201335,-0.799800,-0.505500,41,0.246105,40,0.178260,2025.03.05 15:45:00,2026.07.16 04:20:00
FastMedConfluence,CONFLUENCE,Full window,trend_strength,NORMAL,MODERATE_SAMPLE,57,26,31,0.456140,23.109400,0.405428,1.909472,4.544200,1.300893,-0.776242,-0.236400,24,0.551654,33,0.299082,2025.03.05 15:45:00,2026.07.21 04:39:58
FastMedConfluence,CONFLUENCE,Full window,trend_strength,STRONG,INSUFFICIENT,11,3,8,0.272727,-1.206000,-0.109636,0.769909,2.623500,0.723409,-0.724882,-0.322000,7,-0.046000,4,-0.221000,2025.03.27 13:45:00,2026.07.15 20:35:00
FastMedConfluence,CONFLUENCE,Full window,trend_strength,WEAK,STRONGER_DESCRIPTIVE_SAMPLE,156,52,104,0.333333,6.341300,0.040649,1.074769,12.463300,1.160714,-0.855279,-0.638750,76,0.119178,80,-0.033952,2025.03.05 17:05:00,2026.07.21 04:10:00
FastMedConfluence,CONFLUENCE,Full window,volatility,CONTRACTING,EXPLORATORY,35,7,28,0.200000,-11.855200,-0.338720,0.503771,11.930200,0.950103,-1.090231,-1.000000,15,-0.008313,20,-0.586525,2025.03.11 08:55:00,2026.07.15 20:35:00
FastMedConfluence,CONFLUENCE,Full window,volatility,EXPANDING,STRONGER_DESCRIPTIVE_SAMPLE,107,44,63,0.411215,27.312200,0.255254,1.539971,8.992400,1.210944,-0.745124,-0.380400,53,0.331562,54,0.180359,2025.03.05 15:45:00,2026.07.21 04:39:58
FastMedConfluence,CONFLUENCE,Full window,volatility,NORMAL,MODERATE_SAMPLE,82,30,52,0.365854,12.787700,0.155948,1.311962,6.357100,1.223844,-0.826300,-0.525950,39,0.116079,43,0.192107,2025.03.11 06:25:00,2026.07.21 04:10:00
FastMedConfluence,CONFLUENCE,Validation,alignment,FULLY_ALIGNED,EXPLORATORY,23,5,18,0.217391,-4.613000,-0.200565,0.684322,7.905000,1.001400,-0.839613,-1.000000,7,0.156429,16,-0.356750,2026.01.06 04:35:00,2026.05.07 09:34:58
FastMedConfluence,CONFLUENCE,Validation,alignment,OPPOSED,EXPLORATORY,23,13,10,0.565217,11.497300,0.499883,2.149730,4.000000,1.693913,-1.061970,0.341100,9,0.499700,14,0.500000,2026.01.06 20:05:00,2026.04.21 21:19:58
FastMedConfluence,CONFLUENCE,Validation,alignment,PARTIALLY_ALIGNED,INSUFFICIENT,6,2,4,0.333333,0.000000,0.000000,1.000000,4.000000,1.001817,-1.090717,-1.000000,4,-0.250000,2,0.500000,2026.01.30 22:20:00,2026.04.16 05:29:58
FastMedConfluence,CONFLUENCE,Validation,direction,BEARISH,EXPLORATORY,26,12,14,0.461538,12.095000,0.465192,2.015960,4.029200,1.581415,-1.020888,-0.272100,10,0.409500,16,0.500000,2026.01.16 17:40:00,2026.04.21 21:19:58
FastMedConfluence,CONFLUENCE,Validation,direction,BULLISH,EXPLORATORY,26,8,18,0.307692,-5.210700,-0.200412,0.688131,7.120700,1.034088,-0.912985,-1.000000,10,0.049730,16,-0.356750,2026.01.06 04:35:00,2026.05.07 09:34:58
FastMedConfluence,CONFLUENCE,Validation,market_phase,BREAKOUT,INSUFFICIENT,4,1,3,0.250000,-1.000000,-0.250000,0.666667,2.000000,0.720025,-0.993900,-1.000000,2,-1.000000,2,0.500000,2026.02.11 21:55:00,2026.03.12 18:14:58
FastMedConfluence,CONFLUENCE,Validation,market_phase,COMPRESSION,INSUFFICIENT,3,1,2,0.333333,0.000000,0.000000,1.000000,2.000000,1.196767,-0.969233,-1.000000,1,2.000000,2,-1.000000,2026.02.11 07:35:00,2026.03.13 13:19:57
FastMedConfluence,CONFLUENCE,Validation,market_phase,PULLBACK,INSUFFICIENT,12,6,6,0.500000,4.030700,0.335892,1.671783,3.000000,1.514233,-1.137242,-0.484650,5,-0.193860,7,0.714286,2026.01.06 20:05:00,2026.04.21 21:19:58
FastMedConfluence,CONFLUENCE,Validation,market_phase,TREND_CONTINUATION,INSUFFICIENT,16,3,13,0.187500,-4.583800,-0.286488,0.566904,6.027200,1.042225,-0.863244,-1.000000,3,0.374733,13,-0.439077,2026.01.06 04:35:00,2026.05.07 09:34:58
FastMedConfluence,CONFLUENCE,Validation,market_phase,UNCLASSIFIED,INSUFFICIENT,17,9,8,0.529412,8.437400,0.496318,2.200336,4.688100,1.569782,-0.937565,0.341100,9,0.493044,8,0.500000,2026.01.09 18:50:00,2026.04.16 05:29:58
FastMedConfluence,CONFLUENCE,Validation,trend_strength,NORMAL,INSUFFICIENT,14,6,8,0.428571,5.455800,0.389700,1.833685,4.544200,1.323536,-1.009371,-0.272100,4,0.113950,10,0.500000,2026.01.16 17:40:00,2026.05.07 09:34:58
FastMedConfluence,CONFLUENCE,Validation,trend_strength,WEAK,EXPLORATORY,38,14,24,0.368421,1.428500,0.037592,1.064729,5.380300,1.301937,-0.951303,-1.000000,16,0.258531,22,-0.123091,2026.01.06 04:35:00,2026.04.21 21:19:58
FastMedConfluence,CONFLUENCE,Validation,volatility,CONTRACTING,INSUFFICIENT,11,3,8,0.272727,-1.029200,-0.093564,0.853582,5.029200,1.137236,-1.122636,-1.000000,6,0.661800,5,-1.000000,2026.02.11 06:05:00,2026.04.16 03:04:58
FastMedConfluence,CONFLUENCE,Validation,volatility,EXPANDING,INSUFFICIENT,18,9,9,0.500000,6.466600,0.359256,1.718511,3.658900,1.404267,-0.770206,-0.329450,6,1.077767,12,0.000000,2026.01.09 18:50:00,2026.05.07 09:34:58
FastMedConfluence,CONFLUENCE,Validation,volatility,NORMAL,EXPLORATORY,23,8,15,0.347826,1.446900,0.062909,1.114981,6.357100,1.313770,-1.046435,-0.639400,8,-0.730638,15,0.486133,2026.01.06 04:35:00,2026.04.21 08:34:58
FastMedContext,CONTEXT,Development,alignment,FULLY_ALIGNED,EXPLORATORY,38,12,26,0.315789,2.232600,0.058753,1.118774,8.586000,1.056289,-0.771582,-0.485350,19,0.521421,19,-0.403916,2025.03.27 17:30:00,2025.12.18 18:14:58
FastMedContext,CONTEXT,Development,alignment,OPPOSED,MODERATE_SAMPLE,74,27,47,0.364865,14.366500,0.194142,1.397590,5.945800,1.086418,-0.749441,-0.422550,40,0.378135,34,-0.022321,2025.03.05 15:45:00,2025.12.31 07:54:58
FastMedContext,CONTEXT,Development,alignment,PARTIALLY_ALIGNED,EXPLORATORY,28,7,21,0.250000,-4.733400,-0.169050,0.726581,8.445200,1.348425,-0.999275,-1.000000,11,-0.480536,17,0.032500,2025.03.11 08:55:00,2025.12.10 05:20:00
FastMedContext,CONTEXT,Development,direction,BEARISH,MODERATE_SAMPLE,62,19,43,0.306452,1.675800,0.027029,1.051053,10.176800,0.978624,-0.818350,-0.632400,23,0.319222,39,-0.145290,2025.03.05 15:45:00,2025.12.31 07:54:58
FastMedContext,CONTEXT,Development,direction,BULLISH,MODERATE_SAMPLE,78,27,51,0.346154,10.189900,0.130640,1.258507,6.291000,1.251476,-0.795137,-0.460950,47,0.263923,31,-0.071435,2025.03.11 06:25:00,2025.12.29 21:00:00
FastMedContext,CONTEXT,Development,market_phase,BREAKOUT,EXPLORATORY,28,7,21,0.250000,-4.073500,-0.145482,0.760357,10.327400,0.948218,-0.933018,-1.000000,17,0.148506,11,-0.599827,2025.03.27 17:30:00,2025.12.11 17:24:57
FastMedContext,CONTEXT,Development,market_phase,COMPRESSION,INSUFFICIENT,6,3,3,0.500000,3.775200,0.629200,2.696872,1.000000,2.180733,-0.639350,0.887600,4,-0.056200,2,2.000000,2025.03.11 08:55:00,2025.12.30 03:05:00
FastMedContext,CONTEXT,Development,market_phase,PULLBACK,EXPLORATORY,39,17,22,0.435897,15.271300,0.391572,1.909488,3.945800,1.287290,-0.773867,-0.175500,22,0.344736,17,0.452182,2025.03.05 19:00:00,2025.12.30 12:34:58
FastMedContext,CONTEXT,Development,market_phase,TRANSITION,INSUFFICIENT,1,0,1,0.000000,-1.000000,-1.000000,0.000000,1.000000,0.163300,-1.387800,-1.000000,1,-1.000000,0,0.000000,2025.05.30 03:00:00,2025.05.30 03:14:58
FastMedContext,CONTEXT,Development,market_phase,TREND_CONTINUATION,INSUFFICIENT,15,4,11,0.266667,-0.251200,-0.016747,0.960480,4.704400,0.972980,-0.616093,-0.363400,5,0.468700,10,-0.259470,2025.04.22 19:40:00,2025.12.18 18:14:58
FastMedContext,CONTEXT,Development,market_phase,UNCLASSIFIED,MODERATE_SAMPLE,51,15,36,0.294118,-1.856100,-0.036394,0.935714,9.943700,1.052804,-0.823290,-0.623500,21,0.405667,30,-0.345837,2025.03.05 15:45:00,2025.12.31 07:54:58
FastMedContext,CONTEXT,Development,trend_strength,NORMAL,EXPLORATORY,30,12,18,0.400000,9.397600,0.313253,1.694724,4.801000,1.194737,-0.733033,-0.325800,15,0.706173,15,-0.079667,2025.03.05 15:45:00,2025.12.31 07:54:58
FastMedContext,CONTEXT,Development,trend_strength,STRONG,INSUFFICIENT,8,2,6,0.250000,0.895400,0.111925,1.288411,1.481100,0.800575,-0.603888,-0.232950,5,0.335600,3,-0.260867,2025.03.27 13:45:00,2025.12.29 18:40:00
FastMedContext,CONTEXT,Development,trend_strength,WEAK,STRONGER_DESCRIPTIVE_SAMPLE,102,32,70,0.313725,1.572700,0.015419,1.028280,11.802500,1.137677,-0.842513,-0.631800,50,0.149518,52,-0.113523,2025.03.05 17:05:00,2025.12.30 12:34:58
FastMedContext,CONTEXT,Development,volatility,CONTRACTING,INSUFFICIENT,18,3,15,0.166667,-7.230600,-0.401700,0.453494,7.230600,0.974094,-0.907483,-1.000000,7,-0.346443,11,-0.436864,2025.03.11 08:55:00,2025.12.30 03:05:00
FastMedContext,CONTEXT,Development,volatility,EXPANDING,MODERATE_SAMPLE,71,26,45,0.366197,19.037300,0.268131,1.627765,6.043400,1.137972,-0.712541,-0.230200,36,0.510583,35,0.018751,2025.03.05 15:45:00,2025.12.31 07:54:58
FastMedContext,CONTEXT,Development,volatility,NORMAL,MODERATE_SAMPLE,51,17,34,0.333333,0.059000,0.001157,1.002057,8.092300,1.175688,-0.898692,-0.651800,27,0.140393,24,-0.155483,2025.03.11 06:25:00,2025.12.30 03:44:58
FastMedContext,CONTEXT,Final holdout,alignment,FULLY_ALIGNED,INSUFFICIENT,5,3,2,0.600000,0.534000,0.106800,1.267000,2.000000,0.935980,-0.581880,0.219900,2,-0.342950,3,0.406633,2026.05.12 19:00:00,2026.07.16 05:44:57
FastMedContext,CONTEXT,Final holdout,alignment,OPPOSED,EXPLORATORY,29,9,20,0.310345,-1.306800,-0.045062,0.920351,4.811100,1.114352,-1.051314,-0.921700,15,-0.167033,14,0.085621,2026.05.14 10:55:00,2026.07.21 04:39:58
FastMedContext,CONTEXT,Final holdout,alignment,PARTIALLY_ALIGNED,INSUFFICIENT,10,4,6,0.400000,3.385300,0.338530,1.733590,4.163200,1.220220,-1.040450,-0.456450,6,-0.769117,4,2.000000,2026.05.13 19:30:00,2026.07.13 17:19:58
FastMedContext,CONTEXT,Final holdout,direction,BEARISH,EXPLORATORY,25,9,16,0.360000,-0.619400,-0.024776,0.949451,7.903700,0.983084,-1.162796,-0.461400,10,-0.484910,15,0.281980,2026.05.12 19:00:00,2026.07.21 04:10:00
FastMedContext,CONTEXT,Final holdout,direction,BULLISH,INSUFFICIENT,19,7,12,0.368421,3.231900,0.170100,1.300137,3.505500,1.295853,-0.775374,-0.811100,13,-0.227462,6,1.031483,2026.05.13 19:30:00,2026.07.21 04:39:58
FastMedContext,CONTEXT,Final holdout,market_phase,BREAKOUT,INSUFFICIENT,5,2,3,0.400000,-0.231600,-0.046320,0.905527,2.231600,1.103720,-0.728580,-0.451500,2,-0.725750,3,0.406633,2026.05.14 15:10:00,2026.07.16 05:44:57
FastMedContext,CONTEXT,Final holdout,market_phase,COMPRESSION,INSUFFICIENT,5,1,4,0.200000,-1.238500,-0.247700,0.462270,2.272500,0.869780,-0.732000,-0.461400,2,-0.730700,3,0.074300,2026.05.22 19:35:00,2026.07.21 04:10:00
FastMedContext,CONTEXT,Final holdout,market_phase,PULLBACK,INSUFFICIENT,13,4,9,0.307692,-2.063800,-0.158754,0.745185,3.964600,1.091300,-0.951738,-1.000000,7,-0.142857,6,-0.177300,2026.05.14 10:55:00,2026.07.21 04:39:58
FastMedContext,CONTEXT,Final holdout,market_phase,TREND_CONTINUATION,INSUFFICIENT,2,1,1,0.500000,-0.685900,-0.342950,0.314100,1.000000,0.363150,-0.539850,-0.342950,2,-0.342950,0,0.000000,2026.05.12 19:00:00,2026.05.22 21:04:58
FastMedContext,CONTEXT,Final holdout,market_phase,UNCLASSIFIED,INSUFFICIENT,19,8,11,0.421053,6.832300,0.359595,1.745258,4.662200,1.285137,-1.212989,-0.505500,10,-0.320730,9,1.115511,2026.05.13 19:30:00,2026.07.16 04:20:00
FastMedContext,CONTEXT,Final holdout,trend_strength,NORMAL,INSUFFICIENT,14,7,7,0.500000,6.551800,0.467986,2.005973,1.811100,1.443514,-0.719921,0.181450,6,0.049700,8,0.781700,2026.05.13 19:30:00,2026.07.21 04:39:58
FastMedContext,CONTEXT,Final holdout,trend_strength,STRONG,INSUFFICIENT,3,1,2,0.333333,-1.964600,-0.654867,0.017700,2.000000,0.517633,-1.047533,-1.000000,2,-1.000000,1,0.035400,2026.05.25 01:05:00,2026.07.15 20:35:00
FastMedContext,CONTEXT,Final holdout,trend_strength,WEAK,EXPLORATORY,27,8,19,0.296296,-1.974700,-0.073137,0.863895,9.201900,1.016156,-1.132611,-0.505500,15,-0.406953,12,0.344133,2026.05.12 19:00:00,2026.07.21 04:10:00
FastMedContext,CONTEXT,Final holdout,volatility,CONTRACTING,INSUFFICIENT,6,1,5,0.166667,-3.925000,-0.654167,0.008938,3.960400,0.675833,-1.629150,-0.960850,1,-1.000000,5,-0.585000,2026.05.22 22:20:00,2026.07.15 20:35:00
FastMedContext,CONTEXT,Final holdout,volatility,EXPANDING,EXPLORATORY,22,9,13,0.409091,1.832200,0.083282,1.144247,5.481900,1.194268,-1.086368,-1.000000,13,-0.645208,9,1.135544,2026.05.12 19:00:00,2026.07.21 04:39:58
FastMedContext,CONTEXT,Final holdout,volatility,NORMAL,INSUFFICIENT,16,6,10,0.375000,4.705300,0.294081,1.739897,2.811100,1.179337,-0.632938,-0.275350,9,0.175733,7,0.446243,2026.05.13 19:30:00,2026.07.21 04:10:00
FastMedContext,CONTEXT,Full window,alignment,FULLY_ALIGNED,MODERATE_SAMPLE,67,20,47,0.298507,-2.479400,-0.037006,0.931210,11.517900,1.019042,-0.784633,-0.639400,29,0.334097,38,-0.320216,2025.03.27 17:30:00,2026.07.16 05:44:57
FastMedContext,CONTEXT,Full window,alignment,OPPOSED,STRONGER_DESCRIPTIVE_SAMPLE,123,49,74,0.398374,27.557000,0.224041,1.462825,5.945800,1.205008,-0.847512,-0.414300,63,0.287575,60,0.157330,2025.03.05 15:45:00,2026.07.21 04:39:58
FastMedContext,CONTEXT,Full window,alignment,PARTIALLY_ALIGNED,EXPLORATORY,45,14,31,0.311111,-1.345600,-0.029902,0.948100,8.445200,1.268249,-1.013031,-0.750700,21,-0.519076,24,0.398125,2025.03.11 08:55:00,2026.07.13 17:19:58
FastMedContext,CONTEXT,Full window,direction,BEARISH,STRONGER_DESCRIPTIVE_SAMPLE,112,40,72,0.357143,14.524100,0.129679,1.261175,10.176800,1.101287,-0.914516,-0.496200,44,0.135470,68,0.125932,2025.03.05 15:45:00,2026.07.21 04:10:00
FastMedContext,CONTEXT,Full window,direction,BULLISH,STRONGER_DESCRIPTIVE_SAMPLE,123,43,80,0.349593,9.207900,0.074861,1.139725,7.120700,1.221291,-0.812805,-0.607300,69,0.158619,54,-0.032163,2025.03.11 06:25:00,2026.07.21 04:39:58
FastMedContext,CONTEXT,Full window,market_phase,BREAKOUT,EXPLORATORY,37,10,27,0.270270,-5.305100,-0.143381,0.763689,11.559000,0.944562,-0.911973,-1.000000,21,-0.044138,16,-0.273637,2025.03.27 17:30:00,2026.07.16 05:44:57
FastMedContext,CONTEXT,Full window,market_phase,COMPRESSION,INSUFFICIENT,14,5,9,0.357143,2.536700,0.181193,1.388588,4.272500,1.501686,-0.743129,-0.343100,7,0.044829,7,0.317557,2025.03.11 08:55:00,2026.07.21 04:10:00
FastMedContext,CONTEXT,Full window,market_phase,PULLBACK,MODERATE_SAMPLE,63,27,36,0.428571,18.238200,0.289495,1.610171,3.964600,1.307063,-0.873360,-0.230200,33,0.200452,30,0.387443,2025.03.05 19:00:00,2026.07.21 04:39:58
FastMedContext,CONTEXT,Full window,market_phase,TRANSITION,INSUFFICIENT,1,0,1,0.000000,-1.000000,-1.000000,0.000000,1.000000,0.163300,-1.387800,-1.000000,1,-1.000000,0,0.000000,2025.05.30 03:00:00,2025.05.30 03:14:58
FastMedContext,CONTEXT,Full window,market_phase,TREND_CONTINUATION,EXPLORATORY,33,8,25,0.242424,-5.591600,-0.169442,0.689540,7.340400,0.971636,-0.744573,-0.639400,11,0.195864,22,-0.352095,2025.04.22 19:40:00,2026.05.22 21:04:58
FastMedContext,CONTEXT,Full window,market_phase,UNCLASSIFIED,MODERATE_SAMPLE,87,33,54,0.379310,14.853800,0.170733,1.340434,9.943700,1.184118,-0.888202,-0.507600,40,0.243728,47,0.108611,2025.03.05 15:45:00,2026.07.16 04:20:00
FastMedContext,CONTEXT,Full window,trend_strength,NORMAL,MODERATE_SAMPLE,58,25,33,0.431034,21.405200,0.369055,1.805185,4.801000,1.285876,-0.796571,-0.298000,25,0.453864,33,0.304806,2025.03.05 15:45:00,2026.07.21 04:39:58
FastMedContext,CONTEXT,Full window,trend_strength,STRONG,INSUFFICIENT,11,3,8,0.272727,-1.069200,-0.097200,0.790542,2.623500,0.723409,-0.724882,-0.322000,7,-0.046000,4,-0.186800,2025.03.27 13:45:00,2026.07.15 20:35:00
FastMedContext,CONTEXT,Full window,trend_strength,WEAK,STRONGER_DESCRIPTIVE_SAMPLE,166,55,111,0.331325,3.396000,0.020458,1.037808,11.802500,1.150751,-0.892928,-0.633350,81,0.072602,85,-0.029233,2025.03.05 17:05:00,2026.07.21 04:10:00
FastMedContext,CONTEXT,Full window,volatility,CONTRACTING,EXPLORATORY,34,7,27,0.205882,-10.747100,-0.316091,0.528274,10.822100,0.918162,-1.002974,-1.000000,14,0.038979,20,-0.564640,2025.03.11 08:55:00,2026.07.15 20:35:00
FastMedContext,CONTEXT,Full window,volatility,EXPANDING,STRONGER_DESCRIPTIVE_SAMPLE,111,44,67,0.396396,27.708800,0.249629,1.536425,6.043400,1.192283,-0.794595,-0.363400,55,0.306047,56,0.194218,2025.03.05 15:45:00,2026.07.21 04:39:58
FastMedContext,CONTEXT,Full window,volatility,NORMAL,MODERATE_SAMPLE,90,32,58,0.355556,6.770300,0.075226,1.143824,8.092300,1.222246,-0.889996,-0.579100,44,-0.010748,46,0.157461,2025.03.11 06:25:00,2026.07.21 04:10:00
FastMedContext,CONTEXT,Validation,alignment,FULLY_ALIGNED,EXPLORATORY,24,5,19,0.208333,-5.246000,-0.218583,0.655910,7.905000,0.977371,-0.847538,-0.860700,8,0.058463,16,-0.357106,2026.01.06 01:10:00,2026.05.07 09:34:58
FastMedContext,CONTEXT,Validation,alignment,OPPOSED,EXPLORATORY,20,13,7,0.650000,14.497300,0.724865,3.071043,2.000000,1.775245,-0.914865,1.562750,8,0.687163,12,0.750000,2026.01.06 20:05:00,2026.04.21 21:19:58
FastMedContext,CONTEXT,Validation,alignment,PARTIALLY_ALIGNED,INSUFFICIENT,7,3,4,0.428571,0.002500,0.000357,1.000625,3.997500,1.016157,-1.028886,-1.000000,4,-0.250000,3,0.334167,2026.01.30 22:20:00,2026.04.16 05:29:58
FastMedContext,CONTEXT,Validation,direction,BEARISH,EXPLORATORY,25,12,13,0.480000,13.467700,0.538708,2.278705,4.627300,1.523696,-0.904728,-0.236400,11,0.315245,14,0.714286,2026.01.16 17:40:00,2026.04.21 21:19:58
FastMedContext,CONTEXT,Validation,direction,BULLISH,EXPLORATORY,26,9,17,0.346154,-4.213900,-0.162073,0.731833,7.120700,1.076250,-0.893162,-1.000000,9,0.166367,17,-0.335953,2026.01.06 01:10:00,2026.05.07 09:34:58
FastMedContext,CONTEXT,Validation,market_phase,BREAKOUT,INSUFFICIENT,4,1,3,0.250000,-1.000000,-0.250000,0.666667,2.000000,0.720025,-0.993900,-1.000000,2,-1.000000,2,0.500000,2026.02.11 21:55:00,2026.03.12 18:14:58
FastMedContext,CONTEXT,Validation,market_phase,COMPRESSION,INSUFFICIENT,3,1,2,0.333333,0.000000,0.000000,1.000000,2.000000,1.196767,-0.969233,-1.000000,1,2.000000,2,-1.000000,2026.02.11 07:35:00,2026.03.13 13:19:57
FastMedContext,CONTEXT,Validation,market_phase,PULLBACK,INSUFFICIENT,11,6,5,0.545455,5.030700,0.457336,2.006140,2.000000,1.632164,-1.133482,0.030700,4,0.007675,7,0.714286,2026.01.06 20:05:00,2026.04.21 21:19:58
FastMedContext,CONTEXT,Validation,market_phase,TREND_CONTINUATION,INSUFFICIENT,16,3,13,0.187500,-4.654500,-0.290906,0.563142,6.654500,1.046437,-0.890613,-1.000000,4,0.124225,12,-0.429283,2026.01.16 17:40:00,2026.05.07 09:34:58
FastMedContext,CONTEXT,Validation,market_phase,UNCLASSIFIED,INSUFFICIENT,17,10,7,0.588235,9.877600,0.581035,2.766538,2.688100,1.465159,-0.719941,0.341100,9,0.493044,8,0.680025,2026.01.06 01:10:00,2026.04.16 05:29:58
FastMedContext,CONTEXT,Validation,trend_strength,NORMAL,INSUFFICIENT,14,6,8,0.428571,5.455800,0.389700,1.833685,4.544200,1.323536,-1.009371,-0.272100,4,0.113950,10,0.500000,2026.01.16 17:40:00,2026.05.07 09:34:58
FastMedContext,CONTEXT,Validation,trend_strength,WEAK,EXPLORATORY,37,15,22,0.405405,3.798000,0.102649,1.192774,5.000000,1.285011,-0.857005,-0.639400,16,0.281825,21,-0.033867,2026.01.06 01:10:00,2026.04.21 21:19:58
FastMedContext,CONTEXT,Validation,volatility,CONTRACTING,INSUFFICIENT,10,3,7,0.300000,0.408500,0.040850,1.073057,4.029200,0.962880,-0.799150,-0.641850,6,0.661800,4,-0.890575,2026.01.06 01:10:00,2026.04.16 03:04:58
FastMedContext,CONTEXT,Validation,volatility,EXPANDING,INSUFFICIENT,18,9,9,0.500000,6.839300,0.379961,1.792751,3.658900,1.404083,-0.761644,-0.143100,6,1.139883,12,0.000000,2026.01.09 18:50:00,2026.05.07 09:34:58
FastMedContext,CONTEXT,Validation,volatility,NORMAL,EXPLORATORY,23,9,14,0.391304,2.006000,0.087217,1.166789,6.354600,1.355330,-1.049535,-0.639400,8,-0.730638,15,0.523407,2026.01.06 20:05:00,2026.04.21 08:34:58
MedSlowContext,CONTEXT,Development,alignment,FULLY_ALIGNED,MODERATE_SAMPLE,63,19,44,0.301587,-3.079500,-0.048881,0.914901,12.198700,0.884935,-0.869621,-0.718200,35,0.130554,28,-0.273175,2025.03.05 09:20:00,2025.12.29 22:40:00
MedSlowContext,CONTEXT,Development,alignment,OPPOSED,STRONGER_DESCRIPTIVE_SAMPLE,155,50,105,0.322581,-8.226900,-0.053077,0.901152,21.116800,0.981691,-0.790461,-0.625500,84,0.034955,71,-0.157227,2025.03.04 11:25:00,2025.12.30 14:25:00
MedSlowContext,CONTEXT,Development,alignment,PARTIALLY_ALIGNED,MODERATE_SAMPLE,51,18,33,0.352941,0.697000,0.013667,1.026140,11.017000,0.975133,-0.752631,-0.465000,24,0.033413,27,-0.003885,2025.03.05 05:45:00,2025.12.30 16:49:58
MedSlowContext,CONTEXT,Development,direction,BEARISH,STRONGER_DESCRIPTIVE_SAMPLE,123,40,83,0.325203,-1.620700,-0.013176,0.974289,23.247700,0.975825,-0.777489,-0.574400,45,0.315478,78,-0.202785,2025.03.04 11:25:00,2025.12.30 16:49:58
MedSlowContext,CONTEXT,Development,direction,BULLISH,STRONGER_DESCRIPTIVE_SAMPLE,146,47,99,0.321918,-8.988700,-0.061566,0.891760,12.265800,0.942591,-0.822333,-0.732750,98,-0.060092,48,-0.064577,2025.03.24 01:00:00,2025.12.30 01:19:58
MedSlowContext,CONTEXT,Development,market_phase,BREAKOUT,INSUFFICIENT,3,1,2,0.333333,0.172800,0.057600,1.094571,1.827200,1.060733,-0.698067,-0.827200,3,0.057600,0,0.000000,2025.03.27 17:30:00,2025.05.30 16:44:58
MedSlowContext,CONTEXT,Development,market_phase,COMPRESSION,INSUFFICIENT,4,2,2,0.500000,1.217000,0.304250,2.107673,1.000000,0.834500,-0.458500,0.108500,2,0.500000,2,0.108500,2025.05.12 06:25:00,2025.08.12 21:00:00
MedSlowContext,CONTEXT,Development,market_phase,PULLBACK,MODERATE_SAMPLE,79,25,54,0.316456,-5.699700,-0.072148,0.865153,17.894300,1.010457,-0.821894,-0.687800,36,-0.009675,43,-0.124451,2025.03.04 16:30:00,2025.12.30 14:25:00
MedSlowContext,CONTEXT,Development,market_phase,TRANSITION,INSUFFICIENT,2,1,1,0.500000,-0.230900,-0.115450,0.412319,0.392900,0.320450,-0.203900,-0.115450,0,0.000000,2,-0.115450,2025.04.03 19:55:00,2025.07.18 05:15:00
MedSlowContext,CONTEXT,Development,market_phase,TREND_CONTINUATION,MODERATE_SAMPLE,50,15,35,0.300000,-3.283800,-0.065676,0.884339,9.290100,0.836484,-0.889644,-0.687800,30,0.110990,20,-0.330675,2025.03.05 09:20:00,2025.12.29 22:40:00
MedSlowContext,CONTEXT,Development,market_phase,UNCLASSIFIED,STRONGER_DESCRIPTIVE_SAMPLE,131,43,88,0.328244,-2.784800,-0.021258,0.961376,16.368000,0.983461,-0.778198,-0.625500,72,0.057685,59,-0.117595,2025.03.04 11:25:00,2025.12.30 16:49:58
MedSlowContext,CONTEXT,Development,trend_strength,NORMAL,MODERATE_SAMPLE,53,12,41,0.226415,-10.585100,-0.199719,0.641318,13.877700,0.803511,-0.782600,-0.639700,31,-0.268942,22,-0.102177,2025.03.04 11:25:00,2025.12.29 22:40:00
MedSlowContext,CONTEXT,Development,trend_strength,STRONG,INSUFFICIENT,9,4,5,0.444444,1.414900,0.157211,1.282980,4.000000,1.014356,-0.727700,-1.000000,6,0.735817,3,-1.000000,2025.03.25 17:05:00,2025.12.22 17:59:58
MedSlowContext,CONTEXT,Development,trend_strength,WEAK,STRONGER_DESCRIPTIVE_SAMPLE,207,71,136,0.342995,-1.439200,-0.006953,0.987100,24.140500,0.994829,-0.809974,-0.612000,106,0.115375,101,-0.135337,2025.03.04 21:35:00,2025.12.30 16:49:58
MedSlowContext,CONTEXT,Development,volatility,CONTRACTING,MODERATE_SAMPLE,62,16,46,0.258065,-11.165000,-0.180081,0.693071,18.463200,0.859345,-0.821129,-0.771900,30,-0.167020,32,-0.192325,2025.03.04 23:15:00,2025.12.30 01:19:58
MedSlowContext,CONTEXT,Development,volatility,EXPANDING,STRONGER_DESCRIPTIVE_SAMPLE,107,40,67,0.373832,3.656300,0.034171,1.067741,14.998900,1.030111,-0.763504,-0.574400,62,0.202168,45,-0.197291,2025.03.04 11:25:00,2025.12.30 14:25:00
MedSlowContext,CONTEXT,Development,volatility,NORMAL,STRONGER_DESCRIPTIVE_SAMPLE,100,31,69,0.310000,-3.100700,-0.031007,0.944360,16.850300,0.941435,-0.830869,-0.646100,51,0.015367,49,-0.079273,2025.03.04 21:35:00,2025.12.30 16:49:58
MedSlowContext,CONTEXT,Final holdout,alignment,FULLY_ALIGNED,EXPLORATORY,23,7,16,0.304348,-2.225800,-0.096774,0.809330,8.774600,1.234452,-0.838152,-0.348100,10,-0.150820,13,-0.055200,2026.05.01 11:10:00,2026.07.15 15:39:58
MedSlowContext,CONTEXT,Final holdout,alignment,OPPOSED,EXPLORATORY,31,10,21,0.322581,3.204300,0.103365,1.209793,6.149100,1.140100,-0.862813,-0.351000,14,0.166479,17,0.051388,2026.05.13 20:40:00,2026.07.21 05:39:58
MedSlowContext,CONTEXT,Final holdout,alignment,PARTIALLY_ALIGNED,INSUFFICIENT,15,3,12,0.200000,-4.507300,-0.300487,0.571032,4.507300,0.930953,-2.244627,-0.849700,11,-0.603900,4,0.533900,2026.05.27 01:55:00,2026.07.15 19:20:00
MedSlowContext,CONTEXT,Final holdout,direction,BEARISH,EXPLORATORY,41,14,27,0.341463,1.954300,0.047666,1.092768,8.176100,1.070071,-1.291468,-0.554000,14,-0.023100,27,0.084359,2026.05.06 04:20:00,2026.07.21 05:39:58
MedSlowContext,CONTEXT,Final holdout,direction,BULLISH,EXPLORATORY,28,6,22,0.214286,-5.483100,-0.195825,0.665420,9.221800,1.208104,-0.955139,-0.656950,21,-0.261762,7,0.001986,2026.05.01 11:10:00,2026.07.16 05:39:58
MedSlowContext,CONTEXT,Final holdout,market_phase,PULLBACK,INSUFFICIENT,13,5,8,0.384615,3.789300,0.291485,1.610124,4.351000,1.318454,-0.867077,-0.351000,5,1.400000,8,-0.401338,2026.05.14 12:25:00,2026.07.15 20:34:58
MedSlowContext,CONTEXT,Final holdout,market_phase,TREND_CONTINUATION,INSUFFICIENT,19,6,13,0.315789,-0.292800,-0.015411,0.968185,6.841600,1.324363,-0.839005,-0.318200,9,-0.115322,10,0.074510,2026.05.01 11:10:00,2026.07.15 15:39:58
MedSlowContext,CONTEXT,Final holdout,market_phase,UNCLASSIFIED,EXPLORATORY,37,9,28,0.243243,-7.025300,-0.189873,0.681255,8.684400,0.956676,-1.418405,-0.804500,21,-0.561071,16,0.297325,2026.05.13 20:40:00,2026.07.21 05:39:58
MedSlowContext,CONTEXT,Final holdout,trend_strength,NORMAL,EXPLORATORY,20,6,14,0.300000,2.980300,0.149015,1.394376,4.459000,1.244725,-0.578010,-0.315200,10,0.397160,10,-0.099130,2026.05.01 11:10:00,2026.07.15 20:34:58
MedSlowContext,CONTEXT,Final holdout,trend_strength,STRONG,INSUFFICIENT,3,1,2,0.333333,0.195500,0.065167,1.108340,1.000000,1.020567,-0.883800,-0.804500,2,-0.902250,1,2.000000,2026.05.25 01:05:00,2026.07.15 19:20:00
MedSlowContext,CONTEXT,Final holdout,trend_strength,WEAK,EXPLORATORY,46,13,33,0.282609,-6.704600,-0.145752,0.761343,12.949600,1.081383,-1.423533,-1.000000,23,-0.347283,23,0.055778,2026.05.12 17:00:00,2026.07.21 05:39:58
MedSlowContext,CONTEXT,Final holdout,volatility,CONTRACTING,INSUFFICIENT,12,2,10,0.166667,-4.808200,-0.400683,0.345422,5.933000,0.779075,-2.456225,-0.777000,5,-0.294060,7,-0.476843,2026.05.13 20:40:00,2026.06.17 22:24:58
MedSlowContext,CONTEXT,Final holdout,volatility,EXPANDING,EXPLORATORY,31,11,20,0.354839,4.160300,0.134203,1.297513,5.273400,1.283200,-0.857245,-0.318200,16,-0.231806,15,0.524613,2026.05.01 11:10:00,2026.07.21 05:39:58
MedSlowContext,CONTEXT,Final holdout,volatility,NORMAL,EXPLORATORY,26,7,19,0.269231,-2.880900,-0.110804,0.821344,8.537200,1.098912,-0.909415,-0.857050,14,-0.045800,12,-0.186642,2026.05.14 09:05:00,2026.07.16 05:39:58
MedSlowContext,CONTEXT,Full window,alignment,FULLY_ALIGNED,STRONGER_DESCRIPTIVE_SAMPLE,123,41,82,0.333333,-0.342900,-0.002788,0.994918,12.198700,1.067906,-0.839008,-0.666200,62,0.075166,61,-0.082020,2025.03.05 09:20:00,2026.07.15 15:39:58
MedSlowContext,CONTEXT,Full window,alignment,OPPOSED,STRONGER_DESCRIPTIVE_SAMPLE,237,78,159,0.329114,-1.530300,-0.006457,0.987696,23.000300,1.041608,-0.817338,-0.562400,115,0.061834,122,-0.070830,2025.03.04 11:25:00,2026.07.21 05:39:58
MedSlowContext,CONTEXT,Full window,alignment,PARTIALLY_ALIGNED,MODERATE_SAMPLE,80,25,55,0.312500,-6.434100,-0.080426,0.857840,11.017000,0.957685,-1.044780,-0.761950,42,-0.270583,38,0.129747,2025.03.05 05:45:00,2026.07.15 19:20:00
MedSlowContext,CONTEXT,Full window,direction,BEARISH,STRONGER_DESCRIPTIVE_SAMPLE,222,73,149,0.328829,-0.933700,-0.004206,0.991877,23.247700,1.026962,-0.895642,-0.566900,78,0.174285,144,-0.100888,2025.03.04 11:25:00,2026.07.21 05:39:58
MedSlowContext,CONTEXT,Full window,direction,BULLISH,STRONGER_DESCRIPTIVE_SAMPLE,218,71,147,0.325688,-7.373600,-0.033824,0.939640,12.813600,1.040563,-0.833288,-0.706800,141,-0.093528,77,0.075505,2025.03.24 01:00:00,2026.07.16 05:39:58
MedSlowContext,CONTEXT,Full window,market_phase,BREAKOUT,INSUFFICIENT,3,1,2,0.333333,0.172800,0.057600,1.094571,1.827200,1.060733,-0.698067,-0.827200,3,0.057600,0,0.000000,2025.03.27 17:30:00,2025.05.30 16:44:58
MedSlowContext,CONTEXT,Full window,market_phase,COMPRESSION,INSUFFICIENT,4,2,2,0.500000,1.217000,0.304250,2.107673,1.000000,0.834500,-0.458500,0.108500,2,0.500000,2,0.108500,2025.05.12 06:25:00,2025.08.12 21:00:00
MedSlowContext,CONTEXT,Full window,market_phase,PULLBACK,STRONGER_DESCRIPTIVE_SAMPLE,115,40,75,0.347826,0.453800,0.003946,1.007629,17.894300,1.064200,-0.833501,-0.574400,48,0.125596,67,-0.083206,2025.03.04 16:30:00,2026.07.15 20:34:58
MedSlowContext,CONTEXT,Full window,market_phase,TRANSITION,INSUFFICIENT,2,1,1,0.500000,-0.230900,-0.115450,0.412319,0.392900,0.320450,-0.203900,-0.115450,0,0.000000,2,-0.115450,2025.04.03 19:55:00,2025.07.18 05:15:00
MedSlowContext,CONTEXT,Full window,market_phase,TREND_CONTINUATION,MODERATE_SAMPLE,99,31,68,0.313131,-4.822100,-0.048708,0.912646,11.035600,1.034016,-0.862137,-0.666200,54,0.053535,45,-0.171400,2025.03.05 09:20:00,2026.07.15 15:39:58
MedSlowContext,CONTEXT,Full window,market_phase,UNCLASSIFIED,STRONGER_DESCRIPTIVE_SAMPLE,217,69,148,0.317972,-5.097900,-0.023493,0.957197,16.368000,1.027265,-0.898383,-0.625500,112,-0.086479,105,0.043692,2025.03.04 11:25:00,2026.07.21 05:39:58
MedSlowContext,CONTEXT,Full window,trend_strength,NORMAL,MODERATE_SAMPLE,99,24,75,0.242424,-11.955900,-0.120767,0.771232,22.228800,0.908112,-0.754054,-0.562400,50,-0.111392,49,-0.130333,2025.03.04 11:25:00,2026.07.15 20:34:58
MedSlowContext,CONTEXT,Full window,trend_strength,STRONG,INSUFFICIENT,16,9,7,0.562500,7.714900,0.482181,2.133794,4.000000,1.200731,-0.706606,0.259700,9,0.512267,7,0.443500,2025.03.25 17:05:00,2026.07.15 19:20:00
MedSlowContext,CONTEXT,Full window,trend_strength,WEAK,STRONGER_DESCRIPTIVE_SAMPLE,325,111,214,0.341538,-4.066300,-0.012512,0.977161,24.140500,1.063734,-0.906254,-0.694300,160,0.008537,165,-0.032922,2025.03.04 21:35:00,2026.07.21 05:39:58
MedSlowContext,CONTEXT,Full window,volatility,CONTRACTING,MODERATE_SAMPLE,97,27,70,0.278351,-10.141000,-0.104546,0.812543,18.463200,0.985133,-1.044304,-0.681400,45,-0.169122,52,-0.048663,2025.03.04 23:15:00,2026.06.17 22:24:58
MedSlowContext,CONTEXT,Full window,volatility,EXPANDING,STRONGER_DESCRIPTIVE_SAMPLE,174,67,107,0.385057,15.885200,0.091294,1.186452,14.998900,1.102772,-0.775781,-0.408750,91,0.181788,83,-0.007922,2025.03.04 11:25:00,2026.07.21 05:39:58
MedSlowContext,CONTEXT,Full window,volatility,NORMAL,STRONGER_DESCRIPTIVE_SAMPLE,169,50,119,0.295858,-14.051500,-0.083145,0.856341,24.138700,0.990462,-0.853290,-0.719300,83,-0.102717,86,-0.064256,2025.03.04 21:35:00,2026.07.16 05:39:58
MedSlowContext,CONTEXT,Validation,alignment,FULLY_ALIGNED,EXPLORATORY,37,15,22,0.405405,4.962400,0.134119,1.253093,11.035600,1.275922,-0.787416,-0.613100,17,0.094065,20,0.168165,2026.01.08 02:25:00,2026.04.28 13:59:58
MedSlowContext,CONTEXT,Validation,alignment,OPPOSED,MODERATE_SAMPLE,51,18,33,0.352941,3.492300,0.068476,1.134955,10.150800,1.163839,-0.871378,-0.463500,17,0.108471,34,0.048479,2026.01.07 18:30:00,2026.04.27 18:04:58
MedSlowContext,CONTEXT,Validation,alignment,PARTIALLY_ALIGNED,INSUFFICIENT,14,4,10,0.285714,-2.623800,-0.187414,0.675601,4.100300,0.922764,-0.823486,-0.782350,7,-0.789071,7,0.414243,2026.01.07 17:15:00,2026.04.24 15:49:58
MedSlowContext,CONTEXT,Validation,direction,BEARISH,MODERATE_SAMPLE,58,19,39,0.327586,-1.267300,-0.021850,0.958914,12.931900,1.104933,-0.866400,-0.544650,19,-0.014679,39,-0.025344,2026.01.07 17:15:00,2026.04.27 18:04:58
MedSlowContext,CONTEXT,Validation,direction,BULLISH,EXPLORATORY,44,18,26,0.409091,7.098200,0.161323,1.312315,7.613100,1.259034,-0.792098,-0.588900,22,-0.081886,22,0.404532,2026.01.07 18:30:00,2026.04.28 13:59:58
MedSlowContext,CONTEXT,Validation,market_phase,PULLBACK,EXPLORATORY,23,10,13,0.434783,2.364200,0.102791,1.214818,4.008200,1.105087,-0.854391,-0.323300,7,-0.089014,16,0.186706,2026.01.08 12:00:00,2026.04.23 08:34:57
MedSlowContext,CONTEXT,Validation,market_phase,TREND_CONTINUATION,EXPLORATORY,30,10,20,0.333333,-1.245500,-0.041517,0.929261,11.035600,1.179350,-0.830943,-1.000000,15,0.039940,15,-0.122973,2026.01.16 17:40:00,2026.04.27 08:34:58
MedSlowContext,CONTEXT,Validation,market_phase,UNCLASSIFIED,EXPLORATORY,49,17,32,0.346939,4.712200,0.096167,1.188789,6.322900,1.197676,-0.827024,-0.463500,19,-0.108232,30,0.225620,2026.01.07 17:15:00,2026.04.28 13:59:58
MedSlowContext,CONTEXT,Validation,trend_strength,NORMAL,EXPLORATORY,26,6,20,0.230769,-4.351100,-0.167350,0.713630,12.351100,0.862404,-0.831281,-0.671200,9,-0.133778,17,-0.185124,2026.01.16 17:40:00,2026.04.28 13:59:58
MedSlowContext,CONTEXT,Validation,trend_strength,STRONG,INSUFFICIENT,4,4,0,1.000000,6.104500,1.526125,inf,0.000000,1.755200,-0.526250,2.000000,1,2.000000,3,1.368167,2026.02.04 03:15:00,2026.04.23 07:50:00
MedSlowContext,CONTEXT,Validation,trend_strength,WEAK,MODERATE_SAMPLE,72,27,45,0.375000,4.077500,0.056632,1.106244,14.786700,1.250560,-0.852572,-0.592250,31,-0.092787,41,0.169607,2026.01.07 17:15:00,2026.04.27 06:40:00
MedSlowContext,CONTEXT,Validation,volatility,CONTRACTING,EXPLORATORY,23,9,14,0.391304,5.832200,0.253574,1.562102,3.934200,1.431722,-0.909252,-0.289900,10,-0.112960,13,0.535523,2026.01.08 02:25:00,2026.04.28 13:59:58
MedSlowContext,CONTEXT,Validation,volatility,EXPANDING,EXPLORATORY,36,16,20,0.444444,8.068600,0.224128,1.468046,10.000000,1.163367,-0.742122,-0.303350,13,0.593631,23,0.015278,2026.01.07 17:15:00,2026.04.24 17:14:58
MedSlowContext,CONTEXT,Validation,volatility,NORMAL,EXPLORATORY,43,12,31,0.279070,-8.069900,-0.187672,0.689118,11.069900,1.038902,-0.871495,-1.000000,18,-0.481556,25,0.023924,2026.01.21 03:00:00,2026.04.27 08:34:58
MediumBreakout,BREAKOUT,Development,alignment,FULLY_ALIGNED,MODERATE_SAMPLE,68,22,46,0.323529,-2.838600,-0.041744,0.923884,13.056200,0.906746,-0.940816,-0.652950,38,0.107558,30,-0.230860,2025.03.05 09:20:00,2025.12.29 22:40:00
MediumBreakout,BREAKOUT,Development,alignment,OPPOSED,STRONGER_DESCRIPTIVE_SAMPLE,188,60,128,0.319149,-14.446300,-0.076842,0.858588,28.503600,0.971881,-0.813642,-0.639200,98,-0.000853,90,-0.159586,2025.03.04 11:25:00,2025.12.30 14:25:00
MediumBreakout,BREAKOUT,Development,alignment,PARTIALLY_ALIGNED,MODERATE_SAMPLE,60,19,41,0.316667,-5.592200,-0.093203,0.834691,15.891700,0.911758,-0.799530,-0.768200,26,-0.071146,34,-0.110071,2025.03.05 05:45:00,2025.12.30 16:49:58
MediumBreakout,BREAKOUT,Development,direction,BEARISH,STRONGER_DESCRIPTIVE_SAMPLE,142,44,98,0.309859,-11.641200,-0.081980,0.848673,33.150300,0.945030,-0.807469,-0.623550,60,0.092557,82,-0.209690,2025.03.04 11:25:00,2025.12.30 16:49:58
MediumBreakout,BREAKOUT,Development,direction,BULLISH,STRONGER_DESCRIPTIVE_SAMPLE,174,57,117,0.327586,-11.235900,-0.064574,0.883388,15.105700,0.947607,-0.863514,-0.685350,102,-0.033329,72,-0.108838,2025.03.24 01:00:00,2025.12.30 01:19:58
MediumBreakout,BREAKOUT,Development,market_phase,BREAKOUT,INSUFFICIENT,4,1,3,0.250000,-2.124500,-0.531125,0.128410,2.437500,0.438475,-0.745675,-0.718750,4,-0.531125,0,0.000000,2025.03.27 17:30:00,2025.12.10 05:15:00
MediumBreakout,BREAKOUT,Development,market_phase,COMPRESSION,INSUFFICIENT,4,2,2,0.500000,1.217000,0.304250,2.107673,1.000000,0.834500,-0.458500,0.108500,2,0.500000,2,0.108500,2025.05.12 06:25:00,2025.08.12 21:00:00
MediumBreakout,BREAKOUT,Development,market_phase,PULLBACK,STRONGER_DESCRIPTIVE_SAMPLE,101,33,68,0.326733,-10.334000,-0.102317,0.814094,21.541500,0.955921,-0.859919,-0.712500,43,-0.107579,58,-0.098416,2025.03.04 16:30:00,2025.12.30 14:25:00
MediumBreakout,BREAKOUT,Development,market_phase,TRANSITION,INSUFFICIENT,4,1,3,0.250000,-2.070900,-0.517725,0.072551,2.232900,0.617775,-0.703675,-0.616450,1,-1.000000,3,-0.356967,2025.04.03 19:55:00,2025.07.18 05:15:00
MediumBreakout,BREAKOUT,Development,market_phase,TREND_CONTINUATION,MODERATE_SAMPLE,53,17,36,0.320755,-3.316100,-0.062568,0.887428,8.823800,0.875043,-0.994396,-0.666200,32,0.142947,21,-0.375733,2025.03.05 09:20:00,2025.12.29 22:40:00
MediumBreakout,BREAKOUT,Development,market_phase,UNCLASSIFIED,STRONGER_DESCRIPTIVE_SAMPLE,150,47,103,0.313333,-6.248600,-0.041657,0.924228,21.402800,0.990597,-0.784839,-0.623550,80,0.054124,70,-0.151121,2025.03.04 11:25:00,2025.12.30 16:49:58
MediumBreakout,BREAKOUT,Development,trend_strength,NORMAL,MODERATE_SAMPLE,58,14,44,0.241379,-10.718500,-0.184802,0.665204,15.011100,0.873348,-0.780002,-0.634900,32,-0.162409,26,-0.212362,2025.03.04 11:25:00,2025.12.29 22:40:00
MediumBreakout,BREAKOUT,Development,trend_strength,STRONG,INSUFFICIENT,9,4,5,0.444444,1.414900,0.157211,1.282980,4.000000,1.014356,-0.727700,-1.000000,6,0.735817,3,-1.000000,2025.03.25 17:05:00,2025.12.22 17:59:58
MediumBreakout,BREAKOUT,Development,trend_strength,WEAK,STRONGER_DESCRIPTIVE_SAMPLE,249,83,166,0.333333,-13.573500,-0.054512,0.900389,34.909800,0.961022,-0.855914,-0.672300,124,0.023677,125,-0.132076,2025.03.04 21:35:00,2025.12.30 16:49:58
MediumBreakout,BREAKOUT,Development,volatility,CONTRACTING,MODERATE_SAMPLE,81,22,59,0.271605,-11.508000,-0.142074,0.752244,20.495300,0.875638,-0.825659,-0.738900,37,-0.192111,44,-0.099998,2025.03.04 23:15:00,2025.12.30 01:19:58
MediumBreakout,BREAKOUT,Development,volatility,EXPANDING,STRONGER_DESCRIPTIVE_SAMPLE,119,46,73,0.386555,-0.034300,-0.000288,0.999434,18.957800,1.037976,-0.854029,-0.612000,67,0.176249,52,-0.227750,2025.03.04 11:25:00,2025.12.30 14:25:00
MediumBreakout,BREAKOUT,Development,volatility,NORMAL,STRONGER_DESCRIPTIVE_SAMPLE,116,33,83,0.284483,-11.334800,-0.097714,0.828932,21.468700,0.902000,-0.831070,-0.680950,58,-0.043910,58,-0.151517,2025.03.04 21:35:00,2025.12.30 16:49:58
MediumBreakout,BREAKOUT,Final holdout,alignment,FULLY_ALIGNED,EXPLORATORY,27,8,19,0.296296,-2.237700,-0.082878,0.839128,8.080000,1.198374,-1.164885,-0.348100,14,-0.124600,13,-0.037946,2026.05.01 11:10:00,2026.07.15 15:59:58
MediumBreakout,BREAKOUT,Final holdout,alignment,OPPOSED,EXPLORATORY,38,14,24,0.368421,7.475100,0.196713,1.424792,6.149100,1.233805,-0.848432,-0.190500,17,0.203976,21,0.190833,2026.05.13 20:40:00,2026.07.21 05:39:58
MediumBreakout,BREAKOUT,Final holdout,alignment,PARTIALLY_ALIGNED,INSUFFICIENT,16,3,13,0.187500,-5.702800,-0.356425,0.512698,5.702800,0.898594,-2.222931,-0.932200,10,-0.583840,6,0.022600,2026.05.27 01:30:00,2026.07.15 14:44:58
MediumBreakout,BREAKOUT,Final holdout,direction,BEARISH,EXPLORATORY,49,16,33,0.326531,1.226300,0.025027,1.047131,9.224500,1.045131,-1.443271,-0.694300,21,0.008795,28,0.037200,2026.05.06 04:20:00,2026.07.21 05:39:58
MediumBreakout,BREAKOUT,Final holdout,direction,BULLISH,EXPLORATORY,32,9,23,0.281250,-1.691700,-0.052866,0.901593,6.776500,1.325212,-0.891841,-0.433250,20,-0.214995,12,0.217350,2026.05.01 11:10:00,2026.07.16 05:39:58
MediumBreakout,BREAKOUT,Final holdout,market_phase,PULLBACK,INSUFFICIENT,14,6,8,0.428571,5.214100,0.372436,1.768373,3.231900,1.364393,-0.852029,-0.392950,7,1.142857,7,-0.397986,2026.05.14 12:40:00,2026.07.15 20:34:58
MediumBreakout,BREAKOUT,Final holdout,market_phase,TREND_CONTINUATION,EXPLORATORY,23,6,17,0.260870,-2.999300,-0.130404,0.748165,8.841600,1.172917,-1.018809,-0.348100,13,-0.288031,10,0.074510,2026.05.01 11:10:00,2026.07.15 15:59:58
MediumBreakout,BREAKOUT,Final holdout,market_phase,UNCLASSIFIED,EXPLORATORY,44,13,31,0.295455,-2.680200,-0.060914,0.890667,7.457900,1.080445,-1.452232,-0.817350,21,-0.398610,23,0.247417,2026.05.13 20:40:00,2026.07.21 05:39:58
MediumBreakout,BREAKOUT,Final holdout,trend_strength,NORMAL,EXPLORATORY,21,7,14,0.333333,5.602900,0.266805,1.782670,4.207900,1.263500,-0.546814,-0.231900,11,0.557818,10,-0.053310,2026.05.01 11:10:00,2026.07.15 20:34:58
MediumBreakout,BREAKOUT,Final holdout,trend_strength,STRONG,INSUFFICIENT,2,1,1,0.500000,1.000000,0.500000,2.000000,1.000000,1.396200,-0.911550,0.500000,1,-1.000000,1,2.000000,2026.05.25 01:05:00,2026.06.05 16:39:57
MediumBreakout,BREAKOUT,Final holdout,trend_strength,WEAK,MODERATE_SAMPLE,58,17,41,0.293103,-7.068300,-0.121867,0.798342,13.590800,1.108488,-1.481948,-1.000000,29,-0.319007,29,0.075272,2026.05.12 17:00:00,2026.07.21 05:39:58
MediumBreakout,BREAKOUT,Final holdout,volatility,CONTRACTING,INSUFFICIENT,15,4,11,0.266667,-2.807900,-0.187193,0.706578,5.000000,1.177727,-2.600347,-1.000000,6,0.000000,9,-0.311989,2026.05.13 20:40:00,2026.06.17 22:24:58
MediumBreakout,BREAKOUT,Final holdout,volatility,EXPANDING,EXPLORATORY,31,11,20,0.354839,4.079600,0.131600,1.290068,4.468900,1.267481,-0.863903,-0.318200,15,-0.193627,16,0.436500,2026.05.01 11:10:00,2026.07.21 05:39:58
MediumBreakout,BREAKOUT,Final holdout,volatility,NORMAL,EXPLORATORY,35,10,25,0.285714,-1.737100,-0.049631,0.911263,9.377900,1.047440,-0.956371,-0.785000,20,-0.060540,15,-0.035087,2026.05.14 09:05:00,2026.07.16 05:39:58
MediumBreakout,BREAKOUT,Full window,alignment,FULLY_ALIGNED,STRONGER_DESCRIPTIVE_SAMPLE,133,43,90,0.323308,-4.248400,-0.031943,0.941450,14.467900,1.048196,-0.950901,-0.613100,68,0.026419,65,-0.092998,2025.03.05 09:20:00,2026.07.15 15:59:58
MediumBreakout,BREAKOUT,Full window,alignment,OPPOSED,STRONGER_DESCRIPTIVE_SAMPLE,288,97,191,0.336806,-1.689300,-0.005866,0.988796,30.291500,1.040162,-0.826649,-0.579400,140,0.038006,148,-0.047366,2025.03.04 11:25:00,2026.07.21 05:39:58
MediumBreakout,BREAKOUT,Full window,alignment,PARTIALLY_ALIGNED,MODERATE_SAMPLE,92,26,66,0.282609,-15.325900,-0.166586,0.720548,18.525000,0.905843,-1.059760,-0.835550,43,-0.307249,49,-0.043147,2025.03.05 05:45:00,2026.07.15 14:44:58
MediumBreakout,BREAKOUT,Full window,direction,BEARISH,STRONGER_DESCRIPTIVE_SAMPLE,260,83,177,0.319231,-11.303500,-0.043475,0.918299,33.150300,0.992459,-0.935752,-0.607000,109,0.049111,151,-0.110309,2025.03.04 11:25:00,2026.07.21 05:39:58
MediumBreakout,BREAKOUT,Full window,direction,BULLISH,STRONGER_DESCRIPTIVE_SAMPLE,253,83,170,0.328063,-9.960100,-0.039368,0.928766,21.044200,1.044565,-0.864613,-0.652500,142,-0.080616,111,0.013400,2025.03.24 01:00:00,2026.07.16 05:39:58
MediumBreakout,BREAKOUT,Full window,market_phase,BREAKOUT,INSUFFICIENT,4,1,3,0.250000,-2.124500,-0.531125,0.128410,2.437500,0.438475,-0.745675,-0.718750,4,-0.531125,0,0.000000,2025.03.27 17:30:00,2025.12.10 05:15:00
MediumBreakout,BREAKOUT,Full window,market_phase,COMPRESSION,INSUFFICIENT,4,2,2,0.500000,1.217000,0.304250,2.107673,1.000000,0.834500,-0.458500,0.108500,2,0.500000,2,0.108500,2025.05.12 06:25:00,2025.08.12 21:00:00
MediumBreakout,BREAKOUT,Full window,market_phase,PULLBACK,STRONGER_DESCRIPTIVE_SAMPLE,141,52,89,0.368794,1.793600,0.012721,1.024447,21.541500,1.042204,-0.851188,-0.623100,58,0.081914,83,-0.035631,2025.03.04 16:30:00,2026.07.15 20:34:58
MediumBreakout,BREAKOUT,Full window,market_phase,TRANSITION,INSUFFICIENT,4,1,3,0.250000,-2.070900,-0.517725,0.072551,2.232900,0.617775,-0.703675,-0.616450,1,-1.000000,3,-0.356967,2025.04.03 19:55:00,2025.07.18 05:15:00
MediumBreakout,BREAKOUT,Full window,market_phase,TREND_CONTINUATION,STRONGER_DESCRIPTIVE_SAMPLE,105,31,74,0.295238,-8.849900,-0.084285,0.850762,12.035600,1.022770,-0.964856,-0.666200,58,0.019655,47,-0.212551,2025.03.05 09:20:00,2026.07.15 15:59:58
MediumBreakout,BREAKOUT,Full window,market_phase,UNCLASSIFIED,STRONGER_DESCRIPTIVE_SAMPLE,255,79,176,0.309804,-11.228900,-0.044035,0.919643,21.402800,1.021215,-0.914054,-0.625500,128,-0.077038,127,-0.010772,2025.03.04 11:25:00,2026.07.21 05:39:58
MediumBreakout,BREAKOUT,Full window,trend_strength,NORMAL,STRONGER_DESCRIPTIVE_SAMPLE,106,27,79,0.254717,-10.464000,-0.098717,0.811000,24.359500,0.949046,-0.749121,-0.552500,52,-0.005098,54,-0.188869,2025.03.04 11:25:00,2026.07.15 20:34:58
MediumBreakout,BREAKOUT,Full window,trend_strength,STRONG,INSUFFICIENT,15,9,6,0.600000,8.519400,0.567960,2.419900,4.000000,1.262827,-0.698493,0.414900,8,0.676863,7,0.443500,2025.03.25 17:05:00,2026.06.05 16:39:57
MediumBreakout,BREAKOUT,Full window,trend_strength,WEAK,STRONGER_DESCRIPTIVE_SAMPLE,392,130,262,0.331633,-19.319000,-0.049283,0.910894,34.909800,1.027482,-0.949383,-0.703900,191,-0.058870,201,-0.040173,2025.03.04 21:35:00,2026.07.21 05:39:58
MediumBreakout,BREAKOUT,Full window,volatility,CONTRACTING,STRONGER_DESCRIPTIVE_SAMPLE,124,36,88,0.290323,-12.790600,-0.103150,0.816802,20.495300,0.990584,-1.071077,-0.715350,54,-0.186928,70,-0.038521,2025.03.04 23:15:00,2026.06.17 22:24:58
MediumBreakout,BREAKOUT,Full window,volatility,EXPANDING,STRONGER_DESCRIPTIVE_SAMPLE,190,73,117,0.384211,8.965600,0.047187,1.094358,18.957800,1.090612,-0.832517,-0.462750,98,0.147979,92,-0.060177,2025.03.04 11:25:00,2026.07.21 05:39:58
MediumBreakout,BREAKOUT,Full window,volatility,NORMAL,STRONGER_DESCRIPTIVE_SAMPLE,199,57,142,0.286432,-17.438600,-0.087631,0.846138,26.685900,0.966159,-0.859551,-0.709400,99,-0.106083,100,-0.069364,2025.03.04 21:35:00,2026.07.16 05:39:58
MediumBreakout,BREAKOUT,Validation,alignment,FULLY_ALIGNED,EXPLORATORY,38,13,25,0.342105,0.827900,0.021787,1.038765,14.467900,1.194613,-0.816905,-0.806550,16,-0.034144,22,0.062464,2026.01.08 01:00:00,2026.04.28 13:59:58
MediumBreakout,BREAKOUT,Validation,alignment,OPPOSED,MODERATE_SAMPLE,62,23,39,0.370968,5.281900,0.085192,1.170289,12.311000,1.128523,-0.852737,-0.447550,25,0.077472,37,0.090408,2026.01.07 18:30:00,2026.04.27 18:04:58
MediumBreakout,BREAKOUT,Validation,alignment,PARTIALLY_ALIGNED,INSUFFICIENT,16,4,12,0.250000,-4.030900,-0.251931,0.567087,5.507400,0.890912,-0.872450,-0.782350,7,-0.789071,9,0.165844,2026.01.07 17:15:00,2026.04.24 15:49:58
MediumBreakout,BREAKOUT,Validation,direction,BEARISH,MODERATE_SAMPLE,69,23,46,0.333333,-0.888600,-0.012878,0.974903,15.027500,1.052662,-0.839342,-0.463500,28,-0.013750,41,-0.012283,2026.01.07 17:15:00,2026.04.27 18:04:58
MediumBreakout,BREAKOUT,Validation,direction,BULLISH,EXPLORATORY,47,17,30,0.361702,2.967500,0.063138,1.112924,10.045400,1.212438,-0.850143,-0.623100,20,-0.187400,27,0.248722,2026.01.07 18:30:00,2026.04.28 13:59:58
MediumBreakout,BREAKOUT,Validation,market_phase,PULLBACK,EXPLORATORY,26,13,13,0.500000,6.913500,0.265904,1.628792,3.997500,1.203896,-0.816819,-0.005550,8,0.172113,18,0.307589,2026.01.08 12:00:00,2026.04.23 08:34:57
MediumBreakout,BREAKOUT,Validation,market_phase,TREND_CONTINUATION,EXPLORATORY,29,8,21,0.275862,-2.534500,-0.087397,0.858668,12.035600,1.173672,-0.868079,-1.000000,13,0.023854,16,-0.177787,2026.01.08 11:30:00,2026.04.27 08:34:58
MediumBreakout,BREAKOUT,Validation,market_phase,UNCLASSIFIED,MODERATE_SAMPLE,61,19,42,0.311475,-2.300100,-0.037707,0.929784,11.201800,1.053779,-0.843602,-0.517900,27,-0.215556,34,0.103526,2026.01.07 17:15:00,2026.04.28 13:59:58
MediumBreakout,BREAKOUT,Validation,trend_strength,NORMAL,EXPLORATORY,27,6,21,0.222222,-5.348400,-0.198089,0.669674,13.348400,0.867081,-0.840133,-0.716600,9,-0.133778,18,-0.230244,2026.01.16 17:40:00,2026.04.28 13:59:58
MediumBreakout,BREAKOUT,Validation,trend_strength,STRONG,INSUFFICIENT,4,4,0,1.000000,6.104500,1.526125,inf,0.000000,1.755200,-0.526250,2.000000,1,2.000000,3,1.368167,2026.02.04 03:15:00,2026.04.23 07:50:00
MediumBreakout,BREAKOUT,Validation,trend_strength,WEAK,MODERATE_SAMPLE,85,30,55,0.352941,1.322800,0.015562,1.029076,20.591200,1.166898,-0.859796,-0.571400,38,-0.129711,47,0.133017,2026.01.07 17:15:00,2026.04.27 06:40:00
MediumBreakout,BREAKOUT,Validation,volatility,CONTRACTING,EXPLORATORY,28,10,18,0.357143,1.525300,0.054475,1.110531,6.817000,1.222850,-0.961786,-0.443800,11,-0.271455,17,0.265371,2026.01.07 22:55:00,2026.04.28 13:59:58
MediumBreakout,BREAKOUT,Validation,volatility,EXPANDING,EXPLORATORY,40,16,24,0.400000,4.920300,0.123008,1.241412,11.000000,1.110130,-0.744195,-0.379600,16,0.349850,24,-0.028221,2026.01.07 17:15:00,2026.04.24 17:14:58
MediumBreakout,BREAKOUT,Validation,volatility,NORMAL,EXPLORATORY,48,14,34,0.291667,-4.366700,-0.090973,0.841235,10.943400,1.061944,-0.857781,-0.669850,21,-0.321171,27,0.088070,2026.01.08 11:30:00,2026.04.27 08:34:58
NestedPullback,PULLBACK,Development,alignment,FULLY_ALIGNED,EXPLORATORY,21,4,17,0.190476,-7.088500,-0.337548,0.530205,9.973200,0.943690,-0.882581,-1.000000,8,0.201838,13,-0.669477,2025.04.24 18:00:00,2025.12.18 18:14:58
NestedPullback,PULLBACK,Development,alignment,OPPOSED,MODERATE_SAMPLE,52,20,32,0.384615,3.723400,0.071604,1.126144,8.470300,1.121585,-0.811967,-1.000000,31,0.470497,21,-0.517238,2025.03.05 15:45:00,2025.12.31 07:54:58
NestedPullback,PULLBACK,Development,alignment,PARTIALLY_ALIGNED,INSUFFICIENT,9,1,8,0.111111,-5.209000,-0.578778,0.277431,5.209000,0.716833,-1.037411,-1.000000,3,-0.793233,6,-0.471550,2025.05.30 15:10:00,2025.12.10 06:20:00
NestedPullback,PULLBACK,Development,direction,BEARISH,EXPLORATORY,40,11,29,0.275000,-8.076600,-0.201915,0.698175,12.331000,1.037257,-0.926238,-1.000000,15,0.240980,25,-0.467652,2025.03.05 15:45:00,2025.12.31 07:54:58
NestedPullback,PULLBACK,Development,direction,BULLISH,EXPLORATORY,42,14,28,0.333333,-0.497500,-0.011845,0.980144,13.117800,1.026217,-0.786755,-1.000000,27,0.377989,15,-0.713547,2025.03.11 12:10:00,2025.12.22 07:14:58
NestedPullback,PULLBACK,Development,market_phase,BREAKOUT,INSUFFICIENT,9,1,8,0.111111,-5.209000,-0.578778,0.277431,5.209000,0.716833,-1.037411,-1.000000,3,-0.793233,6,-0.471550,2025.05.30 15:10:00,2025.12.10 06:20:00
NestedPullback,PULLBACK,Development,market_phase,COMPRESSION,INSUFFICIENT,1,1,0,1.000000,2.000000,2.000000,inf,0.000000,2.077100,-0.025200,2.000000,1,2.000000,0,0.000000,2025.07.21 08:10:00,2025.07.21 15:54:57
NestedPullback,PULLBACK,Development,market_phase,PULLBACK,INSUFFICIENT,9,3,6,0.333333,0.000000,0.000000,1.000000,4.000000,1.603478,-1.209433,-1.000000,7,0.285714,2,-1.000000,2025.06.12 04:05:00,2025.12.30 12:34:58
NestedPullback,PULLBACK,Development,market_phase,TREND_CONTINUATION,INSUFFICIENT,17,3,14,0.176471,-6.088500,-0.358147,0.496339,8.088500,0.890106,-0.881618,-1.000000,6,0.102450,11,-0.609382,2025.04.24 18:00:00,2025.12.18 18:14:58
NestedPullback,PULLBACK,Development,market_phase,UNCLASSIFIED,EXPLORATORY,46,17,29,0.369565,0.723400,0.015726,1.027281,9.198500,1.010863,-0.757802,-1.000000,25,0.463416,21,-0.517238,2025.03.05 15:45:00,2025.12.31 07:54:58
NestedPullback,PULLBACK,Development,trend_strength,NORMAL,EXPLORATORY,20,7,13,0.350000,1.560700,0.078035,1.142283,5.470300,1.075685,-0.659155,-0.737000,8,0.768750,12,-0.382442,2025.03.05 15:45:00,2025.12.31 07:54:58
NestedPullback,PULLBACK,Development,trend_strength,STRONG,INSUFFICIENT,4,1,3,0.250000,-0.745600,-0.186400,0.728438,2.000000,0.817725,-0.798000,-0.872800,2,0.500000,2,-0.872800,2025.03.27 13:45:00,2025.12.30 02:00:00
NestedPullback,PULLBACK,Development,trend_strength,WEAK,MODERATE_SAMPLE,58,17,41,0.293103,-9.389200,-0.161883,0.753564,17.389200,1.031152,-0.926174,-1.000000,32,0.208450,26,-0.617677,2025.03.11 12:10:00,2025.12.30 12:34:58
NestedPullback,PULLBACK,Development,volatility,CONTRACTING,INSUFFICIENT,12,3,9,0.250000,-6.290600,-0.524217,0.247590,8.290600,0.705442,-0.930625,-1.000000,6,-0.222083,6,-0.826350,2025.03.25 21:15:00,2025.10.01 11:19:58
NestedPullback,PULLBACK,Development,volatility,EXPANDING,EXPLORATORY,43,14,29,0.325581,-0.556400,-0.012940,0.978373,9.810800,1.112288,-0.833442,-1.000000,20,0.338235,23,-0.318309,2025.03.05 15:45:00,2025.12.31 07:54:58
NestedPullback,PULLBACK,Development,volatility,NORMAL,EXPLORATORY,27,8,19,0.296296,-1.727100,-0.063967,0.902573,6.727100,1.048063,-0.855100,-1.000000,16,0.524262,11,-0.919573,2025.03.11 12:10:00,2025.12.30 03:09:57
NestedPullback,PULLBACK,Final holdout,alignment,FULLY_ALIGNED,INSUFFICIENT,1,1,0,1.000000,0.080700,0.080700,inf,0.000000,0.533500,-0.055200,0.080700,1,0.080700,0,0.000000,2026.05.12 19:00:00,2026.05.13 21:50:00
NestedPullback,PULLBACK,Final holdout,alignment,OPPOSED,INSUFFICIENT,19,8,11,0.421053,5.671600,0.298505,1.609981,3.000000,1.245226,-0.744674,-0.259300,7,0.285714,12,0.305967,2026.05.13 21:45:00,2026.07.22 04:09:58
NestedPullback,PULLBACK,Final holdout,alignment,PARTIALLY_ALIGNED,INSUFFICIENT,2,1,1,0.500000,-0.296200,-0.148100,0.703800,1.000000,0.782500,-0.574450,-0.148100,2,-0.148100,0,0.000000,2026.05.14 15:10:00,2026.07.10 07:25:00
NestedPullback,PULLBACK,Final holdout,direction,BEARISH,INSUFFICIENT,14,7,7,0.500000,5.752300,0.410879,2.085749,2.000000,1.270771,-0.679150,0.021000,2,1.040350,12,0.305967,2026.05.12 19:00:00,2026.07.22 04:09:58
NestedPullback,PULLBACK,Final holdout,direction,BULLISH,INSUFFICIENT,8,3,5,0.375000,-0.296200,-0.037025,0.940760,3.000000,0.995875,-0.730600,-1.000000,8,-0.037025,0,0.000000,2026.05.14 15:10:00,2026.07.16 05:39:58
NestedPullback,PULLBACK,Final holdout,market_phase,BREAKOUT,INSUFFICIENT,2,1,1,0.500000,-0.296200,-0.148100,0.703800,1.000000,0.782500,-0.574450,-0.148100,2,-0.148100,0,0.000000,2026.05.14 15:10:00,2026.07.10 07:25:00
NestedPullback,PULLBACK,Final holdout,market_phase,COMPRESSION,INSUFFICIENT,3,1,2,0.333333,-0.289700,-0.096567,0.769952,1.259300,0.830800,-0.547567,-0.259300,0,0.000000,3,-0.096567,2026.06.22 06:15:00,2026.07.22 04:09:58
NestedPullback,PULLBACK,Final holdout,market_phase,PULLBACK,INSUFFICIENT,1,1,0,1.000000,2.000000,2.000000,inf,0.000000,2.061400,-0.040300,2.000000,1,2.000000,0,0.000000,2026.05.14 12:40:00,2026.05.14 13:14:57
NestedPullback,PULLBACK,Final holdout,market_phase,TREND_CONTINUATION,INSUFFICIENT,1,1,0,1.000000,0.080700,0.080700,inf,0.000000,0.533500,-0.055200,0.080700,1,0.080700,0,0.000000,2026.05.12 19:00:00,2026.05.13 21:50:00
NestedPullback,PULLBACK,Final holdout,market_phase,UNCLASSIFIED,INSUFFICIENT,15,6,9,0.400000,3.961300,0.264087,1.492779,3.000000,1.273700,-0.831053,-1.000000,6,0.000000,9,0.440144,2026.05.13 21:45:00,2026.07.16 05:39:58
NestedPullback,PULLBACK,Final holdout,trend_strength,NORMAL,INSUFFICIENT,5,2,3,0.400000,-0.030400,-0.006080,0.989867,2.000000,1.015760,-0.765180,-1.000000,3,0.000000,2,-0.015200,2026.05.13 21:45:00,2026.07.01 16:30:00
NestedPullback,PULLBACK,Final holdout,trend_strength,STRONG,INSUFFICIENT,1,0,1,0.000000,-1.000000,-1.000000,0.000000,1.000000,0.504200,-1.011700,-1.000000,1,-1.000000,0,0.000000,2026.05.25 01:05:00,2026.05.26 14:59:58
NestedPullback,PULLBACK,Final holdout,trend_strength,WEAK,INSUFFICIENT,16,8,8,0.500000,6.486500,0.405406,2.029930,2.259300,1.260925,-0.657206,0.021000,6,0.464083,10,0.370200,2026.05.12 19:00:00,2026.07.22 04:09:58
NestedPullback,PULLBACK,Final holdout,volatility,CONTRACTING,INSUFFICIENT,4,0,4,0.000000,-3.038700,-0.759675,0.000000,3.038700,0.960825,-1.255750,-1.000000,0,0.000000,4,-0.759675,2026.05.22 22:45:00,2026.06.15 05:15:00
NestedPullback,PULLBACK,Final holdout,volatility,EXPANDING,INSUFFICIENT,10,7,3,0.700000,7.784500,0.778450,3.594833,1.000000,1.361290,-0.514500,1.351900,6,-0.035917,4,2.000000,2026.05.12 19:00:00,2026.07.10 17:34:58
NestedPullback,PULLBACK,Final holdout,volatility,NORMAL,INSUFFICIENT,8,3,5,0.375000,0.710300,0.088788,1.166764,2.259300,1.037700,-0.648112,-0.629650,4,0.500000,4,-0.322425,2026.05.13 21:45:00,2026.07.22 04:09:58
NestedPullback,PULLBACK,Full window,alignment,FULLY_ALIGNED,EXPLORATORY,41,10,31,0.243902,-9.452300,-0.230544,0.656692,11.518700,1.043537,-0.842020,-1.000000,14,0.406814,27,-0.561026,2025.04.24 18:00:00,2026.05.13 21:50:00
NestedPullback,PULLBACK,Full window,alignment,OPPOSED,MODERATE_SAMPLE,83,34,49,0.409639,13.129500,0.158187,1.294288,8.470300,1.210470,-0.779042,-0.832600,45,0.425611,38,-0.158500,2025.03.05 15:45:00,2026.07.22 04:09:58
NestedPullback,PULLBACK,Full window,alignment,PARTIALLY_ALIGNED,INSUFFICIENT,12,2,10,0.166667,-6.505200,-0.542100,0.293604,7.209000,0.687250,-0.981442,-1.000000,6,-0.612650,6,-0.471550,2025.05.30 15:10:00,2026.07.10 07:25:00
NestedPullback,PULLBACK,Full window,direction,BEARISH,MODERATE_SAMPLE,65,24,41,0.369231,4.843100,0.074509,1.131286,12.331000,1.218005,-0.817402,-1.000000,23,0.508496,42,-0.163150,2025.03.05 15:45:00,2026.07.22 04:09:58
NestedPullback,PULLBACK,Full window,direction,BULLISH,MODERATE_SAMPLE,71,22,49,0.309859,-7.671100,-0.108044,0.827486,17.374900,1.018742,-0.814500,-1.000000,42,0.225633,29,-0.591300,2025.03.11 12:10:00,2026.07.16 05:39:58
NestedPullback,PULLBACK,Full window,market_phase,BREAKOUT,INSUFFICIENT,12,2,10,0.166667,-6.505200,-0.542100,0.293604,7.209000,0.687250,-0.981442,-1.000000,6,-0.612650,6,-0.471550,2025.05.30 15:10:00,2026.07.10 07:25:00
NestedPullback,PULLBACK,Full window,market_phase,COMPRESSION,INSUFFICIENT,5,2,3,0.400000,0.710300,0.142060,1.314389,1.289700,1.220960,-0.539300,-0.259300,1,2.000000,4,-0.322425,2025.07.21 08:10:00,2026.07.22 04:09:58
NestedPullback,PULLBACK,Full window,market_phase,PULLBACK,INSUFFICIENT,11,5,6,0.454545,4.000000,0.363636,1.666667,4.000000,1.751027,-1.000600,-1.000000,9,0.666667,2,-1.000000,2025.06.12 04:05:00,2026.05.14 13:14:57
NestedPullback,PULLBACK,Full window,market_phase,TREND_CONTINUATION,EXPLORATORY,33,7,26,0.212121,-10.452300,-0.316736,0.536134,10.533000,0.961879,-0.866424,-1.000000,9,0.188378,24,-0.506154,2025.04.24 18:00:00,2026.05.13 21:50:00
NestedPullback,PULLBACK,Full window,market_phase,UNCLASSIFIED,MODERATE_SAMPLE,75,30,45,0.400000,9.419200,0.125589,1.227764,9.198500,1.148612,-0.758509,-0.966800,40,0.378812,35,-0.163809,2025.03.05 15:45:00,2026.07.16 05:39:58
NestedPullback,PULLBACK,Full window,trend_strength,NORMAL,EXPLORATORY,33,11,22,0.333333,-0.469700,-0.014233,0.976479,6.000000,1.059230,-0.736506,-1.000000,14,0.439286,19,-0.348405,2025.03.05 15:45:00,2026.07.01 16:30:00
NestedPullback,PULLBACK,Full window,trend_strength,STRONG,INSUFFICIENT,5,1,4,0.200000,-1.745600,-0.349120,0.533960,2.000000,0.755020,-0.840740,-1.000000,3,0.000000,2,-0.872800,2025.03.27 13:45:00,2026.05.26 14:59:58
NestedPullback,PULLBACK,Full window,trend_strength,WEAK,MODERATE_SAMPLE,98,34,64,0.346939,-0.612700,-0.006252,0.989371,17.389200,1.150728,-0.841349,-1.000000,48,0.312958,50,-0.312694,2025.03.11 12:10:00,2026.07.22 04:09:58
NestedPullback,PULLBACK,Full window,volatility,CONTRACTING,EXPLORATORY,21,5,16,0.238095,-8.329300,-0.396633,0.421548,8.329300,0.899829,-0.946014,-1.000000,10,0.066750,11,-0.817891,2025.03.25 21:15:00,2026.06.15 05:15:00
NestedPullback,PULLBACK,Full window,volatility,EXPANDING,MODERATE_SAMPLE,69,27,42,0.391304,8.554200,0.123974,1.222036,9.810800,1.202665,-0.788025,-0.832600,33,0.324482,36,-0.059825,2025.03.05 15:45:00,2026.07.10 17:34:58
NestedPullback,PULLBACK,Full window,volatility,NORMAL,EXPLORATORY,46,14,32,0.304348,-3.052900,-0.066367,0.892620,11.157300,1.078711,-0.798274,-1.000000,22,0.445300,24,-0.535396,2025.03.11 12:10:00,2026.07.22 04:09:58
NestedPullback,PULLBACK,Validation,alignment,FULLY_ALIGNED,INSUFFICIENT,19,5,14,0.263158,-2.444500,-0.128658,0.803568,6.000000,1.180737,-0.838600,-1.000000,5,0.800000,14,-0.460321,2026.01.06 04:35:00,2026.05.07 09:34:58
NestedPullback,PULLBACK,Validation,alignment,OPPOSED,INSUFFICIENT,12,6,6,0.500000,3.734500,0.311208,1.643946,2.832600,1.540608,-0.690783,-0.212100,7,0.366729,5,0.233480,2026.01.06 17:25:00,2026.04.28 08:40:00
NestedPullback,PULLBACK,Validation,alignment,PARTIALLY_ALIGNED,INSUFFICIENT,1,0,1,0.000000,-1.000000,-1.000000,0.000000,1.000000,0.230500,-1.291700,-1.000000,1,-1.000000,0,0.000000,2026.03.12 10:40:00,2026.03.12 18:14:58
NestedPullback,PULLBACK,Validation,direction,BEARISH,INSUFFICIENT,11,6,5,0.545455,7.167400,0.651582,2.483135,2.000000,1.808109,-0.597591,2.000000,6,1.000000,5,0.233480,2026.01.16 17:40:00,2026.04.17 15:49:58
NestedPullback,PULLBACK,Validation,direction,BULLISH,EXPLORATORY,21,5,16,0.238095,-6.877400,-0.327495,0.522777,7.447200,1.012505,-0.901952,-1.000000,7,-0.061843,14,-0.460321,2026.01.06 04:35:00,2026.05.07 09:34:58
NestedPullback,PULLBACK,Validation,market_phase,BREAKOUT,INSUFFICIENT,1,0,1,0.000000,-1.000000,-1.000000,0.000000,1.000000,0.230500,-1.291700,-1.000000,1,-1.000000,0,0.000000,2026.03.12 10:40:00,2026.03.12 18:14:58
NestedPullback,PULLBACK,Validation,market_phase,COMPRESSION,INSUFFICIENT,1,0,1,0.000000,-1.000000,-1.000000,0.000000,1.000000,1.535300,-1.028600,-1.000000,0,0.000000,1,-1.000000,2026.02.19 18:45:00,2026.02.20 08:24:58
NestedPullback,PULLBACK,Validation,market_phase,PULLBACK,INSUFFICIENT,1,1,0,1.000000,2.000000,2.000000,inf,0.000000,2.768600,-0.081400,2.000000,1,2.000000,0,0.000000,2026.02.20 18:10:00,2026.03.02 01:00:00
NestedPullback,PULLBACK,Validation,market_phase,TREND_CONTINUATION,INSUFFICIENT,15,3,12,0.200000,-4.444500,-0.296300,0.574465,6.014300,1.071780,-0.903287,-1.000000,2,0.500000,13,-0.418808,2026.01.06 04:35:00,2026.05.07 09:34:58
NestedPullback,PULLBACK,Validation,market_phase,UNCLASSIFIED,INSUFFICIENT,14,7,7,0.500000,4.734500,0.338179,1.696311,3.000000,1.467193,-0.683107,-0.212100,9,0.396344,5,0.233480,2026.01.06 17:25:00,2026.04.28 08:40:00
NestedPullback,PULLBACK,Validation,trend_strength,NORMAL,INSUFFICIENT,8,2,6,0.250000,-2.000000,-0.250000,0.666667,5.000000,1.045262,-0.911963,-1.000000,3,0.000000,5,-0.400000,2026.01.16 17:40:00,2026.05.07 09:34:58
NestedPullback,PULLBACK,Validation,trend_strength,WEAK,EXPLORATORY,24,9,15,0.375000,2.290000,0.095417,1.172910,4.000000,1.366238,-0.759117,-0.899700,10,0.556710,14,-0.234079,2026.01.06 04:35:00,2026.04.28 08:40:00
NestedPullback,PULLBACK,Validation,volatility,CONTRACTING,INSUFFICIENT,5,2,3,0.400000,1.000000,0.200000,1.333333,3.000000,1.317560,-0.735160,-1.000000,4,0.500000,1,-1.000000,2026.02.11 11:25:00,2026.03.31 17:04:58
NestedPullback,PULLBACK,Validation,volatility,EXPANDING,INSUFFICIENT,16,6,10,0.375000,1.326100,0.082881,1.135325,2.832600,1.346413,-0.836919,-0.983400,7,0.594100,9,-0.314733,2026.01.06 17:25:00,2026.05.07 09:34:58
NestedPullback,PULLBACK,Validation,volatility,NORMAL,INSUFFICIENT,11,3,8,0.272727,-2.036100,-0.185100,0.684056,5.430200,1.183764,-0.768000,-1.000000,2,-0.295800,9,-0.160500,2026.01.06 04:35:00,2026.04.17 15:49:58
SlowBreakout,BREAKOUT,Development,alignment,FULLY_ALIGNED,MODERATE_SAMPLE,69,23,46,0.333333,3.093600,0.044835,1.090541,8.616100,1.085343,-0.964703,-0.497500,41,0.130398,28,-0.080454,2025.03.07 08:30:00,2025.12.30 03:04:58
SlowBreakout,BREAKOUT,Development,alignment,OPPOSED,STRONGER_DESCRIPTIVE_SAMPLE,111,36,75,0.324324,-6.180300,-0.055678,0.900217,12.787200,1.104545,-0.837971,-0.739200,60,0.157413,51,-0.306375,2025.03.03 01:00:00,2026.01.07 09:40:00
SlowBreakout,BREAKOUT,Development,alignment,PARTIALLY_ALIGNED,EXPLORATORY,37,14,23,0.378378,-0.358000,-0.009676,0.978470,4.349700,1.795973,-0.789214,-0.299300,18,-0.015989,19,-0.003695,2025.03.24 05:55:00,2025.12.17 07:24:58
SlowBreakout,BREAKOUT,Development,direction,BEARISH,STRONGER_DESCRIPTIVE_SAMPLE,110,35,75,0.318182,-6.321500,-0.057468,0.892542,19.797900,1.022249,-0.940417,-0.685200,47,0.076181,63,-0.157175,2025.03.03 01:00:00,2026.01.07 09:40:00
SlowBreakout,BREAKOUT,Development,direction,BULLISH,STRONGER_DESCRIPTIVE_SAMPLE,107,38,69,0.355140,2.876800,0.026886,1.053367,10.935100,1.415858,-0.797517,-0.476100,72,0.151706,35,-0.229886,2025.03.18 22:00:00,2025.12.30 01:19:58
SlowBreakout,BREAKOUT,Development,market_phase,BREAKOUT,INSUFFICIENT,3,0,3,0.000000,-2.476100,-0.825367,0.000000,2.476100,0.382167,-0.925233,-1.000000,2,-0.738050,1,-1.000000,2025.05.30 15:10:00,2025.12.08 09:50:00
SlowBreakout,BREAKOUT,Development,market_phase,COMPRESSION,INSUFFICIENT,3,2,1,0.666667,1.017100,0.339033,2.017100,1.000000,1.632867,-0.427067,0.017100,2,1.008550,1,-1.000000,2025.06.02 01:00:00,2025.07.22 02:34:57
SlowBreakout,BREAKOUT,Development,market_phase,PULLBACK,MODERATE_SAMPLE,53,18,35,0.339623,-0.862400,-0.016272,0.972062,11.080600,1.233208,-0.974217,-1.000000,27,0.045437,26,-0.080354,2025.03.25 03:30:00,2025.12.30 14:19:58
SlowBreakout,BREAKOUT,Development,market_phase,TRANSITION,INSUFFICIENT,2,0,2,0.000000,-1.527800,-0.763900,0.000000,1.527800,0.269700,-1.005050,-0.763900,1,-1.000000,1,-0.527800,2025.05.30 01:50:00,2025.05.30 03:14:58
SlowBreakout,BREAKOUT,Development,market_phase,TREND_CONTINUATION,MODERATE_SAMPLE,56,20,36,0.357143,4.869600,0.086957,1.184510,9.098600,1.110768,-0.941802,-0.357000,32,0.199719,24,-0.063392,2025.03.07 08:30:00,2025.12.30 03:04:58
SlowBreakout,BREAKOUT,Development,market_phase,UNCLASSIFIED,STRONGER_DESCRIPTIVE_SAMPLE,100,33,67,0.330000,-4.465100,-0.044651,0.911529,9.286600,1.297967,-0.783388,-0.457600,55,0.133536,45,-0.262436,2025.03.03 01:00:00,2026.01.07 09:40:00
SlowBreakout,BREAKOUT,Development,trend_strength,NORMAL,EXPLORATORY,40,13,27,0.325000,-1.273300,-0.031832,0.940933,5.317100,1.932248,-0.893415,-0.695850,22,0.087136,18,-0.177239,2025.03.06 13:30:00,2025.12.17 12:50:00
SlowBreakout,BREAKOUT,Development,trend_strength,STRONG,INSUFFICIENT,7,3,4,0.428571,-0.381100,-0.054443,0.856151,2.614200,1.076957,-0.655971,-0.231100,5,0.053640,2,-0.324650,2025.03.03 01:00:00,2025.12.09 23:20:00
SlowBreakout,BREAKOUT,Development,trend_strength,WEAK,STRONGER_DESCRIPTIVE_SAMPLE,170,57,113,0.335294,-1.790300,-0.010531,0.979777,16.539100,1.053621,-0.873246,-0.640350,92,0.133892,78,-0.180877,2025.03.18 22:00:00,2026.01.07 09:40:00
SlowBreakout,BREAKOUT,Development,volatility,CONTRACTING,EXPLORATORY,48,8,40,0.166667,-15.827400,-0.329738,0.478750,18.566900,0.878154,-0.985596,-0.810650,24,-0.077333,24,-0.582142,2025.03.18 22:00:00,2025.12.30 01:59:58
SlowBreakout,BREAKOUT,Development,volatility,EXPANDING,MODERATE_SAMPLE,76,34,42,0.447368,16.609200,0.218542,1.501466,5.999800,1.587445,-0.704517,-0.106600,44,0.315834,32,0.084766,2025.03.06 13:30:00,2025.12.31 07:44:57
SlowBreakout,BREAKOUT,Development,volatility,NORMAL,MODERATE_SAMPLE,93,31,62,0.333333,-4.226500,-0.045446,0.914180,16.036100,1.087602,-0.945466,-0.693700,51,0.048286,42,-0.159264,2025.03.03 01:00:00,2026.01.07 09:40:00
SlowBreakout,BREAKOUT,Final holdout,alignment,FULLY_ALIGNED,INSUFFICIENT,19,8,11,0.421053,8.057400,0.424074,2.014454,2.684100,1.497737,-0.833247,-0.175700,10,0.650050,9,0.172989,2026.05.08 03:05:00,2026.07.21 04:20:00
SlowBreakout,BREAKOUT,Final holdout,alignment,OPPOSED,EXPLORATORY,25,10,15,0.400000,4.125500,0.165020,1.465827,3.126900,0.982548,-0.536216,-0.207700,9,-0.090244,16,0.308606,2026.05.14 10:55:00,2026.07.23 23:59:59
SlowBreakout,BREAKOUT,Final holdout,alignment,PARTIALLY_ALIGNED,INSUFFICIENT,6,2,4,0.333333,0.061200,0.010200,1.015538,2.938800,0.988683,-1.091017,-0.969400,3,0.020400,3,0.000000,2026.05.14 04:05:00,2026.06.19 17:15:00
SlowBreakout,BREAKOUT,Final holdout,direction,BEARISH,EXPLORATORY,28,10,18,0.357143,3.632100,0.129718,1.324695,4.778700,1.054971,-0.636314,-0.208950,8,-0.054787,20,0.203520,2026.05.08 03:05:00,2026.07.17 18:05:00
SlowBreakout,BREAKOUT,Final holdout,direction,BULLISH,EXPLORATORY,22,10,12,0.454545,8.612000,0.391455,1.901638,2.759000,1.336982,-0.816655,-0.215850,14,0.441986,8,0.303025,2026.05.14 04:05:00,2026.07.23 23:59:59
SlowBreakout,BREAKOUT,Final holdout,market_phase,COMPRESSION,INSUFFICIENT,3,0,3,0.000000,-1.345600,-0.448533,0.000000,1.345600,0.361800,-0.514900,-0.210200,1,-1.000000,2,-0.172800,2026.06.02 02:15:00,2026.07.01 16:30:00
SlowBreakout,BREAKOUT,Final holdout,market_phase,PULLBACK,INSUFFICIENT,5,2,3,0.400000,0.566900,0.113380,1.366025,1.341100,0.877920,-0.554640,-0.207700,1,-1.000000,4,0.391725,2026.05.14 10:55:00,2026.07.21 04:39:58
SlowBreakout,BREAKOUT,Final holdout,market_phase,TREND_CONTINUATION,INSUFFICIENT,12,4,8,0.333333,1.992100,0.166008,1.331580,4.000000,1.288050,-0.966575,-0.417900,6,0.612700,6,-0.280683,2026.05.22 18:35:00,2026.07.10 16:25:00
SlowBreakout,BREAKOUT,Final holdout,market_phase,UNCLASSIFIED,EXPLORATORY,30,14,16,0.466667,11.030700,0.367690,1.932009,4.000000,1.267373,-0.662213,-0.151300,14,0.290950,16,0.434837,2026.05.08 03:05:00,2026.07.23 23:59:59
SlowBreakout,BREAKOUT,Final holdout,trend_strength,NORMAL,INSUFFICIENT,16,7,9,0.437500,5.546400,0.346650,2.057041,2.442400,1.162438,-0.577669,-0.131150,6,0.268417,10,0.393590,2026.05.15 04:05:00,2026.07.21 04:39:58
SlowBreakout,BREAKOUT,Final holdout,trend_strength,STRONG,INSUFFICIENT,1,0,1,0.000000,-1.000000,-1.000000,0.000000,1.000000,0.268400,-1.020400,-1.000000,1,-1.000000,0,0.000000,2026.07.15 21:15:00,2026.07.16 05:39:58
SlowBreakout,BREAKOUT,Final holdout,trend_strength,WEAK,EXPLORATORY,33,13,20,0.393939,7.697700,0.233264,1.531220,5.172100,1.214709,-0.773336,-0.232300,15,0.342600,18,0.142150,2026.05.08 03:05:00,2026.07.23 23:59:59
SlowBreakout,BREAKOUT,Final holdout,volatility,CONTRACTING,INSUFFICIENT,14,4,10,0.285714,1.360400,0.097171,1.204892,3.000000,1.193721,-0.762693,-0.322950,7,-0.003500,7,0.197843,2026.05.08 03:05:00,2026.07.21 04:20:00
SlowBreakout,BREAKOUT,Final holdout,volatility,EXPANDING,EXPLORATORY,23,10,13,0.434783,7.433300,0.323187,1.849035,2.000000,1.142496,-0.668387,-0.172100,10,0.477400,13,0.204562,2026.05.14 04:05:00,2026.07.23 23:59:59
SlowBreakout,BREAKOUT,Final holdout,volatility,NORMAL,INSUFFICIENT,13,6,7,0.461538,3.450400,0.265415,1.645767,3.457600,1.227946,-0.748662,-0.135400,5,0.200000,8,0.306300,2026.05.14 10:55:00,2026.07.16 05:39:58
SlowBreakout,BREAKOUT,Full window,alignment,FULLY_ALIGNED,STRONGER_DESCRIPTIVE_SAMPLE,116,36,80,0.310345,1.132400,0.009762,1.018227,12.976700,1.137622,-1.038478,-0.667750,60,0.087693,56,-0.073736,2025.03.07 08:30:00,2026.07.21 04:20:00
SlowBreakout,BREAKOUT,Full window,alignment,OPPOSED,STRONGER_DESCRIPTIVE_SAMPLE,168,56,112,0.333333,-3.266600,-0.019444,0.963058,12.787200,1.056130,-0.792299,-0.640350,86,0.121123,82,-0.166868,2025.03.03 01:00:00,2026.07.23 23:59:59
SlowBreakout,BREAKOUT,Full window,alignment,PARTIALLY_ALIGNED,MODERATE_SAMPLE,53,20,33,0.377358,-2.292200,-0.043249,0.909099,6.722600,1.536674,-0.801123,-0.339400,27,-0.039022,26,-0.047638,2025.03.24 05:55:00,2026.06.19 17:15:00
SlowBreakout,BREAKOUT,Full window,direction,BEARISH,STRONGER_DESCRIPTIVE_SAMPLE,170,53,117,0.311765,-10.738300,-0.063166,0.879134,20.976100,1.000975,-0.871912,-0.570250,69,-0.024542,101,-0.089553,2025.03.03 01:00:00,2026.07.17 18:05:00
SlowBreakout,BREAKOUT,Full window,direction,BULLISH,STRONGER_DESCRIPTIVE_SAMPLE,167,59,108,0.353293,6.311900,0.037796,1.072613,17.834200,1.321389,-0.885055,-0.514500,104,0.156904,63,-0.158827,2025.03.18 22:00:00,2026.07.23 23:59:59
SlowBreakout,BREAKOUT,Full window,market_phase,BREAKOUT,INSUFFICIENT,3,0,3,0.000000,-2.476100,-0.825367,0.000000,2.476100,0.382167,-0.925233,-1.000000,2,-0.738050,1,-1.000000,2025.05.30 15:10:00,2025.12.08 09:50:00
SlowBreakout,BREAKOUT,Full window,market_phase,COMPRESSION,INSUFFICIENT,8,3,5,0.375000,-0.847300,-0.105912,0.746742,2.345600,0.905562,-0.505537,-0.172800,4,0.004275,4,-0.216100,2025.06.02 01:00:00,2026.07.01 16:30:00
SlowBreakout,BREAKOUT,Full window,market_phase,PULLBACK,MODERATE_SAMPLE,68,22,46,0.323529,-2.191400,-0.032226,0.942802,11.080600,1.152850,-0.933365,-0.841800,32,0.002244,36,-0.062867,2025.03.25 03:30:00,2026.07.21 04:39:58
SlowBreakout,BREAKOUT,Full window,market_phase,TRANSITION,INSUFFICIENT,3,0,3,0.000000,-2.527800,-0.842600,0.000000,2.527800,0.314367,-1.114300,-1.000000,2,-1.000000,1,-0.527800,2025.05.30 01:50:00,2026.03.12 18:14:58
SlowBreakout,BREAKOUT,Full window,market_phase,TREND_CONTINUATION,MODERATE_SAMPLE,92,29,63,0.315217,0.394600,0.004289,1.008075,9.633200,1.126066,-0.936648,-0.673200,45,0.121822,47,-0.108243,2025.03.07 08:30:00,2026.07.10 16:25:00
SlowBreakout,BREAKOUT,Full window,market_phase,UNCLASSIFIED,STRONGER_DESCRIPTIVE_SAMPLE,163,58,105,0.355828,3.221600,0.019764,1.040149,13.521400,1.223998,-0.835742,-0.418200,88,0.142384,75,-0.124109,2025.03.03 01:00:00,2026.07.23 23:59:59
SlowBreakout,BREAKOUT,Full window,trend_strength,NORMAL,MODERATE_SAMPLE,71,20,51,0.281690,-7.482600,-0.105389,0.805948,16.029000,1.489901,-1.005076,-0.584400,33,0.006667,38,-0.202700,2025.03.06 13:30:00,2026.07.21 04:39:58
SlowBreakout,BREAKOUT,Full window,trend_strength,STRONG,INSUFFICIENT,11,5,6,0.454545,-0.218700,-0.019882,0.951735,2.614200,0.964400,-0.665964,-0.231100,7,-0.098214,4,0.117200,2025.03.03 01:00:00,2026.07.16 05:39:58
SlowBreakout,BREAKOUT,Full window,trend_strength,WEAK,STRONGER_DESCRIPTIVE_SAMPLE,255,87,168,0.341176,3.274900,0.012843,1.024683,16.539100,1.076260,-0.852326,-0.639700,133,0.113474,122,-0.096862,2025.03.18 22:00:00,2026.07.23 23:59:59
SlowBreakout,BREAKOUT,Full window,volatility,CONTRACTING,MODERATE_SAMPLE,75,14,61,0.186667,-21.590200,-0.287869,0.533680,27.714600,0.920956,-1.093289,-0.759000,37,-0.111400,38,-0.459695,2025.03.18 22:00:00,2026.07.21 04:20:00
SlowBreakout,BREAKOUT,Full window,volatility,EXPANDING,STRONGER_DESCRIPTIVE_SAMPLE,126,53,73,0.420635,22.135500,0.175679,1.381934,6.325400,1.399832,-0.730819,-0.281800,65,0.293797,61,0.049815,2025.03.06 13:30:00,2026.07.23 23:59:59
SlowBreakout,BREAKOUT,Full window,volatility,NORMAL,STRONGER_DESCRIPTIVE_SAMPLE,136,45,91,0.330882,-4.971700,-0.036557,0.930480,16.036100,1.069024,-0.896686,-0.688600,71,-0.004935,65,-0.071097,2025.03.03 01:00:00,2026.07.16 05:39:58
SlowBreakout,BREAKOUT,Validation,alignment,FULLY_ALIGNED,EXPLORATORY,28,5,23,0.178571,-10.018600,-0.357807,0.499535,11.018600,1.022086,-1.359546,-1.000000,9,-0.731689,19,-0.180705,2026.01.07 15:05:00,2026.05.07 09:34:58
SlowBreakout,BREAKOUT,Validation,alignment,OPPOSED,EXPLORATORY,32,10,22,0.312500,-1.211800,-0.037869,0.931266,7.456000,0.945678,-0.833937,-0.713450,17,0.104941,15,-0.199720,2026.01.07 09:35:00,2026.04.27 01:09:59
SlowBreakout,BREAKOUT,Validation,alignment,PARTIALLY_ALIGNED,INSUFFICIENT,10,4,6,0.400000,-1.995400,-0.199540,0.570845,4.458100,0.906060,-0.671250,-0.324800,6,-0.137833,4,-0.292100,2026.01.07 17:30:00,2026.04.24 15:49:58
SlowBreakout,BREAKOUT,Validation,direction,BEARISH,EXPLORATORY,32,8,24,0.250000,-8.048900,-0.251528,0.572567,11.257700,0.880597,-0.842572,-0.731750,14,-0.345400,18,-0.178517,2026.01.07 15:05:00,2026.04.27 01:09:59
SlowBreakout,BREAKOUT,Validation,direction,BULLISH,EXPLORATORY,38,11,27,0.289474,-5.176900,-0.136234,0.779403,6.899100,1.046358,-1.171145,-1.000000,18,-0.044033,20,-0.219215,2026.01.07 09:35:00,2026.05.07 09:34:58
SlowBreakout,BREAKOUT,Validation,market_phase,COMPRESSION,INSUFFICIENT,2,1,1,0.500000,-0.518800,-0.259400,0.481200,1.000000,0.630250,-0.609200,-0.259400,1,-1.000000,1,0.481200,2026.03.10 21:00:00,2026.03.12 23:24:57
SlowBreakout,BREAKOUT,Validation,market_phase,PULLBACK,INSUFFICIENT,10,2,8,0.200000,-1.895900,-0.189590,0.678438,3.739400,0.864420,-0.906210,-0.792200,4,-0.038750,6,-0.290150,2026.03.11 15:55:00,2026.04.27 01:09:59
SlowBreakout,BREAKOUT,Validation,market_phase,TRANSITION,INSUFFICIENT,1,0,1,0.000000,-1.000000,-1.000000,0.000000,1.000000,0.403700,-1.332800,-1.000000,1,-1.000000,0,0.000000,2026.03.12 04:45:00,2026.03.12 18:14:58
SlowBreakout,BREAKOUT,Validation,market_phase,TREND_CONTINUATION,EXPLORATORY,24,5,19,0.208333,-6.467100,-0.269462,0.607271,7.467100,1.080771,-0.909658,-1.000000,7,-0.655029,17,-0.110700,2026.01.07 15:05:00,2026.05.07 09:34:58
SlowBreakout,BREAKOUT,Validation,market_phase,UNCLASSIFIED,EXPLORATORY,33,11,22,0.333333,-3.344000,-0.101333,0.813554,8.726200,0.960418,-1.152142,-0.710300,19,0.058526,14,-0.318286,2026.01.07 09:35:00,2026.04.24 15:49:58
SlowBreakout,BREAKOUT,Validation,trend_strength,NORMAL,INSUFFICIENT,15,0,15,0.000000,-11.755700,-0.783713,0.000000,11.755700,0.659607,-1.758740,-1.000000,5,-0.661500,10,-0.844820,2026.01.07 15:05:00,2026.05.07 09:34:58
SlowBreakout,BREAKOUT,Validation,trend_strength,STRONG,INSUFFICIENT,3,2,1,0.666667,1.162400,0.387467,2.318063,0.881900,0.933767,-0.571133,0.044300,1,0.044300,2,0.559050,2026.02.17 07:30:00,2026.04.21 15:30:00
SlowBreakout,BREAKOUT,Validation,trend_strength,WEAK,MODERATE_SAMPLE,52,17,35,0.326923,-2.632500,-0.050625,0.911247,10.657400,1.062410,-0.834063,-0.873450,26,-0.090962,26,-0.010288,2026.01.07 09:35:00,2026.04.28 08:09:58
SlowBreakout,BREAKOUT,Validation,volatility,CONTRACTING,INSUFFICIENT,13,2,11,0.153846,-7.123200,-0.547938,0.233669,7.123200,0.785246,-1.846954,-1.000000,6,-0.373550,7,-0.697414,2026.01.07 22:55:00,2026.04.27 01:09:59
SlowBreakout,BREAKOUT,Validation,volatility,EXPANDING,EXPLORATORY,27,9,18,0.333333,-1.907000,-0.070630,0.881405,5.325400,1.090948,-0.858037,-0.881900,11,0.038736,16,-0.145819,2026.01.07 15:05:00,2026.05.07 09:34:58
SlowBreakout,BREAKOUT,Validation,volatility,NORMAL,EXPLORATORY,30,8,22,0.266667,-4.195600,-0.139853,0.752081,10.210100,0.942563,-0.809613,-0.858300,15,-0.254200,15,-0.025507,2026.01.07 09:35:00,2026.04.28 08:09:58
WeightedEnsemble,ENSEMBLE,Development,alignment,FULLY_ALIGNED,EXPLORATORY,45,12,33,0.266667,-0.884100,-0.019647,0.962867,8.806300,1.005049,-0.799016,-0.607300,23,0.283552,22,-0.336627,2025.03.27 17:30:00,2025.12.18 18:14:58
WeightedEnsemble,ENSEMBLE,Development,alignment,OPPOSED,MODERATE_SAMPLE,89,34,55,0.382022,16.486600,0.185243,1.399633,8.739900,1.074681,-0.708215,-0.380400,48,0.374179,41,-0.035951,2025.03.05 15:45:00,2025.12.31 07:54:58
WeightedEnsemble,ENSEMBLE,Development,alignment,PARTIALLY_ALIGNED,EXPLORATORY,29,7,22,0.241379,-5.733400,-0.197703,0.686903,9.445200,1.306945,-1.006755,-1.000000,11,-0.480536,18,-0.024861,2025.03.11 08:55:00,2025.12.10 05:20:00
WeightedEnsemble,ENSEMBLE,Development,direction,BEARISH,MODERATE_SAMPLE,76,23,53,0.302632,-1.528500,-0.020112,0.962455,11.219200,0.975064,-0.803557,-0.632400,28,0.137604,48,-0.112113,2025.03.05 15:45:00,2025.12.31 07:54:58
WeightedEnsemble,ENSEMBLE,Development,direction,BULLISH,MODERATE_SAMPLE,87,30,57,0.344828,11.397600,0.131007,1.267152,9.671500,1.203107,-0.771407,-0.414300,54,0.284139,33,-0.119573,2025.03.11 06:25:00,2025.12.29 21:00:00
WeightedEnsemble,ENSEMBLE,Development,market_phase,BREAKOUT,EXPLORATORY,30,8,22,0.266667,-3.073500,-0.102450,0.829233,10.327400,0.972297,-0.925607,-1.000000,17,0.148506,13,-0.430623,2025.03.27 17:30:00,2025.12.11 17:24:57
WeightedEnsemble,ENSEMBLE,Development,market_phase,COMPRESSION,INSUFFICIENT,6,3,3,0.500000,3.775200,0.629200,2.696872,1.000000,2.180733,-0.639350,0.887600,4,-0.056200,2,2.000000,2025.03.11 08:55:00,2025.12.30 03:05:00
WeightedEnsemble,ENSEMBLE,Development,market_phase,PULLBACK,EXPLORATORY,39,16,23,0.410256,13.260800,0.340021,1.789258,4.159100,1.202295,-0.768692,-0.213300,21,0.322467,18,0.360500,2025.03.05 19:00:00,2025.12.30 12:34:58
WeightedEnsemble,ENSEMBLE,Development,market_phase,TRANSITION,INSUFFICIENT,1,0,1,0.000000,-1.000000,-1.000000,0.000000,1.000000,0.163300,-1.387800,-1.000000,1,-1.000000,0,0.000000,2025.05.30 03:00:00,2025.05.30 03:14:58
WeightedEnsemble,ENSEMBLE,Development,market_phase,TREND_CONTINUATION,INSUFFICIENT,19,3,16,0.157895,-3.367900,-0.177258,0.640485,6.600800,0.797842,-0.690647,-0.511100,7,0.136886,12,-0.360508,2025.04.22 19:40:00,2025.12.18 18:14:58
WeightedEnsemble,ENSEMBLE,Development,market_phase,UNCLASSIFIED,MODERATE_SAMPLE,68,23,45,0.338235,0.274500,0.004037,1.007629,10.957900,1.092796,-0.766019,-0.579100,32,0.317706,36,-0.274781,2025.03.05 15:45:00,2025.12.31 07:54:58
WeightedEnsemble,ENSEMBLE,Development,trend_strength,NORMAL,EXPLORATORY,33,14,19,0.424242,12.442600,0.377048,1.956255,3.916700,1.177097,-0.667406,-0.115300,17,0.789894,16,-0.061600,2025.03.05 15:45:00,2025.12.31 07:54:58
WeightedEnsemble,ENSEMBLE,Development,trend_strength,STRONG,INSUFFICIENT,8,2,6,0.250000,0.697300,0.087162,1.211130,1.679200,0.783587,-0.593437,-0.267650,5,0.335600,3,-0.326900,2025.03.27 13:45:00,2025.12.29 18:40:00
WeightedEnsemble,ENSEMBLE,Development,trend_strength,WEAK,STRONGER_DESCRIPTIVE_SAMPLE,122,37,85,0.303279,-3.270800,-0.026810,0.951226,19.674100,1.095593,-0.831236,-0.667850,60,0.068170,62,-0.118726,2025.03.05 17:05:00,2025.12.30 12:34:58
WeightedEnsemble,ENSEMBLE,Development,volatility,CONTRACTING,EXPLORATORY,23,5,18,0.217391,-8.973000,-0.390130,0.403510,8.973000,0.894648,-0.853817,-1.000000,11,-0.382673,12,-0.396967,2025.03.11 08:55:00,2025.12.30 03:05:00
WeightedEnsemble,ENSEMBLE,Development,volatility,EXPANDING,MODERATE_SAMPLE,82,30,52,0.365854,18.919000,0.230720,1.531221,7.043400,1.123321,-0.700128,-0.259200,41,0.397788,41,0.063651,2025.03.05 15:45:00,2025.12.31 07:54:58
WeightedEnsemble,ENSEMBLE,Development,volatility,NORMAL,MODERATE_SAMPLE,58,18,40,0.310345,-0.076900,-0.001326,0.997650,11.297500,1.139414,-0.881628,-0.672950,30,0.236550,28,-0.256193,2025.03.11 06:25:00,2025.12.30 03:44:58
WeightedEnsemble,ENSEMBLE,Final holdout,alignment,FULLY_ALIGNED,INSUFFICIENT,6,3,3,0.500000,-0.466000,-0.077667,0.844667,2.780100,0.852517,-0.885783,-0.390050,3,-0.561967,3,0.406633,2026.05.12 19:00:00,2026.07.16 05:44:57
WeightedEnsemble,ENSEMBLE,Final holdout,alignment,OPPOSED,EXPLORATORY,32,9,23,0.281250,-3.586700,-0.112084,0.808062,5.487500,1.030278,-1.029519,-0.960850,16,-0.219094,16,-0.005075,2026.05.13 21:45:00,2026.07.21 04:39:58
WeightedEnsemble,ENSEMBLE,Final holdout,alignment,PARTIALLY_ALIGNED,INSUFFICIENT,9,4,5,0.444444,3.089100,0.343233,1.854594,3.163200,1.121667,-1.005889,-0.451500,6,-0.485150,3,2.000000,2026.05.13 19:30:00,2026.07.10 07:25:00
WeightedEnsemble,ENSEMBLE,Final holdout,direction,BEARISH,EXPLORATORY,28,9,19,0.321429,-2.899300,-0.103546,0.800508,8.118900,0.901064,-1.125943,-0.581600,11,-0.531736,17,0.173518,2026.05.12 19:00:00,2026.07.21 04:10:00
WeightedEnsemble,ENSEMBLE,Final holdout,direction,BULLISH,INSUFFICIENT,19,7,12,0.368421,1.935700,0.101879,1.179762,3.000000,1.207853,-0.830837,-0.811100,14,-0.160943,5,0.837780,2026.05.13 19:30:00,2026.07.21 04:39:58
WeightedEnsemble,ENSEMBLE,Final holdout,market_phase,BREAKOUT,INSUFFICIENT,6,3,3,0.500000,0.472200,0.078700,1.192617,1.527800,0.992300,-0.804967,-0.115800,3,-0.249233,3,0.406633,2026.05.14 15:10:00,2026.07.16 05:44:57
WeightedEnsemble,ENSEMBLE,Final holdout,market_phase,COMPRESSION,INSUFFICIENT,5,1,4,0.200000,-1.238500,-0.247700,0.462270,2.272500,0.869780,-0.732000,-0.461400,2,-0.730700,3,0.074300,2026.05.22 19:35:00,2026.07.21 04:10:00
WeightedEnsemble,ENSEMBLE,Final holdout,market_phase,PULLBACK,INSUFFICIENT,13,4,9,0.307692,-2.063800,-0.158754,0.745185,3.964600,1.091300,-0.951738,-1.000000,7,-0.142857,6,-0.177300,2026.05.14 10:55:00,2026.07.21 04:39:58
WeightedEnsemble,ENSEMBLE,Final holdout,market_phase,TREND_CONTINUATION,INSUFFICIENT,2,1,1,0.500000,-0.685900,-0.342950,0.314100,1.000000,0.363150,-0.539850,-0.342950,2,-0.342950,0,0.000000,2026.05.12 19:00:00,2026.05.22 21:04:58
WeightedEnsemble,ENSEMBLE,Final holdout,market_phase,UNCLASSIFIED,EXPLORATORY,21,7,14,0.333333,2.552400,0.121543,1.222964,4.662200,1.093481,-1.208105,-0.701800,11,-0.382482,10,0.675970,2026.05.13 19:30:00,2026.07.16 04:20:00
WeightedEnsemble,ENSEMBLE,Final holdout,trend_strength,NORMAL,INSUFFICIENT,15,7,8,0.466667,5.551800,0.370120,1.738969,1.811100,1.372760,-0.740927,-0.701800,6,0.049700,9,0.583733,2026.05.13 19:30:00,2026.07.21 04:39:58
WeightedEnsemble,ENSEMBLE,Final holdout,trend_strength,STRONG,INSUFFICIENT,3,1,2,0.333333,-1.964600,-0.654867,0.017700,2.000000,0.517633,-1.047533,-1.000000,2,-1.000000,1,0.035400,2026.05.25 01:05:00,2026.07.15 20:35:00
WeightedEnsemble,ENSEMBLE,Final holdout,trend_strength,WEAK,EXPLORATORY,29,8,21,0.275862,-4.550800,-0.156924,0.711767,9.314200,0.897748,-1.139855,-0.505500,17,-0.376500,12,0.154142,2026.05.12 19:00:00,2026.07.21 04:10:00
WeightedEnsemble,ENSEMBLE,Final holdout,volatility,CONTRACTING,INSUFFICIENT,6,1,5,0.166667,-3.925000,-0.654167,0.008938,3.960400,0.675833,-1.629150,-0.960850,1,-1.000000,5,-0.585000,2026.05.22 22:20:00,2026.07.15 20:35:00
WeightedEnsemble,ENSEMBLE,Final holdout,volatility,EXPANDING,EXPLORATORY,23,9,14,0.391304,0.256100,0.011135,1.019728,5.481900,1.082452,-1.097461,-1.000000,14,-0.548850,9,0.882222,2026.05.12 19:00:00,2026.07.21 04:39:58
WeightedEnsemble,ENSEMBLE,Final holdout,volatility,NORMAL,INSUFFICIENT,18,6,12,0.333333,2.705300,0.150294,1.323624,2.811100,1.068200,-0.683100,-0.456450,10,0.058160,8,0.265462,2026.05.13 19:30:00,2026.07.21 04:10:00
WeightedEnsemble,ENSEMBLE,Full window,alignment,FULLY_ALIGNED,MODERATE_SAMPLE,74,20,54,0.270270,-6.097800,-0.082403,0.853265,12.020000,0.989193,-0.824909,-0.646550,33,0.167876,41,-0.283846,2025.03.27 17:30:00,2026.07.16 05:44:57
WeightedEnsemble,ENSEMBLE,Full window,alignment,OPPOSED,STRONGER_DESCRIPTIVE_SAMPLE,142,57,85,0.401408,29.027600,0.204420,1.441207,8.739900,1.165074,-0.787828,-0.302450,74,0.316634,68,0.082304,2025.03.05 15:45:00,2026.07.21 04:39:58
WeightedEnsemble,ENSEMBLE,Full window,alignment,PARTIALLY_ALIGNED,EXPLORATORY,45,14,31,0.311111,-2.641800,-0.058707,0.898105,9.445200,1.224656,-1.010024,-0.750700,21,-0.437943,24,0.273125,2025.03.11 08:55:00,2026.07.10 07:25:00
WeightedEnsemble,ENSEMBLE,Full window,direction,BEARISH,STRONGER_DESCRIPTIVE_SAMPLE,128,44,84,0.343750,9.428200,0.073658,1.144186,11.219200,1.074002,-0.888566,-0.570950,50,0.074158,78,0.073337,2025.03.05 15:45:00,2026.07.21 04:10:00
WeightedEnsemble,ENSEMBLE,Full window,direction,BULLISH,STRONGER_DESCRIPTIVE_SAMPLE,133,47,86,0.353383,10.859800,0.081653,1.159973,9.671500,1.175023,-0.786689,-0.507600,78,0.205976,55,-0.094660,2025.03.11 06:25:00,2026.07.21 04:39:58
WeightedEnsemble,ENSEMBLE,Full window,market_phase,BREAKOUT,EXPLORATORY,40,12,28,0.300000,-3.601300,-0.090033,0.846424,10.855200,0.950070,-0.914340,-1.000000,22,-0.010141,18,-0.187678,2025.03.27 17:30:00,2026.07.16 05:44:57
WeightedEnsemble,ENSEMBLE,Full window,market_phase,COMPRESSION,INSUFFICIENT,14,5,9,0.357143,2.536700,0.181193,1.388588,4.272500,1.501686,-0.743129,-0.343100,7,0.044829,7,0.317557,2025.03.11 08:55:00,2026.07.21 04:10:00
WeightedEnsemble,ENSEMBLE,Full window,market_phase,PULLBACK,MODERATE_SAMPLE,61,27,34,0.442623,21.227700,0.347995,1.789110,4.159100,1.309816,-0.836149,-0.175500,31,0.316210,30,0.380840,2025.03.05 19:00:00,2026.07.21 04:39:58
WeightedEnsemble,ENSEMBLE,Full window,market_phase,TRANSITION,INSUFFICIENT,1,0,1,0.000000,-1.000000,-1.000000,0.000000,1.000000,0.163300,-1.387800,-1.000000,1,-1.000000,0,0.000000,2025.05.30 03:00:00,2025.05.30 03:14:58
WeightedEnsemble,ENSEMBLE,Full window,market_phase,TREND_CONTINUATION,EXPLORATORY,36,7,29,0.194444,-8.334800,-0.231522,0.596356,8.334800,0.889706,-0.774856,-0.640350,12,0.083800,24,-0.389183,2025.04.22 19:40:00,2026.05.22 21:04:58
WeightedEnsemble,ENSEMBLE,Full window,market_phase,UNCLASSIFIED,STRONGER_DESCRIPTIVE_SAMPLE,109,40,69,0.366972,9.459700,0.086786,1.172789,10.957900,1.125068,-0.835788,-0.505500,55,0.179549,54,-0.007694,2025.03.05 15:45:00,2026.07.16 04:20:00
WeightedEnsemble,ENSEMBLE,Full window,trend_strength,NORMAL,MODERATE_SAMPLE,60,26,34,0.433333,21.686600,0.361443,1.808221,4.307800,1.249297,-0.764767,-0.298000,26,0.554562,34,0.213765,2025.03.05 15:45:00,2026.07.21 04:39:58
WeightedEnsemble,ENSEMBLE,Full window,trend_strength,STRONG,INSUFFICIENT,11,3,8,0.272727,-1.267300,-0.115209,0.761009,2.623500,0.711055,-0.717282,-0.322000,7,-0.046000,4,-0.236325,2025.03.27 13:45:00,2026.07.15 20:35:00
WeightedEnsemble,ENSEMBLE,Full window,trend_strength,WEAK,STRONGER_DESCRIPTIVE_SAMPLE,190,62,128,0.326316,-0.131300,-0.000691,0.998702,19.674100,1.110373,-0.866263,-0.619550,95,0.059762,95,-0.061144,2025.03.05 17:05:00,2026.07.21 04:10:00
WeightedEnsemble,ENSEMBLE,Full window,volatility,CONTRACTING,EXPLORATORY,38,9,29,0.236842,-11.364700,-0.299071,0.515780,11.439700,0.884311,-0.952879,-0.960850,18,-0.068811,20,-0.506305,2025.03.11 08:55:00,2026.07.15 20:35:00
WeightedEnsemble,ENSEMBLE,Full window,volatility,EXPANDING,STRONGER_DESCRIPTIVE_SAMPLE,126,49,77,0.388889,27.164200,0.215589,1.467756,7.043400,1.159966,-0.773244,-0.306600,64,0.257228,62,0.172606,2025.03.05 15:45:00,2026.07.21 04:39:58
WeightedEnsemble,ENSEMBLE,Full window,volatility,NORMAL,MODERATE_SAMPLE,97,33,64,0.340206,4.488500,0.046273,1.086766,11.297500,1.175163,-0.873484,-0.639400,46,0.098913,51,-0.001206,2025.03.11 06:25:00,2026.07.21 04:10:00
WeightedEnsemble,ENSEMBLE,Validation,alignment,FULLY_ALIGNED,EXPLORATORY,23,5,18,0.217391,-4.747700,-0.206422,0.678072,7.668600,0.993826,-0.859691,-1.000000,7,0.100586,16,-0.340738,2026.01.06 01:10:00,2026.05.07 09:34:58
WeightedEnsemble,ENSEMBLE,Validation,alignment,OPPOSED,EXPLORATORY,21,14,7,0.666667,16.127700,0.767986,3.756778,3.002100,1.753571,-0.756948,1.125500,10,0.897580,11,0.650173,2026.01.06 17:25:00,2026.04.21 21:19:58
WeightedEnsemble,ENSEMBLE,Validation,alignment,PARTIALLY_ALIGNED,INSUFFICIENT,7,3,4,0.428571,0.002500,0.000357,1.000625,3.997500,1.016157,-1.028886,-1.000000,4,-0.250000,3,0.334167,2026.01.30 22:20:00,2026.04.16 05:29:58
WeightedEnsemble,ENSEMBLE,Validation,direction,BEARISH,EXPLORATORY,24,12,12,0.500000,13.856000,0.577333,2.365931,5.627300,1.589063,-0.880821,0.846100,11,0.518555,13,0.627069,2026.01.16 17:40:00,2026.04.21 21:19:58
WeightedEnsemble,ENSEMBLE,Validation,direction,BULLISH,EXPLORATORY,27,10,17,0.370370,-2.473500,-0.091611,0.828870,6.983600,1.061430,-0.804863,-1.000000,10,0.297580,17,-0.320547,2026.01.06 01:10:00,2026.05.07 09:34:58
WeightedEnsemble,ENSEMBLE,Validation,market_phase,BREAKOUT,INSUFFICIENT,4,1,3,0.250000,-1.000000,-0.250000,0.666667,2.000000,0.720025,-0.993900,-1.000000,2,-1.000000,2,0.500000,2026.02.11 21:55:00,2026.03.12 18:14:58
WeightedEnsemble,ENSEMBLE,Validation,market_phase,COMPRESSION,INSUFFICIENT,3,1,2,0.333333,0.000000,0.000000,1.000000,2.000000,1.196767,-0.969233,-1.000000,1,2.000000,2,-1.000000,2026.02.11 07:35:00,2026.03.13 13:19:57
WeightedEnsemble,ENSEMBLE,Validation,market_phase,PULLBACK,INSUFFICIENT,9,7,2,0.777778,10.030700,1.114522,6.015350,2.000000,2.091378,-0.961500,2.000000,3,1.343567,6,1.000000,2026.01.30 19:35:00,2026.04.21 21:19:58
WeightedEnsemble,ENSEMBLE,Validation,market_phase,TREND_CONTINUATION,INSUFFICIENT,15,3,12,0.200000,-4.281000,-0.285400,0.583601,6.281000,1.076273,-0.912853,-1.000000,3,0.244433,12,-0.417858,2026.01.16 17:40:00,2026.05.07 09:34:58
WeightedEnsemble,ENSEMBLE,Validation,market_phase,UNCLASSIFIED,EXPLORATORY,20,10,10,0.500000,6.632800,0.331640,1.906504,3.002100,1.267960,-0.682070,0.000200,12,0.326325,8,0.339612,2026.01.06 01:10:00,2026.04.21 08:30:00
WeightedEnsemble,ENSEMBLE,Validation,trend_strength,NORMAL,INSUFFICIENT,12,5,7,0.416667,3.692200,0.307683,1.585339,4.307800,1.293517,-1.062308,-0.653900,3,0.230733,9,0.333333,2026.01.16 17:40:00,2026.05.07 09:34:58
WeightedEnsemble,ENSEMBLE,Validation,trend_strength,WEAK,EXPLORATORY,39,17,22,0.435897,7.690300,0.197187,1.420462,4.629400,1.314715,-0.772392,-0.437500,18,0.443761,21,-0.014162,2026.01.06 01:10:00,2026.04.21 21:19:58
WeightedEnsemble,ENSEMBLE,Validation,volatility,CONTRACTING,INSUFFICIENT,9,3,6,0.333333,1.533300,0.170367,1.343274,4.029200,0.996878,-0.755189,-0.437500,6,0.661800,3,-0.812500,2026.01.06 01:10:00,2026.04.16 03:04:58
WeightedEnsemble,ENSEMBLE,Validation,volatility,EXPANDING,EXPLORATORY,21,10,11,0.476190,7.989100,0.380433,1.842954,2.000000,1.387952,-0.703648,-0.002100,9,0.870800,12,0.012658,2026.01.06 17:25:00,2026.05.07 09:34:58
WeightedEnsemble,ENSEMBLE,Validation,volatility,NORMAL,EXPLORATORY,21,9,12,0.428571,1.860100,0.088576,1.174597,5.969300,1.365581,-1.014176,-0.639400,6,-0.521350,15,0.332547,2026.01.28 01:25:00,2026.04.21 08:34:58
