research_signal,production_candidate,eligible_candidate,cluster,execution_intent,order,position,entry_deal,exit_deal,closed_strategybook_trade,reported_r,recomputed_r,final_status,classification
SSR|ASIA_HIGH|20250303|1741012200|FINAL,SSRP|ASIA_HIGH|20250303|1741012200|FINAL,true,MSZZC1|6:XAUUSD|1:5|2:-1|1:4|18:ASIA_HIGH|20250303,MSZZC1|6:XAUUSD|1:5|2:-1|1:4|18:ASIA_HIGH|20250303,2,2,2,3,true,2.0000,2.0,EXECUTED,broker-executed
SSR|ASIA_HIGH|20250303|1741012500|FINAL,SSRP|ASIA_HIGH|20250303|1741012500|FINAL,true,MSZZC1|6:XAUUSD|1:5|2:-1|1:4|18:ASIA_HIGH|20250303,,,,,,false,,,REJECT_DUPLICATE_CLUSTER,"Asia session level swept during London/NewYork, closed-bar reclaim within frozen window"
SSR|ASIA_HIGH|20250303|1741013100|FINAL,SSRP|ASIA_HIGH|20250303|1741013100|FINAL,true,MSZZC1|6:XAUUSD|1:5|2:-1|1:4|18:ASIA_HIGH|20250303,,,,,,false,,,REJECT_DUPLICATE_CLUSTER,"Asia session level swept during London/NewYork, closed-bar reclaim within frozen window"
SSR|ASIA_HIGH|20250303|1741013400|FINAL,SSRP|ASIA_HIGH|20250303|1741013400|FINAL,true,MSZZC1|6:XAUUSD|1:5|2:-1|1:4|18:ASIA_HIGH|20250303,,,,,,false,,,REJECT_DUPLICATE_CLUSTER,"Asia session level swept during London/NewYork, closed-bar reclaim within frozen window"
SSR|ASIA_HIGH|20250303|1741019700|FINAL,SSRP|ASIA_HIGH|20250303|1741019700|FINAL,true,MSZZC1|6:XAUUSD|1:5|2:-1|1:4|18:ASIA_HIGH|20250303,,,,,,false,,,REJECT_DUPLICATE_CLUSTER,"Asia session level swept during London/NewYork, closed-bar reclaim within frozen window"
SSR|ASIA_HIGH|20250305|1741161600|FINAL,SSRP|ASIA_HIGH|20250305|1741161600|FINAL,true,MSZZC1|6:XAUUSD|1:5|2:-1|1:4|18:ASIA_HIGH|20250305,MSZZC1|6:XAUUSD|1:5|2:-1|1:4|18:ASIA_HIGH|20250305,4,4,4,5,true,-1.0000,-1.0,EXECUTED,broker-executed
SSR|ASIA_HIGH|20250305|1741162500|FINAL,SSRP|ASIA_HIGH|20250305|1741162500|FINAL,true,MSZZC1|6:XAUUSD|1:5|2:-1|1:4|18:ASIA_HIGH|20250305,,,,,,false,,,REJECT_DUPLICATE_CLUSTER,"Asia session level swept during London/NewYork, closed-bar reclaim within frozen window"
SSR|ASIA_HIGH|20250305|1741163400|FINAL,SSRP|ASIA_HIGH|20250305|1741163400|FINAL,true,MSZZC1|6:XAUUSD|1:5|2:-1|1:4|18:ASIA_HIGH|20250305,,,,,,false,,,REJECT_DUPLICATE_CLUSTER,"Asia session level swept during London/NewYork, closed-bar reclaim within frozen window"
SSR|ASIA_HIGH|20250305|1741163700|FINAL,SSRP|ASIA_HIGH|20250305|1741163700|FINAL,true,MSZZC1|6:XAUUSD|1:5|2:-1|1:4|18:ASIA_HIGH|20250305,,,,,,false,,,REJECT_DUPLICATE_CLUSTER,"Asia session level swept during London/NewYork, closed-bar reclaim within frozen window"
SSR|ASIA_HIGH|20250305|1741165500|FINAL,SSRP|ASIA_HIGH|20250305|1741165500|FINAL,true,MSZZC1|6:XAUUSD|1:5|2:-1|1:4|18:ASIA_HIGH|20250305,,,,,,false,,,REJECT_DUPLICATE_CLUSTER,"Asia session level swept during London/NewYork, closed-bar reclaim within frozen window"
SSR|ASIA_HIGH|20250305|1741172400|FINAL,SSRP|ASIA_HIGH|20250305|1741172400|FINAL,true,MSZZC1|6:XAUUSD|1:5|2:-1|1:4|18:ASIA_HIGH|20250305,,,,,,false,,,REJECT_DUPLICATE_CLUSTER,"Asia session level swept during London/NewYork, closed-bar reclaim within frozen window"
SSR|ASIA_HIGH|20250305|1741173300|FINAL,SSRP|ASIA_HIGH|20250305|1741173300|FINAL,true,MSZZC1|6:XAUUSD|1:5|2:-1|1:4|18:ASIA_HIGH|20250305,,,,,,false,,,REJECT_DUPLICATE_CLUSTER,"Asia session level swept during London/NewYork, closed-bar reclaim within frozen window"
SSR|ASIA_HIGH|20250305|1741175400|FINAL,SSRP|ASIA_HIGH|20250305|1741175400|FINAL,true,MSZZC1|6:XAUUSD|1:5|2:-1|1:4|18:ASIA_HIGH|20250305,,,,,,false,,,REJECT_DUPLICATE_CLUSTER,"Asia session level swept during London/NewYork, closed-bar reclaim within frozen window"
SSR|ASIA_HIGH|20250305|1741176000|FINAL,SSRP|ASIA_HIGH|20250305|1741176000|FINAL,true,MSZZC1|6:XAUUSD|1:5|2:-1|1:4|18:ASIA_HIGH|20250305,,,,,,false,,,REJECT_DUPLICATE_CLUSTER,"Asia session level swept during London/NewYork, closed-bar reclaim within frozen window"
SSR|ASIA_HIGH|20250305|1741184700|FINAL,SSRP|ASIA_HIGH|20250305|1741184700|FINAL,true,MSZZC1|6:XAUUSD|1:5|2:-1|1:4|18:ASIA_HIGH|20250305,,,,,,false,,,REJECT_DUPLICATE_CLUSTER,"Asia session level swept during London/NewYork, closed-bar reclaim within frozen window"
SSR|ASIA_LOW|20250305|1741189800|FINAL,SSRP|ASIA_LOW|20250305|1741189800|FINAL,true,MSZZC1|6:XAUUSD|1:5|1:1|1:4|17:ASIA_LOW|20250305,MSZZC1|6:XAUUSD|1:5|1:1|1:4|17:ASIA_LOW|20250305,6,6,6,7,true,2.0000,2.00000000000004,EXECUTED,broker-executed
SSR|ASIA_LOW|20250305|1741190400|FINAL,SSRP|ASIA_LOW|20250305|1741190400|FINAL,true,MSZZC1|6:XAUUSD|1:5|1:1|1:4|17:ASIA_LOW|20250305,,,,,,false,,,REJECT_DUPLICATE_CLUSTER,"Asia session level swept during London/NewYork, closed-bar reclaim within frozen window"
SSR|ASIA_LOW|20250305|1741191300|FINAL,SSRP|ASIA_LOW|20250305|1741191300|FINAL,true,MSZZC1|6:XAUUSD|1:5|1:1|1:4|17:ASIA_LOW|20250305,,,,,,false,,,REJECT_DUPLICATE_CLUSTER,"Asia session level swept during London/NewYork, closed-bar reclaim within frozen window"
SSR|ASIA_HIGH|20250305|1741194300|FINAL,SSRP|ASIA_HIGH|20250305|1741194300|FINAL,true,MSZZC1|6:XAUUSD|1:5|2:-1|1:4|18:ASIA_HIGH|20250305,,,,,,false,,,REJECT_DUPLICATE_CLUSTER,"Asia session level swept during London/NewYork, closed-bar reclaim within frozen window"
SSR|ASIA_HIGH|20250305|1741195200|FINAL,SSRP|ASIA_HIGH|20250305|1741195200|FINAL,true,MSZZC1|6:XAUUSD|1:5|2:-1|1:4|18:ASIA_HIGH|20250305,,,,,,false,,,REJECT_DUPLICATE_CLUSTER,"Asia session level swept during London/NewYork, closed-bar reclaim within frozen window"
SSR|ASIA_HIGH|20250305|1741196100|FINAL,SSRP|ASIA_HIGH|20250305|1741196100|FINAL,true,MSZZC1|6:XAUUSD|1:5|2:-1|1:4|18:ASIA_HIGH|20250305,,,,,,false,,,REJECT_DUPLICATE_CLUSTER,"Asia session level swept during London/NewYork, closed-bar reclaim within frozen window"
SSR|ASIA_HIGH|20250305|1741197000|FINAL,SSRP|ASIA_HIGH|20250305|1741197000|FINAL,true,MSZZC1|6:XAUUSD|1:5|2:-1|1:4|18:ASIA_HIGH|20250305,,,,,,false,,,REJECT_DUPLICATE_CLUSTER,"Asia session level swept during London/NewYork, closed-bar reclaim within frozen window"
SSR|ASIA_HIGH|20250305|1741201800|FINAL,SSRP|ASIA_HIGH|20250305|1741201800|FINAL,true,MSZZC1|6:XAUUSD|1:5|2:-1|1:4|18:ASIA_HIGH|20250305,,,,,,false,,,REJECT_DUPLICATE_CLUSTER,"Asia session level swept during London/NewYork, closed-bar reclaim within frozen window"
SSR|ASIA_HIGH|20250305|1741202400|FINAL,SSRP|ASIA_HIGH|20250305|1741202400|FINAL,true,MSZZC1|6:XAUUSD|1:5|2:-1|1:4|18:ASIA_HIGH|20250305,,,,,,false,,,REJECT_DUPLICATE_CLUSTER,"Asia session level swept during London/NewYork, closed-bar reclaim within frozen window"
SSR|ASIA_HIGH|20250305|1741205700|FINAL,SSRP|ASIA_HIGH|20250305|1741205700|FINAL,true,MSZZC1|6:XAUUSD|1:5|2:-1|1:4|18:ASIA_HIGH|20250305,,,,,,false,,,REJECT_DUPLICATE_CLUSTER,"Asia session level swept during London/NewYork, closed-bar reclaim within frozen window"
SSR|ASIA_HIGH|20250305|1741206300|FINAL,SSRP|ASIA_HIGH|20250305|1741206300|FINAL,true,MSZZC1|6:XAUUSD|1:5|2:-1|1:4|18:ASIA_HIGH|20250305,,,,,,false,,,REJECT_DUPLICATE_CLUSTER,"Asia session level swept during London/NewYork, closed-bar reclaim within frozen window"
SSR|ASIA_HIGH|20250305|1741210200|FINAL,SSRP|ASIA_HIGH|20250305|1741210200|FINAL,true,MSZZC1|6:XAUUSD|1:5|2:-1|1:4|18:ASIA_HIGH|20250305,,,,,,false,,,REJECT_DUPLICATE_CLUSTER,"Asia session level swept during London/NewYork, closed-bar reclaim within frozen window"
SSR|ASIA_HIGH|20250305|1741215900|FINAL,SSRP|ASIA_HIGH|20250305|1741215900|FINAL,true,MSZZC1|6:XAUUSD|1:5|2:-1|1:4|18:ASIA_HIGH|20250305,,,,,,false,,,REJECT_DUPLICATE_CLUSTER,"Asia session level swept during London/NewYork, closed-bar reclaim within frozen window"
SSR|ASIA_HIGH|20250305|1741217100|FINAL,SSRP|ASIA_HIGH|20250305|1741217100|FINAL,true,MSZZC1|6:XAUUSD|1:5|2:-1|1:4|18:ASIA_HIGH|20250305,,,,,,false,,,REJECT_DUPLICATE_CLUSTER,"Asia session level swept during London/NewYork, closed-bar reclaim within frozen window"
SSR|ASIA_HIGH|20250305|1741218000|FINAL,SSRP|ASIA_HIGH|20250305|1741218000|FINAL,true,MSZZC1|6:XAUUSD|1:5|2:-1|1:4|18:ASIA_HIGH|20250305,,,,,,false,,,REJECT_DUPLICATE_CLUSTER,"Asia session level swept during London/NewYork, closed-bar reclaim within frozen window"
SSR|ASIA_HIGH|20250305|1741218600|FINAL,SSRP|ASIA_HIGH|20250305|1741218600|FINAL,true,MSZZC1|6:XAUUSD|1:5|2:-1|1:4|18:ASIA_HIGH|20250305,,,,,,false,,,REJECT_DUPLICATE_CLUSTER,"Asia session level swept during London/NewYork, closed-bar reclaim within frozen window"
SSR|ASIA_LOW|20250306|1741253400|FINAL,SSRP|ASIA_LOW|20250306|1741253400|FINAL,true,MSZZC1|6:XAUUSD|1:5|1:1|1:4|17:ASIA_LOW|20250306,MSZZC1|6:XAUUSD|1:5|1:1|1:4|17:ASIA_LOW|20250306,8,8,8,9,true,-1.0000,-1.0,EXECUTED,broker-executed
SSR|ASIA_LOW|20250306|1741254000|FINAL,SSRP|ASIA_LOW|20250306|1741254000|FINAL,true,MSZZC1|6:XAUUSD|1:5|1:1|1:4|17:ASIA_LOW|20250306,,,,,,false,,,REJECT_DUPLICATE_CLUSTER,"Asia session level swept during London/NewYork, closed-bar reclaim within frozen window"
SSR|ASIA_LOW|20250306|1741278900|FINAL,SSRP|ASIA_LOW|20250306|1741278900|FINAL,true,MSZZC1|6:XAUUSD|1:5|1:1|1:4|17:ASIA_LOW|20250306,,,,,,false,,,REJECT_DUPLICATE_CLUSTER,"Asia session level swept during London/NewYork, closed-bar reclaim within frozen window"
SSR|ASIA_LOW|20250306|1741280100|FINAL,SSRP|ASIA_LOW|20250306|1741280100|FINAL,true,MSZZC1|6:XAUUSD|1:5|1:1|1:4|17:ASIA_LOW|20250306,,,,,,false,,,REJECT_DUPLICATE_CLUSTER,"Asia session level swept during London/NewYork, closed-bar reclaim within frozen window"
SSR|ASIA_LOW|20250306|1741282500|FINAL,SSRP|ASIA_LOW|20250306|1741282500|FINAL,true,MSZZC1|6:XAUUSD|1:5|1:1|1:4|17:ASIA_LOW|20250306,,,,,,false,,,REJECT_DUPLICATE_CLUSTER,"Asia session level swept during London/NewYork, closed-bar reclaim within frozen window"
SSR|ASIA_LOW|20250306|1741283100|FINAL,SSRP|ASIA_LOW|20250306|1741283100|FINAL,true,MSZZC1|6:XAUUSD|1:5|1:1|1:4|17:ASIA_LOW|20250306,,,,,,false,,,REJECT_DUPLICATE_CLUSTER,"Asia session level swept during London/NewYork, closed-bar reclaim within frozen window"
SSR|ASIA_LOW|20250306|1741284300|FINAL,SSRP|ASIA_LOW|20250306|1741284300|FINAL,true,MSZZC1|6:XAUUSD|1:5|1:1|1:4|17:ASIA_LOW|20250306,,,,,,false,,,REJECT_DUPLICATE_CLUSTER,"Asia session level swept during London/NewYork, closed-bar reclaim within frozen window"
SSR|ASIA_LOW|20250306|1741284900|FINAL,SSRP|ASIA_LOW|20250306|1741284900|FINAL,true,MSZZC1|6:XAUUSD|1:5|1:1|1:4|17:ASIA_LOW|20250306,,,,,,false,,,REJECT_DUPLICATE_CLUSTER,"Asia session level swept during London/NewYork, closed-bar reclaim within frozen window"
SSR|ASIA_LOW|20250306|1741293600|FINAL,SSRP|ASIA_LOW|20250306|1741293600|FINAL,true,MSZZC1|6:XAUUSD|1:5|1:1|1:4|17:ASIA_LOW|20250306,,,,,,false,,,REJECT_DUPLICATE_CLUSTER,"Asia session level swept during London/NewYork, closed-bar reclaim within frozen window"
SSR|ASIA_LOW|20250306|1741293900|FINAL,SSRP|ASIA_LOW|20250306|1741293900|FINAL,true,MSZZC1|6:XAUUSD|1:5|1:1|1:4|17:ASIA_LOW|20250306,,,,,,false,,,REJECT_DUPLICATE_CLUSTER,"Asia session level swept during London/NewYork, closed-bar reclaim within frozen window"
SSR|ASIA_LOW|20250306|1741296000|FINAL,SSRP|ASIA_LOW|20250306|1741296000|FINAL,true,MSZZC1|6:XAUUSD|1:5|1:1|1:4|17:ASIA_LOW|20250306,,,,,,false,,,REJECT_DUPLICATE_CLUSTER,"Asia session level swept during London/NewYork, closed-bar reclaim within frozen window"
SSR|ASIA_LOW|20250306|1741297500|FINAL,SSRP|ASIA_LOW|20250306|1741297500|FINAL,true,MSZZC1|6:XAUUSD|1:5|1:1|1:4|17:ASIA_LOW|20250306,,,,,,false,,,REJECT_DUPLICATE_CLUSTER,"Asia session level swept during London/NewYork, closed-bar reclaim within frozen window"
SSR|ASIA_LOW|20250306|1741298100|FINAL,SSRP|ASIA_LOW|20250306|1741298100|FINAL,true,MSZZC1|6:XAUUSD|1:5|1:1|1:4|17:ASIA_LOW|20250306,,,,,,false,,,REJECT_DUPLICATE_CLUSTER,"Asia session level swept during London/NewYork, closed-bar reclaim within frozen window"
SSR|ASIA_LOW|20250306|1741298400|FINAL,SSRP|ASIA_LOW|20250306|1741298400|FINAL,true,MSZZC1|6:XAUUSD|1:5|1:1|1:4|17:ASIA_LOW|20250306,,,,,,false,,,REJECT_DUPLICATE_CLUSTER,"Asia session level swept during London/NewYork, closed-bar reclaim within frozen window"
SSR|ASIA_HIGH|20250307|1741336200|FINAL,SSRP|ASIA_HIGH|20250307|1741336200|FINAL,true,MSZZC1|6:XAUUSD|1:5|2:-1|1:4|18:ASIA_HIGH|20250307,MSZZC1|6:XAUUSD|1:5|2:-1|1:4|18:ASIA_HIGH|20250307,10,10,10,11,true,-1.0000,-1.0,EXECUTED,broker-executed
SSR|ASIA_HIGH|20250307|1741336800|FINAL,SSRP|ASIA_HIGH|20250307|1741336800|FINAL,true,MSZZC1|6:XAUUSD|1:5|2:-1|1:4|18:ASIA_HIGH|20250307,,,,,,false,,,REJECT_DUPLICATE_CLUSTER,"Asia session level swept during London/NewYork, closed-bar reclaim within frozen window"
SSR|ASIA_HIGH|20250307|1741338000|FINAL,SSRP|ASIA_HIGH|20250307|1741338000|FINAL,true,MSZZC1|6:XAUUSD|1:5|2:-1|1:4|18:ASIA_HIGH|20250307,,,,,,false,,,REJECT_DUPLICATE_CLUSTER,"Asia session level swept during London/NewYork, closed-bar reclaim within frozen window"
SSR|ASIA_HIGH|20250307|1741338300|FINAL,SSRP|ASIA_HIGH|20250307|1741338300|FINAL,true,MSZZC1|6:XAUUSD|1:5|2:-1|1:4|18:ASIA_HIGH|20250307,,,,,,false,,,REJECT_DUPLICATE_CLUSTER,"Asia session level swept during London/NewYork, closed-bar reclaim within frozen window"
SSR|ASIA_HIGH|20250307|1741339200|FINAL,SSRP|ASIA_HIGH|20250307|1741339200|FINAL,true,MSZZC1|6:XAUUSD|1:5|2:-1|1:4|18:ASIA_HIGH|20250307,,,,,,false,,,REJECT_DUPLICATE_CLUSTER,"Asia session level swept during London/NewYork, closed-bar reclaim within frozen window"
SSR|ASIA_HIGH|20250307|1741360200|FINAL,SSRP|ASIA_HIGH|20250307|1741360200|FINAL,true,MSZZC1|6:XAUUSD|1:5|2:-1|1:4|18:ASIA_HIGH|20250307,,,,,,false,,,REJECT_DUPLICATE_CLUSTER,"Asia session level swept during London/NewYork, closed-bar reclaim within frozen window"
SSR|ASIA_HIGH|20250307|1741360800|FINAL,SSRP|ASIA_HIGH|20250307|1741360800|FINAL,true,MSZZC1|6:XAUUSD|1:5|2:-1|1:4|18:ASIA_HIGH|20250307,,,,,,false,,,REJECT_DUPLICATE_CLUSTER,"Asia session level swept during London/NewYork, closed-bar reclaim within frozen window"
SSR|ASIA_HIGH|20250307|1741362600|FINAL,SSRP|ASIA_HIGH|20250307|1741362600|FINAL,true,MSZZC1|6:XAUUSD|1:5|2:-1|1:4|18:ASIA_HIGH|20250307,,,,,,false,,,REJECT_DUPLICATE_CLUSTER,"Asia session level swept during London/NewYork, closed-bar reclaim within frozen window"
SSR|ASIA_HIGH|20250307|1741368900|FINAL,SSRP|ASIA_HIGH|20250307|1741368900|FINAL,true,MSZZC1|6:XAUUSD|1:5|2:-1|1:4|18:ASIA_HIGH|20250307,,,,,,false,,,REJECT_DUPLICATE_CLUSTER,"Asia session level swept during London/NewYork, closed-bar reclaim within frozen window"
SSR|ASIA_HIGH|20250307|1741373100|FINAL,SSRP|ASIA_HIGH|20250307|1741373100|FINAL,true,MSZZC1|6:XAUUSD|1:5|2:-1|1:4|18:ASIA_HIGH|20250307,,,,,,false,,,REJECT_DUPLICATE_CLUSTER,"Asia session level swept during London/NewYork, closed-bar reclaim within frozen window"
SSR|ASIA_HIGH|20250307|1741374600|FINAL,SSRP|ASIA_HIGH|20250307|1741374600|FINAL,true,MSZZC1|6:XAUUSD|1:5|2:-1|1:4|18:ASIA_HIGH|20250307,,,,,,false,,,REJECT_DUPLICATE_CLUSTER,"Asia session level swept during London/NewYork, closed-bar reclaim within frozen window"
SSR|ASIA_LOW|20250310|1741598700|FINAL,SSRP|ASIA_LOW|20250310|1741598700|FINAL,true,MSZZC1|6:XAUUSD|1:5|1:1|1:4|17:ASIA_LOW|20250310,MSZZC1|6:XAUUSD|1:5|1:1|1:4|17:ASIA_LOW|20250310,12,12,12,13,true,-1.0000,-1.0,EXECUTED,broker-executed
SSR|ASIA_LOW|20250310|1741599300|FINAL,SSRP|ASIA_LOW|20250310|1741599300|FINAL,true,MSZZC1|6:XAUUSD|1:5|1:1|1:4|17:ASIA_LOW|20250310,,,,,,false,,,REJECT_DUPLICATE_CLUSTER,"Asia session level swept during London/NewYork, closed-bar reclaim within frozen window"
SSR|ASIA_LOW|20250310|1741607400|FINAL,SSRP|ASIA_LOW|20250310|1741607400|FINAL,true,MSZZC1|6:XAUUSD|1:5|1:1|1:4|17:ASIA_LOW|20250310,,,,,,false,,,REJECT_DUPLICATE_CLUSTER,"Asia session level swept during London/NewYork, closed-bar reclaim within frozen window"
SSR|ASIA_LOW|20250310|1741607700|FINAL,SSRP|ASIA_LOW|20250310|1741607700|FINAL,true,MSZZC1|6:XAUUSD|1:5|1:1|1:4|17:ASIA_LOW|20250310,,,,,,false,,,REJECT_DUPLICATE_CLUSTER,"Asia session level swept during London/NewYork, closed-bar reclaim within frozen window"
SSR|ASIA_LOW|20250310|1741608000|FINAL,SSRP|ASIA_LOW|20250310|1741608000|FINAL,true,MSZZC1|6:XAUUSD|1:5|1:1|1:4|17:ASIA_LOW|20250310,,,,,,false,,,REJECT_DUPLICATE_CLUSTER,"Asia session level swept during London/NewYork, closed-bar reclaim within frozen window"
SSR|ASIA_LOW|20250310|1741611900|FINAL,SSRP|ASIA_LOW|20250310|1741611900|FINAL,true,MSZZC1|6:XAUUSD|1:5|1:1|1:4|17:ASIA_LOW|20250310,,,,,,false,,,REJECT_DUPLICATE_CLUSTER,"Asia session level swept during London/NewYork, closed-bar reclaim within frozen window"
SSR|ASIA_LOW|20250310|1741612200|FINAL,SSRP|ASIA_LOW|20250310|1741612200|FINAL,true,MSZZC1|6:XAUUSD|1:5|1:1|1:4|17:ASIA_LOW|20250310,,,,,,false,,,REJECT_DUPLICATE_CLUSTER,"Asia session level swept during London/NewYork, closed-bar reclaim within frozen window"
SSR|ASIA_LOW|20250310|1741612500|FINAL,SSRP|ASIA_LOW|20250310|1741612500|FINAL,true,MSZZC1|6:XAUUSD|1:5|1:1|1:4|17:ASIA_LOW|20250310,,,,,,false,,,REJECT_DUPLICATE_CLUSTER,"Asia session level swept during London/NewYork, closed-bar reclaim within frozen window"
SSR|ASIA_LOW|20250310|1741615200|FINAL,SSRP|ASIA_LOW|20250310|1741615200|FINAL,true,MSZZC1|6:XAUUSD|1:5|1:1|1:4|17:ASIA_LOW|20250310,,,,,,false,,,REJECT_DUPLICATE_CLUSTER,"Asia session level swept during London/NewYork, closed-bar reclaim within frozen window"
SSR|ASIA_HIGH|20250311|1741689000|FINAL,SSRP|ASIA_HIGH|20250311|1741689000|FINAL,true,MSZZC1|6:XAUUSD|1:5|2:-1|1:4|18:ASIA_HIGH|20250311,MSZZC1|6:XAUUSD|1:5|2:-1|1:4|18:ASIA_HIGH|20250311,14,14,14,15,true,-1.0000,-1.0,EXECUTED,broker-executed
SSR|ASIA_HIGH|20250311|1741689300|FINAL,SSRP|ASIA_HIGH|20250311|1741689300|FINAL,true,MSZZC1|6:XAUUSD|1:5|2:-1|1:4|18:ASIA_HIGH|20250311,,,,,,false,,,REJECT_DUPLICATE_CLUSTER,"Asia session level swept during London/NewYork, closed-bar reclaim within frozen window"
SSR|ASIA_HIGH|20250311|1741691100|FINAL,SSRP|ASIA_HIGH|20250311|1741691100|FINAL,true,MSZZC1|6:XAUUSD|1:5|2:-1|1:4|18:ASIA_HIGH|20250311,,,,,,false,,,REJECT_DUPLICATE_CLUSTER,"Asia session level swept during London/NewYork, closed-bar reclaim within frozen window"
SSR|ASIA_HIGH|20250311|1741691400|FINAL,SSRP|ASIA_HIGH|20250311|1741691400|FINAL,true,MSZZC1|6:XAUUSD|1:5|2:-1|1:4|18:ASIA_HIGH|20250311,,,,,,false,,,REJECT_DUPLICATE_CLUSTER,"Asia session level swept during London/NewYork, closed-bar reclaim within frozen window"
SSR|ASIA_HIGH|20250311|1741692300|FINAL,SSRP|ASIA_HIGH|20250311|1741692300|FINAL,true,MSZZC1|6:XAUUSD|1:5|2:-1|1:4|18:ASIA_HIGH|20250311,,,,,,false,,,REJECT_DUPLICATE_CLUSTER,"Asia session level swept during London/NewYork, closed-bar reclaim within frozen window"
SSR|ASIA_HIGH|20250311|1741692600|FINAL,SSRP|ASIA_HIGH|20250311|1741692600|FINAL,true,MSZZC1|6:XAUUSD|1:5|2:-1|1:4|18:ASIA_HIGH|20250311,,,,,,false,,,REJECT_DUPLICATE_CLUSTER,"Asia session level swept during London/NewYork, closed-bar reclaim within frozen window"
SSR|ASIA_HIGH|20250311|1741693200|FINAL,SSRP|ASIA_HIGH|20250311|1741693200|FINAL,true,MSZZC1|6:XAUUSD|1:5|2:-1|1:4|18:ASIA_HIGH|20250311,,,,,,false,,,REJECT_DUPLICATE_CLUSTER,"Asia session level swept during London/NewYork, closed-bar reclaim within frozen window"
SSR|ASIA_HIGH|20250312|1741773900|FINAL,SSRP|ASIA_HIGH|20250312|1741773900|FINAL,true,MSZZC1|6:XAUUSD|1:5|2:-1|1:4|18:ASIA_HIGH|20250312,MSZZC1|6:XAUUSD|1:5|2:-1|1:4|18:ASIA_HIGH|20250312,16,16,16,17,true,1.4576,1.457583547557907,EXECUTED,broker-executed
SSR|ASIA_LOW|20250312|1741777500|FINAL,SSRP|ASIA_LOW|20250312|1741777500|FINAL,true,MSZZC1|6:XAUUSD|1:5|1:1|1:4|17:ASIA_LOW|20250312,MSZZC1|6:XAUUSD|1:5|1:1|1:4|17:ASIA_LOW|20250312,18,18,18,19,true,-1.0000,-1.0,EXECUTED,broker-executed
SSR|ASIA_LOW|20250312|1741778100|FINAL,SSRP|ASIA_LOW|20250312|1741778100|FINAL,true,MSZZC1|6:XAUUSD|1:5|1:1|1:4|17:ASIA_LOW|20250312,,,,,,false,,,REJECT_DUPLICATE_CLUSTER,"Asia session level swept during London/NewYork, closed-bar reclaim within frozen window"
SSR|ASIA_LOW|20250312|1741778400|FINAL,SSRP|ASIA_LOW|20250312|1741778400|FINAL,true,MSZZC1|6:XAUUSD|1:5|1:1|1:4|17:ASIA_LOW|20250312,,,,,,false,,,REJECT_DUPLICATE_CLUSTER,"Asia session level swept during London/NewYork, closed-bar reclaim within frozen window"
SSR|ASIA_HIGH|20250312|1741784700|FINAL,SSRP|ASIA_HIGH|20250312|1741784700|FINAL,true,MSZZC1|6:XAUUSD|1:5|2:-1|1:4|18:ASIA_HIGH|20250312,,,,,,false,,,REJECT_DUPLICATE_CLUSTER,"Asia session level swept during London/NewYork, closed-bar reclaim within frozen window"
SSR|ASIA_HIGH|20250312|1741785000|FINAL,SSRP|ASIA_HIGH|20250312|1741785000|FINAL,true,MSZZC1|6:XAUUSD|1:5|2:-1|1:4|18:ASIA_HIGH|20250312,,,,,,false,,,REJECT_DUPLICATE_CLUSTER,"Asia session level swept during London/NewYork, closed-bar reclaim within frozen window"
SSR|ASIA_HIGH|20250312|1741797000|FINAL,SSRP|ASIA_HIGH|20250312|1741797000|FINAL,true,MSZZC1|6:XAUUSD|1:5|2:-1|1:4|18:ASIA_HIGH|20250312,,,,,,false,,,REJECT_DUPLICATE_CLUSTER,"Asia session level swept during London/NewYork, closed-bar reclaim within frozen window"
SSR|ASIA_HIGH|20250312|1741797600|FINAL,SSRP|ASIA_HIGH|20250312|1741797600|FINAL,true,MSZZC1|6:XAUUSD|1:5|2:-1|1:4|18:ASIA_HIGH|20250312,,,,,,false,,,REJECT_DUPLICATE_CLUSTER,"Asia session level swept during London/NewYork, closed-bar reclaim within frozen window"
SSR|ASIA_LOW|20250312|1741800000|FINAL,SSRP|ASIA_LOW|20250312|1741800000|FINAL,true,MSZZC1|6:XAUUSD|1:5|1:1|1:4|17:ASIA_LOW|20250312,,,,,,false,,,REJECT_DUPLICATE_CLUSTER,"Asia session level swept during London/NewYork, closed-bar reclaim within frozen window"
SSR|ASIA_LOW|20250312|1741800600|FINAL,SSRP|ASIA_LOW|20250312|1741800600|FINAL,true,MSZZC1|6:XAUUSD|1:5|1:1|1:4|17:ASIA_LOW|20250312,,,,,,false,,,REJECT_DUPLICATE_CLUSTER,"Asia session level swept during London/NewYork, closed-bar reclaim within frozen window"
SSR|ASIA_LOW|20250312|1741800900|FINAL,SSRP|ASIA_LOW|20250312|1741800900|FINAL,true,MSZZC1|6:XAUUSD|1:5|1:1|1:4|17:ASIA_LOW|20250312,,,,,,false,,,REJECT_DUPLICATE_CLUSTER,"Asia session level swept during London/NewYork, closed-bar reclaim within frozen window"
SSR|ASIA_LOW|20250312|1741801200|FINAL,SSRP|ASIA_LOW|20250312|1741801200|FINAL,true,MSZZC1|6:XAUUSD|1:5|1:1|1:4|17:ASIA_LOW|20250312,,,,,,false,,,REJECT_DUPLICATE_CLUSTER,"Asia session level swept during London/NewYork, closed-bar reclaim within frozen window"
SSR|ASIA_HIGH|20250313|1741872000|FINAL,SSRP|ASIA_HIGH|20250313|1741872000|FINAL,true,MSZZC1|6:XAUUSD|1:5|2:-1|1:4|18:ASIA_HIGH|20250313,MSZZC1|6:XAUUSD|1:5|2:-1|1:4|18:ASIA_HIGH|20250313,20,20,20,21,true,-1.0000,-1.0,EXECUTED,broker-executed
SSR|ASIA_HIGH|20250313|1741874400|FINAL,SSRP|ASIA_HIGH|20250313|1741874400|FINAL,true,MSZZC1|6:XAUUSD|1:5|2:-1|1:4|18:ASIA_HIGH|20250313,,,,,,false,,,REJECT_DUPLICATE_CLUSTER,"Asia session level swept during London/NewYork, closed-bar reclaim within frozen window"
SSR|ASIA_HIGH|20250313|1741874700|FINAL,SSRP|ASIA_HIGH|20250313|1741874700|FINAL,true,MSZZC1|6:XAUUSD|1:5|2:-1|1:4|18:ASIA_HIGH|20250313,,,,,,false,,,REJECT_DUPLICATE_CLUSTER,"Asia session level swept during London/NewYork, closed-bar reclaim within frozen window"
SSR|ASIA_HIGH|20250313|1741878600|FINAL,SSRP|ASIA_HIGH|20250313|1741878600|FINAL,true,MSZZC1|6:XAUUSD|1:5|2:-1|1:4|18:ASIA_HIGH|20250313,,,,,,false,,,REJECT_DUPLICATE_CLUSTER,"Asia session level swept during London/NewYork, closed-bar reclaim within frozen window"
SSR|ASIA_HIGH|20250313|1741880400|FINAL,SSRP|ASIA_HIGH|20250313|1741880400|FINAL,true,MSZZC1|6:XAUUSD|1:5|2:-1|1:4|18:ASIA_HIGH|20250313,,,,,,false,,,REJECT_DUPLICATE_CLUSTER,"Asia session level swept during London/NewYork, closed-bar reclaim within frozen window"
SSR|ASIA_HIGH|20250313|1741881600|FINAL,SSRP|ASIA_HIGH|20250313|1741881600|FINAL,true,MSZZC1|6:XAUUSD|1:5|2:-1|1:4|18:ASIA_HIGH|20250313,,,,,,false,,,REJECT_DUPLICATE_CLUSTER,"Asia session level swept during London/NewYork, closed-bar reclaim within frozen window"
SSR|ASIA_HIGH|20250313|1741882200|FINAL,SSRP|ASIA_HIGH|20250313|1741882200|FINAL,true,MSZZC1|6:XAUUSD|1:5|2:-1|1:4|18:ASIA_HIGH|20250313,,,,,,false,,,REJECT_DUPLICATE_CLUSTER,"Asia session level swept during London/NewYork, closed-bar reclaim within frozen window"
SSR|ASIA_HIGH|20250313|1741882800|FINAL,SSRP|ASIA_HIGH|20250313|1741882800|FINAL,true,MSZZC1|6:XAUUSD|1:5|2:-1|1:4|18:ASIA_HIGH|20250313,,,,,,false,,,REJECT_DUPLICATE_CLUSTER,"Asia session level swept during London/NewYork, closed-bar reclaim within frozen window"
SSR|ASIA_HIGH|20250313|1741883400|FINAL,SSRP|ASIA_HIGH|20250313|1741883400|FINAL,true,MSZZC1|6:XAUUSD|1:5|2:-1|1:4|18:ASIA_HIGH|20250313,,,,,,false,,,REJECT_DUPLICATE_CLUSTER,"Asia session level swept during London/NewYork, closed-bar reclaim within frozen window"
SSR|ASIA_HIGH|20250313|1741884000|FINAL,SSRP|ASIA_HIGH|20250313|1741884000|FINAL,true,MSZZC1|6:XAUUSD|1:5|2:-1|1:4|18:ASIA_HIGH|20250313,,,,,,false,,,REJECT_DUPLICATE_CLUSTER,"Asia session level swept during London/NewYork, closed-bar reclaim within frozen window"
SSR|ASIA_HIGH|20250313|1741884600|FINAL,SSRP|ASIA_HIGH|20250313|1741884600|FINAL,true,MSZZC1|6:XAUUSD|1:5|2:-1|1:4|18:ASIA_HIGH|20250313,,,,,,false,,,REJECT_DUPLICATE_CLUSTER,"Asia session level swept during London/NewYork, closed-bar reclaim within frozen window"
SSR|ASIA_HIGH|20250314|1741939200|FINAL,SSRP|ASIA_HIGH|20250314|1741939200|FINAL,true,MSZZC1|6:XAUUSD|1:5|2:-1|1:4|18:ASIA_HIGH|20250314,MSZZC1|6:XAUUSD|1:5|2:-1|1:4|18:ASIA_HIGH|20250314,22,22,22,23,true,2.0000,2.0,EXECUTED,broker-executed
SSR|ASIA_HIGH|20250314|1741939500|FINAL,SSRP|ASIA_HIGH|20250314|1741939500|FINAL,true,MSZZC1|6:XAUUSD|1:5|2:-1|1:4|18:ASIA_HIGH|20250314,,,,,,false,,,REJECT_DUPLICATE_CLUSTER,"Asia session level swept during London/NewYork, closed-bar reclaim within frozen window"
SSR|ASIA_HIGH|20250314|1741940100|FINAL,SSRP|ASIA_HIGH|20250314|1741940100|FINAL,true,MSZZC1|6:XAUUSD|1:5|2:-1|1:4|18:ASIA_HIGH|20250314,,,,,,false,,,REJECT_DUPLICATE_CLUSTER,"Asia session level swept during London/NewYork, closed-bar reclaim within frozen window"
SSR|ASIA_HIGH|20250314|1741940700|FINAL,SSRP|ASIA_HIGH|20250314|1741940700|FINAL,true,MSZZC1|6:XAUUSD|1:5|2:-1|1:4|18:ASIA_HIGH|20250314,,,,,,false,,,REJECT_DUPLICATE_CLUSTER,"Asia session level swept during London/NewYork, closed-bar reclaim within frozen window"
SSR|ASIA_LOW|20250314|1741951500|FINAL,SSRP|ASIA_LOW|20250314|1741951500|FINAL,true,MSZZC1|6:XAUUSD|1:5|1:1|1:4|17:ASIA_LOW|20250314,MSZZC1|6:XAUUSD|1:5|1:1|1:4|17:ASIA_LOW|20250314,24,24,24,25,true,2.0000,1.9999999999998777,EXECUTED,broker-executed
SSR|ASIA_HIGH|20250314|1741962600|FINAL,SSRP|ASIA_HIGH|20250314|1741962600|FINAL,true,MSZZC1|6:XAUUSD|1:5|2:-1|1:4|18:ASIA_HIGH|20250314,,,,,,false,,,REJECT_DUPLICATE_CLUSTER,"Asia session level swept during London/NewYork, closed-bar reclaim within frozen window"
SSR|ASIA_HIGH|20250314|1741962900|FINAL,SSRP|ASIA_HIGH|20250314|1741962900|FINAL,true,MSZZC1|6:XAUUSD|1:5|2:-1|1:4|18:ASIA_HIGH|20250314,,,,,,false,,,REJECT_DUPLICATE_CLUSTER,"Asia session level swept during London/NewYork, closed-bar reclaim within frozen window"
SSR|ASIA_HIGH|20250314|1741963200|FINAL,SSRP|ASIA_HIGH|20250314|1741963200|FINAL,true,MSZZC1|6:XAUUSD|1:5|2:-1|1:4|18:ASIA_HIGH|20250314,,,,,,false,,,REJECT_DUPLICATE_CLUSTER,"Asia session level swept during London/NewYork, closed-bar reclaim within frozen window"
SSR|ASIA_HIGH|20250314|1741973100|FINAL,SSRP|ASIA_HIGH|20250314|1741973100|FINAL,true,MSZZC1|6:XAUUSD|1:5|2:-1|1:4|18:ASIA_HIGH|20250314,,,,,,false,,,REJECT_DUPLICATE_CLUSTER,"Asia session level swept during London/NewYork, closed-bar reclaim within frozen window"
SSR|ASIA_HIGH|20250314|1741973400|FINAL,SSRP|ASIA_HIGH|20250314|1741973400|FINAL,true,MSZZC1|6:XAUUSD|1:5|2:-1|1:4|18:ASIA_HIGH|20250314,,,,,,false,,,REJECT_DUPLICATE_CLUSTER,"Asia session level swept during London/NewYork, closed-bar reclaim within frozen window"
SSR|ASIA_HIGH|20250314|1741975800|FINAL,SSRP|ASIA_HIGH|20250314|1741975800|FINAL,true,MSZZC1|6:XAUUSD|1:5|2:-1|1:4|18:ASIA_HIGH|20250314,,,,,,false,,,REJECT_DUPLICATE_CLUSTER,"Asia session level swept during London/NewYork, closed-bar reclaim within frozen window"
SSR|ASIA_HIGH|20250314|1741976100|FINAL,SSRP|ASIA_HIGH|20250314|1741976100|FINAL,true,MSZZC1|6:XAUUSD|1:5|2:-1|1:4|18:ASIA_HIGH|20250314,,,,,,false,,,REJECT_DUPLICATE_CLUSTER,"Asia session level swept during London/NewYork, closed-bar reclaim within frozen window"
SSR|ASIA_LOW|20250314|1741978800|FINAL,SSRP|ASIA_LOW|20250314|1741978800|FINAL,true,MSZZC1|6:XAUUSD|1:5|1:1|1:4|17:ASIA_LOW|20250314,,,,,,false,,,REJECT_DUPLICATE_CLUSTER,"Asia session level swept during London/NewYork, closed-bar reclaim within frozen window"
SSR|ASIA_LOW|20250314|1741979400|FINAL,SSRP|ASIA_LOW|20250314|1741979400|FINAL,true,MSZZC1|6:XAUUSD|1:5|1:1|1:4|17:ASIA_LOW|20250314,,,,,,false,,,REJECT_DUPLICATE_CLUSTER,"Asia session level swept during London/NewYork, closed-bar reclaim within frozen window"
SSR|ASIA_LOW|20250314|1741980000|FINAL,SSRP|ASIA_LOW|20250314|1741980000|FINAL,true,MSZZC1|6:XAUUSD|1:5|1:1|1:4|17:ASIA_LOW|20250314,,,,,,false,,,REJECT_DUPLICATE_CLUSTER,"Asia session level swept during London/NewYork, closed-bar reclaim within frozen window"
SSR|ASIA_LOW|20250314|1741980300|FINAL,SSRP|ASIA_LOW|20250314|1741980300|FINAL,true,MSZZC1|6:XAUUSD|1:5|1:1|1:4|17:ASIA_LOW|20250314,,,,,,false,,,REJECT_DUPLICATE_CLUSTER,"Asia session level swept during London/NewYork, closed-bar reclaim within frozen window"
SSR|ASIA_LOW|20250314|1741980600|FINAL,SSRP|ASIA_LOW|20250314|1741980600|FINAL,true,MSZZC1|6:XAUUSD|1:5|1:1|1:4|17:ASIA_LOW|20250314,,,,,,false,,,REJECT_DUPLICATE_CLUSTER,"Asia session level swept during London/NewYork, closed-bar reclaim within frozen window"
SSR|ASIA_LOW|20250317|1742199000|FINAL,SSRP|ASIA_LOW|20250317|1742199000|FINAL,true,MSZZC1|6:XAUUSD|1:5|1:1|1:4|17:ASIA_LOW|20250317,MSZZC1|6:XAUUSD|1:5|1:1|1:4|17:ASIA_LOW|20250317,26,26,26,27,true,2.0000,2.0,EXECUTED,broker-executed
SSR|ASIA_HIGH|20250317|1742223600|FINAL,SSRP|ASIA_HIGH|20250317|1742223600|FINAL,true,MSZZC1|6:XAUUSD|1:5|2:-1|1:4|18:ASIA_HIGH|20250317,MSZZC1|6:XAUUSD|1:5|2:-1|1:4|18:ASIA_HIGH|20250317,28,28,28,29,true,-1.0000,-1.0,EXECUTED,broker-executed
SSR|ASIA_HIGH|20250317|1742223900|FINAL,SSRP|ASIA_HIGH|20250317|1742223900|FINAL,true,MSZZC1|6:XAUUSD|1:5|2:-1|1:4|18:ASIA_HIGH|20250317,,,,,,false,,,REJECT_DUPLICATE_CLUSTER,"Asia session level swept during London/NewYork, closed-bar reclaim within frozen window"
SSR|ASIA_HIGH|20250317|1742225100|FINAL,SSRP|ASIA_HIGH|20250317|1742225100|FINAL,true,MSZZC1|6:XAUUSD|1:5|2:-1|1:4|18:ASIA_HIGH|20250317,,,,,,false,,,REJECT_DUPLICATE_CLUSTER,"Asia session level swept during London/NewYork, closed-bar reclaim within frozen window"
SSR|ASIA_HIGH|20250317|1742235000|FINAL,SSRP|ASIA_HIGH|20250317|1742235000|FINAL,true,MSZZC1|6:XAUUSD|1:5|2:-1|1:4|18:ASIA_HIGH|20250317,,,,,,false,,,REJECT_DUPLICATE_CLUSTER,"Asia session level swept during London/NewYork, closed-bar reclaim within frozen window"
SSR|ASIA_HIGH|20250317|1742239800|FINAL,SSRP|ASIA_HIGH|20250317|1742239800|FINAL,true,MSZZC1|6:XAUUSD|1:5|2:-1|1:4|18:ASIA_HIGH|20250317,,,,,,false,,,REJECT_DUPLICATE_CLUSTER,"Asia session level swept during London/NewYork, closed-bar reclaim within frozen window"
SSR|ASIA_HIGH|20250317|1742240100|FINAL,SSRP|ASIA_HIGH|20250317|1742240100|FINAL,true,MSZZC1|6:XAUUSD|1:5|2:-1|1:4|18:ASIA_HIGH|20250317,,,,,,false,,,REJECT_DUPLICATE_CLUSTER,"Asia session level swept during London/NewYork, closed-bar reclaim within frozen window"
SSR|ASIA_HIGH|20250318|1742291400|FINAL,SSRP|ASIA_HIGH|20250318|1742291400|FINAL,true,MSZZC1|6:XAUUSD|1:5|2:-1|1:4|18:ASIA_HIGH|20250318,MSZZC1|6:XAUUSD|1:5|2:-1|1:4|18:ASIA_HIGH|20250318,30,30,30,31,true,-1.0000,-1.0,EXECUTED,broker-executed
SSR|ASIA_HIGH|20250318|1742292900|FINAL,SSRP|ASIA_HIGH|20250318|1742292900|FINAL,true,MSZZC1|6:XAUUSD|1:5|2:-1|1:4|18:ASIA_HIGH|20250318,,,,,,false,,,REJECT_DUPLICATE_CLUSTER,"Asia session level swept during London/NewYork, closed-bar reclaim within frozen window"
SSR|ASIA_HIGH|20250318|1742293200|FINAL,SSRP|ASIA_HIGH|20250318|1742293200|FINAL,true,MSZZC1|6:XAUUSD|1:5|2:-1|1:4|18:ASIA_HIGH|20250318,,,,,,false,,,REJECT_DUPLICATE_CLUSTER,"Asia session level swept during London/NewYork, closed-bar reclaim within frozen window"
SSR|ASIA_HIGH|20250318|1742293800|FINAL,SSRP|ASIA_HIGH|20250318|1742293800|FINAL,true,MSZZC1|6:XAUUSD|1:5|2:-1|1:4|18:ASIA_HIGH|20250318,,,,,,false,,,REJECT_DUPLICATE_CLUSTER,"Asia session level swept during London/NewYork, closed-bar reclaim within frozen window"
SSR|ASIA_HIGH|20250318|1742294700|FINAL,SSRP|ASIA_HIGH|20250318|1742294700|FINAL,true,MSZZC1|6:XAUUSD|1:5|2:-1|1:4|18:ASIA_HIGH|20250318,,,,,,false,,,REJECT_DUPLICATE_CLUSTER,"Asia session level swept during London/NewYork, closed-bar reclaim within frozen window"
SSR|ASIA_HIGH|20250319|1742375100|FINAL,SSRP|ASIA_HIGH|20250319|1742375100|FINAL,true,MSZZC1|6:XAUUSD|1:5|2:-1|1:4|18:ASIA_HIGH|20250319,MSZZC1|6:XAUUSD|1:5|2:-1|1:4|18:ASIA_HIGH|20250319,32,32,32,33,true,1.6051,1.6050955414012111,EXECUTED,broker-executed
SSR|ASIA_HIGH|20250319|1742375400|FINAL,SSRP|ASIA_HIGH|20250319|1742375400|FINAL,true,MSZZC1|6:XAUUSD|1:5|2:-1|1:4|18:ASIA_HIGH|20250319,,,,,,false,,,REJECT_DUPLICATE_CLUSTER,"Asia session level swept during London/NewYork, closed-bar reclaim within frozen window"
SSR|ASIA_HIGH|20250319|1742375700|FINAL,SSRP|ASIA_HIGH|20250319|1742375700|FINAL,true,MSZZC1|6:XAUUSD|1:5|2:-1|1:4|18:ASIA_HIGH|20250319,,,,,,false,,,REJECT_DUPLICATE_CLUSTER,"Asia session level swept during London/NewYork, closed-bar reclaim within frozen window"
SSR|ASIA_HIGH|20250319|1742380200|FINAL,SSRP|ASIA_HIGH|20250319|1742380200|FINAL,true,MSZZC1|6:XAUUSD|1:5|2:-1|1:4|18:ASIA_HIGH|20250319,,,,,,false,,,REJECT_DUPLICATE_CLUSTER,"Asia session level swept during London/NewYork, closed-bar reclaim within frozen window"
SSR|ASIA_HIGH|20250319|1742380500|FINAL,SSRP|ASIA_HIGH|20250319|1742380500|FINAL,true,MSZZC1|6:XAUUSD|1:5|2:-1|1:4|18:ASIA_HIGH|20250319,,,,,,false,,,REJECT_DUPLICATE_CLUSTER,"Asia session level swept during London/NewYork, closed-bar reclaim within frozen window"
SSR|ASIA_HIGH|20250319|1742381100|FINAL,SSRP|ASIA_HIGH|20250319|1742381100|FINAL,true,MSZZC1|6:XAUUSD|1:5|2:-1|1:4|18:ASIA_HIGH|20250319,,,,,,false,,,REJECT_DUPLICATE_CLUSTER,"Asia session level swept during London/NewYork, closed-bar reclaim within frozen window"
SSR|ASIA_LOW|20250319|1742384400|FINAL,SSRP|ASIA_LOW|20250319|1742384400|FINAL,true,MSZZC1|6:XAUUSD|1:5|1:1|1:4|17:ASIA_LOW|20250319,MSZZC1|6:XAUUSD|1:5|1:1|1:4|17:ASIA_LOW|20250319,34,34,34,35,true,-1.0000,-1.0,EXECUTED,broker-executed
SSR|ASIA_LOW|20250319|1742386200|FINAL,SSRP|ASIA_LOW|20250319|1742386200|FINAL,true,MSZZC1|6:XAUUSD|1:5|1:1|1:4|17:ASIA_LOW|20250319,,,,,,false,,,REJECT_DUPLICATE_CLUSTER,"Asia session level swept during London/NewYork, closed-bar reclaim within frozen window"
SSR|ASIA_LOW|20250319|1742386800|FINAL,SSRP|ASIA_LOW|20250319|1742386800|FINAL,true,MSZZC1|6:XAUUSD|1:5|1:1|1:4|17:ASIA_LOW|20250319,,,,,,false,,,REJECT_DUPLICATE_CLUSTER,"Asia session level swept during London/NewYork, closed-bar reclaim within frozen window"
SSR|ASIA_HIGH|20250319|1742394600|FINAL,SSRP|ASIA_HIGH|20250319|1742394600|FINAL,true,MSZZC1|6:XAUUSD|1:5|2:-1|1:4|18:ASIA_HIGH|20250319,,,,,,false,,,REJECT_DUPLICATE_CLUSTER,"Asia session level swept during London/NewYork, closed-bar reclaim within frozen window"
SSR|ASIA_HIGH|20250319|1742394900|FINAL,SSRP|ASIA_HIGH|20250319|1742394900|FINAL,true,MSZZC1|6:XAUUSD|1:5|2:-1|1:4|18:ASIA_HIGH|20250319,,,,,,false,,,REJECT_DUPLICATE_CLUSTER,"Asia session level swept during London/NewYork, closed-bar reclaim within frozen window"
SSR|ASIA_HIGH|20250319|1742395800|FINAL,SSRP|ASIA_HIGH|20250319|1742395800|FINAL,true,MSZZC1|6:XAUUSD|1:5|2:-1|1:4|18:ASIA_HIGH|20250319,,,,,,false,,,REJECT_DUPLICATE_CLUSTER,"Asia session level swept during London/NewYork, closed-bar reclaim within frozen window"
SSR|ASIA_HIGH|20250319|1742396100|FINAL,SSRP|ASIA_HIGH|20250319|1742396100|FINAL,true,MSZZC1|6:XAUUSD|1:5|2:-1|1:4|18:ASIA_HIGH|20250319,,,,,,false,,,REJECT_DUPLICATE_CLUSTER,"Asia session level swept during London/NewYork, closed-bar reclaim within frozen window"
SSR|ASIA_HIGH|20250319|1742396700|FINAL,SSRP|ASIA_HIGH|20250319|1742396700|FINAL,true,MSZZC1|6:XAUUSD|1:5|2:-1|1:4|18:ASIA_HIGH|20250319,,,,,,false,,,REJECT_DUPLICATE_CLUSTER,"Asia session level swept during London/NewYork, closed-bar reclaim within frozen window"
SSR|ASIA_HIGH|20250319|1742397300|FINAL,SSRP|ASIA_HIGH|20250319|1742397300|FINAL,true,MSZZC1|6:XAUUSD|1:5|2:-1|1:4|18:ASIA_HIGH|20250319,,,,,,false,,,REJECT_DUPLICATE_CLUSTER,"Asia session level swept during London/NewYork, closed-bar reclaim within frozen window"
SSR|ASIA_HIGH|20250319|1742397600|FINAL,SSRP|ASIA_HIGH|20250319|1742397600|FINAL,true,MSZZC1|6:XAUUSD|1:5|2:-1|1:4|18:ASIA_HIGH|20250319,,,,,,false,,,REJECT_DUPLICATE_CLUSTER,"Asia session level swept during London/NewYork, closed-bar reclaim within frozen window"
SSR|ASIA_HIGH|20250319|1742398500|FINAL,SSRP|ASIA_HIGH|20250319|1742398500|FINAL,true,MSZZC1|6:XAUUSD|1:5|2:-1|1:4|18:ASIA_HIGH|20250319,,,,,,false,,,REJECT_DUPLICATE_CLUSTER,"Asia session level swept during London/NewYork, closed-bar reclaim within frozen window"
SSR|ASIA_LOW|20250319|1742404200|FINAL,SSRP|ASIA_LOW|20250319|1742404200|FINAL,true,MSZZC1|6:XAUUSD|1:5|1:1|1:4|17:ASIA_LOW|20250319,,,,,,false,,,REJECT_DUPLICATE_CLUSTER,"Asia session level swept during London/NewYork, closed-bar reclaim within frozen window"
SSR|ASIA_LOW|20250319|1742404800|FINAL,SSRP|ASIA_LOW|20250319|1742404800|FINAL,true,MSZZC1|6:XAUUSD|1:5|1:1|1:4|17:ASIA_LOW|20250319,,,,,,false,,,REJECT_DUPLICATE_CLUSTER,"Asia session level swept during London/NewYork, closed-bar reclaim within frozen window"
SSR|ASIA_LOW|20250319|1742406600|FINAL,SSRP|ASIA_LOW|20250319|1742406600|FINAL,true,MSZZC1|6:XAUUSD|1:5|1:1|1:4|17:ASIA_LOW|20250319,,,,,,false,,,REJECT_DUPLICATE_CLUSTER,"Asia session level swept during London/NewYork, closed-bar reclaim within frozen window"
SSR|ASIA_LOW|20250319|1742407200|FINAL,SSRP|ASIA_LOW|20250319|1742407200|FINAL,true,MSZZC1|6:XAUUSD|1:5|1:1|1:4|17:ASIA_LOW|20250319,,,,,,false,,,REJECT_DUPLICATE_CLUSTER,"Asia session level swept during London/NewYork, closed-bar reclaim within frozen window"
SSR|ASIA_HIGH|20250319|1742418600|FINAL,SSRP|ASIA_HIGH|20250319|1742418600|FINAL,true,MSZZC1|6:XAUUSD|1:5|2:-1|1:4|18:ASIA_HIGH|20250319,,,,,,false,,,REJECT_DUPLICATE_CLUSTER,"Asia session level swept during London/NewYork, closed-bar reclaim within frozen window"
SSR|ASIA_LOW|20250320|1742466000|FINAL,SSRP|ASIA_LOW|20250320|1742466000|FINAL,true,MSZZC1|6:XAUUSD|1:5|1:1|1:4|17:ASIA_LOW|20250320,MSZZC1|6:XAUUSD|1:5|1:1|1:4|17:ASIA_LOW|20250320,36,36,36,37,true,-1.0000,-1.0,EXECUTED,broker-executed
SSR|ASIA_LOW|20250320|1742466900|FINAL,SSRP|ASIA_LOW|20250320|1742466900|FINAL,true,MSZZC1|6:XAUUSD|1:5|1:1|1:4|17:ASIA_LOW|20250320,,,,,,false,,,REJECT_DUPLICATE_CLUSTER,"Asia session level swept during London/NewYork, closed-bar reclaim within frozen window"
SSR|ASIA_LOW|20250320|1742472900|FINAL,SSRP|ASIA_LOW|20250320|1742472900|FINAL,true,MSZZC1|6:XAUUSD|1:5|1:1|1:4|17:ASIA_LOW|20250320,,,,,,false,,,REJECT_DUPLICATE_CLUSTER,"Asia session level swept during London/NewYork, closed-bar reclaim within frozen window"
SSR|ASIA_LOW|20250320|1742473200|FINAL,SSRP|ASIA_LOW|20250320|1742473200|FINAL,true,MSZZC1|6:XAUUSD|1:5|1:1|1:4|17:ASIA_LOW|20250320,,,,,,false,,,REJECT_DUPLICATE_CLUSTER,"Asia session level swept during London/NewYork, closed-bar reclaim within frozen window"
SSR|ASIA_LOW|20250320|1742473800|FINAL,SSRP|ASIA_LOW|20250320|1742473800|FINAL,true,MSZZC1|6:XAUUSD|1:5|1:1|1:4|17:ASIA_LOW|20250320,,,,,,false,,,REJECT_DUPLICATE_CLUSTER,"Asia session level swept during London/NewYork, closed-bar reclaim within frozen window"
SSR|ASIA_LOW|20250320|1742508600|FINAL,SSRP|ASIA_LOW|20250320|1742508600|FINAL,true,MSZZC1|6:XAUUSD|1:5|1:1|1:4|17:ASIA_LOW|20250320,,,,,,false,,,REJECT_DUPLICATE_CLUSTER,"Asia session level swept during London/NewYork, closed-bar reclaim within frozen window"
SSR|ASIA_LOW|20250320|1742509800|FINAL,SSRP|ASIA_LOW|20250320|1742509800|FINAL,true,MSZZC1|6:XAUUSD|1:5|1:1|1:4|17:ASIA_LOW|20250320,,,,,,false,,,REJECT_DUPLICATE_CLUSTER,"Asia session level swept during London/NewYork, closed-bar reclaim within frozen window"
SSR|ASIA_LOW|20250320|1742511000|FINAL,SSRP|ASIA_LOW|20250320|1742511000|FINAL,true,MSZZC1|6:XAUUSD|1:5|1:1|1:4|17:ASIA_LOW|20250320,,,,,,false,,,REJECT_DUPLICATE_CLUSTER,"Asia session level swept during London/NewYork, closed-bar reclaim within frozen window"
SSR|ASIA_LOW|20250320|1742511600|FINAL,SSRP|ASIA_LOW|20250320|1742511600|FINAL,true,MSZZC1|6:XAUUSD|1:5|1:1|1:4|17:ASIA_LOW|20250320,,,,,,false,,,REJECT_DUPLICATE_CLUSTER,"Asia session level swept during London/NewYork, closed-bar reclaim within frozen window"
SSR|ASIA_LOW|20250320|1742511900|FINAL,SSRP|ASIA_LOW|20250320|1742511900|FINAL,true,MSZZC1|6:XAUUSD|1:5|1:1|1:4|17:ASIA_LOW|20250320,,,,,,false,,,REJECT_DUPLICATE_CLUSTER,"Asia session level swept during London/NewYork, closed-bar reclaim within frozen window"
SSR|ASIA_LOW|20250320|1742512800|FINAL,SSRP|ASIA_LOW|20250320|1742512800|FINAL,true,MSZZC1|6:XAUUSD|1:5|1:1|1:4|17:ASIA_LOW|20250320,,,,,,false,,,REJECT_DUPLICATE_CLUSTER,"Asia session level swept during London/NewYork, closed-bar reclaim within frozen window"
SSR|ASIA_LOW|20250320|1742513400|FINAL,SSRP|ASIA_LOW|20250320|1742513400|FINAL,true,MSZZC1|6:XAUUSD|1:5|1:1|1:4|17:ASIA_LOW|20250320,,,,,,false,,,REJECT_DUPLICATE_CLUSTER,"Asia session level swept during London/NewYork, closed-bar reclaim within frozen window"
SSR|ASIA_LOW|20250321|1742547000|FINAL,SSRP|ASIA_LOW|20250321|1742547000|FINAL,true,MSZZC1|6:XAUUSD|1:5|1:1|1:4|17:ASIA_LOW|20250321,MSZZC1|6:XAUUSD|1:5|1:1|1:4|17:ASIA_LOW|20250321,38,38,38,39,true,1.9973,1.9972826086959634,EXECUTED,broker-executed
SSR|ASIA_LOW|20250321|1742547300|FINAL,SSRP|ASIA_LOW|20250321|1742547300|FINAL,true,MSZZC1|6:XAUUSD|1:5|1:1|1:4|17:ASIA_LOW|20250321,,,,,,false,,,REJECT_DUPLICATE_CLUSTER,"Asia session level swept during London/NewYork, closed-bar reclaim within frozen window"
SSR|ASIA_LOW|20250321|1742547600|FINAL,SSRP|ASIA_LOW|20250321|1742547600|FINAL,true,MSZZC1|6:XAUUSD|1:5|1:1|1:4|17:ASIA_LOW|20250321,,,,,,false,,,REJECT_DUPLICATE_CLUSTER,"Asia session level swept during London/NewYork, closed-bar reclaim within frozen window"
SSR|ASIA_LOW|20250321|1742555700|FINAL,SSRP|ASIA_LOW|20250321|1742555700|FINAL,true,MSZZC1|6:XAUUSD|1:5|1:1|1:4|17:ASIA_LOW|20250321,,,,,,false,,,REJECT_DUPLICATE_CLUSTER,"Asia session level swept during London/NewYork, closed-bar reclaim within frozen window"
SSR|ASIA_LOW|20250321|1742556300|FINAL,SSRP|ASIA_LOW|20250321|1742556300|FINAL,true,MSZZC1|6:XAUUSD|1:5|1:1|1:4|17:ASIA_LOW|20250321,,,,,,false,,,REJECT_DUPLICATE_CLUSTER,"Asia session level swept during London/NewYork, closed-bar reclaim within frozen window"
SSR|ASIA_HIGH|20250324|1742811600|FINAL,SSRP|ASIA_HIGH|20250324|1742811600|FINAL,true,MSZZC1|6:XAUUSD|1:5|2:-1|1:4|18:ASIA_HIGH|20250324,MSZZC1|6:XAUUSD|1:5|2:-1|1:4|18:ASIA_HIGH|20250324,40,40,40,41,true,-1.0000,-1.0,EXECUTED,broker-executed
SSR|ASIA_HIGH|20250324|1742811900|FINAL,SSRP|ASIA_HIGH|20250324|1742811900|FINAL,true,MSZZC1|6:XAUUSD|1:5|2:-1|1:4|18:ASIA_HIGH|20250324,,,,,,false,,,REJECT_DUPLICATE_CLUSTER,"Asia session level swept during London/NewYork, closed-bar reclaim within frozen window"
SSR|ASIA_HIGH|20250324|1742819400|FINAL,SSRP|ASIA_HIGH|20250324|1742819400|FINAL,true,MSZZC1|6:XAUUSD|1:5|2:-1|1:4|18:ASIA_HIGH|20250324,,,,,,false,,,REJECT_DUPLICATE_CLUSTER,"Asia session level swept during London/NewYork, closed-bar reclaim within frozen window"
SSR|ASIA_HIGH|20250324|1742826000|FINAL,SSRP|ASIA_HIGH|20250324|1742826000|FINAL,true,MSZZC1|6:XAUUSD|1:5|2:-1|1:4|18:ASIA_HIGH|20250324,,,,,,false,,,REJECT_DUPLICATE_CLUSTER,"Asia session level swept during London/NewYork, closed-bar reclaim within frozen window"
SSR|ASIA_HIGH|20250324|1742827200|FINAL,SSRP|ASIA_HIGH|20250324|1742827200|FINAL,true,MSZZC1|6:XAUUSD|1:5|2:-1|1:4|18:ASIA_HIGH|20250324,,,,,,false,,,REJECT_DUPLICATE_CLUSTER,"Asia session level swept during London/NewYork, closed-bar reclaim within frozen window"
SSR|ASIA_HIGH|20250324|1742829600|FINAL,SSRP|ASIA_HIGH|20250324|1742829600|FINAL,true,MSZZC1|6:XAUUSD|1:5|2:-1|1:4|18:ASIA_HIGH|20250324,,,,,,false,,,REJECT_DUPLICATE_CLUSTER,"Asia session level swept during London/NewYork, closed-bar reclaim within frozen window"
SSR|ASIA_HIGH|20250324|1742832600|FINAL,SSRP|ASIA_HIGH|20250324|1742832600|FINAL,true,MSZZC1|6:XAUUSD|1:5|2:-1|1:4|18:ASIA_HIGH|20250324,,,,,,false,,,REJECT_DUPLICATE_CLUSTER,"Asia session level swept during London/NewYork, closed-bar reclaim within frozen window"
SSR|ASIA_HIGH|20250324|1742833200|FINAL,SSRP|ASIA_HIGH|20250324|1742833200|FINAL,true,MSZZC1|6:XAUUSD|1:5|2:-1|1:4|18:ASIA_HIGH|20250324,,,,,,false,,,REJECT_DUPLICATE_CLUSTER,"Asia session level swept during London/NewYork, closed-bar reclaim within frozen window"
SSR|ASIA_LOW|20250324|1742841000|FINAL,SSRP|ASIA_LOW|20250324|1742841000|FINAL,true,MSZZC1|6:XAUUSD|1:5|1:1|1:4|17:ASIA_LOW|20250324,MSZZC1|6:XAUUSD|1:5|1:1|1:4|17:ASIA_LOW|20250324,42,42,42,43,true,-1.0000,-1.0,EXECUTED,broker-executed
SSR|ASIA_LOW|20250324|1742841300|FINAL,SSRP|ASIA_LOW|20250324|1742841300|FINAL,true,MSZZC1|6:XAUUSD|1:5|1:1|1:4|17:ASIA_LOW|20250324,,,,,,false,,,REJECT_DUPLICATE_CLUSTER,"Asia session level swept during London/NewYork, closed-bar reclaim within frozen window"
SSR|ASIA_LOW|20250324|1742841900|FINAL,SSRP|ASIA_LOW|20250324|1742841900|FINAL,true,MSZZC1|6:XAUUSD|1:5|1:1|1:4|17:ASIA_LOW|20250324,,,,,,false,,,REJECT_DUPLICATE_CLUSTER,"Asia session level swept during London/NewYork, closed-bar reclaim within frozen window"
SSR|ASIA_LOW|20250324|1742859600|FINAL,SSRP|ASIA_LOW|20250324|1742859600|FINAL,true,MSZZC1|6:XAUUSD|1:5|1:1|1:4|17:ASIA_LOW|20250324,,,,,,false,,,REJECT_DUPLICATE_CLUSTER,"Asia session level swept during London/NewYork, closed-bar reclaim within frozen window"
SSR|ASIA_HIGH|20250325|1742893200|FINAL,SSRP|ASIA_HIGH|20250325|1742893200|FINAL,true,MSZZC1|6:XAUUSD|1:5|2:-1|1:4|18:ASIA_HIGH|20250325,MSZZC1|6:XAUUSD|1:5|2:-1|1:4|18:ASIA_HIGH|20250325,44,44,44,45,true,2.0000,2.0,EXECUTED,broker-executed
SSR|ASIA_HIGH|20250325|1742893500|FINAL,SSRP|ASIA_HIGH|20250325|1742893500|FINAL,true,MSZZC1|6:XAUUSD|1:5|2:-1|1:4|18:ASIA_HIGH|20250325,,,,,,false,,,REJECT_DUPLICATE_CLUSTER,"Asia session level swept during London/NewYork, closed-bar reclaim within frozen window"
SSR|ASIA_HIGH|20250325|1742894100|FINAL,SSRP|ASIA_HIGH|20250325|1742894100|FINAL,true,MSZZC1|6:XAUUSD|1:5|2:-1|1:4|18:ASIA_HIGH|20250325,,,,,,false,,,REJECT_DUPLICATE_CLUSTER,"Asia session level swept during London/NewYork, closed-bar reclaim within frozen window"
SSR|ASIA_HIGH|20250325|1742894400|FINAL,SSRP|ASIA_HIGH|20250325|1742894400|FINAL,true,MSZZC1|6:XAUUSD|1:5|2:-1|1:4|18:ASIA_HIGH|20250325,,,,,,false,,,REJECT_DUPLICATE_CLUSTER,"Asia session level swept during London/NewYork, closed-bar reclaim within frozen window"
SSR|ASIA_HIGH|20250325|1742895300|FINAL,SSRP|ASIA_HIGH|20250325|1742895300|FINAL,true,MSZZC1|6:XAUUSD|1:5|2:-1|1:4|18:ASIA_HIGH|20250325,,,,,,false,,,REJECT_DUPLICATE_CLUSTER,"Asia session level swept during London/NewYork, closed-bar reclaim within frozen window"
SSR|ASIA_HIGH|20250325|1742897400|FINAL,SSRP|ASIA_HIGH|20250325|1742897400|FINAL,true,MSZZC1|6:XAUUSD|1:5|2:-1|1:4|18:ASIA_HIGH|20250325,,,,,,false,,,REJECT_DUPLICATE_CLUSTER,"Asia session level swept during London/NewYork, closed-bar reclaim within frozen window"
SSR|ASIA_HIGH|20250325|1742897700|FINAL,SSRP|ASIA_HIGH|20250325|1742897700|FINAL,true,MSZZC1|6:XAUUSD|1:5|2:-1|1:4|18:ASIA_HIGH|20250325,,,,,,false,,,REJECT_DUPLICATE_CLUSTER,"Asia session level swept during London/NewYork, closed-bar reclaim within frozen window"
SSR|ASIA_HIGH|20250325|1742915400|FINAL,SSRP|ASIA_HIGH|20250325|1742915400|FINAL,true,MSZZC1|6:XAUUSD|1:5|2:-1|1:4|18:ASIA_HIGH|20250325,,,,,,false,,,REJECT_DUPLICATE_CLUSTER,"Asia session level swept during London/NewYork, closed-bar reclaim within frozen window"
SSR|ASIA_HIGH|20250325|1742915700|FINAL,SSRP|ASIA_HIGH|20250325|1742915700|FINAL,true,MSZZC1|6:XAUUSD|1:5|2:-1|1:4|18:ASIA_HIGH|20250325,,,,,,false,,,REJECT_DUPLICATE_CLUSTER,"Asia session level swept during London/NewYork, closed-bar reclaim within frozen window"
SSR|ASIA_LOW|20250326|1742976300|FINAL,SSRP|ASIA_LOW|20250326|1742976300|FINAL,true,MSZZC1|6:XAUUSD|1:5|1:1|1:4|17:ASIA_LOW|20250326,MSZZC1|6:XAUUSD|1:5|1:1|1:4|17:ASIA_LOW|20250326,46,46,46,47,true,2.0052,2.005181347150608,EXECUTED,broker-executed
SSR|ASIA_LOW|20250326|1742976600|FINAL,SSRP|ASIA_LOW|20250326|1742976600|FINAL,true,MSZZC1|6:XAUUSD|1:5|1:1|1:4|17:ASIA_LOW|20250326,,,,,,false,,,REJECT_DUPLICATE_CLUSTER,"Asia session level swept during London/NewYork, closed-bar reclaim within frozen window"
SSR|ASIA_HIGH|20250326|1742983500|FINAL,SSRP|ASIA_HIGH|20250326|1742983500|FINAL,true,MSZZC1|6:XAUUSD|1:5|2:-1|1:4|18:ASIA_HIGH|20250326,MSZZC1|6:XAUUSD|1:5|2:-1|1:4|18:ASIA_HIGH|20250326,48,48,48,49,true,-1.0000,-1.0,EXECUTED,broker-executed
SSR|ASIA_HIGH|20250326|1742987700|FINAL,SSRP|ASIA_HIGH|20250326|1742987700|FINAL,true,MSZZC1|6:XAUUSD|1:5|2:-1|1:4|18:ASIA_HIGH|20250326,,,,,,false,,,REJECT_DUPLICATE_CLUSTER,"Asia session level swept during London/NewYork, closed-bar reclaim within frozen window"
SSR|ASIA_HIGH|20250326|1742988600|FINAL,SSRP|ASIA_HIGH|20250326|1742988600|FINAL,true,MSZZC1|6:XAUUSD|1:5|2:-1|1:4|18:ASIA_HIGH|20250326,,,,,,false,,,REJECT_DUPLICATE_CLUSTER,"Asia session level swept during London/NewYork, closed-bar reclaim within frozen window"
SSR|ASIA_HIGH|20250326|1742988900|FINAL,SSRP|ASIA_HIGH|20250326|1742988900|FINAL,true,MSZZC1|6:XAUUSD|1:5|2:-1|1:4|18:ASIA_HIGH|20250326,,,,,,false,,,REJECT_DUPLICATE_CLUSTER,"Asia session level swept during London/NewYork, closed-bar reclaim within frozen window"
SSR|ASIA_HIGH|20250326|1743001200|FINAL,SSRP|ASIA_HIGH|20250326|1743001200|FINAL,true,MSZZC1|6:XAUUSD|1:5|2:-1|1:4|18:ASIA_HIGH|20250326,,,,,,false,,,REJECT_DUPLICATE_CLUSTER,"Asia session level swept during London/NewYork, closed-bar reclaim within frozen window"
SSR|ASIA_HIGH|20250326|1743001500|FINAL,SSRP|ASIA_HIGH|20250326|1743001500|FINAL,true,MSZZC1|6:XAUUSD|1:5|2:-1|1:4|18:ASIA_HIGH|20250326,,,,,,false,,,REJECT_DUPLICATE_CLUSTER,"Asia session level swept during London/NewYork, closed-bar reclaim within frozen window"
SSR|ASIA_HIGH|20250326|1743002400|FINAL,SSRP|ASIA_HIGH|20250326|1743002400|FINAL,true,MSZZC1|6:XAUUSD|1:5|2:-1|1:4|18:ASIA_HIGH|20250326,,,,,,false,,,REJECT_DUPLICATE_CLUSTER,"Asia session level swept during London/NewYork, closed-bar reclaim within frozen window"
SSR|ASIA_HIGH|20250326|1743002700|FINAL,SSRP|ASIA_HIGH|20250326|1743002700|FINAL,true,MSZZC1|6:XAUUSD|1:5|2:-1|1:4|18:ASIA_HIGH|20250326,,,,,,false,,,REJECT_DUPLICATE_CLUSTER,"Asia session level swept during London/NewYork, closed-bar reclaim within frozen window"
SSR|ASIA_HIGH|20250326|1743004200|FINAL,SSRP|ASIA_HIGH|20250326|1743004200|FINAL,true,MSZZC1|6:XAUUSD|1:5|2:-1|1:4|18:ASIA_HIGH|20250326,,,,,,false,,,REJECT_DUPLICATE_CLUSTER,"Asia session level swept during London/NewYork, closed-bar reclaim within frozen window"
SSR|ASIA_HIGH|20250326|1743004800|FINAL,SSRP|ASIA_HIGH|20250326|1743004800|FINAL,true,MSZZC1|6:XAUUSD|1:5|2:-1|1:4|18:ASIA_HIGH|20250326,,,,,,false,,,REJECT_DUPLICATE_CLUSTER,"Asia session level swept during London/NewYork, closed-bar reclaim within frozen window"
SSR|ASIA_LOW|20250326|1743012000|FINAL,SSRP|ASIA_LOW|20250326|1743012000|FINAL,true,MSZZC1|6:XAUUSD|1:5|1:1|1:4|17:ASIA_LOW|20250326,,,,,,false,,,REJECT_DUPLICATE_CLUSTER,"Asia session level swept during London/NewYork, closed-bar reclaim within frozen window"
SSR|ASIA_LOW|20250326|1743012300|FINAL,SSRP|ASIA_LOW|20250326|1743012300|FINAL,true,MSZZC1|6:XAUUSD|1:5|1:1|1:4|17:ASIA_LOW|20250326,,,,,,false,,,REJECT_DUPLICATE_CLUSTER,"Asia session level swept during London/NewYork, closed-bar reclaim within frozen window"
SSR|ASIA_HIGH|20250327|1743092700|FINAL,SSRP|ASIA_HIGH|20250327|1743092700|FINAL,true,MSZZC1|6:XAUUSD|1:5|2:-1|1:4|18:ASIA_HIGH|20250327,MSZZC1|6:XAUUSD|1:5|2:-1|1:4|18:ASIA_HIGH|20250327,50,50,50,51,true,-1.0000,-1.0,EXECUTED,broker-executed
SSR|ASIA_HIGH|20250328|1743150600|FINAL,SSRP|ASIA_HIGH|20250328|1743150600|FINAL,true,MSZZC1|6:XAUUSD|1:5|2:-1|1:4|18:ASIA_HIGH|20250328,MSZZC1|6:XAUUSD|1:5|2:-1|1:4|18:ASIA_HIGH|20250328,52,52,52,53,true,-1.0000,-1.0,EXECUTED,broker-executed
SSR|ASIA_HIGH|20250328|1743153900|FINAL,SSRP|ASIA_HIGH|20250328|1743153900|FINAL,true,MSZZC1|6:XAUUSD|1:5|2:-1|1:4|18:ASIA_HIGH|20250328,,,,,,false,,,REJECT_DUPLICATE_CLUSTER,"Asia session level swept during London/NewYork, closed-bar reclaim within frozen window"
SSR|ASIA_HIGH|20250328|1743154200|FINAL,SSRP|ASIA_HIGH|20250328|1743154200|FINAL,true,MSZZC1|6:XAUUSD|1:5|2:-1|1:4|18:ASIA_HIGH|20250328,,,,,,false,,,REJECT_DUPLICATE_CLUSTER,"Asia session level swept during London/NewYork, closed-bar reclaim within frozen window"
SSR|ASIA_HIGH|20250328|1743159600|FINAL,SSRP|ASIA_HIGH|20250328|1743159600|FINAL,true,MSZZC1|6:XAUUSD|1:5|2:-1|1:4|18:ASIA_HIGH|20250328,,,,,,false,,,REJECT_DUPLICATE_CLUSTER,"Asia session level swept during London/NewYork, closed-bar reclaim within frozen window"
SSR|ASIA_HIGH|20250328|1743159900|FINAL,SSRP|ASIA_HIGH|20250328|1743159900|FINAL,true,MSZZC1|6:XAUUSD|1:5|2:-1|1:4|18:ASIA_HIGH|20250328,,,,,,false,,,REJECT_DUPLICATE_CLUSTER,"Asia session level swept during London/NewYork, closed-bar reclaim within frozen window"
SSR|ASIA_HIGH|20250328|1743172500|FINAL,SSRP|ASIA_HIGH|20250328|1743172500|FINAL,true,MSZZC1|6:XAUUSD|1:5|2:-1|1:4|18:ASIA_HIGH|20250328,,,,,,false,,,REJECT_DUPLICATE_CLUSTER,"Asia session level swept during London/NewYork, closed-bar reclaim within frozen window"
SSR|ASIA_HIGH|20250328|1743173700|FINAL,SSRP|ASIA_HIGH|20250328|1743173700|FINAL,true,MSZZC1|6:XAUUSD|1:5|2:-1|1:4|18:ASIA_HIGH|20250328,,,,,,false,,,REJECT_DUPLICATE_CLUSTER,"Asia session level swept during London/NewYork, closed-bar reclaim within frozen window"
SSR|ASIA_HIGH|20250328|1743177000|FINAL,SSRP|ASIA_HIGH|20250328|1743177000|FINAL,true,MSZZC1|6:XAUUSD|1:5|2:-1|1:4|18:ASIA_HIGH|20250328,,,,,,false,,,REJECT_DUPLICATE_CLUSTER,"Asia session level swept during London/NewYork, closed-bar reclaim within frozen window"
SSR|ASIA_HIGH|20250328|1743177900|FINAL,SSRP|ASIA_HIGH|20250328|1743177900|FINAL,true,MSZZC1|6:XAUUSD|1:5|2:-1|1:4|18:ASIA_HIGH|20250328,,,,,,false,,,REJECT_DUPLICATE_CLUSTER,"Asia session level swept during London/NewYork, closed-bar reclaim within frozen window"
SSR|ASIA_HIGH|20250328|1743179400|FINAL,SSRP|ASIA_HIGH|20250328|1743179400|FINAL,true,MSZZC1|6:XAUUSD|1:5|2:-1|1:4|18:ASIA_HIGH|20250328,,,,,,false,,,REJECT_DUPLICATE_CLUSTER,"Asia session level swept during London/NewYork, closed-bar reclaim within frozen window"
SSR|ASIA_HIGH|20250328|1743182400|FINAL,SSRP|ASIA_HIGH|20250328|1743182400|FINAL,true,MSZZC1|6:XAUUSD|1:5|2:-1|1:4|18:ASIA_HIGH|20250328,,,,,,false,,,REJECT_DUPLICATE_CLUSTER,"Asia session level swept during London/NewYork, closed-bar reclaim within frozen window"
SSR|ASIA_HIGH|20250328|1743182700|FINAL,SSRP|ASIA_HIGH|20250328|1743182700|FINAL,true,MSZZC1|6:XAUUSD|1:5|2:-1|1:4|18:ASIA_HIGH|20250328,,,,,,false,,,REJECT_DUPLICATE_CLUSTER,"Asia session level swept during London/NewYork, closed-bar reclaim within frozen window"
SSR|ASIA_HIGH|20250328|1743194400|FINAL,SSRP|ASIA_HIGH|20250328|1743194400|FINAL,true,MSZZC1|6:XAUUSD|1:5|2:-1|1:4|18:ASIA_HIGH|20250328,,,,,,false,,,REJECT_DUPLICATE_CLUSTER,"Asia session level swept during London/NewYork, closed-bar reclaim within frozen window"
SSR|ASIA_HIGH|20250328|1743194700|FINAL,SSRP|ASIA_HIGH|20250328|1743194700|FINAL,true,MSZZC1|6:XAUUSD|1:5|2:-1|1:4|18:ASIA_HIGH|20250328,,,,,,false,,,REJECT_DUPLICATE_CLUSTER,"Asia session level swept during London/NewYork, closed-bar reclaim within frozen window"
SSR|ASIA_HIGH|20250328|1743197100|FINAL,SSRP|ASIA_HIGH|20250328|1743197100|FINAL,true,MSZZC1|6:XAUUSD|1:5|2:-1|1:4|18:ASIA_HIGH|20250328,,,,,,false,,,REJECT_DUPLICATE_CLUSTER,"Asia session level swept during London/NewYork, closed-bar reclaim within frozen window"
SSR|ASIA_HIGH|20250331|1743413100|FINAL,SSRP|ASIA_HIGH|20250331|1743413100|FINAL,true,MSZZC1|6:XAUUSD|1:5|2:-1|1:4|18:ASIA_HIGH|20250331,MSZZC1|6:XAUUSD|1:5|2:-1|1:4|18:ASIA_HIGH|20250331,54,54,54,55,true,-1.0000,-1.0,EXECUTED,broker-executed
SSR|ASIA_HIGH|20250331|1743414000|FINAL,SSRP|ASIA_HIGH|20250331|1743414000|FINAL,true,MSZZC1|6:XAUUSD|1:5|2:-1|1:4|18:ASIA_HIGH|20250331,,,,,,false,,,REJECT_DUPLICATE_CLUSTER,"Asia session level swept during London/NewYork, closed-bar reclaim within frozen window"
SSR|ASIA_HIGH|20250331|1743414300|FINAL,SSRP|ASIA_HIGH|20250331|1743414300|FINAL,true,MSZZC1|6:XAUUSD|1:5|2:-1|1:4|18:ASIA_HIGH|20250331,,,,,,false,,,REJECT_DUPLICATE_CLUSTER,"Asia session level swept during London/NewYork, closed-bar reclaim within frozen window"
SSR|ASIA_HIGH|20250331|1743424200|FINAL,SSRP|ASIA_HIGH|20250331|1743424200|FINAL,true,MSZZC1|6:XAUUSD|1:5|2:-1|1:4|18:ASIA_HIGH|20250331,,,,,,false,,,REJECT_DUPLICATE_CLUSTER,"Asia session level swept during London/NewYork, closed-bar reclaim within frozen window"
SSR|ASIA_HIGH|20250331|1743424800|FINAL,SSRP|ASIA_HIGH|20250331|1743424800|FINAL,true,MSZZC1|6:XAUUSD|1:5|2:-1|1:4|18:ASIA_HIGH|20250331,,,,,,false,,,REJECT_DUPLICATE_CLUSTER,"Asia session level swept during London/NewYork, closed-bar reclaim within frozen window"
SSR|ASIA_HIGH|20250331|1743425100|FINAL,SSRP|ASIA_HIGH|20250331|1743425100|FINAL,true,MSZZC1|6:XAUUSD|1:5|2:-1|1:4|18:ASIA_HIGH|20250331,,,,,,false,,,REJECT_DUPLICATE_CLUSTER,"Asia session level swept during London/NewYork, closed-bar reclaim within frozen window"
SSR|ASIA_HIGH|20250331|1743430500|FINAL,SSRP|ASIA_HIGH|20250331|1743430500|FINAL,true,MSZZC1|6:XAUUSD|1:5|2:-1|1:4|18:ASIA_HIGH|20250331,,,,,,false,,,REJECT_DUPLICATE_CLUSTER,"Asia session level swept during London/NewYork, closed-bar reclaim within frozen window"
SSR|ASIA_HIGH|20250331|1743438300|FINAL,SSRP|ASIA_HIGH|20250331|1743438300|FINAL,true,MSZZC1|6:XAUUSD|1:5|2:-1|1:4|18:ASIA_HIGH|20250331,,,,,,false,,,REJECT_DUPLICATE_CLUSTER,"Asia session level swept during London/NewYork, closed-bar reclaim within frozen window"
SSR|ASIA_HIGH|20250331|1743438600|FINAL,SSRP|ASIA_HIGH|20250331|1743438600|FINAL,true,MSZZC1|6:XAUUSD|1:5|2:-1|1:4|18:ASIA_HIGH|20250331,,,,,,false,,,REJECT_DUPLICATE_CLUSTER,"Asia session level swept during London/NewYork, closed-bar reclaim within frozen window"
SSR|ASIA_HIGH|20250331|1743445800|FINAL,SSRP|ASIA_HIGH|20250331|1743445800|FINAL,true,MSZZC1|6:XAUUSD|1:5|2:-1|1:4|18:ASIA_HIGH|20250331,,,,,,false,,,REJECT_DUPLICATE_CLUSTER,"Asia session level swept during London/NewYork, closed-bar reclaim within frozen window"
SSR|ASIA_HIGH|20250331|1743446400|FINAL,SSRP|ASIA_HIGH|20250331|1743446400|FINAL,true,MSZZC1|6:XAUUSD|1:5|2:-1|1:4|18:ASIA_HIGH|20250331,,,,,,false,,,REJECT_DUPLICATE_CLUSTER,"Asia session level swept during London/NewYork, closed-bar reclaim within frozen window"
SSR|ASIA_HIGH|20250331|1743447000|FINAL,SSRP|ASIA_HIGH|20250331|1743447000|FINAL,true,MSZZC1|6:XAUUSD|1:5|2:-1|1:4|18:ASIA_HIGH|20250331,,,,,,false,,,REJECT_DUPLICATE_CLUSTER,"Asia session level swept during London/NewYork, closed-bar reclaim within frozen window"
SSR|ASIA_HIGH|20250331|1743447600|FINAL,SSRP|ASIA_HIGH|20250331|1743447600|FINAL,true,MSZZC1|6:XAUUSD|1:5|2:-1|1:4|18:ASIA_HIGH|20250331,,,,,,false,,,REJECT_DUPLICATE_CLUSTER,"Asia session level swept during London/NewYork, closed-bar reclaim within frozen window"
SSR|ASIA_HIGH|20250331|1743447900|FINAL,SSRP|ASIA_HIGH|20250331|1743447900|FINAL,true,MSZZC1|6:XAUUSD|1:5|2:-1|1:4|18:ASIA_HIGH|20250331,,,,,,false,,,REJECT_DUPLICATE_CLUSTER,"Asia session level swept during London/NewYork, closed-bar reclaim within frozen window"
SSR|ASIA_HIGH|20250401|1743496500|FINAL,SSRP|ASIA_HIGH|20250401|1743496500|FINAL,true,MSZZC1|6:XAUUSD|1:5|2:-1|1:4|18:ASIA_HIGH|20250401,MSZZC1|6:XAUUSD|1:5|2:-1|1:4|18:ASIA_HIGH|20250401,56,56,56,57,true,1.9974,1.9973890339426204,EXECUTED,broker-executed
SSR|ASIA_LOW|20250401|1743532800|FINAL,SSRP|ASIA_LOW|20250401|1743532800|FINAL,true,MSZZC1|6:XAUUSD|1:5|1:1|1:4|17:ASIA_LOW|20250401,MSZZC1|6:XAUUSD|1:5|1:1|1:4|17:ASIA_LOW|20250401,58,58,58,59,true,-1.0000,-1.0,EXECUTED,broker-executed
SSR|ASIA_LOW|20250402|1743635400|FINAL,SSRP|ASIA_LOW|20250402|1743635400|FINAL,true,MSZZC1|6:XAUUSD|1:5|1:1|1:4|17:ASIA_LOW|20250402,MSZZC1|6:XAUUSD|1:5|1:1|1:4|17:ASIA_LOW|20250402,60,60,60,61,true,2.0000,2.0,EXECUTED,broker-executed
SSR|ASIA_LOW|20250402|1743635700|FINAL,SSRP|ASIA_LOW|20250402|1743635700|FINAL,true,MSZZC1|6:XAUUSD|1:5|1:1|1:4|17:ASIA_LOW|20250402,,,,,,false,,,REJECT_DUPLICATE_CLUSTER,"Asia session level swept during London/NewYork, closed-bar reclaim within frozen window"
SSR|ASIA_HIGH|20250402|1743636300|FINAL,SSRP|ASIA_HIGH|20250402|1743636300|FINAL,true,MSZZC1|6:XAUUSD|1:5|2:-1|1:4|18:ASIA_HIGH|20250402,,,,,,false,,,REJECT_SPREAD,spread 121.0 exceeds maximum 80.0 points
SSR|ASIA_HIGH|20250402|1743636600|FINAL,SSRP|ASIA_HIGH|20250402|1743636600|FINAL,true,MSZZC1|6:XAUUSD|1:5|2:-1|1:4|18:ASIA_HIGH|20250402,,,,,,false,,,REJECT_SPREAD,spread 130.0 exceeds maximum 80.0 points
SSR|ASIA_LOW|20250403|1743672600|FINAL,SSRP|ASIA_LOW|20250403|1743672600|FINAL,true,MSZZC1|6:XAUUSD|1:5|1:1|1:4|17:ASIA_LOW|20250403,MSZZC1|6:XAUUSD|1:5|1:1|1:4|17:ASIA_LOW|20250403,62,62,62,63,true,-1.0000,-1.0,EXECUTED,broker-executed
SSR|ASIA_LOW|20250403|1743675000|FINAL,SSRP|ASIA_LOW|20250403|1743675000|FINAL,true,MSZZC1|6:XAUUSD|1:5|1:1|1:4|17:ASIA_LOW|20250403,,,,,,false,,,REJECT_DUPLICATE_CLUSTER,"Asia session level swept during London/NewYork, closed-bar reclaim within frozen window"
SSR|ASIA_LOW|20250403|1743675300|FINAL,SSRP|ASIA_LOW|20250403|1743675300|FINAL,true,MSZZC1|6:XAUUSD|1:5|1:1|1:4|17:ASIA_LOW|20250403,,,,,,false,,,REJECT_DUPLICATE_CLUSTER,"Asia session level swept during London/NewYork, closed-bar reclaim within frozen window"
SSR|ASIA_LOW|20250403|1743700500|FINAL,SSRP|ASIA_LOW|20250403|1743700500|FINAL,true,MSZZC1|6:XAUUSD|1:5|1:1|1:4|17:ASIA_LOW|20250403,,,,,,false,,,REJECT_DUPLICATE_CLUSTER,"Asia session level swept during London/NewYork, closed-bar reclaim within frozen window"
SSR|ASIA_LOW|20250403|1743701100|FINAL,SSRP|ASIA_LOW|20250403|1743701100|FINAL,true,MSZZC1|6:XAUUSD|1:5|1:1|1:4|17:ASIA_LOW|20250403,,,,,,false,,,REJECT_DUPLICATE_CLUSTER,"Asia session level swept during London/NewYork, closed-bar reclaim within frozen window"
SSR|ASIA_LOW|20250403|1743702000|FINAL,SSRP|ASIA_LOW|20250403|1743702000|FINAL,true,MSZZC1|6:XAUUSD|1:5|1:1|1:4|17:ASIA_LOW|20250403,,,,,,false,,,REJECT_DUPLICATE_CLUSTER,"Asia session level swept during London/NewYork, closed-bar reclaim within frozen window"
SSR|ASIA_LOW|20250404|1743767700|FINAL,SSRP|ASIA_LOW|20250404|1743767700|FINAL,true,MSZZC1|6:XAUUSD|1:5|1:1|1:4|17:ASIA_LOW|20250404,MSZZC1|6:XAUUSD|1:5|1:1|1:4|17:ASIA_LOW|20250404,64,64,64,65,true,1.9985,1.9984591679505896,EXECUTED,broker-executed
SSR|ASIA_LOW|20250404|1743768000|FINAL,SSRP|ASIA_LOW|20250404|1743768000|FINAL,true,MSZZC1|6:XAUUSD|1:5|1:1|1:4|17:ASIA_LOW|20250404,,,,,,false,,,REJECT_DUPLICATE_CLUSTER,"Asia session level swept during London/NewYork, closed-bar reclaim within frozen window"
SSR|ASIA_HIGH|20250404|1743776700|FINAL,SSRP|ASIA_HIGH|20250404|1743776700|FINAL,true,MSZZC1|6:XAUUSD|1:5|2:-1|1:4|18:ASIA_HIGH|20250404,MSZZC1|6:XAUUSD|1:5|2:-1|1:4|18:ASIA_HIGH|20250404,66,66,66,67,true,1.9995,1.9994553376906694,EXECUTED,broker-executed
SSR|ASIA_HIGH|20250404|1743777300|FINAL,SSRP|ASIA_HIGH|20250404|1743777300|FINAL,true,MSZZC1|6:XAUUSD|1:5|2:-1|1:4|18:ASIA_HIGH|20250404,,,,,,false,,,REJECT_DUPLICATE_CLUSTER,"Asia session level swept during London/NewYork, closed-bar reclaim within frozen window"
SSR|ASIA_LOW|20250404|1743780900|FINAL,SSRP|ASIA_LOW|20250404|1743780900|FINAL,true,MSZZC1|6:XAUUSD|1:5|1:1|1:4|17:ASIA_LOW|20250404,,,,,,false,,,REJECT_DUPLICATE_CLUSTER,"Asia session level swept during London/NewYork, closed-bar reclaim within frozen window"
SSR|ASIA_LOW|20250407|1744058100|FINAL,SSRP|ASIA_LOW|20250407|1744058100|FINAL,true,MSZZC1|6:XAUUSD|1:5|1:1|1:4|17:ASIA_LOW|20250407,MSZZC1|6:XAUUSD|1:5|1:1|1:4|17:ASIA_LOW|20250407,68,68,68,69,true,2.0009,2.0008771929825553,EXECUTED,broker-executed
SSR|ASIA_LOW|20250407|1744059000|FINAL,SSRP|ASIA_LOW|20250407|1744059000|FINAL,true,MSZZC1|6:XAUUSD|1:5|1:1|1:4|17:ASIA_LOW|20250407,,,,,,false,,,REJECT_DUPLICATE_CLUSTER,"Asia session level swept during London/NewYork, closed-bar reclaim within frozen window"
SSR|ASIA_LOW|20250407|1744059900|FINAL,SSRP|ASIA_LOW|20250407|1744059900|FINAL,true,MSZZC1|6:XAUUSD|1:5|1:1|1:4|17:ASIA_LOW|20250407,,,,,,false,,,REJECT_DUPLICATE_CLUSTER,"Asia session level swept during London/NewYork, closed-bar reclaim within frozen window"
SSR|ASIA_LOW|20250407|1744061100|FINAL,SSRP|ASIA_LOW|20250407|1744061100|FINAL,true,MSZZC1|6:XAUUSD|1:5|1:1|1:4|17:ASIA_LOW|20250407,,,,,,false,,,REJECT_DUPLICATE_CLUSTER,"Asia session level swept during London/NewYork, closed-bar reclaim within frozen window"
SSR|ASIA_LOW|20250407|1744061400|FINAL,SSRP|ASIA_LOW|20250407|1744061400|FINAL,true,MSZZC1|6:XAUUSD|1:5|1:1|1:4|17:ASIA_LOW|20250407,,,,,,false,,,REJECT_DUPLICATE_CLUSTER,"Asia session level swept during London/NewYork, closed-bar reclaim within frozen window"
SSR|ASIA_LOW|20250407|1744062900|FINAL,SSRP|ASIA_LOW|20250407|1744062900|FINAL,true,MSZZC1|6:XAUUSD|1:5|1:1|1:4|17:ASIA_LOW|20250407,,,,,,false,,,REJECT_DUPLICATE_CLUSTER,"Asia session level swept during London/NewYork, closed-bar reclaim within frozen window"
SSR|ASIA_LOW|20250407|1744063200|FINAL,SSRP|ASIA_LOW|20250407|1744063200|FINAL,true,MSZZC1|6:XAUUSD|1:5|1:1|1:4|17:ASIA_LOW|20250407,,,,,,false,,,REJECT_DUPLICATE_CLUSTER,"Asia session level swept during London/NewYork, closed-bar reclaim within frozen window"
SSR|ASIA_LOW|20250407|1744063800|FINAL,SSRP|ASIA_LOW|20250407|1744063800|FINAL,true,MSZZC1|6:XAUUSD|1:5|1:1|1:4|17:ASIA_LOW|20250407,,,,,,false,,,REJECT_DUPLICATE_CLUSTER,"Asia session level swept during London/NewYork, closed-bar reclaim within frozen window"
SSR|ASIA_LOW|20250407|1744064100|FINAL,SSRP|ASIA_LOW|20250407|1744064100|FINAL,true,MSZZC1|6:XAUUSD|1:5|1:1|1:4|17:ASIA_LOW|20250407,,,,,,false,,,REJECT_DUPLICATE_CLUSTER,"Asia session level swept during London/NewYork, closed-bar reclaim within frozen window"
SSR|ASIA_LOW|20250407|1744066800|FINAL,SSRP|ASIA_LOW|20250407|1744066800|FINAL,true,MSZZC1|6:XAUUSD|1:5|1:1|1:4|17:ASIA_LOW|20250407,,,,,,false,,,REJECT_DUPLICATE_CLUSTER,"Asia session level swept during London/NewYork, closed-bar reclaim within frozen window"
SSR|ASIA_HIGH|20250408|1744100100|FINAL,SSRP|ASIA_HIGH|20250408|1744100100|FINAL,true,MSZZC1|6:XAUUSD|1:5|2:-1|1:4|18:ASIA_HIGH|20250408,MSZZC1|6:XAUUSD|1:5|2:-1|1:4|18:ASIA_HIGH|20250408,70,70,70,71,true,-1.0000,-1.0,EXECUTED,broker-executed
SSR|ASIA_HIGH|20250408|1744102200|FINAL,SSRP|ASIA_HIGH|20250408|1744102200|FINAL,true,MSZZC1|6:XAUUSD|1:5|2:-1|1:4|18:ASIA_HIGH|20250408,,,,,,false,,,REJECT_DUPLICATE_CLUSTER,"Asia session level swept during London/NewYork, closed-bar reclaim within frozen window"
SSR|ASIA_HIGH|20250408|1744103100|FINAL,SSRP|ASIA_HIGH|20250408|1744103100|FINAL,true,MSZZC1|6:XAUUSD|1:5|2:-1|1:4|18:ASIA_HIGH|20250408,,,,,,false,,,REJECT_DUPLICATE_CLUSTER,"Asia session level swept during London/NewYork, closed-bar reclaim within frozen window"
SSR|ASIA_HIGH|20250408|1744108200|FINAL,SSRP|ASIA_HIGH|20250408|1744108200|FINAL,true,MSZZC1|6:XAUUSD|1:5|2:-1|1:4|18:ASIA_HIGH|20250408,,,,,,false,,,REJECT_DUPLICATE_CLUSTER,"Asia session level swept during London/NewYork, closed-bar reclaim within frozen window"
SSR|ASIA_HIGH|20250408|1744108800|FINAL,SSRP|ASIA_HIGH|20250408|1744108800|FINAL,true,MSZZC1|6:XAUUSD|1:5|2:-1|1:4|18:ASIA_HIGH|20250408,,,,,,false,,,REJECT_DUPLICATE_CLUSTER,"Asia session level swept during London/NewYork, closed-bar reclaim within frozen window"
SSR|ASIA_HIGH|20250408|1744111800|FINAL,SSRP|ASIA_HIGH|20250408|1744111800|FINAL,true,MSZZC1|6:XAUUSD|1:5|2:-1|1:4|18:ASIA_HIGH|20250408,,,,,,false,,,REJECT_DUPLICATE_CLUSTER,"Asia session level swept during London/NewYork, closed-bar reclaim within frozen window"
SSR|ASIA_HIGH|20250408|1744112400|FINAL,SSRP|ASIA_HIGH|20250408|1744112400|FINAL,true,MSZZC1|6:XAUUSD|1:5|2:-1|1:4|18:ASIA_HIGH|20250408,,,,,,false,,,REJECT_DUPLICATE_CLUSTER,"Asia session level swept during London/NewYork, closed-bar reclaim within frozen window"
SSR|ASIA_HIGH|20250408|1744113600|FINAL,SSRP|ASIA_HIGH|20250408|1744113600|FINAL,true,MSZZC1|6:XAUUSD|1:5|2:-1|1:4|18:ASIA_HIGH|20250408,,,,,,false,,,REJECT_DUPLICATE_CLUSTER,"Asia session level swept during London/NewYork, closed-bar reclaim within frozen window"
SSR|ASIA_HIGH|20250408|1744114200|FINAL,SSRP|ASIA_HIGH|20250408|1744114200|FINAL,true,MSZZC1|6:XAUUSD|1:5|2:-1|1:4|18:ASIA_HIGH|20250408,,,,,,false,,,REJECT_DUPLICATE_CLUSTER,"Asia session level swept during London/NewYork, closed-bar reclaim within frozen window"
SSR|ASIA_HIGH|20250408|1744116000|FINAL,SSRP|ASIA_HIGH|20250408|1744116000|FINAL,true,MSZZC1|6:XAUUSD|1:5|2:-1|1:4|18:ASIA_HIGH|20250408,,,,,,false,,,REJECT_DUPLICATE_CLUSTER,"Asia session level swept during London/NewYork, closed-bar reclaim within frozen window"
SSR|ASIA_HIGH|20250408|1744126500|FINAL,SSRP|ASIA_HIGH|20250408|1744126500|FINAL,true,MSZZC1|6:XAUUSD|1:5|2:-1|1:4|18:ASIA_HIGH|20250408,,,,,,false,,,REJECT_DUPLICATE_CLUSTER,"Asia session level swept during London/NewYork, closed-bar reclaim within frozen window"
SSR|ASIA_HIGH|20250408|1744127400|FINAL,SSRP|ASIA_HIGH|20250408|1744127400|FINAL,true,MSZZC1|6:XAUUSD|1:5|2:-1|1:4|18:ASIA_HIGH|20250408,,,,,,false,,,REJECT_DUPLICATE_CLUSTER,"Asia session level swept during London/NewYork, closed-bar reclaim within frozen window"
SSR|ASIA_HIGH|20250408|1744134600|FINAL,SSRP|ASIA_HIGH|20250408|1744134600|FINAL,true,MSZZC1|6:XAUUSD|1:5|2:-1|1:4|18:ASIA_HIGH|20250408,,,,,,false,,,REJECT_DUPLICATE_CLUSTER,"Asia session level swept during London/NewYork, closed-bar reclaim within frozen window"
SSR|ASIA_HIGH|20250408|1744137300|FINAL,SSRP|ASIA_HIGH|20250408|1744137300|FINAL,true,MSZZC1|6:XAUUSD|1:5|2:-1|1:4|18:ASIA_HIGH|20250408,,,,,,false,,,REJECT_DUPLICATE_CLUSTER,"Asia session level swept during London/NewYork, closed-bar reclaim within frozen window"
SSR|ASIA_HIGH|20250408|1744137900|FINAL,SSRP|ASIA_HIGH|20250408|1744137900|FINAL,true,MSZZC1|6:XAUUSD|1:5|2:-1|1:4|18:ASIA_HIGH|20250408,,,,,,false,,,REJECT_DUPLICATE_CLUSTER,"Asia session level swept during London/NewYork, closed-bar reclaim within frozen window"
SSR|ASIA_HIGH|20250408|1744138500|FINAL,SSRP|ASIA_HIGH|20250408|1744138500|FINAL,true,MSZZC1|6:XAUUSD|1:5|2:-1|1:4|18:ASIA_HIGH|20250408,,,,,,false,,,REJECT_DUPLICATE_CLUSTER,"Asia session level swept during London/NewYork, closed-bar reclaim within frozen window"
SSR|ASIA_LOW|20250408|1744143000|FINAL,SSRP|ASIA_LOW|20250408|1744143000|FINAL,true,MSZZC1|6:XAUUSD|1:5|1:1|1:4|17:ASIA_LOW|20250408,MSZZC1|6:XAUUSD|1:5|1:1|1:4|17:ASIA_LOW|20250408,72,72,72,73,true,-1.0000,-1.0,EXECUTED,broker-executed
SSR|ASIA_LOW|20250408|1744144200|FINAL,SSRP|ASIA_LOW|20250408|1744144200|FINAL,true,MSZZC1|6:XAUUSD|1:5|1:1|1:4|17:ASIA_LOW|20250408,,,,,,false,,,REJECT_DUPLICATE_CLUSTER,"Asia session level swept during London/NewYork, closed-bar reclaim within frozen window"
SSR|ASIA_LOW|20250408|1744144500|FINAL,SSRP|ASIA_LOW|20250408|1744144500|FINAL,true,MSZZC1|6:XAUUSD|1:5|1:1|1:4|17:ASIA_LOW|20250408,,,,,,false,,,REJECT_DUPLICATE_CLUSTER,"Asia session level swept during London/NewYork, closed-bar reclaim within frozen window"
SSR|ASIA_LOW|20250408|1744151700|FINAL,SSRP|ASIA_LOW|20250408|1744151700|FINAL,true,MSZZC1|6:XAUUSD|1:5|1:1|1:4|17:ASIA_LOW|20250408,,,,,,false,,,REJECT_DUPLICATE_CLUSTER,"Asia session level swept during London/NewYork, closed-bar reclaim within frozen window"
SSR|ASIA_LOW|20250408|1744152000|FINAL,SSRP|ASIA_LOW|20250408|1744152000|FINAL,true,MSZZC1|6:XAUUSD|1:5|1:1|1:4|17:ASIA_LOW|20250408,,,,,,false,,,REJECT_DUPLICATE_CLUSTER,"Asia session level swept during London/NewYork, closed-bar reclaim within frozen window"
SSR|ASIA_LOW|20250408|1744154100|FINAL,SSRP|ASIA_LOW|20250408|1744154100|FINAL,true,MSZZC1|6:XAUUSD|1:5|1:1|1:4|17:ASIA_LOW|20250408,,,,,,false,,,REJECT_DUPLICATE_CLUSTER,"Asia session level swept during London/NewYork, closed-bar reclaim within frozen window"
SSR|ASIA_HIGH|20250409|1744187100|FINAL,SSRP|ASIA_HIGH|20250409|1744187100|FINAL,true,MSZZC1|6:XAUUSD|1:5|2:-1|1:4|18:ASIA_HIGH|20250409,MSZZC1|6:XAUUSD|1:5|2:-1|1:4|18:ASIA_HIGH|20250409,74,74,74,75,true,-1.0000,-1.0,EXECUTED,broker-executed
SSR|ASIA_HIGH|20250410|1744272300|FINAL,SSRP|ASIA_HIGH|20250410|1744272300|FINAL,true,MSZZC1|6:XAUUSD|1:5|2:-1|1:4|18:ASIA_HIGH|20250410,MSZZC1|6:XAUUSD|1:5|2:-1|1:4|18:ASIA_HIGH|20250410,76,76,76,77,true,2.0033,2.0033112582779165,EXECUTED,broker-executed
SSR|ASIA_HIGH|20250410|1744299000|FINAL,SSRP|ASIA_HIGH|20250410|1744299000|FINAL,true,MSZZC1|6:XAUUSD|1:5|2:-1|1:4|18:ASIA_HIGH|20250410,,,,,,false,,,REJECT_DUPLICATE_CLUSTER,"Asia session level swept during London/NewYork, closed-bar reclaim within frozen window"
SSR|ASIA_HIGH|20250410|1744302000|FINAL,SSRP|ASIA_HIGH|20250410|1744302000|FINAL,true,MSZZC1|6:XAUUSD|1:5|2:-1|1:4|18:ASIA_HIGH|20250410,,,,,,false,,,REJECT_DUPLICATE_CLUSTER,"Asia session level swept during London/NewYork, closed-bar reclaim within frozen window"
SSR|ASIA_HIGH|20250410|1744302600|FINAL,SSRP|ASIA_HIGH|20250410|1744302600|FINAL,true,MSZZC1|6:XAUUSD|1:5|2:-1|1:4|18:ASIA_HIGH|20250410,,,,,,false,,,REJECT_DUPLICATE_CLUSTER,"Asia session level swept during London/NewYork, closed-bar reclaim within frozen window"
SSR|ASIA_HIGH|20250411|1744370400|FINAL,SSRP|ASIA_HIGH|20250411|1744370400|FINAL,true,MSZZC1|6:XAUUSD|1:5|2:-1|1:4|18:ASIA_HIGH|20250411,MSZZC1|6:XAUUSD|1:5|2:-1|1:4|18:ASIA_HIGH|20250411,78,78,78,79,true,-1.0000,-1.0,EXECUTED,broker-executed
SSR|ASIA_HIGH|20250411|1744370700|FINAL,SSRP|ASIA_HIGH|20250411|1744370700|FINAL,true,MSZZC1|6:XAUUSD|1:5|2:-1|1:4|18:ASIA_HIGH|20250411,,,,,,false,,,REJECT_DUPLICATE_CLUSTER,"Asia session level swept during London/NewYork, closed-bar reclaim within frozen window"
SSR|ASIA_HIGH|20250411|1744371900|FINAL,SSRP|ASIA_HIGH|20250411|1744371900|FINAL,true,MSZZC1|6:XAUUSD|1:5|2:-1|1:4|18:ASIA_HIGH|20250411,,,,,,false,,,REJECT_DUPLICATE_CLUSTER,"Asia session level swept during London/NewYork, closed-bar reclaim within frozen window"
SSR|ASIA_HIGH|20250411|1744372200|FINAL,SSRP|ASIA_HIGH|20250411|1744372200|FINAL,true,MSZZC1|6:XAUUSD|1:5|2:-1|1:4|18:ASIA_HIGH|20250411,,,,,,false,,,REJECT_DUPLICATE_CLUSTER,"Asia session level swept during London/NewYork, closed-bar reclaim within frozen window"
SSR|ASIA_HIGH|20250411|1744378500|FINAL,SSRP|ASIA_HIGH|20250411|1744378500|FINAL,true,MSZZC1|6:XAUUSD|1:5|2:-1|1:4|18:ASIA_HIGH|20250411,,,,,,false,,,REJECT_DUPLICATE_CLUSTER,"Asia session level swept during London/NewYork, closed-bar reclaim within frozen window"
SSR|ASIA_HIGH|20250411|1744378800|FINAL,SSRP|ASIA_HIGH|20250411|1744378800|FINAL,true,MSZZC1|6:XAUUSD|1:5|2:-1|1:4|18:ASIA_HIGH|20250411,,,,,,false,,,REJECT_DUPLICATE_CLUSTER,"Asia session level swept during London/NewYork, closed-bar reclaim within frozen window"
SSR|ASIA_HIGH|20250411|1744380300|FINAL,SSRP|ASIA_HIGH|20250411|1744380300|FINAL,true,MSZZC1|6:XAUUSD|1:5|2:-1|1:4|18:ASIA_HIGH|20250411,,,,,,false,,,REJECT_DUPLICATE_CLUSTER,"Asia session level swept during London/NewYork, closed-bar reclaim within frozen window"
SSR|ASIA_LOW|20250414|1744637700|FINAL,SSRP|ASIA_LOW|20250414|1744637700|FINAL,true,MSZZC1|6:XAUUSD|1:5|1:1|1:4|17:ASIA_LOW|20250414,MSZZC1|6:XAUUSD|1:5|1:1|1:4|17:ASIA_LOW|20250414,80,80,80,81,true,-1.0000,-1.0000000000000624,EXECUTED,broker-executed
SSR|ASIA_LOW|20250414|1744638300|FINAL,SSRP|ASIA_LOW|20250414|1744638300|FINAL,true,MSZZC1|6:XAUUSD|1:5|1:1|1:4|17:ASIA_LOW|20250414,,,,,,false,,,REJECT_DUPLICATE_CLUSTER,"Asia session level swept during London/NewYork, closed-bar reclaim within frozen window"
SSR|ASIA_LOW|20250414|1744645200|FINAL,SSRP|ASIA_LOW|20250414|1744645200|FINAL,true,MSZZC1|6:XAUUSD|1:5|1:1|1:4|17:ASIA_LOW|20250414,,,,,,false,,,REJECT_DUPLICATE_CLUSTER,"Asia session level swept during London/NewYork, closed-bar reclaim within frozen window"
SSR|ASIA_LOW|20250414|1744651500|FINAL,SSRP|ASIA_LOW|20250414|1744651500|FINAL,true,MSZZC1|6:XAUUSD|1:5|1:1|1:4|17:ASIA_LOW|20250414,,,,,,false,,,REJECT_DUPLICATE_CLUSTER,"Asia session level swept during London/NewYork, closed-bar reclaim within frozen window"
SSR|ASIA_LOW|20250414|1744652700|FINAL,SSRP|ASIA_LOW|20250414|1744652700|FINAL,true,MSZZC1|6:XAUUSD|1:5|1:1|1:4|17:ASIA_LOW|20250414,,,,,,false,,,REJECT_DUPLICATE_CLUSTER,"Asia session level swept during London/NewYork, closed-bar reclaim within frozen window"
SSR|ASIA_LOW|20250414|1744660800|FINAL,SSRP|ASIA_LOW|20250414|1744660800|FINAL,true,MSZZC1|6:XAUUSD|1:5|1:1|1:4|17:ASIA_LOW|20250414,,,,,,false,,,REJECT_DUPLICATE_CLUSTER,"Asia session level swept during London/NewYork, closed-bar reclaim within frozen window"
SSR|ASIA_LOW|20250414|1744661400|FINAL,SSRP|ASIA_LOW|20250414|1744661400|FINAL,true,MSZZC1|6:XAUUSD|1:5|1:1|1:4|17:ASIA_LOW|20250414,,,,,,false,,,REJECT_DUPLICATE_CLUSTER,"Asia session level swept during London/NewYork, closed-bar reclaim within frozen window"
SSR|ASIA_LOW|20250414|1744662300|FINAL,SSRP|ASIA_LOW|20250414|1744662300|FINAL,true,MSZZC1|6:XAUUSD|1:5|1:1|1:4|17:ASIA_LOW|20250414,,,,,,false,,,REJECT_DUPLICATE_CLUSTER,"Asia session level swept during London/NewYork, closed-bar reclaim within frozen window"
SSR|ASIA_LOW|20250414|1744668300|FINAL,SSRP|ASIA_LOW|20250414|1744668300|FINAL,true,MSZZC1|6:XAUUSD|1:5|1:1|1:4|17:ASIA_LOW|20250414,,,,,,false,,,REJECT_DUPLICATE_CLUSTER,"Asia session level swept during London/NewYork, closed-bar reclaim within frozen window"
SSR|ASIA_LOW|20250414|1744668900|FINAL,SSRP|ASIA_LOW|20250414|1744668900|FINAL,true,MSZZC1|6:XAUUSD|1:5|1:1|1:4|17:ASIA_LOW|20250414,,,,,,false,,,REJECT_DUPLICATE_CLUSTER,"Asia session level swept during London/NewYork, closed-bar reclaim within frozen window"
SSR|ASIA_LOW|20250414|1744669800|FINAL,SSRP|ASIA_LOW|20250414|1744669800|FINAL,true,MSZZC1|6:XAUUSD|1:5|1:1|1:4|17:ASIA_LOW|20250414,,,,,,false,,,REJECT_DUPLICATE_CLUSTER,"Asia session level swept during London/NewYork, closed-bar reclaim within frozen window"
SSR|ASIA_LOW|20250414|1744670100|FINAL,SSRP|ASIA_LOW|20250414|1744670100|FINAL,true,MSZZC1|6:XAUUSD|1:5|1:1|1:4|17:ASIA_LOW|20250414,,,,,,false,,,REJECT_DUPLICATE_CLUSTER,"Asia session level swept during London/NewYork, closed-bar reclaim within frozen window"
SSR|ASIA_LOW|20250414|1744672800|FINAL,SSRP|ASIA_LOW|20250414|1744672800|FINAL,true,MSZZC1|6:XAUUSD|1:5|1:1|1:4|17:ASIA_LOW|20250414,,,,,,false,,,REJECT_DUPLICATE_CLUSTER,"Asia session level swept during London/NewYork, closed-bar reclaim within frozen window"
SSR|ASIA_LOW|20250414|1744673400|FINAL,SSRP|ASIA_LOW|20250414|1744673400|FINAL,true,MSZZC1|6:XAUUSD|1:5|1:1|1:4|17:ASIA_LOW|20250414,,,,,,false,,,REJECT_DUPLICATE_CLUSTER,"Asia session level swept during London/NewYork, closed-bar reclaim within frozen window"
SSR|ASIA_LOW|20250414|1744673700|FINAL,SSRP|ASIA_LOW|20250414|1744673700|FINAL,true,MSZZC1|6:XAUUSD|1:5|1:1|1:4|17:ASIA_LOW|20250414,,,,,,false,,,REJECT_DUPLICATE_CLUSTER,"Asia session level swept during London/NewYork, closed-bar reclaim within frozen window"
SSR|ASIA_HIGH|20250415|1744758000|FINAL,SSRP|ASIA_HIGH|20250415|1744758000|FINAL,true,MSZZC1|6:XAUUSD|1:5|2:-1|1:4|18:ASIA_HIGH|20250415,MSZZC1|6:XAUUSD|1:5|2:-1|1:4|18:ASIA_HIGH|20250415,82,82,82,83,true,2.0043,2.0042918454936562,EXECUTED,broker-executed
SSR|ASIA_HIGH|20250415|1744758300|FINAL,SSRP|ASIA_HIGH|20250415|1744758300|FINAL,true,MSZZC1|6:XAUUSD|1:5|2:-1|1:4|18:ASIA_HIGH|20250415,,,,,,false,,,REJECT_DUPLICATE_CLUSTER,"Asia session level swept during London/NewYork, closed-bar reclaim within frozen window"
SSR|ASIA_HIGH|20250416|1744790700|FINAL,SSRP|ASIA_HIGH|20250416|1744790700|FINAL,true,MSZZC1|6:XAUUSD|1:5|2:-1|1:4|18:ASIA_HIGH|20250416,MSZZC1|6:XAUUSD|1:5|2:-1|1:4|18:ASIA_HIGH|20250416,84,84,84,85,true,-1.0000,-1.0,EXECUTED,broker-executed
SSR|ASIA_HIGH|20250416|1744793700|FINAL,SSRP|ASIA_HIGH|20250416|1744793700|FINAL,true,MSZZC1|6:XAUUSD|1:5|2:-1|1:4|18:ASIA_HIGH|20250416,,,,,,false,,,REJECT_DUPLICATE_CLUSTER,"Asia session level swept during London/NewYork, closed-bar reclaim within frozen window"
SSR|ASIA_LOW|20250417|1744885500|FINAL,SSRP|ASIA_LOW|20250417|1744885500|FINAL,true,MSZZC1|6:XAUUSD|1:5|1:1|1:4|17:ASIA_LOW|20250417,MSZZC1|6:XAUUSD|1:5|1:1|1:4|17:ASIA_LOW|20250417,86,86,86,87,true,-1.0000,-1.0,EXECUTED,broker-executed
SSR|ASIA_LOW|20250417|1744886100|FINAL,SSRP|ASIA_LOW|20250417|1744886100|FINAL,true,MSZZC1|6:XAUUSD|1:5|1:1|1:4|17:ASIA_LOW|20250417,,,,,,false,,,REJECT_DUPLICATE_CLUSTER,"Asia session level swept during London/NewYork, closed-bar reclaim within frozen window"
SSR|ASIA_LOW|20250417|1744887900|FINAL,SSRP|ASIA_LOW|20250417|1744887900|FINAL,true,MSZZC1|6:XAUUSD|1:5|1:1|1:4|17:ASIA_LOW|20250417,,,,,,false,,,REJECT_DUPLICATE_CLUSTER,"Asia session level swept during London/NewYork, closed-bar reclaim within frozen window"
SSR|ASIA_LOW|20250417|1744890000|FINAL,SSRP|ASIA_LOW|20250417|1744890000|FINAL,true,MSZZC1|6:XAUUSD|1:5|1:1|1:4|17:ASIA_LOW|20250417,,,,,,false,,,REJECT_DUPLICATE_CLUSTER,"Asia session level swept during London/NewYork, closed-bar reclaim within frozen window"
SSR|ASIA_LOW|20250417|1744890300|FINAL,SSRP|ASIA_LOW|20250417|1744890300|FINAL,true,MSZZC1|6:XAUUSD|1:5|1:1|1:4|17:ASIA_LOW|20250417,,,,,,false,,,REJECT_DUPLICATE_CLUSTER,"Asia session level swept during London/NewYork, closed-bar reclaim within frozen window"
SSR|ASIA_LOW|20250417|1744922400|FINAL,SSRP|ASIA_LOW|20250417|1744922400|FINAL,true,MSZZC1|6:XAUUSD|1:5|1:1|1:4|17:ASIA_LOW|20250417,,,,,,false,,,REJECT_DUPLICATE_CLUSTER,"Asia session level swept during London/NewYork, closed-bar reclaim within frozen window"
SSR|ASIA_LOW|20250417|1744929900|FINAL,SSRP|ASIA_LOW|20250417|1744929900|FINAL,true,MSZZC1|6:XAUUSD|1:5|1:1|1:4|17:ASIA_LOW|20250417,,,,,,false,,,REJECT_DUPLICATE_CLUSTER,"Asia session level swept during London/NewYork, closed-bar reclaim within frozen window"
SSR|ASIA_LOW|20250417|1744930200|FINAL,SSRP|ASIA_LOW|20250417|1744930200|FINAL,true,MSZZC1|6:XAUUSD|1:5|1:1|1:4|17:ASIA_LOW|20250417,,,,,,false,,,REJECT_DUPLICATE_CLUSTER,"Asia session level swept during London/NewYork, closed-bar reclaim within frozen window"
SSR|ASIA_LOW|20250417|1744931100|FINAL,SSRP|ASIA_LOW|20250417|1744931100|FINAL,true,MSZZC1|6:XAUUSD|1:5|1:1|1:4|17:ASIA_LOW|20250417,,,,,,false,,,REJECT_DUPLICATE_CLUSTER,"Asia session level swept during London/NewYork, closed-bar reclaim within frozen window"
SSR|ASIA_HIGH|20250421|1745222700|FINAL,SSRP|ASIA_HIGH|20250421|1745222700|FINAL,true,MSZZC1|6:XAUUSD|1:5|2:-1|1:4|18:ASIA_HIGH|20250421,MSZZC1|6:XAUUSD|1:5|2:-1|1:4|18:ASIA_HIGH|20250421,88,88,88,89,true,-1.0000,-1.0000000000001394,EXECUTED,broker-executed
SSR|ASIA_HIGH|20250422|1745312100|FINAL,SSRP|ASIA_HIGH|20250422|1745312100|FINAL,true,MSZZC1|6:XAUUSD|1:5|2:-1|1:4|18:ASIA_HIGH|20250422,MSZZC1|6:XAUUSD|1:5|2:-1|1:4|18:ASIA_HIGH|20250422,90,90,90,91,true,-1.0000,-1.0,EXECUTED,broker-executed
SSR|ASIA_HIGH|20250422|1745313000|FINAL,SSRP|ASIA_HIGH|20250422|1745313000|FINAL,true,MSZZC1|6:XAUUSD|1:5|2:-1|1:4|18:ASIA_HIGH|20250422,,,,,,false,,,REJECT_DUPLICATE_CLUSTER,"Asia session level swept during London/NewYork, closed-bar reclaim within frozen window"
SSR|ASIA_HIGH|20250422|1745313600|FINAL,SSRP|ASIA_HIGH|20250422|1745313600|FINAL,true,MSZZC1|6:XAUUSD|1:5|2:-1|1:4|18:ASIA_HIGH|20250422,,,,,,false,,,REJECT_DUPLICATE_CLUSTER,"Asia session level swept during London/NewYork, closed-bar reclaim within frozen window"
SSR|ASIA_LOW|20250422|1745340300|FINAL,SSRP|ASIA_LOW|20250422|1745340300|FINAL,true,MSZZC1|6:XAUUSD|1:5|1:1|1:4|17:ASIA_LOW|20250422,MSZZC1|6:XAUUSD|1:5|1:1|1:4|17:ASIA_LOW|20250422,92,92,92,93,true,-1.0000,-1.0,EXECUTED,broker-executed
SSR|ASIA_LOW|20250422|1745346600|FINAL,SSRP|ASIA_LOW|20250422|1745346600|FINAL,true,MSZZC1|6:XAUUSD|1:5|1:1|1:4|17:ASIA_LOW|20250422,,,,,,false,,,REJECT_DUPLICATE_CLUSTER,"Asia session level swept during London/NewYork, closed-bar reclaim within frozen window"
SSR|ASIA_LOW|20250422|1745348400|FINAL,SSRP|ASIA_LOW|20250422|1745348400|FINAL,true,MSZZC1|6:XAUUSD|1:5|1:1|1:4|17:ASIA_LOW|20250422,,,,,,false,,,REJECT_DUPLICATE_CLUSTER,"Asia session level swept during London/NewYork, closed-bar reclaim within frozen window"
SSR|ASIA_LOW|20250422|1745348700|FINAL,SSRP|ASIA_LOW|20250422|1745348700|FINAL,true,MSZZC1|6:XAUUSD|1:5|1:1|1:4|17:ASIA_LOW|20250422,,,,,,false,,,REJECT_DUPLICATE_CLUSTER,"Asia session level swept during London/NewYork, closed-bar reclaim within frozen window"
SSR|ASIA_LOW|20250423|1745398800|FINAL,SSRP|ASIA_LOW|20250423|1745398800|FINAL,true,MSZZC1|6:XAUUSD|1:5|1:1|1:4|17:ASIA_LOW|20250423,MSZZC1|6:XAUUSD|1:5|1:1|1:4|17:ASIA_LOW|20250423,94,94,94,95,true,-1.0000,-1.0,EXECUTED,broker-executed
SSR|ASIA_LOW|20250423|1745399400|FINAL,SSRP|ASIA_LOW|20250423|1745399400|FINAL,true,MSZZC1|6:XAUUSD|1:5|1:1|1:4|17:ASIA_LOW|20250423,,,,,,false,,,REJECT_DUPLICATE_CLUSTER,"Asia session level swept during London/NewYork, closed-bar reclaim within frozen window"
SSR|ASIA_LOW|20250423|1745399700|FINAL,SSRP|ASIA_LOW|20250423|1745399700|FINAL,true,MSZZC1|6:XAUUSD|1:5|1:1|1:4|17:ASIA_LOW|20250423,,,,,,false,,,REJECT_DUPLICATE_CLUSTER,"Asia session level swept during London/NewYork, closed-bar reclaim within frozen window"
SSR|ASIA_LOW|20250423|1745401200|FINAL,SSRP|ASIA_LOW|20250423|1745401200|FINAL,true,MSZZC1|6:XAUUSD|1:5|1:1|1:4|17:ASIA_LOW|20250423,,,,,,false,,,REJECT_DUPLICATE_CLUSTER,"Asia session level swept during London/NewYork, closed-bar reclaim within frozen window"
SSR|ASIA_LOW|20250423|1745404500|FINAL,SSRP|ASIA_LOW|20250423|1745404500|FINAL,true,MSZZC1|6:XAUUSD|1:5|1:1|1:4|17:ASIA_LOW|20250423,,,,,,false,,,REJECT_DUPLICATE_CLUSTER,"Asia session level swept during London/NewYork, closed-bar reclaim within frozen window"
SSR|ASIA_LOW|20250423|1745404800|FINAL,SSRP|ASIA_LOW|20250423|1745404800|FINAL,true,MSZZC1|6:XAUUSD|1:5|1:1|1:4|17:ASIA_LOW|20250423,,,,,,false,,,REJECT_DUPLICATE_CLUSTER,"Asia session level swept during London/NewYork, closed-bar reclaim within frozen window"
SSR|ASIA_LOW|20250423|1745405400|FINAL,SSRP|ASIA_LOW|20250423|1745405400|FINAL,true,MSZZC1|6:XAUUSD|1:5|1:1|1:4|17:ASIA_LOW|20250423,,,,,,false,,,REJECT_DUPLICATE_CLUSTER,"Asia session level swept during London/NewYork, closed-bar reclaim within frozen window"
SSR|ASIA_LOW|20250423|1745406900|FINAL,SSRP|ASIA_LOW|20250423|1745406900|FINAL,true,MSZZC1|6:XAUUSD|1:5|1:1|1:4|17:ASIA_LOW|20250423,,,,,,false,,,REJECT_DUPLICATE_CLUSTER,"Asia session level swept during London/NewYork, closed-bar reclaim within frozen window"
SSR|ASIA_LOW|20250423|1745408100|FINAL,SSRP|ASIA_LOW|20250423|1745408100|FINAL,true,MSZZC1|6:XAUUSD|1:5|1:1|1:4|17:ASIA_LOW|20250423,,,,,,false,,,REJECT_DUPLICATE_CLUSTER,"Asia session level swept during London/NewYork, closed-bar reclaim within frozen window"
SSR|ASIA_LOW|20250423|1745421000|FINAL,SSRP|ASIA_LOW|20250423|1745421000|FINAL,true,MSZZC1|6:XAUUSD|1:5|1:1|1:4|17:ASIA_LOW|20250423,,,,,,false,,,REJECT_DUPLICATE_CLUSTER,"Asia session level swept during London/NewYork, closed-bar reclaim within frozen window"
SSR|ASIA_LOW|20250425|1745624700|FINAL,SSRP|ASIA_LOW|20250425|1745624700|FINAL,true,MSZZC1|6:XAUUSD|1:5|1:1|1:4|17:ASIA_LOW|20250425,,,,,,false,,,REJECT_EXPIRED,signal expired at 2025.04.26 00:10:00
SSR|ASIA_HIGH|20250428|1745862300|FINAL,SSRP|ASIA_HIGH|20250428|1745862300|FINAL,true,MSZZC1|6:XAUUSD|1:5|2:-1|1:4|18:ASIA_HIGH|20250428,MSZZC1|6:XAUUSD|1:5|2:-1|1:4|18:ASIA_HIGH|20250428,96,96,96,97,true,-1.0000,-1.0,EXECUTED,broker-executed
SSR|ASIA_HIGH|20250428|1745862600|FINAL,SSRP|ASIA_HIGH|20250428|1745862600|FINAL,true,MSZZC1|6:XAUUSD|1:5|2:-1|1:4|18:ASIA_HIGH|20250428,,,,,,false,,,REJECT_DUPLICATE_CLUSTER,"Asia session level swept during London/NewYork, closed-bar reclaim within frozen window"
SSR|ASIA_HIGH|20250428|1745864100|FINAL,SSRP|ASIA_HIGH|20250428|1745864100|FINAL,true,MSZZC1|6:XAUUSD|1:5|2:-1|1:4|18:ASIA_HIGH|20250428,,,,,,false,,,REJECT_DUPLICATE_CLUSTER,"Asia session level swept during London/NewYork, closed-bar reclaim within frozen window"
SSR|ASIA_HIGH|20250428|1745864400|FINAL,SSRP|ASIA_HIGH|20250428|1745864400|FINAL,true,MSZZC1|6:XAUUSD|1:5|2:-1|1:4|18:ASIA_HIGH|20250428,,,,,,false,,,REJECT_DUPLICATE_CLUSTER,"Asia session level swept during London/NewYork, closed-bar reclaim within frozen window"
SSR|ASIA_LOW|20250429|1745914500|FINAL,SSRP|ASIA_LOW|20250429|1745914500|FINAL,true,MSZZC1|6:XAUUSD|1:5|1:1|1:4|17:ASIA_LOW|20250429,MSZZC1|6:XAUUSD|1:5|1:1|1:4|17:ASIA_LOW|20250429,98,98,98,99,true,2.0000,1.9999999999998388,EXECUTED,broker-executed
SSR|ASIA_LOW|20250429|1745914800|FINAL,SSRP|ASIA_LOW|20250429|1745914800|FINAL,true,MSZZC1|6:XAUUSD|1:5|1:1|1:4|17:ASIA_LOW|20250429,,,,,,false,,,REJECT_DUPLICATE_CLUSTER,"Asia session level swept during London/NewYork, closed-bar reclaim within frozen window"
SSR|ASIA_LOW|20250429|1745932500|FINAL,SSRP|ASIA_LOW|20250429|1745932500|FINAL,true,MSZZC1|6:XAUUSD|1:5|1:1|1:4|17:ASIA_LOW|20250429,,,,,,false,,,REJECT_DUPLICATE_CLUSTER,"Asia session level swept during London/NewYork, closed-bar reclaim within frozen window"
SSR|ASIA_LOW|20250429|1745939400|FINAL,SSRP|ASIA_LOW|20250429|1745939400|FINAL,true,MSZZC1|6:XAUUSD|1:5|1:1|1:4|17:ASIA_LOW|20250429,,,,,,false,,,REJECT_DUPLICATE_CLUSTER,"Asia session level swept during London/NewYork, closed-bar reclaim within frozen window"
SSR|ASIA_LOW|20250429|1745940000|FINAL,SSRP|ASIA_LOW|20250429|1745940000|FINAL,true,MSZZC1|6:XAUUSD|1:5|1:1|1:4|17:ASIA_LOW|20250429,,,,,,false,,,REJECT_DUPLICATE_CLUSTER,"Asia session level swept during London/NewYork, closed-bar reclaim within frozen window"
SSR|ASIA_LOW|20250429|1745940900|FINAL,SSRP|ASIA_LOW|20250429|1745940900|FINAL,true,MSZZC1|6:XAUUSD|1:5|1:1|1:4|17:ASIA_LOW|20250429,,,,,,false,,,REJECT_DUPLICATE_CLUSTER,"Asia session level swept during London/NewYork, closed-bar reclaim within frozen window"
SSR|ASIA_LOW|20250429|1745945100|FINAL,SSRP|ASIA_LOW|20250429|1745945100|FINAL,true,MSZZC1|6:XAUUSD|1:5|1:1|1:4|17:ASIA_LOW|20250429,,,,,,false,,,REJECT_DUPLICATE_CLUSTER,"Asia session level swept during London/NewYork, closed-bar reclaim within frozen window"
SSR|ASIA_LOW|20250429|1745946600|FINAL,SSRP|ASIA_LOW|20250429|1745946600|FINAL,true,MSZZC1|6:XAUUSD|1:5|1:1|1:4|17:ASIA_LOW|20250429,,,,,,false,,,REJECT_DUPLICATE_CLUSTER,"Asia session level swept during London/NewYork, closed-bar reclaim within frozen window"
SSR|ASIA_LOW|20250429|1745952000|FINAL,SSRP|ASIA_LOW|20250429|1745952000|FINAL,true,MSZZC1|6:XAUUSD|1:5|1:1|1:4|17:ASIA_LOW|20250429,,,,,,false,,,REJECT_DUPLICATE_CLUSTER,"Asia session level swept during London/NewYork, closed-bar reclaim within frozen window"
SSR|ASIA_LOW|20250429|1745952300|FINAL,SSRP|ASIA_LOW|20250429|1745952300|FINAL,true,MSZZC1|6:XAUUSD|1:5|1:1|1:4|17:ASIA_LOW|20250429,,,,,,false,,,REJECT_DUPLICATE_CLUSTER,"Asia session level swept during London/NewYork, closed-bar reclaim within frozen window"
SSR|ASIA_LOW|20250430|1746027600|FINAL,SSRP|ASIA_LOW|20250430|1746027600|FINAL,true,MSZZC1|6:XAUUSD|1:5|1:1|1:4|17:ASIA_LOW|20250430,MSZZC1|6:XAUUSD|1:5|1:1|1:4|17:ASIA_LOW|20250430,100,100,100,101,true,-1.0000,-1.0,EXECUTED,broker-executed
SSR|ASIA_LOW|20250430|1746028800|FINAL,SSRP|ASIA_LOW|20250430|1746028800|FINAL,true,MSZZC1|6:XAUUSD|1:5|1:1|1:4|17:ASIA_LOW|20250430,,,,,,false,,,REJECT_DUPLICATE_CLUSTER,"Asia session level swept during London/NewYork, closed-bar reclaim within frozen window"
SSR|ASIA_LOW|20250430|1746029400|FINAL,SSRP|ASIA_LOW|20250430|1746029400|FINAL,true,MSZZC1|6:XAUUSD|1:5|1:1|1:4|17:ASIA_LOW|20250430,,,,,,false,,,REJECT_DUPLICATE_CLUSTER,"Asia session level swept during London/NewYork, closed-bar reclaim within frozen window"
SSR|ASIA_LOW|20250430|1746032400|FINAL,SSRP|ASIA_LOW|20250430|1746032400|FINAL,true,MSZZC1|6:XAUUSD|1:5|1:1|1:4|17:ASIA_LOW|20250430,,,,,,false,,,REJECT_DUPLICATE_CLUSTER,"Asia session level swept during London/NewYork, closed-bar reclaim within frozen window"
SSR|ASIA_LOW|20250430|1746034800|FINAL,SSRP|ASIA_LOW|20250430|1746034800|FINAL,true,MSZZC1|6:XAUUSD|1:5|1:1|1:4|17:ASIA_LOW|20250430,,,,,,false,,,REJECT_DUPLICATE_CLUSTER,"Asia session level swept during London/NewYork, closed-bar reclaim within frozen window"
SSR|ASIA_LOW|20250430|1746035400|FINAL,SSRP|ASIA_LOW|20250430|1746035400|FINAL,true,MSZZC1|6:XAUUSD|1:5|1:1|1:4|17:ASIA_LOW|20250430,,,,,,false,,,REJECT_DUPLICATE_CLUSTER,"Asia session level swept during London/NewYork, closed-bar reclaim within frozen window"
SSR|ASIA_LOW|20250430|1746038700|FINAL,SSRP|ASIA_LOW|20250430|1746038700|FINAL,true,MSZZC1|6:XAUUSD|1:5|1:1|1:4|17:ASIA_LOW|20250430,,,,,,false,,,REJECT_DUPLICATE_CLUSTER,"Asia session level swept during London/NewYork, closed-bar reclaim within frozen window"
SSR|ASIA_LOW|20250430|1746039000|FINAL,SSRP|ASIA_LOW|20250430|1746039000|FINAL,true,MSZZC1|6:XAUUSD|1:5|1:1|1:4|17:ASIA_LOW|20250430,,,,,,false,,,REJECT_DUPLICATE_CLUSTER,"Asia session level swept during London/NewYork, closed-bar reclaim within frozen window"
SSR|ASIA_LOW|20250430|1746048300|FINAL,SSRP|ASIA_LOW|20250430|1746048300|FINAL,true,MSZZC1|6:XAUUSD|1:5|1:1|1:4|17:ASIA_LOW|20250430,,,,,,false,,,REJECT_DUPLICATE_CLUSTER,"Asia session level swept during London/NewYork, closed-bar reclaim within frozen window"
SSR|ASIA_LOW|20250430|1746048600|FINAL,SSRP|ASIA_LOW|20250430|1746048600|FINAL,true,MSZZC1|6:XAUUSD|1:5|1:1|1:4|17:ASIA_LOW|20250430,,,,,,false,,,REJECT_DUPLICATE_CLUSTER,"Asia session level swept during London/NewYork, closed-bar reclaim within frozen window"
SSR|ASIA_LOW|20250430|1746049200|FINAL,SSRP|ASIA_LOW|20250430|1746049200|FINAL,true,MSZZC1|6:XAUUSD|1:5|1:1|1:4|17:ASIA_LOW|20250430,,,,,,false,,,REJECT_DUPLICATE_CLUSTER,"Asia session level swept during London/NewYork, closed-bar reclaim within frozen window"
SSR|ASIA_LOW|20250430|1746049500|FINAL,SSRP|ASIA_LOW|20250430|1746049500|FINAL,true,MSZZC1|6:XAUUSD|1:5|1:1|1:4|17:ASIA_LOW|20250430,,,,,,false,,,REJECT_DUPLICATE_CLUSTER,"Asia session level swept during London/NewYork, closed-bar reclaim within frozen window"
SSR|ASIA_LOW|20250501|1746103200|FINAL,SSRP|ASIA_LOW|20250501|1746103200|FINAL,true,MSZZC1|6:XAUUSD|1:5|1:1|1:4|17:ASIA_LOW|20250501,MSZZC1|6:XAUUSD|1:5|1:1|1:4|17:ASIA_LOW|20250501,102,102,102,103,true,-1.0000,-1.0,EXECUTED,broker-executed
SSR|ASIA_LOW|20250501|1746105900|FINAL,SSRP|ASIA_LOW|20250501|1746105900|FINAL,true,MSZZC1|6:XAUUSD|1:5|1:1|1:4|17:ASIA_LOW|20250501,,,,,,false,,,REJECT_DUPLICATE_CLUSTER,"Asia session level swept during London/NewYork, closed-bar reclaim within frozen window"
SSR|ASIA_LOW|20250501|1746106500|FINAL,SSRP|ASIA_LOW|20250501|1746106500|FINAL,true,MSZZC1|6:XAUUSD|1:5|1:1|1:4|17:ASIA_LOW|20250501,,,,,,false,,,REJECT_DUPLICATE_CLUSTER,"Asia session level swept during London/NewYork, closed-bar reclaim within frozen window"
SSR|ASIA_LOW|20250501|1746112800|FINAL,SSRP|ASIA_LOW|20250501|1746112800|FINAL,true,MSZZC1|6:XAUUSD|1:5|1:1|1:4|17:ASIA_LOW|20250501,,,,,,false,,,REJECT_DUPLICATE_CLUSTER,"Asia session level swept during London/NewYork, closed-bar reclaim within frozen window"
SSR|ASIA_LOW|20250501|1746113400|FINAL,SSRP|ASIA_LOW|20250501|1746113400|FINAL,true,MSZZC1|6:XAUUSD|1:5|1:1|1:4|17:ASIA_LOW|20250501,,,,,,false,,,REJECT_DUPLICATE_CLUSTER,"Asia session level swept during London/NewYork, closed-bar reclaim within frozen window"
SSR|ASIA_LOW|20250501|1746113700|FINAL,SSRP|ASIA_LOW|20250501|1746113700|FINAL,true,MSZZC1|6:XAUUSD|1:5|1:1|1:4|17:ASIA_LOW|20250501,,,,,,false,,,REJECT_DUPLICATE_CLUSTER,"Asia session level swept during London/NewYork, closed-bar reclaim within frozen window"
SSR|ASIA_LOW|20250501|1746117900|FINAL,SSRP|ASIA_LOW|20250501|1746117900|FINAL,true,MSZZC1|6:XAUUSD|1:5|1:1|1:4|17:ASIA_LOW|20250501,,,,,,false,,,REJECT_DUPLICATE_CLUSTER,"Asia session level swept during London/NewYork, closed-bar reclaim within frozen window"
SSR|ASIA_LOW|20250501|1746118200|FINAL,SSRP|ASIA_LOW|20250501|1746118200|FINAL,true,MSZZC1|6:XAUUSD|1:5|1:1|1:4|17:ASIA_LOW|20250501,,,,,,false,,,REJECT_DUPLICATE_CLUSTER,"Asia session level swept during London/NewYork, closed-bar reclaim within frozen window"
SSR|ASIA_LOW|20250501|1746118800|FINAL,SSRP|ASIA_LOW|20250501|1746118800|FINAL,true,MSZZC1|6:XAUUSD|1:5|1:1|1:4|17:ASIA_LOW|20250501,,,,,,false,,,REJECT_DUPLICATE_CLUSTER,"Asia session level swept during London/NewYork, closed-bar reclaim within frozen window"
SSR|ASIA_LOW|20250501|1746119100|FINAL,SSRP|ASIA_LOW|20250501|1746119100|FINAL,true,MSZZC1|6:XAUUSD|1:5|1:1|1:4|17:ASIA_LOW|20250501,,,,,,false,,,REJECT_DUPLICATE_CLUSTER,"Asia session level swept during London/NewYork, closed-bar reclaim within frozen window"
SSR|ASIA_LOW|20250501|1746120000|FINAL,SSRP|ASIA_LOW|20250501|1746120000|FINAL,true,MSZZC1|6:XAUUSD|1:5|1:1|1:4|17:ASIA_LOW|20250501,,,,,,false,,,REJECT_DUPLICATE_CLUSTER,"Asia session level swept during London/NewYork, closed-bar reclaim within frozen window"
SSR|ASIA_LOW|20250501|1746120300|FINAL,SSRP|ASIA_LOW|20250501|1746120300|FINAL,true,MSZZC1|6:XAUUSD|1:5|1:1|1:4|17:ASIA_LOW|20250501,,,,,,false,,,REJECT_DUPLICATE_CLUSTER,"Asia session level swept during London/NewYork, closed-bar reclaim within frozen window"
SSR|ASIA_LOW|20250501|1746134700|FINAL,SSRP|ASIA_LOW|20250501|1746134700|FINAL,true,MSZZC1|6:XAUUSD|1:5|1:1|1:4|17:ASIA_LOW|20250501,,,,,,false,,,REJECT_DUPLICATE_CLUSTER,"Asia session level swept during London/NewYork, closed-bar reclaim within frozen window"
SSR|ASIA_HIGH|20250502|1746177600|FINAL,SSRP|ASIA_HIGH|20250502|1746177600|FINAL,true,MSZZC1|6:XAUUSD|1:5|2:-1|1:4|18:ASIA_HIGH|20250502,MSZZC1|6:XAUUSD|1:5|2:-1|1:4|18:ASIA_HIGH|20250502,104,104,104,105,true,2.0000,2.0,EXECUTED,broker-executed
SSR|ASIA_HIGH|20250502|1746177900|FINAL,SSRP|ASIA_HIGH|20250502|1746177900|FINAL,true,MSZZC1|6:XAUUSD|1:5|2:-1|1:4|18:ASIA_HIGH|20250502,,,,,,false,,,REJECT_DUPLICATE_CLUSTER,"Asia session level swept during London/NewYork, closed-bar reclaim within frozen window"
SSR|ASIA_HIGH|20250502|1746178200|FINAL,SSRP|ASIA_HIGH|20250502|1746178200|FINAL,true,MSZZC1|6:XAUUSD|1:5|2:-1|1:4|18:ASIA_HIGH|20250502,,,,,,false,,,REJECT_DUPLICATE_CLUSTER,"Asia session level swept during London/NewYork, closed-bar reclaim within frozen window"
SSR|ASIA_HIGH|20250502|1746182100|FINAL,SSRP|ASIA_HIGH|20250502|1746182100|FINAL,true,MSZZC1|6:XAUUSD|1:5|2:-1|1:4|18:ASIA_HIGH|20250502,,,,,,false,,,REJECT_DUPLICATE_CLUSTER,"Asia session level swept during London/NewYork, closed-bar reclaim within frozen window"
SSR|ASIA_HIGH|20250502|1746183000|FINAL,SSRP|ASIA_HIGH|20250502|1746183000|FINAL,true,MSZZC1|6:XAUUSD|1:5|2:-1|1:4|18:ASIA_HIGH|20250502,,,,,,false,,,REJECT_DUPLICATE_CLUSTER,"Asia session level swept during London/NewYork, closed-bar reclaim within frozen window"
SSR|ASIA_HIGH|20250502|1746183900|FINAL,SSRP|ASIA_HIGH|20250502|1746183900|FINAL,true,MSZZC1|6:XAUUSD|1:5|2:-1|1:4|18:ASIA_HIGH|20250502,,,,,,false,,,REJECT_DUPLICATE_CLUSTER,"Asia session level swept during London/NewYork, closed-bar reclaim within frozen window"
SSR|ASIA_HIGH|20250502|1746184800|FINAL,SSRP|ASIA_HIGH|20250502|1746184800|FINAL,true,MSZZC1|6:XAUUSD|1:5|2:-1|1:4|18:ASIA_HIGH|20250502,,,,,,false,,,REJECT_DUPLICATE_CLUSTER,"Asia session level swept during London/NewYork, closed-bar reclaim within frozen window"
SSR|ASIA_HIGH|20250502|1746186300|FINAL,SSRP|ASIA_HIGH|20250502|1746186300|FINAL,true,MSZZC1|6:XAUUSD|1:5|2:-1|1:4|18:ASIA_HIGH|20250502,,,,,,false,,,REJECT_DUPLICATE_CLUSTER,"Asia session level swept during London/NewYork, closed-bar reclaim within frozen window"
SSR|ASIA_HIGH|20250502|1746186900|FINAL,SSRP|ASIA_HIGH|20250502|1746186900|FINAL,true,MSZZC1|6:XAUUSD|1:5|2:-1|1:4|18:ASIA_HIGH|20250502,,,,,,false,,,REJECT_DUPLICATE_CLUSTER,"Asia session level swept during London/NewYork, closed-bar reclaim within frozen window"
SSR|ASIA_HIGH|20250502|1746192300|FINAL,SSRP|ASIA_HIGH|20250502|1746192300|FINAL,true,MSZZC1|6:XAUUSD|1:5|2:-1|1:4|18:ASIA_HIGH|20250502,,,,,,false,,,REJECT_DUPLICATE_CLUSTER,"Asia session level swept during London/NewYork, closed-bar reclaim within frozen window"
SSR|ASIA_HIGH|20250502|1746199200|FINAL,SSRP|ASIA_HIGH|20250502|1746199200|FINAL,true,MSZZC1|6:XAUUSD|1:5|2:-1|1:4|18:ASIA_HIGH|20250502,,,,,,false,,,REJECT_DUPLICATE_CLUSTER,"Asia session level swept during London/NewYork, closed-bar reclaim within frozen window"
SSR|ASIA_HIGH|20250502|1746199800|FINAL,SSRP|ASIA_HIGH|20250502|1746199800|FINAL,true,MSZZC1|6:XAUUSD|1:5|2:-1|1:4|18:ASIA_HIGH|20250502,,,,,,false,,,REJECT_DUPLICATE_CLUSTER,"Asia session level swept during London/NewYork, closed-bar reclaim within frozen window"
SSR|ASIA_HIGH|20250502|1746200400|FINAL,SSRP|ASIA_HIGH|20250502|1746200400|FINAL,true,MSZZC1|6:XAUUSD|1:5|2:-1|1:4|18:ASIA_HIGH|20250502,,,,,,false,,,REJECT_DUPLICATE_CLUSTER,"Asia session level swept during London/NewYork, closed-bar reclaim within frozen window"
SSR|ASIA_HIGH|20250502|1746201000|FINAL,SSRP|ASIA_HIGH|20250502|1746201000|FINAL,true,MSZZC1|6:XAUUSD|1:5|2:-1|1:4|18:ASIA_HIGH|20250502,,,,,,false,,,REJECT_DUPLICATE_CLUSTER,"Asia session level swept during London/NewYork, closed-bar reclaim within frozen window"
SSR|ASIA_HIGH|20250502|1746207300|FINAL,SSRP|ASIA_HIGH|20250502|1746207300|FINAL,true,MSZZC1|6:XAUUSD|1:5|2:-1|1:4|18:ASIA_HIGH|20250502,,,,,,false,,,REJECT_DUPLICATE_CLUSTER,"Asia session level swept during London/NewYork, closed-bar reclaim within frozen window"
SSR|ASIA_HIGH|20250502|1746209400|FINAL,SSRP|ASIA_HIGH|20250502|1746209400|FINAL,true,MSZZC1|6:XAUUSD|1:5|2:-1|1:4|18:ASIA_HIGH|20250502,,,,,,false,,,REJECT_DUPLICATE_CLUSTER,"Asia session level swept during London/NewYork, closed-bar reclaim within frozen window"
SSR|ASIA_HIGH|20250502|1746209700|FINAL,SSRP|ASIA_HIGH|20250502|1746209700|FINAL,true,MSZZC1|6:XAUUSD|1:5|2:-1|1:4|18:ASIA_HIGH|20250502,,,,,,false,,,REJECT_DUPLICATE_CLUSTER,"Asia session level swept during London/NewYork, closed-bar reclaim within frozen window"
SSR|ASIA_LOW|20250502|1746212400|FINAL,SSRP|ASIA_LOW|20250502|1746212400|FINAL,true,MSZZC1|6:XAUUSD|1:5|1:1|1:4|17:ASIA_LOW|20250502,MSZZC1|6:XAUUSD|1:5|1:1|1:4|17:ASIA_LOW|20250502,106,106,106,107,true,-1.0000,-1.0,EXECUTED,broker-executed
SSR|ASIA_LOW|20250502|1746213000|FINAL,SSRP|ASIA_LOW|20250502|1746213000|FINAL,true,MSZZC1|6:XAUUSD|1:5|1:1|1:4|17:ASIA_LOW|20250502,,,,,,false,,,REJECT_DUPLICATE_CLUSTER,"Asia session level swept during London/NewYork, closed-bar reclaim within frozen window"
SSR|ASIA_LOW|20250502|1746213600|FINAL,SSRP|ASIA_LOW|20250502|1746213600|FINAL,true,MSZZC1|6:XAUUSD|1:5|1:1|1:4|17:ASIA_LOW|20250502,,,,,,false,,,REJECT_DUPLICATE_CLUSTER,"Asia session level swept during London/NewYork, closed-bar reclaim within frozen window"
SSR|ASIA_LOW|20250502|1746215700|FINAL,SSRP|ASIA_LOW|20250502|1746215700|FINAL,true,MSZZC1|6:XAUUSD|1:5|1:1|1:4|17:ASIA_LOW|20250502,,,,,,false,,,REJECT_DUPLICATE_CLUSTER,"Asia session level swept during London/NewYork, closed-bar reclaim within frozen window"
SSR|ASIA_LOW|20250502|1746216300|FINAL,SSRP|ASIA_LOW|20250502|1746216300|FINAL,true,MSZZC1|6:XAUUSD|1:5|1:1|1:4|17:ASIA_LOW|20250502,,,,,,false,,,REJECT_DUPLICATE_CLUSTER,"Asia session level swept during London/NewYork, closed-bar reclaim within frozen window"
SSR|ASIA_LOW|20250502|1746218700|FINAL,SSRP|ASIA_LOW|20250502|1746218700|FINAL,true,MSZZC1|6:XAUUSD|1:5|1:1|1:4|17:ASIA_LOW|20250502,,,,,,false,,,REJECT_DUPLICATE_CLUSTER,"Asia session level swept during London/NewYork, closed-bar reclaim within frozen window"
SSR|ASIA_LOW|20250502|1746220200|FINAL,SSRP|ASIA_LOW|20250502|1746220200|FINAL,true,MSZZC1|6:XAUUSD|1:5|1:1|1:4|17:ASIA_LOW|20250502,,,,,,false,,,REJECT_DUPLICATE_CLUSTER,"Asia session level swept during London/NewYork, closed-bar reclaim within frozen window"
SSR|ASIA_LOW|20250502|1746220800|FINAL,SSRP|ASIA_LOW|20250502|1746220800|FINAL,true,MSZZC1|6:XAUUSD|1:5|1:1|1:4|17:ASIA_LOW|20250502,,,,,,false,,,REJECT_DUPLICATE_CLUSTER,"Asia session level swept during London/NewYork, closed-bar reclaim within frozen window"
SSR|ASIA_LOW|20250502|1746221400|FINAL,SSRP|ASIA_LOW|20250502|1746221400|FINAL,true,MSZZC1|6:XAUUSD|1:5|1:1|1:4|17:ASIA_LOW|20250502,,,,,,false,,,REJECT_DUPLICATE_CLUSTER,"Asia session level swept during London/NewYork, closed-bar reclaim within frozen window"
SSR|ASIA_LOW|20250502|1746222000|FINAL,SSRP|ASIA_LOW|20250502|1746222000|FINAL,true,MSZZC1|6:XAUUSD|1:5|1:1|1:4|17:ASIA_LOW|20250502,,,,,,false,,,REJECT_DUPLICATE_CLUSTER,"Asia session level swept during London/NewYork, closed-bar reclaim within frozen window"
SSR|ASIA_LOW|20250502|1746222300|FINAL,SSRP|ASIA_LOW|20250502|1746222300|FINAL,true,MSZZC1|6:XAUUSD|1:5|1:1|1:4|17:ASIA_LOW|20250502,,,,,,false,,,REJECT_DUPLICATE_CLUSTER,"Asia session level swept during London/NewYork, closed-bar reclaim within frozen window"
SSR|ASIA_LOW|20250502|1746223200|FINAL,SSRP|ASIA_LOW|20250502|1746223200|FINAL,true,MSZZC1|6:XAUUSD|1:5|1:1|1:4|17:ASIA_LOW|20250502,,,,,,false,,,REJECT_DUPLICATE_CLUSTER,"Asia session level swept during London/NewYork, closed-bar reclaim within frozen window"
SSR|ASIA_HIGH|20250505|1746444300|FINAL,SSRP|ASIA_HIGH|20250505|1746444300|FINAL,true,MSZZC1|6:XAUUSD|1:5|2:-1|1:4|18:ASIA_HIGH|20250505,MSZZC1|6:XAUUSD|1:5|2:-1|1:4|18:ASIA_HIGH|20250505,108,108,108,109,true,-1.0000,-1.0,EXECUTED,broker-executed
SSR|ASIA_HIGH|20250506|1746552000|FINAL,SSRP|ASIA_HIGH|20250506|1746552000|FINAL,true,MSZZC1|6:XAUUSD|1:5|2:-1|1:4|18:ASIA_HIGH|20250506,MSZZC1|6:XAUUSD|1:5|2:-1|1:4|18:ASIA_HIGH|20250506,110,110,110,111,true,-1.0000,-1.0,EXECUTED,broker-executed
SSR|ASIA_HIGH|20250506|1746552300|FINAL,SSRP|ASIA_HIGH|20250506|1746552300|FINAL,true,MSZZC1|6:XAUUSD|1:5|2:-1|1:4|18:ASIA_HIGH|20250506,,,,,,false,,,REJECT_DUPLICATE_CLUSTER,"Asia session level swept during London/NewYork, closed-bar reclaim within frozen window"
SSR|ASIA_HIGH|20250506|1746553200|FINAL,SSRP|ASIA_HIGH|20250506|1746553200|FINAL,true,MSZZC1|6:XAUUSD|1:5|2:-1|1:4|18:ASIA_HIGH|20250506,,,,,,false,,,REJECT_DUPLICATE_CLUSTER,"Asia session level swept during London/NewYork, closed-bar reclaim within frozen window"
SSR|ASIA_LOW|20250508|1746721500|FINAL,SSRP|ASIA_LOW|20250508|1746721500|FINAL,true,MSZZC1|6:XAUUSD|1:5|1:1|1:4|17:ASIA_LOW|20250508,MSZZC1|6:XAUUSD|1:5|1:1|1:4|17:ASIA_LOW|20250508,112,112,112,113,true,-1.0000,-1.0,EXECUTED,broker-executed
SSR|ASIA_LOW|20250508|1746721800|FINAL,SSRP|ASIA_LOW|20250508|1746721800|FINAL,true,MSZZC1|6:XAUUSD|1:5|1:1|1:4|17:ASIA_LOW|20250508,,,,,,false,,,REJECT_DUPLICATE_CLUSTER,"Asia session level swept during London/NewYork, closed-bar reclaim within frozen window"
SSR|ASIA_HIGH|20250509|1746777600|FINAL,SSRP|ASIA_HIGH|20250509|1746777600|FINAL,true,MSZZC1|6:XAUUSD|1:5|2:-1|1:4|18:ASIA_HIGH|20250509,MSZZC1|6:XAUUSD|1:5|2:-1|1:4|18:ASIA_HIGH|20250509,114,114,114,115,true,-1.0000,-1.0,EXECUTED,broker-executed
SSR|ASIA_HIGH|20250509|1746778200|FINAL,SSRP|ASIA_HIGH|20250509|1746778200|FINAL,true,MSZZC1|6:XAUUSD|1:5|2:-1|1:4|18:ASIA_HIGH|20250509,,,,,,false,,,REJECT_DUPLICATE_CLUSTER,"Asia session level swept during London/NewYork, closed-bar reclaim within frozen window"
SSR|ASIA_HIGH|20250509|1746778500|FINAL,SSRP|ASIA_HIGH|20250509|1746778500|FINAL,true,MSZZC1|6:XAUUSD|1:5|2:-1|1:4|18:ASIA_HIGH|20250509,,,,,,false,,,REJECT_DUPLICATE_CLUSTER,"Asia session level swept during London/NewYork, closed-bar reclaim within frozen window"
SSR|ASIA_HIGH|20250509|1746784800|FINAL,SSRP|ASIA_HIGH|20250509|1746784800|FINAL,true,MSZZC1|6:XAUUSD|1:5|2:-1|1:4|18:ASIA_HIGH|20250509,,,,,,false,,,REJECT_DUPLICATE_CLUSTER,"Asia session level swept during London/NewYork, closed-bar reclaim within frozen window"
SSR|ASIA_HIGH|20250509|1746785400|FINAL,SSRP|ASIA_HIGH|20250509|1746785400|FINAL,true,MSZZC1|6:XAUUSD|1:5|2:-1|1:4|18:ASIA_HIGH|20250509,,,,,,false,,,REJECT_DUPLICATE_CLUSTER,"Asia session level swept during London/NewYork, closed-bar reclaim within frozen window"
SSR|ASIA_HIGH|20250509|1746785700|FINAL,SSRP|ASIA_HIGH|20250509|1746785700|FINAL,true,MSZZC1|6:XAUUSD|1:5|2:-1|1:4|18:ASIA_HIGH|20250509,,,,,,false,,,REJECT_DUPLICATE_CLUSTER,"Asia session level swept during London/NewYork, closed-bar reclaim within frozen window"
SSR|ASIA_HIGH|20250509|1746786600|FINAL,SSRP|ASIA_HIGH|20250509|1746786600|FINAL,true,MSZZC1|6:XAUUSD|1:5|2:-1|1:4|18:ASIA_HIGH|20250509,,,,,,false,,,REJECT_DUPLICATE_CLUSTER,"Asia session level swept during London/NewYork, closed-bar reclaim within frozen window"
SSR|ASIA_HIGH|20250509|1746787200|FINAL,SSRP|ASIA_HIGH|20250509|1746787200|FINAL,true,MSZZC1|6:XAUUSD|1:5|2:-1|1:4|18:ASIA_HIGH|20250509,,,,,,false,,,REJECT_DUPLICATE_CLUSTER,"Asia session level swept during London/NewYork, closed-bar reclaim within frozen window"
SSR|ASIA_HIGH|20250509|1746788100|FINAL,SSRP|ASIA_HIGH|20250509|1746788100|FINAL,true,MSZZC1|6:XAUUSD|1:5|2:-1|1:4|18:ASIA_HIGH|20250509,,,,,,false,,,REJECT_DUPLICATE_CLUSTER,"Asia session level swept during London/NewYork, closed-bar reclaim within frozen window"
SSR|ASIA_HIGH|20250509|1746788400|FINAL,SSRP|ASIA_HIGH|20250509|1746788400|FINAL,true,MSZZC1|6:XAUUSD|1:5|2:-1|1:4|18:ASIA_HIGH|20250509,,,,,,false,,,REJECT_DUPLICATE_CLUSTER,"Asia session level swept during London/NewYork, closed-bar reclaim within frozen window"
SSR|ASIA_HIGH|20250509|1746791100|FINAL,SSRP|ASIA_HIGH|20250509|1746791100|FINAL,true,MSZZC1|6:XAUUSD|1:5|2:-1|1:4|18:ASIA_HIGH|20250509,,,,,,false,,,REJECT_DUPLICATE_CLUSTER,"Asia session level swept during London/NewYork, closed-bar reclaim within frozen window"
SSR|ASIA_HIGH|20250509|1746792000|FINAL,SSRP|ASIA_HIGH|20250509|1746792000|FINAL,true,MSZZC1|6:XAUUSD|1:5|2:-1|1:4|18:ASIA_HIGH|20250509,,,,,,false,,,REJECT_DUPLICATE_CLUSTER,"Asia session level swept during London/NewYork, closed-bar reclaim within frozen window"
SSR|ASIA_HIGH|20250509|1746792600|FINAL,SSRP|ASIA_HIGH|20250509|1746792600|FINAL,true,MSZZC1|6:XAUUSD|1:5|2:-1|1:4|18:ASIA_HIGH|20250509,,,,,,false,,,REJECT_DUPLICATE_CLUSTER,"Asia session level swept during London/NewYork, closed-bar reclaim within frozen window"
SSR|ASIA_HIGH|20250509|1746792900|FINAL,SSRP|ASIA_HIGH|20250509|1746792900|FINAL,true,MSZZC1|6:XAUUSD|1:5|2:-1|1:4|18:ASIA_HIGH|20250509,,,,,,false,,,REJECT_DUPLICATE_CLUSTER,"Asia session level swept during London/NewYork, closed-bar reclaim within frozen window"
SSR|ASIA_HIGH|20250509|1746796500|FINAL,SSRP|ASIA_HIGH|20250509|1746796500|FINAL,true,MSZZC1|6:XAUUSD|1:5|2:-1|1:4|18:ASIA_HIGH|20250509,,,,,,false,,,REJECT_DUPLICATE_CLUSTER,"Asia session level swept during London/NewYork, closed-bar reclaim within frozen window"
SSR|ASIA_HIGH|20250509|1746796800|FINAL,SSRP|ASIA_HIGH|20250509|1746796800|FINAL,true,MSZZC1|6:XAUUSD|1:5|2:-1|1:4|18:ASIA_HIGH|20250509,,,,,,false,,,REJECT_DUPLICATE_CLUSTER,"Asia session level swept during London/NewYork, closed-bar reclaim within frozen window"
SSR|ASIA_HIGH|20250509|1746800700|FINAL,SSRP|ASIA_HIGH|20250509|1746800700|FINAL,true,MSZZC1|6:XAUUSD|1:5|2:-1|1:4|18:ASIA_HIGH|20250509,,,,,,false,,,REJECT_DUPLICATE_CLUSTER,"Asia session level swept during London/NewYork, closed-bar reclaim within frozen window"
SSR|ASIA_HIGH|20250509|1746809700|FINAL,SSRP|ASIA_HIGH|20250509|1746809700|FINAL,true,MSZZC1|6:XAUUSD|1:5|2:-1|1:4|18:ASIA_HIGH|20250509,,,,,,false,,,REJECT_DUPLICATE_CLUSTER,"Asia session level swept during London/NewYork, closed-bar reclaim within frozen window"
SSR|ASIA_HIGH|20250509|1746810000|FINAL,SSRP|ASIA_HIGH|20250509|1746810000|FINAL,true,MSZZC1|6:XAUUSD|1:5|2:-1|1:4|18:ASIA_HIGH|20250509,,,,,,false,,,REJECT_DUPLICATE_CLUSTER,"Asia session level swept during London/NewYork, closed-bar reclaim within frozen window"
SSR|ASIA_HIGH|20250509|1746810300|FINAL,SSRP|ASIA_HIGH|20250509|1746810300|FINAL,true,MSZZC1|6:XAUUSD|1:5|2:-1|1:4|18:ASIA_HIGH|20250509,,,,,,false,,,REJECT_DUPLICATE_CLUSTER,"Asia session level swept during London/NewYork, closed-bar reclaim within frozen window"
SSR|ASIA_HIGH|20250509|1746829500|FINAL,SSRP|ASIA_HIGH|20250509|1746829500|FINAL,true,MSZZC1|6:XAUUSD|1:5|2:-1|1:4|18:ASIA_HIGH|20250509,,,,,,false,,,REJECT_DUPLICATE_CLUSTER,"Asia session level swept during London/NewYork, closed-bar reclaim within frozen window"
SSR|ASIA_HIGH|20250509|1746830400|FINAL,SSRP|ASIA_HIGH|20250509|1746830400|FINAL,true,MSZZC1|6:XAUUSD|1:5|2:-1|1:4|18:ASIA_HIGH|20250509,,,,,,false,,,REJECT_DUPLICATE_CLUSTER,"Asia session level swept during London/NewYork, closed-bar reclaim within frozen window"
SSR|ASIA_HIGH|20250509|1746830700|FINAL,SSRP|ASIA_HIGH|20250509|1746830700|FINAL,true,MSZZC1|6:XAUUSD|1:5|2:-1|1:4|18:ASIA_HIGH|20250509,,,,,,false,,,REJECT_DUPLICATE_CLUSTER,"Asia session level swept during London/NewYork, closed-bar reclaim within frozen window"
SSR|ASIA_HIGH|20250509|1746834000|FINAL,SSRP|ASIA_HIGH|20250509|1746834000|FINAL,true,MSZZC1|6:XAUUSD|1:5|2:-1|1:4|18:ASIA_HIGH|20250509,,,,,,false,,,REJECT_DUPLICATE_CLUSTER,"Asia session level swept during London/NewYork, closed-bar reclaim within frozen window"
SSR|ASIA_HIGH|20250509|1746834600|FINAL,SSRP|ASIA_HIGH|20250509|1746834600|FINAL,true,MSZZC1|6:XAUUSD|1:5|2:-1|1:4|18:ASIA_HIGH|20250509,,,,,,false,,,REJECT_DUPLICATE_CLUSTER,"Asia session level swept during London/NewYork, closed-bar reclaim within frozen window"
SSR|ASIA_HIGH|20250513|1747125000|FINAL,SSRP|ASIA_HIGH|20250513|1747125000|FINAL,true,MSZZC1|6:XAUUSD|1:5|2:-1|1:4|18:ASIA_HIGH|20250513,MSZZC1|6:XAUUSD|1:5|2:-1|1:4|18:ASIA_HIGH|20250513,116,116,116,117,true,-1.0000,-1.0,EXECUTED,broker-executed
SSR|ASIA_HIGH|20250513|1747125600|FINAL,SSRP|ASIA_HIGH|20250513|1747125600|FINAL,true,MSZZC1|6:XAUUSD|1:5|2:-1|1:4|18:ASIA_HIGH|20250513,,,,,,false,,,REJECT_DUPLICATE_CLUSTER,"Asia session level swept during London/NewYork, closed-bar reclaim within frozen window"
SSR|ASIA_HIGH|20250513|1747126800|FINAL,SSRP|ASIA_HIGH|20250513|1747126800|FINAL,true,MSZZC1|6:XAUUSD|1:5|2:-1|1:4|18:ASIA_HIGH|20250513,,,,,,false,,,REJECT_DUPLICATE_CLUSTER,"Asia session level swept during London/NewYork, closed-bar reclaim within frozen window"
SSR|ASIA_HIGH|20250513|1747127100|FINAL,SSRP|ASIA_HIGH|20250513|1747127100|FINAL,true,MSZZC1|6:XAUUSD|1:5|2:-1|1:4|18:ASIA_HIGH|20250513,,,,,,false,,,REJECT_DUPLICATE_CLUSTER,"Asia session level swept during London/NewYork, closed-bar reclaim within frozen window"
SSR|ASIA_HIGH|20250513|1747127700|FINAL,SSRP|ASIA_HIGH|20250513|1747127700|FINAL,true,MSZZC1|6:XAUUSD|1:5|2:-1|1:4|18:ASIA_HIGH|20250513,,,,,,false,,,REJECT_DUPLICATE_CLUSTER,"Asia session level swept during London/NewYork, closed-bar reclaim within frozen window"
SSR|ASIA_HIGH|20250513|1747135200|FINAL,SSRP|ASIA_HIGH|20250513|1747135200|FINAL,true,MSZZC1|6:XAUUSD|1:5|2:-1|1:4|18:ASIA_HIGH|20250513,,,,,,false,,,REJECT_DUPLICATE_CLUSTER,"Asia session level swept during London/NewYork, closed-bar reclaim within frozen window"
SSR|ASIA_HIGH|20250513|1747138500|FINAL,SSRP|ASIA_HIGH|20250513|1747138500|FINAL,true,MSZZC1|6:XAUUSD|1:5|2:-1|1:4|18:ASIA_HIGH|20250513,,,,,,false,,,REJECT_DUPLICATE_CLUSTER,"Asia session level swept during London/NewYork, closed-bar reclaim within frozen window"
SSR|ASIA_HIGH|20250513|1747138800|FINAL,SSRP|ASIA_HIGH|20250513|1747138800|FINAL,true,MSZZC1|6:XAUUSD|1:5|2:-1|1:4|18:ASIA_HIGH|20250513,,,,,,false,,,REJECT_DUPLICATE_CLUSTER,"Asia session level swept during London/NewYork, closed-bar reclaim within frozen window"
SSR|ASIA_HIGH|20250513|1747139100|FINAL,SSRP|ASIA_HIGH|20250513|1747139100|FINAL,true,MSZZC1|6:XAUUSD|1:5|2:-1|1:4|18:ASIA_HIGH|20250513,,,,,,false,,,REJECT_DUPLICATE_CLUSTER,"Asia session level swept during London/NewYork, closed-bar reclaim within frozen window"
SSR|ASIA_HIGH|20250513|1747140600|FINAL,SSRP|ASIA_HIGH|20250513|1747140600|FINAL,true,MSZZC1|6:XAUUSD|1:5|2:-1|1:4|18:ASIA_HIGH|20250513,,,,,,false,,,REJECT_DUPLICATE_CLUSTER,"Asia session level swept during London/NewYork, closed-bar reclaim within frozen window"
SSR|ASIA_HIGH|20250513|1747141500|FINAL,SSRP|ASIA_HIGH|20250513|1747141500|FINAL,true,MSZZC1|6:XAUUSD|1:5|2:-1|1:4|18:ASIA_HIGH|20250513,,,,,,false,,,REJECT_DUPLICATE_CLUSTER,"Asia session level swept during London/NewYork, closed-bar reclaim within frozen window"
SSR|ASIA_HIGH|20250513|1747142700|FINAL,SSRP|ASIA_HIGH|20250513|1747142700|FINAL,true,MSZZC1|6:XAUUSD|1:5|2:-1|1:4|18:ASIA_HIGH|20250513,,,,,,false,,,REJECT_DUPLICATE_CLUSTER,"Asia session level swept during London/NewYork, closed-bar reclaim within frozen window"
SSR|ASIA_HIGH|20250513|1747143000|FINAL,SSRP|ASIA_HIGH|20250513|1747143000|FINAL,true,MSZZC1|6:XAUUSD|1:5|2:-1|1:4|18:ASIA_HIGH|20250513,,,,,,false,,,REJECT_DUPLICATE_CLUSTER,"Asia session level swept during London/NewYork, closed-bar reclaim within frozen window"
SSR|ASIA_HIGH|20250513|1747143300|FINAL,SSRP|ASIA_HIGH|20250513|1747143300|FINAL,true,MSZZC1|6:XAUUSD|1:5|2:-1|1:4|18:ASIA_HIGH|20250513,,,,,,false,,,REJECT_DUPLICATE_CLUSTER,"Asia session level swept during London/NewYork, closed-bar reclaim within frozen window"
SSR|ASIA_HIGH|20250513|1747144500|FINAL,SSRP|ASIA_HIGH|20250513|1747144500|FINAL,true,MSZZC1|6:XAUUSD|1:5|2:-1|1:4|18:ASIA_HIGH|20250513,,,,,,false,,,REJECT_DUPLICATE_CLUSTER,"Asia session level swept during London/NewYork, closed-bar reclaim within frozen window"
SSR|ASIA_HIGH|20250513|1747144800|FINAL,SSRP|ASIA_HIGH|20250513|1747144800|FINAL,true,MSZZC1|6:XAUUSD|1:5|2:-1|1:4|18:ASIA_HIGH|20250513,,,,,,false,,,REJECT_DUPLICATE_CLUSTER,"Asia session level swept during London/NewYork, closed-bar reclaim within frozen window"
SSR|ASIA_HIGH|20250513|1747147200|FINAL,SSRP|ASIA_HIGH|20250513|1747147200|FINAL,true,MSZZC1|6:XAUUSD|1:5|2:-1|1:4|18:ASIA_HIGH|20250513,,,,,,false,,,REJECT_DUPLICATE_CLUSTER,"Asia session level swept during London/NewYork, closed-bar reclaim within frozen window"
SSR|ASIA_HIGH|20250513|1747147500|FINAL,SSRP|ASIA_HIGH|20250513|1747147500|FINAL,true,MSZZC1|6:XAUUSD|1:5|2:-1|1:4|18:ASIA_HIGH|20250513,,,,,,false,,,REJECT_DUPLICATE_CLUSTER,"Asia session level swept during London/NewYork, closed-bar reclaim within frozen window"
SSR|ASIA_HIGH|20250513|1747147800|FINAL,SSRP|ASIA_HIGH|20250513|1747147800|FINAL,true,MSZZC1|6:XAUUSD|1:5|2:-1|1:4|18:ASIA_HIGH|20250513,,,,,,false,,,REJECT_DUPLICATE_CLUSTER,"Asia session level swept during London/NewYork, closed-bar reclaim within frozen window"
SSR|ASIA_HIGH|20250513|1747164000|FINAL,SSRP|ASIA_HIGH|20250513|1747164000|FINAL,true,MSZZC1|6:XAUUSD|1:5|2:-1|1:4|18:ASIA_HIGH|20250513,,,,,,false,,,REJECT_DUPLICATE_CLUSTER,"Asia session level swept during London/NewYork, closed-bar reclaim within frozen window"
SSR|ASIA_HIGH|20250513|1747164900|FINAL,SSRP|ASIA_HIGH|20250513|1747164900|FINAL,true,MSZZC1|6:XAUUSD|1:5|2:-1|1:4|18:ASIA_HIGH|20250513,,,,,,false,,,REJECT_DUPLICATE_CLUSTER,"Asia session level swept during London/NewYork, closed-bar reclaim within frozen window"
SSR|ASIA_HIGH|20250513|1747178700|FINAL,SSRP|ASIA_HIGH|20250513|1747178700|FINAL,true,MSZZC1|6:XAUUSD|1:5|2:-1|1:4|18:ASIA_HIGH|20250513,,,,,,false,,,REJECT_DUPLICATE_CLUSTER,"Asia session level swept during London/NewYork, closed-bar reclaim within frozen window"
SSR|ASIA_HIGH|20250513|1747179300|FINAL,SSRP|ASIA_HIGH|20250513|1747179300|FINAL,true,MSZZC1|6:XAUUSD|1:5|2:-1|1:4|18:ASIA_HIGH|20250513,,,,,,false,,,REJECT_DUPLICATE_CLUSTER,"Asia session level swept during London/NewYork, closed-bar reclaim within frozen window"
SSR|ASIA_HIGH|20250513|1747179900|FINAL,SSRP|ASIA_HIGH|20250513|1747179900|FINAL,true,MSZZC1|6:XAUUSD|1:5|2:-1|1:4|18:ASIA_HIGH|20250513,,,,,,false,,,REJECT_DUPLICATE_CLUSTER,"Asia session level swept during London/NewYork, closed-bar reclaim within frozen window"
SSR|ASIA_LOW|20250514|1747209600|FINAL,SSRP|ASIA_LOW|20250514|1747209600|FINAL,true,MSZZC1|6:XAUUSD|1:5|1:1|1:4|17:ASIA_LOW|20250514,MSZZC1|6:XAUUSD|1:5|1:1|1:4|17:ASIA_LOW|20250514,118,118,118,119,true,2.0000,1.9999999999999145,EXECUTED,broker-executed
SSR|ASIA_LOW|20250514|1747211400|FINAL,SSRP|ASIA_LOW|20250514|1747211400|FINAL,true,MSZZC1|6:XAUUSD|1:5|1:1|1:4|17:ASIA_LOW|20250514,,,,,,false,,,REJECT_DUPLICATE_CLUSTER,"Asia session level swept during London/NewYork, closed-bar reclaim within frozen window"
SSR|ASIA_LOW|20250515|1747297800|FINAL,SSRP|ASIA_LOW|20250515|1747297800|FINAL,true,MSZZC1|6:XAUUSD|1:5|1:1|1:4|17:ASIA_LOW|20250515,MSZZC1|6:XAUUSD|1:5|1:1|1:4|17:ASIA_LOW|20250515,120,120,120,121,true,-1.0000,-1.0000000000002445,EXECUTED,broker-executed
SSR|ASIA_LOW|20250515|1747300500|FINAL,SSRP|ASIA_LOW|20250515|1747300500|FINAL,true,MSZZC1|6:XAUUSD|1:5|1:1|1:4|17:ASIA_LOW|20250515,,,,,,false,,,REJECT_DUPLICATE_CLUSTER,"Asia session level swept during London/NewYork, closed-bar reclaim within frozen window"
SSR|ASIA_LOW|20250515|1747305600|FINAL,SSRP|ASIA_LOW|20250515|1747305600|FINAL,true,MSZZC1|6:XAUUSD|1:5|1:1|1:4|17:ASIA_LOW|20250515,,,,,,false,,,REJECT_DUPLICATE_CLUSTER,"Asia session level swept during London/NewYork, closed-bar reclaim within frozen window"
SSR|ASIA_LOW|20250515|1747305900|FINAL,SSRP|ASIA_LOW|20250515|1747305900|FINAL,true,MSZZC1|6:XAUUSD|1:5|1:1|1:4|17:ASIA_LOW|20250515,,,,,,false,,,REJECT_DUPLICATE_CLUSTER,"Asia session level swept during London/NewYork, closed-bar reclaim within frozen window"
SSR|ASIA_HIGH|20250515|1747326000|FINAL,SSRP|ASIA_HIGH|20250515|1747326000|FINAL,true,MSZZC1|6:XAUUSD|1:5|2:-1|1:4|18:ASIA_HIGH|20250515,MSZZC1|6:XAUUSD|1:5|2:-1|1:4|18:ASIA_HIGH|20250515,122,122,122,123,true,-1.0000,-1.0,EXECUTED,broker-executed
SSR|ASIA_HIGH|20250515|1747326300|FINAL,SSRP|ASIA_HIGH|20250515|1747326300|FINAL,true,MSZZC1|6:XAUUSD|1:5|2:-1|1:4|18:ASIA_HIGH|20250515,,,,,,false,,,REJECT_DUPLICATE_CLUSTER,"Asia session level swept during London/NewYork, closed-bar reclaim within frozen window"
SSR|ASIA_HIGH|20250515|1747326900|FINAL,SSRP|ASIA_HIGH|20250515|1747326900|FINAL,true,MSZZC1|6:XAUUSD|1:5|2:-1|1:4|18:ASIA_HIGH|20250515,,,,,,false,,,REJECT_DUPLICATE_CLUSTER,"Asia session level swept during London/NewYork, closed-bar reclaim within frozen window"
SSR|ASIA_HIGH|20250515|1747327200|FINAL,SSRP|ASIA_HIGH|20250515|1747327200|FINAL,true,MSZZC1|6:XAUUSD|1:5|2:-1|1:4|18:ASIA_HIGH|20250515,,,,,,false,,,REJECT_DUPLICATE_CLUSTER,"Asia session level swept during London/NewYork, closed-bar reclaim within frozen window"
SSR|ASIA_HIGH|20250515|1747327800|FINAL,SSRP|ASIA_HIGH|20250515|1747327800|FINAL,true,MSZZC1|6:XAUUSD|1:5|2:-1|1:4|18:ASIA_HIGH|20250515,,,,,,false,,,REJECT_DUPLICATE_CLUSTER,"Asia session level swept during London/NewYork, closed-bar reclaim within frozen window"
SSR|ASIA_HIGH|20250515|1747328100|FINAL,SSRP|ASIA_HIGH|20250515|1747328100|FINAL,true,MSZZC1|6:XAUUSD|1:5|2:-1|1:4|18:ASIA_HIGH|20250515,,,,,,false,,,REJECT_DUPLICATE_CLUSTER,"Asia session level swept during London/NewYork, closed-bar reclaim within frozen window"
SSR|ASIA_LOW|20250516|1747390800|FINAL,SSRP|ASIA_LOW|20250516|1747390800|FINAL,true,MSZZC1|6:XAUUSD|1:5|1:1|1:4|17:ASIA_LOW|20250516,MSZZC1|6:XAUUSD|1:5|1:1|1:4|17:ASIA_LOW|20250516,124,124,124,125,true,-1.0000,-1.0,EXECUTED,broker-executed
SSR|ASIA_LOW|20250516|1747394400|FINAL,SSRP|ASIA_LOW|20250516|1747394400|FINAL,true,MSZZC1|6:XAUUSD|1:5|1:1|1:4|17:ASIA_LOW|20250516,,,,,,false,,,REJECT_DUPLICATE_CLUSTER,"Asia session level swept during London/NewYork, closed-bar reclaim within frozen window"
SSR|ASIA_LOW|20250516|1747395300|FINAL,SSRP|ASIA_LOW|20250516|1747395300|FINAL,true,MSZZC1|6:XAUUSD|1:5|1:1|1:4|17:ASIA_LOW|20250516,,,,,,false,,,REJECT_DUPLICATE_CLUSTER,"Asia session level swept during London/NewYork, closed-bar reclaim within frozen window"
SSR|ASIA_LOW|20250516|1747396200|FINAL,SSRP|ASIA_LOW|20250516|1747396200|FINAL,true,MSZZC1|6:XAUUSD|1:5|1:1|1:4|17:ASIA_LOW|20250516,,,,,,false,,,REJECT_DUPLICATE_CLUSTER,"Asia session level swept during London/NewYork, closed-bar reclaim within frozen window"
SSR|ASIA_LOW|20250516|1747396800|FINAL,SSRP|ASIA_LOW|20250516|1747396800|FINAL,true,MSZZC1|6:XAUUSD|1:5|1:1|1:4|17:ASIA_LOW|20250516,,,,,,false,,,REJECT_DUPLICATE_CLUSTER,"Asia session level swept during London/NewYork, closed-bar reclaim within frozen window"
SSR|ASIA_LOW|20250516|1747398000|FINAL,SSRP|ASIA_LOW|20250516|1747398000|FINAL,true,MSZZC1|6:XAUUSD|1:5|1:1|1:4|17:ASIA_LOW|20250516,,,,,,false,,,REJECT_DUPLICATE_CLUSTER,"Asia session level swept during London/NewYork, closed-bar reclaim within frozen window"
SSR|ASIA_HIGH|20250520|1747742100|FINAL,SSRP|ASIA_HIGH|20250520|1747742100|FINAL,true,MSZZC1|6:XAUUSD|1:5|2:-1|1:4|18:ASIA_HIGH|20250520,MSZZC1|6:XAUUSD|1:5|2:-1|1:4|18:ASIA_HIGH|20250520,126,126,126,127,true,-1.0000,-1.0,EXECUTED,broker-executed
SSR|ASIA_HIGH|20250521|1747817400|FINAL,SSRP|ASIA_HIGH|20250521|1747817400|FINAL,true,MSZZC1|6:XAUUSD|1:5|2:-1|1:4|18:ASIA_HIGH|20250521,MSZZC1|6:XAUUSD|1:5|2:-1|1:4|18:ASIA_HIGH|20250521,128,128,128,129,true,-1.0000,-1.0,EXECUTED,broker-executed
SSR|ASIA_HIGH|20250521|1747818000|FINAL,SSRP|ASIA_HIGH|20250521|1747818000|FINAL,true,MSZZC1|6:XAUUSD|1:5|2:-1|1:4|18:ASIA_HIGH|20250521,,,,,,false,,,REJECT_DUPLICATE_CLUSTER,"Asia session level swept during London/NewYork, closed-bar reclaim within frozen window"
SSR|ASIA_HIGH|20250521|1747821300|FINAL,SSRP|ASIA_HIGH|20250521|1747821300|FINAL,true,MSZZC1|6:XAUUSD|1:5|2:-1|1:4|18:ASIA_HIGH|20250521,,,,,,false,,,REJECT_DUPLICATE_CLUSTER,"Asia session level swept during London/NewYork, closed-bar reclaim within frozen window"
SSR|ASIA_HIGH|20250521|1747821900|FINAL,SSRP|ASIA_HIGH|20250521|1747821900|FINAL,true,MSZZC1|6:XAUUSD|1:5|2:-1|1:4|18:ASIA_HIGH|20250521,,,,,,false,,,REJECT_DUPLICATE_CLUSTER,"Asia session level swept during London/NewYork, closed-bar reclaim within frozen window"
SSR|ASIA_HIGH|20250521|1747824000|FINAL,SSRP|ASIA_HIGH|20250521|1747824000|FINAL,true,MSZZC1|6:XAUUSD|1:5|2:-1|1:4|18:ASIA_HIGH|20250521,,,,,,false,,,REJECT_DUPLICATE_CLUSTER,"Asia session level swept during London/NewYork, closed-bar reclaim within frozen window"
SSR|ASIA_HIGH|20250521|1747834500|FINAL,SSRP|ASIA_HIGH|20250521|1747834500|FINAL,true,MSZZC1|6:XAUUSD|1:5|2:-1|1:4|18:ASIA_HIGH|20250521,,,,,,false,,,REJECT_DUPLICATE_CLUSTER,"Asia session level swept during London/NewYork, closed-bar reclaim within frozen window"
SSR|ASIA_HIGH|20250521|1747834800|FINAL,SSRP|ASIA_HIGH|20250521|1747834800|FINAL,true,MSZZC1|6:XAUUSD|1:5|2:-1|1:4|18:ASIA_HIGH|20250521,,,,,,false,,,REJECT_DUPLICATE_CLUSTER,"Asia session level swept during London/NewYork, closed-bar reclaim within frozen window"
SSR|ASIA_HIGH|20250521|1747836000|FINAL,SSRP|ASIA_HIGH|20250521|1747836000|FINAL,true,MSZZC1|6:XAUUSD|1:5|2:-1|1:4|18:ASIA_HIGH|20250521,,,,,,false,,,REJECT_DUPLICATE_CLUSTER,"Asia session level swept during London/NewYork, closed-bar reclaim within frozen window"
SSR|ASIA_HIGH|20250521|1747836300|FINAL,SSRP|ASIA_HIGH|20250521|1747836300|FINAL,true,MSZZC1|6:XAUUSD|1:5|2:-1|1:4|18:ASIA_HIGH|20250521,,,,,,false,,,REJECT_DUPLICATE_CLUSTER,"Asia session level swept during London/NewYork, closed-bar reclaim within frozen window"
SSR|ASIA_HIGH|20250521|1747858800|FINAL,SSRP|ASIA_HIGH|20250521|1747858800|FINAL,true,MSZZC1|6:XAUUSD|1:5|2:-1|1:4|18:ASIA_HIGH|20250521,,,,,,false,,,REJECT_DUPLICATE_CLUSTER,"Asia session level swept during London/NewYork, closed-bar reclaim within frozen window"
SSR|ASIA_HIGH|20250521|1747860900|FINAL,SSRP|ASIA_HIGH|20250521|1747860900|FINAL,true,MSZZC1|6:XAUUSD|1:5|2:-1|1:4|18:ASIA_HIGH|20250521,,,,,,false,,,REJECT_DUPLICATE_CLUSTER,"Asia session level swept during London/NewYork, closed-bar reclaim within frozen window"
SSR|ASIA_HIGH|20250521|1747861200|FINAL,SSRP|ASIA_HIGH|20250521|1747861200|FINAL,true,MSZZC1|6:XAUUSD|1:5|2:-1|1:4|18:ASIA_HIGH|20250521,,,,,,false,,,REJECT_DUPLICATE_CLUSTER,"Asia session level swept during London/NewYork, closed-bar reclaim within frozen window"
SSR|ASIA_HIGH|20250521|1747863000|FINAL,SSRP|ASIA_HIGH|20250521|1747863000|FINAL,true,MSZZC1|6:XAUUSD|1:5|2:-1|1:4|18:ASIA_HIGH|20250521,,,,,,false,,,REJECT_DUPLICATE_CLUSTER,"Asia session level swept during London/NewYork, closed-bar reclaim within frozen window"
SSR|ASIA_HIGH|20250521|1747864200|FINAL,SSRP|ASIA_HIGH|20250521|1747864200|FINAL,true,MSZZC1|6:XAUUSD|1:5|2:-1|1:4|18:ASIA_HIGH|20250521,,,,,,false,,,REJECT_DUPLICATE_CLUSTER,"Asia session level swept during London/NewYork, closed-bar reclaim within frozen window"
SSR|ASIA_HIGH|20250521|1747870200|FINAL,SSRP|ASIA_HIGH|20250521|1747870200|FINAL,true,MSZZC1|6:XAUUSD|1:5|2:-1|1:4|18:ASIA_HIGH|20250521,,,,,,false,,,REJECT_DUPLICATE_CLUSTER,"Asia session level swept during London/NewYork, closed-bar reclaim within frozen window"
SSR|ASIA_LOW|20250522|1747913400|FINAL,SSRP|ASIA_LOW|20250522|1747913400|FINAL,true,MSZZC1|6:XAUUSD|1:5|1:1|1:4|17:ASIA_LOW|20250522,MSZZC1|6:XAUUSD|1:5|1:1|1:4|17:ASIA_LOW|20250522,130,130,130,131,true,-1.0000,-1.0,EXECUTED,broker-executed
SSR|ASIA_LOW|20250522|1747913700|FINAL,SSRP|ASIA_LOW|20250522|1747913700|FINAL,true,MSZZC1|6:XAUUSD|1:5|1:1|1:4|17:ASIA_LOW|20250522,,,,,,false,,,REJECT_DUPLICATE_CLUSTER,"Asia session level swept during London/NewYork, closed-bar reclaim within frozen window"
SSR|ASIA_LOW|20250526|1748264400|FINAL,SSRP|ASIA_LOW|20250526|1748264400|FINAL,true,MSZZC1|6:XAUUSD|1:5|1:1|1:4|17:ASIA_LOW|20250526,MSZZC1|6:XAUUSD|1:5|1:1|1:4|17:ASIA_LOW|20250526,132,132,132,133,true,-1.0000,-0.9999999999998807,EXECUTED,broker-executed
SSR|ASIA_LOW|20250526|1748264700|FINAL,SSRP|ASIA_LOW|20250526|1748264700|FINAL,true,MSZZC1|6:XAUUSD|1:5|1:1|1:4|17:ASIA_LOW|20250526,,,,,,false,,,REJECT_DUPLICATE_CLUSTER,"Asia session level swept during London/NewYork, closed-bar reclaim within frozen window"
SSR|ASIA_LOW|20250526|1748267100|FINAL,SSRP|ASIA_LOW|20250526|1748267100|FINAL,true,MSZZC1|6:XAUUSD|1:5|1:1|1:4|17:ASIA_LOW|20250526,,,,,,false,,,REJECT_DUPLICATE_CLUSTER,"Asia session level swept during London/NewYork, closed-bar reclaim within frozen window"
SSR|ASIA_LOW|20250526|1748268600|FINAL,SSRP|ASIA_LOW|20250526|1748268600|FINAL,true,MSZZC1|6:XAUUSD|1:5|1:1|1:4|17:ASIA_LOW|20250526,,,,,,false,,,REJECT_DUPLICATE_CLUSTER,"Asia session level swept during London/NewYork, closed-bar reclaim within frozen window"
SSR|ASIA_LOW|20250526|1748270400|FINAL,SSRP|ASIA_LOW|20250526|1748270400|FINAL,true,MSZZC1|6:XAUUSD|1:5|1:1|1:4|17:ASIA_LOW|20250526,,,,,,false,,,REJECT_DUPLICATE_CLUSTER,"Asia session level swept during London/NewYork, closed-bar reclaim within frozen window"
SSR|ASIA_LOW|20250526|1748270700|FINAL,SSRP|ASIA_LOW|20250526|1748270700|FINAL,true,MSZZC1|6:XAUUSD|1:5|1:1|1:4|17:ASIA_LOW|20250526,,,,,,false,,,REJECT_DUPLICATE_CLUSTER,"Asia session level swept during London/NewYork, closed-bar reclaim within frozen window"
SSR|ASIA_LOW|20250526|1748273400|FINAL,SSRP|ASIA_LOW|20250526|1748273400|FINAL,true,MSZZC1|6:XAUUSD|1:5|1:1|1:4|17:ASIA_LOW|20250526,,,,,,false,,,REJECT_DUPLICATE_CLUSTER,"Asia session level swept during London/NewYork, closed-bar reclaim within frozen window"
SSR|ASIA_LOW|20250526|1748273700|FINAL,SSRP|ASIA_LOW|20250526|1748273700|FINAL,true,MSZZC1|6:XAUUSD|1:5|1:1|1:4|17:ASIA_LOW|20250526,,,,,,false,,,REJECT_DUPLICATE_CLUSTER,"Asia session level swept during London/NewYork, closed-bar reclaim within frozen window"
SSR|ASIA_LOW|20250526|1748274000|FINAL,SSRP|ASIA_LOW|20250526|1748274000|FINAL,true,MSZZC1|6:XAUUSD|1:5|1:1|1:4|17:ASIA_LOW|20250526,,,,,,false,,,REJECT_DUPLICATE_CLUSTER,"Asia session level swept during London/NewYork, closed-bar reclaim within frozen window"
SSR|ASIA_HIGH|20250528|1748439000|FINAL,SSRP|ASIA_HIGH|20250528|1748439000|FINAL,true,MSZZC1|6:XAUUSD|1:5|2:-1|1:4|18:ASIA_HIGH|20250528,MSZZC1|6:XAUUSD|1:5|2:-1|1:4|18:ASIA_HIGH|20250528,134,134,134,135,true,1.9984,1.9983552631578587,EXECUTED,broker-executed
SSR|ASIA_HIGH|20250528|1748448000|FINAL,SSRP|ASIA_HIGH|20250528|1748448000|FINAL,true,MSZZC1|6:XAUUSD|1:5|2:-1|1:4|18:ASIA_HIGH|20250528,,,,,,false,,,REJECT_DUPLICATE_CLUSTER,"Asia session level swept during London/NewYork, closed-bar reclaim within frozen window"
SSR|ASIA_LOW|20250528|1748460900|FINAL,SSRP|ASIA_LOW|20250528|1748460900|FINAL,true,MSZZC1|6:XAUUSD|1:5|1:1|1:4|17:ASIA_LOW|20250528,MSZZC1|6:XAUUSD|1:5|1:1|1:4|17:ASIA_LOW|20250528,136,136,136,137,true,-1.0000,-1.0,EXECUTED,broker-executed
SSR|ASIA_LOW|20250528|1748461200|FINAL,SSRP|ASIA_LOW|20250528|1748461200|FINAL,true,MSZZC1|6:XAUUSD|1:5|1:1|1:4|17:ASIA_LOW|20250528,,,,,,false,,,REJECT_DUPLICATE_CLUSTER,"Asia session level swept during London/NewYork, closed-bar reclaim within frozen window"
SSR|ASIA_LOW|20250528|1748461800|FINAL,SSRP|ASIA_LOW|20250528|1748461800|FINAL,true,MSZZC1|6:XAUUSD|1:5|1:1|1:4|17:ASIA_LOW|20250528,,,,,,false,,,REJECT_DUPLICATE_CLUSTER,"Asia session level swept during London/NewYork, closed-bar reclaim within frozen window"
SSR|ASIA_LOW|20250530|1748592300|FINAL,SSRP|ASIA_LOW|20250530|1748592300|FINAL,true,MSZZC1|6:XAUUSD|1:5|1:1|1:4|17:ASIA_LOW|20250530,MSZZC1|6:XAUUSD|1:5|1:1|1:4|17:ASIA_LOW|20250530,138,138,138,139,true,2.0000,2.0000000000001887,EXECUTED,broker-executed
SSR|ASIA_LOW|20250530|1748592600|FINAL,SSRP|ASIA_LOW|20250530|1748592600|FINAL,true,MSZZC1|6:XAUUSD|1:5|1:1|1:4|17:ASIA_LOW|20250530,,,,,,false,,,REJECT_DUPLICATE_CLUSTER,"Asia session level swept during London/NewYork, closed-bar reclaim within frozen window"
SSR|ASIA_LOW|20250530|1748597100|FINAL,SSRP|ASIA_LOW|20250530|1748597100|FINAL,true,MSZZC1|6:XAUUSD|1:5|1:1|1:4|17:ASIA_LOW|20250530,,,,,,false,,,REJECT_DUPLICATE_CLUSTER,"Asia session level swept during London/NewYork, closed-bar reclaim within frozen window"
SSR|ASIA_LOW|20250530|1748599800|FINAL,SSRP|ASIA_LOW|20250530|1748599800|FINAL,true,MSZZC1|6:XAUUSD|1:5|1:1|1:4|17:ASIA_LOW|20250530,,,,,,false,,,REJECT_DUPLICATE_CLUSTER,"Asia session level swept during London/NewYork, closed-bar reclaim within frozen window"
SSR|ASIA_LOW|20250530|1748600100|FINAL,SSRP|ASIA_LOW|20250530|1748600100|FINAL,true,MSZZC1|6:XAUUSD|1:5|1:1|1:4|17:ASIA_LOW|20250530,,,,,,false,,,REJECT_DUPLICATE_CLUSTER,"Asia session level swept during London/NewYork, closed-bar reclaim within frozen window"
SSR|ASIA_LOW|20250530|1748614800|FINAL,SSRP|ASIA_LOW|20250530|1748614800|FINAL,true,MSZZC1|6:XAUUSD|1:5|1:1|1:4|17:ASIA_LOW|20250530,,,,,,false,,,REJECT_DUPLICATE_CLUSTER,"Asia session level swept during London/NewYork, closed-bar reclaim within frozen window"
SSR|ASIA_LOW|20250530|1748616300|FINAL,SSRP|ASIA_LOW|20250530|1748616300|FINAL,true,MSZZC1|6:XAUUSD|1:5|1:1|1:4|17:ASIA_LOW|20250530,,,,,,false,,,REJECT_DUPLICATE_CLUSTER,"Asia session level swept during London/NewYork, closed-bar reclaim within frozen window"
SSR|ASIA_LOW|20250530|1748616600|FINAL,SSRP|ASIA_LOW|20250530|1748616600|FINAL,true,MSZZC1|6:XAUUSD|1:5|1:1|1:4|17:ASIA_LOW|20250530,,,,,,false,,,REJECT_DUPLICATE_CLUSTER,"Asia session level swept during London/NewYork, closed-bar reclaim within frozen window"
SSR|ASIA_LOW|20250530|1748617500|FINAL,SSRP|ASIA_LOW|20250530|1748617500|FINAL,true,MSZZC1|6:XAUUSD|1:5|1:1|1:4|17:ASIA_LOW|20250530,,,,,,false,,,REJECT_DUPLICATE_CLUSTER,"Asia session level swept during London/NewYork, closed-bar reclaim within frozen window"
SSR|ASIA_LOW|20250530|1748617800|FINAL,SSRP|ASIA_LOW|20250530|1748617800|FINAL,true,MSZZC1|6:XAUUSD|1:5|1:1|1:4|17:ASIA_LOW|20250530,,,,,,false,,,REJECT_DUPLICATE_CLUSTER,"Asia session level swept during London/NewYork, closed-bar reclaim within frozen window"
SSR|ASIA_LOW|20250530|1748634300|FINAL,SSRP|ASIA_LOW|20250530|1748634300|FINAL,true,MSZZC1|6:XAUUSD|1:5|1:1|1:4|17:ASIA_LOW|20250530,,,,,,false,,,REJECT_DUPLICATE_CLUSTER,"Asia session level swept during London/NewYork, closed-bar reclaim within frozen window"
SSR|ASIA_LOW|20250530|1748634600|FINAL,SSRP|ASIA_LOW|20250530|1748634600|FINAL,true,MSZZC1|6:XAUUSD|1:5|1:1|1:4|17:ASIA_LOW|20250530,,,,,,false,,,REJECT_DUPLICATE_CLUSTER,"Asia session level swept during London/NewYork, closed-bar reclaim within frozen window"
SSR|ASIA_LOW|20250530|1748636700|FINAL,SSRP|ASIA_LOW|20250530|1748636700|FINAL,true,MSZZC1|6:XAUUSD|1:5|1:1|1:4|17:ASIA_LOW|20250530,,,,,,false,,,REJECT_DUPLICATE_CLUSTER,"Asia session level swept during London/NewYork, closed-bar reclaim within frozen window"
SSR|ASIA_LOW|20250530|1748637000|FINAL,SSRP|ASIA_LOW|20250530|1748637000|FINAL,true,MSZZC1|6:XAUUSD|1:5|1:1|1:4|17:ASIA_LOW|20250530,,,,,,false,,,REJECT_DUPLICATE_CLUSTER,"Asia session level swept during London/NewYork, closed-bar reclaim within frozen window"
SSR|ASIA_LOW|20250530|1748647500|FINAL,SSRP|ASIA_LOW|20250530|1748647500|FINAL,true,MSZZC1|6:XAUUSD|1:5|1:1|1:4|17:ASIA_LOW|20250530,,,,,,false,,,REJECT_DUPLICATE_CLUSTER,"Asia session level swept during London/NewYork, closed-bar reclaim within frozen window"
SSR|ASIA_LOW|20250530|1748648400|FINAL,SSRP|ASIA_LOW|20250530|1748648400|FINAL,true,MSZZC1|6:XAUUSD|1:5|1:1|1:4|17:ASIA_LOW|20250530,,,,,,false,,,REJECT_DUPLICATE_CLUSTER,"Asia session level swept during London/NewYork, closed-bar reclaim within frozen window"
SSR|ASIA_HIGH|20250602|1748851800|FINAL,SSRP|ASIA_HIGH|20250602|1748851800|FINAL,true,MSZZC1|6:XAUUSD|1:5|2:-1|1:4|18:ASIA_HIGH|20250602,MSZZC1|6:XAUUSD|1:5|2:-1|1:4|18:ASIA_HIGH|20250602,140,140,140,141,true,-1.0000,-1.0,EXECUTED,broker-executed
SSR|ASIA_HIGH|20250602|1748852100|FINAL,SSRP|ASIA_HIGH|20250602|1748852100|FINAL,true,MSZZC1|6:XAUUSD|1:5|2:-1|1:4|18:ASIA_HIGH|20250602,,,,,,false,,,REJECT_DUPLICATE_CLUSTER,"Asia session level swept during London/NewYork, closed-bar reclaim within frozen window"
SSR|ASIA_LOW|20250603|1748939400|FINAL,SSRP|ASIA_LOW|20250603|1748939400|FINAL,true,MSZZC1|6:XAUUSD|1:5|1:1|1:4|17:ASIA_LOW|20250603,MSZZC1|6:XAUUSD|1:5|1:1|1:4|17:ASIA_LOW|20250603,142,142,142,143,true,2.0028,2.0028169014086403,EXECUTED,broker-executed
SSR|ASIA_LOW|20250603|1748939700|FINAL,SSRP|ASIA_LOW|20250603|1748939700|FINAL,true,MSZZC1|6:XAUUSD|1:5|1:1|1:4|17:ASIA_LOW|20250603,,,,,,false,,,REJECT_DUPLICATE_CLUSTER,"Asia session level swept during London/NewYork, closed-bar reclaim within frozen window"
SSR|ASIA_LOW|20250603|1748946900|FINAL,SSRP|ASIA_LOW|20250603|1748946900|FINAL,true,MSZZC1|6:XAUUSD|1:5|1:1|1:4|17:ASIA_LOW|20250603,,,,,,false,,,REJECT_DUPLICATE_CLUSTER,"Asia session level swept during London/NewYork, closed-bar reclaim within frozen window"
SSR|ASIA_LOW|20250603|1748948100|FINAL,SSRP|ASIA_LOW|20250603|1748948100|FINAL,true,MSZZC1|6:XAUUSD|1:5|1:1|1:4|17:ASIA_LOW|20250603,,,,,,false,,,REJECT_DUPLICATE_CLUSTER,"Asia session level swept during London/NewYork, closed-bar reclaim within frozen window"
SSR|ASIA_LOW|20250603|1748952600|FINAL,SSRP|ASIA_LOW|20250603|1748952600|FINAL,true,MSZZC1|6:XAUUSD|1:5|1:1|1:4|17:ASIA_LOW|20250603,,,,,,false,,,REJECT_DUPLICATE_CLUSTER,"Asia session level swept during London/NewYork, closed-bar reclaim within frozen window"
SSR|ASIA_LOW|20250603|1748953200|FINAL,SSRP|ASIA_LOW|20250603|1748953200|FINAL,true,MSZZC1|6:XAUUSD|1:5|1:1|1:4|17:ASIA_LOW|20250603,,,,,,false,,,REJECT_DUPLICATE_CLUSTER,"Asia session level swept during London/NewYork, closed-bar reclaim within frozen window"
SSR|ASIA_LOW|20250603|1748961600|FINAL,SSRP|ASIA_LOW|20250603|1748961600|FINAL,true,MSZZC1|6:XAUUSD|1:5|1:1|1:4|17:ASIA_LOW|20250603,,,,,,false,,,REJECT_DUPLICATE_CLUSTER,"Asia session level swept during London/NewYork, closed-bar reclaim within frozen window"
SSR|ASIA_LOW|20250603|1748964600|FINAL,SSRP|ASIA_LOW|20250603|1748964600|FINAL,true,MSZZC1|6:XAUUSD|1:5|1:1|1:4|17:ASIA_LOW|20250603,,,,,,false,,,REJECT_DUPLICATE_CLUSTER,"Asia session level swept during London/NewYork, closed-bar reclaim within frozen window"
SSR|ASIA_LOW|20250603|1748965200|FINAL,SSRP|ASIA_LOW|20250603|1748965200|FINAL,true,MSZZC1|6:XAUUSD|1:5|1:1|1:4|17:ASIA_LOW|20250603,,,,,,false,,,REJECT_DUPLICATE_CLUSTER,"Asia session level swept during London/NewYork, closed-bar reclaim within frozen window"
SSR|ASIA_LOW|20250603|1748965800|FINAL,SSRP|ASIA_LOW|20250603|1748965800|FINAL,true,MSZZC1|6:XAUUSD|1:5|1:1|1:4|17:ASIA_LOW|20250603,,,,,,false,,,REJECT_DUPLICATE_CLUSTER,"Asia session level swept during London/NewYork, closed-bar reclaim within frozen window"
SSR|ASIA_LOW|20250603|1748966400|FINAL,SSRP|ASIA_LOW|20250603|1748966400|FINAL,true,MSZZC1|6:XAUUSD|1:5|1:1|1:4|17:ASIA_LOW|20250603,,,,,,false,,,REJECT_DUPLICATE_CLUSTER,"Asia session level swept during London/NewYork, closed-bar reclaim within frozen window"
SSR|ASIA_LOW|20250604|1749047100|FINAL,SSRP|ASIA_LOW|20250604|1749047100|FINAL,true,MSZZC1|6:XAUUSD|1:5|1:1|1:4|17:ASIA_LOW|20250604,MSZZC1|6:XAUUSD|1:5|1:1|1:4|17:ASIA_LOW|20250604,144,144,144,145,true,2.0024,2.0024038461538987,EXECUTED,broker-executed
SSR|ASIA_LOW|20250604|1749047400|FINAL,SSRP|ASIA_LOW|20250604|1749047400|FINAL,true,MSZZC1|6:XAUUSD|1:5|1:1|1:4|17:ASIA_LOW|20250604,,,,,,false,,,REJECT_DUPLICATE_CLUSTER,"Asia session level swept during London/NewYork, closed-bar reclaim within frozen window"
SSR|ASIA_LOW|20250604|1749048900|FINAL,SSRP|ASIA_LOW|20250604|1749048900|FINAL,true,MSZZC1|6:XAUUSD|1:5|1:1|1:4|17:ASIA_LOW|20250604,,,,,,false,,,REJECT_DUPLICATE_CLUSTER,"Asia session level swept during London/NewYork, closed-bar reclaim within frozen window"
SSR|ASIA_LOW|20250604|1749050700|FINAL,SSRP|ASIA_LOW|20250604|1749050700|FINAL,true,MSZZC1|6:XAUUSD|1:5|1:1|1:4|17:ASIA_LOW|20250604,,,,,,false,,,REJECT_DUPLICATE_CLUSTER,"Asia session level swept during London/NewYork, closed-bar reclaim within frozen window"
SSR|ASIA_HIGH|20250604|1749061800|FINAL,SSRP|ASIA_HIGH|20250604|1749061800|FINAL,true,MSZZC1|6:XAUUSD|1:5|2:-1|1:4|18:ASIA_HIGH|20250604,MSZZC1|6:XAUUSD|1:5|2:-1|1:4|18:ASIA_HIGH|20250604,146,146,146,147,true,-1.0000,-1.0,EXECUTED,broker-executed
SSR|ASIA_HIGH|20250604|1749062400|FINAL,SSRP|ASIA_HIGH|20250604|1749062400|FINAL,true,MSZZC1|6:XAUUSD|1:5|2:-1|1:4|18:ASIA_HIGH|20250604,,,,,,false,,,REJECT_DUPLICATE_CLUSTER,"Asia session level swept during London/NewYork, closed-bar reclaim within frozen window"
SSR|ASIA_HIGH|20250604|1749063000|FINAL,SSRP|ASIA_HIGH|20250604|1749063000|FINAL,true,MSZZC1|6:XAUUSD|1:5|2:-1|1:4|18:ASIA_HIGH|20250604,,,,,,false,,,REJECT_DUPLICATE_CLUSTER,"Asia session level swept during London/NewYork, closed-bar reclaim within frozen window"
SSR|ASIA_HIGH|20250604|1749063600|FINAL,SSRP|ASIA_HIGH|20250604|1749063600|FINAL,true,MSZZC1|6:XAUUSD|1:5|2:-1|1:4|18:ASIA_HIGH|20250604,,,,,,false,,,REJECT_DUPLICATE_CLUSTER,"Asia session level swept during London/NewYork, closed-bar reclaim within frozen window"
SSR|ASIA_HIGH|20250604|1749076200|FINAL,SSRP|ASIA_HIGH|20250604|1749076200|FINAL,true,MSZZC1|6:XAUUSD|1:5|2:-1|1:4|18:ASIA_HIGH|20250604,,,,,,false,,,REJECT_DUPLICATE_CLUSTER,"Asia session level swept during London/NewYork, closed-bar reclaim within frozen window"
SSR|ASIA_HIGH|20250604|1749076500|FINAL,SSRP|ASIA_HIGH|20250604|1749076500|FINAL,true,MSZZC1|6:XAUUSD|1:5|2:-1|1:4|18:ASIA_HIGH|20250604,,,,,,false,,,REJECT_DUPLICATE_CLUSTER,"Asia session level swept during London/NewYork, closed-bar reclaim within frozen window"
SSR|ASIA_HIGH|20250604|1749077700|FINAL,SSRP|ASIA_HIGH|20250604|1749077700|FINAL,true,MSZZC1|6:XAUUSD|1:5|2:-1|1:4|18:ASIA_HIGH|20250604,,,,,,false,,,REJECT_DUPLICATE_CLUSTER,"Asia session level swept during London/NewYork, closed-bar reclaim within frozen window"
SSR|ASIA_HIGH|20250604|1749078000|FINAL,SSRP|ASIA_HIGH|20250604|1749078000|FINAL,true,MSZZC1|6:XAUUSD|1:5|2:-1|1:4|18:ASIA_HIGH|20250604,,,,,,false,,,REJECT_DUPLICATE_CLUSTER,"Asia session level swept during London/NewYork, closed-bar reclaim within frozen window"
SSR|ASIA_LOW|20250605|1749112200|FINAL,SSRP|ASIA_LOW|20250605|1749112200|FINAL,true,MSZZC1|6:XAUUSD|1:5|1:1|1:4|17:ASIA_LOW|20250605,MSZZC1|6:XAUUSD|1:5|1:1|1:4|17:ASIA_LOW|20250605,148,148,148,149,true,-1.0000,-1.0,EXECUTED,broker-executed
SSR|ASIA_LOW|20250605|1749112500|FINAL,SSRP|ASIA_LOW|20250605|1749112500|FINAL,true,MSZZC1|6:XAUUSD|1:5|1:1|1:4|17:ASIA_LOW|20250605,,,,,,false,,,REJECT_DUPLICATE_CLUSTER,"Asia session level swept during London/NewYork, closed-bar reclaim within frozen window"
SSR|ASIA_LOW|20250605|1749113400|FINAL,SSRP|ASIA_LOW|20250605|1749113400|FINAL,true,MSZZC1|6:XAUUSD|1:5|1:1|1:4|17:ASIA_LOW|20250605,,,,,,false,,,REJECT_DUPLICATE_CLUSTER,"Asia session level swept during London/NewYork, closed-bar reclaim within frozen window"
SSR|ASIA_LOW|20250605|1749113700|FINAL,SSRP|ASIA_LOW|20250605|1749113700|FINAL,true,MSZZC1|6:XAUUSD|1:5|1:1|1:4|17:ASIA_LOW|20250605,,,,,,false,,,REJECT_DUPLICATE_CLUSTER,"Asia session level swept during London/NewYork, closed-bar reclaim within frozen window"
SSR|ASIA_HIGH|20250605|1749126300|FINAL,SSRP|ASIA_HIGH|20250605|1749126300|FINAL,true,MSZZC1|6:XAUUSD|1:5|2:-1|1:4|18:ASIA_HIGH|20250605,MSZZC1|6:XAUUSD|1:5|2:-1|1:4|18:ASIA_HIGH|20250605,150,150,150,151,true,-1.0000,-1.0,EXECUTED,broker-executed
SSR|ASIA_HIGH|20250605|1749138000|FINAL,SSRP|ASIA_HIGH|20250605|1749138000|FINAL,true,MSZZC1|6:XAUUSD|1:5|2:-1|1:4|18:ASIA_HIGH|20250605,,,,,,false,,,REJECT_DUPLICATE_CLUSTER,"Asia session level swept during London/NewYork, closed-bar reclaim within frozen window"
SSR|ASIA_HIGH|20250605|1749138300|FINAL,SSRP|ASIA_HIGH|20250605|1749138300|FINAL,true,MSZZC1|6:XAUUSD|1:5|2:-1|1:4|18:ASIA_HIGH|20250605,,,,,,false,,,REJECT_DUPLICATE_CLUSTER,"Asia session level swept during London/NewYork, closed-bar reclaim within frozen window"
SSR|ASIA_HIGH|20250605|1749140400|FINAL,SSRP|ASIA_HIGH|20250605|1749140400|FINAL,true,MSZZC1|6:XAUUSD|1:5|2:-1|1:4|18:ASIA_HIGH|20250605,,,,,,false,,,REJECT_DUPLICATE_CLUSTER,"Asia session level swept during London/NewYork, closed-bar reclaim within frozen window"
SSR|ASIA_HIGH|20250605|1749141000|FINAL,SSRP|ASIA_HIGH|20250605|1749141000|FINAL,true,MSZZC1|6:XAUUSD|1:5|2:-1|1:4|18:ASIA_HIGH|20250605,,,,,,false,,,REJECT_DUPLICATE_CLUSTER,"Asia session level swept during London/NewYork, closed-bar reclaim within frozen window"
SSR|ASIA_HIGH|20250605|1749141900|FINAL,SSRP|ASIA_HIGH|20250605|1749141900|FINAL,true,MSZZC1|6:XAUUSD|1:5|2:-1|1:4|18:ASIA_HIGH|20250605,,,,,,false,,,REJECT_DUPLICATE_CLUSTER,"Asia session level swept during London/NewYork, closed-bar reclaim within frozen window"
SSR|ASIA_HIGH|20250606|1749196800|FINAL,SSRP|ASIA_HIGH|20250606|1749196800|FINAL,true,MSZZC1|6:XAUUSD|1:5|2:-1|1:4|18:ASIA_HIGH|20250606,MSZZC1|6:XAUUSD|1:5|2:-1|1:4|18:ASIA_HIGH|20250606,152,152,152,153,true,1.9944,1.9943820224715327,EXECUTED,broker-executed
SSR|ASIA_HIGH|20250606|1749197400|FINAL,SSRP|ASIA_HIGH|20250606|1749197400|FINAL,true,MSZZC1|6:XAUUSD|1:5|2:-1|1:4|18:ASIA_HIGH|20250606,,,,,,false,,,REJECT_DUPLICATE_CLUSTER,"Asia session level swept during London/NewYork, closed-bar reclaim within frozen window"
SSR|ASIA_LOW|20250606|1749213900|FINAL,SSRP|ASIA_LOW|20250606|1749213900|FINAL,true,MSZZC1|6:XAUUSD|1:5|1:1|1:4|17:ASIA_LOW|20250606,MSZZC1|6:XAUUSD|1:5|1:1|1:4|17:ASIA_LOW|20250606,154,154,154,155,true,2.0027,2.0026737967917456,EXECUTED,broker-executed
SSR|ASIA_LOW|20250606|1749224100|FINAL,SSRP|ASIA_LOW|20250606|1749224100|FINAL,true,MSZZC1|6:XAUUSD|1:5|1:1|1:4|17:ASIA_LOW|20250606,,,,,,false,,,REJECT_DUPLICATE_CLUSTER,"Asia session level swept during London/NewYork, closed-bar reclaim within frozen window"
SSR|ASIA_LOW|20250606|1749224700|FINAL,SSRP|ASIA_LOW|20250606|1749224700|FINAL,true,MSZZC1|6:XAUUSD|1:5|1:1|1:4|17:ASIA_LOW|20250606,,,,,,false,,,REJECT_DUPLICATE_CLUSTER,"Asia session level swept during London/NewYork, closed-bar reclaim within frozen window"
SSR|ASIA_LOW|20250606|1749225600|FINAL,SSRP|ASIA_LOW|20250606|1749225600|FINAL,true,MSZZC1|6:XAUUSD|1:5|1:1|1:4|17:ASIA_LOW|20250606,,,,,,false,,,REJECT_DUPLICATE_CLUSTER,"Asia session level swept during London/NewYork, closed-bar reclaim within frozen window"
SSR|ASIA_LOW|20250606|1749225900|FINAL,SSRP|ASIA_LOW|20250606|1749225900|FINAL,true,MSZZC1|6:XAUUSD|1:5|1:1|1:4|17:ASIA_LOW|20250606,,,,,,false,,,REJECT_DUPLICATE_CLUSTER,"Asia session level swept during London/NewYork, closed-bar reclaim within frozen window"
SSR|ASIA_LOW|20250606|1749226800|FINAL,SSRP|ASIA_LOW|20250606|1749226800|FINAL,true,MSZZC1|6:XAUUSD|1:5|1:1|1:4|17:ASIA_LOW|20250606,,,,,,false,,,REJECT_DUPLICATE_CLUSTER,"Asia session level swept during London/NewYork, closed-bar reclaim within frozen window"
SSR|ASIA_LOW|20250606|1749227100|FINAL,SSRP|ASIA_LOW|20250606|1749227100|FINAL,true,MSZZC1|6:XAUUSD|1:5|1:1|1:4|17:ASIA_LOW|20250606,,,,,,false,,,REJECT_DUPLICATE_CLUSTER,"Asia session level swept during London/NewYork, closed-bar reclaim within frozen window"
SSR|ASIA_HIGH|20250609|1749469500|FINAL,SSRP|ASIA_HIGH|20250609|1749469500|FINAL,true,MSZZC1|6:XAUUSD|1:5|2:-1|1:4|18:ASIA_HIGH|20250609,MSZZC1|6:XAUUSD|1:5|2:-1|1:4|18:ASIA_HIGH|20250609,156,156,156,157,true,2.0025,2.00253807106593,EXECUTED,broker-executed
SSR|ASIA_HIGH|20250609|1749471000|FINAL,SSRP|ASIA_HIGH|20250609|1749471000|FINAL,true,MSZZC1|6:XAUUSD|1:5|2:-1|1:4|18:ASIA_HIGH|20250609,,,,,,false,,,REJECT_DUPLICATE_CLUSTER,"Asia session level swept during London/NewYork, closed-bar reclaim within frozen window"
SSR|ASIA_HIGH|20250609|1749472500|FINAL,SSRP|ASIA_HIGH|20250609|1749472500|FINAL,true,MSZZC1|6:XAUUSD|1:5|2:-1|1:4|18:ASIA_HIGH|20250609,,,,,,false,,,REJECT_DUPLICATE_CLUSTER,"Asia session level swept during London/NewYork, closed-bar reclaim within frozen window"
SSR|ASIA_HIGH|20250609|1749473100|FINAL,SSRP|ASIA_HIGH|20250609|1749473100|FINAL,true,MSZZC1|6:XAUUSD|1:5|2:-1|1:4|18:ASIA_HIGH|20250609,,,,,,false,,,REJECT_DUPLICATE_CLUSTER,"Asia session level swept during London/NewYork, closed-bar reclaim within frozen window"
SSR|ASIA_HIGH|20250609|1749483000|FINAL,SSRP|ASIA_HIGH|20250609|1749483000|FINAL,true,MSZZC1|6:XAUUSD|1:5|2:-1|1:4|18:ASIA_HIGH|20250609,,,,,,false,,,REJECT_DUPLICATE_CLUSTER,"Asia session level swept during London/NewYork, closed-bar reclaim within frozen window"
SSR|ASIA_HIGH|20250609|1749489300|FINAL,SSRP|ASIA_HIGH|20250609|1749489300|FINAL,true,MSZZC1|6:XAUUSD|1:5|2:-1|1:4|18:ASIA_HIGH|20250609,,,,,,false,,,REJECT_DUPLICATE_CLUSTER,"Asia session level swept during London/NewYork, closed-bar reclaim within frozen window"
SSR|ASIA_HIGH|20250609|1749490200|FINAL,SSRP|ASIA_HIGH|20250609|1749490200|FINAL,true,MSZZC1|6:XAUUSD|1:5|2:-1|1:4|18:ASIA_HIGH|20250609,,,,,,false,,,REJECT_DUPLICATE_CLUSTER,"Asia session level swept during London/NewYork, closed-bar reclaim within frozen window"
SSR|ASIA_HIGH|20250610|1749547800|FINAL,SSRP|ASIA_HIGH|20250610|1749547800|FINAL,true,MSZZC1|6:XAUUSD|1:5|2:-1|1:4|18:ASIA_HIGH|20250610,MSZZC1|6:XAUUSD|1:5|2:-1|1:4|18:ASIA_HIGH|20250610,158,158,158,159,true,-1.0000,-1.0,EXECUTED,broker-executed
SSR|ASIA_HIGH|20250610|1749549300|FINAL,SSRP|ASIA_HIGH|20250610|1749549300|FINAL,true,MSZZC1|6:XAUUSD|1:5|2:-1|1:4|18:ASIA_HIGH|20250610,,,,,,false,,,REJECT_DUPLICATE_CLUSTER,"Asia session level swept during London/NewYork, closed-bar reclaim within frozen window"
SSR|ASIA_HIGH|20250610|1749549600|FINAL,SSRP|ASIA_HIGH|20250610|1749549600|FINAL,true,MSZZC1|6:XAUUSD|1:5|2:-1|1:4|18:ASIA_HIGH|20250610,,,,,,false,,,REJECT_DUPLICATE_CLUSTER,"Asia session level swept during London/NewYork, closed-bar reclaim within frozen window"
SSR|ASIA_HIGH|20250610|1749550500|FINAL,SSRP|ASIA_HIGH|20250610|1749550500|FINAL,true,MSZZC1|6:XAUUSD|1:5|2:-1|1:4|18:ASIA_HIGH|20250610,,,,,,false,,,REJECT_DUPLICATE_CLUSTER,"Asia session level swept during London/NewYork, closed-bar reclaim within frozen window"
SSR|ASIA_HIGH|20250610|1749555000|FINAL,SSRP|ASIA_HIGH|20250610|1749555000|FINAL,true,MSZZC1|6:XAUUSD|1:5|2:-1|1:4|18:ASIA_HIGH|20250610,,,,,,false,,,REJECT_DUPLICATE_CLUSTER,"Asia session level swept during London/NewYork, closed-bar reclaim within frozen window"
SSR|ASIA_HIGH|20250610|1749555600|FINAL,SSRP|ASIA_HIGH|20250610|1749555600|FINAL,true,MSZZC1|6:XAUUSD|1:5|2:-1|1:4|18:ASIA_HIGH|20250610,,,,,,false,,,REJECT_DUPLICATE_CLUSTER,"Asia session level swept during London/NewYork, closed-bar reclaim within frozen window"
SSR|ASIA_HIGH|20250610|1749577500|FINAL,SSRP|ASIA_HIGH|20250610|1749577500|FINAL,true,MSZZC1|6:XAUUSD|1:5|2:-1|1:4|18:ASIA_HIGH|20250610,,,,,,false,,,REJECT_DUPLICATE_CLUSTER,"Asia session level swept during London/NewYork, closed-bar reclaim within frozen window"
SSR|ASIA_HIGH|20250610|1749578700|FINAL,SSRP|ASIA_HIGH|20250610|1749578700|FINAL,true,MSZZC1|6:XAUUSD|1:5|2:-1|1:4|18:ASIA_HIGH|20250610,,,,,,false,,,REJECT_DUPLICATE_CLUSTER,"Asia session level swept during London/NewYork, closed-bar reclaim within frozen window"
SSR|ASIA_HIGH|20250610|1749579000|FINAL,SSRP|ASIA_HIGH|20250610|1749579000|FINAL,true,MSZZC1|6:XAUUSD|1:5|2:-1|1:4|18:ASIA_HIGH|20250610,,,,,,false,,,REJECT_DUPLICATE_CLUSTER,"Asia session level swept during London/NewYork, closed-bar reclaim within frozen window"
SSR|ASIA_HIGH|20250610|1749580200|FINAL,SSRP|ASIA_HIGH|20250610|1749580200|FINAL,true,MSZZC1|6:XAUUSD|1:5|2:-1|1:4|18:ASIA_HIGH|20250610,,,,,,false,,,REJECT_DUPLICATE_CLUSTER,"Asia session level swept during London/NewYork, closed-bar reclaim within frozen window"
SSR|ASIA_HIGH|20250610|1749580500|FINAL,SSRP|ASIA_HIGH|20250610|1749580500|FINAL,true,MSZZC1|6:XAUUSD|1:5|2:-1|1:4|18:ASIA_HIGH|20250610,,,,,,false,,,REJECT_DUPLICATE_CLUSTER,"Asia session level swept during London/NewYork, closed-bar reclaim within frozen window"
SSR|ASIA_HIGH|20250610|1749595800|FINAL,SSRP|ASIA_HIGH|20250610|1749595800|FINAL,true,MSZZC1|6:XAUUSD|1:5|2:-1|1:4|18:ASIA_HIGH|20250610,,,,,,false,,,REJECT_DUPLICATE_CLUSTER,"Asia session level swept during London/NewYork, closed-bar reclaim within frozen window"
SSR|ASIA_HIGH|20250610|1749596400|FINAL,SSRP|ASIA_HIGH|20250610|1749596400|FINAL,true,MSZZC1|6:XAUUSD|1:5|2:-1|1:4|18:ASIA_HIGH|20250610,,,,,,false,,,REJECT_DUPLICATE_CLUSTER,"Asia session level swept during London/NewYork, closed-bar reclaim within frozen window"
SSR|ASIA_HIGH|20250610|1749597000|FINAL,SSRP|ASIA_HIGH|20250610|1749597000|FINAL,true,MSZZC1|6:XAUUSD|1:5|2:-1|1:4|18:ASIA_HIGH|20250610,,,,,,false,,,REJECT_DUPLICATE_CLUSTER,"Asia session level swept during London/NewYork, closed-bar reclaim within frozen window"
SSR|ASIA_HIGH|20250610|1749597300|FINAL,SSRP|ASIA_HIGH|20250610|1749597300|FINAL,true,MSZZC1|6:XAUUSD|1:5|2:-1|1:4|18:ASIA_HIGH|20250610,,,,,,false,,,REJECT_DUPLICATE_CLUSTER,"Asia session level swept during London/NewYork, closed-bar reclaim within frozen window"
SSR|ASIA_HIGH|20250611|1749642900|FINAL,SSRP|ASIA_HIGH|20250611|1749642900|FINAL,true,MSZZC1|6:XAUUSD|1:5|2:-1|1:4|18:ASIA_HIGH|20250611,MSZZC1|6:XAUUSD|1:5|2:-1|1:4|18:ASIA_HIGH|20250611,160,160,160,161,true,2.0000,2.0000000000001714,EXECUTED,broker-executed
SSR|ASIA_HIGH|20250611|1749643200|FINAL,SSRP|ASIA_HIGH|20250611|1749643200|FINAL,true,MSZZC1|6:XAUUSD|1:5|2:-1|1:4|18:ASIA_HIGH|20250611,,,,,,false,,,REJECT_DUPLICATE_CLUSTER,"Asia session level swept during London/NewYork, closed-bar reclaim within frozen window"
SSR|ASIA_HIGH|20250611|1749656700|FINAL,SSRP|ASIA_HIGH|20250611|1749656700|FINAL,true,MSZZC1|6:XAUUSD|1:5|2:-1|1:4|18:ASIA_HIGH|20250611,,,,,,false,,,REJECT_DUPLICATE_CLUSTER,"Asia session level swept during London/NewYork, closed-bar reclaim within frozen window"
SSR|ASIA_HIGH|20250611|1749657000|FINAL,SSRP|ASIA_HIGH|20250611|1749657000|FINAL,true,MSZZC1|6:XAUUSD|1:5|2:-1|1:4|18:ASIA_HIGH|20250611,,,,,,false,,,REJECT_DUPLICATE_CLUSTER,"Asia session level swept during London/NewYork, closed-bar reclaim within frozen window"
SSR|ASIA_HIGH|20250611|1749658500|FINAL,SSRP|ASIA_HIGH|20250611|1749658500|FINAL,true,MSZZC1|6:XAUUSD|1:5|2:-1|1:4|18:ASIA_HIGH|20250611,,,,,,false,,,REJECT_DUPLICATE_CLUSTER,"Asia session level swept during London/NewYork, closed-bar reclaim within frozen window"
SSR|ASIA_HIGH|20250611|1749658800|FINAL,SSRP|ASIA_HIGH|20250611|1749658800|FINAL,true,MSZZC1|6:XAUUSD|1:5|2:-1|1:4|18:ASIA_HIGH|20250611,,,,,,false,,,REJECT_DUPLICATE_CLUSTER,"Asia session level swept during London/NewYork, closed-bar reclaim within frozen window"
SSR|ASIA_HIGH|20250611|1749677100|FINAL,SSRP|ASIA_HIGH|20250611|1749677100|FINAL,true,MSZZC1|6:XAUUSD|1:5|2:-1|1:4|18:ASIA_HIGH|20250611,,,,,,false,,,REJECT_DUPLICATE_CLUSTER,"Asia session level swept during London/NewYork, closed-bar reclaim within frozen window"
SSR|ASIA_HIGH|20250611|1749677400|FINAL,SSRP|ASIA_HIGH|20250611|1749677400|FINAL,true,MSZZC1|6:XAUUSD|1:5|2:-1|1:4|18:ASIA_HIGH|20250611,,,,,,false,,,REJECT_DUPLICATE_CLUSTER,"Asia session level swept during London/NewYork, closed-bar reclaim within frozen window"
SSR|ASIA_LOW|20250612|1749726600|FINAL,SSRP|ASIA_LOW|20250612|1749726600|FINAL,true,MSZZC1|6:XAUUSD|1:5|1:1|1:4|17:ASIA_LOW|20250612,MSZZC1|6:XAUUSD|1:5|1:1|1:4|17:ASIA_LOW|20250612,162,162,162,163,true,2.0000,1.9999999999999225,EXECUTED,broker-executed
SSR|ASIA_LOW|20250612|1749729300|FINAL,SSRP|ASIA_LOW|20250612|1749729300|FINAL,true,MSZZC1|6:XAUUSD|1:5|1:1|1:4|17:ASIA_LOW|20250612,,,,,,false,,,REJECT_DUPLICATE_CLUSTER,"Asia session level swept during London/NewYork, closed-bar reclaim within frozen window"
SSR|ASIA_LOW|20250612|1749729900|FINAL,SSRP|ASIA_LOW|20250612|1749729900|FINAL,true,MSZZC1|6:XAUUSD|1:5|1:1|1:4|17:ASIA_LOW|20250612,,,,,,false,,,REJECT_DUPLICATE_CLUSTER,"Asia session level swept during London/NewYork, closed-bar reclaim within frozen window"
SSR|ASIA_HIGH|20250612|1749738600|FINAL,SSRP|ASIA_HIGH|20250612|1749738600|FINAL,true,MSZZC1|6:XAUUSD|1:5|2:-1|1:4|18:ASIA_HIGH|20250612,MSZZC1|6:XAUUSD|1:5|2:-1|1:4|18:ASIA_HIGH|20250612,164,164,164,165,true,-1.0000,-1.0,EXECUTED,broker-executed
SSR|ASIA_HIGH|20250612|1749738900|FINAL,SSRP|ASIA_HIGH|20250612|1749738900|FINAL,true,MSZZC1|6:XAUUSD|1:5|2:-1|1:4|18:ASIA_HIGH|20250612,,,,,,false,,,REJECT_DUPLICATE_CLUSTER,"Asia session level swept during London/NewYork, closed-bar reclaim within frozen window"
SSR|ASIA_HIGH|20250613|1749832500|FINAL,SSRP|ASIA_HIGH|20250613|1749832500|FINAL,true,MSZZC1|6:XAUUSD|1:5|2:-1|1:4|18:ASIA_HIGH|20250613,MSZZC1|6:XAUUSD|1:5|2:-1|1:4|18:ASIA_HIGH|20250613,166,166,166,167,true,1.9980,1.9980353634576282,EXECUTED,broker-executed
SSR|ASIA_HIGH|20250613|1749832800|FINAL,SSRP|ASIA_HIGH|20250613|1749832800|FINAL,true,MSZZC1|6:XAUUSD|1:5|2:-1|1:4|18:ASIA_HIGH|20250613,,,,,,false,,,REJECT_DUPLICATE_CLUSTER,"Asia session level swept during London/NewYork, closed-bar reclaim within frozen window"
SSR|ASIA_LOW|20250616|1750060800|FINAL,SSRP|ASIA_LOW|20250616|1750060800|FINAL,true,MSZZC1|6:XAUUSD|1:5|1:1|1:4|17:ASIA_LOW|20250616,MSZZC1|6:XAUUSD|1:5|1:1|1:4|17:ASIA_LOW|20250616,168,168,168,169,true,-1.0000,-1.0,EXECUTED,broker-executed
SSR|ASIA_LOW|20250616|1750061100|FINAL,SSRP|ASIA_LOW|20250616|1750061100|FINAL,true,MSZZC1|6:XAUUSD|1:5|1:1|1:4|17:ASIA_LOW|20250616,,,,,,false,,,REJECT_DUPLICATE_CLUSTER,"Asia session level swept during London/NewYork, closed-bar reclaim within frozen window"
SSR|ASIA_LOW|20250616|1750061700|FINAL,SSRP|ASIA_LOW|20250616|1750061700|FINAL,true,MSZZC1|6:XAUUSD|1:5|1:1|1:4|17:ASIA_LOW|20250616,,,,,,false,,,REJECT_DUPLICATE_CLUSTER,"Asia session level swept during London/NewYork, closed-bar reclaim within frozen window"
SSR|ASIA_LOW|20250617|1750181700|FINAL,SSRP|ASIA_LOW|20250617|1750181700|FINAL,true,MSZZC1|6:XAUUSD|1:5|1:1|1:4|17:ASIA_LOW|20250617,MSZZC1|6:XAUUSD|1:5|1:1|1:4|17:ASIA_LOW|20250617,170,170,170,171,true,2.0000,1.9999999999999085,EXECUTED,broker-executed
SSR|ASIA_LOW|20250617|1750182000|FINAL,SSRP|ASIA_LOW|20250617|1750182000|FINAL,true,MSZZC1|6:XAUUSD|1:5|1:1|1:4|17:ASIA_LOW|20250617,,,,,,false,,,REJECT_DUPLICATE_CLUSTER,"Asia session level swept during London/NewYork, closed-bar reclaim within frozen window"
SSR|ASIA_LOW|20250617|1750186200|FINAL,SSRP|ASIA_LOW|20250617|1750186200|FINAL,true,MSZZC1|6:XAUUSD|1:5|1:1|1:4|17:ASIA_LOW|20250617,,,,,,false,,,REJECT_DUPLICATE_CLUSTER,"Asia session level swept during London/NewYork, closed-bar reclaim within frozen window"
SSR|ASIA_LOW|20250618|1750284600|FINAL,SSRP|ASIA_LOW|20250618|1750284600|FINAL,true,MSZZC1|6:XAUUSD|1:5|1:1|1:4|17:ASIA_LOW|20250618,MSZZC1|6:XAUUSD|1:5|1:1|1:4|17:ASIA_LOW|20250618,172,172,172,173,true,-1.0000,-0.9999999999999211,EXECUTED,broker-executed
SSR|ASIA_LOW|20250618|1750285500|FINAL,SSRP|ASIA_LOW|20250618|1750285500|FINAL,true,MSZZC1|6:XAUUSD|1:5|1:1|1:4|17:ASIA_LOW|20250618,,,,,,false,,,REJECT_DUPLICATE_CLUSTER,"Asia session level swept during London/NewYork, closed-bar reclaim within frozen window"
SSR|ASIA_LOW|20250618|1750285800|FINAL,SSRP|ASIA_LOW|20250618|1750285800|FINAL,true,MSZZC1|6:XAUUSD|1:5|1:1|1:4|17:ASIA_LOW|20250618,,,,,,false,,,REJECT_DUPLICATE_CLUSTER,"Asia session level swept during London/NewYork, closed-bar reclaim within frozen window"
SSR|ASIA_LOW|20250619|1750332900|FINAL,SSRP|ASIA_LOW|20250619|1750332900|FINAL,true,MSZZC1|6:XAUUSD|1:5|1:1|1:4|17:ASIA_LOW|20250619,MSZZC1|6:XAUUSD|1:5|1:1|1:4|17:ASIA_LOW|20250619,174,174,174,175,true,-1.0000,-1.0,EXECUTED,broker-executed
SSR|ASIA_LOW|20250619|1750333200|FINAL,SSRP|ASIA_LOW|20250619|1750333200|FINAL,true,MSZZC1|6:XAUUSD|1:5|1:1|1:4|17:ASIA_LOW|20250619,,,,,,false,,,REJECT_DUPLICATE_CLUSTER,"Asia session level swept during London/NewYork, closed-bar reclaim within frozen window"
SSR|ASIA_LOW|20250619|1750333500|FINAL,SSRP|ASIA_LOW|20250619|1750333500|FINAL,true,MSZZC1|6:XAUUSD|1:5|1:1|1:4|17:ASIA_LOW|20250619,,,,,,false,,,REJECT_DUPLICATE_CLUSTER,"Asia session level swept during London/NewYork, closed-bar reclaim within frozen window"
SSR|ASIA_LOW|20250619|1750334700|FINAL,SSRP|ASIA_LOW|20250619|1750334700|FINAL,true,MSZZC1|6:XAUUSD|1:5|1:1|1:4|17:ASIA_LOW|20250619,,,,,,false,,,REJECT_DUPLICATE_CLUSTER,"Asia session level swept during London/NewYork, closed-bar reclaim within frozen window"
SSR|ASIA_LOW|20250619|1750346700|FINAL,SSRP|ASIA_LOW|20250619|1750346700|FINAL,true,MSZZC1|6:XAUUSD|1:5|1:1|1:4|17:ASIA_LOW|20250619,,,,,,false,,,REJECT_DUPLICATE_CLUSTER,"Asia session level swept during London/NewYork, closed-bar reclaim within frozen window"
SSR|ASIA_LOW|20250619|1750347600|FINAL,SSRP|ASIA_LOW|20250619|1750347600|FINAL,true,MSZZC1|6:XAUUSD|1:5|1:1|1:4|17:ASIA_LOW|20250619,,,,,,false,,,REJECT_DUPLICATE_CLUSTER,"Asia session level swept during London/NewYork, closed-bar reclaim within frozen window"
SSR|ASIA_LOW|20250619|1750350900|FINAL,SSRP|ASIA_LOW|20250619|1750350900|FINAL,true,MSZZC1|6:XAUUSD|1:5|1:1|1:4|17:ASIA_LOW|20250619,,,,,,false,,,REJECT_DUPLICATE_CLUSTER,"Asia session level swept during London/NewYork, closed-bar reclaim within frozen window"
SSR|ASIA_LOW|20250619|1750351500|FINAL,SSRP|ASIA_LOW|20250619|1750351500|FINAL,true,MSZZC1|6:XAUUSD|1:5|1:1|1:4|17:ASIA_LOW|20250619,,,,,,false,,,REJECT_DUPLICATE_CLUSTER,"Asia session level swept during London/NewYork, closed-bar reclaim within frozen window"
SSR|ASIA_LOW|20250619|1750358700|FINAL,SSRP|ASIA_LOW|20250619|1750358700|FINAL,true,MSZZC1|6:XAUUSD|1:5|1:1|1:4|17:ASIA_LOW|20250619,,,,,,false,,,REJECT_DUPLICATE_CLUSTER,"Asia session level swept during London/NewYork, closed-bar reclaim within frozen window"
SSR|ASIA_LOW|20250619|1750360500|FINAL,SSRP|ASIA_LOW|20250619|1750360500|FINAL,true,MSZZC1|6:XAUUSD|1:5|1:1|1:4|17:ASIA_LOW|20250619,,,,,,false,,,REJECT_DUPLICATE_CLUSTER,"Asia session level swept during London/NewYork, closed-bar reclaim within frozen window"
SSR|ASIA_LOW|20250619|1750360800|FINAL,SSRP|ASIA_LOW|20250619|1750360800|FINAL,true,MSZZC1|6:XAUUSD|1:5|1:1|1:4|17:ASIA_LOW|20250619,,,,,,false,,,REJECT_DUPLICATE_CLUSTER,"Asia session level swept during London/NewYork, closed-bar reclaim within frozen window"
SSR|ASIA_LOW|20250619|1750361400|FINAL,SSRP|ASIA_LOW|20250619|1750361400|FINAL,true,MSZZC1|6:XAUUSD|1:5|1:1|1:4|17:ASIA_LOW|20250619,,,,,,false,,,REJECT_DUPLICATE_CLUSTER,"Asia session level swept during London/NewYork, closed-bar reclaim within frozen window"
SSR|ASIA_LOW|20250619|1750362000|FINAL,SSRP|ASIA_LOW|20250619|1750362000|FINAL,true,MSZZC1|6:XAUUSD|1:5|1:1|1:4|17:ASIA_LOW|20250619,,,,,,false,,,REJECT_DUPLICATE_CLUSTER,"Asia session level swept during London/NewYork, closed-bar reclaim within frozen window"
SSR|ASIA_LOW|20250619|1750365900|FINAL,SSRP|ASIA_LOW|20250619|1750365900|FINAL,true,MSZZC1|6:XAUUSD|1:5|1:1|1:4|17:ASIA_LOW|20250619,,,,,,false,,,REJECT_DUPLICATE_CLUSTER,"Asia session level swept during London/NewYork, closed-bar reclaim within frozen window"
SSR|ASIA_LOW|20250619|1750366800|FINAL,SSRP|ASIA_LOW|20250619|1750366800|FINAL,true,MSZZC1|6:XAUUSD|1:5|1:1|1:4|17:ASIA_LOW|20250619,,,,,,false,,,REJECT_DUPLICATE_CLUSTER,"Asia session level swept during London/NewYork, closed-bar reclaim within frozen window"
SSR|ASIA_LOW|20250620|1750409700|FINAL,SSRP|ASIA_LOW|20250620|1750409700|FINAL,true,MSZZC1|6:XAUUSD|1:5|1:1|1:4|17:ASIA_LOW|20250620,MSZZC1|6:XAUUSD|1:5|1:1|1:4|17:ASIA_LOW|20250620,176,176,176,177,true,-1.0000,-1.0,EXECUTED,broker-executed
SSR|ASIA_LOW|20250620|1750410000|FINAL,SSRP|ASIA_LOW|20250620|1750410000|FINAL,true,MSZZC1|6:XAUUSD|1:5|1:1|1:4|17:ASIA_LOW|20250620,,,,,,false,,,REJECT_DUPLICATE_CLUSTER,"Asia session level swept during London/NewYork, closed-bar reclaim within frozen window"
SSR|ASIA_LOW|20250620|1750412400|FINAL,SSRP|ASIA_LOW|20250620|1750412400|FINAL,true,MSZZC1|6:XAUUSD|1:5|1:1|1:4|17:ASIA_LOW|20250620,,,,,,false,,,REJECT_DUPLICATE_CLUSTER,"Asia session level swept during London/NewYork, closed-bar reclaim within frozen window"
SSR|ASIA_LOW|20250620|1750413300|FINAL,SSRP|ASIA_LOW|20250620|1750413300|FINAL,true,MSZZC1|6:XAUUSD|1:5|1:1|1:4|17:ASIA_LOW|20250620,,,,,,false,,,REJECT_DUPLICATE_CLUSTER,"Asia session level swept during London/NewYork, closed-bar reclaim within frozen window"
SSR|ASIA_LOW|20250620|1750413600|FINAL,SSRP|ASIA_LOW|20250620|1750413600|FINAL,true,MSZZC1|6:XAUUSD|1:5|1:1|1:4|17:ASIA_LOW|20250620,,,,,,false,,,REJECT_DUPLICATE_CLUSTER,"Asia session level swept during London/NewYork, closed-bar reclaim within frozen window"
SSR|ASIA_LOW|20250620|1750433400|FINAL,SSRP|ASIA_LOW|20250620|1750433400|FINAL,true,MSZZC1|6:XAUUSD|1:5|1:1|1:4|17:ASIA_LOW|20250620,,,,,,false,,,REJECT_DUPLICATE_CLUSTER,"Asia session level swept during London/NewYork, closed-bar reclaim within frozen window"
SSR|ASIA_LOW|20250620|1750433700|FINAL,SSRP|ASIA_LOW|20250620|1750433700|FINAL,true,MSZZC1|6:XAUUSD|1:5|1:1|1:4|17:ASIA_LOW|20250620,,,,,,false,,,REJECT_DUPLICATE_CLUSTER,"Asia session level swept during London/NewYork, closed-bar reclaim within frozen window"
SSR|ASIA_LOW|20250620|1750434300|FINAL,SSRP|ASIA_LOW|20250620|1750434300|FINAL,true,MSZZC1|6:XAUUSD|1:5|1:1|1:4|17:ASIA_LOW|20250620,,,,,,false,,,REJECT_DUPLICATE_CLUSTER,"Asia session level swept during London/NewYork, closed-bar reclaim within frozen window"
SSR|ASIA_LOW|20250620|1750434600|FINAL,SSRP|ASIA_LOW|20250620|1750434600|FINAL,true,MSZZC1|6:XAUUSD|1:5|1:1|1:4|17:ASIA_LOW|20250620,,,,,,false,,,REJECT_DUPLICATE_CLUSTER,"Asia session level swept during London/NewYork, closed-bar reclaim within frozen window"
SSR|ASIA_LOW|20250620|1750435200|FINAL,SSRP|ASIA_LOW|20250620|1750435200|FINAL,true,MSZZC1|6:XAUUSD|1:5|1:1|1:4|17:ASIA_LOW|20250620,,,,,,false,,,REJECT_DUPLICATE_CLUSTER,"Asia session level swept during London/NewYork, closed-bar reclaim within frozen window"
SSR|ASIA_HIGH|20250620|1750438200|FINAL,SSRP|ASIA_HIGH|20250620|1750438200|FINAL,true,MSZZC1|6:XAUUSD|1:5|2:-1|1:4|18:ASIA_HIGH|20250620,MSZZC1|6:XAUUSD|1:5|2:-1|1:4|18:ASIA_HIGH|20250620,178,178,178,179,true,-1.0000,-1.0,EXECUTED,broker-executed
SSR|ASIA_HIGH|20250620|1750438500|FINAL,SSRP|ASIA_HIGH|20250620|1750438500|FINAL,true,MSZZC1|6:XAUUSD|1:5|2:-1|1:4|18:ASIA_HIGH|20250620,,,,,,false,,,REJECT_DUPLICATE_CLUSTER,"Asia session level swept during London/NewYork, closed-bar reclaim within frozen window"
SSR|ASIA_HIGH|20250620|1750439100|FINAL,SSRP|ASIA_HIGH|20250620|1750439100|FINAL,true,MSZZC1|6:XAUUSD|1:5|2:-1|1:4|18:ASIA_HIGH|20250620,,,,,,false,,,REJECT_DUPLICATE_CLUSTER,"Asia session level swept during London/NewYork, closed-bar reclaim within frozen window"
SSR|ASIA_HIGH|20250620|1750442400|FINAL,SSRP|ASIA_HIGH|20250620|1750442400|FINAL,true,MSZZC1|6:XAUUSD|1:5|2:-1|1:4|18:ASIA_HIGH|20250620,,,,,,false,,,REJECT_DUPLICATE_CLUSTER,"Asia session level swept during London/NewYork, closed-bar reclaim within frozen window"
SSR|ASIA_HIGH|20250620|1750442700|FINAL,SSRP|ASIA_HIGH|20250620|1750442700|FINAL,true,MSZZC1|6:XAUUSD|1:5|2:-1|1:4|18:ASIA_HIGH|20250620,,,,,,false,,,REJECT_DUPLICATE_CLUSTER,"Asia session level swept during London/NewYork, closed-bar reclaim within frozen window"
SSR|ASIA_HIGH|20250620|1750445700|FINAL,SSRP|ASIA_HIGH|20250620|1750445700|FINAL,true,MSZZC1|6:XAUUSD|1:5|2:-1|1:4|18:ASIA_HIGH|20250620,,,,,,false,,,REJECT_DUPLICATE_CLUSTER,"Asia session level swept during London/NewYork, closed-bar reclaim within frozen window"
SSR|ASIA_HIGH|20250620|1750450500|FINAL,SSRP|ASIA_HIGH|20250620|1750450500|FINAL,true,MSZZC1|6:XAUUSD|1:5|2:-1|1:4|18:ASIA_HIGH|20250620,,,,,,false,,,REJECT_DUPLICATE_CLUSTER,"Asia session level swept during London/NewYork, closed-bar reclaim within frozen window"
SSR|ASIA_HIGH|20250620|1750451100|FINAL,SSRP|ASIA_HIGH|20250620|1750451100|FINAL,true,MSZZC1|6:XAUUSD|1:5|2:-1|1:4|18:ASIA_HIGH|20250620,,,,,,false,,,REJECT_DUPLICATE_CLUSTER,"Asia session level swept during London/NewYork, closed-bar reclaim within frozen window"
SSR|ASIA_LOW|20250623|1750667700|FINAL,SSRP|ASIA_LOW|20250623|1750667700|FINAL,true,MSZZC1|6:XAUUSD|1:5|1:1|1:4|17:ASIA_LOW|20250623,MSZZC1|6:XAUUSD|1:5|1:1|1:4|17:ASIA_LOW|20250623,180,180,180,181,true,2.0000,1.99999999999993,EXECUTED,broker-executed
SSR|ASIA_LOW|20250623|1750668000|FINAL,SSRP|ASIA_LOW|20250623|1750668000|FINAL,true,MSZZC1|6:XAUUSD|1:5|1:1|1:4|17:ASIA_LOW|20250623,,,,,,false,,,REJECT_DUPLICATE_CLUSTER,"Asia session level swept during London/NewYork, closed-bar reclaim within frozen window"
SSR|ASIA_LOW|20250624|1750754400|FINAL,SSRP|ASIA_LOW|20250624|1750754400|FINAL,true,MSZZC1|6:XAUUSD|1:5|1:1|1:4|17:ASIA_LOW|20250624,MSZZC1|6:XAUUSD|1:5|1:1|1:4|17:ASIA_LOW|20250624,182,182,182,183,true,-1.0000,-1.0,EXECUTED,broker-executed
SSR|ASIA_HIGH|20250625|1750848000|FINAL,SSRP|ASIA_HIGH|20250625|1750848000|FINAL,true,MSZZC1|6:XAUUSD|1:5|2:-1|1:4|18:ASIA_HIGH|20250625,MSZZC1|6:XAUUSD|1:5|2:-1|1:4|18:ASIA_HIGH|20250625,184,184,184,185,true,2.0030,2.0030395136780164,EXECUTED,broker-executed
SSR|ASIA_HIGH|20250625|1750848300|FINAL,SSRP|ASIA_HIGH|20250625|1750848300|FINAL,true,MSZZC1|6:XAUUSD|1:5|2:-1|1:4|18:ASIA_HIGH|20250625,,,,,,false,,,REJECT_DUPLICATE_CLUSTER,"Asia session level swept during London/NewYork, closed-bar reclaim within frozen window"
SSR|ASIA_LOW|20250625|1750866000|FINAL,SSRP|ASIA_LOW|20250625|1750866000|FINAL,true,MSZZC1|6:XAUUSD|1:5|1:1|1:4|17:ASIA_LOW|20250625,MSZZC1|6:XAUUSD|1:5|1:1|1:4|17:ASIA_LOW|20250625,186,186,186,187,true,-1.0000,-1.0000000000001434,EXECUTED,broker-executed
SSR|ASIA_LOW|20250625|1750870800|FINAL,SSRP|ASIA_LOW|20250625|1750870800|FINAL,true,MSZZC1|6:XAUUSD|1:5|1:1|1:4|17:ASIA_LOW|20250625,,,,,,false,,,REJECT_DUPLICATE_CLUSTER,"Asia session level swept during London/NewYork, closed-bar reclaim within frozen window"
SSR|ASIA_LOW|20250625|1750872300|FINAL,SSRP|ASIA_LOW|20250625|1750872300|FINAL,true,MSZZC1|6:XAUUSD|1:5|1:1|1:4|17:ASIA_LOW|20250625,,,,,,false,,,REJECT_DUPLICATE_CLUSTER,"Asia session level swept during London/NewYork, closed-bar reclaim within frozen window"
SSR|ASIA_HIGH|20250625|1750891200|FINAL,SSRP|ASIA_HIGH|20250625|1750891200|FINAL,true,MSZZC1|6:XAUUSD|1:5|2:-1|1:4|18:ASIA_HIGH|20250625,,,,,,false,,,REJECT_DUPLICATE_CLUSTER,"Asia session level swept during London/NewYork, closed-bar reclaim within frozen window"
SSR|ASIA_HIGH|20250625|1750891500|FINAL,SSRP|ASIA_HIGH|20250625|1750891500|FINAL,true,MSZZC1|6:XAUUSD|1:5|2:-1|1:4|18:ASIA_HIGH|20250625,,,,,,false,,,REJECT_DUPLICATE_CLUSTER,"Asia session level swept during London/NewYork, closed-bar reclaim within frozen window"
SSR|ASIA_HIGH|20250625|1750892400|FINAL,SSRP|ASIA_HIGH|20250625|1750892400|FINAL,true,MSZZC1|6:XAUUSD|1:5|2:-1|1:4|18:ASIA_HIGH|20250625,,,,,,false,,,REJECT_DUPLICATE_CLUSTER,"Asia session level swept during London/NewYork, closed-bar reclaim within frozen window"
SSR|ASIA_HIGH|20250625|1750892700|FINAL,SSRP|ASIA_HIGH|20250625|1750892700|FINAL,true,MSZZC1|6:XAUUSD|1:5|2:-1|1:4|18:ASIA_HIGH|20250625,,,,,,false,,,REJECT_DUPLICATE_CLUSTER,"Asia session level swept during London/NewYork, closed-bar reclaim within frozen window"
SSR|ASIA_HIGH|20250626|1750939500|FINAL,SSRP|ASIA_HIGH|20250626|1750939500|FINAL,true,MSZZC1|6:XAUUSD|1:5|2:-1|1:4|18:ASIA_HIGH|20250626,MSZZC1|6:XAUUSD|1:5|2:-1|1:4|18:ASIA_HIGH|20250626,188,188,188,189,true,2.0000,2.000000000000221,EXECUTED,broker-executed
SSR|ASIA_HIGH|20250626|1750939800|FINAL,SSRP|ASIA_HIGH|20250626|1750939800|FINAL,true,MSZZC1|6:XAUUSD|1:5|2:-1|1:4|18:ASIA_HIGH|20250626,,,,,,false,,,REJECT_DUPLICATE_CLUSTER,"Asia session level swept during London/NewYork, closed-bar reclaim within frozen window"
SSR|ASIA_HIGH|20250626|1750946400|FINAL,SSRP|ASIA_HIGH|20250626|1750946400|FINAL,true,MSZZC1|6:XAUUSD|1:5|2:-1|1:4|18:ASIA_HIGH|20250626,,,,,,false,,,REJECT_DUPLICATE_CLUSTER,"Asia session level swept during London/NewYork, closed-bar reclaim within frozen window"
SSR|ASIA_HIGH|20250626|1750951500|FINAL,SSRP|ASIA_HIGH|20250626|1750951500|FINAL,true,MSZZC1|6:XAUUSD|1:5|2:-1|1:4|18:ASIA_HIGH|20250626,,,,,,false,,,REJECT_DUPLICATE_CLUSTER,"Asia session level swept during London/NewYork, closed-bar reclaim within frozen window"
SSR|ASIA_LOW|20250626|1750965300|FINAL,SSRP|ASIA_LOW|20250626|1750965300|FINAL,true,MSZZC1|6:XAUUSD|1:5|1:1|1:4|17:ASIA_LOW|20250626,MSZZC1|6:XAUUSD|1:5|1:1|1:4|17:ASIA_LOW|20250626,190,190,190,191,true,-1.0000,-1.0,EXECUTED,broker-executed
SSR|ASIA_LOW|20250626|1750965600|FINAL,SSRP|ASIA_LOW|20250626|1750965600|FINAL,true,MSZZC1|6:XAUUSD|1:5|1:1|1:4|17:ASIA_LOW|20250626,,,,,,false,,,REJECT_DUPLICATE_CLUSTER,"Asia session level swept during London/NewYork, closed-bar reclaim within frozen window"
SSR|ASIA_LOW|20250626|1750976100|FINAL,SSRP|ASIA_LOW|20250626|1750976100|FINAL,true,MSZZC1|6:XAUUSD|1:5|1:1|1:4|17:ASIA_LOW|20250626,,,,,,false,,,REJECT_DUPLICATE_CLUSTER,"Asia session level swept during London/NewYork, closed-bar reclaim within frozen window"
SSR|ASIA_LOW|20250626|1750976400|FINAL,SSRP|ASIA_LOW|20250626|1750976400|FINAL,true,MSZZC1|6:XAUUSD|1:5|1:1|1:4|17:ASIA_LOW|20250626,,,,,,false,,,REJECT_DUPLICATE_CLUSTER,"Asia session level swept during London/NewYork, closed-bar reclaim within frozen window"
SSR|ASIA_LOW|20250626|1750976700|FINAL,SSRP|ASIA_LOW|20250626|1750976700|FINAL,true,MSZZC1|6:XAUUSD|1:5|1:1|1:4|17:ASIA_LOW|20250626,,,,,,false,,,REJECT_DUPLICATE_CLUSTER,"Asia session level swept during London/NewYork, closed-bar reclaim within frozen window"
SSR|ASIA_LOW|20250627|1751011800|FINAL,SSRP|ASIA_LOW|20250627|1751011800|FINAL,true,MSZZC1|6:XAUUSD|1:5|1:1|1:4|17:ASIA_LOW|20250627,MSZZC1|6:XAUUSD|1:5|1:1|1:4|17:ASIA_LOW|20250627,192,192,192,193,true,-1.0000,-1.0,EXECUTED,broker-executed
SSR|ASIA_LOW|20250627|1751017200|FINAL,SSRP|ASIA_LOW|20250627|1751017200|FINAL,true,MSZZC1|6:XAUUSD|1:5|1:1|1:4|17:ASIA_LOW|20250627,,,,,,false,,,REJECT_DUPLICATE_CLUSTER,"Asia session level swept during London/NewYork, closed-bar reclaim within frozen window"
SSR|ASIA_LOW|20250627|1751017800|FINAL,SSRP|ASIA_LOW|20250627|1751017800|FINAL,true,MSZZC1|6:XAUUSD|1:5|1:1|1:4|17:ASIA_LOW|20250627,,,,,,false,,,REJECT_DUPLICATE_CLUSTER,"Asia session level swept during London/NewYork, closed-bar reclaim within frozen window"
SSR|ASIA_HIGH|20250630|1751284500|FINAL,SSRP|ASIA_HIGH|20250630|1751284500|FINAL,true,MSZZC1|6:XAUUSD|1:5|2:-1|1:4|18:ASIA_HIGH|20250630,MSZZC1|6:XAUUSD|1:5|2:-1|1:4|18:ASIA_HIGH|20250630,194,194,194,195,true,-1.0000,-1.0,EXECUTED,broker-executed
SSR|ASIA_HIGH|20250630|1751285100|FINAL,SSRP|ASIA_HIGH|20250630|1751285100|FINAL,true,MSZZC1|6:XAUUSD|1:5|2:-1|1:4|18:ASIA_HIGH|20250630,,,,,,false,,,REJECT_DUPLICATE_CLUSTER,"Asia session level swept during London/NewYork, closed-bar reclaim within frozen window"
SSR|ASIA_HIGH|20250630|1751286300|FINAL,SSRP|ASIA_HIGH|20250630|1751286300|FINAL,true,MSZZC1|6:XAUUSD|1:5|2:-1|1:4|18:ASIA_HIGH|20250630,,,,,,false,,,REJECT_DUPLICATE_CLUSTER,"Asia session level swept during London/NewYork, closed-bar reclaim within frozen window"
SSR|ASIA_HIGH|20250630|1751287500|FINAL,SSRP|ASIA_HIGH|20250630|1751287500|FINAL,true,MSZZC1|6:XAUUSD|1:5|2:-1|1:4|18:ASIA_HIGH|20250630,,,,,,false,,,REJECT_DUPLICATE_CLUSTER,"Asia session level swept during London/NewYork, closed-bar reclaim within frozen window"
SSR|ASIA_HIGH|20250630|1751288700|FINAL,SSRP|ASIA_HIGH|20250630|1751288700|FINAL,true,MSZZC1|6:XAUUSD|1:5|2:-1|1:4|18:ASIA_HIGH|20250630,,,,,,false,,,REJECT_DUPLICATE_CLUSTER,"Asia session level swept during London/NewYork, closed-bar reclaim within frozen window"
SSR|ASIA_HIGH|20250630|1751289600|FINAL,SSRP|ASIA_HIGH|20250630|1751289600|FINAL,true,MSZZC1|6:XAUUSD|1:5|2:-1|1:4|18:ASIA_HIGH|20250630,,,,,,false,,,REJECT_DUPLICATE_CLUSTER,"Asia session level swept during London/NewYork, closed-bar reclaim within frozen window"
SSR|ASIA_HIGH|20250630|1751290200|FINAL,SSRP|ASIA_HIGH|20250630|1751290200|FINAL,true,MSZZC1|6:XAUUSD|1:5|2:-1|1:4|18:ASIA_HIGH|20250630,,,,,,false,,,REJECT_DUPLICATE_CLUSTER,"Asia session level swept during London/NewYork, closed-bar reclaim within frozen window"
SSR|ASIA_HIGH|20250630|1751296800|FINAL,SSRP|ASIA_HIGH|20250630|1751296800|FINAL,true,MSZZC1|6:XAUUSD|1:5|2:-1|1:4|18:ASIA_HIGH|20250630,,,,,,false,,,REJECT_DUPLICATE_CLUSTER,"Asia session level swept during London/NewYork, closed-bar reclaim within frozen window"
SSR|ASIA_HIGH|20250630|1751298300|FINAL,SSRP|ASIA_HIGH|20250630|1751298300|FINAL,true,MSZZC1|6:XAUUSD|1:5|2:-1|1:4|18:ASIA_HIGH|20250630,,,,,,false,,,REJECT_DUPLICATE_CLUSTER,"Asia session level swept during London/NewYork, closed-bar reclaim within frozen window"
SSR|ASIA_HIGH|20250630|1751298600|FINAL,SSRP|ASIA_HIGH|20250630|1751298600|FINAL,true,MSZZC1|6:XAUUSD|1:5|2:-1|1:4|18:ASIA_HIGH|20250630,,,,,,false,,,REJECT_DUPLICATE_CLUSTER,"Asia session level swept during London/NewYork, closed-bar reclaim within frozen window"
SSR|ASIA_HIGH|20250630|1751302200|FINAL,SSRP|ASIA_HIGH|20250630|1751302200|FINAL,true,MSZZC1|6:XAUUSD|1:5|2:-1|1:4|18:ASIA_HIGH|20250630,,,,,,false,,,REJECT_DUPLICATE_CLUSTER,"Asia session level swept during London/NewYork, closed-bar reclaim within frozen window"
SSR|ASIA_HIGH|20250630|1751302800|FINAL,SSRP|ASIA_HIGH|20250630|1751302800|FINAL,true,MSZZC1|6:XAUUSD|1:5|2:-1|1:4|18:ASIA_HIGH|20250630,,,,,,false,,,REJECT_DUPLICATE_CLUSTER,"Asia session level swept during London/NewYork, closed-bar reclaim within frozen window"
SSR|ASIA_HIGH|20250630|1751303100|FINAL,SSRP|ASIA_HIGH|20250630|1751303100|FINAL,true,MSZZC1|6:XAUUSD|1:5|2:-1|1:4|18:ASIA_HIGH|20250630,,,,,,false,,,REJECT_DUPLICATE_CLUSTER,"Asia session level swept during London/NewYork, closed-bar reclaim within frozen window"
SSR|ASIA_HIGH|20250630|1751306400|FINAL,SSRP|ASIA_HIGH|20250630|1751306400|FINAL,true,MSZZC1|6:XAUUSD|1:5|2:-1|1:4|18:ASIA_HIGH|20250630,,,,,,false,,,REJECT_DUPLICATE_CLUSTER,"Asia session level swept during London/NewYork, closed-bar reclaim within frozen window"
SSR|ASIA_LOW|20250702|1751451000|FINAL,SSRP|ASIA_LOW|20250702|1751451000|FINAL,true,MSZZC1|6:XAUUSD|1:5|1:1|1:4|17:ASIA_LOW|20250702,MSZZC1|6:XAUUSD|1:5|1:1|1:4|17:ASIA_LOW|20250702,196,196,196,197,true,-1.0000,-1.0,EXECUTED,broker-executed
SSR|ASIA_LOW|20250702|1751451600|FINAL,SSRP|ASIA_LOW|20250702|1751451600|FINAL,true,MSZZC1|6:XAUUSD|1:5|1:1|1:4|17:ASIA_LOW|20250702,,,,,,false,,,REJECT_DUPLICATE_CLUSTER,"Asia session level swept during London/NewYork, closed-bar reclaim within frozen window"
SSR|ASIA_LOW|20250702|1751451900|FINAL,SSRP|ASIA_LOW|20250702|1751451900|FINAL,true,MSZZC1|6:XAUUSD|1:5|1:1|1:4|17:ASIA_LOW|20250702,,,,,,false,,,REJECT_DUPLICATE_CLUSTER,"Asia session level swept during London/NewYork, closed-bar reclaim within frozen window"
SSR|ASIA_LOW|20250702|1751452800|FINAL,SSRP|ASIA_LOW|20250702|1751452800|FINAL,true,MSZZC1|6:XAUUSD|1:5|1:1|1:4|17:ASIA_LOW|20250702,,,,,,false,,,REJECT_DUPLICATE_CLUSTER,"Asia session level swept during London/NewYork, closed-bar reclaim within frozen window"
SSR|ASIA_HIGH|20250702|1751463600|FINAL,SSRP|ASIA_HIGH|20250702|1751463600|FINAL,true,MSZZC1|6:XAUUSD|1:5|2:-1|1:4|18:ASIA_HIGH|20250702,MSZZC1|6:XAUUSD|1:5|2:-1|1:4|18:ASIA_HIGH|20250702,198,198,198,199,true,-1.0000,-1.0,EXECUTED,broker-executed
SSR|ASIA_HIGH|20250702|1751464800|FINAL,SSRP|ASIA_HIGH|20250702|1751464800|FINAL,true,MSZZC1|6:XAUUSD|1:5|2:-1|1:4|18:ASIA_HIGH|20250702,,,,,,false,,,REJECT_DUPLICATE_CLUSTER,"Asia session level swept during London/NewYork, closed-bar reclaim within frozen window"
SSR|ASIA_HIGH|20250702|1751465100|FINAL,SSRP|ASIA_HIGH|20250702|1751465100|FINAL,true,MSZZC1|6:XAUUSD|1:5|2:-1|1:4|18:ASIA_HIGH|20250702,,,,,,false,,,REJECT_DUPLICATE_CLUSTER,"Asia session level swept during London/NewYork, closed-bar reclaim within frozen window"
SSR|ASIA_HIGH|20250702|1751469900|FINAL,SSRP|ASIA_HIGH|20250702|1751469900|FINAL,true,MSZZC1|6:XAUUSD|1:5|2:-1|1:4|18:ASIA_HIGH|20250702,,,,,,false,,,REJECT_DUPLICATE_CLUSTER,"Asia session level swept during London/NewYork, closed-bar reclaim within frozen window"
SSR|ASIA_HIGH|20250702|1751471400|FINAL,SSRP|ASIA_HIGH|20250702|1751471400|FINAL,true,MSZZC1|6:XAUUSD|1:5|2:-1|1:4|18:ASIA_HIGH|20250702,,,,,,false,,,REJECT_DUPLICATE_CLUSTER,"Asia session level swept during London/NewYork, closed-bar reclaim within frozen window"
SSR|ASIA_HIGH|20250702|1751472000|FINAL,SSRP|ASIA_HIGH|20250702|1751472000|FINAL,true,MSZZC1|6:XAUUSD|1:5|2:-1|1:4|18:ASIA_HIGH|20250702,,,,,,false,,,REJECT_DUPLICATE_CLUSTER,"Asia session level swept during London/NewYork, closed-bar reclaim within frozen window"
SSR|ASIA_HIGH|20250702|1751473500|FINAL,SSRP|ASIA_HIGH|20250702|1751473500|FINAL,true,MSZZC1|6:XAUUSD|1:5|2:-1|1:4|18:ASIA_HIGH|20250702,,,,,,false,,,REJECT_DUPLICATE_CLUSTER,"Asia session level swept during London/NewYork, closed-bar reclaim within frozen window"
SSR|ASIA_HIGH|20250702|1751473800|FINAL,SSRP|ASIA_HIGH|20250702|1751473800|FINAL,true,MSZZC1|6:XAUUSD|1:5|2:-1|1:4|18:ASIA_HIGH|20250702,,,,,,false,,,REJECT_DUPLICATE_CLUSTER,"Asia session level swept during London/NewYork, closed-bar reclaim within frozen window"
SSR|ASIA_HIGH|20250704|1751619900|FINAL,SSRP|ASIA_HIGH|20250704|1751619900|FINAL,true,MSZZC1|6:XAUUSD|1:5|2:-1|1:4|18:ASIA_HIGH|20250704,MSZZC1|6:XAUUSD|1:5|2:-1|1:4|18:ASIA_HIGH|20250704,200,200,200,201,true,-1.0000,-1.000000000000142,EXECUTED,broker-executed
SSR|ASIA_HIGH|20250704|1751623200|FINAL,SSRP|ASIA_HIGH|20250704|1751623200|FINAL,true,MSZZC1|6:XAUUSD|1:5|2:-1|1:4|18:ASIA_HIGH|20250704,,,,,,false,,,REJECT_DUPLICATE_CLUSTER,"Asia session level swept during London/NewYork, closed-bar reclaim within frozen window"
SSR|ASIA_HIGH|20250704|1751623800|FINAL,SSRP|ASIA_HIGH|20250704|1751623800|FINAL,true,MSZZC1|6:XAUUSD|1:5|2:-1|1:4|18:ASIA_HIGH|20250704,,,,,,false,,,REJECT_DUPLICATE_CLUSTER,"Asia session level swept during London/NewYork, closed-bar reclaim within frozen window"
SSR|ASIA_HIGH|20250704|1751626800|FINAL,SSRP|ASIA_HIGH|20250704|1751626800|FINAL,true,MSZZC1|6:XAUUSD|1:5|2:-1|1:4|18:ASIA_HIGH|20250704,,,,,,false,,,REJECT_DUPLICATE_CLUSTER,"Asia session level swept during London/NewYork, closed-bar reclaim within frozen window"
SSR|ASIA_HIGH|20250704|1751627100|FINAL,SSRP|ASIA_HIGH|20250704|1751627100|FINAL,true,MSZZC1|6:XAUUSD|1:5|2:-1|1:4|18:ASIA_HIGH|20250704,,,,,,false,,,REJECT_DUPLICATE_CLUSTER,"Asia session level swept during London/NewYork, closed-bar reclaim within frozen window"
SSR|ASIA_HIGH|20250704|1751628600|FINAL,SSRP|ASIA_HIGH|20250704|1751628600|FINAL,true,MSZZC1|6:XAUUSD|1:5|2:-1|1:4|18:ASIA_HIGH|20250704,,,,,,false,,,REJECT_DUPLICATE_CLUSTER,"Asia session level swept during London/NewYork, closed-bar reclaim within frozen window"
SSR|ASIA_HIGH|20250704|1751630400|FINAL,SSRP|ASIA_HIGH|20250704|1751630400|FINAL,true,MSZZC1|6:XAUUSD|1:5|2:-1|1:4|18:ASIA_HIGH|20250704,,,,,,false,,,REJECT_DUPLICATE_CLUSTER,"Asia session level swept during London/NewYork, closed-bar reclaim within frozen window"
SSR|ASIA_LOW|20250707|1751886000|FINAL,SSRP|ASIA_LOW|20250707|1751886000|FINAL,true,MSZZC1|6:XAUUSD|1:5|1:1|1:4|17:ASIA_LOW|20250707,MSZZC1|6:XAUUSD|1:5|1:1|1:4|17:ASIA_LOW|20250707,202,202,202,203,true,-1.0000,-1.0,EXECUTED,broker-executed
SSR|ASIA_LOW|20250707|1751886600|FINAL,SSRP|ASIA_LOW|20250707|1751886600|FINAL,true,MSZZC1|6:XAUUSD|1:5|1:1|1:4|17:ASIA_LOW|20250707,,,,,,false,,,REJECT_DUPLICATE_CLUSTER,"Asia session level swept during London/NewYork, closed-bar reclaim within frozen window"
SSR|ASIA_LOW|20250707|1751896800|FINAL,SSRP|ASIA_LOW|20250707|1751896800|FINAL,true,MSZZC1|6:XAUUSD|1:5|1:1|1:4|17:ASIA_LOW|20250707,,,,,,false,,,REJECT_DUPLICATE_CLUSTER,"Asia session level swept during London/NewYork, closed-bar reclaim within frozen window"
SSR|ASIA_LOW|20250707|1751901000|FINAL,SSRP|ASIA_LOW|20250707|1751901000|FINAL,true,MSZZC1|6:XAUUSD|1:5|1:1|1:4|17:ASIA_LOW|20250707,,,,,,false,,,REJECT_DUPLICATE_CLUSTER,"Asia session level swept during London/NewYork, closed-bar reclaim within frozen window"
SSR|ASIA_LOW|20250707|1751902200|FINAL,SSRP|ASIA_LOW|20250707|1751902200|FINAL,true,MSZZC1|6:XAUUSD|1:5|1:1|1:4|17:ASIA_LOW|20250707,,,,,,false,,,REJECT_DUPLICATE_CLUSTER,"Asia session level swept during London/NewYork, closed-bar reclaim within frozen window"
SSR|ASIA_LOW|20250707|1751902500|FINAL,SSRP|ASIA_LOW|20250707|1751902500|FINAL,true,MSZZC1|6:XAUUSD|1:5|1:1|1:4|17:ASIA_LOW|20250707,,,,,,false,,,REJECT_DUPLICATE_CLUSTER,"Asia session level swept during London/NewYork, closed-bar reclaim within frozen window"
SSR|ASIA_LOW|20250708|1751972700|FINAL,SSRP|ASIA_LOW|20250708|1751972700|FINAL,true,MSZZC1|6:XAUUSD|1:5|1:1|1:4|17:ASIA_LOW|20250708,MSZZC1|6:XAUUSD|1:5|1:1|1:4|17:ASIA_LOW|20250708,204,204,204,205,true,-1.0000,-1.0,EXECUTED,broker-executed
SSR|ASIA_LOW|20250708|1751973300|FINAL,SSRP|ASIA_LOW|20250708|1751973300|FINAL,true,MSZZC1|6:XAUUSD|1:5|1:1|1:4|17:ASIA_LOW|20250708,,,,,,false,,,REJECT_DUPLICATE_CLUSTER,"Asia session level swept during London/NewYork, closed-bar reclaim within frozen window"
SSR|ASIA_LOW|20250708|1751973900|FINAL,SSRP|ASIA_LOW|20250708|1751973900|FINAL,true,MSZZC1|6:XAUUSD|1:5|1:1|1:4|17:ASIA_LOW|20250708,,,,,,false,,,REJECT_DUPLICATE_CLUSTER,"Asia session level swept during London/NewYork, closed-bar reclaim within frozen window"
SSR|ASIA_LOW|20250708|1751986500|FINAL,SSRP|ASIA_LOW|20250708|1751986500|FINAL,true,MSZZC1|6:XAUUSD|1:5|1:1|1:4|17:ASIA_LOW|20250708,,,,,,false,,,REJECT_DUPLICATE_CLUSTER,"Asia session level swept during London/NewYork, closed-bar reclaim within frozen window"
SSR|ASIA_LOW|20250708|1751987400|FINAL,SSRP|ASIA_LOW|20250708|1751987400|FINAL,true,MSZZC1|6:XAUUSD|1:5|1:1|1:4|17:ASIA_LOW|20250708,,,,,,false,,,REJECT_DUPLICATE_CLUSTER,"Asia session level swept during London/NewYork, closed-bar reclaim within frozen window"
SSR|ASIA_LOW|20250708|1751989200|FINAL,SSRP|ASIA_LOW|20250708|1751989200|FINAL,true,MSZZC1|6:XAUUSD|1:5|1:1|1:4|17:ASIA_LOW|20250708,,,,,,false,,,REJECT_DUPLICATE_CLUSTER,"Asia session level swept during London/NewYork, closed-bar reclaim within frozen window"
SSR|ASIA_LOW|20250709|1752060000|FINAL,SSRP|ASIA_LOW|20250709|1752060000|FINAL,true,MSZZC1|6:XAUUSD|1:5|1:1|1:4|17:ASIA_LOW|20250709,MSZZC1|6:XAUUSD|1:5|1:1|1:4|17:ASIA_LOW|20250709,206,206,206,207,true,-1.0000,-1.0,EXECUTED,broker-executed
SSR|ASIA_LOW|20250709|1752060900|FINAL,SSRP|ASIA_LOW|20250709|1752060900|FINAL,true,MSZZC1|6:XAUUSD|1:5|1:1|1:4|17:ASIA_LOW|20250709,,,,,,false,,,REJECT_DUPLICATE_CLUSTER,"Asia session level swept during London/NewYork, closed-bar reclaim within frozen window"
SSR|ASIA_LOW|20250709|1752061200|FINAL,SSRP|ASIA_LOW|20250709|1752061200|FINAL,true,MSZZC1|6:XAUUSD|1:5|1:1|1:4|17:ASIA_LOW|20250709,,,,,,false,,,REJECT_DUPLICATE_CLUSTER,"Asia session level swept during London/NewYork, closed-bar reclaim within frozen window"
SSR|ASIA_LOW|20250709|1752062400|FINAL,SSRP|ASIA_LOW|20250709|1752062400|FINAL,true,MSZZC1|6:XAUUSD|1:5|1:1|1:4|17:ASIA_LOW|20250709,,,,,,false,,,REJECT_DUPLICATE_CLUSTER,"Asia session level swept during London/NewYork, closed-bar reclaim within frozen window"
SSR|ASIA_LOW|20250709|1752072900|FINAL,SSRP|ASIA_LOW|20250709|1752072900|FINAL,true,MSZZC1|6:XAUUSD|1:5|1:1|1:4|17:ASIA_LOW|20250709,,,,,,false,,,REJECT_DUPLICATE_CLUSTER,"Asia session level swept during London/NewYork, closed-bar reclaim within frozen window"
SSR|ASIA_HIGH|20250709|1752081300|FINAL,SSRP|ASIA_HIGH|20250709|1752081300|FINAL,true,MSZZC1|6:XAUUSD|1:5|2:-1|1:4|18:ASIA_HIGH|20250709,MSZZC1|6:XAUUSD|1:5|2:-1|1:4|18:ASIA_HIGH|20250709,208,208,208,209,true,-1.0000,-1.0,EXECUTED,broker-executed
SSR|ASIA_HIGH|20250710|1752139200|FINAL,SSRP|ASIA_HIGH|20250710|1752139200|FINAL,true,MSZZC1|6:XAUUSD|1:5|2:-1|1:4|18:ASIA_HIGH|20250710,MSZZC1|6:XAUUSD|1:5|2:-1|1:4|18:ASIA_HIGH|20250710,210,210,210,211,true,-1.0000,-1.0,EXECUTED,broker-executed
SSR|ASIA_HIGH|20250710|1752141900|FINAL,SSRP|ASIA_HIGH|20250710|1752141900|FINAL,true,MSZZC1|6:XAUUSD|1:5|2:-1|1:4|18:ASIA_HIGH|20250710,,,,,,false,,,REJECT_DUPLICATE_CLUSTER,"Asia session level swept during London/NewYork, closed-bar reclaim within frozen window"
SSR|ASIA_HIGH|20250710|1752142800|FINAL,SSRP|ASIA_HIGH|20250710|1752142800|FINAL,true,MSZZC1|6:XAUUSD|1:5|2:-1|1:4|18:ASIA_HIGH|20250710,,,,,,false,,,REJECT_DUPLICATE_CLUSTER,"Asia session level swept during London/NewYork, closed-bar reclaim within frozen window"
SSR|ASIA_HIGH|20250710|1752143400|FINAL,SSRP|ASIA_HIGH|20250710|1752143400|FINAL,true,MSZZC1|6:XAUUSD|1:5|2:-1|1:4|18:ASIA_HIGH|20250710,,,,,,false,,,REJECT_DUPLICATE_CLUSTER,"Asia session level swept during London/NewYork, closed-bar reclaim within frozen window"
SSR|ASIA_HIGH|20250710|1752150000|FINAL,SSRP|ASIA_HIGH|20250710|1752150000|FINAL,true,MSZZC1|6:XAUUSD|1:5|2:-1|1:4|18:ASIA_HIGH|20250710,,,,,,false,,,REJECT_DUPLICATE_CLUSTER,"Asia session level swept during London/NewYork, closed-bar reclaim within frozen window"
SSR|ASIA_HIGH|20250710|1752150600|FINAL,SSRP|ASIA_HIGH|20250710|1752150600|FINAL,true,MSZZC1|6:XAUUSD|1:5|2:-1|1:4|18:ASIA_HIGH|20250710,,,,,,false,,,REJECT_DUPLICATE_CLUSTER,"Asia session level swept during London/NewYork, closed-bar reclaim within frozen window"
SSR|ASIA_HIGH|20250710|1752152100|FINAL,SSRP|ASIA_HIGH|20250710|1752152100|FINAL,true,MSZZC1|6:XAUUSD|1:5|2:-1|1:4|18:ASIA_HIGH|20250710,,,,,,false,,,REJECT_DUPLICATE_CLUSTER,"Asia session level swept during London/NewYork, closed-bar reclaim within frozen window"
SSR|ASIA_HIGH|20250710|1752152400|FINAL,SSRP|ASIA_HIGH|20250710|1752152400|FINAL,true,MSZZC1|6:XAUUSD|1:5|2:-1|1:4|18:ASIA_HIGH|20250710,,,,,,false,,,REJECT_DUPLICATE_CLUSTER,"Asia session level swept during London/NewYork, closed-bar reclaim within frozen window"
SSR|ASIA_HIGH|20250710|1752155400|FINAL,SSRP|ASIA_HIGH|20250710|1752155400|FINAL,true,MSZZC1|6:XAUUSD|1:5|2:-1|1:4|18:ASIA_HIGH|20250710,,,,,,false,,,REJECT_DUPLICATE_CLUSTER,"Asia session level swept during London/NewYork, closed-bar reclaim within frozen window"
SSR|ASIA_HIGH|20250710|1752157800|FINAL,SSRP|ASIA_HIGH|20250710|1752157800|FINAL,true,MSZZC1|6:XAUUSD|1:5|2:-1|1:4|18:ASIA_HIGH|20250710,,,,,,false,,,REJECT_DUPLICATE_CLUSTER,"Asia session level swept during London/NewYork, closed-bar reclaim within frozen window"
SSR|ASIA_HIGH|20250710|1752158100|FINAL,SSRP|ASIA_HIGH|20250710|1752158100|FINAL,true,MSZZC1|6:XAUUSD|1:5|2:-1|1:4|18:ASIA_HIGH|20250710,,,,,,false,,,REJECT_DUPLICATE_CLUSTER,"Asia session level swept during London/NewYork, closed-bar reclaim within frozen window"
SSR|ASIA_HIGH|20250710|1752163200|FINAL,SSRP|ASIA_HIGH|20250710|1752163200|FINAL,true,MSZZC1|6:XAUUSD|1:5|2:-1|1:4|18:ASIA_HIGH|20250710,,,,,,false,,,REJECT_DUPLICATE_CLUSTER,"Asia session level swept during London/NewYork, closed-bar reclaim within frozen window"
SSR|ASIA_HIGH|20250710|1752163500|FINAL,SSRP|ASIA_HIGH|20250710|1752163500|FINAL,true,MSZZC1|6:XAUUSD|1:5|2:-1|1:4|18:ASIA_HIGH|20250710,,,,,,false,,,REJECT_DUPLICATE_CLUSTER,"Asia session level swept during London/NewYork, closed-bar reclaim within frozen window"
SSR|ASIA_HIGH|20250710|1752165300|FINAL,SSRP|ASIA_HIGH|20250710|1752165300|FINAL,true,MSZZC1|6:XAUUSD|1:5|2:-1|1:4|18:ASIA_HIGH|20250710,,,,,,false,,,REJECT_DUPLICATE_CLUSTER,"Asia session level swept during London/NewYork, closed-bar reclaim within frozen window"
SSR|ASIA_HIGH|20250710|1752165600|FINAL,SSRP|ASIA_HIGH|20250710|1752165600|FINAL,true,MSZZC1|6:XAUUSD|1:5|2:-1|1:4|18:ASIA_HIGH|20250710,,,,,,false,,,REJECT_DUPLICATE_CLUSTER,"Asia session level swept during London/NewYork, closed-bar reclaim within frozen window"
SSR|ASIA_LOW|20250710|1752166500|FINAL,SSRP|ASIA_LOW|20250710|1752166500|FINAL,true,MSZZC1|6:XAUUSD|1:5|1:1|1:4|17:ASIA_LOW|20250710,MSZZC1|6:XAUUSD|1:5|1:1|1:4|17:ASIA_LOW|20250710,212,212,212,213,true,2.0022,2.0021691973969116,EXECUTED,broker-executed
SSR|ASIA_LOW|20250710|1752166800|FINAL,SSRP|ASIA_LOW|20250710|1752166800|FINAL,true,MSZZC1|6:XAUUSD|1:5|1:1|1:4|17:ASIA_LOW|20250710,,,,,,false,,,REJECT_DUPLICATE_CLUSTER,"Asia session level swept during London/NewYork, closed-bar reclaim within frozen window"
SSR|ASIA_LOW|20250710|1752176400|FINAL,SSRP|ASIA_LOW|20250710|1752176400|FINAL,true,MSZZC1|6:XAUUSD|1:5|1:1|1:4|17:ASIA_LOW|20250710,,,,,,false,,,REJECT_DUPLICATE_CLUSTER,"Asia session level swept during London/NewYork, closed-bar reclaim within frozen window"
SSR|ASIA_LOW|20250710|1752176700|FINAL,SSRP|ASIA_LOW|20250710|1752176700|FINAL,true,MSZZC1|6:XAUUSD|1:5|1:1|1:4|17:ASIA_LOW|20250710,,,,,,false,,,REJECT_DUPLICATE_CLUSTER,"Asia session level swept during London/NewYork, closed-bar reclaim within frozen window"
SSR|ASIA_HIGH|20250711|1752222600|FINAL,SSRP|ASIA_HIGH|20250711|1752222600|FINAL,true,MSZZC1|6:XAUUSD|1:5|2:-1|1:4|18:ASIA_HIGH|20250711,MSZZC1|6:XAUUSD|1:5|2:-1|1:4|18:ASIA_HIGH|20250711,214,214,214,215,true,-1.0000,-1.0,EXECUTED,broker-executed
SSR|ASIA_HIGH|20250711|1752223200|FINAL,SSRP|ASIA_HIGH|20250711|1752223200|FINAL,true,MSZZC1|6:XAUUSD|1:5|2:-1|1:4|18:ASIA_HIGH|20250711,,,,,,false,,,REJECT_DUPLICATE_CLUSTER,"Asia session level swept during London/NewYork, closed-bar reclaim within frozen window"
SSR|ASIA_HIGH|20250711|1752226800|FINAL,SSRP|ASIA_HIGH|20250711|1752226800|FINAL,true,MSZZC1|6:XAUUSD|1:5|2:-1|1:4|18:ASIA_HIGH|20250711,,,,,,false,,,REJECT_DUPLICATE_CLUSTER,"Asia session level swept during London/NewYork, closed-bar reclaim within frozen window"
SSR|ASIA_HIGH|20250711|1752227100|FINAL,SSRP|ASIA_HIGH|20250711|1752227100|FINAL,true,MSZZC1|6:XAUUSD|1:5|2:-1|1:4|18:ASIA_HIGH|20250711,,,,,,false,,,REJECT_DUPLICATE_CLUSTER,"Asia session level swept during London/NewYork, closed-bar reclaim within frozen window"
SSR|ASIA_HIGH|20250711|1752234300|FINAL,SSRP|ASIA_HIGH|20250711|1752234300|FINAL,true,MSZZC1|6:XAUUSD|1:5|2:-1|1:4|18:ASIA_HIGH|20250711,,,,,,false,,,REJECT_DUPLICATE_CLUSTER,"Asia session level swept during London/NewYork, closed-bar reclaim within frozen window"
SSR|ASIA_HIGH|20250711|1752234600|FINAL,SSRP|ASIA_HIGH|20250711|1752234600|FINAL,true,MSZZC1|6:XAUUSD|1:5|2:-1|1:4|18:ASIA_HIGH|20250711,,,,,,false,,,REJECT_DUPLICATE_CLUSTER,"Asia session level swept during London/NewYork, closed-bar reclaim within frozen window"
SSR|ASIA_HIGH|20250711|1752237000|FINAL,SSRP|ASIA_HIGH|20250711|1752237000|FINAL,true,MSZZC1|6:XAUUSD|1:5|2:-1|1:4|18:ASIA_HIGH|20250711,,,,,,false,,,REJECT_DUPLICATE_CLUSTER,"Asia session level swept during London/NewYork, closed-bar reclaim within frozen window"
SSR|ASIA_HIGH|20250711|1752237300|FINAL,SSRP|ASIA_HIGH|20250711|1752237300|FINAL,true,MSZZC1|6:XAUUSD|1:5|2:-1|1:4|18:ASIA_HIGH|20250711,,,,,,false,,,REJECT_DUPLICATE_CLUSTER,"Asia session level swept during London/NewYork, closed-bar reclaim within frozen window"
SSR|ASIA_HIGH|20250714|1752488700|FINAL,SSRP|ASIA_HIGH|20250714|1752488700|FINAL,true,MSZZC1|6:XAUUSD|1:5|2:-1|1:4|18:ASIA_HIGH|20250714,MSZZC1|6:XAUUSD|1:5|2:-1|1:4|18:ASIA_HIGH|20250714,216,216,216,217,true,2.0000,1.9999999999997387,EXECUTED,broker-executed
SSR|ASIA_HIGH|20250714|1752489000|FINAL,SSRP|ASIA_HIGH|20250714|1752489000|FINAL,true,MSZZC1|6:XAUUSD|1:5|2:-1|1:4|18:ASIA_HIGH|20250714,,,,,,false,,,REJECT_DUPLICATE_CLUSTER,"Asia session level swept during London/NewYork, closed-bar reclaim within frozen window"
SSR|ASIA_HIGH|20250714|1752498300|FINAL,SSRP|ASIA_HIGH|20250714|1752498300|FINAL,true,MSZZC1|6:XAUUSD|1:5|2:-1|1:4|18:ASIA_HIGH|20250714,,,,,,false,,,REJECT_DUPLICATE_CLUSTER,"Asia session level swept during London/NewYork, closed-bar reclaim within frozen window"
SSR|ASIA_LOW|20250714|1752509100|FINAL,SSRP|ASIA_LOW|20250714|1752509100|FINAL,true,MSZZC1|6:XAUUSD|1:5|1:1|1:4|17:ASIA_LOW|20250714,MSZZC1|6:XAUUSD|1:5|1:1|1:4|17:ASIA_LOW|20250714,218,218,218,219,true,-1.0000,-1.0,EXECUTED,broker-executed
SSR|ASIA_LOW|20250714|1752512400|FINAL,SSRP|ASIA_LOW|20250714|1752512400|FINAL,true,MSZZC1|6:XAUUSD|1:5|1:1|1:4|17:ASIA_LOW|20250714,,,,,,false,,,REJECT_DUPLICATE_CLUSTER,"Asia session level swept during London/NewYork, closed-bar reclaim within frozen window"
SSR|ASIA_HIGH|20250715|1752569700|FINAL,SSRP|ASIA_HIGH|20250715|1752569700|FINAL,true,MSZZC1|6:XAUUSD|1:5|2:-1|1:4|18:ASIA_HIGH|20250715,MSZZC1|6:XAUUSD|1:5|2:-1|1:4|18:ASIA_HIGH|20250715,220,220,220,221,true,-1.0000,-1.0,EXECUTED,broker-executed
SSR|ASIA_HIGH|20250715|1752570600|FINAL,SSRP|ASIA_HIGH|20250715|1752570600|FINAL,true,MSZZC1|6:XAUUSD|1:5|2:-1|1:4|18:ASIA_HIGH|20250715,,,,,,false,,,REJECT_DUPLICATE_CLUSTER,"Asia session level swept during London/NewYork, closed-bar reclaim within frozen window"
SSR|ASIA_HIGH|20250715|1752570900|FINAL,SSRP|ASIA_HIGH|20250715|1752570900|FINAL,true,MSZZC1|6:XAUUSD|1:5|2:-1|1:4|18:ASIA_HIGH|20250715,,,,,,false,,,REJECT_DUPLICATE_CLUSTER,"Asia session level swept during London/NewYork, closed-bar reclaim within frozen window"
SSR|ASIA_HIGH|20250715|1752572100|FINAL,SSRP|ASIA_HIGH|20250715|1752572100|FINAL,true,MSZZC1|6:XAUUSD|1:5|2:-1|1:4|18:ASIA_HIGH|20250715,,,,,,false,,,REJECT_DUPLICATE_CLUSTER,"Asia session level swept during London/NewYork, closed-bar reclaim within frozen window"
SSR|ASIA_HIGH|20250715|1752573000|FINAL,SSRP|ASIA_HIGH|20250715|1752573000|FINAL,true,MSZZC1|6:XAUUSD|1:5|2:-1|1:4|18:ASIA_HIGH|20250715,,,,,,false,,,REJECT_DUPLICATE_CLUSTER,"Asia session level swept during London/NewYork, closed-bar reclaim within frozen window"
SSR|ASIA_HIGH|20250715|1752577800|FINAL,SSRP|ASIA_HIGH|20250715|1752577800|FINAL,true,MSZZC1|6:XAUUSD|1:5|2:-1|1:4|18:ASIA_HIGH|20250715,,,,,,false,,,REJECT_DUPLICATE_CLUSTER,"Asia session level swept during London/NewYork, closed-bar reclaim within frozen window"
SSR|ASIA_HIGH|20250715|1752578100|FINAL,SSRP|ASIA_HIGH|20250715|1752578100|FINAL,true,MSZZC1|6:XAUUSD|1:5|2:-1|1:4|18:ASIA_HIGH|20250715,,,,,,false,,,REJECT_DUPLICATE_CLUSTER,"Asia session level swept during London/NewYork, closed-bar reclaim within frozen window"
SSR|ASIA_HIGH|20250715|1752580200|FINAL,SSRP|ASIA_HIGH|20250715|1752580200|FINAL,true,MSZZC1|6:XAUUSD|1:5|2:-1|1:4|18:ASIA_HIGH|20250715,,,,,,false,,,REJECT_DUPLICATE_CLUSTER,"Asia session level swept during London/NewYork, closed-bar reclaim within frozen window"
SSR|ASIA_HIGH|20250715|1752581400|FINAL,SSRP|ASIA_HIGH|20250715|1752581400|FINAL,true,MSZZC1|6:XAUUSD|1:5|2:-1|1:4|18:ASIA_HIGH|20250715,,,,,,false,,,REJECT_DUPLICATE_CLUSTER,"Asia session level swept during London/NewYork, closed-bar reclaim within frozen window"
SSR|ASIA_HIGH|20250715|1752581700|FINAL,SSRP|ASIA_HIGH|20250715|1752581700|FINAL,true,MSZZC1|6:XAUUSD|1:5|2:-1|1:4|18:ASIA_HIGH|20250715,,,,,,false,,,REJECT_DUPLICATE_CLUSTER,"Asia session level swept during London/NewYork, closed-bar reclaim within frozen window"
SSR|ASIA_HIGH|20250715|1752587100|FINAL,SSRP|ASIA_HIGH|20250715|1752587100|FINAL,true,MSZZC1|6:XAUUSD|1:5|2:-1|1:4|18:ASIA_HIGH|20250715,,,,,,false,,,REJECT_DUPLICATE_CLUSTER,"Asia session level swept during London/NewYork, closed-bar reclaim within frozen window"
SSR|ASIA_HIGH|20250715|1752587700|FINAL,SSRP|ASIA_HIGH|20250715|1752587700|FINAL,true,MSZZC1|6:XAUUSD|1:5|2:-1|1:4|18:ASIA_HIGH|20250715,,,,,,false,,,REJECT_DUPLICATE_CLUSTER,"Asia session level swept during London/NewYork, closed-bar reclaim within frozen window"
SSR|ASIA_HIGH|20250715|1752588000|FINAL,SSRP|ASIA_HIGH|20250715|1752588000|FINAL,true,MSZZC1|6:XAUUSD|1:5|2:-1|1:4|18:ASIA_HIGH|20250715,,,,,,false,,,REJECT_DUPLICATE_CLUSTER,"Asia session level swept during London/NewYork, closed-bar reclaim within frozen window"
SSR|ASIA_LOW|20250715|1752597600|FINAL,SSRP|ASIA_LOW|20250715|1752597600|FINAL,true,MSZZC1|6:XAUUSD|1:5|1:1|1:4|17:ASIA_LOW|20250715,MSZZC1|6:XAUUSD|1:5|1:1|1:4|17:ASIA_LOW|20250715,222,222,222,223,true,-1.0000,-1.0,EXECUTED,broker-executed
SSR|ASIA_LOW|20250715|1752598200|FINAL,SSRP|ASIA_LOW|20250715|1752598200|FINAL,true,MSZZC1|6:XAUUSD|1:5|1:1|1:4|17:ASIA_LOW|20250715,,,,,,false,,,REJECT_DUPLICATE_CLUSTER,"Asia session level swept during London/NewYork, closed-bar reclaim within frozen window"
SSR|ASIA_HIGH|20250716|1752654300|FINAL,SSRP|ASIA_HIGH|20250716|1752654300|FINAL,true,MSZZC1|6:XAUUSD|1:5|2:-1|1:4|18:ASIA_HIGH|20250716,MSZZC1|6:XAUUSD|1:5|2:-1|1:4|18:ASIA_HIGH|20250716,224,224,224,225,true,-1.0000,-1.0,EXECUTED,broker-executed
SSR|ASIA_HIGH|20250716|1752654900|FINAL,SSRP|ASIA_HIGH|20250716|1752654900|FINAL,true,MSZZC1|6:XAUUSD|1:5|2:-1|1:4|18:ASIA_HIGH|20250716,,,,,,false,,,REJECT_DUPLICATE_CLUSTER,"Asia session level swept during London/NewYork, closed-bar reclaim within frozen window"
SSR|ASIA_HIGH|20250716|1752655800|FINAL,SSRP|ASIA_HIGH|20250716|1752655800|FINAL,true,MSZZC1|6:XAUUSD|1:5|2:-1|1:4|18:ASIA_HIGH|20250716,,,,,,false,,,REJECT_DUPLICATE_CLUSTER,"Asia session level swept during London/NewYork, closed-bar reclaim within frozen window"
SSR|ASIA_HIGH|20250716|1752658800|FINAL,SSRP|ASIA_HIGH|20250716|1752658800|FINAL,true,MSZZC1|6:XAUUSD|1:5|2:-1|1:4|18:ASIA_HIGH|20250716,,,,,,false,,,REJECT_DUPLICATE_CLUSTER,"Asia session level swept during London/NewYork, closed-bar reclaim within frozen window"
SSR|ASIA_HIGH|20250716|1752660000|FINAL,SSRP|ASIA_HIGH|20250716|1752660000|FINAL,true,MSZZC1|6:XAUUSD|1:5|2:-1|1:4|18:ASIA_HIGH|20250716,,,,,,false,,,REJECT_DUPLICATE_CLUSTER,"Asia session level swept during London/NewYork, closed-bar reclaim within frozen window"
SSR|ASIA_HIGH|20250716|1752660300|FINAL,SSRP|ASIA_HIGH|20250716|1752660300|FINAL,true,MSZZC1|6:XAUUSD|1:5|2:-1|1:4|18:ASIA_HIGH|20250716,,,,,,false,,,REJECT_DUPLICATE_CLUSTER,"Asia session level swept during London/NewYork, closed-bar reclaim within frozen window"
SSR|ASIA_HIGH|20250716|1752661200|FINAL,SSRP|ASIA_HIGH|20250716|1752661200|FINAL,true,MSZZC1|6:XAUUSD|1:5|2:-1|1:4|18:ASIA_HIGH|20250716,,,,,,false,,,REJECT_DUPLICATE_CLUSTER,"Asia session level swept during London/NewYork, closed-bar reclaim within frozen window"
SSR|ASIA_HIGH|20250716|1752661500|FINAL,SSRP|ASIA_HIGH|20250716|1752661500|FINAL,true,MSZZC1|6:XAUUSD|1:5|2:-1|1:4|18:ASIA_HIGH|20250716,,,,,,false,,,REJECT_DUPLICATE_CLUSTER,"Asia session level swept during London/NewYork, closed-bar reclaim within frozen window"
SSR|ASIA_HIGH|20250716|1752661800|FINAL,SSRP|ASIA_HIGH|20250716|1752661800|FINAL,true,MSZZC1|6:XAUUSD|1:5|2:-1|1:4|18:ASIA_HIGH|20250716,,,,,,false,,,REJECT_DUPLICATE_CLUSTER,"Asia session level swept during London/NewYork, closed-bar reclaim within frozen window"
SSR|ASIA_HIGH|20250716|1752670800|FINAL,SSRP|ASIA_HIGH|20250716|1752670800|FINAL,true,MSZZC1|6:XAUUSD|1:5|2:-1|1:4|18:ASIA_HIGH|20250716,,,,,,false,,,REJECT_DUPLICATE_CLUSTER,"Asia session level swept during London/NewYork, closed-bar reclaim within frozen window"
SSR|ASIA_HIGH|20250716|1752671400|FINAL,SSRP|ASIA_HIGH|20250716|1752671400|FINAL,true,MSZZC1|6:XAUUSD|1:5|2:-1|1:4|18:ASIA_HIGH|20250716,,,,,,false,,,REJECT_DUPLICATE_CLUSTER,"Asia session level swept during London/NewYork, closed-bar reclaim within frozen window"
SSR|ASIA_HIGH|20250716|1752672300|FINAL,SSRP|ASIA_HIGH|20250716|1752672300|FINAL,true,MSZZC1|6:XAUUSD|1:5|2:-1|1:4|18:ASIA_HIGH|20250716,,,,,,false,,,REJECT_DUPLICATE_CLUSTER,"Asia session level swept during London/NewYork, closed-bar reclaim within frozen window"
SSR|ASIA_HIGH|20250716|1752673200|FINAL,SSRP|ASIA_HIGH|20250716|1752673200|FINAL,true,MSZZC1|6:XAUUSD|1:5|2:-1|1:4|18:ASIA_HIGH|20250716,,,,,,false,,,REJECT_DUPLICATE_CLUSTER,"Asia session level swept during London/NewYork, closed-bar reclaim within frozen window"
SSR|ASIA_HIGH|20250716|1752677400|FINAL,SSRP|ASIA_HIGH|20250716|1752677400|FINAL,true,MSZZC1|6:XAUUSD|1:5|2:-1|1:4|18:ASIA_HIGH|20250716,,,,,,false,,,REJECT_DUPLICATE_CLUSTER,"Asia session level swept during London/NewYork, closed-bar reclaim within frozen window"
SSR|ASIA_HIGH|20250716|1752678000|FINAL,SSRP|ASIA_HIGH|20250716|1752678000|FINAL,true,MSZZC1|6:XAUUSD|1:5|2:-1|1:4|18:ASIA_HIGH|20250716,,,,,,false,,,REJECT_DUPLICATE_CLUSTER,"Asia session level swept during London/NewYork, closed-bar reclaim within frozen window"
SSR|ASIA_HIGH|20250716|1752678600|FINAL,SSRP|ASIA_HIGH|20250716|1752678600|FINAL,true,MSZZC1|6:XAUUSD|1:5|2:-1|1:4|18:ASIA_HIGH|20250716,,,,,,false,,,REJECT_DUPLICATE_CLUSTER,"Asia session level swept during London/NewYork, closed-bar reclaim within frozen window"
SSR|ASIA_HIGH|20250716|1752682500|FINAL,SSRP|ASIA_HIGH|20250716|1752682500|FINAL,true,MSZZC1|6:XAUUSD|1:5|2:-1|1:4|18:ASIA_HIGH|20250716,,,,,,false,,,REJECT_DUPLICATE_CLUSTER,"Asia session level swept during London/NewYork, closed-bar reclaim within frozen window"
SSR|ASIA_LOW|20250716|1752684600|FINAL,SSRP|ASIA_LOW|20250716|1752684600|FINAL,true,MSZZC1|6:XAUUSD|1:5|1:1|1:4|17:ASIA_LOW|20250716,MSZZC1|6:XAUUSD|1:5|1:1|1:4|17:ASIA_LOW|20250716,226,226,226,227,true,-1.0000,-1.0,EXECUTED,broker-executed
SSR|ASIA_LOW|20250716|1752684900|FINAL,SSRP|ASIA_LOW|20250716|1752684900|FINAL,true,MSZZC1|6:XAUUSD|1:5|1:1|1:4|17:ASIA_LOW|20250716,,,,,,false,,,REJECT_DUPLICATE_CLUSTER,"Asia session level swept during London/NewYork, closed-bar reclaim within frozen window"
SSR|ASIA_LOW|20250716|1752686100|FINAL,SSRP|ASIA_LOW|20250716|1752686100|FINAL,true,MSZZC1|6:XAUUSD|1:5|1:1|1:4|17:ASIA_LOW|20250716,,,,,,false,,,REJECT_DUPLICATE_CLUSTER,"Asia session level swept during London/NewYork, closed-bar reclaim within frozen window"
SSR|ASIA_LOW|20250716|1752687000|FINAL,SSRP|ASIA_LOW|20250716|1752687000|FINAL,true,MSZZC1|6:XAUUSD|1:5|1:1|1:4|17:ASIA_LOW|20250716,,,,,,false,,,REJECT_DUPLICATE_CLUSTER,"Asia session level swept during London/NewYork, closed-bar reclaim within frozen window"
SSR|ASIA_LOW|20250716|1752687300|FINAL,SSRP|ASIA_LOW|20250716|1752687300|FINAL,true,MSZZC1|6:XAUUSD|1:5|1:1|1:4|17:ASIA_LOW|20250716,,,,,,false,,,REJECT_DUPLICATE_CLUSTER,"Asia session level swept during London/NewYork, closed-bar reclaim within frozen window"
SSR|ASIA_LOW|20250716|1752687600|FINAL,SSRP|ASIA_LOW|20250716|1752687600|FINAL,true,MSZZC1|6:XAUUSD|1:5|1:1|1:4|17:ASIA_LOW|20250716,,,,,,false,,,REJECT_DUPLICATE_CLUSTER,"Asia session level swept during London/NewYork, closed-bar reclaim within frozen window"
SSR|ASIA_LOW|20250717|1752776100|FINAL,SSRP|ASIA_LOW|20250717|1752776100|FINAL,true,MSZZC1|6:XAUUSD|1:5|1:1|1:4|17:ASIA_LOW|20250717,MSZZC1|6:XAUUSD|1:5|1:1|1:4|17:ASIA_LOW|20250717,228,228,228,229,true,2.0017,2.001689189189149,EXECUTED,broker-executed
SSR|ASIA_LOW|20250717|1752776700|FINAL,SSRP|ASIA_LOW|20250717|1752776700|FINAL,true,MSZZC1|6:XAUUSD|1:5|1:1|1:4|17:ASIA_LOW|20250717,,,,,,false,,,REJECT_DUPLICATE_CLUSTER,"Asia session level swept during London/NewYork, closed-bar reclaim within frozen window"
SSR|ASIA_LOW|20250717|1752777000|FINAL,SSRP|ASIA_LOW|20250717|1752777000|FINAL,true,MSZZC1|6:XAUUSD|1:5|1:1|1:4|17:ASIA_LOW|20250717,,,,,,false,,,REJECT_DUPLICATE_CLUSTER,"Asia session level swept during London/NewYork, closed-bar reclaim within frozen window"
SSR|ASIA_LOW|20250717|1752777300|FINAL,SSRP|ASIA_LOW|20250717|1752777300|FINAL,true,MSZZC1|6:XAUUSD|1:5|1:1|1:4|17:ASIA_LOW|20250717,,,,,,false,,,REJECT_DUPLICATE_CLUSTER,"Asia session level swept during London/NewYork, closed-bar reclaim within frozen window"
SSR|ASIA_LOW|20250717|1752779100|FINAL,SSRP|ASIA_LOW|20250717|1752779100|FINAL,true,MSZZC1|6:XAUUSD|1:5|1:1|1:4|17:ASIA_LOW|20250717,,,,,,false,,,REJECT_DUPLICATE_CLUSTER,"Asia session level swept during London/NewYork, closed-bar reclaim within frozen window"
SSR|ASIA_LOW|20250717|1752779700|FINAL,SSRP|ASIA_LOW|20250717|1752779700|FINAL,true,MSZZC1|6:XAUUSD|1:5|1:1|1:4|17:ASIA_LOW|20250717,,,,,,false,,,REJECT_DUPLICATE_CLUSTER,"Asia session level swept during London/NewYork, closed-bar reclaim within frozen window"
SSR|ASIA_LOW|20250717|1752786000|FINAL,SSRP|ASIA_LOW|20250717|1752786000|FINAL,true,MSZZC1|6:XAUUSD|1:5|1:1|1:4|17:ASIA_LOW|20250717,,,,,,false,,,REJECT_DUPLICATE_CLUSTER,"Asia session level swept during London/NewYork, closed-bar reclaim within frozen window"
SSR|ASIA_LOW|20250717|1752787200|FINAL,SSRP|ASIA_LOW|20250717|1752787200|FINAL,true,MSZZC1|6:XAUUSD|1:5|1:1|1:4|17:ASIA_LOW|20250717,,,,,,false,,,REJECT_DUPLICATE_CLUSTER,"Asia session level swept during London/NewYork, closed-bar reclaim within frozen window"
SSR|ASIA_LOW|20250718|1752829200|FINAL,SSRP|ASIA_LOW|20250718|1752829200|FINAL,true,MSZZC1|6:XAUUSD|1:5|1:1|1:4|17:ASIA_LOW|20250718,,,,,,false,,,REJECT_OWNERSHIP,owned position limit reached count=1
SSR|ASIA_LOW|20250718|1752829800|FINAL,SSRP|ASIA_LOW|20250718|1752829800|FINAL,true,MSZZC1|6:XAUUSD|1:5|1:1|1:4|17:ASIA_LOW|20250718,,,,,,false,,,REJECT_OWNERSHIP,owned position limit reached count=1
SSR|ASIA_LOW|20250722|1753174500|FINAL,SSRP|ASIA_LOW|20250722|1753174500|FINAL,true,MSZZC1|6:XAUUSD|1:5|1:1|1:4|17:ASIA_LOW|20250722,MSZZC1|6:XAUUSD|1:5|1:1|1:4|17:ASIA_LOW|20250722,230,230,230,231,true,-1.0000,-1.0,EXECUTED,broker-executed
SSR|ASIA_LOW|20250722|1753174800|FINAL,SSRP|ASIA_LOW|20250722|1753174800|FINAL,true,MSZZC1|6:XAUUSD|1:5|1:1|1:4|17:ASIA_LOW|20250722,,,,,,false,,,REJECT_DUPLICATE_CLUSTER,"Asia session level swept during London/NewYork, closed-bar reclaim within frozen window"
SSR|ASIA_LOW|20250722|1753176300|FINAL,SSRP|ASIA_LOW|20250722|1753176300|FINAL,true,MSZZC1|6:XAUUSD|1:5|1:1|1:4|17:ASIA_LOW|20250722,,,,,,false,,,REJECT_DUPLICATE_CLUSTER,"Asia session level swept during London/NewYork, closed-bar reclaim within frozen window"
SSR|ASIA_LOW|20250722|1753176600|FINAL,SSRP|ASIA_LOW|20250722|1753176600|FINAL,true,MSZZC1|6:XAUUSD|1:5|1:1|1:4|17:ASIA_LOW|20250722,,,,,,false,,,REJECT_DUPLICATE_CLUSTER,"Asia session level swept during London/NewYork, closed-bar reclaim within frozen window"
SSR|ASIA_LOW|20250722|1753177500|FINAL,SSRP|ASIA_LOW|20250722|1753177500|FINAL,true,MSZZC1|6:XAUUSD|1:5|1:1|1:4|17:ASIA_LOW|20250722,,,,,,false,,,REJECT_DUPLICATE_CLUSTER,"Asia session level swept during London/NewYork, closed-bar reclaim within frozen window"
SSR|ASIA_LOW|20250722|1753179900|FINAL,SSRP|ASIA_LOW|20250722|1753179900|FINAL,true,MSZZC1|6:XAUUSD|1:5|1:1|1:4|17:ASIA_LOW|20250722,,,,,,false,,,REJECT_DUPLICATE_CLUSTER,"Asia session level swept during London/NewYork, closed-bar reclaim within frozen window"
SSR|ASIA_LOW|20250722|1753180200|FINAL,SSRP|ASIA_LOW|20250722|1753180200|FINAL,true,MSZZC1|6:XAUUSD|1:5|1:1|1:4|17:ASIA_LOW|20250722,,,,,,false,,,REJECT_DUPLICATE_CLUSTER,"Asia session level swept during London/NewYork, closed-bar reclaim within frozen window"
SSR|ASIA_LOW|20250722|1753180800|FINAL,SSRP|ASIA_LOW|20250722|1753180800|FINAL,true,MSZZC1|6:XAUUSD|1:5|1:1|1:4|17:ASIA_LOW|20250722,,,,,,false,,,REJECT_DUPLICATE_CLUSTER,"Asia session level swept during London/NewYork, closed-bar reclaim within frozen window"
SSR|ASIA_LOW|20250722|1753181400|FINAL,SSRP|ASIA_LOW|20250722|1753181400|FINAL,true,MSZZC1|6:XAUUSD|1:5|1:1|1:4|17:ASIA_LOW|20250722,,,,,,false,,,REJECT_DUPLICATE_CLUSTER,"Asia session level swept during London/NewYork, closed-bar reclaim within frozen window"
SSR|ASIA_LOW|20250722|1753187100|FINAL,SSRP|ASIA_LOW|20250722|1753187100|FINAL,true,MSZZC1|6:XAUUSD|1:5|1:1|1:4|17:ASIA_LOW|20250722,,,,,,false,,,REJECT_DUPLICATE_CLUSTER,"Asia session level swept during London/NewYork, closed-bar reclaim within frozen window"
SSR|ASIA_LOW|20250722|1753187700|FINAL,SSRP|ASIA_LOW|20250722|1753187700|FINAL,true,MSZZC1|6:XAUUSD|1:5|1:1|1:4|17:ASIA_LOW|20250722,,,,,,false,,,REJECT_DUPLICATE_CLUSTER,"Asia session level swept during London/NewYork, closed-bar reclaim within frozen window"
SSR|ASIA_HIGH|20250722|1753198800|FINAL,SSRP|ASIA_HIGH|20250722|1753198800|FINAL,true,MSZZC1|6:XAUUSD|1:5|2:-1|1:4|18:ASIA_HIGH|20250722,MSZZC1|6:XAUUSD|1:5|2:-1|1:4|18:ASIA_HIGH|20250722,232,232,232,233,true,-1.0000,-1.0,EXECUTED,broker-executed
SSR|ASIA_LOW|20250723|1753260000|FINAL,SSRP|ASIA_LOW|20250723|1753260000|FINAL,true,MSZZC1|6:XAUUSD|1:5|1:1|1:4|17:ASIA_LOW|20250723,MSZZC1|6:XAUUSD|1:5|1:1|1:4|17:ASIA_LOW|20250723,234,234,234,235,true,2.0000,2.0000000000001465,EXECUTED,broker-executed
SSR|ASIA_LOW|20250723|1753260600|FINAL,SSRP|ASIA_LOW|20250723|1753260600|FINAL,true,MSZZC1|6:XAUUSD|1:5|1:1|1:4|17:ASIA_LOW|20250723,,,,,,false,,,REJECT_DUPLICATE_CLUSTER,"Asia session level swept during London/NewYork, closed-bar reclaim within frozen window"
SSR|ASIA_LOW|20250724|1753348500|FINAL,SSRP|ASIA_LOW|20250724|1753348500|FINAL,true,MSZZC1|6:XAUUSD|1:5|1:1|1:4|17:ASIA_LOW|20250724,MSZZC1|6:XAUUSD|1:5|1:1|1:4|17:ASIA_LOW|20250724,236,236,236,237,true,-1.0000,-1.0,EXECUTED,broker-executed
SSR|ASIA_LOW|20250724|1753349100|FINAL,SSRP|ASIA_LOW|20250724|1753349100|FINAL,true,MSZZC1|6:XAUUSD|1:5|1:1|1:4|17:ASIA_LOW|20250724,,,,,,false,,,REJECT_DUPLICATE_CLUSTER,"Asia session level swept during London/NewYork, closed-bar reclaim within frozen window"
SSR|ASIA_LOW|20250724|1753349400|FINAL,SSRP|ASIA_LOW|20250724|1753349400|FINAL,true,MSZZC1|6:XAUUSD|1:5|1:1|1:4|17:ASIA_LOW|20250724,,,,,,false,,,REJECT_DUPLICATE_CLUSTER,"Asia session level swept during London/NewYork, closed-bar reclaim within frozen window"
SSR|ASIA_LOW|20250724|1753349700|FINAL,SSRP|ASIA_LOW|20250724|1753349700|FINAL,true,MSZZC1|6:XAUUSD|1:5|1:1|1:4|17:ASIA_LOW|20250724,,,,,,false,,,REJECT_DUPLICATE_CLUSTER,"Asia session level swept during London/NewYork, closed-bar reclaim within frozen window"
SSR|ASIA_LOW|20250724|1753350300|FINAL,SSRP|ASIA_LOW|20250724|1753350300|FINAL,true,MSZZC1|6:XAUUSD|1:5|1:1|1:4|17:ASIA_LOW|20250724,,,,,,false,,,REJECT_DUPLICATE_CLUSTER,"Asia session level swept during London/NewYork, closed-bar reclaim within frozen window"
SSR|ASIA_LOW|20250724|1753350600|FINAL,SSRP|ASIA_LOW|20250724|1753350600|FINAL,true,MSZZC1|6:XAUUSD|1:5|1:1|1:4|17:ASIA_LOW|20250724,,,,,,false,,,REJECT_DUPLICATE_CLUSTER,"Asia session level swept during London/NewYork, closed-bar reclaim within frozen window"
SSR|ASIA_LOW|20250724|1753351500|FINAL,SSRP|ASIA_LOW|20250724|1753351500|FINAL,true,MSZZC1|6:XAUUSD|1:5|1:1|1:4|17:ASIA_LOW|20250724,,,,,,false,,,REJECT_DUPLICATE_CLUSTER,"Asia session level swept during London/NewYork, closed-bar reclaim within frozen window"
SSR|ASIA_LOW|20250724|1753351800|FINAL,SSRP|ASIA_LOW|20250724|1753351800|FINAL,true,MSZZC1|6:XAUUSD|1:5|1:1|1:4|17:ASIA_LOW|20250724,,,,,,false,,,REJECT_DUPLICATE_CLUSTER,"Asia session level swept during London/NewYork, closed-bar reclaim within frozen window"
SSR|ASIA_LOW|20250724|1753377600|FINAL,SSRP|ASIA_LOW|20250724|1753377600|FINAL,true,MSZZC1|6:XAUUSD|1:5|1:1|1:4|17:ASIA_LOW|20250724,,,,,,false,,,REJECT_DUPLICATE_CLUSTER,"Asia session level swept during London/NewYork, closed-bar reclaim within frozen window"
SSR|ASIA_LOW|20250724|1753378500|FINAL,SSRP|ASIA_LOW|20250724|1753378500|FINAL,true,MSZZC1|6:XAUUSD|1:5|1:1|1:4|17:ASIA_LOW|20250724,,,,,,false,,,REJECT_DUPLICATE_CLUSTER,"Asia session level swept during London/NewYork, closed-bar reclaim within frozen window"
SSR|ASIA_LOW|20250725|1753433400|FINAL,SSRP|ASIA_LOW|20250725|1753433400|FINAL,true,MSZZC1|6:XAUUSD|1:5|1:1|1:4|17:ASIA_LOW|20250725,MSZZC1|6:XAUUSD|1:5|1:1|1:4|17:ASIA_LOW|20250725,238,238,238,239,true,-1.0000,-1.0,EXECUTED,broker-executed
SSR|ASIA_LOW|20250725|1753433700|FINAL,SSRP|ASIA_LOW|20250725|1753433700|FINAL,true,MSZZC1|6:XAUUSD|1:5|1:1|1:4|17:ASIA_LOW|20250725,,,,,,false,,,REJECT_DUPLICATE_CLUSTER,"Asia session level swept during London/NewYork, closed-bar reclaim within frozen window"
SSR|ASIA_LOW|20250725|1753435800|FINAL,SSRP|ASIA_LOW|20250725|1753435800|FINAL,true,MSZZC1|6:XAUUSD|1:5|1:1|1:4|17:ASIA_LOW|20250725,,,,,,false,,,REJECT_DUPLICATE_CLUSTER,"Asia session level swept during London/NewYork, closed-bar reclaim within frozen window"
SSR|ASIA_LOW|20250725|1753436400|FINAL,SSRP|ASIA_LOW|20250725|1753436400|FINAL,true,MSZZC1|6:XAUUSD|1:5|1:1|1:4|17:ASIA_LOW|20250725,,,,,,false,,,REJECT_DUPLICATE_CLUSTER,"Asia session level swept during London/NewYork, closed-bar reclaim within frozen window"
SSR|ASIA_LOW|20250725|1753437000|FINAL,SSRP|ASIA_LOW|20250725|1753437000|FINAL,true,MSZZC1|6:XAUUSD|1:5|1:1|1:4|17:ASIA_LOW|20250725,,,,,,false,,,REJECT_DUPLICATE_CLUSTER,"Asia session level swept during London/NewYork, closed-bar reclaim within frozen window"
SSR|ASIA_LOW|20250725|1753437600|FINAL,SSRP|ASIA_LOW|20250725|1753437600|FINAL,true,MSZZC1|6:XAUUSD|1:5|1:1|1:4|17:ASIA_LOW|20250725,,,,,,false,,,REJECT_DUPLICATE_CLUSTER,"Asia session level swept during London/NewYork, closed-bar reclaim within frozen window"
SSR|ASIA_HIGH|20250728|1753693200|FINAL,SSRP|ASIA_HIGH|20250728|1753693200|FINAL,true,MSZZC1|6:XAUUSD|1:5|2:-1|1:4|18:ASIA_HIGH|20250728,MSZZC1|6:XAUUSD|1:5|2:-1|1:4|18:ASIA_HIGH|20250728,240,240,240,241,true,2.0038,2.003773584905571,EXECUTED,broker-executed
SSR|ASIA_LOW|20250728|1753742700|FINAL,SSRP|ASIA_LOW|20250728|1753742700|FINAL,true,MSZZC1|6:XAUUSD|1:5|1:1|1:4|17:ASIA_LOW|20250728,MSZZC1|6:XAUUSD|1:5|1:1|1:4|17:ASIA_LOW|20250728,242,242,242,243,true,-1.0000,-1.0000000000001341,EXECUTED,broker-executed
SSR|ASIA_LOW|20250728|1753743000|FINAL,SSRP|ASIA_LOW|20250728|1753743000|FINAL,true,MSZZC1|6:XAUUSD|1:5|1:1|1:4|17:ASIA_LOW|20250728,,,,,,false,,,REJECT_DUPLICATE_CLUSTER,"Asia session level swept during London/NewYork, closed-bar reclaim within frozen window"
SSR|ASIA_LOW|20250728|1753743600|FINAL,SSRP|ASIA_LOW|20250728|1753743600|FINAL,true,MSZZC1|6:XAUUSD|1:5|1:1|1:4|17:ASIA_LOW|20250728,,,,,,false,,,REJECT_DUPLICATE_CLUSTER,"Asia session level swept during London/NewYork, closed-bar reclaim within frozen window"
SSR|ASIA_LOW|20250728|1753745100|FINAL,SSRP|ASIA_LOW|20250728|1753745100|FINAL,true,MSZZC1|6:XAUUSD|1:5|1:1|1:4|17:ASIA_LOW|20250728,,,,,,false,,,REJECT_DUPLICATE_CLUSTER,"Asia session level swept during London/NewYork, closed-bar reclaim within frozen window"
SSR|ASIA_HIGH|20250729|1753781100|FINAL,SSRP|ASIA_HIGH|20250729|1753781100|FINAL,true,MSZZC1|6:XAUUSD|1:5|2:-1|1:4|18:ASIA_HIGH|20250729,MSZZC1|6:XAUUSD|1:5|2:-1|1:4|18:ASIA_HIGH|20250729,244,244,244,245,true,-1.0000,-1.0,EXECUTED,broker-executed
SSR|ASIA_HIGH|20250729|1753781400|FINAL,SSRP|ASIA_HIGH|20250729|1753781400|FINAL,true,MSZZC1|6:XAUUSD|1:5|2:-1|1:4|18:ASIA_HIGH|20250729,,,,,,false,,,REJECT_DUPLICATE_CLUSTER,"Asia session level swept during London/NewYork, closed-bar reclaim within frozen window"
SSR|ASIA_HIGH|20250729|1753782300|FINAL,SSRP|ASIA_HIGH|20250729|1753782300|FINAL,true,MSZZC1|6:XAUUSD|1:5|2:-1|1:4|18:ASIA_HIGH|20250729,,,,,,false,,,REJECT_DUPLICATE_CLUSTER,"Asia session level swept during London/NewYork, closed-bar reclaim within frozen window"
SSR|ASIA_HIGH|20250729|1753782900|FINAL,SSRP|ASIA_HIGH|20250729|1753782900|FINAL,true,MSZZC1|6:XAUUSD|1:5|2:-1|1:4|18:ASIA_HIGH|20250729,,,,,,false,,,REJECT_DUPLICATE_CLUSTER,"Asia session level swept during London/NewYork, closed-bar reclaim within frozen window"
SSR|ASIA_HIGH|20250729|1753797300|FINAL,SSRP|ASIA_HIGH|20250729|1753797300|FINAL,true,MSZZC1|6:XAUUSD|1:5|2:-1|1:4|18:ASIA_HIGH|20250729,,,,,,false,,,REJECT_DUPLICATE_CLUSTER,"Asia session level swept during London/NewYork, closed-bar reclaim within frozen window"
SSR|ASIA_HIGH|20250729|1753797600|FINAL,SSRP|ASIA_HIGH|20250729|1753797600|FINAL,true,MSZZC1|6:XAUUSD|1:5|2:-1|1:4|18:ASIA_HIGH|20250729,,,,,,false,,,REJECT_DUPLICATE_CLUSTER,"Asia session level swept during London/NewYork, closed-bar reclaim within frozen window"
SSR|ASIA_HIGH|20250729|1753798800|FINAL,SSRP|ASIA_HIGH|20250729|1753798800|FINAL,true,MSZZC1|6:XAUUSD|1:5|2:-1|1:4|18:ASIA_HIGH|20250729,,,,,,false,,,REJECT_DUPLICATE_CLUSTER,"Asia session level swept during London/NewYork, closed-bar reclaim within frozen window"
SSR|ASIA_HIGH|20250729|1753799100|FINAL,SSRP|ASIA_HIGH|20250729|1753799100|FINAL,true,MSZZC1|6:XAUUSD|1:5|2:-1|1:4|18:ASIA_HIGH|20250729,,,,,,false,,,REJECT_DUPLICATE_CLUSTER,"Asia session level swept during London/NewYork, closed-bar reclaim within frozen window"
SSR|ASIA_HIGH|20250729|1753801800|FINAL,SSRP|ASIA_HIGH|20250729|1753801800|FINAL,true,MSZZC1|6:XAUUSD|1:5|2:-1|1:4|18:ASIA_HIGH|20250729,,,,,,false,,,REJECT_DUPLICATE_CLUSTER,"Asia session level swept during London/NewYork, closed-bar reclaim within frozen window"
SSR|ASIA_HIGH|20250729|1753802400|FINAL,SSRP|ASIA_HIGH|20250729|1753802400|FINAL,true,MSZZC1|6:XAUUSD|1:5|2:-1|1:4|18:ASIA_HIGH|20250729,,,,,,false,,,REJECT_DUPLICATE_CLUSTER,"Asia session level swept during London/NewYork, closed-bar reclaim within frozen window"
SSR|ASIA_HIGH|20250729|1753805700|FINAL,SSRP|ASIA_HIGH|20250729|1753805700|FINAL,true,MSZZC1|6:XAUUSD|1:5|2:-1|1:4|18:ASIA_HIGH|20250729,,,,,,false,,,REJECT_DUPLICATE_CLUSTER,"Asia session level swept during London/NewYork, closed-bar reclaim within frozen window"
SSR|ASIA_HIGH|20250729|1753806600|FINAL,SSRP|ASIA_HIGH|20250729|1753806600|FINAL,true,MSZZC1|6:XAUUSD|1:5|2:-1|1:4|18:ASIA_HIGH|20250729,,,,,,false,,,REJECT_DUPLICATE_CLUSTER,"Asia session level swept during London/NewYork, closed-bar reclaim within frozen window"
SSR|ASIA_HIGH|20250729|1753814400|FINAL,SSRP|ASIA_HIGH|20250729|1753814400|FINAL,true,MSZZC1|6:XAUUSD|1:5|2:-1|1:4|18:ASIA_HIGH|20250729,,,,,,false,,,REJECT_DUPLICATE_CLUSTER,"Asia session level swept during London/NewYork, closed-bar reclaim within frozen window"
SSR|ASIA_HIGH|20250729|1753815000|FINAL,SSRP|ASIA_HIGH|20250729|1753815000|FINAL,true,MSZZC1|6:XAUUSD|1:5|2:-1|1:4|18:ASIA_HIGH|20250729,,,,,,false,,,REJECT_DUPLICATE_CLUSTER,"Asia session level swept during London/NewYork, closed-bar reclaim within frozen window"
SSR|ASIA_HIGH|20250730|1753880100|FINAL,SSRP|ASIA_HIGH|20250730|1753880100|FINAL,true,MSZZC1|6:XAUUSD|1:5|2:-1|1:4|18:ASIA_HIGH|20250730,MSZZC1|6:XAUUSD|1:5|2:-1|1:4|18:ASIA_HIGH|20250730,246,246,246,247,true,2.0000,1.9999999999997715,EXECUTED,broker-executed
SSR|ASIA_HIGH|20250731|1753948800|FINAL,SSRP|ASIA_HIGH|20250731|1753948800|FINAL,true,MSZZC1|6:XAUUSD|1:5|2:-1|1:4|18:ASIA_HIGH|20250731,MSZZC1|6:XAUUSD|1:5|2:-1|1:4|18:ASIA_HIGH|20250731,248,248,248,249,true,-1.0000,-0.9999999999997644,EXECUTED,broker-executed
SSR|ASIA_HIGH|20250731|1753949100|FINAL,SSRP|ASIA_HIGH|20250731|1753949100|FINAL,true,MSZZC1|6:XAUUSD|1:5|2:-1|1:4|18:ASIA_HIGH|20250731,,,,,,false,,,REJECT_DUPLICATE_CLUSTER,"Asia session level swept during London/NewYork, closed-bar reclaim within frozen window"
SSR|ASIA_HIGH|20250731|1753969200|FINAL,SSRP|ASIA_HIGH|20250731|1753969200|FINAL,true,MSZZC1|6:XAUUSD|1:5|2:-1|1:4|18:ASIA_HIGH|20250731,,,,,,false,,,REJECT_DUPLICATE_CLUSTER,"Asia session level swept during London/NewYork, closed-bar reclaim within frozen window"
SSR|ASIA_HIGH|20250731|1753969800|FINAL,SSRP|ASIA_HIGH|20250731|1753969800|FINAL,true,MSZZC1|6:XAUUSD|1:5|2:-1|1:4|18:ASIA_HIGH|20250731,,,,,,false,,,REJECT_DUPLICATE_CLUSTER,"Asia session level swept during London/NewYork, closed-bar reclaim within frozen window"
SSR|ASIA_HIGH|20250731|1753981800|FINAL,SSRP|ASIA_HIGH|20250731|1753981800|FINAL,true,MSZZC1|6:XAUUSD|1:5|2:-1|1:4|18:ASIA_HIGH|20250731,,,,,,false,,,REJECT_DUPLICATE_CLUSTER,"Asia session level swept during London/NewYork, closed-bar reclaim within frozen window"
SSR|ASIA_HIGH|20250731|1753982100|FINAL,SSRP|ASIA_HIGH|20250731|1753982100|FINAL,true,MSZZC1|6:XAUUSD|1:5|2:-1|1:4|18:ASIA_HIGH|20250731,,,,,,false,,,REJECT_DUPLICATE_CLUSTER,"Asia session level swept during London/NewYork, closed-bar reclaim within frozen window"
SSR|ASIA_HIGH|20250801|1754038200|FINAL,SSRP|ASIA_HIGH|20250801|1754038200|FINAL,true,MSZZC1|6:XAUUSD|1:5|2:-1|1:4|18:ASIA_HIGH|20250801,MSZZC1|6:XAUUSD|1:5|2:-1|1:4|18:ASIA_HIGH|20250801,250,250,250,251,true,2.0000,2.0,EXECUTED,broker-executed
SSR|ASIA_HIGH|20250801|1754038500|FINAL,SSRP|ASIA_HIGH|20250801|1754038500|FINAL,true,MSZZC1|6:XAUUSD|1:5|2:-1|1:4|18:ASIA_HIGH|20250801,,,,,,false,,,REJECT_DUPLICATE_CLUSTER,"Asia session level swept during London/NewYork, closed-bar reclaim within frozen window"
SSR|ASIA_HIGH|20250801|1754039400|FINAL,SSRP|ASIA_HIGH|20250801|1754039400|FINAL,true,MSZZC1|6:XAUUSD|1:5|2:-1|1:4|18:ASIA_HIGH|20250801,,,,,,false,,,REJECT_DUPLICATE_CLUSTER,"Asia session level swept during London/NewYork, closed-bar reclaim within frozen window"
SSR|ASIA_HIGH|20250801|1754055300|FINAL,SSRP|ASIA_HIGH|20250801|1754055300|FINAL,true,MSZZC1|6:XAUUSD|1:5|2:-1|1:4|18:ASIA_HIGH|20250801,,,,,,false,,,REJECT_DUPLICATE_CLUSTER,"Asia session level swept during London/NewYork, closed-bar reclaim within frozen window"
SSR|ASIA_HIGH|20250804|1754319300|FINAL,SSRP|ASIA_HIGH|20250804|1754319300|FINAL,true,MSZZC1|6:XAUUSD|1:5|2:-1|1:4|18:ASIA_HIGH|20250804,MSZZC1|6:XAUUSD|1:5|2:-1|1:4|18:ASIA_HIGH|20250804,252,252,252,253,true,-1.0000,-1.0,EXECUTED,broker-executed
SSR|ASIA_HIGH|20250804|1754320200|FINAL,SSRP|ASIA_HIGH|20250804|1754320200|FINAL,true,MSZZC1|6:XAUUSD|1:5|2:-1|1:4|18:ASIA_HIGH|20250804,,,,,,false,,,REJECT_DUPLICATE_CLUSTER,"Asia session level swept during London/NewYork, closed-bar reclaim within frozen window"
SSR|ASIA_LOW|20250805|1754382300|FINAL,SSRP|ASIA_LOW|20250805|1754382300|FINAL,true,MSZZC1|6:XAUUSD|1:5|1:1|1:4|17:ASIA_LOW|20250805,MSZZC1|6:XAUUSD|1:5|1:1|1:4|17:ASIA_LOW|20250805,254,254,254,255,true,-1.0000,-1.0000000000001468,EXECUTED,broker-executed
SSR|ASIA_LOW|20250805|1754382900|FINAL,SSRP|ASIA_LOW|20250805|1754382900|FINAL,true,MSZZC1|6:XAUUSD|1:5|1:1|1:4|17:ASIA_LOW|20250805,,,,,,false,,,REJECT_DUPLICATE_CLUSTER,"Asia session level swept during London/NewYork, closed-bar reclaim within frozen window"
SSR|ASIA_LOW|20250805|1754383500|FINAL,SSRP|ASIA_LOW|20250805|1754383500|FINAL,true,MSZZC1|6:XAUUSD|1:5|1:1|1:4|17:ASIA_LOW|20250805,,,,,,false,,,REJECT_DUPLICATE_CLUSTER,"Asia session level swept during London/NewYork, closed-bar reclaim within frozen window"
SSR|ASIA_LOW|20250805|1754388600|FINAL,SSRP|ASIA_LOW|20250805|1754388600|FINAL,true,MSZZC1|6:XAUUSD|1:5|1:1|1:4|17:ASIA_LOW|20250805,,,,,,false,,,REJECT_DUPLICATE_CLUSTER,"Asia session level swept during London/NewYork, closed-bar reclaim within frozen window"
SSR|ASIA_LOW|20250805|1754391900|FINAL,SSRP|ASIA_LOW|20250805|1754391900|FINAL,true,MSZZC1|6:XAUUSD|1:5|1:1|1:4|17:ASIA_LOW|20250805,,,,,,false,,,REJECT_DUPLICATE_CLUSTER,"Asia session level swept during London/NewYork, closed-bar reclaim within frozen window"
SSR|ASIA_LOW|20250805|1754410500|FINAL,SSRP|ASIA_LOW|20250805|1754410500|FINAL,true,MSZZC1|6:XAUUSD|1:5|1:1|1:4|17:ASIA_LOW|20250805,,,,,,false,,,REJECT_DUPLICATE_CLUSTER,"Asia session level swept during London/NewYork, closed-bar reclaim within frozen window"
SSR|ASIA_LOW|20250805|1754411400|FINAL,SSRP|ASIA_LOW|20250805|1754411400|FINAL,true,MSZZC1|6:XAUUSD|1:5|1:1|1:4|17:ASIA_LOW|20250805,,,,,,false,,,REJECT_DUPLICATE_CLUSTER,"Asia session level swept during London/NewYork, closed-bar reclaim within frozen window"
SSR|ASIA_HIGH|20250805|1754421000|FINAL,SSRP|ASIA_HIGH|20250805|1754421000|FINAL,true,MSZZC1|6:XAUUSD|1:5|2:-1|1:4|18:ASIA_HIGH|20250805,MSZZC1|6:XAUUSD|1:5|2:-1|1:4|18:ASIA_HIGH|20250805,256,256,256,257,true,1.2603,1.2602739726028864,EXECUTED,broker-executed
SSR|ASIA_HIGH|20250805|1754422200|FINAL,SSRP|ASIA_HIGH|20250805|1754422200|FINAL,true,MSZZC1|6:XAUUSD|1:5|2:-1|1:4|18:ASIA_HIGH|20250805,,,,,,false,,,REJECT_DUPLICATE_CLUSTER,"Asia session level swept during London/NewYork, closed-bar reclaim within frozen window"
SSR|ASIA_HIGH|20250805|1754426400|FINAL,SSRP|ASIA_HIGH|20250805|1754426400|FINAL,true,MSZZC1|6:XAUUSD|1:5|2:-1|1:4|18:ASIA_HIGH|20250805,,,,,,false,,,REJECT_DUPLICATE_CLUSTER,"Asia session level swept during London/NewYork, closed-bar reclaim within frozen window"
SSR|ASIA_LOW|20250806|1754468400|FINAL,SSRP|ASIA_LOW|20250806|1754468400|FINAL,true,MSZZC1|6:XAUUSD|1:5|1:1|1:4|17:ASIA_LOW|20250806,MSZZC1|6:XAUUSD|1:5|1:1|1:4|17:ASIA_LOW|20250806,258,258,258,259,true,2.0000,2.0000000000001967,EXECUTED,broker-executed
SSR|ASIA_LOW|20250806|1754469600|FINAL,SSRP|ASIA_LOW|20250806|1754469600|FINAL,true,MSZZC1|6:XAUUSD|1:5|1:1|1:4|17:ASIA_LOW|20250806,,,,,,false,,,REJECT_DUPLICATE_CLUSTER,"Asia session level swept during London/NewYork, closed-bar reclaim within frozen window"
SSR|ASIA_LOW|20250806|1754470200|FINAL,SSRP|ASIA_LOW|20250806|1754470200|FINAL,true,MSZZC1|6:XAUUSD|1:5|1:1|1:4|17:ASIA_LOW|20250806,,,,,,false,,,REJECT_DUPLICATE_CLUSTER,"Asia session level swept during London/NewYork, closed-bar reclaim within frozen window"
SSR|ASIA_LOW|20250806|1754475000|FINAL,SSRP|ASIA_LOW|20250806|1754475000|FINAL,true,MSZZC1|6:XAUUSD|1:5|1:1|1:4|17:ASIA_LOW|20250806,,,,,,false,,,REJECT_DUPLICATE_CLUSTER,"Asia session level swept during London/NewYork, closed-bar reclaim within frozen window"
SSR|ASIA_LOW|20250806|1754476200|FINAL,SSRP|ASIA_LOW|20250806|1754476200|FINAL,true,MSZZC1|6:XAUUSD|1:5|1:1|1:4|17:ASIA_LOW|20250806,,,,,,false,,,REJECT_DUPLICATE_CLUSTER,"Asia session level swept during London/NewYork, closed-bar reclaim within frozen window"
SSR|ASIA_LOW|20250806|1754476500|FINAL,SSRP|ASIA_LOW|20250806|1754476500|FINAL,true,MSZZC1|6:XAUUSD|1:5|1:1|1:4|17:ASIA_LOW|20250806,,,,,,false,,,REJECT_DUPLICATE_CLUSTER,"Asia session level swept during London/NewYork, closed-bar reclaim within frozen window"
SSR|ASIA_LOW|20250806|1754498700|FINAL,SSRP|ASIA_LOW|20250806|1754498700|FINAL,true,MSZZC1|6:XAUUSD|1:5|1:1|1:4|17:ASIA_LOW|20250806,,,,,,false,,,REJECT_DUPLICATE_CLUSTER,"Asia session level swept during London/NewYork, closed-bar reclaim within frozen window"
SSR|ASIA_LOW|20250806|1754499000|FINAL,SSRP|ASIA_LOW|20250806|1754499000|FINAL,true,MSZZC1|6:XAUUSD|1:5|1:1|1:4|17:ASIA_LOW|20250806,,,,,,false,,,REJECT_DUPLICATE_CLUSTER,"Asia session level swept during London/NewYork, closed-bar reclaim within frozen window"
SSR|ASIA_LOW|20250806|1754499600|FINAL,SSRP|ASIA_LOW|20250806|1754499600|FINAL,true,MSZZC1|6:XAUUSD|1:5|1:1|1:4|17:ASIA_LOW|20250806,,,,,,false,,,REJECT_DUPLICATE_CLUSTER,"Asia session level swept during London/NewYork, closed-bar reclaim within frozen window"
SSR|ASIA_LOW|20250806|1754500500|FINAL,SSRP|ASIA_LOW|20250806|1754500500|FINAL,true,MSZZC1|6:XAUUSD|1:5|1:1|1:4|17:ASIA_LOW|20250806,,,,,,false,,,REJECT_DUPLICATE_CLUSTER,"Asia session level swept during London/NewYork, closed-bar reclaim within frozen window"
SSR|ASIA_LOW|20250806|1754505600|FINAL,SSRP|ASIA_LOW|20250806|1754505600|FINAL,true,MSZZC1|6:XAUUSD|1:5|1:1|1:4|17:ASIA_LOW|20250806,,,,,,false,,,REJECT_DUPLICATE_CLUSTER,"Asia session level swept during London/NewYork, closed-bar reclaim within frozen window"
SSR|ASIA_LOW|20250806|1754511600|FINAL,SSRP|ASIA_LOW|20250806|1754511600|FINAL,true,MSZZC1|6:XAUUSD|1:5|1:1|1:4|17:ASIA_LOW|20250806,,,,,,false,,,REJECT_DUPLICATE_CLUSTER,"Asia session level swept during London/NewYork, closed-bar reclaim within frozen window"
SSR|ASIA_LOW|20250806|1754511900|FINAL,SSRP|ASIA_LOW|20250806|1754511900|FINAL,true,MSZZC1|6:XAUUSD|1:5|1:1|1:4|17:ASIA_LOW|20250806,,,,,,false,,,REJECT_DUPLICATE_CLUSTER,"Asia session level swept during London/NewYork, closed-bar reclaim within frozen window"
SSR|ASIA_LOW|20250806|1754516100|FINAL,SSRP|ASIA_LOW|20250806|1754516100|FINAL,true,MSZZC1|6:XAUUSD|1:5|1:1|1:4|17:ASIA_LOW|20250806,,,,,,false,,,REJECT_DUPLICATE_CLUSTER,"Asia session level swept during London/NewYork, closed-bar reclaim within frozen window"
SSR|ASIA_LOW|20250806|1754516400|FINAL,SSRP|ASIA_LOW|20250806|1754516400|FINAL,true,MSZZC1|6:XAUUSD|1:5|1:1|1:4|17:ASIA_LOW|20250806,,,,,,false,,,REJECT_DUPLICATE_CLUSTER,"Asia session level swept during London/NewYork, closed-bar reclaim within frozen window"
SSR|ASIA_HIGH|20250807|1754564400|FINAL,SSRP|ASIA_HIGH|20250807|1754564400|FINAL,true,MSZZC1|6:XAUUSD|1:5|2:-1|1:4|18:ASIA_HIGH|20250807,MSZZC1|6:XAUUSD|1:5|2:-1|1:4|18:ASIA_HIGH|20250807,260,260,260,261,true,-1.0000,-1.0,EXECUTED,broker-executed
SSR|ASIA_HIGH|20250807|1754565000|FINAL,SSRP|ASIA_HIGH|20250807|1754565000|FINAL,true,MSZZC1|6:XAUUSD|1:5|2:-1|1:4|18:ASIA_HIGH|20250807,,,,,,false,,,REJECT_DUPLICATE_CLUSTER,"Asia session level swept during London/NewYork, closed-bar reclaim within frozen window"
SSR|ASIA_HIGH|20250807|1754580600|FINAL,SSRP|ASIA_HIGH|20250807|1754580600|FINAL,true,MSZZC1|6:XAUUSD|1:5|2:-1|1:4|18:ASIA_HIGH|20250807,,,,,,false,,,REJECT_DUPLICATE_CLUSTER,"Asia session level swept during London/NewYork, closed-bar reclaim within frozen window"
SSR|ASIA_HIGH|20250807|1754581500|FINAL,SSRP|ASIA_HIGH|20250807|1754581500|FINAL,true,MSZZC1|6:XAUUSD|1:5|2:-1|1:4|18:ASIA_HIGH|20250807,,,,,,false,,,REJECT_DUPLICATE_CLUSTER,"Asia session level swept during London/NewYork, closed-bar reclaim within frozen window"
SSR|ASIA_HIGH|20250807|1754585400|FINAL,SSRP|ASIA_HIGH|20250807|1754585400|FINAL,true,MSZZC1|6:XAUUSD|1:5|2:-1|1:4|18:ASIA_HIGH|20250807,,,,,,false,,,REJECT_DUPLICATE_CLUSTER,"Asia session level swept during London/NewYork, closed-bar reclaim within frozen window"
SSR|ASIA_HIGH|20250807|1754586000|FINAL,SSRP|ASIA_HIGH|20250807|1754586000|FINAL,true,MSZZC1|6:XAUUSD|1:5|2:-1|1:4|18:ASIA_HIGH|20250807,,,,,,false,,,REJECT_DUPLICATE_CLUSTER,"Asia session level swept during London/NewYork, closed-bar reclaim within frozen window"
SSR|ASIA_HIGH|20250807|1754586600|FINAL,SSRP|ASIA_HIGH|20250807|1754586600|FINAL,true,MSZZC1|6:XAUUSD|1:5|2:-1|1:4|18:ASIA_HIGH|20250807,,,,,,false,,,REJECT_DUPLICATE_CLUSTER,"Asia session level swept during London/NewYork, closed-bar reclaim within frozen window"
SSR|ASIA_HIGH|20250807|1754587200|FINAL,SSRP|ASIA_HIGH|20250807|1754587200|FINAL,true,MSZZC1|6:XAUUSD|1:5|2:-1|1:4|18:ASIA_HIGH|20250807,,,,,,false,,,REJECT_DUPLICATE_CLUSTER,"Asia session level swept during London/NewYork, closed-bar reclaim within frozen window"
SSR|ASIA_LOW|20250808|1754663100|FINAL,SSRP|ASIA_LOW|20250808|1754663100|FINAL,true,MSZZC1|6:XAUUSD|1:5|1:1|1:4|17:ASIA_LOW|20250808,MSZZC1|6:XAUUSD|1:5|1:1|1:4|17:ASIA_LOW|20250808,262,262,262,263,true,1.9985,1.9985380116958746,EXECUTED,broker-executed
SSR|ASIA_LOW|20250808|1754686800|FINAL,SSRP|ASIA_LOW|20250808|1754686800|FINAL,true,MSZZC1|6:XAUUSD|1:5|1:1|1:4|17:ASIA_LOW|20250808,,,,,,false,,,REJECT_DUPLICATE_CLUSTER,"Asia session level swept during London/NewYork, closed-bar reclaim within frozen window"
SSR|ASIA_LOW|20250811|1754905200|FINAL,SSRP|ASIA_LOW|20250811|1754905200|FINAL,true,MSZZC1|6:XAUUSD|1:5|1:1|1:4|17:ASIA_LOW|20250811,MSZZC1|6:XAUUSD|1:5|1:1|1:4|17:ASIA_LOW|20250811,264,264,264,265,true,-1.0000,-1.0,EXECUTED,broker-executed
SSR|ASIA_HIGH|20250812|1754994900|FINAL,SSRP|ASIA_HIGH|20250812|1754994900|FINAL,true,MSZZC1|6:XAUUSD|1:5|2:-1|1:4|18:ASIA_HIGH|20250812,MSZZC1|6:XAUUSD|1:5|2:-1|1:4|18:ASIA_HIGH|20250812,266,266,266,267,true,2.0000,2.0,EXECUTED,broker-executed
SSR|ASIA_LOW|20250812|1755008400|FINAL,SSRP|ASIA_LOW|20250812|1755008400|FINAL,true,MSZZC1|6:XAUUSD|1:5|1:1|1:4|17:ASIA_LOW|20250812,MSZZC1|6:XAUUSD|1:5|1:1|1:4|17:ASIA_LOW|20250812,268,268,268,269,true,-1.0000,-1.0,EXECUTED,broker-executed
SSR|ASIA_LOW|20250812|1755009000|FINAL,SSRP|ASIA_LOW|20250812|1755009000|FINAL,true,MSZZC1|6:XAUUSD|1:5|1:1|1:4|17:ASIA_LOW|20250812,,,,,,false,,,REJECT_DUPLICATE_CLUSTER,"Asia session level swept during London/NewYork, closed-bar reclaim within frozen window"
SSR|ASIA_LOW|20250812|1755009300|FINAL,SSRP|ASIA_LOW|20250812|1755009300|FINAL,true,MSZZC1|6:XAUUSD|1:5|1:1|1:4|17:ASIA_LOW|20250812,,,,,,false,,,REJECT_DUPLICATE_CLUSTER,"Asia session level swept during London/NewYork, closed-bar reclaim within frozen window"
SSR|ASIA_LOW|20250812|1755012000|FINAL,SSRP|ASIA_LOW|20250812|1755012000|FINAL,true,MSZZC1|6:XAUUSD|1:5|1:1|1:4|17:ASIA_LOW|20250812,,,,,,false,,,REJECT_DUPLICATE_CLUSTER,"Asia session level swept during London/NewYork, closed-bar reclaim within frozen window"
SSR|ASIA_LOW|20250812|1755012600|FINAL,SSRP|ASIA_LOW|20250812|1755012600|FINAL,true,MSZZC1|6:XAUUSD|1:5|1:1|1:4|17:ASIA_LOW|20250812,,,,,,false,,,REJECT_DUPLICATE_CLUSTER,"Asia session level swept during London/NewYork, closed-bar reclaim within frozen window"
SSR|ASIA_LOW|20250812|1755016800|FINAL,SSRP|ASIA_LOW|20250812|1755016800|FINAL,true,MSZZC1|6:XAUUSD|1:5|1:1|1:4|17:ASIA_LOW|20250812,,,,,,false,,,REJECT_DUPLICATE_CLUSTER,"Asia session level swept during London/NewYork, closed-bar reclaim within frozen window"
SSR|ASIA_LOW|20250812|1755021300|FINAL,SSRP|ASIA_LOW|20250812|1755021300|FINAL,true,MSZZC1|6:XAUUSD|1:5|1:1|1:4|17:ASIA_LOW|20250812,,,,,,false,,,REJECT_DUPLICATE_CLUSTER,"Asia session level swept during London/NewYork, closed-bar reclaim within frozen window"
SSR|ASIA_HIGH|20250812|1755023100|FINAL,SSRP|ASIA_HIGH|20250812|1755023100|FINAL,true,MSZZC1|6:XAUUSD|1:5|2:-1|1:4|18:ASIA_HIGH|20250812,,,,,,false,,,REJECT_DUPLICATE_CLUSTER,"Asia session level swept during London/NewYork, closed-bar reclaim within frozen window"
SSR|ASIA_HIGH|20250812|1755023400|FINAL,SSRP|ASIA_HIGH|20250812|1755023400|FINAL,true,MSZZC1|6:XAUUSD|1:5|2:-1|1:4|18:ASIA_HIGH|20250812,,,,,,false,,,REJECT_DUPLICATE_CLUSTER,"Asia session level swept during London/NewYork, closed-bar reclaim within frozen window"
SSR|ASIA_HIGH|20250813|1755076800|FINAL,SSRP|ASIA_HIGH|20250813|1755076800|FINAL,true,MSZZC1|6:XAUUSD|1:5|2:-1|1:4|18:ASIA_HIGH|20250813,MSZZC1|6:XAUUSD|1:5|2:-1|1:4|18:ASIA_HIGH|20250813,270,270,270,271,true,-1.0000,-1.0,EXECUTED,broker-executed
SSR|ASIA_HIGH|20250813|1755081900|FINAL,SSRP|ASIA_HIGH|20250813|1755081900|FINAL,true,MSZZC1|6:XAUUSD|1:5|2:-1|1:4|18:ASIA_HIGH|20250813,,,,,,false,,,REJECT_DUPLICATE_CLUSTER,"Asia session level swept during London/NewYork, closed-bar reclaim within frozen window"
SSR|ASIA_HIGH|20250813|1755082800|FINAL,SSRP|ASIA_HIGH|20250813|1755082800|FINAL,true,MSZZC1|6:XAUUSD|1:5|2:-1|1:4|18:ASIA_HIGH|20250813,,,,,,false,,,REJECT_DUPLICATE_CLUSTER,"Asia session level swept during London/NewYork, closed-bar reclaim within frozen window"
SSR|ASIA_HIGH|20250813|1755083100|FINAL,SSRP|ASIA_HIGH|20250813|1755083100|FINAL,true,MSZZC1|6:XAUUSD|1:5|2:-1|1:4|18:ASIA_HIGH|20250813,,,,,,false,,,REJECT_DUPLICATE_CLUSTER,"Asia session level swept during London/NewYork, closed-bar reclaim within frozen window"
SSR|ASIA_HIGH|20250813|1755083700|FINAL,SSRP|ASIA_HIGH|20250813|1755083700|FINAL,true,MSZZC1|6:XAUUSD|1:5|2:-1|1:4|18:ASIA_HIGH|20250813,,,,,,false,,,REJECT_DUPLICATE_CLUSTER,"Asia session level swept during London/NewYork, closed-bar reclaim within frozen window"
SSR|ASIA_HIGH|20250813|1755116700|FINAL,SSRP|ASIA_HIGH|20250813|1755116700|FINAL,true,MSZZC1|6:XAUUSD|1:5|2:-1|1:4|18:ASIA_HIGH|20250813,,,,,,false,,,REJECT_DUPLICATE_CLUSTER,"Asia session level swept during London/NewYork, closed-bar reclaim within frozen window"
SSR|ASIA_LOW|20250814|1755173100|FINAL,SSRP|ASIA_LOW|20250814|1755173100|FINAL,true,MSZZC1|6:XAUUSD|1:5|1:1|1:4|17:ASIA_LOW|20250814,MSZZC1|6:XAUUSD|1:5|1:1|1:4|17:ASIA_LOW|20250814,272,272,272,273,true,-1.0000,-1.0,EXECUTED,broker-executed
SSR|ASIA_LOW|20250814|1755173700|FINAL,SSRP|ASIA_LOW|20250814|1755173700|FINAL,true,MSZZC1|6:XAUUSD|1:5|1:1|1:4|17:ASIA_LOW|20250814,,,,,,false,,,REJECT_DUPLICATE_CLUSTER,"Asia session level swept during London/NewYork, closed-bar reclaim within frozen window"
SSR|ASIA_LOW|20250814|1755175200|FINAL,SSRP|ASIA_LOW|20250814|1755175200|FINAL,true,MSZZC1|6:XAUUSD|1:5|1:1|1:4|17:ASIA_LOW|20250814,,,,,,false,,,REJECT_DUPLICATE_CLUSTER,"Asia session level swept during London/NewYork, closed-bar reclaim within frozen window"
SSR|ASIA_LOW|20250814|1755179400|FINAL,SSRP|ASIA_LOW|20250814|1755179400|FINAL,true,MSZZC1|6:XAUUSD|1:5|1:1|1:4|17:ASIA_LOW|20250814,,,,,,false,,,REJECT_DUPLICATE_CLUSTER,"Asia session level swept during London/NewYork, closed-bar reclaim within frozen window"
SSR|ASIA_LOW|20250814|1755182400|FINAL,SSRP|ASIA_LOW|20250814|1755182400|FINAL,true,MSZZC1|6:XAUUSD|1:5|1:1|1:4|17:ASIA_LOW|20250814,,,,,,false,,,REJECT_DUPLICATE_CLUSTER,"Asia session level swept during London/NewYork, closed-bar reclaim within frozen window"
SSR|ASIA_LOW|20250814|1755183000|FINAL,SSRP|ASIA_LOW|20250814|1755183000|FINAL,true,MSZZC1|6:XAUUSD|1:5|1:1|1:4|17:ASIA_LOW|20250814,,,,,,false,,,REJECT_DUPLICATE_CLUSTER,"Asia session level swept during London/NewYork, closed-bar reclaim within frozen window"
SSR|ASIA_LOW|20250814|1755183600|FINAL,SSRP|ASIA_LOW|20250814|1755183600|FINAL,true,MSZZC1|6:XAUUSD|1:5|1:1|1:4|17:ASIA_LOW|20250814,,,,,,false,,,REJECT_DUPLICATE_CLUSTER,"Asia session level swept during London/NewYork, closed-bar reclaim within frozen window"
SSR|ASIA_HIGH|20250815|1755244800|FINAL,SSRP|ASIA_HIGH|20250815|1755244800|FINAL,true,MSZZC1|6:XAUUSD|1:5|2:-1|1:4|18:ASIA_HIGH|20250815,MSZZC1|6:XAUUSD|1:5|2:-1|1:4|18:ASIA_HIGH|20250815,274,274,274,275,true,2.0036,2.003636363636443,EXECUTED,broker-executed
SSR|ASIA_HIGH|20250815|1755245400|FINAL,SSRP|ASIA_HIGH|20250815|1755245400|FINAL,true,MSZZC1|6:XAUUSD|1:5|2:-1|1:4|18:ASIA_HIGH|20250815,,,,,,false,,,REJECT_DUPLICATE_CLUSTER,"Asia session level swept during London/NewYork, closed-bar reclaim within frozen window"
SSR|ASIA_HIGH|20250815|1755247200|FINAL,SSRP|ASIA_HIGH|20250815|1755247200|FINAL,true,MSZZC1|6:XAUUSD|1:5|2:-1|1:4|18:ASIA_HIGH|20250815,,,,,,false,,,REJECT_DUPLICATE_CLUSTER,"Asia session level swept during London/NewYork, closed-bar reclaim within frozen window"
SSR|ASIA_HIGH|20250815|1755247500|FINAL,SSRP|ASIA_HIGH|20250815|1755247500|FINAL,true,MSZZC1|6:XAUUSD|1:5|2:-1|1:4|18:ASIA_HIGH|20250815,,,,,,false,,,REJECT_DUPLICATE_CLUSTER,"Asia session level swept during London/NewYork, closed-bar reclaim within frozen window"
SSR|ASIA_HIGH|20250815|1755255600|FINAL,SSRP|ASIA_HIGH|20250815|1755255600|FINAL,true,MSZZC1|6:XAUUSD|1:5|2:-1|1:4|18:ASIA_HIGH|20250815,,,,,,false,,,REJECT_DUPLICATE_CLUSTER,"Asia session level swept during London/NewYork, closed-bar reclaim within frozen window"
SSR|ASIA_HIGH|20250819|1755612600|FINAL,SSRP|ASIA_HIGH|20250819|1755612600|FINAL,true,MSZZC1|6:XAUUSD|1:5|2:-1|1:4|18:ASIA_HIGH|20250819,MSZZC1|6:XAUUSD|1:5|2:-1|1:4|18:ASIA_HIGH|20250819,276,276,276,277,true,2.0034,2.00338983050824,EXECUTED,broker-executed
SSR|ASIA_HIGH|20250819|1755613500|FINAL,SSRP|ASIA_HIGH|20250819|1755613500|FINAL,true,MSZZC1|6:XAUUSD|1:5|2:-1|1:4|18:ASIA_HIGH|20250819,,,,,,false,,,REJECT_DUPLICATE_CLUSTER,"Asia session level swept during London/NewYork, closed-bar reclaim within frozen window"
SSR|ASIA_HIGH|20250819|1755614700|FINAL,SSRP|ASIA_HIGH|20250819|1755614700|FINAL,true,MSZZC1|6:XAUUSD|1:5|2:-1|1:4|18:ASIA_HIGH|20250819,,,,,,false,,,REJECT_DUPLICATE_CLUSTER,"Asia session level swept during London/NewYork, closed-bar reclaim within frozen window"
SSR|ASIA_HIGH|20250819|1755615000|FINAL,SSRP|ASIA_HIGH|20250819|1755615000|FINAL,true,MSZZC1|6:XAUUSD|1:5|2:-1|1:4|18:ASIA_HIGH|20250819,,,,,,false,,,REJECT_DUPLICATE_CLUSTER,"Asia session level swept during London/NewYork, closed-bar reclaim within frozen window"
SSR|ASIA_HIGH|20250820|1755678900|FINAL,SSRP|ASIA_HIGH|20250820|1755678900|FINAL,true,MSZZC1|6:XAUUSD|1:5|2:-1|1:4|18:ASIA_HIGH|20250820,MSZZC1|6:XAUUSD|1:5|2:-1|1:4|18:ASIA_HIGH|20250820,278,278,278,279,true,-1.0000,-1.0,EXECUTED,broker-executed
SSR|ASIA_LOW|20250821|1755763800|FINAL,SSRP|ASIA_LOW|20250821|1755763800|FINAL,true,MSZZC1|6:XAUUSD|1:5|1:1|1:4|17:ASIA_LOW|20250821,MSZZC1|6:XAUUSD|1:5|1:1|1:4|17:ASIA_LOW|20250821,280,280,280,281,true,-1.0000,-1.0,EXECUTED,broker-executed
SSR|ASIA_LOW|20250821|1755764100|FINAL,SSRP|ASIA_LOW|20250821|1755764100|FINAL,true,MSZZC1|6:XAUUSD|1:5|1:1|1:4|17:ASIA_LOW|20250821,,,,,,false,,,REJECT_DUPLICATE_CLUSTER,"Asia session level swept during London/NewYork, closed-bar reclaim within frozen window"
SSR|ASIA_LOW|20250821|1755764700|FINAL,SSRP|ASIA_LOW|20250821|1755764700|FINAL,true,MSZZC1|6:XAUUSD|1:5|1:1|1:4|17:ASIA_LOW|20250821,,,,,,false,,,REJECT_DUPLICATE_CLUSTER,"Asia session level swept during London/NewYork, closed-bar reclaim within frozen window"
SSR|ASIA_LOW|20250821|1755770700|FINAL,SSRP|ASIA_LOW|20250821|1755770700|FINAL,true,MSZZC1|6:XAUUSD|1:5|1:1|1:4|17:ASIA_LOW|20250821,,,,,,false,,,REJECT_DUPLICATE_CLUSTER,"Asia session level swept during London/NewYork, closed-bar reclaim within frozen window"
SSR|ASIA_LOW|20250821|1755771000|FINAL,SSRP|ASIA_LOW|20250821|1755771000|FINAL,true,MSZZC1|6:XAUUSD|1:5|1:1|1:4|17:ASIA_LOW|20250821,,,,,,false,,,REJECT_DUPLICATE_CLUSTER,"Asia session level swept during London/NewYork, closed-bar reclaim within frozen window"
SSR|ASIA_LOW|20250821|1755772200|FINAL,SSRP|ASIA_LOW|20250821|1755772200|FINAL,true,MSZZC1|6:XAUUSD|1:5|1:1|1:4|17:ASIA_LOW|20250821,,,,,,false,,,REJECT_DUPLICATE_CLUSTER,"Asia session level swept during London/NewYork, closed-bar reclaim within frozen window"
SSR|ASIA_LOW|20250821|1755788100|FINAL,SSRP|ASIA_LOW|20250821|1755788100|FINAL,true,MSZZC1|6:XAUUSD|1:5|1:1|1:4|17:ASIA_LOW|20250821,,,,,,false,,,REJECT_DUPLICATE_CLUSTER,"Asia session level swept during London/NewYork, closed-bar reclaim within frozen window"
SSR|ASIA_LOW|20250821|1755789900|FINAL,SSRP|ASIA_LOW|20250821|1755789900|FINAL,true,MSZZC1|6:XAUUSD|1:5|1:1|1:4|17:ASIA_LOW|20250821,,,,,,false,,,REJECT_DUPLICATE_CLUSTER,"Asia session level swept during London/NewYork, closed-bar reclaim within frozen window"
SSR|ASIA_LOW|20250821|1755790200|FINAL,SSRP|ASIA_LOW|20250821|1755790200|FINAL,true,MSZZC1|6:XAUUSD|1:5|1:1|1:4|17:ASIA_LOW|20250821,,,,,,false,,,REJECT_DUPLICATE_CLUSTER,"Asia session level swept during London/NewYork, closed-bar reclaim within frozen window"
SSR|ASIA_LOW|20250821|1755794700|FINAL,SSRP|ASIA_LOW|20250821|1755794700|FINAL,true,MSZZC1|6:XAUUSD|1:5|1:1|1:4|17:ASIA_LOW|20250821,,,,,,false,,,REJECT_DUPLICATE_CLUSTER,"Asia session level swept during London/NewYork, closed-bar reclaim within frozen window"
SSR|ASIA_LOW|20250821|1755795300|FINAL,SSRP|ASIA_LOW|20250821|1755795300|FINAL,true,MSZZC1|6:XAUUSD|1:5|1:1|1:4|17:ASIA_LOW|20250821,,,,,,false,,,REJECT_DUPLICATE_CLUSTER,"Asia session level swept during London/NewYork, closed-bar reclaim within frozen window"
SSR|ASIA_LOW|20250821|1755800100|FINAL,SSRP|ASIA_LOW|20250821|1755800100|FINAL,true,MSZZC1|6:XAUUSD|1:5|1:1|1:4|17:ASIA_LOW|20250821,,,,,,false,,,REJECT_DUPLICATE_CLUSTER,"Asia session level swept during London/NewYork, closed-bar reclaim within frozen window"
SSR|ASIA_LOW|20250821|1755809100|FINAL,SSRP|ASIA_LOW|20250821|1755809100|FINAL,true,MSZZC1|6:XAUUSD|1:5|1:1|1:4|17:ASIA_LOW|20250821,,,,,,false,,,REJECT_DUPLICATE_CLUSTER,"Asia session level swept during London/NewYork, closed-bar reclaim within frozen window"
SSR|ASIA_LOW|20250821|1755809700|FINAL,SSRP|ASIA_LOW|20250821|1755809700|FINAL,true,MSZZC1|6:XAUUSD|1:5|1:1|1:4|17:ASIA_LOW|20250821,,,,,,false,,,REJECT_DUPLICATE_CLUSTER,"Asia session level swept during London/NewYork, closed-bar reclaim within frozen window"
SSR|ASIA_LOW|20250821|1755810900|FINAL,SSRP|ASIA_LOW|20250821|1755810900|FINAL,true,MSZZC1|6:XAUUSD|1:5|1:1|1:4|17:ASIA_LOW|20250821,,,,,,false,,,REJECT_DUPLICATE_CLUSTER,"Asia session level swept during London/NewYork, closed-bar reclaim within frozen window"
SSR|ASIA_LOW|20250822|1755850200|FINAL,SSRP|ASIA_LOW|20250822|1755850200|FINAL,true,MSZZC1|6:XAUUSD|1:5|1:1|1:4|17:ASIA_LOW|20250822,MSZZC1|6:XAUUSD|1:5|1:1|1:4|17:ASIA_LOW|20250822,282,282,282,283,true,-1.0000,-1.0,EXECUTED,broker-executed
SSR|ASIA_LOW|20250822|1755850500|FINAL,SSRP|ASIA_LOW|20250822|1755850500|FINAL,true,MSZZC1|6:XAUUSD|1:5|1:1|1:4|17:ASIA_LOW|20250822,,,,,,false,,,REJECT_DUPLICATE_CLUSTER,"Asia session level swept during London/NewYork, closed-bar reclaim within frozen window"
SSR|ASIA_LOW|20250822|1755851100|FINAL,SSRP|ASIA_LOW|20250822|1755851100|FINAL,true,MSZZC1|6:XAUUSD|1:5|1:1|1:4|17:ASIA_LOW|20250822,,,,,,false,,,REJECT_DUPLICATE_CLUSTER,"Asia session level swept during London/NewYork, closed-bar reclaim within frozen window"
SSR|ASIA_LOW|20250822|1755853200|FINAL,SSRP|ASIA_LOW|20250822|1755853200|FINAL,true,MSZZC1|6:XAUUSD|1:5|1:1|1:4|17:ASIA_LOW|20250822,,,,,,false,,,REJECT_DUPLICATE_CLUSTER,"Asia session level swept during London/NewYork, closed-bar reclaim within frozen window"
SSR|ASIA_LOW|20250822|1755855900|FINAL,SSRP|ASIA_LOW|20250822|1755855900|FINAL,true,MSZZC1|6:XAUUSD|1:5|1:1|1:4|17:ASIA_LOW|20250822,,,,,,false,,,REJECT_DUPLICATE_CLUSTER,"Asia session level swept during London/NewYork, closed-bar reclaim within frozen window"
SSR|ASIA_LOW|20250822|1755856200|FINAL,SSRP|ASIA_LOW|20250822|1755856200|FINAL,true,MSZZC1|6:XAUUSD|1:5|1:1|1:4|17:ASIA_LOW|20250822,,,,,,false,,,REJECT_DUPLICATE_CLUSTER,"Asia session level swept during London/NewYork, closed-bar reclaim within frozen window"
SSR|ASIA_LOW|20250822|1755859800|FINAL,SSRP|ASIA_LOW|20250822|1755859800|FINAL,true,MSZZC1|6:XAUUSD|1:5|1:1|1:4|17:ASIA_LOW|20250822,,,,,,false,,,REJECT_DUPLICATE_CLUSTER,"Asia session level swept during London/NewYork, closed-bar reclaim within frozen window"
SSR|ASIA_LOW|20250822|1755860700|FINAL,SSRP|ASIA_LOW|20250822|1755860700|FINAL,true,MSZZC1|6:XAUUSD|1:5|1:1|1:4|17:ASIA_LOW|20250822,,,,,,false,,,REJECT_DUPLICATE_CLUSTER,"Asia session level swept during London/NewYork, closed-bar reclaim within frozen window"
SSR|ASIA_LOW|20250822|1755861000|FINAL,SSRP|ASIA_LOW|20250822|1755861000|FINAL,true,MSZZC1|6:XAUUSD|1:5|1:1|1:4|17:ASIA_LOW|20250822,,,,,,false,,,REJECT_DUPLICATE_CLUSTER,"Asia session level swept during London/NewYork, closed-bar reclaim within frozen window"
SSR|ASIA_LOW|20250822|1755861600|FINAL,SSRP|ASIA_LOW|20250822|1755861600|FINAL,true,MSZZC1|6:XAUUSD|1:5|1:1|1:4|17:ASIA_LOW|20250822,,,,,,false,,,REJECT_DUPLICATE_CLUSTER,"Asia session level swept during London/NewYork, closed-bar reclaim within frozen window"
SSR|ASIA_LOW|20250822|1755861900|FINAL,SSRP|ASIA_LOW|20250822|1755861900|FINAL,true,MSZZC1|6:XAUUSD|1:5|1:1|1:4|17:ASIA_LOW|20250822,,,,,,false,,,REJECT_DUPLICATE_CLUSTER,"Asia session level swept during London/NewYork, closed-bar reclaim within frozen window"
SSR|ASIA_LOW|20250822|1755863100|FINAL,SSRP|ASIA_LOW|20250822|1755863100|FINAL,true,MSZZC1|6:XAUUSD|1:5|1:1|1:4|17:ASIA_LOW|20250822,,,,,,false,,,REJECT_DUPLICATE_CLUSTER,"Asia session level swept during London/NewYork, closed-bar reclaim within frozen window"
SSR|ASIA_LOW|20250822|1755874200|FINAL,SSRP|ASIA_LOW|20250822|1755874200|FINAL,true,MSZZC1|6:XAUUSD|1:5|1:1|1:4|17:ASIA_LOW|20250822,,,,,,false,,,REJECT_DUPLICATE_CLUSTER,"Asia session level swept during London/NewYork, closed-bar reclaim within frozen window"
SSR|ASIA_LOW|20250822|1755875400|FINAL,SSRP|ASIA_LOW|20250822|1755875400|FINAL,true,MSZZC1|6:XAUUSD|1:5|1:1|1:4|17:ASIA_LOW|20250822,,,,,,false,,,REJECT_DUPLICATE_CLUSTER,"Asia session level swept during London/NewYork, closed-bar reclaim within frozen window"
SSR|ASIA_LOW|20250822|1755879000|FINAL,SSRP|ASIA_LOW|20250822|1755879000|FINAL,true,MSZZC1|6:XAUUSD|1:5|1:1|1:4|17:ASIA_LOW|20250822,,,,,,false,,,REJECT_DUPLICATE_CLUSTER,"Asia session level swept during London/NewYork, closed-bar reclaim within frozen window"
SSR|ASIA_LOW|20250822|1755879900|FINAL,SSRP|ASIA_LOW|20250822|1755879900|FINAL,true,MSZZC1|6:XAUUSD|1:5|1:1|1:4|17:ASIA_LOW|20250822,,,,,,false,,,REJECT_DUPLICATE_CLUSTER,"Asia session level swept during London/NewYork, closed-bar reclaim within frozen window"
SSR|ASIA_HIGH|20250825|1756141200|FINAL,SSRP|ASIA_HIGH|20250825|1756141200|FINAL,true,MSZZC1|6:XAUUSD|1:5|2:-1|1:4|18:ASIA_HIGH|20250825,MSZZC1|6:XAUUSD|1:5|2:-1|1:4|18:ASIA_HIGH|20250825,284,284,284,285,true,-1.0000,-1.0,EXECUTED,broker-executed
SSR|ASIA_HIGH|20250825|1756142100|FINAL,SSRP|ASIA_HIGH|20250825|1756142100|FINAL,true,MSZZC1|6:XAUUSD|1:5|2:-1|1:4|18:ASIA_HIGH|20250825,,,,,,false,,,REJECT_DUPLICATE_CLUSTER,"Asia session level swept during London/NewYork, closed-bar reclaim within frozen window"
SSR|ASIA_HIGH|20250825|1756142700|FINAL,SSRP|ASIA_HIGH|20250825|1756142700|FINAL,true,MSZZC1|6:XAUUSD|1:5|2:-1|1:4|18:ASIA_HIGH|20250825,,,,,,false,,,REJECT_DUPLICATE_CLUSTER,"Asia session level swept during London/NewYork, closed-bar reclaim within frozen window"
SSR|ASIA_HIGH|20250825|1756153500|FINAL,SSRP|ASIA_HIGH|20250825|1756153500|FINAL,true,MSZZC1|6:XAUUSD|1:5|2:-1|1:4|18:ASIA_HIGH|20250825,,,,,,false,,,REJECT_DUPLICATE_CLUSTER,"Asia session level swept during London/NewYork, closed-bar reclaim within frozen window"
SSR|ASIA_HIGH|20250825|1756153800|FINAL,SSRP|ASIA_HIGH|20250825|1756153800|FINAL,true,MSZZC1|6:XAUUSD|1:5|2:-1|1:4|18:ASIA_HIGH|20250825,,,,,,false,,,REJECT_DUPLICATE_CLUSTER,"Asia session level swept during London/NewYork, closed-bar reclaim within frozen window"
SSR|ASIA_HIGH|20250825|1756154400|FINAL,SSRP|ASIA_HIGH|20250825|1756154400|FINAL,true,MSZZC1|6:XAUUSD|1:5|2:-1|1:4|18:ASIA_HIGH|20250825,,,,,,false,,,REJECT_DUPLICATE_CLUSTER,"Asia session level swept during London/NewYork, closed-bar reclaim within frozen window"
SSR|ASIA_HIGH|20250825|1756155000|FINAL,SSRP|ASIA_HIGH|20250825|1756155000|FINAL,true,MSZZC1|6:XAUUSD|1:5|2:-1|1:4|18:ASIA_HIGH|20250825,,,,,,false,,,REJECT_DUPLICATE_CLUSTER,"Asia session level swept during London/NewYork, closed-bar reclaim within frozen window"
SSR|ASIA_HIGH|20250825|1756156200|FINAL,SSRP|ASIA_HIGH|20250825|1756156200|FINAL,true,MSZZC1|6:XAUUSD|1:5|2:-1|1:4|18:ASIA_HIGH|20250825,,,,,,false,,,REJECT_DUPLICATE_CLUSTER,"Asia session level swept during London/NewYork, closed-bar reclaim within frozen window"
SSR|ASIA_HIGH|20250825|1756157400|FINAL,SSRP|ASIA_HIGH|20250825|1756157400|FINAL,true,MSZZC1|6:XAUUSD|1:5|2:-1|1:4|18:ASIA_HIGH|20250825,,,,,,false,,,REJECT_DUPLICATE_CLUSTER,"Asia session level swept during London/NewYork, closed-bar reclaim within frozen window"
SSR|ASIA_HIGH|20250825|1756157700|FINAL,SSRP|ASIA_HIGH|20250825|1756157700|FINAL,true,MSZZC1|6:XAUUSD|1:5|2:-1|1:4|18:ASIA_HIGH|20250825,,,,,,false,,,REJECT_DUPLICATE_CLUSTER,"Asia session level swept during London/NewYork, closed-bar reclaim within frozen window"
SSR|ASIA_HIGH|20250826|1756234500|FINAL,SSRP|ASIA_HIGH|20250826|1756234500|FINAL,true,MSZZC1|6:XAUUSD|1:5|2:-1|1:4|18:ASIA_HIGH|20250826,MSZZC1|6:XAUUSD|1:5|2:-1|1:4|18:ASIA_HIGH|20250826,286,286,286,287,true,-1.0000,-1.0,EXECUTED,broker-executed
SSR|ASIA_HIGH|20250826|1756235100|FINAL,SSRP|ASIA_HIGH|20250826|1756235100|FINAL,true,MSZZC1|6:XAUUSD|1:5|2:-1|1:4|18:ASIA_HIGH|20250826,,,,,,false,,,REJECT_DUPLICATE_CLUSTER,"Asia session level swept during London/NewYork, closed-bar reclaim within frozen window"
SSR|ASIA_HIGH|20250827|1756328100|FINAL,SSRP|ASIA_HIGH|20250827|1756328100|FINAL,true,MSZZC1|6:XAUUSD|1:5|2:-1|1:4|18:ASIA_HIGH|20250827,MSZZC1|6:XAUUSD|1:5|2:-1|1:4|18:ASIA_HIGH|20250827,288,288,288,289,true,-1.0000,-1.0,EXECUTED,broker-executed
SSR|ASIA_HIGH|20250828|1756380900|FINAL,SSRP|ASIA_HIGH|20250828|1756380900|FINAL,true,MSZZC1|6:XAUUSD|1:5|2:-1|1:4|18:ASIA_HIGH|20250828,MSZZC1|6:XAUUSD|1:5|2:-1|1:4|18:ASIA_HIGH|20250828,290,290,290,291,true,-1.0000,-1.0,EXECUTED,broker-executed
SSR|ASIA_HIGH|20250828|1756385400|FINAL,SSRP|ASIA_HIGH|20250828|1756385400|FINAL,true,MSZZC1|6:XAUUSD|1:5|2:-1|1:4|18:ASIA_HIGH|20250828,,,,,,false,,,REJECT_DUPLICATE_CLUSTER,"Asia session level swept during London/NewYork, closed-bar reclaim within frozen window"
SSR|ASIA_HIGH|20250828|1756385700|FINAL,SSRP|ASIA_HIGH|20250828|1756385700|FINAL,true,MSZZC1|6:XAUUSD|1:5|2:-1|1:4|18:ASIA_HIGH|20250828,,,,,,false,,,REJECT_DUPLICATE_CLUSTER,"Asia session level swept during London/NewYork, closed-bar reclaim within frozen window"
SSR|ASIA_HIGH|20250828|1756395600|FINAL,SSRP|ASIA_HIGH|20250828|1756395600|FINAL,true,MSZZC1|6:XAUUSD|1:5|2:-1|1:4|18:ASIA_HIGH|20250828,,,,,,false,,,REJECT_DUPLICATE_CLUSTER,"Asia session level swept during London/NewYork, closed-bar reclaim within frozen window"
SSR|ASIA_HIGH|20250828|1756396500|FINAL,SSRP|ASIA_HIGH|20250828|1756396500|FINAL,true,MSZZC1|6:XAUUSD|1:5|2:-1|1:4|18:ASIA_HIGH|20250828,,,,,,false,,,REJECT_DUPLICATE_CLUSTER,"Asia session level swept during London/NewYork, closed-bar reclaim within frozen window"
SSR|ASIA_HIGH|20250828|1756397100|FINAL,SSRP|ASIA_HIGH|20250828|1756397100|FINAL,true,MSZZC1|6:XAUUSD|1:5|2:-1|1:4|18:ASIA_HIGH|20250828,,,,,,false,,,REJECT_DUPLICATE_CLUSTER,"Asia session level swept during London/NewYork, closed-bar reclaim within frozen window"
SSR|ASIA_LOW|20250829|1756455300|FINAL,SSRP|ASIA_LOW|20250829|1756455300|FINAL,true,MSZZC1|6:XAUUSD|1:5|1:1|1:4|17:ASIA_LOW|20250829,MSZZC1|6:XAUUSD|1:5|1:1|1:4|17:ASIA_LOW|20250829,292,292,292,293,true,2.0000,2.0000000000005613,EXECUTED,broker-executed
SSR|ASIA_LOW|20250829|1756455600|FINAL,SSRP|ASIA_LOW|20250829|1756455600|FINAL,true,MSZZC1|6:XAUUSD|1:5|1:1|1:4|17:ASIA_LOW|20250829,,,,,,false,,,REJECT_DUPLICATE_CLUSTER,"Asia session level swept during London/NewYork, closed-bar reclaim within frozen window"
SSR|ASIA_LOW|20250829|1756463100|FINAL,SSRP|ASIA_LOW|20250829|1756463100|FINAL,true,MSZZC1|6:XAUUSD|1:5|1:1|1:4|17:ASIA_LOW|20250829,,,,,,false,,,REJECT_DUPLICATE_CLUSTER,"Asia session level swept during London/NewYork, closed-bar reclaim within frozen window"
SSR|ASIA_LOW|20250829|1756463700|FINAL,SSRP|ASIA_LOW|20250829|1756463700|FINAL,true,MSZZC1|6:XAUUSD|1:5|1:1|1:4|17:ASIA_LOW|20250829,,,,,,false,,,REJECT_DUPLICATE_CLUSTER,"Asia session level swept during London/NewYork, closed-bar reclaim within frozen window"
SSR|ASIA_LOW|20250829|1756470900|FINAL,SSRP|ASIA_LOW|20250829|1756470900|FINAL,true,MSZZC1|6:XAUUSD|1:5|1:1|1:4|17:ASIA_LOW|20250829,,,,,,false,,,REJECT_DUPLICATE_CLUSTER,"Asia session level swept during London/NewYork, closed-bar reclaim within frozen window"
SSR|ASIA_LOW|20250829|1756471200|FINAL,SSRP|ASIA_LOW|20250829|1756471200|FINAL,true,MSZZC1|6:XAUUSD|1:5|1:1|1:4|17:ASIA_LOW|20250829,,,,,,false,,,REJECT_DUPLICATE_CLUSTER,"Asia session level swept during London/NewYork, closed-bar reclaim within frozen window"
SSR|ASIA_LOW|20250829|1756477200|FINAL,SSRP|ASIA_LOW|20250829|1756477200|FINAL,true,MSZZC1|6:XAUUSD|1:5|1:1|1:4|17:ASIA_LOW|20250829,,,,,,false,,,REJECT_DUPLICATE_CLUSTER,"Asia session level swept during London/NewYork, closed-bar reclaim within frozen window"
SSR|ASIA_LOW|20250829|1756477800|FINAL,SSRP|ASIA_LOW|20250829|1756477800|FINAL,true,MSZZC1|6:XAUUSD|1:5|1:1|1:4|17:ASIA_LOW|20250829,,,,,,false,,,REJECT_DUPLICATE_CLUSTER,"Asia session level swept during London/NewYork, closed-bar reclaim within frozen window"
SSR|ASIA_LOW|20250829|1756478100|FINAL,SSRP|ASIA_LOW|20250829|1756478100|FINAL,true,MSZZC1|6:XAUUSD|1:5|1:1|1:4|17:ASIA_LOW|20250829,,,,,,false,,,REJECT_DUPLICATE_CLUSTER,"Asia session level swept during London/NewYork, closed-bar reclaim within frozen window"
SSR|ASIA_LOW|20250829|1756478400|FINAL,SSRP|ASIA_LOW|20250829|1756478400|FINAL,true,MSZZC1|6:XAUUSD|1:5|1:1|1:4|17:ASIA_LOW|20250829,,,,,,false,,,REJECT_DUPLICATE_CLUSTER,"Asia session level swept during London/NewYork, closed-bar reclaim within frozen window"
SSR|ASIA_LOW|20250829|1756480500|FINAL,SSRP|ASIA_LOW|20250829|1756480500|FINAL,true,MSZZC1|6:XAUUSD|1:5|1:1|1:4|17:ASIA_LOW|20250829,,,,,,false,,,REJECT_DUPLICATE_CLUSTER,"Asia session level swept during London/NewYork, closed-bar reclaim within frozen window"
SSR|ASIA_HIGH|20250829|1756483800|FINAL,SSRP|ASIA_HIGH|20250829|1756483800|FINAL,true,MSZZC1|6:XAUUSD|1:5|2:-1|1:4|18:ASIA_HIGH|20250829,MSZZC1|6:XAUUSD|1:5|2:-1|1:4|18:ASIA_HIGH|20250829,294,294,294,295,true,-1.0000,-1.0,EXECUTED,broker-executed
SSR|ASIA_HIGH|20250829|1756484100|FINAL,SSRP|ASIA_HIGH|20250829|1756484100|FINAL,true,MSZZC1|6:XAUUSD|1:5|2:-1|1:4|18:ASIA_HIGH|20250829,,,,,,false,,,REJECT_DUPLICATE_CLUSTER,"Asia session level swept during London/NewYork, closed-bar reclaim within frozen window"
SSR|ASIA_HIGH|20250829|1756484400|FINAL,SSRP|ASIA_HIGH|20250829|1756484400|FINAL,true,MSZZC1|6:XAUUSD|1:5|2:-1|1:4|18:ASIA_HIGH|20250829,,,,,,false,,,REJECT_DUPLICATE_CLUSTER,"Asia session level swept during London/NewYork, closed-bar reclaim within frozen window"
SSR|ASIA_HIGH|20250901|1756719900|FINAL,SSRP|ASIA_HIGH|20250901|1756719900|FINAL,true,MSZZC1|6:XAUUSD|1:5|2:-1|1:4|18:ASIA_HIGH|20250901,MSZZC1|6:XAUUSD|1:5|2:-1|1:4|18:ASIA_HIGH|20250901,296,296,296,297,true,2.0034,2.0033783783782986,EXECUTED,broker-executed
SSR|ASIA_HIGH|20250901|1756720200|FINAL,SSRP|ASIA_HIGH|20250901|1756720200|FINAL,true,MSZZC1|6:XAUUSD|1:5|2:-1|1:4|18:ASIA_HIGH|20250901,,,,,,false,,,REJECT_DUPLICATE_CLUSTER,"Asia session level swept during London/NewYork, closed-bar reclaim within frozen window"
SSR|ASIA_LOW|20250902|1756810200|FINAL,SSRP|ASIA_LOW|20250902|1756810200|FINAL,true,MSZZC1|6:XAUUSD|1:5|1:1|1:4|17:ASIA_LOW|20250902,MSZZC1|6:XAUUSD|1:5|1:1|1:4|17:ASIA_LOW|20250902,298,298,298,299,true,-1.0000,-1.0,EXECUTED,broker-executed
SSR|ASIA_LOW|20250902|1756811100|FINAL,SSRP|ASIA_LOW|20250902|1756811100|FINAL,true,MSZZC1|6:XAUUSD|1:5|1:1|1:4|17:ASIA_LOW|20250902,,,,,,false,,,REJECT_DUPLICATE_CLUSTER,"Asia session level swept during London/NewYork, closed-bar reclaim within frozen window"
SSR|ASIA_LOW|20250902|1756811400|FINAL,SSRP|ASIA_LOW|20250902|1756811400|FINAL,true,MSZZC1|6:XAUUSD|1:5|1:1|1:4|17:ASIA_LOW|20250902,,,,,,false,,,REJECT_DUPLICATE_CLUSTER,"Asia session level swept during London/NewYork, closed-bar reclaim within frozen window"
SSR|ASIA_HIGH|20250903|1756908600|FINAL,SSRP|ASIA_HIGH|20250903|1756908600|FINAL,true,MSZZC1|6:XAUUSD|1:5|2:-1|1:4|18:ASIA_HIGH|20250903,MSZZC1|6:XAUUSD|1:5|2:-1|1:4|18:ASIA_HIGH|20250903,300,300,300,301,true,-1.0000,-0.9999999999997824,EXECUTED,broker-executed
SSR|ASIA_HIGH|20250903|1756910400|FINAL,SSRP|ASIA_HIGH|20250903|1756910400|FINAL,true,MSZZC1|6:XAUUSD|1:5|2:-1|1:4|18:ASIA_HIGH|20250903,,,,,,false,,,REJECT_DUPLICATE_CLUSTER,"Asia session level swept during London/NewYork, closed-bar reclaim within frozen window"
SSR|ASIA_HIGH|20250903|1756911600|FINAL,SSRP|ASIA_HIGH|20250903|1756911600|FINAL,true,MSZZC1|6:XAUUSD|1:5|2:-1|1:4|18:ASIA_HIGH|20250903,,,,,,false,,,REJECT_DUPLICATE_CLUSTER,"Asia session level swept during London/NewYork, closed-bar reclaim within frozen window"
SSR|ASIA_HIGH|20250903|1756912200|FINAL,SSRP|ASIA_HIGH|20250903|1756912200|FINAL,true,MSZZC1|6:XAUUSD|1:5|2:-1|1:4|18:ASIA_HIGH|20250903,,,,,,false,,,REJECT_DUPLICATE_CLUSTER,"Asia session level swept during London/NewYork, closed-bar reclaim within frozen window"
SSR|ASIA_HIGH|20250903|1756913100|FINAL,SSRP|ASIA_HIGH|20250903|1756913100|FINAL,true,MSZZC1|6:XAUUSD|1:5|2:-1|1:4|18:ASIA_HIGH|20250903,,,,,,false,,,REJECT_DUPLICATE_CLUSTER,"Asia session level swept during London/NewYork, closed-bar reclaim within frozen window"
SSR|ASIA_HIGH|20250905|1757059200|FINAL,SSRP|ASIA_HIGH|20250905|1757059200|FINAL,true,MSZZC1|6:XAUUSD|1:5|2:-1|1:4|18:ASIA_HIGH|20250905,MSZZC1|6:XAUUSD|1:5|2:-1|1:4|18:ASIA_HIGH|20250905,302,302,302,303,true,2.0000,2.0,EXECUTED,broker-executed
SSR|ASIA_HIGH|20250905|1757059500|FINAL,SSRP|ASIA_HIGH|20250905|1757059500|FINAL,true,MSZZC1|6:XAUUSD|1:5|2:-1|1:4|18:ASIA_HIGH|20250905,,,,,,false,,,REJECT_DUPLICATE_CLUSTER,"Asia session level swept during London/NewYork, closed-bar reclaim within frozen window"
SSR|ASIA_HIGH|20250905|1757061300|FINAL,SSRP|ASIA_HIGH|20250905|1757061300|FINAL,true,MSZZC1|6:XAUUSD|1:5|2:-1|1:4|18:ASIA_HIGH|20250905,,,,,,false,,,REJECT_DUPLICATE_CLUSTER,"Asia session level swept during London/NewYork, closed-bar reclaim within frozen window"
SSR|ASIA_HIGH|20250908|1757324400|FINAL,SSRP|ASIA_HIGH|20250908|1757324400|FINAL,true,MSZZC1|6:XAUUSD|1:5|2:-1|1:4|18:ASIA_HIGH|20250908,MSZZC1|6:XAUUSD|1:5|2:-1|1:4|18:ASIA_HIGH|20250908,304,304,304,305,true,-1.0000,-1.0,EXECUTED,broker-executed
SSR|ASIA_HIGH|20250908|1757324700|FINAL,SSRP|ASIA_HIGH|20250908|1757324700|FINAL,true,MSZZC1|6:XAUUSD|1:5|2:-1|1:4|18:ASIA_HIGH|20250908,,,,,,false,,,REJECT_DUPLICATE_CLUSTER,"Asia session level swept during London/NewYork, closed-bar reclaim within frozen window"
SSR|ASIA_HIGH|20250909|1757406900|FINAL,SSRP|ASIA_HIGH|20250909|1757406900|FINAL,true,MSZZC1|6:XAUUSD|1:5|2:-1|1:4|18:ASIA_HIGH|20250909,MSZZC1|6:XAUUSD|1:5|2:-1|1:4|18:ASIA_HIGH|20250909,306,306,306,307,true,-1.0000,-1.0,EXECUTED,broker-executed
SSR|ASIA_HIGH|20250909|1757407200|FINAL,SSRP|ASIA_HIGH|20250909|1757407200|FINAL,true,MSZZC1|6:XAUUSD|1:5|2:-1|1:4|18:ASIA_HIGH|20250909,,,,,,false,,,REJECT_DUPLICATE_CLUSTER,"Asia session level swept during London/NewYork, closed-bar reclaim within frozen window"
SSR|ASIA_HIGH|20250909|1757408100|FINAL,SSRP|ASIA_HIGH|20250909|1757408100|FINAL,true,MSZZC1|6:XAUUSD|1:5|2:-1|1:4|18:ASIA_HIGH|20250909,,,,,,false,,,REJECT_DUPLICATE_CLUSTER,"Asia session level swept during London/NewYork, closed-bar reclaim within frozen window"
SSR|ASIA_HIGH|20250909|1757437200|FINAL,SSRP|ASIA_HIGH|20250909|1757437200|FINAL,true,MSZZC1|6:XAUUSD|1:5|2:-1|1:4|18:ASIA_HIGH|20250909,,,,,,false,,,REJECT_DUPLICATE_CLUSTER,"Asia session level swept during London/NewYork, closed-bar reclaim within frozen window"
SSR|ASIA_HIGH|20250909|1757437500|FINAL,SSRP|ASIA_HIGH|20250909|1757437500|FINAL,true,MSZZC1|6:XAUUSD|1:5|2:-1|1:4|18:ASIA_HIGH|20250909,,,,,,false,,,REJECT_DUPLICATE_CLUSTER,"Asia session level swept during London/NewYork, closed-bar reclaim within frozen window"
SSR|ASIA_LOW|20250909|1757441700|FINAL,SSRP|ASIA_LOW|20250909|1757441700|FINAL,true,MSZZC1|6:XAUUSD|1:5|1:1|1:4|17:ASIA_LOW|20250909,MSZZC1|6:XAUUSD|1:5|1:1|1:4|17:ASIA_LOW|20250909,308,308,308,309,true,-1.0000,-1.0,EXECUTED,broker-executed
SSR|ASIA_HIGH|20250910|1757491500|FINAL,SSRP|ASIA_HIGH|20250910|1757491500|FINAL,true,MSZZC1|6:XAUUSD|1:5|2:-1|1:4|18:ASIA_HIGH|20250910,MSZZC1|6:XAUUSD|1:5|2:-1|1:4|18:ASIA_HIGH|20250910,310,310,310,311,true,-1.0000,-1.0,EXECUTED,broker-executed
SSR|ASIA_HIGH|20250910|1757491800|FINAL,SSRP|ASIA_HIGH|20250910|1757491800|FINAL,true,MSZZC1|6:XAUUSD|1:5|2:-1|1:4|18:ASIA_HIGH|20250910,,,,,,false,,,REJECT_DUPLICATE_CLUSTER,"Asia session level swept during London/NewYork, closed-bar reclaim within frozen window"
SSR|ASIA_HIGH|20250910|1757492700|FINAL,SSRP|ASIA_HIGH|20250910|1757492700|FINAL,true,MSZZC1|6:XAUUSD|1:5|2:-1|1:4|18:ASIA_HIGH|20250910,,,,,,false,,,REJECT_DUPLICATE_CLUSTER,"Asia session level swept during London/NewYork, closed-bar reclaim within frozen window"
SSR|ASIA_HIGH|20250910|1757493000|FINAL,SSRP|ASIA_HIGH|20250910|1757493000|FINAL,true,MSZZC1|6:XAUUSD|1:5|2:-1|1:4|18:ASIA_HIGH|20250910,,,,,,false,,,REJECT_DUPLICATE_CLUSTER,"Asia session level swept during London/NewYork, closed-bar reclaim within frozen window"
SSR|ASIA_HIGH|20250910|1757494500|FINAL,SSRP|ASIA_HIGH|20250910|1757494500|FINAL,true,MSZZC1|6:XAUUSD|1:5|2:-1|1:4|18:ASIA_HIGH|20250910,,,,,,false,,,REJECT_DUPLICATE_CLUSTER,"Asia session level swept during London/NewYork, closed-bar reclaim within frozen window"
SSR|ASIA_HIGH|20250910|1757496000|FINAL,SSRP|ASIA_HIGH|20250910|1757496000|FINAL,true,MSZZC1|6:XAUUSD|1:5|2:-1|1:4|18:ASIA_HIGH|20250910,,,,,,false,,,REJECT_DUPLICATE_CLUSTER,"Asia session level swept during London/NewYork, closed-bar reclaim within frozen window"
SSR|ASIA_HIGH|20250910|1757496600|FINAL,SSRP|ASIA_HIGH|20250910|1757496600|FINAL,true,MSZZC1|6:XAUUSD|1:5|2:-1|1:4|18:ASIA_HIGH|20250910,,,,,,false,,,REJECT_DUPLICATE_CLUSTER,"Asia session level swept during London/NewYork, closed-bar reclaim within frozen window"
SSR|ASIA_HIGH|20250910|1757501400|FINAL,SSRP|ASIA_HIGH|20250910|1757501400|FINAL,true,MSZZC1|6:XAUUSD|1:5|2:-1|1:4|18:ASIA_HIGH|20250910,,,,,,false,,,REJECT_DUPLICATE_CLUSTER,"Asia session level swept during London/NewYork, closed-bar reclaim within frozen window"
SSR|ASIA_HIGH|20250910|1757502600|FINAL,SSRP|ASIA_HIGH|20250910|1757502600|FINAL,true,MSZZC1|6:XAUUSD|1:5|2:-1|1:4|18:ASIA_HIGH|20250910,,,,,,false,,,REJECT_DUPLICATE_CLUSTER,"Asia session level swept during London/NewYork, closed-bar reclaim within frozen window"
SSR|ASIA_HIGH|20250910|1757528100|FINAL,SSRP|ASIA_HIGH|20250910|1757528100|FINAL,true,MSZZC1|6:XAUUSD|1:5|2:-1|1:4|18:ASIA_HIGH|20250910,,,,,,false,,,REJECT_DUPLICATE_CLUSTER,"Asia session level swept during London/NewYork, closed-bar reclaim within frozen window"
SSR|ASIA_HIGH|20250910|1757530200|FINAL,SSRP|ASIA_HIGH|20250910|1757530200|FINAL,true,MSZZC1|6:XAUUSD|1:5|2:-1|1:4|18:ASIA_HIGH|20250910,,,,,,false,,,REJECT_DUPLICATE_CLUSTER,"Asia session level swept during London/NewYork, closed-bar reclaim within frozen window"
SSR|ASIA_HIGH|20250910|1757531100|FINAL,SSRP|ASIA_HIGH|20250910|1757531100|FINAL,true,MSZZC1|6:XAUUSD|1:5|2:-1|1:4|18:ASIA_HIGH|20250910,,,,,,false,,,REJECT_DUPLICATE_CLUSTER,"Asia session level swept during London/NewYork, closed-bar reclaim within frozen window"
SSR|ASIA_HIGH|20250910|1757533800|FINAL,SSRP|ASIA_HIGH|20250910|1757533800|FINAL,true,MSZZC1|6:XAUUSD|1:5|2:-1|1:4|18:ASIA_HIGH|20250910,,,,,,false,,,REJECT_DUPLICATE_CLUSTER,"Asia session level swept during London/NewYork, closed-bar reclaim within frozen window"
SSR|ASIA_HIGH|20250910|1757534100|FINAL,SSRP|ASIA_HIGH|20250910|1757534100|FINAL,true,MSZZC1|6:XAUUSD|1:5|2:-1|1:4|18:ASIA_HIGH|20250910,,,,,,false,,,REJECT_DUPLICATE_CLUSTER,"Asia session level swept during London/NewYork, closed-bar reclaim within frozen window"
SSR|ASIA_HIGH|20250910|1757541900|FINAL,SSRP|ASIA_HIGH|20250910|1757541900|FINAL,true,MSZZC1|6:XAUUSD|1:5|2:-1|1:4|18:ASIA_HIGH|20250910,,,,,,false,,,REJECT_DUPLICATE_CLUSTER,"Asia session level swept during London/NewYork, closed-bar reclaim within frozen window"
SSR|ASIA_HIGH|20250910|1757542500|FINAL,SSRP|ASIA_HIGH|20250910|1757542500|FINAL,true,MSZZC1|6:XAUUSD|1:5|2:-1|1:4|18:ASIA_HIGH|20250910,,,,,,false,,,REJECT_DUPLICATE_CLUSTER,"Asia session level swept during London/NewYork, closed-bar reclaim within frozen window"
SSR|ASIA_LOW|20250911|1757579400|FINAL,SSRP|ASIA_LOW|20250911|1757579400|FINAL,true,MSZZC1|6:XAUUSD|1:5|1:1|1:4|17:ASIA_LOW|20250911,MSZZC1|6:XAUUSD|1:5|1:1|1:4|17:ASIA_LOW|20250911,312,312,312,313,true,-1.0000,-0.9999999999999388,EXECUTED,broker-executed
SSR|ASIA_LOW|20250911|1757581200|FINAL,SSRP|ASIA_LOW|20250911|1757581200|FINAL,true,MSZZC1|6:XAUUSD|1:5|1:1|1:4|17:ASIA_LOW|20250911,,,,,,false,,,REJECT_DUPLICATE_CLUSTER,"Asia session level swept during London/NewYork, closed-bar reclaim within frozen window"
SSR|ASIA_LOW|20250911|1757581500|FINAL,SSRP|ASIA_LOW|20250911|1757581500|FINAL,true,MSZZC1|6:XAUUSD|1:5|1:1|1:4|17:ASIA_LOW|20250911,,,,,,false,,,REJECT_DUPLICATE_CLUSTER,"Asia session level swept during London/NewYork, closed-bar reclaim within frozen window"
SSR|ASIA_LOW|20250911|1757587800|FINAL,SSRP|ASIA_LOW|20250911|1757587800|FINAL,true,MSZZC1|6:XAUUSD|1:5|1:1|1:4|17:ASIA_LOW|20250911,,,,,,false,,,REJECT_DUPLICATE_CLUSTER,"Asia session level swept during London/NewYork, closed-bar reclaim within frozen window"
SSR|ASIA_LOW|20250911|1757589000|FINAL,SSRP|ASIA_LOW|20250911|1757589000|FINAL,true,MSZZC1|6:XAUUSD|1:5|1:1|1:4|17:ASIA_LOW|20250911,,,,,,false,,,REJECT_DUPLICATE_CLUSTER,"Asia session level swept during London/NewYork, closed-bar reclaim within frozen window"
SSR|ASIA_LOW|20250911|1757604300|FINAL,SSRP|ASIA_LOW|20250911|1757604300|FINAL,true,MSZZC1|6:XAUUSD|1:5|1:1|1:4|17:ASIA_LOW|20250911,,,,,,false,,,REJECT_DUPLICATE_CLUSTER,"Asia session level swept during London/NewYork, closed-bar reclaim within frozen window"
SSR|ASIA_LOW|20250911|1757604600|FINAL,SSRP|ASIA_LOW|20250911|1757604600|FINAL,true,MSZZC1|6:XAUUSD|1:5|1:1|1:4|17:ASIA_LOW|20250911,,,,,,false,,,REJECT_DUPLICATE_CLUSTER,"Asia session level swept during London/NewYork, closed-bar reclaim within frozen window"
SSR|ASIA_LOW|20250911|1757605500|FINAL,SSRP|ASIA_LOW|20250911|1757605500|FINAL,true,MSZZC1|6:XAUUSD|1:5|1:1|1:4|17:ASIA_LOW|20250911,,,,,,false,,,REJECT_DUPLICATE_CLUSTER,"Asia session level swept during London/NewYork, closed-bar reclaim within frozen window"
SSR|ASIA_LOW|20250911|1757605800|FINAL,SSRP|ASIA_LOW|20250911|1757605800|FINAL,true,MSZZC1|6:XAUUSD|1:5|1:1|1:4|17:ASIA_LOW|20250911,,,,,,false,,,REJECT_DUPLICATE_CLUSTER,"Asia session level swept during London/NewYork, closed-bar reclaim within frozen window"
SSR|ASIA_LOW|20250911|1757606400|FINAL,SSRP|ASIA_LOW|20250911|1757606400|FINAL,true,MSZZC1|6:XAUUSD|1:5|1:1|1:4|17:ASIA_LOW|20250911,,,,,,false,,,REJECT_DUPLICATE_CLUSTER,"Asia session level swept during London/NewYork, closed-bar reclaim within frozen window"
SSR|ASIA_LOW|20250911|1757608500|FINAL,SSRP|ASIA_LOW|20250911|1757608500|FINAL,true,MSZZC1|6:XAUUSD|1:5|1:1|1:4|17:ASIA_LOW|20250911,,,,,,false,,,REJECT_DUPLICATE_CLUSTER,"Asia session level swept during London/NewYork, closed-bar reclaim within frozen window"
SSR|ASIA_LOW|20250911|1757609400|FINAL,SSRP|ASIA_LOW|20250911|1757609400|FINAL,true,MSZZC1|6:XAUUSD|1:5|1:1|1:4|17:ASIA_LOW|20250911,,,,,,false,,,REJECT_DUPLICATE_CLUSTER,"Asia session level swept during London/NewYork, closed-bar reclaim within frozen window"
SSR|ASIA_LOW|20250911|1757610000|FINAL,SSRP|ASIA_LOW|20250911|1757610000|FINAL,true,MSZZC1|6:XAUUSD|1:5|1:1|1:4|17:ASIA_LOW|20250911,,,,,,false,,,REJECT_DUPLICATE_CLUSTER,"Asia session level swept during London/NewYork, closed-bar reclaim within frozen window"
SSR|ASIA_LOW|20250911|1757610300|FINAL,SSRP|ASIA_LOW|20250911|1757610300|FINAL,true,MSZZC1|6:XAUUSD|1:5|1:1|1:4|17:ASIA_LOW|20250911,,,,,,false,,,REJECT_DUPLICATE_CLUSTER,"Asia session level swept during London/NewYork, closed-bar reclaim within frozen window"
SSR|ASIA_LOW|20250911|1757612400|FINAL,SSRP|ASIA_LOW|20250911|1757612400|FINAL,true,MSZZC1|6:XAUUSD|1:5|1:1|1:4|17:ASIA_LOW|20250911,,,,,,false,,,REJECT_DUPLICATE_CLUSTER,"Asia session level swept during London/NewYork, closed-bar reclaim within frozen window"
SSR|ASIA_HIGH|20250912|1757664600|FINAL,SSRP|ASIA_HIGH|20250912|1757664600|FINAL,true,MSZZC1|6:XAUUSD|1:5|2:-1|1:4|18:ASIA_HIGH|20250912,MSZZC1|6:XAUUSD|1:5|2:-1|1:4|18:ASIA_HIGH|20250912,314,314,314,315,true,1.9936,1.9936305732488466,EXECUTED,broker-executed
SSR|ASIA_HIGH|20250912|1757665200|FINAL,SSRP|ASIA_HIGH|20250912|1757665200|FINAL,true,MSZZC1|6:XAUUSD|1:5|2:-1|1:4|18:ASIA_HIGH|20250912,,,,,,false,,,REJECT_DUPLICATE_CLUSTER,"Asia session level swept during London/NewYork, closed-bar reclaim within frozen window"
SSR|ASIA_HIGH|20250916|1758018300|FINAL,SSRP|ASIA_HIGH|20250916|1758018300|FINAL,true,MSZZC1|6:XAUUSD|1:5|2:-1|1:4|18:ASIA_HIGH|20250916,MSZZC1|6:XAUUSD|1:5|2:-1|1:4|18:ASIA_HIGH|20250916,316,316,316,317,true,-1.0000,-1.0,EXECUTED,broker-executed
SSR|ASIA_HIGH|20250916|1758018900|FINAL,SSRP|ASIA_HIGH|20250916|1758018900|FINAL,true,MSZZC1|6:XAUUSD|1:5|2:-1|1:4|18:ASIA_HIGH|20250916,,,,,,false,,,REJECT_DUPLICATE_CLUSTER,"Asia session level swept during London/NewYork, closed-bar reclaim within frozen window"
SSR|ASIA_HIGH|20250916|1758036600|FINAL,SSRP|ASIA_HIGH|20250916|1758036600|FINAL,true,MSZZC1|6:XAUUSD|1:5|2:-1|1:4|18:ASIA_HIGH|20250916,,,,,,false,,,REJECT_DUPLICATE_CLUSTER,"Asia session level swept during London/NewYork, closed-bar reclaim within frozen window"
SSR|ASIA_HIGH|20250916|1758036900|FINAL,SSRP|ASIA_HIGH|20250916|1758036900|FINAL,true,MSZZC1|6:XAUUSD|1:5|2:-1|1:4|18:ASIA_HIGH|20250916,,,,,,false,,,REJECT_DUPLICATE_CLUSTER,"Asia session level swept during London/NewYork, closed-bar reclaim within frozen window"
SSR|ASIA_HIGH|20250916|1758037800|FINAL,SSRP|ASIA_HIGH|20250916|1758037800|FINAL,true,MSZZC1|6:XAUUSD|1:5|2:-1|1:4|18:ASIA_HIGH|20250916,,,,,,false,,,REJECT_DUPLICATE_CLUSTER,"Asia session level swept during London/NewYork, closed-bar reclaim within frozen window"
SSR|ASIA_HIGH|20250916|1758038100|FINAL,SSRP|ASIA_HIGH|20250916|1758038100|FINAL,true,MSZZC1|6:XAUUSD|1:5|2:-1|1:4|18:ASIA_HIGH|20250916,,,,,,false,,,REJECT_DUPLICATE_CLUSTER,"Asia session level swept during London/NewYork, closed-bar reclaim within frozen window"
SSR|ASIA_HIGH|20250916|1758044100|FINAL,SSRP|ASIA_HIGH|20250916|1758044100|FINAL,true,MSZZC1|6:XAUUSD|1:5|2:-1|1:4|18:ASIA_HIGH|20250916,,,,,,false,,,REJECT_DUPLICATE_CLUSTER,"Asia session level swept during London/NewYork, closed-bar reclaim within frozen window"
SSR|ASIA_HIGH|20250916|1758051000|FINAL,SSRP|ASIA_HIGH|20250916|1758051000|FINAL,true,MSZZC1|6:XAUUSD|1:5|2:-1|1:4|18:ASIA_HIGH|20250916,,,,,,false,,,REJECT_DUPLICATE_CLUSTER,"Asia session level swept during London/NewYork, closed-bar reclaim within frozen window"
SSR|ASIA_HIGH|20250916|1758051300|FINAL,SSRP|ASIA_HIGH|20250916|1758051300|FINAL,true,MSZZC1|6:XAUUSD|1:5|2:-1|1:4|18:ASIA_HIGH|20250916,,,,,,false,,,REJECT_DUPLICATE_CLUSTER,"Asia session level swept during London/NewYork, closed-bar reclaim within frozen window"
SSR|ASIA_HIGH|20250916|1758051900|FINAL,SSRP|ASIA_HIGH|20250916|1758051900|FINAL,true,MSZZC1|6:XAUUSD|1:5|2:-1|1:4|18:ASIA_HIGH|20250916,,,,,,false,,,REJECT_DUPLICATE_CLUSTER,"Asia session level swept during London/NewYork, closed-bar reclaim within frozen window"
SSR|ASIA_HIGH|20250916|1758053100|FINAL,SSRP|ASIA_HIGH|20250916|1758053100|FINAL,true,MSZZC1|6:XAUUSD|1:5|2:-1|1:4|18:ASIA_HIGH|20250916,,,,,,false,,,REJECT_DUPLICATE_CLUSTER,"Asia session level swept during London/NewYork, closed-bar reclaim within frozen window"
SSR|ASIA_HIGH|20250916|1758059700|FINAL,SSRP|ASIA_HIGH|20250916|1758059700|FINAL,true,MSZZC1|6:XAUUSD|1:5|2:-1|1:4|18:ASIA_HIGH|20250916,,,,,,false,,,REJECT_DUPLICATE_CLUSTER,"Asia session level swept during London/NewYork, closed-bar reclaim within frozen window"
SSR|ASIA_HIGH|20250916|1758061200|FINAL,SSRP|ASIA_HIGH|20250916|1758061200|FINAL,true,MSZZC1|6:XAUUSD|1:5|2:-1|1:4|18:ASIA_HIGH|20250916,,,,,,false,,,REJECT_DUPLICATE_CLUSTER,"Asia session level swept during London/NewYork, closed-bar reclaim within frozen window"
SSR|ASIA_HIGH|20250916|1758061500|FINAL,SSRP|ASIA_HIGH|20250916|1758061500|FINAL,true,MSZZC1|6:XAUUSD|1:5|2:-1|1:4|18:ASIA_HIGH|20250916,,,,,,false,,,REJECT_DUPLICATE_CLUSTER,"Asia session level swept during London/NewYork, closed-bar reclaim within frozen window"
SSR|ASIA_LOW|20250917|1758102300|FINAL,SSRP|ASIA_LOW|20250917|1758102300|FINAL,true,MSZZC1|6:XAUUSD|1:5|1:1|1:4|17:ASIA_LOW|20250917,MSZZC1|6:XAUUSD|1:5|1:1|1:4|17:ASIA_LOW|20250917,318,318,318,319,true,-1.0000,-1.0,EXECUTED,broker-executed
SSR|ASIA_LOW|20250917|1758102600|FINAL,SSRP|ASIA_LOW|20250917|1758102600|FINAL,true,MSZZC1|6:XAUUSD|1:5|1:1|1:4|17:ASIA_LOW|20250917,,,,,,false,,,REJECT_DUPLICATE_CLUSTER,"Asia session level swept during London/NewYork, closed-bar reclaim within frozen window"
SSR|ASIA_LOW|20250917|1758103200|FINAL,SSRP|ASIA_LOW|20250917|1758103200|FINAL,true,MSZZC1|6:XAUUSD|1:5|1:1|1:4|17:ASIA_LOW|20250917,,,,,,false,,,REJECT_DUPLICATE_CLUSTER,"Asia session level swept during London/NewYork, closed-bar reclaim within frozen window"
SSR|ASIA_LOW|20250917|1758123000|FINAL,SSRP|ASIA_LOW|20250917|1758123000|FINAL,true,MSZZC1|6:XAUUSD|1:5|1:1|1:4|17:ASIA_LOW|20250917,,,,,,false,,,REJECT_DUPLICATE_CLUSTER,"Asia session level swept during London/NewYork, closed-bar reclaim within frozen window"
SSR|ASIA_LOW|20250917|1758123600|FINAL,SSRP|ASIA_LOW|20250917|1758123600|FINAL,true,MSZZC1|6:XAUUSD|1:5|1:1|1:4|17:ASIA_LOW|20250917,,,,,,false,,,REJECT_DUPLICATE_CLUSTER,"Asia session level swept during London/NewYork, closed-bar reclaim within frozen window"
SSR|ASIA_LOW|20250917|1758125100|FINAL,SSRP|ASIA_LOW|20250917|1758125100|FINAL,true,MSZZC1|6:XAUUSD|1:5|1:1|1:4|17:ASIA_LOW|20250917,,,,,,false,,,REJECT_DUPLICATE_CLUSTER,"Asia session level swept during London/NewYork, closed-bar reclaim within frozen window"
SSR|ASIA_LOW|20250917|1758142800|FINAL,SSRP|ASIA_LOW|20250917|1758142800|FINAL,true,MSZZC1|6:XAUUSD|1:5|1:1|1:4|17:ASIA_LOW|20250917,,,,,,false,,,REJECT_DUPLICATE_CLUSTER,"Asia session level swept during London/NewYork, closed-bar reclaim within frozen window"
SSR|ASIA_HIGH|20250917|1758143100|FINAL,SSRP|ASIA_HIGH|20250917|1758143100|FINAL,true,MSZZC1|6:XAUUSD|1:5|2:-1|1:4|18:ASIA_HIGH|20250917,MSZZC1|6:XAUUSD|1:5|2:-1|1:4|18:ASIA_HIGH|20250917,320,320,320,321,true,2.0000,2.0000000000000453,EXECUTED,broker-executed
SSR|ASIA_HIGH|20250917|1758143400|FINAL,SSRP|ASIA_HIGH|20250917|1758143400|FINAL,true,MSZZC1|6:XAUUSD|1:5|2:-1|1:4|18:ASIA_HIGH|20250917,,,,,,false,,,REJECT_DUPLICATE_CLUSTER,"Asia session level swept during London/NewYork, closed-bar reclaim within frozen window"
SSR|ASIA_LOW|20250918|1758191100|FINAL,SSRP|ASIA_LOW|20250918|1758191100|FINAL,true,MSZZC1|6:XAUUSD|1:5|1:1|1:4|17:ASIA_LOW|20250918,MSZZC1|6:XAUUSD|1:5|1:1|1:4|17:ASIA_LOW|20250918,322,322,322,323,true,2.0000,2.0,EXECUTED,broker-executed
SSR|ASIA_LOW|20250918|1758191700|FINAL,SSRP|ASIA_LOW|20250918|1758191700|FINAL,true,MSZZC1|6:XAUUSD|1:5|1:1|1:4|17:ASIA_LOW|20250918,,,,,,false,,,REJECT_DUPLICATE_CLUSTER,"Asia session level swept during London/NewYork, closed-bar reclaim within frozen window"
SSR|ASIA_HIGH|20250918|1758198600|FINAL,SSRP|ASIA_HIGH|20250918|1758198600|FINAL,true,MSZZC1|6:XAUUSD|1:5|2:-1|1:4|18:ASIA_HIGH|20250918,MSZZC1|6:XAUUSD|1:5|2:-1|1:4|18:ASIA_HIGH|20250918,324,324,324,325,true,2.0070,2.006993006992522,EXECUTED,broker-executed
SSR|ASIA_HIGH|20250918|1758198900|FINAL,SSRP|ASIA_HIGH|20250918|1758198900|FINAL,true,MSZZC1|6:XAUUSD|1:5|2:-1|1:4|18:ASIA_HIGH|20250918,,,,,,false,,,REJECT_DUPLICATE_CLUSTER,"Asia session level swept during London/NewYork, closed-bar reclaim within frozen window"
SSR|ASIA_HIGH|20250918|1758200400|FINAL,SSRP|ASIA_HIGH|20250918|1758200400|FINAL,true,MSZZC1|6:XAUUSD|1:5|2:-1|1:4|18:ASIA_HIGH|20250918,,,,,,false,,,REJECT_DUPLICATE_CLUSTER,"Asia session level swept during London/NewYork, closed-bar reclaim within frozen window"
SSR|ASIA_HIGH|20250918|1758208800|FINAL,SSRP|ASIA_HIGH|20250918|1758208800|FINAL,true,MSZZC1|6:XAUUSD|1:5|2:-1|1:4|18:ASIA_HIGH|20250918,,,,,,false,,,REJECT_DUPLICATE_CLUSTER,"Asia session level swept during London/NewYork, closed-bar reclaim within frozen window"
SSR|ASIA_HIGH|20250918|1758209100|FINAL,SSRP|ASIA_HIGH|20250918|1758209100|FINAL,true,MSZZC1|6:XAUUSD|1:5|2:-1|1:4|18:ASIA_HIGH|20250918,,,,,,false,,,REJECT_DUPLICATE_CLUSTER,"Asia session level swept during London/NewYork, closed-bar reclaim within frozen window"
SSR|ASIA_HIGH|20250919|1758268800|FINAL,SSRP|ASIA_HIGH|20250919|1758268800|FINAL,true,MSZZC1|6:XAUUSD|1:5|2:-1|1:4|18:ASIA_HIGH|20250919,MSZZC1|6:XAUUSD|1:5|2:-1|1:4|18:ASIA_HIGH|20250919,326,326,326,327,true,2.0028,2.002840909090971,EXECUTED,broker-executed
SSR|ASIA_HIGH|20250919|1758300900|FINAL,SSRP|ASIA_HIGH|20250919|1758300900|FINAL,true,MSZZC1|6:XAUUSD|1:5|2:-1|1:4|18:ASIA_HIGH|20250919,,,,,,false,,,REJECT_DUPLICATE_CLUSTER,"Asia session level swept during London/NewYork, closed-bar reclaim within frozen window"
SSR|ASIA_HIGH|20250922|1758529200|FINAL,SSRP|ASIA_HIGH|20250922|1758529200|FINAL,true,MSZZC1|6:XAUUSD|1:5|2:-1|1:4|18:ASIA_HIGH|20250922,MSZZC1|6:XAUUSD|1:5|2:-1|1:4|18:ASIA_HIGH|20250922,328,328,328,329,true,-1.0000,-1.0,EXECUTED,broker-executed
SSR|ASIA_HIGH|20250922|1758530700|FINAL,SSRP|ASIA_HIGH|20250922|1758530700|FINAL,true,MSZZC1|6:XAUUSD|1:5|2:-1|1:4|18:ASIA_HIGH|20250922,,,,,,false,,,REJECT_DUPLICATE_CLUSTER,"Asia session level swept during London/NewYork, closed-bar reclaim within frozen window"
SSR|ASIA_HIGH|20250922|1758531300|FINAL,SSRP|ASIA_HIGH|20250922|1758531300|FINAL,true,MSZZC1|6:XAUUSD|1:5|2:-1|1:4|18:ASIA_HIGH|20250922,,,,,,false,,,REJECT_DUPLICATE_CLUSTER,"Asia session level swept during London/NewYork, closed-bar reclaim within frozen window"
SSR|ASIA_HIGH|20250923|1758664200|FINAL,SSRP|ASIA_HIGH|20250923|1758664200|FINAL,true,MSZZC1|6:XAUUSD|1:5|2:-1|1:4|18:ASIA_HIGH|20250923,MSZZC1|6:XAUUSD|1:5|2:-1|1:4|18:ASIA_HIGH|20250923,330,330,330,331,true,-1.0000,-1.0,EXECUTED,broker-executed
SSR|ASIA_HIGH|20250923|1758664800|FINAL,SSRP|ASIA_HIGH|20250923|1758664800|FINAL,true,MSZZC1|6:XAUUSD|1:5|2:-1|1:4|18:ASIA_HIGH|20250923,,,,,,false,,,REJECT_DUPLICATE_CLUSTER,"Asia session level swept during London/NewYork, closed-bar reclaim within frozen window"
SSR|ASIA_HIGH|20250923|1758665100|FINAL,SSRP|ASIA_HIGH|20250923|1758665100|FINAL,true,MSZZC1|6:XAUUSD|1:5|2:-1|1:4|18:ASIA_HIGH|20250923,,,,,,false,,,REJECT_DUPLICATE_CLUSTER,"Asia session level swept during London/NewYork, closed-bar reclaim within frozen window"
SSR|ASIA_HIGH|20250924|1758705600|FINAL,SSRP|ASIA_HIGH|20250924|1758705600|FINAL,true,MSZZC1|6:XAUUSD|1:5|2:-1|1:4|18:ASIA_HIGH|20250924,,,,,,false,,,REJECT_OWNERSHIP,owned position limit reached count=1
SSR|ASIA_HIGH|20250924|1758707400|FINAL,SSRP|ASIA_HIGH|20250924|1758707400|FINAL,true,MSZZC1|6:XAUUSD|1:5|2:-1|1:4|18:ASIA_HIGH|20250924,,,,,,false,,,REJECT_OWNERSHIP,owned position limit reached count=1
SSR|ASIA_HIGH|20250924|1758712500|FINAL,SSRP|ASIA_HIGH|20250924|1758712500|FINAL,true,MSZZC1|6:XAUUSD|1:5|2:-1|1:4|18:ASIA_HIGH|20250924,MSZZC1|6:XAUUSD|1:5|2:-1|1:4|18:ASIA_HIGH|20250924,332,332,332,333,true,2.0024,2.00239234449766,EXECUTED,broker-executed
SSR|ASIA_HIGH|20250924|1758713100|FINAL,SSRP|ASIA_HIGH|20250924|1758713100|FINAL,true,MSZZC1|6:XAUUSD|1:5|2:-1|1:4|18:ASIA_HIGH|20250924,,,,,,false,,,REJECT_DUPLICATE_CLUSTER,"Asia session level swept during London/NewYork, closed-bar reclaim within frozen window"
SSR|ASIA_HIGH|20250924|1758730800|FINAL,SSRP|ASIA_HIGH|20250924|1758730800|FINAL,true,MSZZC1|6:XAUUSD|1:5|2:-1|1:4|18:ASIA_HIGH|20250924,,,,,,false,,,REJECT_DUPLICATE_CLUSTER,"Asia session level swept during London/NewYork, closed-bar reclaim within frozen window"
SSR|ASIA_LOW|20250924|1758736200|FINAL,SSRP|ASIA_LOW|20250924|1758736200|FINAL,true,MSZZC1|6:XAUUSD|1:5|1:1|1:4|17:ASIA_LOW|20250924,MSZZC1|6:XAUUSD|1:5|1:1|1:4|17:ASIA_LOW|20250924,334,334,334,335,true,-1.0000,-1.0,EXECUTED,broker-executed
SSR|ASIA_HIGH|20250925|1758796500|FINAL,SSRP|ASIA_HIGH|20250925|1758796500|FINAL,true,MSZZC1|6:XAUUSD|1:5|2:-1|1:4|18:ASIA_HIGH|20250925,MSZZC1|6:XAUUSD|1:5|2:-1|1:4|18:ASIA_HIGH|20250925,336,336,336,337,true,-1.0000,-1.0,EXECUTED,broker-executed
SSR|ASIA_HIGH|20250925|1758802500|FINAL,SSRP|ASIA_HIGH|20250925|1758802500|FINAL,true,MSZZC1|6:XAUUSD|1:5|2:-1|1:4|18:ASIA_HIGH|20250925,,,,,,false,,,REJECT_DUPLICATE_CLUSTER,"Asia session level swept during London/NewYork, closed-bar reclaim within frozen window"
SSR|ASIA_HIGH|20250925|1758808500|FINAL,SSRP|ASIA_HIGH|20250925|1758808500|FINAL,true,MSZZC1|6:XAUUSD|1:5|2:-1|1:4|18:ASIA_HIGH|20250925,,,,,,false,,,REJECT_DUPLICATE_CLUSTER,"Asia session level swept during London/NewYork, closed-bar reclaim within frozen window"
SSR|ASIA_HIGH|20250925|1758808800|FINAL,SSRP|ASIA_HIGH|20250925|1758808800|FINAL,true,MSZZC1|6:XAUUSD|1:5|2:-1|1:4|18:ASIA_HIGH|20250925,,,,,,false,,,REJECT_DUPLICATE_CLUSTER,"Asia session level swept during London/NewYork, closed-bar reclaim within frozen window"
SSR|ASIA_HIGH|20250925|1758811500|FINAL,SSRP|ASIA_HIGH|20250925|1758811500|FINAL,true,MSZZC1|6:XAUUSD|1:5|2:-1|1:4|18:ASIA_HIGH|20250925,,,,,,false,,,REJECT_DUPLICATE_CLUSTER,"Asia session level swept during London/NewYork, closed-bar reclaim within frozen window"
SSR|ASIA_HIGH|20250925|1758813900|FINAL,SSRP|ASIA_HIGH|20250925|1758813900|FINAL,true,MSZZC1|6:XAUUSD|1:5|2:-1|1:4|18:ASIA_HIGH|20250925,,,,,,false,,,REJECT_DUPLICATE_CLUSTER,"Asia session level swept during London/NewYork, closed-bar reclaim within frozen window"
SSR|ASIA_HIGH|20250925|1758814200|FINAL,SSRP|ASIA_HIGH|20250925|1758814200|FINAL,true,MSZZC1|6:XAUUSD|1:5|2:-1|1:4|18:ASIA_HIGH|20250925,,,,,,false,,,REJECT_DUPLICATE_CLUSTER,"Asia session level swept during London/NewYork, closed-bar reclaim within frozen window"
SSR|ASIA_LOW|20250925|1758818700|FINAL,SSRP|ASIA_LOW|20250925|1758818700|FINAL,true,MSZZC1|6:XAUUSD|1:5|1:1|1:4|17:ASIA_LOW|20250925,MSZZC1|6:XAUUSD|1:5|1:1|1:4|17:ASIA_LOW|20250925,338,338,338,339,true,1.3599,1.3598700243704558,EXECUTED,broker-executed
SSR|ASIA_LOW|20250925|1758819300|FINAL,SSRP|ASIA_LOW|20250925|1758819300|FINAL,true,MSZZC1|6:XAUUSD|1:5|1:1|1:4|17:ASIA_LOW|20250925,,,,,,false,,,REJECT_DUPLICATE_CLUSTER,"Asia session level swept during London/NewYork, closed-bar reclaim within frozen window"
SSR|ASIA_LOW|20250925|1758820200|FINAL,SSRP|ASIA_LOW|20250925|1758820200|FINAL,true,MSZZC1|6:XAUUSD|1:5|1:1|1:4|17:ASIA_LOW|20250925,,,,,,false,,,REJECT_DUPLICATE_CLUSTER,"Asia session level swept during London/NewYork, closed-bar reclaim within frozen window"
SSR|ASIA_LOW|20250925|1758820500|FINAL,SSRP|ASIA_LOW|20250925|1758820500|FINAL,true,MSZZC1|6:XAUUSD|1:5|1:1|1:4|17:ASIA_LOW|20250925,,,,,,false,,,REJECT_DUPLICATE_CLUSTER,"Asia session level swept during London/NewYork, closed-bar reclaim within frozen window"
SSR|ASIA_LOW|20250925|1758822600|FINAL,SSRP|ASIA_LOW|20250925|1758822600|FINAL,true,MSZZC1|6:XAUUSD|1:5|1:1|1:4|17:ASIA_LOW|20250925,,,,,,false,,,REJECT_DUPLICATE_CLUSTER,"Asia session level swept during London/NewYork, closed-bar reclaim within frozen window"
SSR|ASIA_LOW|20250925|1758822900|FINAL,SSRP|ASIA_LOW|20250925|1758822900|FINAL,true,MSZZC1|6:XAUUSD|1:5|1:1|1:4|17:ASIA_LOW|20250925,,,,,,false,,,REJECT_DUPLICATE_CLUSTER,"Asia session level swept during London/NewYork, closed-bar reclaim within frozen window"
SSR|ASIA_LOW|20250925|1758823500|FINAL,SSRP|ASIA_LOW|20250925|1758823500|FINAL,true,MSZZC1|6:XAUUSD|1:5|1:1|1:4|17:ASIA_LOW|20250925,,,,,,false,,,REJECT_DUPLICATE_CLUSTER,"Asia session level swept during London/NewYork, closed-bar reclaim within frozen window"
SSR|ASIA_HIGH|20250925|1758838500|FINAL,SSRP|ASIA_HIGH|20250925|1758838500|FINAL,true,MSZZC1|6:XAUUSD|1:5|2:-1|1:4|18:ASIA_HIGH|20250925,,,,,,false,,,REJECT_DUPLICATE_CLUSTER,"Asia session level swept during London/NewYork, closed-bar reclaim within frozen window"
SSR|ASIA_HIGH|20250925|1758838800|FINAL,SSRP|ASIA_HIGH|20250925|1758838800|FINAL,true,MSZZC1|6:XAUUSD|1:5|2:-1|1:4|18:ASIA_HIGH|20250925,,,,,,false,,,REJECT_DUPLICATE_CLUSTER,"Asia session level swept during London/NewYork, closed-bar reclaim within frozen window"
SSR|ASIA_HIGH|20250925|1758839400|FINAL,SSRP|ASIA_HIGH|20250925|1758839400|FINAL,true,MSZZC1|6:XAUUSD|1:5|2:-1|1:4|18:ASIA_HIGH|20250925,,,,,,false,,,REJECT_DUPLICATE_CLUSTER,"Asia session level swept during London/NewYork, closed-bar reclaim within frozen window"
SSR|ASIA_HIGH|20250925|1758843900|FINAL,SSRP|ASIA_HIGH|20250925|1758843900|FINAL,true,MSZZC1|6:XAUUSD|1:5|2:-1|1:4|18:ASIA_HIGH|20250925,,,,,,false,,,REJECT_DUPLICATE_CLUSTER,"Asia session level swept during London/NewYork, closed-bar reclaim within frozen window"
SSR|ASIA_HIGH|20250925|1758844200|FINAL,SSRP|ASIA_HIGH|20250925|1758844200|FINAL,true,MSZZC1|6:XAUUSD|1:5|2:-1|1:4|18:ASIA_HIGH|20250925,,,,,,false,,,REJECT_DUPLICATE_CLUSTER,"Asia session level swept during London/NewYork, closed-bar reclaim within frozen window"
SSR|ASIA_HIGH|20250926|1758878100|FINAL,SSRP|ASIA_HIGH|20250926|1758878100|FINAL,true,MSZZC1|6:XAUUSD|1:5|2:-1|1:4|18:ASIA_HIGH|20250926,MSZZC1|6:XAUUSD|1:5|2:-1|1:4|18:ASIA_HIGH|20250926,340,340,340,341,true,2.0000,2.0000000000001257,EXECUTED,broker-executed
SSR|ASIA_HIGH|20250926|1758886800|FINAL,SSRP|ASIA_HIGH|20250926|1758886800|FINAL,true,MSZZC1|6:XAUUSD|1:5|2:-1|1:4|18:ASIA_HIGH|20250926,,,,,,false,,,REJECT_DUPLICATE_CLUSTER,"Asia session level swept during London/NewYork, closed-bar reclaim within frozen window"
SSR|ASIA_HIGH|20250926|1758887100|FINAL,SSRP|ASIA_HIGH|20250926|1758887100|FINAL,true,MSZZC1|6:XAUUSD|1:5|2:-1|1:4|18:ASIA_HIGH|20250926,,,,,,false,,,REJECT_DUPLICATE_CLUSTER,"Asia session level swept during London/NewYork, closed-bar reclaim within frozen window"
SSR|ASIA_HIGH|20250926|1758887700|FINAL,SSRP|ASIA_HIGH|20250926|1758887700|FINAL,true,MSZZC1|6:XAUUSD|1:5|2:-1|1:4|18:ASIA_HIGH|20250926,,,,,,false,,,REJECT_DUPLICATE_CLUSTER,"Asia session level swept during London/NewYork, closed-bar reclaim within frozen window"
SSR|ASIA_HIGH|20250926|1758888300|FINAL,SSRP|ASIA_HIGH|20250926|1758888300|FINAL,true,MSZZC1|6:XAUUSD|1:5|2:-1|1:4|18:ASIA_HIGH|20250926,,,,,,false,,,REJECT_DUPLICATE_CLUSTER,"Asia session level swept during London/NewYork, closed-bar reclaim within frozen window"
SSR|ASIA_HIGH|20250926|1758891600|FINAL,SSRP|ASIA_HIGH|20250926|1758891600|FINAL,true,MSZZC1|6:XAUUSD|1:5|2:-1|1:4|18:ASIA_HIGH|20250926,,,,,,false,,,REJECT_DUPLICATE_CLUSTER,"Asia session level swept during London/NewYork, closed-bar reclaim within frozen window"
SSR|ASIA_HIGH|20250926|1758900600|FINAL,SSRP|ASIA_HIGH|20250926|1758900600|FINAL,true,MSZZC1|6:XAUUSD|1:5|2:-1|1:4|18:ASIA_HIGH|20250926,,,,,,false,,,REJECT_DUPLICATE_CLUSTER,"Asia session level swept during London/NewYork, closed-bar reclaim within frozen window"
SSR|ASIA_HIGH|20250926|1758900900|FINAL,SSRP|ASIA_HIGH|20250926|1758900900|FINAL,true,MSZZC1|6:XAUUSD|1:5|2:-1|1:4|18:ASIA_HIGH|20250926,,,,,,false,,,REJECT_DUPLICATE_CLUSTER,"Asia session level swept during London/NewYork, closed-bar reclaim within frozen window"
SSR|ASIA_HIGH|20250926|1758901500|FINAL,SSRP|ASIA_HIGH|20250926|1758901500|FINAL,true,MSZZC1|6:XAUUSD|1:5|2:-1|1:4|18:ASIA_HIGH|20250926,,,,,,false,,,REJECT_DUPLICATE_CLUSTER,"Asia session level swept during London/NewYork, closed-bar reclaim within frozen window"
SSR|ASIA_HIGH|20250926|1758901800|FINAL,SSRP|ASIA_HIGH|20250926|1758901800|FINAL,true,MSZZC1|6:XAUUSD|1:5|2:-1|1:4|18:ASIA_HIGH|20250926,,,,,,false,,,REJECT_DUPLICATE_CLUSTER,"Asia session level swept during London/NewYork, closed-bar reclaim within frozen window"
SSR|ASIA_HIGH|20250929|1759133100|FINAL,SSRP|ASIA_HIGH|20250929|1759133100|FINAL,true,MSZZC1|6:XAUUSD|1:5|2:-1|1:4|18:ASIA_HIGH|20250929,MSZZC1|6:XAUUSD|1:5|2:-1|1:4|18:ASIA_HIGH|20250929,342,342,342,343,true,-1.0000,-1.000000000000077,EXECUTED,broker-executed
SSR|ASIA_HIGH|20250929|1759141500|FINAL,SSRP|ASIA_HIGH|20250929|1759141500|FINAL,true,MSZZC1|6:XAUUSD|1:5|2:-1|1:4|18:ASIA_HIGH|20250929,,,,,,false,,,REJECT_DUPLICATE_CLUSTER,"Asia session level swept during London/NewYork, closed-bar reclaim within frozen window"
SSR|ASIA_HIGH|20250929|1759142700|FINAL,SSRP|ASIA_HIGH|20250929|1759142700|FINAL,true,MSZZC1|6:XAUUSD|1:5|2:-1|1:4|18:ASIA_HIGH|20250929,,,,,,false,,,REJECT_DUPLICATE_CLUSTER,"Asia session level swept during London/NewYork, closed-bar reclaim within frozen window"
SSR|ASIA_HIGH|20250929|1759149600|FINAL,SSRP|ASIA_HIGH|20250929|1759149600|FINAL,true,MSZZC1|6:XAUUSD|1:5|2:-1|1:4|18:ASIA_HIGH|20250929,,,,,,false,,,REJECT_DUPLICATE_CLUSTER,"Asia session level swept during London/NewYork, closed-bar reclaim within frozen window"
SSR|ASIA_HIGH|20250929|1759149900|FINAL,SSRP|ASIA_HIGH|20250929|1759149900|FINAL,true,MSZZC1|6:XAUUSD|1:5|2:-1|1:4|18:ASIA_HIGH|20250929,,,,,,false,,,REJECT_DUPLICATE_CLUSTER,"Asia session level swept during London/NewYork, closed-bar reclaim within frozen window"
SSR|ASIA_HIGH|20250929|1759150200|FINAL,SSRP|ASIA_HIGH|20250929|1759150200|FINAL,true,MSZZC1|6:XAUUSD|1:5|2:-1|1:4|18:ASIA_HIGH|20250929,,,,,,false,,,REJECT_DUPLICATE_CLUSTER,"Asia session level swept during London/NewYork, closed-bar reclaim within frozen window"
SSR|ASIA_HIGH|20250929|1759150800|FINAL,SSRP|ASIA_HIGH|20250929|1759150800|FINAL,true,MSZZC1|6:XAUUSD|1:5|2:-1|1:4|18:ASIA_HIGH|20250929,,,,,,false,,,REJECT_DUPLICATE_CLUSTER,"Asia session level swept during London/NewYork, closed-bar reclaim within frozen window"
SSR|ASIA_HIGH|20250930|1759219200|FINAL,SSRP|ASIA_HIGH|20250930|1759219200|FINAL,true,MSZZC1|6:XAUUSD|1:5|2:-1|1:4|18:ASIA_HIGH|20250930,MSZZC1|6:XAUUSD|1:5|2:-1|1:4|18:ASIA_HIGH|20250930,344,344,344,345,true,-1.0000,-1.0,EXECUTED,broker-executed
SSR|ASIA_HIGH|20250930|1759219500|FINAL,SSRP|ASIA_HIGH|20250930|1759219500|FINAL,true,MSZZC1|6:XAUUSD|1:5|2:-1|1:4|18:ASIA_HIGH|20250930,,,,,,false,,,REJECT_DUPLICATE_CLUSTER,"Asia session level swept during London/NewYork, closed-bar reclaim within frozen window"
SSR|ASIA_HIGH|20250930|1759223100|FINAL,SSRP|ASIA_HIGH|20250930|1759223100|FINAL,true,MSZZC1|6:XAUUSD|1:5|2:-1|1:4|18:ASIA_HIGH|20250930,,,,,,false,,,REJECT_DUPLICATE_CLUSTER,"Asia session level swept during London/NewYork, closed-bar reclaim within frozen window"
SSR|ASIA_HIGH|20250930|1759223400|FINAL,SSRP|ASIA_HIGH|20250930|1759223400|FINAL,true,MSZZC1|6:XAUUSD|1:5|2:-1|1:4|18:ASIA_HIGH|20250930,,,,,,false,,,REJECT_DUPLICATE_CLUSTER,"Asia session level swept during London/NewYork, closed-bar reclaim within frozen window"
SSR|ASIA_HIGH|20250930|1759225200|FINAL,SSRP|ASIA_HIGH|20250930|1759225200|FINAL,true,MSZZC1|6:XAUUSD|1:5|2:-1|1:4|18:ASIA_HIGH|20250930,,,,,,false,,,REJECT_DUPLICATE_CLUSTER,"Asia session level swept during London/NewYork, closed-bar reclaim within frozen window"
SSR|ASIA_HIGH|20250930|1759225500|FINAL,SSRP|ASIA_HIGH|20250930|1759225500|FINAL,true,MSZZC1|6:XAUUSD|1:5|2:-1|1:4|18:ASIA_HIGH|20250930,,,,,,false,,,REJECT_DUPLICATE_CLUSTER,"Asia session level swept during London/NewYork, closed-bar reclaim within frozen window"
SSR|ASIA_LOW|20250930|1759250100|FINAL,SSRP|ASIA_LOW|20250930|1759250100|FINAL,true,MSZZC1|6:XAUUSD|1:5|1:1|1:4|17:ASIA_LOW|20250930,MSZZC1|6:XAUUSD|1:5|1:1|1:4|17:ASIA_LOW|20250930,346,346,346,347,true,2.0000,2.0,EXECUTED,broker-executed
SSR|ASIA_LOW|20250930|1759251000|FINAL,SSRP|ASIA_LOW|20250930|1759251000|FINAL,true,MSZZC1|6:XAUUSD|1:5|1:1|1:4|17:ASIA_LOW|20250930,,,,,,false,,,REJECT_DUPLICATE_CLUSTER,"Asia session level swept during London/NewYork, closed-bar reclaim within frozen window"
SSR|ASIA_LOW|20250930|1759251600|FINAL,SSRP|ASIA_LOW|20250930|1759251600|FINAL,true,MSZZC1|6:XAUUSD|1:5|1:1|1:4|17:ASIA_LOW|20250930,,,,,,false,,,REJECT_DUPLICATE_CLUSTER,"Asia session level swept during London/NewYork, closed-bar reclaim within frozen window"
SSR|ASIA_LOW|20251001|1759310400|FINAL,SSRP|ASIA_LOW|20251001|1759310400|FINAL,true,MSZZC1|6:XAUUSD|1:5|1:1|1:4|17:ASIA_LOW|20251001,MSZZC1|6:XAUUSD|1:5|1:1|1:4|17:ASIA_LOW|20251001,348,348,348,349,true,2.0000,2.000000000000052,EXECUTED,broker-executed
SSR|ASIA_HIGH|20251001|1759332300|FINAL,SSRP|ASIA_HIGH|20251001|1759332300|FINAL,true,MSZZC1|6:XAUUSD|1:5|2:-1|1:4|18:ASIA_HIGH|20251001,MSZZC1|6:XAUUSD|1:5|2:-1|1:4|18:ASIA_HIGH|20251001,350,350,350,351,true,2.0000,1.999999999999943,EXECUTED,broker-executed
SSR|ASIA_HIGH|20251001|1759333200|FINAL,SSRP|ASIA_HIGH|20251001|1759333200|FINAL,true,MSZZC1|6:XAUUSD|1:5|2:-1|1:4|18:ASIA_HIGH|20251001,,,,,,false,,,REJECT_DUPLICATE_CLUSTER,"Asia session level swept during London/NewYork, closed-bar reclaim within frozen window"
SSR|ASIA_HIGH|20251001|1759333500|FINAL,SSRP|ASIA_HIGH|20251001|1759333500|FINAL,true,MSZZC1|6:XAUUSD|1:5|2:-1|1:4|18:ASIA_HIGH|20251001,,,,,,false,,,REJECT_DUPLICATE_CLUSTER,"Asia session level swept during London/NewYork, closed-bar reclaim within frozen window"
SSR|ASIA_HIGH|20251001|1759336200|FINAL,SSRP|ASIA_HIGH|20251001|1759336200|FINAL,true,MSZZC1|6:XAUUSD|1:5|2:-1|1:4|18:ASIA_HIGH|20251001,,,,,,false,,,REJECT_DUPLICATE_CLUSTER,"Asia session level swept during London/NewYork, closed-bar reclaim within frozen window"
SSR|ASIA_HIGH|20251001|1759339800|FINAL,SSRP|ASIA_HIGH|20251001|1759339800|FINAL,true,MSZZC1|6:XAUUSD|1:5|2:-1|1:4|18:ASIA_HIGH|20251001,,,,,,false,,,REJECT_DUPLICATE_CLUSTER,"Asia session level swept during London/NewYork, closed-bar reclaim within frozen window"
SSR|ASIA_HIGH|20251001|1759340700|FINAL,SSRP|ASIA_HIGH|20251001|1759340700|FINAL,true,MSZZC1|6:XAUUSD|1:5|2:-1|1:4|18:ASIA_HIGH|20251001,,,,,,false,,,REJECT_DUPLICATE_CLUSTER,"Asia session level swept during London/NewYork, closed-bar reclaim within frozen window"
SSR|ASIA_HIGH|20251001|1759341600|FINAL,SSRP|ASIA_HIGH|20251001|1759341600|FINAL,true,MSZZC1|6:XAUUSD|1:5|2:-1|1:4|18:ASIA_HIGH|20251001,,,,,,false,,,REJECT_DUPLICATE_CLUSTER,"Asia session level swept during London/NewYork, closed-bar reclaim within frozen window"
SSR|ASIA_HIGH|20251002|1759393500|FINAL,SSRP|ASIA_HIGH|20251002|1759393500|FINAL,true,MSZZC1|6:XAUUSD|1:5|2:-1|1:4|18:ASIA_HIGH|20251002,MSZZC1|6:XAUUSD|1:5|2:-1|1:4|18:ASIA_HIGH|20251002,352,352,352,353,true,-1.0000,-0.9999999999998945,EXECUTED,broker-executed
SSR|ASIA_HIGH|20251002|1759397700|FINAL,SSRP|ASIA_HIGH|20251002|1759397700|FINAL,true,MSZZC1|6:XAUUSD|1:5|2:-1|1:4|18:ASIA_HIGH|20251002,,,,,,false,,,REJECT_DUPLICATE_CLUSTER,"Asia session level swept during London/NewYork, closed-bar reclaim within frozen window"
SSR|ASIA_HIGH|20251002|1759400100|FINAL,SSRP|ASIA_HIGH|20251002|1759400100|FINAL,true,MSZZC1|6:XAUUSD|1:5|2:-1|1:4|18:ASIA_HIGH|20251002,,,,,,false,,,REJECT_DUPLICATE_CLUSTER,"Asia session level swept during London/NewYork, closed-bar reclaim within frozen window"
SSR|ASIA_HIGH|20251002|1759400400|FINAL,SSRP|ASIA_HIGH|20251002|1759400400|FINAL,true,MSZZC1|6:XAUUSD|1:5|2:-1|1:4|18:ASIA_HIGH|20251002,,,,,,false,,,REJECT_DUPLICATE_CLUSTER,"Asia session level swept during London/NewYork, closed-bar reclaim within frozen window"
SSR|ASIA_HIGH|20251002|1759400700|FINAL,SSRP|ASIA_HIGH|20251002|1759400700|FINAL,true,MSZZC1|6:XAUUSD|1:5|2:-1|1:4|18:ASIA_HIGH|20251002,,,,,,false,,,REJECT_DUPLICATE_CLUSTER,"Asia session level swept during London/NewYork, closed-bar reclaim within frozen window"
SSR|ASIA_HIGH|20251002|1759424700|FINAL,SSRP|ASIA_HIGH|20251002|1759424700|FINAL,true,MSZZC1|6:XAUUSD|1:5|2:-1|1:4|18:ASIA_HIGH|20251002,,,,,,false,,,REJECT_DUPLICATE_CLUSTER,"Asia session level swept during London/NewYork, closed-bar reclaim within frozen window"
SSR|ASIA_HIGH|20251002|1759425300|FINAL,SSRP|ASIA_HIGH|20251002|1759425300|FINAL,true,MSZZC1|6:XAUUSD|1:5|2:-1|1:4|18:ASIA_HIGH|20251002,,,,,,false,,,REJECT_DUPLICATE_CLUSTER,"Asia session level swept during London/NewYork, closed-bar reclaim within frozen window"
SSR|ASIA_LOW|20251002|1759442100|FINAL,SSRP|ASIA_LOW|20251002|1759442100|FINAL,true,MSZZC1|6:XAUUSD|1:5|1:1|1:4|17:ASIA_LOW|20251002,MSZZC1|6:XAUUSD|1:5|1:1|1:4|17:ASIA_LOW|20251002,354,354,354,355,true,-1.0000,-1.0,EXECUTED,broker-executed
SSR|ASIA_LOW|20251002|1759442400|FINAL,SSRP|ASIA_LOW|20251002|1759442400|FINAL,true,MSZZC1|6:XAUUSD|1:5|1:1|1:4|17:ASIA_LOW|20251002,,,,,,false,,,REJECT_DUPLICATE_CLUSTER,"Asia session level swept during London/NewYork, closed-bar reclaim within frozen window"
SSR|ASIA_HIGH|20251003|1759488000|FINAL,SSRP|ASIA_HIGH|20251003|1759488000|FINAL,true,MSZZC1|6:XAUUSD|1:5|2:-1|1:4|18:ASIA_HIGH|20251003,MSZZC1|6:XAUUSD|1:5|2:-1|1:4|18:ASIA_HIGH|20251003,356,356,356,357,true,-1.0000,-1.0,EXECUTED,broker-executed
SSR|ASIA_HIGH|20251003|1759488300|FINAL,SSRP|ASIA_HIGH|20251003|1759488300|FINAL,true,MSZZC1|6:XAUUSD|1:5|2:-1|1:4|18:ASIA_HIGH|20251003,,,,,,false,,,REJECT_DUPLICATE_CLUSTER,"Asia session level swept during London/NewYork, closed-bar reclaim within frozen window"
SSR|ASIA_HIGH|20251003|1759489500|FINAL,SSRP|ASIA_HIGH|20251003|1759489500|FINAL,true,MSZZC1|6:XAUUSD|1:5|2:-1|1:4|18:ASIA_HIGH|20251003,,,,,,false,,,REJECT_DUPLICATE_CLUSTER,"Asia session level swept during London/NewYork, closed-bar reclaim within frozen window"
SSR|ASIA_HIGH|20251003|1759492500|FINAL,SSRP|ASIA_HIGH|20251003|1759492500|FINAL,true,MSZZC1|6:XAUUSD|1:5|2:-1|1:4|18:ASIA_HIGH|20251003,,,,,,false,,,REJECT_DUPLICATE_CLUSTER,"Asia session level swept during London/NewYork, closed-bar reclaim within frozen window"
SSR|ASIA_HIGH|20251003|1759492800|FINAL,SSRP|ASIA_HIGH|20251003|1759492800|FINAL,true,MSZZC1|6:XAUUSD|1:5|2:-1|1:4|18:ASIA_HIGH|20251003,,,,,,false,,,REJECT_DUPLICATE_CLUSTER,"Asia session level swept during London/NewYork, closed-bar reclaim within frozen window"
SSR|ASIA_HIGH|20251003|1759497000|FINAL,SSRP|ASIA_HIGH|20251003|1759497000|FINAL,true,MSZZC1|6:XAUUSD|1:5|2:-1|1:4|18:ASIA_HIGH|20251003,,,,,,false,,,REJECT_DUPLICATE_CLUSTER,"Asia session level swept during London/NewYork, closed-bar reclaim within frozen window"
SSR|ASIA_HIGH|20251003|1759497600|FINAL,SSRP|ASIA_HIGH|20251003|1759497600|FINAL,true,MSZZC1|6:XAUUSD|1:5|2:-1|1:4|18:ASIA_HIGH|20251003,,,,,,false,,,REJECT_DUPLICATE_CLUSTER,"Asia session level swept during London/NewYork, closed-bar reclaim within frozen window"
SSR|ASIA_HIGH|20251003|1759499700|FINAL,SSRP|ASIA_HIGH|20251003|1759499700|FINAL,true,MSZZC1|6:XAUUSD|1:5|2:-1|1:4|18:ASIA_HIGH|20251003,,,,,,false,,,REJECT_DUPLICATE_CLUSTER,"Asia session level swept during London/NewYork, closed-bar reclaim within frozen window"
SSR|ASIA_HIGH|20251003|1759500600|FINAL,SSRP|ASIA_HIGH|20251003|1759500600|FINAL,true,MSZZC1|6:XAUUSD|1:5|2:-1|1:4|18:ASIA_HIGH|20251003,,,,,,false,,,REJECT_DUPLICATE_CLUSTER,"Asia session level swept during London/NewYork, closed-bar reclaim within frozen window"
SSR|ASIA_HIGH|20251003|1759503000|FINAL,SSRP|ASIA_HIGH|20251003|1759503000|FINAL,true,MSZZC1|6:XAUUSD|1:5|2:-1|1:4|18:ASIA_HIGH|20251003,,,,,,false,,,REJECT_DUPLICATE_CLUSTER,"Asia session level swept during London/NewYork, closed-bar reclaim within frozen window"
SSR|ASIA_HIGH|20251003|1759503300|FINAL,SSRP|ASIA_HIGH|20251003|1759503300|FINAL,true,MSZZC1|6:XAUUSD|1:5|2:-1|1:4|18:ASIA_HIGH|20251003,,,,,,false,,,REJECT_DUPLICATE_CLUSTER,"Asia session level swept during London/NewYork, closed-bar reclaim within frozen window"
SSR|ASIA_HIGH|20251003|1759504500|FINAL,SSRP|ASIA_HIGH|20251003|1759504500|FINAL,true,MSZZC1|6:XAUUSD|1:5|2:-1|1:4|18:ASIA_HIGH|20251003,,,,,,false,,,REJECT_DUPLICATE_CLUSTER,"Asia session level swept during London/NewYork, closed-bar reclaim within frozen window"
SSR|ASIA_HIGH|20251006|1759737900|FINAL,SSRP|ASIA_HIGH|20251006|1759737900|FINAL,true,MSZZC1|6:XAUUSD|1:5|2:-1|1:4|18:ASIA_HIGH|20251006,MSZZC1|6:XAUUSD|1:5|2:-1|1:4|18:ASIA_HIGH|20251006,358,358,358,359,true,-1.0000,-1.0000000000000377,EXECUTED,broker-executed
SSR|ASIA_HIGH|20251006|1759749900|FINAL,SSRP|ASIA_HIGH|20251006|1759749900|FINAL,true,MSZZC1|6:XAUUSD|1:5|2:-1|1:4|18:ASIA_HIGH|20251006,,,,,,false,,,REJECT_DUPLICATE_CLUSTER,"Asia session level swept during London/NewYork, closed-bar reclaim within frozen window"
SSR|ASIA_HIGH|20251006|1759750200|FINAL,SSRP|ASIA_HIGH|20251006|1759750200|FINAL,true,MSZZC1|6:XAUUSD|1:5|2:-1|1:4|18:ASIA_HIGH|20251006,,,,,,false,,,REJECT_DUPLICATE_CLUSTER,"Asia session level swept during London/NewYork, closed-bar reclaim within frozen window"
SSR|ASIA_HIGH|20251006|1759752900|FINAL,SSRP|ASIA_HIGH|20251006|1759752900|FINAL,true,MSZZC1|6:XAUUSD|1:5|2:-1|1:4|18:ASIA_HIGH|20251006,,,,,,false,,,REJECT_DUPLICATE_CLUSTER,"Asia session level swept during London/NewYork, closed-bar reclaim within frozen window"
SSR|ASIA_HIGH|20251006|1759753800|FINAL,SSRP|ASIA_HIGH|20251006|1759753800|FINAL,true,MSZZC1|6:XAUUSD|1:5|2:-1|1:4|18:ASIA_HIGH|20251006,,,,,,false,,,REJECT_DUPLICATE_CLUSTER,"Asia session level swept during London/NewYork, closed-bar reclaim within frozen window"
SSR|ASIA_HIGH|20251006|1759755300|FINAL,SSRP|ASIA_HIGH|20251006|1759755300|FINAL,true,MSZZC1|6:XAUUSD|1:5|2:-1|1:4|18:ASIA_HIGH|20251006,,,,,,false,,,REJECT_DUPLICATE_CLUSTER,"Asia session level swept during London/NewYork, closed-bar reclaim within frozen window"
SSR|ASIA_HIGH|20251006|1759755900|FINAL,SSRP|ASIA_HIGH|20251006|1759755900|FINAL,true,MSZZC1|6:XAUUSD|1:5|2:-1|1:4|18:ASIA_HIGH|20251006,,,,,,false,,,REJECT_DUPLICATE_CLUSTER,"Asia session level swept during London/NewYork, closed-bar reclaim within frozen window"
SSR|ASIA_HIGH|20251006|1759756800|FINAL,SSRP|ASIA_HIGH|20251006|1759756800|FINAL,true,MSZZC1|6:XAUUSD|1:5|2:-1|1:4|18:ASIA_HIGH|20251006,,,,,,false,,,REJECT_DUPLICATE_CLUSTER,"Asia session level swept during London/NewYork, closed-bar reclaim within frozen window"
SSR|ASIA_HIGH|20251006|1759758900|FINAL,SSRP|ASIA_HIGH|20251006|1759758900|FINAL,true,MSZZC1|6:XAUUSD|1:5|2:-1|1:4|18:ASIA_HIGH|20251006,,,,,,false,,,REJECT_DUPLICATE_CLUSTER,"Asia session level swept during London/NewYork, closed-bar reclaim within frozen window"
SSR|ASIA_HIGH|20251006|1759759500|FINAL,SSRP|ASIA_HIGH|20251006|1759759500|FINAL,true,MSZZC1|6:XAUUSD|1:5|2:-1|1:4|18:ASIA_HIGH|20251006,,,,,,false,,,REJECT_DUPLICATE_CLUSTER,"Asia session level swept during London/NewYork, closed-bar reclaim within frozen window"
SSR|ASIA_HIGH|20251006|1759763400|FINAL,SSRP|ASIA_HIGH|20251006|1759763400|FINAL,true,MSZZC1|6:XAUUSD|1:5|2:-1|1:4|18:ASIA_HIGH|20251006,,,,,,false,,,REJECT_DUPLICATE_CLUSTER,"Asia session level swept during London/NewYork, closed-bar reclaim within frozen window"
SSR|ASIA_LOW|20251007|1759838400|FINAL,SSRP|ASIA_LOW|20251007|1759838400|FINAL,true,MSZZC1|6:XAUUSD|1:5|1:1|1:4|17:ASIA_LOW|20251007,MSZZC1|6:XAUUSD|1:5|1:1|1:4|17:ASIA_LOW|20251007,360,360,360,361,true,1.9988,1.9987515605494564,EXECUTED,broker-executed
SSR|ASIA_LOW|20251007|1759839000|FINAL,SSRP|ASIA_LOW|20251007|1759839000|FINAL,true,MSZZC1|6:XAUUSD|1:5|1:1|1:4|17:ASIA_LOW|20251007,,,,,,false,,,REJECT_DUPLICATE_CLUSTER,"Asia session level swept during London/NewYork, closed-bar reclaim within frozen window"
SSR|ASIA_LOW|20251007|1759841700|FINAL,SSRP|ASIA_LOW|20251007|1759841700|FINAL,true,MSZZC1|6:XAUUSD|1:5|1:1|1:4|17:ASIA_LOW|20251007,,,,,,false,,,REJECT_DUPLICATE_CLUSTER,"Asia session level swept during London/NewYork, closed-bar reclaim within frozen window"
SSR|ASIA_LOW|20251007|1759842000|FINAL,SSRP|ASIA_LOW|20251007|1759842000|FINAL,true,MSZZC1|6:XAUUSD|1:5|1:1|1:4|17:ASIA_LOW|20251007,,,,,,false,,,REJECT_DUPLICATE_CLUSTER,"Asia session level swept during London/NewYork, closed-bar reclaim within frozen window"
SSR|ASIA_HIGH|20251007|1759854300|FINAL,SSRP|ASIA_HIGH|20251007|1759854300|FINAL,true,MSZZC1|6:XAUUSD|1:5|2:-1|1:4|18:ASIA_HIGH|20251007,MSZZC1|6:XAUUSD|1:5|2:-1|1:4|18:ASIA_HIGH|20251007,362,362,362,363,true,-1.0000,-1.0,EXECUTED,broker-executed
SSR|ASIA_HIGH|20251007|1759854600|FINAL,SSRP|ASIA_HIGH|20251007|1759854600|FINAL,true,MSZZC1|6:XAUUSD|1:5|2:-1|1:4|18:ASIA_HIGH|20251007,,,,,,false,,,REJECT_DUPLICATE_CLUSTER,"Asia session level swept during London/NewYork, closed-bar reclaim within frozen window"
SSR|ASIA_HIGH|20251007|1759855500|FINAL,SSRP|ASIA_HIGH|20251007|1759855500|FINAL,true,MSZZC1|6:XAUUSD|1:5|2:-1|1:4|18:ASIA_HIGH|20251007,,,,,,false,,,REJECT_DUPLICATE_CLUSTER,"Asia session level swept during London/NewYork, closed-bar reclaim within frozen window"
SSR|ASIA_HIGH|20251007|1759856400|FINAL,SSRP|ASIA_HIGH|20251007|1759856400|FINAL,true,MSZZC1|6:XAUUSD|1:5|2:-1|1:4|18:ASIA_HIGH|20251007,,,,,,false,,,REJECT_DUPLICATE_CLUSTER,"Asia session level swept during London/NewYork, closed-bar reclaim within frozen window"
SSR|ASIA_HIGH|20251007|1759861800|FINAL,SSRP|ASIA_HIGH|20251007|1759861800|FINAL,true,MSZZC1|6:XAUUSD|1:5|2:-1|1:4|18:ASIA_HIGH|20251007,,,,,,false,,,REJECT_DUPLICATE_CLUSTER,"Asia session level swept during London/NewYork, closed-bar reclaim within frozen window"
SSR|ASIA_HIGH|20251007|1759862100|FINAL,SSRP|ASIA_HIGH|20251007|1759862100|FINAL,true,MSZZC1|6:XAUUSD|1:5|2:-1|1:4|18:ASIA_HIGH|20251007,,,,,,false,,,REJECT_DUPLICATE_CLUSTER,"Asia session level swept during London/NewYork, closed-bar reclaim within frozen window"
SSR|ASIA_HIGH|20251007|1759865700|FINAL,SSRP|ASIA_HIGH|20251007|1759865700|FINAL,true,MSZZC1|6:XAUUSD|1:5|2:-1|1:4|18:ASIA_HIGH|20251007,,,,,,false,,,REJECT_DUPLICATE_CLUSTER,"Asia session level swept during London/NewYork, closed-bar reclaim within frozen window"
SSR|ASIA_HIGH|20251007|1759870500|FINAL,SSRP|ASIA_HIGH|20251007|1759870500|FINAL,true,MSZZC1|6:XAUUSD|1:5|2:-1|1:4|18:ASIA_HIGH|20251007,,,,,,false,,,REJECT_DUPLICATE_CLUSTER,"Asia session level swept during London/NewYork, closed-bar reclaim within frozen window"
SSR|ASIA_HIGH|20251008|1759914300|FINAL,SSRP|ASIA_HIGH|20251008|1759914300|FINAL,true,MSZZC1|6:XAUUSD|1:5|2:-1|1:4|18:ASIA_HIGH|20251008,MSZZC1|6:XAUUSD|1:5|2:-1|1:4|18:ASIA_HIGH|20251008,364,364,364,365,true,-1.0000,-1.0,EXECUTED,broker-executed
SSR|ASIA_HIGH|20251008|1759914900|FINAL,SSRP|ASIA_HIGH|20251008|1759914900|FINAL,true,MSZZC1|6:XAUUSD|1:5|2:-1|1:4|18:ASIA_HIGH|20251008,,,,,,false,,,REJECT_DUPLICATE_CLUSTER,"Asia session level swept during London/NewYork, closed-bar reclaim within frozen window"
SSR|ASIA_HIGH|20251009|1759998600|FINAL,SSRP|ASIA_HIGH|20251009|1759998600|FINAL,true,MSZZC1|6:XAUUSD|1:5|2:-1|1:4|18:ASIA_HIGH|20251009,MSZZC1|6:XAUUSD|1:5|2:-1|1:4|18:ASIA_HIGH|20251009,366,366,366,367,true,2.0000,2.000000000000071,EXECUTED,broker-executed
SSR|ASIA_HIGH|20251009|1759998900|FINAL,SSRP|ASIA_HIGH|20251009|1759998900|FINAL,true,MSZZC1|6:XAUUSD|1:5|2:-1|1:4|18:ASIA_HIGH|20251009,,,,,,false,,,REJECT_DUPLICATE_CLUSTER,"Asia session level swept during London/NewYork, closed-bar reclaim within frozen window"
SSR|ASIA_HIGH|20251009|1760011200|FINAL,SSRP|ASIA_HIGH|20251009|1760011200|FINAL,true,MSZZC1|6:XAUUSD|1:5|2:-1|1:4|18:ASIA_HIGH|20251009,,,,,,false,,,REJECT_DUPLICATE_CLUSTER,"Asia session level swept during London/NewYork, closed-bar reclaim within frozen window"
SSR|ASIA_HIGH|20251009|1760011500|FINAL,SSRP|ASIA_HIGH|20251009|1760011500|FINAL,true,MSZZC1|6:XAUUSD|1:5|2:-1|1:4|18:ASIA_HIGH|20251009,,,,,,false,,,REJECT_DUPLICATE_CLUSTER,"Asia session level swept during London/NewYork, closed-bar reclaim within frozen window"
SSR|ASIA_HIGH|20251009|1760018100|FINAL,SSRP|ASIA_HIGH|20251009|1760018100|FINAL,true,MSZZC1|6:XAUUSD|1:5|2:-1|1:4|18:ASIA_HIGH|20251009,,,,,,false,,,REJECT_DUPLICATE_CLUSTER,"Asia session level swept during London/NewYork, closed-bar reclaim within frozen window"
SSR|ASIA_HIGH|20251009|1760018400|FINAL,SSRP|ASIA_HIGH|20251009|1760018400|FINAL,true,MSZZC1|6:XAUUSD|1:5|2:-1|1:4|18:ASIA_HIGH|20251009,,,,,,false,,,REJECT_DUPLICATE_CLUSTER,"Asia session level swept during London/NewYork, closed-bar reclaim within frozen window"
SSR|ASIA_HIGH|20251009|1760018700|FINAL,SSRP|ASIA_HIGH|20251009|1760018700|FINAL,true,MSZZC1|6:XAUUSD|1:5|2:-1|1:4|18:ASIA_HIGH|20251009,,,,,,false,,,REJECT_DUPLICATE_CLUSTER,"Asia session level swept during London/NewYork, closed-bar reclaim within frozen window"
SSR|ASIA_HIGH|20251009|1760022300|FINAL,SSRP|ASIA_HIGH|20251009|1760022300|FINAL,true,MSZZC1|6:XAUUSD|1:5|2:-1|1:4|18:ASIA_HIGH|20251009,,,,,,false,,,REJECT_DUPLICATE_CLUSTER,"Asia session level swept during London/NewYork, closed-bar reclaim within frozen window"
SSR|ASIA_HIGH|20251009|1760022900|FINAL,SSRP|ASIA_HIGH|20251009|1760022900|FINAL,true,MSZZC1|6:XAUUSD|1:5|2:-1|1:4|18:ASIA_HIGH|20251009,,,,,,false,,,REJECT_DUPLICATE_CLUSTER,"Asia session level swept during London/NewYork, closed-bar reclaim within frozen window"
SSR|ASIA_HIGH|20251009|1760023500|FINAL,SSRP|ASIA_HIGH|20251009|1760023500|FINAL,true,MSZZC1|6:XAUUSD|1:5|2:-1|1:4|18:ASIA_HIGH|20251009,,,,,,false,,,REJECT_DUPLICATE_CLUSTER,"Asia session level swept during London/NewYork, closed-bar reclaim within frozen window"
SSR|ASIA_HIGH|20251009|1760027400|FINAL,SSRP|ASIA_HIGH|20251009|1760027400|FINAL,true,MSZZC1|6:XAUUSD|1:5|2:-1|1:4|18:ASIA_HIGH|20251009,,,,,,false,,,REJECT_DUPLICATE_CLUSTER,"Asia session level swept during London/NewYork, closed-bar reclaim within frozen window"
SSR|ASIA_HIGH|20251009|1760028000|FINAL,SSRP|ASIA_HIGH|20251009|1760028000|FINAL,true,MSZZC1|6:XAUUSD|1:5|2:-1|1:4|18:ASIA_HIGH|20251009,,,,,,false,,,REJECT_DUPLICATE_CLUSTER,"Asia session level swept during London/NewYork, closed-bar reclaim within frozen window"
SSR|ASIA_HIGH|20251010|1760098200|FINAL,SSRP|ASIA_HIGH|20251010|1760098200|FINAL,true,MSZZC1|6:XAUUSD|1:5|2:-1|1:4|18:ASIA_HIGH|20251010,MSZZC1|6:XAUUSD|1:5|2:-1|1:4|18:ASIA_HIGH|20251010,368,368,368,369,true,-1.0000,-1.0,EXECUTED,broker-executed
SSR|ASIA_HIGH|20251010|1760100600|FINAL,SSRP|ASIA_HIGH|20251010|1760100600|FINAL,true,MSZZC1|6:XAUUSD|1:5|2:-1|1:4|18:ASIA_HIGH|20251010,,,,,,false,,,REJECT_DUPLICATE_CLUSTER,"Asia session level swept during London/NewYork, closed-bar reclaim within frozen window"
SSR|ASIA_HIGH|20251010|1760101800|FINAL,SSRP|ASIA_HIGH|20251010|1760101800|FINAL,true,MSZZC1|6:XAUUSD|1:5|2:-1|1:4|18:ASIA_HIGH|20251010,,,,,,false,,,REJECT_DUPLICATE_CLUSTER,"Asia session level swept during London/NewYork, closed-bar reclaim within frozen window"
SSR|ASIA_HIGH|20251010|1760103900|FINAL,SSRP|ASIA_HIGH|20251010|1760103900|FINAL,true,MSZZC1|6:XAUUSD|1:5|2:-1|1:4|18:ASIA_HIGH|20251010,,,,,,false,,,REJECT_DUPLICATE_CLUSTER,"Asia session level swept during London/NewYork, closed-bar reclaim within frozen window"
SSR|ASIA_HIGH|20251010|1760104200|FINAL,SSRP|ASIA_HIGH|20251010|1760104200|FINAL,true,MSZZC1|6:XAUUSD|1:5|2:-1|1:4|18:ASIA_HIGH|20251010,,,,,,false,,,REJECT_DUPLICATE_CLUSTER,"Asia session level swept during London/NewYork, closed-bar reclaim within frozen window"
SSR|ASIA_HIGH|20251010|1760106300|FINAL,SSRP|ASIA_HIGH|20251010|1760106300|FINAL,true,MSZZC1|6:XAUUSD|1:5|2:-1|1:4|18:ASIA_HIGH|20251010,,,,,,false,,,REJECT_DUPLICATE_CLUSTER,"Asia session level swept during London/NewYork, closed-bar reclaim within frozen window"
SSR|ASIA_HIGH|20251010|1760106600|FINAL,SSRP|ASIA_HIGH|20251010|1760106600|FINAL,true,MSZZC1|6:XAUUSD|1:5|2:-1|1:4|18:ASIA_HIGH|20251010,,,,,,false,,,REJECT_DUPLICATE_CLUSTER,"Asia session level swept during London/NewYork, closed-bar reclaim within frozen window"
SSR|ASIA_HIGH|20251010|1760106900|FINAL,SSRP|ASIA_HIGH|20251010|1760106900|FINAL,true,MSZZC1|6:XAUUSD|1:5|2:-1|1:4|18:ASIA_HIGH|20251010,,,,,,false,,,REJECT_DUPLICATE_CLUSTER,"Asia session level swept during London/NewYork, closed-bar reclaim within frozen window"
SSR|ASIA_HIGH|20251010|1760107500|FINAL,SSRP|ASIA_HIGH|20251010|1760107500|FINAL,true,MSZZC1|6:XAUUSD|1:5|2:-1|1:4|18:ASIA_HIGH|20251010,,,,,,false,,,REJECT_DUPLICATE_CLUSTER,"Asia session level swept during London/NewYork, closed-bar reclaim within frozen window"
SSR|ASIA_HIGH|20251010|1760107800|FINAL,SSRP|ASIA_HIGH|20251010|1760107800|FINAL,true,MSZZC1|6:XAUUSD|1:5|2:-1|1:4|18:ASIA_HIGH|20251010,,,,,,false,,,REJECT_DUPLICATE_CLUSTER,"Asia session level swept during London/NewYork, closed-bar reclaim within frozen window"
SSR|ASIA_HIGH|20251010|1760113800|FINAL,SSRP|ASIA_HIGH|20251010|1760113800|FINAL,true,MSZZC1|6:XAUUSD|1:5|2:-1|1:4|18:ASIA_HIGH|20251010,,,,,,false,,,REJECT_DUPLICATE_CLUSTER,"Asia session level swept during London/NewYork, closed-bar reclaim within frozen window"
SSR|ASIA_HIGH|20251010|1760114100|FINAL,SSRP|ASIA_HIGH|20251010|1760114100|FINAL,true,MSZZC1|6:XAUUSD|1:5|2:-1|1:4|18:ASIA_HIGH|20251010,,,,,,false,,,REJECT_DUPLICATE_CLUSTER,"Asia session level swept during London/NewYork, closed-bar reclaim within frozen window"
SSR|ASIA_HIGH|20251010|1760114400|FINAL,SSRP|ASIA_HIGH|20251010|1760114400|FINAL,true,MSZZC1|6:XAUUSD|1:5|2:-1|1:4|18:ASIA_HIGH|20251010,,,,,,false,,,REJECT_DUPLICATE_CLUSTER,"Asia session level swept during London/NewYork, closed-bar reclaim within frozen window"
SSR|ASIA_HIGH|20251010|1760122200|FINAL,SSRP|ASIA_HIGH|20251010|1760122200|FINAL,true,MSZZC1|6:XAUUSD|1:5|2:-1|1:4|18:ASIA_HIGH|20251010,,,,,,false,,,REJECT_DUPLICATE_CLUSTER,"Asia session level swept during London/NewYork, closed-bar reclaim within frozen window"
SSR|ASIA_HIGH|20251010|1760123100|FINAL,SSRP|ASIA_HIGH|20251010|1760123100|FINAL,true,MSZZC1|6:XAUUSD|1:5|2:-1|1:4|18:ASIA_HIGH|20251010,,,,,,false,,,REJECT_DUPLICATE_CLUSTER,"Asia session level swept during London/NewYork, closed-bar reclaim within frozen window"
SSR|ASIA_HIGH|20251010|1760123400|FINAL,SSRP|ASIA_HIGH|20251010|1760123400|FINAL,true,MSZZC1|6:XAUUSD|1:5|2:-1|1:4|18:ASIA_HIGH|20251010,,,,,,false,,,REJECT_DUPLICATE_CLUSTER,"Asia session level swept during London/NewYork, closed-bar reclaim within frozen window"
SSR|ASIA_HIGH|20251014|1760430600|FINAL,SSRP|ASIA_HIGH|20251014|1760430600|FINAL,true,MSZZC1|6:XAUUSD|1:5|2:-1|1:4|18:ASIA_HIGH|20251014,MSZZC1|6:XAUUSD|1:5|2:-1|1:4|18:ASIA_HIGH|20251014,370,370,370,371,true,0.6884,0.6884151040328791,EXECUTED,broker-executed
SSR|ASIA_HIGH|20251014|1760430900|FINAL,SSRP|ASIA_HIGH|20251014|1760430900|FINAL,true,MSZZC1|6:XAUUSD|1:5|2:-1|1:4|18:ASIA_HIGH|20251014,,,,,,false,,,REJECT_DUPLICATE_CLUSTER,"Asia session level swept during London/NewYork, closed-bar reclaim within frozen window"
SSR|ASIA_LOW|20251014|1760433600|FINAL,SSRP|ASIA_LOW|20251014|1760433600|FINAL,true,MSZZC1|6:XAUUSD|1:5|1:1|1:4|17:ASIA_LOW|20251014,MSZZC1|6:XAUUSD|1:5|1:1|1:4|17:ASIA_LOW|20251014,372,372,372,373,true,2.0000,2.0000000000000373,EXECUTED,broker-executed
SSR|ASIA_LOW|20251014|1760433900|FINAL,SSRP|ASIA_LOW|20251014|1760433900|FINAL,true,MSZZC1|6:XAUUSD|1:5|1:1|1:4|17:ASIA_LOW|20251014,,,,,,false,,,REJECT_DUPLICATE_CLUSTER,"Asia session level swept during London/NewYork, closed-bar reclaim within frozen window"
SSR|ASIA_LOW|20251014|1760434500|FINAL,SSRP|ASIA_LOW|20251014|1760434500|FINAL,true,MSZZC1|6:XAUUSD|1:5|1:1|1:4|17:ASIA_LOW|20251014,,,,,,false,,,REJECT_DUPLICATE_CLUSTER,"Asia session level swept during London/NewYork, closed-bar reclaim within frozen window"
SSR|ASIA_LOW|20251014|1760435400|FINAL,SSRP|ASIA_LOW|20251014|1760435400|FINAL,true,MSZZC1|6:XAUUSD|1:5|1:1|1:4|17:ASIA_LOW|20251014,,,,,,false,,,REJECT_DUPLICATE_CLUSTER,"Asia session level swept during London/NewYork, closed-bar reclaim within frozen window"
SSR|ASIA_LOW|20251014|1760436300|FINAL,SSRP|ASIA_LOW|20251014|1760436300|FINAL,true,MSZZC1|6:XAUUSD|1:5|1:1|1:4|17:ASIA_LOW|20251014,,,,,,false,,,REJECT_DUPLICATE_CLUSTER,"Asia session level swept during London/NewYork, closed-bar reclaim within frozen window"
SSR|ASIA_LOW|20251014|1760436600|FINAL,SSRP|ASIA_LOW|20251014|1760436600|FINAL,true,MSZZC1|6:XAUUSD|1:5|1:1|1:4|17:ASIA_LOW|20251014,,,,,,false,,,REJECT_DUPLICATE_CLUSTER,"Asia session level swept during London/NewYork, closed-bar reclaim within frozen window"
SSR|ASIA_LOW|20251014|1760457300|FINAL,SSRP|ASIA_LOW|20251014|1760457300|FINAL,true,MSZZC1|6:XAUUSD|1:5|1:1|1:4|17:ASIA_LOW|20251014,,,,,,false,,,REJECT_DUPLICATE_CLUSTER,"Asia session level swept during London/NewYork, closed-bar reclaim within frozen window"
SSR|ASIA_LOW|20251014|1760458200|FINAL,SSRP|ASIA_LOW|20251014|1760458200|FINAL,true,MSZZC1|6:XAUUSD|1:5|1:1|1:4|17:ASIA_LOW|20251014,,,,,,false,,,REJECT_DUPLICATE_CLUSTER,"Asia session level swept during London/NewYork, closed-bar reclaim within frozen window"
SSR|ASIA_LOW|20251014|1760459100|FINAL,SSRP|ASIA_LOW|20251014|1760459100|FINAL,true,MSZZC1|6:XAUUSD|1:5|1:1|1:4|17:ASIA_LOW|20251014,,,,,,false,,,REJECT_DUPLICATE_CLUSTER,"Asia session level swept during London/NewYork, closed-bar reclaim within frozen window"
SSR|ASIA_HIGH|20251015|1760516700|FINAL,SSRP|ASIA_HIGH|20251015|1760516700|FINAL,true,MSZZC1|6:XAUUSD|1:5|2:-1|1:4|18:ASIA_HIGH|20251015,MSZZC1|6:XAUUSD|1:5|2:-1|1:4|18:ASIA_HIGH|20251015,374,374,374,375,true,-1.0000,-1.0,EXECUTED,broker-executed
SSR|ASIA_HIGH|20251015|1760517000|FINAL,SSRP|ASIA_HIGH|20251015|1760517000|FINAL,true,MSZZC1|6:XAUUSD|1:5|2:-1|1:4|18:ASIA_HIGH|20251015,,,,,,false,,,REJECT_DUPLICATE_CLUSTER,"Asia session level swept during London/NewYork, closed-bar reclaim within frozen window"
SSR|ASIA_HIGH|20251015|1760517600|FINAL,SSRP|ASIA_HIGH|20251015|1760517600|FINAL,true,MSZZC1|6:XAUUSD|1:5|2:-1|1:4|18:ASIA_HIGH|20251015,,,,,,false,,,REJECT_DUPLICATE_CLUSTER,"Asia session level swept during London/NewYork, closed-bar reclaim within frozen window"
SSR|ASIA_HIGH|20251015|1760518200|FINAL,SSRP|ASIA_HIGH|20251015|1760518200|FINAL,true,MSZZC1|6:XAUUSD|1:5|2:-1|1:4|18:ASIA_HIGH|20251015,,,,,,false,,,REJECT_DUPLICATE_CLUSTER,"Asia session level swept during London/NewYork, closed-bar reclaim within frozen window"
SSR|ASIA_HIGH|20251015|1760519100|FINAL,SSRP|ASIA_HIGH|20251015|1760519100|FINAL,true,MSZZC1|6:XAUUSD|1:5|2:-1|1:4|18:ASIA_HIGH|20251015,,,,,,false,,,REJECT_DUPLICATE_CLUSTER,"Asia session level swept during London/NewYork, closed-bar reclaim within frozen window"
SSR|ASIA_HIGH|20251015|1760519700|FINAL,SSRP|ASIA_HIGH|20251015|1760519700|FINAL,true,MSZZC1|6:XAUUSD|1:5|2:-1|1:4|18:ASIA_HIGH|20251015,,,,,,false,,,REJECT_DUPLICATE_CLUSTER,"Asia session level swept during London/NewYork, closed-bar reclaim within frozen window"
SSR|ASIA_HIGH|20251015|1760520000|FINAL,SSRP|ASIA_HIGH|20251015|1760520000|FINAL,true,MSZZC1|6:XAUUSD|1:5|2:-1|1:4|18:ASIA_HIGH|20251015,,,,,,false,,,REJECT_DUPLICATE_CLUSTER,"Asia session level swept during London/NewYork, closed-bar reclaim within frozen window"
SSR|ASIA_HIGH|20251015|1760520300|FINAL,SSRP|ASIA_HIGH|20251015|1760520300|FINAL,true,MSZZC1|6:XAUUSD|1:5|2:-1|1:4|18:ASIA_HIGH|20251015,,,,,,false,,,REJECT_DUPLICATE_CLUSTER,"Asia session level swept during London/NewYork, closed-bar reclaim within frozen window"
SSR|ASIA_HIGH|20251015|1760530200|FINAL,SSRP|ASIA_HIGH|20251015|1760530200|FINAL,true,MSZZC1|6:XAUUSD|1:5|2:-1|1:4|18:ASIA_HIGH|20251015,,,,,,false,,,REJECT_DUPLICATE_CLUSTER,"Asia session level swept during London/NewYork, closed-bar reclaim within frozen window"
SSR|ASIA_HIGH|20251015|1760530800|FINAL,SSRP|ASIA_HIGH|20251015|1760530800|FINAL,true,MSZZC1|6:XAUUSD|1:5|2:-1|1:4|18:ASIA_HIGH|20251015,,,,,,false,,,REJECT_DUPLICATE_CLUSTER,"Asia session level swept during London/NewYork, closed-bar reclaim within frozen window"
SSR|ASIA_HIGH|20251015|1760541000|FINAL,SSRP|ASIA_HIGH|20251015|1760541000|FINAL,true,MSZZC1|6:XAUUSD|1:5|2:-1|1:4|18:ASIA_HIGH|20251015,,,,,,false,,,REJECT_DUPLICATE_CLUSTER,"Asia session level swept during London/NewYork, closed-bar reclaim within frozen window"
SSR|ASIA_HIGH|20251015|1760541300|FINAL,SSRP|ASIA_HIGH|20251015|1760541300|FINAL,true,MSZZC1|6:XAUUSD|1:5|2:-1|1:4|18:ASIA_HIGH|20251015,,,,,,false,,,REJECT_DUPLICATE_CLUSTER,"Asia session level swept during London/NewYork, closed-bar reclaim within frozen window"
SSR|ASIA_HIGH|20251015|1760543700|FINAL,SSRP|ASIA_HIGH|20251015|1760543700|FINAL,true,MSZZC1|6:XAUUSD|1:5|2:-1|1:4|18:ASIA_HIGH|20251015,,,,,,false,,,REJECT_DUPLICATE_CLUSTER,"Asia session level swept during London/NewYork, closed-bar reclaim within frozen window"
SSR|ASIA_HIGH|20251015|1760545500|FINAL,SSRP|ASIA_HIGH|20251015|1760545500|FINAL,true,MSZZC1|6:XAUUSD|1:5|2:-1|1:4|18:ASIA_HIGH|20251015,,,,,,false,,,REJECT_DUPLICATE_CLUSTER,"Asia session level swept during London/NewYork, closed-bar reclaim within frozen window"
SSR|ASIA_HIGH|20251015|1760553600|FINAL,SSRP|ASIA_HIGH|20251015|1760553600|FINAL,true,MSZZC1|6:XAUUSD|1:5|2:-1|1:4|18:ASIA_HIGH|20251015,,,,,,false,,,REJECT_DUPLICATE_CLUSTER,"Asia session level swept during London/NewYork, closed-bar reclaim within frozen window"
SSR|ASIA_HIGH|20251015|1760553900|FINAL,SSRP|ASIA_HIGH|20251015|1760553900|FINAL,true,MSZZC1|6:XAUUSD|1:5|2:-1|1:4|18:ASIA_HIGH|20251015,,,,,,false,,,REJECT_DUPLICATE_CLUSTER,"Asia session level swept during London/NewYork, closed-bar reclaim within frozen window"
SSR|ASIA_HIGH|20251015|1760558700|FINAL,SSRP|ASIA_HIGH|20251015|1760558700|FINAL,true,MSZZC1|6:XAUUSD|1:5|2:-1|1:4|18:ASIA_HIGH|20251015,,,,,,false,,,REJECT_DUPLICATE_CLUSTER,"Asia session level swept during London/NewYork, closed-bar reclaim within frozen window"
SSR|ASIA_HIGH|20251015|1760559000|FINAL,SSRP|ASIA_HIGH|20251015|1760559000|FINAL,true,MSZZC1|6:XAUUSD|1:5|2:-1|1:4|18:ASIA_HIGH|20251015,,,,,,false,,,REJECT_DUPLICATE_CLUSTER,"Asia session level swept during London/NewYork, closed-bar reclaim within frozen window"
SSR|ASIA_HIGH|20251015|1760559300|FINAL,SSRP|ASIA_HIGH|20251015|1760559300|FINAL,true,MSZZC1|6:XAUUSD|1:5|2:-1|1:4|18:ASIA_HIGH|20251015,,,,,,false,,,REJECT_DUPLICATE_CLUSTER,"Asia session level swept during London/NewYork, closed-bar reclaim within frozen window"
SSR|ASIA_HIGH|20251015|1760559600|FINAL,SSRP|ASIA_HIGH|20251015|1760559600|FINAL,true,MSZZC1|6:XAUUSD|1:5|2:-1|1:4|18:ASIA_HIGH|20251015,,,,,,false,,,REJECT_DUPLICATE_CLUSTER,"Asia session level swept during London/NewYork, closed-bar reclaim within frozen window"
SSR|ASIA_HIGH|20251016|1760619600|FINAL,SSRP|ASIA_HIGH|20251016|1760619600|FINAL,true,MSZZC1|6:XAUUSD|1:5|2:-1|1:4|18:ASIA_HIGH|20251016,MSZZC1|6:XAUUSD|1:5|2:-1|1:4|18:ASIA_HIGH|20251016,376,376,376,377,true,-1.0000,-1.0,EXECUTED,broker-executed
SSR|ASIA_HIGH|20251016|1760622900|FINAL,SSRP|ASIA_HIGH|20251016|1760622900|FINAL,true,MSZZC1|6:XAUUSD|1:5|2:-1|1:4|18:ASIA_HIGH|20251016,,,,,,false,,,REJECT_DUPLICATE_CLUSTER,"Asia session level swept during London/NewYork, closed-bar reclaim within frozen window"
SSR|ASIA_HIGH|20251016|1760625600|FINAL,SSRP|ASIA_HIGH|20251016|1760625600|FINAL,true,MSZZC1|6:XAUUSD|1:5|2:-1|1:4|18:ASIA_HIGH|20251016,,,,,,false,,,REJECT_DUPLICATE_CLUSTER,"Asia session level swept during London/NewYork, closed-bar reclaim within frozen window"
SSR|ASIA_HIGH|20251016|1760626500|FINAL,SSRP|ASIA_HIGH|20251016|1760626500|FINAL,true,MSZZC1|6:XAUUSD|1:5|2:-1|1:4|18:ASIA_HIGH|20251016,,,,,,false,,,REJECT_DUPLICATE_CLUSTER,"Asia session level swept during London/NewYork, closed-bar reclaim within frozen window"
SSR|ASIA_HIGH|20251016|1760627400|FINAL,SSRP|ASIA_HIGH|20251016|1760627400|FINAL,true,MSZZC1|6:XAUUSD|1:5|2:-1|1:4|18:ASIA_HIGH|20251016,,,,,,false,,,REJECT_DUPLICATE_CLUSTER,"Asia session level swept during London/NewYork, closed-bar reclaim within frozen window"
SSR|ASIA_HIGH|20251016|1760627700|FINAL,SSRP|ASIA_HIGH|20251016|1760627700|FINAL,true,MSZZC1|6:XAUUSD|1:5|2:-1|1:4|18:ASIA_HIGH|20251016,,,,,,false,,,REJECT_DUPLICATE_CLUSTER,"Asia session level swept during London/NewYork, closed-bar reclaim within frozen window"
SSR|ASIA_HIGH|20251016|1760628000|FINAL,SSRP|ASIA_HIGH|20251016|1760628000|FINAL,true,MSZZC1|6:XAUUSD|1:5|2:-1|1:4|18:ASIA_HIGH|20251016,,,,,,false,,,REJECT_DUPLICATE_CLUSTER,"Asia session level swept during London/NewYork, closed-bar reclaim within frozen window"
SSR|ASIA_HIGH|20251016|1760628600|FINAL,SSRP|ASIA_HIGH|20251016|1760628600|FINAL,true,MSZZC1|6:XAUUSD|1:5|2:-1|1:4|18:ASIA_HIGH|20251016,,,,,,false,,,REJECT_DUPLICATE_CLUSTER,"Asia session level swept during London/NewYork, closed-bar reclaim within frozen window"
SSR|ASIA_HIGH|20251016|1760628900|FINAL,SSRP|ASIA_HIGH|20251016|1760628900|FINAL,true,MSZZC1|6:XAUUSD|1:5|2:-1|1:4|18:ASIA_HIGH|20251016,,,,,,false,,,REJECT_DUPLICATE_CLUSTER,"Asia session level swept during London/NewYork, closed-bar reclaim within frozen window"
SSR|ASIA_LOW|20251017|1760718900|FINAL,SSRP|ASIA_LOW|20251017|1760718900|FINAL,true,MSZZC1|6:XAUUSD|1:5|1:1|1:4|17:ASIA_LOW|20251017,MSZZC1|6:XAUUSD|1:5|1:1|1:4|17:ASIA_LOW|20251017,378,378,378,379,true,-1.0000,-1.0,EXECUTED,broker-executed
SSR|ASIA_LOW|20251021|1761039000|FINAL,SSRP|ASIA_LOW|20251021|1761039000|FINAL,true,MSZZC1|6:XAUUSD|1:5|1:1|1:4|17:ASIA_LOW|20251021,MSZZC1|6:XAUUSD|1:5|1:1|1:4|17:ASIA_LOW|20251021,380,380,380,381,true,-1.0000,-1.0,EXECUTED,broker-executed
SSR|ASIA_LOW|20251021|1761039600|FINAL,SSRP|ASIA_LOW|20251021|1761039600|FINAL,true,MSZZC1|6:XAUUSD|1:5|1:1|1:4|17:ASIA_LOW|20251021,,,,,,false,,,REJECT_DUPLICATE_CLUSTER,"Asia session level swept during London/NewYork, closed-bar reclaim within frozen window"
SSR|ASIA_HIGH|20251022|1761120900|FINAL,SSRP|ASIA_HIGH|20251022|1761120900|FINAL,true,MSZZC1|6:XAUUSD|1:5|2:-1|1:4|18:ASIA_HIGH|20251022,MSZZC1|6:XAUUSD|1:5|2:-1|1:4|18:ASIA_HIGH|20251022,382,382,382,383,true,-1.0000,-1.0,EXECUTED,broker-executed
SSR|ASIA_HIGH|20251022|1761121500|FINAL,SSRP|ASIA_HIGH|20251022|1761121500|FINAL,true,MSZZC1|6:XAUUSD|1:5|2:-1|1:4|18:ASIA_HIGH|20251022,,,,,,false,,,REJECT_DUPLICATE_CLUSTER,"Asia session level swept during London/NewYork, closed-bar reclaim within frozen window"
SSR|ASIA_HIGH|20251022|1761122700|FINAL,SSRP|ASIA_HIGH|20251022|1761122700|FINAL,true,MSZZC1|6:XAUUSD|1:5|2:-1|1:4|18:ASIA_HIGH|20251022,,,,,,false,,,REJECT_DUPLICATE_CLUSTER,"Asia session level swept during London/NewYork, closed-bar reclaim within frozen window"
SSR|ASIA_HIGH|20251022|1761126900|FINAL,SSRP|ASIA_HIGH|20251022|1761126900|FINAL,true,MSZZC1|6:XAUUSD|1:5|2:-1|1:4|18:ASIA_HIGH|20251022,,,,,,false,,,REJECT_DUPLICATE_CLUSTER,"Asia session level swept during London/NewYork, closed-bar reclaim within frozen window"
SSR|ASIA_HIGH|20251022|1761127200|FINAL,SSRP|ASIA_HIGH|20251022|1761127200|FINAL,true,MSZZC1|6:XAUUSD|1:5|2:-1|1:4|18:ASIA_HIGH|20251022,,,,,,false,,,REJECT_DUPLICATE_CLUSTER,"Asia session level swept during London/NewYork, closed-bar reclaim within frozen window"
SSR|ASIA_HIGH|20251022|1761127500|FINAL,SSRP|ASIA_HIGH|20251022|1761127500|FINAL,true,MSZZC1|6:XAUUSD|1:5|2:-1|1:4|18:ASIA_HIGH|20251022,,,,,,false,,,REJECT_DUPLICATE_CLUSTER,"Asia session level swept during London/NewYork, closed-bar reclaim within frozen window"
SSR|ASIA_HIGH|20251022|1761127800|FINAL,SSRP|ASIA_HIGH|20251022|1761127800|FINAL,true,MSZZC1|6:XAUUSD|1:5|2:-1|1:4|18:ASIA_HIGH|20251022,,,,,,false,,,REJECT_DUPLICATE_CLUSTER,"Asia session level swept during London/NewYork, closed-bar reclaim within frozen window"
SSR|ASIA_HIGH|20251022|1761128400|FINAL,SSRP|ASIA_HIGH|20251022|1761128400|FINAL,true,MSZZC1|6:XAUUSD|1:5|2:-1|1:4|18:ASIA_HIGH|20251022,,,,,,false,,,REJECT_DUPLICATE_CLUSTER,"Asia session level swept during London/NewYork, closed-bar reclaim within frozen window"
SSR|ASIA_HIGH|20251022|1761128700|FINAL,SSRP|ASIA_HIGH|20251022|1761128700|FINAL,true,MSZZC1|6:XAUUSD|1:5|2:-1|1:4|18:ASIA_HIGH|20251022,,,,,,false,,,REJECT_DUPLICATE_CLUSTER,"Asia session level swept during London/NewYork, closed-bar reclaim within frozen window"
SSR|ASIA_HIGH|20251022|1761129900|FINAL,SSRP|ASIA_HIGH|20251022|1761129900|FINAL,true,MSZZC1|6:XAUUSD|1:5|2:-1|1:4|18:ASIA_HIGH|20251022,,,,,,false,,,REJECT_DUPLICATE_CLUSTER,"Asia session level swept during London/NewYork, closed-bar reclaim within frozen window"
SSR|ASIA_HIGH|20251022|1761130200|FINAL,SSRP|ASIA_HIGH|20251022|1761130200|FINAL,true,MSZZC1|6:XAUUSD|1:5|2:-1|1:4|18:ASIA_HIGH|20251022,,,,,,false,,,REJECT_DUPLICATE_CLUSTER,"Asia session level swept during London/NewYork, closed-bar reclaim within frozen window"
SSR|ASIA_HIGH|20251023|1761211800|FINAL,SSRP|ASIA_HIGH|20251023|1761211800|FINAL,true,MSZZC1|6:XAUUSD|1:5|2:-1|1:4|18:ASIA_HIGH|20251023,MSZZC1|6:XAUUSD|1:5|2:-1|1:4|18:ASIA_HIGH|20251023,384,384,384,385,true,-1.0000,-1.0,EXECUTED,broker-executed
SSR|ASIA_HIGH|20251023|1761212400|FINAL,SSRP|ASIA_HIGH|20251023|1761212400|FINAL,true,MSZZC1|6:XAUUSD|1:5|2:-1|1:4|18:ASIA_HIGH|20251023,,,,,,false,,,REJECT_DUPLICATE_CLUSTER,"Asia session level swept during London/NewYork, closed-bar reclaim within frozen window"
SSR|ASIA_HIGH|20251023|1761213600|FINAL,SSRP|ASIA_HIGH|20251023|1761213600|FINAL,true,MSZZC1|6:XAUUSD|1:5|2:-1|1:4|18:ASIA_HIGH|20251023,,,,,,false,,,REJECT_DUPLICATE_CLUSTER,"Asia session level swept during London/NewYork, closed-bar reclaim within frozen window"
SSR|ASIA_HIGH|20251023|1761213900|FINAL,SSRP|ASIA_HIGH|20251023|1761213900|FINAL,true,MSZZC1|6:XAUUSD|1:5|2:-1|1:4|18:ASIA_HIGH|20251023,,,,,,false,,,REJECT_DUPLICATE_CLUSTER,"Asia session level swept during London/NewYork, closed-bar reclaim within frozen window"
SSR|ASIA_HIGH|20251023|1761214500|FINAL,SSRP|ASIA_HIGH|20251023|1761214500|FINAL,true,MSZZC1|6:XAUUSD|1:5|2:-1|1:4|18:ASIA_HIGH|20251023,,,,,,false,,,REJECT_DUPLICATE_CLUSTER,"Asia session level swept during London/NewYork, closed-bar reclaim within frozen window"
SSR|ASIA_HIGH|20251023|1761215100|FINAL,SSRP|ASIA_HIGH|20251023|1761215100|FINAL,true,MSZZC1|6:XAUUSD|1:5|2:-1|1:4|18:ASIA_HIGH|20251023,,,,,,false,,,REJECT_DUPLICATE_CLUSTER,"Asia session level swept during London/NewYork, closed-bar reclaim within frozen window"
SSR|ASIA_HIGH|20251023|1761218400|FINAL,SSRP|ASIA_HIGH|20251023|1761218400|FINAL,true,MSZZC1|6:XAUUSD|1:5|2:-1|1:4|18:ASIA_HIGH|20251023,,,,,,false,,,REJECT_DUPLICATE_CLUSTER,"Asia session level swept during London/NewYork, closed-bar reclaim within frozen window"
SSR|ASIA_HIGH|20251023|1761220200|FINAL,SSRP|ASIA_HIGH|20251023|1761220200|FINAL,true,MSZZC1|6:XAUUSD|1:5|2:-1|1:4|18:ASIA_HIGH|20251023,,,,,,false,,,REJECT_DUPLICATE_CLUSTER,"Asia session level swept during London/NewYork, closed-bar reclaim within frozen window"
SSR|ASIA_HIGH|20251023|1761220800|FINAL,SSRP|ASIA_HIGH|20251023|1761220800|FINAL,true,MSZZC1|6:XAUUSD|1:5|2:-1|1:4|18:ASIA_HIGH|20251023,,,,,,false,,,REJECT_DUPLICATE_CLUSTER,"Asia session level swept during London/NewYork, closed-bar reclaim within frozen window"
SSR|ASIA_HIGH|20251023|1761222900|FINAL,SSRP|ASIA_HIGH|20251023|1761222900|FINAL,true,MSZZC1|6:XAUUSD|1:5|2:-1|1:4|18:ASIA_HIGH|20251023,,,,,,false,,,REJECT_DUPLICATE_CLUSTER,"Asia session level swept during London/NewYork, closed-bar reclaim within frozen window"
SSR|ASIA_HIGH|20251023|1761225000|FINAL,SSRP|ASIA_HIGH|20251023|1761225000|FINAL,true,MSZZC1|6:XAUUSD|1:5|2:-1|1:4|18:ASIA_HIGH|20251023,,,,,,false,,,REJECT_DUPLICATE_CLUSTER,"Asia session level swept during London/NewYork, closed-bar reclaim within frozen window"
SSR|ASIA_HIGH|20251023|1761225900|FINAL,SSRP|ASIA_HIGH|20251023|1761225900|FINAL,true,MSZZC1|6:XAUUSD|1:5|2:-1|1:4|18:ASIA_HIGH|20251023,,,,,,false,,,REJECT_DUPLICATE_CLUSTER,"Asia session level swept during London/NewYork, closed-bar reclaim within frozen window"
SSR|ASIA_HIGH|20251023|1761226500|FINAL,SSRP|ASIA_HIGH|20251023|1761226500|FINAL,true,MSZZC1|6:XAUUSD|1:5|2:-1|1:4|18:ASIA_HIGH|20251023,,,,,,false,,,REJECT_DUPLICATE_CLUSTER,"Asia session level swept during London/NewYork, closed-bar reclaim within frozen window"
SSR|ASIA_HIGH|20251023|1761226800|FINAL,SSRP|ASIA_HIGH|20251023|1761226800|FINAL,true,MSZZC1|6:XAUUSD|1:5|2:-1|1:4|18:ASIA_HIGH|20251023,,,,,,false,,,REJECT_DUPLICATE_CLUSTER,"Asia session level swept during London/NewYork, closed-bar reclaim within frozen window"
SSR|ASIA_HIGH|20251023|1761228000|FINAL,SSRP|ASIA_HIGH|20251023|1761228000|FINAL,true,MSZZC1|6:XAUUSD|1:5|2:-1|1:4|18:ASIA_HIGH|20251023,,,,,,false,,,REJECT_DUPLICATE_CLUSTER,"Asia session level swept during London/NewYork, closed-bar reclaim within frozen window"
SSR|ASIA_HIGH|20251023|1761228900|FINAL,SSRP|ASIA_HIGH|20251023|1761228900|FINAL,true,MSZZC1|6:XAUUSD|1:5|2:-1|1:4|18:ASIA_HIGH|20251023,,,,,,false,,,REJECT_DUPLICATE_CLUSTER,"Asia session level swept during London/NewYork, closed-bar reclaim within frozen window"
SSR|ASIA_HIGH|20251023|1761230700|FINAL,SSRP|ASIA_HIGH|20251023|1761230700|FINAL,true,MSZZC1|6:XAUUSD|1:5|2:-1|1:4|18:ASIA_HIGH|20251023,,,,,,false,,,REJECT_DUPLICATE_CLUSTER,"Asia session level swept during London/NewYork, closed-bar reclaim within frozen window"
SSR|ASIA_HIGH|20251023|1761259800|FINAL,SSRP|ASIA_HIGH|20251023|1761259800|FINAL,true,MSZZC1|6:XAUUSD|1:5|2:-1|1:4|18:ASIA_HIGH|20251023,,,,,,false,,,REJECT_DUPLICATE_CLUSTER,"Asia session level swept during London/NewYork, closed-bar reclaim within frozen window"
SSR|ASIA_HIGH|20251023|1761260400|FINAL,SSRP|ASIA_HIGH|20251023|1761260400|FINAL,true,MSZZC1|6:XAUUSD|1:5|2:-1|1:4|18:ASIA_HIGH|20251023,,,,,,false,,,REJECT_DUPLICATE_CLUSTER,"Asia session level swept during London/NewYork, closed-bar reclaim within frozen window"
SSR|ASIA_HIGH|20251023|1761260700|FINAL,SSRP|ASIA_HIGH|20251023|1761260700|FINAL,true,MSZZC1|6:XAUUSD|1:5|2:-1|1:4|18:ASIA_HIGH|20251023,,,,,,false,,,REJECT_DUPLICATE_CLUSTER,"Asia session level swept during London/NewYork, closed-bar reclaim within frozen window"
SSR|ASIA_LOW|20251024|1761321600|FINAL,SSRP|ASIA_LOW|20251024|1761321600|FINAL,true,MSZZC1|6:XAUUSD|1:5|1:1|1:4|17:ASIA_LOW|20251024,MSZZC1|6:XAUUSD|1:5|1:1|1:4|17:ASIA_LOW|20251024,386,386,386,387,true,-1.0000,-1.0000000000000142,EXECUTED,broker-executed
SSR|ASIA_LOW|20251024|1761321900|FINAL,SSRP|ASIA_LOW|20251024|1761321900|FINAL,true,MSZZC1|6:XAUUSD|1:5|1:1|1:4|17:ASIA_LOW|20251024,,,,,,false,,,REJECT_DUPLICATE_CLUSTER,"Asia session level swept during London/NewYork, closed-bar reclaim within frozen window"
SSR|ASIA_LOW|20251024|1761324000|FINAL,SSRP|ASIA_LOW|20251024|1761324000|FINAL,true,MSZZC1|6:XAUUSD|1:5|1:1|1:4|17:ASIA_LOW|20251024,,,,,,false,,,REJECT_DUPLICATE_CLUSTER,"Asia session level swept during London/NewYork, closed-bar reclaim within frozen window"
SSR|ASIA_LOW|20251024|1761324300|FINAL,SSRP|ASIA_LOW|20251024|1761324300|FINAL,true,MSZZC1|6:XAUUSD|1:5|1:1|1:4|17:ASIA_LOW|20251024,,,,,,false,,,REJECT_DUPLICATE_CLUSTER,"Asia session level swept during London/NewYork, closed-bar reclaim within frozen window"
SSR|ASIA_LOW|20251024|1761324600|FINAL,SSRP|ASIA_LOW|20251024|1761324600|FINAL,true,MSZZC1|6:XAUUSD|1:5|1:1|1:4|17:ASIA_LOW|20251024,,,,,,false,,,REJECT_DUPLICATE_CLUSTER,"Asia session level swept during London/NewYork, closed-bar reclaim within frozen window"
SSR|ASIA_LOW|20251024|1761340200|FINAL,SSRP|ASIA_LOW|20251024|1761340200|FINAL,true,MSZZC1|6:XAUUSD|1:5|1:1|1:4|17:ASIA_LOW|20251024,,,,,,false,,,REJECT_DUPLICATE_CLUSTER,"Asia session level swept during London/NewYork, closed-bar reclaim within frozen window"
SSR|ASIA_LOW|20251024|1761346200|FINAL,SSRP|ASIA_LOW|20251024|1761346200|FINAL,true,MSZZC1|6:XAUUSD|1:5|1:1|1:4|17:ASIA_LOW|20251024,,,,,,false,,,REJECT_DUPLICATE_CLUSTER,"Asia session level swept during London/NewYork, closed-bar reclaim within frozen window"
SSR|ASIA_LOW|20251024|1761348300|FINAL,SSRP|ASIA_LOW|20251024|1761348300|FINAL,true,MSZZC1|6:XAUUSD|1:5|1:1|1:4|17:ASIA_LOW|20251024,,,,,,false,,,REJECT_DUPLICATE_CLUSTER,"Asia session level swept during London/NewYork, closed-bar reclaim within frozen window"
SSR|ASIA_LOW|20251024|1761348900|FINAL,SSRP|ASIA_LOW|20251024|1761348900|FINAL,true,MSZZC1|6:XAUUSD|1:5|1:1|1:4|17:ASIA_LOW|20251024,,,,,,false,,,REJECT_DUPLICATE_CLUSTER,"Asia session level swept during London/NewYork, closed-bar reclaim within frozen window"
SSR|ASIA_LOW|20251028|1761640500|FINAL,SSRP|ASIA_LOW|20251028|1761640500|FINAL,true,MSZZC1|6:XAUUSD|1:5|1:1|1:4|17:ASIA_LOW|20251028,MSZZC1|6:XAUUSD|1:5|1:1|1:4|17:ASIA_LOW|20251028,388,388,388,389,true,-1.0000,-0.9999999999999334,EXECUTED,broker-executed
SSR|ASIA_LOW|20251028|1761641100|FINAL,SSRP|ASIA_LOW|20251028|1761641100|FINAL,true,MSZZC1|6:XAUUSD|1:5|1:1|1:4|17:ASIA_LOW|20251028,,,,,,false,,,REJECT_DUPLICATE_CLUSTER,"Asia session level swept during London/NewYork, closed-bar reclaim within frozen window"
SSR|ASIA_LOW|20251028|1761675900|FINAL,SSRP|ASIA_LOW|20251028|1761675900|FINAL,true,MSZZC1|6:XAUUSD|1:5|1:1|1:4|17:ASIA_LOW|20251028,,,,,,false,,,REJECT_DUPLICATE_CLUSTER,"Asia session level swept during London/NewYork, closed-bar reclaim within frozen window"
SSR|ASIA_LOW|20251028|1761681600|FINAL,SSRP|ASIA_LOW|20251028|1761681600|FINAL,true,MSZZC1|6:XAUUSD|1:5|1:1|1:4|17:ASIA_LOW|20251028,,,,,,false,,,REJECT_DUPLICATE_CLUSTER,"Asia session level swept during London/NewYork, closed-bar reclaim within frozen window"
SSR|ASIA_LOW|20251028|1761681900|FINAL,SSRP|ASIA_LOW|20251028|1761681900|FINAL,true,MSZZC1|6:XAUUSD|1:5|1:1|1:4|17:ASIA_LOW|20251028,,,,,,false,,,REJECT_DUPLICATE_CLUSTER,"Asia session level swept during London/NewYork, closed-bar reclaim within frozen window"
SSR|ASIA_LOW|20251028|1761682200|FINAL,SSRP|ASIA_LOW|20251028|1761682200|FINAL,true,MSZZC1|6:XAUUSD|1:5|1:1|1:4|17:ASIA_LOW|20251028,,,,,,false,,,REJECT_DUPLICATE_CLUSTER,"Asia session level swept during London/NewYork, closed-bar reclaim within frozen window"
SSR|ASIA_LOW|20251028|1761683400|FINAL,SSRP|ASIA_LOW|20251028|1761683400|FINAL,true,MSZZC1|6:XAUUSD|1:5|1:1|1:4|17:ASIA_LOW|20251028,,,,,,false,,,REJECT_DUPLICATE_CLUSTER,"Asia session level swept during London/NewYork, closed-bar reclaim within frozen window"
SSR|ASIA_HIGH|20251029|1761731100|FINAL,SSRP|ASIA_HIGH|20251029|1761731100|FINAL,true,MSZZC1|6:XAUUSD|1:5|2:-1|1:4|18:ASIA_HIGH|20251029,MSZZC1|6:XAUUSD|1:5|2:-1|1:4|18:ASIA_HIGH|20251029,390,390,390,391,true,-1.0000,-1.0,EXECUTED,broker-executed
SSR|ASIA_HIGH|20251029|1761731400|FINAL,SSRP|ASIA_HIGH|20251029|1761731400|FINAL,true,MSZZC1|6:XAUUSD|1:5|2:-1|1:4|18:ASIA_HIGH|20251029,,,,,,false,,,REJECT_DUPLICATE_CLUSTER,"Asia session level swept during London/NewYork, closed-bar reclaim within frozen window"
SSR|ASIA_HIGH|20251029|1761772500|FINAL,SSRP|ASIA_HIGH|20251029|1761772500|FINAL,true,MSZZC1|6:XAUUSD|1:5|2:-1|1:4|18:ASIA_HIGH|20251029,,,,,,false,,,REJECT_DUPLICATE_CLUSTER,"Asia session level swept during London/NewYork, closed-bar reclaim within frozen window"
SSR|ASIA_HIGH|20251029|1761772800|FINAL,SSRP|ASIA_HIGH|20251029|1761772800|FINAL,true,MSZZC1|6:XAUUSD|1:5|2:-1|1:4|18:ASIA_HIGH|20251029,,,,,,false,,,REJECT_DUPLICATE_CLUSTER,"Asia session level swept during London/NewYork, closed-bar reclaim within frozen window"
SSR|ASIA_HIGH|20251029|1761773100|FINAL,SSRP|ASIA_HIGH|20251029|1761773100|FINAL,true,MSZZC1|6:XAUUSD|1:5|2:-1|1:4|18:ASIA_HIGH|20251029,,,,,,false,,,REJECT_DUPLICATE_CLUSTER,"Asia session level swept during London/NewYork, closed-bar reclaim within frozen window"
SSR|ASIA_HIGH|20251029|1761773700|FINAL,SSRP|ASIA_HIGH|20251029|1761773700|FINAL,true,MSZZC1|6:XAUUSD|1:5|2:-1|1:4|18:ASIA_HIGH|20251029,,,,,,false,,,REJECT_DUPLICATE_CLUSTER,"Asia session level swept during London/NewYork, closed-bar reclaim within frozen window"
SSR|ASIA_HIGH|20251030|1761830700|FINAL,SSRP|ASIA_HIGH|20251030|1761830700|FINAL,true,MSZZC1|6:XAUUSD|1:5|2:-1|1:4|18:ASIA_HIGH|20251030,MSZZC1|6:XAUUSD|1:5|2:-1|1:4|18:ASIA_HIGH|20251030,392,392,392,393,true,-1.0000,-1.0,EXECUTED,broker-executed
SSR|ASIA_HIGH|20251030|1761831000|FINAL,SSRP|ASIA_HIGH|20251030|1761831000|FINAL,true,MSZZC1|6:XAUUSD|1:5|2:-1|1:4|18:ASIA_HIGH|20251030,,,,,,false,,,REJECT_DUPLICATE_CLUSTER,"Asia session level swept during London/NewYork, closed-bar reclaim within frozen window"
SSR|ASIA_HIGH|20251030|1761832200|FINAL,SSRP|ASIA_HIGH|20251030|1761832200|FINAL,true,MSZZC1|6:XAUUSD|1:5|2:-1|1:4|18:ASIA_HIGH|20251030,,,,,,false,,,REJECT_DUPLICATE_CLUSTER,"Asia session level swept during London/NewYork, closed-bar reclaim within frozen window"
SSR|ASIA_HIGH|20251030|1761833100|FINAL,SSRP|ASIA_HIGH|20251030|1761833100|FINAL,true,MSZZC1|6:XAUUSD|1:5|2:-1|1:4|18:ASIA_HIGH|20251030,,,,,,false,,,REJECT_DUPLICATE_CLUSTER,"Asia session level swept during London/NewYork, closed-bar reclaim within frozen window"
SSR|ASIA_HIGH|20251030|1761837300|FINAL,SSRP|ASIA_HIGH|20251030|1761837300|FINAL,true,MSZZC1|6:XAUUSD|1:5|2:-1|1:4|18:ASIA_HIGH|20251030,,,,,,false,,,REJECT_DUPLICATE_CLUSTER,"Asia session level swept during London/NewYork, closed-bar reclaim within frozen window"
SSR|ASIA_HIGH|20251030|1761837600|FINAL,SSRP|ASIA_HIGH|20251030|1761837600|FINAL,true,MSZZC1|6:XAUUSD|1:5|2:-1|1:4|18:ASIA_HIGH|20251030,,,,,,false,,,REJECT_DUPLICATE_CLUSTER,"Asia session level swept during London/NewYork, closed-bar reclaim within frozen window"
SSR|ASIA_LOW|20251031|1761942600|FINAL,SSRP|ASIA_LOW|20251031|1761942600|FINAL,true,MSZZC1|6:XAUUSD|1:5|1:1|1:4|17:ASIA_LOW|20251031,MSZZC1|6:XAUUSD|1:5|1:1|1:4|17:ASIA_LOW|20251031,394,394,394,395,true,-1.0000,-0.9999999999999752,EXECUTED,broker-executed
SSR|ASIA_LOW|20251031|1761943200|FINAL,SSRP|ASIA_LOW|20251031|1761943200|FINAL,true,MSZZC1|6:XAUUSD|1:5|1:1|1:4|17:ASIA_LOW|20251031,,,,,,false,,,REJECT_DUPLICATE_CLUSTER,"Asia session level swept during London/NewYork, closed-bar reclaim within frozen window"
SSR|ASIA_HIGH|20251103|1762160400|FINAL,SSRP|ASIA_HIGH|20251103|1762160400|FINAL,true,MSZZC1|6:XAUUSD|1:5|2:-1|1:4|18:ASIA_HIGH|20251103,MSZZC1|6:XAUUSD|1:5|2:-1|1:4|18:ASIA_HIGH|20251103,396,396,396,397,true,-1.0000,-1.0,EXECUTED,broker-executed
SSR|ASIA_HIGH|20251103|1762161000|FINAL,SSRP|ASIA_HIGH|20251103|1762161000|FINAL,true,MSZZC1|6:XAUUSD|1:5|2:-1|1:4|18:ASIA_HIGH|20251103,,,,,,false,,,REJECT_DUPLICATE_CLUSTER,"Asia session level swept during London/NewYork, closed-bar reclaim within frozen window"
SSR|ASIA_HIGH|20251103|1762161900|FINAL,SSRP|ASIA_HIGH|20251103|1762161900|FINAL,true,MSZZC1|6:XAUUSD|1:5|2:-1|1:4|18:ASIA_HIGH|20251103,,,,,,false,,,REJECT_DUPLICATE_CLUSTER,"Asia session level swept during London/NewYork, closed-bar reclaim within frozen window"
SSR|ASIA_HIGH|20251103|1762164600|FINAL,SSRP|ASIA_HIGH|20251103|1762164600|FINAL,true,MSZZC1|6:XAUUSD|1:5|2:-1|1:4|18:ASIA_HIGH|20251103,,,,,,false,,,REJECT_DUPLICATE_CLUSTER,"Asia session level swept during London/NewYork, closed-bar reclaim within frozen window"
SSR|ASIA_HIGH|20251103|1762165200|FINAL,SSRP|ASIA_HIGH|20251103|1762165200|FINAL,true,MSZZC1|6:XAUUSD|1:5|2:-1|1:4|18:ASIA_HIGH|20251103,,,,,,false,,,REJECT_DUPLICATE_CLUSTER,"Asia session level swept during London/NewYork, closed-bar reclaim within frozen window"
SSR|ASIA_HIGH|20251103|1762168200|FINAL,SSRP|ASIA_HIGH|20251103|1762168200|FINAL,true,MSZZC1|6:XAUUSD|1:5|2:-1|1:4|18:ASIA_HIGH|20251103,,,,,,false,,,REJECT_DUPLICATE_CLUSTER,"Asia session level swept during London/NewYork, closed-bar reclaim within frozen window"
SSR|ASIA_HIGH|20251103|1762168500|FINAL,SSRP|ASIA_HIGH|20251103|1762168500|FINAL,true,MSZZC1|6:XAUUSD|1:5|2:-1|1:4|18:ASIA_HIGH|20251103,,,,,,false,,,REJECT_DUPLICATE_CLUSTER,"Asia session level swept during London/NewYork, closed-bar reclaim within frozen window"
SSR|ASIA_HIGH|20251103|1762168800|FINAL,SSRP|ASIA_HIGH|20251103|1762168800|FINAL,true,MSZZC1|6:XAUUSD|1:5|2:-1|1:4|18:ASIA_HIGH|20251103,,,,,,false,,,REJECT_DUPLICATE_CLUSTER,"Asia session level swept during London/NewYork, closed-bar reclaim within frozen window"
SSR|ASIA_HIGH|20251103|1762183200|FINAL,SSRP|ASIA_HIGH|20251103|1762183200|FINAL,true,MSZZC1|6:XAUUSD|1:5|2:-1|1:4|18:ASIA_HIGH|20251103,,,,,,false,,,REJECT_DUPLICATE_CLUSTER,"Asia session level swept during London/NewYork, closed-bar reclaim within frozen window"
SSR|ASIA_HIGH|20251103|1762184100|FINAL,SSRP|ASIA_HIGH|20251103|1762184100|FINAL,true,MSZZC1|6:XAUUSD|1:5|2:-1|1:4|18:ASIA_HIGH|20251103,,,,,,false,,,REJECT_DUPLICATE_CLUSTER,"Asia session level swept during London/NewYork, closed-bar reclaim within frozen window"
SSR|ASIA_HIGH|20251103|1762185600|FINAL,SSRP|ASIA_HIGH|20251103|1762185600|FINAL,true,MSZZC1|6:XAUUSD|1:5|2:-1|1:4|18:ASIA_HIGH|20251103,,,,,,false,,,REJECT_DUPLICATE_CLUSTER,"Asia session level swept during London/NewYork, closed-bar reclaim within frozen window"
SSR|ASIA_HIGH|20251103|1762186800|FINAL,SSRP|ASIA_HIGH|20251103|1762186800|FINAL,true,MSZZC1|6:XAUUSD|1:5|2:-1|1:4|18:ASIA_HIGH|20251103,,,,,,false,,,REJECT_DUPLICATE_CLUSTER,"Asia session level swept during London/NewYork, closed-bar reclaim within frozen window"
SSR|ASIA_HIGH|20251103|1762190100|FINAL,SSRP|ASIA_HIGH|20251103|1762190100|FINAL,true,MSZZC1|6:XAUUSD|1:5|2:-1|1:4|18:ASIA_HIGH|20251103,,,,,,false,,,REJECT_DUPLICATE_CLUSTER,"Asia session level swept during London/NewYork, closed-bar reclaim within frozen window"
SSR|ASIA_HIGH|20251103|1762190400|FINAL,SSRP|ASIA_HIGH|20251103|1762190400|FINAL,true,MSZZC1|6:XAUUSD|1:5|2:-1|1:4|18:ASIA_HIGH|20251103,,,,,,false,,,REJECT_DUPLICATE_CLUSTER,"Asia session level swept during London/NewYork, closed-bar reclaim within frozen window"
SSR|ASIA_HIGH|20251103|1762190700|FINAL,SSRP|ASIA_HIGH|20251103|1762190700|FINAL,true,MSZZC1|6:XAUUSD|1:5|2:-1|1:4|18:ASIA_HIGH|20251103,,,,,,false,,,REJECT_DUPLICATE_CLUSTER,"Asia session level swept during London/NewYork, closed-bar reclaim within frozen window"
SSR|ASIA_HIGH|20251103|1762191600|FINAL,SSRP|ASIA_HIGH|20251103|1762191600|FINAL,true,MSZZC1|6:XAUUSD|1:5|2:-1|1:4|18:ASIA_HIGH|20251103,,,,,,false,,,REJECT_DUPLICATE_CLUSTER,"Asia session level swept during London/NewYork, closed-bar reclaim within frozen window"
SSR|ASIA_LOW|20251104|1762243200|FINAL,SSRP|ASIA_LOW|20251104|1762243200|FINAL,true,MSZZC1|6:XAUUSD|1:5|1:1|1:4|17:ASIA_LOW|20251104,MSZZC1|6:XAUUSD|1:5|1:1|1:4|17:ASIA_LOW|20251104,398,398,398,399,true,2.0012,2.001209189842832,EXECUTED,broker-executed
SSR|ASIA_LOW|20251104|1762243800|FINAL,SSRP|ASIA_LOW|20251104|1762243800|FINAL,true,MSZZC1|6:XAUUSD|1:5|1:1|1:4|17:ASIA_LOW|20251104,,,,,,false,,,REJECT_DUPLICATE_CLUSTER,"Asia session level swept during London/NewYork, closed-bar reclaim within frozen window"
SSR|ASIA_LOW|20251104|1762244400|FINAL,SSRP|ASIA_LOW|20251104|1762244400|FINAL,true,MSZZC1|6:XAUUSD|1:5|1:1|1:4|17:ASIA_LOW|20251104,,,,,,false,,,REJECT_DUPLICATE_CLUSTER,"Asia session level swept during London/NewYork, closed-bar reclaim within frozen window"
SSR|ASIA_LOW|20251104|1762244700|FINAL,SSRP|ASIA_LOW|20251104|1762244700|FINAL,true,MSZZC1|6:XAUUSD|1:5|1:1|1:4|17:ASIA_LOW|20251104,,,,,,false,,,REJECT_DUPLICATE_CLUSTER,"Asia session level swept during London/NewYork, closed-bar reclaim within frozen window"
SSR|ASIA_LOW|20251104|1762271400|FINAL,SSRP|ASIA_LOW|20251104|1762271400|FINAL,true,MSZZC1|6:XAUUSD|1:5|1:1|1:4|17:ASIA_LOW|20251104,,,,,,false,,,REJECT_DUPLICATE_CLUSTER,"Asia session level swept during London/NewYork, closed-bar reclaim within frozen window"
SSR|ASIA_LOW|20251104|1762272000|FINAL,SSRP|ASIA_LOW|20251104|1762272000|FINAL,true,MSZZC1|6:XAUUSD|1:5|1:1|1:4|17:ASIA_LOW|20251104,,,,,,false,,,REJECT_DUPLICATE_CLUSTER,"Asia session level swept during London/NewYork, closed-bar reclaim within frozen window"
SSR|ASIA_LOW|20251104|1762280100|FINAL,SSRP|ASIA_LOW|20251104|1762280100|FINAL,true,MSZZC1|6:XAUUSD|1:5|1:1|1:4|17:ASIA_LOW|20251104,,,,,,false,,,REJECT_DUPLICATE_CLUSTER,"Asia session level swept during London/NewYork, closed-bar reclaim within frozen window"
SSR|ASIA_HIGH|20251105|1762339800|FINAL,SSRP|ASIA_HIGH|20251105|1762339800|FINAL,true,MSZZC1|6:XAUUSD|1:5|2:-1|1:4|18:ASIA_HIGH|20251105,MSZZC1|6:XAUUSD|1:5|2:-1|1:4|18:ASIA_HIGH|20251105,400,400,400,401,true,1.9988,1.998789346247057,EXECUTED,broker-executed
SSR|ASIA_HIGH|20251105|1762357800|FINAL,SSRP|ASIA_HIGH|20251105|1762357800|FINAL,true,MSZZC1|6:XAUUSD|1:5|2:-1|1:4|18:ASIA_HIGH|20251105,,,,,,false,,,REJECT_DUPLICATE_CLUSTER,"Asia session level swept during London/NewYork, closed-bar reclaim within frozen window"
SSR|ASIA_HIGH|20251105|1762358100|FINAL,SSRP|ASIA_HIGH|20251105|1762358100|FINAL,true,MSZZC1|6:XAUUSD|1:5|2:-1|1:4|18:ASIA_HIGH|20251105,,,,,,false,,,REJECT_DUPLICATE_CLUSTER,"Asia session level swept during London/NewYork, closed-bar reclaim within frozen window"
SSR|ASIA_HIGH|20251105|1762360500|FINAL,SSRP|ASIA_HIGH|20251105|1762360500|FINAL,true,MSZZC1|6:XAUUSD|1:5|2:-1|1:4|18:ASIA_HIGH|20251105,,,,,,false,,,REJECT_DUPLICATE_CLUSTER,"Asia session level swept during London/NewYork, closed-bar reclaim within frozen window"
SSR|ASIA_HIGH|20251105|1762360800|FINAL,SSRP|ASIA_HIGH|20251105|1762360800|FINAL,true,MSZZC1|6:XAUUSD|1:5|2:-1|1:4|18:ASIA_HIGH|20251105,,,,,,false,,,REJECT_DUPLICATE_CLUSTER,"Asia session level swept during London/NewYork, closed-bar reclaim within frozen window"
SSR|ASIA_HIGH|20251105|1762364400|FINAL,SSRP|ASIA_HIGH|20251105|1762364400|FINAL,true,MSZZC1|6:XAUUSD|1:5|2:-1|1:4|18:ASIA_HIGH|20251105,,,,,,false,,,REJECT_DUPLICATE_CLUSTER,"Asia session level swept during London/NewYork, closed-bar reclaim within frozen window"
SSR|ASIA_HIGH|20251105|1762365900|FINAL,SSRP|ASIA_HIGH|20251105|1762365900|FINAL,true,MSZZC1|6:XAUUSD|1:5|2:-1|1:4|18:ASIA_HIGH|20251105,,,,,,false,,,REJECT_DUPLICATE_CLUSTER,"Asia session level swept during London/NewYork, closed-bar reclaim within frozen window"
SSR|ASIA_HIGH|20251105|1762366200|FINAL,SSRP|ASIA_HIGH|20251105|1762366200|FINAL,true,MSZZC1|6:XAUUSD|1:5|2:-1|1:4|18:ASIA_HIGH|20251105,,,,,,false,,,REJECT_DUPLICATE_CLUSTER,"Asia session level swept during London/NewYork, closed-bar reclaim within frozen window"
SSR|ASIA_HIGH|20251106|1762447800|FINAL,SSRP|ASIA_HIGH|20251106|1762447800|FINAL,true,MSZZC1|6:XAUUSD|1:5|2:-1|1:4|18:ASIA_HIGH|20251106,MSZZC1|6:XAUUSD|1:5|2:-1|1:4|18:ASIA_HIGH|20251106,402,402,402,403,true,-1.0000,-1.0,EXECUTED,broker-executed
SSR|ASIA_HIGH|20251106|1762448400|FINAL,SSRP|ASIA_HIGH|20251106|1762448400|FINAL,true,MSZZC1|6:XAUUSD|1:5|2:-1|1:4|18:ASIA_HIGH|20251106,,,,,,false,,,REJECT_DUPLICATE_CLUSTER,"Asia session level swept during London/NewYork, closed-bar reclaim within frozen window"
SSR|ASIA_HIGH|20251106|1762464000|FINAL,SSRP|ASIA_HIGH|20251106|1762464000|FINAL,true,MSZZC1|6:XAUUSD|1:5|2:-1|1:4|18:ASIA_HIGH|20251106,,,,,,false,,,REJECT_DUPLICATE_CLUSTER,"Asia session level swept during London/NewYork, closed-bar reclaim within frozen window"
SSR|ASIA_HIGH|20251106|1762465200|FINAL,SSRP|ASIA_HIGH|20251106|1762465200|FINAL,true,MSZZC1|6:XAUUSD|1:5|2:-1|1:4|18:ASIA_HIGH|20251106,,,,,,false,,,REJECT_DUPLICATE_CLUSTER,"Asia session level swept during London/NewYork, closed-bar reclaim within frozen window"
SSR|ASIA_HIGH|20251107|1762520700|FINAL,SSRP|ASIA_HIGH|20251107|1762520700|FINAL,true,MSZZC1|6:XAUUSD|1:5|2:-1|1:4|18:ASIA_HIGH|20251107,MSZZC1|6:XAUUSD|1:5|2:-1|1:4|18:ASIA_HIGH|20251107,404,404,404,405,true,-1.0000,-1.0,EXECUTED,broker-executed
SSR|ASIA_HIGH|20251107|1762521600|FINAL,SSRP|ASIA_HIGH|20251107|1762521600|FINAL,true,MSZZC1|6:XAUUSD|1:5|2:-1|1:4|18:ASIA_HIGH|20251107,,,,,,false,,,REJECT_DUPLICATE_CLUSTER,"Asia session level swept during London/NewYork, closed-bar reclaim within frozen window"
SSR|ASIA_HIGH|20251107|1762524300|FINAL,SSRP|ASIA_HIGH|20251107|1762524300|FINAL,true,MSZZC1|6:XAUUSD|1:5|2:-1|1:4|18:ASIA_HIGH|20251107,,,,,,false,,,REJECT_DUPLICATE_CLUSTER,"Asia session level swept during London/NewYork, closed-bar reclaim within frozen window"
SSR|ASIA_HIGH|20251107|1762525200|FINAL,SSRP|ASIA_HIGH|20251107|1762525200|FINAL,true,MSZZC1|6:XAUUSD|1:5|2:-1|1:4|18:ASIA_HIGH|20251107,,,,,,false,,,REJECT_DUPLICATE_CLUSTER,"Asia session level swept during London/NewYork, closed-bar reclaim within frozen window"
SSR|ASIA_HIGH|20251107|1762531800|FINAL,SSRP|ASIA_HIGH|20251107|1762531800|FINAL,true,MSZZC1|6:XAUUSD|1:5|2:-1|1:4|18:ASIA_HIGH|20251107,,,,,,false,,,REJECT_DUPLICATE_CLUSTER,"Asia session level swept during London/NewYork, closed-bar reclaim within frozen window"
SSR|ASIA_HIGH|20251107|1762532700|FINAL,SSRP|ASIA_HIGH|20251107|1762532700|FINAL,true,MSZZC1|6:XAUUSD|1:5|2:-1|1:4|18:ASIA_HIGH|20251107,,,,,,false,,,REJECT_DUPLICATE_CLUSTER,"Asia session level swept during London/NewYork, closed-bar reclaim within frozen window"
SSR|ASIA_HIGH|20251107|1762541700|FINAL,SSRP|ASIA_HIGH|20251107|1762541700|FINAL,true,MSZZC1|6:XAUUSD|1:5|2:-1|1:4|18:ASIA_HIGH|20251107,,,,,,false,,,REJECT_DUPLICATE_CLUSTER,"Asia session level swept during London/NewYork, closed-bar reclaim within frozen window"
SSR|ASIA_HIGH|20251107|1762542300|FINAL,SSRP|ASIA_HIGH|20251107|1762542300|FINAL,true,MSZZC1|6:XAUUSD|1:5|2:-1|1:4|18:ASIA_HIGH|20251107,,,,,,false,,,REJECT_DUPLICATE_CLUSTER,"Asia session level swept during London/NewYork, closed-bar reclaim within frozen window"
SSR|ASIA_HIGH|20251107|1762545300|FINAL,SSRP|ASIA_HIGH|20251107|1762545300|FINAL,true,MSZZC1|6:XAUUSD|1:5|2:-1|1:4|18:ASIA_HIGH|20251107,,,,,,false,,,REJECT_DUPLICATE_CLUSTER,"Asia session level swept during London/NewYork, closed-bar reclaim within frozen window"
SSR|ASIA_HIGH|20251107|1762546800|FINAL,SSRP|ASIA_HIGH|20251107|1762546800|FINAL,true,MSZZC1|6:XAUUSD|1:5|2:-1|1:4|18:ASIA_HIGH|20251107,,,,,,false,,,REJECT_DUPLICATE_CLUSTER,"Asia session level swept during London/NewYork, closed-bar reclaim within frozen window"
SSR|ASIA_HIGH|20251107|1762551300|FINAL,SSRP|ASIA_HIGH|20251107|1762551300|FINAL,true,MSZZC1|6:XAUUSD|1:5|2:-1|1:4|18:ASIA_HIGH|20251107,,,,,,false,,,REJECT_DUPLICATE_CLUSTER,"Asia session level swept during London/NewYork, closed-bar reclaim within frozen window"
SSR|ASIA_HIGH|20251107|1762553400|FINAL,SSRP|ASIA_HIGH|20251107|1762553400|FINAL,true,MSZZC1|6:XAUUSD|1:5|2:-1|1:4|18:ASIA_HIGH|20251107,,,,,,false,,,REJECT_DUPLICATE_CLUSTER,"Asia session level swept during London/NewYork, closed-bar reclaim within frozen window"
SSR|ASIA_HIGH|20251107|1762553700|FINAL,SSRP|ASIA_HIGH|20251107|1762553700|FINAL,true,MSZZC1|6:XAUUSD|1:5|2:-1|1:4|18:ASIA_HIGH|20251107,,,,,,false,,,REJECT_DUPLICATE_CLUSTER,"Asia session level swept during London/NewYork, closed-bar reclaim within frozen window"
SSR|ASIA_HIGH|20251107|1762556100|FINAL,SSRP|ASIA_HIGH|20251107|1762556100|FINAL,true,MSZZC1|6:XAUUSD|1:5|2:-1|1:4|18:ASIA_HIGH|20251107,,,,,,false,,,REJECT_DUPLICATE_CLUSTER,"Asia session level swept during London/NewYork, closed-bar reclaim within frozen window"
SSR|ASIA_HIGH|20251107|1762557000|FINAL,SSRP|ASIA_HIGH|20251107|1762557000|FINAL,true,MSZZC1|6:XAUUSD|1:5|2:-1|1:4|18:ASIA_HIGH|20251107,,,,,,false,,,REJECT_DUPLICATE_CLUSTER,"Asia session level swept during London/NewYork, closed-bar reclaim within frozen window"
SSR|ASIA_HIGH|20251110|1762761600|FINAL,SSRP|ASIA_HIGH|20251110|1762761600|FINAL,true,MSZZC1|6:XAUUSD|1:5|2:-1|1:4|18:ASIA_HIGH|20251110,MSZZC1|6:XAUUSD|1:5|2:-1|1:4|18:ASIA_HIGH|20251110,406,406,406,407,true,-1.0000,-0.9999999999998654,EXECUTED,broker-executed
SSR|ASIA_LOW|20251111|1762887900|FINAL,SSRP|ASIA_LOW|20251111|1762887900|FINAL,true,MSZZC1|6:XAUUSD|1:5|1:1|1:4|17:ASIA_LOW|20251111,MSZZC1|6:XAUUSD|1:5|1:1|1:4|17:ASIA_LOW|20251111,408,408,408,409,true,-1.0000,-1.0,EXECUTED,broker-executed
SSR|ASIA_LOW|20251111|1762889400|FINAL,SSRP|ASIA_LOW|20251111|1762889400|FINAL,true,MSZZC1|6:XAUUSD|1:5|1:1|1:4|17:ASIA_LOW|20251111,,,,,,false,,,REJECT_DUPLICATE_CLUSTER,"Asia session level swept during London/NewYork, closed-bar reclaim within frozen window"
SSR|ASIA_LOW|20251111|1762893600|FINAL,SSRP|ASIA_LOW|20251111|1762893600|FINAL,true,MSZZC1|6:XAUUSD|1:5|1:1|1:4|17:ASIA_LOW|20251111,,,,,,false,,,REJECT_DUPLICATE_CLUSTER,"Asia session level swept during London/NewYork, closed-bar reclaim within frozen window"
SSR|ASIA_LOW|20251111|1762894800|FINAL,SSRP|ASIA_LOW|20251111|1762894800|FINAL,true,MSZZC1|6:XAUUSD|1:5|1:1|1:4|17:ASIA_LOW|20251111,,,,,,false,,,REJECT_DUPLICATE_CLUSTER,"Asia session level swept during London/NewYork, closed-bar reclaim within frozen window"
SSR|ASIA_HIGH|20251113|1763049600|FINAL,SSRP|ASIA_HIGH|20251113|1763049600|FINAL,true,MSZZC1|6:XAUUSD|1:5|2:-1|1:4|18:ASIA_HIGH|20251113,MSZZC1|6:XAUUSD|1:5|2:-1|1:4|18:ASIA_HIGH|20251113,410,410,410,411,true,2.0006,2.0006108735491885,EXECUTED,broker-executed
SSR|ASIA_HIGH|20251113|1763049900|FINAL,SSRP|ASIA_HIGH|20251113|1763049900|FINAL,true,MSZZC1|6:XAUUSD|1:5|2:-1|1:4|18:ASIA_HIGH|20251113,,,,,,false,,,REJECT_DUPLICATE_CLUSTER,"Asia session level swept during London/NewYork, closed-bar reclaim within frozen window"
SSR|ASIA_HIGH|20251113|1763050500|FINAL,SSRP|ASIA_HIGH|20251113|1763050500|FINAL,true,MSZZC1|6:XAUUSD|1:5|2:-1|1:4|18:ASIA_HIGH|20251113,,,,,,false,,,REJECT_DUPLICATE_CLUSTER,"Asia session level swept during London/NewYork, closed-bar reclaim within frozen window"
SSR|ASIA_LOW|20251113|1763074800|FINAL,SSRP|ASIA_LOW|20251113|1763074800|FINAL,true,MSZZC1|6:XAUUSD|1:5|1:1|1:4|17:ASIA_LOW|20251113,MSZZC1|6:XAUUSD|1:5|1:1|1:4|17:ASIA_LOW|20251113,412,412,412,413,true,-1.0000,-1.0,EXECUTED,broker-executed
SSR|ASIA_LOW|20251114|1763112600|FINAL,SSRP|ASIA_LOW|20251114|1763112600|FINAL,true,MSZZC1|6:XAUUSD|1:5|1:1|1:4|17:ASIA_LOW|20251114,MSZZC1|6:XAUUSD|1:5|1:1|1:4|17:ASIA_LOW|20251114,414,414,414,415,true,-1.0000,-1.0,EXECUTED,broker-executed
SSR|ASIA_LOW|20251114|1763113200|FINAL,SSRP|ASIA_LOW|20251114|1763113200|FINAL,true,MSZZC1|6:XAUUSD|1:5|1:1|1:4|17:ASIA_LOW|20251114,,,,,,false,,,REJECT_DUPLICATE_CLUSTER,"Asia session level swept during London/NewYork, closed-bar reclaim within frozen window"
SSR|ASIA_LOW|20251114|1763118000|FINAL,SSRP|ASIA_LOW|20251114|1763118000|FINAL,true,MSZZC1|6:XAUUSD|1:5|1:1|1:4|17:ASIA_LOW|20251114,,,,,,false,,,REJECT_DUPLICATE_CLUSTER,"Asia session level swept during London/NewYork, closed-bar reclaim within frozen window"
SSR|ASIA_LOW|20251114|1763119800|FINAL,SSRP|ASIA_LOW|20251114|1763119800|FINAL,true,MSZZC1|6:XAUUSD|1:5|1:1|1:4|17:ASIA_LOW|20251114,,,,,,false,,,REJECT_DUPLICATE_CLUSTER,"Asia session level swept during London/NewYork, closed-bar reclaim within frozen window"
SSR|ASIA_LOW|20251114|1763120100|FINAL,SSRP|ASIA_LOW|20251114|1763120100|FINAL,true,MSZZC1|6:XAUUSD|1:5|1:1|1:4|17:ASIA_LOW|20251114,,,,,,false,,,REJECT_DUPLICATE_CLUSTER,"Asia session level swept during London/NewYork, closed-bar reclaim within frozen window"
SSR|ASIA_LOW|20251114|1763120400|FINAL,SSRP|ASIA_LOW|20251114|1763120400|FINAL,true,MSZZC1|6:XAUUSD|1:5|1:1|1:4|17:ASIA_LOW|20251114,,,,,,false,,,REJECT_DUPLICATE_CLUSTER,"Asia session level swept during London/NewYork, closed-bar reclaim within frozen window"
SSR|ASIA_LOW|20251114|1763123400|FINAL,SSRP|ASIA_LOW|20251114|1763123400|FINAL,true,MSZZC1|6:XAUUSD|1:5|1:1|1:4|17:ASIA_LOW|20251114,,,,,,false,,,REJECT_DUPLICATE_CLUSTER,"Asia session level swept during London/NewYork, closed-bar reclaim within frozen window"
SSR|ASIA_LOW|20251118|1763457000|FINAL,SSRP|ASIA_LOW|20251118|1763457000|FINAL,true,MSZZC1|6:XAUUSD|1:5|1:1|1:4|17:ASIA_LOW|20251118,MSZZC1|6:XAUUSD|1:5|1:1|1:4|17:ASIA_LOW|20251118,416,416,416,417,true,-1.0000,-1.0,EXECUTED,broker-executed
SSR|ASIA_LOW|20251118|1763458200|FINAL,SSRP|ASIA_LOW|20251118|1763458200|FINAL,true,MSZZC1|6:XAUUSD|1:5|1:1|1:4|17:ASIA_LOW|20251118,,,,,,false,,,REJECT_DUPLICATE_CLUSTER,"Asia session level swept during London/NewYork, closed-bar reclaim within frozen window"
SSR|ASIA_LOW|20251118|1763458500|FINAL,SSRP|ASIA_LOW|20251118|1763458500|FINAL,true,MSZZC1|6:XAUUSD|1:5|1:1|1:4|17:ASIA_LOW|20251118,,,,,,false,,,REJECT_DUPLICATE_CLUSTER,"Asia session level swept during London/NewYork, closed-bar reclaim within frozen window"
SSR|ASIA_HIGH|20251118|1763487600|FINAL,SSRP|ASIA_HIGH|20251118|1763487600|FINAL,true,MSZZC1|6:XAUUSD|1:5|2:-1|1:4|18:ASIA_HIGH|20251118,MSZZC1|6:XAUUSD|1:5|2:-1|1:4|18:ASIA_HIGH|20251118,418,418,418,419,true,-1.0000,-1.0,EXECUTED,broker-executed
SSR|ASIA_HIGH|20251118|1763488200|FINAL,SSRP|ASIA_HIGH|20251118|1763488200|FINAL,true,MSZZC1|6:XAUUSD|1:5|2:-1|1:4|18:ASIA_HIGH|20251118,,,,,,false,,,REJECT_DUPLICATE_CLUSTER,"Asia session level swept during London/NewYork, closed-bar reclaim within frozen window"
SSR|ASIA_HIGH|20251118|1763488500|FINAL,SSRP|ASIA_HIGH|20251118|1763488500|FINAL,true,MSZZC1|6:XAUUSD|1:5|2:-1|1:4|18:ASIA_HIGH|20251118,,,,,,false,,,REJECT_DUPLICATE_CLUSTER,"Asia session level swept during London/NewYork, closed-bar reclaim within frozen window"
SSR|ASIA_HIGH|20251119|1763539200|FINAL,SSRP|ASIA_HIGH|20251119|1763539200|FINAL,true,MSZZC1|6:XAUUSD|1:5|2:-1|1:4|18:ASIA_HIGH|20251119,MSZZC1|6:XAUUSD|1:5|2:-1|1:4|18:ASIA_HIGH|20251119,420,420,420,421,true,2.0000,2.0000000000004925,EXECUTED,broker-executed
SSR|ASIA_HIGH|20251119|1763539800|FINAL,SSRP|ASIA_HIGH|20251119|1763539800|FINAL,true,MSZZC1|6:XAUUSD|1:5|2:-1|1:4|18:ASIA_HIGH|20251119,,,,,,false,,,REJECT_DUPLICATE_CLUSTER,"Asia session level swept during London/NewYork, closed-bar reclaim within frozen window"
SSR|ASIA_HIGH|20251119|1763574300|FINAL,SSRP|ASIA_HIGH|20251119|1763574300|FINAL,true,MSZZC1|6:XAUUSD|1:5|2:-1|1:4|18:ASIA_HIGH|20251119,,,,,,false,,,REJECT_DUPLICATE_CLUSTER,"Asia session level swept during London/NewYork, closed-bar reclaim within frozen window"
SSR|ASIA_HIGH|20251119|1763574600|FINAL,SSRP|ASIA_HIGH|20251119|1763574600|FINAL,true,MSZZC1|6:XAUUSD|1:5|2:-1|1:4|18:ASIA_HIGH|20251119,,,,,,false,,,REJECT_DUPLICATE_CLUSTER,"Asia session level swept during London/NewYork, closed-bar reclaim within frozen window"
SSR|ASIA_LOW|20251120|1763634000|FINAL,SSRP|ASIA_LOW|20251120|1763634000|FINAL,true,MSZZC1|6:XAUUSD|1:5|1:1|1:4|17:ASIA_LOW|20251120,MSZZC1|6:XAUUSD|1:5|1:1|1:4|17:ASIA_LOW|20251120,422,422,422,423,true,1.9988,1.9987775061124429,EXECUTED,broker-executed
SSR|ASIA_LOW|20251121|1763720100|FINAL,SSRP|ASIA_LOW|20251121|1763720100|FINAL,true,MSZZC1|6:XAUUSD|1:5|1:1|1:4|17:ASIA_LOW|20251121,MSZZC1|6:XAUUSD|1:5|1:1|1:4|17:ASIA_LOW|20251121,424,424,424,425,true,2.0000,2.0000000000000497,EXECUTED,broker-executed
SSR|ASIA_LOW|20251121|1763722200|FINAL,SSRP|ASIA_LOW|20251121|1763722200|FINAL,true,MSZZC1|6:XAUUSD|1:5|1:1|1:4|17:ASIA_LOW|20251121,,,,,,false,,,REJECT_DUPLICATE_CLUSTER,"Asia session level swept during London/NewYork, closed-bar reclaim within frozen window"
SSR|ASIA_LOW|20251121|1763727000|FINAL,SSRP|ASIA_LOW|20251121|1763727000|FINAL,true,MSZZC1|6:XAUUSD|1:5|1:1|1:4|17:ASIA_LOW|20251121,,,,,,false,,,REJECT_DUPLICATE_CLUSTER,"Asia session level swept during London/NewYork, closed-bar reclaim within frozen window"
SSR|ASIA_LOW|20251121|1763727300|FINAL,SSRP|ASIA_LOW|20251121|1763727300|FINAL,true,MSZZC1|6:XAUUSD|1:5|1:1|1:4|17:ASIA_LOW|20251121,,,,,,false,,,REJECT_DUPLICATE_CLUSTER,"Asia session level swept during London/NewYork, closed-bar reclaim within frozen window"
SSR|ASIA_LOW|20251121|1763728800|FINAL,SSRP|ASIA_LOW|20251121|1763728800|FINAL,true,MSZZC1|6:XAUUSD|1:5|1:1|1:4|17:ASIA_LOW|20251121,,,,,,false,,,REJECT_DUPLICATE_CLUSTER,"Asia session level swept during London/NewYork, closed-bar reclaim within frozen window"
SSR|ASIA_LOW|20251121|1763730300|FINAL,SSRP|ASIA_LOW|20251121|1763730300|FINAL,true,MSZZC1|6:XAUUSD|1:5|1:1|1:4|17:ASIA_LOW|20251121,,,,,,false,,,REJECT_DUPLICATE_CLUSTER,"Asia session level swept during London/NewYork, closed-bar reclaim within frozen window"
SSR|ASIA_LOW|20251121|1763733600|FINAL,SSRP|ASIA_LOW|20251121|1763733600|FINAL,true,MSZZC1|6:XAUUSD|1:5|1:1|1:4|17:ASIA_LOW|20251121,,,,,,false,,,REJECT_DUPLICATE_CLUSTER,"Asia session level swept during London/NewYork, closed-bar reclaim within frozen window"
SSR|ASIA_LOW|20251121|1763733900|FINAL,SSRP|ASIA_LOW|20251121|1763733900|FINAL,true,MSZZC1|6:XAUUSD|1:5|1:1|1:4|17:ASIA_LOW|20251121,,,,,,false,,,REJECT_DUPLICATE_CLUSTER,"Asia session level swept during London/NewYork, closed-bar reclaim within frozen window"
SSR|ASIA_HIGH|20251121|1763751600|FINAL,SSRP|ASIA_HIGH|20251121|1763751600|FINAL,true,MSZZC1|6:XAUUSD|1:5|2:-1|1:4|18:ASIA_HIGH|20251121,MSZZC1|6:XAUUSD|1:5|2:-1|1:4|18:ASIA_HIGH|20251121,426,426,426,427,true,2.0006,2.000585823081442,EXECUTED,broker-executed
SSR|ASIA_HIGH|20251121|1763760300|FINAL,SSRP|ASIA_HIGH|20251121|1763760300|FINAL,true,MSZZC1|6:XAUUSD|1:5|2:-1|1:4|18:ASIA_HIGH|20251121,,,,,,false,,,REJECT_DUPLICATE_CLUSTER,"Asia session level swept during London/NewYork, closed-bar reclaim within frozen window"
SSR|ASIA_HIGH|20251121|1763761200|FINAL,SSRP|ASIA_HIGH|20251121|1763761200|FINAL,true,MSZZC1|6:XAUUSD|1:5|2:-1|1:4|18:ASIA_HIGH|20251121,,,,,,false,,,REJECT_DUPLICATE_CLUSTER,"Asia session level swept during London/NewYork, closed-bar reclaim within frozen window"
SSR|ASIA_HIGH|20251121|1763761800|FINAL,SSRP|ASIA_HIGH|20251121|1763761800|FINAL,true,MSZZC1|6:XAUUSD|1:5|2:-1|1:4|18:ASIA_HIGH|20251121,,,,,,false,,,REJECT_DUPLICATE_CLUSTER,"Asia session level swept during London/NewYork, closed-bar reclaim within frozen window"
SSR|ASIA_HIGH|20251124|1763998500|FINAL,SSRP|ASIA_HIGH|20251124|1763998500|FINAL,true,MSZZC1|6:XAUUSD|1:5|2:-1|1:4|18:ASIA_HIGH|20251124,MSZZC1|6:XAUUSD|1:5|2:-1|1:4|18:ASIA_HIGH|20251124,428,428,428,429,true,-1.0000,-0.9999999999999483,EXECUTED,broker-executed
SSR|ASIA_HIGH|20251124|1763998800|FINAL,SSRP|ASIA_HIGH|20251124|1763998800|FINAL,true,MSZZC1|6:XAUUSD|1:5|2:-1|1:4|18:ASIA_HIGH|20251124,,,,,,false,,,REJECT_DUPLICATE_CLUSTER,"Asia session level swept during London/NewYork, closed-bar reclaim within frozen window"
SSR|ASIA_HIGH|20251124|1763999100|FINAL,SSRP|ASIA_HIGH|20251124|1763999100|FINAL,true,MSZZC1|6:XAUUSD|1:5|2:-1|1:4|18:ASIA_HIGH|20251124,,,,,,false,,,REJECT_DUPLICATE_CLUSTER,"Asia session level swept during London/NewYork, closed-bar reclaim within frozen window"
SSR|ASIA_HIGH|20251124|1763999700|FINAL,SSRP|ASIA_HIGH|20251124|1763999700|FINAL,true,MSZZC1|6:XAUUSD|1:5|2:-1|1:4|18:ASIA_HIGH|20251124,,,,,,false,,,REJECT_DUPLICATE_CLUSTER,"Asia session level swept during London/NewYork, closed-bar reclaim within frozen window"
SSR|ASIA_HIGH|20251124|1764000900|FINAL,SSRP|ASIA_HIGH|20251124|1764000900|FINAL,true,MSZZC1|6:XAUUSD|1:5|2:-1|1:4|18:ASIA_HIGH|20251124,,,,,,false,,,REJECT_DUPLICATE_CLUSTER,"Asia session level swept during London/NewYork, closed-bar reclaim within frozen window"
SSR|ASIA_HIGH|20251124|1764001800|FINAL,SSRP|ASIA_HIGH|20251124|1764001800|FINAL,true,MSZZC1|6:XAUUSD|1:5|2:-1|1:4|18:ASIA_HIGH|20251124,,,,,,false,,,REJECT_DUPLICATE_CLUSTER,"Asia session level swept during London/NewYork, closed-bar reclaim within frozen window"
SSR|ASIA_LOW|20251125|1764066900|FINAL,SSRP|ASIA_LOW|20251125|1764066900|FINAL,true,MSZZC1|6:XAUUSD|1:5|1:1|1:4|17:ASIA_LOW|20251125,MSZZC1|6:XAUUSD|1:5|1:1|1:4|17:ASIA_LOW|20251125,430,430,430,431,true,-1.0000,-1.0,EXECUTED,broker-executed
SSR|ASIA_LOW|20251125|1764068100|FINAL,SSRP|ASIA_LOW|20251125|1764068100|FINAL,true,MSZZC1|6:XAUUSD|1:5|1:1|1:4|17:ASIA_LOW|20251125,,,,,,false,,,REJECT_DUPLICATE_CLUSTER,"Asia session level swept during London/NewYork, closed-bar reclaim within frozen window"
SSR|ASIA_LOW|20251125|1764081600|FINAL,SSRP|ASIA_LOW|20251125|1764081600|FINAL,true,MSZZC1|6:XAUUSD|1:5|1:1|1:4|17:ASIA_LOW|20251125,,,,,,false,,,REJECT_DUPLICATE_CLUSTER,"Asia session level swept during London/NewYork, closed-bar reclaim within frozen window"
SSR|ASIA_LOW|20251125|1764082200|FINAL,SSRP|ASIA_LOW|20251125|1764082200|FINAL,true,MSZZC1|6:XAUUSD|1:5|1:1|1:4|17:ASIA_LOW|20251125,,,,,,false,,,REJECT_DUPLICATE_CLUSTER,"Asia session level swept during London/NewYork, closed-bar reclaim within frozen window"
SSR|ASIA_LOW|20251125|1764089100|FINAL,SSRP|ASIA_LOW|20251125|1764089100|FINAL,true,MSZZC1|6:XAUUSD|1:5|1:1|1:4|17:ASIA_LOW|20251125,,,,,,false,,,REJECT_DUPLICATE_CLUSTER,"Asia session level swept during London/NewYork, closed-bar reclaim within frozen window"
SSR|ASIA_LOW|20251125|1764089700|FINAL,SSRP|ASIA_LOW|20251125|1764089700|FINAL,true,MSZZC1|6:XAUUSD|1:5|1:1|1:4|17:ASIA_LOW|20251125,,,,,,false,,,REJECT_DUPLICATE_CLUSTER,"Asia session level swept during London/NewYork, closed-bar reclaim within frozen window"
SSR|ASIA_LOW|20251125|1764090300|FINAL,SSRP|ASIA_LOW|20251125|1764090300|FINAL,true,MSZZC1|6:XAUUSD|1:5|1:1|1:4|17:ASIA_LOW|20251125,,,,,,false,,,REJECT_DUPLICATE_CLUSTER,"Asia session level swept during London/NewYork, closed-bar reclaim within frozen window"
SSR|ASIA_LOW|20251125|1764093300|FINAL,SSRP|ASIA_LOW|20251125|1764093300|FINAL,true,MSZZC1|6:XAUUSD|1:5|1:1|1:4|17:ASIA_LOW|20251125,,,,,,false,,,REJECT_DUPLICATE_CLUSTER,"Asia session level swept during London/NewYork, closed-bar reclaim within frozen window"
SSR|ASIA_HIGH|20251125|1764099000|FINAL,SSRP|ASIA_HIGH|20251125|1764099000|FINAL,true,MSZZC1|6:XAUUSD|1:5|2:-1|1:4|18:ASIA_HIGH|20251125,MSZZC1|6:XAUUSD|1:5|2:-1|1:4|18:ASIA_HIGH|20251125,432,432,432,433,true,2.0000,2.0,EXECUTED,broker-executed
SSR|ASIA_HIGH|20251125|1764099300|FINAL,SSRP|ASIA_HIGH|20251125|1764099300|FINAL,true,MSZZC1|6:XAUUSD|1:5|2:-1|1:4|18:ASIA_HIGH|20251125,,,,,,false,,,REJECT_DUPLICATE_CLUSTER,"Asia session level swept during London/NewYork, closed-bar reclaim within frozen window"
SSR|ASIA_HIGH|20251126|1764164400|FINAL,SSRP|ASIA_HIGH|20251126|1764164400|FINAL,true,MSZZC1|6:XAUUSD|1:5|2:-1|1:4|18:ASIA_HIGH|20251126,MSZZC1|6:XAUUSD|1:5|2:-1|1:4|18:ASIA_HIGH|20251126,434,434,434,435,true,-1.0000,-1.0,EXECUTED,broker-executed
SSR|ASIA_HIGH|20251126|1764164700|FINAL,SSRP|ASIA_HIGH|20251126|1764164700|FINAL,true,MSZZC1|6:XAUUSD|1:5|2:-1|1:4|18:ASIA_HIGH|20251126,,,,,,false,,,REJECT_DUPLICATE_CLUSTER,"Asia session level swept during London/NewYork, closed-bar reclaim within frozen window"
SSR|ASIA_HIGH|20251126|1764165600|FINAL,SSRP|ASIA_HIGH|20251126|1764165600|FINAL,true,MSZZC1|6:XAUUSD|1:5|2:-1|1:4|18:ASIA_HIGH|20251126,,,,,,false,,,REJECT_DUPLICATE_CLUSTER,"Asia session level swept during London/NewYork, closed-bar reclaim within frozen window"
SSR|ASIA_HIGH|20251126|1764165900|FINAL,SSRP|ASIA_HIGH|20251126|1764165900|FINAL,true,MSZZC1|6:XAUUSD|1:5|2:-1|1:4|18:ASIA_HIGH|20251126,,,,,,false,,,REJECT_DUPLICATE_CLUSTER,"Asia session level swept during London/NewYork, closed-bar reclaim within frozen window"
SSR|ASIA_HIGH|20251126|1764167100|FINAL,SSRP|ASIA_HIGH|20251126|1764167100|FINAL,true,MSZZC1|6:XAUUSD|1:5|2:-1|1:4|18:ASIA_HIGH|20251126,,,,,,false,,,REJECT_DUPLICATE_CLUSTER,"Asia session level swept during London/NewYork, closed-bar reclaim within frozen window"
SSR|ASIA_HIGH|20251126|1764187800|FINAL,SSRP|ASIA_HIGH|20251126|1764187800|FINAL,true,MSZZC1|6:XAUUSD|1:5|2:-1|1:4|18:ASIA_HIGH|20251126,,,,,,false,,,REJECT_DUPLICATE_CLUSTER,"Asia session level swept during London/NewYork, closed-bar reclaim within frozen window"
SSR|ASIA_HIGH|20251126|1764188400|FINAL,SSRP|ASIA_HIGH|20251126|1764188400|FINAL,true,MSZZC1|6:XAUUSD|1:5|2:-1|1:4|18:ASIA_HIGH|20251126,,,,,,false,,,REJECT_DUPLICATE_CLUSTER,"Asia session level swept during London/NewYork, closed-bar reclaim within frozen window"
SSR|ASIA_HIGH|20251126|1764192000|FINAL,SSRP|ASIA_HIGH|20251126|1764192000|FINAL,true,MSZZC1|6:XAUUSD|1:5|2:-1|1:4|18:ASIA_HIGH|20251126,,,,,,false,,,REJECT_DUPLICATE_CLUSTER,"Asia session level swept during London/NewYork, closed-bar reclaim within frozen window"
SSR|ASIA_LOW|20251128|1764326400|FINAL,SSRP|ASIA_LOW|20251128|1764326400|FINAL,true,MSZZC1|6:XAUUSD|1:5|1:1|1:4|17:ASIA_LOW|20251128,MSZZC1|6:XAUUSD|1:5|1:1|1:4|17:ASIA_LOW|20251128,436,436,436,437,true,-1.0000,-1.0,EXECUTED,broker-executed
SSR|ASIA_LOW|20251128|1764328500|FINAL,SSRP|ASIA_LOW|20251128|1764328500|FINAL,true,MSZZC1|6:XAUUSD|1:5|1:1|1:4|17:ASIA_LOW|20251128,,,,,,false,,,REJECT_DUPLICATE_CLUSTER,"Asia session level swept during London/NewYork, closed-bar reclaim within frozen window"
SSR|ASIA_LOW|20251128|1764329400|FINAL,SSRP|ASIA_LOW|20251128|1764329400|FINAL,true,MSZZC1|6:XAUUSD|1:5|1:1|1:4|17:ASIA_LOW|20251128,,,,,,false,,,REJECT_DUPLICATE_CLUSTER,"Asia session level swept during London/NewYork, closed-bar reclaim within frozen window"
SSR|ASIA_HIGH|20251128|1764348900|FINAL,SSRP|ASIA_HIGH|20251128|1764348900|FINAL,true,MSZZC1|6:XAUUSD|1:5|2:-1|1:4|18:ASIA_HIGH|20251128,MSZZC1|6:XAUUSD|1:5|2:-1|1:4|18:ASIA_HIGH|20251128,438,438,438,439,true,-1.0000,-1.0,EXECUTED,broker-executed
SSR|ASIA_HIGH|20251201|1764591000|FINAL,SSRP|ASIA_HIGH|20251201|1764591000|FINAL,true,MSZZC1|6:XAUUSD|1:5|2:-1|1:4|18:ASIA_HIGH|20251201,MSZZC1|6:XAUUSD|1:5|2:-1|1:4|18:ASIA_HIGH|20251201,440,440,440,441,true,-1.0000,-1.0,EXECUTED,broker-executed
SSR|ASIA_HIGH|20251201|1764591600|FINAL,SSRP|ASIA_HIGH|20251201|1764591600|FINAL,true,MSZZC1|6:XAUUSD|1:5|2:-1|1:4|18:ASIA_HIGH|20251201,,,,,,false,,,REJECT_DUPLICATE_CLUSTER,"Asia session level swept during London/NewYork, closed-bar reclaim within frozen window"
SSR|ASIA_HIGH|20251201|1764593100|FINAL,SSRP|ASIA_HIGH|20251201|1764593100|FINAL,true,MSZZC1|6:XAUUSD|1:5|2:-1|1:4|18:ASIA_HIGH|20251201,,,,,,false,,,REJECT_DUPLICATE_CLUSTER,"Asia session level swept during London/NewYork, closed-bar reclaim within frozen window"
SSR|ASIA_HIGH|20251201|1764593700|FINAL,SSRP|ASIA_HIGH|20251201|1764593700|FINAL,true,MSZZC1|6:XAUUSD|1:5|2:-1|1:4|18:ASIA_HIGH|20251201,,,,,,false,,,REJECT_DUPLICATE_CLUSTER,"Asia session level swept during London/NewYork, closed-bar reclaim within frozen window"
SSR|ASIA_HIGH|20251201|1764596400|FINAL,SSRP|ASIA_HIGH|20251201|1764596400|FINAL,true,MSZZC1|6:XAUUSD|1:5|2:-1|1:4|18:ASIA_HIGH|20251201,,,,,,false,,,REJECT_DUPLICATE_CLUSTER,"Asia session level swept during London/NewYork, closed-bar reclaim within frozen window"
SSR|ASIA_HIGH|20251201|1764596700|FINAL,SSRP|ASIA_HIGH|20251201|1764596700|FINAL,true,MSZZC1|6:XAUUSD|1:5|2:-1|1:4|18:ASIA_HIGH|20251201,,,,,,false,,,REJECT_DUPLICATE_CLUSTER,"Asia session level swept during London/NewYork, closed-bar reclaim within frozen window"
SSR|ASIA_HIGH|20251201|1764603600|FINAL,SSRP|ASIA_HIGH|20251201|1764603600|FINAL,true,MSZZC1|6:XAUUSD|1:5|2:-1|1:4|18:ASIA_HIGH|20251201,,,,,,false,,,REJECT_DUPLICATE_CLUSTER,"Asia session level swept during London/NewYork, closed-bar reclaim within frozen window"
SSR|ASIA_HIGH|20251201|1764604200|FINAL,SSRP|ASIA_HIGH|20251201|1764604200|FINAL,true,MSZZC1|6:XAUUSD|1:5|2:-1|1:4|18:ASIA_HIGH|20251201,,,,,,false,,,REJECT_DUPLICATE_CLUSTER,"Asia session level swept during London/NewYork, closed-bar reclaim within frozen window"
SSR|ASIA_LOW|20251202|1764675300|FINAL,SSRP|ASIA_LOW|20251202|1764675300|FINAL,true,MSZZC1|6:XAUUSD|1:5|1:1|1:4|17:ASIA_LOW|20251202,MSZZC1|6:XAUUSD|1:5|1:1|1:4|17:ASIA_LOW|20251202,442,442,442,443,true,2.0000,2.0,EXECUTED,broker-executed
SSR|ASIA_LOW|20251202|1764676200|FINAL,SSRP|ASIA_LOW|20251202|1764676200|FINAL,true,MSZZC1|6:XAUUSD|1:5|1:1|1:4|17:ASIA_LOW|20251202,,,,,,false,,,REJECT_DUPLICATE_CLUSTER,"Asia session level swept during London/NewYork, closed-bar reclaim within frozen window"
SSR|ASIA_LOW|20251202|1764681000|FINAL,SSRP|ASIA_LOW|20251202|1764681000|FINAL,true,MSZZC1|6:XAUUSD|1:5|1:1|1:4|17:ASIA_LOW|20251202,,,,,,false,,,REJECT_DUPLICATE_CLUSTER,"Asia session level swept during London/NewYork, closed-bar reclaim within frozen window"
SSR|ASIA_LOW|20251202|1764681600|FINAL,SSRP|ASIA_LOW|20251202|1764681600|FINAL,true,MSZZC1|6:XAUUSD|1:5|1:1|1:4|17:ASIA_LOW|20251202,,,,,,false,,,REJECT_DUPLICATE_CLUSTER,"Asia session level swept during London/NewYork, closed-bar reclaim within frozen window"
SSR|ASIA_LOW|20251202|1764702600|FINAL,SSRP|ASIA_LOW|20251202|1764702600|FINAL,true,MSZZC1|6:XAUUSD|1:5|1:1|1:4|17:ASIA_LOW|20251202,,,,,,false,,,REJECT_DUPLICATE_CLUSTER,"Asia session level swept during London/NewYork, closed-bar reclaim within frozen window"
SSR|ASIA_LOW|20251202|1764702900|FINAL,SSRP|ASIA_LOW|20251202|1764702900|FINAL,true,MSZZC1|6:XAUUSD|1:5|1:1|1:4|17:ASIA_LOW|20251202,,,,,,false,,,REJECT_DUPLICATE_CLUSTER,"Asia session level swept during London/NewYork, closed-bar reclaim within frozen window"
SSR|ASIA_LOW|20251202|1764706500|FINAL,SSRP|ASIA_LOW|20251202|1764706500|FINAL,true,MSZZC1|6:XAUUSD|1:5|1:1|1:4|17:ASIA_LOW|20251202,,,,,,false,,,REJECT_DUPLICATE_CLUSTER,"Asia session level swept during London/NewYork, closed-bar reclaim within frozen window"
SSR|ASIA_LOW|20251202|1764708300|FINAL,SSRP|ASIA_LOW|20251202|1764708300|FINAL,true,MSZZC1|6:XAUUSD|1:5|1:1|1:4|17:ASIA_LOW|20251202,,,,,,false,,,REJECT_DUPLICATE_CLUSTER,"Asia session level swept during London/NewYork, closed-bar reclaim within frozen window"
SSR|ASIA_LOW|20251202|1764708900|FINAL,SSRP|ASIA_LOW|20251202|1764708900|FINAL,true,MSZZC1|6:XAUUSD|1:5|1:1|1:4|17:ASIA_LOW|20251202,,,,,,false,,,REJECT_DUPLICATE_CLUSTER,"Asia session level swept during London/NewYork, closed-bar reclaim within frozen window"
SSR|ASIA_LOW|20251203|1764754200|FINAL,SSRP|ASIA_LOW|20251203|1764754200|FINAL,true,MSZZC1|6:XAUUSD|1:5|1:1|1:4|17:ASIA_LOW|20251203,MSZZC1|6:XAUUSD|1:5|1:1|1:4|17:ASIA_LOW|20251203,444,444,444,445,true,-1.0000,-1.0,EXECUTED,broker-executed
SSR|ASIA_LOW|20251203|1764764400|FINAL,SSRP|ASIA_LOW|20251203|1764764400|FINAL,true,MSZZC1|6:XAUUSD|1:5|1:1|1:4|17:ASIA_LOW|20251203,,,,,,false,,,REJECT_DUPLICATE_CLUSTER,"Asia session level swept during London/NewYork, closed-bar reclaim within frozen window"
SSR|ASIA_LOW|20251203|1764764700|FINAL,SSRP|ASIA_LOW|20251203|1764764700|FINAL,true,MSZZC1|6:XAUUSD|1:5|1:1|1:4|17:ASIA_LOW|20251203,,,,,,false,,,REJECT_DUPLICATE_CLUSTER,"Asia session level swept during London/NewYork, closed-bar reclaim within frozen window"
SSR|ASIA_LOW|20251203|1764767400|FINAL,SSRP|ASIA_LOW|20251203|1764767400|FINAL,true,MSZZC1|6:XAUUSD|1:5|1:1|1:4|17:ASIA_LOW|20251203,,,,,,false,,,REJECT_DUPLICATE_CLUSTER,"Asia session level swept during London/NewYork, closed-bar reclaim within frozen window"
SSR|ASIA_LOW|20251203|1764768000|FINAL,SSRP|ASIA_LOW|20251203|1764768000|FINAL,true,MSZZC1|6:XAUUSD|1:5|1:1|1:4|17:ASIA_LOW|20251203,,,,,,false,,,REJECT_DUPLICATE_CLUSTER,"Asia session level swept during London/NewYork, closed-bar reclaim within frozen window"
SSR|ASIA_HIGH|20251203|1764777600|FINAL,SSRP|ASIA_HIGH|20251203|1764777600|FINAL,true,MSZZC1|6:XAUUSD|1:5|2:-1|1:4|18:ASIA_HIGH|20251203,MSZZC1|6:XAUUSD|1:5|2:-1|1:4|18:ASIA_HIGH|20251203,446,446,446,447,true,-1.0000,-1.0,EXECUTED,broker-executed
SSR|ASIA_HIGH|20251203|1764777900|FINAL,SSRP|ASIA_HIGH|20251203|1764777900|FINAL,true,MSZZC1|6:XAUUSD|1:5|2:-1|1:4|18:ASIA_HIGH|20251203,,,,,,false,,,REJECT_DUPLICATE_CLUSTER,"Asia session level swept during London/NewYork, closed-bar reclaim within frozen window"
SSR|ASIA_HIGH|20251203|1764778500|FINAL,SSRP|ASIA_HIGH|20251203|1764778500|FINAL,true,MSZZC1|6:XAUUSD|1:5|2:-1|1:4|18:ASIA_HIGH|20251203,,,,,,false,,,REJECT_DUPLICATE_CLUSTER,"Asia session level swept during London/NewYork, closed-bar reclaim within frozen window"
SSR|ASIA_HIGH|20251203|1764779700|FINAL,SSRP|ASIA_HIGH|20251203|1764779700|FINAL,true,MSZZC1|6:XAUUSD|1:5|2:-1|1:4|18:ASIA_HIGH|20251203,,,,,,false,,,REJECT_DUPLICATE_CLUSTER,"Asia session level swept during London/NewYork, closed-bar reclaim within frozen window"
SSR|ASIA_HIGH|20251203|1764780000|FINAL,SSRP|ASIA_HIGH|20251203|1764780000|FINAL,true,MSZZC1|6:XAUUSD|1:5|2:-1|1:4|18:ASIA_HIGH|20251203,,,,,,false,,,REJECT_DUPLICATE_CLUSTER,"Asia session level swept during London/NewYork, closed-bar reclaim within frozen window"
SSR|ASIA_LOW|20251203|1764788100|FINAL,SSRP|ASIA_LOW|20251203|1764788100|FINAL,true,MSZZC1|6:XAUUSD|1:5|1:1|1:4|17:ASIA_LOW|20251203,,,,,,false,,,REJECT_DUPLICATE_CLUSTER,"Asia session level swept during London/NewYork, closed-bar reclaim within frozen window"
SSR|ASIA_LOW|20251203|1764788400|FINAL,SSRP|ASIA_LOW|20251203|1764788400|FINAL,true,MSZZC1|6:XAUUSD|1:5|1:1|1:4|17:ASIA_LOW|20251203,,,,,,false,,,REJECT_DUPLICATE_CLUSTER,"Asia session level swept during London/NewYork, closed-bar reclaim within frozen window"
SSR|ASIA_LOW|20251203|1764793200|FINAL,SSRP|ASIA_LOW|20251203|1764793200|FINAL,true,MSZZC1|6:XAUUSD|1:5|1:1|1:4|17:ASIA_LOW|20251203,,,,,,false,,,REJECT_DUPLICATE_CLUSTER,"Asia session level swept during London/NewYork, closed-bar reclaim within frozen window"
SSR|ASIA_LOW|20251203|1764793800|FINAL,SSRP|ASIA_LOW|20251203|1764793800|FINAL,true,MSZZC1|6:XAUUSD|1:5|1:1|1:4|17:ASIA_LOW|20251203,,,,,,false,,,REJECT_DUPLICATE_CLUSTER,"Asia session level swept during London/NewYork, closed-bar reclaim within frozen window"
SSR|ASIA_LOW|20251203|1764794100|FINAL,SSRP|ASIA_LOW|20251203|1764794100|FINAL,true,MSZZC1|6:XAUUSD|1:5|1:1|1:4|17:ASIA_LOW|20251203,,,,,,false,,,REJECT_DUPLICATE_CLUSTER,"Asia session level swept during London/NewYork, closed-bar reclaim within frozen window"
SSR|ASIA_LOW|20251203|1764795300|FINAL,SSRP|ASIA_LOW|20251203|1764795300|FINAL,true,MSZZC1|6:XAUUSD|1:5|1:1|1:4|17:ASIA_LOW|20251203,,,,,,false,,,REJECT_DUPLICATE_CLUSTER,"Asia session level swept during London/NewYork, closed-bar reclaim within frozen window"
SSR|ASIA_LOW|20251203|1764796500|FINAL,SSRP|ASIA_LOW|20251203|1764796500|FINAL,true,MSZZC1|6:XAUUSD|1:5|1:1|1:4|17:ASIA_LOW|20251203,,,,,,false,,,REJECT_DUPLICATE_CLUSTER,"Asia session level swept during London/NewYork, closed-bar reclaim within frozen window"
SSR|ASIA_HIGH|20251204|1764872100|FINAL,SSRP|ASIA_HIGH|20251204|1764872100|FINAL,true,MSZZC1|6:XAUUSD|1:5|2:-1|1:4|18:ASIA_HIGH|20251204,MSZZC1|6:XAUUSD|1:5|2:-1|1:4|18:ASIA_HIGH|20251204,448,448,448,449,true,2.0000,1.9999999999997284,EXECUTED,broker-executed
SSR|ASIA_HIGH|20251204|1764872700|FINAL,SSRP|ASIA_HIGH|20251204|1764872700|FINAL,true,MSZZC1|6:XAUUSD|1:5|2:-1|1:4|18:ASIA_HIGH|20251204,,,,,,false,,,REJECT_DUPLICATE_CLUSTER,"Asia session level swept during London/NewYork, closed-bar reclaim within frozen window"
SSR|ASIA_HIGH|20251204|1764877800|FINAL,SSRP|ASIA_HIGH|20251204|1764877800|FINAL,true,MSZZC1|6:XAUUSD|1:5|2:-1|1:4|18:ASIA_HIGH|20251204,,,,,,false,,,REJECT_DUPLICATE_CLUSTER,"Asia session level swept during London/NewYork, closed-bar reclaim within frozen window"
SSR|ASIA_HIGH|20251204|1764878100|FINAL,SSRP|ASIA_HIGH|20251204|1764878100|FINAL,true,MSZZC1|6:XAUUSD|1:5|2:-1|1:4|18:ASIA_HIGH|20251204,,,,,,false,,,REJECT_DUPLICATE_CLUSTER,"Asia session level swept during London/NewYork, closed-bar reclaim within frozen window"
SSR|ASIA_HIGH|20251204|1764878400|FINAL,SSRP|ASIA_HIGH|20251204|1764878400|FINAL,true,MSZZC1|6:XAUUSD|1:5|2:-1|1:4|18:ASIA_HIGH|20251204,,,,,,false,,,REJECT_DUPLICATE_CLUSTER,"Asia session level swept during London/NewYork, closed-bar reclaim within frozen window"
SSR|ASIA_HIGH|20251205|1764931500|FINAL,SSRP|ASIA_HIGH|20251205|1764931500|FINAL,true,MSZZC1|6:XAUUSD|1:5|2:-1|1:4|18:ASIA_HIGH|20251205,MSZZC1|6:XAUUSD|1:5|2:-1|1:4|18:ASIA_HIGH|20251205,450,450,450,451,true,-1.0000,-1.0,EXECUTED,broker-executed
SSR|ASIA_HIGH|20251205|1764931800|FINAL,SSRP|ASIA_HIGH|20251205|1764931800|FINAL,true,MSZZC1|6:XAUUSD|1:5|2:-1|1:4|18:ASIA_HIGH|20251205,,,,,,false,,,REJECT_DUPLICATE_CLUSTER,"Asia session level swept during London/NewYork, closed-bar reclaim within frozen window"
SSR|ASIA_HIGH|20251205|1764932100|FINAL,SSRP|ASIA_HIGH|20251205|1764932100|FINAL,true,MSZZC1|6:XAUUSD|1:5|2:-1|1:4|18:ASIA_HIGH|20251205,,,,,,false,,,REJECT_DUPLICATE_CLUSTER,"Asia session level swept during London/NewYork, closed-bar reclaim within frozen window"
SSR|ASIA_HIGH|20251205|1764932400|FINAL,SSRP|ASIA_HIGH|20251205|1764932400|FINAL,true,MSZZC1|6:XAUUSD|1:5|2:-1|1:4|18:ASIA_HIGH|20251205,,,,,,false,,,REJECT_DUPLICATE_CLUSTER,"Asia session level swept during London/NewYork, closed-bar reclaim within frozen window"
SSR|ASIA_HIGH|20251205|1764957900|FINAL,SSRP|ASIA_HIGH|20251205|1764957900|FINAL,true,MSZZC1|6:XAUUSD|1:5|2:-1|1:4|18:ASIA_HIGH|20251205,,,,,,false,,,REJECT_DUPLICATE_CLUSTER,"Asia session level swept during London/NewYork, closed-bar reclaim within frozen window"
SSR|ASIA_HIGH|20251205|1764958200|FINAL,SSRP|ASIA_HIGH|20251205|1764958200|FINAL,true,MSZZC1|6:XAUUSD|1:5|2:-1|1:4|18:ASIA_HIGH|20251205,,,,,,false,,,REJECT_DUPLICATE_CLUSTER,"Asia session level swept during London/NewYork, closed-bar reclaim within frozen window"
SSR|ASIA_LOW|20251205|1764976500|FINAL,SSRP|ASIA_LOW|20251205|1764976500|FINAL,true,MSZZC1|6:XAUUSD|1:5|1:1|1:4|17:ASIA_LOW|20251205,MSZZC1|6:XAUUSD|1:5|1:1|1:4|17:ASIA_LOW|20251205,452,452,452,453,true,-1.0000,-1.0,EXECUTED,broker-executed
SSR|ASIA_LOW|20251205|1764976800|FINAL,SSRP|ASIA_LOW|20251205|1764976800|FINAL,true,MSZZC1|6:XAUUSD|1:5|1:1|1:4|17:ASIA_LOW|20251205,,,,,,false,,,REJECT_DUPLICATE_CLUSTER,"Asia session level swept during London/NewYork, closed-bar reclaim within frozen window"
SSR|ASIA_LOW|20251205|1764977700|FINAL,SSRP|ASIA_LOW|20251205|1764977700|FINAL,true,MSZZC1|6:XAUUSD|1:5|1:1|1:4|17:ASIA_LOW|20251205,,,,,,false,,,REJECT_DUPLICATE_CLUSTER,"Asia session level swept during London/NewYork, closed-bar reclaim within frozen window"
SSR|ASIA_LOW|20251205|1764978300|FINAL,SSRP|ASIA_LOW|20251205|1764978300|FINAL,true,MSZZC1|6:XAUUSD|1:5|1:1|1:4|17:ASIA_LOW|20251205,,,,,,false,,,REJECT_DUPLICATE_CLUSTER,"Asia session level swept during London/NewYork, closed-bar reclaim within frozen window"
SSR|ASIA_LOW|20251205|1764978600|FINAL,SSRP|ASIA_LOW|20251205|1764978600|FINAL,true,MSZZC1|6:XAUUSD|1:5|1:1|1:4|17:ASIA_LOW|20251205,,,,,,false,,,REJECT_DUPLICATE_CLUSTER,"Asia session level swept during London/NewYork, closed-bar reclaim within frozen window"
SSR|ASIA_HIGH|20251208|1765180800|FINAL,SSRP|ASIA_HIGH|20251208|1765180800|FINAL,true,MSZZC1|6:XAUUSD|1:5|2:-1|1:4|18:ASIA_HIGH|20251208,MSZZC1|6:XAUUSD|1:5|2:-1|1:4|18:ASIA_HIGH|20251208,454,454,454,455,true,-1.0000,-1.0,EXECUTED,broker-executed
SSR|ASIA_HIGH|20251208|1765181100|FINAL,SSRP|ASIA_HIGH|20251208|1765181100|FINAL,true,MSZZC1|6:XAUUSD|1:5|2:-1|1:4|18:ASIA_HIGH|20251208,,,,,,false,,,REJECT_DUPLICATE_CLUSTER,"Asia session level swept during London/NewYork, closed-bar reclaim within frozen window"
SSR|ASIA_HIGH|20251208|1765182000|FINAL,SSRP|ASIA_HIGH|20251208|1765182000|FINAL,true,MSZZC1|6:XAUUSD|1:5|2:-1|1:4|18:ASIA_HIGH|20251208,,,,,,false,,,REJECT_DUPLICATE_CLUSTER,"Asia session level swept during London/NewYork, closed-bar reclaim within frozen window"
SSR|ASIA_HIGH|20251208|1765182600|FINAL,SSRP|ASIA_HIGH|20251208|1765182600|FINAL,true,MSZZC1|6:XAUUSD|1:5|2:-1|1:4|18:ASIA_HIGH|20251208,,,,,,false,,,REJECT_DUPLICATE_CLUSTER,"Asia session level swept during London/NewYork, closed-bar reclaim within frozen window"
SSR|ASIA_HIGH|20251208|1765184100|FINAL,SSRP|ASIA_HIGH|20251208|1765184100|FINAL,true,MSZZC1|6:XAUUSD|1:5|2:-1|1:4|18:ASIA_HIGH|20251208,,,,,,false,,,REJECT_DUPLICATE_CLUSTER,"Asia session level swept during London/NewYork, closed-bar reclaim within frozen window"
SSR|ASIA_LOW|20251208|1765214100|FINAL,SSRP|ASIA_LOW|20251208|1765214100|FINAL,true,MSZZC1|6:XAUUSD|1:5|1:1|1:4|17:ASIA_LOW|20251208,MSZZC1|6:XAUUSD|1:5|1:1|1:4|17:ASIA_LOW|20251208,456,456,456,457,true,-1.0000,-1.0,EXECUTED,broker-executed
SSR|ASIA_LOW|20251208|1765214400|FINAL,SSRP|ASIA_LOW|20251208|1765214400|FINAL,true,MSZZC1|6:XAUUSD|1:5|1:1|1:4|17:ASIA_LOW|20251208,,,,,,false,,,REJECT_DUPLICATE_CLUSTER,"Asia session level swept during London/NewYork, closed-bar reclaim within frozen window"
SSR|ASIA_LOW|20251208|1765217400|FINAL,SSRP|ASIA_LOW|20251208|1765217400|FINAL,true,MSZZC1|6:XAUUSD|1:5|1:1|1:4|17:ASIA_LOW|20251208,,,,,,false,,,REJECT_DUPLICATE_CLUSTER,"Asia session level swept during London/NewYork, closed-bar reclaim within frozen window"
SSR|ASIA_LOW|20251208|1765218000|FINAL,SSRP|ASIA_LOW|20251208|1765218000|FINAL,true,MSZZC1|6:XAUUSD|1:5|1:1|1:4|17:ASIA_LOW|20251208,,,,,,false,,,REJECT_DUPLICATE_CLUSTER,"Asia session level swept during London/NewYork, closed-bar reclaim within frozen window"
SSR|ASIA_LOW|20251208|1765221000|FINAL,SSRP|ASIA_LOW|20251208|1765221000|FINAL,true,MSZZC1|6:XAUUSD|1:5|1:1|1:4|17:ASIA_LOW|20251208,,,,,,false,,,REJECT_DUPLICATE_CLUSTER,"Asia session level swept during London/NewYork, closed-bar reclaim within frozen window"
SSR|ASIA_LOW|20251208|1765222800|FINAL,SSRP|ASIA_LOW|20251208|1765222800|FINAL,true,MSZZC1|6:XAUUSD|1:5|1:1|1:4|17:ASIA_LOW|20251208,,,,,,false,,,REJECT_DUPLICATE_CLUSTER,"Asia session level swept during London/NewYork, closed-bar reclaim within frozen window"
SSR|ASIA_LOW|20251208|1765223100|FINAL,SSRP|ASIA_LOW|20251208|1765223100|FINAL,true,MSZZC1|6:XAUUSD|1:5|1:1|1:4|17:ASIA_LOW|20251208,,,,,,false,,,REJECT_DUPLICATE_CLUSTER,"Asia session level swept during London/NewYork, closed-bar reclaim within frozen window"
SSR|ASIA_LOW|20251208|1765232700|FINAL,SSRP|ASIA_LOW|20251208|1765232700|FINAL,true,MSZZC1|6:XAUUSD|1:5|1:1|1:4|17:ASIA_LOW|20251208,,,,,,false,,,REJECT_DUPLICATE_CLUSTER,"Asia session level swept during London/NewYork, closed-bar reclaim within frozen window"
SSR|ASIA_LOW|20251208|1765233000|FINAL,SSRP|ASIA_LOW|20251208|1765233000|FINAL,true,MSZZC1|6:XAUUSD|1:5|1:1|1:4|17:ASIA_LOW|20251208,,,,,,false,,,REJECT_DUPLICATE_CLUSTER,"Asia session level swept during London/NewYork, closed-bar reclaim within frozen window"
SSR|ASIA_LOW|20251208|1765234500|FINAL,SSRP|ASIA_LOW|20251208|1765234500|FINAL,true,MSZZC1|6:XAUUSD|1:5|1:1|1:4|17:ASIA_LOW|20251208,,,,,,false,,,REJECT_DUPLICATE_CLUSTER,"Asia session level swept during London/NewYork, closed-bar reclaim within frozen window"
SSR|ASIA_LOW|20251208|1765235700|FINAL,SSRP|ASIA_LOW|20251208|1765235700|FINAL,true,MSZZC1|6:XAUUSD|1:5|1:1|1:4|17:ASIA_LOW|20251208,,,,,,false,,,REJECT_DUPLICATE_CLUSTER,"Asia session level swept during London/NewYork, closed-bar reclaim within frozen window"
SSR|ASIA_LOW|20251209|1765268400|FINAL,SSRP|ASIA_LOW|20251209|1765268400|FINAL,true,MSZZC1|6:XAUUSD|1:5|1:1|1:4|17:ASIA_LOW|20251209,MSZZC1|6:XAUUSD|1:5|1:1|1:4|17:ASIA_LOW|20251209,458,458,458,459,true,2.0000,2.0000000000001923,EXECUTED,broker-executed
SSR|ASIA_LOW|20251209|1765268700|FINAL,SSRP|ASIA_LOW|20251209|1765268700|FINAL,true,MSZZC1|6:XAUUSD|1:5|1:1|1:4|17:ASIA_LOW|20251209,,,,,,false,,,REJECT_DUPLICATE_CLUSTER,"Asia session level swept during London/NewYork, closed-bar reclaim within frozen window"
SSR|ASIA_LOW|20251209|1765269000|FINAL,SSRP|ASIA_LOW|20251209|1765269000|FINAL,true,MSZZC1|6:XAUUSD|1:5|1:1|1:4|17:ASIA_LOW|20251209,,,,,,false,,,REJECT_DUPLICATE_CLUSTER,"Asia session level swept during London/NewYork, closed-bar reclaim within frozen window"
SSR|ASIA_LOW|20251209|1765272000|FINAL,SSRP|ASIA_LOW|20251209|1765272000|FINAL,true,MSZZC1|6:XAUUSD|1:5|1:1|1:4|17:ASIA_LOW|20251209,,,,,,false,,,REJECT_DUPLICATE_CLUSTER,"Asia session level swept during London/NewYork, closed-bar reclaim within frozen window"
SSR|ASIA_LOW|20251209|1765272300|FINAL,SSRP|ASIA_LOW|20251209|1765272300|FINAL,true,MSZZC1|6:XAUUSD|1:5|1:1|1:4|17:ASIA_LOW|20251209,,,,,,false,,,REJECT_DUPLICATE_CLUSTER,"Asia session level swept during London/NewYork, closed-bar reclaim within frozen window"
SSR|ASIA_HIGH|20251209|1765293900|FINAL,SSRP|ASIA_HIGH|20251209|1765293900|FINAL,true,MSZZC1|6:XAUUSD|1:5|2:-1|1:4|18:ASIA_HIGH|20251209,MSZZC1|6:XAUUSD|1:5|2:-1|1:4|18:ASIA_HIGH|20251209,460,460,460,461,true,-1.0000,-1.0,EXECUTED,broker-executed
SSR|ASIA_HIGH|20251209|1765295700|FINAL,SSRP|ASIA_HIGH|20251209|1765295700|FINAL,true,MSZZC1|6:XAUUSD|1:5|2:-1|1:4|18:ASIA_HIGH|20251209,,,,,,false,,,REJECT_DUPLICATE_CLUSTER,"Asia session level swept during London/NewYork, closed-bar reclaim within frozen window"
SSR|ASIA_HIGH|20251209|1765296000|FINAL,SSRP|ASIA_HIGH|20251209|1765296000|FINAL,true,MSZZC1|6:XAUUSD|1:5|2:-1|1:4|18:ASIA_HIGH|20251209,,,,,,false,,,REJECT_DUPLICATE_CLUSTER,"Asia session level swept during London/NewYork, closed-bar reclaim within frozen window"
SSR|ASIA_HIGH|20251209|1765297800|FINAL,SSRP|ASIA_HIGH|20251209|1765297800|FINAL,true,MSZZC1|6:XAUUSD|1:5|2:-1|1:4|18:ASIA_HIGH|20251209,,,,,,false,,,REJECT_DUPLICATE_CLUSTER,"Asia session level swept during London/NewYork, closed-bar reclaim within frozen window"
SSR|ASIA_HIGH|20251209|1765299300|FINAL,SSRP|ASIA_HIGH|20251209|1765299300|FINAL,true,MSZZC1|6:XAUUSD|1:5|2:-1|1:4|18:ASIA_HIGH|20251209,,,,,,false,,,REJECT_DUPLICATE_CLUSTER,"Asia session level swept during London/NewYork, closed-bar reclaim within frozen window"
SSR|ASIA_HIGH|20251209|1765299900|FINAL,SSRP|ASIA_HIGH|20251209|1765299900|FINAL,true,MSZZC1|6:XAUUSD|1:5|2:-1|1:4|18:ASIA_HIGH|20251209,,,,,,false,,,REJECT_DUPLICATE_CLUSTER,"Asia session level swept during London/NewYork, closed-bar reclaim within frozen window"
SSR|ASIA_LOW|20251210|1765361400|FINAL,SSRP|ASIA_LOW|20251210|1765361400|FINAL,true,MSZZC1|6:XAUUSD|1:5|1:1|1:4|17:ASIA_LOW|20251210,MSZZC1|6:XAUUSD|1:5|1:1|1:4|17:ASIA_LOW|20251210,462,462,462,463,true,-1.0000,-1.0,EXECUTED,broker-executed
SSR|ASIA_LOW|20251210|1765380900|FINAL,SSRP|ASIA_LOW|20251210|1765380900|FINAL,true,MSZZC1|6:XAUUSD|1:5|1:1|1:4|17:ASIA_LOW|20251210,,,,,,false,,,REJECT_DUPLICATE_CLUSTER,"Asia session level swept during London/NewYork, closed-bar reclaim within frozen window"
SSR|ASIA_LOW|20251210|1765381200|FINAL,SSRP|ASIA_LOW|20251210|1765381200|FINAL,true,MSZZC1|6:XAUUSD|1:5|1:1|1:4|17:ASIA_LOW|20251210,,,,,,false,,,REJECT_DUPLICATE_CLUSTER,"Asia session level swept during London/NewYork, closed-bar reclaim within frozen window"
SSR|ASIA_LOW|20251210|1765381800|FINAL,SSRP|ASIA_LOW|20251210|1765381800|FINAL,true,MSZZC1|6:XAUUSD|1:5|1:1|1:4|17:ASIA_LOW|20251210,,,,,,false,,,REJECT_DUPLICATE_CLUSTER,"Asia session level swept during London/NewYork, closed-bar reclaim within frozen window"
SSR|ASIA_LOW|20251210|1765382700|FINAL,SSRP|ASIA_LOW|20251210|1765382700|FINAL,true,MSZZC1|6:XAUUSD|1:5|1:1|1:4|17:ASIA_LOW|20251210,,,,,,false,,,REJECT_DUPLICATE_CLUSTER,"Asia session level swept during London/NewYork, closed-bar reclaim within frozen window"
SSR|ASIA_LOW|20251210|1765391400|FINAL,SSRP|ASIA_LOW|20251210|1765391400|FINAL,true,MSZZC1|6:XAUUSD|1:5|1:1|1:4|17:ASIA_LOW|20251210,,,,,,false,,,REJECT_DUPLICATE_CLUSTER,"Asia session level swept during London/NewYork, closed-bar reclaim within frozen window"
SSR|ASIA_LOW|20251210|1765392000|FINAL,SSRP|ASIA_LOW|20251210|1765392000|FINAL,true,MSZZC1|6:XAUUSD|1:5|1:1|1:4|17:ASIA_LOW|20251210,,,,,,false,,,REJECT_DUPLICATE_CLUSTER,"Asia session level swept during London/NewYork, closed-bar reclaim within frozen window"
SSR|ASIA_LOW|20251210|1765392300|FINAL,SSRP|ASIA_LOW|20251210|1765392300|FINAL,true,MSZZC1|6:XAUUSD|1:5|1:1|1:4|17:ASIA_LOW|20251210,,,,,,false,,,REJECT_DUPLICATE_CLUSTER,"Asia session level swept during London/NewYork, closed-bar reclaim within frozen window"
SSR|ASIA_LOW|20251210|1765393800|FINAL,SSRP|ASIA_LOW|20251210|1765393800|FINAL,true,MSZZC1|6:XAUUSD|1:5|1:1|1:4|17:ASIA_LOW|20251210,,,,,,false,,,REJECT_DUPLICATE_CLUSTER,"Asia session level swept during London/NewYork, closed-bar reclaim within frozen window"
SSR|ASIA_LOW|20251210|1765400100|FINAL,SSRP|ASIA_LOW|20251210|1765400100|FINAL,true,MSZZC1|6:XAUUSD|1:5|1:1|1:4|17:ASIA_LOW|20251210,,,,,,false,,,REJECT_DUPLICATE_CLUSTER,"Asia session level swept during London/NewYork, closed-bar reclaim within frozen window"
SSR|ASIA_LOW|20251210|1765400400|FINAL,SSRP|ASIA_LOW|20251210|1765400400|FINAL,true,MSZZC1|6:XAUUSD|1:5|1:1|1:4|17:ASIA_LOW|20251210,,,,,,false,,,REJECT_DUPLICATE_CLUSTER,"Asia session level swept during London/NewYork, closed-bar reclaim within frozen window"
SSR|ASIA_HIGH|20251210|1765401000|FINAL,SSRP|ASIA_HIGH|20251210|1765401000|FINAL,true,MSZZC1|6:XAUUSD|1:5|2:-1|1:4|18:ASIA_HIGH|20251210,MSZZC1|6:XAUUSD|1:5|2:-1|1:4|18:ASIA_HIGH|20251210,464,464,464,465,true,2.0000,2.0,EXECUTED,broker-executed
SSR|ASIA_LOW|20251210|1765401900|FINAL,SSRP|ASIA_LOW|20251210|1765401900|FINAL,true,MSZZC1|6:XAUUSD|1:5|1:1|1:4|17:ASIA_LOW|20251210,,,,,,false,,,REJECT_DUPLICATE_CLUSTER,"Asia session level swept during London/NewYork, closed-bar reclaim within frozen window"
SSR|ASIA_LOW|20251210|1765402200|FINAL,SSRP|ASIA_LOW|20251210|1765402200|FINAL,true,MSZZC1|6:XAUUSD|1:5|1:1|1:4|17:ASIA_LOW|20251210,,,,,,false,,,REJECT_DUPLICATE_CLUSTER,"Asia session level swept during London/NewYork, closed-bar reclaim within frozen window"
SSR|ASIA_LOW|20251210|1765403100|FINAL,SSRP|ASIA_LOW|20251210|1765403100|FINAL,true,MSZZC1|6:XAUUSD|1:5|1:1|1:4|17:ASIA_LOW|20251210,,,,,,false,,,REJECT_DUPLICATE_CLUSTER,"Asia session level swept during London/NewYork, closed-bar reclaim within frozen window"
SSR|ASIA_LOW|20251210|1765403400|FINAL,SSRP|ASIA_LOW|20251210|1765403400|FINAL,true,MSZZC1|6:XAUUSD|1:5|1:1|1:4|17:ASIA_LOW|20251210,,,,,,false,,,REJECT_DUPLICATE_CLUSTER,"Asia session level swept during London/NewYork, closed-bar reclaim within frozen window"
SSR|ASIA_LOW|20251211|1765440000|FINAL,SSRP|ASIA_LOW|20251211|1765440000|FINAL,true,MSZZC1|6:XAUUSD|1:5|1:1|1:4|17:ASIA_LOW|20251211,MSZZC1|6:XAUUSD|1:5|1:1|1:4|17:ASIA_LOW|20251211,466,466,466,467,true,2.0000,1.999999999999841,EXECUTED,broker-executed
SSR|ASIA_LOW|20251211|1765466100|FINAL,SSRP|ASIA_LOW|20251211|1765466100|FINAL,true,MSZZC1|6:XAUUSD|1:5|1:1|1:4|17:ASIA_LOW|20251211,,,,,,false,,,REJECT_DUPLICATE_CLUSTER,"Asia session level swept during London/NewYork, closed-bar reclaim within frozen window"
SSR|ASIA_HIGH|20251212|1765562100|FINAL,SSRP|ASIA_HIGH|20251212|1765562100|FINAL,true,MSZZC1|6:XAUUSD|1:5|2:-1|1:4|18:ASIA_HIGH|20251212,MSZZC1|6:XAUUSD|1:5|2:-1|1:4|18:ASIA_HIGH|20251212,468,468,468,469,true,-0.0710,-0.07098638052002564,EXECUTED,broker-executed
SSR|ASIA_HIGH|20251212|1765562400|FINAL,SSRP|ASIA_HIGH|20251212|1765562400|FINAL,true,MSZZC1|6:XAUUSD|1:5|2:-1|1:4|18:ASIA_HIGH|20251212,,,,,,false,,,REJECT_DUPLICATE_CLUSTER,"Asia session level swept during London/NewYork, closed-bar reclaim within frozen window"
SSR|ASIA_HIGH|20251212|1765562700|FINAL,SSRP|ASIA_HIGH|20251212|1765562700|FINAL,true,MSZZC1|6:XAUUSD|1:5|2:-1|1:4|18:ASIA_HIGH|20251212,,,,,,false,,,REJECT_DUPLICATE_CLUSTER,"Asia session level swept during London/NewYork, closed-bar reclaim within frozen window"
SSR|ASIA_HIGH|20251212|1765563600|FINAL,SSRP|ASIA_HIGH|20251212|1765563600|FINAL,true,MSZZC1|6:XAUUSD|1:5|2:-1|1:4|18:ASIA_HIGH|20251212,,,,,,false,,,REJECT_DUPLICATE_CLUSTER,"Asia session level swept during London/NewYork, closed-bar reclaim within frozen window"
SSR|ASIA_HIGH|20251212|1765564200|FINAL,SSRP|ASIA_HIGH|20251212|1765564200|FINAL,true,MSZZC1|6:XAUUSD|1:5|2:-1|1:4|18:ASIA_HIGH|20251212,,,,,,false,,,REJECT_DUPLICATE_CLUSTER,"Asia session level swept during London/NewYork, closed-bar reclaim within frozen window"
SSR|ASIA_LOW|20251212|1765564800|FINAL,SSRP|ASIA_LOW|20251212|1765564800|FINAL,true,MSZZC1|6:XAUUSD|1:5|1:1|1:4|17:ASIA_LOW|20251212,MSZZC1|6:XAUUSD|1:5|1:1|1:4|17:ASIA_LOW|20251212,470,470,470,471,true,2.0000,2.0,EXECUTED,broker-executed
SSR|ASIA_HIGH|20251212|1765567200|FINAL,SSRP|ASIA_HIGH|20251212|1765567200|FINAL,true,MSZZC1|6:XAUUSD|1:5|2:-1|1:4|18:ASIA_HIGH|20251212,,,,,,false,,,REJECT_DUPLICATE_CLUSTER,"Asia session level swept during London/NewYork, closed-bar reclaim within frozen window"
SSR|ASIA_HIGH|20251215|1765785600|FINAL,SSRP|ASIA_HIGH|20251215|1765785600|FINAL,true,MSZZC1|6:XAUUSD|1:5|2:-1|1:4|18:ASIA_HIGH|20251215,MSZZC1|6:XAUUSD|1:5|2:-1|1:4|18:ASIA_HIGH|20251215,472,472,472,473,true,-1.0000,-1.0,EXECUTED,broker-executed
SSR|ASIA_HIGH|20251215|1765786800|FINAL,SSRP|ASIA_HIGH|20251215|1765786800|FINAL,true,MSZZC1|6:XAUUSD|1:5|2:-1|1:4|18:ASIA_HIGH|20251215,,,,,,false,,,REJECT_DUPLICATE_CLUSTER,"Asia session level swept during London/NewYork, closed-bar reclaim within frozen window"
SSR|ASIA_HIGH|20251215|1765787700|FINAL,SSRP|ASIA_HIGH|20251215|1765787700|FINAL,true,MSZZC1|6:XAUUSD|1:5|2:-1|1:4|18:ASIA_HIGH|20251215,,,,,,false,,,REJECT_DUPLICATE_CLUSTER,"Asia session level swept during London/NewYork, closed-bar reclaim within frozen window"
SSR|ASIA_HIGH|20251215|1765788600|FINAL,SSRP|ASIA_HIGH|20251215|1765788600|FINAL,true,MSZZC1|6:XAUUSD|1:5|2:-1|1:4|18:ASIA_HIGH|20251215,,,,,,false,,,REJECT_DUPLICATE_CLUSTER,"Asia session level swept during London/NewYork, closed-bar reclaim within frozen window"
SSR|ASIA_HIGH|20251215|1765788900|FINAL,SSRP|ASIA_HIGH|20251215|1765788900|FINAL,true,MSZZC1|6:XAUUSD|1:5|2:-1|1:4|18:ASIA_HIGH|20251215,,,,,,false,,,REJECT_DUPLICATE_CLUSTER,"Asia session level swept during London/NewYork, closed-bar reclaim within frozen window"
SSR|ASIA_HIGH|20251215|1765790400|FINAL,SSRP|ASIA_HIGH|20251215|1765790400|FINAL,true,MSZZC1|6:XAUUSD|1:5|2:-1|1:4|18:ASIA_HIGH|20251215,,,,,,false,,,REJECT_DUPLICATE_CLUSTER,"Asia session level swept during London/NewYork, closed-bar reclaim within frozen window"
SSR|ASIA_HIGH|20251215|1765798200|FINAL,SSRP|ASIA_HIGH|20251215|1765798200|FINAL,true,MSZZC1|6:XAUUSD|1:5|2:-1|1:4|18:ASIA_HIGH|20251215,,,,,,false,,,REJECT_DUPLICATE_CLUSTER,"Asia session level swept during London/NewYork, closed-bar reclaim within frozen window"
SSR|ASIA_HIGH|20251215|1765799100|FINAL,SSRP|ASIA_HIGH|20251215|1765799100|FINAL,true,MSZZC1|6:XAUUSD|1:5|2:-1|1:4|18:ASIA_HIGH|20251215,,,,,,false,,,REJECT_DUPLICATE_CLUSTER,"Asia session level swept during London/NewYork, closed-bar reclaim within frozen window"
SSR|ASIA_HIGH|20251215|1765799400|FINAL,SSRP|ASIA_HIGH|20251215|1765799400|FINAL,true,MSZZC1|6:XAUUSD|1:5|2:-1|1:4|18:ASIA_HIGH|20251215,,,,,,false,,,REJECT_DUPLICATE_CLUSTER,"Asia session level swept during London/NewYork, closed-bar reclaim within frozen window"
SSR|ASIA_HIGH|20251215|1765799700|FINAL,SSRP|ASIA_HIGH|20251215|1765799700|FINAL,true,MSZZC1|6:XAUUSD|1:5|2:-1|1:4|18:ASIA_HIGH|20251215,,,,,,false,,,REJECT_DUPLICATE_CLUSTER,"Asia session level swept during London/NewYork, closed-bar reclaim within frozen window"
SSR|ASIA_HIGH|20251215|1765801200|FINAL,SSRP|ASIA_HIGH|20251215|1765801200|FINAL,true,MSZZC1|6:XAUUSD|1:5|2:-1|1:4|18:ASIA_HIGH|20251215,,,,,,false,,,REJECT_DUPLICATE_CLUSTER,"Asia session level swept during London/NewYork, closed-bar reclaim within frozen window"
SSR|ASIA_HIGH|20251215|1765801500|FINAL,SSRP|ASIA_HIGH|20251215|1765801500|FINAL,true,MSZZC1|6:XAUUSD|1:5|2:-1|1:4|18:ASIA_HIGH|20251215,,,,,,false,,,REJECT_DUPLICATE_CLUSTER,"Asia session level swept during London/NewYork, closed-bar reclaim within frozen window"
SSR|ASIA_HIGH|20251215|1765807200|FINAL,SSRP|ASIA_HIGH|20251215|1765807200|FINAL,true,MSZZC1|6:XAUUSD|1:5|2:-1|1:4|18:ASIA_HIGH|20251215,,,,,,false,,,REJECT_DUPLICATE_CLUSTER,"Asia session level swept during London/NewYork, closed-bar reclaim within frozen window"
SSR|ASIA_HIGH|20251215|1765808100|FINAL,SSRP|ASIA_HIGH|20251215|1765808100|FINAL,true,MSZZC1|6:XAUUSD|1:5|2:-1|1:4|18:ASIA_HIGH|20251215,,,,,,false,,,REJECT_DUPLICATE_CLUSTER,"Asia session level swept during London/NewYork, closed-bar reclaim within frozen window"
SSR|ASIA_HIGH|20251215|1765810500|FINAL,SSRP|ASIA_HIGH|20251215|1765810500|FINAL,true,MSZZC1|6:XAUUSD|1:5|2:-1|1:4|18:ASIA_HIGH|20251215,,,,,,false,,,REJECT_DUPLICATE_CLUSTER,"Asia session level swept during London/NewYork, closed-bar reclaim within frozen window"
SSR|ASIA_HIGH|20251215|1765810800|FINAL,SSRP|ASIA_HIGH|20251215|1765810800|FINAL,true,MSZZC1|6:XAUUSD|1:5|2:-1|1:4|18:ASIA_HIGH|20251215,,,,,,false,,,REJECT_DUPLICATE_CLUSTER,"Asia session level swept during London/NewYork, closed-bar reclaim within frozen window"
SSR|ASIA_LOW|20251215|1765823700|FINAL,SSRP|ASIA_LOW|20251215|1765823700|FINAL,true,MSZZC1|6:XAUUSD|1:5|1:1|1:4|17:ASIA_LOW|20251215,MSZZC1|6:XAUUSD|1:5|1:1|1:4|17:ASIA_LOW|20251215,474,474,474,475,true,-1.0000,-1.0,EXECUTED,broker-executed
SSR|ASIA_LOW|20251215|1765824000|FINAL,SSRP|ASIA_LOW|20251215|1765824000|FINAL,true,MSZZC1|6:XAUUSD|1:5|1:1|1:4|17:ASIA_LOW|20251215,,,,,,false,,,REJECT_DUPLICATE_CLUSTER,"Asia session level swept during London/NewYork, closed-bar reclaim within frozen window"
SSR|ASIA_HIGH|20251216|1765900800|FINAL,SSRP|ASIA_HIGH|20251216|1765900800|FINAL,true,MSZZC1|6:XAUUSD|1:5|2:-1|1:4|18:ASIA_HIGH|20251216,MSZZC1|6:XAUUSD|1:5|2:-1|1:4|18:ASIA_HIGH|20251216,476,476,476,477,true,-1.0000,-1.0,EXECUTED,broker-executed
SSR|ASIA_HIGH|20251216|1765905000|FINAL,SSRP|ASIA_HIGH|20251216|1765905000|FINAL,true,MSZZC1|6:XAUUSD|1:5|2:-1|1:4|18:ASIA_HIGH|20251216,,,,,,false,,,REJECT_DUPLICATE_CLUSTER,"Asia session level swept during London/NewYork, closed-bar reclaim within frozen window"
SSR|ASIA_HIGH|20251216|1765907400|FINAL,SSRP|ASIA_HIGH|20251216|1765907400|FINAL,true,MSZZC1|6:XAUUSD|1:5|2:-1|1:4|18:ASIA_HIGH|20251216,,,,,,false,,,REJECT_DUPLICATE_CLUSTER,"Asia session level swept during London/NewYork, closed-bar reclaim within frozen window"
SSR|ASIA_HIGH|20251216|1765908300|FINAL,SSRP|ASIA_HIGH|20251216|1765908300|FINAL,true,MSZZC1|6:XAUUSD|1:5|2:-1|1:4|18:ASIA_HIGH|20251216,,,,,,false,,,REJECT_DUPLICATE_CLUSTER,"Asia session level swept during London/NewYork, closed-bar reclaim within frozen window"
SSR|ASIA_HIGH|20251217|1765986900|FINAL,SSRP|ASIA_HIGH|20251217|1765986900|FINAL,true,MSZZC1|6:XAUUSD|1:5|2:-1|1:4|18:ASIA_HIGH|20251217,MSZZC1|6:XAUUSD|1:5|2:-1|1:4|18:ASIA_HIGH|20251217,478,478,478,479,true,-1.0000,-1.0,EXECUTED,broker-executed
SSR|ASIA_HIGH|20251217|1765991100|FINAL,SSRP|ASIA_HIGH|20251217|1765991100|FINAL,true,MSZZC1|6:XAUUSD|1:5|2:-1|1:4|18:ASIA_HIGH|20251217,,,,,,false,,,REJECT_DUPLICATE_CLUSTER,"Asia session level swept during London/NewYork, closed-bar reclaim within frozen window"
SSR|ASIA_HIGH|20251217|1765991700|FINAL,SSRP|ASIA_HIGH|20251217|1765991700|FINAL,true,MSZZC1|6:XAUUSD|1:5|2:-1|1:4|18:ASIA_HIGH|20251217,,,,,,false,,,REJECT_DUPLICATE_CLUSTER,"Asia session level swept during London/NewYork, closed-bar reclaim within frozen window"
SSR|ASIA_HIGH|20251217|1765992600|FINAL,SSRP|ASIA_HIGH|20251217|1765992600|FINAL,true,MSZZC1|6:XAUUSD|1:5|2:-1|1:4|18:ASIA_HIGH|20251217,,,,,,false,,,REJECT_DUPLICATE_CLUSTER,"Asia session level swept during London/NewYork, closed-bar reclaim within frozen window"
SSR|ASIA_HIGH|20251217|1765992900|FINAL,SSRP|ASIA_HIGH|20251217|1765992900|FINAL,true,MSZZC1|6:XAUUSD|1:5|2:-1|1:4|18:ASIA_HIGH|20251217,,,,,,false,,,REJECT_DUPLICATE_CLUSTER,"Asia session level swept during London/NewYork, closed-bar reclaim within frozen window"
SSR|ASIA_HIGH|20251217|1766001900|FINAL,SSRP|ASIA_HIGH|20251217|1766001900|FINAL,true,MSZZC1|6:XAUUSD|1:5|2:-1|1:4|18:ASIA_HIGH|20251217,,,,,,false,,,REJECT_DUPLICATE_CLUSTER,"Asia session level swept during London/NewYork, closed-bar reclaim within frozen window"
SSR|ASIA_HIGH|20251217|1766002500|FINAL,SSRP|ASIA_HIGH|20251217|1766002500|FINAL,true,MSZZC1|6:XAUUSD|1:5|2:-1|1:4|18:ASIA_HIGH|20251217,,,,,,false,,,REJECT_DUPLICATE_CLUSTER,"Asia session level swept during London/NewYork, closed-bar reclaim within frozen window"
SSR|ASIA_HIGH|20251217|1766003400|FINAL,SSRP|ASIA_HIGH|20251217|1766003400|FINAL,true,MSZZC1|6:XAUUSD|1:5|2:-1|1:4|18:ASIA_HIGH|20251217,,,,,,false,,,REJECT_DUPLICATE_CLUSTER,"Asia session level swept during London/NewYork, closed-bar reclaim within frozen window"
SSR|ASIA_HIGH|20251217|1766011500|FINAL,SSRP|ASIA_HIGH|20251217|1766011500|FINAL,true,MSZZC1|6:XAUUSD|1:5|2:-1|1:4|18:ASIA_HIGH|20251217,,,,,,false,,,REJECT_DUPLICATE_CLUSTER,"Asia session level swept during London/NewYork, closed-bar reclaim within frozen window"
SSR|ASIA_HIGH|20251217|1766011800|FINAL,SSRP|ASIA_HIGH|20251217|1766011800|FINAL,true,MSZZC1|6:XAUUSD|1:5|2:-1|1:4|18:ASIA_HIGH|20251217,,,,,,false,,,REJECT_DUPLICATE_CLUSTER,"Asia session level swept during London/NewYork, closed-bar reclaim within frozen window"
SSR|ASIA_HIGH|20251217|1766013900|FINAL,SSRP|ASIA_HIGH|20251217|1766013900|FINAL,true,MSZZC1|6:XAUUSD|1:5|2:-1|1:4|18:ASIA_HIGH|20251217,,,,,,false,,,REJECT_DUPLICATE_CLUSTER,"Asia session level swept during London/NewYork, closed-bar reclaim within frozen window"
SSR|ASIA_HIGH|20251217|1766014200|FINAL,SSRP|ASIA_HIGH|20251217|1766014200|FINAL,true,MSZZC1|6:XAUUSD|1:5|2:-1|1:4|18:ASIA_HIGH|20251217,,,,,,false,,,REJECT_DUPLICATE_CLUSTER,"Asia session level swept during London/NewYork, closed-bar reclaim within frozen window"
SSR|ASIA_HIGH|20251217|1766014800|FINAL,SSRP|ASIA_HIGH|20251217|1766014800|FINAL,true,MSZZC1|6:XAUUSD|1:5|2:-1|1:4|18:ASIA_HIGH|20251217,,,,,,false,,,REJECT_DUPLICATE_CLUSTER,"Asia session level swept during London/NewYork, closed-bar reclaim within frozen window"
SSR|ASIA_LOW|20251218|1766055300|FINAL,SSRP|ASIA_LOW|20251218|1766055300|FINAL,true,MSZZC1|6:XAUUSD|1:5|1:1|1:4|17:ASIA_LOW|20251218,MSZZC1|6:XAUUSD|1:5|1:1|1:4|17:ASIA_LOW|20251218,480,480,480,481,true,-1.0000,-1.0,EXECUTED,broker-executed
SSR|ASIA_LOW|20251218|1766057100|FINAL,SSRP|ASIA_LOW|20251218|1766057100|FINAL,true,MSZZC1|6:XAUUSD|1:5|1:1|1:4|17:ASIA_LOW|20251218,,,,,,false,,,REJECT_DUPLICATE_CLUSTER,"Asia session level swept during London/NewYork, closed-bar reclaim within frozen window"
SSR|ASIA_LOW|20251218|1766058600|FINAL,SSRP|ASIA_LOW|20251218|1766058600|FINAL,true,MSZZC1|6:XAUUSD|1:5|1:1|1:4|17:ASIA_LOW|20251218,,,,,,false,,,REJECT_DUPLICATE_CLUSTER,"Asia session level swept during London/NewYork, closed-bar reclaim within frozen window"
SSR|ASIA_LOW|20251218|1766059200|FINAL,SSRP|ASIA_LOW|20251218|1766059200|FINAL,true,MSZZC1|6:XAUUSD|1:5|1:1|1:4|17:ASIA_LOW|20251218,,,,,,false,,,REJECT_DUPLICATE_CLUSTER,"Asia session level swept during London/NewYork, closed-bar reclaim within frozen window"
SSR|ASIA_LOW|20251218|1766059500|FINAL,SSRP|ASIA_LOW|20251218|1766059500|FINAL,true,MSZZC1|6:XAUUSD|1:5|1:1|1:4|17:ASIA_LOW|20251218,,,,,,false,,,REJECT_DUPLICATE_CLUSTER,"Asia session level swept during London/NewYork, closed-bar reclaim within frozen window"
SSR|ASIA_LOW|20251218|1766060400|FINAL,SSRP|ASIA_LOW|20251218|1766060400|FINAL,true,MSZZC1|6:XAUUSD|1:5|1:1|1:4|17:ASIA_LOW|20251218,,,,,,false,,,REJECT_DUPLICATE_CLUSTER,"Asia session level swept during London/NewYork, closed-bar reclaim within frozen window"
SSR|ASIA_LOW|20251218|1766061000|FINAL,SSRP|ASIA_LOW|20251218|1766061000|FINAL,true,MSZZC1|6:XAUUSD|1:5|1:1|1:4|17:ASIA_LOW|20251218,,,,,,false,,,REJECT_DUPLICATE_CLUSTER,"Asia session level swept during London/NewYork, closed-bar reclaim within frozen window"
SSR|ASIA_LOW|20251218|1766071500|FINAL,SSRP|ASIA_LOW|20251218|1766071500|FINAL,true,MSZZC1|6:XAUUSD|1:5|1:1|1:4|17:ASIA_LOW|20251218,,,,,,false,,,REJECT_DUPLICATE_CLUSTER,"Asia session level swept during London/NewYork, closed-bar reclaim within frozen window"
SSR|ASIA_LOW|20251218|1766071800|FINAL,SSRP|ASIA_LOW|20251218|1766071800|FINAL,true,MSZZC1|6:XAUUSD|1:5|1:1|1:4|17:ASIA_LOW|20251218,,,,,,false,,,REJECT_DUPLICATE_CLUSTER,"Asia session level swept during London/NewYork, closed-bar reclaim within frozen window"
SSR|ASIA_LOW|20251218|1766076300|FINAL,SSRP|ASIA_LOW|20251218|1766076300|FINAL,true,MSZZC1|6:XAUUSD|1:5|1:1|1:4|17:ASIA_LOW|20251218,,,,,,false,,,REJECT_DUPLICATE_CLUSTER,"Asia session level swept during London/NewYork, closed-bar reclaim within frozen window"
SSR|ASIA_LOW|20251218|1766076900|FINAL,SSRP|ASIA_LOW|20251218|1766076900|FINAL,true,MSZZC1|6:XAUUSD|1:5|1:1|1:4|17:ASIA_LOW|20251218,,,,,,false,,,REJECT_DUPLICATE_CLUSTER,"Asia session level swept during London/NewYork, closed-bar reclaim within frozen window"
SSR|ASIA_HIGH|20251218|1766084400|FINAL,SSRP|ASIA_HIGH|20251218|1766084400|FINAL,true,MSZZC1|6:XAUUSD|1:5|2:-1|1:4|18:ASIA_HIGH|20251218,MSZZC1|6:XAUUSD|1:5|2:-1|1:4|18:ASIA_HIGH|20251218,482,482,482,483,true,-1.0000,-1.0,EXECUTED,broker-executed
SSR|ASIA_HIGH|20251218|1766084700|FINAL,SSRP|ASIA_HIGH|20251218|1766084700|FINAL,true,MSZZC1|6:XAUUSD|1:5|2:-1|1:4|18:ASIA_HIGH|20251218,,,,,,false,,,REJECT_DUPLICATE_CLUSTER,"Asia session level swept during London/NewYork, closed-bar reclaim within frozen window"
SSR|ASIA_LOW|20251218|1766085000|FINAL,SSRP|ASIA_LOW|20251218|1766085000|FINAL,true,MSZZC1|6:XAUUSD|1:5|1:1|1:4|17:ASIA_LOW|20251218,,,,,,false,,,REJECT_DUPLICATE_CLUSTER,"Asia session level swept during London/NewYork, closed-bar reclaim within frozen window"
SSR|ASIA_LOW|20251218|1766085300|FINAL,SSRP|ASIA_LOW|20251218|1766085300|FINAL,true,MSZZC1|6:XAUUSD|1:5|1:1|1:4|17:ASIA_LOW|20251218,,,,,,false,,,REJECT_DUPLICATE_CLUSTER,"Asia session level swept during London/NewYork, closed-bar reclaim within frozen window"
SSR|ASIA_LOW|20251218|1766094600|FINAL,SSRP|ASIA_LOW|20251218|1766094600|FINAL,true,MSZZC1|6:XAUUSD|1:5|1:1|1:4|17:ASIA_LOW|20251218,,,,,,false,,,REJECT_DUPLICATE_CLUSTER,"Asia session level swept during London/NewYork, closed-bar reclaim within frozen window"
SSR|ASIA_LOW|20251218|1766094900|FINAL,SSRP|ASIA_LOW|20251218|1766094900|FINAL,true,MSZZC1|6:XAUUSD|1:5|1:1|1:4|17:ASIA_LOW|20251218,,,,,,false,,,REJECT_DUPLICATE_CLUSTER,"Asia session level swept during London/NewYork, closed-bar reclaim within frozen window"
SSR|ASIA_HIGH|20251219|1766162100|FINAL,SSRP|ASIA_HIGH|20251219|1766162100|FINAL,true,MSZZC1|6:XAUUSD|1:5|2:-1|1:4|18:ASIA_HIGH|20251219,,,,,,false,,,REJECT_OWNERSHIP,owned position limit reached count=1
SSR|ASIA_HIGH|20251219|1766162400|FINAL,SSRP|ASIA_HIGH|20251219|1766162400|FINAL,true,MSZZC1|6:XAUUSD|1:5|2:-1|1:4|18:ASIA_HIGH|20251219,,,,,,false,,,REJECT_OWNERSHIP,owned position limit reached count=1
SSR|ASIA_HIGH|20251222|1766399100|FINAL,SSRP|ASIA_HIGH|20251222|1766399100|FINAL,true,MSZZC1|6:XAUUSD|1:5|2:-1|1:4|18:ASIA_HIGH|20251222,MSZZC1|6:XAUUSD|1:5|2:-1|1:4|18:ASIA_HIGH|20251222,484,484,484,485,true,-1.0000,-1.0,EXECUTED,broker-executed
SSR|ASIA_HIGH|20251222|1766399700|FINAL,SSRP|ASIA_HIGH|20251222|1766399700|FINAL,true,MSZZC1|6:XAUUSD|1:5|2:-1|1:4|18:ASIA_HIGH|20251222,,,,,,false,,,REJECT_DUPLICATE_CLUSTER,"Asia session level swept during London/NewYork, closed-bar reclaim within frozen window"
SSR|ASIA_HIGH|20251222|1766400600|FINAL,SSRP|ASIA_HIGH|20251222|1766400600|FINAL,true,MSZZC1|6:XAUUSD|1:5|2:-1|1:4|18:ASIA_HIGH|20251222,,,,,,false,,,REJECT_DUPLICATE_CLUSTER,"Asia session level swept during London/NewYork, closed-bar reclaim within frozen window"
SSR|ASIA_HIGH|20251222|1766406300|FINAL,SSRP|ASIA_HIGH|20251222|1766406300|FINAL,true,MSZZC1|6:XAUUSD|1:5|2:-1|1:4|18:ASIA_HIGH|20251222,,,,,,false,,,REJECT_DUPLICATE_CLUSTER,"Asia session level swept during London/NewYork, closed-bar reclaim within frozen window"
SSR|ASIA_HIGH|20251222|1766407800|FINAL,SSRP|ASIA_HIGH|20251222|1766407800|FINAL,true,MSZZC1|6:XAUUSD|1:5|2:-1|1:4|18:ASIA_HIGH|20251222,,,,,,false,,,REJECT_DUPLICATE_CLUSTER,"Asia session level swept during London/NewYork, closed-bar reclaim within frozen window"
SSR|ASIA_HIGH|20251222|1766408100|FINAL,SSRP|ASIA_HIGH|20251222|1766408100|FINAL,true,MSZZC1|6:XAUUSD|1:5|2:-1|1:4|18:ASIA_HIGH|20251222,,,,,,false,,,REJECT_DUPLICATE_CLUSTER,"Asia session level swept during London/NewYork, closed-bar reclaim within frozen window"
SSR|ASIA_HIGH|20251222|1766409600|FINAL,SSRP|ASIA_HIGH|20251222|1766409600|FINAL,true,MSZZC1|6:XAUUSD|1:5|2:-1|1:4|18:ASIA_HIGH|20251222,,,,,,false,,,REJECT_DUPLICATE_CLUSTER,"Asia session level swept during London/NewYork, closed-bar reclaim within frozen window"
SSR|ASIA_HIGH|20251222|1766410500|FINAL,SSRP|ASIA_HIGH|20251222|1766410500|FINAL,true,MSZZC1|6:XAUUSD|1:5|2:-1|1:4|18:ASIA_HIGH|20251222,,,,,,false,,,REJECT_DUPLICATE_CLUSTER,"Asia session level swept during London/NewYork, closed-bar reclaim within frozen window"
SSR|ASIA_HIGH|20251222|1766412000|FINAL,SSRP|ASIA_HIGH|20251222|1766412000|FINAL,true,MSZZC1|6:XAUUSD|1:5|2:-1|1:4|18:ASIA_HIGH|20251222,,,,,,false,,,REJECT_DUPLICATE_CLUSTER,"Asia session level swept during London/NewYork, closed-bar reclaim within frozen window"
SSR|ASIA_HIGH|20251222|1766412300|FINAL,SSRP|ASIA_HIGH|20251222|1766412300|FINAL,true,MSZZC1|6:XAUUSD|1:5|2:-1|1:4|18:ASIA_HIGH|20251222,,,,,,false,,,REJECT_DUPLICATE_CLUSTER,"Asia session level swept during London/NewYork, closed-bar reclaim within frozen window"
SSR|ASIA_HIGH|20251222|1766412600|FINAL,SSRP|ASIA_HIGH|20251222|1766412600|FINAL,true,MSZZC1|6:XAUUSD|1:5|2:-1|1:4|18:ASIA_HIGH|20251222,,,,,,false,,,REJECT_DUPLICATE_CLUSTER,"Asia session level swept during London/NewYork, closed-bar reclaim within frozen window"
SSR|ASIA_LOW|20251223|1766509200|FINAL,SSRP|ASIA_LOW|20251223|1766509200|FINAL,true,MSZZC1|6:XAUUSD|1:5|1:1|1:4|17:ASIA_LOW|20251223,MSZZC1|6:XAUUSD|1:5|1:1|1:4|17:ASIA_LOW|20251223,486,486,486,487,true,2.0000,2.0000000000000497,EXECUTED,broker-executed
SSR|ASIA_LOW|20251223|1766509800|FINAL,SSRP|ASIA_LOW|20251223|1766509800|FINAL,true,MSZZC1|6:XAUUSD|1:5|1:1|1:4|17:ASIA_LOW|20251223,,,,,,false,,,REJECT_DUPLICATE_CLUSTER,"Asia session level swept during London/NewYork, closed-bar reclaim within frozen window"
SSR|ASIA_LOW|20251223|1766510700|FINAL,SSRP|ASIA_LOW|20251223|1766510700|FINAL,true,MSZZC1|6:XAUUSD|1:5|1:1|1:4|17:ASIA_LOW|20251223,,,,,,false,,,REJECT_DUPLICATE_CLUSTER,"Asia session level swept during London/NewYork, closed-bar reclaim within frozen window"
SSR|ASIA_LOW|20251223|1766511000|FINAL,SSRP|ASIA_LOW|20251223|1766511000|FINAL,true,MSZZC1|6:XAUUSD|1:5|1:1|1:4|17:ASIA_LOW|20251223,,,,,,false,,,REJECT_DUPLICATE_CLUSTER,"Asia session level swept during London/NewYork, closed-bar reclaim within frozen window"
SSR|ASIA_HIGH|20251223|1766530500|FINAL,SSRP|ASIA_HIGH|20251223|1766530500|FINAL,true,MSZZC1|6:XAUUSD|1:5|2:-1|1:4|18:ASIA_HIGH|20251223,MSZZC1|6:XAUUSD|1:5|2:-1|1:4|18:ASIA_HIGH|20251223,488,488,488,489,true,-1.0000,-1.0,EXECUTED,broker-executed
SSR|ASIA_HIGH|20251223|1766530800|FINAL,SSRP|ASIA_HIGH|20251223|1766530800|FINAL,true,MSZZC1|6:XAUUSD|1:5|2:-1|1:4|18:ASIA_HIGH|20251223,,,,,,false,,,REJECT_DUPLICATE_CLUSTER,"Asia session level swept during London/NewYork, closed-bar reclaim within frozen window"
SSR|ASIA_LOW|20251224|1766594400|FINAL,SSRP|ASIA_LOW|20251224|1766594400|FINAL,true,MSZZC1|6:XAUUSD|1:5|1:1|1:4|17:ASIA_LOW|20251224,MSZZC1|6:XAUUSD|1:5|1:1|1:4|17:ASIA_LOW|20251224,490,490,490,491,true,-1.0000,-1.0,EXECUTED,broker-executed
SSR|ASIA_LOW|20251224|1766595300|FINAL,SSRP|ASIA_LOW|20251224|1766595300|FINAL,true,MSZZC1|6:XAUUSD|1:5|1:1|1:4|17:ASIA_LOW|20251224,,,,,,false,,,REJECT_DUPLICATE_CLUSTER,"Asia session level swept during London/NewYork, closed-bar reclaim within frozen window"
SSR|ASIA_LOW|20251224|1766601000|FINAL,SSRP|ASIA_LOW|20251224|1766601000|FINAL,true,MSZZC1|6:XAUUSD|1:5|1:1|1:4|17:ASIA_LOW|20251224,,,,,,false,,,REJECT_DUPLICATE_CLUSTER,"Asia session level swept during London/NewYork, closed-bar reclaim within frozen window"
SSR|ASIA_HIGH|20251226|1766766600|FINAL,SSRP|ASIA_HIGH|20251226|1766766600|FINAL,true,MSZZC1|6:XAUUSD|1:5|2:-1|1:4|18:ASIA_HIGH|20251226,MSZZC1|6:XAUUSD|1:5|2:-1|1:4|18:ASIA_HIGH|20251226,492,492,492,493,true,-1.0000,-1.0,EXECUTED,broker-executed
SSR|ASIA_HIGH|20251226|1766775900|FINAL,SSRP|ASIA_HIGH|20251226|1766775900|FINAL,true,MSZZC1|6:XAUUSD|1:5|2:-1|1:4|18:ASIA_HIGH|20251226,,,,,,false,,,REJECT_DUPLICATE_CLUSTER,"Asia session level swept during London/NewYork, closed-bar reclaim within frozen window"
SSR|ASIA_HIGH|20251226|1766776200|FINAL,SSRP|ASIA_HIGH|20251226|1766776200|FINAL,true,MSZZC1|6:XAUUSD|1:5|2:-1|1:4|18:ASIA_HIGH|20251226,,,,,,false,,,REJECT_DUPLICATE_CLUSTER,"Asia session level swept during London/NewYork, closed-bar reclaim within frozen window"
SSR|ASIA_HIGH|20251226|1766782200|FINAL,SSRP|ASIA_HIGH|20251226|1766782200|FINAL,true,MSZZC1|6:XAUUSD|1:5|2:-1|1:4|18:ASIA_HIGH|20251226,,,,,,false,,,REJECT_DUPLICATE_CLUSTER,"Asia session level swept during London/NewYork, closed-bar reclaim within frozen window"
SSR|ASIA_HIGH|20251226|1766782500|FINAL,SSRP|ASIA_HIGH|20251226|1766782500|FINAL,true,MSZZC1|6:XAUUSD|1:5|2:-1|1:4|18:ASIA_HIGH|20251226,,,,,,false,,,REJECT_DUPLICATE_CLUSTER,"Asia session level swept during London/NewYork, closed-bar reclaim within frozen window"
SSR|ASIA_HIGH|20251226|1766783700|FINAL,SSRP|ASIA_HIGH|20251226|1766783700|FINAL,true,MSZZC1|6:XAUUSD|1:5|2:-1|1:4|18:ASIA_HIGH|20251226,,,,,,false,,,REJECT_DUPLICATE_CLUSTER,"Asia session level swept during London/NewYork, closed-bar reclaim within frozen window"
SSR|ASIA_HIGH|20251226|1766784300|FINAL,SSRP|ASIA_HIGH|20251226|1766784300|FINAL,true,MSZZC1|6:XAUUSD|1:5|2:-1|1:4|18:ASIA_HIGH|20251226,,,,,,false,,,REJECT_DUPLICATE_CLUSTER,"Asia session level swept during London/NewYork, closed-bar reclaim within frozen window"
SSR|ASIA_HIGH|20251226|1766786700|FINAL,SSRP|ASIA_HIGH|20251226|1766786700|FINAL,true,MSZZC1|6:XAUUSD|1:5|2:-1|1:4|18:ASIA_HIGH|20251226,,,,,,false,,,REJECT_DUPLICATE_CLUSTER,"Asia session level swept during London/NewYork, closed-bar reclaim within frozen window"
SSR|ASIA_HIGH|20251226|1766787300|FINAL,SSRP|ASIA_HIGH|20251226|1766787300|FINAL,true,MSZZC1|6:XAUUSD|1:5|2:-1|1:4|18:ASIA_HIGH|20251226,,,,,,false,,,REJECT_DUPLICATE_CLUSTER,"Asia session level swept during London/NewYork, closed-bar reclaim within frozen window"
SSR|ASIA_HIGH|20251226|1766789700|FINAL,SSRP|ASIA_HIGH|20251226|1766789700|FINAL,true,MSZZC1|6:XAUUSD|1:5|2:-1|1:4|18:ASIA_HIGH|20251226,,,,,,false,,,REJECT_DUPLICATE_CLUSTER,"Asia session level swept during London/NewYork, closed-bar reclaim within frozen window"
SSR|ASIA_HIGH|20251226|1766790000|FINAL,SSRP|ASIA_HIGH|20251226|1766790000|FINAL,true,MSZZC1|6:XAUUSD|1:5|2:-1|1:4|18:ASIA_HIGH|20251226,,,,,,false,,,REJECT_DUPLICATE_CLUSTER,"Asia session level swept during London/NewYork, closed-bar reclaim within frozen window"
SSR|ASIA_HIGH|20251226|1766791500|FINAL,SSRP|ASIA_HIGH|20251226|1766791500|FINAL,true,MSZZC1|6:XAUUSD|1:5|2:-1|1:4|18:ASIA_HIGH|20251226,,,,,,false,,,REJECT_DUPLICATE_CLUSTER,"Asia session level swept during London/NewYork, closed-bar reclaim within frozen window"
SSR|ASIA_LOW|20251229|1766999100|FINAL,SSRP|ASIA_LOW|20251229|1766999100|FINAL,true,MSZZC1|6:XAUUSD|1:5|1:1|1:4|17:ASIA_LOW|20251229,MSZZC1|6:XAUUSD|1:5|1:1|1:4|17:ASIA_LOW|20251229,494,494,494,495,true,-1.0000,-1.0,EXECUTED,broker-executed
SSR|ASIA_LOW|20251229|1766999400|FINAL,SSRP|ASIA_LOW|20251229|1766999400|FINAL,true,MSZZC1|6:XAUUSD|1:5|1:1|1:4|17:ASIA_LOW|20251229,,,,,,false,,,REJECT_DUPLICATE_CLUSTER,"Asia session level swept during London/NewYork, closed-bar reclaim within frozen window"
SSR|ASIA_LOW|20251229|1767002400|FINAL,SSRP|ASIA_LOW|20251229|1767002400|FINAL,true,MSZZC1|6:XAUUSD|1:5|1:1|1:4|17:ASIA_LOW|20251229,,,,,,false,,,REJECT_DUPLICATE_CLUSTER,"Asia session level swept during London/NewYork, closed-bar reclaim within frozen window"
SSR|ASIA_LOW|20251229|1767002700|FINAL,SSRP|ASIA_LOW|20251229|1767002700|FINAL,true,MSZZC1|6:XAUUSD|1:5|1:1|1:4|17:ASIA_LOW|20251229,,,,,,false,,,REJECT_DUPLICATE_CLUSTER,"Asia session level swept during London/NewYork, closed-bar reclaim within frozen window"
SSR|ASIA_LOW|20251229|1767008100|FINAL,SSRP|ASIA_LOW|20251229|1767008100|FINAL,true,MSZZC1|6:XAUUSD|1:5|1:1|1:4|17:ASIA_LOW|20251229,,,,,,false,,,REJECT_DUPLICATE_CLUSTER,"Asia session level swept during London/NewYork, closed-bar reclaim within frozen window"
SSR|ASIA_LOW|20251229|1767008400|FINAL,SSRP|ASIA_LOW|20251229|1767008400|FINAL,true,MSZZC1|6:XAUUSD|1:5|1:1|1:4|17:ASIA_LOW|20251229,,,,,,false,,,REJECT_DUPLICATE_CLUSTER,"Asia session level swept during London/NewYork, closed-bar reclaim within frozen window"
SSR|ASIA_LOW|20251229|1767009000|FINAL,SSRP|ASIA_LOW|20251229|1767009000|FINAL,true,MSZZC1|6:XAUUSD|1:5|1:1|1:4|17:ASIA_LOW|20251229,,,,,,false,,,REJECT_DUPLICATE_CLUSTER,"Asia session level swept during London/NewYork, closed-bar reclaim within frozen window"
SSR|ASIA_LOW|20251229|1767009300|FINAL,SSRP|ASIA_LOW|20251229|1767009300|FINAL,true,MSZZC1|6:XAUUSD|1:5|1:1|1:4|17:ASIA_LOW|20251229,,,,,,false,,,REJECT_DUPLICATE_CLUSTER,"Asia session level swept during London/NewYork, closed-bar reclaim within frozen window"
SSR|ASIA_HIGH|20251230|1767087900|FINAL,SSRP|ASIA_HIGH|20251230|1767087900|FINAL,true,MSZZC1|6:XAUUSD|1:5|2:-1|1:4|18:ASIA_HIGH|20251230,MSZZC1|6:XAUUSD|1:5|2:-1|1:4|18:ASIA_HIGH|20251230,496,496,496,497,true,2.0011,2.0010706638114892,EXECUTED,broker-executed
SSR|ASIA_HIGH|20251230|1767088200|FINAL,SSRP|ASIA_HIGH|20251230|1767088200|FINAL,true,MSZZC1|6:XAUUSD|1:5|2:-1|1:4|18:ASIA_HIGH|20251230,,,,,,false,,,REJECT_DUPLICATE_CLUSTER,"Asia session level swept during London/NewYork, closed-bar reclaim within frozen window"
SSR|ASIA_HIGH|20251230|1767108600|FINAL,SSRP|ASIA_HIGH|20251230|1767108600|FINAL,true,MSZZC1|6:XAUUSD|1:5|2:-1|1:4|18:ASIA_HIGH|20251230,,,,,,false,,,REJECT_DUPLICATE_CLUSTER,"Asia session level swept during London/NewYork, closed-bar reclaim within frozen window"
SSR|ASIA_HIGH|20251230|1767111900|FINAL,SSRP|ASIA_HIGH|20251230|1767111900|FINAL,true,MSZZC1|6:XAUUSD|1:5|2:-1|1:4|18:ASIA_HIGH|20251230,,,,,,false,,,REJECT_DUPLICATE_CLUSTER,"Asia session level swept during London/NewYork, closed-bar reclaim within frozen window"
SSR|ASIA_HIGH|20251230|1767112500|FINAL,SSRP|ASIA_HIGH|20251230|1767112500|FINAL,true,MSZZC1|6:XAUUSD|1:5|2:-1|1:4|18:ASIA_HIGH|20251230,,,,,,false,,,REJECT_DUPLICATE_CLUSTER,"Asia session level swept during London/NewYork, closed-bar reclaim within frozen window"
SSR|ASIA_HIGH|20251230|1767121200|FINAL,SSRP|ASIA_HIGH|20251230|1767121200|FINAL,true,MSZZC1|6:XAUUSD|1:5|2:-1|1:4|18:ASIA_HIGH|20251230,,,,,,false,,,REJECT_DUPLICATE_CLUSTER,"Asia session level swept during London/NewYork, closed-bar reclaim within frozen window"
SSR|ASIA_LOW|20251231|1767168000|FINAL,SSRP|ASIA_LOW|20251231|1767168000|FINAL,true,MSZZC1|6:XAUUSD|1:5|1:1|1:4|17:ASIA_LOW|20251231,MSZZC1|6:XAUUSD|1:5|1:1|1:4|17:ASIA_LOW|20251231,498,498,498,499,true,2.0005,2.0005170630817073,EXECUTED,broker-executed
SSR|ASIA_HIGH|20260102|1767366900|FINAL,SSRP|ASIA_HIGH|20260102|1767366900|FINAL,true,MSZZC1|6:XAUUSD|1:5|2:-1|1:4|18:ASIA_HIGH|20260102,MSZZC1|6:XAUUSD|1:5|2:-1|1:4|18:ASIA_HIGH|20260102,500,500,500,501,true,2.0000,1.9999999999999574,EXECUTED,broker-executed
SSR|ASIA_HIGH|20260102|1767367200|FINAL,SSRP|ASIA_HIGH|20260102|1767367200|FINAL,true,MSZZC1|6:XAUUSD|1:5|2:-1|1:4|18:ASIA_HIGH|20260102,,,,,,false,,,REJECT_DUPLICATE_CLUSTER,"Asia session level swept during London/NewYork, closed-bar reclaim within frozen window"
SSR|ASIA_HIGH|20260102|1767367500|FINAL,SSRP|ASIA_HIGH|20260102|1767367500|FINAL,true,MSZZC1|6:XAUUSD|1:5|2:-1|1:4|18:ASIA_HIGH|20260102,,,,,,false,,,REJECT_DUPLICATE_CLUSTER,"Asia session level swept during London/NewYork, closed-bar reclaim within frozen window"
SSR|ASIA_LOW|20260102|1767377700|FINAL,SSRP|ASIA_LOW|20260102|1767377700|FINAL,true,MSZZC1|6:XAUUSD|1:5|1:1|1:4|17:ASIA_LOW|20260102,MSZZC1|6:XAUUSD|1:5|1:1|1:4|17:ASIA_LOW|20260102,502,502,502,503,true,-1.0000,-1.0,EXECUTED,broker-executed
SSR|ASIA_LOW|20260102|1767378600|FINAL,SSRP|ASIA_LOW|20260102|1767378600|FINAL,true,MSZZC1|6:XAUUSD|1:5|1:1|1:4|17:ASIA_LOW|20260102,,,,,,false,,,REJECT_DUPLICATE_CLUSTER,"Asia session level swept during London/NewYork, closed-bar reclaim within frozen window"
SSR|ASIA_LOW|20260102|1767378900|FINAL,SSRP|ASIA_LOW|20260102|1767378900|FINAL,true,MSZZC1|6:XAUUSD|1:5|1:1|1:4|17:ASIA_LOW|20260102,,,,,,false,,,REJECT_DUPLICATE_CLUSTER,"Asia session level swept during London/NewYork, closed-bar reclaim within frozen window"
SSR|ASIA_LOW|20260102|1767387300|FINAL,SSRP|ASIA_LOW|20260102|1767387300|FINAL,true,MSZZC1|6:XAUUSD|1:5|1:1|1:4|17:ASIA_LOW|20260102,,,,,,false,,,REJECT_DUPLICATE_CLUSTER,"Asia session level swept during London/NewYork, closed-bar reclaim within frozen window"
SSR|ASIA_LOW|20260102|1767387900|FINAL,SSRP|ASIA_LOW|20260102|1767387900|FINAL,true,MSZZC1|6:XAUUSD|1:5|1:1|1:4|17:ASIA_LOW|20260102,,,,,,false,,,REJECT_DUPLICATE_CLUSTER,"Asia session level swept during London/NewYork, closed-bar reclaim within frozen window"
SSR|ASIA_LOW|20260102|1767389100|FINAL,SSRP|ASIA_LOW|20260102|1767389100|FINAL,true,MSZZC1|6:XAUUSD|1:5|1:1|1:4|17:ASIA_LOW|20260102,,,,,,false,,,REJECT_DUPLICATE_CLUSTER,"Asia session level swept during London/NewYork, closed-bar reclaim within frozen window"
SSR|ASIA_LOW|20260102|1767391200|FINAL,SSRP|ASIA_LOW|20260102|1767391200|FINAL,true,MSZZC1|6:XAUUSD|1:5|1:1|1:4|17:ASIA_LOW|20260102,,,,,,false,,,REJECT_DUPLICATE_CLUSTER,"Asia session level swept during London/NewYork, closed-bar reclaim within frozen window"
SSR|ASIA_LOW|20260102|1767392100|FINAL,SSRP|ASIA_LOW|20260102|1767392100|FINAL,true,MSZZC1|6:XAUUSD|1:5|1:1|1:4|17:ASIA_LOW|20260102,,,,,,false,,,REJECT_DUPLICATE_CLUSTER,"Asia session level swept during London/NewYork, closed-bar reclaim within frozen window"
SSR|ASIA_HIGH|20260105|1767601500|FINAL,SSRP|ASIA_HIGH|20260105|1767601500|FINAL,true,MSZZC1|6:XAUUSD|1:5|2:-1|1:4|18:ASIA_HIGH|20260105,MSZZC1|6:XAUUSD|1:5|2:-1|1:4|18:ASIA_HIGH|20260105,504,504,504,505,true,-1.0000,-1.0,EXECUTED,broker-executed
SSR|ASIA_HIGH|20260105|1767602100|FINAL,SSRP|ASIA_HIGH|20260105|1767602100|FINAL,true,MSZZC1|6:XAUUSD|1:5|2:-1|1:4|18:ASIA_HIGH|20260105,,,,,,false,,,REJECT_DUPLICATE_CLUSTER,"Asia session level swept during London/NewYork, closed-bar reclaim within frozen window"
SSR|ASIA_HIGH|20260105|1767602400|FINAL,SSRP|ASIA_HIGH|20260105|1767602400|FINAL,true,MSZZC1|6:XAUUSD|1:5|2:-1|1:4|18:ASIA_HIGH|20260105,,,,,,false,,,REJECT_DUPLICATE_CLUSTER,"Asia session level swept during London/NewYork, closed-bar reclaim within frozen window"
SSR|ASIA_HIGH|20260105|1767603000|FINAL,SSRP|ASIA_HIGH|20260105|1767603000|FINAL,true,MSZZC1|6:XAUUSD|1:5|2:-1|1:4|18:ASIA_HIGH|20260105,,,,,,false,,,REJECT_DUPLICATE_CLUSTER,"Asia session level swept during London/NewYork, closed-bar reclaim within frozen window"
SSR|ASIA_HIGH|20260105|1767603600|FINAL,SSRP|ASIA_HIGH|20260105|1767603600|FINAL,true,MSZZC1|6:XAUUSD|1:5|2:-1|1:4|18:ASIA_HIGH|20260105,,,,,,false,,,REJECT_DUPLICATE_CLUSTER,"Asia session level swept during London/NewYork, closed-bar reclaim within frozen window"
SSR|ASIA_HIGH|20260105|1767603900|FINAL,SSRP|ASIA_HIGH|20260105|1767603900|FINAL,true,MSZZC1|6:XAUUSD|1:5|2:-1|1:4|18:ASIA_HIGH|20260105,,,,,,false,,,REJECT_DUPLICATE_CLUSTER,"Asia session level swept during London/NewYork, closed-bar reclaim within frozen window"
SSR|ASIA_HIGH|20260105|1767604500|FINAL,SSRP|ASIA_HIGH|20260105|1767604500|FINAL,true,MSZZC1|6:XAUUSD|1:5|2:-1|1:4|18:ASIA_HIGH|20260105,,,,,,false,,,REJECT_DUPLICATE_CLUSTER,"Asia session level swept during London/NewYork, closed-bar reclaim within frozen window"
SSR|ASIA_HIGH|20260105|1767606000|FINAL,SSRP|ASIA_HIGH|20260105|1767606000|FINAL,true,MSZZC1|6:XAUUSD|1:5|2:-1|1:4|18:ASIA_HIGH|20260105,,,,,,false,,,REJECT_DUPLICATE_CLUSTER,"Asia session level swept during London/NewYork, closed-bar reclaim within frozen window"
SSR|ASIA_HIGH|20260105|1767619200|FINAL,SSRP|ASIA_HIGH|20260105|1767619200|FINAL,true,MSZZC1|6:XAUUSD|1:5|2:-1|1:4|18:ASIA_HIGH|20260105,,,,,,false,,,REJECT_DUPLICATE_CLUSTER,"Asia session level swept during London/NewYork, closed-bar reclaim within frozen window"
SSR|ASIA_HIGH|20260105|1767619500|FINAL,SSRP|ASIA_HIGH|20260105|1767619500|FINAL,true,MSZZC1|6:XAUUSD|1:5|2:-1|1:4|18:ASIA_HIGH|20260105,,,,,,false,,,REJECT_DUPLICATE_CLUSTER,"Asia session level swept during London/NewYork, closed-bar reclaim within frozen window"
SSR|ASIA_HIGH|20260105|1767620700|FINAL,SSRP|ASIA_HIGH|20260105|1767620700|FINAL,true,MSZZC1|6:XAUUSD|1:5|2:-1|1:4|18:ASIA_HIGH|20260105,,,,,,false,,,REJECT_DUPLICATE_CLUSTER,"Asia session level swept during London/NewYork, closed-bar reclaim within frozen window"
SSR|ASIA_HIGH|20260106|1767695100|FINAL,SSRP|ASIA_HIGH|20260106|1767695100|FINAL,true,MSZZC1|6:XAUUSD|1:5|2:-1|1:4|18:ASIA_HIGH|20260106,MSZZC1|6:XAUUSD|1:5|2:-1|1:4|18:ASIA_HIGH|20260106,506,506,506,507,true,2.0000,2.0,EXECUTED,broker-executed
SSR|ASIA_HIGH|20260106|1767720300|FINAL,SSRP|ASIA_HIGH|20260106|1767720300|FINAL,true,MSZZC1|6:XAUUSD|1:5|2:-1|1:4|18:ASIA_HIGH|20260106,,,,,,false,,,REJECT_DUPLICATE_CLUSTER,"Asia session level swept during London/NewYork, closed-bar reclaim within frozen window"
SSR|ASIA_HIGH|20260106|1767720600|FINAL,SSRP|ASIA_HIGH|20260106|1767720600|FINAL,true,MSZZC1|6:XAUUSD|1:5|2:-1|1:4|18:ASIA_HIGH|20260106,,,,,,false,,,REJECT_DUPLICATE_CLUSTER,"Asia session level swept during London/NewYork, closed-bar reclaim within frozen window"
SSR|ASIA_LOW|20260107|1767775500|FINAL,SSRP|ASIA_LOW|20260107|1767775500|FINAL,true,MSZZC1|6:XAUUSD|1:5|1:1|1:4|17:ASIA_LOW|20260107,MSZZC1|6:XAUUSD|1:5|1:1|1:4|17:ASIA_LOW|20260107,508,508,508,509,true,1.9983,1.9982698961938912,EXECUTED,broker-executed
SSR|ASIA_LOW|20260107|1767776400|FINAL,SSRP|ASIA_LOW|20260107|1767776400|FINAL,true,MSZZC1|6:XAUUSD|1:5|1:1|1:4|17:ASIA_LOW|20260107,,,,,,false,,,REJECT_DUPLICATE_CLUSTER,"Asia session level swept during London/NewYork, closed-bar reclaim within frozen window"
SSR|ASIA_LOW|20260107|1767795300|FINAL,SSRP|ASIA_LOW|20260107|1767795300|FINAL,true,MSZZC1|6:XAUUSD|1:5|1:1|1:4|17:ASIA_LOW|20260107,,,,,,false,,,REJECT_DUPLICATE_CLUSTER,"Asia session level swept during London/NewYork, closed-bar reclaim within frozen window"
SSR|ASIA_LOW|20260107|1767795600|FINAL,SSRP|ASIA_LOW|20260107|1767795600|FINAL,true,MSZZC1|6:XAUUSD|1:5|1:1|1:4|17:ASIA_LOW|20260107,,,,,,false,,,REJECT_DUPLICATE_CLUSTER,"Asia session level swept during London/NewYork, closed-bar reclaim within frozen window"
SSR|ASIA_LOW|20260107|1767798900|FINAL,SSRP|ASIA_LOW|20260107|1767798900|FINAL,true,MSZZC1|6:XAUUSD|1:5|1:1|1:4|17:ASIA_LOW|20260107,,,,,,false,,,REJECT_DUPLICATE_CLUSTER,"Asia session level swept during London/NewYork, closed-bar reclaim within frozen window"
SSR|ASIA_LOW|20260107|1767800100|FINAL,SSRP|ASIA_LOW|20260107|1767800100|FINAL,true,MSZZC1|6:XAUUSD|1:5|1:1|1:4|17:ASIA_LOW|20260107,,,,,,false,,,REJECT_DUPLICATE_CLUSTER,"Asia session level swept during London/NewYork, closed-bar reclaim within frozen window"
SSR|ASIA_LOW|20260107|1767800400|FINAL,SSRP|ASIA_LOW|20260107|1767800400|FINAL,true,MSZZC1|6:XAUUSD|1:5|1:1|1:4|17:ASIA_LOW|20260107,,,,,,false,,,REJECT_DUPLICATE_CLUSTER,"Asia session level swept during London/NewYork, closed-bar reclaim within frozen window"
SSR|ASIA_LOW|20260107|1767803400|FINAL,SSRP|ASIA_LOW|20260107|1767803400|FINAL,true,MSZZC1|6:XAUUSD|1:5|1:1|1:4|17:ASIA_LOW|20260107,,,,,,false,,,REJECT_DUPLICATE_CLUSTER,"Asia session level swept during London/NewYork, closed-bar reclaim within frozen window"
SSR|ASIA_LOW|20260107|1767804000|FINAL,SSRP|ASIA_LOW|20260107|1767804000|FINAL,true,MSZZC1|6:XAUUSD|1:5|1:1|1:4|17:ASIA_LOW|20260107,,,,,,false,,,REJECT_DUPLICATE_CLUSTER,"Asia session level swept during London/NewYork, closed-bar reclaim within frozen window"
SSR|ASIA_LOW|20260107|1767804600|FINAL,SSRP|ASIA_LOW|20260107|1767804600|FINAL,true,MSZZC1|6:XAUUSD|1:5|1:1|1:4|17:ASIA_LOW|20260107,,,,,,false,,,REJECT_DUPLICATE_CLUSTER,"Asia session level swept during London/NewYork, closed-bar reclaim within frozen window"
SSR|ASIA_LOW|20260107|1767806400|FINAL,SSRP|ASIA_LOW|20260107|1767806400|FINAL,true,MSZZC1|6:XAUUSD|1:5|1:1|1:4|17:ASIA_LOW|20260107,,,,,,false,,,REJECT_DUPLICATE_CLUSTER,"Asia session level swept during London/NewYork, closed-bar reclaim within frozen window"
SSR|ASIA_LOW|20260107|1767807000|FINAL,SSRP|ASIA_LOW|20260107|1767807000|FINAL,true,MSZZC1|6:XAUUSD|1:5|1:1|1:4|17:ASIA_LOW|20260107,,,,,,false,,,REJECT_DUPLICATE_CLUSTER,"Asia session level swept during London/NewYork, closed-bar reclaim within frozen window"
SSR|ASIA_LOW|20260107|1767807900|FINAL,SSRP|ASIA_LOW|20260107|1767807900|FINAL,true,MSZZC1|6:XAUUSD|1:5|1:1|1:4|17:ASIA_LOW|20260107,,,,,,false,,,REJECT_DUPLICATE_CLUSTER,"Asia session level swept during London/NewYork, closed-bar reclaim within frozen window"
SSR|ASIA_LOW|20260107|1767808500|FINAL,SSRP|ASIA_LOW|20260107|1767808500|FINAL,true,MSZZC1|6:XAUUSD|1:5|1:1|1:4|17:ASIA_LOW|20260107,,,,,,false,,,REJECT_DUPLICATE_CLUSTER,"Asia session level swept during London/NewYork, closed-bar reclaim within frozen window"
SSR|ASIA_LOW|20260108|1767881400|FINAL,SSRP|ASIA_LOW|20260108|1767881400|FINAL,true,MSZZC1|6:XAUUSD|1:5|1:1|1:4|17:ASIA_LOW|20260108,MSZZC1|6:XAUUSD|1:5|1:1|1:4|17:ASIA_LOW|20260108,510,510,510,511,true,1.9992,1.9992289899767828,EXECUTED,broker-executed
SSR|ASIA_LOW|20260108|1767882300|FINAL,SSRP|ASIA_LOW|20260108|1767882300|FINAL,true,MSZZC1|6:XAUUSD|1:5|1:1|1:4|17:ASIA_LOW|20260108,,,,,,false,,,REJECT_DUPLICATE_CLUSTER,"Asia session level swept during London/NewYork, closed-bar reclaim within frozen window"
SSR|ASIA_HIGH|20260109|1767972900|FINAL,SSRP|ASIA_HIGH|20260109|1767972900|FINAL,true,MSZZC1|6:XAUUSD|1:5|2:-1|1:4|18:ASIA_HIGH|20260109,MSZZC1|6:XAUUSD|1:5|2:-1|1:4|18:ASIA_HIGH|20260109,512,512,512,513,true,-1.0000,-1.0,EXECUTED,broker-executed
SSR|ASIA_HIGH|20260109|1767973500|FINAL,SSRP|ASIA_HIGH|20260109|1767973500|FINAL,true,MSZZC1|6:XAUUSD|1:5|2:-1|1:4|18:ASIA_HIGH|20260109,,,,,,false,,,REJECT_DUPLICATE_CLUSTER,"Asia session level swept during London/NewYork, closed-bar reclaim within frozen window"
SSR|ASIA_HIGH|20260112|1768233300|FINAL,SSRP|ASIA_HIGH|20260112|1768233300|FINAL,true,MSZZC1|6:XAUUSD|1:5|2:-1|1:4|18:ASIA_HIGH|20260112,MSZZC1|6:XAUUSD|1:5|2:-1|1:4|18:ASIA_HIGH|20260112,514,514,514,515,true,-1.0000,-1.0,EXECUTED,broker-executed
SSR|ASIA_HIGH|20260112|1768233600|FINAL,SSRP|ASIA_HIGH|20260112|1768233600|FINAL,true,MSZZC1|6:XAUUSD|1:5|2:-1|1:4|18:ASIA_HIGH|20260112,,,,,,false,,,REJECT_DUPLICATE_CLUSTER,"Asia session level swept during London/NewYork, closed-bar reclaim within frozen window"
SSR|ASIA_HIGH|20260112|1768233900|FINAL,SSRP|ASIA_HIGH|20260112|1768233900|FINAL,true,MSZZC1|6:XAUUSD|1:5|2:-1|1:4|18:ASIA_HIGH|20260112,,,,,,false,,,REJECT_DUPLICATE_CLUSTER,"Asia session level swept during London/NewYork, closed-bar reclaim within frozen window"
SSR|ASIA_HIGH|20260112|1768255200|FINAL,SSRP|ASIA_HIGH|20260112|1768255200|FINAL,true,MSZZC1|6:XAUUSD|1:5|2:-1|1:4|18:ASIA_HIGH|20260112,,,,,,false,,,REJECT_DUPLICATE_CLUSTER,"Asia session level swept during London/NewYork, closed-bar reclaim within frozen window"
SSR|ASIA_HIGH|20260112|1768257600|FINAL,SSRP|ASIA_HIGH|20260112|1768257600|FINAL,true,MSZZC1|6:XAUUSD|1:5|2:-1|1:4|18:ASIA_HIGH|20260112,,,,,,false,,,REJECT_DUPLICATE_CLUSTER,"Asia session level swept during London/NewYork, closed-bar reclaim within frozen window"
SSR|ASIA_LOW|20260113|1768293600|FINAL,SSRP|ASIA_LOW|20260113|1768293600|FINAL,true,MSZZC1|6:XAUUSD|1:5|1:1|1:4|17:ASIA_LOW|20260113,MSZZC1|6:XAUUSD|1:5|1:1|1:4|17:ASIA_LOW|20260113,516,516,516,517,true,1.9985,1.9984802431611992,EXECUTED,broker-executed
SSR|ASIA_HIGH|20260113|1768324200|FINAL,SSRP|ASIA_HIGH|20260113|1768324200|FINAL,true,MSZZC1|6:XAUUSD|1:5|2:-1|1:4|18:ASIA_HIGH|20260113,MSZZC1|6:XAUUSD|1:5|2:-1|1:4|18:ASIA_HIGH|20260113,518,518,518,519,true,2.0005,2.0005479452054913,EXECUTED,broker-executed
SSR|ASIA_HIGH|20260113|1768324500|FINAL,SSRP|ASIA_HIGH|20260113|1768324500|FINAL,true,MSZZC1|6:XAUUSD|1:5|2:-1|1:4|18:ASIA_HIGH|20260113,,,,,,false,,,REJECT_DUPLICATE_CLUSTER,"Asia session level swept during London/NewYork, closed-bar reclaim within frozen window"
SSR|ASIA_HIGH|20260113|1768327800|FINAL,SSRP|ASIA_HIGH|20260113|1768327800|FINAL,true,MSZZC1|6:XAUUSD|1:5|2:-1|1:4|18:ASIA_HIGH|20260113,,,,,,false,,,REJECT_DUPLICATE_CLUSTER,"Asia session level swept during London/NewYork, closed-bar reclaim within frozen window"
SSR|ASIA_HIGH|20260113|1768328400|FINAL,SSRP|ASIA_HIGH|20260113|1768328400|FINAL,true,MSZZC1|6:XAUUSD|1:5|2:-1|1:4|18:ASIA_HIGH|20260113,,,,,,false,,,REJECT_DUPLICATE_CLUSTER,"Asia session level swept during London/NewYork, closed-bar reclaim within frozen window"
SSR|ASIA_HIGH|20260113|1768332000|FINAL,SSRP|ASIA_HIGH|20260113|1768332000|FINAL,true,MSZZC1|6:XAUUSD|1:5|2:-1|1:4|18:ASIA_HIGH|20260113,,,,,,false,,,REJECT_DUPLICATE_CLUSTER,"Asia session level swept during London/NewYork, closed-bar reclaim within frozen window"
SSR|ASIA_HIGH|20260113|1768333200|FINAL,SSRP|ASIA_HIGH|20260113|1768333200|FINAL,true,MSZZC1|6:XAUUSD|1:5|2:-1|1:4|18:ASIA_HIGH|20260113,,,,,,false,,,REJECT_DUPLICATE_CLUSTER,"Asia session level swept during London/NewYork, closed-bar reclaim within frozen window"
SSR|ASIA_LOW|20260113|1768343400|FINAL,SSRP|ASIA_LOW|20260113|1768343400|FINAL,true,MSZZC1|6:XAUUSD|1:5|1:1|1:4|17:ASIA_LOW|20260113,,,,,,false,,,REJECT_DUPLICATE_CLUSTER,"Asia session level swept during London/NewYork, closed-bar reclaim within frozen window"
SSR|ASIA_LOW|20260113|1768343700|FINAL,SSRP|ASIA_LOW|20260113|1768343700|FINAL,true,MSZZC1|6:XAUUSD|1:5|1:1|1:4|17:ASIA_LOW|20260113,,,,,,false,,,REJECT_DUPLICATE_CLUSTER,"Asia session level swept during London/NewYork, closed-bar reclaim within frozen window"
SSR|ASIA_HIGH|20260114|1768402500|FINAL,SSRP|ASIA_HIGH|20260114|1768402500|FINAL,true,MSZZC1|6:XAUUSD|1:5|2:-1|1:4|18:ASIA_HIGH|20260114,MSZZC1|6:XAUUSD|1:5|2:-1|1:4|18:ASIA_HIGH|20260114,520,520,520,521,true,2.0014,2.001353179972843,EXECUTED,broker-executed
SSR|ASIA_HIGH|20260114|1768402800|FINAL,SSRP|ASIA_HIGH|20260114|1768402800|FINAL,true,MSZZC1|6:XAUUSD|1:5|2:-1|1:4|18:ASIA_HIGH|20260114,,,,,,false,,,REJECT_DUPLICATE_CLUSTER,"Asia session level swept during London/NewYork, closed-bar reclaim within frozen window"
SSR|ASIA_HIGH|20260114|1768424400|FINAL,SSRP|ASIA_HIGH|20260114|1768424400|FINAL,true,MSZZC1|6:XAUUSD|1:5|2:-1|1:4|18:ASIA_HIGH|20260114,,,,,,false,,,REJECT_DUPLICATE_CLUSTER,"Asia session level swept during London/NewYork, closed-bar reclaim within frozen window"
SSR|ASIA_HIGH|20260114|1768426500|FINAL,SSRP|ASIA_HIGH|20260114|1768426500|FINAL,true,MSZZC1|6:XAUUSD|1:5|2:-1|1:4|18:ASIA_HIGH|20260114,,,,,,false,,,REJECT_DUPLICATE_CLUSTER,"Asia session level swept during London/NewYork, closed-bar reclaim within frozen window"
SSR|ASIA_HIGH|20260114|1768427100|FINAL,SSRP|ASIA_HIGH|20260114|1768427100|FINAL,true,MSZZC1|6:XAUUSD|1:5|2:-1|1:4|18:ASIA_HIGH|20260114,,,,,,false,,,REJECT_DUPLICATE_CLUSTER,"Asia session level swept during London/NewYork, closed-bar reclaim within frozen window"
SSR|ASIA_HIGH|20260114|1768427400|FINAL,SSRP|ASIA_HIGH|20260114|1768427400|FINAL,true,MSZZC1|6:XAUUSD|1:5|2:-1|1:4|18:ASIA_HIGH|20260114,,,,,,false,,,REJECT_DUPLICATE_CLUSTER,"Asia session level swept during London/NewYork, closed-bar reclaim within frozen window"
SSR|ASIA_HIGH|20260114|1768428000|FINAL,SSRP|ASIA_HIGH|20260114|1768428000|FINAL,true,MSZZC1|6:XAUUSD|1:5|2:-1|1:4|18:ASIA_HIGH|20260114,,,,,,false,,,REJECT_DUPLICATE_CLUSTER,"Asia session level swept during London/NewYork, closed-bar reclaim within frozen window"
SSR|ASIA_HIGH|20260114|1768428600|FINAL,SSRP|ASIA_HIGH|20260114|1768428600|FINAL,true,MSZZC1|6:XAUUSD|1:5|2:-1|1:4|18:ASIA_HIGH|20260114,,,,,,false,,,REJECT_DUPLICATE_CLUSTER,"Asia session level swept during London/NewYork, closed-bar reclaim within frozen window"
SSR|ASIA_LOW|20260116|1768577100|FINAL,SSRP|ASIA_LOW|20260116|1768577100|FINAL,true,MSZZC1|6:XAUUSD|1:5|1:1|1:4|17:ASIA_LOW|20260116,MSZZC1|6:XAUUSD|1:5|1:1|1:4|17:ASIA_LOW|20260116,522,522,522,523,true,2.0008,2.0008012820512264,EXECUTED,broker-executed
SSR|ASIA_LOW|20260116|1768577400|FINAL,SSRP|ASIA_LOW|20260116|1768577400|FINAL,true,MSZZC1|6:XAUUSD|1:5|1:1|1:4|17:ASIA_LOW|20260116,,,,,,false,,,REJECT_DUPLICATE_CLUSTER,"Asia session level swept during London/NewYork, closed-bar reclaim within frozen window"
SSR|ASIA_LOW|20260116|1768586400|FINAL,SSRP|ASIA_LOW|20260116|1768586400|FINAL,true,MSZZC1|6:XAUUSD|1:5|1:1|1:4|17:ASIA_LOW|20260116,,,,,,false,,,REJECT_DUPLICATE_CLUSTER,"Asia session level swept during London/NewYork, closed-bar reclaim within frozen window"
SSR|ASIA_LOW|20260116|1768587000|FINAL,SSRP|ASIA_LOW|20260116|1768587000|FINAL,true,MSZZC1|6:XAUUSD|1:5|1:1|1:4|17:ASIA_LOW|20260116,,,,,,false,,,REJECT_DUPLICATE_CLUSTER,"Asia session level swept during London/NewYork, closed-bar reclaim within frozen window"
SSR|ASIA_LOW|20260116|1768594800|FINAL,SSRP|ASIA_LOW|20260116|1768594800|FINAL,true,MSZZC1|6:XAUUSD|1:5|1:1|1:4|17:ASIA_LOW|20260116,,,,,,false,,,REJECT_DUPLICATE_CLUSTER,"Asia session level swept during London/NewYork, closed-bar reclaim within frozen window"
SSR|ASIA_LOW|20260116|1768595400|FINAL,SSRP|ASIA_LOW|20260116|1768595400|FINAL,true,MSZZC1|6:XAUUSD|1:5|1:1|1:4|17:ASIA_LOW|20260116,,,,,,false,,,REJECT_DUPLICATE_CLUSTER,"Asia session level swept during London/NewYork, closed-bar reclaim within frozen window"
SSR|ASIA_LOW|20260116|1768599300|FINAL,SSRP|ASIA_LOW|20260116|1768599300|FINAL,true,MSZZC1|6:XAUUSD|1:5|1:1|1:4|17:ASIA_LOW|20260116,,,,,,false,,,REJECT_DUPLICATE_CLUSTER,"Asia session level swept during London/NewYork, closed-bar reclaim within frozen window"
SSR|ASIA_LOW|20260116|1768600800|FINAL,SSRP|ASIA_LOW|20260116|1768600800|FINAL,true,MSZZC1|6:XAUUSD|1:5|1:1|1:4|17:ASIA_LOW|20260116,,,,,,false,,,REJECT_DUPLICATE_CLUSTER,"Asia session level swept during London/NewYork, closed-bar reclaim within frozen window"
SSR|ASIA_LOW|20260116|1768605000|FINAL,SSRP|ASIA_LOW|20260116|1768605000|FINAL,true,MSZZC1|6:XAUUSD|1:5|1:1|1:4|17:ASIA_LOW|20260116,,,,,,false,,,REJECT_DUPLICATE_CLUSTER,"Asia session level swept during London/NewYork, closed-bar reclaim within frozen window"
SSR|ASIA_LOW|20260116|1768605300|FINAL,SSRP|ASIA_LOW|20260116|1768605300|FINAL,true,MSZZC1|6:XAUUSD|1:5|1:1|1:4|17:ASIA_LOW|20260116,,,,,,false,,,REJECT_DUPLICATE_CLUSTER,"Asia session level swept during London/NewYork, closed-bar reclaim within frozen window"
SSR|ASIA_HIGH|20260120|1768900200|FINAL,SSRP|ASIA_HIGH|20260120|1768900200|FINAL,true,MSZZC1|6:XAUUSD|1:5|2:-1|1:4|18:ASIA_HIGH|20260120,MSZZC1|6:XAUUSD|1:5|2:-1|1:4|18:ASIA_HIGH|20260120,524,524,524,525,true,-1.0000,-1.0,EXECUTED,broker-executed
SSR|ASIA_HIGH|20260120|1768902300|FINAL,SSRP|ASIA_HIGH|20260120|1768902300|FINAL,true,MSZZC1|6:XAUUSD|1:5|2:-1|1:4|18:ASIA_HIGH|20260120,,,,,,false,,,REJECT_DUPLICATE_CLUSTER,"Asia session level swept during London/NewYork, closed-bar reclaim within frozen window"
SSR|ASIA_HIGH|20260121|1768983900|FINAL,SSRP|ASIA_HIGH|20260121|1768983900|FINAL,true,MSZZC1|6:XAUUSD|1:5|2:-1|1:4|18:ASIA_HIGH|20260121,MSZZC1|6:XAUUSD|1:5|2:-1|1:4|18:ASIA_HIGH|20260121,526,526,526,527,true,2.0000,2.0,EXECUTED,broker-executed
SSR|ASIA_HIGH|20260121|1768984500|FINAL,SSRP|ASIA_HIGH|20260121|1768984500|FINAL,true,MSZZC1|6:XAUUSD|1:5|2:-1|1:4|18:ASIA_HIGH|20260121,,,,,,false,,,REJECT_DUPLICATE_CLUSTER,"Asia session level swept during London/NewYork, closed-bar reclaim within frozen window"
SSR|ASIA_HIGH|20260121|1769010900|FINAL,SSRP|ASIA_HIGH|20260121|1769010900|FINAL,true,MSZZC1|6:XAUUSD|1:5|2:-1|1:4|18:ASIA_HIGH|20260121,,,,,,false,,,REJECT_DUPLICATE_CLUSTER,"Asia session level swept during London/NewYork, closed-bar reclaim within frozen window"
SSR|ASIA_HIGH|20260121|1769011200|FINAL,SSRP|ASIA_HIGH|20260121|1769011200|FINAL,true,MSZZC1|6:XAUUSD|1:5|2:-1|1:4|18:ASIA_HIGH|20260121,,,,,,false,,,REJECT_DUPLICATE_CLUSTER,"Asia session level swept during London/NewYork, closed-bar reclaim within frozen window"
SSR|ASIA_HIGH|20260122|1769072700|FINAL,SSRP|ASIA_HIGH|20260122|1769072700|FINAL,true,MSZZC1|6:XAUUSD|1:5|2:-1|1:4|18:ASIA_HIGH|20260122,MSZZC1|6:XAUUSD|1:5|2:-1|1:4|18:ASIA_HIGH|20260122,528,528,528,529,true,-1.0000,-1.0,EXECUTED,broker-executed
SSR|ASIA_HIGH|20260122|1769073300|FINAL,SSRP|ASIA_HIGH|20260122|1769073300|FINAL,true,MSZZC1|6:XAUUSD|1:5|2:-1|1:4|18:ASIA_HIGH|20260122,,,,,,false,,,REJECT_DUPLICATE_CLUSTER,"Asia session level swept during London/NewYork, closed-bar reclaim within frozen window"
SSR|ASIA_HIGH|20260122|1769074500|FINAL,SSRP|ASIA_HIGH|20260122|1769074500|FINAL,true,MSZZC1|6:XAUUSD|1:5|2:-1|1:4|18:ASIA_HIGH|20260122,,,,,,false,,,REJECT_DUPLICATE_CLUSTER,"Asia session level swept during London/NewYork, closed-bar reclaim within frozen window"
SSR|ASIA_HIGH|20260122|1769074800|FINAL,SSRP|ASIA_HIGH|20260122|1769074800|FINAL,true,MSZZC1|6:XAUUSD|1:5|2:-1|1:4|18:ASIA_HIGH|20260122,,,,,,false,,,REJECT_DUPLICATE_CLUSTER,"Asia session level swept during London/NewYork, closed-bar reclaim within frozen window"
SSR|ASIA_HIGH|20260122|1769075700|FINAL,SSRP|ASIA_HIGH|20260122|1769075700|FINAL,true,MSZZC1|6:XAUUSD|1:5|2:-1|1:4|18:ASIA_HIGH|20260122,,,,,,false,,,REJECT_DUPLICATE_CLUSTER,"Asia session level swept during London/NewYork, closed-bar reclaim within frozen window"
SSR|ASIA_HIGH|20260122|1769076000|FINAL,SSRP|ASIA_HIGH|20260122|1769076000|FINAL,true,MSZZC1|6:XAUUSD|1:5|2:-1|1:4|18:ASIA_HIGH|20260122,,,,,,false,,,REJECT_DUPLICATE_CLUSTER,"Asia session level swept during London/NewYork, closed-bar reclaim within frozen window"
SSR|ASIA_HIGH|20260122|1769076300|FINAL,SSRP|ASIA_HIGH|20260122|1769076300|FINAL,true,MSZZC1|6:XAUUSD|1:5|2:-1|1:4|18:ASIA_HIGH|20260122,,,,,,false,,,REJECT_DUPLICATE_CLUSTER,"Asia session level swept during London/NewYork, closed-bar reclaim within frozen window"
SSR|ASIA_HIGH|20260122|1769079600|FINAL,SSRP|ASIA_HIGH|20260122|1769079600|FINAL,true,MSZZC1|6:XAUUSD|1:5|2:-1|1:4|18:ASIA_HIGH|20260122,,,,,,false,,,REJECT_DUPLICATE_CLUSTER,"Asia session level swept during London/NewYork, closed-bar reclaim within frozen window"
SSR|ASIA_HIGH|20260122|1769079900|FINAL,SSRP|ASIA_HIGH|20260122|1769079900|FINAL,true,MSZZC1|6:XAUUSD|1:5|2:-1|1:4|18:ASIA_HIGH|20260122,,,,,,false,,,REJECT_DUPLICATE_CLUSTER,"Asia session level swept during London/NewYork, closed-bar reclaim within frozen window"
SSR|ASIA_HIGH|20260122|1769080200|FINAL,SSRP|ASIA_HIGH|20260122|1769080200|FINAL,true,MSZZC1|6:XAUUSD|1:5|2:-1|1:4|18:ASIA_HIGH|20260122,,,,,,false,,,REJECT_DUPLICATE_CLUSTER,"Asia session level swept during London/NewYork, closed-bar reclaim within frozen window"
SSR|ASIA_HIGH|20260122|1769089500|FINAL,SSRP|ASIA_HIGH|20260122|1769089500|FINAL,true,MSZZC1|6:XAUUSD|1:5|2:-1|1:4|18:ASIA_HIGH|20260122,,,,,,false,,,REJECT_DUPLICATE_CLUSTER,"Asia session level swept during London/NewYork, closed-bar reclaim within frozen window"
SSR|ASIA_HIGH|20260122|1769090100|FINAL,SSRP|ASIA_HIGH|20260122|1769090100|FINAL,true,MSZZC1|6:XAUUSD|1:5|2:-1|1:4|18:ASIA_HIGH|20260122,,,,,,false,,,REJECT_DUPLICATE_CLUSTER,"Asia session level swept during London/NewYork, closed-bar reclaim within frozen window"
SSR|ASIA_HIGH|20260122|1769095500|FINAL,SSRP|ASIA_HIGH|20260122|1769095500|FINAL,true,MSZZC1|6:XAUUSD|1:5|2:-1|1:4|18:ASIA_HIGH|20260122,,,,,,false,,,REJECT_DUPLICATE_CLUSTER,"Asia session level swept during London/NewYork, closed-bar reclaim within frozen window"
SSR|ASIA_LOW|20260123|1769176500|FINAL,SSRP|ASIA_LOW|20260123|1769176500|FINAL,true,MSZZC1|6:XAUUSD|1:5|1:1|1:4|17:ASIA_LOW|20260123,MSZZC1|6:XAUUSD|1:5|1:1|1:4|17:ASIA_LOW|20260123,530,530,530,531,true,2.0000,2.0000000000000573,EXECUTED,broker-executed
SSR|ASIA_LOW|20260123|1769177100|FINAL,SSRP|ASIA_LOW|20260123|1769177100|FINAL,true,MSZZC1|6:XAUUSD|1:5|1:1|1:4|17:ASIA_LOW|20260123,,,,,,false,,,REJECT_DUPLICATE_CLUSTER,"Asia session level swept during London/NewYork, closed-bar reclaim within frozen window"
SSR|ASIA_LOW|20260123|1769181600|FINAL,SSRP|ASIA_LOW|20260123|1769181600|FINAL,true,MSZZC1|6:XAUUSD|1:5|1:1|1:4|17:ASIA_LOW|20260123,,,,,,false,,,REJECT_DUPLICATE_CLUSTER,"Asia session level swept during London/NewYork, closed-bar reclaim within frozen window"
SSR|ASIA_LOW|20260123|1769181900|FINAL,SSRP|ASIA_LOW|20260123|1769181900|FINAL,true,MSZZC1|6:XAUUSD|1:5|1:1|1:4|17:ASIA_LOW|20260123,,,,,,false,,,REJECT_DUPLICATE_CLUSTER,"Asia session level swept during London/NewYork, closed-bar reclaim within frozen window"
SSR|ASIA_LOW|20260123|1769182500|FINAL,SSRP|ASIA_LOW|20260123|1769182500|FINAL,true,MSZZC1|6:XAUUSD|1:5|1:1|1:4|17:ASIA_LOW|20260123,,,,,,false,,,REJECT_DUPLICATE_CLUSTER,"Asia session level swept during London/NewYork, closed-bar reclaim within frozen window"
SSR|ASIA_LOW|20260123|1769182800|FINAL,SSRP|ASIA_LOW|20260123|1769182800|FINAL,true,MSZZC1|6:XAUUSD|1:5|1:1|1:4|17:ASIA_LOW|20260123,,,,,,false,,,REJECT_DUPLICATE_CLUSTER,"Asia session level swept during London/NewYork, closed-bar reclaim within frozen window"
SSR|ASIA_HIGH|20260123|1769197800|FINAL,SSRP|ASIA_HIGH|20260123|1769197800|FINAL,true,MSZZC1|6:XAUUSD|1:5|2:-1|1:4|18:ASIA_HIGH|20260123,MSZZC1|6:XAUUSD|1:5|2:-1|1:4|18:ASIA_HIGH|20260123,532,532,532,533,true,-1.0000,-1.0,EXECUTED,broker-executed
SSR|ASIA_HIGH|20260123|1769200500|FINAL,SSRP|ASIA_HIGH|20260123|1769200500|FINAL,true,MSZZC1|6:XAUUSD|1:5|2:-1|1:4|18:ASIA_HIGH|20260123,,,,,,false,,,REJECT_DUPLICATE_CLUSTER,"Asia session level swept during London/NewYork, closed-bar reclaim within frozen window"
SSR|ASIA_HIGH|20260123|1769200800|FINAL,SSRP|ASIA_HIGH|20260123|1769200800|FINAL,true,MSZZC1|6:XAUUSD|1:5|2:-1|1:4|18:ASIA_HIGH|20260123,,,,,,false,,,REJECT_DUPLICATE_CLUSTER,"Asia session level swept during London/NewYork, closed-bar reclaim within frozen window"
SSR|ASIA_HIGH|20260123|1769201400|FINAL,SSRP|ASIA_HIGH|20260123|1769201400|FINAL,true,MSZZC1|6:XAUUSD|1:5|2:-1|1:4|18:ASIA_HIGH|20260123,,,,,,false,,,REJECT_DUPLICATE_CLUSTER,"Asia session level swept during London/NewYork, closed-bar reclaim within frozen window"
SSR|ASIA_HIGH|20260126|1769417400|FINAL,SSRP|ASIA_HIGH|20260126|1769417400|FINAL,true,MSZZC1|6:XAUUSD|1:5|2:-1|1:4|18:ASIA_HIGH|20260126,MSZZC1|6:XAUUSD|1:5|2:-1|1:4|18:ASIA_HIGH|20260126,534,534,534,535,true,2.0000,2.0000000000000537,EXECUTED,broker-executed
SSR|ASIA_HIGH|20260126|1769417700|FINAL,SSRP|ASIA_HIGH|20260126|1769417700|FINAL,true,MSZZC1|6:XAUUSD|1:5|2:-1|1:4|18:ASIA_HIGH|20260126,,,,,,false,,,REJECT_DUPLICATE_CLUSTER,"Asia session level swept during London/NewYork, closed-bar reclaim within frozen window"
SSR|ASIA_HIGH|20260126|1769418900|FINAL,SSRP|ASIA_HIGH|20260126|1769418900|FINAL,true,MSZZC1|6:XAUUSD|1:5|2:-1|1:4|18:ASIA_HIGH|20260126,,,,,,false,,,REJECT_DUPLICATE_CLUSTER,"Asia session level swept during London/NewYork, closed-bar reclaim within frozen window"
SSR|ASIA_HIGH|20260126|1769419200|FINAL,SSRP|ASIA_HIGH|20260126|1769419200|FINAL,true,MSZZC1|6:XAUUSD|1:5|2:-1|1:4|18:ASIA_HIGH|20260126,,,,,,false,,,REJECT_DUPLICATE_CLUSTER,"Asia session level swept during London/NewYork, closed-bar reclaim within frozen window"
SSR|ASIA_HIGH|20260126|1769421600|FINAL,SSRP|ASIA_HIGH|20260126|1769421600|FINAL,true,MSZZC1|6:XAUUSD|1:5|2:-1|1:4|18:ASIA_HIGH|20260126,,,,,,false,,,REJECT_DUPLICATE_CLUSTER,"Asia session level swept during London/NewYork, closed-bar reclaim within frozen window"
SSR|ASIA_HIGH|20260126|1769423700|FINAL,SSRP|ASIA_HIGH|20260126|1769423700|FINAL,true,MSZZC1|6:XAUUSD|1:5|2:-1|1:4|18:ASIA_HIGH|20260126,,,,,,false,,,REJECT_DUPLICATE_CLUSTER,"Asia session level swept during London/NewYork, closed-bar reclaim within frozen window"
SSR|ASIA_HIGH|20260126|1769424300|FINAL,SSRP|ASIA_HIGH|20260126|1769424300|FINAL,true,MSZZC1|6:XAUUSD|1:5|2:-1|1:4|18:ASIA_HIGH|20260126,,,,,,false,,,REJECT_DUPLICATE_CLUSTER,"Asia session level swept during London/NewYork, closed-bar reclaim within frozen window"
SSR|ASIA_HIGH|20260126|1769426100|FINAL,SSRP|ASIA_HIGH|20260126|1769426100|FINAL,true,MSZZC1|6:XAUUSD|1:5|2:-1|1:4|18:ASIA_HIGH|20260126,,,,,,false,,,REJECT_DUPLICATE_CLUSTER,"Asia session level swept during London/NewYork, closed-bar reclaim within frozen window"
SSR|ASIA_HIGH|20260126|1769427000|FINAL,SSRP|ASIA_HIGH|20260126|1769427000|FINAL,true,MSZZC1|6:XAUUSD|1:5|2:-1|1:4|18:ASIA_HIGH|20260126,,,,,,false,,,REJECT_DUPLICATE_CLUSTER,"Asia session level swept during London/NewYork, closed-bar reclaim within frozen window"
SSR|ASIA_HIGH|20260126|1769430900|FINAL,SSRP|ASIA_HIGH|20260126|1769430900|FINAL,true,MSZZC1|6:XAUUSD|1:5|2:-1|1:4|18:ASIA_HIGH|20260126,,,,,,false,,,REJECT_DUPLICATE_CLUSTER,"Asia session level swept during London/NewYork, closed-bar reclaim within frozen window"
SSR|ASIA_HIGH|20260126|1769431500|FINAL,SSRP|ASIA_HIGH|20260126|1769431500|FINAL,true,MSZZC1|6:XAUUSD|1:5|2:-1|1:4|18:ASIA_HIGH|20260126,,,,,,false,,,REJECT_DUPLICATE_CLUSTER,"Asia session level swept during London/NewYork, closed-bar reclaim within frozen window"
SSR|ASIA_HIGH|20260126|1769436300|FINAL,SSRP|ASIA_HIGH|20260126|1769436300|FINAL,true,MSZZC1|6:XAUUSD|1:5|2:-1|1:4|18:ASIA_HIGH|20260126,,,,,,false,,,REJECT_DUPLICATE_CLUSTER,"Asia session level swept during London/NewYork, closed-bar reclaim within frozen window"
SSR|ASIA_HIGH|20260126|1769437200|FINAL,SSRP|ASIA_HIGH|20260126|1769437200|FINAL,true,MSZZC1|6:XAUUSD|1:5|2:-1|1:4|18:ASIA_HIGH|20260126,,,,,,false,,,REJECT_DUPLICATE_CLUSTER,"Asia session level swept during London/NewYork, closed-bar reclaim within frozen window"
SSR|ASIA_HIGH|20260126|1769437500|FINAL,SSRP|ASIA_HIGH|20260126|1769437500|FINAL,true,MSZZC1|6:XAUUSD|1:5|2:-1|1:4|18:ASIA_HIGH|20260126,,,,,,false,,,REJECT_DUPLICATE_CLUSTER,"Asia session level swept during London/NewYork, closed-bar reclaim within frozen window"
SSR|ASIA_HIGH|20260126|1769446200|FINAL,SSRP|ASIA_HIGH|20260126|1769446200|FINAL,true,MSZZC1|6:XAUUSD|1:5|2:-1|1:4|18:ASIA_HIGH|20260126,,,,,,false,,,REJECT_DUPLICATE_CLUSTER,"Asia session level swept during London/NewYork, closed-bar reclaim within frozen window"
SSR|ASIA_HIGH|20260126|1769446800|FINAL,SSRP|ASIA_HIGH|20260126|1769446800|FINAL,true,MSZZC1|6:XAUUSD|1:5|2:-1|1:4|18:ASIA_HIGH|20260126,,,,,,false,,,REJECT_DUPLICATE_CLUSTER,"Asia session level swept during London/NewYork, closed-bar reclaim within frozen window"
SSR|ASIA_HIGH|20260126|1769447400|FINAL,SSRP|ASIA_HIGH|20260126|1769447400|FINAL,true,MSZZC1|6:XAUUSD|1:5|2:-1|1:4|18:ASIA_HIGH|20260126,,,,,,false,,,REJECT_DUPLICATE_CLUSTER,"Asia session level swept during London/NewYork, closed-bar reclaim within frozen window"
SSR|ASIA_HIGH|20260126|1769447700|FINAL,SSRP|ASIA_HIGH|20260126|1769447700|FINAL,true,MSZZC1|6:XAUUSD|1:5|2:-1|1:4|18:ASIA_HIGH|20260126,,,,,,false,,,REJECT_DUPLICATE_CLUSTER,"Asia session level swept during London/NewYork, closed-bar reclaim within frozen window"
SSR|ASIA_HIGH|20260126|1769451000|FINAL,SSRP|ASIA_HIGH|20260126|1769451000|FINAL,true,MSZZC1|6:XAUUSD|1:5|2:-1|1:4|18:ASIA_HIGH|20260126,,,,,,false,,,REJECT_DUPLICATE_CLUSTER,"Asia session level swept during London/NewYork, closed-bar reclaim within frozen window"
SSR|ASIA_HIGH|20260126|1769451900|FINAL,SSRP|ASIA_HIGH|20260126|1769451900|FINAL,true,MSZZC1|6:XAUUSD|1:5|2:-1|1:4|18:ASIA_HIGH|20260126,,,,,,false,,,REJECT_DUPLICATE_CLUSTER,"Asia session level swept during London/NewYork, closed-bar reclaim within frozen window"
SSR|ASIA_HIGH|20260126|1769454000|FINAL,SSRP|ASIA_HIGH|20260126|1769454000|FINAL,true,MSZZC1|6:XAUUSD|1:5|2:-1|1:4|18:ASIA_HIGH|20260126,,,,,,false,,,REJECT_DUPLICATE_CLUSTER,"Asia session level swept during London/NewYork, closed-bar reclaim within frozen window"
SSR|ASIA_HIGH|20260126|1769454300|FINAL,SSRP|ASIA_HIGH|20260126|1769454300|FINAL,true,MSZZC1|6:XAUUSD|1:5|2:-1|1:4|18:ASIA_HIGH|20260126,,,,,,false,,,REJECT_DUPLICATE_CLUSTER,"Asia session level swept during London/NewYork, closed-bar reclaim within frozen window"
SSR|ASIA_HIGH|20260126|1769454900|FINAL,SSRP|ASIA_HIGH|20260126|1769454900|FINAL,true,MSZZC1|6:XAUUSD|1:5|2:-1|1:4|18:ASIA_HIGH|20260126,,,,,,false,,,REJECT_DUPLICATE_CLUSTER,"Asia session level swept during London/NewYork, closed-bar reclaim within frozen window"
SSR|ASIA_HIGH|20260126|1769457600|FINAL,SSRP|ASIA_HIGH|20260126|1769457600|FINAL,true,MSZZC1|6:XAUUSD|1:5|2:-1|1:4|18:ASIA_HIGH|20260126,,,,,,false,,,REJECT_DUPLICATE_CLUSTER,"Asia session level swept during London/NewYork, closed-bar reclaim within frozen window"
SSR|ASIA_HIGH|20260126|1769457900|FINAL,SSRP|ASIA_HIGH|20260126|1769457900|FINAL,true,MSZZC1|6:XAUUSD|1:5|2:-1|1:4|18:ASIA_HIGH|20260126,,,,,,false,,,REJECT_DUPLICATE_CLUSTER,"Asia session level swept during London/NewYork, closed-bar reclaim within frozen window"
SSR|ASIA_HIGH|20260127|1769500800|FINAL,SSRP|ASIA_HIGH|20260127|1769500800|FINAL,true,MSZZC1|6:XAUUSD|1:5|2:-1|1:4|18:ASIA_HIGH|20260127,MSZZC1|6:XAUUSD|1:5|2:-1|1:4|18:ASIA_HIGH|20260127,536,536,536,537,true,-1.0000,-1.0,EXECUTED,broker-executed
SSR|ASIA_HIGH|20260127|1769502000|FINAL,SSRP|ASIA_HIGH|20260127|1769502000|FINAL,true,MSZZC1|6:XAUUSD|1:5|2:-1|1:4|18:ASIA_HIGH|20260127,,,,,,false,,,REJECT_DUPLICATE_CLUSTER,"Asia session level swept during London/NewYork, closed-bar reclaim within frozen window"
SSR|ASIA_HIGH|20260127|1769502300|FINAL,SSRP|ASIA_HIGH|20260127|1769502300|FINAL,true,MSZZC1|6:XAUUSD|1:5|2:-1|1:4|18:ASIA_HIGH|20260127,,,,,,false,,,REJECT_DUPLICATE_CLUSTER,"Asia session level swept during London/NewYork, closed-bar reclaim within frozen window"
SSR|ASIA_HIGH|20260127|1769507400|FINAL,SSRP|ASIA_HIGH|20260127|1769507400|FINAL,true,MSZZC1|6:XAUUSD|1:5|2:-1|1:4|18:ASIA_HIGH|20260127,,,,,,false,,,REJECT_DUPLICATE_CLUSTER,"Asia session level swept during London/NewYork, closed-bar reclaim within frozen window"
SSR|ASIA_HIGH|20260127|1769508300|FINAL,SSRP|ASIA_HIGH|20260127|1769508300|FINAL,true,MSZZC1|6:XAUUSD|1:5|2:-1|1:4|18:ASIA_HIGH|20260127,,,,,,false,,,REJECT_DUPLICATE_CLUSTER,"Asia session level swept during London/NewYork, closed-bar reclaim within frozen window"
SSR|ASIA_HIGH|20260127|1769509200|FINAL,SSRP|ASIA_HIGH|20260127|1769509200|FINAL,true,MSZZC1|6:XAUUSD|1:5|2:-1|1:4|18:ASIA_HIGH|20260127,,,,,,false,,,REJECT_DUPLICATE_CLUSTER,"Asia session level swept during London/NewYork, closed-bar reclaim within frozen window"
SSR|ASIA_HIGH|20260127|1769516700|FINAL,SSRP|ASIA_HIGH|20260127|1769516700|FINAL,true,MSZZC1|6:XAUUSD|1:5|2:-1|1:4|18:ASIA_HIGH|20260127,,,,,,false,,,REJECT_DUPLICATE_CLUSTER,"Asia session level swept during London/NewYork, closed-bar reclaim within frozen window"
SSR|ASIA_HIGH|20260127|1769517300|FINAL,SSRP|ASIA_HIGH|20260127|1769517300|FINAL,true,MSZZC1|6:XAUUSD|1:5|2:-1|1:4|18:ASIA_HIGH|20260127,,,,,,false,,,REJECT_DUPLICATE_CLUSTER,"Asia session level swept during London/NewYork, closed-bar reclaim within frozen window"
SSR|ASIA_HIGH|20260127|1769517600|FINAL,SSRP|ASIA_HIGH|20260127|1769517600|FINAL,true,MSZZC1|6:XAUUSD|1:5|2:-1|1:4|18:ASIA_HIGH|20260127,,,,,,false,,,REJECT_DUPLICATE_CLUSTER,"Asia session level swept during London/NewYork, closed-bar reclaim within frozen window"
SSR|ASIA_HIGH|20260127|1769521500|FINAL,SSRP|ASIA_HIGH|20260127|1769521500|FINAL,true,MSZZC1|6:XAUUSD|1:5|2:-1|1:4|18:ASIA_HIGH|20260127,,,,,,false,,,REJECT_DUPLICATE_CLUSTER,"Asia session level swept during London/NewYork, closed-bar reclaim within frozen window"
SSR|ASIA_HIGH|20260127|1769524800|FINAL,SSRP|ASIA_HIGH|20260127|1769524800|FINAL,true,MSZZC1|6:XAUUSD|1:5|2:-1|1:4|18:ASIA_HIGH|20260127,,,,,,false,,,REJECT_DUPLICATE_CLUSTER,"Asia session level swept during London/NewYork, closed-bar reclaim within frozen window"
SSR|ASIA_HIGH|20260127|1769526000|FINAL,SSRP|ASIA_HIGH|20260127|1769526000|FINAL,true,MSZZC1|6:XAUUSD|1:5|2:-1|1:4|18:ASIA_HIGH|20260127,,,,,,false,,,REJECT_DUPLICATE_CLUSTER,"Asia session level swept during London/NewYork, closed-bar reclaim within frozen window"
SSR|ASIA_HIGH|20260127|1769526900|FINAL,SSRP|ASIA_HIGH|20260127|1769526900|FINAL,true,MSZZC1|6:XAUUSD|1:5|2:-1|1:4|18:ASIA_HIGH|20260127,,,,,,false,,,REJECT_DUPLICATE_CLUSTER,"Asia session level swept during London/NewYork, closed-bar reclaim within frozen window"
SSR|ASIA_HIGH|20260127|1769539800|FINAL,SSRP|ASIA_HIGH|20260127|1769539800|FINAL,true,MSZZC1|6:XAUUSD|1:5|2:-1|1:4|18:ASIA_HIGH|20260127,,,,,,false,,,REJECT_DUPLICATE_CLUSTER,"Asia session level swept during London/NewYork, closed-bar reclaim within frozen window"
SSR|ASIA_HIGH|20260127|1769541000|FINAL,SSRP|ASIA_HIGH|20260127|1769541000|FINAL,true,MSZZC1|6:XAUUSD|1:5|2:-1|1:4|18:ASIA_HIGH|20260127,,,,,,false,,,REJECT_DUPLICATE_CLUSTER,"Asia session level swept during London/NewYork, closed-bar reclaim within frozen window"
SSR|ASIA_HIGH|20260127|1769541300|FINAL,SSRP|ASIA_HIGH|20260127|1769541300|FINAL,true,MSZZC1|6:XAUUSD|1:5|2:-1|1:4|18:ASIA_HIGH|20260127,,,,,,false,,,REJECT_DUPLICATE_CLUSTER,"Asia session level swept during London/NewYork, closed-bar reclaim within frozen window"
SSR|ASIA_HIGH|20260127|1769541600|FINAL,SSRP|ASIA_HIGH|20260127|1769541600|FINAL,true,MSZZC1|6:XAUUSD|1:5|2:-1|1:4|18:ASIA_HIGH|20260127,,,,,,false,,,REJECT_DUPLICATE_CLUSTER,"Asia session level swept during London/NewYork, closed-bar reclaim within frozen window"
SSR|ASIA_HIGH|20260127|1769542500|FINAL,SSRP|ASIA_HIGH|20260127|1769542500|FINAL,true,MSZZC1|6:XAUUSD|1:5|2:-1|1:4|18:ASIA_HIGH|20260127,,,,,,false,,,REJECT_DUPLICATE_CLUSTER,"Asia session level swept during London/NewYork, closed-bar reclaim within frozen window"
SSR|ASIA_HIGH|20260127|1769544000|FINAL,SSRP|ASIA_HIGH|20260127|1769544000|FINAL,true,MSZZC1|6:XAUUSD|1:5|2:-1|1:4|18:ASIA_HIGH|20260127,,,,,,false,,,REJECT_DUPLICATE_CLUSTER,"Asia session level swept during London/NewYork, closed-bar reclaim within frozen window"
SSR|ASIA_HIGH|20260127|1769544900|FINAL,SSRP|ASIA_HIGH|20260127|1769544900|FINAL,true,MSZZC1|6:XAUUSD|1:5|2:-1|1:4|18:ASIA_HIGH|20260127,,,,,,false,,,REJECT_DUPLICATE_CLUSTER,"Asia session level swept during London/NewYork, closed-bar reclaim within frozen window"
SSR|ASIA_HIGH|20260128|1769604900|FINAL,SSRP|ASIA_HIGH|20260128|1769604900|FINAL,true,MSZZC1|6:XAUUSD|1:5|2:-1|1:4|18:ASIA_HIGH|20260128,MSZZC1|6:XAUUSD|1:5|2:-1|1:4|18:ASIA_HIGH|20260128,538,538,538,539,true,-1.0000,-1.0,EXECUTED,broker-executed
SSR|ASIA_HIGH|20260128|1769605200|FINAL,SSRP|ASIA_HIGH|20260128|1769605200|FINAL,true,MSZZC1|6:XAUUSD|1:5|2:-1|1:4|18:ASIA_HIGH|20260128,,,,,,false,,,REJECT_DUPLICATE_CLUSTER,"Asia session level swept during London/NewYork, closed-bar reclaim within frozen window"
SSR|ASIA_HIGH|20260128|1769610000|FINAL,SSRP|ASIA_HIGH|20260128|1769610000|FINAL,true,MSZZC1|6:XAUUSD|1:5|2:-1|1:4|18:ASIA_HIGH|20260128,,,,,,false,,,REJECT_DUPLICATE_CLUSTER,"Asia session level swept during London/NewYork, closed-bar reclaim within frozen window"
SSR|ASIA_HIGH|20260128|1769610300|FINAL,SSRP|ASIA_HIGH|20260128|1769610300|FINAL,true,MSZZC1|6:XAUUSD|1:5|2:-1|1:4|18:ASIA_HIGH|20260128,,,,,,false,,,REJECT_DUPLICATE_CLUSTER,"Asia session level swept during London/NewYork, closed-bar reclaim within frozen window"
SSR|ASIA_HIGH|20260128|1769614200|FINAL,SSRP|ASIA_HIGH|20260128|1769614200|FINAL,true,MSZZC1|6:XAUUSD|1:5|2:-1|1:4|18:ASIA_HIGH|20260128,,,,,,false,,,REJECT_DUPLICATE_CLUSTER,"Asia session level swept during London/NewYork, closed-bar reclaim within frozen window"
SSR|ASIA_HIGH|20260128|1769614500|FINAL,SSRP|ASIA_HIGH|20260128|1769614500|FINAL,true,MSZZC1|6:XAUUSD|1:5|2:-1|1:4|18:ASIA_HIGH|20260128,,,,,,false,,,REJECT_DUPLICATE_CLUSTER,"Asia session level swept during London/NewYork, closed-bar reclaim within frozen window"
SSR|ASIA_HIGH|20260128|1769614800|FINAL,SSRP|ASIA_HIGH|20260128|1769614800|FINAL,true,MSZZC1|6:XAUUSD|1:5|2:-1|1:4|18:ASIA_HIGH|20260128,,,,,,false,,,REJECT_DUPLICATE_CLUSTER,"Asia session level swept during London/NewYork, closed-bar reclaim within frozen window"
SSR|ASIA_HIGH|20260128|1769615400|FINAL,SSRP|ASIA_HIGH|20260128|1769615400|FINAL,true,MSZZC1|6:XAUUSD|1:5|2:-1|1:4|18:ASIA_HIGH|20260128,,,,,,false,,,REJECT_DUPLICATE_CLUSTER,"Asia session level swept during London/NewYork, closed-bar reclaim within frozen window"
SSR|ASIA_HIGH|20260128|1769616000|FINAL,SSRP|ASIA_HIGH|20260128|1769616000|FINAL,true,MSZZC1|6:XAUUSD|1:5|2:-1|1:4|18:ASIA_HIGH|20260128,,,,,,false,,,REJECT_DUPLICATE_CLUSTER,"Asia session level swept during London/NewYork, closed-bar reclaim within frozen window"
SSR|ASIA_HIGH|20260128|1769617200|FINAL,SSRP|ASIA_HIGH|20260128|1769617200|FINAL,true,MSZZC1|6:XAUUSD|1:5|2:-1|1:4|18:ASIA_HIGH|20260128,,,,,,false,,,REJECT_DUPLICATE_CLUSTER,"Asia session level swept during London/NewYork, closed-bar reclaim within frozen window"
SSR|ASIA_HIGH|20260128|1769617500|FINAL,SSRP|ASIA_HIGH|20260128|1769617500|FINAL,true,MSZZC1|6:XAUUSD|1:5|2:-1|1:4|18:ASIA_HIGH|20260128,,,,,,false,,,REJECT_DUPLICATE_CLUSTER,"Asia session level swept during London/NewYork, closed-bar reclaim within frozen window"
SSR|ASIA_HIGH|20260128|1769619600|FINAL,SSRP|ASIA_HIGH|20260128|1769619600|FINAL,true,MSZZC1|6:XAUUSD|1:5|2:-1|1:4|18:ASIA_HIGH|20260128,,,,,,false,,,REJECT_DUPLICATE_CLUSTER,"Asia session level swept during London/NewYork, closed-bar reclaim within frozen window"
SSR|ASIA_HIGH|20260128|1769619900|FINAL,SSRP|ASIA_HIGH|20260128|1769619900|FINAL,true,MSZZC1|6:XAUUSD|1:5|2:-1|1:4|18:ASIA_HIGH|20260128,,,,,,false,,,REJECT_DUPLICATE_CLUSTER,"Asia session level swept during London/NewYork, closed-bar reclaim within frozen window"
SSR|ASIA_LOW|20260130|1769769600|FINAL,SSRP|ASIA_LOW|20260130|1769769600|FINAL,true,MSZZC1|6:XAUUSD|1:5|1:1|1:4|17:ASIA_LOW|20260130,MSZZC1|6:XAUUSD|1:5|1:1|1:4|17:ASIA_LOW|20260130,540,540,540,541,true,-1.0000,-1.0,EXECUTED,broker-executed
SSR|ASIA_LOW|20260130|1769769900|FINAL,SSRP|ASIA_LOW|20260130|1769769900|FINAL,true,MSZZC1|6:XAUUSD|1:5|1:1|1:4|17:ASIA_LOW|20260130,,,,,,false,,,REJECT_DUPLICATE_CLUSTER,"Asia session level swept during London/NewYork, closed-bar reclaim within frozen window"
SSR|ASIA_LOW|20260130|1769770500|FINAL,SSRP|ASIA_LOW|20260130|1769770500|FINAL,true,MSZZC1|6:XAUUSD|1:5|1:1|1:4|17:ASIA_LOW|20260130,,,,,,false,,,REJECT_DUPLICATE_CLUSTER,"Asia session level swept during London/NewYork, closed-bar reclaim within frozen window"
SSR|ASIA_LOW|20260130|1769777400|FINAL,SSRP|ASIA_LOW|20260130|1769777400|FINAL,true,MSZZC1|6:XAUUSD|1:5|1:1|1:4|17:ASIA_LOW|20260130,,,,,,false,,,REJECT_DUPLICATE_CLUSTER,"Asia session level swept during London/NewYork, closed-bar reclaim within frozen window"
SSR|ASIA_LOW|20260130|1769778000|FINAL,SSRP|ASIA_LOW|20260130|1769778000|FINAL,true,MSZZC1|6:XAUUSD|1:5|1:1|1:4|17:ASIA_LOW|20260130,,,,,,false,,,REJECT_DUPLICATE_CLUSTER,"Asia session level swept during London/NewYork, closed-bar reclaim within frozen window"
SSR|ASIA_LOW|20260130|1769779500|FINAL,SSRP|ASIA_LOW|20260130|1769779500|FINAL,true,MSZZC1|6:XAUUSD|1:5|1:1|1:4|17:ASIA_LOW|20260130,,,,,,false,,,REJECT_DUPLICATE_CLUSTER,"Asia session level swept during London/NewYork, closed-bar reclaim within frozen window"
SSR|ASIA_LOW|20260130|1769780700|FINAL,SSRP|ASIA_LOW|20260130|1769780700|FINAL,true,MSZZC1|6:XAUUSD|1:5|1:1|1:4|17:ASIA_LOW|20260130,,,,,,false,,,REJECT_DUPLICATE_CLUSTER,"Asia session level swept during London/NewYork, closed-bar reclaim within frozen window"
SSR|ASIA_LOW|20260130|1769781000|FINAL,SSRP|ASIA_LOW|20260130|1769781000|FINAL,true,MSZZC1|6:XAUUSD|1:5|1:1|1:4|17:ASIA_LOW|20260130,,,,,,false,,,REJECT_DUPLICATE_CLUSTER,"Asia session level swept during London/NewYork, closed-bar reclaim within frozen window"
SSR|ASIA_LOW|20260130|1769783700|FINAL,SSRP|ASIA_LOW|20260130|1769783700|FINAL,true,MSZZC1|6:XAUUSD|1:5|1:1|1:4|17:ASIA_LOW|20260130,,,,,,false,,,REJECT_DUPLICATE_CLUSTER,"Asia session level swept during London/NewYork, closed-bar reclaim within frozen window"
SSR|ASIA_LOW|20260202|1770021900|FINAL,SSRP|ASIA_LOW|20260202|1770021900|FINAL,true,MSZZC1|6:XAUUSD|1:5|1:1|1:4|17:ASIA_LOW|20260202,MSZZC1|6:XAUUSD|1:5|1:1|1:4|17:ASIA_LOW|20260202,542,542,542,543,true,1.9999,1.9998709011102476,EXECUTED,broker-executed
SSR|ASIA_LOW|20260202|1770022500|FINAL,SSRP|ASIA_LOW|20260202|1770022500|FINAL,true,MSZZC1|6:XAUUSD|1:5|1:1|1:4|17:ASIA_LOW|20260202,,,,,,false,,,REJECT_DUPLICATE_CLUSTER,"Asia session level swept during London/NewYork, closed-bar reclaim within frozen window"
SSR|ASIA_LOW|20260202|1770022800|FINAL,SSRP|ASIA_LOW|20260202|1770022800|FINAL,true,MSZZC1|6:XAUUSD|1:5|1:1|1:4|17:ASIA_LOW|20260202,,,,,,false,,,REJECT_DUPLICATE_CLUSTER,"Asia session level swept during London/NewYork, closed-bar reclaim within frozen window"
SSR|ASIA_HIGH|20260204|1770199200|FINAL,SSRP|ASIA_HIGH|20260204|1770199200|FINAL,true,MSZZC1|6:XAUUSD|1:5|2:-1|1:4|18:ASIA_HIGH|20260204,MSZZC1|6:XAUUSD|1:5|2:-1|1:4|18:ASIA_HIGH|20260204,544,544,544,545,true,2.0000,2.000000000000137,EXECUTED,broker-executed
SSR|ASIA_LOW|20260204|1770226500|FINAL,SSRP|ASIA_LOW|20260204|1770226500|FINAL,true,MSZZC1|6:XAUUSD|1:5|1:1|1:4|17:ASIA_LOW|20260204,MSZZC1|6:XAUUSD|1:5|1:1|1:4|17:ASIA_LOW|20260204,546,546,546,547,true,-1.0000,-1.0,EXECUTED,broker-executed
SSR|ASIA_LOW|20260204|1770228000|FINAL,SSRP|ASIA_LOW|20260204|1770228000|FINAL,true,MSZZC1|6:XAUUSD|1:5|1:1|1:4|17:ASIA_LOW|20260204,,,,,,false,,,REJECT_DUPLICATE_CLUSTER,"Asia session level swept during London/NewYork, closed-bar reclaim within frozen window"
SSR|ASIA_LOW|20260204|1770229200|FINAL,SSRP|ASIA_LOW|20260204|1770229200|FINAL,true,MSZZC1|6:XAUUSD|1:5|1:1|1:4|17:ASIA_LOW|20260204,,,,,,false,,,REJECT_DUPLICATE_CLUSTER,"Asia session level swept during London/NewYork, closed-bar reclaim within frozen window"
SSR|ASIA_LOW|20260204|1770229500|FINAL,SSRP|ASIA_LOW|20260204|1770229500|FINAL,true,MSZZC1|6:XAUUSD|1:5|1:1|1:4|17:ASIA_LOW|20260204,,,,,,false,,,REJECT_DUPLICATE_CLUSTER,"Asia session level swept during London/NewYork, closed-bar reclaim within frozen window"
SSR|ASIA_LOW|20260204|1770230700|FINAL,SSRP|ASIA_LOW|20260204|1770230700|FINAL,true,MSZZC1|6:XAUUSD|1:5|1:1|1:4|17:ASIA_LOW|20260204,,,,,,false,,,REJECT_DUPLICATE_CLUSTER,"Asia session level swept during London/NewYork, closed-bar reclaim within frozen window"
SSR|ASIA_LOW|20260204|1770231600|FINAL,SSRP|ASIA_LOW|20260204|1770231600|FINAL,true,MSZZC1|6:XAUUSD|1:5|1:1|1:4|17:ASIA_LOW|20260204,,,,,,false,,,REJECT_DUPLICATE_CLUSTER,"Asia session level swept during London/NewYork, closed-bar reclaim within frozen window"
SSR|ASIA_LOW|20260204|1770232200|FINAL,SSRP|ASIA_LOW|20260204|1770232200|FINAL,true,MSZZC1|6:XAUUSD|1:5|1:1|1:4|17:ASIA_LOW|20260204,,,,,,false,,,REJECT_DUPLICATE_CLUSTER,"Asia session level swept during London/NewYork, closed-bar reclaim within frozen window"
SSR|ASIA_LOW|20260204|1770233100|FINAL,SSRP|ASIA_LOW|20260204|1770233100|FINAL,true,MSZZC1|6:XAUUSD|1:5|1:1|1:4|17:ASIA_LOW|20260204,,,,,,false,,,REJECT_DUPLICATE_CLUSTER,"Asia session level swept during London/NewYork, closed-bar reclaim within frozen window"
SSR|ASIA_LOW|20260204|1770235200|FINAL,SSRP|ASIA_LOW|20260204|1770235200|FINAL,true,MSZZC1|6:XAUUSD|1:5|1:1|1:4|17:ASIA_LOW|20260204,,,,,,false,,,REJECT_DUPLICATE_CLUSTER,"Asia session level swept during London/NewYork, closed-bar reclaim within frozen window"
SSR|ASIA_LOW|20260204|1770235500|FINAL,SSRP|ASIA_LOW|20260204|1770235500|FINAL,true,MSZZC1|6:XAUUSD|1:5|1:1|1:4|17:ASIA_LOW|20260204,,,,,,false,,,REJECT_DUPLICATE_CLUSTER,"Asia session level swept during London/NewYork, closed-bar reclaim within frozen window"
SSR|ASIA_LOW|20260204|1770236100|FINAL,SSRP|ASIA_LOW|20260204|1770236100|FINAL,true,MSZZC1|6:XAUUSD|1:5|1:1|1:4|17:ASIA_LOW|20260204,,,,,,false,,,REJECT_DUPLICATE_CLUSTER,"Asia session level swept during London/NewYork, closed-bar reclaim within frozen window"
SSR|ASIA_LOW|20260204|1770237300|FINAL,SSRP|ASIA_LOW|20260204|1770237300|FINAL,true,MSZZC1|6:XAUUSD|1:5|1:1|1:4|17:ASIA_LOW|20260204,,,,,,false,,,REJECT_DUPLICATE_CLUSTER,"Asia session level swept during London/NewYork, closed-bar reclaim within frozen window"
SSR|ASIA_LOW|20260204|1770237600|FINAL,SSRP|ASIA_LOW|20260204|1770237600|FINAL,true,MSZZC1|6:XAUUSD|1:5|1:1|1:4|17:ASIA_LOW|20260204,,,,,,false,,,REJECT_DUPLICATE_CLUSTER,"Asia session level swept during London/NewYork, closed-bar reclaim within frozen window"
SSR|ASIA_HIGH|20260206|1770364800|FINAL,SSRP|ASIA_HIGH|20260206|1770364800|FINAL,true,MSZZC1|6:XAUUSD|1:5|2:-1|1:4|18:ASIA_HIGH|20260206,MSZZC1|6:XAUUSD|1:5|2:-1|1:4|18:ASIA_HIGH|20260206,548,548,548,549,true,-1.0000,-1.0,EXECUTED,broker-executed
SSR|ASIA_HIGH|20260206|1770386700|FINAL,SSRP|ASIA_HIGH|20260206|1770386700|FINAL,true,MSZZC1|6:XAUUSD|1:5|2:-1|1:4|18:ASIA_HIGH|20260206,,,,,,false,,,REJECT_DUPLICATE_CLUSTER,"Asia session level swept during London/NewYork, closed-bar reclaim within frozen window"
SSR|ASIA_HIGH|20260206|1770387000|FINAL,SSRP|ASIA_HIGH|20260206|1770387000|FINAL,true,MSZZC1|6:XAUUSD|1:5|2:-1|1:4|18:ASIA_HIGH|20260206,,,,,,false,,,REJECT_DUPLICATE_CLUSTER,"Asia session level swept during London/NewYork, closed-bar reclaim within frozen window"
SSR|ASIA_HIGH|20260209|1770666600|FINAL,SSRP|ASIA_HIGH|20260209|1770666600|FINAL,true,MSZZC1|6:XAUUSD|1:5|2:-1|1:4|18:ASIA_HIGH|20260209,MSZZC1|6:XAUUSD|1:5|2:-1|1:4|18:ASIA_HIGH|20260209,550,550,550,551,true,-1.0000,-1.0,EXECUTED,broker-executed
SSR|ASIA_HIGH|20260210|1770741000|FINAL,SSRP|ASIA_HIGH|20260210|1770741000|FINAL,true,MSZZC1|6:XAUUSD|1:5|2:-1|1:4|18:ASIA_HIGH|20260210,MSZZC1|6:XAUUSD|1:5|2:-1|1:4|18:ASIA_HIGH|20260210,552,552,552,553,true,1.9994,1.999393571861611,EXECUTED,broker-executed
SSR|ASIA_HIGH|20260211|1770800400|FINAL,SSRP|ASIA_HIGH|20260211|1770800400|FINAL,true,MSZZC1|6:XAUUSD|1:5|2:-1|1:4|18:ASIA_HIGH|20260211,MSZZC1|6:XAUUSD|1:5|2:-1|1:4|18:ASIA_HIGH|20260211,554,554,554,555,true,-1.0000,-1.0,EXECUTED,broker-executed
SSR|ASIA_HIGH|20260211|1770801000|FINAL,SSRP|ASIA_HIGH|20260211|1770801000|FINAL,true,MSZZC1|6:XAUUSD|1:5|2:-1|1:4|18:ASIA_HIGH|20260211,,,,,,false,,,REJECT_DUPLICATE_CLUSTER,"Asia session level swept during London/NewYork, closed-bar reclaim within frozen window"
SSR|ASIA_HIGH|20260211|1770801300|FINAL,SSRP|ASIA_HIGH|20260211|1770801300|FINAL,true,MSZZC1|6:XAUUSD|1:5|2:-1|1:4|18:ASIA_HIGH|20260211,,,,,,false,,,REJECT_DUPLICATE_CLUSTER,"Asia session level swept during London/NewYork, closed-bar reclaim within frozen window"
SSR|ASIA_HIGH|20260211|1770810000|FINAL,SSRP|ASIA_HIGH|20260211|1770810000|FINAL,true,MSZZC1|6:XAUUSD|1:5|2:-1|1:4|18:ASIA_HIGH|20260211,,,,,,false,,,REJECT_DUPLICATE_CLUSTER,"Asia session level swept during London/NewYork, closed-bar reclaim within frozen window"
SSR|ASIA_HIGH|20260211|1770823500|FINAL,SSRP|ASIA_HIGH|20260211|1770823500|FINAL,true,MSZZC1|6:XAUUSD|1:5|2:-1|1:4|18:ASIA_HIGH|20260211,,,,,,false,,,REJECT_DUPLICATE_CLUSTER,"Asia session level swept during London/NewYork, closed-bar reclaim within frozen window"
SSR|ASIA_LOW|20260211|1770823800|FINAL,SSRP|ASIA_LOW|20260211|1770823800|FINAL,true,MSZZC1|6:XAUUSD|1:5|1:1|1:4|17:ASIA_LOW|20260211,MSZZC1|6:XAUUSD|1:5|1:1|1:4|17:ASIA_LOW|20260211,556,556,556,557,true,-1.0000,-1.0,EXECUTED,broker-executed
SSR|ASIA_HIGH|20260211|1770823800|FINAL,SSRP|ASIA_HIGH|20260211|1770823800|FINAL,true,MSZZC1|6:XAUUSD|1:5|2:-1|1:4|18:ASIA_HIGH|20260211,,,,,,false,,,REJECT_DUPLICATE_CLUSTER,"Asia session level swept during London/NewYork, closed-bar reclaim within frozen window"
SSR|ASIA_HIGH|20260211|1770826500|FINAL,SSRP|ASIA_HIGH|20260211|1770826500|FINAL,true,MSZZC1|6:XAUUSD|1:5|2:-1|1:4|18:ASIA_HIGH|20260211,,,,,,false,,,REJECT_DUPLICATE_CLUSTER,"Asia session level swept during London/NewYork, closed-bar reclaim within frozen window"
SSR|ASIA_HIGH|20260211|1770827700|FINAL,SSRP|ASIA_HIGH|20260211|1770827700|FINAL,true,MSZZC1|6:XAUUSD|1:5|2:-1|1:4|18:ASIA_HIGH|20260211,,,,,,false,,,REJECT_DUPLICATE_CLUSTER,"Asia session level swept during London/NewYork, closed-bar reclaim within frozen window"
SSR|ASIA_HIGH|20260211|1770829500|FINAL,SSRP|ASIA_HIGH|20260211|1770829500|FINAL,true,MSZZC1|6:XAUUSD|1:5|2:-1|1:4|18:ASIA_HIGH|20260211,,,,,,false,,,REJECT_DUPLICATE_CLUSTER,"Asia session level swept during London/NewYork, closed-bar reclaim within frozen window"
SSR|ASIA_HIGH|20260211|1770830400|FINAL,SSRP|ASIA_HIGH|20260211|1770830400|FINAL,true,MSZZC1|6:XAUUSD|1:5|2:-1|1:4|18:ASIA_HIGH|20260211,,,,,,false,,,REJECT_DUPLICATE_CLUSTER,"Asia session level swept during London/NewYork, closed-bar reclaim within frozen window"
SSR|ASIA_LOW|20260212|1770915300|FINAL,SSRP|ASIA_LOW|20260212|1770915300|FINAL,true,MSZZC1|6:XAUUSD|1:5|1:1|1:4|17:ASIA_LOW|20260212,,,,,,false,,,REJECT_OWNERSHIP,owned position limit reached count=1
SSR|ASIA_LOW|20260212|1770915600|FINAL,SSRP|ASIA_LOW|20260212|1770915600|FINAL,true,MSZZC1|6:XAUUSD|1:5|1:1|1:4|17:ASIA_LOW|20260212,,,,,,false,,,REJECT_OWNERSHIP,owned position limit reached count=1
SSR|ASIA_HIGH|20260213|1770996600|FINAL,SSRP|ASIA_HIGH|20260213|1770996600|FINAL,true,MSZZC1|6:XAUUSD|1:5|2:-1|1:4|18:ASIA_HIGH|20260213,MSZZC1|6:XAUUSD|1:5|2:-1|1:4|18:ASIA_HIGH|20260213,558,558,558,559,true,2.0000,2.0000000000001195,EXECUTED,broker-executed
SSR|ASIA_HIGH|20260213|1771000200|FINAL,SSRP|ASIA_HIGH|20260213|1771000200|FINAL,true,MSZZC1|6:XAUUSD|1:5|2:-1|1:4|18:ASIA_HIGH|20260213,,,,,,false,,,REJECT_DUPLICATE_CLUSTER,"Asia session level swept during London/NewYork, closed-bar reclaim within frozen window"
SSR|ASIA_HIGH|20260213|1771000500|FINAL,SSRP|ASIA_HIGH|20260213|1771000500|FINAL,true,MSZZC1|6:XAUUSD|1:5|2:-1|1:4|18:ASIA_HIGH|20260213,,,,,,false,,,REJECT_DUPLICATE_CLUSTER,"Asia session level swept during London/NewYork, closed-bar reclaim within frozen window"
SSR|ASIA_HIGH|20260213|1771001100|FINAL,SSRP|ASIA_HIGH|20260213|1771001100|FINAL,true,MSZZC1|6:XAUUSD|1:5|2:-1|1:4|18:ASIA_HIGH|20260213,,,,,,false,,,REJECT_DUPLICATE_CLUSTER,"Asia session level swept during London/NewYork, closed-bar reclaim within frozen window"
SSR|ASIA_HIGH|20260213|1771001400|FINAL,SSRP|ASIA_HIGH|20260213|1771001400|FINAL,true,MSZZC1|6:XAUUSD|1:5|2:-1|1:4|18:ASIA_HIGH|20260213,,,,,,false,,,REJECT_DUPLICATE_CLUSTER,"Asia session level swept during London/NewYork, closed-bar reclaim within frozen window"
SSR|ASIA_HIGH|20260213|1771004400|FINAL,SSRP|ASIA_HIGH|20260213|1771004400|FINAL,true,MSZZC1|6:XAUUSD|1:5|2:-1|1:4|18:ASIA_HIGH|20260213,,,,,,false,,,REJECT_DUPLICATE_CLUSTER,"Asia session level swept during London/NewYork, closed-bar reclaim within frozen window"
SSR|ASIA_HIGH|20260213|1771004700|FINAL,SSRP|ASIA_HIGH|20260213|1771004700|FINAL,true,MSZZC1|6:XAUUSD|1:5|2:-1|1:4|18:ASIA_HIGH|20260213,,,,,,false,,,REJECT_DUPLICATE_CLUSTER,"Asia session level swept during London/NewYork, closed-bar reclaim within frozen window"
SSR|ASIA_HIGH|20260213|1771005000|FINAL,SSRP|ASIA_HIGH|20260213|1771005000|FINAL,true,MSZZC1|6:XAUUSD|1:5|2:-1|1:4|18:ASIA_HIGH|20260213,,,,,,false,,,REJECT_DUPLICATE_CLUSTER,"Asia session level swept during London/NewYork, closed-bar reclaim within frozen window"
SSR|ASIA_LOW|20260217|1771344000|FINAL,SSRP|ASIA_LOW|20260217|1771344000|FINAL,true,MSZZC1|6:XAUUSD|1:5|1:1|1:4|17:ASIA_LOW|20260217,MSZZC1|6:XAUUSD|1:5|1:1|1:4|17:ASIA_LOW|20260217,560,560,560,561,true,0.7892,0.7892016082711201,EXECUTED,broker-executed
SSR|ASIA_LOW|20260217|1771347600|FINAL,SSRP|ASIA_LOW|20260217|1771347600|FINAL,true,MSZZC1|6:XAUUSD|1:5|1:1|1:4|17:ASIA_LOW|20260217,,,,,,false,,,REJECT_DUPLICATE_CLUSTER,"Asia session level swept during London/NewYork, closed-bar reclaim within frozen window"
SSR|ASIA_LOW|20260217|1771348500|FINAL,SSRP|ASIA_LOW|20260217|1771348500|FINAL,true,MSZZC1|6:XAUUSD|1:5|1:1|1:4|17:ASIA_LOW|20260217,,,,,,false,,,REJECT_DUPLICATE_CLUSTER,"Asia session level swept during London/NewYork, closed-bar reclaim within frozen window"
SSR|ASIA_LOW|20260217|1771349400|FINAL,SSRP|ASIA_LOW|20260217|1771349400|FINAL,true,MSZZC1|6:XAUUSD|1:5|1:1|1:4|17:ASIA_LOW|20260217,,,,,,false,,,REJECT_DUPLICATE_CLUSTER,"Asia session level swept during London/NewYork, closed-bar reclaim within frozen window"
SSR|ASIA_LOW|20260217|1771349700|FINAL,SSRP|ASIA_LOW|20260217|1771349700|FINAL,true,MSZZC1|6:XAUUSD|1:5|1:1|1:4|17:ASIA_LOW|20260217,,,,,,false,,,REJECT_DUPLICATE_CLUSTER,"Asia session level swept during London/NewYork, closed-bar reclaim within frozen window"
SSR|ASIA_LOW|20260217|1771355400|FINAL,SSRP|ASIA_LOW|20260217|1771355400|FINAL,true,MSZZC1|6:XAUUSD|1:5|1:1|1:4|17:ASIA_LOW|20260217,,,,,,false,,,REJECT_DUPLICATE_CLUSTER,"Asia session level swept during London/NewYork, closed-bar reclaim within frozen window"
SSR|ASIA_LOW|20260217|1771355700|FINAL,SSRP|ASIA_LOW|20260217|1771355700|FINAL,true,MSZZC1|6:XAUUSD|1:5|1:1|1:4|17:ASIA_LOW|20260217,,,,,,false,,,REJECT_DUPLICATE_CLUSTER,"Asia session level swept during London/NewYork, closed-bar reclaim within frozen window"
SSR|ASIA_LOW|20260217|1771357800|FINAL,SSRP|ASIA_LOW|20260217|1771357800|FINAL,true,MSZZC1|6:XAUUSD|1:5|1:1|1:4|17:ASIA_LOW|20260217,,,,,,false,,,REJECT_DUPLICATE_CLUSTER,"Asia session level swept during London/NewYork, closed-bar reclaim within frozen window"
SSR|ASIA_HIGH|20260218|1771405800|FINAL,SSRP|ASIA_HIGH|20260218|1771405800|FINAL,true,MSZZC1|6:XAUUSD|1:5|2:-1|1:4|18:ASIA_HIGH|20260218,MSZZC1|6:XAUUSD|1:5|2:-1|1:4|18:ASIA_HIGH|20260218,562,562,562,563,true,2.0000,2.0,EXECUTED,broker-executed
SSR|ASIA_HIGH|20260218|1771406700|FINAL,SSRP|ASIA_HIGH|20260218|1771406700|FINAL,true,MSZZC1|6:XAUUSD|1:5|2:-1|1:4|18:ASIA_HIGH|20260218,,,,,,false,,,REJECT_DUPLICATE_CLUSTER,"Asia session level swept during London/NewYork, closed-bar reclaim within frozen window"
SSR|ASIA_HIGH|20260219|1771501800|FINAL,SSRP|ASIA_HIGH|20260219|1771501800|FINAL,true,MSZZC1|6:XAUUSD|1:5|2:-1|1:4|18:ASIA_HIGH|20260219,MSZZC1|6:XAUUSD|1:5|2:-1|1:4|18:ASIA_HIGH|20260219,564,564,564,565,true,2.0000,2.0,EXECUTED,broker-executed
SSR|ASIA_HIGH|20260219|1771502100|FINAL,SSRP|ASIA_HIGH|20260219|1771502100|FINAL,true,MSZZC1|6:XAUUSD|1:5|2:-1|1:4|18:ASIA_HIGH|20260219,,,,,,false,,,REJECT_DUPLICATE_CLUSTER,"Asia session level swept during London/NewYork, closed-bar reclaim within frozen window"
SSR|ASIA_HIGH|20260219|1771527000|FINAL,SSRP|ASIA_HIGH|20260219|1771527000|FINAL,true,MSZZC1|6:XAUUSD|1:5|2:-1|1:4|18:ASIA_HIGH|20260219,,,,,,false,,,REJECT_DUPLICATE_CLUSTER,"Asia session level swept during London/NewYork, closed-bar reclaim within frozen window"
SSR|ASIA_HIGH|20260219|1771527300|FINAL,SSRP|ASIA_HIGH|20260219|1771527300|FINAL,true,MSZZC1|6:XAUUSD|1:5|2:-1|1:4|18:ASIA_HIGH|20260219,,,,,,false,,,REJECT_DUPLICATE_CLUSTER,"Asia session level swept during London/NewYork, closed-bar reclaim within frozen window"
SSR|ASIA_HIGH|20260219|1771528800|FINAL,SSRP|ASIA_HIGH|20260219|1771528800|FINAL,true,MSZZC1|6:XAUUSD|1:5|2:-1|1:4|18:ASIA_HIGH|20260219,,,,,,false,,,REJECT_DUPLICATE_CLUSTER,"Asia session level swept during London/NewYork, closed-bar reclaim within frozen window"
SSR|ASIA_HIGH|20260219|1771529100|FINAL,SSRP|ASIA_HIGH|20260219|1771529100|FINAL,true,MSZZC1|6:XAUUSD|1:5|2:-1|1:4|18:ASIA_HIGH|20260219,,,,,,false,,,REJECT_DUPLICATE_CLUSTER,"Asia session level swept during London/NewYork, closed-bar reclaim within frozen window"
SSR|ASIA_HIGH|20260219|1771542900|FINAL,SSRP|ASIA_HIGH|20260219|1771542900|FINAL,true,MSZZC1|6:XAUUSD|1:5|2:-1|1:4|18:ASIA_HIGH|20260219,,,,,,false,,,REJECT_DUPLICATE_CLUSTER,"Asia session level swept during London/NewYork, closed-bar reclaim within frozen window"
SSR|ASIA_HIGH|20260219|1771544700|FINAL,SSRP|ASIA_HIGH|20260219|1771544700|FINAL,true,MSZZC1|6:XAUUSD|1:5|2:-1|1:4|18:ASIA_HIGH|20260219,,,,,,false,,,REJECT_DUPLICATE_CLUSTER,"Asia session level swept during London/NewYork, closed-bar reclaim within frozen window"
SSR|ASIA_HIGH|20260220|1771574400|FINAL,SSRP|ASIA_HIGH|20260220|1771574400|FINAL,true,MSZZC1|6:XAUUSD|1:5|2:-1|1:4|18:ASIA_HIGH|20260220,MSZZC1|6:XAUUSD|1:5|2:-1|1:4|18:ASIA_HIGH|20260220,566,566,566,567,true,-1.0000,-1.0,EXECUTED,broker-executed
SSR|ASIA_HIGH|20260220|1771578900|FINAL,SSRP|ASIA_HIGH|20260220|1771578900|FINAL,true,MSZZC1|6:XAUUSD|1:5|2:-1|1:4|18:ASIA_HIGH|20260220,,,,,,false,,,REJECT_DUPLICATE_CLUSTER,"Asia session level swept during London/NewYork, closed-bar reclaim within frozen window"
SSR|ASIA_HIGH|20260220|1771579200|FINAL,SSRP|ASIA_HIGH|20260220|1771579200|FINAL,true,MSZZC1|6:XAUUSD|1:5|2:-1|1:4|18:ASIA_HIGH|20260220,,,,,,false,,,REJECT_DUPLICATE_CLUSTER,"Asia session level swept during London/NewYork, closed-bar reclaim within frozen window"
SSR|ASIA_HIGH|20260220|1771580100|FINAL,SSRP|ASIA_HIGH|20260220|1771580100|FINAL,true,MSZZC1|6:XAUUSD|1:5|2:-1|1:4|18:ASIA_HIGH|20260220,,,,,,false,,,REJECT_DUPLICATE_CLUSTER,"Asia session level swept during London/NewYork, closed-bar reclaim within frozen window"
SSR|ASIA_HIGH|20260220|1771580700|FINAL,SSRP|ASIA_HIGH|20260220|1771580700|FINAL,true,MSZZC1|6:XAUUSD|1:5|2:-1|1:4|18:ASIA_HIGH|20260220,,,,,,false,,,REJECT_DUPLICATE_CLUSTER,"Asia session level swept during London/NewYork, closed-bar reclaim within frozen window"
SSR|ASIA_HIGH|20260220|1771581900|FINAL,SSRP|ASIA_HIGH|20260220|1771581900|FINAL,true,MSZZC1|6:XAUUSD|1:5|2:-1|1:4|18:ASIA_HIGH|20260220,,,,,,false,,,REJECT_DUPLICATE_CLUSTER,"Asia session level swept during London/NewYork, closed-bar reclaim within frozen window"
SSR|ASIA_HIGH|20260220|1771596900|FINAL,SSRP|ASIA_HIGH|20260220|1771596900|FINAL,true,MSZZC1|6:XAUUSD|1:5|2:-1|1:4|18:ASIA_HIGH|20260220,,,,,,false,,,REJECT_DUPLICATE_CLUSTER,"Asia session level swept during London/NewYork, closed-bar reclaim within frozen window"
SSR|ASIA_LOW|20260224|1771947300|FINAL,SSRP|ASIA_LOW|20260224|1771947300|FINAL,true,MSZZC1|6:XAUUSD|1:5|1:1|1:4|17:ASIA_LOW|20260224,MSZZC1|6:XAUUSD|1:5|1:1|1:4|17:ASIA_LOW|20260224,568,568,568,569,true,-1.0000,-1.0,EXECUTED,broker-executed
SSR|ASIA_LOW|20260224|1771953900|FINAL,SSRP|ASIA_LOW|20260224|1771953900|FINAL,true,MSZZC1|6:XAUUSD|1:5|1:1|1:4|17:ASIA_LOW|20260224,,,,,,false,,,REJECT_DUPLICATE_CLUSTER,"Asia session level swept during London/NewYork, closed-bar reclaim within frozen window"
SSR|ASIA_LOW|20260224|1771956300|FINAL,SSRP|ASIA_LOW|20260224|1771956300|FINAL,true,MSZZC1|6:XAUUSD|1:5|1:1|1:4|17:ASIA_LOW|20260224,,,,,,false,,,REJECT_DUPLICATE_CLUSTER,"Asia session level swept during London/NewYork, closed-bar reclaim within frozen window"
SSR|ASIA_LOW|20260224|1771956600|FINAL,SSRP|ASIA_LOW|20260224|1771956600|FINAL,true,MSZZC1|6:XAUUSD|1:5|1:1|1:4|17:ASIA_LOW|20260224,,,,,,false,,,REJECT_DUPLICATE_CLUSTER,"Asia session level swept during London/NewYork, closed-bar reclaim within frozen window"
SSR|ASIA_LOW|20260224|1771959300|FINAL,SSRP|ASIA_LOW|20260224|1771959300|FINAL,true,MSZZC1|6:XAUUSD|1:5|1:1|1:4|17:ASIA_LOW|20260224,,,,,,false,,,REJECT_DUPLICATE_CLUSTER,"Asia session level swept during London/NewYork, closed-bar reclaim within frozen window"
SSR|ASIA_LOW|20260224|1771959600|FINAL,SSRP|ASIA_LOW|20260224|1771959600|FINAL,true,MSZZC1|6:XAUUSD|1:5|1:1|1:4|17:ASIA_LOW|20260224,,,,,,false,,,REJECT_DUPLICATE_CLUSTER,"Asia session level swept during London/NewYork, closed-bar reclaim within frozen window"
SSR|ASIA_HIGH|20260225|1772045100|FINAL,SSRP|ASIA_HIGH|20260225|1772045100|FINAL,true,MSZZC1|6:XAUUSD|1:5|2:-1|1:4|18:ASIA_HIGH|20260225,MSZZC1|6:XAUUSD|1:5|2:-1|1:4|18:ASIA_HIGH|20260225,570,570,570,571,true,-1.0000,-1.0,EXECUTED,broker-executed
SSR|ASIA_HIGH|20260225|1772048100|FINAL,SSRP|ASIA_HIGH|20260225|1772048100|FINAL,true,MSZZC1|6:XAUUSD|1:5|2:-1|1:4|18:ASIA_HIGH|20260225,,,,,,false,,,REJECT_DUPLICATE_CLUSTER,"Asia session level swept during London/NewYork, closed-bar reclaim within frozen window"
SSR|ASIA_HIGH|20260225|1772048400|FINAL,SSRP|ASIA_HIGH|20260225|1772048400|FINAL,true,MSZZC1|6:XAUUSD|1:5|2:-1|1:4|18:ASIA_HIGH|20260225,,,,,,false,,,REJECT_DUPLICATE_CLUSTER,"Asia session level swept during London/NewYork, closed-bar reclaim within frozen window"
SSR|ASIA_LOW|20260226|1772123400|FINAL,SSRP|ASIA_LOW|20260226|1772123400|FINAL,true,MSZZC1|6:XAUUSD|1:5|1:1|1:4|17:ASIA_LOW|20260226,MSZZC1|6:XAUUSD|1:5|1:1|1:4|17:ASIA_LOW|20260226,572,572,572,573,true,-1.0000,-1.0,EXECUTED,broker-executed
SSR|ASIA_LOW|20260226|1772126700|FINAL,SSRP|ASIA_LOW|20260226|1772126700|FINAL,true,MSZZC1|6:XAUUSD|1:5|1:1|1:4|17:ASIA_LOW|20260226,,,,,,false,,,REJECT_DUPLICATE_CLUSTER,"Asia session level swept during London/NewYork, closed-bar reclaim within frozen window"
SSR|ASIA_LOW|20260226|1772127300|FINAL,SSRP|ASIA_LOW|20260226|1772127300|FINAL,true,MSZZC1|6:XAUUSD|1:5|1:1|1:4|17:ASIA_LOW|20260226,,,,,,false,,,REJECT_DUPLICATE_CLUSTER,"Asia session level swept during London/NewYork, closed-bar reclaim within frozen window"
SSR|ASIA_HIGH|20260302|1772448600|FINAL,SSRP|ASIA_HIGH|20260302|1772448600|FINAL,true,MSZZC1|6:XAUUSD|1:5|2:-1|1:4|18:ASIA_HIGH|20260302,MSZZC1|6:XAUUSD|1:5|2:-1|1:4|18:ASIA_HIGH|20260302,574,574,574,575,true,-1.0000,-1.0,EXECUTED,broker-executed
SSR|ASIA_HIGH|20260302|1772449500|FINAL,SSRP|ASIA_HIGH|20260302|1772449500|FINAL,true,MSZZC1|6:XAUUSD|1:5|2:-1|1:4|18:ASIA_HIGH|20260302,,,,,,false,,,REJECT_DUPLICATE_CLUSTER,"Asia session level swept during London/NewYork, closed-bar reclaim within frozen window"
SSR|ASIA_HIGH|20260302|1772450100|FINAL,SSRP|ASIA_HIGH|20260302|1772450100|FINAL,true,MSZZC1|6:XAUUSD|1:5|2:-1|1:4|18:ASIA_HIGH|20260302,,,,,,false,,,REJECT_DUPLICATE_CLUSTER,"Asia session level swept during London/NewYork, closed-bar reclaim within frozen window"
SSR|ASIA_HIGH|20260302|1772451900|FINAL,SSRP|ASIA_HIGH|20260302|1772451900|FINAL,true,MSZZC1|6:XAUUSD|1:5|2:-1|1:4|18:ASIA_HIGH|20260302,,,,,,false,,,REJECT_DUPLICATE_CLUSTER,"Asia session level swept during London/NewYork, closed-bar reclaim within frozen window"
SSR|ASIA_HIGH|20260302|1772452200|FINAL,SSRP|ASIA_HIGH|20260302|1772452200|FINAL,true,MSZZC1|6:XAUUSD|1:5|2:-1|1:4|18:ASIA_HIGH|20260302,,,,,,false,,,REJECT_DUPLICATE_CLUSTER,"Asia session level swept during London/NewYork, closed-bar reclaim within frozen window"
SSR|ASIA_HIGH|20260302|1772452500|FINAL,SSRP|ASIA_HIGH|20260302|1772452500|FINAL,true,MSZZC1|6:XAUUSD|1:5|2:-1|1:4|18:ASIA_HIGH|20260302,,,,,,false,,,REJECT_DUPLICATE_CLUSTER,"Asia session level swept during London/NewYork, closed-bar reclaim within frozen window"
SSR|ASIA_HIGH|20260302|1772453400|FINAL,SSRP|ASIA_HIGH|20260302|1772453400|FINAL,true,MSZZC1|6:XAUUSD|1:5|2:-1|1:4|18:ASIA_HIGH|20260302,,,,,,false,,,REJECT_DUPLICATE_CLUSTER,"Asia session level swept during London/NewYork, closed-bar reclaim within frozen window"
SSR|ASIA_HIGH|20260302|1772455200|FINAL,SSRP|ASIA_HIGH|20260302|1772455200|FINAL,true,MSZZC1|6:XAUUSD|1:5|2:-1|1:4|18:ASIA_HIGH|20260302,,,,,,false,,,REJECT_DUPLICATE_CLUSTER,"Asia session level swept during London/NewYork, closed-bar reclaim within frozen window"
SSR|ASIA_HIGH|20260302|1772455800|FINAL,SSRP|ASIA_HIGH|20260302|1772455800|FINAL,true,MSZZC1|6:XAUUSD|1:5|2:-1|1:4|18:ASIA_HIGH|20260302,,,,,,false,,,REJECT_DUPLICATE_CLUSTER,"Asia session level swept during London/NewYork, closed-bar reclaim within frozen window"
SSR|ASIA_HIGH|20260302|1772456400|FINAL,SSRP|ASIA_HIGH|20260302|1772456400|FINAL,true,MSZZC1|6:XAUUSD|1:5|2:-1|1:4|18:ASIA_HIGH|20260302,,,,,,false,,,REJECT_DUPLICATE_CLUSTER,"Asia session level swept during London/NewYork, closed-bar reclaim within frozen window"
SSR|ASIA_HIGH|20260302|1772457300|FINAL,SSRP|ASIA_HIGH|20260302|1772457300|FINAL,true,MSZZC1|6:XAUUSD|1:5|2:-1|1:4|18:ASIA_HIGH|20260302,,,,,,false,,,REJECT_DUPLICATE_CLUSTER,"Asia session level swept during London/NewYork, closed-bar reclaim within frozen window"
SSR|ASIA_HIGH|20260302|1772458200|FINAL,SSRP|ASIA_HIGH|20260302|1772458200|FINAL,true,MSZZC1|6:XAUUSD|1:5|2:-1|1:4|18:ASIA_HIGH|20260302,,,,,,false,,,REJECT_DUPLICATE_CLUSTER,"Asia session level swept during London/NewYork, closed-bar reclaim within frozen window"
SSR|ASIA_HIGH|20260302|1772458800|FINAL,SSRP|ASIA_HIGH|20260302|1772458800|FINAL,true,MSZZC1|6:XAUUSD|1:5|2:-1|1:4|18:ASIA_HIGH|20260302,,,,,,false,,,REJECT_DUPLICATE_CLUSTER,"Asia session level swept during London/NewYork, closed-bar reclaim within frozen window"
SSR|ASIA_HIGH|20260302|1772460600|FINAL,SSRP|ASIA_HIGH|20260302|1772460600|FINAL,true,MSZZC1|6:XAUUSD|1:5|2:-1|1:4|18:ASIA_HIGH|20260302,,,,,,false,,,REJECT_DUPLICATE_CLUSTER,"Asia session level swept during London/NewYork, closed-bar reclaim within frozen window"
SSR|ASIA_HIGH|20260302|1772461200|FINAL,SSRP|ASIA_HIGH|20260302|1772461200|FINAL,true,MSZZC1|6:XAUUSD|1:5|2:-1|1:4|18:ASIA_HIGH|20260302,,,,,,false,,,REJECT_DUPLICATE_CLUSTER,"Asia session level swept during London/NewYork, closed-bar reclaim within frozen window"
SSR|ASIA_HIGH|20260302|1772462100|FINAL,SSRP|ASIA_HIGH|20260302|1772462100|FINAL,true,MSZZC1|6:XAUUSD|1:5|2:-1|1:4|18:ASIA_HIGH|20260302,,,,,,false,,,REJECT_DUPLICATE_CLUSTER,"Asia session level swept during London/NewYork, closed-bar reclaim within frozen window"
SSR|ASIA_HIGH|20260302|1772463900|FINAL,SSRP|ASIA_HIGH|20260302|1772463900|FINAL,true,MSZZC1|6:XAUUSD|1:5|2:-1|1:4|18:ASIA_HIGH|20260302,,,,,,false,,,REJECT_DUPLICATE_CLUSTER,"Asia session level swept during London/NewYork, closed-bar reclaim within frozen window"
SSR|ASIA_HIGH|20260302|1772465700|FINAL,SSRP|ASIA_HIGH|20260302|1772465700|FINAL,true,MSZZC1|6:XAUUSD|1:5|2:-1|1:4|18:ASIA_HIGH|20260302,,,,,,false,,,REJECT_DUPLICATE_CLUSTER,"Asia session level swept during London/NewYork, closed-bar reclaim within frozen window"
SSR|ASIA_LOW|20260302|1772475300|FINAL,SSRP|ASIA_LOW|20260302|1772475300|FINAL,true,MSZZC1|6:XAUUSD|1:5|1:1|1:4|17:ASIA_LOW|20260302,MSZZC1|6:XAUUSD|1:5|1:1|1:4|17:ASIA_LOW|20260302,576,576,576,577,true,1.9997,1.9996546961325892,EXECUTED,broker-executed
SSR|ASIA_LOW|20260302|1772475900|FINAL,SSRP|ASIA_LOW|20260302|1772475900|FINAL,true,MSZZC1|6:XAUUSD|1:5|1:1|1:4|17:ASIA_LOW|20260302,,,,,,false,,,REJECT_DUPLICATE_CLUSTER,"Asia session level swept during London/NewYork, closed-bar reclaim within frozen window"
SSR|ASIA_LOW|20260302|1772477700|FINAL,SSRP|ASIA_LOW|20260302|1772477700|FINAL,true,MSZZC1|6:XAUUSD|1:5|1:1|1:4|17:ASIA_LOW|20260302,,,,,,false,,,REJECT_DUPLICATE_CLUSTER,"Asia session level swept during London/NewYork, closed-bar reclaim within frozen window"
SSR|ASIA_LOW|20260302|1772478300|FINAL,SSRP|ASIA_LOW|20260302|1772478300|FINAL,true,MSZZC1|6:XAUUSD|1:5|1:1|1:4|17:ASIA_LOW|20260302,,,,,,false,,,REJECT_DUPLICATE_CLUSTER,"Asia session level swept during London/NewYork, closed-bar reclaim within frozen window"
SSR|ASIA_LOW|20260302|1772479200|FINAL,SSRP|ASIA_LOW|20260302|1772479200|FINAL,true,MSZZC1|6:XAUUSD|1:5|1:1|1:4|17:ASIA_LOW|20260302,,,,,,false,,,REJECT_DUPLICATE_CLUSTER,"Asia session level swept during London/NewYork, closed-bar reclaim within frozen window"
SSR|ASIA_LOW|20260302|1772481000|FINAL,SSRP|ASIA_LOW|20260302|1772481000|FINAL,true,MSZZC1|6:XAUUSD|1:5|1:1|1:4|17:ASIA_LOW|20260302,,,,,,false,,,REJECT_DUPLICATE_CLUSTER,"Asia session level swept during London/NewYork, closed-bar reclaim within frozen window"
SSR|ASIA_LOW|20260302|1772483700|FINAL,SSRP|ASIA_LOW|20260302|1772483700|FINAL,true,MSZZC1|6:XAUUSD|1:5|1:1|1:4|17:ASIA_LOW|20260302,,,,,,false,,,REJECT_DUPLICATE_CLUSTER,"Asia session level swept during London/NewYork, closed-bar reclaim within frozen window"
SSR|ASIA_LOW|20260303|1772525400|FINAL,SSRP|ASIA_LOW|20260303|1772525400|FINAL,true,MSZZC1|6:XAUUSD|1:5|1:1|1:4|17:ASIA_LOW|20260303,MSZZC1|6:XAUUSD|1:5|1:1|1:4|17:ASIA_LOW|20260303,578,578,578,579,true,-1.0000,-1.0,EXECUTED,broker-executed
SSR|ASIA_LOW|20260303|1772526900|FINAL,SSRP|ASIA_LOW|20260303|1772526900|FINAL,true,MSZZC1|6:XAUUSD|1:5|1:1|1:4|17:ASIA_LOW|20260303,,,,,,false,,,REJECT_DUPLICATE_CLUSTER,"Asia session level swept during London/NewYork, closed-bar reclaim within frozen window"
SSR|ASIA_LOW|20260303|1772527800|FINAL,SSRP|ASIA_LOW|20260303|1772527800|FINAL,true,MSZZC1|6:XAUUSD|1:5|1:1|1:4|17:ASIA_LOW|20260303,,,,,,false,,,REJECT_DUPLICATE_CLUSTER,"Asia session level swept during London/NewYork, closed-bar reclaim within frozen window"
SSR|ASIA_LOW|20260303|1772528100|FINAL,SSRP|ASIA_LOW|20260303|1772528100|FINAL,true,MSZZC1|6:XAUUSD|1:5|1:1|1:4|17:ASIA_LOW|20260303,,,,,,false,,,REJECT_DUPLICATE_CLUSTER,"Asia session level swept during London/NewYork, closed-bar reclaim within frozen window"
SSR|ASIA_LOW|20260303|1772534100|FINAL,SSRP|ASIA_LOW|20260303|1772534100|FINAL,true,MSZZC1|6:XAUUSD|1:5|1:1|1:4|17:ASIA_LOW|20260303,,,,,,false,,,REJECT_DUPLICATE_CLUSTER,"Asia session level swept during London/NewYork, closed-bar reclaim within frozen window"
SSR|ASIA_HIGH|20260304|1772626200|FINAL,SSRP|ASIA_HIGH|20260304|1772626200|FINAL,true,MSZZC1|6:XAUUSD|1:5|2:-1|1:4|18:ASIA_HIGH|20260304,MSZZC1|6:XAUUSD|1:5|2:-1|1:4|18:ASIA_HIGH|20260304,580,580,580,581,true,-1.0000,-1.0,EXECUTED,broker-executed
SSR|ASIA_HIGH|20260304|1772626800|FINAL,SSRP|ASIA_HIGH|20260304|1772626800|FINAL,true,MSZZC1|6:XAUUSD|1:5|2:-1|1:4|18:ASIA_HIGH|20260304,,,,,,false,,,REJECT_DUPLICATE_CLUSTER,"Asia session level swept during London/NewYork, closed-bar reclaim within frozen window"
SSR|ASIA_HIGH|20260304|1772627100|FINAL,SSRP|ASIA_HIGH|20260304|1772627100|FINAL,true,MSZZC1|6:XAUUSD|1:5|2:-1|1:4|18:ASIA_HIGH|20260304,,,,,,false,,,REJECT_DUPLICATE_CLUSTER,"Asia session level swept during London/NewYork, closed-bar reclaim within frozen window"
SSR|ASIA_HIGH|20260304|1772633400|FINAL,SSRP|ASIA_HIGH|20260304|1772633400|FINAL,true,MSZZC1|6:XAUUSD|1:5|2:-1|1:4|18:ASIA_HIGH|20260304,,,,,,false,,,REJECT_DUPLICATE_CLUSTER,"Asia session level swept during London/NewYork, closed-bar reclaim within frozen window"
SSR|ASIA_HIGH|20260304|1772633700|FINAL,SSRP|ASIA_HIGH|20260304|1772633700|FINAL,true,MSZZC1|6:XAUUSD|1:5|2:-1|1:4|18:ASIA_HIGH|20260304,,,,,,false,,,REJECT_DUPLICATE_CLUSTER,"Asia session level swept during London/NewYork, closed-bar reclaim within frozen window"
SSR|ASIA_HIGH|20260304|1772637000|FINAL,SSRP|ASIA_HIGH|20260304|1772637000|FINAL,true,MSZZC1|6:XAUUSD|1:5|2:-1|1:4|18:ASIA_HIGH|20260304,,,,,,false,,,REJECT_DUPLICATE_CLUSTER,"Asia session level swept during London/NewYork, closed-bar reclaim within frozen window"
SSR|ASIA_HIGH|20260304|1772637300|FINAL,SSRP|ASIA_HIGH|20260304|1772637300|FINAL,true,MSZZC1|6:XAUUSD|1:5|2:-1|1:4|18:ASIA_HIGH|20260304,,,,,,false,,,REJECT_DUPLICATE_CLUSTER,"Asia session level swept during London/NewYork, closed-bar reclaim within frozen window"
SSR|ASIA_HIGH|20260304|1772637900|FINAL,SSRP|ASIA_HIGH|20260304|1772637900|FINAL,true,MSZZC1|6:XAUUSD|1:5|2:-1|1:4|18:ASIA_HIGH|20260304,,,,,,false,,,REJECT_DUPLICATE_CLUSTER,"Asia session level swept during London/NewYork, closed-bar reclaim within frozen window"
SSR|ASIA_HIGH|20260304|1772638200|FINAL,SSRP|ASIA_HIGH|20260304|1772638200|FINAL,true,MSZZC1|6:XAUUSD|1:5|2:-1|1:4|18:ASIA_HIGH|20260304,,,,,,false,,,REJECT_DUPLICATE_CLUSTER,"Asia session level swept during London/NewYork, closed-bar reclaim within frozen window"
SSR|ASIA_HIGH|20260304|1772639100|FINAL,SSRP|ASIA_HIGH|20260304|1772639100|FINAL,true,MSZZC1|6:XAUUSD|1:5|2:-1|1:4|18:ASIA_HIGH|20260304,,,,,,false,,,REJECT_DUPLICATE_CLUSTER,"Asia session level swept during London/NewYork, closed-bar reclaim within frozen window"
SSR|ASIA_LOW|20260305|1772698500|FINAL,SSRP|ASIA_LOW|20260305|1772698500|FINAL,true,MSZZC1|6:XAUUSD|1:5|1:1|1:4|17:ASIA_LOW|20260305,MSZZC1|6:XAUUSD|1:5|1:1|1:4|17:ASIA_LOW|20260305,582,582,582,583,true,-1.0000,-1.0,EXECUTED,broker-executed
SSR|ASIA_LOW|20260305|1772699400|FINAL,SSRP|ASIA_LOW|20260305|1772699400|FINAL,true,MSZZC1|6:XAUUSD|1:5|1:1|1:4|17:ASIA_LOW|20260305,,,,,,false,,,REJECT_DUPLICATE_CLUSTER,"Asia session level swept during London/NewYork, closed-bar reclaim within frozen window"
SSR|ASIA_LOW|20260305|1772699700|FINAL,SSRP|ASIA_LOW|20260305|1772699700|FINAL,true,MSZZC1|6:XAUUSD|1:5|1:1|1:4|17:ASIA_LOW|20260305,,,,,,false,,,REJECT_DUPLICATE_CLUSTER,"Asia session level swept during London/NewYork, closed-bar reclaim within frozen window"
SSR|ASIA_LOW|20260305|1772705700|FINAL,SSRP|ASIA_LOW|20260305|1772705700|FINAL,true,MSZZC1|6:XAUUSD|1:5|1:1|1:4|17:ASIA_LOW|20260305,,,,,,false,,,REJECT_DUPLICATE_CLUSTER,"Asia session level swept during London/NewYork, closed-bar reclaim within frozen window"
SSR|ASIA_LOW|20260305|1772706000|FINAL,SSRP|ASIA_LOW|20260305|1772706000|FINAL,true,MSZZC1|6:XAUUSD|1:5|1:1|1:4|17:ASIA_LOW|20260305,,,,,,false,,,REJECT_DUPLICATE_CLUSTER,"Asia session level swept during London/NewYork, closed-bar reclaim within frozen window"
SSR|ASIA_LOW|20260305|1772706600|FINAL,SSRP|ASIA_LOW|20260305|1772706600|FINAL,true,MSZZC1|6:XAUUSD|1:5|1:1|1:4|17:ASIA_LOW|20260305,,,,,,false,,,REJECT_DUPLICATE_CLUSTER,"Asia session level swept during London/NewYork, closed-bar reclaim within frozen window"
SSR|ASIA_LOW|20260306|1772805300|FINAL,SSRP|ASIA_LOW|20260306|1772805300|FINAL,true,MSZZC1|6:XAUUSD|1:5|1:1|1:4|17:ASIA_LOW|20260306,MSZZC1|6:XAUUSD|1:5|1:1|1:4|17:ASIA_LOW|20260306,584,584,584,585,true,2.0000,2.0000000000000453,EXECUTED,broker-executed
SSR|ASIA_LOW|20260306|1772809500|FINAL,SSRP|ASIA_LOW|20260306|1772809500|FINAL,true,MSZZC1|6:XAUUSD|1:5|1:1|1:4|17:ASIA_LOW|20260306,,,,,,false,,,REJECT_DUPLICATE_CLUSTER,"Asia session level swept during London/NewYork, closed-bar reclaim within frozen window"
SSR|ASIA_HIGH|20260306|1772818800|FINAL,SSRP|ASIA_HIGH|20260306|1772818800|FINAL,true,MSZZC1|6:XAUUSD|1:5|2:-1|1:4|18:ASIA_HIGH|20260306,MSZZC1|6:XAUUSD|1:5|2:-1|1:4|18:ASIA_HIGH|20260306,586,586,586,587,true,-1.0000,-1.0,EXECUTED,broker-executed
SSR|ASIA_HIGH|20260306|1772819400|FINAL,SSRP|ASIA_HIGH|20260306|1772819400|FINAL,true,MSZZC1|6:XAUUSD|1:5|2:-1|1:4|18:ASIA_HIGH|20260306,,,,,,false,,,REJECT_DUPLICATE_CLUSTER,"Asia session level swept during London/NewYork, closed-bar reclaim within frozen window"
SSR|ASIA_HIGH|20260306|1772819700|FINAL,SSRP|ASIA_HIGH|20260306|1772819700|FINAL,true,MSZZC1|6:XAUUSD|1:5|2:-1|1:4|18:ASIA_HIGH|20260306,,,,,,false,,,REJECT_DUPLICATE_CLUSTER,"Asia session level swept during London/NewYork, closed-bar reclaim within frozen window"
SSR|ASIA_HIGH|20260306|1772821200|FINAL,SSRP|ASIA_HIGH|20260306|1772821200|FINAL,true,MSZZC1|6:XAUUSD|1:5|2:-1|1:4|18:ASIA_HIGH|20260306,,,,,,false,,,REJECT_DUPLICATE_CLUSTER,"Asia session level swept during London/NewYork, closed-bar reclaim within frozen window"
SSR|ASIA_HIGH|20260306|1772821800|FINAL,SSRP|ASIA_HIGH|20260306|1772821800|FINAL,true,MSZZC1|6:XAUUSD|1:5|2:-1|1:4|18:ASIA_HIGH|20260306,,,,,,false,,,REJECT_DUPLICATE_CLUSTER,"Asia session level swept during London/NewYork, closed-bar reclaim within frozen window"
SSR|ASIA_HIGH|20260306|1772822700|FINAL,SSRP|ASIA_HIGH|20260306|1772822700|FINAL,true,MSZZC1|6:XAUUSD|1:5|2:-1|1:4|18:ASIA_HIGH|20260306,,,,,,false,,,REJECT_DUPLICATE_CLUSTER,"Asia session level swept during London/NewYork, closed-bar reclaim within frozen window"
SSR|ASIA_HIGH|20260306|1772823000|FINAL,SSRP|ASIA_HIGH|20260306|1772823000|FINAL,true,MSZZC1|6:XAUUSD|1:5|2:-1|1:4|18:ASIA_HIGH|20260306,,,,,,false,,,REJECT_DUPLICATE_CLUSTER,"Asia session level swept during London/NewYork, closed-bar reclaim within frozen window"
SSR|ASIA_HIGH|20260306|1772825400|FINAL,SSRP|ASIA_HIGH|20260306|1772825400|FINAL,true,MSZZC1|6:XAUUSD|1:5|2:-1|1:4|18:ASIA_HIGH|20260306,,,,,,false,,,REJECT_DUPLICATE_CLUSTER,"Asia session level swept during London/NewYork, closed-bar reclaim within frozen window"
SSR|ASIA_HIGH|20260306|1772826000|FINAL,SSRP|ASIA_HIGH|20260306|1772826000|FINAL,true,MSZZC1|6:XAUUSD|1:5|2:-1|1:4|18:ASIA_HIGH|20260306,,,,,,false,,,REJECT_DUPLICATE_CLUSTER,"Asia session level swept during London/NewYork, closed-bar reclaim within frozen window"
SSR|ASIA_HIGH|20260310|1773143100|FINAL,SSRP|ASIA_HIGH|20260310|1773143100|FINAL,true,MSZZC1|6:XAUUSD|1:5|2:-1|1:4|18:ASIA_HIGH|20260310,MSZZC1|6:XAUUSD|1:5|2:-1|1:4|18:ASIA_HIGH|20260310,588,588,588,589,true,1.9991,1.9991401547722787,EXECUTED,broker-executed
SSR|ASIA_HIGH|20260310|1773143700|FINAL,SSRP|ASIA_HIGH|20260310|1773143700|FINAL,true,MSZZC1|6:XAUUSD|1:5|2:-1|1:4|18:ASIA_HIGH|20260310,,,,,,false,,,REJECT_DUPLICATE_CLUSTER,"Asia session level swept during London/NewYork, closed-bar reclaim within frozen window"
SSR|ASIA_HIGH|20260310|1773144600|FINAL,SSRP|ASIA_HIGH|20260310|1773144600|FINAL,true,MSZZC1|6:XAUUSD|1:5|2:-1|1:4|18:ASIA_HIGH|20260310,,,,,,false,,,REJECT_DUPLICATE_CLUSTER,"Asia session level swept during London/NewYork, closed-bar reclaim within frozen window"
SSR|ASIA_HIGH|20260310|1773144900|FINAL,SSRP|ASIA_HIGH|20260310|1773144900|FINAL,true,MSZZC1|6:XAUUSD|1:5|2:-1|1:4|18:ASIA_HIGH|20260310,,,,,,false,,,REJECT_DUPLICATE_CLUSTER,"Asia session level swept during London/NewYork, closed-bar reclaim within frozen window"
SSR|ASIA_HIGH|20260310|1773145800|FINAL,SSRP|ASIA_HIGH|20260310|1773145800|FINAL,true,MSZZC1|6:XAUUSD|1:5|2:-1|1:4|18:ASIA_HIGH|20260310,,,,,,false,,,REJECT_DUPLICATE_CLUSTER,"Asia session level swept during London/NewYork, closed-bar reclaim within frozen window"
SSR|ASIA_HIGH|20260310|1773146700|FINAL,SSRP|ASIA_HIGH|20260310|1773146700|FINAL,true,MSZZC1|6:XAUUSD|1:5|2:-1|1:4|18:ASIA_HIGH|20260310,,,,,,false,,,REJECT_DUPLICATE_CLUSTER,"Asia session level swept during London/NewYork, closed-bar reclaim within frozen window"
SSR|ASIA_HIGH|20260310|1773151500|FINAL,SSRP|ASIA_HIGH|20260310|1773151500|FINAL,true,MSZZC1|6:XAUUSD|1:5|2:-1|1:4|18:ASIA_HIGH|20260310,,,,,,false,,,REJECT_DUPLICATE_CLUSTER,"Asia session level swept during London/NewYork, closed-bar reclaim within frozen window"
SSR|ASIA_HIGH|20260310|1773152400|FINAL,SSRP|ASIA_HIGH|20260310|1773152400|FINAL,true,MSZZC1|6:XAUUSD|1:5|2:-1|1:4|18:ASIA_HIGH|20260310,,,,,,false,,,REJECT_DUPLICATE_CLUSTER,"Asia session level swept during London/NewYork, closed-bar reclaim within frozen window"
SSR|ASIA_HIGH|20260310|1773157500|FINAL,SSRP|ASIA_HIGH|20260310|1773157500|FINAL,true,MSZZC1|6:XAUUSD|1:5|2:-1|1:4|18:ASIA_HIGH|20260310,,,,,,false,,,REJECT_DUPLICATE_CLUSTER,"Asia session level swept during London/NewYork, closed-bar reclaim within frozen window"
SSR|ASIA_HIGH|20260310|1773177000|FINAL,SSRP|ASIA_HIGH|20260310|1773177000|FINAL,true,MSZZC1|6:XAUUSD|1:5|2:-1|1:4|18:ASIA_HIGH|20260310,,,,,,false,,,REJECT_DUPLICATE_CLUSTER,"Asia session level swept during London/NewYork, closed-bar reclaim within frozen window"
SSR|ASIA_HIGH|20260310|1773181500|FINAL,SSRP|ASIA_HIGH|20260310|1773181500|FINAL,true,MSZZC1|6:XAUUSD|1:5|2:-1|1:4|18:ASIA_HIGH|20260310,,,,,,false,,,REJECT_DUPLICATE_CLUSTER,"Asia session level swept during London/NewYork, closed-bar reclaim within frozen window"
SSR|ASIA_LOW|20260311|1773228300|FINAL,SSRP|ASIA_LOW|20260311|1773228300|FINAL,true,MSZZC1|6:XAUUSD|1:5|1:1|1:4|17:ASIA_LOW|20260311,MSZZC1|6:XAUUSD|1:5|1:1|1:4|17:ASIA_LOW|20260311,590,590,590,591,true,-1.0000,-1.0,EXECUTED,broker-executed
SSR|ASIA_LOW|20260311|1773228600|FINAL,SSRP|ASIA_LOW|20260311|1773228600|FINAL,true,MSZZC1|6:XAUUSD|1:5|1:1|1:4|17:ASIA_LOW|20260311,,,,,,false,,,REJECT_DUPLICATE_CLUSTER,"Asia session level swept during London/NewYork, closed-bar reclaim within frozen window"
SSR|ASIA_LOW|20260311|1773229500|FINAL,SSRP|ASIA_LOW|20260311|1773229500|FINAL,true,MSZZC1|6:XAUUSD|1:5|1:1|1:4|17:ASIA_LOW|20260311,,,,,,false,,,REJECT_DUPLICATE_CLUSTER,"Asia session level swept during London/NewYork, closed-bar reclaim within frozen window"
SSR|ASIA_LOW|20260311|1773230700|FINAL,SSRP|ASIA_LOW|20260311|1773230700|FINAL,true,MSZZC1|6:XAUUSD|1:5|1:1|1:4|17:ASIA_LOW|20260311,,,,,,false,,,REJECT_DUPLICATE_CLUSTER,"Asia session level swept during London/NewYork, closed-bar reclaim within frozen window"
SSR|ASIA_LOW|20260311|1773236400|FINAL,SSRP|ASIA_LOW|20260311|1773236400|FINAL,true,MSZZC1|6:XAUUSD|1:5|1:1|1:4|17:ASIA_LOW|20260311,,,,,,false,,,REJECT_DUPLICATE_CLUSTER,"Asia session level swept during London/NewYork, closed-bar reclaim within frozen window"
SSR|ASIA_LOW|20260311|1773236700|FINAL,SSRP|ASIA_LOW|20260311|1773236700|FINAL,true,MSZZC1|6:XAUUSD|1:5|1:1|1:4|17:ASIA_LOW|20260311,,,,,,false,,,REJECT_DUPLICATE_CLUSTER,"Asia session level swept during London/NewYork, closed-bar reclaim within frozen window"
SSR|ASIA_LOW|20260311|1773238500|FINAL,SSRP|ASIA_LOW|20260311|1773238500|FINAL,true,MSZZC1|6:XAUUSD|1:5|1:1|1:4|17:ASIA_LOW|20260311,,,,,,false,,,REJECT_DUPLICATE_CLUSTER,"Asia session level swept during London/NewYork, closed-bar reclaim within frozen window"
SSR|ASIA_LOW|20260311|1773239400|FINAL,SSRP|ASIA_LOW|20260311|1773239400|FINAL,true,MSZZC1|6:XAUUSD|1:5|1:1|1:4|17:ASIA_LOW|20260311,,,,,,false,,,REJECT_DUPLICATE_CLUSTER,"Asia session level swept during London/NewYork, closed-bar reclaim within frozen window"
SSR|ASIA_LOW|20260311|1773240600|FINAL,SSRP|ASIA_LOW|20260311|1773240600|FINAL,true,MSZZC1|6:XAUUSD|1:5|1:1|1:4|17:ASIA_LOW|20260311,,,,,,false,,,REJECT_DUPLICATE_CLUSTER,"Asia session level swept during London/NewYork, closed-bar reclaim within frozen window"
SSR|ASIA_LOW|20260311|1773241200|FINAL,SSRP|ASIA_LOW|20260311|1773241200|FINAL,true,MSZZC1|6:XAUUSD|1:5|1:1|1:4|17:ASIA_LOW|20260311,,,,,,false,,,REJECT_DUPLICATE_CLUSTER,"Asia session level swept during London/NewYork, closed-bar reclaim within frozen window"
SSR|ASIA_LOW|20260311|1773248100|FINAL,SSRP|ASIA_LOW|20260311|1773248100|FINAL,true,MSZZC1|6:XAUUSD|1:5|1:1|1:4|17:ASIA_LOW|20260311,,,,,,false,,,REJECT_DUPLICATE_CLUSTER,"Asia session level swept during London/NewYork, closed-bar reclaim within frozen window"
SSR|ASIA_LOW|20260311|1773248400|FINAL,SSRP|ASIA_LOW|20260311|1773248400|FINAL,true,MSZZC1|6:XAUUSD|1:5|1:1|1:4|17:ASIA_LOW|20260311,,,,,,false,,,REJECT_DUPLICATE_CLUSTER,"Asia session level swept during London/NewYork, closed-bar reclaim within frozen window"
SSR|ASIA_LOW|20260311|1773248700|FINAL,SSRP|ASIA_LOW|20260311|1773248700|FINAL,true,MSZZC1|6:XAUUSD|1:5|1:1|1:4|17:ASIA_LOW|20260311,,,,,,false,,,REJECT_DUPLICATE_CLUSTER,"Asia session level swept during London/NewYork, closed-bar reclaim within frozen window"
SSR|ASIA_LOW|20260311|1773249000|FINAL,SSRP|ASIA_LOW|20260311|1773249000|FINAL,true,MSZZC1|6:XAUUSD|1:5|1:1|1:4|17:ASIA_LOW|20260311,,,,,,false,,,REJECT_DUPLICATE_CLUSTER,"Asia session level swept during London/NewYork, closed-bar reclaim within frozen window"
SSR|ASIA_LOW|20260311|1773250800|FINAL,SSRP|ASIA_LOW|20260311|1773250800|FINAL,true,MSZZC1|6:XAUUSD|1:5|1:1|1:4|17:ASIA_LOW|20260311,,,,,,false,,,REJECT_DUPLICATE_CLUSTER,"Asia session level swept during London/NewYork, closed-bar reclaim within frozen window"
SSR|ASIA_LOW|20260311|1773251100|FINAL,SSRP|ASIA_LOW|20260311|1773251100|FINAL,true,MSZZC1|6:XAUUSD|1:5|1:1|1:4|17:ASIA_LOW|20260311,,,,,,false,,,REJECT_DUPLICATE_CLUSTER,"Asia session level swept during London/NewYork, closed-bar reclaim within frozen window"
SSR|ASIA_HIGH|20260312|1773312300|FINAL,SSRP|ASIA_HIGH|20260312|1773312300|FINAL,true,MSZZC1|6:XAUUSD|1:5|2:-1|1:4|18:ASIA_HIGH|20260312,MSZZC1|6:XAUUSD|1:5|2:-1|1:4|18:ASIA_HIGH|20260312,592,592,592,593,true,-1.0000,-1.0,EXECUTED,broker-executed
SSR|ASIA_HIGH|20260312|1773313200|FINAL,SSRP|ASIA_HIGH|20260312|1773313200|FINAL,true,MSZZC1|6:XAUUSD|1:5|2:-1|1:4|18:ASIA_HIGH|20260312,,,,,,false,,,REJECT_DUPLICATE_CLUSTER,"Asia session level swept during London/NewYork, closed-bar reclaim within frozen window"
SSR|ASIA_HIGH|20260312|1773313800|FINAL,SSRP|ASIA_HIGH|20260312|1773313800|FINAL,true,MSZZC1|6:XAUUSD|1:5|2:-1|1:4|18:ASIA_HIGH|20260312,,,,,,false,,,REJECT_DUPLICATE_CLUSTER,"Asia session level swept during London/NewYork, closed-bar reclaim within frozen window"
SSR|ASIA_HIGH|20260312|1773314100|FINAL,SSRP|ASIA_HIGH|20260312|1773314100|FINAL,true,MSZZC1|6:XAUUSD|1:5|2:-1|1:4|18:ASIA_HIGH|20260312,,,,,,false,,,REJECT_DUPLICATE_CLUSTER,"Asia session level swept during London/NewYork, closed-bar reclaim within frozen window"
SSR|ASIA_HIGH|20260312|1773321000|FINAL,SSRP|ASIA_HIGH|20260312|1773321000|FINAL,true,MSZZC1|6:XAUUSD|1:5|2:-1|1:4|18:ASIA_HIGH|20260312,,,,,,false,,,REJECT_DUPLICATE_CLUSTER,"Asia session level swept during London/NewYork, closed-bar reclaim within frozen window"
SSR|ASIA_HIGH|20260312|1773321900|FINAL,SSRP|ASIA_HIGH|20260312|1773321900|FINAL,true,MSZZC1|6:XAUUSD|1:5|2:-1|1:4|18:ASIA_HIGH|20260312,,,,,,false,,,REJECT_DUPLICATE_CLUSTER,"Asia session level swept during London/NewYork, closed-bar reclaim within frozen window"
SSR|ASIA_HIGH|20260312|1773330600|FINAL,SSRP|ASIA_HIGH|20260312|1773330600|FINAL,true,MSZZC1|6:XAUUSD|1:5|2:-1|1:4|18:ASIA_HIGH|20260312,,,,,,false,,,REJECT_DUPLICATE_CLUSTER,"Asia session level swept during London/NewYork, closed-bar reclaim within frozen window"
SSR|ASIA_HIGH|20260312|1773330900|FINAL,SSRP|ASIA_HIGH|20260312|1773330900|FINAL,true,MSZZC1|6:XAUUSD|1:5|2:-1|1:4|18:ASIA_HIGH|20260312,,,,,,false,,,REJECT_DUPLICATE_CLUSTER,"Asia session level swept during London/NewYork, closed-bar reclaim within frozen window"
SSR|ASIA_HIGH|20260312|1773331200|FINAL,SSRP|ASIA_HIGH|20260312|1773331200|FINAL,true,MSZZC1|6:XAUUSD|1:5|2:-1|1:4|18:ASIA_HIGH|20260312,,,,,,false,,,REJECT_DUPLICATE_CLUSTER,"Asia session level swept during London/NewYork, closed-bar reclaim within frozen window"
SSR|ASIA_HIGH|20260312|1773331500|FINAL,SSRP|ASIA_HIGH|20260312|1773331500|FINAL,true,MSZZC1|6:XAUUSD|1:5|2:-1|1:4|18:ASIA_HIGH|20260312,,,,,,false,,,REJECT_DUPLICATE_CLUSTER,"Asia session level swept during London/NewYork, closed-bar reclaim within frozen window"
SSR|ASIA_HIGH|20260312|1773332100|FINAL,SSRP|ASIA_HIGH|20260312|1773332100|FINAL,true,MSZZC1|6:XAUUSD|1:5|2:-1|1:4|18:ASIA_HIGH|20260312,,,,,,false,,,REJECT_DUPLICATE_CLUSTER,"Asia session level swept during London/NewYork, closed-bar reclaim within frozen window"
SSR|ASIA_LOW|20260312|1773339000|FINAL,SSRP|ASIA_LOW|20260312|1773339000|FINAL,true,MSZZC1|6:XAUUSD|1:5|1:1|1:4|17:ASIA_LOW|20260312,MSZZC1|6:XAUUSD|1:5|1:1|1:4|17:ASIA_LOW|20260312,594,594,594,595,true,-1.0000,-1.0,EXECUTED,broker-executed
SSR|ASIA_LOW|20260312|1773340200|FINAL,SSRP|ASIA_LOW|20260312|1773340200|FINAL,true,MSZZC1|6:XAUUSD|1:5|1:1|1:4|17:ASIA_LOW|20260312,,,,,,false,,,REJECT_DUPLICATE_CLUSTER,"Asia session level swept during London/NewYork, closed-bar reclaim within frozen window"
SSR|ASIA_LOW|20260312|1773340500|FINAL,SSRP|ASIA_LOW|20260312|1773340500|FINAL,true,MSZZC1|6:XAUUSD|1:5|1:1|1:4|17:ASIA_LOW|20260312,,,,,,false,,,REJECT_DUPLICATE_CLUSTER,"Asia session level swept during London/NewYork, closed-bar reclaim within frozen window"
SSR|ASIA_LOW|20260312|1773342300|FINAL,SSRP|ASIA_LOW|20260312|1773342300|FINAL,true,MSZZC1|6:XAUUSD|1:5|1:1|1:4|17:ASIA_LOW|20260312,,,,,,false,,,REJECT_DUPLICATE_CLUSTER,"Asia session level swept during London/NewYork, closed-bar reclaim within frozen window"
SSR|ASIA_LOW|20260312|1773342600|FINAL,SSRP|ASIA_LOW|20260312|1773342600|FINAL,true,MSZZC1|6:XAUUSD|1:5|1:1|1:4|17:ASIA_LOW|20260312,,,,,,false,,,REJECT_DUPLICATE_CLUSTER,"Asia session level swept during London/NewYork, closed-bar reclaim within frozen window"
SSR|ASIA_LOW|20260312|1773345300|FINAL,SSRP|ASIA_LOW|20260312|1773345300|FINAL,true,MSZZC1|6:XAUUSD|1:5|1:1|1:4|17:ASIA_LOW|20260312,,,,,,false,,,REJECT_DUPLICATE_CLUSTER,"Asia session level swept during London/NewYork, closed-bar reclaim within frozen window"
SSR|ASIA_LOW|20260313|1773399600|FINAL,SSRP|ASIA_LOW|20260313|1773399600|FINAL,true,MSZZC1|6:XAUUSD|1:5|1:1|1:4|17:ASIA_LOW|20260313,MSZZC1|6:XAUUSD|1:5|1:1|1:4|17:ASIA_LOW|20260313,596,596,596,597,true,-1.0000,-1.0,EXECUTED,broker-executed
SSR|ASIA_LOW|20260313|1773400200|FINAL,SSRP|ASIA_LOW|20260313|1773400200|FINAL,true,MSZZC1|6:XAUUSD|1:5|1:1|1:4|17:ASIA_LOW|20260313,,,,,,false,,,REJECT_DUPLICATE_CLUSTER,"Asia session level swept during London/NewYork, closed-bar reclaim within frozen window"
SSR|ASIA_LOW|20260313|1773400800|FINAL,SSRP|ASIA_LOW|20260313|1773400800|FINAL,true,MSZZC1|6:XAUUSD|1:5|1:1|1:4|17:ASIA_LOW|20260313,,,,,,false,,,REJECT_DUPLICATE_CLUSTER,"Asia session level swept during London/NewYork, closed-bar reclaim within frozen window"
SSR|ASIA_LOW|20260313|1773401400|FINAL,SSRP|ASIA_LOW|20260313|1773401400|FINAL,true,MSZZC1|6:XAUUSD|1:5|1:1|1:4|17:ASIA_LOW|20260313,,,,,,false,,,REJECT_DUPLICATE_CLUSTER,"Asia session level swept during London/NewYork, closed-bar reclaim within frozen window"
SSR|ASIA_HIGH|20260316|1773652500|FINAL,SSRP|ASIA_HIGH|20260316|1773652500|FINAL,true,MSZZC1|6:XAUUSD|1:5|2:-1|1:4|18:ASIA_HIGH|20260316,MSZZC1|6:XAUUSD|1:5|2:-1|1:4|18:ASIA_HIGH|20260316,598,598,598,599,true,2.0000,1.999999999999892,EXECUTED,broker-executed
SSR|ASIA_HIGH|20260316|1773652800|FINAL,SSRP|ASIA_HIGH|20260316|1773652800|FINAL,true,MSZZC1|6:XAUUSD|1:5|2:-1|1:4|18:ASIA_HIGH|20260316,,,,,,false,,,REJECT_DUPLICATE_CLUSTER,"Asia session level swept during London/NewYork, closed-bar reclaim within frozen window"
SSR|ASIA_HIGH|20260316|1773678900|FINAL,SSRP|ASIA_HIGH|20260316|1773678900|FINAL,true,MSZZC1|6:XAUUSD|1:5|2:-1|1:4|18:ASIA_HIGH|20260316,,,,,,false,,,REJECT_DUPLICATE_CLUSTER,"Asia session level swept during London/NewYork, closed-bar reclaim within frozen window"
SSR|ASIA_HIGH|20260316|1773679500|FINAL,SSRP|ASIA_HIGH|20260316|1773679500|FINAL,true,MSZZC1|6:XAUUSD|1:5|2:-1|1:4|18:ASIA_HIGH|20260316,,,,,,false,,,REJECT_DUPLICATE_CLUSTER,"Asia session level swept during London/NewYork, closed-bar reclaim within frozen window"
SSR|ASIA_HIGH|20260316|1773680400|FINAL,SSRP|ASIA_HIGH|20260316|1773680400|FINAL,true,MSZZC1|6:XAUUSD|1:5|2:-1|1:4|18:ASIA_HIGH|20260316,,,,,,false,,,REJECT_DUPLICATE_CLUSTER,"Asia session level swept during London/NewYork, closed-bar reclaim within frozen window"
SSR|ASIA_HIGH|20260316|1773681000|FINAL,SSRP|ASIA_HIGH|20260316|1773681000|FINAL,true,MSZZC1|6:XAUUSD|1:5|2:-1|1:4|18:ASIA_HIGH|20260316,,,,,,false,,,REJECT_DUPLICATE_CLUSTER,"Asia session level swept during London/NewYork, closed-bar reclaim within frozen window"
SSR|ASIA_HIGH|20260317|1773735300|FINAL,SSRP|ASIA_HIGH|20260317|1773735300|FINAL,true,MSZZC1|6:XAUUSD|1:5|2:-1|1:4|18:ASIA_HIGH|20260317,MSZZC1|6:XAUUSD|1:5|2:-1|1:4|18:ASIA_HIGH|20260317,600,600,600,601,true,2.0000,2.000000000000111,EXECUTED,broker-executed
SSR|ASIA_LOW|20260317|1773754800|FINAL,SSRP|ASIA_LOW|20260317|1773754800|FINAL,true,MSZZC1|6:XAUUSD|1:5|1:1|1:4|17:ASIA_LOW|20260317,MSZZC1|6:XAUUSD|1:5|1:1|1:4|17:ASIA_LOW|20260317,602,602,602,603,true,2.0000,2.0000000000001377,EXECUTED,broker-executed
SSR|ASIA_LOW|20260317|1773772800|FINAL,SSRP|ASIA_LOW|20260317|1773772800|FINAL,true,MSZZC1|6:XAUUSD|1:5|1:1|1:4|17:ASIA_LOW|20260317,,,,,,false,,,REJECT_DUPLICATE_CLUSTER,"Asia session level swept during London/NewYork, closed-bar reclaim within frozen window"
SSR|ASIA_LOW|20260317|1773773400|FINAL,SSRP|ASIA_LOW|20260317|1773773400|FINAL,true,MSZZC1|6:XAUUSD|1:5|1:1|1:4|17:ASIA_LOW|20260317,,,,,,false,,,REJECT_DUPLICATE_CLUSTER,"Asia session level swept during London/NewYork, closed-bar reclaim within frozen window"
SSR|ASIA_LOW|20260317|1773774000|FINAL,SSRP|ASIA_LOW|20260317|1773774000|FINAL,true,MSZZC1|6:XAUUSD|1:5|1:1|1:4|17:ASIA_LOW|20260317,,,,,,false,,,REJECT_DUPLICATE_CLUSTER,"Asia session level swept during London/NewYork, closed-bar reclaim within frozen window"
SSR|ASIA_LOW|20260317|1773774900|FINAL,SSRP|ASIA_LOW|20260317|1773774900|FINAL,true,MSZZC1|6:XAUUSD|1:5|1:1|1:4|17:ASIA_LOW|20260317,,,,,,false,,,REJECT_DUPLICATE_CLUSTER,"Asia session level swept during London/NewYork, closed-bar reclaim within frozen window"
SSR|ASIA_LOW|20260318|1773834300|FINAL,SSRP|ASIA_LOW|20260318|1773834300|FINAL,true,MSZZC1|6:XAUUSD|1:5|1:1|1:4|17:ASIA_LOW|20260318,MSZZC1|6:XAUUSD|1:5|1:1|1:4|17:ASIA_LOW|20260318,604,604,604,605,true,-1.0000,-1.0,EXECUTED,broker-executed
SSR|ASIA_LOW|20260323|1774274400|FINAL,SSRP|ASIA_LOW|20260323|1774274400|FINAL,true,MSZZC1|6:XAUUSD|1:5|1:1|1:4|17:ASIA_LOW|20260323,MSZZC1|6:XAUUSD|1:5|1:1|1:4|17:ASIA_LOW|20260323,606,606,606,607,true,0.2986,0.2985655589994969,EXECUTED,broker-executed
SSR|ASIA_LOW|20260323|1774274700|FINAL,SSRP|ASIA_LOW|20260323|1774274700|FINAL,true,MSZZC1|6:XAUUSD|1:5|1:1|1:4|17:ASIA_LOW|20260323,,,,,,false,,,REJECT_DUPLICATE_CLUSTER,"Asia session level swept during London/NewYork, closed-bar reclaim within frozen window"
SSR|ASIA_LOW|20260326|1774513800|FINAL,SSRP|ASIA_LOW|20260326|1774513800|FINAL,true,MSZZC1|6:XAUUSD|1:5|1:1|1:4|17:ASIA_LOW|20260326,,,,,,false,,,REJECT_OWNERSHIP,owned position limit reached count=1
SSR|ASIA_HIGH|20260327|1774607700|FINAL,SSRP|ASIA_HIGH|20260327|1774607700|FINAL,true,MSZZC1|6:XAUUSD|1:5|2:-1|1:4|18:ASIA_HIGH|20260327,MSZZC1|6:XAUUSD|1:5|2:-1|1:4|18:ASIA_HIGH|20260327,608,608,608,609,true,1.9987,1.9987437185929373,EXECUTED,broker-executed
SSR|ASIA_HIGH|20260327|1774608000|FINAL,SSRP|ASIA_HIGH|20260327|1774608000|FINAL,true,MSZZC1|6:XAUUSD|1:5|2:-1|1:4|18:ASIA_HIGH|20260327,,,,,,false,,,REJECT_DUPLICATE_CLUSTER,"Asia session level swept during London/NewYork, closed-bar reclaim within frozen window"
SSR|ASIA_HIGH|20260327|1774608600|FINAL,SSRP|ASIA_HIGH|20260327|1774608600|FINAL,true,MSZZC1|6:XAUUSD|1:5|2:-1|1:4|18:ASIA_HIGH|20260327,,,,,,false,,,REJECT_DUPLICATE_CLUSTER,"Asia session level swept during London/NewYork, closed-bar reclaim within frozen window"
SSR|ASIA_HIGH|20260327|1774609200|FINAL,SSRP|ASIA_HIGH|20260327|1774609200|FINAL,true,MSZZC1|6:XAUUSD|1:5|2:-1|1:4|18:ASIA_HIGH|20260327,,,,,,false,,,REJECT_DUPLICATE_CLUSTER,"Asia session level swept during London/NewYork, closed-bar reclaim within frozen window"
SSR|ASIA_HIGH|20260330|1774902300|FINAL,SSRP|ASIA_HIGH|20260330|1774902300|FINAL,true,MSZZC1|6:XAUUSD|1:5|2:-1|1:4|18:ASIA_HIGH|20260330,MSZZC1|6:XAUUSD|1:5|2:-1|1:4|18:ASIA_HIGH|20260330,610,610,610,611,true,2.0007,2.000705716302062,EXECUTED,broker-executed
SSR|ASIA_HIGH|20260330|1774903200|FINAL,SSRP|ASIA_HIGH|20260330|1774903200|FINAL,true,MSZZC1|6:XAUUSD|1:5|2:-1|1:4|18:ASIA_HIGH|20260330,,,,,,false,,,REJECT_DUPLICATE_CLUSTER,"Asia session level swept during London/NewYork, closed-bar reclaim within frozen window"
SSR|ASIA_HIGH|20260330|1774903800|FINAL,SSRP|ASIA_HIGH|20260330|1774903800|FINAL,true,MSZZC1|6:XAUUSD|1:5|2:-1|1:4|18:ASIA_HIGH|20260330,,,,,,false,,,REJECT_DUPLICATE_CLUSTER,"Asia session level swept during London/NewYork, closed-bar reclaim within frozen window"
SSR|ASIA_HIGH|20260330|1774904400|FINAL,SSRP|ASIA_HIGH|20260330|1774904400|FINAL,true,MSZZC1|6:XAUUSD|1:5|2:-1|1:4|18:ASIA_HIGH|20260330,,,,,,false,,,REJECT_DUPLICATE_CLUSTER,"Asia session level swept during London/NewYork, closed-bar reclaim within frozen window"
SSR|ASIA_HIGH|20260330|1774905600|FINAL,SSRP|ASIA_HIGH|20260330|1774905600|FINAL,true,MSZZC1|6:XAUUSD|1:5|2:-1|1:4|18:ASIA_HIGH|20260330,,,,,,false,,,REJECT_DUPLICATE_CLUSTER,"Asia session level swept during London/NewYork, closed-bar reclaim within frozen window"
SSR|ASIA_HIGH|20260330|1774906500|FINAL,SSRP|ASIA_HIGH|20260330|1774906500|FINAL,true,MSZZC1|6:XAUUSD|1:5|2:-1|1:4|18:ASIA_HIGH|20260330,,,,,,false,,,REJECT_DUPLICATE_CLUSTER,"Asia session level swept during London/NewYork, closed-bar reclaim within frozen window"
SSR|ASIA_HIGH|20260330|1774907100|FINAL,SSRP|ASIA_HIGH|20260330|1774907100|FINAL,true,MSZZC1|6:XAUUSD|1:5|2:-1|1:4|18:ASIA_HIGH|20260330,,,,,,false,,,REJECT_DUPLICATE_CLUSTER,"Asia session level swept during London/NewYork, closed-bar reclaim within frozen window"
SSR|ASIA_HIGH|20260330|1774907400|FINAL,SSRP|ASIA_HIGH|20260330|1774907400|FINAL,true,MSZZC1|6:XAUUSD|1:5|2:-1|1:4|18:ASIA_HIGH|20260330,,,,,,false,,,REJECT_DUPLICATE_CLUSTER,"Asia session level swept during London/NewYork, closed-bar reclaim within frozen window"
SSR|ASIA_HIGH|20260331|1774976400|FINAL,SSRP|ASIA_HIGH|20260331|1774976400|FINAL,true,MSZZC1|6:XAUUSD|1:5|2:-1|1:4|18:ASIA_HIGH|20260331,MSZZC1|6:XAUUSD|1:5|2:-1|1:4|18:ASIA_HIGH|20260331,612,612,612,613,true,-1.0000,-1.0,EXECUTED,broker-executed
SSR|ASIA_HIGH|20260331|1774978200|FINAL,SSRP|ASIA_HIGH|20260331|1774978200|FINAL,true,MSZZC1|6:XAUUSD|1:5|2:-1|1:4|18:ASIA_HIGH|20260331,,,,,,false,,,REJECT_DUPLICATE_CLUSTER,"Asia session level swept during London/NewYork, closed-bar reclaim within frozen window"
SSR|ASIA_HIGH|20260331|1774978500|FINAL,SSRP|ASIA_HIGH|20260331|1774978500|FINAL,true,MSZZC1|6:XAUUSD|1:5|2:-1|1:4|18:ASIA_HIGH|20260331,,,,,,false,,,REJECT_DUPLICATE_CLUSTER,"Asia session level swept during London/NewYork, closed-bar reclaim within frozen window"
SSR|ASIA_HIGH|20260331|1774980600|FINAL,SSRP|ASIA_HIGH|20260331|1774980600|FINAL,true,MSZZC1|6:XAUUSD|1:5|2:-1|1:4|18:ASIA_HIGH|20260331,,,,,,false,,,REJECT_DUPLICATE_CLUSTER,"Asia session level swept during London/NewYork, closed-bar reclaim within frozen window"
SSR|ASIA_HIGH|20260331|1774982400|FINAL,SSRP|ASIA_HIGH|20260331|1774982400|FINAL,true,MSZZC1|6:XAUUSD|1:5|2:-1|1:4|18:ASIA_HIGH|20260331,,,,,,false,,,REJECT_DUPLICATE_CLUSTER,"Asia session level swept during London/NewYork, closed-bar reclaim within frozen window"
SSR|ASIA_HIGH|20260331|1774982700|FINAL,SSRP|ASIA_HIGH|20260331|1774982700|FINAL,true,MSZZC1|6:XAUUSD|1:5|2:-1|1:4|18:ASIA_HIGH|20260331,,,,,,false,,,REJECT_DUPLICATE_CLUSTER,"Asia session level swept during London/NewYork, closed-bar reclaim within frozen window"
SSR|ASIA_HIGH|20260331|1774983000|FINAL,SSRP|ASIA_HIGH|20260331|1774983000|FINAL,true,MSZZC1|6:XAUUSD|1:5|2:-1|1:4|18:ASIA_HIGH|20260331,,,,,,false,,,REJECT_DUPLICATE_CLUSTER,"Asia session level swept during London/NewYork, closed-bar reclaim within frozen window"
SSR|ASIA_HIGH|20260401|1775037300|FINAL,SSRP|ASIA_HIGH|20260401|1775037300|FINAL,true,MSZZC1|6:XAUUSD|1:5|2:-1|1:4|18:ASIA_HIGH|20260401,MSZZC1|6:XAUUSD|1:5|2:-1|1:4|18:ASIA_HIGH|20260401,614,614,614,615,true,-1.0000,-1.0,EXECUTED,broker-executed
SSR|ASIA_HIGH|20260401|1775037600|FINAL,SSRP|ASIA_HIGH|20260401|1775037600|FINAL,true,MSZZC1|6:XAUUSD|1:5|2:-1|1:4|18:ASIA_HIGH|20260401,,,,,,false,,,REJECT_DUPLICATE_CLUSTER,"Asia session level swept during London/NewYork, closed-bar reclaim within frozen window"
SSR|ASIA_HIGH|20260401|1775038800|FINAL,SSRP|ASIA_HIGH|20260401|1775038800|FINAL,true,MSZZC1|6:XAUUSD|1:5|2:-1|1:4|18:ASIA_HIGH|20260401,,,,,,false,,,REJECT_DUPLICATE_CLUSTER,"Asia session level swept during London/NewYork, closed-bar reclaim within frozen window"
SSR|ASIA_HIGH|20260401|1775040000|FINAL,SSRP|ASIA_HIGH|20260401|1775040000|FINAL,true,MSZZC1|6:XAUUSD|1:5|2:-1|1:4|18:ASIA_HIGH|20260401,,,,,,false,,,REJECT_DUPLICATE_CLUSTER,"Asia session level swept during London/NewYork, closed-bar reclaim within frozen window"
SSR|ASIA_HIGH|20260401|1775040300|FINAL,SSRP|ASIA_HIGH|20260401|1775040300|FINAL,true,MSZZC1|6:XAUUSD|1:5|2:-1|1:4|18:ASIA_HIGH|20260401,,,,,,false,,,REJECT_DUPLICATE_CLUSTER,"Asia session level swept during London/NewYork, closed-bar reclaim within frozen window"
SSR|ASIA_HIGH|20260401|1775041200|FINAL,SSRP|ASIA_HIGH|20260401|1775041200|FINAL,true,MSZZC1|6:XAUUSD|1:5|2:-1|1:4|18:ASIA_HIGH|20260401,,,,,,false,,,REJECT_DUPLICATE_CLUSTER,"Asia session level swept during London/NewYork, closed-bar reclaim within frozen window"
SSR|ASIA_HIGH|20260401|1775044500|FINAL,SSRP|ASIA_HIGH|20260401|1775044500|FINAL,true,MSZZC1|6:XAUUSD|1:5|2:-1|1:4|18:ASIA_HIGH|20260401,,,,,,false,,,REJECT_DUPLICATE_CLUSTER,"Asia session level swept during London/NewYork, closed-bar reclaim within frozen window"
SSR|ASIA_HIGH|20260401|1775045100|FINAL,SSRP|ASIA_HIGH|20260401|1775045100|FINAL,true,MSZZC1|6:XAUUSD|1:5|2:-1|1:4|18:ASIA_HIGH|20260401,,,,,,false,,,REJECT_DUPLICATE_CLUSTER,"Asia session level swept during London/NewYork, closed-bar reclaim within frozen window"
SSR|ASIA_HIGH|20260401|1775047500|FINAL,SSRP|ASIA_HIGH|20260401|1775047500|FINAL,true,MSZZC1|6:XAUUSD|1:5|2:-1|1:4|18:ASIA_HIGH|20260401,,,,,,false,,,REJECT_DUPLICATE_CLUSTER,"Asia session level swept during London/NewYork, closed-bar reclaim within frozen window"
SSR|ASIA_HIGH|20260401|1775047800|FINAL,SSRP|ASIA_HIGH|20260401|1775047800|FINAL,true,MSZZC1|6:XAUUSD|1:5|2:-1|1:4|18:ASIA_HIGH|20260401,,,,,,false,,,REJECT_DUPLICATE_CLUSTER,"Asia session level swept during London/NewYork, closed-bar reclaim within frozen window"
SSR|ASIA_HIGH|20260401|1775058600|FINAL,SSRP|ASIA_HIGH|20260401|1775058600|FINAL,true,MSZZC1|6:XAUUSD|1:5|2:-1|1:4|18:ASIA_HIGH|20260401,,,,,,false,,,REJECT_DUPLICATE_CLUSTER,"Asia session level swept during London/NewYork, closed-bar reclaim within frozen window"
SSR|ASIA_LOW|20260402|1775148600|FINAL,SSRP|ASIA_LOW|20260402|1775148600|FINAL,true,MSZZC1|6:XAUUSD|1:5|1:1|1:4|17:ASIA_LOW|20260402,MSZZC1|6:XAUUSD|1:5|1:1|1:4|17:ASIA_LOW|20260402,616,616,616,617,true,-1.0000,-1.0,EXECUTED,broker-executed
SSR|ASIA_LOW|20260402|1775150100|FINAL,SSRP|ASIA_LOW|20260402|1775150100|FINAL,true,MSZZC1|6:XAUUSD|1:5|1:1|1:4|17:ASIA_LOW|20260402,,,,,,false,,,REJECT_DUPLICATE_CLUSTER,"Asia session level swept during London/NewYork, closed-bar reclaim within frozen window"
SSR|ASIA_LOW|20260402|1775156700|FINAL,SSRP|ASIA_LOW|20260402|1775156700|FINAL,true,MSZZC1|6:XAUUSD|1:5|1:1|1:4|17:ASIA_LOW|20260402,,,,,,false,,,REJECT_DUPLICATE_CLUSTER,"Asia session level swept during London/NewYork, closed-bar reclaim within frozen window"
SSR|ASIA_LOW|20260402|1775157300|FINAL,SSRP|ASIA_LOW|20260402|1775157300|FINAL,true,MSZZC1|6:XAUUSD|1:5|1:1|1:4|17:ASIA_LOW|20260402,,,,,,false,,,REJECT_DUPLICATE_CLUSTER,"Asia session level swept during London/NewYork, closed-bar reclaim within frozen window"
SSR|ASIA_LOW|20260402|1775157600|FINAL,SSRP|ASIA_LOW|20260402|1775157600|FINAL,true,MSZZC1|6:XAUUSD|1:5|1:1|1:4|17:ASIA_LOW|20260402,,,,,,false,,,REJECT_DUPLICATE_CLUSTER,"Asia session level swept during London/NewYork, closed-bar reclaim within frozen window"
SSR|ASIA_LOW|20260402|1775161800|FINAL,SSRP|ASIA_LOW|20260402|1775161800|FINAL,true,MSZZC1|6:XAUUSD|1:5|1:1|1:4|17:ASIA_LOW|20260402,,,,,,false,,,REJECT_DUPLICATE_CLUSTER,"Asia session level swept during London/NewYork, closed-bar reclaim within frozen window"
SSR|ASIA_LOW|20260402|1775162100|FINAL,SSRP|ASIA_LOW|20260402|1775162100|FINAL,true,MSZZC1|6:XAUUSD|1:5|1:1|1:4|17:ASIA_LOW|20260402,,,,,,false,,,REJECT_DUPLICATE_CLUSTER,"Asia session level swept during London/NewYork, closed-bar reclaim within frozen window"
SSR|ASIA_LOW|20260402|1775162700|FINAL,SSRP|ASIA_LOW|20260402|1775162700|FINAL,true,MSZZC1|6:XAUUSD|1:5|1:1|1:4|17:ASIA_LOW|20260402,,,,,,false,,,REJECT_DUPLICATE_CLUSTER,"Asia session level swept during London/NewYork, closed-bar reclaim within frozen window"
SSR|ASIA_LOW|20260402|1775163600|FINAL,SSRP|ASIA_LOW|20260402|1775163600|FINAL,true,MSZZC1|6:XAUUSD|1:5|1:1|1:4|17:ASIA_LOW|20260402,,,,,,false,,,REJECT_DUPLICATE_CLUSTER,"Asia session level swept during London/NewYork, closed-bar reclaim within frozen window"
SSR|ASIA_HIGH|20260406|1775473200|FINAL,SSRP|ASIA_HIGH|20260406|1775473200|FINAL,true,MSZZC1|6:XAUUSD|1:5|2:-1|1:4|18:ASIA_HIGH|20260406,MSZZC1|6:XAUUSD|1:5|2:-1|1:4|18:ASIA_HIGH|20260406,618,618,618,619,true,-1.0000,-1.0,EXECUTED,broker-executed
SSR|ASIA_HIGH|20260406|1775486100|FINAL,SSRP|ASIA_HIGH|20260406|1775486100|FINAL,true,MSZZC1|6:XAUUSD|1:5|2:-1|1:4|18:ASIA_HIGH|20260406,,,,,,false,,,REJECT_DUPLICATE_CLUSTER,"Asia session level swept during London/NewYork, closed-bar reclaim within frozen window"
SSR|ASIA_HIGH|20260406|1775486400|FINAL,SSRP|ASIA_HIGH|20260406|1775486400|FINAL,true,MSZZC1|6:XAUUSD|1:5|2:-1|1:4|18:ASIA_HIGH|20260406,,,,,,false,,,REJECT_DUPLICATE_CLUSTER,"Asia session level swept during London/NewYork, closed-bar reclaim within frozen window"
SSR|ASIA_HIGH|20260406|1775494800|FINAL,SSRP|ASIA_HIGH|20260406|1775494800|FINAL,true,MSZZC1|6:XAUUSD|1:5|2:-1|1:4|18:ASIA_HIGH|20260406,,,,,,false,,,REJECT_DUPLICATE_CLUSTER,"Asia session level swept during London/NewYork, closed-bar reclaim within frozen window"
SSR|ASIA_HIGH|20260406|1775496600|FINAL,SSRP|ASIA_HIGH|20260406|1775496600|FINAL,true,MSZZC1|6:XAUUSD|1:5|2:-1|1:4|18:ASIA_HIGH|20260406,,,,,,false,,,REJECT_DUPLICATE_CLUSTER,"Asia session level swept during London/NewYork, closed-bar reclaim within frozen window"
SSR|ASIA_HIGH|20260406|1775496900|FINAL,SSRP|ASIA_HIGH|20260406|1775496900|FINAL,true,MSZZC1|6:XAUUSD|1:5|2:-1|1:4|18:ASIA_HIGH|20260406,,,,,,false,,,REJECT_DUPLICATE_CLUSTER,"Asia session level swept during London/NewYork, closed-bar reclaim within frozen window"
SSR|ASIA_HIGH|20260406|1775497200|FINAL,SSRP|ASIA_HIGH|20260406|1775497200|FINAL,true,MSZZC1|6:XAUUSD|1:5|2:-1|1:4|18:ASIA_HIGH|20260406,,,,,,false,,,REJECT_DUPLICATE_CLUSTER,"Asia session level swept during London/NewYork, closed-bar reclaim within frozen window"
SSR|ASIA_HIGH|20260406|1775498100|FINAL,SSRP|ASIA_HIGH|20260406|1775498100|FINAL,true,MSZZC1|6:XAUUSD|1:5|2:-1|1:4|18:ASIA_HIGH|20260406,,,,,,false,,,REJECT_DUPLICATE_CLUSTER,"Asia session level swept during London/NewYork, closed-bar reclaim within frozen window"
SSR|ASIA_HIGH|20260407|1775565300|FINAL,SSRP|ASIA_HIGH|20260407|1775565300|FINAL,true,MSZZC1|6:XAUUSD|1:5|2:-1|1:4|18:ASIA_HIGH|20260407,MSZZC1|6:XAUUSD|1:5|2:-1|1:4|18:ASIA_HIGH|20260407,620,620,620,621,true,2.0000,2.000000000000052,EXECUTED,broker-executed
SSR|ASIA_HIGH|20260407|1775565600|FINAL,SSRP|ASIA_HIGH|20260407|1775565600|FINAL,true,MSZZC1|6:XAUUSD|1:5|2:-1|1:4|18:ASIA_HIGH|20260407,,,,,,false,,,REJECT_DUPLICATE_CLUSTER,"Asia session level swept during London/NewYork, closed-bar reclaim within frozen window"
SSR|ASIA_HIGH|20260407|1775567700|FINAL,SSRP|ASIA_HIGH|20260407|1775567700|FINAL,true,MSZZC1|6:XAUUSD|1:5|2:-1|1:4|18:ASIA_HIGH|20260407,,,,,,false,,,REJECT_DUPLICATE_CLUSTER,"Asia session level swept during London/NewYork, closed-bar reclaim within frozen window"
SSR|ASIA_HIGH|20260407|1775568600|FINAL,SSRP|ASIA_HIGH|20260407|1775568600|FINAL,true,MSZZC1|6:XAUUSD|1:5|2:-1|1:4|18:ASIA_HIGH|20260407,,,,,,false,,,REJECT_DUPLICATE_CLUSTER,"Asia session level swept during London/NewYork, closed-bar reclaim within frozen window"
SSR|ASIA_HIGH|20260407|1775568900|FINAL,SSRP|ASIA_HIGH|20260407|1775568900|FINAL,true,MSZZC1|6:XAUUSD|1:5|2:-1|1:4|18:ASIA_HIGH|20260407,,,,,,false,,,REJECT_DUPLICATE_CLUSTER,"Asia session level swept during London/NewYork, closed-bar reclaim within frozen window"
SSR|ASIA_HIGH|20260407|1775575200|FINAL,SSRP|ASIA_HIGH|20260407|1775575200|FINAL,true,MSZZC1|6:XAUUSD|1:5|2:-1|1:4|18:ASIA_HIGH|20260407,,,,,,false,,,REJECT_DUPLICATE_CLUSTER,"Asia session level swept during London/NewYork, closed-bar reclaim within frozen window"
SSR|ASIA_LOW|20260407|1775581500|FINAL,SSRP|ASIA_LOW|20260407|1775581500|FINAL,true,MSZZC1|6:XAUUSD|1:5|1:1|1:4|17:ASIA_LOW|20260407,MSZZC1|6:XAUUSD|1:5|1:1|1:4|17:ASIA_LOW|20260407,622,622,622,623,true,2.0007,2.0006706908116114,EXECUTED,broker-executed
SSR|ASIA_LOW|20260407|1775581800|FINAL,SSRP|ASIA_LOW|20260407|1775581800|FINAL,true,MSZZC1|6:XAUUSD|1:5|1:1|1:4|17:ASIA_LOW|20260407,,,,,,false,,,REJECT_DUPLICATE_CLUSTER,"Asia session level swept during London/NewYork, closed-bar reclaim within frozen window"
SSR|ASIA_HIGH|20260407|1775592300|FINAL,SSRP|ASIA_HIGH|20260407|1775592300|FINAL,true,MSZZC1|6:XAUUSD|1:5|2:-1|1:4|18:ASIA_HIGH|20260407,,,,,,false,,,REJECT_DUPLICATE_CLUSTER,"Asia session level swept during London/NewYork, closed-bar reclaim within frozen window"
SSR|ASIA_HIGH|20260407|1775598300|FINAL,SSRP|ASIA_HIGH|20260407|1775598300|FINAL,true,MSZZC1|6:XAUUSD|1:5|2:-1|1:4|18:ASIA_HIGH|20260407,,,,,,false,,,REJECT_DUPLICATE_CLUSTER,"Asia session level swept during London/NewYork, closed-bar reclaim within frozen window"
SSR|ASIA_HIGH|20260407|1775598600|FINAL,SSRP|ASIA_HIGH|20260407|1775598600|FINAL,true,MSZZC1|6:XAUUSD|1:5|2:-1|1:4|18:ASIA_HIGH|20260407,,,,,,false,,,REJECT_DUPLICATE_CLUSTER,"Asia session level swept during London/NewYork, closed-bar reclaim within frozen window"
SSR|ASIA_LOW|20260408|1775685900|FINAL,SSRP|ASIA_LOW|20260408|1775685900|FINAL,true,MSZZC1|6:XAUUSD|1:5|1:1|1:4|17:ASIA_LOW|20260408,MSZZC1|6:XAUUSD|1:5|1:1|1:4|17:ASIA_LOW|20260408,624,624,624,625,true,-1.0000,-1.0,EXECUTED,broker-executed
SSR|ASIA_LOW|20260408|1775687100|FINAL,SSRP|ASIA_LOW|20260408|1775687100|FINAL,true,MSZZC1|6:XAUUSD|1:5|1:1|1:4|17:ASIA_LOW|20260408,,,,,,false,,,REJECT_DUPLICATE_CLUSTER,"Asia session level swept during London/NewYork, closed-bar reclaim within frozen window"
SSR|ASIA_LOW|20260408|1775687400|FINAL,SSRP|ASIA_LOW|20260408|1775687400|FINAL,true,MSZZC1|6:XAUUSD|1:5|1:1|1:4|17:ASIA_LOW|20260408,,,,,,false,,,REJECT_DUPLICATE_CLUSTER,"Asia session level swept during London/NewYork, closed-bar reclaim within frozen window"
SSR|ASIA_LOW|20260410|1775821500|FINAL,SSRP|ASIA_LOW|20260410|1775821500|FINAL,true,MSZZC1|6:XAUUSD|1:5|1:1|1:4|17:ASIA_LOW|20260410,MSZZC1|6:XAUUSD|1:5|1:1|1:4|17:ASIA_LOW|20260410,626,626,626,627,true,2.0000,2.000000000000084,EXECUTED,broker-executed
SSR|ASIA_LOW|20260410|1775822100|FINAL,SSRP|ASIA_LOW|20260410|1775822100|FINAL,true,MSZZC1|6:XAUUSD|1:5|1:1|1:4|17:ASIA_LOW|20260410,,,,,,false,,,REJECT_DUPLICATE_CLUSTER,"Asia session level swept during London/NewYork, closed-bar reclaim within frozen window"
SSR|ASIA_HIGH|20260410|1775842500|FINAL,SSRP|ASIA_HIGH|20260410|1775842500|FINAL,true,MSZZC1|6:XAUUSD|1:5|2:-1|1:4|18:ASIA_HIGH|20260410,MSZZC1|6:XAUUSD|1:5|2:-1|1:4|18:ASIA_HIGH|20260410,628,628,628,629,true,2.0000,2.0,EXECUTED,broker-executed
SSR|ASIA_HIGH|20260410|1775842800|FINAL,SSRP|ASIA_HIGH|20260410|1775842800|FINAL,true,MSZZC1|6:XAUUSD|1:5|2:-1|1:4|18:ASIA_HIGH|20260410,,,,,,false,,,REJECT_DUPLICATE_CLUSTER,"Asia session level swept during London/NewYork, closed-bar reclaim within frozen window"
SSR|ASIA_HIGH|20260410|1775843100|FINAL,SSRP|ASIA_HIGH|20260410|1775843100|FINAL,true,MSZZC1|6:XAUUSD|1:5|2:-1|1:4|18:ASIA_HIGH|20260410,,,,,,false,,,REJECT_DUPLICATE_CLUSTER,"Asia session level swept during London/NewYork, closed-bar reclaim within frozen window"
SSR|ASIA_HIGH|20260410|1775845200|FINAL,SSRP|ASIA_HIGH|20260410|1775845200|FINAL,true,MSZZC1|6:XAUUSD|1:5|2:-1|1:4|18:ASIA_HIGH|20260410,,,,,,false,,,REJECT_DUPLICATE_CLUSTER,"Asia session level swept during London/NewYork, closed-bar reclaim within frozen window"
SSR|ASIA_HIGH|20260410|1775845500|FINAL,SSRP|ASIA_HIGH|20260410|1775845500|FINAL,true,MSZZC1|6:XAUUSD|1:5|2:-1|1:4|18:ASIA_HIGH|20260410,,,,,,false,,,REJECT_DUPLICATE_CLUSTER,"Asia session level swept during London/NewYork, closed-bar reclaim within frozen window"
SSR|ASIA_HIGH|20260413|1776070500|FINAL,SSRP|ASIA_HIGH|20260413|1776070500|FINAL,true,MSZZC1|6:XAUUSD|1:5|2:-1|1:4|18:ASIA_HIGH|20260413,MSZZC1|6:XAUUSD|1:5|2:-1|1:4|18:ASIA_HIGH|20260413,630,630,630,631,true,-1.0000,-1.0,EXECUTED,broker-executed
SSR|ASIA_HIGH|20260413|1776070800|FINAL,SSRP|ASIA_HIGH|20260413|1776070800|FINAL,true,MSZZC1|6:XAUUSD|1:5|2:-1|1:4|18:ASIA_HIGH|20260413,,,,,,false,,,REJECT_DUPLICATE_CLUSTER,"Asia session level swept during London/NewYork, closed-bar reclaim within frozen window"
SSR|ASIA_HIGH|20260413|1776071100|FINAL,SSRP|ASIA_HIGH|20260413|1776071100|FINAL,true,MSZZC1|6:XAUUSD|1:5|2:-1|1:4|18:ASIA_HIGH|20260413,,,,,,false,,,REJECT_DUPLICATE_CLUSTER,"Asia session level swept during London/NewYork, closed-bar reclaim within frozen window"
SSR|ASIA_HIGH|20260413|1776071400|FINAL,SSRP|ASIA_HIGH|20260413|1776071400|FINAL,true,MSZZC1|6:XAUUSD|1:5|2:-1|1:4|18:ASIA_HIGH|20260413,,,,,,false,,,REJECT_DUPLICATE_CLUSTER,"Asia session level swept during London/NewYork, closed-bar reclaim within frozen window"
SSR|ASIA_HIGH|20260413|1776072300|FINAL,SSRP|ASIA_HIGH|20260413|1776072300|FINAL,true,MSZZC1|6:XAUUSD|1:5|2:-1|1:4|18:ASIA_HIGH|20260413,,,,,,false,,,REJECT_DUPLICATE_CLUSTER,"Asia session level swept during London/NewYork, closed-bar reclaim within frozen window"
SSR|ASIA_HIGH|20260413|1776072900|FINAL,SSRP|ASIA_HIGH|20260413|1776072900|FINAL,true,MSZZC1|6:XAUUSD|1:5|2:-1|1:4|18:ASIA_HIGH|20260413,,,,,,false,,,REJECT_DUPLICATE_CLUSTER,"Asia session level swept during London/NewYork, closed-bar reclaim within frozen window"
SSR|ASIA_HIGH|20260413|1776074400|FINAL,SSRP|ASIA_HIGH|20260413|1776074400|FINAL,true,MSZZC1|6:XAUUSD|1:5|2:-1|1:4|18:ASIA_HIGH|20260413,,,,,,false,,,REJECT_DUPLICATE_CLUSTER,"Asia session level swept during London/NewYork, closed-bar reclaim within frozen window"
SSR|ASIA_HIGH|20260413|1776079800|FINAL,SSRP|ASIA_HIGH|20260413|1776079800|FINAL,true,MSZZC1|6:XAUUSD|1:5|2:-1|1:4|18:ASIA_HIGH|20260413,,,,,,false,,,REJECT_DUPLICATE_CLUSTER,"Asia session level swept during London/NewYork, closed-bar reclaim within frozen window"
SSR|ASIA_HIGH|20260413|1776080400|FINAL,SSRP|ASIA_HIGH|20260413|1776080400|FINAL,true,MSZZC1|6:XAUUSD|1:5|2:-1|1:4|18:ASIA_HIGH|20260413,,,,,,false,,,REJECT_DUPLICATE_CLUSTER,"Asia session level swept during London/NewYork, closed-bar reclaim within frozen window"
SSR|ASIA_HIGH|20260413|1776089100|FINAL,SSRP|ASIA_HIGH|20260413|1776089100|FINAL,true,MSZZC1|6:XAUUSD|1:5|2:-1|1:4|18:ASIA_HIGH|20260413,,,,,,false,,,REJECT_DUPLICATE_CLUSTER,"Asia session level swept during London/NewYork, closed-bar reclaim within frozen window"
SSR|ASIA_HIGH|20260413|1776097800|FINAL,SSRP|ASIA_HIGH|20260413|1776097800|FINAL,true,MSZZC1|6:XAUUSD|1:5|2:-1|1:4|18:ASIA_HIGH|20260413,,,,,,false,,,REJECT_DUPLICATE_CLUSTER,"Asia session level swept during London/NewYork, closed-bar reclaim within frozen window"
SSR|ASIA_HIGH|20260413|1776098100|FINAL,SSRP|ASIA_HIGH|20260413|1776098100|FINAL,true,MSZZC1|6:XAUUSD|1:5|2:-1|1:4|18:ASIA_HIGH|20260413,,,,,,false,,,REJECT_DUPLICATE_CLUSTER,"Asia session level swept during London/NewYork, closed-bar reclaim within frozen window"
SSR|ASIA_HIGH|20260413|1776098700|FINAL,SSRP|ASIA_HIGH|20260413|1776098700|FINAL,true,MSZZC1|6:XAUUSD|1:5|2:-1|1:4|18:ASIA_HIGH|20260413,,,,,,false,,,REJECT_DUPLICATE_CLUSTER,"Asia session level swept during London/NewYork, closed-bar reclaim within frozen window"
SSR|ASIA_HIGH|20260413|1776099000|FINAL,SSRP|ASIA_HIGH|20260413|1776099000|FINAL,true,MSZZC1|6:XAUUSD|1:5|2:-1|1:4|18:ASIA_HIGH|20260413,,,,,,false,,,REJECT_DUPLICATE_CLUSTER,"Asia session level swept during London/NewYork, closed-bar reclaim within frozen window"
SSR|ASIA_HIGH|20260413|1776099600|FINAL,SSRP|ASIA_HIGH|20260413|1776099600|FINAL,true,MSZZC1|6:XAUUSD|1:5|2:-1|1:4|18:ASIA_HIGH|20260413,,,,,,false,,,REJECT_DUPLICATE_CLUSTER,"Asia session level swept during London/NewYork, closed-bar reclaim within frozen window"
SSR|ASIA_HIGH|20260413|1776107700|FINAL,SSRP|ASIA_HIGH|20260413|1776107700|FINAL,true,MSZZC1|6:XAUUSD|1:5|2:-1|1:4|18:ASIA_HIGH|20260413,,,,,,false,,,REJECT_DUPLICATE_CLUSTER,"Asia session level swept during London/NewYork, closed-bar reclaim within frozen window"
SSR|ASIA_HIGH|20260413|1776114000|FINAL,SSRP|ASIA_HIGH|20260413|1776114000|FINAL,true,MSZZC1|6:XAUUSD|1:5|2:-1|1:4|18:ASIA_HIGH|20260413,,,,,,false,,,REJECT_DUPLICATE_CLUSTER,"Asia session level swept during London/NewYork, closed-bar reclaim within frozen window"
SSR|ASIA_HIGH|20260413|1776114900|FINAL,SSRP|ASIA_HIGH|20260413|1776114900|FINAL,true,MSZZC1|6:XAUUSD|1:5|2:-1|1:4|18:ASIA_HIGH|20260413,,,,,,false,,,REJECT_DUPLICATE_CLUSTER,"Asia session level swept during London/NewYork, closed-bar reclaim within frozen window"
SSR|ASIA_HIGH|20260414|1776161700|FINAL,SSRP|ASIA_HIGH|20260414|1776161700|FINAL,true,MSZZC1|6:XAUUSD|1:5|2:-1|1:4|18:ASIA_HIGH|20260414,MSZZC1|6:XAUUSD|1:5|2:-1|1:4|18:ASIA_HIGH|20260414,632,632,632,633,true,-1.0000,-1.0,EXECUTED,broker-executed
SSR|ASIA_HIGH|20260414|1776162000|FINAL,SSRP|ASIA_HIGH|20260414|1776162000|FINAL,true,MSZZC1|6:XAUUSD|1:5|2:-1|1:4|18:ASIA_HIGH|20260414,,,,,,false,,,REJECT_DUPLICATE_CLUSTER,"Asia session level swept during London/NewYork, closed-bar reclaim within frozen window"
SSR|ASIA_HIGH|20260414|1776163200|FINAL,SSRP|ASIA_HIGH|20260414|1776163200|FINAL,true,MSZZC1|6:XAUUSD|1:5|2:-1|1:4|18:ASIA_HIGH|20260414,,,,,,false,,,REJECT_DUPLICATE_CLUSTER,"Asia session level swept during London/NewYork, closed-bar reclaim within frozen window"
SSR|ASIA_HIGH|20260414|1776169200|FINAL,SSRP|ASIA_HIGH|20260414|1776169200|FINAL,true,MSZZC1|6:XAUUSD|1:5|2:-1|1:4|18:ASIA_HIGH|20260414,,,,,,false,,,REJECT_DUPLICATE_CLUSTER,"Asia session level swept during London/NewYork, closed-bar reclaim within frozen window"
SSR|ASIA_HIGH|20260414|1776169800|FINAL,SSRP|ASIA_HIGH|20260414|1776169800|FINAL,true,MSZZC1|6:XAUUSD|1:5|2:-1|1:4|18:ASIA_HIGH|20260414,,,,,,false,,,REJECT_DUPLICATE_CLUSTER,"Asia session level swept during London/NewYork, closed-bar reclaim within frozen window"
SSR|ASIA_HIGH|20260414|1776173400|FINAL,SSRP|ASIA_HIGH|20260414|1776173400|FINAL,true,MSZZC1|6:XAUUSD|1:5|2:-1|1:4|18:ASIA_HIGH|20260414,,,,,,false,,,REJECT_DUPLICATE_CLUSTER,"Asia session level swept during London/NewYork, closed-bar reclaim within frozen window"
SSR|ASIA_HIGH|20260414|1776173700|FINAL,SSRP|ASIA_HIGH|20260414|1776173700|FINAL,true,MSZZC1|6:XAUUSD|1:5|2:-1|1:4|18:ASIA_HIGH|20260414,,,,,,false,,,REJECT_DUPLICATE_CLUSTER,"Asia session level swept during London/NewYork, closed-bar reclaim within frozen window"
SSR|ASIA_HIGH|20260414|1776176400|FINAL,SSRP|ASIA_HIGH|20260414|1776176400|FINAL,true,MSZZC1|6:XAUUSD|1:5|2:-1|1:4|18:ASIA_HIGH|20260414,,,,,,false,,,REJECT_DUPLICATE_CLUSTER,"Asia session level swept during London/NewYork, closed-bar reclaim within frozen window"
SSR|ASIA_HIGH|20260414|1776177000|FINAL,SSRP|ASIA_HIGH|20260414|1776177000|FINAL,true,MSZZC1|6:XAUUSD|1:5|2:-1|1:4|18:ASIA_HIGH|20260414,,,,,,false,,,REJECT_DUPLICATE_CLUSTER,"Asia session level swept during London/NewYork, closed-bar reclaim within frozen window"
SSR|ASIA_HIGH|20260414|1776177900|FINAL,SSRP|ASIA_HIGH|20260414|1776177900|FINAL,true,MSZZC1|6:XAUUSD|1:5|2:-1|1:4|18:ASIA_HIGH|20260414,,,,,,false,,,REJECT_DUPLICATE_CLUSTER,"Asia session level swept during London/NewYork, closed-bar reclaim within frozen window"
SSR|ASIA_HIGH|20260414|1776178500|FINAL,SSRP|ASIA_HIGH|20260414|1776178500|FINAL,true,MSZZC1|6:XAUUSD|1:5|2:-1|1:4|18:ASIA_HIGH|20260414,,,,,,false,,,REJECT_DUPLICATE_CLUSTER,"Asia session level swept during London/NewYork, closed-bar reclaim within frozen window"
SSR|ASIA_LOW|20260415|1776242100|FINAL,SSRP|ASIA_LOW|20260415|1776242100|FINAL,true,MSZZC1|6:XAUUSD|1:5|1:1|1:4|17:ASIA_LOW|20260415,MSZZC1|6:XAUUSD|1:5|1:1|1:4|17:ASIA_LOW|20260415,634,634,634,635,true,-1.0000,-1.0,EXECUTED,broker-executed
SSR|ASIA_LOW|20260415|1776242700|FINAL,SSRP|ASIA_LOW|20260415|1776242700|FINAL,true,MSZZC1|6:XAUUSD|1:5|1:1|1:4|17:ASIA_LOW|20260415,,,,,,false,,,REJECT_DUPLICATE_CLUSTER,"Asia session level swept during London/NewYork, closed-bar reclaim within frozen window"
SSR|ASIA_LOW|20260415|1776243000|FINAL,SSRP|ASIA_LOW|20260415|1776243000|FINAL,true,MSZZC1|6:XAUUSD|1:5|1:1|1:4|17:ASIA_LOW|20260415,,,,,,false,,,REJECT_DUPLICATE_CLUSTER,"Asia session level swept during London/NewYork, closed-bar reclaim within frozen window"
SSR|ASIA_LOW|20260415|1776245400|FINAL,SSRP|ASIA_LOW|20260415|1776245400|FINAL,true,MSZZC1|6:XAUUSD|1:5|1:1|1:4|17:ASIA_LOW|20260415,,,,,,false,,,REJECT_DUPLICATE_CLUSTER,"Asia session level swept during London/NewYork, closed-bar reclaim within frozen window"
SSR|ASIA_LOW|20260415|1776253800|FINAL,SSRP|ASIA_LOW|20260415|1776253800|FINAL,true,MSZZC1|6:XAUUSD|1:5|1:1|1:4|17:ASIA_LOW|20260415,,,,,,false,,,REJECT_DUPLICATE_CLUSTER,"Asia session level swept during London/NewYork, closed-bar reclaim within frozen window"
SSR|ASIA_LOW|20260415|1776269700|FINAL,SSRP|ASIA_LOW|20260415|1776269700|FINAL,true,MSZZC1|6:XAUUSD|1:5|1:1|1:4|17:ASIA_LOW|20260415,,,,,,false,,,REJECT_DUPLICATE_CLUSTER,"Asia session level swept during London/NewYork, closed-bar reclaim within frozen window"
SSR|ASIA_LOW|20260415|1776270900|FINAL,SSRP|ASIA_LOW|20260415|1776270900|FINAL,true,MSZZC1|6:XAUUSD|1:5|1:1|1:4|17:ASIA_LOW|20260415,,,,,,false,,,REJECT_DUPLICATE_CLUSTER,"Asia session level swept during London/NewYork, closed-bar reclaim within frozen window"
SSR|ASIA_LOW|20260415|1776274500|FINAL,SSRP|ASIA_LOW|20260415|1776274500|FINAL,true,MSZZC1|6:XAUUSD|1:5|1:1|1:4|17:ASIA_LOW|20260415,,,,,,false,,,REJECT_DUPLICATE_CLUSTER,"Asia session level swept during London/NewYork, closed-bar reclaim within frozen window"
SSR|ASIA_HIGH|20260416|1776326700|FINAL,SSRP|ASIA_HIGH|20260416|1776326700|FINAL,true,MSZZC1|6:XAUUSD|1:5|2:-1|1:4|18:ASIA_HIGH|20260416,MSZZC1|6:XAUUSD|1:5|2:-1|1:4|18:ASIA_HIGH|20260416,636,636,636,637,true,2.0000,2.0,EXECUTED,broker-executed
SSR|ASIA_LOW|20260416|1776358500|FINAL,SSRP|ASIA_LOW|20260416|1776358500|FINAL,true,MSZZC1|6:XAUUSD|1:5|1:1|1:4|17:ASIA_LOW|20260416,MSZZC1|6:XAUUSD|1:5|1:1|1:4|17:ASIA_LOW|20260416,638,638,638,639,true,-1.0000,-1.0,EXECUTED,broker-executed
SSR|ASIA_LOW|20260416|1776358800|FINAL,SSRP|ASIA_LOW|20260416|1776358800|FINAL,true,MSZZC1|6:XAUUSD|1:5|1:1|1:4|17:ASIA_LOW|20260416,,,,,,false,,,REJECT_DUPLICATE_CLUSTER,"Asia session level swept during London/NewYork, closed-bar reclaim within frozen window"
SSR|ASIA_LOW|20260416|1776359100|FINAL,SSRP|ASIA_LOW|20260416|1776359100|FINAL,true,MSZZC1|6:XAUUSD|1:5|1:1|1:4|17:ASIA_LOW|20260416,,,,,,false,,,REJECT_DUPLICATE_CLUSTER,"Asia session level swept during London/NewYork, closed-bar reclaim within frozen window"
SSR|ASIA_LOW|20260416|1776361200|FINAL,SSRP|ASIA_LOW|20260416|1776361200|FINAL,true,MSZZC1|6:XAUUSD|1:5|1:1|1:4|17:ASIA_LOW|20260416,,,,,,false,,,REJECT_DUPLICATE_CLUSTER,"Asia session level swept during London/NewYork, closed-bar reclaim within frozen window"
SSR|ASIA_LOW|20260416|1776362400|FINAL,SSRP|ASIA_LOW|20260416|1776362400|FINAL,true,MSZZC1|6:XAUUSD|1:5|1:1|1:4|17:ASIA_LOW|20260416,,,,,,false,,,REJECT_DUPLICATE_CLUSTER,"Asia session level swept during London/NewYork, closed-bar reclaim within frozen window"
SSR|ASIA_LOW|20260416|1776367800|FINAL,SSRP|ASIA_LOW|20260416|1776367800|FINAL,true,MSZZC1|6:XAUUSD|1:5|1:1|1:4|17:ASIA_LOW|20260416,,,,,,false,,,REJECT_DUPLICATE_CLUSTER,"Asia session level swept during London/NewYork, closed-bar reclaim within frozen window"
SSR|ASIA_LOW|20260416|1776368700|FINAL,SSRP|ASIA_LOW|20260416|1776368700|FINAL,true,MSZZC1|6:XAUUSD|1:5|1:1|1:4|17:ASIA_LOW|20260416,,,,,,false,,,REJECT_DUPLICATE_CLUSTER,"Asia session level swept during London/NewYork, closed-bar reclaim within frozen window"
SSR|ASIA_LOW|20260416|1776369300|FINAL,SSRP|ASIA_LOW|20260416|1776369300|FINAL,true,MSZZC1|6:XAUUSD|1:5|1:1|1:4|17:ASIA_LOW|20260416,,,,,,false,,,REJECT_DUPLICATE_CLUSTER,"Asia session level swept during London/NewYork, closed-bar reclaim within frozen window"
SSR|ASIA_LOW|20260416|1776369600|FINAL,SSRP|ASIA_LOW|20260416|1776369600|FINAL,true,MSZZC1|6:XAUUSD|1:5|1:1|1:4|17:ASIA_LOW|20260416,,,,,,false,,,REJECT_DUPLICATE_CLUSTER,"Asia session level swept during London/NewYork, closed-bar reclaim within frozen window"
SSR|ASIA_LOW|20260416|1776370200|FINAL,SSRP|ASIA_LOW|20260416|1776370200|FINAL,true,MSZZC1|6:XAUUSD|1:5|1:1|1:4|17:ASIA_LOW|20260416,,,,,,false,,,REJECT_DUPLICATE_CLUSTER,"Asia session level swept during London/NewYork, closed-bar reclaim within frozen window"
SSR|ASIA_LOW|20260416|1776376800|FINAL,SSRP|ASIA_LOW|20260416|1776376800|FINAL,true,MSZZC1|6:XAUUSD|1:5|1:1|1:4|17:ASIA_LOW|20260416,,,,,,false,,,REJECT_DUPLICATE_CLUSTER,"Asia session level swept during London/NewYork, closed-bar reclaim within frozen window"
SSR|ASIA_LOW|20260416|1776377400|FINAL,SSRP|ASIA_LOW|20260416|1776377400|FINAL,true,MSZZC1|6:XAUUSD|1:5|1:1|1:4|17:ASIA_LOW|20260416,,,,,,false,,,REJECT_DUPLICATE_CLUSTER,"Asia session level swept during London/NewYork, closed-bar reclaim within frozen window"
SSR|ASIA_LOW|20260416|1776377700|FINAL,SSRP|ASIA_LOW|20260416|1776377700|FINAL,true,MSZZC1|6:XAUUSD|1:5|1:1|1:4|17:ASIA_LOW|20260416,,,,,,false,,,REJECT_DUPLICATE_CLUSTER,"Asia session level swept during London/NewYork, closed-bar reclaim within frozen window"
SSR|ASIA_LOW|20260416|1776380700|FINAL,SSRP|ASIA_LOW|20260416|1776380700|FINAL,true,MSZZC1|6:XAUUSD|1:5|1:1|1:4|17:ASIA_LOW|20260416,,,,,,false,,,REJECT_DUPLICATE_CLUSTER,"Asia session level swept during London/NewYork, closed-bar reclaim within frozen window"
SSR|ASIA_HIGH|20260417|1776412800|FINAL,SSRP|ASIA_HIGH|20260417|1776412800|FINAL,true,MSZZC1|6:XAUUSD|1:5|2:-1|1:4|18:ASIA_HIGH|20260417,MSZZC1|6:XAUUSD|1:5|2:-1|1:4|18:ASIA_HIGH|20260417,640,640,640,641,true,1.9964,1.9963898916963443,EXECUTED,broker-executed
SSR|ASIA_HIGH|20260417|1776413700|FINAL,SSRP|ASIA_HIGH|20260417|1776413700|FINAL,true,MSZZC1|6:XAUUSD|1:5|2:-1|1:4|18:ASIA_HIGH|20260417,,,,,,false,,,REJECT_DUPLICATE_CLUSTER,"Asia session level swept during London/NewYork, closed-bar reclaim within frozen window"
SSR|ASIA_HIGH|20260417|1776414300|FINAL,SSRP|ASIA_HIGH|20260417|1776414300|FINAL,true,MSZZC1|6:XAUUSD|1:5|2:-1|1:4|18:ASIA_HIGH|20260417,,,,,,false,,,REJECT_DUPLICATE_CLUSTER,"Asia session level swept during London/NewYork, closed-bar reclaim within frozen window"
SSR|ASIA_HIGH|20260417|1776414600|FINAL,SSRP|ASIA_HIGH|20260417|1776414600|FINAL,true,MSZZC1|6:XAUUSD|1:5|2:-1|1:4|18:ASIA_HIGH|20260417,,,,,,false,,,REJECT_DUPLICATE_CLUSTER,"Asia session level swept during London/NewYork, closed-bar reclaim within frozen window"
SSR|ASIA_HIGH|20260417|1776437100|FINAL,SSRP|ASIA_HIGH|20260417|1776437100|FINAL,true,MSZZC1|6:XAUUSD|1:5|2:-1|1:4|18:ASIA_HIGH|20260417,,,,,,false,,,REJECT_DUPLICATE_CLUSTER,"Asia session level swept during London/NewYork, closed-bar reclaim within frozen window"
SSR|ASIA_HIGH|20260417|1776437400|FINAL,SSRP|ASIA_HIGH|20260417|1776437400|FINAL,true,MSZZC1|6:XAUUSD|1:5|2:-1|1:4|18:ASIA_HIGH|20260417,,,,,,false,,,REJECT_DUPLICATE_CLUSTER,"Asia session level swept during London/NewYork, closed-bar reclaim within frozen window"
SSR|ASIA_HIGH|20260417|1776438000|FINAL,SSRP|ASIA_HIGH|20260417|1776438000|FINAL,true,MSZZC1|6:XAUUSD|1:5|2:-1|1:4|18:ASIA_HIGH|20260417,,,,,,false,,,REJECT_DUPLICATE_CLUSTER,"Asia session level swept during London/NewYork, closed-bar reclaim within frozen window"
SSR|ASIA_HIGH|20260417|1776438300|FINAL,SSRP|ASIA_HIGH|20260417|1776438300|FINAL,true,MSZZC1|6:XAUUSD|1:5|2:-1|1:4|18:ASIA_HIGH|20260417,,,,,,false,,,REJECT_DUPLICATE_CLUSTER,"Asia session level swept during London/NewYork, closed-bar reclaim within frozen window"
SSR|ASIA_HIGH|20260420|1776698100|FINAL,SSRP|ASIA_HIGH|20260420|1776698100|FINAL,true,MSZZC1|6:XAUUSD|1:5|2:-1|1:4|18:ASIA_HIGH|20260420,MSZZC1|6:XAUUSD|1:5|2:-1|1:4|18:ASIA_HIGH|20260420,642,642,642,643,true,-1.0000,-1.0,EXECUTED,broker-executed
SSR|ASIA_HIGH|20260420|1776698400|FINAL,SSRP|ASIA_HIGH|20260420|1776698400|FINAL,true,MSZZC1|6:XAUUSD|1:5|2:-1|1:4|18:ASIA_HIGH|20260420,,,,,,false,,,REJECT_DUPLICATE_CLUSTER,"Asia session level swept during London/NewYork, closed-bar reclaim within frozen window"
SSR|ASIA_HIGH|20260420|1776703800|FINAL,SSRP|ASIA_HIGH|20260420|1776703800|FINAL,true,MSZZC1|6:XAUUSD|1:5|2:-1|1:4|18:ASIA_HIGH|20260420,,,,,,false,,,REJECT_DUPLICATE_CLUSTER,"Asia session level swept during London/NewYork, closed-bar reclaim within frozen window"
SSR|ASIA_HIGH|20260420|1776706200|FINAL,SSRP|ASIA_HIGH|20260420|1776706200|FINAL,true,MSZZC1|6:XAUUSD|1:5|2:-1|1:4|18:ASIA_HIGH|20260420,,,,,,false,,,REJECT_DUPLICATE_CLUSTER,"Asia session level swept during London/NewYork, closed-bar reclaim within frozen window"
SSR|ASIA_HIGH|20260420|1776719100|FINAL,SSRP|ASIA_HIGH|20260420|1776719100|FINAL,true,MSZZC1|6:XAUUSD|1:5|2:-1|1:4|18:ASIA_HIGH|20260420,,,,,,false,,,REJECT_DUPLICATE_CLUSTER,"Asia session level swept during London/NewYork, closed-bar reclaim within frozen window"
SSR|ASIA_HIGH|20260420|1776719700|FINAL,SSRP|ASIA_HIGH|20260420|1776719700|FINAL,true,MSZZC1|6:XAUUSD|1:5|2:-1|1:4|18:ASIA_HIGH|20260420,,,,,,false,,,REJECT_DUPLICATE_CLUSTER,"Asia session level swept during London/NewYork, closed-bar reclaim within frozen window"
SSR|ASIA_HIGH|20260420|1776720000|FINAL,SSRP|ASIA_HIGH|20260420|1776720000|FINAL,true,MSZZC1|6:XAUUSD|1:5|2:-1|1:4|18:ASIA_HIGH|20260420,,,,,,false,,,REJECT_DUPLICATE_CLUSTER,"Asia session level swept during London/NewYork, closed-bar reclaim within frozen window"
SSR|ASIA_HIGH|20260420|1776720600|FINAL,SSRP|ASIA_HIGH|20260420|1776720600|FINAL,true,MSZZC1|6:XAUUSD|1:5|2:-1|1:4|18:ASIA_HIGH|20260420,,,,,,false,,,REJECT_DUPLICATE_CLUSTER,"Asia session level swept during London/NewYork, closed-bar reclaim within frozen window"
SSR|ASIA_HIGH|20260420|1776720900|FINAL,SSRP|ASIA_HIGH|20260420|1776720900|FINAL,true,MSZZC1|6:XAUUSD|1:5|2:-1|1:4|18:ASIA_HIGH|20260420,,,,,,false,,,REJECT_DUPLICATE_CLUSTER,"Asia session level swept during London/NewYork, closed-bar reclaim within frozen window"
SSR|ASIA_HIGH|20260420|1776723900|FINAL,SSRP|ASIA_HIGH|20260420|1776723900|FINAL,true,MSZZC1|6:XAUUSD|1:5|2:-1|1:4|18:ASIA_HIGH|20260420,,,,,,false,,,REJECT_DUPLICATE_CLUSTER,"Asia session level swept during London/NewYork, closed-bar reclaim within frozen window"
SSR|ASIA_HIGH|20260420|1776724500|FINAL,SSRP|ASIA_HIGH|20260420|1776724500|FINAL,true,MSZZC1|6:XAUUSD|1:5|2:-1|1:4|18:ASIA_HIGH|20260420,,,,,,false,,,REJECT_DUPLICATE_CLUSTER,"Asia session level swept during London/NewYork, closed-bar reclaim within frozen window"
SSR|ASIA_HIGH|20260420|1776726000|FINAL,SSRP|ASIA_HIGH|20260420|1776726000|FINAL,true,MSZZC1|6:XAUUSD|1:5|2:-1|1:4|18:ASIA_HIGH|20260420,,,,,,false,,,REJECT_DUPLICATE_CLUSTER,"Asia session level swept during London/NewYork, closed-bar reclaim within frozen window"
SSR|ASIA_HIGH|20260420|1776727500|FINAL,SSRP|ASIA_HIGH|20260420|1776727500|FINAL,true,MSZZC1|6:XAUUSD|1:5|2:-1|1:4|18:ASIA_HIGH|20260420,,,,,,false,,,REJECT_DUPLICATE_CLUSTER,"Asia session level swept during London/NewYork, closed-bar reclaim within frozen window"
SSR|ASIA_LOW|20260421|1776758400|FINAL,SSRP|ASIA_LOW|20260421|1776758400|FINAL,true,MSZZC1|6:XAUUSD|1:5|1:1|1:4|17:ASIA_LOW|20260421,MSZZC1|6:XAUUSD|1:5|1:1|1:4|17:ASIA_LOW|20260421,644,644,644,645,true,-1.0000,-1.0,EXECUTED,broker-executed
SSR|ASIA_LOW|20260421|1776759600|FINAL,SSRP|ASIA_LOW|20260421|1776759600|FINAL,true,MSZZC1|6:XAUUSD|1:5|1:1|1:4|17:ASIA_LOW|20260421,,,,,,false,,,REJECT_DUPLICATE_CLUSTER,"Asia session level swept during London/NewYork, closed-bar reclaim within frozen window"
SSR|ASIA_LOW|20260421|1776760200|FINAL,SSRP|ASIA_LOW|20260421|1776760200|FINAL,true,MSZZC1|6:XAUUSD|1:5|1:1|1:4|17:ASIA_LOW|20260421,,,,,,false,,,REJECT_DUPLICATE_CLUSTER,"Asia session level swept during London/NewYork, closed-bar reclaim within frozen window"
SSR|ASIA_LOW|20260421|1776767700|FINAL,SSRP|ASIA_LOW|20260421|1776767700|FINAL,true,MSZZC1|6:XAUUSD|1:5|1:1|1:4|17:ASIA_LOW|20260421,,,,,,false,,,REJECT_DUPLICATE_CLUSTER,"Asia session level swept during London/NewYork, closed-bar reclaim within frozen window"
SSR|ASIA_LOW|20260421|1776768300|FINAL,SSRP|ASIA_LOW|20260421|1776768300|FINAL,true,MSZZC1|6:XAUUSD|1:5|1:1|1:4|17:ASIA_LOW|20260421,,,,,,false,,,REJECT_DUPLICATE_CLUSTER,"Asia session level swept during London/NewYork, closed-bar reclaim within frozen window"
SSR|ASIA_LOW|20260421|1776770100|FINAL,SSRP|ASIA_LOW|20260421|1776770100|FINAL,true,MSZZC1|6:XAUUSD|1:5|1:1|1:4|17:ASIA_LOW|20260421,,,,,,false,,,REJECT_DUPLICATE_CLUSTER,"Asia session level swept during London/NewYork, closed-bar reclaim within frozen window"
SSR|ASIA_LOW|20260421|1776771300|FINAL,SSRP|ASIA_LOW|20260421|1776771300|FINAL,true,MSZZC1|6:XAUUSD|1:5|1:1|1:4|17:ASIA_LOW|20260421,,,,,,false,,,REJECT_DUPLICATE_CLUSTER,"Asia session level swept during London/NewYork, closed-bar reclaim within frozen window"
SSR|ASIA_LOW|20260421|1776771600|FINAL,SSRP|ASIA_LOW|20260421|1776771600|FINAL,true,MSZZC1|6:XAUUSD|1:5|1:1|1:4|17:ASIA_LOW|20260421,,,,,,false,,,REJECT_DUPLICATE_CLUSTER,"Asia session level swept during London/NewYork, closed-bar reclaim within frozen window"
SSR|ASIA_LOW|20260421|1776778200|FINAL,SSRP|ASIA_LOW|20260421|1776778200|FINAL,true,MSZZC1|6:XAUUSD|1:5|1:1|1:4|17:ASIA_LOW|20260421,,,,,,false,,,REJECT_DUPLICATE_CLUSTER,"Asia session level swept during London/NewYork, closed-bar reclaim within frozen window"
SSR|ASIA_LOW|20260421|1776779400|FINAL,SSRP|ASIA_LOW|20260421|1776779400|FINAL,true,MSZZC1|6:XAUUSD|1:5|1:1|1:4|17:ASIA_LOW|20260421,,,,,,false,,,REJECT_DUPLICATE_CLUSTER,"Asia session level swept during London/NewYork, closed-bar reclaim within frozen window"
SSR|ASIA_LOW|20260421|1776781500|FINAL,SSRP|ASIA_LOW|20260421|1776781500|FINAL,true,MSZZC1|6:XAUUSD|1:5|1:1|1:4|17:ASIA_LOW|20260421,,,,,,false,,,REJECT_DUPLICATE_CLUSTER,"Asia session level swept during London/NewYork, closed-bar reclaim within frozen window"
SSR|ASIA_LOW|20260421|1776789000|FINAL,SSRP|ASIA_LOW|20260421|1776789000|FINAL,true,MSZZC1|6:XAUUSD|1:5|1:1|1:4|17:ASIA_LOW|20260421,,,,,,false,,,REJECT_DUPLICATE_CLUSTER,"Asia session level swept during London/NewYork, closed-bar reclaim within frozen window"
SSR|ASIA_LOW|20260421|1776789600|FINAL,SSRP|ASIA_LOW|20260421|1776789600|FINAL,true,MSZZC1|6:XAUUSD|1:5|1:1|1:4|17:ASIA_LOW|20260421,,,,,,false,,,REJECT_DUPLICATE_CLUSTER,"Asia session level swept during London/NewYork, closed-bar reclaim within frozen window"
SSR|ASIA_LOW|20260421|1776789900|FINAL,SSRP|ASIA_LOW|20260421|1776789900|FINAL,true,MSZZC1|6:XAUUSD|1:5|1:1|1:4|17:ASIA_LOW|20260421,,,,,,false,,,REJECT_DUPLICATE_CLUSTER,"Asia session level swept during London/NewYork, closed-bar reclaim within frozen window"
SSR|ASIA_HIGH|20260422|1776848100|FINAL,SSRP|ASIA_HIGH|20260422|1776848100|FINAL,true,MSZZC1|6:XAUUSD|1:5|2:-1|1:4|18:ASIA_HIGH|20260422,MSZZC1|6:XAUUSD|1:5|2:-1|1:4|18:ASIA_HIGH|20260422,646,646,646,647,true,-1.0000,-1.0,EXECUTED,broker-executed
SSR|ASIA_HIGH|20260422|1776848400|FINAL,SSRP|ASIA_HIGH|20260422|1776848400|FINAL,true,MSZZC1|6:XAUUSD|1:5|2:-1|1:4|18:ASIA_HIGH|20260422,,,,,,false,,,REJECT_DUPLICATE_CLUSTER,"Asia session level swept during London/NewYork, closed-bar reclaim within frozen window"
SSR|ASIA_HIGH|20260422|1776849900|FINAL,SSRP|ASIA_HIGH|20260422|1776849900|FINAL,true,MSZZC1|6:XAUUSD|1:5|2:-1|1:4|18:ASIA_HIGH|20260422,,,,,,false,,,REJECT_DUPLICATE_CLUSTER,"Asia session level swept during London/NewYork, closed-bar reclaim within frozen window"
SSR|ASIA_HIGH|20260422|1776852300|FINAL,SSRP|ASIA_HIGH|20260422|1776852300|FINAL,true,MSZZC1|6:XAUUSD|1:5|2:-1|1:4|18:ASIA_HIGH|20260422,,,,,,false,,,REJECT_DUPLICATE_CLUSTER,"Asia session level swept during London/NewYork, closed-bar reclaim within frozen window"
SSR|ASIA_HIGH|20260422|1776852900|FINAL,SSRP|ASIA_HIGH|20260422|1776852900|FINAL,true,MSZZC1|6:XAUUSD|1:5|2:-1|1:4|18:ASIA_HIGH|20260422,,,,,,false,,,REJECT_DUPLICATE_CLUSTER,"Asia session level swept during London/NewYork, closed-bar reclaim within frozen window"
SSR|ASIA_HIGH|20260422|1776853800|FINAL,SSRP|ASIA_HIGH|20260422|1776853800|FINAL,true,MSZZC1|6:XAUUSD|1:5|2:-1|1:4|18:ASIA_HIGH|20260422,,,,,,false,,,REJECT_DUPLICATE_CLUSTER,"Asia session level swept during London/NewYork, closed-bar reclaim within frozen window"
SSR|ASIA_LOW|20260423|1776933000|FINAL,SSRP|ASIA_LOW|20260423|1776933000|FINAL,true,MSZZC1|6:XAUUSD|1:5|1:1|1:4|17:ASIA_LOW|20260423,MSZZC1|6:XAUUSD|1:5|1:1|1:4|17:ASIA_LOW|20260423,648,648,648,649,true,-1.0000,-1.0,EXECUTED,broker-executed
SSR|ASIA_LOW|20260423|1776951900|FINAL,SSRP|ASIA_LOW|20260423|1776951900|FINAL,true,MSZZC1|6:XAUUSD|1:5|1:1|1:4|17:ASIA_LOW|20260423,,,,,,false,,,REJECT_DUPLICATE_CLUSTER,"Asia session level swept during London/NewYork, closed-bar reclaim within frozen window"
SSR|ASIA_LOW|20260423|1776952500|FINAL,SSRP|ASIA_LOW|20260423|1776952500|FINAL,true,MSZZC1|6:XAUUSD|1:5|1:1|1:4|17:ASIA_LOW|20260423,,,,,,false,,,REJECT_DUPLICATE_CLUSTER,"Asia session level swept during London/NewYork, closed-bar reclaim within frozen window"
SSR|ASIA_LOW|20260423|1776977100|FINAL,SSRP|ASIA_LOW|20260423|1776977100|FINAL,true,MSZZC1|6:XAUUSD|1:5|1:1|1:4|17:ASIA_LOW|20260423,,,,,,false,,,REJECT_DUPLICATE_CLUSTER,"Asia session level swept during London/NewYork, closed-bar reclaim within frozen window"
SSR|ASIA_LOW|20260423|1776977400|FINAL,SSRP|ASIA_LOW|20260423|1776977400|FINAL,true,MSZZC1|6:XAUUSD|1:5|1:1|1:4|17:ASIA_LOW|20260423,,,,,,false,,,REJECT_DUPLICATE_CLUSTER,"Asia session level swept during London/NewYork, closed-bar reclaim within frozen window"
SSR|ASIA_LOW|20260423|1776982200|FINAL,SSRP|ASIA_LOW|20260423|1776982200|FINAL,true,MSZZC1|6:XAUUSD|1:5|1:1|1:4|17:ASIA_LOW|20260423,,,,,,false,,,REJECT_DUPLICATE_CLUSTER,"Asia session level swept during London/NewYork, closed-bar reclaim within frozen window"
SSR|ASIA_LOW|20260423|1776983700|FINAL,SSRP|ASIA_LOW|20260423|1776983700|FINAL,true,MSZZC1|6:XAUUSD|1:5|1:1|1:4|17:ASIA_LOW|20260423,,,,,,false,,,REJECT_DUPLICATE_CLUSTER,"Asia session level swept during London/NewYork, closed-bar reclaim within frozen window"
SSR|ASIA_LOW|20260423|1776984300|FINAL,SSRP|ASIA_LOW|20260423|1776984300|FINAL,true,MSZZC1|6:XAUUSD|1:5|1:1|1:4|17:ASIA_LOW|20260423,,,,,,false,,,REJECT_DUPLICATE_CLUSTER,"Asia session level swept during London/NewYork, closed-bar reclaim within frozen window"
SSR|ASIA_HIGH|20260424|1777040700|FINAL,SSRP|ASIA_HIGH|20260424|1777040700|FINAL,true,MSZZC1|6:XAUUSD|1:5|2:-1|1:4|18:ASIA_HIGH|20260424,MSZZC1|6:XAUUSD|1:5|2:-1|1:4|18:ASIA_HIGH|20260424,650,650,650,651,true,-1.0000,-1.0,EXECUTED,broker-executed
SSR|ASIA_HIGH|20260424|1777041300|FINAL,SSRP|ASIA_HIGH|20260424|1777041300|FINAL,true,MSZZC1|6:XAUUSD|1:5|2:-1|1:4|18:ASIA_HIGH|20260424,,,,,,false,,,REJECT_DUPLICATE_CLUSTER,"Asia session level swept during London/NewYork, closed-bar reclaim within frozen window"
SSR|ASIA_HIGH|20260424|1777049100|FINAL,SSRP|ASIA_HIGH|20260424|1777049100|FINAL,true,MSZZC1|6:XAUUSD|1:5|2:-1|1:4|18:ASIA_HIGH|20260424,,,,,,false,,,REJECT_DUPLICATE_CLUSTER,"Asia session level swept during London/NewYork, closed-bar reclaim within frozen window"
SSR|ASIA_HIGH|20260424|1777071300|FINAL,SSRP|ASIA_HIGH|20260424|1777071300|FINAL,true,MSZZC1|6:XAUUSD|1:5|2:-1|1:4|18:ASIA_HIGH|20260424,,,,,,false,,,REJECT_DUPLICATE_CLUSTER,"Asia session level swept during London/NewYork, closed-bar reclaim within frozen window"
SSR|ASIA_HIGH|20260424|1777071900|FINAL,SSRP|ASIA_HIGH|20260424|1777071900|FINAL,true,MSZZC1|6:XAUUSD|1:5|2:-1|1:4|18:ASIA_HIGH|20260424,,,,,,false,,,REJECT_DUPLICATE_CLUSTER,"Asia session level swept during London/NewYork, closed-bar reclaim within frozen window"
SSR|ASIA_LOW|20260427|1777312800|FINAL,SSRP|ASIA_LOW|20260427|1777312800|FINAL,true,MSZZC1|6:XAUUSD|1:5|1:1|1:4|17:ASIA_LOW|20260427,MSZZC1|6:XAUUSD|1:5|1:1|1:4|17:ASIA_LOW|20260427,652,652,652,653,true,1.9987,1.9987080103360066,EXECUTED,broker-executed
SSR|ASIA_LOW|20260427|1777313400|FINAL,SSRP|ASIA_LOW|20260427|1777313400|FINAL,true,MSZZC1|6:XAUUSD|1:5|1:1|1:4|17:ASIA_LOW|20260427,,,,,,false,,,REJECT_DUPLICATE_CLUSTER,"Asia session level swept during London/NewYork, closed-bar reclaim within frozen window"
SSR|ASIA_LOW|20260427|1777315800|FINAL,SSRP|ASIA_LOW|20260427|1777315800|FINAL,true,MSZZC1|6:XAUUSD|1:5|1:1|1:4|17:ASIA_LOW|20260427,,,,,,false,,,REJECT_DUPLICATE_CLUSTER,"Asia session level swept during London/NewYork, closed-bar reclaim within frozen window"
SSR|ASIA_LOW|20260427|1777316700|FINAL,SSRP|ASIA_LOW|20260427|1777316700|FINAL,true,MSZZC1|6:XAUUSD|1:5|1:1|1:4|17:ASIA_LOW|20260427,,,,,,false,,,REJECT_DUPLICATE_CLUSTER,"Asia session level swept during London/NewYork, closed-bar reclaim within frozen window"
SSR|ASIA_LOW|20260427|1777320600|FINAL,SSRP|ASIA_LOW|20260427|1777320600|FINAL,true,MSZZC1|6:XAUUSD|1:5|1:1|1:4|17:ASIA_LOW|20260427,,,,,,false,,,REJECT_DUPLICATE_CLUSTER,"Asia session level swept during London/NewYork, closed-bar reclaim within frozen window"
SSR|ASIA_LOW|20260427|1777321200|FINAL,SSRP|ASIA_LOW|20260427|1777321200|FINAL,true,MSZZC1|6:XAUUSD|1:5|1:1|1:4|17:ASIA_LOW|20260427,,,,,,false,,,REJECT_DUPLICATE_CLUSTER,"Asia session level swept during London/NewYork, closed-bar reclaim within frozen window"
SSR|ASIA_LOW|20260429|1777458000|FINAL,SSRP|ASIA_LOW|20260429|1777458000|FINAL,true,MSZZC1|6:XAUUSD|1:5|1:1|1:4|17:ASIA_LOW|20260429,MSZZC1|6:XAUUSD|1:5|1:1|1:4|17:ASIA_LOW|20260429,654,654,654,655,true,-1.0000,-1.0,EXECUTED,broker-executed
SSR|ASIA_LOW|20260429|1777464300|FINAL,SSRP|ASIA_LOW|20260429|1777464300|FINAL,true,MSZZC1|6:XAUUSD|1:5|1:1|1:4|17:ASIA_LOW|20260429,,,,,,false,,,REJECT_DUPLICATE_CLUSTER,"Asia session level swept during London/NewYork, closed-bar reclaim within frozen window"
SSR|ASIA_LOW|20260501|1777622400|FINAL,SSRP|ASIA_LOW|20260501|1777622400|FINAL,true,MSZZC1|6:XAUUSD|1:5|1:1|1:4|17:ASIA_LOW|20260501,MSZZC1|6:XAUUSD|1:5|1:1|1:4|17:ASIA_LOW|20260501,656,656,656,657,true,-1.0000,-1.0,EXECUTED,broker-executed
SSR|ASIA_LOW|20260501|1777653900|FINAL,SSRP|ASIA_LOW|20260501|1777653900|FINAL,true,MSZZC1|6:XAUUSD|1:5|1:1|1:4|17:ASIA_LOW|20260501,,,,,,false,,,REJECT_DUPLICATE_CLUSTER,"Asia session level swept during London/NewYork, closed-bar reclaim within frozen window"
SSR|ASIA_LOW|20260501|1777654200|FINAL,SSRP|ASIA_LOW|20260501|1777654200|FINAL,true,MSZZC1|6:XAUUSD|1:5|1:1|1:4|17:ASIA_LOW|20260501,,,,,,false,,,REJECT_DUPLICATE_CLUSTER,"Asia session level swept during London/NewYork, closed-bar reclaim within frozen window"
SSR|ASIA_HIGH|20260501|1777654800|FINAL,SSRP|ASIA_HIGH|20260501|1777654800|FINAL,true,MSZZC1|6:XAUUSD|1:5|2:-1|1:4|18:ASIA_HIGH|20260501,MSZZC1|6:XAUUSD|1:5|2:-1|1:4|18:ASIA_HIGH|20260501,658,658,658,659,true,-1.0000,-1.0,EXECUTED,broker-executed
SSR|ASIA_HIGH|20260501|1777656600|FINAL,SSRP|ASIA_HIGH|20260501|1777656600|FINAL,true,MSZZC1|6:XAUUSD|1:5|2:-1|1:4|18:ASIA_HIGH|20260501,,,,,,false,,,REJECT_DUPLICATE_CLUSTER,"Asia session level swept during London/NewYork, closed-bar reclaim within frozen window"
SSR|ASIA_HIGH|20260501|1777657200|FINAL,SSRP|ASIA_HIGH|20260501|1777657200|FINAL,true,MSZZC1|6:XAUUSD|1:5|2:-1|1:4|18:ASIA_HIGH|20260501,,,,,,false,,,REJECT_DUPLICATE_CLUSTER,"Asia session level swept during London/NewYork, closed-bar reclaim within frozen window"
SSR|ASIA_HIGH|20260501|1777666200|FINAL,SSRP|ASIA_HIGH|20260501|1777666200|FINAL,true,MSZZC1|6:XAUUSD|1:5|2:-1|1:4|18:ASIA_HIGH|20260501,,,,,,false,,,REJECT_DUPLICATE_CLUSTER,"Asia session level swept during London/NewYork, closed-bar reclaim within frozen window"
SSR|ASIA_HIGH|20260501|1777666800|FINAL,SSRP|ASIA_HIGH|20260501|1777666800|FINAL,true,MSZZC1|6:XAUUSD|1:5|2:-1|1:4|18:ASIA_HIGH|20260501,,,,,,false,,,REJECT_DUPLICATE_CLUSTER,"Asia session level swept during London/NewYork, closed-bar reclaim within frozen window"
SSR|ASIA_LOW|20260501|1777676400|FINAL,SSRP|ASIA_LOW|20260501|1777676400|FINAL,true,MSZZC1|6:XAUUSD|1:5|1:1|1:4|17:ASIA_LOW|20260501,,,,,,false,,,REJECT_DUPLICATE_CLUSTER,"Asia session level swept during London/NewYork, closed-bar reclaim within frozen window"
SSR|ASIA_LOW|20260501|1777676700|FINAL,SSRP|ASIA_LOW|20260501|1777676700|FINAL,true,MSZZC1|6:XAUUSD|1:5|1:1|1:4|17:ASIA_LOW|20260501,,,,,,false,,,REJECT_DUPLICATE_CLUSTER,"Asia session level swept during London/NewYork, closed-bar reclaim within frozen window"
SSR|ASIA_LOW|20260504|1777885500|FINAL,SSRP|ASIA_LOW|20260504|1777885500|FINAL,true,MSZZC1|6:XAUUSD|1:5|1:1|1:4|17:ASIA_LOW|20260504,MSZZC1|6:XAUUSD|1:5|1:1|1:4|17:ASIA_LOW|20260504,660,660,660,661,true,-1.0000,-1.0,EXECUTED,broker-executed
SSR|ASIA_LOW|20260504|1777887600|FINAL,SSRP|ASIA_LOW|20260504|1777887600|FINAL,true,MSZZC1|6:XAUUSD|1:5|1:1|1:4|17:ASIA_LOW|20260504,,,,,,false,,,REJECT_DUPLICATE_CLUSTER,"Asia session level swept during London/NewYork, closed-bar reclaim within frozen window"
SSR|ASIA_HIGH|20260505|1777970100|FINAL,SSRP|ASIA_HIGH|20260505|1777970100|FINAL,true,MSZZC1|6:XAUUSD|1:5|2:-1|1:4|18:ASIA_HIGH|20260505,MSZZC1|6:XAUUSD|1:5|2:-1|1:4|18:ASIA_HIGH|20260505,662,662,662,663,true,-1.0000,-1.0,EXECUTED,broker-executed
SSR|ASIA_HIGH|20260505|1777970400|FINAL,SSRP|ASIA_HIGH|20260505|1777970400|FINAL,true,MSZZC1|6:XAUUSD|1:5|2:-1|1:4|18:ASIA_HIGH|20260505,,,,,,false,,,REJECT_DUPLICATE_CLUSTER,"Asia session level swept during London/NewYork, closed-bar reclaim within frozen window"
SSR|ASIA_HIGH|20260505|1777971000|FINAL,SSRP|ASIA_HIGH|20260505|1777971000|FINAL,true,MSZZC1|6:XAUUSD|1:5|2:-1|1:4|18:ASIA_HIGH|20260505,,,,,,false,,,REJECT_DUPLICATE_CLUSTER,"Asia session level swept during London/NewYork, closed-bar reclaim within frozen window"
SSR|ASIA_HIGH|20260505|1777971600|FINAL,SSRP|ASIA_HIGH|20260505|1777971600|FINAL,true,MSZZC1|6:XAUUSD|1:5|2:-1|1:4|18:ASIA_HIGH|20260505,,,,,,false,,,REJECT_DUPLICATE_CLUSTER,"Asia session level swept during London/NewYork, closed-bar reclaim within frozen window"
SSR|ASIA_HIGH|20260505|1777973700|FINAL,SSRP|ASIA_HIGH|20260505|1777973700|FINAL,true,MSZZC1|6:XAUUSD|1:5|2:-1|1:4|18:ASIA_HIGH|20260505,,,,,,false,,,REJECT_DUPLICATE_CLUSTER,"Asia session level swept during London/NewYork, closed-bar reclaim within frozen window"
SSR|ASIA_HIGH|20260505|1777977600|FINAL,SSRP|ASIA_HIGH|20260505|1777977600|FINAL,true,MSZZC1|6:XAUUSD|1:5|2:-1|1:4|18:ASIA_HIGH|20260505,,,,,,false,,,REJECT_DUPLICATE_CLUSTER,"Asia session level swept during London/NewYork, closed-bar reclaim within frozen window"
SSR|ASIA_HIGH|20260505|1777977900|FINAL,SSRP|ASIA_HIGH|20260505|1777977900|FINAL,true,MSZZC1|6:XAUUSD|1:5|2:-1|1:4|18:ASIA_HIGH|20260505,,,,,,false,,,REJECT_DUPLICATE_CLUSTER,"Asia session level swept during London/NewYork, closed-bar reclaim within frozen window"
SSR|ASIA_HIGH|20260505|1777978200|FINAL,SSRP|ASIA_HIGH|20260505|1777978200|FINAL,true,MSZZC1|6:XAUUSD|1:5|2:-1|1:4|18:ASIA_HIGH|20260505,,,,,,false,,,REJECT_DUPLICATE_CLUSTER,"Asia session level swept during London/NewYork, closed-bar reclaim within frozen window"
SSR|ASIA_HIGH|20260505|1777988100|FINAL,SSRP|ASIA_HIGH|20260505|1777988100|FINAL,true,MSZZC1|6:XAUUSD|1:5|2:-1|1:4|18:ASIA_HIGH|20260505,,,,,,false,,,REJECT_DUPLICATE_CLUSTER,"Asia session level swept during London/NewYork, closed-bar reclaim within frozen window"
SSR|ASIA_HIGH|20260505|1777988400|FINAL,SSRP|ASIA_HIGH|20260505|1777988400|FINAL,true,MSZZC1|6:XAUUSD|1:5|2:-1|1:4|18:ASIA_HIGH|20260505,,,,,,false,,,REJECT_DUPLICATE_CLUSTER,"Asia session level swept during London/NewYork, closed-bar reclaim within frozen window"
SSR|ASIA_HIGH|20260506|1778054700|FINAL,SSRP|ASIA_HIGH|20260506|1778054700|FINAL,true,MSZZC1|6:XAUUSD|1:5|2:-1|1:4|18:ASIA_HIGH|20260506,MSZZC1|6:XAUUSD|1:5|2:-1|1:4|18:ASIA_HIGH|20260506,664,664,664,665,true,-1.0000,-1.0,EXECUTED,broker-executed
SSR|ASIA_HIGH|20260506|1778055300|FINAL,SSRP|ASIA_HIGH|20260506|1778055300|FINAL,true,MSZZC1|6:XAUUSD|1:5|2:-1|1:4|18:ASIA_HIGH|20260506,,,,,,false,,,REJECT_DUPLICATE_CLUSTER,"Asia session level swept during London/NewYork, closed-bar reclaim within frozen window"
SSR|ASIA_HIGH|20260506|1778055900|FINAL,SSRP|ASIA_HIGH|20260506|1778055900|FINAL,true,MSZZC1|6:XAUUSD|1:5|2:-1|1:4|18:ASIA_HIGH|20260506,,,,,,false,,,REJECT_DUPLICATE_CLUSTER,"Asia session level swept during London/NewYork, closed-bar reclaim within frozen window"
SSR|ASIA_HIGH|20260507|1778180100|FINAL,SSRP|ASIA_HIGH|20260507|1778180100|FINAL,true,MSZZC1|6:XAUUSD|1:5|2:-1|1:4|18:ASIA_HIGH|20260507,MSZZC1|6:XAUUSD|1:5|2:-1|1:4|18:ASIA_HIGH|20260507,666,666,666,667,true,2.0000,1.9999999999999398,EXECUTED,broker-executed
SSR|ASIA_HIGH|20260507|1778180700|FINAL,SSRP|ASIA_HIGH|20260507|1778180700|FINAL,true,MSZZC1|6:XAUUSD|1:5|2:-1|1:4|18:ASIA_HIGH|20260507,,,,,,false,,,REJECT_DUPLICATE_CLUSTER,"Asia session level swept during London/NewYork, closed-bar reclaim within frozen window"
SSR|ASIA_HIGH|20260507|1778181900|FINAL,SSRP|ASIA_HIGH|20260507|1778181900|FINAL,true,MSZZC1|6:XAUUSD|1:5|2:-1|1:4|18:ASIA_HIGH|20260507,,,,,,false,,,REJECT_DUPLICATE_CLUSTER,"Asia session level swept during London/NewYork, closed-bar reclaim within frozen window"
SSR|ASIA_HIGH|20260508|1778232300|FINAL,SSRP|ASIA_HIGH|20260508|1778232300|FINAL,true,MSZZC1|6:XAUUSD|1:5|2:-1|1:4|18:ASIA_HIGH|20260508,MSZZC1|6:XAUUSD|1:5|2:-1|1:4|18:ASIA_HIGH|20260508,668,668,668,669,true,1.9988,1.9988081048866355,EXECUTED,broker-executed
SSR|ASIA_HIGH|20260508|1778232600|FINAL,SSRP|ASIA_HIGH|20260508|1778232600|FINAL,true,MSZZC1|6:XAUUSD|1:5|2:-1|1:4|18:ASIA_HIGH|20260508,,,,,,false,,,REJECT_DUPLICATE_CLUSTER,"Asia session level swept during London/NewYork, closed-bar reclaim within frozen window"
SSR|ASIA_HIGH|20260508|1778259600|FINAL,SSRP|ASIA_HIGH|20260508|1778259600|FINAL,true,MSZZC1|6:XAUUSD|1:5|2:-1|1:4|18:ASIA_HIGH|20260508,,,,,,false,,,REJECT_DUPLICATE_CLUSTER,"Asia session level swept during London/NewYork, closed-bar reclaim within frozen window"
SSR|ASIA_HIGH|20260508|1778259900|FINAL,SSRP|ASIA_HIGH|20260508|1778259900|FINAL,true,MSZZC1|6:XAUUSD|1:5|2:-1|1:4|18:ASIA_HIGH|20260508,,,,,,false,,,REJECT_DUPLICATE_CLUSTER,"Asia session level swept during London/NewYork, closed-bar reclaim within frozen window"
SSR|ASIA_LOW|20260511|1778490300|FINAL,SSRP|ASIA_LOW|20260511|1778490300|FINAL,true,MSZZC1|6:XAUUSD|1:5|1:1|1:4|17:ASIA_LOW|20260511,MSZZC1|6:XAUUSD|1:5|1:1|1:4|17:ASIA_LOW|20260511,670,670,670,671,true,-1.0000,-1.0,EXECUTED,broker-executed
SSR|ASIA_LOW|20260511|1778490900|FINAL,SSRP|ASIA_LOW|20260511|1778490900|FINAL,true,MSZZC1|6:XAUUSD|1:5|1:1|1:4|17:ASIA_LOW|20260511,,,,,,false,,,REJECT_DUPLICATE_CLUSTER,"Asia session level swept during London/NewYork, closed-bar reclaim within frozen window"
SSR|ASIA_LOW|20260511|1778491800|FINAL,SSRP|ASIA_LOW|20260511|1778491800|FINAL,true,MSZZC1|6:XAUUSD|1:5|1:1|1:4|17:ASIA_LOW|20260511,,,,,,false,,,REJECT_DUPLICATE_CLUSTER,"Asia session level swept during London/NewYork, closed-bar reclaim within frozen window"
SSR|ASIA_LOW|20260511|1778496300|FINAL,SSRP|ASIA_LOW|20260511|1778496300|FINAL,true,MSZZC1|6:XAUUSD|1:5|1:1|1:4|17:ASIA_LOW|20260511,,,,,,false,,,REJECT_DUPLICATE_CLUSTER,"Asia session level swept during London/NewYork, closed-bar reclaim within frozen window"
SSR|ASIA_LOW|20260511|1778497500|FINAL,SSRP|ASIA_LOW|20260511|1778497500|FINAL,true,MSZZC1|6:XAUUSD|1:5|1:1|1:4|17:ASIA_LOW|20260511,,,,,,false,,,REJECT_DUPLICATE_CLUSTER,"Asia session level swept during London/NewYork, closed-bar reclaim within frozen window"
SSR|ASIA_LOW|20260511|1778497800|FINAL,SSRP|ASIA_LOW|20260511|1778497800|FINAL,true,MSZZC1|6:XAUUSD|1:5|1:1|1:4|17:ASIA_LOW|20260511,,,,,,false,,,REJECT_DUPLICATE_CLUSTER,"Asia session level swept during London/NewYork, closed-bar reclaim within frozen window"
SSR|ASIA_LOW|20260511|1778500200|FINAL,SSRP|ASIA_LOW|20260511|1778500200|FINAL,true,MSZZC1|6:XAUUSD|1:5|1:1|1:4|17:ASIA_LOW|20260511,,,,,,false,,,REJECT_DUPLICATE_CLUSTER,"Asia session level swept during London/NewYork, closed-bar reclaim within frozen window"
SSR|ASIA_LOW|20260511|1778507700|FINAL,SSRP|ASIA_LOW|20260511|1778507700|FINAL,true,MSZZC1|6:XAUUSD|1:5|1:1|1:4|17:ASIA_LOW|20260511,,,,,,false,,,REJECT_DUPLICATE_CLUSTER,"Asia session level swept during London/NewYork, closed-bar reclaim within frozen window"
SSR|ASIA_LOW|20260511|1778508000|FINAL,SSRP|ASIA_LOW|20260511|1778508000|FINAL,true,MSZZC1|6:XAUUSD|1:5|1:1|1:4|17:ASIA_LOW|20260511,,,,,,false,,,REJECT_DUPLICATE_CLUSTER,"Asia session level swept during London/NewYork, closed-bar reclaim within frozen window"
SSR|ASIA_LOW|20260511|1778508300|FINAL,SSRP|ASIA_LOW|20260511|1778508300|FINAL,true,MSZZC1|6:XAUUSD|1:5|1:1|1:4|17:ASIA_LOW|20260511,,,,,,false,,,REJECT_DUPLICATE_CLUSTER,"Asia session level swept during London/NewYork, closed-bar reclaim within frozen window"
SSR|ASIA_LOW|20260511|1778508600|FINAL,SSRP|ASIA_LOW|20260511|1778508600|FINAL,true,MSZZC1|6:XAUUSD|1:5|1:1|1:4|17:ASIA_LOW|20260511,,,,,,false,,,REJECT_DUPLICATE_CLUSTER,"Asia session level swept during London/NewYork, closed-bar reclaim within frozen window"
SSR|ASIA_LOW|20260511|1778508900|FINAL,SSRP|ASIA_LOW|20260511|1778508900|FINAL,true,MSZZC1|6:XAUUSD|1:5|1:1|1:4|17:ASIA_LOW|20260511,,,,,,false,,,REJECT_DUPLICATE_CLUSTER,"Asia session level swept during London/NewYork, closed-bar reclaim within frozen window"
SSR|ASIA_LOW|20260511|1778509200|FINAL,SSRP|ASIA_LOW|20260511|1778509200|FINAL,true,MSZZC1|6:XAUUSD|1:5|1:1|1:4|17:ASIA_LOW|20260511,,,,,,false,,,REJECT_DUPLICATE_CLUSTER,"Asia session level swept during London/NewYork, closed-bar reclaim within frozen window"
SSR|ASIA_LOW|20260511|1778509500|FINAL,SSRP|ASIA_LOW|20260511|1778509500|FINAL,true,MSZZC1|6:XAUUSD|1:5|1:1|1:4|17:ASIA_LOW|20260511,,,,,,false,,,REJECT_DUPLICATE_CLUSTER,"Asia session level swept during London/NewYork, closed-bar reclaim within frozen window"
SSR|ASIA_LOW|20260511|1778512200|FINAL,SSRP|ASIA_LOW|20260511|1778512200|FINAL,true,MSZZC1|6:XAUUSD|1:5|1:1|1:4|17:ASIA_LOW|20260511,,,,,,false,,,REJECT_DUPLICATE_CLUSTER,"Asia session level swept during London/NewYork, closed-bar reclaim within frozen window"
SSR|ASIA_LOW|20260511|1778512500|FINAL,SSRP|ASIA_LOW|20260511|1778512500|FINAL,true,MSZZC1|6:XAUUSD|1:5|1:1|1:4|17:ASIA_LOW|20260511,,,,,,false,,,REJECT_DUPLICATE_CLUSTER,"Asia session level swept during London/NewYork, closed-bar reclaim within frozen window"
SSR|ASIA_LOW|20260512|1778573100|FINAL,SSRP|ASIA_LOW|20260512|1778573100|FINAL,true,MSZZC1|6:XAUUSD|1:5|1:1|1:4|17:ASIA_LOW|20260512,MSZZC1|6:XAUUSD|1:5|1:1|1:4|17:ASIA_LOW|20260512,672,672,672,673,true,2.0023,2.0022779043278605,EXECUTED,broker-executed
SSR|ASIA_LOW|20260512|1778573400|FINAL,SSRP|ASIA_LOW|20260512|1778573400|FINAL,true,MSZZC1|6:XAUUSD|1:5|1:1|1:4|17:ASIA_LOW|20260512,,,,,,false,,,REJECT_DUPLICATE_CLUSTER,"Asia session level swept during London/NewYork, closed-bar reclaim within frozen window"
SSR|ASIA_LOW|20260512|1778625300|FINAL,SSRP|ASIA_LOW|20260512|1778625300|FINAL,true,MSZZC1|6:XAUUSD|1:5|1:1|1:4|17:ASIA_LOW|20260512,,,,,,false,,,REJECT_DUPLICATE_CLUSTER,"Asia session level swept during London/NewYork, closed-bar reclaim within frozen window"
SSR|ASIA_LOW|20260512|1778626200|FINAL,SSRP|ASIA_LOW|20260512|1778626200|FINAL,true,MSZZC1|6:XAUUSD|1:5|1:1|1:4|17:ASIA_LOW|20260512,,,,,,false,,,REJECT_DUPLICATE_CLUSTER,"Asia session level swept during London/NewYork, closed-bar reclaim within frozen window"
SSR|ASIA_LOW|20260513|1778674800|FINAL,SSRP|ASIA_LOW|20260513|1778674800|FINAL,true,MSZZC1|6:XAUUSD|1:5|1:1|1:4|17:ASIA_LOW|20260513,MSZZC1|6:XAUUSD|1:5|1:1|1:4|17:ASIA_LOW|20260513,674,674,674,675,true,2.0026,2.002597402597223,EXECUTED,broker-executed
SSR|ASIA_LOW|20260513|1778675100|FINAL,SSRP|ASIA_LOW|20260513|1778675100|FINAL,true,MSZZC1|6:XAUUSD|1:5|1:1|1:4|17:ASIA_LOW|20260513,,,,,,false,,,REJECT_DUPLICATE_CLUSTER,"Asia session level swept during London/NewYork, closed-bar reclaim within frozen window"
SSR|ASIA_LOW|20260513|1778675400|FINAL,SSRP|ASIA_LOW|20260513|1778675400|FINAL,true,MSZZC1|6:XAUUSD|1:5|1:1|1:4|17:ASIA_LOW|20260513,,,,,,false,,,REJECT_DUPLICATE_CLUSTER,"Asia session level swept during London/NewYork, closed-bar reclaim within frozen window"
SSR|ASIA_LOW|20260513|1778687700|FINAL,SSRP|ASIA_LOW|20260513|1778687700|FINAL,true,MSZZC1|6:XAUUSD|1:5|1:1|1:4|17:ASIA_LOW|20260513,,,,,,false,,,REJECT_DUPLICATE_CLUSTER,"Asia session level swept during London/NewYork, closed-bar reclaim within frozen window"
SSR|ASIA_LOW|20260513|1778688600|FINAL,SSRP|ASIA_LOW|20260513|1778688600|FINAL,true,MSZZC1|6:XAUUSD|1:5|1:1|1:4|17:ASIA_LOW|20260513,,,,,,false,,,REJECT_DUPLICATE_CLUSTER,"Asia session level swept during London/NewYork, closed-bar reclaim within frozen window"
SSR|ASIA_LOW|20260513|1778688900|FINAL,SSRP|ASIA_LOW|20260513|1778688900|FINAL,true,MSZZC1|6:XAUUSD|1:5|1:1|1:4|17:ASIA_LOW|20260513,,,,,,false,,,REJECT_DUPLICATE_CLUSTER,"Asia session level swept during London/NewYork, closed-bar reclaim within frozen window"
SSR|ASIA_LOW|20260513|1778692800|FINAL,SSRP|ASIA_LOW|20260513|1778692800|FINAL,true,MSZZC1|6:XAUUSD|1:5|1:1|1:4|17:ASIA_LOW|20260513,,,,,,false,,,REJECT_DUPLICATE_CLUSTER,"Asia session level swept during London/NewYork, closed-bar reclaim within frozen window"
SSR|ASIA_LOW|20260513|1778695200|FINAL,SSRP|ASIA_LOW|20260513|1778695200|FINAL,true,MSZZC1|6:XAUUSD|1:5|1:1|1:4|17:ASIA_LOW|20260513,,,,,,false,,,REJECT_DUPLICATE_CLUSTER,"Asia session level swept during London/NewYork, closed-bar reclaim within frozen window"
SSR|ASIA_LOW|20260513|1778695500|FINAL,SSRP|ASIA_LOW|20260513|1778695500|FINAL,true,MSZZC1|6:XAUUSD|1:5|1:1|1:4|17:ASIA_LOW|20260513,,,,,,false,,,REJECT_DUPLICATE_CLUSTER,"Asia session level swept during London/NewYork, closed-bar reclaim within frozen window"
SSR|ASIA_LOW|20260513|1778696400|FINAL,SSRP|ASIA_LOW|20260513|1778696400|FINAL,true,MSZZC1|6:XAUUSD|1:5|1:1|1:4|17:ASIA_LOW|20260513,,,,,,false,,,REJECT_DUPLICATE_CLUSTER,"Asia session level swept during London/NewYork, closed-bar reclaim within frozen window"
SSR|ASIA_LOW|20260513|1778705700|FINAL,SSRP|ASIA_LOW|20260513|1778705700|FINAL,true,MSZZC1|6:XAUUSD|1:5|1:1|1:4|17:ASIA_LOW|20260513,,,,,,false,,,REJECT_DUPLICATE_CLUSTER,"Asia session level swept during London/NewYork, closed-bar reclaim within frozen window"
SSR|ASIA_LOW|20260513|1778706000|FINAL,SSRP|ASIA_LOW|20260513|1778706000|FINAL,true,MSZZC1|6:XAUUSD|1:5|1:1|1:4|17:ASIA_LOW|20260513,,,,,,false,,,REJECT_DUPLICATE_CLUSTER,"Asia session level swept during London/NewYork, closed-bar reclaim within frozen window"
SSR|ASIA_LOW|20260513|1778709600|FINAL,SSRP|ASIA_LOW|20260513|1778709600|FINAL,true,MSZZC1|6:XAUUSD|1:5|1:1|1:4|17:ASIA_LOW|20260513,,,,,,false,,,REJECT_DUPLICATE_CLUSTER,"Asia session level swept during London/NewYork, closed-bar reclaim within frozen window"
SSR|ASIA_LOW|20260513|1778710200|FINAL,SSRP|ASIA_LOW|20260513|1778710200|FINAL,true,MSZZC1|6:XAUUSD|1:5|1:1|1:4|17:ASIA_LOW|20260513,,,,,,false,,,REJECT_DUPLICATE_CLUSTER,"Asia session level swept during London/NewYork, closed-bar reclaim within frozen window"
SSR|ASIA_LOW|20260513|1778710500|FINAL,SSRP|ASIA_LOW|20260513|1778710500|FINAL,true,MSZZC1|6:XAUUSD|1:5|1:1|1:4|17:ASIA_LOW|20260513,,,,,,false,,,REJECT_DUPLICATE_CLUSTER,"Asia session level swept during London/NewYork, closed-bar reclaim within frozen window"
SSR|ASIA_LOW|20260513|1778711400|FINAL,SSRP|ASIA_LOW|20260513|1778711400|FINAL,true,MSZZC1|6:XAUUSD|1:5|1:1|1:4|17:ASIA_LOW|20260513,,,,,,false,,,REJECT_DUPLICATE_CLUSTER,"Asia session level swept during London/NewYork, closed-bar reclaim within frozen window"
SSR|ASIA_LOW|20260513|1778711700|FINAL,SSRP|ASIA_LOW|20260513|1778711700|FINAL,true,MSZZC1|6:XAUUSD|1:5|1:1|1:4|17:ASIA_LOW|20260513,,,,,,false,,,REJECT_DUPLICATE_CLUSTER,"Asia session level swept during London/NewYork, closed-bar reclaim within frozen window"
SSR|ASIA_LOW|20260513|1778712600|FINAL,SSRP|ASIA_LOW|20260513|1778712600|FINAL,true,MSZZC1|6:XAUUSD|1:5|1:1|1:4|17:ASIA_LOW|20260513,,,,,,false,,,REJECT_DUPLICATE_CLUSTER,"Asia session level swept during London/NewYork, closed-bar reclaim within frozen window"
SSR|ASIA_LOW|20260513|1778712900|FINAL,SSRP|ASIA_LOW|20260513|1778712900|FINAL,true,MSZZC1|6:XAUUSD|1:5|1:1|1:4|17:ASIA_LOW|20260513,,,,,,false,,,REJECT_DUPLICATE_CLUSTER,"Asia session level swept during London/NewYork, closed-bar reclaim within frozen window"
SSR|ASIA_HIGH|20260514|1778754900|FINAL,SSRP|ASIA_HIGH|20260514|1778754900|FINAL,true,MSZZC1|6:XAUUSD|1:5|2:-1|1:4|18:ASIA_HIGH|20260514,MSZZC1|6:XAUUSD|1:5|2:-1|1:4|18:ASIA_HIGH|20260514,676,676,676,677,true,1.9990,1.9989637305698313,EXECUTED,broker-executed
SSR|ASIA_HIGH|20260514|1778755200|FINAL,SSRP|ASIA_HIGH|20260514|1778755200|FINAL,true,MSZZC1|6:XAUUSD|1:5|2:-1|1:4|18:ASIA_HIGH|20260514,,,,,,false,,,REJECT_DUPLICATE_CLUSTER,"Asia session level swept during London/NewYork, closed-bar reclaim within frozen window"
SSR|ASIA_LOW|20260514|1778776800|FINAL,SSRP|ASIA_LOW|20260514|1778776800|FINAL,true,MSZZC1|6:XAUUSD|1:5|1:1|1:4|17:ASIA_LOW|20260514,MSZZC1|6:XAUUSD|1:5|1:1|1:4|17:ASIA_LOW|20260514,678,678,678,679,true,-1.0000,-1.0,EXECUTED,broker-executed
SSR|ASIA_LOW|20260514|1778795100|FINAL,SSRP|ASIA_LOW|20260514|1778795100|FINAL,true,MSZZC1|6:XAUUSD|1:5|1:1|1:4|17:ASIA_LOW|20260514,,,,,,false,,,REJECT_DUPLICATE_CLUSTER,"Asia session level swept during London/NewYork, closed-bar reclaim within frozen window"
SSR|ASIA_HIGH|20260518|1779100200|FINAL,SSRP|ASIA_HIGH|20260518|1779100200|FINAL,true,MSZZC1|6:XAUUSD|1:5|2:-1|1:4|18:ASIA_HIGH|20260518,MSZZC1|6:XAUUSD|1:5|2:-1|1:4|18:ASIA_HIGH|20260518,680,680,680,681,true,2.0014,2.001351351351504,EXECUTED,broker-executed
SSR|ASIA_HIGH|20260518|1779105000|FINAL,SSRP|ASIA_HIGH|20260518|1779105000|FINAL,true,MSZZC1|6:XAUUSD|1:5|2:-1|1:4|18:ASIA_HIGH|20260518,,,,,,false,,,REJECT_DUPLICATE_CLUSTER,"Asia session level swept during London/NewYork, closed-bar reclaim within frozen window"
SSR|ASIA_HIGH|20260518|1779105300|FINAL,SSRP|ASIA_HIGH|20260518|1779105300|FINAL,true,MSZZC1|6:XAUUSD|1:5|2:-1|1:4|18:ASIA_HIGH|20260518,,,,,,false,,,REJECT_DUPLICATE_CLUSTER,"Asia session level swept during London/NewYork, closed-bar reclaim within frozen window"
SSR|ASIA_HIGH|20260518|1779115200|FINAL,SSRP|ASIA_HIGH|20260518|1779115200|FINAL,true,MSZZC1|6:XAUUSD|1:5|2:-1|1:4|18:ASIA_HIGH|20260518,,,,,,false,,,REJECT_DUPLICATE_CLUSTER,"Asia session level swept during London/NewYork, closed-bar reclaim within frozen window"
SSR|ASIA_HIGH|20260518|1779116700|FINAL,SSRP|ASIA_HIGH|20260518|1779116700|FINAL,true,MSZZC1|6:XAUUSD|1:5|2:-1|1:4|18:ASIA_HIGH|20260518,,,,,,false,,,REJECT_DUPLICATE_CLUSTER,"Asia session level swept during London/NewYork, closed-bar reclaim within frozen window"
SSR|ASIA_HIGH|20260518|1779125100|FINAL,SSRP|ASIA_HIGH|20260518|1779125100|FINAL,true,MSZZC1|6:XAUUSD|1:5|2:-1|1:4|18:ASIA_HIGH|20260518,,,,,,false,,,REJECT_DUPLICATE_CLUSTER,"Asia session level swept during London/NewYork, closed-bar reclaim within frozen window"
SSR|ASIA_HIGH|20260518|1779125400|FINAL,SSRP|ASIA_HIGH|20260518|1779125400|FINAL,true,MSZZC1|6:XAUUSD|1:5|2:-1|1:4|18:ASIA_HIGH|20260518,,,,,,false,,,REJECT_DUPLICATE_CLUSTER,"Asia session level swept during London/NewYork, closed-bar reclaim within frozen window"
SSR|ASIA_HIGH|20260518|1779134400|FINAL,SSRP|ASIA_HIGH|20260518|1779134400|FINAL,true,MSZZC1|6:XAUUSD|1:5|2:-1|1:4|18:ASIA_HIGH|20260518,,,,,,false,,,REJECT_DUPLICATE_CLUSTER,"Asia session level swept during London/NewYork, closed-bar reclaim within frozen window"
SSR|ASIA_HIGH|20260518|1779135000|FINAL,SSRP|ASIA_HIGH|20260518|1779135000|FINAL,true,MSZZC1|6:XAUUSD|1:5|2:-1|1:4|18:ASIA_HIGH|20260518,,,,,,false,,,REJECT_DUPLICATE_CLUSTER,"Asia session level swept during London/NewYork, closed-bar reclaim within frozen window"
SSR|ASIA_HIGH|20260518|1779141600|FINAL,SSRP|ASIA_HIGH|20260518|1779141600|FINAL,true,MSZZC1|6:XAUUSD|1:5|2:-1|1:4|18:ASIA_HIGH|20260518,,,,,,false,,,REJECT_DUPLICATE_CLUSTER,"Asia session level swept during London/NewYork, closed-bar reclaim within frozen window"
SSR|ASIA_HIGH|20260518|1779142200|FINAL,SSRP|ASIA_HIGH|20260518|1779142200|FINAL,true,MSZZC1|6:XAUUSD|1:5|2:-1|1:4|18:ASIA_HIGH|20260518,,,,,,false,,,REJECT_DUPLICATE_CLUSTER,"Asia session level swept during London/NewYork, closed-bar reclaim within frozen window"
SSR|ASIA_LOW|20260519|1779178800|FINAL,SSRP|ASIA_LOW|20260519|1779178800|FINAL,true,MSZZC1|6:XAUUSD|1:5|1:1|1:4|17:ASIA_LOW|20260519,MSZZC1|6:XAUUSD|1:5|1:1|1:4|17:ASIA_LOW|20260519,682,682,682,683,true,2.0012,2.0012453300124804,EXECUTED,broker-executed
SSR|ASIA_LOW|20260519|1779179100|FINAL,SSRP|ASIA_LOW|20260519|1779179100|FINAL,true,MSZZC1|6:XAUUSD|1:5|1:1|1:4|17:ASIA_LOW|20260519,,,,,,false,,,REJECT_DUPLICATE_CLUSTER,"Asia session level swept during London/NewYork, closed-bar reclaim within frozen window"
SSR|ASIA_LOW|20260519|1779179700|FINAL,SSRP|ASIA_LOW|20260519|1779179700|FINAL,true,MSZZC1|6:XAUUSD|1:5|1:1|1:4|17:ASIA_LOW|20260519,,,,,,false,,,REJECT_DUPLICATE_CLUSTER,"Asia session level swept during London/NewYork, closed-bar reclaim within frozen window"
SSR|ASIA_LOW|20260519|1779180300|FINAL,SSRP|ASIA_LOW|20260519|1779180300|FINAL,true,MSZZC1|6:XAUUSD|1:5|1:1|1:4|17:ASIA_LOW|20260519,,,,,,false,,,REJECT_DUPLICATE_CLUSTER,"Asia session level swept during London/NewYork, closed-bar reclaim within frozen window"
SSR|ASIA_LOW|20260519|1779180600|FINAL,SSRP|ASIA_LOW|20260519|1779180600|FINAL,true,MSZZC1|6:XAUUSD|1:5|1:1|1:4|17:ASIA_LOW|20260519,,,,,,false,,,REJECT_DUPLICATE_CLUSTER,"Asia session level swept during London/NewYork, closed-bar reclaim within frozen window"
SSR|ASIA_LOW|20260519|1779181200|FINAL,SSRP|ASIA_LOW|20260519|1779181200|FINAL,true,MSZZC1|6:XAUUSD|1:5|1:1|1:4|17:ASIA_LOW|20260519,,,,,,false,,,REJECT_DUPLICATE_CLUSTER,"Asia session level swept during London/NewYork, closed-bar reclaim within frozen window"
SSR|ASIA_LOW|20260519|1779189900|FINAL,SSRP|ASIA_LOW|20260519|1779189900|FINAL,true,MSZZC1|6:XAUUSD|1:5|1:1|1:4|17:ASIA_LOW|20260519,,,,,,false,,,REJECT_DUPLICATE_CLUSTER,"Asia session level swept during London/NewYork, closed-bar reclaim within frozen window"
SSR|ASIA_LOW|20260519|1779192300|FINAL,SSRP|ASIA_LOW|20260519|1779192300|FINAL,true,MSZZC1|6:XAUUSD|1:5|1:1|1:4|17:ASIA_LOW|20260519,,,,,,false,,,REJECT_DUPLICATE_CLUSTER,"Asia session level swept during London/NewYork, closed-bar reclaim within frozen window"
SSR|ASIA_LOW|20260519|1779192900|FINAL,SSRP|ASIA_LOW|20260519|1779192900|FINAL,true,MSZZC1|6:XAUUSD|1:5|1:1|1:4|17:ASIA_LOW|20260519,,,,,,false,,,REJECT_DUPLICATE_CLUSTER,"Asia session level swept during London/NewYork, closed-bar reclaim within frozen window"
SSR|ASIA_LOW|20260519|1779193800|FINAL,SSRP|ASIA_LOW|20260519|1779193800|FINAL,true,MSZZC1|6:XAUUSD|1:5|1:1|1:4|17:ASIA_LOW|20260519,,,,,,false,,,REJECT_DUPLICATE_CLUSTER,"Asia session level swept during London/NewYork, closed-bar reclaim within frozen window"
SSR|ASIA_LOW|20260519|1779195600|FINAL,SSRP|ASIA_LOW|20260519|1779195600|FINAL,true,MSZZC1|6:XAUUSD|1:5|1:1|1:4|17:ASIA_LOW|20260519,,,,,,false,,,REJECT_DUPLICATE_CLUSTER,"Asia session level swept during London/NewYork, closed-bar reclaim within frozen window"
SSR|ASIA_LOW|20260519|1779195900|FINAL,SSRP|ASIA_LOW|20260519|1779195900|FINAL,true,MSZZC1|6:XAUUSD|1:5|1:1|1:4|17:ASIA_LOW|20260519,,,,,,false,,,REJECT_DUPLICATE_CLUSTER,"Asia session level swept during London/NewYork, closed-bar reclaim within frozen window"
SSR|ASIA_LOW|20260519|1779198300|FINAL,SSRP|ASIA_LOW|20260519|1779198300|FINAL,true,MSZZC1|6:XAUUSD|1:5|1:1|1:4|17:ASIA_LOW|20260519,,,,,,false,,,REJECT_DUPLICATE_CLUSTER,"Asia session level swept during London/NewYork, closed-bar reclaim within frozen window"
SSR|ASIA_LOW|20260519|1779198900|FINAL,SSRP|ASIA_LOW|20260519|1779198900|FINAL,true,MSZZC1|6:XAUUSD|1:5|1:1|1:4|17:ASIA_LOW|20260519,,,,,,false,,,REJECT_DUPLICATE_CLUSTER,"Asia session level swept during London/NewYork, closed-bar reclaim within frozen window"
SSR|ASIA_LOW|20260519|1779199800|FINAL,SSRP|ASIA_LOW|20260519|1779199800|FINAL,true,MSZZC1|6:XAUUSD|1:5|1:1|1:4|17:ASIA_LOW|20260519,,,,,,false,,,REJECT_DUPLICATE_CLUSTER,"Asia session level swept during London/NewYork, closed-bar reclaim within frozen window"
SSR|ASIA_LOW|20260519|1779200100|FINAL,SSRP|ASIA_LOW|20260519|1779200100|FINAL,true,MSZZC1|6:XAUUSD|1:5|1:1|1:4|17:ASIA_LOW|20260519,,,,,,false,,,REJECT_DUPLICATE_CLUSTER,"Asia session level swept during London/NewYork, closed-bar reclaim within frozen window"
SSR|ASIA_LOW|20260519|1779201300|FINAL,SSRP|ASIA_LOW|20260519|1779201300|FINAL,true,MSZZC1|6:XAUUSD|1:5|1:1|1:4|17:ASIA_LOW|20260519,,,,,,false,,,REJECT_DUPLICATE_CLUSTER,"Asia session level swept during London/NewYork, closed-bar reclaim within frozen window"
SSR|ASIA_LOW|20260519|1779202500|FINAL,SSRP|ASIA_LOW|20260519|1779202500|FINAL,true,MSZZC1|6:XAUUSD|1:5|1:1|1:4|17:ASIA_LOW|20260519,,,,,,false,,,REJECT_DUPLICATE_CLUSTER,"Asia session level swept during London/NewYork, closed-bar reclaim within frozen window"
SSR|ASIA_LOW|20260519|1779203100|FINAL,SSRP|ASIA_LOW|20260519|1779203100|FINAL,true,MSZZC1|6:XAUUSD|1:5|1:1|1:4|17:ASIA_LOW|20260519,,,,,,false,,,REJECT_DUPLICATE_CLUSTER,"Asia session level swept during London/NewYork, closed-bar reclaim within frozen window"
SSR|ASIA_LOW|20260519|1779203700|FINAL,SSRP|ASIA_LOW|20260519|1779203700|FINAL,true,MSZZC1|6:XAUUSD|1:5|1:1|1:4|17:ASIA_LOW|20260519,,,,,,false,,,REJECT_DUPLICATE_CLUSTER,"Asia session level swept during London/NewYork, closed-bar reclaim within frozen window"
SSR|ASIA_LOW|20260519|1779205200|FINAL,SSRP|ASIA_LOW|20260519|1779205200|FINAL,true,MSZZC1|6:XAUUSD|1:5|1:1|1:4|17:ASIA_LOW|20260519,,,,,,false,,,REJECT_DUPLICATE_CLUSTER,"Asia session level swept during London/NewYork, closed-bar reclaim within frozen window"
SSR|ASIA_LOW|20260519|1779205500|FINAL,SSRP|ASIA_LOW|20260519|1779205500|FINAL,true,MSZZC1|6:XAUUSD|1:5|1:1|1:4|17:ASIA_LOW|20260519,,,,,,false,,,REJECT_DUPLICATE_CLUSTER,"Asia session level swept during London/NewYork, closed-bar reclaim within frozen window"
SSR|ASIA_HIGH|20260520|1779297600|FINAL,SSRP|ASIA_HIGH|20260520|1779297600|FINAL,true,MSZZC1|6:XAUUSD|1:5|2:-1|1:4|18:ASIA_HIGH|20260520,MSZZC1|6:XAUUSD|1:5|2:-1|1:4|18:ASIA_HIGH|20260520,684,684,684,685,true,-1.0000,-1.0,EXECUTED,broker-executed
SSR|ASIA_LOW|20260521|1779353100|FINAL,SSRP|ASIA_LOW|20260521|1779353100|FINAL,true,MSZZC1|6:XAUUSD|1:5|1:1|1:4|17:ASIA_LOW|20260521,MSZZC1|6:XAUUSD|1:5|1:1|1:4|17:ASIA_LOW|20260521,686,686,686,687,true,-1.0000,-1.0,EXECUTED,broker-executed
SSR|ASIA_LOW|20260521|1779353400|FINAL,SSRP|ASIA_LOW|20260521|1779353400|FINAL,true,MSZZC1|6:XAUUSD|1:5|1:1|1:4|17:ASIA_LOW|20260521,,,,,,false,,,REJECT_DUPLICATE_CLUSTER,"Asia session level swept during London/NewYork, closed-bar reclaim within frozen window"
SSR|ASIA_LOW|20260521|1779353700|FINAL,SSRP|ASIA_LOW|20260521|1779353700|FINAL,true,MSZZC1|6:XAUUSD|1:5|1:1|1:4|17:ASIA_LOW|20260521,,,,,,false,,,REJECT_DUPLICATE_CLUSTER,"Asia session level swept during London/NewYork, closed-bar reclaim within frozen window"
SSR|ASIA_LOW|20260521|1779361200|FINAL,SSRP|ASIA_LOW|20260521|1779361200|FINAL,true,MSZZC1|6:XAUUSD|1:5|1:1|1:4|17:ASIA_LOW|20260521,,,,,,false,,,REJECT_DUPLICATE_CLUSTER,"Asia session level swept during London/NewYork, closed-bar reclaim within frozen window"
SSR|ASIA_LOW|20260521|1779361500|FINAL,SSRP|ASIA_LOW|20260521|1779361500|FINAL,true,MSZZC1|6:XAUUSD|1:5|1:1|1:4|17:ASIA_LOW|20260521,,,,,,false,,,REJECT_DUPLICATE_CLUSTER,"Asia session level swept during London/NewYork, closed-bar reclaim within frozen window"
SSR|ASIA_LOW|20260521|1779393900|FINAL,SSRP|ASIA_LOW|20260521|1779393900|FINAL,true,MSZZC1|6:XAUUSD|1:5|1:1|1:4|17:ASIA_LOW|20260521,,,,,,false,,,REJECT_DUPLICATE_CLUSTER,"Asia session level swept during London/NewYork, closed-bar reclaim within frozen window"
SSR|ASIA_LOW|20260521|1779394500|FINAL,SSRP|ASIA_LOW|20260521|1779394500|FINAL,true,MSZZC1|6:XAUUSD|1:5|1:1|1:4|17:ASIA_LOW|20260521,,,,,,false,,,REJECT_DUPLICATE_CLUSTER,"Asia session level swept during London/NewYork, closed-bar reclaim within frozen window"
SSR|ASIA_LOW|20260522|1779440100|FINAL,SSRP|ASIA_LOW|20260522|1779440100|FINAL,true,MSZZC1|6:XAUUSD|1:5|1:1|1:4|17:ASIA_LOW|20260522,MSZZC1|6:XAUUSD|1:5|1:1|1:4|17:ASIA_LOW|20260522,688,688,688,689,true,-1.0000,-1.0,EXECUTED,broker-executed
SSR|ASIA_LOW|20260522|1779440400|FINAL,SSRP|ASIA_LOW|20260522|1779440400|FINAL,true,MSZZC1|6:XAUUSD|1:5|1:1|1:4|17:ASIA_LOW|20260522,,,,,,false,,,REJECT_DUPLICATE_CLUSTER,"Asia session level swept during London/NewYork, closed-bar reclaim within frozen window"
SSR|ASIA_LOW|20260522|1779441300|FINAL,SSRP|ASIA_LOW|20260522|1779441300|FINAL,true,MSZZC1|6:XAUUSD|1:5|1:1|1:4|17:ASIA_LOW|20260522,,,,,,false,,,REJECT_DUPLICATE_CLUSTER,"Asia session level swept during London/NewYork, closed-bar reclaim within frozen window"
SSR|ASIA_LOW|20260522|1779446400|FINAL,SSRP|ASIA_LOW|20260522|1779446400|FINAL,true,MSZZC1|6:XAUUSD|1:5|1:1|1:4|17:ASIA_LOW|20260522,,,,,,false,,,REJECT_DUPLICATE_CLUSTER,"Asia session level swept during London/NewYork, closed-bar reclaim within frozen window"
SSR|ASIA_LOW|20260522|1779449700|FINAL,SSRP|ASIA_LOW|20260522|1779449700|FINAL,true,MSZZC1|6:XAUUSD|1:5|1:1|1:4|17:ASIA_LOW|20260522,,,,,,false,,,REJECT_DUPLICATE_CLUSTER,"Asia session level swept during London/NewYork, closed-bar reclaim within frozen window"
SSR|ASIA_LOW|20260522|1779451800|FINAL,SSRP|ASIA_LOW|20260522|1779451800|FINAL,true,MSZZC1|6:XAUUSD|1:5|1:1|1:4|17:ASIA_LOW|20260522,,,,,,false,,,REJECT_DUPLICATE_CLUSTER,"Asia session level swept during London/NewYork, closed-bar reclaim within frozen window"
SSR|ASIA_LOW|20260522|1779452100|FINAL,SSRP|ASIA_LOW|20260522|1779452100|FINAL,true,MSZZC1|6:XAUUSD|1:5|1:1|1:4|17:ASIA_LOW|20260522,,,,,,false,,,REJECT_DUPLICATE_CLUSTER,"Asia session level swept during London/NewYork, closed-bar reclaim within frozen window"
SSR|ASIA_LOW|20260522|1779452700|FINAL,SSRP|ASIA_LOW|20260522|1779452700|FINAL,true,MSZZC1|6:XAUUSD|1:5|1:1|1:4|17:ASIA_LOW|20260522,,,,,,false,,,REJECT_DUPLICATE_CLUSTER,"Asia session level swept during London/NewYork, closed-bar reclaim within frozen window"
SSR|ASIA_LOW|20260522|1779453000|FINAL,SSRP|ASIA_LOW|20260522|1779453000|FINAL,true,MSZZC1|6:XAUUSD|1:5|1:1|1:4|17:ASIA_LOW|20260522,,,,,,false,,,REJECT_DUPLICATE_CLUSTER,"Asia session level swept during London/NewYork, closed-bar reclaim within frozen window"
SSR|ASIA_LOW|20260522|1779459900|FINAL,SSRP|ASIA_LOW|20260522|1779459900|FINAL,true,MSZZC1|6:XAUUSD|1:5|1:1|1:4|17:ASIA_LOW|20260522,,,,,,false,,,REJECT_DUPLICATE_CLUSTER,"Asia session level swept during London/NewYork, closed-bar reclaim within frozen window"
SSR|ASIA_LOW|20260522|1779460500|FINAL,SSRP|ASIA_LOW|20260522|1779460500|FINAL,true,MSZZC1|6:XAUUSD|1:5|1:1|1:4|17:ASIA_LOW|20260522,,,,,,false,,,REJECT_DUPLICATE_CLUSTER,"Asia session level swept during London/NewYork, closed-bar reclaim within frozen window"
SSR|ASIA_LOW|20260522|1779460800|FINAL,SSRP|ASIA_LOW|20260522|1779460800|FINAL,true,MSZZC1|6:XAUUSD|1:5|1:1|1:4|17:ASIA_LOW|20260522,,,,,,false,,,REJECT_DUPLICATE_CLUSTER,"Asia session level swept during London/NewYork, closed-bar reclaim within frozen window"
SSR|ASIA_LOW|20260522|1779464100|FINAL,SSRP|ASIA_LOW|20260522|1779464100|FINAL,true,MSZZC1|6:XAUUSD|1:5|1:1|1:4|17:ASIA_LOW|20260522,,,,,,false,,,REJECT_DUPLICATE_CLUSTER,"Asia session level swept during London/NewYork, closed-bar reclaim within frozen window"
SSR|ASIA_LOW|20260522|1779464400|FINAL,SSRP|ASIA_LOW|20260522|1779464400|FINAL,true,MSZZC1|6:XAUUSD|1:5|1:1|1:4|17:ASIA_LOW|20260522,,,,,,false,,,REJECT_DUPLICATE_CLUSTER,"Asia session level swept during London/NewYork, closed-bar reclaim within frozen window"
SSR|ASIA_LOW|20260522|1779474000|FINAL,SSRP|ASIA_LOW|20260522|1779474000|FINAL,true,MSZZC1|6:XAUUSD|1:5|1:1|1:4|17:ASIA_LOW|20260522,,,,,,false,,,REJECT_DUPLICATE_CLUSTER,"Asia session level swept during London/NewYork, closed-bar reclaim within frozen window"
SSR|ASIA_LOW|20260522|1779474300|FINAL,SSRP|ASIA_LOW|20260522|1779474300|FINAL,true,MSZZC1|6:XAUUSD|1:5|1:1|1:4|17:ASIA_LOW|20260522,,,,,,false,,,REJECT_DUPLICATE_CLUSTER,"Asia session level swept during London/NewYork, closed-bar reclaim within frozen window"
SSR|ASIA_LOW|20260522|1779475500|FINAL,SSRP|ASIA_LOW|20260522|1779475500|FINAL,true,MSZZC1|6:XAUUSD|1:5|1:1|1:4|17:ASIA_LOW|20260522,,,,,,false,,,REJECT_DUPLICATE_CLUSTER,"Asia session level swept during London/NewYork, closed-bar reclaim within frozen window"
SSR|ASIA_LOW|20260522|1779476100|FINAL,SSRP|ASIA_LOW|20260522|1779476100|FINAL,true,MSZZC1|6:XAUUSD|1:5|1:1|1:4|17:ASIA_LOW|20260522,,,,,,false,,,REJECT_DUPLICATE_CLUSTER,"Asia session level swept during London/NewYork, closed-bar reclaim within frozen window"
SSR|ASIA_LOW|20260522|1779476400|FINAL,SSRP|ASIA_LOW|20260522|1779476400|FINAL,true,MSZZC1|6:XAUUSD|1:5|1:1|1:4|17:ASIA_LOW|20260522,,,,,,false,,,REJECT_DUPLICATE_CLUSTER,"Asia session level swept during London/NewYork, closed-bar reclaim within frozen window"
SSR|ASIA_LOW|20260522|1779477300|FINAL,SSRP|ASIA_LOW|20260522|1779477300|FINAL,true,MSZZC1|6:XAUUSD|1:5|1:1|1:4|17:ASIA_LOW|20260522,,,,,,false,,,REJECT_DUPLICATE_CLUSTER,"Asia session level swept during London/NewYork, closed-bar reclaim within frozen window"
SSR|ASIA_LOW|20260522|1779477600|FINAL,SSRP|ASIA_LOW|20260522|1779477600|FINAL,true,MSZZC1|6:XAUUSD|1:5|1:1|1:4|17:ASIA_LOW|20260522,,,,,,false,,,REJECT_DUPLICATE_CLUSTER,"Asia session level swept during London/NewYork, closed-bar reclaim within frozen window"
SSR|ASIA_LOW|20260522|1779479700|FINAL,SSRP|ASIA_LOW|20260522|1779479700|FINAL,true,MSZZC1|6:XAUUSD|1:5|1:1|1:4|17:ASIA_LOW|20260522,,,,,,false,,,REJECT_DUPLICATE_CLUSTER,"Asia session level swept during London/NewYork, closed-bar reclaim within frozen window"
SSR|ASIA_LOW|20260522|1779480000|FINAL,SSRP|ASIA_LOW|20260522|1779480000|FINAL,true,MSZZC1|6:XAUUSD|1:5|1:1|1:4|17:ASIA_LOW|20260522,,,,,,false,,,REJECT_DUPLICATE_CLUSTER,"Asia session level swept during London/NewYork, closed-bar reclaim within frozen window"
SSR|ASIA_LOW|20260522|1779480900|FINAL,SSRP|ASIA_LOW|20260522|1779480900|FINAL,true,MSZZC1|6:XAUUSD|1:5|1:1|1:4|17:ASIA_LOW|20260522,,,,,,false,,,REJECT_DUPLICATE_CLUSTER,"Asia session level swept during London/NewYork, closed-bar reclaim within frozen window"
SSR|ASIA_LOW|20260522|1779481500|FINAL,SSRP|ASIA_LOW|20260522|1779481500|FINAL,true,MSZZC1|6:XAUUSD|1:5|1:1|1:4|17:ASIA_LOW|20260522,,,,,,false,,,REJECT_DUPLICATE_CLUSTER,"Asia session level swept during London/NewYork, closed-bar reclaim within frozen window"
SSR|ASIA_LOW|20260522|1779485100|FINAL,SSRP|ASIA_LOW|20260522|1779485100|FINAL,true,MSZZC1|6:XAUUSD|1:5|1:1|1:4|17:ASIA_LOW|20260522,,,,,,false,,,REJECT_DUPLICATE_CLUSTER,"Asia session level swept during London/NewYork, closed-bar reclaim within frozen window"
SSR|ASIA_LOW|20260526|1779782400|FINAL,SSRP|ASIA_LOW|20260526|1779782400|FINAL,true,MSZZC1|6:XAUUSD|1:5|1:1|1:4|17:ASIA_LOW|20260526,MSZZC1|6:XAUUSD|1:5|1:1|1:4|17:ASIA_LOW|20260526,690,690,690,691,true,-1.0000,-1.0,EXECUTED,broker-executed
SSR|ASIA_LOW|20260526|1779790500|FINAL,SSRP|ASIA_LOW|20260526|1779790500|FINAL,true,MSZZC1|6:XAUUSD|1:5|1:1|1:4|17:ASIA_LOW|20260526,,,,,,false,,,REJECT_DUPLICATE_CLUSTER,"Asia session level swept during London/NewYork, closed-bar reclaim within frozen window"
SSR|ASIA_LOW|20260526|1779791700|FINAL,SSRP|ASIA_LOW|20260526|1779791700|FINAL,true,MSZZC1|6:XAUUSD|1:5|1:1|1:4|17:ASIA_LOW|20260526,,,,,,false,,,REJECT_DUPLICATE_CLUSTER,"Asia session level swept during London/NewYork, closed-bar reclaim within frozen window"
SSR|ASIA_LOW|20260526|1779792000|FINAL,SSRP|ASIA_LOW|20260526|1779792000|FINAL,true,MSZZC1|6:XAUUSD|1:5|1:1|1:4|17:ASIA_LOW|20260526,,,,,,false,,,REJECT_DUPLICATE_CLUSTER,"Asia session level swept during London/NewYork, closed-bar reclaim within frozen window"
SSR|ASIA_LOW|20260526|1779794700|FINAL,SSRP|ASIA_LOW|20260526|1779794700|FINAL,true,MSZZC1|6:XAUUSD|1:5|1:1|1:4|17:ASIA_LOW|20260526,,,,,,false,,,REJECT_DUPLICATE_CLUSTER,"Asia session level swept during London/NewYork, closed-bar reclaim within frozen window"
SSR|ASIA_LOW|20260526|1779795600|FINAL,SSRP|ASIA_LOW|20260526|1779795600|FINAL,true,MSZZC1|6:XAUUSD|1:5|1:1|1:4|17:ASIA_LOW|20260526,,,,,,false,,,REJECT_DUPLICATE_CLUSTER,"Asia session level swept during London/NewYork, closed-bar reclaim within frozen window"
SSR|ASIA_LOW|20260526|1779796200|FINAL,SSRP|ASIA_LOW|20260526|1779796200|FINAL,true,MSZZC1|6:XAUUSD|1:5|1:1|1:4|17:ASIA_LOW|20260526,,,,,,false,,,REJECT_DUPLICATE_CLUSTER,"Asia session level swept during London/NewYork, closed-bar reclaim within frozen window"
SSR|ASIA_LOW|20260526|1779796500|FINAL,SSRP|ASIA_LOW|20260526|1779796500|FINAL,true,MSZZC1|6:XAUUSD|1:5|1:1|1:4|17:ASIA_LOW|20260526,,,,,,false,,,REJECT_DUPLICATE_CLUSTER,"Asia session level swept during London/NewYork, closed-bar reclaim within frozen window"
SSR|ASIA_LOW|20260526|1779797400|FINAL,SSRP|ASIA_LOW|20260526|1779797400|FINAL,true,MSZZC1|6:XAUUSD|1:5|1:1|1:4|17:ASIA_LOW|20260526,,,,,,false,,,REJECT_DUPLICATE_CLUSTER,"Asia session level swept during London/NewYork, closed-bar reclaim within frozen window"
SSR|ASIA_LOW|20260526|1779797700|FINAL,SSRP|ASIA_LOW|20260526|1779797700|FINAL,true,MSZZC1|6:XAUUSD|1:5|1:1|1:4|17:ASIA_LOW|20260526,,,,,,false,,,REJECT_DUPLICATE_CLUSTER,"Asia session level swept during London/NewYork, closed-bar reclaim within frozen window"
SSR|ASIA_LOW|20260526|1779800400|FINAL,SSRP|ASIA_LOW|20260526|1779800400|FINAL,true,MSZZC1|6:XAUUSD|1:5|1:1|1:4|17:ASIA_LOW|20260526,,,,,,false,,,REJECT_DUPLICATE_CLUSTER,"Asia session level swept during London/NewYork, closed-bar reclaim within frozen window"
SSR|ASIA_LOW|20260526|1779800700|FINAL,SSRP|ASIA_LOW|20260526|1779800700|FINAL,true,MSZZC1|6:XAUUSD|1:5|1:1|1:4|17:ASIA_LOW|20260526,,,,,,false,,,REJECT_DUPLICATE_CLUSTER,"Asia session level swept during London/NewYork, closed-bar reclaim within frozen window"
SSR|ASIA_LOW|20260526|1779811800|FINAL,SSRP|ASIA_LOW|20260526|1779811800|FINAL,true,MSZZC1|6:XAUUSD|1:5|1:1|1:4|17:ASIA_LOW|20260526,,,,,,false,,,REJECT_DUPLICATE_CLUSTER,"Asia session level swept during London/NewYork, closed-bar reclaim within frozen window"
SSR|ASIA_LOW|20260526|1779812400|FINAL,SSRP|ASIA_LOW|20260526|1779812400|FINAL,true,MSZZC1|6:XAUUSD|1:5|1:1|1:4|17:ASIA_LOW|20260526,,,,,,false,,,REJECT_DUPLICATE_CLUSTER,"Asia session level swept during London/NewYork, closed-bar reclaim within frozen window"
SSR|ASIA_LOW|20260526|1779813300|FINAL,SSRP|ASIA_LOW|20260526|1779813300|FINAL,true,MSZZC1|6:XAUUSD|1:5|1:1|1:4|17:ASIA_LOW|20260526,,,,,,false,,,REJECT_DUPLICATE_CLUSTER,"Asia session level swept during London/NewYork, closed-bar reclaim within frozen window"
SSR|ASIA_LOW|20260527|1779881400|FINAL,SSRP|ASIA_LOW|20260527|1779881400|FINAL,true,MSZZC1|6:XAUUSD|1:5|1:1|1:4|17:ASIA_LOW|20260527,MSZZC1|6:XAUUSD|1:5|1:1|1:4|17:ASIA_LOW|20260527,692,692,692,693,true,-1.0000,-1.0,EXECUTED,broker-executed
SSR|ASIA_LOW|20260527|1779881700|FINAL,SSRP|ASIA_LOW|20260527|1779881700|FINAL,true,MSZZC1|6:XAUUSD|1:5|1:1|1:4|17:ASIA_LOW|20260527,,,,,,false,,,REJECT_DUPLICATE_CLUSTER,"Asia session level swept during London/NewYork, closed-bar reclaim within frozen window"
SSR|ASIA_LOW|20260527|1779883500|FINAL,SSRP|ASIA_LOW|20260527|1779883500|FINAL,true,MSZZC1|6:XAUUSD|1:5|1:1|1:4|17:ASIA_LOW|20260527,,,,,,false,,,REJECT_DUPLICATE_CLUSTER,"Asia session level swept during London/NewYork, closed-bar reclaim within frozen window"
SSR|ASIA_LOW|20260527|1779885900|FINAL,SSRP|ASIA_LOW|20260527|1779885900|FINAL,true,MSZZC1|6:XAUUSD|1:5|1:1|1:4|17:ASIA_LOW|20260527,,,,,,false,,,REJECT_DUPLICATE_CLUSTER,"Asia session level swept during London/NewYork, closed-bar reclaim within frozen window"
SSR|ASIA_HIGH|20260528|1779988500|FINAL,SSRP|ASIA_HIGH|20260528|1779988500|FINAL,true,MSZZC1|6:XAUUSD|1:5|2:-1|1:4|18:ASIA_HIGH|20260528,MSZZC1|6:XAUUSD|1:5|2:-1|1:4|18:ASIA_HIGH|20260528,694,694,694,695,true,-1.0000,-1.0,EXECUTED,broker-executed
SSR|ASIA_HIGH|20260528|1779989400|FINAL,SSRP|ASIA_HIGH|20260528|1779989400|FINAL,true,MSZZC1|6:XAUUSD|1:5|2:-1|1:4|18:ASIA_HIGH|20260528,,,,,,false,,,REJECT_DUPLICATE_CLUSTER,"Asia session level swept during London/NewYork, closed-bar reclaim within frozen window"
SSR|ASIA_HIGH|20260529|1780045200|FINAL,SSRP|ASIA_HIGH|20260529|1780045200|FINAL,true,MSZZC1|6:XAUUSD|1:5|2:-1|1:4|18:ASIA_HIGH|20260529,MSZZC1|6:XAUUSD|1:5|2:-1|1:4|18:ASIA_HIGH|20260529,696,696,696,697,true,-1.0000,-1.0,EXECUTED,broker-executed
SSR|ASIA_HIGH|20260529|1780048200|FINAL,SSRP|ASIA_HIGH|20260529|1780048200|FINAL,true,MSZZC1|6:XAUUSD|1:5|2:-1|1:4|18:ASIA_HIGH|20260529,,,,,,false,,,REJECT_DUPLICATE_CLUSTER,"Asia session level swept during London/NewYork, closed-bar reclaim within frozen window"
SSR|ASIA_HIGH|20260529|1780048800|FINAL,SSRP|ASIA_HIGH|20260529|1780048800|FINAL,true,MSZZC1|6:XAUUSD|1:5|2:-1|1:4|18:ASIA_HIGH|20260529,,,,,,false,,,REJECT_DUPLICATE_CLUSTER,"Asia session level swept during London/NewYork, closed-bar reclaim within frozen window"
SSR|ASIA_HIGH|20260529|1780052100|FINAL,SSRP|ASIA_HIGH|20260529|1780052100|FINAL,true,MSZZC1|6:XAUUSD|1:5|2:-1|1:4|18:ASIA_HIGH|20260529,,,,,,false,,,REJECT_DUPLICATE_CLUSTER,"Asia session level swept during London/NewYork, closed-bar reclaim within frozen window"
SSR|ASIA_HIGH|20260529|1780052400|FINAL,SSRP|ASIA_HIGH|20260529|1780052400|FINAL,true,MSZZC1|6:XAUUSD|1:5|2:-1|1:4|18:ASIA_HIGH|20260529,,,,,,false,,,REJECT_DUPLICATE_CLUSTER,"Asia session level swept during London/NewYork, closed-bar reclaim within frozen window"
SSR|ASIA_HIGH|20260529|1780068000|FINAL,SSRP|ASIA_HIGH|20260529|1780068000|FINAL,true,MSZZC1|6:XAUUSD|1:5|2:-1|1:4|18:ASIA_HIGH|20260529,,,,,,false,,,REJECT_DUPLICATE_CLUSTER,"Asia session level swept during London/NewYork, closed-bar reclaim within frozen window"
SSR|ASIA_HIGH|20260529|1780068600|FINAL,SSRP|ASIA_HIGH|20260529|1780068600|FINAL,true,MSZZC1|6:XAUUSD|1:5|2:-1|1:4|18:ASIA_HIGH|20260529,,,,,,false,,,REJECT_DUPLICATE_CLUSTER,"Asia session level swept during London/NewYork, closed-bar reclaim within frozen window"
SSR|ASIA_LOW|20260601|1780305600|FINAL,SSRP|ASIA_LOW|20260601|1780305600|FINAL,true,MSZZC1|6:XAUUSD|1:5|1:1|1:4|17:ASIA_LOW|20260601,MSZZC1|6:XAUUSD|1:5|1:1|1:4|17:ASIA_LOW|20260601,698,698,698,699,true,-1.0000,-1.0,EXECUTED,broker-executed
SSR|ASIA_LOW|20260601|1780305900|FINAL,SSRP|ASIA_LOW|20260601|1780305900|FINAL,true,MSZZC1|6:XAUUSD|1:5|1:1|1:4|17:ASIA_LOW|20260601,,,,,,false,,,REJECT_DUPLICATE_CLUSTER,"Asia session level swept during London/NewYork, closed-bar reclaim within frozen window"
SSR|ASIA_LOW|20260601|1780321200|FINAL,SSRP|ASIA_LOW|20260601|1780321200|FINAL,true,MSZZC1|6:XAUUSD|1:5|1:1|1:4|17:ASIA_LOW|20260601,,,,,,false,,,REJECT_DUPLICATE_CLUSTER,"Asia session level swept during London/NewYork, closed-bar reclaim within frozen window"
SSR|ASIA_LOW|20260601|1780323000|FINAL,SSRP|ASIA_LOW|20260601|1780323000|FINAL,true,MSZZC1|6:XAUUSD|1:5|1:1|1:4|17:ASIA_LOW|20260601,,,,,,false,,,REJECT_DUPLICATE_CLUSTER,"Asia session level swept during London/NewYork, closed-bar reclaim within frozen window"
SSR|ASIA_LOW|20260601|1780323300|FINAL,SSRP|ASIA_LOW|20260601|1780323300|FINAL,true,MSZZC1|6:XAUUSD|1:5|1:1|1:4|17:ASIA_LOW|20260601,,,,,,false,,,REJECT_DUPLICATE_CLUSTER,"Asia session level swept during London/NewYork, closed-bar reclaim within frozen window"
SSR|ASIA_LOW|20260601|1780323900|FINAL,SSRP|ASIA_LOW|20260601|1780323900|FINAL,true,MSZZC1|6:XAUUSD|1:5|1:1|1:4|17:ASIA_LOW|20260601,,,,,,false,,,REJECT_DUPLICATE_CLUSTER,"Asia session level swept during London/NewYork, closed-bar reclaim within frozen window"
SSR|ASIA_HIGH|20260602|1780389900|FINAL,SSRP|ASIA_HIGH|20260602|1780389900|FINAL,true,MSZZC1|6:XAUUSD|1:5|2:-1|1:4|18:ASIA_HIGH|20260602,MSZZC1|6:XAUUSD|1:5|2:-1|1:4|18:ASIA_HIGH|20260602,700,700,700,701,true,-1.0000,-1.0,EXECUTED,broker-executed
SSR|ASIA_HIGH|20260602|1780414800|FINAL,SSRP|ASIA_HIGH|20260602|1780414800|FINAL,true,MSZZC1|6:XAUUSD|1:5|2:-1|1:4|18:ASIA_HIGH|20260602,,,,,,false,,,REJECT_DUPLICATE_CLUSTER,"Asia session level swept during London/NewYork, closed-bar reclaim within frozen window"
SSR|ASIA_HIGH|20260602|1780415400|FINAL,SSRP|ASIA_HIGH|20260602|1780415400|FINAL,true,MSZZC1|6:XAUUSD|1:5|2:-1|1:4|18:ASIA_HIGH|20260602,,,,,,false,,,REJECT_DUPLICATE_CLUSTER,"Asia session level swept during London/NewYork, closed-bar reclaim within frozen window"
SSR|ASIA_HIGH|20260602|1780416000|FINAL,SSRP|ASIA_HIGH|20260602|1780416000|FINAL,true,MSZZC1|6:XAUUSD|1:5|2:-1|1:4|18:ASIA_HIGH|20260602,,,,,,false,,,REJECT_DUPLICATE_CLUSTER,"Asia session level swept during London/NewYork, closed-bar reclaim within frozen window"
SSR|ASIA_HIGH|20260602|1780416300|FINAL,SSRP|ASIA_HIGH|20260602|1780416300|FINAL,true,MSZZC1|6:XAUUSD|1:5|2:-1|1:4|18:ASIA_HIGH|20260602,,,,,,false,,,REJECT_DUPLICATE_CLUSTER,"Asia session level swept during London/NewYork, closed-bar reclaim within frozen window"
SSR|ASIA_LOW|20260603|1780475400|FINAL,SSRP|ASIA_LOW|20260603|1780475400|FINAL,true,MSZZC1|6:XAUUSD|1:5|1:1|1:4|17:ASIA_LOW|20260603,MSZZC1|6:XAUUSD|1:5|1:1|1:4|17:ASIA_LOW|20260603,702,702,702,703,true,-1.0000,-1.0,EXECUTED,broker-executed
SSR|ASIA_LOW|20260603|1780476000|FINAL,SSRP|ASIA_LOW|20260603|1780476000|FINAL,true,MSZZC1|6:XAUUSD|1:5|1:1|1:4|17:ASIA_LOW|20260603,,,,,,false,,,REJECT_DUPLICATE_CLUSTER,"Asia session level swept during London/NewYork, closed-bar reclaim within frozen window"
SSR|ASIA_LOW|20260603|1780476300|FINAL,SSRP|ASIA_LOW|20260603|1780476300|FINAL,true,MSZZC1|6:XAUUSD|1:5|1:1|1:4|17:ASIA_LOW|20260603,,,,,,false,,,REJECT_DUPLICATE_CLUSTER,"Asia session level swept during London/NewYork, closed-bar reclaim within frozen window"
SSR|ASIA_LOW|20260603|1780476900|FINAL,SSRP|ASIA_LOW|20260603|1780476900|FINAL,true,MSZZC1|6:XAUUSD|1:5|1:1|1:4|17:ASIA_LOW|20260603,,,,,,false,,,REJECT_DUPLICATE_CLUSTER,"Asia session level swept during London/NewYork, closed-bar reclaim within frozen window"
SSR|ASIA_LOW|20260603|1780477200|FINAL,SSRP|ASIA_LOW|20260603|1780477200|FINAL,true,MSZZC1|6:XAUUSD|1:5|1:1|1:4|17:ASIA_LOW|20260603,,,,,,false,,,REJECT_DUPLICATE_CLUSTER,"Asia session level swept during London/NewYork, closed-bar reclaim within frozen window"
SSR|ASIA_LOW|20260603|1780478400|FINAL,SSRP|ASIA_LOW|20260603|1780478400|FINAL,true,MSZZC1|6:XAUUSD|1:5|1:1|1:4|17:ASIA_LOW|20260603,,,,,,false,,,REJECT_DUPLICATE_CLUSTER,"Asia session level swept during London/NewYork, closed-bar reclaim within frozen window"
SSR|ASIA_LOW|20260603|1780478700|FINAL,SSRP|ASIA_LOW|20260603|1780478700|FINAL,true,MSZZC1|6:XAUUSD|1:5|1:1|1:4|17:ASIA_LOW|20260603,,,,,,false,,,REJECT_DUPLICATE_CLUSTER,"Asia session level swept during London/NewYork, closed-bar reclaim within frozen window"
SSR|ASIA_LOW|20260603|1780480200|FINAL,SSRP|ASIA_LOW|20260603|1780480200|FINAL,true,MSZZC1|6:XAUUSD|1:5|1:1|1:4|17:ASIA_LOW|20260603,,,,,,false,,,REJECT_DUPLICATE_CLUSTER,"Asia session level swept during London/NewYork, closed-bar reclaim within frozen window"
SSR|ASIA_LOW|20260603|1780480500|FINAL,SSRP|ASIA_LOW|20260603|1780480500|FINAL,true,MSZZC1|6:XAUUSD|1:5|1:1|1:4|17:ASIA_LOW|20260603,,,,,,false,,,REJECT_DUPLICATE_CLUSTER,"Asia session level swept during London/NewYork, closed-bar reclaim within frozen window"
SSR|ASIA_LOW|20260603|1780480800|FINAL,SSRP|ASIA_LOW|20260603|1780480800|FINAL,true,MSZZC1|6:XAUUSD|1:5|1:1|1:4|17:ASIA_LOW|20260603,,,,,,false,,,REJECT_DUPLICATE_CLUSTER,"Asia session level swept during London/NewYork, closed-bar reclaim within frozen window"
SSR|ASIA_LOW|20260603|1780491600|FINAL,SSRP|ASIA_LOW|20260603|1780491600|FINAL,true,MSZZC1|6:XAUUSD|1:5|1:1|1:4|17:ASIA_LOW|20260603,,,,,,false,,,REJECT_DUPLICATE_CLUSTER,"Asia session level swept during London/NewYork, closed-bar reclaim within frozen window"
SSR|ASIA_LOW|20260603|1780492200|FINAL,SSRP|ASIA_LOW|20260603|1780492200|FINAL,true,MSZZC1|6:XAUUSD|1:5|1:1|1:4|17:ASIA_LOW|20260603,,,,,,false,,,REJECT_DUPLICATE_CLUSTER,"Asia session level swept during London/NewYork, closed-bar reclaim within frozen window"
SSR|ASIA_LOW|20260603|1780494900|FINAL,SSRP|ASIA_LOW|20260603|1780494900|FINAL,true,MSZZC1|6:XAUUSD|1:5|1:1|1:4|17:ASIA_LOW|20260603,,,,,,false,,,REJECT_DUPLICATE_CLUSTER,"Asia session level swept during London/NewYork, closed-bar reclaim within frozen window"
SSR|ASIA_LOW|20260603|1780495200|FINAL,SSRP|ASIA_LOW|20260603|1780495200|FINAL,true,MSZZC1|6:XAUUSD|1:5|1:1|1:4|17:ASIA_LOW|20260603,,,,,,false,,,REJECT_DUPLICATE_CLUSTER,"Asia session level swept during London/NewYork, closed-bar reclaim within frozen window"
SSR|ASIA_LOW|20260603|1780495800|FINAL,SSRP|ASIA_LOW|20260603|1780495800|FINAL,true,MSZZC1|6:XAUUSD|1:5|1:1|1:4|17:ASIA_LOW|20260603,,,,,,false,,,REJECT_DUPLICATE_CLUSTER,"Asia session level swept during London/NewYork, closed-bar reclaim within frozen window"
SSR|ASIA_LOW|20260603|1780496400|FINAL,SSRP|ASIA_LOW|20260603|1780496400|FINAL,true,MSZZC1|6:XAUUSD|1:5|1:1|1:4|17:ASIA_LOW|20260603,,,,,,false,,,REJECT_DUPLICATE_CLUSTER,"Asia session level swept during London/NewYork, closed-bar reclaim within frozen window"
SSR|ASIA_LOW|20260603|1780497600|FINAL,SSRP|ASIA_LOW|20260603|1780497600|FINAL,true,MSZZC1|6:XAUUSD|1:5|1:1|1:4|17:ASIA_LOW|20260603,,,,,,false,,,REJECT_DUPLICATE_CLUSTER,"Asia session level swept during London/NewYork, closed-bar reclaim within frozen window"
SSR|ASIA_LOW|20260603|1780497900|FINAL,SSRP|ASIA_LOW|20260603|1780497900|FINAL,true,MSZZC1|6:XAUUSD|1:5|1:1|1:4|17:ASIA_LOW|20260603,,,,,,false,,,REJECT_DUPLICATE_CLUSTER,"Asia session level swept during London/NewYork, closed-bar reclaim within frozen window"
SSR|ASIA_LOW|20260603|1780501200|FINAL,SSRP|ASIA_LOW|20260603|1780501200|FINAL,true,MSZZC1|6:XAUUSD|1:5|1:1|1:4|17:ASIA_LOW|20260603,,,,,,false,,,REJECT_DUPLICATE_CLUSTER,"Asia session level swept during London/NewYork, closed-bar reclaim within frozen window"
SSR|ASIA_LOW|20260603|1780502400|FINAL,SSRP|ASIA_LOW|20260603|1780502400|FINAL,true,MSZZC1|6:XAUUSD|1:5|1:1|1:4|17:ASIA_LOW|20260603,,,,,,false,,,REJECT_DUPLICATE_CLUSTER,"Asia session level swept during London/NewYork, closed-bar reclaim within frozen window"
SSR|ASIA_HIGH|20260604|1780593000|FINAL,SSRP|ASIA_HIGH|20260604|1780593000|FINAL,true,MSZZC1|6:XAUUSD|1:5|2:-1|1:4|18:ASIA_HIGH|20260604,MSZZC1|6:XAUUSD|1:5|2:-1|1:4|18:ASIA_HIGH|20260604,704,704,704,705,true,2.0007,2.000683060109367,EXECUTED,broker-executed
SSR|ASIA_HIGH|20260604|1780600500|FINAL,SSRP|ASIA_HIGH|20260604|1780600500|FINAL,true,MSZZC1|6:XAUUSD|1:5|2:-1|1:4|18:ASIA_HIGH|20260604,,,,,,false,,,REJECT_DUPLICATE_CLUSTER,"Asia session level swept during London/NewYork, closed-bar reclaim within frozen window"
SSR|ASIA_HIGH|20260604|1780601100|FINAL,SSRP|ASIA_HIGH|20260604|1780601100|FINAL,true,MSZZC1|6:XAUUSD|1:5|2:-1|1:4|18:ASIA_HIGH|20260604,,,,,,false,,,REJECT_DUPLICATE_CLUSTER,"Asia session level swept during London/NewYork, closed-bar reclaim within frozen window"
SSR|ASIA_LOW|20260605|1780650900|FINAL,SSRP|ASIA_LOW|20260605|1780650900|FINAL,true,MSZZC1|6:XAUUSD|1:5|1:1|1:4|17:ASIA_LOW|20260605,MSZZC1|6:XAUUSD|1:5|1:1|1:4|17:ASIA_LOW|20260605,706,706,706,707,true,1.9994,1.9993626513702276,EXECUTED,broker-executed
SSR|ASIA_LOW|20260608|1780908900|FINAL,SSRP|ASIA_LOW|20260608|1780908900|FINAL,true,MSZZC1|6:XAUUSD|1:5|1:1|1:4|17:ASIA_LOW|20260608,MSZZC1|6:XAUUSD|1:5|1:1|1:4|17:ASIA_LOW|20260608,708,708,708,709,true,-1.0000,-1.0,EXECUTED,broker-executed
SSR|ASIA_LOW|20260608|1780909200|FINAL,SSRP|ASIA_LOW|20260608|1780909200|FINAL,true,MSZZC1|6:XAUUSD|1:5|1:1|1:4|17:ASIA_LOW|20260608,,,,,,false,,,REJECT_DUPLICATE_CLUSTER,"Asia session level swept during London/NewYork, closed-bar reclaim within frozen window"
SSR|ASIA_LOW|20260608|1780911300|FINAL,SSRP|ASIA_LOW|20260608|1780911300|FINAL,true,MSZZC1|6:XAUUSD|1:5|1:1|1:4|17:ASIA_LOW|20260608,,,,,,false,,,REJECT_DUPLICATE_CLUSTER,"Asia session level swept during London/NewYork, closed-bar reclaim within frozen window"
SSR|ASIA_LOW|20260608|1780913100|FINAL,SSRP|ASIA_LOW|20260608|1780913100|FINAL,true,MSZZC1|6:XAUUSD|1:5|1:1|1:4|17:ASIA_LOW|20260608,,,,,,false,,,REJECT_DUPLICATE_CLUSTER,"Asia session level swept during London/NewYork, closed-bar reclaim within frozen window"
SSR|ASIA_LOW|20260608|1780913400|FINAL,SSRP|ASIA_LOW|20260608|1780913400|FINAL,true,MSZZC1|6:XAUUSD|1:5|1:1|1:4|17:ASIA_LOW|20260608,,,,,,false,,,REJECT_DUPLICATE_CLUSTER,"Asia session level swept during London/NewYork, closed-bar reclaim within frozen window"
SSR|ASIA_LOW|20260608|1780922400|FINAL,SSRP|ASIA_LOW|20260608|1780922400|FINAL,true,MSZZC1|6:XAUUSD|1:5|1:1|1:4|17:ASIA_LOW|20260608,,,,,,false,,,REJECT_DUPLICATE_CLUSTER,"Asia session level swept during London/NewYork, closed-bar reclaim within frozen window"
SSR|ASIA_LOW|20260608|1780925100|FINAL,SSRP|ASIA_LOW|20260608|1780925100|FINAL,true,MSZZC1|6:XAUUSD|1:5|1:1|1:4|17:ASIA_LOW|20260608,,,,,,false,,,REJECT_DUPLICATE_CLUSTER,"Asia session level swept during London/NewYork, closed-bar reclaim within frozen window"
SSR|ASIA_LOW|20260608|1780925400|FINAL,SSRP|ASIA_LOW|20260608|1780925400|FINAL,true,MSZZC1|6:XAUUSD|1:5|1:1|1:4|17:ASIA_LOW|20260608,,,,,,false,,,REJECT_DUPLICATE_CLUSTER,"Asia session level swept during London/NewYork, closed-bar reclaim within frozen window"
SSR|ASIA_LOW|20260608|1780926600|FINAL,SSRP|ASIA_LOW|20260608|1780926600|FINAL,true,MSZZC1|6:XAUUSD|1:5|1:1|1:4|17:ASIA_LOW|20260608,,,,,,false,,,REJECT_DUPLICATE_CLUSTER,"Asia session level swept during London/NewYork, closed-bar reclaim within frozen window"
SSR|ASIA_LOW|20260608|1780926900|FINAL,SSRP|ASIA_LOW|20260608|1780926900|FINAL,true,MSZZC1|6:XAUUSD|1:5|1:1|1:4|17:ASIA_LOW|20260608,,,,,,false,,,REJECT_DUPLICATE_CLUSTER,"Asia session level swept during London/NewYork, closed-bar reclaim within frozen window"
SSR|ASIA_HIGH|20260609|1780995000|FINAL,SSRP|ASIA_HIGH|20260609|1780995000|FINAL,true,MSZZC1|6:XAUUSD|1:5|2:-1|1:4|18:ASIA_HIGH|20260609,MSZZC1|6:XAUUSD|1:5|2:-1|1:4|18:ASIA_HIGH|20260609,710,710,710,711,true,2.0013,2.0012755102039934,EXECUTED,broker-executed
SSR|ASIA_HIGH|20260609|1780996200|FINAL,SSRP|ASIA_HIGH|20260609|1780996200|FINAL,true,MSZZC1|6:XAUUSD|1:5|2:-1|1:4|18:ASIA_HIGH|20260609,,,,,,false,,,REJECT_DUPLICATE_CLUSTER,"Asia session level swept during London/NewYork, closed-bar reclaim within frozen window"
SSR|ASIA_HIGH|20260609|1780997100|FINAL,SSRP|ASIA_HIGH|20260609|1780997100|FINAL,true,MSZZC1|6:XAUUSD|1:5|2:-1|1:4|18:ASIA_HIGH|20260609,,,,,,false,,,REJECT_DUPLICATE_CLUSTER,"Asia session level swept during London/NewYork, closed-bar reclaim within frozen window"
SSR|ASIA_HIGH|20260609|1781016600|FINAL,SSRP|ASIA_HIGH|20260609|1781016600|FINAL,true,MSZZC1|6:XAUUSD|1:5|2:-1|1:4|18:ASIA_HIGH|20260609,,,,,,false,,,REJECT_DUPLICATE_CLUSTER,"Asia session level swept during London/NewYork, closed-bar reclaim within frozen window"
SSR|ASIA_HIGH|20260609|1781016900|FINAL,SSRP|ASIA_HIGH|20260609|1781016900|FINAL,true,MSZZC1|6:XAUUSD|1:5|2:-1|1:4|18:ASIA_HIGH|20260609,,,,,,false,,,REJECT_DUPLICATE_CLUSTER,"Asia session level swept during London/NewYork, closed-bar reclaim within frozen window"
SSR|ASIA_HIGH|20260609|1781017800|FINAL,SSRP|ASIA_HIGH|20260609|1781017800|FINAL,true,MSZZC1|6:XAUUSD|1:5|2:-1|1:4|18:ASIA_HIGH|20260609,,,,,,false,,,REJECT_DUPLICATE_CLUSTER,"Asia session level swept during London/NewYork, closed-bar reclaim within frozen window"
SSR|ASIA_HIGH|20260609|1781018400|FINAL,SSRP|ASIA_HIGH|20260609|1781018400|FINAL,true,MSZZC1|6:XAUUSD|1:5|2:-1|1:4|18:ASIA_HIGH|20260609,,,,,,false,,,REJECT_DUPLICATE_CLUSTER,"Asia session level swept during London/NewYork, closed-bar reclaim within frozen window"
SSR|ASIA_HIGH|20260609|1781019900|FINAL,SSRP|ASIA_HIGH|20260609|1781019900|FINAL,true,MSZZC1|6:XAUUSD|1:5|2:-1|1:4|18:ASIA_HIGH|20260609,,,,,,false,,,REJECT_DUPLICATE_CLUSTER,"Asia session level swept during London/NewYork, closed-bar reclaim within frozen window"
SSR|ASIA_HIGH|20260609|1781020200|FINAL,SSRP|ASIA_HIGH|20260609|1781020200|FINAL,true,MSZZC1|6:XAUUSD|1:5|2:-1|1:4|18:ASIA_HIGH|20260609,,,,,,false,,,REJECT_DUPLICATE_CLUSTER,"Asia session level swept during London/NewYork, closed-bar reclaim within frozen window"
SSR|ASIA_HIGH|20260609|1781020800|FINAL,SSRP|ASIA_HIGH|20260609|1781020800|FINAL,true,MSZZC1|6:XAUUSD|1:5|2:-1|1:4|18:ASIA_HIGH|20260609,,,,,,false,,,REJECT_DUPLICATE_CLUSTER,"Asia session level swept during London/NewYork, closed-bar reclaim within frozen window"
SSR|ASIA_HIGH|20260609|1781021100|FINAL,SSRP|ASIA_HIGH|20260609|1781021100|FINAL,true,MSZZC1|6:XAUUSD|1:5|2:-1|1:4|18:ASIA_HIGH|20260609,,,,,,false,,,REJECT_DUPLICATE_CLUSTER,"Asia session level swept during London/NewYork, closed-bar reclaim within frozen window"
SSR|ASIA_HIGH|20260609|1781023500|FINAL,SSRP|ASIA_HIGH|20260609|1781023500|FINAL,true,MSZZC1|6:XAUUSD|1:5|2:-1|1:4|18:ASIA_HIGH|20260609,,,,,,false,,,REJECT_DUPLICATE_CLUSTER,"Asia session level swept during London/NewYork, closed-bar reclaim within frozen window"
SSR|ASIA_HIGH|20260609|1781023800|FINAL,SSRP|ASIA_HIGH|20260609|1781023800|FINAL,true,MSZZC1|6:XAUUSD|1:5|2:-1|1:4|18:ASIA_HIGH|20260609,,,,,,false,,,REJECT_DUPLICATE_CLUSTER,"Asia session level swept during London/NewYork, closed-bar reclaim within frozen window"
SSR|ASIA_LOW|20260609|1781025300|FINAL,SSRP|ASIA_LOW|20260609|1781025300|FINAL,true,MSZZC1|6:XAUUSD|1:5|1:1|1:4|17:ASIA_LOW|20260609,MSZZC1|6:XAUUSD|1:5|1:1|1:4|17:ASIA_LOW|20260609,712,712,712,713,true,-1.0000,-1.0,EXECUTED,broker-executed
SSR|ASIA_LOW|20260609|1781025600|FINAL,SSRP|ASIA_LOW|20260609|1781025600|FINAL,true,MSZZC1|6:XAUUSD|1:5|1:1|1:4|17:ASIA_LOW|20260609,,,,,,false,,,REJECT_DUPLICATE_CLUSTER,"Asia session level swept during London/NewYork, closed-bar reclaim within frozen window"
SSR|ASIA_LOW|20260610|1781089800|FINAL,SSRP|ASIA_LOW|20260610|1781089800|FINAL,true,MSZZC1|6:XAUUSD|1:5|1:1|1:4|17:ASIA_LOW|20260610,MSZZC1|6:XAUUSD|1:5|1:1|1:4|17:ASIA_LOW|20260610,714,714,714,715,true,-1.0000,-1.0,EXECUTED,broker-executed
SSR|ASIA_LOW|20260610|1781091000|FINAL,SSRP|ASIA_LOW|20260610|1781091000|FINAL,true,MSZZC1|6:XAUUSD|1:5|1:1|1:4|17:ASIA_LOW|20260610,,,,,,false,,,REJECT_DUPLICATE_CLUSTER,"Asia session level swept during London/NewYork, closed-bar reclaim within frozen window"
SSR|ASIA_LOW|20260610|1781091300|FINAL,SSRP|ASIA_LOW|20260610|1781091300|FINAL,true,MSZZC1|6:XAUUSD|1:5|1:1|1:4|17:ASIA_LOW|20260610,,,,,,false,,,REJECT_DUPLICATE_CLUSTER,"Asia session level swept during London/NewYork, closed-bar reclaim within frozen window"
SSR|ASIA_LOW|20260610|1781094300|FINAL,SSRP|ASIA_LOW|20260610|1781094300|FINAL,true,MSZZC1|6:XAUUSD|1:5|1:1|1:4|17:ASIA_LOW|20260610,,,,,,false,,,REJECT_DUPLICATE_CLUSTER,"Asia session level swept during London/NewYork, closed-bar reclaim within frozen window"
SSR|ASIA_LOW|20260610|1781098500|FINAL,SSRP|ASIA_LOW|20260610|1781098500|FINAL,true,MSZZC1|6:XAUUSD|1:5|1:1|1:4|17:ASIA_LOW|20260610,,,,,,false,,,REJECT_DUPLICATE_CLUSTER,"Asia session level swept during London/NewYork, closed-bar reclaim within frozen window"
SSR|ASIA_LOW|20260610|1781099100|FINAL,SSRP|ASIA_LOW|20260610|1781099100|FINAL,true,MSZZC1|6:XAUUSD|1:5|1:1|1:4|17:ASIA_LOW|20260610,,,,,,false,,,REJECT_DUPLICATE_CLUSTER,"Asia session level swept during London/NewYork, closed-bar reclaim within frozen window"
SSR|ASIA_LOW|20260610|1781109000|FINAL,SSRP|ASIA_LOW|20260610|1781109000|FINAL,true,MSZZC1|6:XAUUSD|1:5|1:1|1:4|17:ASIA_LOW|20260610,,,,,,false,,,REJECT_DUPLICATE_CLUSTER,"Asia session level swept during London/NewYork, closed-bar reclaim within frozen window"
SSR|ASIA_LOW|20260610|1781109600|FINAL,SSRP|ASIA_LOW|20260610|1781109600|FINAL,true,MSZZC1|6:XAUUSD|1:5|1:1|1:4|17:ASIA_LOW|20260610,,,,,,false,,,REJECT_DUPLICATE_CLUSTER,"Asia session level swept during London/NewYork, closed-bar reclaim within frozen window"
SSR|ASIA_LOW|20260610|1781111100|FINAL,SSRP|ASIA_LOW|20260610|1781111100|FINAL,true,MSZZC1|6:XAUUSD|1:5|1:1|1:4|17:ASIA_LOW|20260610,,,,,,false,,,REJECT_DUPLICATE_CLUSTER,"Asia session level swept during London/NewYork, closed-bar reclaim within frozen window"
SSR|ASIA_LOW|20260612|1781260200|FINAL,SSRP|ASIA_LOW|20260612|1781260200|FINAL,true,MSZZC1|6:XAUUSD|1:5|1:1|1:4|17:ASIA_LOW|20260612,MSZZC1|6:XAUUSD|1:5|1:1|1:4|17:ASIA_LOW|20260612,716,716,716,717,true,2.0011,2.0010917030567925,EXECUTED,broker-executed
SSR|ASIA_HIGH|20260615|1781524200|FINAL,SSRP|ASIA_HIGH|20260615|1781524200|FINAL,true,MSZZC1|6:XAUUSD|1:5|2:-1|1:4|18:ASIA_HIGH|20260615,MSZZC1|6:XAUUSD|1:5|2:-1|1:4|18:ASIA_HIGH|20260615,718,718,718,719,true,-1.0000,-1.0,EXECUTED,broker-executed
SSR|ASIA_HIGH|20260615|1781534400|FINAL,SSRP|ASIA_HIGH|20260615|1781534400|FINAL,true,MSZZC1|6:XAUUSD|1:5|2:-1|1:4|18:ASIA_HIGH|20260615,,,,,,false,,,REJECT_DUPLICATE_CLUSTER,"Asia session level swept during London/NewYork, closed-bar reclaim within frozen window"
SSR|ASIA_HIGH|20260615|1781534700|FINAL,SSRP|ASIA_HIGH|20260615|1781534700|FINAL,true,MSZZC1|6:XAUUSD|1:5|2:-1|1:4|18:ASIA_HIGH|20260615,,,,,,false,,,REJECT_DUPLICATE_CLUSTER,"Asia session level swept during London/NewYork, closed-bar reclaim within frozen window"
SSR|ASIA_HIGH|20260615|1781535900|FINAL,SSRP|ASIA_HIGH|20260615|1781535900|FINAL,true,MSZZC1|6:XAUUSD|1:5|2:-1|1:4|18:ASIA_HIGH|20260615,,,,,,false,,,REJECT_DUPLICATE_CLUSTER,"Asia session level swept during London/NewYork, closed-bar reclaim within frozen window"
SSR|ASIA_HIGH|20260615|1781536200|FINAL,SSRP|ASIA_HIGH|20260615|1781536200|FINAL,true,MSZZC1|6:XAUUSD|1:5|2:-1|1:4|18:ASIA_HIGH|20260615,,,,,,false,,,REJECT_DUPLICATE_CLUSTER,"Asia session level swept during London/NewYork, closed-bar reclaim within frozen window"
SSR|ASIA_HIGH|20260615|1781553300|FINAL,SSRP|ASIA_HIGH|20260615|1781553300|FINAL,true,MSZZC1|6:XAUUSD|1:5|2:-1|1:4|18:ASIA_HIGH|20260615,,,,,,false,,,REJECT_DUPLICATE_CLUSTER,"Asia session level swept during London/NewYork, closed-bar reclaim within frozen window"
SSR|ASIA_HIGH|20260615|1781553600|FINAL,SSRP|ASIA_HIGH|20260615|1781553600|FINAL,true,MSZZC1|6:XAUUSD|1:5|2:-1|1:4|18:ASIA_HIGH|20260615,,,,,,false,,,REJECT_DUPLICATE_CLUSTER,"Asia session level swept during London/NewYork, closed-bar reclaim within frozen window"
SSR|ASIA_HIGH|20260616|1781628600|FINAL,SSRP|ASIA_HIGH|20260616|1781628600|FINAL,true,MSZZC1|6:XAUUSD|1:5|2:-1|1:4|18:ASIA_HIGH|20260616,MSZZC1|6:XAUUSD|1:5|2:-1|1:4|18:ASIA_HIGH|20260616,720,720,720,721,true,2.0000,2.0,EXECUTED,broker-executed
SSR|ASIA_HIGH|20260616|1781629200|FINAL,SSRP|ASIA_HIGH|20260616|1781629200|FINAL,true,MSZZC1|6:XAUUSD|1:5|2:-1|1:4|18:ASIA_HIGH|20260616,,,,,,false,,,REJECT_DUPLICATE_CLUSTER,"Asia session level swept during London/NewYork, closed-bar reclaim within frozen window"
SSR|ASIA_HIGH|20260616|1781630100|FINAL,SSRP|ASIA_HIGH|20260616|1781630100|FINAL,true,MSZZC1|6:XAUUSD|1:5|2:-1|1:4|18:ASIA_HIGH|20260616,,,,,,false,,,REJECT_DUPLICATE_CLUSTER,"Asia session level swept during London/NewYork, closed-bar reclaim within frozen window"
SSR|ASIA_HIGH|20260616|1781640600|FINAL,SSRP|ASIA_HIGH|20260616|1781640600|FINAL,true,MSZZC1|6:XAUUSD|1:5|2:-1|1:4|18:ASIA_HIGH|20260616,,,,,,false,,,REJECT_DUPLICATE_CLUSTER,"Asia session level swept during London/NewYork, closed-bar reclaim within frozen window"
SSR|ASIA_HIGH|20260616|1781640900|FINAL,SSRP|ASIA_HIGH|20260616|1781640900|FINAL,true,MSZZC1|6:XAUUSD|1:5|2:-1|1:4|18:ASIA_HIGH|20260616,,,,,,false,,,REJECT_DUPLICATE_CLUSTER,"Asia session level swept during London/NewYork, closed-bar reclaim within frozen window"
SSR|ASIA_HIGH|20260616|1781649900|FINAL,SSRP|ASIA_HIGH|20260616|1781649900|FINAL,true,MSZZC1|6:XAUUSD|1:5|2:-1|1:4|18:ASIA_HIGH|20260616,,,,,,false,,,REJECT_DUPLICATE_CLUSTER,"Asia session level swept during London/NewYork, closed-bar reclaim within frozen window"
SSR|ASIA_HIGH|20260616|1781650800|FINAL,SSRP|ASIA_HIGH|20260616|1781650800|FINAL,true,MSZZC1|6:XAUUSD|1:5|2:-1|1:4|18:ASIA_HIGH|20260616,,,,,,false,,,REJECT_DUPLICATE_CLUSTER,"Asia session level swept during London/NewYork, closed-bar reclaim within frozen window"
SSR|ASIA_HIGH|20260616|1781652000|FINAL,SSRP|ASIA_HIGH|20260616|1781652000|FINAL,true,MSZZC1|6:XAUUSD|1:5|2:-1|1:4|18:ASIA_HIGH|20260616,,,,,,false,,,REJECT_DUPLICATE_CLUSTER,"Asia session level swept during London/NewYork, closed-bar reclaim within frozen window"
SSR|ASIA_HIGH|20260616|1781652300|FINAL,SSRP|ASIA_HIGH|20260616|1781652300|FINAL,true,MSZZC1|6:XAUUSD|1:5|2:-1|1:4|18:ASIA_HIGH|20260616,,,,,,false,,,REJECT_DUPLICATE_CLUSTER,"Asia session level swept during London/NewYork, closed-bar reclaim within frozen window"
SSR|ASIA_HIGH|20260616|1781652900|FINAL,SSRP|ASIA_HIGH|20260616|1781652900|FINAL,true,MSZZC1|6:XAUUSD|1:5|2:-1|1:4|18:ASIA_HIGH|20260616,,,,,,false,,,REJECT_DUPLICATE_CLUSTER,"Asia session level swept during London/NewYork, closed-bar reclaim within frozen window"
SSR|ASIA_HIGH|20260617|1781717400|FINAL,SSRP|ASIA_HIGH|20260617|1781717400|FINAL,true,MSZZC1|6:XAUUSD|1:5|2:-1|1:4|18:ASIA_HIGH|20260617,MSZZC1|6:XAUUSD|1:5|2:-1|1:4|18:ASIA_HIGH|20260617,722,722,722,723,true,-1.0000,-1.0,EXECUTED,broker-executed
SSR|ASIA_HIGH|20260617|1781718300|FINAL,SSRP|ASIA_HIGH|20260617|1781718300|FINAL,true,MSZZC1|6:XAUUSD|1:5|2:-1|1:4|18:ASIA_HIGH|20260617,,,,,,false,,,REJECT_DUPLICATE_CLUSTER,"Asia session level swept during London/NewYork, closed-bar reclaim within frozen window"
SSR|ASIA_HIGH|20260617|1781718600|FINAL,SSRP|ASIA_HIGH|20260617|1781718600|FINAL,true,MSZZC1|6:XAUUSD|1:5|2:-1|1:4|18:ASIA_HIGH|20260617,,,,,,false,,,REJECT_DUPLICATE_CLUSTER,"Asia session level swept during London/NewYork, closed-bar reclaim within frozen window"
SSR|ASIA_HIGH|20260617|1781729700|FINAL,SSRP|ASIA_HIGH|20260617|1781729700|FINAL,true,MSZZC1|6:XAUUSD|1:5|2:-1|1:4|18:ASIA_HIGH|20260617,,,,,,false,,,REJECT_DUPLICATE_CLUSTER,"Asia session level swept during London/NewYork, closed-bar reclaim within frozen window"
SSR|ASIA_HIGH|20260617|1781730000|FINAL,SSRP|ASIA_HIGH|20260617|1781730000|FINAL,true,MSZZC1|6:XAUUSD|1:5|2:-1|1:4|18:ASIA_HIGH|20260617,,,,,,false,,,REJECT_DUPLICATE_CLUSTER,"Asia session level swept during London/NewYork, closed-bar reclaim within frozen window"
SSR|ASIA_LOW|20260617|1781732100|FINAL,SSRP|ASIA_LOW|20260617|1781732100|FINAL,true,MSZZC1|6:XAUUSD|1:5|1:1|1:4|17:ASIA_LOW|20260617,MSZZC1|6:XAUUSD|1:5|1:1|1:4|17:ASIA_LOW|20260617,724,724,724,725,true,-1.0000,-1.0,EXECUTED,broker-executed
SSR|ASIA_LOW|20260617|1781732400|FINAL,SSRP|ASIA_LOW|20260617|1781732400|FINAL,true,MSZZC1|6:XAUUSD|1:5|1:1|1:4|17:ASIA_LOW|20260617,,,,,,false,,,REJECT_DUPLICATE_CLUSTER,"Asia session level swept during London/NewYork, closed-bar reclaim within frozen window"
SSR|ASIA_LOW|20260618|1781795100|FINAL,SSRP|ASIA_LOW|20260618|1781795100|FINAL,true,MSZZC1|6:XAUUSD|1:5|1:1|1:4|17:ASIA_LOW|20260618,MSZZC1|6:XAUUSD|1:5|1:1|1:4|17:ASIA_LOW|20260618,726,726,726,727,true,-1.0000,-1.0,EXECUTED,broker-executed
SSR|ASIA_LOW|20260618|1781795400|FINAL,SSRP|ASIA_LOW|20260618|1781795400|FINAL,true,MSZZC1|6:XAUUSD|1:5|1:1|1:4|17:ASIA_LOW|20260618,,,,,,false,,,REJECT_DUPLICATE_CLUSTER,"Asia session level swept during London/NewYork, closed-bar reclaim within frozen window"
SSR|ASIA_LOW|20260618|1781798400|FINAL,SSRP|ASIA_LOW|20260618|1781798400|FINAL,true,MSZZC1|6:XAUUSD|1:5|1:1|1:4|17:ASIA_LOW|20260618,,,,,,false,,,REJECT_DUPLICATE_CLUSTER,"Asia session level swept during London/NewYork, closed-bar reclaim within frozen window"
SSR|ASIA_LOW|20260618|1781799000|FINAL,SSRP|ASIA_LOW|20260618|1781799000|FINAL,true,MSZZC1|6:XAUUSD|1:5|1:1|1:4|17:ASIA_LOW|20260618,,,,,,false,,,REJECT_DUPLICATE_CLUSTER,"Asia session level swept during London/NewYork, closed-bar reclaim within frozen window"
SSR|ASIA_LOW|20260619|1781856000|FINAL,SSRP|ASIA_LOW|20260619|1781856000|FINAL,true,MSZZC1|6:XAUUSD|1:5|1:1|1:4|17:ASIA_LOW|20260619,MSZZC1|6:XAUUSD|1:5|1:1|1:4|17:ASIA_LOW|20260619,728,728,728,729,true,2.0011,2.0010845986984065,EXECUTED,broker-executed
SSR|ASIA_LOW|20260619|1781856600|FINAL,SSRP|ASIA_LOW|20260619|1781856600|FINAL,true,MSZZC1|6:XAUUSD|1:5|1:1|1:4|17:ASIA_LOW|20260619,,,,,,false,,,REJECT_DUPLICATE_CLUSTER,"Asia session level swept during London/NewYork, closed-bar reclaim within frozen window"
SSR|ASIA_LOW|20260623|1782205500|FINAL,SSRP|ASIA_LOW|20260623|1782205500|FINAL,true,MSZZC1|6:XAUUSD|1:5|1:1|1:4|17:ASIA_LOW|20260623,MSZZC1|6:XAUUSD|1:5|1:1|1:4|17:ASIA_LOW|20260623,730,730,730,731,true,-1.0000,-1.0,EXECUTED,broker-executed
SSR|ASIA_LOW|20260623|1782205800|FINAL,SSRP|ASIA_LOW|20260623|1782205800|FINAL,true,MSZZC1|6:XAUUSD|1:5|1:1|1:4|17:ASIA_LOW|20260623,,,,,,false,,,REJECT_DUPLICATE_CLUSTER,"Asia session level swept during London/NewYork, closed-bar reclaim within frozen window"
SSR|ASIA_LOW|20260623|1782207600|FINAL,SSRP|ASIA_LOW|20260623|1782207600|FINAL,true,MSZZC1|6:XAUUSD|1:5|1:1|1:4|17:ASIA_LOW|20260623,,,,,,false,,,REJECT_DUPLICATE_CLUSTER,"Asia session level swept during London/NewYork, closed-bar reclaim within frozen window"
SSR|ASIA_LOW|20260623|1782207900|FINAL,SSRP|ASIA_LOW|20260623|1782207900|FINAL,true,MSZZC1|6:XAUUSD|1:5|1:1|1:4|17:ASIA_LOW|20260623,,,,,,false,,,REJECT_DUPLICATE_CLUSTER,"Asia session level swept during London/NewYork, closed-bar reclaim within frozen window"
SSR|ASIA_LOW|20260623|1782208800|FINAL,SSRP|ASIA_LOW|20260623|1782208800|FINAL,true,MSZZC1|6:XAUUSD|1:5|1:1|1:4|17:ASIA_LOW|20260623,,,,,,false,,,REJECT_DUPLICATE_CLUSTER,"Asia session level swept during London/NewYork, closed-bar reclaim within frozen window"
SSR|ASIA_LOW|20260623|1782209400|FINAL,SSRP|ASIA_LOW|20260623|1782209400|FINAL,true,MSZZC1|6:XAUUSD|1:5|1:1|1:4|17:ASIA_LOW|20260623,,,,,,false,,,REJECT_DUPLICATE_CLUSTER,"Asia session level swept during London/NewYork, closed-bar reclaim within frozen window"
SSR|ASIA_LOW|20260623|1782216900|FINAL,SSRP|ASIA_LOW|20260623|1782216900|FINAL,true,MSZZC1|6:XAUUSD|1:5|1:1|1:4|17:ASIA_LOW|20260623,,,,,,false,,,REJECT_DUPLICATE_CLUSTER,"Asia session level swept during London/NewYork, closed-bar reclaim within frozen window"
SSR|ASIA_LOW|20260623|1782217200|FINAL,SSRP|ASIA_LOW|20260623|1782217200|FINAL,true,MSZZC1|6:XAUUSD|1:5|1:1|1:4|17:ASIA_LOW|20260623,,,,,,false,,,REJECT_DUPLICATE_CLUSTER,"Asia session level swept during London/NewYork, closed-bar reclaim within frozen window"
SSR|ASIA_LOW|20260623|1782217800|FINAL,SSRP|ASIA_LOW|20260623|1782217800|FINAL,true,MSZZC1|6:XAUUSD|1:5|1:1|1:4|17:ASIA_LOW|20260623,,,,,,false,,,REJECT_DUPLICATE_CLUSTER,"Asia session level swept during London/NewYork, closed-bar reclaim within frozen window"
SSR|ASIA_LOW|20260623|1782227400|FINAL,SSRP|ASIA_LOW|20260623|1782227400|FINAL,true,MSZZC1|6:XAUUSD|1:5|1:1|1:4|17:ASIA_LOW|20260623,,,,,,false,,,REJECT_DUPLICATE_CLUSTER,"Asia session level swept during London/NewYork, closed-bar reclaim within frozen window"
SSR|ASIA_LOW|20260623|1782227700|FINAL,SSRP|ASIA_LOW|20260623|1782227700|FINAL,true,MSZZC1|6:XAUUSD|1:5|1:1|1:4|17:ASIA_LOW|20260623,,,,,,false,,,REJECT_DUPLICATE_CLUSTER,"Asia session level swept during London/NewYork, closed-bar reclaim within frozen window"
SSR|ASIA_LOW|20260623|1782228000|FINAL,SSRP|ASIA_LOW|20260623|1782228000|FINAL,true,MSZZC1|6:XAUUSD|1:5|1:1|1:4|17:ASIA_LOW|20260623,,,,,,false,,,REJECT_DUPLICATE_CLUSTER,"Asia session level swept during London/NewYork, closed-bar reclaim within frozen window"
SSR|ASIA_LOW|20260623|1782229500|FINAL,SSRP|ASIA_LOW|20260623|1782229500|FINAL,true,MSZZC1|6:XAUUSD|1:5|1:1|1:4|17:ASIA_LOW|20260623,,,,,,false,,,REJECT_DUPLICATE_CLUSTER,"Asia session level swept during London/NewYork, closed-bar reclaim within frozen window"
SSR|ASIA_LOW|20260623|1782230100|FINAL,SSRP|ASIA_LOW|20260623|1782230100|FINAL,true,MSZZC1|6:XAUUSD|1:5|1:1|1:4|17:ASIA_LOW|20260623,,,,,,false,,,REJECT_DUPLICATE_CLUSTER,"Asia session level swept during London/NewYork, closed-bar reclaim within frozen window"
SSR|ASIA_LOW|20260623|1782231300|FINAL,SSRP|ASIA_LOW|20260623|1782231300|FINAL,true,MSZZC1|6:XAUUSD|1:5|1:1|1:4|17:ASIA_LOW|20260623,,,,,,false,,,REJECT_DUPLICATE_CLUSTER,"Asia session level swept during London/NewYork, closed-bar reclaim within frozen window"
SSR|ASIA_LOW|20260623|1782231600|FINAL,SSRP|ASIA_LOW|20260623|1782231600|FINAL,true,MSZZC1|6:XAUUSD|1:5|1:1|1:4|17:ASIA_LOW|20260623,,,,,,false,,,REJECT_DUPLICATE_CLUSTER,"Asia session level swept during London/NewYork, closed-bar reclaim within frozen window"
SSR|ASIA_LOW|20260623|1782232200|FINAL,SSRP|ASIA_LOW|20260623|1782232200|FINAL,true,MSZZC1|6:XAUUSD|1:5|1:1|1:4|17:ASIA_LOW|20260623,,,,,,false,,,REJECT_DUPLICATE_CLUSTER,"Asia session level swept during London/NewYork, closed-bar reclaim within frozen window"
SSR|ASIA_LOW|20260623|1782251100|FINAL,SSRP|ASIA_LOW|20260623|1782251100|FINAL,true,MSZZC1|6:XAUUSD|1:5|1:1|1:4|17:ASIA_LOW|20260623,,,,,,false,,,REJECT_DUPLICATE_CLUSTER,"Asia session level swept during London/NewYork, closed-bar reclaim within frozen window"
SSR|ASIA_LOW|20260624|1782312300|FINAL,SSRP|ASIA_LOW|20260624|1782312300|FINAL,true,MSZZC1|6:XAUUSD|1:5|1:1|1:4|17:ASIA_LOW|20260624,MSZZC1|6:XAUUSD|1:5|1:1|1:4|17:ASIA_LOW|20260624,732,732,732,733,true,-1.0000,-1.0,EXECUTED,broker-executed
SSR|ASIA_HIGH|20260625|1782403800|FINAL,SSRP|ASIA_HIGH|20260625|1782403800|FINAL,true,MSZZC1|6:XAUUSD|1:5|2:-1|1:4|18:ASIA_HIGH|20260625,MSZZC1|6:XAUUSD|1:5|2:-1|1:4|18:ASIA_HIGH|20260625,734,734,734,735,true,-1.0000,-1.0,EXECUTED,broker-executed
SSR|ASIA_HIGH|20260625|1782405000|FINAL,SSRP|ASIA_HIGH|20260625|1782405000|FINAL,true,MSZZC1|6:XAUUSD|1:5|2:-1|1:4|18:ASIA_HIGH|20260625,,,,,,false,,,REJECT_DUPLICATE_CLUSTER,"Asia session level swept during London/NewYork, closed-bar reclaim within frozen window"
SSR|ASIA_HIGH|20260625|1782405600|FINAL,SSRP|ASIA_HIGH|20260625|1782405600|FINAL,true,MSZZC1|6:XAUUSD|1:5|2:-1|1:4|18:ASIA_HIGH|20260625,,,,,,false,,,REJECT_DUPLICATE_CLUSTER,"Asia session level swept during London/NewYork, closed-bar reclaim within frozen window"
SSR|ASIA_HIGH|20260625|1782407100|FINAL,SSRP|ASIA_HIGH|20260625|1782407100|FINAL,true,MSZZC1|6:XAUUSD|1:5|2:-1|1:4|18:ASIA_HIGH|20260625,,,,,,false,,,REJECT_DUPLICATE_CLUSTER,"Asia session level swept during London/NewYork, closed-bar reclaim within frozen window"
SSR|ASIA_HIGH|20260625|1782407700|FINAL,SSRP|ASIA_HIGH|20260625|1782407700|FINAL,true,MSZZC1|6:XAUUSD|1:5|2:-1|1:4|18:ASIA_HIGH|20260625,,,,,,false,,,REJECT_DUPLICATE_CLUSTER,"Asia session level swept during London/NewYork, closed-bar reclaim within frozen window"
SSR|ASIA_HIGH|20260625|1782408600|FINAL,SSRP|ASIA_HIGH|20260625|1782408600|FINAL,true,MSZZC1|6:XAUUSD|1:5|2:-1|1:4|18:ASIA_HIGH|20260625,,,,,,false,,,REJECT_DUPLICATE_CLUSTER,"Asia session level swept during London/NewYork, closed-bar reclaim within frozen window"
SSR|ASIA_HIGH|20260625|1782408900|FINAL,SSRP|ASIA_HIGH|20260625|1782408900|FINAL,true,MSZZC1|6:XAUUSD|1:5|2:-1|1:4|18:ASIA_HIGH|20260625,,,,,,false,,,REJECT_DUPLICATE_CLUSTER,"Asia session level swept during London/NewYork, closed-bar reclaim within frozen window"
SSR|ASIA_HIGH|20260625|1782409500|FINAL,SSRP|ASIA_HIGH|20260625|1782409500|FINAL,true,MSZZC1|6:XAUUSD|1:5|2:-1|1:4|18:ASIA_HIGH|20260625,,,,,,false,,,REJECT_DUPLICATE_CLUSTER,"Asia session level swept during London/NewYork, closed-bar reclaim within frozen window"
SSR|ASIA_HIGH|20260625|1782409800|FINAL,SSRP|ASIA_HIGH|20260625|1782409800|FINAL,true,MSZZC1|6:XAUUSD|1:5|2:-1|1:4|18:ASIA_HIGH|20260625,,,,,,false,,,REJECT_DUPLICATE_CLUSTER,"Asia session level swept during London/NewYork, closed-bar reclaim within frozen window"
SSR|ASIA_HIGH|20260625|1782410700|FINAL,SSRP|ASIA_HIGH|20260625|1782410700|FINAL,true,MSZZC1|6:XAUUSD|1:5|2:-1|1:4|18:ASIA_HIGH|20260625,,,,,,false,,,REJECT_DUPLICATE_CLUSTER,"Asia session level swept during London/NewYork, closed-bar reclaim within frozen window"
SSR|ASIA_HIGH|20260626|1782469500|FINAL,SSRP|ASIA_HIGH|20260626|1782469500|FINAL,true,MSZZC1|6:XAUUSD|1:5|2:-1|1:4|18:ASIA_HIGH|20260626,MSZZC1|6:XAUUSD|1:5|2:-1|1:4|18:ASIA_HIGH|20260626,736,736,736,737,true,2.0000,2.000000000000122,EXECUTED,broker-executed
SSR|ASIA_HIGH|20260626|1782470100|FINAL,SSRP|ASIA_HIGH|20260626|1782470100|FINAL,true,MSZZC1|6:XAUUSD|1:5|2:-1|1:4|18:ASIA_HIGH|20260626,,,,,,false,,,REJECT_DUPLICATE_CLUSTER,"Asia session level swept during London/NewYork, closed-bar reclaim within frozen window"
SSR|ASIA_HIGH|20260626|1782474300|FINAL,SSRP|ASIA_HIGH|20260626|1782474300|FINAL,true,MSZZC1|6:XAUUSD|1:5|2:-1|1:4|18:ASIA_HIGH|20260626,,,,,,false,,,REJECT_DUPLICATE_CLUSTER,"Asia session level swept during London/NewYork, closed-bar reclaim within frozen window"
SSR|ASIA_LOW|20260629|1782720000|FINAL,SSRP|ASIA_LOW|20260629|1782720000|FINAL,true,MSZZC1|6:XAUUSD|1:5|1:1|1:4|17:ASIA_LOW|20260629,MSZZC1|6:XAUUSD|1:5|1:1|1:4|17:ASIA_LOW|20260629,738,738,738,739,true,-1.0000,-1.0,EXECUTED,broker-executed
SSR|ASIA_LOW|20260629|1782722100|FINAL,SSRP|ASIA_LOW|20260629|1782722100|FINAL,true,MSZZC1|6:XAUUSD|1:5|1:1|1:4|17:ASIA_LOW|20260629,,,,,,false,,,REJECT_DUPLICATE_CLUSTER,"Asia session level swept during London/NewYork, closed-bar reclaim within frozen window"
SSR|ASIA_LOW|20260629|1782722400|FINAL,SSRP|ASIA_LOW|20260629|1782722400|FINAL,true,MSZZC1|6:XAUUSD|1:5|1:1|1:4|17:ASIA_LOW|20260629,,,,,,false,,,REJECT_DUPLICATE_CLUSTER,"Asia session level swept during London/NewYork, closed-bar reclaim within frozen window"
SSR|ASIA_LOW|20260629|1782723000|FINAL,SSRP|ASIA_LOW|20260629|1782723000|FINAL,true,MSZZC1|6:XAUUSD|1:5|1:1|1:4|17:ASIA_LOW|20260629,,,,,,false,,,REJECT_DUPLICATE_CLUSTER,"Asia session level swept during London/NewYork, closed-bar reclaim within frozen window"
SSR|ASIA_LOW|20260629|1782734100|FINAL,SSRP|ASIA_LOW|20260629|1782734100|FINAL,true,MSZZC1|6:XAUUSD|1:5|1:1|1:4|17:ASIA_LOW|20260629,,,,,,false,,,REJECT_DUPLICATE_CLUSTER,"Asia session level swept during London/NewYork, closed-bar reclaim within frozen window"
SSR|ASIA_LOW|20260629|1782734400|FINAL,SSRP|ASIA_LOW|20260629|1782734400|FINAL,true,MSZZC1|6:XAUUSD|1:5|1:1|1:4|17:ASIA_LOW|20260629,,,,,,false,,,REJECT_DUPLICATE_CLUSTER,"Asia session level swept during London/NewYork, closed-bar reclaim within frozen window"
SSR|ASIA_LOW|20260629|1782748500|FINAL,SSRP|ASIA_LOW|20260629|1782748500|FINAL,true,MSZZC1|6:XAUUSD|1:5|1:1|1:4|17:ASIA_LOW|20260629,,,,,,false,,,REJECT_DUPLICATE_CLUSTER,"Asia session level swept during London/NewYork, closed-bar reclaim within frozen window"
SSR|ASIA_LOW|20260629|1782748800|FINAL,SSRP|ASIA_LOW|20260629|1782748800|FINAL,true,MSZZC1|6:XAUUSD|1:5|1:1|1:4|17:ASIA_LOW|20260629,,,,,,false,,,REJECT_DUPLICATE_CLUSTER,"Asia session level swept during London/NewYork, closed-bar reclaim within frozen window"
SSR|ASIA_HIGH|20260630|1782811800|FINAL,SSRP|ASIA_HIGH|20260630|1782811800|FINAL,true,MSZZC1|6:XAUUSD|1:5|2:-1|1:4|18:ASIA_HIGH|20260630,MSZZC1|6:XAUUSD|1:5|2:-1|1:4|18:ASIA_HIGH|20260630,740,740,740,741,true,-1.0000,-1.0,EXECUTED,broker-executed
SSR|ASIA_HIGH|20260630|1782817500|FINAL,SSRP|ASIA_HIGH|20260630|1782817500|FINAL,true,MSZZC1|6:XAUUSD|1:5|2:-1|1:4|18:ASIA_HIGH|20260630,,,,,,false,,,REJECT_DUPLICATE_CLUSTER,"Asia session level swept during London/NewYork, closed-bar reclaim within frozen window"
SSR|ASIA_HIGH|20260630|1782818100|FINAL,SSRP|ASIA_HIGH|20260630|1782818100|FINAL,true,MSZZC1|6:XAUUSD|1:5|2:-1|1:4|18:ASIA_HIGH|20260630,,,,,,false,,,REJECT_DUPLICATE_CLUSTER,"Asia session level swept during London/NewYork, closed-bar reclaim within frozen window"
SSR|ASIA_HIGH|20260630|1782818700|FINAL,SSRP|ASIA_HIGH|20260630|1782818700|FINAL,true,MSZZC1|6:XAUUSD|1:5|2:-1|1:4|18:ASIA_HIGH|20260630,,,,,,false,,,REJECT_DUPLICATE_CLUSTER,"Asia session level swept during London/NewYork, closed-bar reclaim within frozen window"
SSR|ASIA_HIGH|20260630|1782819300|FINAL,SSRP|ASIA_HIGH|20260630|1782819300|FINAL,true,MSZZC1|6:XAUUSD|1:5|2:-1|1:4|18:ASIA_HIGH|20260630,,,,,,false,,,REJECT_DUPLICATE_CLUSTER,"Asia session level swept during London/NewYork, closed-bar reclaim within frozen window"
SSR|ASIA_HIGH|20260630|1782832500|FINAL,SSRP|ASIA_HIGH|20260630|1782832500|FINAL,true,MSZZC1|6:XAUUSD|1:5|2:-1|1:4|18:ASIA_HIGH|20260630,,,,,,false,,,REJECT_DUPLICATE_CLUSTER,"Asia session level swept during London/NewYork, closed-bar reclaim within frozen window"
SSR|ASIA_HIGH|20260630|1782832800|FINAL,SSRP|ASIA_HIGH|20260630|1782832800|FINAL,true,MSZZC1|6:XAUUSD|1:5|2:-1|1:4|18:ASIA_HIGH|20260630,,,,,,false,,,REJECT_DUPLICATE_CLUSTER,"Asia session level swept during London/NewYork, closed-bar reclaim within frozen window"
SSR|ASIA_HIGH|20260630|1782836100|FINAL,SSRP|ASIA_HIGH|20260630|1782836100|FINAL,true,MSZZC1|6:XAUUSD|1:5|2:-1|1:4|18:ASIA_HIGH|20260630,,,,,,false,,,REJECT_DUPLICATE_CLUSTER,"Asia session level swept during London/NewYork, closed-bar reclaim within frozen window"
SSR|ASIA_HIGH|20260630|1782836400|FINAL,SSRP|ASIA_HIGH|20260630|1782836400|FINAL,true,MSZZC1|6:XAUUSD|1:5|2:-1|1:4|18:ASIA_HIGH|20260630,,,,,,false,,,REJECT_DUPLICATE_CLUSTER,"Asia session level swept during London/NewYork, closed-bar reclaim within frozen window"
SSR|ASIA_HIGH|20260630|1782837000|FINAL,SSRP|ASIA_HIGH|20260630|1782837000|FINAL,true,MSZZC1|6:XAUUSD|1:5|2:-1|1:4|18:ASIA_HIGH|20260630,,,,,,false,,,REJECT_DUPLICATE_CLUSTER,"Asia session level swept during London/NewYork, closed-bar reclaim within frozen window"
SSR|ASIA_HIGH|20260630|1782849600|FINAL,SSRP|ASIA_HIGH|20260630|1782849600|FINAL,true,MSZZC1|6:XAUUSD|1:5|2:-1|1:4|18:ASIA_HIGH|20260630,,,,,,false,,,REJECT_DUPLICATE_CLUSTER,"Asia session level swept during London/NewYork, closed-bar reclaim within frozen window"
SSR|ASIA_HIGH|20260630|1782857700|FINAL,SSRP|ASIA_HIGH|20260630|1782857700|FINAL,true,MSZZC1|6:XAUUSD|1:5|2:-1|1:4|18:ASIA_HIGH|20260630,,,,,,false,,,REJECT_DUPLICATE_CLUSTER,"Asia session level swept during London/NewYork, closed-bar reclaim within frozen window"
SSR|ASIA_HIGH|20260630|1782858000|FINAL,SSRP|ASIA_HIGH|20260630|1782858000|FINAL,true,MSZZC1|6:XAUUSD|1:5|2:-1|1:4|18:ASIA_HIGH|20260630,,,,,,false,,,REJECT_DUPLICATE_CLUSTER,"Asia session level swept during London/NewYork, closed-bar reclaim within frozen window"
SSR|ASIA_HIGH|20260630|1782858600|FINAL,SSRP|ASIA_HIGH|20260630|1782858600|FINAL,true,MSZZC1|6:XAUUSD|1:5|2:-1|1:4|18:ASIA_HIGH|20260630,,,,,,false,,,REJECT_DUPLICATE_CLUSTER,"Asia session level swept during London/NewYork, closed-bar reclaim within frozen window"
SSR|ASIA_LOW|20260701|1782898500|FINAL,SSRP|ASIA_LOW|20260701|1782898500|FINAL,true,MSZZC1|6:XAUUSD|1:5|1:1|1:4|17:ASIA_LOW|20260701,MSZZC1|6:XAUUSD|1:5|1:1|1:4|17:ASIA_LOW|20260701,742,742,742,743,true,-1.0000,-1.0,EXECUTED,broker-executed
SSR|ASIA_LOW|20260701|1782898800|FINAL,SSRP|ASIA_LOW|20260701|1782898800|FINAL,true,MSZZC1|6:XAUUSD|1:5|1:1|1:4|17:ASIA_LOW|20260701,,,,,,false,,,REJECT_DUPLICATE_CLUSTER,"Asia session level swept during London/NewYork, closed-bar reclaim within frozen window"
SSR|ASIA_LOW|20260701|1782899400|FINAL,SSRP|ASIA_LOW|20260701|1782899400|FINAL,true,MSZZC1|6:XAUUSD|1:5|1:1|1:4|17:ASIA_LOW|20260701,,,,,,false,,,REJECT_DUPLICATE_CLUSTER,"Asia session level swept during London/NewYork, closed-bar reclaim within frozen window"
SSR|ASIA_LOW|20260701|1782901800|FINAL,SSRP|ASIA_LOW|20260701|1782901800|FINAL,true,MSZZC1|6:XAUUSD|1:5|1:1|1:4|17:ASIA_LOW|20260701,,,,,,false,,,REJECT_DUPLICATE_CLUSTER,"Asia session level swept during London/NewYork, closed-bar reclaim within frozen window"
SSR|ASIA_LOW|20260701|1782902400|FINAL,SSRP|ASIA_LOW|20260701|1782902400|FINAL,true,MSZZC1|6:XAUUSD|1:5|1:1|1:4|17:ASIA_LOW|20260701,,,,,,false,,,REJECT_DUPLICATE_CLUSTER,"Asia session level swept during London/NewYork, closed-bar reclaim within frozen window"
SSR|ASIA_LOW|20260701|1782902700|FINAL,SSRP|ASIA_LOW|20260701|1782902700|FINAL,true,MSZZC1|6:XAUUSD|1:5|1:1|1:4|17:ASIA_LOW|20260701,,,,,,false,,,REJECT_DUPLICATE_CLUSTER,"Asia session level swept during London/NewYork, closed-bar reclaim within frozen window"
SSR|ASIA_HIGH|20260701|1782921600|FINAL,SSRP|ASIA_HIGH|20260701|1782921600|FINAL,true,MSZZC1|6:XAUUSD|1:5|2:-1|1:4|18:ASIA_HIGH|20260701,MSZZC1|6:XAUUSD|1:5|2:-1|1:4|18:ASIA_HIGH|20260701,744,744,744,745,true,-1.0000,-1.0,EXECUTED,broker-executed
SSR|ASIA_HIGH|20260702|1782982800|FINAL,SSRP|ASIA_HIGH|20260702|1782982800|FINAL,true,MSZZC1|6:XAUUSD|1:5|2:-1|1:4|18:ASIA_HIGH|20260702,MSZZC1|6:XAUUSD|1:5|2:-1|1:4|18:ASIA_HIGH|20260702,746,746,746,747,true,-1.0000,-1.0,EXECUTED,broker-executed
SSR|ASIA_HIGH|20260702|1782984000|FINAL,SSRP|ASIA_HIGH|20260702|1782984000|FINAL,true,MSZZC1|6:XAUUSD|1:5|2:-1|1:4|18:ASIA_HIGH|20260702,,,,,,false,,,REJECT_DUPLICATE_CLUSTER,"Asia session level swept during London/NewYork, closed-bar reclaim within frozen window"
SSR|ASIA_HIGH|20260702|1782984900|FINAL,SSRP|ASIA_HIGH|20260702|1782984900|FINAL,true,MSZZC1|6:XAUUSD|1:5|2:-1|1:4|18:ASIA_HIGH|20260702,,,,,,false,,,REJECT_DUPLICATE_CLUSTER,"Asia session level swept during London/NewYork, closed-bar reclaim within frozen window"
SSR|ASIA_HIGH|20260702|1782985800|FINAL,SSRP|ASIA_HIGH|20260702|1782985800|FINAL,true,MSZZC1|6:XAUUSD|1:5|2:-1|1:4|18:ASIA_HIGH|20260702,,,,,,false,,,REJECT_DUPLICATE_CLUSTER,"Asia session level swept during London/NewYork, closed-bar reclaim within frozen window"
SSR|ASIA_HIGH|20260702|1782986100|FINAL,SSRP|ASIA_HIGH|20260702|1782986100|FINAL,true,MSZZC1|6:XAUUSD|1:5|2:-1|1:4|18:ASIA_HIGH|20260702,,,,,,false,,,REJECT_DUPLICATE_CLUSTER,"Asia session level swept during London/NewYork, closed-bar reclaim within frozen window"
SSR|ASIA_HIGH|20260702|1782988800|FINAL,SSRP|ASIA_HIGH|20260702|1782988800|FINAL,true,MSZZC1|6:XAUUSD|1:5|2:-1|1:4|18:ASIA_HIGH|20260702,,,,,,false,,,REJECT_DUPLICATE_CLUSTER,"Asia session level swept during London/NewYork, closed-bar reclaim within frozen window"
SSR|ASIA_HIGH|20260702|1782991200|FINAL,SSRP|ASIA_HIGH|20260702|1782991200|FINAL,true,MSZZC1|6:XAUUSD|1:5|2:-1|1:4|18:ASIA_HIGH|20260702,,,,,,false,,,REJECT_DUPLICATE_CLUSTER,"Asia session level swept during London/NewYork, closed-bar reclaim within frozen window"
SSR|ASIA_HIGH|20260702|1782993000|FINAL,SSRP|ASIA_HIGH|20260702|1782993000|FINAL,true,MSZZC1|6:XAUUSD|1:5|2:-1|1:4|18:ASIA_HIGH|20260702,,,,,,false,,,REJECT_DUPLICATE_CLUSTER,"Asia session level swept during London/NewYork, closed-bar reclaim within frozen window"
SSR|ASIA_HIGH|20260702|1782993900|FINAL,SSRP|ASIA_HIGH|20260702|1782993900|FINAL,true,MSZZC1|6:XAUUSD|1:5|2:-1|1:4|18:ASIA_HIGH|20260702,,,,,,false,,,REJECT_DUPLICATE_CLUSTER,"Asia session level swept during London/NewYork, closed-bar reclaim within frozen window"
SSR|ASIA_LOW|20260706|1783333500|FINAL,SSRP|ASIA_LOW|20260706|1783333500|FINAL,true,MSZZC1|6:XAUUSD|1:5|1:1|1:4|17:ASIA_LOW|20260706,MSZZC1|6:XAUUSD|1:5|1:1|1:4|17:ASIA_LOW|20260706,748,748,748,749,true,-1.0000,-1.0,EXECUTED,broker-executed
SSR|ASIA_LOW|20260706|1783334100|FINAL,SSRP|ASIA_LOW|20260706|1783334100|FINAL,true,MSZZC1|6:XAUUSD|1:5|1:1|1:4|17:ASIA_LOW|20260706,,,,,,false,,,REJECT_DUPLICATE_CLUSTER,"Asia session level swept during London/NewYork, closed-bar reclaim within frozen window"
SSR|ASIA_LOW|20260706|1783369500|FINAL,SSRP|ASIA_LOW|20260706|1783369500|FINAL,true,MSZZC1|6:XAUUSD|1:5|1:1|1:4|17:ASIA_LOW|20260706,,,,,,false,,,REJECT_DUPLICATE_CLUSTER,"Asia session level swept during London/NewYork, closed-bar reclaim within frozen window"
SSR|ASIA_LOW|20260706|1783369800|FINAL,SSRP|ASIA_LOW|20260706|1783369800|FINAL,true,MSZZC1|6:XAUUSD|1:5|1:1|1:4|17:ASIA_LOW|20260706,,,,,,false,,,REJECT_DUPLICATE_CLUSTER,"Asia session level swept during London/NewYork, closed-bar reclaim within frozen window"
SSR|ASIA_LOW|20260706|1783370100|FINAL,SSRP|ASIA_LOW|20260706|1783370100|FINAL,true,MSZZC1|6:XAUUSD|1:5|1:1|1:4|17:ASIA_LOW|20260706,,,,,,false,,,REJECT_DUPLICATE_CLUSTER,"Asia session level swept during London/NewYork, closed-bar reclaim within frozen window"
SSR|ASIA_LOW|20260706|1783370700|FINAL,SSRP|ASIA_LOW|20260706|1783370700|FINAL,true,MSZZC1|6:XAUUSD|1:5|1:1|1:4|17:ASIA_LOW|20260706,,,,,,false,,,REJECT_DUPLICATE_CLUSTER,"Asia session level swept during London/NewYork, closed-bar reclaim within frozen window"
SSR|ASIA_LOW|20260706|1783371600|FINAL,SSRP|ASIA_LOW|20260706|1783371600|FINAL,true,MSZZC1|6:XAUUSD|1:5|1:1|1:4|17:ASIA_LOW|20260706,,,,,,false,,,REJECT_DUPLICATE_CLUSTER,"Asia session level swept during London/NewYork, closed-bar reclaim within frozen window"
SSR|ASIA_LOW|20260706|1783372200|FINAL,SSRP|ASIA_LOW|20260706|1783372200|FINAL,true,MSZZC1|6:XAUUSD|1:5|1:1|1:4|17:ASIA_LOW|20260706,,,,,,false,,,REJECT_DUPLICATE_CLUSTER,"Asia session level swept during London/NewYork, closed-bar reclaim within frozen window"
SSR|ASIA_LOW|20260707|1783411200|FINAL,SSRP|ASIA_LOW|20260707|1783411200|FINAL,true,MSZZC1|6:XAUUSD|1:5|1:1|1:4|17:ASIA_LOW|20260707,MSZZC1|6:XAUUSD|1:5|1:1|1:4|17:ASIA_LOW|20260707,750,750,750,751,true,-1.0000,-1.0,EXECUTED,broker-executed
SSR|ASIA_LOW|20260707|1783412100|FINAL,SSRP|ASIA_LOW|20260707|1783412100|FINAL,true,MSZZC1|6:XAUUSD|1:5|1:1|1:4|17:ASIA_LOW|20260707,,,,,,false,,,REJECT_DUPLICATE_CLUSTER,"Asia session level swept during London/NewYork, closed-bar reclaim within frozen window"
SSR|ASIA_LOW|20260707|1783412400|FINAL,SSRP|ASIA_LOW|20260707|1783412400|FINAL,true,MSZZC1|6:XAUUSD|1:5|1:1|1:4|17:ASIA_LOW|20260707,,,,,,false,,,REJECT_DUPLICATE_CLUSTER,"Asia session level swept during London/NewYork, closed-bar reclaim within frozen window"
SSR|ASIA_LOW|20260707|1783413900|FINAL,SSRP|ASIA_LOW|20260707|1783413900|FINAL,true,MSZZC1|6:XAUUSD|1:5|1:1|1:4|17:ASIA_LOW|20260707,,,,,,false,,,REJECT_DUPLICATE_CLUSTER,"Asia session level swept during London/NewYork, closed-bar reclaim within frozen window"
SSR|ASIA_LOW|20260707|1783414200|FINAL,SSRP|ASIA_LOW|20260707|1783414200|FINAL,true,MSZZC1|6:XAUUSD|1:5|1:1|1:4|17:ASIA_LOW|20260707,,,,,,false,,,REJECT_DUPLICATE_CLUSTER,"Asia session level swept during London/NewYork, closed-bar reclaim within frozen window"
SSR|ASIA_LOW|20260707|1783414800|FINAL,SSRP|ASIA_LOW|20260707|1783414800|FINAL,true,MSZZC1|6:XAUUSD|1:5|1:1|1:4|17:ASIA_LOW|20260707,,,,,,false,,,REJECT_DUPLICATE_CLUSTER,"Asia session level swept during London/NewYork, closed-bar reclaim within frozen window"
SSR|ASIA_LOW|20260707|1783425000|FINAL,SSRP|ASIA_LOW|20260707|1783425000|FINAL,true,MSZZC1|6:XAUUSD|1:5|1:1|1:4|17:ASIA_LOW|20260707,,,,,,false,,,REJECT_DUPLICATE_CLUSTER,"Asia session level swept during London/NewYork, closed-bar reclaim within frozen window"
SSR|ASIA_LOW|20260707|1783425300|FINAL,SSRP|ASIA_LOW|20260707|1783425300|FINAL,true,MSZZC1|6:XAUUSD|1:5|1:1|1:4|17:ASIA_LOW|20260707,,,,,,false,,,REJECT_DUPLICATE_CLUSTER,"Asia session level swept during London/NewYork, closed-bar reclaim within frozen window"
SSR|ASIA_LOW|20260707|1783427100|FINAL,SSRP|ASIA_LOW|20260707|1783427100|FINAL,true,MSZZC1|6:XAUUSD|1:5|1:1|1:4|17:ASIA_LOW|20260707,,,,,,false,,,REJECT_DUPLICATE_CLUSTER,"Asia session level swept during London/NewYork, closed-bar reclaim within frozen window"
SSR|ASIA_LOW|20260707|1783427400|FINAL,SSRP|ASIA_LOW|20260707|1783427400|FINAL,true,MSZZC1|6:XAUUSD|1:5|1:1|1:4|17:ASIA_LOW|20260707,,,,,,false,,,REJECT_DUPLICATE_CLUSTER,"Asia session level swept during London/NewYork, closed-bar reclaim within frozen window"
SSR|ASIA_HIGH|20260707|1783437000|FINAL,SSRP|ASIA_HIGH|20260707|1783437000|FINAL,true,MSZZC1|6:XAUUSD|1:5|2:-1|1:4|18:ASIA_HIGH|20260707,MSZZC1|6:XAUUSD|1:5|2:-1|1:4|18:ASIA_HIGH|20260707,752,752,752,753,true,-1.0000,-1.0,EXECUTED,broker-executed
SSR|ASIA_HIGH|20260707|1783437600|FINAL,SSRP|ASIA_HIGH|20260707|1783437600|FINAL,true,MSZZC1|6:XAUUSD|1:5|2:-1|1:4|18:ASIA_HIGH|20260707,,,,,,false,,,REJECT_DUPLICATE_CLUSTER,"Asia session level swept during London/NewYork, closed-bar reclaim within frozen window"
SSR|ASIA_HIGH|20260707|1783437900|FINAL,SSRP|ASIA_HIGH|20260707|1783437900|FINAL,true,MSZZC1|6:XAUUSD|1:5|2:-1|1:4|18:ASIA_HIGH|20260707,,,,,,false,,,REJECT_DUPLICATE_CLUSTER,"Asia session level swept during London/NewYork, closed-bar reclaim within frozen window"
SSR|ASIA_HIGH|20260707|1783439700|FINAL,SSRP|ASIA_HIGH|20260707|1783439700|FINAL,true,MSZZC1|6:XAUUSD|1:5|2:-1|1:4|18:ASIA_HIGH|20260707,,,,,,false,,,REJECT_DUPLICATE_CLUSTER,"Asia session level swept during London/NewYork, closed-bar reclaim within frozen window"
SSR|ASIA_HIGH|20260707|1783440000|FINAL,SSRP|ASIA_HIGH|20260707|1783440000|FINAL,true,MSZZC1|6:XAUUSD|1:5|2:-1|1:4|18:ASIA_HIGH|20260707,,,,,,false,,,REJECT_DUPLICATE_CLUSTER,"Asia session level swept during London/NewYork, closed-bar reclaim within frozen window"
SSR|ASIA_HIGH|20260707|1783440600|FINAL,SSRP|ASIA_HIGH|20260707|1783440600|FINAL,true,MSZZC1|6:XAUUSD|1:5|2:-1|1:4|18:ASIA_HIGH|20260707,,,,,,false,,,REJECT_DUPLICATE_CLUSTER,"Asia session level swept during London/NewYork, closed-bar reclaim within frozen window"
SSR|ASIA_HIGH|20260707|1783441200|FINAL,SSRP|ASIA_HIGH|20260707|1783441200|FINAL,true,MSZZC1|6:XAUUSD|1:5|2:-1|1:4|18:ASIA_HIGH|20260707,,,,,,false,,,REJECT_DUPLICATE_CLUSTER,"Asia session level swept during London/NewYork, closed-bar reclaim within frozen window"
SSR|ASIA_HIGH|20260707|1783442700|FINAL,SSRP|ASIA_HIGH|20260707|1783442700|FINAL,true,MSZZC1|6:XAUUSD|1:5|2:-1|1:4|18:ASIA_HIGH|20260707,,,,,,false,,,REJECT_DUPLICATE_CLUSTER,"Asia session level swept during London/NewYork, closed-bar reclaim within frozen window"
SSR|ASIA_HIGH|20260707|1783443000|FINAL,SSRP|ASIA_HIGH|20260707|1783443000|FINAL,true,MSZZC1|6:XAUUSD|1:5|2:-1|1:4|18:ASIA_HIGH|20260707,,,,,,false,,,REJECT_DUPLICATE_CLUSTER,"Asia session level swept during London/NewYork, closed-bar reclaim within frozen window"
SSR|ASIA_HIGH|20260708|1783497900|FINAL,SSRP|ASIA_HIGH|20260708|1783497900|FINAL,true,MSZZC1|6:XAUUSD|1:5|2:-1|1:4|18:ASIA_HIGH|20260708,MSZZC1|6:XAUUSD|1:5|2:-1|1:4|18:ASIA_HIGH|20260708,754,754,754,755,true,2.0000,2.0000000000001075,EXECUTED,broker-executed
SSR|ASIA_HIGH|20260708|1783502100|FINAL,SSRP|ASIA_HIGH|20260708|1783502100|FINAL,true,MSZZC1|6:XAUUSD|1:5|2:-1|1:4|18:ASIA_HIGH|20260708,,,,,,false,,,REJECT_DUPLICATE_CLUSTER,"Asia session level swept during London/NewYork, closed-bar reclaim within frozen window"
SSR|ASIA_HIGH|20260708|1783502700|FINAL,SSRP|ASIA_HIGH|20260708|1783502700|FINAL,true,MSZZC1|6:XAUUSD|1:5|2:-1|1:4|18:ASIA_HIGH|20260708,,,,,,false,,,REJECT_DUPLICATE_CLUSTER,"Asia session level swept during London/NewYork, closed-bar reclaim within frozen window"
SSR|ASIA_HIGH|20260709|1783587600|FINAL,SSRP|ASIA_HIGH|20260709|1783587600|FINAL,true,MSZZC1|6:XAUUSD|1:5|2:-1|1:4|18:ASIA_HIGH|20260709,MSZZC1|6:XAUUSD|1:5|2:-1|1:4|18:ASIA_HIGH|20260709,756,756,756,757,true,-1.0000,-1.0,EXECUTED,broker-executed
SSR|ASIA_LOW|20260710|1783680300|FINAL,SSRP|ASIA_LOW|20260710|1783680300|FINAL,true,MSZZC1|6:XAUUSD|1:5|1:1|1:4|17:ASIA_LOW|20260710,MSZZC1|6:XAUUSD|1:5|1:1|1:4|17:ASIA_LOW|20260710,758,758,758,759,true,-1.0000,-1.0,EXECUTED,broker-executed
SSR|ASIA_LOW|20260710|1783689300|FINAL,SSRP|ASIA_LOW|20260710|1783689300|FINAL,true,MSZZC1|6:XAUUSD|1:5|1:1|1:4|17:ASIA_LOW|20260710,,,,,,false,,,REJECT_DUPLICATE_CLUSTER,"Asia session level swept during London/NewYork, closed-bar reclaim within frozen window"
SSR|ASIA_LOW|20260710|1783689600|FINAL,SSRP|ASIA_LOW|20260710|1783689600|FINAL,true,MSZZC1|6:XAUUSD|1:5|1:1|1:4|17:ASIA_LOW|20260710,,,,,,false,,,REJECT_DUPLICATE_CLUSTER,"Asia session level swept during London/NewYork, closed-bar reclaim within frozen window"
SSR|ASIA_LOW|20260710|1783690200|FINAL,SSRP|ASIA_LOW|20260710|1783690200|FINAL,true,MSZZC1|6:XAUUSD|1:5|1:1|1:4|17:ASIA_LOW|20260710,,,,,,false,,,REJECT_DUPLICATE_CLUSTER,"Asia session level swept during London/NewYork, closed-bar reclaim within frozen window"
SSR|ASIA_LOW|20260710|1783695900|FINAL,SSRP|ASIA_LOW|20260710|1783695900|FINAL,true,MSZZC1|6:XAUUSD|1:5|1:1|1:4|17:ASIA_LOW|20260710,,,,,,false,,,REJECT_DUPLICATE_CLUSTER,"Asia session level swept during London/NewYork, closed-bar reclaim within frozen window"
SSR|ASIA_LOW|20260710|1783696200|FINAL,SSRP|ASIA_LOW|20260710|1783696200|FINAL,true,MSZZC1|6:XAUUSD|1:5|1:1|1:4|17:ASIA_LOW|20260710,,,,,,false,,,REJECT_DUPLICATE_CLUSTER,"Asia session level swept during London/NewYork, closed-bar reclaim within frozen window"
SSR|ASIA_LOW|20260710|1783708200|FINAL,SSRP|ASIA_LOW|20260710|1783708200|FINAL,true,MSZZC1|6:XAUUSD|1:5|1:1|1:4|17:ASIA_LOW|20260710,,,,,,false,,,REJECT_DUPLICATE_CLUSTER,"Asia session level swept during London/NewYork, closed-bar reclaim within frozen window"
SSR|ASIA_LOW|20260710|1783709100|FINAL,SSRP|ASIA_LOW|20260710|1783709100|FINAL,true,MSZZC1|6:XAUUSD|1:5|1:1|1:4|17:ASIA_LOW|20260710,,,,,,false,,,REJECT_DUPLICATE_CLUSTER,"Asia session level swept during London/NewYork, closed-bar reclaim within frozen window"
SSR|ASIA_LOW|20260710|1783711200|FINAL,SSRP|ASIA_LOW|20260710|1783711200|FINAL,true,MSZZC1|6:XAUUSD|1:5|1:1|1:4|17:ASIA_LOW|20260710,,,,,,false,,,REJECT_DUPLICATE_CLUSTER,"Asia session level swept during London/NewYork, closed-bar reclaim within frozen window"
SSR|ASIA_LOW|20260710|1783723800|FINAL,SSRP|ASIA_LOW|20260710|1783723800|FINAL,true,MSZZC1|6:XAUUSD|1:5|1:1|1:4|17:ASIA_LOW|20260710,,,,,,false,,,REJECT_DUPLICATE_CLUSTER,"Asia session level swept during London/NewYork, closed-bar reclaim within frozen window"
SSR|ASIA_LOW|20260713|1783933200|FINAL,SSRP|ASIA_LOW|20260713|1783933200|FINAL,true,MSZZC1|6:XAUUSD|1:5|1:1|1:4|17:ASIA_LOW|20260713,MSZZC1|6:XAUUSD|1:5|1:1|1:4|17:ASIA_LOW|20260713,760,760,760,761,true,2.0011,2.001061571125192,EXECUTED,broker-executed
SSR|ASIA_LOW|20260713|1783933500|FINAL,SSRP|ASIA_LOW|20260713|1783933500|FINAL,true,MSZZC1|6:XAUUSD|1:5|1:1|1:4|17:ASIA_LOW|20260713,,,,,,false,,,REJECT_DUPLICATE_CLUSTER,"Asia session level swept during London/NewYork, closed-bar reclaim within frozen window"
SSR|ASIA_LOW|20260713|1783933800|FINAL,SSRP|ASIA_LOW|20260713|1783933800|FINAL,true,MSZZC1|6:XAUUSD|1:5|1:1|1:4|17:ASIA_LOW|20260713,,,,,,false,,,REJECT_DUPLICATE_CLUSTER,"Asia session level swept during London/NewYork, closed-bar reclaim within frozen window"
SSR|ASIA_LOW|20260713|1783936800|FINAL,SSRP|ASIA_LOW|20260713|1783936800|FINAL,true,MSZZC1|6:XAUUSD|1:5|1:1|1:4|17:ASIA_LOW|20260713,,,,,,false,,,REJECT_DUPLICATE_CLUSTER,"Asia session level swept during London/NewYork, closed-bar reclaim within frozen window"
SSR|ASIA_LOW|20260713|1783950000|FINAL,SSRP|ASIA_LOW|20260713|1783950000|FINAL,true,MSZZC1|6:XAUUSD|1:5|1:1|1:4|17:ASIA_LOW|20260713,,,,,,false,,,REJECT_DUPLICATE_CLUSTER,"Asia session level swept during London/NewYork, closed-bar reclaim within frozen window"
SSR|ASIA_LOW|20260713|1783950300|FINAL,SSRP|ASIA_LOW|20260713|1783950300|FINAL,true,MSZZC1|6:XAUUSD|1:5|1:1|1:4|17:ASIA_LOW|20260713,,,,,,false,,,REJECT_DUPLICATE_CLUSTER,"Asia session level swept during London/NewYork, closed-bar reclaim within frozen window"
SSR|ASIA_HIGH|20260714|1784016600|FINAL,SSRP|ASIA_HIGH|20260714|1784016600|FINAL,true,MSZZC1|6:XAUUSD|1:5|2:-1|1:4|18:ASIA_HIGH|20260714,MSZZC1|6:XAUUSD|1:5|2:-1|1:4|18:ASIA_HIGH|20260714,762,762,762,763,true,-1.0000,-1.0,EXECUTED,broker-executed
SSR|ASIA_HIGH|20260714|1784016900|FINAL,SSRP|ASIA_HIGH|20260714|1784016900|FINAL,true,MSZZC1|6:XAUUSD|1:5|2:-1|1:4|18:ASIA_HIGH|20260714,,,,,,false,,,REJECT_DUPLICATE_CLUSTER,"Asia session level swept during London/NewYork, closed-bar reclaim within frozen window"
SSR|ASIA_HIGH|20260714|1784020800|FINAL,SSRP|ASIA_HIGH|20260714|1784020800|FINAL,true,MSZZC1|6:XAUUSD|1:5|2:-1|1:4|18:ASIA_HIGH|20260714,,,,,,false,,,REJECT_DUPLICATE_CLUSTER,"Asia session level swept during London/NewYork, closed-bar reclaim within frozen window"
SSR|ASIA_HIGH|20260714|1784026200|FINAL,SSRP|ASIA_HIGH|20260714|1784026200|FINAL,true,MSZZC1|6:XAUUSD|1:5|2:-1|1:4|18:ASIA_HIGH|20260714,,,,,,false,,,REJECT_DUPLICATE_CLUSTER,"Asia session level swept during London/NewYork, closed-bar reclaim within frozen window"
SSR|ASIA_HIGH|20260714|1784026500|FINAL,SSRP|ASIA_HIGH|20260714|1784026500|FINAL,true,MSZZC1|6:XAUUSD|1:5|2:-1|1:4|18:ASIA_HIGH|20260714,,,,,,false,,,REJECT_DUPLICATE_CLUSTER,"Asia session level swept during London/NewYork, closed-bar reclaim within frozen window"
SSR|ASIA_HIGH|20260714|1784031000|FINAL,SSRP|ASIA_HIGH|20260714|1784031000|FINAL,true,MSZZC1|6:XAUUSD|1:5|2:-1|1:4|18:ASIA_HIGH|20260714,,,,,,false,,,REJECT_DUPLICATE_CLUSTER,"Asia session level swept during London/NewYork, closed-bar reclaim within frozen window"
SSR|ASIA_HIGH|20260714|1784033400|FINAL,SSRP|ASIA_HIGH|20260714|1784033400|FINAL,true,MSZZC1|6:XAUUSD|1:5|2:-1|1:4|18:ASIA_HIGH|20260714,,,,,,false,,,REJECT_DUPLICATE_CLUSTER,"Asia session level swept during London/NewYork, closed-bar reclaim within frozen window"
SSR|ASIA_HIGH|20260714|1784038200|FINAL,SSRP|ASIA_HIGH|20260714|1784038200|FINAL,true,MSZZC1|6:XAUUSD|1:5|2:-1|1:4|18:ASIA_HIGH|20260714,,,,,,false,,,REJECT_DUPLICATE_CLUSTER,"Asia session level swept during London/NewYork, closed-bar reclaim within frozen window"
SSR|ASIA_LOW|20260715|1784103900|FINAL,SSRP|ASIA_LOW|20260715|1784103900|FINAL,true,MSZZC1|6:XAUUSD|1:5|1:1|1:4|17:ASIA_LOW|20260715,MSZZC1|6:XAUUSD|1:5|1:1|1:4|17:ASIA_LOW|20260715,764,764,764,765,true,-1.0000,-1.0,EXECUTED,broker-executed
SSR|ASIA_LOW|20260715|1784104500|FINAL,SSRP|ASIA_LOW|20260715|1784104500|FINAL,true,MSZZC1|6:XAUUSD|1:5|1:1|1:4|17:ASIA_LOW|20260715,,,,,,false,,,REJECT_DUPLICATE_CLUSTER,"Asia session level swept during London/NewYork, closed-bar reclaim within frozen window"
SSR|ASIA_LOW|20260715|1784105100|FINAL,SSRP|ASIA_LOW|20260715|1784105100|FINAL,true,MSZZC1|6:XAUUSD|1:5|1:1|1:4|17:ASIA_LOW|20260715,,,,,,false,,,REJECT_DUPLICATE_CLUSTER,"Asia session level swept during London/NewYork, closed-bar reclaim within frozen window"
SSR|ASIA_LOW|20260715|1784106600|FINAL,SSRP|ASIA_LOW|20260715|1784106600|FINAL,true,MSZZC1|6:XAUUSD|1:5|1:1|1:4|17:ASIA_LOW|20260715,,,,,,false,,,REJECT_DUPLICATE_CLUSTER,"Asia session level swept during London/NewYork, closed-bar reclaim within frozen window"
SSR|ASIA_LOW|20260715|1784108100|FINAL,SSRP|ASIA_LOW|20260715|1784108100|FINAL,true,MSZZC1|6:XAUUSD|1:5|1:1|1:4|17:ASIA_LOW|20260715,,,,,,false,,,REJECT_DUPLICATE_CLUSTER,"Asia session level swept during London/NewYork, closed-bar reclaim within frozen window"
SSR|ASIA_LOW|20260715|1784114400|FINAL,SSRP|ASIA_LOW|20260715|1784114400|FINAL,true,MSZZC1|6:XAUUSD|1:5|1:1|1:4|17:ASIA_LOW|20260715,,,,,,false,,,REJECT_DUPLICATE_CLUSTER,"Asia session level swept during London/NewYork, closed-bar reclaim within frozen window"
SSR|ASIA_LOW|20260715|1784115600|FINAL,SSRP|ASIA_LOW|20260715|1784115600|FINAL,true,MSZZC1|6:XAUUSD|1:5|1:1|1:4|17:ASIA_LOW|20260715,,,,,,false,,,REJECT_DUPLICATE_CLUSTER,"Asia session level swept during London/NewYork, closed-bar reclaim within frozen window"
SSR|ASIA_LOW|20260715|1784118900|FINAL,SSRP|ASIA_LOW|20260715|1784118900|FINAL,true,MSZZC1|6:XAUUSD|1:5|1:1|1:4|17:ASIA_LOW|20260715,,,,,,false,,,REJECT_DUPLICATE_CLUSTER,"Asia session level swept during London/NewYork, closed-bar reclaim within frozen window"
SSR|ASIA_LOW|20260715|1784119500|FINAL,SSRP|ASIA_LOW|20260715|1784119500|FINAL,true,MSZZC1|6:XAUUSD|1:5|1:1|1:4|17:ASIA_LOW|20260715,,,,,,false,,,REJECT_DUPLICATE_CLUSTER,"Asia session level swept during London/NewYork, closed-bar reclaim within frozen window"
SSR|ASIA_LOW|20260715|1784119800|FINAL,SSRP|ASIA_LOW|20260715|1784119800|FINAL,true,MSZZC1|6:XAUUSD|1:5|1:1|1:4|17:ASIA_LOW|20260715,,,,,,false,,,REJECT_DUPLICATE_CLUSTER,"Asia session level swept during London/NewYork, closed-bar reclaim within frozen window"
SSR|ASIA_LOW|20260715|1784120100|FINAL,SSRP|ASIA_LOW|20260715|1784120100|FINAL,true,MSZZC1|6:XAUUSD|1:5|1:1|1:4|17:ASIA_LOW|20260715,,,,,,false,,,REJECT_DUPLICATE_CLUSTER,"Asia session level swept during London/NewYork, closed-bar reclaim within frozen window"
SSR|ASIA_LOW|20260715|1784121900|FINAL,SSRP|ASIA_LOW|20260715|1784121900|FINAL,true,MSZZC1|6:XAUUSD|1:5|1:1|1:4|17:ASIA_LOW|20260715,,,,,,false,,,REJECT_DUPLICATE_CLUSTER,"Asia session level swept during London/NewYork, closed-bar reclaim within frozen window"
SSR|ASIA_LOW|20260715|1784123100|FINAL,SSRP|ASIA_LOW|20260715|1784123100|FINAL,true,MSZZC1|6:XAUUSD|1:5|1:1|1:4|17:ASIA_LOW|20260715,,,,,,false,,,REJECT_DUPLICATE_CLUSTER,"Asia session level swept during London/NewYork, closed-bar reclaim within frozen window"
SSR|ASIA_LOW|20260715|1784123700|FINAL,SSRP|ASIA_LOW|20260715|1784123700|FINAL,true,MSZZC1|6:XAUUSD|1:5|1:1|1:4|17:ASIA_LOW|20260715,,,,,,false,,,REJECT_DUPLICATE_CLUSTER,"Asia session level swept during London/NewYork, closed-bar reclaim within frozen window"
SSR|ASIA_HIGH|20260715|1784131500|FINAL,SSRP|ASIA_HIGH|20260715|1784131500|FINAL,true,MSZZC1|6:XAUUSD|1:5|2:-1|1:4|18:ASIA_HIGH|20260715,MSZZC1|6:XAUUSD|1:5|2:-1|1:4|18:ASIA_HIGH|20260715,766,766,766,767,true,2.0000,2.000000000000071,EXECUTED,broker-executed
SSR|ASIA_HIGH|20260715|1784132100|FINAL,SSRP|ASIA_HIGH|20260715|1784132100|FINAL,true,MSZZC1|6:XAUUSD|1:5|2:-1|1:4|18:ASIA_HIGH|20260715,,,,,,false,,,REJECT_DUPLICATE_CLUSTER,"Asia session level swept during London/NewYork, closed-bar reclaim within frozen window"
SSR|ASIA_HIGH|20260715|1784132400|FINAL,SSRP|ASIA_HIGH|20260715|1784132400|FINAL,true,MSZZC1|6:XAUUSD|1:5|2:-1|1:4|18:ASIA_HIGH|20260715,,,,,,false,,,REJECT_DUPLICATE_CLUSTER,"Asia session level swept during London/NewYork, closed-bar reclaim within frozen window"
SSR|ASIA_HIGH|20260715|1784134500|FINAL,SSRP|ASIA_HIGH|20260715|1784134500|FINAL,true,MSZZC1|6:XAUUSD|1:5|2:-1|1:4|18:ASIA_HIGH|20260715,,,,,,false,,,REJECT_DUPLICATE_CLUSTER,"Asia session level swept during London/NewYork, closed-bar reclaim within frozen window"
SSR|ASIA_HIGH|20260715|1784136600|FINAL,SSRP|ASIA_HIGH|20260715|1784136600|FINAL,true,MSZZC1|6:XAUUSD|1:5|2:-1|1:4|18:ASIA_HIGH|20260715,,,,,,false,,,REJECT_DUPLICATE_CLUSTER,"Asia session level swept during London/NewYork, closed-bar reclaim within frozen window"
SSR|ASIA_LOW|20260715|1784144100|FINAL,SSRP|ASIA_LOW|20260715|1784144100|FINAL,true,MSZZC1|6:XAUUSD|1:5|1:1|1:4|17:ASIA_LOW|20260715,,,,,,false,,,REJECT_DUPLICATE_CLUSTER,"Asia session level swept during London/NewYork, closed-bar reclaim within frozen window"
SSR|ASIA_LOW|20260715|1784144400|FINAL,SSRP|ASIA_LOW|20260715|1784144400|FINAL,true,MSZZC1|6:XAUUSD|1:5|1:1|1:4|17:ASIA_LOW|20260715,,,,,,false,,,REJECT_DUPLICATE_CLUSTER,"Asia session level swept during London/NewYork, closed-bar reclaim within frozen window"
SSR|ASIA_HIGH|20260715|1784151900|FINAL,SSRP|ASIA_HIGH|20260715|1784151900|FINAL,true,MSZZC1|6:XAUUSD|1:5|2:-1|1:4|18:ASIA_HIGH|20260715,,,,,,false,,,REJECT_DUPLICATE_CLUSTER,"Asia session level swept during London/NewYork, closed-bar reclaim within frozen window"
SSR|ASIA_HIGH|20260715|1784152500|FINAL,SSRP|ASIA_HIGH|20260715|1784152500|FINAL,true,MSZZC1|6:XAUUSD|1:5|2:-1|1:4|18:ASIA_HIGH|20260715,,,,,,false,,,REJECT_DUPLICATE_CLUSTER,"Asia session level swept during London/NewYork, closed-bar reclaim within frozen window"
SSR|ASIA_HIGH|20260715|1784158500|FINAL,SSRP|ASIA_HIGH|20260715|1784158500|FINAL,true,MSZZC1|6:XAUUSD|1:5|2:-1|1:4|18:ASIA_HIGH|20260715,,,,,,false,,,REJECT_DUPLICATE_CLUSTER,"Asia session level swept during London/NewYork, closed-bar reclaim within frozen window"
SSR|ASIA_HIGH|20260715|1784158800|FINAL,SSRP|ASIA_HIGH|20260715|1784158800|FINAL,true,MSZZC1|6:XAUUSD|1:5|2:-1|1:4|18:ASIA_HIGH|20260715,,,,,,false,,,REJECT_DUPLICATE_CLUSTER,"Asia session level swept during London/NewYork, closed-bar reclaim within frozen window"
SSR|ASIA_HIGH|20260715|1784159400|FINAL,SSRP|ASIA_HIGH|20260715|1784159400|FINAL,true,MSZZC1|6:XAUUSD|1:5|2:-1|1:4|18:ASIA_HIGH|20260715,,,,,,false,,,REJECT_DUPLICATE_CLUSTER,"Asia session level swept during London/NewYork, closed-bar reclaim within frozen window"
SSR|ASIA_LOW|20260716|1784194500|FINAL,SSRP|ASIA_LOW|20260716|1784194500|FINAL,true,MSZZC1|6:XAUUSD|1:5|1:1|1:4|17:ASIA_LOW|20260716,MSZZC1|6:XAUUSD|1:5|1:1|1:4|17:ASIA_LOW|20260716,768,768,768,769,true,2.0022,2.002227171492355,EXECUTED,broker-executed
SSR|ASIA_LOW|20260716|1784197800|FINAL,SSRP|ASIA_LOW|20260716|1784197800|FINAL,true,MSZZC1|6:XAUUSD|1:5|1:1|1:4|17:ASIA_LOW|20260716,,,,,,false,,,REJECT_DUPLICATE_CLUSTER,"Asia session level swept during London/NewYork, closed-bar reclaim within frozen window"
SSR|ASIA_LOW|20260716|1784198100|FINAL,SSRP|ASIA_LOW|20260716|1784198100|FINAL,true,MSZZC1|6:XAUUSD|1:5|1:1|1:4|17:ASIA_LOW|20260716,,,,,,false,,,REJECT_DUPLICATE_CLUSTER,"Asia session level swept during London/NewYork, closed-bar reclaim within frozen window"
SSR|ASIA_LOW|20260716|1784211900|FINAL,SSRP|ASIA_LOW|20260716|1784211900|FINAL,true,MSZZC1|6:XAUUSD|1:5|1:1|1:4|17:ASIA_LOW|20260716,,,,,,false,,,REJECT_DUPLICATE_CLUSTER,"Asia session level swept during London/NewYork, closed-bar reclaim within frozen window"
SSR|ASIA_LOW|20260716|1784212200|FINAL,SSRP|ASIA_LOW|20260716|1784212200|FINAL,true,MSZZC1|6:XAUUSD|1:5|1:1|1:4|17:ASIA_LOW|20260716,,,,,,false,,,REJECT_DUPLICATE_CLUSTER,"Asia session level swept during London/NewYork, closed-bar reclaim within frozen window"
SSR|ASIA_LOW|20260716|1784214900|FINAL,SSRP|ASIA_LOW|20260716|1784214900|FINAL,true,MSZZC1|6:XAUUSD|1:5|1:1|1:4|17:ASIA_LOW|20260716,,,,,,false,,,REJECT_DUPLICATE_CLUSTER,"Asia session level swept during London/NewYork, closed-bar reclaim within frozen window"
SSR|ASIA_LOW|20260717|1784303700|FINAL,SSRP|ASIA_LOW|20260717|1784303700|FINAL,true,MSZZC1|6:XAUUSD|1:5|1:1|1:4|17:ASIA_LOW|20260717,MSZZC1|6:XAUUSD|1:5|1:1|1:4|17:ASIA_LOW|20260717,770,770,770,771,true,2.0000,2.0000000000000298,EXECUTED,broker-executed
SSR|ASIA_LOW|20260717|1784305800|FINAL,SSRP|ASIA_LOW|20260717|1784305800|FINAL,true,MSZZC1|6:XAUUSD|1:5|1:1|1:4|17:ASIA_LOW|20260717,,,,,,false,,,REJECT_DUPLICATE_CLUSTER,"Asia session level swept during London/NewYork, closed-bar reclaim within frozen window"
SSR|ASIA_LOW|20260717|1784306100|FINAL,SSRP|ASIA_LOW|20260717|1784306100|FINAL,true,MSZZC1|6:XAUUSD|1:5|1:1|1:4|17:ASIA_LOW|20260717,,,,,,false,,,REJECT_DUPLICATE_CLUSTER,"Asia session level swept during London/NewYork, closed-bar reclaim within frozen window"
SSR|ASIA_HIGH|20260717|1784311200|FINAL,SSRP|ASIA_HIGH|20260717|1784311200|FINAL,true,MSZZC1|6:XAUUSD|1:5|2:-1|1:4|18:ASIA_HIGH|20260717,MSZZC1|6:XAUUSD|1:5|2:-1|1:4|18:ASIA_HIGH|20260717,772,772,772,773,true,-1.0000,-1.0,EXECUTED,broker-executed
SSR|ASIA_HIGH|20260717|1784311500|FINAL,SSRP|ASIA_HIGH|20260717|1784311500|FINAL,true,MSZZC1|6:XAUUSD|1:5|2:-1|1:4|18:ASIA_HIGH|20260717,,,,,,false,,,REJECT_DUPLICATE_CLUSTER,"Asia session level swept during London/NewYork, closed-bar reclaim within frozen window"
SSR|ASIA_HIGH|20260717|1784311800|FINAL,SSRP|ASIA_HIGH|20260717|1784311800|FINAL,true,MSZZC1|6:XAUUSD|1:5|2:-1|1:4|18:ASIA_HIGH|20260717,,,,,,false,,,REJECT_DUPLICATE_CLUSTER,"Asia session level swept during London/NewYork, closed-bar reclaim within frozen window"
SSR|ASIA_HIGH|20260717|1784324100|FINAL,SSRP|ASIA_HIGH|20260717|1784324100|FINAL,true,MSZZC1|6:XAUUSD|1:5|2:-1|1:4|18:ASIA_HIGH|20260717,,,,,,false,,,REJECT_DUPLICATE_CLUSTER,"Asia session level swept during London/NewYork, closed-bar reclaim within frozen window"
SSR|ASIA_HIGH|20260717|1784324400|FINAL,SSRP|ASIA_HIGH|20260717|1784324400|FINAL,true,MSZZC1|6:XAUUSD|1:5|2:-1|1:4|18:ASIA_HIGH|20260717,,,,,,false,,,REJECT_DUPLICATE_CLUSTER,"Asia session level swept during London/NewYork, closed-bar reclaim within frozen window"
SSR|ASIA_HIGH|20260717|1784325300|FINAL,SSRP|ASIA_HIGH|20260717|1784325300|FINAL,true,MSZZC1|6:XAUUSD|1:5|2:-1|1:4|18:ASIA_HIGH|20260717,,,,,,false,,,REJECT_DUPLICATE_CLUSTER,"Asia session level swept during London/NewYork, closed-bar reclaim within frozen window"
SSR|ASIA_HIGH|20260717|1784325600|FINAL,SSRP|ASIA_HIGH|20260717|1784325600|FINAL,true,MSZZC1|6:XAUUSD|1:5|2:-1|1:4|18:ASIA_HIGH|20260717,,,,,,false,,,REJECT_DUPLICATE_CLUSTER,"Asia session level swept during London/NewYork, closed-bar reclaim within frozen window"
SSR|ASIA_HIGH|20260720|1784546400|FINAL,SSRP|ASIA_HIGH|20260720|1784546400|FINAL,true,MSZZC1|6:XAUUSD|1:5|2:-1|1:4|18:ASIA_HIGH|20260720,MSZZC1|6:XAUUSD|1:5|2:-1|1:4|18:ASIA_HIGH|20260720,774,774,774,775,true,-1.0000,-1.0,EXECUTED,broker-executed
SSR|ASIA_HIGH|20260720|1784546700|FINAL,SSRP|ASIA_HIGH|20260720|1784546700|FINAL,true,MSZZC1|6:XAUUSD|1:5|2:-1|1:4|18:ASIA_HIGH|20260720,,,,,,false,,,REJECT_DUPLICATE_CLUSTER,"Asia session level swept during London/NewYork, closed-bar reclaim within frozen window"
SSR|ASIA_HIGH|20260720|1784558400|FINAL,SSRP|ASIA_HIGH|20260720|1784558400|FINAL,true,MSZZC1|6:XAUUSD|1:5|2:-1|1:4|18:ASIA_HIGH|20260720,,,,,,false,,,REJECT_DUPLICATE_CLUSTER,"Asia session level swept during London/NewYork, closed-bar reclaim within frozen window"
SSR|ASIA_HIGH|20260720|1784558700|FINAL,SSRP|ASIA_HIGH|20260720|1784558700|FINAL,true,MSZZC1|6:XAUUSD|1:5|2:-1|1:4|18:ASIA_HIGH|20260720,,,,,,false,,,REJECT_DUPLICATE_CLUSTER,"Asia session level swept during London/NewYork, closed-bar reclaim within frozen window"
SSR|ASIA_HIGH|20260721|1784621700|FINAL,SSRP|ASIA_HIGH|20260721|1784621700|FINAL,true,MSZZC1|6:XAUUSD|1:5|2:-1|1:4|18:ASIA_HIGH|20260721,MSZZC1|6:XAUUSD|1:5|2:-1|1:4|18:ASIA_HIGH|20260721,776,776,776,777,true,-1.0000,-1.0,EXECUTED,broker-executed
SSR|ASIA_HIGH|20260721|1784650500|FINAL,SSRP|ASIA_HIGH|20260721|1784650500|FINAL,true,MSZZC1|6:XAUUSD|1:5|2:-1|1:4|18:ASIA_HIGH|20260721,,,,,,false,,,REJECT_DUPLICATE_CLUSTER,"Asia session level swept during London/NewYork, closed-bar reclaim within frozen window"
SSR|ASIA_HIGH|20260721|1784651400|FINAL,SSRP|ASIA_HIGH|20260721|1784651400|FINAL,true,MSZZC1|6:XAUUSD|1:5|2:-1|1:4|18:ASIA_HIGH|20260721,,,,,,false,,,REJECT_DUPLICATE_CLUSTER,"Asia session level swept during London/NewYork, closed-bar reclaim within frozen window"
SSR|ASIA_HIGH|20260721|1784652000|FINAL,SSRP|ASIA_HIGH|20260721|1784652000|FINAL,true,MSZZC1|6:XAUUSD|1:5|2:-1|1:4|18:ASIA_HIGH|20260721,,,,,,false,,,REJECT_DUPLICATE_CLUSTER,"Asia session level swept during London/NewYork, closed-bar reclaim within frozen window"
SSR|ASIA_HIGH|20260722|1784752200|FINAL,SSRP|ASIA_HIGH|20260722|1784752200|FINAL,true,MSZZC1|6:XAUUSD|1:5|2:-1|1:4|18:ASIA_HIGH|20260722,MSZZC1|6:XAUUSD|1:5|2:-1|1:4|18:ASIA_HIGH|20260722,778,778,778,779,true,2.0000,2.0000000000001052,EXECUTED,broker-executed
SSR|ASIA_HIGH|20260722|1784752500|FINAL,SSRP|ASIA_HIGH|20260722|1784752500|FINAL,true,MSZZC1|6:XAUUSD|1:5|2:-1|1:4|18:ASIA_HIGH|20260722,,,,,,false,,,REJECT_DUPLICATE_CLUSTER,"Asia session level swept during London/NewYork, closed-bar reclaim within frozen window"
SSR|ASIA_HIGH|20260722|1784753100|FINAL,SSRP|ASIA_HIGH|20260722|1784753100|FINAL,true,MSZZC1|6:XAUUSD|1:5|2:-1|1:4|18:ASIA_HIGH|20260722,,,,,,false,,,REJECT_DUPLICATE_CLUSTER,"Asia session level swept during London/NewYork, closed-bar reclaim within frozen window"
SSR|ASIA_HIGH|20260722|1784754000|FINAL,SSRP|ASIA_HIGH|20260722|1784754000|FINAL,true,MSZZC1|6:XAUUSD|1:5|2:-1|1:4|18:ASIA_HIGH|20260722,,,,,,false,,,REJECT_DUPLICATE_CLUSTER,"Asia session level swept during London/NewYork, closed-bar reclaim within frozen window"
