signal_time,direction,synthetic_entry,broker_entry,synthetic_stop,broker_stop,synthetic_target,broker_target,synthetic_R,broker_R,status,difference_reason
2025.03.03 14:35:00,SHORT,2876.65,2876.63000000,2877.76,2877.76000000,2874.43,2874.37000000,2.0,2.0000,EXECUTED,next-tick executable entry; spread; broker target normalization
2025.03.03 16:55:00,SHORT,2876.63,2876.63000000,2883.22,2877.76000000,2863.45,2874.37000000,-1.0,2.0000,REJECT_DUPLICATE_CLUSTER,candidate collision / duplicate suppression
2025.03.05 08:05:00,SHORT,2918.44,2918.45000000,2919.4,2919.40000000,2916.52,2916.55000000,-1.0,-1.0000,EXECUTED,next-tick executable entry; spread; broker target normalization
2025.03.05 08:25:00,SHORT,2918.58,2918.45000000,2921.77,2919.40000000,2912.2,2916.55000000,-1.0,-1.0000,REJECT_DUPLICATE_CLUSTER,candidate collision / duplicate suppression
2025.03.05 11:15:00,SHORT,2918.02,2918.45000000,2922.66,2919.40000000,2908.75,2916.55000000,2.0,-1.0000,REJECT_DUPLICATE_CLUSTER,candidate collision / duplicate suppression
2025.03.05 16:00:00,LONG,2905.0,2905.16000000,2893.73,2893.73000000,2927.54,2928.02000000,2.0,2.0000,EXECUTED,next-tick executable entry; spread; broker target normalization
2025.03.05 19:20:00,SHORT,2918.08,2918.45000000,2922.62,2919.40000000,2908.99,2916.55000000,-1.0,-1.0000,REJECT_DUPLICATE_CLUSTER,candidate collision / duplicate suppression
2025.03.05 23:15:00,SHORT,2918.39,2918.45000000,2920.77,2919.40000000,2913.63,2916.55000000,-1.0,-1.0000,REJECT_DUPLICATE_CLUSTER,candidate collision / duplicate suppression
2025.03.06 09:40:00,LONG,2915.22,2915.27000000,2911.48,2911.48000000,2922.7,2922.85000000,-1.0,-1.0000,EXECUTED,next-tick executable entry; spread; broker target normalization
2025.03.06 16:50:00,LONG,2915.37,2915.27000000,2909.36,2911.48000000,2927.39,2922.85000000,-1.0,-1.0000,REJECT_DUPLICATE_CLUSTER,candidate collision / duplicate suppression
2025.03.06 17:45:00,LONG,2915.49,2915.27000000,2908.72,2911.48000000,2929.03,2922.85000000,-1.0,-1.0000,REJECT_DUPLICATE_CLUSTER,candidate collision / duplicate suppression
2025.03.07 08:35:00,SHORT,2912.99,2912.98000000,2914.92,2914.92000000,2909.13,2909.10000000,-1.0,-1.0000,EXECUTED,next-tick executable entry; spread; broker target normalization
2025.03.07 15:20:00,SHORT,2911.52,2912.98000000,2920.61,2914.92000000,2893.33,2909.10000000,-1.0,-1.0000,REJECT_DUPLICATE_CLUSTER,candidate collision / duplicate suppression
2025.03.07 16:00:00,SHORT,2909.57,2912.98000000,2922.18,2914.92000000,2884.34,2909.10000000,-1.0,-1.0000,REJECT_DUPLICATE_CLUSTER,candidate collision / duplicate suppression
2025.03.07 17:45:00,SHORT,2911.51,2912.98000000,2923.48,2914.92000000,2887.57,2909.10000000,2.0,-1.0000,REJECT_DUPLICATE_CLUSTER,candidate collision / duplicate suppression
2025.03.11 10:35:00,SHORT,2899.43,2899.42000000,2902.14,2902.14000000,2894.01,2893.98000000,-1.0,-1.0000,EXECUTED,next-tick executable entry; spread; broker target normalization
2025.03.11 11:10:00,SHORT,2899.93,2899.42000000,2903.6,2902.14000000,2892.58,2893.98000000,-1.0,-1.0000,REJECT_DUPLICATE_CLUSTER,candidate collision / duplicate suppression
2025.03.12 10:20:00,SHORT,2917.36,2917.38000000,2921.27,2921.27000000,2909.53,2909.59000000,2.0,1.4576,EXECUTED,next-tick executable entry; spread; broker target normalization
2025.03.12 11:20:00,LONG,2911.89,2911.71000000,2908.84,2910.36000000,2917.99,2914.41000000,2.0,-1.0000,REJECT_DUPLICATE_CLUSTER,candidate collision / duplicate suppression
2025.03.12 13:10:00,SHORT,2919.52,2917.38000000,2922.75,2921.27000000,2913.05,2909.59000000,2.0,1.4576,REJECT_DUPLICATE_CLUSTER,candidate collision / duplicate suppression
2025.03.12 16:40:00,SHORT,2918.92,2917.38000000,2923.2,2921.27000000,2910.36,2909.59000000,2.0,1.4576,REJECT_DUPLICATE_CLUSTER,candidate collision / duplicate suppression
2025.03.12 17:30:00,LONG,2911.52,2911.71000000,2905.8,2910.36000000,2922.95,2914.41000000,2.0,-1.0000,REJECT_DUPLICATE_CLUSTER,candidate collision / duplicate suppression
2025.03.13 13:25:00,SHORT,2946.04,2946.03000000,2947.8,2947.80000000,2942.52,2942.49000000,-1.0,-1.0000,EXECUTED,next-tick executable entry; spread; broker target normalization
2025.03.13 14:05:00,SHORT,2946.38,2946.03000000,2948.61,2947.80000000,2941.91,2942.49000000,-1.0,-1.0000,REJECT_DUPLICATE_CLUSTER,candidate collision / duplicate suppression
2025.03.13 16:10:00,SHORT,2946.1,2946.03000000,2949.28,2947.80000000,2939.74,2942.49000000,2.0,-1.0000,REJECT_DUPLICATE_CLUSTER,candidate collision / duplicate suppression
2025.03.14 08:05:00,SHORT,2992.03,2991.93000000,2993.99,2993.99000000,2988.11,2987.81000000,2.0,2.0000,EXECUTED,next-tick executable entry; spread; broker target normalization
2025.03.14 11:30:00,LONG,2984.34,2984.46000000,2980.74,2980.74000000,2991.54,2991.90000000,2.0,2.0000,EXECUTED,next-tick executable entry; spread; broker target normalization
2025.03.14 14:35:00,SHORT,2990.93,2991.93000000,3003.36,2993.99000000,2966.07,2987.81000000,-1.0,2.0000,REJECT_DUPLICATE_CLUSTER,candidate collision / duplicate suppression
2025.03.18 09:55:00,SHORT,3015.95,3015.95000000,3018.08,3018.08000000,3011.69,3011.69000000,-1.0,-1.0000,EXECUTED,next-tick executable entry; spread; broker target normalization
2025.03.18 10:20:00,SHORT,3015.92,3015.95000000,3019.33,3018.08000000,3009.11,3011.69000000,-1.0,-1.0000,REJECT_DUPLICATE_CLUSTER,candidate collision / duplicate suppression
2025.03.19 09:10:00,SHORT,3038.6,3038.58000000,3044.86,3044.86000000,3026.07,3026.01000000,2.0,1.6051,EXECUTED,next-tick executable entry; spread; broker target normalization
2025.03.19 12:20:00,LONG,3027.96,3028.50000000,3025.36,3027.06000000,3033.16,3031.37000000,2.0,-1.0000,REJECT_DUPLICATE_CLUSTER,candidate collision / duplicate suppression
2025.03.19 14:35:00,SHORT,3038.97,3038.58000000,3039.94,3044.86000000,3037.04,3026.01000000,-1.0,1.6051,REJECT_DUPLICATE_CLUSTER,candidate collision / duplicate suppression
2025.03.19 14:50:00,SHORT,3039.06,3038.58000000,3040.1,3044.86000000,3036.98,3026.01000000,2.0,1.6051,REJECT_DUPLICATE_CLUSTER,candidate collision / duplicate suppression
2025.03.19 15:20:00,SHORT,3037.86,3038.58000000,3039.92,3044.86000000,3033.73,3026.01000000,-1.0,1.6051,REJECT_DUPLICATE_CLUSTER,candidate collision / duplicate suppression
2025.03.19 15:50:00,SHORT,3037.53,3038.58000000,3041.25,3044.86000000,3030.09,3026.01000000,2.0,1.6051,REJECT_DUPLICATE_CLUSTER,candidate collision / duplicate suppression
2025.03.19 17:20:00,LONG,3029.07,3028.50000000,3025.81,3027.06000000,3035.59,3031.37000000,2.0,-1.0000,REJECT_DUPLICATE_CLUSTER,candidate collision / duplicate suppression
2025.03.19 21:25:00,SHORT,3037.57,3038.58000000,3041.37,3044.86000000,3029.98,3026.01000000,-1.0,1.6051,REJECT_DUPLICATE_CLUSTER,candidate collision / duplicate suppression
2025.03.20 10:25:00,LONG,3046.87,3047.03000000,3044.18,3044.18000000,3052.24,3052.72000000,-1.0,-1.0000,EXECUTED,next-tick executable entry; spread; broker target normalization
2025.03.20 12:20:00,LONG,3045.32,3047.03000000,3043.05,3044.18000000,3049.85,3052.72000000,-1.0,-1.0000,REJECT_DUPLICATE_CLUSTER,candidate collision / duplicate suppression
2025.03.20 22:25:00,LONG,3045.12,3047.03000000,3043.28,3044.18000000,3048.79,3052.72000000,-1.0,-1.0000,REJECT_DUPLICATE_CLUSTER,candidate collision / duplicate suppression
2025.03.21 08:55:00,LONG,3028.03,3028.20000000,3024.52,3024.52000000,3035.04,3035.55000000,2.0,1.9973,EXECUTED,next-tick executable entry; spread; broker target normalization
2025.03.24 10:25:00,SHORT,3025.06,3025.07000000,3029.01,3029.01000000,3017.16,3017.19000000,-1.0,-1.0000,EXECUTED,next-tick executable entry; spread; broker target normalization
2025.03.24 12:40:00,SHORT,3024.88,3025.07000000,3029.75,3029.01000000,3015.14,3017.19000000,-1.0,-1.0000,REJECT_DUPLICATE_CLUSTER,candidate collision / duplicate suppression
2025.03.24 14:40:00,SHORT,3025.33,3025.07000000,3028.05,3029.01000000,3019.88,3017.19000000,-1.0,-1.0000,REJECT_DUPLICATE_CLUSTER,candidate collision / duplicate suppression
2025.03.24 15:45:00,SHORT,3024.38,3025.07000000,3028.75,3029.01000000,3015.64,3017.19000000,2.0,-1.0000,REJECT_DUPLICATE_CLUSTER,candidate collision / duplicate suppression
2025.03.24 18:35:00,LONG,3013.92,3014.05000000,3009.54,3009.54000000,3022.68,3023.07000000,-1.0,-1.0000,EXECUTED,next-tick executable entry; spread; broker target normalization
2025.03.24 23:45:00,LONG,3014.14,3014.05000000,3012.69,3009.54000000,3017.03,3023.07000000,-1.0,-1.0000,REJECT_DUPLICATE_CLUSTER,candidate collision / duplicate suppression
2025.03.25 09:05:00,SHORT,3016.23,3016.23000000,3018.73,3018.73000000,3011.23,3011.23000000,2.0,2.0000,EXECUTED,next-tick executable entry; spread; broker target normalization
2025.03.25 15:15:00,SHORT,3016.38,3016.23000000,3018.79,3018.73000000,3011.55,3011.23000000,-1.0,2.0000,REJECT_DUPLICATE_CLUSTER,candidate collision / duplicate suppression
2025.03.26 08:10:00,LONG,3015.0,3015.14000000,3013.21,3013.21000000,3018.59,3019.01000000,2.0,2.0052,EXECUTED,next-tick executable entry; spread; broker target normalization
2025.03.26 10:10:00,SHORT,3026.47,3026.48000000,3027.67,3027.67000000,3024.08,3024.11000000,-1.0,-1.0000,EXECUTED,next-tick executable entry; spread; broker target normalization
2025.03.26 11:20:00,SHORT,3026.41,3026.48000000,3029.09,3027.67000000,3021.05,3024.11000000,2.0,-1.0000,REJECT_DUPLICATE_CLUSTER,candidate collision / duplicate suppression
2025.03.26 15:05:00,SHORT,3026.12,3026.48000000,3028.8,3027.67000000,3020.75,3024.11000000,-1.0,-1.0000,REJECT_DUPLICATE_CLUSTER,candidate collision / duplicate suppression
2025.03.26 16:00:00,SHORT,3024.99,3026.48000000,3029.21,3027.67000000,3016.55,3024.11000000,2.0,-1.0000,REJECT_DUPLICATE_CLUSTER,candidate collision / duplicate suppression
2025.03.26 18:05:00,LONG,3016.3,3015.14000000,3012.29,3013.21000000,3024.31,3019.01000000,2.0,2.0052,REJECT_DUPLICATE_CLUSTER,candidate collision / duplicate suppression
2025.03.27 16:35:00,SHORT,3037.28,3037.27000000,3043.49,3043.49000000,3024.87,3024.84000000,-1.0,-1.0000,EXECUTED,next-tick executable entry; spread; broker target normalization
2025.03.28 08:35:00,SHORT,3077.16,3077.16000000,3078.05,3078.05000000,3075.37,3075.37000000,-1.0,-1.0000,EXECUTED,next-tick executable entry; spread; broker target normalization
2025.03.28 09:30:00,SHORT,3074.38,3077.16000000,3082.84,3078.05000000,3057.46,3075.37000000,-1.0,-1.0000,REJECT_DUPLICATE_CLUSTER,candidate collision / duplicate suppression
2025.03.28 11:05:00,SHORT,3076.53,3077.16000000,3081.33,3078.05000000,3066.93,3075.37000000,2.0,-1.0000,REJECT_DUPLICATE_CLUSTER,candidate collision / duplicate suppression
2025.03.28 14:55:00,SHORT,3076.4,3077.16000000,3079.93,3078.05000000,3069.35,3075.37000000,-1.0,-1.0000,REJECT_DUPLICATE_CLUSTER,candidate collision / duplicate suppression
2025.03.28 16:05:00,SHORT,3074.81,3077.16000000,3082.03,3078.05000000,3060.38,3075.37000000,-1.0,-1.0000,REJECT_DUPLICATE_CLUSTER,candidate collision / duplicate suppression
2025.03.28 17:25:00,SHORT,3076.14,3077.16000000,3084.51,3078.05000000,3059.4,3075.37000000,-1.0,-1.0000,REJECT_DUPLICATE_CLUSTER,candidate collision / duplicate suppression
2025.03.28 20:45:00,SHORT,3076.48,3077.16000000,3081.13,3078.05000000,3067.18,3075.37000000,-1.0,-1.0000,REJECT_DUPLICATE_CLUSTER,candidate collision / duplicate suppression
2025.03.31 09:40:00,SHORT,3115.45,3115.47000000,3121.21,3121.21000000,3103.92,3103.98000000,-1.0,-1.0000,EXECUTED,next-tick executable entry; spread; broker target normalization
2025.03.31 12:40:00,SHORT,3115.37,3115.47000000,3121.44,3121.21000000,3103.24,3103.98000000,-1.0,-1.0000,REJECT_DUPLICATE_CLUSTER,candidate collision / duplicate suppression
2025.03.31 14:30:00,SHORT,3113.9,3115.47000000,3119.83,3121.21000000,3102.04,3103.98000000,-1.0,-1.0000,REJECT_DUPLICATE_CLUSTER,candidate collision / duplicate suppression
2025.03.31 16:30:00,SHORT,3112.44,3115.47000000,3120.57,3121.21000000,3096.18,3103.98000000,-1.0,-1.0000,REJECT_DUPLICATE_CLUSTER,candidate collision / duplicate suppression
2025.03.31 18:40:00,SHORT,3115.69,3115.47000000,3121.45,3121.21000000,3104.16,3103.98000000,-1.0,-1.0000,REJECT_DUPLICATE_CLUSTER,candidate collision / duplicate suppression
2025.04.01 08:40:00,SHORT,3145.32,3145.33000000,3149.16,3149.16000000,3137.65,3137.68000000,2.0,1.9974,EXECUTED,next-tick executable entry; spread; broker target normalization
2025.04.01 18:45:00,LONG,3122.71,3122.86000000,3119.1,3119.10000000,3129.93,3130.38000000,-1.0,-1.0000,EXECUTED,next-tick executable entry; spread; broker target normalization
2025.04.02 23:15:00,LONG,3120.1,3120.66000000,3104.45,3104.45000000,3151.4,3153.08000000,2.0,2.0000,EXECUTED,next-tick executable entry; spread; broker target normalization
2025.04.03 09:35:00,LONG,3125.45,3125.57000000,3116.21,3116.21000000,3143.92,3144.28000000,-1.0,-1.0000,EXECUTED,next-tick executable entry; spread; broker target normalization
2025.04.03 17:25:00,LONG,3125.41,3125.57000000,3110.55,3116.21000000,3155.12,3144.28000000,-1.0,-1.0000,REJECT_DUPLICATE_CLUSTER,candidate collision / duplicate suppression
2025.04.04 12:00:00,LONG,3089.89,3090.05000000,3083.56,3083.56000000,3102.54,3103.02000000,2.0,1.9985,EXECUTED,next-tick executable entry; spread; broker target normalization
2025.04.04 14:35:00,SHORT,3114.83,3114.82000000,3133.18,3133.18000000,3078.14,3078.11000000,2.0,1.9995,EXECUTED,next-tick executable entry; spread; broker target normalization
2025.04.04 15:40:00,LONG,3088.74,3090.05000000,3069.99,3083.56000000,3126.23,3103.02000000,-1.0,1.9985,REJECT_DUPLICATE_CLUSTER,candidate collision / duplicate suppression
2025.04.07 20:50:00,LONG,2972.13,2972.22000000,2960.82,2960.82000000,2994.76,2995.03000000,2.0,2.0009,EXECUTED,next-tick executable entry; spread; broker target normalization
2025.04.08 08:20:00,SHORT,3002.37,3002.38000000,3005.47,3005.47000000,2996.17,2996.20000000,-1.0,-1.0000,EXECUTED,next-tick executable entry; spread; broker target normalization
2025.04.08 09:05:00,SHORT,3004.08,3002.38000000,3008.44,3005.47000000,2995.36,2996.20000000,-1.0,-1.0000,REJECT_DUPLICATE_CLUSTER,candidate collision / duplicate suppression
2025.04.08 10:40:00,SHORT,3003.06,3002.38000000,3011.61,3005.47000000,2985.96,2996.20000000,-1.0,-1.0000,REJECT_DUPLICATE_CLUSTER,candidate collision / duplicate suppression
2025.04.08 15:50:00,SHORT,3003.56,3002.38000000,3013.12,3005.47000000,2984.45,2996.20000000,-1.0,-1.0000,REJECT_DUPLICATE_CLUSTER,candidate collision / duplicate suppression
2025.04.08 18:10:00,SHORT,3004.47,3002.38000000,3016.72,3005.47000000,2979.97,2996.20000000,2.0,-1.0000,REJECT_DUPLICATE_CLUSTER,candidate collision / duplicate suppression
2025.04.08 20:15:00,LONG,2982.4,2982.53000000,2976.25,2976.25000000,2994.7,2995.09000000,-1.0,-1.0000,EXECUTED,next-tick executable entry; spread; broker target normalization
2025.04.08 20:35:00,LONG,2978.8,2982.53000000,2974.37,2976.25000000,2987.65,2995.09000000,2.0,-1.0000,REJECT_DUPLICATE_CLUSTER,candidate collision / duplicate suppression
2025.04.08 22:40:00,LONG,2981.66,2982.53000000,2976.55,2976.25000000,2991.89,2995.09000000,-1.0,-1.0000,REJECT_DUPLICATE_CLUSTER,candidate collision / duplicate suppression
2025.04.09 08:30:00,SHORT,3013.71,3013.75000000,3019.16,3019.16000000,3002.81,3002.93000000,-1.0,-1.0000,EXECUTED,next-tick executable entry; spread; broker target normalization
2025.04.10 08:10:00,SHORT,3129.71,3129.74000000,3132.76,3132.76000000,3123.6,3123.69000000,2.0,2.0033,EXECUTED,next-tick executable entry; spread; broker target normalization
2025.04.10 15:35:00,SHORT,3117.19,3129.74000000,3134.13,3132.76000000,3083.3,3123.69000000,-1.0,2.0033,REJECT_DUPLICATE_CLUSTER,candidate collision / duplicate suppression
2025.04.10 16:30:00,SHORT,3121.2,3129.74000000,3136.97,3132.76000000,3089.67,3123.69000000,-1.0,2.0033,REJECT_DUPLICATE_CLUSTER,candidate collision / duplicate suppression
2025.04.11 11:25:00,SHORT,3219.22,3219.21000000,3227.76,3227.76000000,3202.14,3202.11000000,-1.0,-1.0000,EXECUTED,next-tick executable entry; spread; broker target normalization
2025.04.11 13:40:00,SHORT,3215.86,3219.21000000,3225.28,3227.76000000,3197.02,3202.11000000,-1.0,-1.0000,REJECT_DUPLICATE_CLUSTER,candidate collision / duplicate suppression
2025.04.14 13:45:00,LONG,3213.28,3213.42000000,3206.13,3206.13000000,3227.59,3228.01000000,2.0,-1.0000,EXECUTED,next-tick executable entry; spread; broker target normalization
2025.04.14 15:45:00,LONG,3211.29,3213.42000000,3200.18,3206.13000000,3233.5,3228.01000000,-1.0,-1.0000,REJECT_DUPLICATE_CLUSTER,candidate collision / duplicate suppression
2025.04.14 17:45:00,LONG,3214.54,3213.42000000,3200.11,3206.13000000,3243.4,3228.01000000,-1.0,-1.0000,REJECT_DUPLICATE_CLUSTER,candidate collision / duplicate suppression
2025.04.14 20:10:00,LONG,3210.47,3213.42000000,3206.89,3206.13000000,3217.63,3228.01000000,-1.0,-1.0000,REJECT_DUPLICATE_CLUSTER,candidate collision / duplicate suppression
2025.04.14 22:15:00,LONG,3211.26,3213.42000000,3207.86,3206.13000000,3218.05,3228.01000000,-1.0,-1.0000,REJECT_DUPLICATE_CLUSTER,candidate collision / duplicate suppression
2025.04.14 23:35:00,LONG,3210.32,3213.42000000,3207.26,3206.13000000,3216.44,3228.01000000,2.0,-1.0000,REJECT_DUPLICATE_CLUSTER,candidate collision / duplicate suppression
2025.04.15 23:05:00,SHORT,3231.44,3231.41000000,3233.74,3233.74000000,3226.83,3226.74000000,2.0,2.0043,EXECUTED,next-tick executable entry; spread; broker target normalization
2025.04.16 08:10:00,SHORT,3287.26,3287.32000000,3289.25,3289.25000000,3283.27,3283.45000000,-1.0,-1.0000,EXECUTED,next-tick executable entry; spread; broker target normalization
2025.04.16 09:00:00,SHORT,3286.97,3287.32000000,3290.83,3289.25000000,3279.26,3283.45000000,-1.0,-1.0000,REJECT_DUPLICATE_CLUSTER,candidate collision / duplicate suppression
2025.04.17 10:35:00,LONG,3322.22,3322.45000000,3316.25,3316.25000000,3334.16,3334.85000000,-1.0,-1.0000,EXECUTED,next-tick executable entry; spread; broker target normalization
2025.04.17 11:45:00,LONG,3321.26,3322.45000000,3316.66,3316.25000000,3330.46,3334.85000000,2.0,-1.0000,REJECT_DUPLICATE_CLUSTER,candidate collision / duplicate suppression
2025.04.17 20:50:00,LONG,3321.69,3322.45000000,3316.77,3316.25000000,3331.53,3334.85000000,-1.0,-1.0000,REJECT_DUPLICATE_CLUSTER,candidate collision / duplicate suppression
2025.04.17 22:50:00,LONG,3321.33,3322.45000000,3319.1,3316.25000000,3325.78,3334.85000000,-1.0,-1.0000,REJECT_DUPLICATE_CLUSTER,candidate collision / duplicate suppression
2025.04.17 23:05:00,LONG,3321.63,3322.45000000,3317.87,3316.25000000,3329.15,3334.85000000,2.0,-1.0000,REJECT_DUPLICATE_CLUSTER,candidate collision / duplicate suppression
2025.04.21 08:10:00,SHORT,3382.72,3382.65000000,3385.91,3385.91000000,3376.34,3376.13000000,-1.0,-1.0000,EXECUTED,next-tick executable entry; spread; broker target normalization
2025.04.22 09:00:00,SHORT,3490.09,3489.91000000,3495.78,3495.78000000,3478.72,3478.18000000,-1.0,-1.0000,EXECUTED,next-tick executable entry; spread; broker target normalization
2025.04.22 09:20:00,SHORT,3485.73,3489.91000000,3500.27,3495.78000000,3456.65,3478.18000000,2.0,-1.0000,REJECT_DUPLICATE_CLUSTER,candidate collision / duplicate suppression
2025.04.22 16:50:00,LONG,3425.89,3425.94000000,3408.07,3408.07000000,3461.53,3461.68000000,-1.0,-1.0000,EXECUTED,next-tick executable entry; spread; broker target normalization
2025.04.22 19:05:00,LONG,3418.45,3425.94000000,3404.75,3408.07000000,3445.85,3461.68000000,-1.0,-1.0000,REJECT_DUPLICATE_CLUSTER,candidate collision / duplicate suppression
2025.04.23 09:10:00,LONG,3316.49,3316.70000000,3307.59,3307.59000000,3334.29,3334.92000000,-1.0,-1.0000,EXECUTED,next-tick executable entry; spread; broker target normalization
2025.04.23 10:40:00,LONG,3318.26,3316.70000000,3309.31,3307.59000000,3336.15,3334.92000000,-1.0,-1.0000,REJECT_DUPLICATE_CLUSTER,candidate collision / duplicate suppression
2025.04.23 11:35:00,LONG,3316.54,3316.70000000,3305.8,3307.59000000,3338.02,3334.92000000,2.0,-1.0000,REJECT_DUPLICATE_CLUSTER,candidate collision / duplicate suppression
2025.04.23 15:15:00,LONG,3323.82,3316.70000000,3313.5,3307.59000000,3344.46,3334.92000000,-1.0,-1.0000,REJECT_DUPLICATE_CLUSTER,candidate collision / duplicate suppression
2025.04.25 23:55:00,LONG,3319.35,,3313.43,,3331.18,,-1.0,,REJECT_EXPIRED,candidate expired before executable entry
2025.04.28 17:50:00,SHORT,3329.77,3329.68000000,3333.55,3333.55000000,3322.21,3321.94000000,-1.0,-1.0000,EXECUTED,next-tick executable entry; spread; broker target normalization
2025.04.28 18:20:00,SHORT,3330.68,3329.68000000,3336.34,3333.55000000,3319.37,3321.94000000,2.0,-1.0000,REJECT_DUPLICATE_CLUSTER,candidate collision / duplicate suppression
2025.04.29 08:20:00,LONG,3307.5,3307.75000000,3304.93,3304.93000000,3312.64,3313.39000000,2.0,2.0000,EXECUTED,next-tick executable entry; spread; broker target normalization
2025.04.29 13:20:00,LONG,3309.34,3307.75000000,3306.07,3304.93000000,3315.89,3313.39000000,2.0,2.0000,REJECT_DUPLICATE_CLUSTER,candidate collision / duplicate suppression
2025.04.29 15:20:00,LONG,3308.3,3307.75000000,3300.29,3304.93000000,3324.32,3313.39000000,-1.0,2.0000,REJECT_DUPLICATE_CLUSTER,candidate collision / duplicate suppression
2025.04.29 17:10:00,LONG,3309.11,3307.75000000,3299.37,3304.93000000,3328.58,3313.39000000,2.0,2.0000,REJECT_DUPLICATE_CLUSTER,candidate collision / duplicate suppression
2025.04.30 15:45:00,LONG,3303.38,3303.45000000,3285.77,3285.77000000,3338.6,3338.81000000,-1.0,-1.0000,EXECUTED,next-tick executable entry; spread; broker target normalization
2025.05.01 12:45:00,LONG,3223.91,3224.04000000,3219.66,3219.66000000,3232.4,3232.79000000,-1.0,-1.0000,EXECUTED,next-tick executable entry; spread; broker target normalization
2025.05.01 13:35:00,LONG,3222.47,3224.04000000,3214.61,3219.66000000,3238.19,3232.79000000,-1.0,-1.0000,REJECT_DUPLICATE_CLUSTER,candidate collision / duplicate suppression
2025.05.01 15:30:00,LONG,3223.01,3224.04000000,3207.94,3219.66000000,3253.14,3232.79000000,-1.0,-1.0000,REJECT_DUPLICATE_CLUSTER,candidate collision / duplicate suppression
2025.05.01 21:35:00,LONG,3224.33,3224.04000000,3214.63,3219.66000000,3243.74,3232.79000000,2.0,-1.0000,REJECT_DUPLICATE_CLUSTER,candidate collision / duplicate suppression
2025.05.02 09:25:00,SHORT,3258.17,3258.15000000,3262.51,3262.51000000,3249.49,3249.43000000,2.0,2.0000,EXECUTED,next-tick executable entry; spread; broker target normalization
2025.05.02 10:50:00,SHORT,3257.83,3258.15000000,3263.42,3262.51000000,3246.64,3249.43000000,-1.0,2.0000,REJECT_DUPLICATE_CLUSTER,candidate collision / duplicate suppression
2025.05.02 13:40:00,SHORT,3258.18,3258.15000000,3263.29,3262.51000000,3247.97,3249.43000000,-1.0,2.0000,REJECT_DUPLICATE_CLUSTER,candidate collision / duplicate suppression
2025.05.02 15:30:00,SHORT,3254.34,3258.15000000,3264.07,3262.51000000,3234.89,3249.43000000,-1.0,2.0000,REJECT_DUPLICATE_CLUSTER,candidate collision / duplicate suppression
2025.05.02 18:15:00,SHORT,3256.52,3258.15000000,3264.44,3262.51000000,3240.69,3249.43000000,2.0,2.0000,REJECT_DUPLICATE_CLUSTER,candidate collision / duplicate suppression
2025.05.02 19:05:00,LONG,3229.76,3229.80000000,3226.37,3226.37000000,3236.54,3236.66000000,-1.0,-1.0000,EXECUTED,next-tick executable entry; spread; broker target normalization
2025.05.02 19:20:00,LONG,3234.52,3229.80000000,3224.47,3226.37000000,3254.63,3236.66000000,-1.0,-1.0000,REJECT_DUPLICATE_CLUSTER,candidate collision / duplicate suppression
2025.05.02 20:05:00,LONG,3229.31,3229.80000000,3222.55,3226.37000000,3242.84,3236.66000000,2.0,-1.0000,REJECT_DUPLICATE_CLUSTER,candidate collision / duplicate suppression
2025.05.05 11:30:00,SHORT,3271.6,3271.61000000,3273.65,3273.65000000,3267.51,3267.54000000,-1.0,-1.0000,EXECUTED,next-tick executable entry; spread; broker target normalization
2025.05.06 17:25:00,SHORT,3384.01,3384.00000000,3394.0,3394.00000000,3364.03,3364.00000000,-1.0,-1.0000,EXECUTED,next-tick executable entry; spread; broker target normalization
2025.05.08 16:30:00,LONG,3366.45,3366.60000000,3356.49,3356.49000000,3386.36,3386.81000000,-1.0,-1.0000,EXECUTED,next-tick executable entry; spread; broker target normalization
2025.05.09 08:05:00,SHORT,3327.35,3327.36000000,3328.53,3328.53000000,3324.99,3325.02000000,-1.0,-1.0000,EXECUTED,next-tick executable entry; spread; broker target normalization
2025.05.09 08:15:00,SHORT,3325.05,3327.36000000,3330.47,3328.53000000,3314.2,3325.02000000,2.0,-1.0000,REJECT_DUPLICATE_CLUSTER,candidate collision / duplicate suppression
2025.05.09 10:10:00,SHORT,3327.32,3327.36000000,3332.41,3328.53000000,3317.13,3325.02000000,-1.0,-1.0000,REJECT_DUPLICATE_CLUSTER,candidate collision / duplicate suppression
2025.05.09 14:30:00,SHORT,3326.55,3327.36000000,3338.53,3328.53000000,3302.59,3325.02000000,-1.0,-1.0000,REJECT_DUPLICATE_CLUSTER,candidate collision / duplicate suppression
2025.05.09 17:00:00,SHORT,3324.68,3327.36000000,3334.76,3328.53000000,3304.53,3325.02000000,-1.0,-1.0000,REJECT_DUPLICATE_CLUSTER,candidate collision / duplicate suppression
2025.05.09 22:40:00,SHORT,3327.41,3327.36000000,3333.07,3328.53000000,3316.08,3325.02000000,2.0,-1.0000,REJECT_DUPLICATE_CLUSTER,candidate collision / duplicate suppression
2025.05.13 08:40:00,SHORT,3253.2,3253.21000000,3258.53,3258.53000000,3242.55,3242.58000000,-1.0,-1.0000,EXECUTED,next-tick executable entry; spread; broker target normalization
2025.05.13 11:30:00,SHORT,3252.94,3253.21000000,3258.6,3258.53000000,3241.62,3242.58000000,-1.0,-1.0000,REJECT_DUPLICATE_CLUSTER,candidate collision / duplicate suppression
2025.05.13 14:45:00,SHORT,3252.48,3253.21000000,3257.12,3258.53000000,3243.21,3242.58000000,2.0,-1.0000,REJECT_DUPLICATE_CLUSTER,candidate collision / duplicate suppression
2025.05.13 19:35:00,SHORT,3251.67,3253.21000000,3256.22,3258.53000000,3242.57,3242.58000000,2.0,-1.0000,REJECT_DUPLICATE_CLUSTER,candidate collision / duplicate suppression
2025.05.13 23:35:00,SHORT,3253.16,3253.21000000,3254.92,3258.53000000,3249.65,3242.58000000,2.0,-1.0000,REJECT_DUPLICATE_CLUSTER,candidate collision / duplicate suppression
2025.05.14 08:05:00,LONG,3226.67,3226.84000000,3221.52,3221.52000000,3236.97,3237.48000000,2.0,2.0000,EXECUTED,next-tick executable entry; spread; broker target normalization
2025.05.15 08:35:00,LONG,3136.54,3136.59000000,3134.73,3134.73000000,3140.15,3140.30000000,-1.0,-1.0000,EXECUTED,next-tick executable entry; spread; broker target normalization
2025.05.15 09:25:00,LONG,3140.56,3136.59000000,3124.78,3134.73000000,3172.12,3140.30000000,2.0,-1.0000,REJECT_DUPLICATE_CLUSTER,candidate collision / duplicate suppression
2025.05.15 16:25:00,SHORT,3192.14,3192.14000000,3197.68,3197.68000000,3181.07,3181.07000000,-1.0,-1.0000,EXECUTED,next-tick executable entry; spread; broker target normalization
2025.05.16 10:25:00,LONG,3209.53,3209.67000000,3205.21,3205.21000000,3218.17,3218.59000000,-1.0,-1.0000,EXECUTED,next-tick executable entry; spread; broker target normalization
2025.05.16 11:35:00,LONG,3207.1,3209.67000000,3198.16,3205.21000000,3224.98,3218.59000000,-1.0,-1.0000,REJECT_DUPLICATE_CLUSTER,candidate collision / duplicate suppression
2025.05.20 12:00:00,SHORT,3232.41,3232.46000000,3237.86,3237.86000000,3221.51,3221.66000000,-1.0,-1.0000,EXECUTED,next-tick executable entry; spread; broker target normalization
2025.05.21 09:00:00,SHORT,3313.55,3313.56000000,3319.84,3319.84000000,3300.98,3301.01000000,-1.0,-1.0000,EXECUTED,next-tick executable entry; spread; broker target normalization
2025.05.21 10:05:00,SHORT,3314.41,3313.56000000,3320.86,3319.84000000,3301.51,3301.01000000,2.0,-1.0000,REJECT_DUPLICATE_CLUSTER,candidate collision / duplicate suppression
2025.05.21 20:25:00,SHORT,3310.9,3313.56000000,3315.66,3319.84000000,3301.38,3301.01000000,-1.0,-1.0000,REJECT_DUPLICATE_CLUSTER,candidate collision / duplicate suppression
2025.05.21 21:00:00,SHORT,3312.36,3313.56000000,3316.63,3319.84000000,3303.81,3301.01000000,-1.0,-1.0000,REJECT_DUPLICATE_CLUSTER,candidate collision / duplicate suppression
2025.05.21 23:50:00,SHORT,3314.44,3313.56000000,3318.02,3319.84000000,3307.28,3301.01000000,-1.0,-1.0000,REJECT_DUPLICATE_CLUSTER,candidate collision / duplicate suppression
2025.05.22 11:35:00,LONG,3315.41,3315.50000000,3310.92,3310.92000000,3324.39,3324.66000000,-1.0,-1.0000,EXECUTED,next-tick executable entry; spread; broker target normalization
2025.05.26 13:05:00,LONG,3332.05,3332.20000000,3328.39,3328.39000000,3339.36,3339.81000000,-1.0,-1.0000,EXECUTED,next-tick executable entry; spread; broker target normalization
2025.05.26 15:35:00,LONG,3331.78,3332.20000000,3326.24,3328.39000000,3342.86,3339.81000000,2.0,-1.0000,REJECT_DUPLICATE_CLUSTER,candidate collision / duplicate suppression
2025.05.28 13:45:00,SHORT,3313.52,3313.58000000,3319.66,3319.66000000,3301.25,3301.43000000,2.0,1.9984,EXECUTED,next-tick executable entry; spread; broker target normalization
2025.05.28 19:40:00,LONG,3291.84,3292.03000000,3290.66,3290.66000000,3294.2,3294.77000000,-1.0,-1.0000,EXECUTED,next-tick executable entry; spread; broker target normalization
2025.05.28 19:50:00,LONG,3292.35,3292.03000000,3288.49,3290.66000000,3300.07,3294.77000000,2.0,-1.0000,REJECT_DUPLICATE_CLUSTER,candidate collision / duplicate suppression
2025.05.30 08:10:00,LONG,3292.38,3292.56000000,3290.15,3290.15000000,3296.84,3297.38000000,2.0,2.0000,EXECUTED,next-tick executable entry; spread; broker target normalization
2025.05.30 09:30:00,LONG,3294.82,3292.56000000,3290.3,3290.15000000,3303.86,3297.38000000,-1.0,2.0000,REJECT_DUPLICATE_CLUSTER,candidate collision / duplicate suppression
2025.05.30 10:15:00,LONG,3294.53,3292.56000000,3287.19,3290.15000000,3309.21,3297.38000000,-1.0,2.0000,REJECT_DUPLICATE_CLUSTER,candidate collision / duplicate suppression
2025.05.30 15:10:00,LONG,3302.67,3292.56000000,3282.6,3290.15000000,3342.82,3297.38000000,-1.0,2.0000,REJECT_DUPLICATE_CLUSTER,candidate collision / duplicate suppression
2025.05.30 19:50:00,LONG,3291.9,3292.56000000,3285.83,3290.15000000,3304.03,3297.38000000,2.0,2.0000,REJECT_DUPLICATE_CLUSTER,candidate collision / duplicate suppression
2025.06.02 08:15:00,SHORT,3317.25,3317.28000000,3320.0,3320.00000000,3311.74,3311.83000000,-1.0,-1.0000,EXECUTED,next-tick executable entry; spread; broker target normalization
2025.06.03 08:35:00,LONG,3359.56,3359.72000000,3356.17,3356.17000000,3366.35,3366.83000000,2.0,2.0028,EXECUTED,next-tick executable entry; spread; broker target normalization
2025.06.03 10:55:00,LONG,3359.64,3359.72000000,3355.09,3356.17000000,3368.75,3366.83000000,-1.0,2.0028,REJECT_DUPLICATE_CLUSTER,candidate collision / duplicate suppression
2025.06.03 12:40:00,LONG,3360.03,3359.72000000,3354.88,3356.17000000,3370.33,3366.83000000,-1.0,2.0028,REJECT_DUPLICATE_CLUSTER,candidate collision / duplicate suppression
2025.06.03 14:50:00,LONG,3359.46,3359.72000000,3357.66,3356.17000000,3363.06,3366.83000000,-1.0,2.0028,REJECT_DUPLICATE_CLUSTER,candidate collision / duplicate suppression
2025.06.03 15:40:00,LONG,3361.45,3359.72000000,3352.82,3356.17000000,3378.71,3366.83000000,-1.0,2.0028,REJECT_DUPLICATE_CLUSTER,candidate collision / duplicate suppression
2025.06.04 14:30:00,LONG,3347.55,3347.73000000,3343.57,3343.57000000,3355.52,3356.06000000,2.0,2.0024,EXECUTED,next-tick executable entry; spread; broker target normalization
2025.06.04 15:30:00,LONG,3354.64,3347.73000000,3344.18,3343.57000000,3375.56,3356.06000000,2.0,2.0024,REJECT_DUPLICATE_CLUSTER,candidate collision / duplicate suppression
2025.06.04 18:35:00,SHORT,3370.3,3370.30000000,3375.09,3375.09000000,3360.73,3360.73000000,-1.0,-1.0000,EXECUTED,next-tick executable entry; spread; broker target normalization
2025.06.04 22:35:00,SHORT,3372.26,3370.30000000,3374.24,3375.09000000,3368.3,3360.73000000,-1.0,-1.0000,REJECT_DUPLICATE_CLUSTER,candidate collision / duplicate suppression
2025.06.04 23:20:00,SHORT,3371.44,3370.30000000,3374.56,3375.09000000,3365.2,3360.73000000,-1.0,-1.0000,REJECT_DUPLICATE_CLUSTER,candidate collision / duplicate suppression
2025.06.05 08:35:00,LONG,3364.2,3364.33000000,3361.52,3361.52000000,3369.57,3369.96000000,-1.0,-1.0000,EXECUTED,next-tick executable entry; spread; broker target normalization
2025.06.05 08:55:00,LONG,3364.29,3364.33000000,3361.09,3361.52000000,3370.69,3369.96000000,2.0,-1.0000,REJECT_DUPLICATE_CLUSTER,candidate collision / duplicate suppression
2025.06.05 12:35:00,SHORT,3383.93,3383.98000000,3390.1,3390.10000000,3371.59,3371.74000000,-1.0,-1.0000,EXECUTED,next-tick executable entry; spread; broker target normalization
2025.06.05 15:45:00,SHORT,3383.09,3383.98000000,3395.79,3390.10000000,3357.7,3371.74000000,2.0,-1.0000,REJECT_DUPLICATE_CLUSTER,candidate collision / duplicate suppression
2025.06.06 08:10:00,SHORT,3373.94,3373.93000000,3375.71,3375.71000000,3370.41,3370.38000000,2.0,1.9944,EXECUTED,next-tick executable entry; spread; broker target normalization
2025.06.06 12:50:00,LONG,3356.01,3356.18000000,3352.44,3352.44000000,3363.16,3363.67000000,2.0,2.0027,EXECUTED,next-tick executable entry; spread; broker target normalization
2025.06.06 15:45:00,LONG,3359.03,3356.18000000,3343.27,3352.44000000,3390.56,3363.67000000,-1.0,2.0027,REJECT_DUPLICATE_CLUSTER,candidate collision / duplicate suppression
2025.06.09 11:55:00,SHORT,3319.82,3319.87000000,3323.81,3323.81000000,3311.83,3311.98000000,2.0,2.0025,EXECUTED,next-tick executable entry; spread; broker target normalization
2025.06.09 17:30:00,SHORT,3319.3,3319.87000000,3327.0,3323.81000000,3303.91,3311.98000000,-1.0,2.0025,REJECT_DUPLICATE_CLUSTER,candidate collision / duplicate suppression
2025.06.10 09:55:00,SHORT,3325.44,3325.43000000,3331.46,3331.46000000,3313.4,3313.37000000,-1.0,-1.0000,EXECUTED,next-tick executable entry; spread; broker target normalization
2025.06.10 11:40:00,SHORT,3327.49,3325.43000000,3330.09,3331.46000000,3322.29,3313.37000000,-1.0,-1.0000,REJECT_DUPLICATE_CLUSTER,candidate collision / duplicate suppression
2025.06.10 18:00:00,SHORT,3324.9,3325.43000000,3332.71,3331.46000000,3309.28,3313.37000000,-1.0,-1.0000,REJECT_DUPLICATE_CLUSTER,candidate collision / duplicate suppression
2025.06.10 23:00:00,SHORT,3327.17,3325.43000000,3333.55,3331.46000000,3314.42,3313.37000000,-1.0,-1.0000,REJECT_DUPLICATE_CLUSTER,candidate collision / duplicate suppression
2025.06.11 12:00:00,SHORT,3341.02,3341.01000000,3346.31,3346.31000000,3330.44,3330.41000000,2.0,2.0000,EXECUTED,next-tick executable entry; spread; broker target normalization
2025.06.11 15:50:00,SHORT,3342.58,3341.01000000,3356.0,3346.31000000,3315.75,3330.41000000,-1.0,2.0000,REJECT_DUPLICATE_CLUSTER,candidate collision / duplicate suppression
2025.06.12 11:25:00,LONG,3358.9,3359.03000000,3347.31,3347.31000000,3382.08,3382.47000000,2.0,2.0000,EXECUTED,next-tick executable entry; spread; broker target normalization
2025.06.12 14:35:00,SHORT,3373.29,3373.30000000,3383.52,3383.52000000,3352.82,3352.85000000,-1.0,-1.0000,EXECUTED,next-tick executable entry; spread; broker target normalization
2025.06.13 16:40:00,SHORT,3441.92,3441.95000000,3447.04,3447.04000000,3431.69,3431.78000000,2.0,1.9980,EXECUTED,next-tick executable entry; spread; broker target normalization
2025.06.16 08:05:00,LONG,3428.72,3428.90000000,3421.92,3421.92000000,3442.32,3442.86000000,-1.0,-1.0000,EXECUTED,next-tick executable entry; spread; broker target normalization
2025.06.17 17:40:00,LONG,3375.56,3375.82000000,3365.87,3365.87000000,3394.94,3395.72000000,2.0,2.0000,EXECUTED,next-tick executable entry; spread; broker target normalization
2025.06.18 22:15:00,LONG,3373.94,3374.11000000,3368.35,3368.35000000,3385.13,3385.64000000,-1.0,-1.0000,EXECUTED,next-tick executable entry; spread; broker target normalization
2025.06.18 22:30:00,LONG,3373.42,3374.11000000,3362.66,3368.35000000,3394.94,3385.64000000,-1.0,-1.0000,REJECT_DUPLICATE_CLUSTER,candidate collision / duplicate suppression
2025.06.19 11:40:00,LONG,3370.24,3370.42000000,3364.9,3364.90000000,3380.91,3381.45000000,-1.0,-1.0000,EXECUTED,next-tick executable entry; spread; broker target normalization
2025.06.19 12:20:00,LONG,3372.68,3370.42000000,3363.45,3364.90000000,3391.14,3381.45000000,-1.0,-1.0000,REJECT_DUPLICATE_CLUSTER,candidate collision / duplicate suppression
2025.06.19 16:45:00,LONG,3370.55,3370.42000000,3362.06,3364.90000000,3387.52,3381.45000000,-1.0,-1.0000,REJECT_DUPLICATE_CLUSTER,candidate collision / duplicate suppression
2025.06.19 18:50:00,LONG,3370.17,3370.42000000,3365.31,3364.90000000,3379.89,3381.45000000,-1.0,-1.0000,REJECT_DUPLICATE_CLUSTER,candidate collision / duplicate suppression
2025.06.20 09:00:00,LONG,3345.98,3346.19000000,3341.95,3341.95000000,3354.03,3354.66000000,-1.0,-1.0000,EXECUTED,next-tick executable entry; spread; broker target normalization
2025.06.20 09:50:00,LONG,3345.65,3346.19000000,3340.18,3341.95000000,3356.59,3354.66000000,2.0,-1.0000,REJECT_DUPLICATE_CLUSTER,candidate collision / duplicate suppression
2025.06.20 15:35:00,LONG,3347.06,3346.19000000,3341.74,3341.95000000,3357.69,3354.66000000,2.0,-1.0000,REJECT_DUPLICATE_CLUSTER,candidate collision / duplicate suppression
2025.06.20 16:55:00,SHORT,3370.37,3370.35000000,3374.08,3374.08000000,3362.96,3362.90000000,-1.0,-1.0000,EXECUTED,next-tick executable entry; spread; broker target normalization
2025.06.20 17:15:00,SHORT,3369.23,3370.35000000,3374.72,3374.08000000,3358.25,3362.90000000,-1.0,-1.0000,REJECT_DUPLICATE_CLUSTER,candidate collision / duplicate suppression
2025.06.23 08:40:00,LONG,3353.21,3353.42000000,3346.91,3346.91000000,3365.81,3366.44000000,2.0,2.0000,EXECUTED,next-tick executable entry; spread; broker target normalization
2025.06.24 08:45:00,LONG,3333.48,3333.61000000,3329.71,3329.71000000,3341.01,3341.40000000,-1.0,-1.0000,EXECUTED,next-tick executable entry; spread; broker target normalization
2025.06.25 10:45:00,SHORT,3333.93,3333.92000000,3337.21,3337.21000000,3327.36,3327.33000000,2.0,2.0030,EXECUTED,next-tick executable entry; spread; broker target normalization
2025.06.25 15:50:00,LONG,3321.11,3321.25000000,3318.08,3318.08000000,3327.18,3327.60000000,-1.0,-1.0000,EXECUTED,next-tick executable entry; spread; broker target normalization
2025.06.25 17:25:00,LONG,3321.79,3321.25000000,3312.2,3318.08000000,3340.97,3327.60000000,2.0,-1.0000,REJECT_DUPLICATE_CLUSTER,candidate collision / duplicate suppression
2025.06.26 12:10:00,SHORT,3341.09,3341.11000000,3345.22,3345.22000000,3332.83,3332.89000000,2.0,2.0000,EXECUTED,next-tick executable entry; spread; broker target normalization
2025.06.26 15:30:00,SHORT,3334.05,3341.11000000,3344.26,3345.22000000,3313.63,3332.89000000,2.0,2.0000,REJECT_DUPLICATE_CLUSTER,candidate collision / duplicate suppression
2025.06.26 19:20:00,LONG,3329.84,3330.02000000,3325.52,3325.52000000,3338.49,3339.03000000,-1.0,-1.0000,EXECUTED,next-tick executable entry; spread; broker target normalization
2025.06.27 08:15:00,LONG,3296.8,3296.85000000,3289.17,3289.17000000,3312.06,3312.21000000,-1.0,-1.0000,EXECUTED,next-tick executable entry; spread; broker target normalization
2025.06.27 09:50:00,LONG,3291.51,3296.85000000,3286.66,3289.17000000,3301.22,3312.21000000,-1.0,-1.0000,REJECT_DUPLICATE_CLUSTER,candidate collision / duplicate suppression
2025.06.30 12:05:00,SHORT,3281.66,3281.67000000,3290.69,3290.69000000,3263.6,3263.63000000,-1.0,-1.0000,EXECUTED,next-tick executable entry; spread; broker target normalization
2025.07.02 10:15:00,LONG,3329.96,3330.15000000,3327.89,3327.89000000,3334.1,3334.67000000,-1.0,-1.0000,EXECUTED,next-tick executable entry; spread; broker target normalization
2025.07.02 10:25:00,LONG,3330.1,3330.15000000,3327.48,3327.89000000,3335.33,3334.67000000,2.0,-1.0000,REJECT_DUPLICATE_CLUSTER,candidate collision / duplicate suppression
2025.07.02 10:45:00,LONG,3336.34,3330.15000000,3327.79,3327.89000000,3353.44,3334.67000000,2.0,-1.0000,REJECT_DUPLICATE_CLUSTER,candidate collision / duplicate suppression
2025.07.04 09:10:00,SHORT,3341.72,3341.75000000,3344.95,3344.95000000,3335.25,3335.34000000,-1.0,-1.0000,EXECUTED,next-tick executable entry; spread; broker target normalization
2025.07.04 10:10:00,SHORT,3339.01,3341.75000000,3343.84,3344.95000000,3329.36,3335.34000000,-1.0,-1.0000,REJECT_DUPLICATE_CLUSTER,candidate collision / duplicate suppression
2025.07.04 11:05:00,SHORT,3341.89,3341.75000000,3344.19,3344.95000000,3337.29,3335.34000000,-1.0,-1.0000,REJECT_DUPLICATE_CLUSTER,candidate collision / duplicate suppression
2025.07.04 12:00:00,SHORT,3341.61,3341.75000000,3344.3,3344.95000000,3336.23,3335.34000000,2.0,-1.0000,REJECT_DUPLICATE_CLUSTER,candidate collision / duplicate suppression
2025.07.07 11:10:00,LONG,3306.99,3307.18000000,3301.12,3301.12000000,3318.74,3319.31000000,-1.0,-1.0000,EXECUTED,next-tick executable entry; spread; broker target normalization
2025.07.07 14:05:00,LONG,3305.87,3307.18000000,3299.8,3301.12000000,3318.0,3319.31000000,-1.0,-1.0000,REJECT_DUPLICATE_CLUSTER,candidate collision / duplicate suppression
2025.07.07 15:20:00,LONG,3305.54,3307.18000000,3300.32,3301.12000000,3315.98,3319.31000000,2.0,-1.0000,REJECT_DUPLICATE_CLUSTER,candidate collision / duplicate suppression
2025.07.08 11:10:00,LONG,3327.93,3328.14000000,3325.98,3325.98000000,3331.83,3332.46000000,-1.0,-1.0000,EXECUTED,next-tick executable entry; spread; broker target normalization
2025.07.08 11:25:00,LONG,3328.49,3328.14000000,3324.38,3325.98000000,3336.71,3332.46000000,-1.0,-1.0000,REJECT_DUPLICATE_CLUSTER,candidate collision / duplicate suppression
2025.07.08 15:05:00,LONG,3328.28,3328.14000000,3321.74,3325.98000000,3341.35,3332.46000000,-1.0,-1.0000,REJECT_DUPLICATE_CLUSTER,candidate collision / duplicate suppression
2025.07.09 11:25:00,LONG,3285.87,3285.98000000,3284.09,3284.09000000,3289.44,3289.77000000,-1.0,-1.0000,EXECUTED,next-tick executable entry; spread; broker target normalization
2025.07.09 11:40:00,LONG,3286.94,3285.98000000,3282.58,3284.09000000,3295.66,3289.77000000,2.0,-1.0000,REJECT_DUPLICATE_CLUSTER,candidate collision / duplicate suppression
2025.07.09 15:00:00,LONG,3287.31,3285.98000000,3283.13,3284.09000000,3295.67,3289.77000000,2.0,-1.0000,REJECT_DUPLICATE_CLUSTER,candidate collision / duplicate suppression
2025.07.09 17:20:00,SHORT,3306.19,3306.19000000,3309.03,3309.03000000,3300.51,3300.51000000,-1.0,-1.0000,EXECUTED,next-tick executable entry; spread; broker target normalization
2025.07.10 09:25:00,SHORT,3324.89,3324.87000000,3328.52,3328.52000000,3317.63,3317.57000000,-1.0,-1.0000,EXECUTED,next-tick executable entry; spread; broker target normalization
2025.07.10 10:20:00,SHORT,3326.1,3324.87000000,3329.57,3328.52000000,3319.16,3317.57000000,-1.0,-1.0000,REJECT_DUPLICATE_CLUSTER,candidate collision / duplicate suppression
2025.07.10 12:30:00,SHORT,3325.59,3324.87000000,3329.78,3328.52000000,3317.2,3317.57000000,-1.0,-1.0000,REJECT_DUPLICATE_CLUSTER,candidate collision / duplicate suppression
2025.07.10 14:35:00,SHORT,3326.06,3324.87000000,3329.23,3328.52000000,3319.73,3317.57000000,2.0,-1.0000,REJECT_DUPLICATE_CLUSTER,candidate collision / duplicate suppression
2025.07.10 16:05:00,SHORT,3326.07,3324.87000000,3329.63,3328.52000000,3318.96,3317.57000000,2.0,-1.0000,REJECT_DUPLICATE_CLUSTER,candidate collision / duplicate suppression
2025.07.10 16:45:00,SHORT,3319.52,3324.87000000,3328.49,3328.52000000,3301.57,3317.57000000,-1.0,-1.0000,REJECT_DUPLICATE_CLUSTER,candidate collision / duplicate suppression
2025.07.11 08:40:00,SHORT,3334.98,3334.91000000,3340.46,3340.46000000,3324.02,3323.81000000,-1.0,-1.0000,EXECUTED,next-tick executable entry; spread; broker target normalization
2025.07.11 09:45:00,SHORT,3335.59,3334.91000000,3340.48,3340.46000000,3325.81,3323.81000000,-1.0,-1.0000,REJECT_DUPLICATE_CLUSTER,candidate collision / duplicate suppression
2025.07.11 11:50:00,SHORT,3333.32,3334.91000000,3340.23,3340.46000000,3319.51,3323.81000000,-1.0,-1.0000,REJECT_DUPLICATE_CLUSTER,candidate collision / duplicate suppression
2025.07.14 10:30:00,SHORT,3373.41,3373.39000000,3375.13,3375.13000000,3369.97,3369.91000000,2.0,2.0000,EXECUTED,next-tick executable entry; spread; broker target normalization
2025.07.14 10:35:00,SHORT,3371.66,3373.39000000,3375.14,3375.13000000,3364.71,3369.91000000,2.0,2.0000,REJECT_DUPLICATE_CLUSTER,candidate collision / duplicate suppression
2025.07.14 13:15:00,SHORT,3372.69,3373.39000000,3374.73,3375.13000000,3368.61,3369.91000000,2.0,2.0000,REJECT_DUPLICATE_CLUSTER,candidate collision / duplicate suppression
2025.07.14 16:25:00,LONG,3355.44,3355.55000000,3348.32,3348.32000000,3369.68,3370.01000000,-1.0,-1.0000,EXECUTED,next-tick executable entry; spread; broker target normalization
2025.07.15 09:00:00,SHORT,3360.23,3360.21000000,3363.95,3363.95000000,3352.79,3352.73000000,-1.0,-1.0000,EXECUTED,next-tick executable entry; spread; broker target normalization
2025.07.15 09:15:00,SHORT,3361.16,3360.21000000,3364.16,3363.95000000,3355.16,3352.73000000,-1.0,-1.0000,REJECT_DUPLICATE_CLUSTER,candidate collision / duplicate suppression
2025.07.15 11:15:00,SHORT,3358.99,3360.21000000,3365.66,3363.95000000,3345.64,3352.73000000,-1.0,-1.0000,REJECT_DUPLICATE_CLUSTER,candidate collision / duplicate suppression
2025.07.15 13:55:00,SHORT,3361.22,3360.21000000,3363.13,3363.95000000,3357.4,3352.73000000,2.0,-1.0000,REJECT_DUPLICATE_CLUSTER,candidate collision / duplicate suppression
2025.07.15 16:50:00,LONG,3343.89,3344.14000000,3335.02,3335.02000000,3361.63,3362.38000000,-1.0,-1.0000,EXECUTED,next-tick executable entry; spread; broker target normalization
2025.07.16 08:35:00,SHORT,3337.41,3337.38000000,3339.94,3339.94000000,3332.35,3332.26000000,-1.0,-1.0000,EXECUTED,next-tick executable entry; spread; broker target normalization
2025.07.16 10:00:00,SHORT,3338.23,3337.38000000,3341.01,3339.94000000,3332.67,3332.26000000,-1.0,-1.0000,REJECT_DUPLICATE_CLUSTER,candidate collision / duplicate suppression
2025.07.16 13:10:00,SHORT,3338.11,3337.38000000,3340.5,3339.94000000,3333.34,3332.26000000,-1.0,-1.0000,REJECT_DUPLICATE_CLUSTER,candidate collision / duplicate suppression
2025.07.16 15:00:00,SHORT,3337.67,3337.38000000,3340.77,3339.94000000,3331.47,3332.26000000,-1.0,-1.0000,REJECT_DUPLICATE_CLUSTER,candidate collision / duplicate suppression
2025.07.16 15:10:00,SHORT,3338.5,3337.38000000,3341.05,3339.94000000,3333.41,3332.26000000,2.0,-1.0000,REJECT_DUPLICATE_CLUSTER,candidate collision / duplicate suppression
2025.07.16 16:25:00,SHORT,3334.81,3337.38000000,3339.53,3339.94000000,3325.37,3332.26000000,2.0,-1.0000,REJECT_DUPLICATE_CLUSTER,candidate collision / duplicate suppression
2025.07.16 16:55:00,LONG,3326.87,3326.97000000,3321.8,3321.80000000,3337.0,3337.30000000,-1.0,-1.0000,EXECUTED,next-tick executable entry; spread; broker target normalization
2025.07.16 17:20:00,LONG,3328.37,3326.97000000,3321.42,3321.80000000,3342.27,3337.30000000,-1.0,-1.0000,REJECT_DUPLICATE_CLUSTER,candidate collision / duplicate suppression
2025.07.16 17:35:00,LONG,3324.81,3326.97000000,3319.39,3321.80000000,3335.65,3337.30000000,2.0,-1.0000,REJECT_DUPLICATE_CLUSTER,candidate collision / duplicate suppression
2025.07.17 18:25:00,LONG,3336.98,3337.10000000,3331.17,3331.18000000,3348.59,3348.95000000,2.0,2.0017,EXECUTED,next-tick executable entry; spread; broker target normalization
2025.07.22 09:00:00,LONG,3386.82,3386.88000000,3384.4,3384.40000000,3391.65,3391.83000000,-1.0,-1.0000,EXECUTED,next-tick executable entry; spread; broker target normalization
2025.07.22 10:00:00,LONG,3385.4,3386.88000000,3384.31,3384.40000000,3387.58,3391.83000000,-1.0,-1.0000,REJECT_DUPLICATE_CLUSTER,candidate collision / duplicate suppression
2025.07.22 10:30:00,LONG,3385.51,3386.88000000,3383.2,3384.40000000,3390.12,3391.83000000,2.0,-1.0000,REJECT_DUPLICATE_CLUSTER,candidate collision / duplicate suppression
2025.07.22 12:30:00,LONG,3385.45,3386.88000000,3384.7,3384.40000000,3386.95,3391.83000000,-1.0,-1.0000,REJECT_DUPLICATE_CLUSTER,candidate collision / duplicate suppression
2025.07.22 12:40:00,LONG,3385.86,3386.88000000,3384.53,3384.40000000,3388.52,3391.83000000,2.0,-1.0000,REJECT_DUPLICATE_CLUSTER,candidate collision / duplicate suppression
2025.07.22 15:45:00,SHORT,3401.84,3401.85000000,3406.02,3406.02000000,3393.48,3393.51000000,-1.0,-1.0000,EXECUTED,next-tick executable entry; spread; broker target normalization
2025.07.23 08:50:00,LONG,3419.35,3419.43000000,3416.33,3416.33000000,3425.39,3425.63000000,2.0,2.0000,EXECUTED,next-tick executable entry; spread; broker target normalization
2025.07.24 09:20:00,LONG,3375.09,3375.20000000,3374.2,3374.20000000,3376.88,3377.21000000,-1.0,-1.0000,EXECUTED,next-tick executable entry; spread; broker target normalization
2025.07.24 09:30:00,LONG,3375.52,3375.20000000,3369.86,3374.20000000,3386.83,3377.21000000,-1.0,-1.0000,REJECT_DUPLICATE_CLUSTER,candidate collision / duplicate suppression
2025.07.24 17:35:00,LONG,3376.84,3375.20000000,3371.57,3374.20000000,3387.38,3377.21000000,-1.0,-1.0000,REJECT_DUPLICATE_CLUSTER,candidate collision / duplicate suppression
2025.07.25 08:55:00,LONG,3358.7,3358.85000000,3355.2,3355.20000000,3365.7,3366.15000000,-1.0,-1.0000,EXECUTED,next-tick executable entry; spread; broker target normalization
2025.07.25 09:40:00,LONG,3358.81,3358.85000000,3354.71,3355.20000000,3367.01,3366.15000000,-1.0,-1.0000,REJECT_DUPLICATE_CLUSTER,candidate collision / duplicate suppression
2025.07.28 09:05:00,SHORT,3342.67,3342.68000000,3345.33,3345.33000000,3337.34,3337.37000000,2.0,2.0038,EXECUTED,next-tick executable entry; spread; broker target normalization
2025.07.28 22:50:00,LONG,3318.61,3318.74000000,3315.35,3315.35000000,3325.12,3325.51000000,-1.0,-1.0000,EXECUTED,next-tick executable entry; spread; broker target normalization
2025.07.29 09:30:00,SHORT,3319.37,3319.39000000,3321.6,3321.60000000,3314.92,3314.98000000,-1.0,-1.0000,EXECUTED,next-tick executable entry; spread; broker target normalization
2025.07.29 09:55:00,SHORT,3316.98,3319.39000000,3322.56,3321.60000000,3305.82,3314.98000000,-1.0,-1.0000,REJECT_DUPLICATE_CLUSTER,candidate collision / duplicate suppression
2025.07.29 14:00:00,SHORT,3320.21,3319.39000000,3324.37,3321.60000000,3311.9,3314.98000000,-1.0,-1.0000,REJECT_DUPLICATE_CLUSTER,candidate collision / duplicate suppression
2025.07.29 16:30:00,SHORT,3315.3,3319.39000000,3324.24,3321.60000000,3297.42,3314.98000000,-1.0,-1.0000,REJECT_DUPLICATE_CLUSTER,candidate collision / duplicate suppression
2025.07.29 18:50:00,SHORT,3320.36,3319.39000000,3325.32,3321.60000000,3310.44,3314.98000000,-1.0,-1.0000,REJECT_DUPLICATE_CLUSTER,candidate collision / duplicate suppression
2025.07.30 13:00:00,SHORT,3331.87,3332.16000000,3334.15,3334.15000000,3327.31,3328.18000000,2.0,2.0000,EXECUTED,next-tick executable entry; spread; broker target normalization
2025.07.31 08:05:00,SHORT,3297.39,3297.33000000,3299.26,3299.26000000,3293.65,3293.47000000,-1.0,-1.0000,EXECUTED,next-tick executable entry; spread; broker target normalization
2025.07.31 13:50:00,SHORT,3296.34,3297.33000000,3303.01,3299.26000000,3283.0,3293.47000000,-1.0,-1.0000,REJECT_DUPLICATE_CLUSTER,candidate collision / duplicate suppression
2025.07.31 17:15:00,SHORT,3297.65,3297.33000000,3303.24,3299.26000000,3286.46,3293.47000000,2.0,-1.0000,REJECT_DUPLICATE_CLUSTER,candidate collision / duplicate suppression
2025.08.01 08:55:00,SHORT,3296.72,3296.64000000,3300.49,3300.49000000,3289.18,3288.94000000,2.0,2.0000,EXECUTED,next-tick executable entry; spread; broker target normalization
2025.08.01 13:40:00,SHORT,3295.87,3296.64000000,3298.03,3300.49000000,3291.56,3288.94000000,-1.0,2.0000,REJECT_DUPLICATE_CLUSTER,candidate collision / duplicate suppression
2025.08.04 15:10:00,SHORT,3367.09,3367.08000000,3371.61,3371.61000000,3358.05,3358.02000000,-1.0,-1.0000,EXECUTED,next-tick executable entry; spread; broker target normalization
2025.08.05 08:35:00,LONG,3371.86,3371.97000000,3368.87,3368.87000000,3377.84,3378.17000000,-1.0,-1.0000,EXECUTED,next-tick executable entry; spread; broker target normalization
2025.08.05 10:20:00,LONG,3373.6,3371.97000000,3368.6,3368.87000000,3383.6,3378.17000000,-1.0,-1.0000,REJECT_DUPLICATE_CLUSTER,candidate collision / duplicate suppression
2025.08.05 16:30:00,LONG,3375.96,3371.97000000,3368.47,3368.87000000,3390.94,3378.17000000,-1.0,-1.0000,REJECT_DUPLICATE_CLUSTER,candidate collision / duplicate suppression
2025.08.06 16:50:00,LONG,3373.07,3372.97000000,3365.48,3370.66000000,3388.25,3377.59000000,-1.0,2.0000,REJECT_DUPLICATE_CLUSTER,candidate collision / duplicate suppression
2025.08.07 11:10:00,SHORT,3381.41,3381.44000000,3396.76,3396.76000000,3350.71,3350.80000000,-1.0,-1.0000,EXECUTED,next-tick executable entry; spread; broker target normalization
2025.08.08 14:30:00,LONG,3387.07,3387.09000000,3380.25,3380.25000000,3400.7,3400.76000000,2.0,1.9985,EXECUTED,next-tick executable entry; spread; broker target normalization
2025.08.08 21:05:00,LONG,3400.09,3387.09000000,3376.19,3380.25000000,3447.89,3400.76000000,-1.0,1.9985,REJECT_DUPLICATE_CLUSTER,candidate collision / duplicate suppression
2025.08.11 09:45:00,LONG,3368.21,3368.34000000,3363.62,3363.62000000,3377.4,3377.79000000,-1.0,-1.0000,EXECUTED,next-tick executable entry; spread; broker target normalization
2025.08.12 10:40:00,SHORT,3355.49,3355.48000000,3358.29,3358.29000000,3349.89,3349.86000000,2.0,2.0000,EXECUTED,next-tick executable entry; spread; broker target normalization
2025.08.12 14:25:00,LONG,3343.11,3343.23000000,3339.42,3339.42000000,3350.5,3350.86000000,-1.0,-1.0000,EXECUTED,next-tick executable entry; spread; broker target normalization
2025.08.12 14:35:00,LONG,3343.16,3343.23000000,3335.92,3339.42000000,3357.65,3350.86000000,2.0,-1.0000,REJECT_DUPLICATE_CLUSTER,candidate collision / duplicate suppression
2025.08.12 16:45:00,LONG,3350.83,3343.23000000,3339.77,3339.42000000,3372.94,3350.86000000,-1.0,-1.0000,REJECT_DUPLICATE_CLUSTER,candidate collision / duplicate suppression
2025.08.12 18:10:00,LONG,3343.05,3343.23000000,3332.59,3339.42000000,3363.97,3350.86000000,2.0,-1.0000,REJECT_DUPLICATE_CLUSTER,candidate collision / duplicate suppression
2025.08.13 20:50:00,SHORT,3353.83,3354.15000000,3358.67,3356.67000000,3344.15,3349.11000000,-1.0,-1.0000,REJECT_DUPLICATE_CLUSTER,candidate collision / duplicate suppression
2025.08.14 12:15:00,LONG,3357.64,3357.81000000,3348.94,3348.94000000,3375.04,3375.55000000,-1.0,-1.0000,EXECUTED,next-tick executable entry; spread; broker target normalization
2025.08.15 08:10:00,SHORT,3346.02,3346.00000000,3348.75,3348.75000000,3340.55,3340.49000000,2.0,2.0036,EXECUTED,next-tick executable entry; spread; broker target normalization
2025.08.15 11:05:00,SHORT,3344.38,3346.00000000,3348.4,3348.75000000,3336.35,3340.49000000,2.0,2.0036,REJECT_DUPLICATE_CLUSTER,candidate collision / duplicate suppression
2025.08.19 14:25:00,SHORT,3341.73,3341.74000000,3344.69,3344.69000000,3335.8,3335.83000000,2.0,2.0034,EXECUTED,next-tick executable entry; spread; broker target normalization
2025.08.20 08:40:00,SHORT,3320.31,3320.34000000,3321.44,3321.44000000,3318.05,3318.14000000,-1.0,-1.0000,EXECUTED,next-tick executable entry; spread; broker target normalization
2025.08.21 08:15:00,LONG,3339.2,3339.35000000,3336.98,3336.98000000,3343.64,3344.10000000,-1.0,-1.0000,EXECUTED,next-tick executable entry; spread; broker target normalization
2025.08.21 10:10:00,LONG,3338.81,3339.35000000,3335.93,3336.98000000,3344.58,3344.10000000,-1.0,-1.0000,REJECT_DUPLICATE_CLUSTER,candidate collision / duplicate suppression
2025.08.21 15:05:00,LONG,3341.06,3339.35000000,3332.68,3336.98000000,3357.82,3344.10000000,-1.0,-1.0000,REJECT_DUPLICATE_CLUSTER,candidate collision / duplicate suppression
2025.08.22 08:15:00,LONG,3328.29,3328.38000000,3327.73,3327.73000000,3329.41,3329.68000000,-1.0,-1.0000,EXECUTED,next-tick executable entry; spread; broker target normalization
2025.08.22 08:25:00,LONG,3329.66,3328.38000000,3327.2,3327.73000000,3334.58,3329.68000000,-1.0,-1.0000,REJECT_DUPLICATE_CLUSTER,candidate collision / duplicate suppression
2025.08.22 09:50:00,LONG,3328.3,3328.38000000,3325.67,3327.73000000,3333.56,3329.68000000,2.0,-1.0000,REJECT_DUPLICATE_CLUSTER,candidate collision / duplicate suppression
2025.08.22 11:00:00,LONG,3328.27,3328.38000000,3326.09,3327.73000000,3332.63,3329.68000000,-1.0,-1.0000,REJECT_DUPLICATE_CLUSTER,candidate collision / duplicate suppression
2025.08.22 11:10:00,LONG,3328.62,3328.38000000,3325.89,3327.73000000,3334.08,3329.68000000,-1.0,-1.0000,REJECT_DUPLICATE_CLUSTER,candidate collision / duplicate suppression
2025.08.22 11:20:00,LONG,3328.13,3328.38000000,3325.28,3327.73000000,3333.83,3329.68000000,-1.0,-1.0000,REJECT_DUPLICATE_CLUSTER,candidate collision / duplicate suppression
2025.08.22 15:15:00,LONG,3329.86,3328.38000000,3325.02,3327.73000000,3339.54,3329.68000000,-1.0,-1.0000,REJECT_DUPLICATE_CLUSTER,candidate collision / duplicate suppression
2025.08.22 16:25:00,LONG,3328.75,3328.38000000,3324.23,3327.73000000,3337.78,3329.68000000,2.0,-1.0000,REJECT_DUPLICATE_CLUSTER,candidate collision / duplicate suppression
2025.08.25 17:05:00,SHORT,3371.13,3371.12000000,3373.11,3373.11000000,3367.18,3367.15000000,-1.0,-1.0000,EXECUTED,next-tick executable entry; spread; broker target normalization
2025.08.25 17:25:00,SHORT,3371.06,3371.12000000,3374.33,3373.11000000,3364.53,3367.15000000,-1.0,-1.0000,REJECT_DUPLICATE_CLUSTER,candidate collision / duplicate suppression
2025.08.25 20:30:00,SHORT,3371.83,3371.12000000,3374.39,3373.11000000,3366.72,3367.15000000,2.0,-1.0000,REJECT_DUPLICATE_CLUSTER,candidate collision / duplicate suppression
2025.08.26 19:05:00,SHORT,3385.19,3385.19000000,3389.52,3389.52000000,3376.54,3376.54000000,-1.0,-1.0000,EXECUTED,next-tick executable entry; spread; broker target normalization
2025.08.27 21:05:00,SHORT,3392.48,3392.47000000,3395.9,3395.90000000,3385.63,3385.60000000,-1.0,-1.0000,EXECUTED,next-tick executable entry; spread; broker target normalization
2025.08.28 11:40:00,SHORT,3398.53,3398.54000000,3400.24,3400.24000000,3395.12,3395.15000000,-1.0,-1.0000,EXECUTED,next-tick executable entry; spread; broker target normalization
2025.08.28 12:55:00,SHORT,3399.27,3398.54000000,3400.36,3400.24000000,3397.1,3395.15000000,2.0,-1.0000,REJECT_DUPLICATE_CLUSTER,candidate collision / duplicate suppression
2025.08.28 13:00:00,SHORT,3396.24,3398.54000000,3400.34,3400.24000000,3388.03,3395.15000000,-1.0,-1.0000,REJECT_DUPLICATE_CLUSTER,candidate collision / duplicate suppression
2025.08.28 15:55:00,SHORT,3397.19,3398.54000000,3404.64,3400.24000000,3382.29,3395.15000000,-1.0,-1.0000,REJECT_DUPLICATE_CLUSTER,candidate collision / duplicate suppression
2025.08.29 08:20:00,LONG,3407.65,3407.74000000,3406.93,3406.93000000,3409.09,3409.36000000,2.0,2.0000,EXECUTED,next-tick executable entry; spread; broker target normalization
2025.08.29 10:35:00,LONG,3408.0,3407.74000000,3406.5,3406.93000000,3411.01,3409.36000000,2.0,2.0000,REJECT_DUPLICATE_CLUSTER,candidate collision / duplicate suppression
2025.08.29 12:40:00,LONG,3408.08,3407.74000000,3406.94,3406.93000000,3410.35,3409.36000000,-1.0,2.0000,REJECT_DUPLICATE_CLUSTER,candidate collision / duplicate suppression
2025.08.29 14:30:00,LONG,3408.33,3407.74000000,3404.95,3406.93000000,3415.09,3409.36000000,2.0,2.0000,REJECT_DUPLICATE_CLUSTER,candidate collision / duplicate suppression
2025.08.29 16:15:00,SHORT,3418.25,3418.27000000,3420.44,3420.44000000,3413.87,3413.93000000,-1.0,-1.0000,EXECUTED,next-tick executable entry; spread; broker target normalization
2025.09.01 09:50:00,SHORT,3485.47,3485.50000000,3488.46,3488.46000000,3479.48,3479.57000000,2.0,2.0034,EXECUTED,next-tick executable entry; spread; broker target normalization
2025.09.01 09:55:00,SHORT,3479.34,3485.50000000,3488.08,3488.46000000,3461.86,3479.57000000,-1.0,2.0034,REJECT_DUPLICATE_CLUSTER,candidate collision / duplicate suppression
2025.09.02 10:55:00,LONG,3476.85,3477.00000000,3471.92,3471.92000000,3486.72,3487.17000000,-1.0,-1.0000,EXECUTED,next-tick executable entry; spread; broker target normalization
2025.09.02 11:10:00,LONG,3477.13,3477.00000000,3470.09,3471.92000000,3491.21,3487.17000000,2.0,-1.0000,REJECT_DUPLICATE_CLUSTER,candidate collision / duplicate suppression
2025.09.03 14:15:00,SHORT,3546.01,3546.03000000,3548.12,3548.12000000,3541.8,3541.86000000,-1.0,-1.0000,EXECUTED,next-tick executable entry; spread; broker target normalization
2025.09.03 14:50:00,SHORT,3546.26,3546.03000000,3549.54,3548.12000000,3539.7,3541.86000000,-1.0,-1.0000,REJECT_DUPLICATE_CLUSTER,candidate collision / duplicate suppression
2025.09.05 08:05:00,SHORT,3558.78,3558.79000000,3561.25,3561.25000000,3553.84,3553.87000000,2.0,2.0000,EXECUTED,next-tick executable entry; spread; broker target normalization
2025.09.08 09:45:00,SHORT,3596.54,3596.52000000,3598.97,3598.97000000,3591.68,3591.62000000,-1.0,-1.0000,EXECUTED,next-tick executable entry; spread; broker target normalization
2025.09.09 08:40:00,SHORT,3656.93,3656.91000000,3658.7,3658.70000000,3653.39,3653.33000000,-1.0,-1.0000,EXECUTED,next-tick executable entry; spread; broker target normalization
2025.09.09 08:55:00,SHORT,3655.3,3656.91000000,3659.4,3658.70000000,3647.1,3653.33000000,2.0,-1.0000,REJECT_DUPLICATE_CLUSTER,candidate collision / duplicate suppression
2025.09.09 17:05:00,SHORT,3648.72,3656.91000000,3674.79,3658.70000000,3596.58,3653.33000000,-1.0,-1.0000,REJECT_DUPLICATE_CLUSTER,candidate collision / duplicate suppression
2025.09.16 10:35:00,SHORT,3688.49,3688.47000000,3692.64,3692.64000000,3680.19,3680.13000000,-1.0,-1.0000,EXECUTED,next-tick executable entry; spread; broker target normalization
2025.09.16 15:35:00,SHORT,3688.84,3688.47000000,3693.28,3692.64000000,3679.95,3680.13000000,-1.0,-1.0000,REJECT_DUPLICATE_CLUSTER,candidate collision / duplicate suppression
2025.09.16 17:50:00,SHORT,3688.99,3688.47000000,3696.09,3692.64000000,3674.78,3680.13000000,2.0,-1.0000,REJECT_DUPLICATE_CLUSTER,candidate collision / duplicate suppression
2025.09.17 09:50:00,LONG,3676.53,3676.66000000,3670.75,3670.75000000,3688.08,3688.47000000,-1.0,-1.0000,EXECUTED,next-tick executable entry; spread; broker target normalization
2025.09.17 10:05:00,LONG,3675.03,3676.66000000,3670.3,3670.75000000,3684.48,3688.47000000,-1.0,-1.0000,REJECT_DUPLICATE_CLUSTER,candidate collision / duplicate suppression
2025.09.17 15:40:00,LONG,3674.63,3676.66000000,3669.72,3670.75000000,3684.44,3688.47000000,2.0,-1.0000,REJECT_DUPLICATE_CLUSTER,candidate collision / duplicate suppression
2025.09.17 21:05:00,LONG,3705.25,3676.66000000,3651.16,3670.75000000,3813.43,3688.47000000,-1.0,-1.0000,REJECT_DUPLICATE_CLUSTER,candidate collision / duplicate suppression
2025.09.18 10:35:00,LONG,3652.66,3652.79000000,3646.48,3646.48000000,3665.02,3665.41000000,2.0,2.0000,EXECUTED,next-tick executable entry; spread; broker target normalization
2025.09.18 12:35:00,SHORT,3671.67,3671.66000000,3673.09,3673.09000000,3668.82,3668.79000000,2.0,2.0070,EXECUTED,next-tick executable entry; spread; broker target normalization
2025.09.18 13:05:00,SHORT,3668.87,3671.66000000,3672.57,3673.09000000,3661.47,3668.79000000,2.0,2.0070,REJECT_DUPLICATE_CLUSTER,candidate collision / duplicate suppression
2025.09.19 08:10:00,SHORT,3657.84,3657.82000000,3661.34,3661.34000000,3650.83,3650.77000000,2.0,2.0028,EXECUTED,next-tick executable entry; spread; broker target normalization
2025.09.19 17:15:00,SHORT,3657.61,3657.82000000,3664.49,3661.34000000,3643.84,3650.77000000,-1.0,2.0028,REJECT_DUPLICATE_CLUSTER,candidate collision / duplicate suppression
2025.09.22 08:25:00,SHORT,3696.36,3696.28000000,3697.95,3697.95000000,3693.17,3692.93000000,-1.0,-1.0000,EXECUTED,next-tick executable entry; spread; broker target normalization
2025.09.22 08:55:00,SHORT,3697.05,3696.28000000,3700.54,3697.95000000,3690.06,3692.93000000,-1.0,-1.0000,REJECT_DUPLICATE_CLUSTER,candidate collision / duplicate suppression
2025.09.23 21:55:00,SHORT,3756.72,3756.59000000,3778.69,3778.69000000,3712.78,3712.39000000,-1.0,-1.0000,EXECUTED,next-tick executable entry; spread; broker target normalization
2025.09.24 11:25:00,SHORT,3770.48,3770.46000000,3774.64,3774.64000000,3762.15,3762.09000000,2.0,2.0024,EXECUTED,next-tick executable entry; spread; broker target normalization
2025.09.24 16:25:00,SHORT,3767.47,3770.46000000,3773.26,3774.64000000,3755.9,3762.09000000,2.0,2.0024,REJECT_DUPLICATE_CLUSTER,candidate collision / duplicate suppression
2025.09.24 17:55:00,LONG,3752.7,3752.86000000,3749.03,3749.03000000,3760.05,3760.53000000,-1.0,-1.0000,EXECUTED,next-tick executable entry; spread; broker target normalization
2025.09.25 10:40:00,SHORT,3751.37,3751.38000000,3752.5,3752.50000000,3749.11,3749.14000000,-1.0,-1.0000,EXECUTED,next-tick executable entry; spread; broker target normalization
2025.09.25 12:25:00,SHORT,3750.81,3751.38000000,3757.07,3752.50000000,3738.3,3749.14000000,-1.0,-1.0000,REJECT_DUPLICATE_CLUSTER,candidate collision / duplicate suppression
2025.09.25 14:00:00,SHORT,3750.31,3751.38000000,3759.5,3752.50000000,3731.92,3749.14000000,2.0,-1.0000,REJECT_DUPLICATE_CLUSTER,candidate collision / duplicate suppression
2025.09.25 16:55:00,LONG,3733.8,3733.85000000,3721.54,3721.54000000,3758.32,3758.47000000,2.0,1.3599,EXECUTED,next-tick executable entry; spread; broker target normalization
2025.09.29 08:10:00,SHORT,3806.39,3806.40000000,3812.31,3812.31000000,3794.55,3794.58000000,-1.0,-1.0000,EXECUTED,next-tick executable entry; spread; broker target normalization
2025.09.29 10:45:00,SHORT,3806.97,3806.40000000,3815.86,3812.31000000,3789.19,3794.58000000,-1.0,-1.0000,REJECT_DUPLICATE_CLUSTER,candidate collision / duplicate suppression
2025.09.29 12:45:00,SHORT,3808.26,3806.40000000,3812.08,3812.31000000,3800.63,3794.58000000,-1.0,-1.0000,REJECT_DUPLICATE_CLUSTER,candidate collision / duplicate suppression
2025.09.30 08:05:00,SHORT,3864.33,3864.36000000,3870.13,3870.13000000,3852.72,3852.81000000,-1.0,-1.0000,EXECUTED,next-tick executable entry; spread; broker target normalization
2025.09.30 09:10:00,SHORT,3866.66,3864.36000000,3871.84,3870.13000000,3856.3,3852.81000000,2.0,-1.0000,REJECT_DUPLICATE_CLUSTER,candidate collision / duplicate suppression
2025.09.30 16:45:00,LONG,3829.02,3829.17000000,3817.44,3817.44000000,3852.18,3852.63000000,2.0,2.0000,EXECUTED,next-tick executable entry; spread; broker target normalization
2025.10.01 09:25:00,LONG,3861.85,3861.98000000,3853.21,3853.21000000,3879.13,3879.52000000,2.0,2.0000,EXECUTED,next-tick executable entry; spread; broker target normalization
2025.10.01 15:40:00,SHORT,3875.24,3875.17000000,3883.13,3883.13000000,3859.46,3859.25000000,2.0,2.0000,EXECUTED,next-tick executable entry; spread; broker target normalization
2025.10.01 17:45:00,SHORT,3866.54,3875.17000000,3879.1,3883.13000000,3841.43,3859.25000000,-1.0,2.0000,REJECT_DUPLICATE_CLUSTER,candidate collision / duplicate suppression
2025.10.02 17:15:00,SHORT,3866.52,3867.24000000,3876.95,3871.55000000,3845.66,3858.63000000,2.0,-1.0000,REJECT_DUPLICATE_CLUSTER,candidate collision / duplicate suppression
2025.10.02 22:00:00,LONG,3856.39,3856.51000000,3850.3,3850.30000000,3868.56,3868.92000000,-1.0,-1.0000,EXECUTED,next-tick executable entry; spread; broker target normalization
2025.10.03 10:45:00,SHORT,3862.94,3862.95000000,3865.4,3865.40000000,3858.03,3858.06000000,-1.0,-1.0000,EXECUTED,next-tick executable entry; spread; broker target normalization
2025.10.03 11:05:00,SHORT,3863.54,3862.95000000,3865.74,3865.40000000,3859.15,3858.06000000,2.0,-1.0000,REJECT_DUPLICATE_CLUSTER,candidate collision / duplicate suppression
2025.10.03 13:20:00,SHORT,3862.7,3862.95000000,3866.45,3865.40000000,3855.19,3858.06000000,-1.0,-1.0000,REJECT_DUPLICATE_CLUSTER,candidate collision / duplicate suppression
2025.10.03 14:10:00,SHORT,3862.37,3862.95000000,3867.66,3865.40000000,3851.78,3858.06000000,-1.0,-1.0000,REJECT_DUPLICATE_CLUSTER,candidate collision / duplicate suppression
2025.10.06 08:15:00,SHORT,3933.36,3933.38000000,3945.46,3945.46000000,3909.17,3909.23000000,-1.0,-1.0000,EXECUTED,next-tick executable entry; spread; broker target normalization
2025.10.06 11:30:00,SHORT,3938.94,3933.38000000,3946.49,3945.46000000,3923.84,3909.23000000,-1.0,-1.0000,REJECT_DUPLICATE_CLUSTER,candidate collision / duplicate suppression
2025.10.06 12:20:00,SHORT,3940.08,3933.38000000,3943.92,3945.46000000,3932.4,3909.23000000,-1.0,-1.0000,REJECT_DUPLICATE_CLUSTER,candidate collision / duplicate suppression
2025.10.06 12:40:00,SHORT,3938.72,3933.38000000,3944.66,3945.46000000,3926.84,3909.23000000,-1.0,-1.0000,REJECT_DUPLICATE_CLUSTER,candidate collision / duplicate suppression
2025.10.06 14:05:00,SHORT,3938.18,3933.38000000,3944.25,3945.46000000,3926.04,3909.23000000,-1.0,-1.0000,REJECT_DUPLICATE_CLUSTER,candidate collision / duplicate suppression
2025.10.07 12:10:00,LONG,3958.79,3958.93000000,3950.92,3950.92000000,3974.52,3974.94000000,2.0,1.9988,EXECUTED,next-tick executable entry; spread; broker target normalization
2025.10.07 16:30:00,SHORT,3974.19,3974.29000000,3983.58,3983.58000000,3955.41,3955.71000000,-1.0,-1.0000,EXECUTED,next-tick executable entry; spread; broker target normalization
2025.10.07 18:35:00,SHORT,3977.23,3974.29000000,3985.77,3983.58000000,3960.15,3955.71000000,-1.0,-1.0000,REJECT_DUPLICATE_CLUSTER,candidate collision / duplicate suppression
2025.10.07 21:00:00,SHORT,3974.79,3974.29000000,3985.65,3983.58000000,3953.07,3955.71000000,-1.0,-1.0000,REJECT_DUPLICATE_CLUSTER,candidate collision / duplicate suppression
2025.10.08 09:15:00,SHORT,4023.18,4023.20000000,4033.12,4033.12000000,4003.3,4003.36000000,-1.0,-1.0000,EXECUTED,next-tick executable entry; spread; broker target normalization
2025.10.09 08:35:00,SHORT,4037.8,4037.50000000,4043.89,4043.89000000,4025.62,4024.72000000,2.0,2.0000,EXECUTED,next-tick executable entry; spread; broker target normalization
2025.10.09 12:05:00,SHORT,4036.69,4037.50000000,4042.19,4043.89000000,4025.69,4024.72000000,-1.0,2.0000,REJECT_DUPLICATE_CLUSTER,candidate collision / duplicate suppression
2025.10.09 14:00:00,SHORT,4040.61,4037.50000000,4046.92,4043.89000000,4028.0,4024.72000000,-1.0,2.0000,REJECT_DUPLICATE_CLUSTER,candidate collision / duplicate suppression
2025.10.09 16:40:00,SHORT,4031.38,4037.50000000,4057.04,4043.89000000,3980.06,4024.72000000,2.0,2.0000,REJECT_DUPLICATE_CLUSTER,candidate collision / duplicate suppression
2025.10.10 12:15:00,SHORT,3992.06,3992.06000000,4001.89,4001.89000000,3972.39,3972.39000000,-1.0,-1.0000,EXECUTED,next-tick executable entry; spread; broker target normalization
2025.10.10 13:10:00,SHORT,3992.89,3992.06000000,4003.94,4001.89000000,3970.79,3972.39000000,2.0,-1.0000,REJECT_DUPLICATE_CLUSTER,candidate collision / duplicate suppression
2025.10.10 19:05:00,SHORT,3990.33,3992.06000000,4007.37,4001.89000000,3956.25,3972.39000000,-1.0,-1.0000,REJECT_DUPLICATE_CLUSTER,candidate collision / duplicate suppression
2025.10.14 08:35:00,SHORT,4140.95,4140.96000000,4179.89,4179.89000000,4063.07,4063.10000000,-1.0,0.6884,EXECUTED,next-tick executable entry; spread; broker target normalization
2025.10.15 08:30:00,SHORT,4186.82,4187.23000000,4193.94,4193.94000000,4172.57,4173.80000000,-1.0,-1.0000,EXECUTED,next-tick executable entry; spread; broker target normalization
2025.10.15 12:20:00,SHORT,4184.43,4187.23000000,4208.45,4193.94000000,4136.4,4173.80000000,-1.0,-1.0000,REJECT_DUPLICATE_CLUSTER,candidate collision / duplicate suppression
2025.10.15 18:45:00,SHORT,4190.26,4187.23000000,4198.71,4193.94000000,4173.35,4173.80000000,-1.0,-1.0000,REJECT_DUPLICATE_CLUSTER,candidate collision / duplicate suppression
2025.10.15 20:10:00,SHORT,4185.58,4187.23000000,4199.96,4193.94000000,4156.81,4173.80000000,-1.0,-1.0000,REJECT_DUPLICATE_CLUSTER,candidate collision / duplicate suppression
2025.10.16 13:05:00,SHORT,4238.08,4238.07000000,4243.29,4243.29000000,4227.67,4227.64000000,-1.0,-1.0000,EXECUTED,next-tick executable entry; spread; broker target normalization
2025.10.16 14:00:00,SHORT,4240.04,4238.07000000,4246.56,4243.29000000,4227.01,4227.64000000,-1.0,-1.0000,REJECT_DUPLICATE_CLUSTER,candidate collision / duplicate suppression
2025.10.16 14:55:00,SHORT,4240.74,4238.07000000,4247.83,4243.29000000,4226.55,4227.64000000,-1.0,-1.0000,REJECT_DUPLICATE_CLUSTER,candidate collision / duplicate suppression
2025.10.16 15:35:00,SHORT,4237.68,4238.07000000,4251.44,4243.29000000,4210.15,4227.64000000,-1.0,-1.0000,REJECT_DUPLICATE_CLUSTER,candidate collision / duplicate suppression
2025.10.17 16:40:00,LONG,4286.09,4286.28000000,4257.78,4257.78000000,4342.71,4343.28000000,-1.0,-1.0000,EXECUTED,next-tick executable entry; spread; broker target normalization
2025.10.21 09:40:00,LONG,4337.45,4337.65000000,4321.85,4321.85000000,4368.65,4369.25000000,-1.0,-1.0000,EXECUTED,next-tick executable entry; spread; broker target normalization
2025.10.22 08:25:00,SHORT,4140.62,4140.76000000,4147.36,4147.37000000,4127.13,4127.55000000,-1.0,-1.0000,EXECUTED,next-tick executable entry; spread; broker target normalization
2025.10.22 10:00:00,SHORT,4142.05,4140.76000000,4161.61,4147.37000000,4102.93,4127.55000000,2.0,-1.0000,REJECT_DUPLICATE_CLUSTER,candidate collision / duplicate suppression
2025.10.23 09:35:00,SHORT,4113.48,4113.45000000,4128.09,4128.09000000,4084.25,4084.16000000,-1.0,-1.0000,EXECUTED,next-tick executable entry; spread; broker target normalization
2025.10.23 23:00:00,SHORT,4115.64,4113.45000000,4122.04,4128.09000000,4102.83,4084.16000000,-1.0,-1.0000,REJECT_DUPLICATE_CLUSTER,candidate collision / duplicate suppression
2025.10.24 16:05:00,LONG,4110.83,4110.85000000,4078.71,4078.71000000,4175.07,4175.13000000,-1.0,-1.0000,EXECUTED,next-tick executable entry; spread; broker target normalization
2025.10.28 08:45:00,LONG,3965.41,3965.54000000,3958.71,3958.71000000,3978.81,3979.20000000,-1.0,-1.0000,EXECUTED,next-tick executable entry; spread; broker target normalization
2025.10.28 18:45:00,LONG,3966.08,3965.54000000,3956.28,3958.71000000,3985.67,3979.20000000,-1.0,-1.0000,REJECT_DUPLICATE_CLUSTER,candidate collision / duplicate suppression
2025.10.28 20:05:00,LONG,3965.49,3965.54000000,3956.23,3958.71000000,3984.02,3979.20000000,-1.0,-1.0000,REJECT_DUPLICATE_CLUSTER,candidate collision / duplicate suppression
2025.10.29 09:50:00,SHORT,3979.88,3979.75000000,3985.32,3985.32000000,3969.0,3968.61000000,-1.0,-1.0000,EXECUTED,next-tick executable entry; spread; broker target normalization
2025.10.29 21:20:00,SHORT,3981.4,3979.75000000,3989.99,3985.32000000,3964.22,3968.61000000,2.0,-1.0000,REJECT_DUPLICATE_CLUSTER,candidate collision / duplicate suppression
2025.10.29 21:35:00,SHORT,3951.76,3979.75000000,3989.81,3985.32000000,3875.66,3968.61000000,-1.0,-1.0000,REJECT_DUPLICATE_CLUSTER,candidate collision / duplicate suppression
2025.10.30 13:30:00,SHORT,3979.9,3979.86000000,3991.06,3991.06000000,3957.58,3957.46000000,-1.0,-1.0000,EXECUTED,next-tick executable entry; spread; broker target normalization
2025.10.31 20:40:00,LONG,3998.51,3998.74000000,3980.38,3980.38000000,4034.77,4035.46000000,-1.0,-1.0000,EXECUTED,next-tick executable entry; spread; broker target normalization
2025.11.03 09:10:00,SHORT,4015.46,4015.45000000,4023.83,4023.83000000,3998.71,3998.68000000,-1.0,-1.0000,EXECUTED,next-tick executable entry; spread; broker target normalization
2025.11.03 10:20:00,SHORT,4016.58,4015.45000000,4027.2,4023.83000000,3995.33,3998.68000000,2.0,-1.0000,REJECT_DUPLICATE_CLUSTER,candidate collision / duplicate suppression
2025.11.03 15:25:00,SHORT,4014.45,4015.45000000,4019.84,4023.83000000,4003.68,3998.68000000,-1.0,-1.0000,REJECT_DUPLICATE_CLUSTER,candidate collision / duplicate suppression
2025.11.03 15:40:00,SHORT,4017.33,4015.45000000,4020.83,4023.83000000,4010.34,3998.68000000,2.0,-1.0000,REJECT_DUPLICATE_CLUSTER,candidate collision / duplicate suppression
2025.11.03 16:25:00,SHORT,4010.09,4015.45000000,4020.66,4023.83000000,3988.96,3998.68000000,-1.0,-1.0000,REJECT_DUPLICATE_CLUSTER,candidate collision / duplicate suppression
2025.11.03 17:20:00,SHORT,4018.24,4015.45000000,4029.01,4023.83000000,3996.7,3998.68000000,2.0,-1.0000,REJECT_DUPLICATE_CLUSTER,candidate collision / duplicate suppression
2025.11.04 08:10:00,LONG,3974.55,3974.79000000,3966.52,3966.52000000,3990.62,3991.34000000,2.0,2.0012,EXECUTED,next-tick executable entry; spread; broker target normalization
2025.11.04 15:55:00,LONG,3975.69,3974.79000000,3971.59,3966.52000000,3983.88,3991.34000000,-1.0,2.0012,REJECT_DUPLICATE_CLUSTER,candidate collision / duplicate suppression
2025.11.04 16:10:00,LONG,3975.74,3974.79000000,3963.62,3966.52000000,3999.98,3991.34000000,-1.0,2.0012,REJECT_DUPLICATE_CLUSTER,candidate collision / duplicate suppression
2025.11.04 18:20:00,LONG,3974.47,3974.79000000,3963.23,3966.52000000,3996.95,3991.34000000,-1.0,2.0012,REJECT_DUPLICATE_CLUSTER,candidate collision / duplicate suppression
2025.11.05 11:10:00,SHORT,3975.49,3975.51000000,3983.77,3983.77000000,3958.94,3959.00000000,2.0,1.9988,EXECUTED,next-tick executable entry; spread; broker target normalization
2025.11.05 15:55:00,SHORT,3975.82,3975.51000000,3979.98,3983.77000000,3967.5,3959.00000000,-1.0,1.9988,REJECT_DUPLICATE_CLUSTER,candidate collision / duplicate suppression
2025.11.05 16:40:00,SHORT,3976.24,3975.51000000,3985.77,3983.77000000,3957.17,3959.00000000,-1.0,1.9988,REJECT_DUPLICATE_CLUSTER,candidate collision / duplicate suppression
2025.11.06 17:00:00,SHORT,3979.51,3979.48000000,3999.74,3999.74000000,3939.05,3938.96000000,-1.0,-1.0000,EXECUTED,next-tick executable entry; spread; broker target normalization
2025.11.07 13:20:00,SHORT,4002.45,4002.47000000,4011.95,4011.95000000,3983.44,3983.50000000,-1.0,-1.0000,EXECUTED,next-tick executable entry; spread; broker target normalization
2025.11.07 19:05:00,SHORT,4000.86,4002.47000000,4014.22,4011.95000000,3974.15,3983.50000000,-1.0,-1.0000,REJECT_DUPLICATE_CLUSTER,candidate collision / duplicate suppression
2025.11.10 08:10:00,SHORT,4067.77,4067.78000000,4071.16,4071.16000000,4060.98,4061.01000000,-1.0,-1.0000,EXECUTED,next-tick executable entry; spread; broker target normalization
2025.11.11 19:10:00,LONG,4115.85,4116.03000000,4112.66,4112.66000000,4122.22,4122.76000000,-1.0,-1.0000,EXECUTED,next-tick executable entry; spread; broker target normalization
2025.11.11 20:00:00,LONG,4115.23,4116.03000000,4110.59,4112.66000000,4124.51,4122.76000000,-1.0,-1.0000,REJECT_DUPLICATE_CLUSTER,candidate collision / duplicate suppression
2025.11.11 21:00:00,LONG,4114.87,4116.03000000,4108.53,4112.66000000,4127.56,4122.76000000,2.0,-1.0000,REJECT_DUPLICATE_CLUSTER,candidate collision / duplicate suppression
2025.11.13 16:05:00,SHORT,4216.26,4216.32000000,4232.69,4232.69000000,4183.39,4183.57000000,2.0,2.0006,EXECUTED,next-tick executable entry; spread; broker target normalization
2025.11.13 23:05:00,LONG,4179.99,4180.56000000,4160.71,4160.71000000,4218.54,4220.25000000,-1.0,-1.0000,EXECUTED,next-tick executable entry; spread; broker target normalization
2025.11.14 09:40:00,LONG,4173.79,4174.29000000,4162.24,4162.24000000,4196.89,4198.39000000,-1.0,-1.0000,EXECUTED,next-tick executable entry; spread; broker target normalization
2025.11.14 12:50:00,LONG,4170.46,4174.29000000,4159.2,4162.24000000,4192.97,4198.39000000,-1.0,-1.0000,REJECT_DUPLICATE_CLUSTER,candidate collision / duplicate suppression
2025.11.18 09:15:00,LONG,4008.1,4008.42000000,4002.14,4002.14000000,4020.01,4020.97000000,-1.0,-1.0000,EXECUTED,next-tick executable entry; spread; broker target normalization
2025.11.18 09:35:00,LONG,4005.69,4008.42000000,3997.48,4002.14000000,4022.11,4020.97000000,2.0,-1.0000,REJECT_DUPLICATE_CLUSTER,candidate collision / duplicate suppression
2025.11.18 17:50:00,SHORT,4054.04,4054.02000000,4064.03,4064.03000000,4034.06,4034.00000000,-1.0,-1.0000,EXECUTED,next-tick executable entry; spread; broker target normalization
2025.11.19 08:05:00,SHORT,4096.14,4096.10000000,4098.87,4098.87000000,4090.68,4090.56000000,2.0,2.0000,EXECUTED,next-tick executable entry; spread; broker target normalization
2025.11.19 17:50:00,SHORT,4091.96,4096.10000000,4111.2,4098.87000000,4053.48,4090.56000000,2.0,2.0000,REJECT_DUPLICATE_CLUSTER,candidate collision / duplicate suppression
2025.11.20 10:25:00,LONG,4045.9,4046.40000000,4038.22,4038.22000000,4061.25,4062.75000000,2.0,1.9988,EXECUTED,next-tick executable entry; spread; broker target normalization
2025.11.21 10:25:00,LONG,4042.55,4042.74000000,4033.62,4033.62000000,4060.41,4060.98000000,2.0,2.0000,EXECUTED,next-tick executable entry; spread; broker target normalization
2025.11.21 12:15:00,LONG,4042.2,4042.74000000,4034.96,4033.62000000,4056.67,4060.98000000,-1.0,2.0000,REJECT_DUPLICATE_CLUSTER,candidate collision / duplicate suppression
2025.11.21 13:05:00,LONG,4042.14,4042.74000000,4032.78,4033.62000000,4060.85,4060.98000000,-1.0,2.0000,REJECT_DUPLICATE_CLUSTER,candidate collision / duplicate suppression
2025.11.21 14:05:00,LONG,4044.21,4042.74000000,4034.52,4033.62000000,4063.58,4060.98000000,2.0,2.0000,REJECT_DUPLICATE_CLUSTER,candidate collision / duplicate suppression
2025.11.21 19:10:00,SHORT,4084.54,4084.57000000,4101.64,4101.64000000,4050.33,4050.42000000,2.0,2.0006,EXECUTED,next-tick executable entry; spread; broker target normalization
2025.11.24 15:40:00,SHORT,4077.26,4077.24000000,4086.03,4086.03000000,4059.72,4059.66000000,-1.0,-1.0000,EXECUTED,next-tick executable entry; spread; broker target normalization
2025.11.25 10:40:00,LONG,4127.43,4127.64000000,4120.42,4120.42000000,4141.45,4142.08000000,-1.0,-1.0000,EXECUTED,next-tick executable entry; spread; broker target normalization
2025.11.25 11:05:00,LONG,4123.39,4127.64000000,4111.45,4120.42000000,4147.28,4142.08000000,2.0,-1.0000,REJECT_DUPLICATE_CLUSTER,candidate collision / duplicate suppression
2025.11.25 16:55:00,LONG,4125.13,4127.64000000,4110.74,4120.42000000,4153.9,4142.08000000,2.0,-1.0000,REJECT_DUPLICATE_CLUSTER,candidate collision / duplicate suppression
2025.11.25 19:35:00,SHORT,4152.58,4152.65000000,4159.61,4159.61000000,4138.52,4138.73000000,2.0,2.0000,EXECUTED,next-tick executable entry; spread; broker target normalization
2025.11.26 13:45:00,SHORT,4166.8,4166.82000000,4172.76,4172.76000000,4154.88,4154.94000000,-1.0,-1.0000,EXECUTED,next-tick executable entry; spread; broker target normalization
2025.11.26 14:05:00,SHORT,4168.99,4166.82000000,4173.82,4172.76000000,4159.34,4154.94000000,2.0,-1.0000,REJECT_DUPLICATE_CLUSTER,candidate collision / duplicate suppression
2025.11.26 20:20:00,SHORT,4168.47,4166.82000000,4171.82,4172.76000000,4161.78,4154.94000000,2.0,-1.0000,REJECT_DUPLICATE_CLUSTER,candidate collision / duplicate suppression
2025.11.26 21:25:00,SHORT,4167.54,4166.82000000,4170.24,4172.76000000,4162.13,4154.94000000,2.0,-1.0000,REJECT_DUPLICATE_CLUSTER,candidate collision / duplicate suppression
2025.11.28 10:45:00,LONG,4165.02,4165.83000000,4154.69,4154.69000000,4185.68,4188.11000000,-1.0,-1.0000,EXECUTED,next-tick executable entry; spread; broker target normalization
2025.11.28 11:30:00,LONG,4163.08,4165.83000000,4154.24,4154.69000000,4180.77,4188.11000000,2.0,-1.0000,REJECT_DUPLICATE_CLUSTER,candidate collision / duplicate suppression
2025.11.28 17:10:00,SHORT,4189.53,4189.58000000,4201.45,4201.45000000,4165.69,4165.84000000,-1.0,-1.0000,EXECUTED,next-tick executable entry; spread; broker target normalization
2025.12.01 12:20:00,SHORT,4254.78,4254.90000000,4262.57,4262.57000000,4239.2,4239.56000000,-1.0,-1.0000,EXECUTED,next-tick executable entry; spread; broker target normalization
2025.12.01 15:50:00,SHORT,4252.9,4254.90000000,4264.91,4262.57000000,4228.87,4239.56000000,2.0,-1.0000,REJECT_DUPLICATE_CLUSTER,candidate collision / duplicate suppression
2025.12.02 11:50:00,LONG,4192.76,4192.82000000,4180.44,4180.44000000,4217.4,4217.58000000,2.0,2.0000,EXECUTED,next-tick executable entry; spread; broker target normalization
2025.12.02 19:15:00,LONG,4191.46,4192.82000000,4184.81,4180.44000000,4204.75,4217.58000000,-1.0,2.0000,REJECT_DUPLICATE_CLUSTER,candidate collision / duplicate suppression
2025.12.02 20:55:00,LONG,4190.81,4192.82000000,4185.69,4180.44000000,4201.05,4217.58000000,2.0,2.0000,REJECT_DUPLICATE_CLUSTER,candidate collision / duplicate suppression
2025.12.03 09:35:00,LONG,4206.11,4206.11000000,4199.34,4199.34000000,4219.65,4219.65000000,-1.0,-1.0000,EXECUTED,next-tick executable entry; spread; broker target normalization
2025.12.03 12:25:00,LONG,4202.92,4206.11000000,4197.15,4199.34000000,4214.46,4219.65000000,-1.0,-1.0000,REJECT_DUPLICATE_CLUSTER,candidate collision / duplicate suppression
2025.12.03 13:20:00,LONG,4203.14,4206.11000000,4197.92,4199.34000000,4213.58,4219.65000000,2.0,-1.0000,REJECT_DUPLICATE_CLUSTER,candidate collision / duplicate suppression
2025.12.03 16:05:00,SHORT,4223.61,4223.76000000,4240.86,4240.86000000,4189.11,4189.56000000,-1.0,-1.0000,EXECUTED,next-tick executable entry; spread; broker target normalization
2025.12.03 16:40:00,SHORT,4227.21,4223.76000000,4242.08,4240.86000000,4197.47,4189.56000000,2.0,-1.0000,REJECT_DUPLICATE_CLUSTER,candidate collision / duplicate suppression
2025.12.03 19:00:00,LONG,4206.22,4206.11000000,4195.39,4199.34000000,4227.89,4219.65000000,-1.0,-1.0000,REJECT_DUPLICATE_CLUSTER,candidate collision / duplicate suppression
2025.12.03 21:15:00,LONG,4204.23,4206.11000000,4195.05,4199.34000000,4222.6,4219.65000000,-1.0,-1.0000,REJECT_DUPLICATE_CLUSTER,candidate collision / duplicate suppression
2025.12.04 18:25:00,SHORT,4216.22,4216.16000000,4219.51,4219.51000000,4209.64,4209.46000000,2.0,2.0000,EXECUTED,next-tick executable entry; spread; broker target normalization
2025.12.04 19:55:00,SHORT,4216.49,4216.16000000,4217.69,4219.51000000,4214.09,4209.46000000,2.0,2.0000,REJECT_DUPLICATE_CLUSTER,candidate collision / duplicate suppression
2025.12.04 20:05:00,SHORT,4212.38,4216.16000000,4217.58,4219.51000000,4201.98,4209.46000000,2.0,2.0000,REJECT_DUPLICATE_CLUSTER,candidate collision / duplicate suppression
2025.12.05 10:50:00,SHORT,4221.06,4221.06000000,4224.74,4224.74000000,4213.71,4213.71000000,-1.0,-1.0000,EXECUTED,next-tick executable entry; spread; broker target normalization
2025.12.05 18:10:00,SHORT,4203.36,4221.06000000,4240.21,4224.74000000,4129.67,4213.71000000,-1.0,-1.0000,REJECT_DUPLICATE_CLUSTER,candidate collision / duplicate suppression
2025.12.11 08:05:00,LONG,4209.81,4209.89000000,4204.17,4204.17000000,4221.09,4221.33000000,2.0,2.0000,EXECUTED,next-tick executable entry; spread; broker target normalization
2025.12.11 15:20:00,LONG,4212.05,4209.89000000,4205.18,4204.17000000,4225.78,4221.33000000,2.0,2.0000,REJECT_DUPLICATE_CLUSTER,candidate collision / duplicate suppression
2025.12.12 18:00:00,SHORT,4277.01,4276.95000000,4301.18,4301.18000000,4228.67,4228.49000000,-1.0,-0.0710,EXECUTED,next-tick executable entry; spread; broker target normalization
2025.12.15 08:05:00,SHORT,4340.85,4340.86000000,4345.72,4345.72000000,4331.11,4331.14000000,-1.0,-1.0000,EXECUTED,next-tick executable entry; spread; broker target normalization
2025.12.15 08:25:00,SHORT,4344.04,4340.86000000,4345.91,4345.72000000,4340.3,4331.14000000,-1.0,-1.0000,REJECT_DUPLICATE_CLUSTER,candidate collision / duplicate suppression
2025.12.15 08:50:00,SHORT,4344.24,4340.86000000,4347.88,4345.72000000,4336.95,4331.14000000,2.0,-1.0000,REJECT_DUPLICATE_CLUSTER,candidate collision / duplicate suppression
2025.12.15 11:45:00,SHORT,4344.23,4340.86000000,4350.3,4345.72000000,4332.08,4331.14000000,2.0,-1.0000,REJECT_DUPLICATE_CLUSTER,candidate collision / duplicate suppression
2025.12.15 18:40:00,LONG,4296.46,4296.57000000,4285.01,4285.01000000,4319.35,4319.68000000,-1.0,-1.0000,EXECUTED,next-tick executable entry; spread; broker target normalization
2025.12.16 16:05:00,SHORT,4315.62,4315.52000000,4320.1,4320.10000000,4306.66,4306.36000000,-1.0,-1.0000,EXECUTED,next-tick executable entry; spread; broker target normalization
2025.12.16 17:15:00,SHORT,4316.53,4315.52000000,4334.68,4320.10000000,4280.23,4306.36000000,-1.0,-1.0000,REJECT_DUPLICATE_CLUSTER,candidate collision / duplicate suppression
2025.12.17 16:10:00,SHORT,4327.12,4326.86000000,4346.45,4346.45000000,4288.47,4287.69000000,-1.0,-1.0000,EXECUTED,next-tick executable entry; spread; broker target normalization
2025.12.17 17:35:00,SHORT,4334.58,4326.86000000,4349.62,4346.45000000,4304.5,4287.69000000,-1.0,-1.0000,REJECT_DUPLICATE_CLUSTER,candidate collision / duplicate suppression
2025.12.18 19:05:00,SHORT,4329.79,4329.53000000,4363.93,4363.93000000,4261.51,4260.73000000,-1.0,-1.0000,EXECUTED,next-tick executable entry; spread; broker target normalization
2025.12.22 10:35:00,SHORT,4407.78,4407.81000000,4415.12,4415.12000000,4393.09,4393.18000000,-1.0,-1.0000,EXECUTED,next-tick executable entry; spread; broker target normalization
2025.12.22 12:40:00,SHORT,4409.01,4407.81000000,4413.23,4415.12000000,4400.56,4393.18000000,-1.0,-1.0000,REJECT_DUPLICATE_CLUSTER,candidate collision / duplicate suppression
2025.12.22 14:05:00,SHORT,4408.06,4407.81000000,4413.39,4415.12000000,4397.39,4393.18000000,-1.0,-1.0000,REJECT_DUPLICATE_CLUSTER,candidate collision / duplicate suppression
2025.12.23 17:10:00,LONG,4448.46,4448.53000000,4430.17,4430.17000000,4485.04,4485.25000000,2.0,2.0000,EXECUTED,next-tick executable entry; spread; broker target normalization
2025.12.23 23:00:00,SHORT,4492.51,4492.53000000,4500.36,4500.36000000,4476.81,4476.87000000,-1.0,-1.0000,EXECUTED,next-tick executable entry; spread; broker target normalization
2025.12.24 16:45:00,LONG,4473.43,4473.55000000,4468.77,4468.77000000,4482.74,4483.10000000,-1.0,-1.0000,EXECUTED,next-tick executable entry; spread; broker target normalization
2025.12.24 17:05:00,LONG,4473.38,4473.55000000,4459.71,4468.77000000,4500.72,4483.10000000,-1.0,-1.0000,REJECT_DUPLICATE_CLUSTER,candidate collision / duplicate suppression
2025.12.24 18:35:00,LONG,4475.08,4473.55000000,4466.9,4468.77000000,4491.43,4483.10000000,2.0,-1.0000,REJECT_DUPLICATE_CLUSTER,candidate collision / duplicate suppression
2025.12.26 16:35:00,SHORT,4525.09,4524.94000000,4533.57,4533.57000000,4508.13,4507.68000000,-1.0,-1.0000,EXECUTED,next-tick executable entry; spread; broker target normalization
2025.12.26 19:10:00,SHORT,4526.32,4524.94000000,4537.63,4533.57000000,4503.71,4507.68000000,-1.0,-1.0000,REJECT_DUPLICATE_CLUSTER,candidate collision / duplicate suppression
2025.12.29 09:10:00,LONG,4473.29,4473.48000000,4447.8,4447.80000000,4524.27,4524.84000000,-1.0,-1.0000,EXECUTED,next-tick executable entry; spread; broker target normalization
2025.12.30 09:50:00,SHORT,4374.51,4374.54000000,4383.88,4383.88000000,4355.76,4355.85000000,2.0,2.0011,EXECUTED,next-tick executable entry; spread; broker target normalization
2025.12.30 15:40:00,SHORT,4379.47,4374.54000000,4394.02,4383.88000000,4350.37,4355.85000000,2.0,2.0011,REJECT_DUPLICATE_CLUSTER,candidate collision / duplicate suppression
2025.12.31 08:05:00,LONG,4293.38,4293.45000000,4274.11,4274.11000000,4331.93,4332.14000000,2.0,2.0005,EXECUTED,next-tick executable entry; spread; broker target normalization
2026.01.02 15:20:00,SHORT,4381.42,4381.45000000,4402.8,4402.80000000,4338.66,4338.75000000,2.0,2.0000,EXECUTED,next-tick executable entry; spread; broker target normalization
2026.01.02 18:25:00,LONG,4321.54,4321.77000000,4314.33,4314.33000000,4335.97,4336.66000000,-1.0,-1.0000,EXECUTED,next-tick executable entry; spread; broker target normalization
2026.01.02 21:05:00,LONG,4320.9,4321.77000000,4313.5,4314.33000000,4335.7,4336.66000000,2.0,-1.0000,REJECT_DUPLICATE_CLUSTER,candidate collision / duplicate suppression
2026.01.05 08:30:00,SHORT,4420.56,4420.55000000,4426.7,4426.70000000,4408.28,4408.25000000,-1.0,-1.0000,EXECUTED,next-tick executable entry; spread; broker target normalization
2026.01.05 13:25:00,SHORT,4417.24,4420.55000000,4430.92,4426.70000000,4389.88,4408.25000000,-1.0,-1.0000,REJECT_DUPLICATE_CLUSTER,candidate collision / duplicate suppression
2026.01.06 10:30:00,SHORT,4467.36,4467.37000000,4476.32,4476.32000000,4449.44,4449.47000000,2.0,2.0000,EXECUTED,next-tick executable entry; spread; broker target normalization
2026.01.06 17:30:00,SHORT,4469.75,4467.37000000,4482.34,4476.32000000,4444.57,4449.47000000,-1.0,2.0000,REJECT_DUPLICATE_CLUSTER,candidate collision / duplicate suppression
2026.01.07 08:50:00,LONG,4446.32,4446.49000000,4440.71,4440.71000000,4457.53,4458.04000000,2.0,1.9983,EXECUTED,next-tick executable entry; spread; broker target normalization
2026.01.07 14:20:00,LONG,4447.31,4446.49000000,4438.93,4440.71000000,4464.07,4458.04000000,-1.0,1.9983,REJECT_DUPLICATE_CLUSTER,candidate collision / duplicate suppression
2026.01.07 15:35:00,LONG,4443.62,4446.49000000,4430.01,4440.71000000,4470.84,4458.04000000,-1.0,1.9983,REJECT_DUPLICATE_CLUSTER,candidate collision / duplicate suppression
2026.01.07 17:30:00,LONG,4448.86,4446.49000000,4424.12,4440.71000000,4498.34,4458.04000000,-1.0,1.9983,REJECT_DUPLICATE_CLUSTER,candidate collision / duplicate suppression
2026.01.08 14:25:00,LONG,4420.44,4420.64000000,4407.67,4407.67000000,4445.97,4446.57000000,2.0,1.9992,EXECUTED,next-tick executable entry; spread; broker target normalization
2026.01.09 15:45:00,SHORT,4483.58,4483.73000000,4492.46,4492.46000000,4465.82,4466.27000000,-1.0,-1.0000,EXECUTED,next-tick executable entry; spread; broker target normalization
2026.01.12 16:00:00,SHORT,4600.5,4600.50000000,4620.62,4620.62000000,4560.27,4560.27000000,-1.0,-1.0000,EXECUTED,next-tick executable entry; spread; broker target normalization
2026.01.12 22:05:00,SHORT,4600.56,4600.50000000,4611.85,4620.62000000,4577.97,4560.27000000,2.0,-1.0000,REJECT_DUPLICATE_CLUSTER,candidate collision / duplicate suppression
2026.01.13 08:45:00,LONG,4579.69,4579.91000000,4573.33,4573.33000000,4592.4,4593.06000000,2.0,1.9985,EXECUTED,next-tick executable entry; spread; broker target normalization
2026.01.13 17:15:00,SHORT,4606.61,4606.81000000,4625.06,4625.06000000,4569.7,4570.30000000,2.0,2.0005,EXECUTED,next-tick executable entry; spread; broker target normalization
2026.01.13 22:35:00,LONG,4576.65,4579.91000000,4569.19,4573.33000000,4591.57,4593.06000000,2.0,1.9985,REJECT_DUPLICATE_CLUSTER,candidate collision / duplicate suppression
2026.01.14 15:00:00,SHORT,4635.23,4635.21000000,4642.6,4642.60000000,4620.48,4620.42000000,2.0,2.0014,EXECUTED,next-tick executable entry; spread; broker target normalization
2026.01.14 21:05:00,SHORT,4634.99,4635.21000000,4643.37,4642.60000000,4618.23,4620.42000000,2.0,2.0014,REJECT_DUPLICATE_CLUSTER,candidate collision / duplicate suppression
2026.01.16 15:30:00,LONG,4594.89,4594.88000000,4582.4,4582.40000000,4619.88,4619.85000000,2.0,2.0008,EXECUTED,next-tick executable entry; spread; broker target normalization
2026.01.16 18:10:00,LONG,4592.98,4594.88000000,4567.52,4582.40000000,4643.9,4619.85000000,2.0,2.0008,REJECT_DUPLICATE_CLUSTER,candidate collision / duplicate suppression
2026.01.20 09:15:00,SHORT,4716.41,4716.43000000,4717.98,4717.98000000,4713.27,4713.33000000,-1.0,-1.0000,EXECUTED,next-tick executable entry; spread; broker target normalization
2026.01.20 09:55:00,SHORT,4716.07,4716.43000000,4722.91,4717.98000000,4702.4,4713.33000000,-1.0,-1.0000,REJECT_DUPLICATE_CLUSTER,candidate collision / duplicate suppression
2026.01.21 08:35:00,SHORT,4868.49,4868.49000000,4888.78,4888.78000000,4827.91,4827.91000000,2.0,2.0000,EXECUTED,next-tick executable entry; spread; broker target normalization
2026.01.22 09:10:00,SHORT,4833.16,4833.16000000,4835.12,4835.12000000,4829.25,4829.25000000,-1.0,-1.0000,EXECUTED,next-tick executable entry; spread; broker target normalization
2026.01.22 09:20:00,SHORT,4831.65,4833.16000000,4837.7,4835.12000000,4819.54,4829.25000000,-1.0,-1.0000,REJECT_DUPLICATE_CLUSTER,candidate collision / duplicate suppression
2026.01.22 09:40:00,SHORT,4833.39,4833.16000000,4838.61,4835.12000000,4822.95,4829.25000000,2.0,-1.0000,REJECT_DUPLICATE_CLUSTER,candidate collision / duplicate suppression
2026.01.22 11:05:00,SHORT,4832.82,4833.16000000,4835.59,4835.12000000,4827.29,4829.25000000,-1.0,-1.0000,REJECT_DUPLICATE_CLUSTER,candidate collision / duplicate suppression
2026.01.22 11:10:00,SHORT,4832.91,4833.16000000,4838.18,4835.12000000,4822.37,4829.25000000,2.0,-1.0000,REJECT_DUPLICATE_CLUSTER,candidate collision / duplicate suppression
2026.01.22 13:55:00,SHORT,4831.12,4833.16000000,4836.71,4835.12000000,4819.93,4829.25000000,2.0,-1.0000,REJECT_DUPLICATE_CLUSTER,candidate collision / duplicate suppression
2026.01.22 15:30:00,SHORT,4822.52,4833.16000000,4835.52,4835.12000000,4796.51,4829.25000000,-1.0,-1.0000,REJECT_DUPLICATE_CLUSTER,candidate collision / duplicate suppression
2026.01.23 14:05:00,LONG,4933.74,4933.91000000,4918.01,4918.01000000,4965.2,4965.71000000,2.0,2.0000,EXECUTED,next-tick executable entry; spread; broker target normalization
2026.01.23 19:55:00,SHORT,4966.14,4966.13000000,4985.26,4985.26000000,4927.91,4927.88000000,-1.0,-1.0000,EXECUTED,next-tick executable entry; spread; broker target normalization
2026.01.26 08:55:00,SHORT,5077.98,5077.68000000,5111.61,5111.61000000,5010.72,5009.82000000,2.0,2.0000,EXECUTED,next-tick executable entry; spread; broker target normalization
2026.01.27 08:05:00,SHORT,5082.15,5082.09000000,5087.25,5087.25000000,5071.96,5071.78000000,-1.0,-1.0000,EXECUTED,next-tick executable entry; spread; broker target normalization
2026.01.27 08:25:00,SHORT,5082.31,5082.09000000,5087.97,5087.25000000,5070.99,5071.78000000,-1.0,-1.0000,REJECT_DUPLICATE_CLUSTER,candidate collision / duplicate suppression
2026.01.27 10:05:00,SHORT,5083.74,5082.09000000,5093.14,5087.25000000,5064.94,5071.78000000,-1.0,-1.0000,REJECT_DUPLICATE_CLUSTER,candidate collision / duplicate suppression
2026.01.27 12:30:00,SHORT,5084.21,5082.09000000,5091.25,5087.25000000,5070.13,5071.78000000,2.0,-1.0000,REJECT_DUPLICATE_CLUSTER,candidate collision / duplicate suppression
2026.01.27 13:50:00,SHORT,5072.23,5082.09000000,5086.11,5087.25000000,5044.47,5071.78000000,-1.0,-1.0000,REJECT_DUPLICATE_CLUSTER,candidate collision / duplicate suppression
2026.01.27 14:50:00,SHORT,5083.71,5082.09000000,5091.48,5087.25000000,5068.16,5071.78000000,-1.0,-1.0000,REJECT_DUPLICATE_CLUSTER,candidate collision / duplicate suppression
2026.01.27 15:05:00,SHORT,5083.37,5082.09000000,5092.62,5087.25000000,5064.86,5071.78000000,-1.0,-1.0000,REJECT_DUPLICATE_CLUSTER,candidate collision / duplicate suppression
2026.01.27 15:25:00,SHORT,5081.04,5082.09000000,5093.34,5087.25000000,5056.44,5071.78000000,2.0,-1.0000,REJECT_DUPLICATE_CLUSTER,candidate collision / duplicate suppression
2026.01.27 19:00:00,SHORT,5083.96,5082.09000000,5092.31,5087.25000000,5067.26,5071.78000000,-1.0,-1.0000,REJECT_DUPLICATE_CLUSTER,candidate collision / duplicate suppression
2026.01.27 19:15:00,SHORT,5083.03,5082.09000000,5094.45,5087.25000000,5060.19,5071.78000000,-1.0,-1.0000,REJECT_DUPLICATE_CLUSTER,candidate collision / duplicate suppression
2026.01.28 13:00:00,SHORT,5243.67,5243.67000000,5280.41,5280.41000000,5170.2,5170.20000000,-1.0,-1.0000,EXECUTED,next-tick executable entry; spread; broker target normalization
2026.01.28 15:35:00,SHORT,5264.11,5243.67000000,5286.07,5280.41000000,5220.19,5170.20000000,-1.0,-1.0000,REJECT_DUPLICATE_CLUSTER,candidate collision / duplicate suppression
2026.01.28 17:05:00,SHORT,5242.16,5243.67000000,5298.68,5280.41000000,5129.12,5170.20000000,-1.0,-1.0000,REJECT_DUPLICATE_CLUSTER,candidate collision / duplicate suppression
2026.01.30 10:45:00,LONG,5126.1,5126.37000000,5074.08,5074.08000000,5230.13,5230.94000000,-1.0,-1.0000,EXECUTED,next-tick executable entry; spread; broker target normalization
2026.01.30 12:55:00,LONG,5119.68,5126.37000000,5078.96,5074.08000000,5201.13,5230.94000000,-1.0,-1.0000,REJECT_DUPLICATE_CLUSTER,candidate collision / duplicate suppression
2026.02.02 08:55:00,LONG,4503.5,4505.06000000,4427.6,4427.60000000,4655.29,4659.97000000,2.0,1.9999,EXECUTED,next-tick executable entry; spread; broker target normalization
2026.02.04 10:05:00,SHORT,5086.09,5086.10000000,5092.75,5092.75000000,5072.77,5072.80000000,2.0,2.0000,EXECUTED,next-tick executable entry; spread; broker target normalization
2026.02.04 17:40:00,LONG,4944.29,4944.40000000,4885.87,4885.87000000,5061.14,5061.47000000,-1.0,-1.0000,EXECUTED,next-tick executable entry; spread; broker target normalization
2026.02.04 19:00:00,LONG,4914.49,4944.40000000,4853.62,4885.87000000,5036.24,5061.47000000,-1.0,-1.0000,REJECT_DUPLICATE_CLUSTER,candidate collision / duplicate suppression
2026.02.06 08:05:00,SHORT,4872.46,4872.47000000,4904.16,4904.16000000,4809.05,4809.08000000,-1.0,-1.0000,EXECUTED,next-tick executable entry; spread; broker target normalization
2026.02.09 19:55:00,SHORT,5046.26,5046.14000000,5062.61,5062.61000000,5013.57,5013.21000000,-1.0,-1.0000,EXECUTED,next-tick executable entry; spread; broker target normalization
2026.02.10 16:35:00,SHORT,5062.45,5062.48000000,5078.97,5078.97000000,5029.42,5029.51000000,2.0,1.9994,EXECUTED,next-tick executable entry; spread; broker target normalization
2026.02.11 09:10:00,SHORT,5059.31,5059.19000000,5069.2,5069.20000000,5039.54,5039.18000000,-1.0,-1.0000,EXECUTED,next-tick executable entry; spread; broker target normalization
2026.02.11 11:50:00,SHORT,5061.41,5059.19000000,5072.39,5069.20000000,5039.44,5039.18000000,-1.0,-1.0000,REJECT_DUPLICATE_CLUSTER,candidate collision / duplicate suppression
2026.02.11 15:30:00,SHORT,5050.2,5059.19000000,5090.79,5069.20000000,4969.02,5039.18000000,-1.0,-1.0000,REJECT_DUPLICATE_CLUSTER,candidate collision / duplicate suppression
2026.02.12 17:00:00,LONG,5053.52,,5037.85,,5084.85,,-1.0,,REJECT_OWNERSHIP,same-family stacking rejection / owned position
2026.02.13 15:35:00,SHORT,4992.48,4992.50000000,5000.11,5000.11000000,4977.22,4977.28000000,2.0,2.0000,EXECUTED,next-tick executable entry; spread; broker target normalization
2026.02.13 16:35:00,SHORT,4987.25,4992.50000000,5012.27,5000.11000000,4937.22,4977.28000000,-1.0,2.0000,REJECT_DUPLICATE_CLUSTER,candidate collision / duplicate suppression
2026.02.13 17:45:00,SHORT,4994.35,4992.50000000,5013.23,5000.11000000,4956.59,4977.28000000,-1.0,2.0000,REJECT_DUPLICATE_CLUSTER,candidate collision / duplicate suppression
2026.02.17 16:05:00,LONG,4892.9,4893.00000000,4840.77,4840.77000000,4997.15,4997.45000000,2.0,0.7892,EXECUTED,next-tick executable entry; spread; broker target normalization
2026.02.19 11:55:00,SHORT,4995.47,4995.43000000,5005.47,5005.47000000,4975.47,4975.35000000,2.0,2.0000,EXECUTED,next-tick executable entry; spread; broker target normalization
2026.02.19 18:55:00,SHORT,4994.97,4995.43000000,5004.4,5005.47000000,4976.11,4975.35000000,2.0,2.0000,REJECT_DUPLICATE_CLUSTER,candidate collision / duplicate suppression
2026.02.19 23:25:00,SHORT,4994.17,4995.43000000,5001.43,5005.47000000,4979.65,4975.35000000,-1.0,2.0000,REJECT_DUPLICATE_CLUSTER,candidate collision / duplicate suppression
2026.02.20 08:05:00,SHORT,5013.0,5013.02000000,5017.95,5017.95000000,5003.1,5003.16000000,-1.0,-1.0000,EXECUTED,next-tick executable entry; spread; broker target normalization
2026.02.20 09:20:00,SHORT,5012.09,5013.02000000,5023.96,5017.95000000,4988.34,5003.16000000,-1.0,-1.0000,REJECT_DUPLICATE_CLUSTER,candidate collision / duplicate suppression
2026.02.20 14:25:00,SHORT,5011.98,5013.02000000,5023.75,5017.95000000,4988.44,5003.16000000,-1.0,-1.0000,REJECT_DUPLICATE_CLUSTER,candidate collision / duplicate suppression
2026.02.24 15:40:00,LONG,5145.96,5146.05000000,5132.19,5132.19000000,5173.49,5173.76000000,-1.0,-1.0000,EXECUTED,next-tick executable entry; spread; broker target normalization
2026.02.24 17:40:00,LONG,5149.91,5146.05000000,5133.8,5132.19000000,5182.13,5173.76000000,-1.0,-1.0000,REJECT_DUPLICATE_CLUSTER,candidate collision / duplicate suppression
2026.02.24 19:00:00,LONG,5149.53,5146.05000000,5136.99,5132.19000000,5174.62,5173.76000000,-1.0,-1.0000,REJECT_DUPLICATE_CLUSTER,candidate collision / duplicate suppression
2026.02.25 19:00:00,SHORT,5210.03,5210.11000000,5214.21,5214.21000000,5201.67,5201.91000000,-1.0,-1.0000,EXECUTED,next-tick executable entry; spread; broker target normalization
2026.02.25 19:40:00,SHORT,5208.6,5210.11000000,5214.18,5214.21000000,5197.44,5201.91000000,2.0,-1.0000,REJECT_DUPLICATE_CLUSTER,candidate collision / duplicate suppression
2026.02.26 16:35:00,LONG,5166.36,5166.13000000,5139.1,5139.10000000,5220.87,5220.18000000,-1.0,-1.0000,EXECUTED,next-tick executable entry; spread; broker target normalization
2026.02.26 17:35:00,LONG,5169.23,5166.13000000,5129.36,5139.10000000,5248.96,5220.18000000,2.0,-1.0000,REJECT_DUPLICATE_CLUSTER,candidate collision / duplicate suppression
2026.03.02 11:00:00,SHORT,5392.55,5392.62000000,5410.37,5410.37000000,5356.9,5357.11000000,-1.0,-1.0000,EXECUTED,next-tick executable entry; spread; broker target normalization
2026.03.02 16:00:00,SHORT,5376.86,5392.62000000,5407.98,5410.37000000,5314.62,5357.11000000,2.0,-1.0000,REJECT_DUPLICATE_CLUSTER,candidate collision / duplicate suppression
2026.03.02 18:25:00,LONG,5309.87,5310.07000000,5281.11,5281.11000000,5367.38,5367.98000000,2.0,1.9997,EXECUTED,next-tick executable entry; spread; broker target normalization
2026.03.03 08:20:00,LONG,5308.47,5308.66000000,5278.18,5278.18000000,5369.05,5369.62000000,-1.0,-1.0000,EXECUTED,next-tick executable entry; spread; broker target normalization
2026.03.04 12:20:00,SHORT,5188.86,5188.85000000,5202.82,5202.82000000,5160.93,5160.90000000,-1.0,-1.0000,EXECUTED,next-tick executable entry; spread; broker target normalization
2026.03.04 14:15:00,SHORT,5183.81,5188.85000000,5200.99,5202.82000000,5149.45,5160.90000000,2.0,-1.0000,REJECT_DUPLICATE_CLUSTER,candidate collision / duplicate suppression
2026.03.05 08:30:00,LONG,5147.5,5147.61000000,5123.83,5123.83000000,5194.85,5195.18000000,-1.0,-1.0000,EXECUTED,next-tick executable entry; spread; broker target normalization
2026.03.06 14:00:00,LONG,5082.26,5082.40000000,5062.37,5062.37000000,5122.04,5122.46000000,2.0,2.0000,EXECUTED,next-tick executable entry; spread; broker target normalization
2026.03.06 17:50:00,SHORT,5142.34,5141.37000000,5161.36,5161.36000000,5104.29,5101.38000000,-1.0,-1.0000,EXECUTED,next-tick executable entry; spread; broker target normalization
2026.03.10 11:55:00,SHORT,5183.41,5183.60000000,5195.23,5195.23000000,5159.78,5160.35000000,2.0,1.9991,EXECUTED,next-tick executable entry; spread; broker target normalization
2026.03.10 14:15:00,SHORT,5184.58,5183.60000000,5192.39,5195.23000000,5168.97,5160.35000000,2.0,1.9991,REJECT_DUPLICATE_CLUSTER,candidate collision / duplicate suppression
2026.03.10 15:50:00,SHORT,5182.52,5183.60000000,5189.7,5195.23000000,5168.16,5160.35000000,-1.0,1.9991,REJECT_DUPLICATE_CLUSTER,candidate collision / duplicate suppression
2026.03.10 21:15:00,SHORT,5172.7,5183.60000000,5227.91,5195.23000000,5062.28,5160.35000000,2.0,1.9991,REJECT_DUPLICATE_CLUSTER,candidate collision / duplicate suppression
2026.03.13 11:10:00,LONG,5078.12,5078.26000000,5066.21,5066.21000000,5101.94,5102.36000000,-1.0,-1.0000,EXECUTED,next-tick executable entry; spread; broker target normalization
2026.03.13 11:30:00,LONG,5077.69,5078.26000000,5060.37,5066.21000000,5112.32,5102.36000000,2.0,-1.0000,REJECT_DUPLICATE_CLUSTER,candidate collision / duplicate suppression
2026.03.16 09:20:00,SHORT,5027.93,5027.95000000,5036.38,5036.38000000,5011.03,5011.09000000,2.0,2.0000,EXECUTED,next-tick executable entry; spread; broker target normalization
2026.03.16 16:45:00,SHORT,5028.58,5027.95000000,5034.86,5036.38000000,5016.01,5011.09000000,-1.0,2.0000,REJECT_DUPLICATE_CLUSTER,candidate collision / duplicate suppression
2026.03.16 17:10:00,SHORT,5028.11,5027.95000000,5038.77,5036.38000000,5006.79,5011.09000000,2.0,2.0000,REJECT_DUPLICATE_CLUSTER,candidate collision / duplicate suppression
2026.03.17 08:20:00,SHORT,5036.38,5036.39000000,5044.58,5044.58000000,5019.98,5020.01000000,2.0,2.0000,EXECUTED,next-tick executable entry; spread; broker target normalization
2026.03.17 13:45:00,LONG,4998.03,4998.16000000,4991.55,4991.55000000,5010.99,5011.38000000,2.0,2.0000,EXECUTED,next-tick executable entry; spread; broker target normalization
2026.03.17 18:50:00,LONG,4995.34,4998.16000000,4972.79,4991.55000000,5040.43,5011.38000000,-1.0,2.0000,REJECT_DUPLICATE_CLUSTER,candidate collision / duplicate suppression
2026.03.23 14:05:00,LONG,4406.95,4406.99000000,4268.26,4268.26000000,4684.34,4684.46000000,2.0,0.2986,EXECUTED,next-tick executable entry; spread; broker target normalization
2026.04.01 10:00:00,SHORT,4722.7,4722.46000000,4733.81,4733.81000000,4700.47,4699.75000000,-1.0,-1.0000,EXECUTED,next-tick executable entry; spread; broker target normalization
2026.04.01 10:45:00,SHORT,4722.61,4722.46000000,4742.16,4733.81000000,4683.5,4699.75000000,-1.0,-1.0000,REJECT_DUPLICATE_CLUSTER,candidate collision / duplicate suppression
2026.04.01 16:00:00,SHORT,4720.45,4722.46000000,4737.64,4733.81000000,4686.06,4699.75000000,-1.0,-1.0000,REJECT_DUPLICATE_CLUSTER,candidate collision / duplicate suppression
2026.04.02 17:15:00,LONG,4660.51,4660.25000000,4628.58,4628.58000000,4724.38,4723.60000000,-1.0,-1.0000,EXECUTED,next-tick executable entry; spread; broker target normalization
2026.04.06 11:05:00,SHORT,4684.82,4684.84000000,4694.82,4694.82000000,4664.82,4664.88000000,-1.0,-1.0000,EXECUTED,next-tick executable entry; spread; broker target normalization
2026.04.06 14:40:00,SHORT,4685.47,4684.84000000,4694.88,4694.82000000,4666.65,4664.88000000,2.0,-1.0000,REJECT_DUPLICATE_CLUSTER,candidate collision / duplicate suppression
2026.04.06 17:05:00,SHORT,4671.09,4684.84000000,4691.46,4694.82000000,4630.34,4664.88000000,-1.0,-1.0000,REJECT_DUPLICATE_CLUSTER,candidate collision / duplicate suppression
2026.04.06 17:35:00,SHORT,4684.14,4684.84000000,4698.21,4694.82000000,4656.0,4664.88000000,2.0,-1.0000,REJECT_DUPLICATE_CLUSTER,candidate collision / duplicate suppression
2026.04.07 12:40:00,SHORT,4667.16,4667.14000000,4684.66,4684.66000000,4632.16,4632.10000000,2.0,2.0000,EXECUTED,next-tick executable entry; spread; broker target normalization
2026.04.07 15:25:00,SHORT,4666.01,4667.14000000,4671.14,4684.66000000,4655.75,4632.10000000,2.0,2.0000,REJECT_DUPLICATE_CLUSTER,candidate collision / duplicate suppression
2026.04.07 17:10:00,LONG,4622.06,4621.94000000,4607.03,4607.03000000,4652.13,4651.77000000,2.0,2.0007,EXECUTED,next-tick executable entry; spread; broker target normalization
2026.04.07 20:15:00,SHORT,4656.53,4667.14000000,4673.57,4684.66000000,4622.44,4632.10000000,-1.0,2.0000,REJECT_DUPLICATE_CLUSTER,candidate collision / duplicate suppression
2026.04.07 21:50:00,SHORT,4664.89,4667.14000000,4680.46,4684.66000000,4633.75,4632.10000000,-1.0,2.0000,REJECT_DUPLICATE_CLUSTER,candidate collision / duplicate suppression
2026.04.08 22:10:00,LONG,4715.6,4715.77000000,4698.88,4698.88000000,4749.03,4749.54000000,-1.0,-1.0000,EXECUTED,next-tick executable entry; spread; broker target normalization
2026.04.10 11:55:00,LONG,4740.84,4741.08000000,4730.26,4730.26000000,4762.0,4762.72000000,2.0,2.0000,EXECUTED,next-tick executable entry; spread; broker target normalization
2026.04.10 17:40:00,SHORT,4781.01,4781.07000000,4791.48,4791.48000000,4760.07,4760.25000000,2.0,2.0000,EXECUTED,next-tick executable entry; spread; broker target normalization
2026.04.13 09:00:00,SHORT,4726.22,4726.11000000,4730.98,4730.98000000,4716.7,4716.37000000,-1.0,-1.0000,EXECUTED,next-tick executable entry; spread; broker target normalization
2026.04.13 09:20:00,SHORT,4727.33,4726.11000000,4732.2,4730.98000000,4717.6,4716.37000000,-1.0,-1.0000,REJECT_DUPLICATE_CLUSTER,candidate collision / duplicate suppression
2026.04.13 09:35:00,SHORT,4727.0,4726.11000000,4732.95,4730.98000000,4715.1,4716.37000000,-1.0,-1.0000,REJECT_DUPLICATE_CLUSTER,candidate collision / duplicate suppression
2026.04.13 10:05:00,SHORT,4726.8,4726.11000000,4739.09,4730.98000000,4702.23,4716.37000000,-1.0,-1.0000,REJECT_DUPLICATE_CLUSTER,candidate collision / duplicate suppression
2026.04.13 11:40:00,SHORT,4721.46,4726.11000000,4736.66,4730.98000000,4691.06,4716.37000000,-1.0,-1.0000,REJECT_DUPLICATE_CLUSTER,candidate collision / duplicate suppression
2026.04.13 16:35:00,SHORT,4727.54,4726.11000000,4737.71,4730.98000000,4707.21,4716.37000000,-1.0,-1.0000,REJECT_DUPLICATE_CLUSTER,candidate collision / duplicate suppression
2026.04.13 16:50:00,SHORT,4726.46,4726.11000000,4745.39,4730.98000000,4688.61,4716.37000000,-1.0,-1.0000,REJECT_DUPLICATE_CLUSTER,candidate collision / duplicate suppression
2026.04.13 21:15:00,SHORT,4724.85,4726.11000000,4733.29,4730.98000000,4707.96,4716.37000000,-1.0,-1.0000,REJECT_DUPLICATE_CLUSTER,candidate collision / duplicate suppression
2026.04.14 10:20:00,SHORT,4772.79,4772.77000000,4791.78,4791.78000000,4734.82,4734.76000000,-1.0,-1.0000,EXECUTED,next-tick executable entry; spread; broker target normalization
2026.04.15 08:45:00,LONG,4817.38,4817.62000000,4812.29,4812.29000000,4827.57,4828.29000000,-1.0,-1.0000,EXECUTED,next-tick executable entry; spread; broker target normalization
2026.04.15 09:45:00,LONG,4820.12,4817.62000000,4810.92,4812.29000000,4838.52,4828.29000000,-1.0,-1.0000,REJECT_DUPLICATE_CLUSTER,candidate collision / duplicate suppression
2026.04.15 11:55:00,LONG,4818.35,4817.62000000,4810.46,4812.29000000,4834.13,4828.29000000,-1.0,-1.0000,REJECT_DUPLICATE_CLUSTER,candidate collision / duplicate suppression
2026.04.15 16:25:00,LONG,4821.74,4817.62000000,4809.99,4812.29000000,4845.25,4828.29000000,-1.0,-1.0000,REJECT_DUPLICATE_CLUSTER,candidate collision / duplicate suppression
2026.04.16 08:10:00,SHORT,4834.51,4834.18000000,4838.56,4838.56000000,4826.41,4825.42000000,2.0,2.0000,EXECUTED,next-tick executable entry; spread; broker target normalization
2026.04.16 17:00:00,LONG,4792.28,4792.48000000,4783.73,4783.73000000,4809.38,4809.98000000,-1.0,-1.0000,EXECUTED,next-tick executable entry; spread; broker target normalization
2026.04.16 18:00:00,LONG,4800.71,4792.48000000,4772.13,4783.73000000,4857.87,4809.98000000,-1.0,-1.0000,REJECT_DUPLICATE_CLUSTER,candidate collision / duplicate suppression
2026.04.17 08:15:00,SHORT,4803.56,4803.57000000,4806.34,4806.34000000,4798.01,4798.04000000,2.0,1.9964,EXECUTED,next-tick executable entry; spread; broker target normalization
2026.04.17 14:50:00,SHORT,4801.44,4803.57000000,4812.18,4806.34000000,4779.96,4798.04000000,-1.0,1.9964,REJECT_DUPLICATE_CLUSTER,candidate collision / duplicate suppression
2026.04.20 15:20:00,SHORT,4813.94,4813.97000000,4822.35,4822.35000000,4797.12,4797.21000000,-1.0,-1.0000,EXECUTED,next-tick executable entry; spread; broker target normalization
2026.04.20 17:05:00,SHORT,4812.77,4813.97000000,4823.32,4822.35000000,4791.66,4797.21000000,-1.0,-1.0000,REJECT_DUPLICATE_CLUSTER,candidate collision / duplicate suppression
2026.04.20 17:45:00,SHORT,4813.41,4813.97000000,4828.19,4822.35000000,4783.85,4797.21000000,-1.0,-1.0000,REJECT_DUPLICATE_CLUSTER,candidate collision / duplicate suppression
2026.04.21 08:05:00,LONG,4790.02,4790.19000000,4785.73,4785.73000000,4798.61,4799.12000000,-1.0,-1.0000,EXECUTED,next-tick executable entry; spread; broker target normalization
2026.04.21 10:45:00,LONG,4790.42,4790.19000000,4780.71,4785.73000000,4809.84,4799.12000000,-1.0,-1.0000,REJECT_DUPLICATE_CLUSTER,candidate collision / duplicate suppression
2026.04.21 11:35:00,LONG,4788.49,4790.19000000,4774.99,4785.73000000,4815.49,4799.12000000,-1.0,-1.0000,REJECT_DUPLICATE_CLUSTER,candidate collision / duplicate suppression
2026.04.21 16:40:00,LONG,4789.02,4790.19000000,4769.72,4785.73000000,4827.62,4799.12000000,-1.0,-1.0000,REJECT_DUPLICATE_CLUSTER,candidate collision / duplicate suppression
2026.04.22 09:00:00,SHORT,4759.45,4759.53000000,4769.26,4769.26000000,4739.83,4740.07000000,-1.0,-1.0000,EXECUTED,next-tick executable entry; spread; broker target normalization
2026.04.22 10:15:00,SHORT,4763.84,4759.53000000,4772.45,4769.26000000,4746.63,4740.07000000,2.0,-1.0000,REJECT_DUPLICATE_CLUSTER,candidate collision / duplicate suppression
2026.04.23 08:35:00,LONG,4702.99,4703.17000000,4691.75,4691.75000000,4725.48,4726.02000000,-1.0,-1.0000,EXECUTED,next-tick executable entry; spread; broker target normalization
2026.04.23 13:55:00,LONG,4696.51,4703.17000000,4689.15,4691.75000000,4711.24,4726.02000000,2.0,-1.0000,REJECT_DUPLICATE_CLUSTER,candidate collision / duplicate suppression
2026.04.23 20:50:00,LONG,4696.21,4703.17000000,4663.39,4691.75000000,4761.85,4726.02000000,-1.0,-1.0000,REJECT_DUPLICATE_CLUSTER,candidate collision / duplicate suppression
2026.04.24 14:35:00,SHORT,4707.13,4707.10000000,4717.84,4717.84000000,4685.7,4685.61000000,-1.0,-1.0000,EXECUTED,next-tick executable entry; spread; broker target normalization
2026.04.24 23:05:00,SHORT,4709.2,4707.10000000,4717.84,4717.84000000,4691.91,4685.61000000,2.0,-1.0000,REJECT_DUPLICATE_CLUSTER,candidate collision / duplicate suppression
2026.04.27 18:10:00,LONG,4674.63,4674.74000000,4667.0,4667.00000000,4689.88,4690.21000000,2.0,1.9987,EXECUTED,next-tick executable entry; spread; broker target normalization
2026.04.29 10:30:00,LONG,4577.82,4577.99000000,4569.17,4569.17000000,4595.12,4595.63000000,-1.0,-1.0000,EXECUTED,next-tick executable entry; spread; broker target normalization
2026.04.29 12:15:00,LONG,4579.59,4577.99000000,4571.2,4569.17000000,4596.37,4595.63000000,-1.0,-1.0000,REJECT_DUPLICATE_CLUSTER,candidate collision / duplicate suppression
2026.05.01 08:05:00,LONG,4612.64,4612.87000000,4607.32,4607.32000000,4623.28,4623.97000000,-1.0,-1.0000,EXECUTED,next-tick executable entry; spread; broker target normalization
2026.05.01 16:50:00,LONG,4616.8,4612.87000000,4598.53,4607.32000000,4653.35,4623.97000000,2.0,-1.0000,REJECT_DUPLICATE_CLUSTER,candidate collision / duplicate suppression
2026.05.01 17:40:00,SHORT,4633.4,4634.62000000,4646.9,4642.79000000,4606.41,4618.27000000,-1.0,-1.0000,REJECT_DUPLICATE_CLUSTER,candidate collision / duplicate suppression
2026.05.01 20:20:00,SHORT,4635.52,4634.62000000,4640.54,4642.79000000,4625.48,4618.27000000,2.0,-1.0000,REJECT_DUPLICATE_CLUSTER,candidate collision / duplicate suppression
2026.05.01 23:05:00,LONG,4610.25,4612.87000000,4607.08,4607.32000000,4616.59,4623.97000000,2.0,-1.0000,REJECT_DUPLICATE_CLUSTER,candidate collision / duplicate suppression
2026.05.04 09:10:00,LONG,4597.24,4597.43000000,4587.47,4587.47000000,4616.78,4617.35000000,-1.0,-1.0000,EXECUTED,next-tick executable entry; spread; broker target normalization
2026.05.04 10:10:00,LONG,4592.21,4597.43000000,4583.45,4587.47000000,4609.74,4617.35000000,-1.0,-1.0000,REJECT_DUPLICATE_CLUSTER,candidate collision / duplicate suppression
2026.05.05 08:40:00,SHORT,4546.07,4546.01000000,4551.88,4551.88000000,4534.45,4534.27000000,-1.0,-1.0000,EXECUTED,next-tick executable entry; spread; broker target normalization
2026.05.05 09:05:00,SHORT,4544.01,4546.01000000,4552.45,4551.88000000,4527.12,4534.27000000,-1.0,-1.0000,REJECT_DUPLICATE_CLUSTER,candidate collision / duplicate suppression
2026.05.05 10:45:00,SHORT,4545.65,4546.01000000,4556.41,4551.88000000,4524.13,4534.27000000,-1.0,-1.0000,REJECT_DUPLICATE_CLUSTER,candidate collision / duplicate suppression
2026.05.05 13:40:00,SHORT,4545.22,4546.01000000,4554.22,4551.88000000,4527.22,4534.27000000,-1.0,-1.0000,REJECT_DUPLICATE_CLUSTER,candidate collision / duplicate suppression
2026.05.06 08:15:00,SHORT,4651.92,4651.93000000,4656.89,4656.89000000,4641.98,4642.01000000,-1.0,-1.0000,EXECUTED,next-tick executable entry; spread; broker target normalization
2026.05.07 19:05:00,SHORT,4717.57,4717.70000000,4732.84,4732.84000000,4687.03,4687.42000000,2.0,2.0000,EXECUTED,next-tick executable entry; spread; broker target normalization
2026.05.08 09:30:00,SHORT,4726.51,4726.48000000,4734.87,4734.87000000,4709.8,4709.71000000,2.0,1.9988,EXECUTED,next-tick executable entry; spread; broker target normalization
2026.05.08 17:05:00,SHORT,4726.64,4726.48000000,4750.03,4734.87000000,4679.86,4709.71000000,2.0,1.9988,REJECT_DUPLICATE_CLUSTER,candidate collision / duplicate suppression
2026.05.11 09:15:00,LONG,4670.54,4670.93000000,4656.77,4656.77000000,4698.09,4699.26000000,-1.0,-1.0000,EXECUTED,next-tick executable entry; spread; broker target normalization
2026.05.11 14:00:00,LONG,4670.99,4670.93000000,4663.67,4656.77000000,4685.62,4699.26000000,2.0,-1.0000,REJECT_DUPLICATE_CLUSTER,candidate collision / duplicate suppression
2026.05.11 15:20:00,LONG,4692.22,4670.93000000,4667.28,4656.77000000,4742.09,4699.26000000,2.0,-1.0000,REJECT_DUPLICATE_CLUSTER,candidate collision / duplicate suppression
2026.05.12 08:10:00,LONG,4712.44,4712.84000000,4708.45,4708.45000000,4720.43,4721.63000000,2.0,2.0023,EXECUTED,next-tick executable entry; spread; broker target normalization
2026.05.12 22:50:00,LONG,4712.69,4712.84000000,4707.2,4708.45000000,4723.66,4721.63000000,2.0,2.0023,REJECT_DUPLICATE_CLUSTER,candidate collision / duplicate suppression
2026.05.13 12:25:00,LONG,4689.04,4689.35000000,4685.5,4685.50000000,4696.13,4697.06000000,2.0,2.0026,EXECUTED,next-tick executable entry; spread; broker target normalization
2026.05.13 16:10:00,LONG,4689.93,4689.35000000,4678.39,4685.50000000,4713.02,4697.06000000,-1.0,2.0026,REJECT_DUPLICATE_CLUSTER,candidate collision / duplicate suppression
2026.05.13 17:30:00,LONG,4689.98,4689.35000000,4673.31,4685.50000000,4723.31,4697.06000000,-1.0,2.0026,REJECT_DUPLICATE_CLUSTER,candidate collision / duplicate suppression
2026.05.14 10:40:00,SHORT,4709.32,4709.44000000,4719.09,4719.09000000,4689.79,4690.15000000,2.0,1.9990,EXECUTED,next-tick executable entry; spread; broker target normalization
2026.05.14 16:45:00,LONG,4689.3,4689.62000000,4666.36,4666.36000000,4735.18,4736.14000000,-1.0,-1.0000,EXECUTED,next-tick executable entry; spread; broker target normalization
2026.05.18 10:35:00,SHORT,4552.81,4552.76000000,4560.16,4560.16000000,4538.1,4537.95000000,2.0,2.0014,EXECUTED,next-tick executable entry; spread; broker target normalization
2026.05.18 14:50:00,SHORT,4551.39,4552.76000000,4567.51,4560.16000000,4519.15,4537.95000000,-1.0,2.0014,REJECT_DUPLICATE_CLUSTER,candidate collision / duplicate suppression
2026.05.18 17:30:00,SHORT,4549.38,4552.76000000,4563.7,4560.16000000,4520.74,4537.95000000,-1.0,2.0014,REJECT_DUPLICATE_CLUSTER,candidate collision / duplicate suppression
2026.05.18 22:10:00,SHORT,4554.65,4552.76000000,4565.02,4560.16000000,4533.91,4537.95000000,-1.0,2.0014,REJECT_DUPLICATE_CLUSTER,candidate collision / duplicate suppression
2026.05.19 08:25:00,LONG,4538.45,4539.04000000,4531.01,4531.01000000,4553.34,4555.11000000,2.0,2.0012,EXECUTED,next-tick executable entry; spread; broker target normalization
2026.05.19 11:30:00,LONG,4544.38,4539.04000000,4536.12,4531.01000000,4560.9,4555.11000000,-1.0,2.0012,REJECT_DUPLICATE_CLUSTER,candidate collision / duplicate suppression
2026.05.19 12:20:00,LONG,4546.6,4539.04000000,4535.87,4531.01000000,4568.06,4555.11000000,-1.0,2.0012,REJECT_DUPLICATE_CLUSTER,candidate collision / duplicate suppression
2026.05.19 13:55:00,LONG,4544.57,4539.04000000,4527.49,4531.01000000,4578.73,4555.11000000,-1.0,2.0012,REJECT_DUPLICATE_CLUSTER,candidate collision / duplicate suppression
2026.05.19 15:05:00,LONG,4542.31,4539.04000000,4527.21,4531.01000000,4572.5,4555.11000000,-1.0,2.0012,REJECT_DUPLICATE_CLUSTER,candidate collision / duplicate suppression
2026.05.20 17:25:00,SHORT,4506.94,4506.96000000,4511.06,4511.06000000,4498.7,4498.76000000,-1.0,-1.0000,EXECUTED,next-tick executable entry; spread; broker target normalization
2026.05.21 08:50:00,LONG,4529.8,4530.01000000,4518.32,4518.32000000,4552.75,4553.38000000,-1.0,-1.0000,EXECUTED,next-tick executable entry; spread; broker target normalization
2026.05.21 11:05:00,LONG,4528.42,4530.01000000,4517.97,4518.32000000,4549.32,4553.38000000,-1.0,-1.0000,REJECT_DUPLICATE_CLUSTER,candidate collision / duplicate suppression
2026.05.21 20:15:00,LONG,4535.31,4530.01000000,4513.86,4518.32000000,4578.22,4553.38000000,-1.0,-1.0000,REJECT_DUPLICATE_CLUSTER,candidate collision / duplicate suppression
2026.05.22 09:00:00,LONG,4518.75,4518.96000000,4506.9,4506.90000000,4542.45,4543.08000000,-1.0,-1.0000,EXECUTED,next-tick executable entry; spread; broker target normalization
2026.05.22 18:25:00,LONG,4519.38,4518.96000000,4512.69,4506.90000000,4532.75,4543.08000000,-1.0,-1.0000,REJECT_DUPLICATE_CLUSTER,candidate collision / duplicate suppression
2026.05.22 20:00:00,LONG,4518.77,4518.96000000,4512.14,4506.90000000,4532.03,4543.08000000,-1.0,-1.0000,REJECT_DUPLICATE_CLUSTER,candidate collision / duplicate suppression
2026.05.22 21:35:00,LONG,4518.31,4518.96000000,4513.72,4506.90000000,4527.5,4543.08000000,-1.0,-1.0000,REJECT_DUPLICATE_CLUSTER,candidate collision / duplicate suppression
2026.05.26 08:05:00,LONG,4530.47,4530.61000000,4522.5,4522.50000000,4546.41,4546.83000000,-1.0,-1.0000,EXECUTED,next-tick executable entry; spread; broker target normalization
2026.05.26 10:20:00,LONG,4530.13,4530.61000000,4521.72,4522.50000000,4546.94,4546.83000000,-1.0,-1.0000,REJECT_DUPLICATE_CLUSTER,candidate collision / duplicate suppression
2026.05.26 10:40:00,LONG,4526.81,4530.61000000,4521.22,4522.50000000,4537.99,4546.83000000,2.0,-1.0000,REJECT_DUPLICATE_CLUSTER,candidate collision / duplicate suppression
2026.05.26 11:40:00,LONG,4525.75,4530.61000000,4519.87,4522.50000000,4537.5,4546.83000000,-1.0,-1.0000,REJECT_DUPLICATE_CLUSTER,candidate collision / duplicate suppression
2026.05.26 12:15:00,LONG,4524.79,4530.61000000,4518.07,4522.50000000,4538.23,4546.83000000,-1.0,-1.0000,REJECT_DUPLICATE_CLUSTER,candidate collision / duplicate suppression
2026.05.26 13:05:00,LONG,4525.5,4530.61000000,4519.16,4522.50000000,4538.18,4546.83000000,2.0,-1.0000,REJECT_DUPLICATE_CLUSTER,candidate collision / duplicate suppression
2026.05.26 16:20:00,LONG,4526.24,4530.61000000,4515.79,4522.50000000,4547.14,4546.83000000,-1.0,-1.0000,REJECT_DUPLICATE_CLUSTER,candidate collision / duplicate suppression
2026.05.27 11:35:00,LONG,4492.84,4492.94000000,4485.73,4485.73000000,4507.06,4507.36000000,-1.0,-1.0000,EXECUTED,next-tick executable entry; spread; broker target normalization
2026.05.28 17:20:00,SHORT,4461.41,4461.50000000,4474.09,4474.09000000,4436.05,4436.32000000,-1.0,-1.0000,EXECUTED,next-tick executable entry; spread; broker target normalization
2026.05.29 09:05:00,SHORT,4514.36,4514.34000000,4522.56,4522.56000000,4497.96,4497.90000000,-1.0,-1.0000,EXECUTED,next-tick executable entry; spread; broker target normalization
2026.05.29 10:00:00,SHORT,4519.03,4514.34000000,4524.46,4522.56000000,4508.16,4497.90000000,-1.0,-1.0000,REJECT_DUPLICATE_CLUSTER,candidate collision / duplicate suppression
2026.05.29 11:00:00,SHORT,4519.41,4514.34000000,4525.87,4522.56000000,4506.48,4497.90000000,-1.0,-1.0000,REJECT_DUPLICATE_CLUSTER,candidate collision / duplicate suppression
2026.05.29 15:30:00,SHORT,4517.24,4514.34000000,4530.66,4522.56000000,4490.41,4497.90000000,-1.0,-1.0000,REJECT_DUPLICATE_CLUSTER,candidate collision / duplicate suppression
2026.06.01 09:25:00,LONG,4514.03,4514.64000000,4504.74,4504.74000000,4532.62,4534.45000000,-1.0,-1.0000,EXECUTED,next-tick executable entry; spread; broker target normalization
2026.06.01 13:45:00,LONG,4509.32,4514.64000000,4503.06,4504.74000000,4521.84,4534.45000000,-1.0,-1.0000,REJECT_DUPLICATE_CLUSTER,candidate collision / duplicate suppression
2026.06.01 14:15:00,LONG,4509.79,4514.64000000,4503.05,4504.74000000,4523.26,4534.45000000,-1.0,-1.0000,REJECT_DUPLICATE_CLUSTER,candidate collision / duplicate suppression
2026.06.02 08:55:00,SHORT,4517.05,4517.08000000,4526.56,4526.56000000,4498.04,4498.13000000,-1.0,-1.0000,EXECUTED,next-tick executable entry; spread; broker target normalization
2026.06.02 15:50:00,SHORT,4515.04,4517.08000000,4527.56,4526.56000000,4490.0,4498.13000000,2.0,-1.0000,REJECT_DUPLICATE_CLUSTER,candidate collision / duplicate suppression
2026.06.03 08:35:00,LONG,4466.82,4466.86000000,4458.78,4458.78000000,4482.91,4483.03000000,-1.0,-1.0000,EXECUTED,next-tick executable entry; spread; broker target normalization
2026.06.03 09:00:00,LONG,4466.89,4466.86000000,4456.33,4458.78000000,4488.02,4483.03000000,-1.0,-1.0000,REJECT_DUPLICATE_CLUSTER,candidate collision / duplicate suppression
2026.06.03 09:55:00,LONG,4463.06,4466.86000000,4457.37,4458.78000000,4474.45,4483.03000000,-1.0,-1.0000,REJECT_DUPLICATE_CLUSTER,candidate collision / duplicate suppression
2026.06.03 13:10:00,LONG,4462.93,4466.86000000,4440.63,4458.78000000,4507.53,4483.03000000,-1.0,-1.0000,REJECT_DUPLICATE_CLUSTER,candidate collision / duplicate suppression
2026.06.04 17:35:00,SHORT,4479.99,4479.84000000,4494.48,4494.48000000,4451.0,4450.55000000,2.0,2.0007,EXECUTED,next-tick executable entry; spread; broker target normalization
2026.06.05 09:20:00,LONG,4443.82,4444.10000000,4428.41,4428.41000000,4474.63,4475.47000000,2.0,1.9994,EXECUTED,next-tick executable entry; spread; broker target normalization
2026.06.08 09:00:00,LONG,4303.64,4303.80000000,4285.44,4285.44000000,4340.05,4340.53000000,-1.0,-1.0000,EXECUTED,next-tick executable entry; spread; broker target normalization
2026.06.08 12:45:00,LONG,4301.11,4303.80000000,4289.2,4285.44000000,4324.93,4340.53000000,-1.0,-1.0000,REJECT_DUPLICATE_CLUSTER,candidate collision / duplicate suppression
2026.06.08 13:30:00,LONG,4303.55,4303.80000000,4289.71,4285.44000000,4331.23,4340.53000000,2.0,-1.0000,REJECT_DUPLICATE_CLUSTER,candidate collision / duplicate suppression
2026.06.09 09:10:00,SHORT,4341.36,4341.21000000,4349.05,4349.05000000,4325.97,4325.52000000,2.0,2.0013,EXECUTED,next-tick executable entry; spread; broker target normalization
2026.06.09 14:55:00,SHORT,4339.87,4341.21000000,4343.97,4349.05000000,4331.68,4325.52000000,-1.0,2.0013,REJECT_DUPLICATE_CLUSTER,candidate collision / duplicate suppression
2026.06.09 15:10:00,SHORT,4341.11,4341.21000000,4344.21,4349.05000000,4334.91,4325.52000000,2.0,2.0013,REJECT_DUPLICATE_CLUSTER,candidate collision / duplicate suppression
2026.06.09 15:50:00,SHORT,4337.4,4341.21000000,4344.49,4349.05000000,4323.21,4325.52000000,-1.0,2.0013,REJECT_DUPLICATE_CLUSTER,candidate collision / duplicate suppression
2026.06.09 16:05:00,SHORT,4341.34,4341.21000000,4345.78,4349.05000000,4332.47,4325.52000000,2.0,2.0013,REJECT_DUPLICATE_CLUSTER,candidate collision / duplicate suppression
2026.06.09 16:50:00,SHORT,4334.22,4341.21000000,4363.7,4349.05000000,4275.27,4325.52000000,2.0,2.0013,REJECT_DUPLICATE_CLUSTER,candidate collision / duplicate suppression
2026.06.10 11:15:00,LONG,4173.51,4173.87000000,4161.18,4161.18000000,4198.17,4199.25000000,-1.0,-1.0000,EXECUTED,next-tick executable entry; spread; broker target normalization
2026.06.10 13:45:00,LONG,4177.37,4173.87000000,4163.94,4161.18000000,4204.24,4199.25000000,-1.0,-1.0000,REJECT_DUPLICATE_CLUSTER,candidate collision / duplicate suppression
2026.06.10 16:40:00,LONG,4178.9,4173.87000000,4141.4,4161.18000000,4253.91,4199.25000000,-1.0,-1.0000,REJECT_DUPLICATE_CLUSTER,candidate collision / duplicate suppression
2026.06.12 10:35:00,LONG,4178.8,4178.96000000,4169.8,4169.80000000,4196.81,4197.29000000,2.0,2.0011,EXECUTED,next-tick executable entry; spread; broker target normalization
2026.06.15 11:55:00,SHORT,4334.26,4334.25000000,4339.65,4339.65000000,4323.47,4323.44000000,-1.0,-1.0000,EXECUTED,next-tick executable entry; spread; broker target normalization
2026.06.15 14:45:00,SHORT,4333.76,4334.25000000,4347.76,4339.65000000,4305.77,4323.44000000,-1.0,-1.0000,REJECT_DUPLICATE_CLUSTER,candidate collision / duplicate suppression
2026.06.15 20:00:00,SHORT,4333.89,4334.25000000,4340.74,4339.65000000,4320.19,4323.44000000,2.0,-1.0000,REJECT_DUPLICATE_CLUSTER,candidate collision / duplicate suppression
2026.06.16 16:55:00,SHORT,4331.83,4331.83000000,4340.57,4340.57000000,4314.35,4314.35000000,2.0,2.0000,EXECUTED,next-tick executable entry; spread; broker target normalization
2026.06.16 20:15:00,SHORT,4331.3,4331.83000000,4340.14,4340.57000000,4313.62,4314.35000000,-1.0,2.0000,REJECT_DUPLICATE_CLUSTER,candidate collision / duplicate suppression
2026.06.16 23:00:00,SHORT,4332.57,4331.83000000,4339.89,4340.57000000,4317.93,4314.35000000,-1.0,2.0000,REJECT_DUPLICATE_CLUSTER,candidate collision / duplicate suppression
2026.06.17 17:45:00,SHORT,4345.87,4345.88000000,4364.5,4364.50000000,4308.61,4308.64000000,-1.0,-1.0000,EXECUTED,next-tick executable entry; spread; broker target normalization
2026.06.17 21:00:00,SHORT,4316.46,4345.88000000,4381.97,4364.50000000,4185.44,4308.64000000,2.0,-1.0000,REJECT_DUPLICATE_CLUSTER,candidate collision / duplicate suppression
2026.06.19 08:10:00,LONG,4130.45,4130.63000000,4121.41,4121.41000000,4148.54,4149.08000000,2.0,2.0011,EXECUTED,next-tick executable entry; spread; broker target normalization
2026.06.23 09:10:00,LONG,4122.58,4122.73000000,4110.85,4110.85000000,4146.04,4146.49000000,-1.0,-1.0000,EXECUTED,next-tick executable entry; spread; broker target normalization
2026.06.23 09:45:00,LONG,4115.56,4122.73000000,4110.01,4110.85000000,4126.65,4146.49000000,-1.0,-1.0000,REJECT_DUPLICATE_CLUSTER,candidate collision / duplicate suppression
2026.06.23 12:20:00,LONG,4115.97,4122.73000000,4108.49,4110.85000000,4130.93,4146.49000000,2.0,-1.0000,REJECT_DUPLICATE_CLUSTER,candidate collision / duplicate suppression
2026.06.23 15:15:00,LONG,4117.76,4122.73000000,4111.48,4110.85000000,4130.32,4146.49000000,-1.0,-1.0000,REJECT_DUPLICATE_CLUSTER,candidate collision / duplicate suppression
2026.06.23 16:05:00,LONG,4116.43,4122.73000000,4107.78,4110.85000000,4133.72,4146.49000000,-1.0,-1.0000,REJECT_DUPLICATE_CLUSTER,candidate collision / duplicate suppression
2026.06.23 16:20:00,LONG,4116.42,4122.73000000,4104.97,4110.85000000,4139.33,4146.49000000,2.0,-1.0000,REJECT_DUPLICATE_CLUSTER,candidate collision / duplicate suppression
2026.06.23 21:50:00,LONG,4115.77,4122.73000000,4113.1,4110.85000000,4121.12,4146.49000000,2.0,-1.0000,REJECT_DUPLICATE_CLUSTER,candidate collision / duplicate suppression
2026.06.24 14:50:00,LONG,4054.76,4054.77000000,4038.89,4038.89000000,4086.51,4086.54000000,-1.0,-1.0000,EXECUTED,next-tick executable entry; spread; broker target normalization
2026.06.25 16:30:00,SHORT,4013.98,4013.79000000,4034.36,4034.36000000,3973.22,3972.65000000,-1.0,-1.0000,EXECUTED,next-tick executable entry; spread; broker target normalization
2026.06.26 10:35:00,SHORT,4036.18,4036.27000000,4039.99,4039.99000000,4028.56,4028.83000000,2.0,2.0000,EXECUTED,next-tick executable entry; spread; broker target normalization
2026.06.26 11:50:00,SHORT,4032.81,4036.27000000,4037.86,4039.99000000,4022.72,4028.83000000,-1.0,2.0000,REJECT_DUPLICATE_CLUSTER,candidate collision / duplicate suppression
2026.06.29 08:05:00,LONG,4052.74,4052.92000000,4047.0,4047.00000000,4064.23,4064.77000000,-1.0,-1.0000,EXECUTED,next-tick executable entry; spread; broker target normalization
2026.06.29 08:40:00,LONG,4050.59,4052.92000000,4039.1,4047.00000000,4073.57,4064.77000000,-1.0,-1.0000,REJECT_DUPLICATE_CLUSTER,candidate collision / duplicate suppression
2026.06.29 16:00:00,LONG,4050.64,4052.92000000,4042.25,4047.00000000,4067.42,4064.77000000,-1.0,-1.0000,REJECT_DUPLICATE_CLUSTER,candidate collision / duplicate suppression
2026.06.30 09:35:00,SHORT,4022.16,4022.15000000,4034.55,4034.55000000,3997.38,3997.35000000,-1.0,-1.0000,EXECUTED,next-tick executable entry; spread; broker target normalization
2026.06.30 11:15:00,SHORT,4021.91,4022.15000000,4037.92,4034.55000000,3989.89,3997.35000000,-1.0,-1.0000,REJECT_DUPLICATE_CLUSTER,candidate collision / duplicate suppression
2026.06.30 20:05:00,SHORT,4022.38,4022.15000000,4028.1,4034.55000000,4010.93,3997.35000000,-1.0,-1.0000,REJECT_DUPLICATE_CLUSTER,candidate collision / duplicate suppression
2026.06.30 22:20:00,SHORT,4021.93,4022.15000000,4025.24,4034.55000000,4015.3,3997.35000000,2.0,-1.0000,REJECT_DUPLICATE_CLUSTER,candidate collision / duplicate suppression
2026.07.01 09:40:00,LONG,3971.81,3971.90000000,3963.93,3963.93000000,3987.57,3987.84000000,-1.0,-1.0000,EXECUTED,next-tick executable entry; spread; broker target normalization
2026.07.01 10:40:00,LONG,3971.06,3971.90000000,3960.53,3963.93000000,3992.12,3987.84000000,2.0,-1.0000,REJECT_DUPLICATE_CLUSTER,candidate collision / duplicate suppression
2026.07.01 16:05:00,SHORT,4018.08,4018.05000000,4025.3,4025.30000000,4003.63,4003.54000000,-1.0,-1.0000,EXECUTED,next-tick executable entry; spread; broker target normalization
2026.07.02 09:05:00,SHORT,4069.79,4069.73000000,4076.17,4076.17000000,4057.02,4056.84000000,-1.0,-1.0000,EXECUTED,next-tick executable entry; spread; broker target normalization
2026.07.02 09:35:00,SHORT,4072.58,4069.73000000,4080.08,4076.17000000,4057.58,4056.84000000,2.0,-1.0000,REJECT_DUPLICATE_CLUSTER,candidate collision / duplicate suppression
2026.07.06 10:35:00,LONG,4158.59,4158.64000000,4150.99,4150.99000000,4173.79,4173.94000000,-1.0,-1.0000,EXECUTED,next-tick executable entry; spread; broker target normalization
2026.07.06 20:30:00,LONG,4158.21,4158.64000000,4154.17,4150.99000000,4166.3,4173.94000000,2.0,-1.0000,REJECT_DUPLICATE_CLUSTER,candidate collision / duplicate suppression
2026.07.07 08:05:00,LONG,4126.23,4126.47000000,4122.55,4122.55000000,4133.59,4134.31000000,-1.0,-1.0000,EXECUTED,next-tick executable entry; spread; broker target normalization
2026.07.07 08:20:00,LONG,4126.42,4126.47000000,4120.79,4122.55000000,4137.67,4134.31000000,-1.0,-1.0000,REJECT_DUPLICATE_CLUSTER,candidate collision / duplicate suppression
2026.07.07 08:50:00,LONG,4125.3,4126.47000000,4120.11,4122.55000000,4135.68,4134.31000000,2.0,-1.0000,REJECT_DUPLICATE_CLUSTER,candidate collision / duplicate suppression
2026.07.07 11:55:00,LONG,4126.02,4126.47000000,4121.67,4122.55000000,4134.71,4134.31000000,-1.0,-1.0000,REJECT_DUPLICATE_CLUSTER,candidate collision / duplicate suppression
2026.07.07 12:30:00,LONG,4127.39,4126.47000000,4119.57,4122.55000000,4143.02,4134.31000000,2.0,-1.0000,REJECT_DUPLICATE_CLUSTER,candidate collision / duplicate suppression
2026.07.07 15:20:00,SHORT,4164.11,4164.09000000,4175.48,4175.48000000,4141.38,4141.32000000,-1.0,-1.0000,EXECUTED,next-tick executable entry; spread; broker target normalization
2026.07.07 16:00:00,SHORT,4165.75,4164.09000000,4178.46,4175.48000000,4140.33,4141.32000000,-1.0,-1.0000,REJECT_DUPLICATE_CLUSTER,candidate collision / duplicate suppression
2026.07.07 16:50:00,SHORT,4165.9,4164.09000000,4180.41,4175.48000000,4136.89,4141.32000000,2.0,-1.0000,REJECT_DUPLICATE_CLUSTER,candidate collision / duplicate suppression
2026.07.08 08:10:00,SHORT,4125.85,4125.72000000,4134.2,4134.20000000,4109.15,4108.76000000,2.0,2.0000,EXECUTED,next-tick executable entry; spread; broker target normalization
2026.07.09 09:05:00,SHORT,4089.18,4089.21000000,4100.04,4100.04000000,4067.46,4067.55000000,-1.0,-1.0000,EXECUTED,next-tick executable entry; spread; broker target normalization
2026.07.10 10:55:00,LONG,4109.02,4109.21000000,4104.06,4104.06000000,4118.94,4119.51000000,-1.0,-1.0000,EXECUTED,next-tick executable entry; spread; broker target normalization
2026.07.10 13:20:00,LONG,4111.41,4109.21000000,4106.15,4104.06000000,4121.94,4119.51000000,-1.0,-1.0000,REJECT_DUPLICATE_CLUSTER,candidate collision / duplicate suppression
2026.07.10 15:10:00,LONG,4114.89,4109.21000000,4100.86,4104.06000000,4142.94,4119.51000000,-1.0,-1.0000,REJECT_DUPLICATE_CLUSTER,candidate collision / duplicate suppression
2026.07.10 18:45:00,LONG,4109.84,4109.21000000,4101.29,4104.06000000,4126.93,4119.51000000,-1.0,-1.0000,REJECT_DUPLICATE_CLUSTER,candidate collision / duplicate suppression
2026.07.10 23:00:00,LONG,4113.58,4109.21000000,4104.03,4104.06000000,4132.67,4119.51000000,-1.0,-1.0000,REJECT_DUPLICATE_CLUSTER,candidate collision / duplicate suppression
2026.07.13 09:05:00,LONG,4052.84,4052.87000000,4043.45,4043.45000000,4071.63,4071.72000000,2.0,2.0011,EXECUTED,next-tick executable entry; spread; broker target normalization
2026.07.13 13:45:00,LONG,4054.18,4052.87000000,4046.65,4043.45000000,4069.23,4071.72000000,-1.0,2.0011,REJECT_DUPLICATE_CLUSTER,candidate collision / duplicate suppression
2026.07.14 08:15:00,SHORT,4021.36,4021.37000000,4024.44,4024.44000000,4015.2,4015.23000000,-1.0,-1.0000,EXECUTED,next-tick executable entry; spread; broker target normalization
2026.07.14 09:25:00,SHORT,4023.01,4021.37000000,4029.41,4024.44000000,4010.21,4015.23000000,-1.0,-1.0000,REJECT_DUPLICATE_CLUSTER,candidate collision / duplicate suppression
2026.07.14 10:55:00,SHORT,4020.78,4021.37000000,4026.3,4024.44000000,4009.74,4015.23000000,-1.0,-1.0000,REJECT_DUPLICATE_CLUSTER,candidate collision / duplicate suppression
2026.07.15 08:35:00,LONG,4031.46,4031.65000000,4021.99,4021.99000000,4050.4,4050.97000000,-1.0,-1.0000,EXECUTED,next-tick executable entry; spread; broker target normalization
2026.07.15 09:35:00,LONG,4029.15,4031.65000000,4021.01,4021.99000000,4045.42,4050.97000000,-1.0,-1.0000,REJECT_DUPLICATE_CLUSTER,candidate collision / duplicate suppression
2026.07.15 11:40:00,LONG,4028.53,4031.65000000,4022.36,4021.99000000,4040.87,4050.97000000,2.0,-1.0000,REJECT_DUPLICATE_CLUSTER,candidate collision / duplicate suppression
2026.07.15 16:10:00,SHORT,4061.79,4061.63000000,4074.41,4074.41000000,4036.55,4036.07000000,2.0,2.0000,EXECUTED,next-tick executable entry; spread; broker target normalization
2026.07.15 19:40:00,LONG,4028.7,4031.65000000,4026.73,4021.99000000,4032.63,4050.97000000,2.0,-1.0000,REJECT_DUPLICATE_CLUSTER,candidate collision / duplicate suppression
2026.07.15 19:45:00,LONG,4035.69,4031.65000000,4026.71,4021.99000000,4053.65,4050.97000000,2.0,-1.0000,REJECT_DUPLICATE_CLUSTER,candidate collision / duplicate suppression
2026.07.15 21:55:00,SHORT,4059.15,4061.63000000,4068.83,4074.41000000,4039.79,4036.07000000,2.0,2.0000,REJECT_DUPLICATE_CLUSTER,candidate collision / duplicate suppression
2026.07.16 09:40:00,LONG,4027.04,4027.24000000,4022.75,4022.75000000,4035.63,4036.23000000,2.0,2.0022,EXECUTED,next-tick executable entry; spread; broker target normalization
2026.07.16 14:30:00,LONG,4029.88,4027.24000000,4021.13,4022.75000000,4047.38,4036.23000000,-1.0,2.0022,REJECT_DUPLICATE_CLUSTER,candidate collision / duplicate suppression
2026.07.16 15:25:00,LONG,4025.08,4027.24000000,4012.23,4022.75000000,4050.79,4036.23000000,-1.0,2.0022,REJECT_DUPLICATE_CLUSTER,candidate collision / duplicate suppression
2026.07.17 16:00:00,LONG,3974.17,3974.31000000,3959.09,3959.09000000,4004.33,4004.75000000,2.0,2.0000,EXECUTED,next-tick executable entry; spread; broker target normalization
2026.07.17 18:05:00,SHORT,4008.3,4008.21000000,4014.41,4014.41000000,3996.07,3995.80000000,-1.0,-1.0000,EXECUTED,next-tick executable entry; spread; broker target normalization
2026.07.17 21:40:00,SHORT,4008.16,4008.21000000,4013.4,4014.41000000,3997.68,3995.80000000,-1.0,-1.0000,REJECT_DUPLICATE_CLUSTER,candidate collision / duplicate suppression
2026.07.20 11:25:00,SHORT,4021.95,4021.94000000,4030.98,4030.98000000,4003.88,4003.85000000,-1.0,-1.0000,EXECUTED,next-tick executable entry; spread; broker target normalization
2026.07.20 14:45:00,SHORT,4027.62,4021.94000000,4033.62,4030.98000000,4015.62,4003.85000000,2.0,-1.0000,REJECT_DUPLICATE_CLUSTER,candidate collision / duplicate suppression
2026.07.21 08:20:00,SHORT,4051.02,4051.05000000,4053.66,4053.66000000,4045.73,4045.82000000,-1.0,-1.0000,EXECUTED,next-tick executable entry; spread; broker target normalization
2026.07.21 16:25:00,SHORT,4050.98,4051.05000000,4061.96,4053.66000000,4029.02,4045.82000000,-1.0,-1.0000,REJECT_DUPLICATE_CLUSTER,candidate collision / duplicate suppression
2026.07.22 20:35:00,SHORT,4139.04,4139.05000000,4147.69,4147.69000000,4121.74,4121.77000000,2.0,2.0000,EXECUTED,next-tick executable entry; spread; broker target normalization
