cluster_id,cluster_origin_id,consumed_event_id,rejected_event_id,consumed_signal_time,rejected_signal_time,minutes_after_consumed_signal,first_trade_close_time,after_first_trade_close,d032_accepted_as_trade,exact_event_duplicate,event_identity_class,execution_eligibility_class,audit_verdict
MSZZC1|6:XAUUSD|1:5|2:-1|1:4|18:ASIA_HIGH|20250303,ASIA_HIGH|20250303,SSRP|ASIA_HIGH|20250303|1741012200|FINAL,SSRP|ASIA_HIGH|20250303|1741012500|FINAL,2025.03.03 14:35:00,2025.03.03 14:40:00,5,2025.03.03 15:04:58,false,false,false,DISTINCT_TIMESTAMPED_REARM_EVENT,D032_REJECTED_BY_SAME_FAMILY_STACKING,DISTINCT_SETUP_SUPPRESSION
MSZZC1|6:XAUUSD|1:5|2:-1|1:4|18:ASIA_HIGH|20250303,ASIA_HIGH|20250303,SSRP|ASIA_HIGH|20250303|1741012200|FINAL,SSRP|ASIA_HIGH|20250303|1741013100|FINAL,2025.03.03 14:35:00,2025.03.03 14:50:00,15,2025.03.03 15:04:58,false,false,false,DISTINCT_TIMESTAMPED_REARM_EVENT,D032_REJECTED_BY_SAME_FAMILY_STACKING,DISTINCT_SETUP_SUPPRESSION
MSZZC1|6:XAUUSD|1:5|2:-1|1:4|18:ASIA_HIGH|20250303,ASIA_HIGH|20250303,SSRP|ASIA_HIGH|20250303|1741012200|FINAL,SSRP|ASIA_HIGH|20250303|1741013400|FINAL,2025.03.03 14:35:00,2025.03.03 14:55:00,20,2025.03.03 15:04:58,false,false,false,DISTINCT_TIMESTAMPED_REARM_EVENT,D032_REJECTED_BY_SAME_FAMILY_STACKING,DISTINCT_SETUP_SUPPRESSION
MSZZC1|6:XAUUSD|1:5|2:-1|1:4|18:ASIA_HIGH|20250303,ASIA_HIGH|20250303,SSRP|ASIA_HIGH|20250303|1741012200|FINAL,SSRP|ASIA_HIGH|20250303|1741019700|FINAL,2025.03.03 14:35:00,2025.03.03 16:55:00,140,2025.03.03 15:04:58,true,true,false,DISTINCT_TIMESTAMPED_REARM_EVENT,D032_ACCEPTED_DISTINCT_TRADE,DISTINCT_SETUP_SUPPRESSION
MSZZC1|6:XAUUSD|1:5|2:-1|1:4|18:ASIA_HIGH|20250305,ASIA_HIGH|20250305,SSRP|ASIA_HIGH|20250305|1741161600|FINAL,SSRP|ASIA_HIGH|20250305|1741162500|FINAL,2025.03.05 08:05:00,2025.03.05 08:25:00,20,2025.03.05 08:14:58,true,true,false,DISTINCT_TIMESTAMPED_REARM_EVENT,D032_ACCEPTED_DISTINCT_TRADE,DISTINCT_SETUP_SUPPRESSION
MSZZC1|6:XAUUSD|1:5|2:-1|1:4|18:ASIA_HIGH|20250305,ASIA_HIGH|20250305,SSRP|ASIA_HIGH|20250305|1741161600|FINAL,SSRP|ASIA_HIGH|20250305|1741163400|FINAL,2025.03.05 08:05:00,2025.03.05 08:35:00,30,2025.03.05 08:14:58,true,false,false,DISTINCT_TIMESTAMPED_REARM_EVENT,D032_REJECTED_BY_SAME_FAMILY_STACKING,DISTINCT_SETUP_SUPPRESSION
MSZZC1|6:XAUUSD|1:5|2:-1|1:4|18:ASIA_HIGH|20250305,ASIA_HIGH|20250305,SSRP|ASIA_HIGH|20250305|1741161600|FINAL,SSRP|ASIA_HIGH|20250305|1741163700|FINAL,2025.03.05 08:05:00,2025.03.05 08:40:00,35,2025.03.05 08:14:58,true,false,false,DISTINCT_TIMESTAMPED_REARM_EVENT,D032_REJECTED_BY_SAME_FAMILY_STACKING,DISTINCT_SETUP_SUPPRESSION
MSZZC1|6:XAUUSD|1:5|2:-1|1:4|18:ASIA_HIGH|20250305,ASIA_HIGH|20250305,SSRP|ASIA_HIGH|20250305|1741161600|FINAL,SSRP|ASIA_HIGH|20250305|1741165500|FINAL,2025.03.05 08:05:00,2025.03.05 09:10:00,65,2025.03.05 08:14:58,true,false,false,DISTINCT_TIMESTAMPED_REARM_EVENT,D032_REJECTED_BY_SAME_FAMILY_STACKING,DISTINCT_SETUP_SUPPRESSION
MSZZC1|6:XAUUSD|1:5|2:-1|1:4|18:ASIA_HIGH|20250305,ASIA_HIGH|20250305,SSRP|ASIA_HIGH|20250305|1741161600|FINAL,SSRP|ASIA_HIGH|20250305|1741172400|FINAL,2025.03.05 08:05:00,2025.03.05 11:15:00,190,2025.03.05 08:14:58,true,true,false,DISTINCT_TIMESTAMPED_REARM_EVENT,D032_ACCEPTED_DISTINCT_TRADE,DISTINCT_SETUP_SUPPRESSION
MSZZC1|6:XAUUSD|1:5|2:-1|1:4|18:ASIA_HIGH|20250305,ASIA_HIGH|20250305,SSRP|ASIA_HIGH|20250305|1741161600|FINAL,SSRP|ASIA_HIGH|20250305|1741173300|FINAL,2025.03.05 08:05:00,2025.03.05 11:20:00,195,2025.03.05 08:14:58,true,false,false,DISTINCT_TIMESTAMPED_REARM_EVENT,D032_REJECTED_BY_SAME_FAMILY_STACKING,DISTINCT_SETUP_SUPPRESSION
MSZZC1|6:XAUUSD|1:5|2:-1|1:4|18:ASIA_HIGH|20250305,ASIA_HIGH|20250305,SSRP|ASIA_HIGH|20250305|1741161600|FINAL,SSRP|ASIA_HIGH|20250305|1741175400|FINAL,2025.03.05 08:05:00,2025.03.05 12:00:00,235,2025.03.05 08:14:58,true,false,false,DISTINCT_TIMESTAMPED_REARM_EVENT,D032_REJECTED_BY_SAME_FAMILY_STACKING,DISTINCT_SETUP_SUPPRESSION
MSZZC1|6:XAUUSD|1:5|2:-1|1:4|18:ASIA_HIGH|20250305,ASIA_HIGH|20250305,SSRP|ASIA_HIGH|20250305|1741161600|FINAL,SSRP|ASIA_HIGH|20250305|1741176000|FINAL,2025.03.05 08:05:00,2025.03.05 12:05:00,240,2025.03.05 08:14:58,true,false,false,DISTINCT_TIMESTAMPED_REARM_EVENT,D032_REJECTED_BY_SAME_FAMILY_STACKING,DISTINCT_SETUP_SUPPRESSION
MSZZC1|6:XAUUSD|1:5|2:-1|1:4|18:ASIA_HIGH|20250305,ASIA_HIGH|20250305,SSRP|ASIA_HIGH|20250305|1741161600|FINAL,SSRP|ASIA_HIGH|20250305|1741184700|FINAL,2025.03.05 08:05:00,2025.03.05 14:30:00,385,2025.03.05 08:14:58,true,false,false,DISTINCT_TIMESTAMPED_REARM_EVENT,D032_REJECTED_BY_SAME_FAMILY_STACKING,DISTINCT_SETUP_SUPPRESSION
MSZZC1|6:XAUUSD|1:5|1:1|1:4|17:ASIA_LOW|20250305,ASIA_LOW|20250305,SSRP|ASIA_LOW|20250305|1741189800|FINAL,SSRP|ASIA_LOW|20250305|1741190400|FINAL,2025.03.05 16:00:00,2025.03.05 16:10:00,10,2025.03.05 18:24:58,false,false,false,DISTINCT_TIMESTAMPED_REARM_EVENT,D032_REJECTED_BY_SAME_FAMILY_STACKING,DISTINCT_SETUP_SUPPRESSION
MSZZC1|6:XAUUSD|1:5|1:1|1:4|17:ASIA_LOW|20250305,ASIA_LOW|20250305,SSRP|ASIA_LOW|20250305|1741189800|FINAL,SSRP|ASIA_LOW|20250305|1741191300|FINAL,2025.03.05 16:00:00,2025.03.05 16:20:00,20,2025.03.05 18:24:58,false,false,false,DISTINCT_TIMESTAMPED_REARM_EVENT,D032_REJECTED_BY_SAME_FAMILY_STACKING,DISTINCT_SETUP_SUPPRESSION
MSZZC1|6:XAUUSD|1:5|2:-1|1:4|18:ASIA_HIGH|20250305,ASIA_HIGH|20250305,SSRP|ASIA_HIGH|20250305|1741161600|FINAL,SSRP|ASIA_HIGH|20250305|1741194300|FINAL,2025.03.05 08:05:00,2025.03.05 17:10:00,545,2025.03.05 08:14:58,true,false,false,DISTINCT_TIMESTAMPED_REARM_EVENT,D032_REJECTED_BY_SAME_FAMILY_STACKING,DISTINCT_SETUP_SUPPRESSION
MSZZC1|6:XAUUSD|1:5|2:-1|1:4|18:ASIA_HIGH|20250305,ASIA_HIGH|20250305,SSRP|ASIA_HIGH|20250305|1741161600|FINAL,SSRP|ASIA_HIGH|20250305|1741195200|FINAL,2025.03.05 08:05:00,2025.03.05 17:25:00,560,2025.03.05 08:14:58,true,false,false,DISTINCT_TIMESTAMPED_REARM_EVENT,D032_REJECTED_BY_SAME_FAMILY_STACKING,DISTINCT_SETUP_SUPPRESSION
MSZZC1|6:XAUUSD|1:5|2:-1|1:4|18:ASIA_HIGH|20250305,ASIA_HIGH|20250305,SSRP|ASIA_HIGH|20250305|1741161600|FINAL,SSRP|ASIA_HIGH|20250305|1741196100|FINAL,2025.03.05 08:05:00,2025.03.05 17:50:00,585,2025.03.05 08:14:58,true,false,false,DISTINCT_TIMESTAMPED_REARM_EVENT,D032_REJECTED_BY_SAME_FAMILY_STACKING,DISTINCT_SETUP_SUPPRESSION
MSZZC1|6:XAUUSD|1:5|2:-1|1:4|18:ASIA_HIGH|20250305,ASIA_HIGH|20250305,SSRP|ASIA_HIGH|20250305|1741161600|FINAL,SSRP|ASIA_HIGH|20250305|1741197000|FINAL,2025.03.05 08:05:00,2025.03.05 17:55:00,590,2025.03.05 08:14:58,true,false,false,DISTINCT_TIMESTAMPED_REARM_EVENT,D032_REJECTED_BY_SAME_FAMILY_STACKING,DISTINCT_SETUP_SUPPRESSION
MSZZC1|6:XAUUSD|1:5|2:-1|1:4|18:ASIA_HIGH|20250305,ASIA_HIGH|20250305,SSRP|ASIA_HIGH|20250305|1741161600|FINAL,SSRP|ASIA_HIGH|20250305|1741201800|FINAL,2025.03.05 08:05:00,2025.03.05 19:20:00,675,2025.03.05 08:14:58,true,true,false,DISTINCT_TIMESTAMPED_REARM_EVENT,D032_ACCEPTED_DISTINCT_TRADE,DISTINCT_SETUP_SUPPRESSION
MSZZC1|6:XAUUSD|1:5|2:-1|1:4|18:ASIA_HIGH|20250305,ASIA_HIGH|20250305,SSRP|ASIA_HIGH|20250305|1741161600|FINAL,SSRP|ASIA_HIGH|20250305|1741202400|FINAL,2025.03.05 08:05:00,2025.03.05 19:25:00,680,2025.03.05 08:14:58,true,false,false,DISTINCT_TIMESTAMPED_REARM_EVENT,D032_REJECTED_BY_SAME_FAMILY_STACKING,DISTINCT_SETUP_SUPPRESSION
MSZZC1|6:XAUUSD|1:5|2:-1|1:4|18:ASIA_HIGH|20250305,ASIA_HIGH|20250305,SSRP|ASIA_HIGH|20250305|1741161600|FINAL,SSRP|ASIA_HIGH|20250305|1741205700|FINAL,2025.03.05 08:05:00,2025.03.05 20:25:00,740,2025.03.05 08:14:58,true,false,false,DISTINCT_TIMESTAMPED_REARM_EVENT,D032_REJECTED_BY_SAME_FAMILY_STACKING,DISTINCT_SETUP_SUPPRESSION
MSZZC1|6:XAUUSD|1:5|2:-1|1:4|18:ASIA_HIGH|20250305,ASIA_HIGH|20250305,SSRP|ASIA_HIGH|20250305|1741161600|FINAL,SSRP|ASIA_HIGH|20250305|1741206300|FINAL,2025.03.05 08:05:00,2025.03.05 20:30:00,745,2025.03.05 08:14:58,true,false,false,DISTINCT_TIMESTAMPED_REARM_EVENT,D032_REJECTED_BY_SAME_FAMILY_STACKING,DISTINCT_SETUP_SUPPRESSION
MSZZC1|6:XAUUSD|1:5|2:-1|1:4|18:ASIA_HIGH|20250305,ASIA_HIGH|20250305,SSRP|ASIA_HIGH|20250305|1741161600|FINAL,SSRP|ASIA_HIGH|20250305|1741210200|FINAL,2025.03.05 08:05:00,2025.03.05 21:40:00,815,2025.03.05 08:14:58,true,false,false,DISTINCT_TIMESTAMPED_REARM_EVENT,D032_REJECTED_BY_SAME_FAMILY_STACKING,DISTINCT_SETUP_SUPPRESSION
MSZZC1|6:XAUUSD|1:5|2:-1|1:4|18:ASIA_HIGH|20250305,ASIA_HIGH|20250305,SSRP|ASIA_HIGH|20250305|1741161600|FINAL,SSRP|ASIA_HIGH|20250305|1741215900|FINAL,2025.03.05 08:05:00,2025.03.05 23:15:00,910,2025.03.05 08:14:58,true,true,false,DISTINCT_TIMESTAMPED_REARM_EVENT,D032_ACCEPTED_DISTINCT_TRADE,DISTINCT_SETUP_SUPPRESSION
MSZZC1|6:XAUUSD|1:5|2:-1|1:4|18:ASIA_HIGH|20250305,ASIA_HIGH|20250305,SSRP|ASIA_HIGH|20250305|1741161600|FINAL,SSRP|ASIA_HIGH|20250305|1741217100|FINAL,2025.03.05 08:05:00,2025.03.05 23:40:00,935,2025.03.05 08:14:58,true,false,false,DISTINCT_TIMESTAMPED_REARM_EVENT,D032_REJECTED_BY_SAME_FAMILY_STACKING,DISTINCT_SETUP_SUPPRESSION
MSZZC1|6:XAUUSD|1:5|2:-1|1:4|18:ASIA_HIGH|20250305,ASIA_HIGH|20250305,SSRP|ASIA_HIGH|20250305|1741161600|FINAL,SSRP|ASIA_HIGH|20250305|1741218000|FINAL,2025.03.05 08:05:00,2025.03.05 23:45:00,940,2025.03.05 08:14:58,true,false,false,DISTINCT_TIMESTAMPED_REARM_EVENT,D032_REJECTED_BY_SAME_FAMILY_STACKING,DISTINCT_SETUP_SUPPRESSION
MSZZC1|6:XAUUSD|1:5|2:-1|1:4|18:ASIA_HIGH|20250305,ASIA_HIGH|20250305,SSRP|ASIA_HIGH|20250305|1741161600|FINAL,SSRP|ASIA_HIGH|20250305|1741218600|FINAL,2025.03.05 08:05:00,2025.03.05 23:55:00,950,2025.03.05 08:14:58,true,false,false,DISTINCT_TIMESTAMPED_REARM_EVENT,D032_REJECTED_BY_SAME_FAMILY_STACKING,DISTINCT_SETUP_SUPPRESSION
MSZZC1|6:XAUUSD|1:5|1:1|1:4|17:ASIA_LOW|20250306,ASIA_LOW|20250306,SSRP|ASIA_LOW|20250306|1741253400|FINAL,SSRP|ASIA_LOW|20250306|1741254000|FINAL,2025.03.06 09:40:00,2025.03.06 09:45:00,5,2025.03.06 09:59:58,false,false,false,DISTINCT_TIMESTAMPED_REARM_EVENT,D032_REJECTED_BY_SAME_FAMILY_STACKING,DISTINCT_SETUP_SUPPRESSION
MSZZC1|6:XAUUSD|1:5|1:1|1:4|17:ASIA_LOW|20250306,ASIA_LOW|20250306,SSRP|ASIA_LOW|20250306|1741253400|FINAL,SSRP|ASIA_LOW|20250306|1741278900|FINAL,2025.03.06 09:40:00,2025.03.06 16:50:00,430,2025.03.06 09:59:58,true,true,false,DISTINCT_TIMESTAMPED_REARM_EVENT,D032_ACCEPTED_DISTINCT_TRADE,DISTINCT_SETUP_SUPPRESSION
MSZZC1|6:XAUUSD|1:5|1:1|1:4|17:ASIA_LOW|20250306,ASIA_LOW|20250306,SSRP|ASIA_LOW|20250306|1741253400|FINAL,SSRP|ASIA_LOW|20250306|1741280100|FINAL,2025.03.06 09:40:00,2025.03.06 17:00:00,440,2025.03.06 09:59:58,true,false,false,DISTINCT_TIMESTAMPED_REARM_EVENT,D032_REJECTED_BY_SAME_FAMILY_STACKING,DISTINCT_SETUP_SUPPRESSION
MSZZC1|6:XAUUSD|1:5|1:1|1:4|17:ASIA_LOW|20250306,ASIA_LOW|20250306,SSRP|ASIA_LOW|20250306|1741253400|FINAL,SSRP|ASIA_LOW|20250306|1741282500|FINAL,2025.03.06 09:40:00,2025.03.06 17:45:00,485,2025.03.06 09:59:58,true,true,false,DISTINCT_TIMESTAMPED_REARM_EVENT,D032_ACCEPTED_DISTINCT_TRADE,DISTINCT_SETUP_SUPPRESSION
MSZZC1|6:XAUUSD|1:5|1:1|1:4|17:ASIA_LOW|20250306,ASIA_LOW|20250306,SSRP|ASIA_LOW|20250306|1741253400|FINAL,SSRP|ASIA_LOW|20250306|1741283100|FINAL,2025.03.06 09:40:00,2025.03.06 18:00:00,500,2025.03.06 09:59:58,true,false,false,DISTINCT_TIMESTAMPED_REARM_EVENT,D032_REJECTED_BY_SAME_FAMILY_STACKING,DISTINCT_SETUP_SUPPRESSION
MSZZC1|6:XAUUSD|1:5|1:1|1:4|17:ASIA_LOW|20250306,ASIA_LOW|20250306,SSRP|ASIA_LOW|20250306|1741253400|FINAL,SSRP|ASIA_LOW|20250306|1741284300|FINAL,2025.03.06 09:40:00,2025.03.06 18:15:00,515,2025.03.06 09:59:58,true,false,false,DISTINCT_TIMESTAMPED_REARM_EVENT,D032_REJECTED_BY_SAME_FAMILY_STACKING,DISTINCT_SETUP_SUPPRESSION
MSZZC1|6:XAUUSD|1:5|1:1|1:4|17:ASIA_LOW|20250306,ASIA_LOW|20250306,SSRP|ASIA_LOW|20250306|1741253400|FINAL,SSRP|ASIA_LOW|20250306|1741284900|FINAL,2025.03.06 09:40:00,2025.03.06 18:20:00,520,2025.03.06 09:59:58,true,false,false,DISTINCT_TIMESTAMPED_REARM_EVENT,D032_REJECTED_BY_SAME_FAMILY_STACKING,DISTINCT_SETUP_SUPPRESSION
MSZZC1|6:XAUUSD|1:5|1:1|1:4|17:ASIA_LOW|20250306,ASIA_LOW|20250306,SSRP|ASIA_LOW|20250306|1741253400|FINAL,SSRP|ASIA_LOW|20250306|1741293600|FINAL,2025.03.06 09:40:00,2025.03.06 20:45:00,665,2025.03.06 09:59:58,true,false,false,DISTINCT_TIMESTAMPED_REARM_EVENT,D032_REJECTED_BY_SAME_FAMILY_STACKING,DISTINCT_SETUP_SUPPRESSION
MSZZC1|6:XAUUSD|1:5|1:1|1:4|17:ASIA_LOW|20250306,ASIA_LOW|20250306,SSRP|ASIA_LOW|20250306|1741253400|FINAL,SSRP|ASIA_LOW|20250306|1741293900|FINAL,2025.03.06 09:40:00,2025.03.06 20:50:00,670,2025.03.06 09:59:58,true,false,false,DISTINCT_TIMESTAMPED_REARM_EVENT,D032_REJECTED_BY_SAME_FAMILY_STACKING,DISTINCT_SETUP_SUPPRESSION
MSZZC1|6:XAUUSD|1:5|1:1|1:4|17:ASIA_LOW|20250306,ASIA_LOW|20250306,SSRP|ASIA_LOW|20250306|1741253400|FINAL,SSRP|ASIA_LOW|20250306|1741296000|FINAL,2025.03.06 09:40:00,2025.03.06 21:45:00,725,2025.03.06 09:59:58,true,false,false,DISTINCT_TIMESTAMPED_REARM_EVENT,D032_REJECTED_BY_SAME_FAMILY_STACKING,DISTINCT_SETUP_SUPPRESSION
MSZZC1|6:XAUUSD|1:5|1:1|1:4|17:ASIA_LOW|20250306,ASIA_LOW|20250306,SSRP|ASIA_LOW|20250306|1741253400|FINAL,SSRP|ASIA_LOW|20250306|1741297500|FINAL,2025.03.06 09:40:00,2025.03.06 21:50:00,730,2025.03.06 09:59:58,true,false,false,DISTINCT_TIMESTAMPED_REARM_EVENT,D032_REJECTED_BY_SAME_FAMILY_STACKING,DISTINCT_SETUP_SUPPRESSION
MSZZC1|6:XAUUSD|1:5|1:1|1:4|17:ASIA_LOW|20250306,ASIA_LOW|20250306,SSRP|ASIA_LOW|20250306|1741253400|FINAL,SSRP|ASIA_LOW|20250306|1741298100|FINAL,2025.03.06 09:40:00,2025.03.06 22:00:00,740,2025.03.06 09:59:58,true,false,false,DISTINCT_TIMESTAMPED_REARM_EVENT,D032_REJECTED_BY_SAME_FAMILY_STACKING,DISTINCT_SETUP_SUPPRESSION
MSZZC1|6:XAUUSD|1:5|1:1|1:4|17:ASIA_LOW|20250306,ASIA_LOW|20250306,SSRP|ASIA_LOW|20250306|1741253400|FINAL,SSRP|ASIA_LOW|20250306|1741298400|FINAL,2025.03.06 09:40:00,2025.03.06 22:05:00,745,2025.03.06 09:59:58,true,false,false,DISTINCT_TIMESTAMPED_REARM_EVENT,D032_REJECTED_BY_SAME_FAMILY_STACKING,DISTINCT_SETUP_SUPPRESSION
MSZZC1|6:XAUUSD|1:5|2:-1|1:4|18:ASIA_HIGH|20250307,ASIA_HIGH|20250307,SSRP|ASIA_HIGH|20250307|1741336200|FINAL,SSRP|ASIA_HIGH|20250307|1741336800|FINAL,2025.03.07 08:35:00,2025.03.07 08:45:00,10,2025.03.07 09:44:58,false,false,false,DISTINCT_TIMESTAMPED_REARM_EVENT,D032_REJECTED_BY_SAME_FAMILY_STACKING,DISTINCT_SETUP_SUPPRESSION
MSZZC1|6:XAUUSD|1:5|2:-1|1:4|18:ASIA_HIGH|20250307,ASIA_HIGH|20250307,SSRP|ASIA_HIGH|20250307|1741336200|FINAL,SSRP|ASIA_HIGH|20250307|1741338000|FINAL,2025.03.07 08:35:00,2025.03.07 09:05:00,30,2025.03.07 09:44:58,false,false,false,DISTINCT_TIMESTAMPED_REARM_EVENT,D032_REJECTED_BY_SAME_FAMILY_STACKING,DISTINCT_SETUP_SUPPRESSION
MSZZC1|6:XAUUSD|1:5|2:-1|1:4|18:ASIA_HIGH|20250307,ASIA_HIGH|20250307,SSRP|ASIA_HIGH|20250307|1741336200|FINAL,SSRP|ASIA_HIGH|20250307|1741338300|FINAL,2025.03.07 08:35:00,2025.03.07 09:20:00,45,2025.03.07 09:44:58,false,false,false,DISTINCT_TIMESTAMPED_REARM_EVENT,D032_REJECTED_BY_SAME_FAMILY_STACKING,DISTINCT_SETUP_SUPPRESSION
MSZZC1|6:XAUUSD|1:5|2:-1|1:4|18:ASIA_HIGH|20250307,ASIA_HIGH|20250307,SSRP|ASIA_HIGH|20250307|1741336200|FINAL,SSRP|ASIA_HIGH|20250307|1741339200|FINAL,2025.03.07 08:35:00,2025.03.07 09:25:00,50,2025.03.07 09:44:58,false,false,false,DISTINCT_TIMESTAMPED_REARM_EVENT,D032_REJECTED_BY_SAME_FAMILY_STACKING,DISTINCT_SETUP_SUPPRESSION
MSZZC1|6:XAUUSD|1:5|2:-1|1:4|18:ASIA_HIGH|20250307,ASIA_HIGH|20250307,SSRP|ASIA_HIGH|20250307|1741336200|FINAL,SSRP|ASIA_HIGH|20250307|1741360200|FINAL,2025.03.07 08:35:00,2025.03.07 15:20:00,405,2025.03.07 09:44:58,true,true,false,DISTINCT_TIMESTAMPED_REARM_EVENT,D032_ACCEPTED_DISTINCT_TRADE,DISTINCT_SETUP_SUPPRESSION
MSZZC1|6:XAUUSD|1:5|2:-1|1:4|18:ASIA_HIGH|20250307,ASIA_HIGH|20250307,SSRP|ASIA_HIGH|20250307|1741336200|FINAL,SSRP|ASIA_HIGH|20250307|1741360800|FINAL,2025.03.07 08:35:00,2025.03.07 15:25:00,410,2025.03.07 09:44:58,true,false,false,DISTINCT_TIMESTAMPED_REARM_EVENT,D032_REJECTED_BY_SAME_FAMILY_STACKING,DISTINCT_SETUP_SUPPRESSION
MSZZC1|6:XAUUSD|1:5|2:-1|1:4|18:ASIA_HIGH|20250307,ASIA_HIGH|20250307,SSRP|ASIA_HIGH|20250307|1741336200|FINAL,SSRP|ASIA_HIGH|20250307|1741362600|FINAL,2025.03.07 08:35:00,2025.03.07 16:00:00,445,2025.03.07 09:44:58,true,true,false,DISTINCT_TIMESTAMPED_REARM_EVENT,D032_ACCEPTED_DISTINCT_TRADE,DISTINCT_SETUP_SUPPRESSION
MSZZC1|6:XAUUSD|1:5|2:-1|1:4|18:ASIA_HIGH|20250307,ASIA_HIGH|20250307,SSRP|ASIA_HIGH|20250307|1741336200|FINAL,SSRP|ASIA_HIGH|20250307|1741368900|FINAL,2025.03.07 08:35:00,2025.03.07 17:45:00,550,2025.03.07 09:44:58,true,true,false,DISTINCT_TIMESTAMPED_REARM_EVENT,D032_ACCEPTED_DISTINCT_TRADE,DISTINCT_SETUP_SUPPRESSION
MSZZC1|6:XAUUSD|1:5|2:-1|1:4|18:ASIA_HIGH|20250307,ASIA_HIGH|20250307,SSRP|ASIA_HIGH|20250307|1741336200|FINAL,SSRP|ASIA_HIGH|20250307|1741373100|FINAL,2025.03.07 08:35:00,2025.03.07 19:10:00,635,2025.03.07 09:44:58,true,false,false,DISTINCT_TIMESTAMPED_REARM_EVENT,D032_REJECTED_BY_SAME_FAMILY_STACKING,DISTINCT_SETUP_SUPPRESSION
MSZZC1|6:XAUUSD|1:5|2:-1|1:4|18:ASIA_HIGH|20250307,ASIA_HIGH|20250307,SSRP|ASIA_HIGH|20250307|1741336200|FINAL,SSRP|ASIA_HIGH|20250307|1741374600|FINAL,2025.03.07 08:35:00,2025.03.07 19:15:00,640,2025.03.07 09:44:58,true,false,false,DISTINCT_TIMESTAMPED_REARM_EVENT,D032_REJECTED_BY_SAME_FAMILY_STACKING,DISTINCT_SETUP_SUPPRESSION
MSZZC1|6:XAUUSD|1:5|1:1|1:4|17:ASIA_LOW|20250310,ASIA_LOW|20250310,SSRP|ASIA_LOW|20250310|1741598700|FINAL,SSRP|ASIA_LOW|20250310|1741599300|FINAL,2025.03.10 09:35:00,2025.03.10 09:40:00,5,2025.03.10 11:54:58,false,false,false,DISTINCT_TIMESTAMPED_REARM_EVENT,D032_REJECTED_BY_SAME_FAMILY_STACKING,DISTINCT_SETUP_SUPPRESSION
MSZZC1|6:XAUUSD|1:5|1:1|1:4|17:ASIA_LOW|20250310,ASIA_LOW|20250310,SSRP|ASIA_LOW|20250310|1741598700|FINAL,SSRP|ASIA_LOW|20250310|1741607400|FINAL,2025.03.10 09:35:00,2025.03.10 11:55:00,140,2025.03.10 11:54:58,true,false,false,DISTINCT_TIMESTAMPED_REARM_EVENT,D032_REJECTED_BY_SAME_FAMILY_STACKING,DISTINCT_SETUP_SUPPRESSION
MSZZC1|6:XAUUSD|1:5|1:1|1:4|17:ASIA_LOW|20250310,ASIA_LOW|20250310,SSRP|ASIA_LOW|20250310|1741598700|FINAL,SSRP|ASIA_LOW|20250310|1741607700|FINAL,2025.03.10 09:35:00,2025.03.10 12:00:00,145,2025.03.10 11:54:58,true,false,false,DISTINCT_TIMESTAMPED_REARM_EVENT,D032_REJECTED_BY_SAME_FAMILY_STACKING,DISTINCT_SETUP_SUPPRESSION
MSZZC1|6:XAUUSD|1:5|1:1|1:4|17:ASIA_LOW|20250310,ASIA_LOW|20250310,SSRP|ASIA_LOW|20250310|1741598700|FINAL,SSRP|ASIA_LOW|20250310|1741608000|FINAL,2025.03.10 09:35:00,2025.03.10 12:05:00,150,2025.03.10 11:54:58,true,false,false,DISTINCT_TIMESTAMPED_REARM_EVENT,D032_REJECTED_BY_SAME_FAMILY_STACKING,DISTINCT_SETUP_SUPPRESSION
MSZZC1|6:XAUUSD|1:5|1:1|1:4|17:ASIA_LOW|20250310,ASIA_LOW|20250310,SSRP|ASIA_LOW|20250310|1741598700|FINAL,SSRP|ASIA_LOW|20250310|1741611900|FINAL,2025.03.10 09:35:00,2025.03.10 13:10:00,215,2025.03.10 11:54:58,true,false,false,DISTINCT_TIMESTAMPED_REARM_EVENT,D032_REJECTED_BY_SAME_FAMILY_STACKING,DISTINCT_SETUP_SUPPRESSION
MSZZC1|6:XAUUSD|1:5|1:1|1:4|17:ASIA_LOW|20250310,ASIA_LOW|20250310,SSRP|ASIA_LOW|20250310|1741598700|FINAL,SSRP|ASIA_LOW|20250310|1741612200|FINAL,2025.03.10 09:35:00,2025.03.10 13:15:00,220,2025.03.10 11:54:58,true,false,false,DISTINCT_TIMESTAMPED_REARM_EVENT,D032_REJECTED_BY_SAME_FAMILY_STACKING,DISTINCT_SETUP_SUPPRESSION
MSZZC1|6:XAUUSD|1:5|1:1|1:4|17:ASIA_LOW|20250310,ASIA_LOW|20250310,SSRP|ASIA_LOW|20250310|1741598700|FINAL,SSRP|ASIA_LOW|20250310|1741612500|FINAL,2025.03.10 09:35:00,2025.03.10 13:20:00,225,2025.03.10 11:54:58,true,false,false,DISTINCT_TIMESTAMPED_REARM_EVENT,D032_REJECTED_BY_SAME_FAMILY_STACKING,DISTINCT_SETUP_SUPPRESSION
MSZZC1|6:XAUUSD|1:5|1:1|1:4|17:ASIA_LOW|20250310,ASIA_LOW|20250310,SSRP|ASIA_LOW|20250310|1741598700|FINAL,SSRP|ASIA_LOW|20250310|1741615200|FINAL,2025.03.10 09:35:00,2025.03.10 14:05:00,270,2025.03.10 11:54:58,true,false,false,DISTINCT_TIMESTAMPED_REARM_EVENT,D032_REJECTED_BY_SAME_FAMILY_STACKING,DISTINCT_SETUP_SUPPRESSION
MSZZC1|6:XAUUSD|1:5|2:-1|1:4|18:ASIA_HIGH|20250311,ASIA_HIGH|20250311,SSRP|ASIA_HIGH|20250311|1741689000|FINAL,SSRP|ASIA_HIGH|20250311|1741689300|FINAL,2025.03.11 10:35:00,2025.03.11 10:40:00,5,2025.03.11 10:54:58,false,false,false,DISTINCT_TIMESTAMPED_REARM_EVENT,D032_REJECTED_BY_SAME_FAMILY_STACKING,DISTINCT_SETUP_SUPPRESSION
MSZZC1|6:XAUUSD|1:5|2:-1|1:4|18:ASIA_HIGH|20250311,ASIA_HIGH|20250311,SSRP|ASIA_HIGH|20250311|1741689000|FINAL,SSRP|ASIA_HIGH|20250311|1741691100|FINAL,2025.03.11 10:35:00,2025.03.11 11:10:00,35,2025.03.11 10:54:58,true,true,false,DISTINCT_TIMESTAMPED_REARM_EVENT,D032_ACCEPTED_DISTINCT_TRADE,DISTINCT_SETUP_SUPPRESSION
MSZZC1|6:XAUUSD|1:5|2:-1|1:4|18:ASIA_HIGH|20250311,ASIA_HIGH|20250311,SSRP|ASIA_HIGH|20250311|1741689000|FINAL,SSRP|ASIA_HIGH|20250311|1741691400|FINAL,2025.03.11 10:35:00,2025.03.11 11:15:00,40,2025.03.11 10:54:58,true,false,false,DISTINCT_TIMESTAMPED_REARM_EVENT,D032_REJECTED_BY_SAME_FAMILY_STACKING,DISTINCT_SETUP_SUPPRESSION
MSZZC1|6:XAUUSD|1:5|2:-1|1:4|18:ASIA_HIGH|20250311,ASIA_HIGH|20250311,SSRP|ASIA_HIGH|20250311|1741689000|FINAL,SSRP|ASIA_HIGH|20250311|1741692300|FINAL,2025.03.11 10:35:00,2025.03.11 11:30:00,55,2025.03.11 10:54:58,true,false,false,DISTINCT_TIMESTAMPED_REARM_EVENT,D032_REJECTED_BY_SAME_FAMILY_STACKING,DISTINCT_SETUP_SUPPRESSION
MSZZC1|6:XAUUSD|1:5|2:-1|1:4|18:ASIA_HIGH|20250311,ASIA_HIGH|20250311,SSRP|ASIA_HIGH|20250311|1741689000|FINAL,SSRP|ASIA_HIGH|20250311|1741692600|FINAL,2025.03.11 10:35:00,2025.03.11 11:35:00,60,2025.03.11 10:54:58,true,false,false,DISTINCT_TIMESTAMPED_REARM_EVENT,D032_REJECTED_BY_SAME_FAMILY_STACKING,DISTINCT_SETUP_SUPPRESSION
MSZZC1|6:XAUUSD|1:5|2:-1|1:4|18:ASIA_HIGH|20250311,ASIA_HIGH|20250311,SSRP|ASIA_HIGH|20250311|1741689000|FINAL,SSRP|ASIA_HIGH|20250311|1741693200|FINAL,2025.03.11 10:35:00,2025.03.11 11:45:00,70,2025.03.11 10:54:58,true,false,false,DISTINCT_TIMESTAMPED_REARM_EVENT,D032_REJECTED_BY_SAME_FAMILY_STACKING,DISTINCT_SETUP_SUPPRESSION
MSZZC1|6:XAUUSD|1:5|1:1|1:4|17:ASIA_LOW|20250312,ASIA_LOW|20250312,SSRP|ASIA_LOW|20250312|1741777500|FINAL,SSRP|ASIA_LOW|20250312|1741778100|FINAL,2025.03.12 11:10:00,2025.03.12 11:20:00,10,2025.03.12 11:24:57,false,true,false,DISTINCT_TIMESTAMPED_REARM_EVENT,D032_ACCEPTED_DISTINCT_TRADE,DISTINCT_SETUP_SUPPRESSION
MSZZC1|6:XAUUSD|1:5|1:1|1:4|17:ASIA_LOW|20250312,ASIA_LOW|20250312,SSRP|ASIA_LOW|20250312|1741777500|FINAL,SSRP|ASIA_LOW|20250312|1741778400|FINAL,2025.03.12 11:10:00,2025.03.12 11:25:00,15,2025.03.12 11:24:57,true,false,false,DISTINCT_TIMESTAMPED_REARM_EVENT,D032_REJECTED_BY_SAME_FAMILY_STACKING,DISTINCT_SETUP_SUPPRESSION
MSZZC1|6:XAUUSD|1:5|2:-1|1:4|18:ASIA_HIGH|20250312,ASIA_HIGH|20250312,SSRP|ASIA_HIGH|20250312|1741773900|FINAL,SSRP|ASIA_HIGH|20250312|1741784700|FINAL,2025.03.12 10:20:00,2025.03.12 13:10:00,170,2025.03.12 11:15:00,true,true,false,DISTINCT_TIMESTAMPED_REARM_EVENT,D032_ACCEPTED_DISTINCT_TRADE,DISTINCT_SETUP_SUPPRESSION
MSZZC1|6:XAUUSD|1:5|2:-1|1:4|18:ASIA_HIGH|20250312,ASIA_HIGH|20250312,SSRP|ASIA_HIGH|20250312|1741773900|FINAL,SSRP|ASIA_HIGH|20250312|1741785000|FINAL,2025.03.12 10:20:00,2025.03.12 13:35:00,195,2025.03.12 11:15:00,true,false,false,DISTINCT_TIMESTAMPED_REARM_EVENT,D032_REJECTED_BY_SAME_FAMILY_STACKING,DISTINCT_SETUP_SUPPRESSION
MSZZC1|6:XAUUSD|1:5|2:-1|1:4|18:ASIA_HIGH|20250312,ASIA_HIGH|20250312,SSRP|ASIA_HIGH|20250312|1741773900|FINAL,SSRP|ASIA_HIGH|20250312|1741797000|FINAL,2025.03.12 10:20:00,2025.03.12 16:40:00,380,2025.03.12 11:15:00,true,true,false,DISTINCT_TIMESTAMPED_REARM_EVENT,D032_ACCEPTED_DISTINCT_TRADE,DISTINCT_SETUP_SUPPRESSION
MSZZC1|6:XAUUSD|1:5|2:-1|1:4|18:ASIA_HIGH|20250312,ASIA_HIGH|20250312,SSRP|ASIA_HIGH|20250312|1741773900|FINAL,SSRP|ASIA_HIGH|20250312|1741797600|FINAL,2025.03.12 10:20:00,2025.03.12 16:45:00,385,2025.03.12 11:15:00,true,false,false,DISTINCT_TIMESTAMPED_REARM_EVENT,D032_REJECTED_BY_SAME_FAMILY_STACKING,DISTINCT_SETUP_SUPPRESSION
MSZZC1|6:XAUUSD|1:5|1:1|1:4|17:ASIA_LOW|20250312,ASIA_LOW|20250312,SSRP|ASIA_LOW|20250312|1741777500|FINAL,SSRP|ASIA_LOW|20250312|1741800000|FINAL,2025.03.12 11:10:00,2025.03.12 17:30:00,380,2025.03.12 11:24:57,true,true,false,DISTINCT_TIMESTAMPED_REARM_EVENT,D032_ACCEPTED_DISTINCT_TRADE,DISTINCT_SETUP_SUPPRESSION
MSZZC1|6:XAUUSD|1:5|1:1|1:4|17:ASIA_LOW|20250312,ASIA_LOW|20250312,SSRP|ASIA_LOW|20250312|1741777500|FINAL,SSRP|ASIA_LOW|20250312|1741800600|FINAL,2025.03.12 11:10:00,2025.03.12 17:35:00,385,2025.03.12 11:24:57,true,false,false,DISTINCT_TIMESTAMPED_REARM_EVENT,D032_REJECTED_BY_SAME_FAMILY_STACKING,DISTINCT_SETUP_SUPPRESSION
MSZZC1|6:XAUUSD|1:5|1:1|1:4|17:ASIA_LOW|20250312,ASIA_LOW|20250312,SSRP|ASIA_LOW|20250312|1741777500|FINAL,SSRP|ASIA_LOW|20250312|1741800900|FINAL,2025.03.12 11:10:00,2025.03.12 17:40:00,390,2025.03.12 11:24:57,true,false,false,DISTINCT_TIMESTAMPED_REARM_EVENT,D032_REJECTED_BY_SAME_FAMILY_STACKING,DISTINCT_SETUP_SUPPRESSION
MSZZC1|6:XAUUSD|1:5|1:1|1:4|17:ASIA_LOW|20250312,ASIA_LOW|20250312,SSRP|ASIA_LOW|20250312|1741777500|FINAL,SSRP|ASIA_LOW|20250312|1741801200|FINAL,2025.03.12 11:10:00,2025.03.12 17:45:00,395,2025.03.12 11:24:57,true,false,false,DISTINCT_TIMESTAMPED_REARM_EVENT,D032_REJECTED_BY_SAME_FAMILY_STACKING,DISTINCT_SETUP_SUPPRESSION
MSZZC1|6:XAUUSD|1:5|2:-1|1:4|18:ASIA_HIGH|20250313,ASIA_HIGH|20250313,SSRP|ASIA_HIGH|20250313|1741872000|FINAL,SSRP|ASIA_HIGH|20250313|1741874400|FINAL,2025.03.13 13:25:00,2025.03.13 14:05:00,40,2025.03.13 13:34:58,true,true,false,DISTINCT_TIMESTAMPED_REARM_EVENT,D032_ACCEPTED_DISTINCT_TRADE,DISTINCT_SETUP_SUPPRESSION
MSZZC1|6:XAUUSD|1:5|2:-1|1:4|18:ASIA_HIGH|20250313,ASIA_HIGH|20250313,SSRP|ASIA_HIGH|20250313|1741872000|FINAL,SSRP|ASIA_HIGH|20250313|1741874700|FINAL,2025.03.13 13:25:00,2025.03.13 14:10:00,45,2025.03.13 13:34:58,true,false,false,DISTINCT_TIMESTAMPED_REARM_EVENT,D032_REJECTED_BY_SAME_FAMILY_STACKING,DISTINCT_SETUP_SUPPRESSION
MSZZC1|6:XAUUSD|1:5|2:-1|1:4|18:ASIA_HIGH|20250313,ASIA_HIGH|20250313,SSRP|ASIA_HIGH|20250313|1741872000|FINAL,SSRP|ASIA_HIGH|20250313|1741878600|FINAL,2025.03.13 13:25:00,2025.03.13 15:15:00,110,2025.03.13 13:34:58,true,false,false,DISTINCT_TIMESTAMPED_REARM_EVENT,D032_REJECTED_BY_SAME_FAMILY_STACKING,DISTINCT_SETUP_SUPPRESSION
MSZZC1|6:XAUUSD|1:5|2:-1|1:4|18:ASIA_HIGH|20250313,ASIA_HIGH|20250313,SSRP|ASIA_HIGH|20250313|1741872000|FINAL,SSRP|ASIA_HIGH|20250313|1741880400|FINAL,2025.03.13 13:25:00,2025.03.13 15:55:00,150,2025.03.13 13:34:58,true,false,false,DISTINCT_TIMESTAMPED_REARM_EVENT,D032_REJECTED_BY_SAME_FAMILY_STACKING,DISTINCT_SETUP_SUPPRESSION
MSZZC1|6:XAUUSD|1:5|2:-1|1:4|18:ASIA_HIGH|20250313,ASIA_HIGH|20250313,SSRP|ASIA_HIGH|20250313|1741872000|FINAL,SSRP|ASIA_HIGH|20250313|1741881600|FINAL,2025.03.13 13:25:00,2025.03.13 16:10:00,165,2025.03.13 13:34:58,true,true,false,DISTINCT_TIMESTAMPED_REARM_EVENT,D032_ACCEPTED_DISTINCT_TRADE,DISTINCT_SETUP_SUPPRESSION
MSZZC1|6:XAUUSD|1:5|2:-1|1:4|18:ASIA_HIGH|20250313,ASIA_HIGH|20250313,SSRP|ASIA_HIGH|20250313|1741872000|FINAL,SSRP|ASIA_HIGH|20250313|1741882200|FINAL,2025.03.13 13:25:00,2025.03.13 16:20:00,175,2025.03.13 13:34:58,true,false,false,DISTINCT_TIMESTAMPED_REARM_EVENT,D032_REJECTED_BY_SAME_FAMILY_STACKING,DISTINCT_SETUP_SUPPRESSION
MSZZC1|6:XAUUSD|1:5|2:-1|1:4|18:ASIA_HIGH|20250313,ASIA_HIGH|20250313,SSRP|ASIA_HIGH|20250313|1741872000|FINAL,SSRP|ASIA_HIGH|20250313|1741882800|FINAL,2025.03.13 13:25:00,2025.03.13 16:25:00,180,2025.03.13 13:34:58,true,false,false,DISTINCT_TIMESTAMPED_REARM_EVENT,D032_REJECTED_BY_SAME_FAMILY_STACKING,DISTINCT_SETUP_SUPPRESSION
MSZZC1|6:XAUUSD|1:5|2:-1|1:4|18:ASIA_HIGH|20250313,ASIA_HIGH|20250313,SSRP|ASIA_HIGH|20250313|1741872000|FINAL,SSRP|ASIA_HIGH|20250313|1741883400|FINAL,2025.03.13 13:25:00,2025.03.13 16:35:00,190,2025.03.13 13:34:58,true,false,false,DISTINCT_TIMESTAMPED_REARM_EVENT,D032_REJECTED_BY_SAME_FAMILY_STACKING,DISTINCT_SETUP_SUPPRESSION
MSZZC1|6:XAUUSD|1:5|2:-1|1:4|18:ASIA_HIGH|20250313,ASIA_HIGH|20250313,SSRP|ASIA_HIGH|20250313|1741872000|FINAL,SSRP|ASIA_HIGH|20250313|1741884000|FINAL,2025.03.13 13:25:00,2025.03.13 16:45:00,200,2025.03.13 13:34:58,true,false,false,DISTINCT_TIMESTAMPED_REARM_EVENT,D032_REJECTED_BY_SAME_FAMILY_STACKING,DISTINCT_SETUP_SUPPRESSION
MSZZC1|6:XAUUSD|1:5|2:-1|1:4|18:ASIA_HIGH|20250313,ASIA_HIGH|20250313,SSRP|ASIA_HIGH|20250313|1741872000|FINAL,SSRP|ASIA_HIGH|20250313|1741884600|FINAL,2025.03.13 13:25:00,2025.03.13 16:55:00,210,2025.03.13 13:34:58,true,false,false,DISTINCT_TIMESTAMPED_REARM_EVENT,D032_REJECTED_BY_SAME_FAMILY_STACKING,DISTINCT_SETUP_SUPPRESSION
MSZZC1|6:XAUUSD|1:5|2:-1|1:4|18:ASIA_HIGH|20250314,ASIA_HIGH|20250314,SSRP|ASIA_HIGH|20250314|1741939200|FINAL,SSRP|ASIA_HIGH|20250314|1741939500|FINAL,2025.03.14 08:05:00,2025.03.14 08:10:00,5,2025.03.14 08:54:58,false,false,false,DISTINCT_TIMESTAMPED_REARM_EVENT,D032_REJECTED_BY_SAME_FAMILY_STACKING,DISTINCT_SETUP_SUPPRESSION
MSZZC1|6:XAUUSD|1:5|2:-1|1:4|18:ASIA_HIGH|20250314,ASIA_HIGH|20250314,SSRP|ASIA_HIGH|20250314|1741939200|FINAL,SSRP|ASIA_HIGH|20250314|1741940100|FINAL,2025.03.14 08:05:00,2025.03.14 08:25:00,20,2025.03.14 08:54:58,false,false,false,DISTINCT_TIMESTAMPED_REARM_EVENT,D032_REJECTED_BY_SAME_FAMILY_STACKING,DISTINCT_SETUP_SUPPRESSION
MSZZC1|6:XAUUSD|1:5|2:-1|1:4|18:ASIA_HIGH|20250314,ASIA_HIGH|20250314,SSRP|ASIA_HIGH|20250314|1741939200|FINAL,SSRP|ASIA_HIGH|20250314|1741940700|FINAL,2025.03.14 08:05:00,2025.03.14 08:30:00,25,2025.03.14 08:54:58,false,false,false,DISTINCT_TIMESTAMPED_REARM_EVENT,D032_REJECTED_BY_SAME_FAMILY_STACKING,DISTINCT_SETUP_SUPPRESSION
MSZZC1|6:XAUUSD|1:5|2:-1|1:4|18:ASIA_HIGH|20250314,ASIA_HIGH|20250314,SSRP|ASIA_HIGH|20250314|1741939200|FINAL,SSRP|ASIA_HIGH|20250314|1741962600|FINAL,2025.03.14 08:05:00,2025.03.14 14:35:00,390,2025.03.14 08:54:58,true,true,false,DISTINCT_TIMESTAMPED_REARM_EVENT,D032_ACCEPTED_DISTINCT_TRADE,DISTINCT_SETUP_SUPPRESSION
MSZZC1|6:XAUUSD|1:5|2:-1|1:4|18:ASIA_HIGH|20250314,ASIA_HIGH|20250314,SSRP|ASIA_HIGH|20250314|1741939200|FINAL,SSRP|ASIA_HIGH|20250314|1741962900|FINAL,2025.03.14 08:05:00,2025.03.14 14:40:00,395,2025.03.14 08:54:58,true,false,false,DISTINCT_TIMESTAMPED_REARM_EVENT,D032_REJECTED_BY_SAME_FAMILY_STACKING,DISTINCT_SETUP_SUPPRESSION
MSZZC1|6:XAUUSD|1:5|2:-1|1:4|18:ASIA_HIGH|20250314,ASIA_HIGH|20250314,SSRP|ASIA_HIGH|20250314|1741939200|FINAL,SSRP|ASIA_HIGH|20250314|1741963200|FINAL,2025.03.14 08:05:00,2025.03.14 14:45:00,400,2025.03.14 08:54:58,true,false,false,DISTINCT_TIMESTAMPED_REARM_EVENT,D032_REJECTED_BY_SAME_FAMILY_STACKING,DISTINCT_SETUP_SUPPRESSION
MSZZC1|6:XAUUSD|1:5|2:-1|1:4|18:ASIA_HIGH|20250314,ASIA_HIGH|20250314,SSRP|ASIA_HIGH|20250314|1741939200|FINAL,SSRP|ASIA_HIGH|20250314|1741973100|FINAL,2025.03.14 08:05:00,2025.03.14 17:30:00,565,2025.03.14 08:54:58,true,false,false,DISTINCT_TIMESTAMPED_REARM_EVENT,D032_REJECTED_BY_SAME_FAMILY_STACKING,DISTINCT_SETUP_SUPPRESSION
MSZZC1|6:XAUUSD|1:5|2:-1|1:4|18:ASIA_HIGH|20250314,ASIA_HIGH|20250314,SSRP|ASIA_HIGH|20250314|1741939200|FINAL,SSRP|ASIA_HIGH|20250314|1741973400|FINAL,2025.03.14 08:05:00,2025.03.14 17:35:00,570,2025.03.14 08:54:58,true,false,false,DISTINCT_TIMESTAMPED_REARM_EVENT,D032_REJECTED_BY_SAME_FAMILY_STACKING,DISTINCT_SETUP_SUPPRESSION
MSZZC1|6:XAUUSD|1:5|2:-1|1:4|18:ASIA_HIGH|20250314,ASIA_HIGH|20250314,SSRP|ASIA_HIGH|20250314|1741939200|FINAL,SSRP|ASIA_HIGH|20250314|1741975800|FINAL,2025.03.14 08:05:00,2025.03.14 18:15:00,610,2025.03.14 08:54:58,true,false,false,DISTINCT_TIMESTAMPED_REARM_EVENT,D032_REJECTED_BY_SAME_FAMILY_STACKING,DISTINCT_SETUP_SUPPRESSION
MSZZC1|6:XAUUSD|1:5|2:-1|1:4|18:ASIA_HIGH|20250314,ASIA_HIGH|20250314,SSRP|ASIA_HIGH|20250314|1741939200|FINAL,SSRP|ASIA_HIGH|20250314|1741976100|FINAL,2025.03.14 08:05:00,2025.03.14 18:20:00,615,2025.03.14 08:54:58,true,false,false,DISTINCT_TIMESTAMPED_REARM_EVENT,D032_REJECTED_BY_SAME_FAMILY_STACKING,DISTINCT_SETUP_SUPPRESSION
MSZZC1|6:XAUUSD|1:5|1:1|1:4|17:ASIA_LOW|20250314,ASIA_LOW|20250314,SSRP|ASIA_LOW|20250314|1741951500|FINAL,SSRP|ASIA_LOW|20250314|1741978800|FINAL,2025.03.14 11:30:00,2025.03.14 19:05:00,455,2025.03.14 12:29:58,true,false,false,DISTINCT_TIMESTAMPED_REARM_EVENT,D032_REJECTED_BY_SAME_FAMILY_STACKING,DISTINCT_SETUP_SUPPRESSION
MSZZC1|6:XAUUSD|1:5|1:1|1:4|17:ASIA_LOW|20250314,ASIA_LOW|20250314,SSRP|ASIA_LOW|20250314|1741951500|FINAL,SSRP|ASIA_LOW|20250314|1741979400|FINAL,2025.03.14 11:30:00,2025.03.14 19:20:00,470,2025.03.14 12:29:58,true,false,false,DISTINCT_TIMESTAMPED_REARM_EVENT,D032_REJECTED_BY_SAME_FAMILY_STACKING,DISTINCT_SETUP_SUPPRESSION
MSZZC1|6:XAUUSD|1:5|1:1|1:4|17:ASIA_LOW|20250314,ASIA_LOW|20250314,SSRP|ASIA_LOW|20250314|1741951500|FINAL,SSRP|ASIA_LOW|20250314|1741980000|FINAL,2025.03.14 11:30:00,2025.03.14 19:25:00,475,2025.03.14 12:29:58,true,false,false,DISTINCT_TIMESTAMPED_REARM_EVENT,D032_REJECTED_BY_SAME_FAMILY_STACKING,DISTINCT_SETUP_SUPPRESSION
MSZZC1|6:XAUUSD|1:5|1:1|1:4|17:ASIA_LOW|20250314,ASIA_LOW|20250314,SSRP|ASIA_LOW|20250314|1741951500|FINAL,SSRP|ASIA_LOW|20250314|1741980300|FINAL,2025.03.14 11:30:00,2025.03.14 19:30:00,480,2025.03.14 12:29:58,true,false,false,DISTINCT_TIMESTAMPED_REARM_EVENT,D032_REJECTED_BY_SAME_FAMILY_STACKING,DISTINCT_SETUP_SUPPRESSION
MSZZC1|6:XAUUSD|1:5|1:1|1:4|17:ASIA_LOW|20250314,ASIA_LOW|20250314,SSRP|ASIA_LOW|20250314|1741951500|FINAL,SSRP|ASIA_LOW|20250314|1741980600|FINAL,2025.03.14 11:30:00,2025.03.14 19:35:00,485,2025.03.14 12:29:58,true,false,false,DISTINCT_TIMESTAMPED_REARM_EVENT,D032_REJECTED_BY_SAME_FAMILY_STACKING,DISTINCT_SETUP_SUPPRESSION
MSZZC1|6:XAUUSD|1:5|2:-1|1:4|18:ASIA_HIGH|20250317,ASIA_HIGH|20250317,SSRP|ASIA_HIGH|20250317|1742223600|FINAL,SSRP|ASIA_HIGH|20250317|1742223900|FINAL,2025.03.17 15:05:00,2025.03.17 15:10:00,5,2025.03.17 17:29:58,false,false,false,DISTINCT_TIMESTAMPED_REARM_EVENT,D032_REJECTED_BY_SAME_FAMILY_STACKING,DISTINCT_SETUP_SUPPRESSION
MSZZC1|6:XAUUSD|1:5|2:-1|1:4|18:ASIA_HIGH|20250317,ASIA_HIGH|20250317,SSRP|ASIA_HIGH|20250317|1742223600|FINAL,SSRP|ASIA_HIGH|20250317|1742225100|FINAL,2025.03.17 15:05:00,2025.03.17 15:30:00,25,2025.03.17 17:29:58,false,false,false,DISTINCT_TIMESTAMPED_REARM_EVENT,D032_REJECTED_BY_SAME_FAMILY_STACKING,DISTINCT_SETUP_SUPPRESSION
MSZZC1|6:XAUUSD|1:5|2:-1|1:4|18:ASIA_HIGH|20250317,ASIA_HIGH|20250317,SSRP|ASIA_HIGH|20250317|1742223600|FINAL,SSRP|ASIA_HIGH|20250317|1742235000|FINAL,2025.03.17 15:05:00,2025.03.17 18:15:00,190,2025.03.17 17:29:58,true,false,false,DISTINCT_TIMESTAMPED_REARM_EVENT,D032_REJECTED_BY_SAME_FAMILY_STACKING,DISTINCT_SETUP_SUPPRESSION
MSZZC1|6:XAUUSD|1:5|2:-1|1:4|18:ASIA_HIGH|20250317,ASIA_HIGH|20250317,SSRP|ASIA_HIGH|20250317|1742223600|FINAL,SSRP|ASIA_HIGH|20250317|1742239800|FINAL,2025.03.17 15:05:00,2025.03.17 19:35:00,270,2025.03.17 17:29:58,true,false,false,DISTINCT_TIMESTAMPED_REARM_EVENT,D032_REJECTED_BY_SAME_FAMILY_STACKING,DISTINCT_SETUP_SUPPRESSION
MSZZC1|6:XAUUSD|1:5|2:-1|1:4|18:ASIA_HIGH|20250317,ASIA_HIGH|20250317,SSRP|ASIA_HIGH|20250317|1742223600|FINAL,SSRP|ASIA_HIGH|20250317|1742240100|FINAL,2025.03.17 15:05:00,2025.03.17 19:45:00,280,2025.03.17 17:29:58,true,false,false,DISTINCT_TIMESTAMPED_REARM_EVENT,D032_REJECTED_BY_SAME_FAMILY_STACKING,DISTINCT_SETUP_SUPPRESSION
MSZZC1|6:XAUUSD|1:5|2:-1|1:4|18:ASIA_HIGH|20250318,ASIA_HIGH|20250318,SSRP|ASIA_HIGH|20250318|1742291400|FINAL,SSRP|ASIA_HIGH|20250318|1742292900|FINAL,2025.03.18 09:55:00,2025.03.18 10:20:00,25,2025.03.18 10:14:58,true,true,false,DISTINCT_TIMESTAMPED_REARM_EVENT,D032_ACCEPTED_DISTINCT_TRADE,DISTINCT_SETUP_SUPPRESSION
MSZZC1|6:XAUUSD|1:5|2:-1|1:4|18:ASIA_HIGH|20250318,ASIA_HIGH|20250318,SSRP|ASIA_HIGH|20250318|1742291400|FINAL,SSRP|ASIA_HIGH|20250318|1742293200|FINAL,2025.03.18 09:55:00,2025.03.18 10:25:00,30,2025.03.18 10:14:58,true,false,false,DISTINCT_TIMESTAMPED_REARM_EVENT,D032_REJECTED_BY_SAME_FAMILY_STACKING,DISTINCT_SETUP_SUPPRESSION
MSZZC1|6:XAUUSD|1:5|2:-1|1:4|18:ASIA_HIGH|20250318,ASIA_HIGH|20250318,SSRP|ASIA_HIGH|20250318|1742291400|FINAL,SSRP|ASIA_HIGH|20250318|1742293800|FINAL,2025.03.18 09:55:00,2025.03.18 10:45:00,50,2025.03.18 10:14:58,true,false,false,DISTINCT_TIMESTAMPED_REARM_EVENT,D032_REJECTED_BY_SAME_FAMILY_STACKING,DISTINCT_SETUP_SUPPRESSION
MSZZC1|6:XAUUSD|1:5|2:-1|1:4|18:ASIA_HIGH|20250318,ASIA_HIGH|20250318,SSRP|ASIA_HIGH|20250318|1742291400|FINAL,SSRP|ASIA_HIGH|20250318|1742294700|FINAL,2025.03.18 09:55:00,2025.03.18 10:50:00,55,2025.03.18 10:14:58,true,false,false,DISTINCT_TIMESTAMPED_REARM_EVENT,D032_REJECTED_BY_SAME_FAMILY_STACKING,DISTINCT_SETUP_SUPPRESSION
MSZZC1|6:XAUUSD|1:5|2:-1|1:4|18:ASIA_HIGH|20250319,ASIA_HIGH|20250319,SSRP|ASIA_HIGH|20250319|1742375100|FINAL,SSRP|ASIA_HIGH|20250319|1742375400|FINAL,2025.03.19 09:10:00,2025.03.19 09:15:00,5,2025.03.19 11:50:00,false,false,false,DISTINCT_TIMESTAMPED_REARM_EVENT,D032_REJECTED_BY_SAME_FAMILY_STACKING,DISTINCT_SETUP_SUPPRESSION
MSZZC1|6:XAUUSD|1:5|2:-1|1:4|18:ASIA_HIGH|20250319,ASIA_HIGH|20250319,SSRP|ASIA_HIGH|20250319|1742375100|FINAL,SSRP|ASIA_HIGH|20250319|1742375700|FINAL,2025.03.19 09:10:00,2025.03.19 09:20:00,10,2025.03.19 11:50:00,false,false,false,DISTINCT_TIMESTAMPED_REARM_EVENT,D032_REJECTED_BY_SAME_FAMILY_STACKING,DISTINCT_SETUP_SUPPRESSION
MSZZC1|6:XAUUSD|1:5|2:-1|1:4|18:ASIA_HIGH|20250319,ASIA_HIGH|20250319,SSRP|ASIA_HIGH|20250319|1742375100|FINAL,SSRP|ASIA_HIGH|20250319|1742380200|FINAL,2025.03.19 09:10:00,2025.03.19 10:35:00,85,2025.03.19 11:50:00,false,false,false,DISTINCT_TIMESTAMPED_REARM_EVENT,D032_REJECTED_BY_SAME_FAMILY_STACKING,DISTINCT_SETUP_SUPPRESSION
MSZZC1|6:XAUUSD|1:5|2:-1|1:4|18:ASIA_HIGH|20250319,ASIA_HIGH|20250319,SSRP|ASIA_HIGH|20250319|1742375100|FINAL,SSRP|ASIA_HIGH|20250319|1742380500|FINAL,2025.03.19 09:10:00,2025.03.19 10:45:00,95,2025.03.19 11:50:00,false,false,false,DISTINCT_TIMESTAMPED_REARM_EVENT,D032_REJECTED_BY_SAME_FAMILY_STACKING,DISTINCT_SETUP_SUPPRESSION
MSZZC1|6:XAUUSD|1:5|2:-1|1:4|18:ASIA_HIGH|20250319,ASIA_HIGH|20250319,SSRP|ASIA_HIGH|20250319|1742375100|FINAL,SSRP|ASIA_HIGH|20250319|1742381100|FINAL,2025.03.19 09:10:00,2025.03.19 10:50:00,100,2025.03.19 11:50:00,false,false,false,DISTINCT_TIMESTAMPED_REARM_EVENT,D032_REJECTED_BY_SAME_FAMILY_STACKING,DISTINCT_SETUP_SUPPRESSION
MSZZC1|6:XAUUSD|1:5|1:1|1:4|17:ASIA_LOW|20250319,ASIA_LOW|20250319,SSRP|ASIA_LOW|20250319|1742384400|FINAL,SSRP|ASIA_LOW|20250319|1742386200|FINAL,2025.03.19 11:45:00,2025.03.19 12:20:00,35,2025.03.19 11:54:58,true,true,false,DISTINCT_TIMESTAMPED_REARM_EVENT,D032_ACCEPTED_DISTINCT_TRADE,DISTINCT_SETUP_SUPPRESSION
MSZZC1|6:XAUUSD|1:5|1:1|1:4|17:ASIA_LOW|20250319,ASIA_LOW|20250319,SSRP|ASIA_LOW|20250319|1742384400|FINAL,SSRP|ASIA_LOW|20250319|1742386800|FINAL,2025.03.19 11:45:00,2025.03.19 12:25:00,40,2025.03.19 11:54:58,true,false,false,DISTINCT_TIMESTAMPED_REARM_EVENT,D032_REJECTED_BY_SAME_FAMILY_STACKING,DISTINCT_SETUP_SUPPRESSION
MSZZC1|6:XAUUSD|1:5|2:-1|1:4|18:ASIA_HIGH|20250319,ASIA_HIGH|20250319,SSRP|ASIA_HIGH|20250319|1742375100|FINAL,SSRP|ASIA_HIGH|20250319|1742394600|FINAL,2025.03.19 09:10:00,2025.03.19 14:35:00,325,2025.03.19 11:50:00,true,true,false,DISTINCT_TIMESTAMPED_REARM_EVENT,D032_ACCEPTED_DISTINCT_TRADE,DISTINCT_SETUP_SUPPRESSION
MSZZC1|6:XAUUSD|1:5|2:-1|1:4|18:ASIA_HIGH|20250319,ASIA_HIGH|20250319,SSRP|ASIA_HIGH|20250319|1742375100|FINAL,SSRP|ASIA_HIGH|20250319|1742394900|FINAL,2025.03.19 09:10:00,2025.03.19 14:50:00,340,2025.03.19 11:50:00,true,true,false,DISTINCT_TIMESTAMPED_REARM_EVENT,D032_ACCEPTED_DISTINCT_TRADE,DISTINCT_SETUP_SUPPRESSION
MSZZC1|6:XAUUSD|1:5|2:-1|1:4|18:ASIA_HIGH|20250319,ASIA_HIGH|20250319,SSRP|ASIA_HIGH|20250319|1742375100|FINAL,SSRP|ASIA_HIGH|20250319|1742395800|FINAL,2025.03.19 09:10:00,2025.03.19 14:55:00,345,2025.03.19 11:50:00,true,false,false,DISTINCT_TIMESTAMPED_REARM_EVENT,D032_REJECTED_BY_SAME_FAMILY_STACKING,DISTINCT_SETUP_SUPPRESSION
MSZZC1|6:XAUUSD|1:5|2:-1|1:4|18:ASIA_HIGH|20250319,ASIA_HIGH|20250319,SSRP|ASIA_HIGH|20250319|1742375100|FINAL,SSRP|ASIA_HIGH|20250319|1742396100|FINAL,2025.03.19 09:10:00,2025.03.19 15:05:00,355,2025.03.19 11:50:00,true,false,false,DISTINCT_TIMESTAMPED_REARM_EVENT,D032_REJECTED_BY_SAME_FAMILY_STACKING,DISTINCT_SETUP_SUPPRESSION
MSZZC1|6:XAUUSD|1:5|2:-1|1:4|18:ASIA_HIGH|20250319,ASIA_HIGH|20250319,SSRP|ASIA_HIGH|20250319|1742375100|FINAL,SSRP|ASIA_HIGH|20250319|1742396700|FINAL,2025.03.19 09:10:00,2025.03.19 15:15:00,365,2025.03.19 11:50:00,true,false,false,DISTINCT_TIMESTAMPED_REARM_EVENT,D032_REJECTED_BY_SAME_FAMILY_STACKING,DISTINCT_SETUP_SUPPRESSION
MSZZC1|6:XAUUSD|1:5|2:-1|1:4|18:ASIA_HIGH|20250319,ASIA_HIGH|20250319,SSRP|ASIA_HIGH|20250319|1742375100|FINAL,SSRP|ASIA_HIGH|20250319|1742397300|FINAL,2025.03.19 09:10:00,2025.03.19 15:20:00,370,2025.03.19 11:50:00,true,true,false,DISTINCT_TIMESTAMPED_REARM_EVENT,D032_ACCEPTED_DISTINCT_TRADE,DISTINCT_SETUP_SUPPRESSION
MSZZC1|6:XAUUSD|1:5|2:-1|1:4|18:ASIA_HIGH|20250319,ASIA_HIGH|20250319,SSRP|ASIA_HIGH|20250319|1742375100|FINAL,SSRP|ASIA_HIGH|20250319|1742397600|FINAL,2025.03.19 09:10:00,2025.03.19 15:25:00,375,2025.03.19 11:50:00,true,false,false,DISTINCT_TIMESTAMPED_REARM_EVENT,D032_REJECTED_BY_SAME_FAMILY_STACKING,DISTINCT_SETUP_SUPPRESSION
MSZZC1|6:XAUUSD|1:5|2:-1|1:4|18:ASIA_HIGH|20250319,ASIA_HIGH|20250319,SSRP|ASIA_HIGH|20250319|1742375100|FINAL,SSRP|ASIA_HIGH|20250319|1742398500|FINAL,2025.03.19 09:10:00,2025.03.19 15:50:00,400,2025.03.19 11:50:00,true,true,false,DISTINCT_TIMESTAMPED_REARM_EVENT,D032_ACCEPTED_DISTINCT_TRADE,DISTINCT_SETUP_SUPPRESSION
MSZZC1|6:XAUUSD|1:5|1:1|1:4|17:ASIA_LOW|20250319,ASIA_LOW|20250319,SSRP|ASIA_LOW|20250319|1742384400|FINAL,SSRP|ASIA_LOW|20250319|1742404200|FINAL,2025.03.19 11:45:00,2025.03.19 17:20:00,335,2025.03.19 11:54:58,true,true,false,DISTINCT_TIMESTAMPED_REARM_EVENT,D032_ACCEPTED_DISTINCT_TRADE,DISTINCT_SETUP_SUPPRESSION
MSZZC1|6:XAUUSD|1:5|1:1|1:4|17:ASIA_LOW|20250319,ASIA_LOW|20250319,SSRP|ASIA_LOW|20250319|1742384400|FINAL,SSRP|ASIA_LOW|20250319|1742404800|FINAL,2025.03.19 11:45:00,2025.03.19 17:25:00,340,2025.03.19 11:54:58,true,false,false,DISTINCT_TIMESTAMPED_REARM_EVENT,D032_REJECTED_BY_SAME_FAMILY_STACKING,DISTINCT_SETUP_SUPPRESSION
MSZZC1|6:XAUUSD|1:5|1:1|1:4|17:ASIA_LOW|20250319,ASIA_LOW|20250319,SSRP|ASIA_LOW|20250319|1742384400|FINAL,SSRP|ASIA_LOW|20250319|1742406600|FINAL,2025.03.19 11:45:00,2025.03.19 18:00:00,375,2025.03.19 11:54:58,true,false,false,DISTINCT_TIMESTAMPED_REARM_EVENT,D032_REJECTED_BY_SAME_FAMILY_STACKING,DISTINCT_SETUP_SUPPRESSION
MSZZC1|6:XAUUSD|1:5|1:1|1:4|17:ASIA_LOW|20250319,ASIA_LOW|20250319,SSRP|ASIA_LOW|20250319|1742384400|FINAL,SSRP|ASIA_LOW|20250319|1742407200|FINAL,2025.03.19 11:45:00,2025.03.19 18:05:00,380,2025.03.19 11:54:58,true,false,false,DISTINCT_TIMESTAMPED_REARM_EVENT,D032_REJECTED_BY_SAME_FAMILY_STACKING,DISTINCT_SETUP_SUPPRESSION
MSZZC1|6:XAUUSD|1:5|2:-1|1:4|18:ASIA_HIGH|20250319,ASIA_HIGH|20250319,SSRP|ASIA_HIGH|20250319|1742375100|FINAL,SSRP|ASIA_HIGH|20250319|1742418600|FINAL,2025.03.19 09:10:00,2025.03.19 21:25:00,735,2025.03.19 11:50:00,true,true,false,DISTINCT_TIMESTAMPED_REARM_EVENT,D032_ACCEPTED_DISTINCT_TRADE,DISTINCT_SETUP_SUPPRESSION
MSZZC1|6:XAUUSD|1:5|1:1|1:4|17:ASIA_LOW|20250320,ASIA_LOW|20250320,SSRP|ASIA_LOW|20250320|1742466000|FINAL,SSRP|ASIA_LOW|20250320|1742466900|FINAL,2025.03.20 10:25:00,2025.03.20 10:40:00,15,2025.03.20 10:49:58,false,false,false,DISTINCT_TIMESTAMPED_REARM_EVENT,D032_REJECTED_BY_SAME_FAMILY_STACKING,DISTINCT_SETUP_SUPPRESSION
MSZZC1|6:XAUUSD|1:5|1:1|1:4|17:ASIA_LOW|20250320,ASIA_LOW|20250320,SSRP|ASIA_LOW|20250320|1742466000|FINAL,SSRP|ASIA_LOW|20250320|1742472900|FINAL,2025.03.20 10:25:00,2025.03.20 12:20:00,115,2025.03.20 10:49:58,true,true,false,DISTINCT_TIMESTAMPED_REARM_EVENT,D032_ACCEPTED_DISTINCT_TRADE,DISTINCT_SETUP_SUPPRESSION
MSZZC1|6:XAUUSD|1:5|1:1|1:4|17:ASIA_LOW|20250320,ASIA_LOW|20250320,SSRP|ASIA_LOW|20250320|1742466000|FINAL,SSRP|ASIA_LOW|20250320|1742473200|FINAL,2025.03.20 10:25:00,2025.03.20 12:30:00,125,2025.03.20 10:49:58,true,false,false,DISTINCT_TIMESTAMPED_REARM_EVENT,D032_REJECTED_BY_SAME_FAMILY_STACKING,DISTINCT_SETUP_SUPPRESSION
MSZZC1|6:XAUUSD|1:5|1:1|1:4|17:ASIA_LOW|20250320,ASIA_LOW|20250320,SSRP|ASIA_LOW|20250320|1742466000|FINAL,SSRP|ASIA_LOW|20250320|1742473800|FINAL,2025.03.20 10:25:00,2025.03.20 12:35:00,130,2025.03.20 10:49:58,true,false,false,DISTINCT_TIMESTAMPED_REARM_EVENT,D032_REJECTED_BY_SAME_FAMILY_STACKING,DISTINCT_SETUP_SUPPRESSION
MSZZC1|6:XAUUSD|1:5|1:1|1:4|17:ASIA_LOW|20250320,ASIA_LOW|20250320,SSRP|ASIA_LOW|20250320|1742466000|FINAL,SSRP|ASIA_LOW|20250320|1742508600|FINAL,2025.03.20 10:25:00,2025.03.20 22:25:00,720,2025.03.20 10:49:58,true,true,false,DISTINCT_TIMESTAMPED_REARM_EVENT,D032_ACCEPTED_DISTINCT_TRADE,DISTINCT_SETUP_SUPPRESSION
MSZZC1|6:XAUUSD|1:5|1:1|1:4|17:ASIA_LOW|20250320,ASIA_LOW|20250320,SSRP|ASIA_LOW|20250320|1742466000|FINAL,SSRP|ASIA_LOW|20250320|1742509800|FINAL,2025.03.20 10:25:00,2025.03.20 22:35:00,730,2025.03.20 10:49:58,true,false,false,DISTINCT_TIMESTAMPED_REARM_EVENT,D032_REJECTED_BY_SAME_FAMILY_STACKING,DISTINCT_SETUP_SUPPRESSION
MSZZC1|6:XAUUSD|1:5|1:1|1:4|17:ASIA_LOW|20250320,ASIA_LOW|20250320,SSRP|ASIA_LOW|20250320|1742466000|FINAL,SSRP|ASIA_LOW|20250320|1742511000|FINAL,2025.03.20 10:25:00,2025.03.20 23:00:00,755,2025.03.20 10:49:58,true,false,false,DISTINCT_TIMESTAMPED_REARM_EVENT,D032_REJECTED_BY_SAME_FAMILY_STACKING,DISTINCT_SETUP_SUPPRESSION
MSZZC1|6:XAUUSD|1:5|1:1|1:4|17:ASIA_LOW|20250320,ASIA_LOW|20250320,SSRP|ASIA_LOW|20250320|1742466000|FINAL,SSRP|ASIA_LOW|20250320|1742511600|FINAL,2025.03.20 10:25:00,2025.03.20 23:05:00,760,2025.03.20 10:49:58,true,false,false,DISTINCT_TIMESTAMPED_REARM_EVENT,D032_REJECTED_BY_SAME_FAMILY_STACKING,DISTINCT_SETUP_SUPPRESSION
MSZZC1|6:XAUUSD|1:5|1:1|1:4|17:ASIA_LOW|20250320,ASIA_LOW|20250320,SSRP|ASIA_LOW|20250320|1742466000|FINAL,SSRP|ASIA_LOW|20250320|1742511900|FINAL,2025.03.20 10:25:00,2025.03.20 23:10:00,765,2025.03.20 10:49:58,true,false,false,DISTINCT_TIMESTAMPED_REARM_EVENT,D032_REJECTED_BY_SAME_FAMILY_STACKING,DISTINCT_SETUP_SUPPRESSION
MSZZC1|6:XAUUSD|1:5|1:1|1:4|17:ASIA_LOW|20250320,ASIA_LOW|20250320,SSRP|ASIA_LOW|20250320|1742466000|FINAL,SSRP|ASIA_LOW|20250320|1742512800|FINAL,2025.03.20 10:25:00,2025.03.20 23:30:00,785,2025.03.20 10:49:58,true,false,false,DISTINCT_TIMESTAMPED_REARM_EVENT,D032_REJECTED_BY_SAME_FAMILY_STACKING,DISTINCT_SETUP_SUPPRESSION
MSZZC1|6:XAUUSD|1:5|1:1|1:4|17:ASIA_LOW|20250320,ASIA_LOW|20250320,SSRP|ASIA_LOW|20250320|1742466000|FINAL,SSRP|ASIA_LOW|20250320|1742513400|FINAL,2025.03.20 10:25:00,2025.03.20 23:35:00,790,2025.03.20 10:49:58,true,false,false,DISTINCT_TIMESTAMPED_REARM_EVENT,D032_REJECTED_BY_SAME_FAMILY_STACKING,DISTINCT_SETUP_SUPPRESSION
MSZZC1|6:XAUUSD|1:5|1:1|1:4|17:ASIA_LOW|20250321,ASIA_LOW|20250321,SSRP|ASIA_LOW|20250321|1742547000|FINAL,SSRP|ASIA_LOW|20250321|1742547300|FINAL,2025.03.21 08:55:00,2025.03.21 09:00:00,5,2025.03.21 14:49:58,false,false,false,DISTINCT_TIMESTAMPED_REARM_EVENT,D032_REJECTED_BY_SAME_FAMILY_STACKING,DISTINCT_SETUP_SUPPRESSION
MSZZC1|6:XAUUSD|1:5|1:1|1:4|17:ASIA_LOW|20250321,ASIA_LOW|20250321,SSRP|ASIA_LOW|20250321|1742547000|FINAL,SSRP|ASIA_LOW|20250321|1742547600|FINAL,2025.03.21 08:55:00,2025.03.21 09:05:00,10,2025.03.21 14:49:58,false,false,false,DISTINCT_TIMESTAMPED_REARM_EVENT,D032_REJECTED_BY_SAME_FAMILY_STACKING,DISTINCT_SETUP_SUPPRESSION
MSZZC1|6:XAUUSD|1:5|1:1|1:4|17:ASIA_LOW|20250321,ASIA_LOW|20250321,SSRP|ASIA_LOW|20250321|1742547000|FINAL,SSRP|ASIA_LOW|20250321|1742555700|FINAL,2025.03.21 08:55:00,2025.03.21 11:20:00,145,2025.03.21 14:49:58,false,false,false,DISTINCT_TIMESTAMPED_REARM_EVENT,D032_REJECTED_BY_SAME_FAMILY_STACKING,DISTINCT_SETUP_SUPPRESSION
MSZZC1|6:XAUUSD|1:5|1:1|1:4|17:ASIA_LOW|20250321,ASIA_LOW|20250321,SSRP|ASIA_LOW|20250321|1742547000|FINAL,SSRP|ASIA_LOW|20250321|1742556300|FINAL,2025.03.21 08:55:00,2025.03.21 11:30:00,155,2025.03.21 14:49:58,false,false,false,DISTINCT_TIMESTAMPED_REARM_EVENT,D032_REJECTED_BY_SAME_FAMILY_STACKING,DISTINCT_SETUP_SUPPRESSION
MSZZC1|6:XAUUSD|1:5|2:-1|1:4|18:ASIA_HIGH|20250324,ASIA_HIGH|20250324,SSRP|ASIA_HIGH|20250324|1742811600|FINAL,SSRP|ASIA_HIGH|20250324|1742811900|FINAL,2025.03.24 10:25:00,2025.03.24 10:30:00,5,2025.03.24 11:54:58,false,false,false,DISTINCT_TIMESTAMPED_REARM_EVENT,D032_REJECTED_BY_SAME_FAMILY_STACKING,DISTINCT_SETUP_SUPPRESSION
MSZZC1|6:XAUUSD|1:5|2:-1|1:4|18:ASIA_HIGH|20250324,ASIA_HIGH|20250324,SSRP|ASIA_HIGH|20250324|1742811600|FINAL,SSRP|ASIA_HIGH|20250324|1742819400|FINAL,2025.03.24 10:25:00,2025.03.24 12:40:00,135,2025.03.24 11:54:58,true,true,false,DISTINCT_TIMESTAMPED_REARM_EVENT,D032_ACCEPTED_DISTINCT_TRADE,DISTINCT_SETUP_SUPPRESSION
MSZZC1|6:XAUUSD|1:5|2:-1|1:4|18:ASIA_HIGH|20250324,ASIA_HIGH|20250324,SSRP|ASIA_HIGH|20250324|1742811600|FINAL,SSRP|ASIA_HIGH|20250324|1742826000|FINAL,2025.03.24 10:25:00,2025.03.24 14:40:00,255,2025.03.24 11:54:58,true,true,false,DISTINCT_TIMESTAMPED_REARM_EVENT,D032_ACCEPTED_DISTINCT_TRADE,DISTINCT_SETUP_SUPPRESSION
MSZZC1|6:XAUUSD|1:5|2:-1|1:4|18:ASIA_HIGH|20250324,ASIA_HIGH|20250324,SSRP|ASIA_HIGH|20250324|1742811600|FINAL,SSRP|ASIA_HIGH|20250324|1742827200|FINAL,2025.03.24 10:25:00,2025.03.24 14:45:00,260,2025.03.24 11:54:58,true,false,false,DISTINCT_TIMESTAMPED_REARM_EVENT,D032_REJECTED_BY_SAME_FAMILY_STACKING,DISTINCT_SETUP_SUPPRESSION
MSZZC1|6:XAUUSD|1:5|2:-1|1:4|18:ASIA_HIGH|20250324,ASIA_HIGH|20250324,SSRP|ASIA_HIGH|20250324|1742811600|FINAL,SSRP|ASIA_HIGH|20250324|1742829600|FINAL,2025.03.24 10:25:00,2025.03.24 15:45:00,320,2025.03.24 11:54:58,true,true,false,DISTINCT_TIMESTAMPED_REARM_EVENT,D032_ACCEPTED_DISTINCT_TRADE,DISTINCT_SETUP_SUPPRESSION
MSZZC1|6:XAUUSD|1:5|2:-1|1:4|18:ASIA_HIGH|20250324,ASIA_HIGH|20250324,SSRP|ASIA_HIGH|20250324|1742811600|FINAL,SSRP|ASIA_HIGH|20250324|1742832600|FINAL,2025.03.24 10:25:00,2025.03.24 16:20:00,355,2025.03.24 11:54:58,true,false,false,DISTINCT_TIMESTAMPED_REARM_EVENT,D032_REJECTED_BY_SAME_FAMILY_STACKING,DISTINCT_SETUP_SUPPRESSION
MSZZC1|6:XAUUSD|1:5|2:-1|1:4|18:ASIA_HIGH|20250324,ASIA_HIGH|20250324,SSRP|ASIA_HIGH|20250324|1742811600|FINAL,SSRP|ASIA_HIGH|20250324|1742833200|FINAL,2025.03.24 10:25:00,2025.03.24 16:25:00,360,2025.03.24 11:54:58,true,false,false,DISTINCT_TIMESTAMPED_REARM_EVENT,D032_REJECTED_BY_SAME_FAMILY_STACKING,DISTINCT_SETUP_SUPPRESSION
MSZZC1|6:XAUUSD|1:5|1:1|1:4|17:ASIA_LOW|20250324,ASIA_LOW|20250324,SSRP|ASIA_LOW|20250324|1742841000|FINAL,SSRP|ASIA_LOW|20250324|1742841300|FINAL,2025.03.24 18:35:00,2025.03.24 18:40:00,5,2025.03.24 19:39:58,false,false,false,DISTINCT_TIMESTAMPED_REARM_EVENT,D032_REJECTED_BY_SAME_FAMILY_STACKING,DISTINCT_SETUP_SUPPRESSION
MSZZC1|6:XAUUSD|1:5|1:1|1:4|17:ASIA_LOW|20250324,ASIA_LOW|20250324,SSRP|ASIA_LOW|20250324|1742841000|FINAL,SSRP|ASIA_LOW|20250324|1742841900|FINAL,2025.03.24 18:35:00,2025.03.24 18:50:00,15,2025.03.24 19:39:58,false,false,false,DISTINCT_TIMESTAMPED_REARM_EVENT,D032_REJECTED_BY_SAME_FAMILY_STACKING,DISTINCT_SETUP_SUPPRESSION
MSZZC1|6:XAUUSD|1:5|1:1|1:4|17:ASIA_LOW|20250324,ASIA_LOW|20250324,SSRP|ASIA_LOW|20250324|1742841000|FINAL,SSRP|ASIA_LOW|20250324|1742859600|FINAL,2025.03.24 18:35:00,2025.03.24 23:45:00,310,2025.03.24 19:39:58,true,true,false,DISTINCT_TIMESTAMPED_REARM_EVENT,D032_ACCEPTED_DISTINCT_TRADE,DISTINCT_SETUP_SUPPRESSION
MSZZC1|6:XAUUSD|1:5|2:-1|1:4|18:ASIA_HIGH|20250325,ASIA_HIGH|20250325,SSRP|ASIA_HIGH|20250325|1742893200|FINAL,SSRP|ASIA_HIGH|20250325|1742893500|FINAL,2025.03.25 09:05:00,2025.03.25 09:15:00,10,2025.03.25 10:59:58,false,false,false,DISTINCT_TIMESTAMPED_REARM_EVENT,D032_REJECTED_BY_SAME_FAMILY_STACKING,DISTINCT_SETUP_SUPPRESSION
MSZZC1|6:XAUUSD|1:5|2:-1|1:4|18:ASIA_HIGH|20250325,ASIA_HIGH|20250325,SSRP|ASIA_HIGH|20250325|1742893200|FINAL,SSRP|ASIA_HIGH|20250325|1742894100|FINAL,2025.03.25 09:05:00,2025.03.25 09:20:00,15,2025.03.25 10:59:58,false,false,false,DISTINCT_TIMESTAMPED_REARM_EVENT,D032_REJECTED_BY_SAME_FAMILY_STACKING,DISTINCT_SETUP_SUPPRESSION
MSZZC1|6:XAUUSD|1:5|2:-1|1:4|18:ASIA_HIGH|20250325,ASIA_HIGH|20250325,SSRP|ASIA_HIGH|20250325|1742893200|FINAL,SSRP|ASIA_HIGH|20250325|1742894400|FINAL,2025.03.25 09:05:00,2025.03.25 09:35:00,30,2025.03.25 10:59:58,false,false,false,DISTINCT_TIMESTAMPED_REARM_EVENT,D032_REJECTED_BY_SAME_FAMILY_STACKING,DISTINCT_SETUP_SUPPRESSION
MSZZC1|6:XAUUSD|1:5|2:-1|1:4|18:ASIA_HIGH|20250325,ASIA_HIGH|20250325,SSRP|ASIA_HIGH|20250325|1742893200|FINAL,SSRP|ASIA_HIGH|20250325|1742895300|FINAL,2025.03.25 09:05:00,2025.03.25 09:40:00,35,2025.03.25 10:59:58,false,false,false,DISTINCT_TIMESTAMPED_REARM_EVENT,D032_REJECTED_BY_SAME_FAMILY_STACKING,DISTINCT_SETUP_SUPPRESSION
MSZZC1|6:XAUUSD|1:5|2:-1|1:4|18:ASIA_HIGH|20250325,ASIA_HIGH|20250325,SSRP|ASIA_HIGH|20250325|1742893200|FINAL,SSRP|ASIA_HIGH|20250325|1742897400|FINAL,2025.03.25 09:05:00,2025.03.25 10:15:00,70,2025.03.25 10:59:58,false,false,false,DISTINCT_TIMESTAMPED_REARM_EVENT,D032_REJECTED_BY_SAME_FAMILY_STACKING,DISTINCT_SETUP_SUPPRESSION
MSZZC1|6:XAUUSD|1:5|2:-1|1:4|18:ASIA_HIGH|20250325,ASIA_HIGH|20250325,SSRP|ASIA_HIGH|20250325|1742893200|FINAL,SSRP|ASIA_HIGH|20250325|1742897700|FINAL,2025.03.25 09:05:00,2025.03.25 10:20:00,75,2025.03.25 10:59:58,false,false,false,DISTINCT_TIMESTAMPED_REARM_EVENT,D032_REJECTED_BY_SAME_FAMILY_STACKING,DISTINCT_SETUP_SUPPRESSION
MSZZC1|6:XAUUSD|1:5|2:-1|1:4|18:ASIA_HIGH|20250325,ASIA_HIGH|20250325,SSRP|ASIA_HIGH|20250325|1742893200|FINAL,SSRP|ASIA_HIGH|20250325|1742915400|FINAL,2025.03.25 09:05:00,2025.03.25 15:15:00,370,2025.03.25 10:59:58,true,true,false,DISTINCT_TIMESTAMPED_REARM_EVENT,D032_ACCEPTED_DISTINCT_TRADE,DISTINCT_SETUP_SUPPRESSION
MSZZC1|6:XAUUSD|1:5|2:-1|1:4|18:ASIA_HIGH|20250325,ASIA_HIGH|20250325,SSRP|ASIA_HIGH|20250325|1742893200|FINAL,SSRP|ASIA_HIGH|20250325|1742915700|FINAL,2025.03.25 09:05:00,2025.03.25 15:20:00,375,2025.03.25 10:59:58,true,false,false,DISTINCT_TIMESTAMPED_REARM_EVENT,D032_REJECTED_BY_SAME_FAMILY_STACKING,DISTINCT_SETUP_SUPPRESSION
MSZZC1|6:XAUUSD|1:5|1:1|1:4|17:ASIA_LOW|20250326,ASIA_LOW|20250326,SSRP|ASIA_LOW|20250326|1742976300|FINAL,SSRP|ASIA_LOW|20250326|1742976600|FINAL,2025.03.26 08:10:00,2025.03.26 08:15:00,5,2025.03.26 08:44:58,false,false,false,DISTINCT_TIMESTAMPED_REARM_EVENT,D032_REJECTED_BY_SAME_FAMILY_STACKING,DISTINCT_SETUP_SUPPRESSION
MSZZC1|6:XAUUSD|1:5|2:-1|1:4|18:ASIA_HIGH|20250326,ASIA_HIGH|20250326,SSRP|ASIA_HIGH|20250326|1742983500|FINAL,SSRP|ASIA_HIGH|20250326|1742987700|FINAL,2025.03.26 10:10:00,2025.03.26 11:20:00,70,2025.03.26 10:34:58,true,true,false,DISTINCT_TIMESTAMPED_REARM_EVENT,D032_ACCEPTED_DISTINCT_TRADE,DISTINCT_SETUP_SUPPRESSION
MSZZC1|6:XAUUSD|1:5|2:-1|1:4|18:ASIA_HIGH|20250326,ASIA_HIGH|20250326,SSRP|ASIA_HIGH|20250326|1742983500|FINAL,SSRP|ASIA_HIGH|20250326|1742988600|FINAL,2025.03.26 10:10:00,2025.03.26 11:35:00,85,2025.03.26 10:34:58,true,false,false,DISTINCT_TIMESTAMPED_REARM_EVENT,D032_REJECTED_BY_SAME_FAMILY_STACKING,DISTINCT_SETUP_SUPPRESSION
MSZZC1|6:XAUUSD|1:5|2:-1|1:4|18:ASIA_HIGH|20250326,ASIA_HIGH|20250326,SSRP|ASIA_HIGH|20250326|1742983500|FINAL,SSRP|ASIA_HIGH|20250326|1742988900|FINAL,2025.03.26 10:10:00,2025.03.26 11:40:00,90,2025.03.26 10:34:58,true,false,false,DISTINCT_TIMESTAMPED_REARM_EVENT,D032_REJECTED_BY_SAME_FAMILY_STACKING,DISTINCT_SETUP_SUPPRESSION
MSZZC1|6:XAUUSD|1:5|2:-1|1:4|18:ASIA_HIGH|20250326,ASIA_HIGH|20250326,SSRP|ASIA_HIGH|20250326|1742983500|FINAL,SSRP|ASIA_HIGH|20250326|1743001200|FINAL,2025.03.26 10:10:00,2025.03.26 15:05:00,295,2025.03.26 10:34:58,true,true,false,DISTINCT_TIMESTAMPED_REARM_EVENT,D032_ACCEPTED_DISTINCT_TRADE,DISTINCT_SETUP_SUPPRESSION
MSZZC1|6:XAUUSD|1:5|2:-1|1:4|18:ASIA_HIGH|20250326,ASIA_HIGH|20250326,SSRP|ASIA_HIGH|20250326|1742983500|FINAL,SSRP|ASIA_HIGH|20250326|1743001500|FINAL,2025.03.26 10:10:00,2025.03.26 15:20:00,310,2025.03.26 10:34:58,true,false,false,DISTINCT_TIMESTAMPED_REARM_EVENT,D032_REJECTED_BY_SAME_FAMILY_STACKING,DISTINCT_SETUP_SUPPRESSION
MSZZC1|6:XAUUSD|1:5|2:-1|1:4|18:ASIA_HIGH|20250326,ASIA_HIGH|20250326,SSRP|ASIA_HIGH|20250326|1742983500|FINAL,SSRP|ASIA_HIGH|20250326|1743002400|FINAL,2025.03.26 10:10:00,2025.03.26 15:25:00,315,2025.03.26 10:34:58,true,false,false,DISTINCT_TIMESTAMPED_REARM_EVENT,D032_REJECTED_BY_SAME_FAMILY_STACKING,DISTINCT_SETUP_SUPPRESSION
MSZZC1|6:XAUUSD|1:5|2:-1|1:4|18:ASIA_HIGH|20250326,ASIA_HIGH|20250326,SSRP|ASIA_HIGH|20250326|1742983500|FINAL,SSRP|ASIA_HIGH|20250326|1743002700|FINAL,2025.03.26 10:10:00,2025.03.26 15:35:00,325,2025.03.26 10:34:58,true,false,false,DISTINCT_TIMESTAMPED_REARM_EVENT,D032_REJECTED_BY_SAME_FAMILY_STACKING,DISTINCT_SETUP_SUPPRESSION
MSZZC1|6:XAUUSD|1:5|2:-1|1:4|18:ASIA_HIGH|20250326,ASIA_HIGH|20250326,SSRP|ASIA_HIGH|20250326|1742983500|FINAL,SSRP|ASIA_HIGH|20250326|1743004200|FINAL,2025.03.26 10:10:00,2025.03.26 16:00:00,350,2025.03.26 10:34:58,true,true,false,DISTINCT_TIMESTAMPED_REARM_EVENT,D032_ACCEPTED_DISTINCT_TRADE,DISTINCT_SETUP_SUPPRESSION
MSZZC1|6:XAUUSD|1:5|2:-1|1:4|18:ASIA_HIGH|20250326,ASIA_HIGH|20250326,SSRP|ASIA_HIGH|20250326|1742983500|FINAL,SSRP|ASIA_HIGH|20250326|1743004800|FINAL,2025.03.26 10:10:00,2025.03.26 16:05:00,355,2025.03.26 10:34:58,true,false,false,DISTINCT_TIMESTAMPED_REARM_EVENT,D032_REJECTED_BY_SAME_FAMILY_STACKING,DISTINCT_SETUP_SUPPRESSION
MSZZC1|6:XAUUSD|1:5|1:1|1:4|17:ASIA_LOW|20250326,ASIA_LOW|20250326,SSRP|ASIA_LOW|20250326|1742976300|FINAL,SSRP|ASIA_LOW|20250326|1743012000|FINAL,2025.03.26 08:10:00,2025.03.26 18:05:00,595,2025.03.26 08:44:58,true,true,false,DISTINCT_TIMESTAMPED_REARM_EVENT,D032_ACCEPTED_DISTINCT_TRADE,DISTINCT_SETUP_SUPPRESSION
MSZZC1|6:XAUUSD|1:5|1:1|1:4|17:ASIA_LOW|20250326,ASIA_LOW|20250326,SSRP|ASIA_LOW|20250326|1742976300|FINAL,SSRP|ASIA_LOW|20250326|1743012300|FINAL,2025.03.26 08:10:00,2025.03.26 18:10:00,600,2025.03.26 08:44:58,true,false,false,DISTINCT_TIMESTAMPED_REARM_EVENT,D032_REJECTED_BY_SAME_FAMILY_STACKING,DISTINCT_SETUP_SUPPRESSION
MSZZC1|6:XAUUSD|1:5|2:-1|1:4|18:ASIA_HIGH|20250328,ASIA_HIGH|20250328,SSRP|ASIA_HIGH|20250328|1743150600|FINAL,SSRP|ASIA_HIGH|20250328|1743153900|FINAL,2025.03.28 08:35:00,2025.03.28 09:30:00,55,2025.03.28 08:44:58,true,true,false,DISTINCT_TIMESTAMPED_REARM_EVENT,D032_ACCEPTED_DISTINCT_TRADE,DISTINCT_SETUP_SUPPRESSION
MSZZC1|6:XAUUSD|1:5|2:-1|1:4|18:ASIA_HIGH|20250328,ASIA_HIGH|20250328,SSRP|ASIA_HIGH|20250328|1743150600|FINAL,SSRP|ASIA_HIGH|20250328|1743154200|FINAL,2025.03.28 08:35:00,2025.03.28 09:35:00,60,2025.03.28 08:44:58,true,false,false,DISTINCT_TIMESTAMPED_REARM_EVENT,D032_REJECTED_BY_SAME_FAMILY_STACKING,DISTINCT_SETUP_SUPPRESSION
MSZZC1|6:XAUUSD|1:5|2:-1|1:4|18:ASIA_HIGH|20250328,ASIA_HIGH|20250328,SSRP|ASIA_HIGH|20250328|1743150600|FINAL,SSRP|ASIA_HIGH|20250328|1743159600|FINAL,2025.03.28 08:35:00,2025.03.28 11:05:00,150,2025.03.28 08:44:58,true,true,false,DISTINCT_TIMESTAMPED_REARM_EVENT,D032_ACCEPTED_DISTINCT_TRADE,DISTINCT_SETUP_SUPPRESSION
MSZZC1|6:XAUUSD|1:5|2:-1|1:4|18:ASIA_HIGH|20250328,ASIA_HIGH|20250328,SSRP|ASIA_HIGH|20250328|1743150600|FINAL,SSRP|ASIA_HIGH|20250328|1743159900|FINAL,2025.03.28 08:35:00,2025.03.28 11:10:00,155,2025.03.28 08:44:58,true,false,false,DISTINCT_TIMESTAMPED_REARM_EVENT,D032_REJECTED_BY_SAME_FAMILY_STACKING,DISTINCT_SETUP_SUPPRESSION
MSZZC1|6:XAUUSD|1:5|2:-1|1:4|18:ASIA_HIGH|20250328,ASIA_HIGH|20250328,SSRP|ASIA_HIGH|20250328|1743150600|FINAL,SSRP|ASIA_HIGH|20250328|1743172500|FINAL,2025.03.28 08:35:00,2025.03.28 14:55:00,380,2025.03.28 08:44:58,true,true,false,DISTINCT_TIMESTAMPED_REARM_EVENT,D032_ACCEPTED_DISTINCT_TRADE,DISTINCT_SETUP_SUPPRESSION
MSZZC1|6:XAUUSD|1:5|2:-1|1:4|18:ASIA_HIGH|20250328,ASIA_HIGH|20250328,SSRP|ASIA_HIGH|20250328|1743150600|FINAL,SSRP|ASIA_HIGH|20250328|1743173700|FINAL,2025.03.28 08:35:00,2025.03.28 15:00:00,385,2025.03.28 08:44:58,true,false,false,DISTINCT_TIMESTAMPED_REARM_EVENT,D032_REJECTED_BY_SAME_FAMILY_STACKING,DISTINCT_SETUP_SUPPRESSION
MSZZC1|6:XAUUSD|1:5|2:-1|1:4|18:ASIA_HIGH|20250328,ASIA_HIGH|20250328,SSRP|ASIA_HIGH|20250328|1743150600|FINAL,SSRP|ASIA_HIGH|20250328|1743177000|FINAL,2025.03.28 08:35:00,2025.03.28 16:05:00,450,2025.03.28 08:44:58,true,true,false,DISTINCT_TIMESTAMPED_REARM_EVENT,D032_ACCEPTED_DISTINCT_TRADE,DISTINCT_SETUP_SUPPRESSION
MSZZC1|6:XAUUSD|1:5|2:-1|1:4|18:ASIA_HIGH|20250328,ASIA_HIGH|20250328,SSRP|ASIA_HIGH|20250328|1743150600|FINAL,SSRP|ASIA_HIGH|20250328|1743177900|FINAL,2025.03.28 08:35:00,2025.03.28 16:10:00,455,2025.03.28 08:44:58,true,false,false,DISTINCT_TIMESTAMPED_REARM_EVENT,D032_REJECTED_BY_SAME_FAMILY_STACKING,DISTINCT_SETUP_SUPPRESSION
MSZZC1|6:XAUUSD|1:5|2:-1|1:4|18:ASIA_HIGH|20250328,ASIA_HIGH|20250328,SSRP|ASIA_HIGH|20250328|1743150600|FINAL,SSRP|ASIA_HIGH|20250328|1743179400|FINAL,2025.03.28 08:35:00,2025.03.28 16:35:00,480,2025.03.28 08:44:58,true,false,false,DISTINCT_TIMESTAMPED_REARM_EVENT,D032_REJECTED_BY_SAME_FAMILY_STACKING,DISTINCT_SETUP_SUPPRESSION
MSZZC1|6:XAUUSD|1:5|2:-1|1:4|18:ASIA_HIGH|20250328,ASIA_HIGH|20250328,SSRP|ASIA_HIGH|20250328|1743150600|FINAL,SSRP|ASIA_HIGH|20250328|1743182400|FINAL,2025.03.28 08:35:00,2025.03.28 17:25:00,530,2025.03.28 08:44:58,true,true,false,DISTINCT_TIMESTAMPED_REARM_EVENT,D032_ACCEPTED_DISTINCT_TRADE,DISTINCT_SETUP_SUPPRESSION
MSZZC1|6:XAUUSD|1:5|2:-1|1:4|18:ASIA_HIGH|20250328,ASIA_HIGH|20250328,SSRP|ASIA_HIGH|20250328|1743150600|FINAL,SSRP|ASIA_HIGH|20250328|1743182700|FINAL,2025.03.28 08:35:00,2025.03.28 17:30:00,535,2025.03.28 08:44:58,true,false,false,DISTINCT_TIMESTAMPED_REARM_EVENT,D032_REJECTED_BY_SAME_FAMILY_STACKING,DISTINCT_SETUP_SUPPRESSION
MSZZC1|6:XAUUSD|1:5|2:-1|1:4|18:ASIA_HIGH|20250328,ASIA_HIGH|20250328,SSRP|ASIA_HIGH|20250328|1743150600|FINAL,SSRP|ASIA_HIGH|20250328|1743194400|FINAL,2025.03.28 08:35:00,2025.03.28 20:45:00,730,2025.03.28 08:44:58,true,true,false,DISTINCT_TIMESTAMPED_REARM_EVENT,D032_ACCEPTED_DISTINCT_TRADE,DISTINCT_SETUP_SUPPRESSION
MSZZC1|6:XAUUSD|1:5|2:-1|1:4|18:ASIA_HIGH|20250328,ASIA_HIGH|20250328,SSRP|ASIA_HIGH|20250328|1743150600|FINAL,SSRP|ASIA_HIGH|20250328|1743194700|FINAL,2025.03.28 08:35:00,2025.03.28 20:50:00,735,2025.03.28 08:44:58,true,false,false,DISTINCT_TIMESTAMPED_REARM_EVENT,D032_REJECTED_BY_SAME_FAMILY_STACKING,DISTINCT_SETUP_SUPPRESSION
MSZZC1|6:XAUUSD|1:5|2:-1|1:4|18:ASIA_HIGH|20250328,ASIA_HIGH|20250328,SSRP|ASIA_HIGH|20250328|1743150600|FINAL,SSRP|ASIA_HIGH|20250328|1743197100|FINAL,2025.03.28 08:35:00,2025.03.28 21:35:00,780,2025.03.28 08:44:58,true,false,false,DISTINCT_TIMESTAMPED_REARM_EVENT,D032_REJECTED_BY_SAME_FAMILY_STACKING,DISTINCT_SETUP_SUPPRESSION
MSZZC1|6:XAUUSD|1:5|2:-1|1:4|18:ASIA_HIGH|20250331,ASIA_HIGH|20250331,SSRP|ASIA_HIGH|20250331|1743413100|FINAL,SSRP|ASIA_HIGH|20250331|1743414000|FINAL,2025.03.31 09:40:00,2025.03.31 09:45:00,5,2025.03.31 10:04:58,false,false,false,DISTINCT_TIMESTAMPED_REARM_EVENT,D032_REJECTED_BY_SAME_FAMILY_STACKING,DISTINCT_SETUP_SUPPRESSION
MSZZC1|6:XAUUSD|1:5|2:-1|1:4|18:ASIA_HIGH|20250331,ASIA_HIGH|20250331,SSRP|ASIA_HIGH|20250331|1743413100|FINAL,SSRP|ASIA_HIGH|20250331|1743414300|FINAL,2025.03.31 09:40:00,2025.03.31 09:50:00,10,2025.03.31 10:04:58,false,false,false,DISTINCT_TIMESTAMPED_REARM_EVENT,D032_REJECTED_BY_SAME_FAMILY_STACKING,DISTINCT_SETUP_SUPPRESSION
MSZZC1|6:XAUUSD|1:5|2:-1|1:4|18:ASIA_HIGH|20250331,ASIA_HIGH|20250331,SSRP|ASIA_HIGH|20250331|1743413100|FINAL,SSRP|ASIA_HIGH|20250331|1743424200|FINAL,2025.03.31 09:40:00,2025.03.31 12:40:00,180,2025.03.31 10:04:58,true,true,false,DISTINCT_TIMESTAMPED_REARM_EVENT,D032_ACCEPTED_DISTINCT_TRADE,DISTINCT_SETUP_SUPPRESSION
MSZZC1|6:XAUUSD|1:5|2:-1|1:4|18:ASIA_HIGH|20250331,ASIA_HIGH|20250331,SSRP|ASIA_HIGH|20250331|1743413100|FINAL,SSRP|ASIA_HIGH|20250331|1743424800|FINAL,2025.03.31 09:40:00,2025.03.31 12:45:00,185,2025.03.31 10:04:58,true,false,false,DISTINCT_TIMESTAMPED_REARM_EVENT,D032_REJECTED_BY_SAME_FAMILY_STACKING,DISTINCT_SETUP_SUPPRESSION
MSZZC1|6:XAUUSD|1:5|2:-1|1:4|18:ASIA_HIGH|20250331,ASIA_HIGH|20250331,SSRP|ASIA_HIGH|20250331|1743413100|FINAL,SSRP|ASIA_HIGH|20250331|1743425100|FINAL,2025.03.31 09:40:00,2025.03.31 12:50:00,190,2025.03.31 10:04:58,true,false,false,DISTINCT_TIMESTAMPED_REARM_EVENT,D032_REJECTED_BY_SAME_FAMILY_STACKING,DISTINCT_SETUP_SUPPRESSION
MSZZC1|6:XAUUSD|1:5|2:-1|1:4|18:ASIA_HIGH|20250331,ASIA_HIGH|20250331,SSRP|ASIA_HIGH|20250331|1743413100|FINAL,SSRP|ASIA_HIGH|20250331|1743430500|FINAL,2025.03.31 09:40:00,2025.03.31 14:30:00,290,2025.03.31 10:04:58,true,true,false,DISTINCT_TIMESTAMPED_REARM_EVENT,D032_ACCEPTED_DISTINCT_TRADE,DISTINCT_SETUP_SUPPRESSION
MSZZC1|6:XAUUSD|1:5|2:-1|1:4|18:ASIA_HIGH|20250331,ASIA_HIGH|20250331,SSRP|ASIA_HIGH|20250331|1743413100|FINAL,SSRP|ASIA_HIGH|20250331|1743438300|FINAL,2025.03.31 09:40:00,2025.03.31 16:30:00,410,2025.03.31 10:04:58,true,true,false,DISTINCT_TIMESTAMPED_REARM_EVENT,D032_ACCEPTED_DISTINCT_TRADE,DISTINCT_SETUP_SUPPRESSION
MSZZC1|6:XAUUSD|1:5|2:-1|1:4|18:ASIA_HIGH|20250331,ASIA_HIGH|20250331,SSRP|ASIA_HIGH|20250331|1743413100|FINAL,SSRP|ASIA_HIGH|20250331|1743438600|FINAL,2025.03.31 09:40:00,2025.03.31 16:35:00,415,2025.03.31 10:04:58,true,false,false,DISTINCT_TIMESTAMPED_REARM_EVENT,D032_REJECTED_BY_SAME_FAMILY_STACKING,DISTINCT_SETUP_SUPPRESSION
MSZZC1|6:XAUUSD|1:5|2:-1|1:4|18:ASIA_HIGH|20250331,ASIA_HIGH|20250331,SSRP|ASIA_HIGH|20250331|1743413100|FINAL,SSRP|ASIA_HIGH|20250331|1743445800|FINAL,2025.03.31 09:40:00,2025.03.31 18:40:00,540,2025.03.31 10:04:58,true,true,false,DISTINCT_TIMESTAMPED_REARM_EVENT,D032_ACCEPTED_DISTINCT_TRADE,DISTINCT_SETUP_SUPPRESSION
MSZZC1|6:XAUUSD|1:5|2:-1|1:4|18:ASIA_HIGH|20250331,ASIA_HIGH|20250331,SSRP|ASIA_HIGH|20250331|1743413100|FINAL,SSRP|ASIA_HIGH|20250331|1743446400|FINAL,2025.03.31 09:40:00,2025.03.31 18:50:00,550,2025.03.31 10:04:58,true,false,false,DISTINCT_TIMESTAMPED_REARM_EVENT,D032_REJECTED_BY_SAME_FAMILY_STACKING,DISTINCT_SETUP_SUPPRESSION
MSZZC1|6:XAUUSD|1:5|2:-1|1:4|18:ASIA_HIGH|20250331,ASIA_HIGH|20250331,SSRP|ASIA_HIGH|20250331|1743413100|FINAL,SSRP|ASIA_HIGH|20250331|1743447000|FINAL,2025.03.31 09:40:00,2025.03.31 18:55:00,555,2025.03.31 10:04:58,true,false,false,DISTINCT_TIMESTAMPED_REARM_EVENT,D032_REJECTED_BY_SAME_FAMILY_STACKING,DISTINCT_SETUP_SUPPRESSION
MSZZC1|6:XAUUSD|1:5|2:-1|1:4|18:ASIA_HIGH|20250331,ASIA_HIGH|20250331,SSRP|ASIA_HIGH|20250331|1743413100|FINAL,SSRP|ASIA_HIGH|20250331|1743447600|FINAL,2025.03.31 09:40:00,2025.03.31 19:05:00,565,2025.03.31 10:04:58,true,false,false,DISTINCT_TIMESTAMPED_REARM_EVENT,D032_REJECTED_BY_SAME_FAMILY_STACKING,DISTINCT_SETUP_SUPPRESSION
MSZZC1|6:XAUUSD|1:5|2:-1|1:4|18:ASIA_HIGH|20250331,ASIA_HIGH|20250331,SSRP|ASIA_HIGH|20250331|1743413100|FINAL,SSRP|ASIA_HIGH|20250331|1743447900|FINAL,2025.03.31 09:40:00,2025.03.31 19:10:00,570,2025.03.31 10:04:58,true,false,false,DISTINCT_TIMESTAMPED_REARM_EVENT,D032_REJECTED_BY_SAME_FAMILY_STACKING,DISTINCT_SETUP_SUPPRESSION
MSZZC1|6:XAUUSD|1:5|1:1|1:4|17:ASIA_LOW|20250402,ASIA_LOW|20250402,SSRP|ASIA_LOW|20250402|1743635400|FINAL,SSRP|ASIA_LOW|20250402|1743635700|FINAL,2025.04.02 23:15:00,2025.04.02 23:20:00,5,2025.04.03 02:09:58,false,false,false,DISTINCT_TIMESTAMPED_REARM_EVENT,D032_REJECTED_BY_SAME_FAMILY_STACKING,DISTINCT_SETUP_SUPPRESSION
MSZZC1|6:XAUUSD|1:5|1:1|1:4|17:ASIA_LOW|20250403,ASIA_LOW|20250403,SSRP|ASIA_LOW|20250403|1743672600|FINAL,SSRP|ASIA_LOW|20250403|1743675000|FINAL,2025.04.03 09:35:00,2025.04.03 10:15:00,40,2025.04.03 13:09:58,false,false,false,DISTINCT_TIMESTAMPED_REARM_EVENT,D032_REJECTED_BY_SAME_FAMILY_STACKING,DISTINCT_SETUP_SUPPRESSION
MSZZC1|6:XAUUSD|1:5|1:1|1:4|17:ASIA_LOW|20250403,ASIA_LOW|20250403,SSRP|ASIA_LOW|20250403|1743672600|FINAL,SSRP|ASIA_LOW|20250403|1743675300|FINAL,2025.04.03 09:35:00,2025.04.03 10:20:00,45,2025.04.03 13:09:58,false,false,false,DISTINCT_TIMESTAMPED_REARM_EVENT,D032_REJECTED_BY_SAME_FAMILY_STACKING,DISTINCT_SETUP_SUPPRESSION
MSZZC1|6:XAUUSD|1:5|1:1|1:4|17:ASIA_LOW|20250403,ASIA_LOW|20250403,SSRP|ASIA_LOW|20250403|1743672600|FINAL,SSRP|ASIA_LOW|20250403|1743700500|FINAL,2025.04.03 09:35:00,2025.04.03 17:25:00,470,2025.04.03 13:09:58,true,true,false,DISTINCT_TIMESTAMPED_REARM_EVENT,D032_ACCEPTED_DISTINCT_TRADE,DISTINCT_SETUP_SUPPRESSION
MSZZC1|6:XAUUSD|1:5|1:1|1:4|17:ASIA_LOW|20250403,ASIA_LOW|20250403,SSRP|ASIA_LOW|20250403|1743672600|FINAL,SSRP|ASIA_LOW|20250403|1743701100|FINAL,2025.04.03 09:35:00,2025.04.03 17:35:00,480,2025.04.03 13:09:58,true,false,false,DISTINCT_TIMESTAMPED_REARM_EVENT,D032_REJECTED_BY_SAME_FAMILY_STACKING,DISTINCT_SETUP_SUPPRESSION
MSZZC1|6:XAUUSD|1:5|1:1|1:4|17:ASIA_LOW|20250403,ASIA_LOW|20250403,SSRP|ASIA_LOW|20250403|1743672600|FINAL,SSRP|ASIA_LOW|20250403|1743702000|FINAL,2025.04.03 09:35:00,2025.04.03 17:45:00,490,2025.04.03 13:09:58,true,false,false,DISTINCT_TIMESTAMPED_REARM_EVENT,D032_REJECTED_BY_SAME_FAMILY_STACKING,DISTINCT_SETUP_SUPPRESSION
MSZZC1|6:XAUUSD|1:5|1:1|1:4|17:ASIA_LOW|20250404,ASIA_LOW|20250404,SSRP|ASIA_LOW|20250404|1743767700|FINAL,SSRP|ASIA_LOW|20250404|1743768000|FINAL,2025.04.04 12:00:00,2025.04.04 12:05:00,5,2025.04.04 13:29:59,false,false,false,DISTINCT_TIMESTAMPED_REARM_EVENT,D032_REJECTED_BY_SAME_FAMILY_STACKING,DISTINCT_SETUP_SUPPRESSION
MSZZC1|6:XAUUSD|1:5|2:-1|1:4|18:ASIA_HIGH|20250404,ASIA_HIGH|20250404,SSRP|ASIA_HIGH|20250404|1743776700|FINAL,SSRP|ASIA_HIGH|20250404|1743777300|FINAL,2025.04.04 14:35:00,2025.04.04 14:40:00,5,2025.04.04 15:39:58,false,false,false,DISTINCT_TIMESTAMPED_REARM_EVENT,D032_REJECTED_BY_SAME_FAMILY_STACKING,DISTINCT_SETUP_SUPPRESSION
MSZZC1|6:XAUUSD|1:5|1:1|1:4|17:ASIA_LOW|20250404,ASIA_LOW|20250404,SSRP|ASIA_LOW|20250404|1743767700|FINAL,SSRP|ASIA_LOW|20250404|1743780900|FINAL,2025.04.04 12:00:00,2025.04.04 15:40:00,220,2025.04.04 13:29:59,true,true,false,DISTINCT_TIMESTAMPED_REARM_EVENT,D032_ACCEPTED_DISTINCT_TRADE,DISTINCT_SETUP_SUPPRESSION
MSZZC1|6:XAUUSD|1:5|1:1|1:4|17:ASIA_LOW|20250407,ASIA_LOW|20250407,SSRP|ASIA_LOW|20250407|1744058100|FINAL,SSRP|ASIA_LOW|20250407|1744059000|FINAL,2025.04.07 20:50:00,2025.04.07 21:00:00,10,2025.04.08 04:09:58,false,false,false,DISTINCT_TIMESTAMPED_REARM_EVENT,D032_REJECTED_BY_SAME_FAMILY_STACKING,DISTINCT_SETUP_SUPPRESSION
MSZZC1|6:XAUUSD|1:5|1:1|1:4|17:ASIA_LOW|20250407,ASIA_LOW|20250407,SSRP|ASIA_LOW|20250407|1744058100|FINAL,SSRP|ASIA_LOW|20250407|1744059900|FINAL,2025.04.07 20:50:00,2025.04.07 21:10:00,20,2025.04.08 04:09:58,false,false,false,DISTINCT_TIMESTAMPED_REARM_EVENT,D032_REJECTED_BY_SAME_FAMILY_STACKING,DISTINCT_SETUP_SUPPRESSION
MSZZC1|6:XAUUSD|1:5|1:1|1:4|17:ASIA_LOW|20250407,ASIA_LOW|20250407,SSRP|ASIA_LOW|20250407|1744058100|FINAL,SSRP|ASIA_LOW|20250407|1744061100|FINAL,2025.04.07 20:50:00,2025.04.07 21:30:00,40,2025.04.08 04:09:58,false,false,false,DISTINCT_TIMESTAMPED_REARM_EVENT,D032_REJECTED_BY_SAME_FAMILY_STACKING,DISTINCT_SETUP_SUPPRESSION
MSZZC1|6:XAUUSD|1:5|1:1|1:4|17:ASIA_LOW|20250407,ASIA_LOW|20250407,SSRP|ASIA_LOW|20250407|1744058100|FINAL,SSRP|ASIA_LOW|20250407|1744061400|FINAL,2025.04.07 20:50:00,2025.04.07 21:35:00,45,2025.04.08 04:09:58,false,false,false,DISTINCT_TIMESTAMPED_REARM_EVENT,D032_REJECTED_BY_SAME_FAMILY_STACKING,DISTINCT_SETUP_SUPPRESSION
MSZZC1|6:XAUUSD|1:5|1:1|1:4|17:ASIA_LOW|20250407,ASIA_LOW|20250407,SSRP|ASIA_LOW|20250407|1744058100|FINAL,SSRP|ASIA_LOW|20250407|1744062900|FINAL,2025.04.07 20:50:00,2025.04.07 22:00:00,70,2025.04.08 04:09:58,false,false,false,DISTINCT_TIMESTAMPED_REARM_EVENT,D032_REJECTED_BY_SAME_FAMILY_STACKING,DISTINCT_SETUP_SUPPRESSION
MSZZC1|6:XAUUSD|1:5|1:1|1:4|17:ASIA_LOW|20250407,ASIA_LOW|20250407,SSRP|ASIA_LOW|20250407|1744058100|FINAL,SSRP|ASIA_LOW|20250407|1744063200|FINAL,2025.04.07 20:50:00,2025.04.07 22:10:00,80,2025.04.08 04:09:58,false,false,false,DISTINCT_TIMESTAMPED_REARM_EVENT,D032_REJECTED_BY_SAME_FAMILY_STACKING,DISTINCT_SETUP_SUPPRESSION
MSZZC1|6:XAUUSD|1:5|1:1|1:4|17:ASIA_LOW|20250407,ASIA_LOW|20250407,SSRP|ASIA_LOW|20250407|1744058100|FINAL,SSRP|ASIA_LOW|20250407|1744063800|FINAL,2025.04.07 20:50:00,2025.04.07 22:15:00,85,2025.04.08 04:09:58,false,false,false,DISTINCT_TIMESTAMPED_REARM_EVENT,D032_REJECTED_BY_SAME_FAMILY_STACKING,DISTINCT_SETUP_SUPPRESSION
MSZZC1|6:XAUUSD|1:5|1:1|1:4|17:ASIA_LOW|20250407,ASIA_LOW|20250407,SSRP|ASIA_LOW|20250407|1744058100|FINAL,SSRP|ASIA_LOW|20250407|1744064100|FINAL,2025.04.07 20:50:00,2025.04.07 22:20:00,90,2025.04.08 04:09:58,false,false,false,DISTINCT_TIMESTAMPED_REARM_EVENT,D032_REJECTED_BY_SAME_FAMILY_STACKING,DISTINCT_SETUP_SUPPRESSION
MSZZC1|6:XAUUSD|1:5|1:1|1:4|17:ASIA_LOW|20250407,ASIA_LOW|20250407,SSRP|ASIA_LOW|20250407|1744058100|FINAL,SSRP|ASIA_LOW|20250407|1744066800|FINAL,2025.04.07 20:50:00,2025.04.07 23:05:00,135,2025.04.08 04:09:58,false,false,false,DISTINCT_TIMESTAMPED_REARM_EVENT,D032_REJECTED_BY_SAME_FAMILY_STACKING,DISTINCT_SETUP_SUPPRESSION
MSZZC1|6:XAUUSD|1:5|2:-1|1:4|18:ASIA_HIGH|20250408,ASIA_HIGH|20250408,SSRP|ASIA_HIGH|20250408|1744100100|FINAL,SSRP|ASIA_HIGH|20250408|1744102200|FINAL,2025.04.08 08:20:00,2025.04.08 09:05:00,45,2025.04.08 08:54:58,true,true,false,DISTINCT_TIMESTAMPED_REARM_EVENT,D032_ACCEPTED_DISTINCT_TRADE,DISTINCT_SETUP_SUPPRESSION
MSZZC1|6:XAUUSD|1:5|2:-1|1:4|18:ASIA_HIGH|20250408,ASIA_HIGH|20250408,SSRP|ASIA_HIGH|20250408|1744100100|FINAL,SSRP|ASIA_HIGH|20250408|1744103100|FINAL,2025.04.08 08:20:00,2025.04.08 09:10:00,50,2025.04.08 08:54:58,true,false,false,DISTINCT_TIMESTAMPED_REARM_EVENT,D032_REJECTED_BY_SAME_FAMILY_STACKING,DISTINCT_SETUP_SUPPRESSION
MSZZC1|6:XAUUSD|1:5|2:-1|1:4|18:ASIA_HIGH|20250408,ASIA_HIGH|20250408,SSRP|ASIA_HIGH|20250408|1744100100|FINAL,SSRP|ASIA_HIGH|20250408|1744108200|FINAL,2025.04.08 08:20:00,2025.04.08 10:40:00,140,2025.04.08 08:54:58,true,true,false,DISTINCT_TIMESTAMPED_REARM_EVENT,D032_ACCEPTED_DISTINCT_TRADE,DISTINCT_SETUP_SUPPRESSION
MSZZC1|6:XAUUSD|1:5|2:-1|1:4|18:ASIA_HIGH|20250408,ASIA_HIGH|20250408,SSRP|ASIA_HIGH|20250408|1744100100|FINAL,SSRP|ASIA_HIGH|20250408|1744108800|FINAL,2025.04.08 08:20:00,2025.04.08 10:55:00,155,2025.04.08 08:54:58,true,false,false,DISTINCT_TIMESTAMPED_REARM_EVENT,D032_REJECTED_BY_SAME_FAMILY_STACKING,DISTINCT_SETUP_SUPPRESSION
MSZZC1|6:XAUUSD|1:5|2:-1|1:4|18:ASIA_HIGH|20250408,ASIA_HIGH|20250408,SSRP|ASIA_HIGH|20250408|1744100100|FINAL,SSRP|ASIA_HIGH|20250408|1744111800|FINAL,2025.04.08 08:20:00,2025.04.08 11:35:00,195,2025.04.08 08:54:58,true,false,false,DISTINCT_TIMESTAMPED_REARM_EVENT,D032_REJECTED_BY_SAME_FAMILY_STACKING,DISTINCT_SETUP_SUPPRESSION
MSZZC1|6:XAUUSD|1:5|2:-1|1:4|18:ASIA_HIGH|20250408,ASIA_HIGH|20250408,SSRP|ASIA_HIGH|20250408|1744100100|FINAL,SSRP|ASIA_HIGH|20250408|1744112400|FINAL,2025.04.08 08:20:00,2025.04.08 11:45:00,205,2025.04.08 08:54:58,true,false,false,DISTINCT_TIMESTAMPED_REARM_EVENT,D032_REJECTED_BY_SAME_FAMILY_STACKING,DISTINCT_SETUP_SUPPRESSION
MSZZC1|6:XAUUSD|1:5|2:-1|1:4|18:ASIA_HIGH|20250408,ASIA_HIGH|20250408,SSRP|ASIA_HIGH|20250408|1744100100|FINAL,SSRP|ASIA_HIGH|20250408|1744113600|FINAL,2025.04.08 08:20:00,2025.04.08 12:10:00,230,2025.04.08 08:54:58,true,false,false,DISTINCT_TIMESTAMPED_REARM_EVENT,D032_REJECTED_BY_SAME_FAMILY_STACKING,DISTINCT_SETUP_SUPPRESSION
MSZZC1|6:XAUUSD|1:5|2:-1|1:4|18:ASIA_HIGH|20250408,ASIA_HIGH|20250408,SSRP|ASIA_HIGH|20250408|1744100100|FINAL,SSRP|ASIA_HIGH|20250408|1744114200|FINAL,2025.04.08 08:20:00,2025.04.08 12:15:00,235,2025.04.08 08:54:58,true,false,false,DISTINCT_TIMESTAMPED_REARM_EVENT,D032_REJECTED_BY_SAME_FAMILY_STACKING,DISTINCT_SETUP_SUPPRESSION
MSZZC1|6:XAUUSD|1:5|2:-1|1:4|18:ASIA_HIGH|20250408,ASIA_HIGH|20250408,SSRP|ASIA_HIGH|20250408|1744100100|FINAL,SSRP|ASIA_HIGH|20250408|1744116000|FINAL,2025.04.08 08:20:00,2025.04.08 12:45:00,265,2025.04.08 08:54:58,true,false,false,DISTINCT_TIMESTAMPED_REARM_EVENT,D032_REJECTED_BY_SAME_FAMILY_STACKING,DISTINCT_SETUP_SUPPRESSION
MSZZC1|6:XAUUSD|1:5|2:-1|1:4|18:ASIA_HIGH|20250408,ASIA_HIGH|20250408,SSRP|ASIA_HIGH|20250408|1744100100|FINAL,SSRP|ASIA_HIGH|20250408|1744126500|FINAL,2025.04.08 08:20:00,2025.04.08 15:50:00,450,2025.04.08 08:54:58,true,true,false,DISTINCT_TIMESTAMPED_REARM_EVENT,D032_ACCEPTED_DISTINCT_TRADE,DISTINCT_SETUP_SUPPRESSION
MSZZC1|6:XAUUSD|1:5|2:-1|1:4|18:ASIA_HIGH|20250408,ASIA_HIGH|20250408,SSRP|ASIA_HIGH|20250408|1744100100|FINAL,SSRP|ASIA_HIGH|20250408|1744127400|FINAL,2025.04.08 08:20:00,2025.04.08 15:55:00,455,2025.04.08 08:54:58,true,false,false,DISTINCT_TIMESTAMPED_REARM_EVENT,D032_REJECTED_BY_SAME_FAMILY_STACKING,DISTINCT_SETUP_SUPPRESSION
MSZZC1|6:XAUUSD|1:5|2:-1|1:4|18:ASIA_HIGH|20250408,ASIA_HIGH|20250408,SSRP|ASIA_HIGH|20250408|1744100100|FINAL,SSRP|ASIA_HIGH|20250408|1744134600|FINAL,2025.04.08 08:20:00,2025.04.08 18:10:00,590,2025.04.08 08:54:58,true,true,false,DISTINCT_TIMESTAMPED_REARM_EVENT,D032_ACCEPTED_DISTINCT_TRADE,DISTINCT_SETUP_SUPPRESSION
MSZZC1|6:XAUUSD|1:5|2:-1|1:4|18:ASIA_HIGH|20250408,ASIA_HIGH|20250408,SSRP|ASIA_HIGH|20250408|1744100100|FINAL,SSRP|ASIA_HIGH|20250408|1744137300|FINAL,2025.04.08 08:20:00,2025.04.08 18:45:00,625,2025.04.08 08:54:58,true,false,false,DISTINCT_TIMESTAMPED_REARM_EVENT,D032_REJECTED_BY_SAME_FAMILY_STACKING,DISTINCT_SETUP_SUPPRESSION
MSZZC1|6:XAUUSD|1:5|2:-1|1:4|18:ASIA_HIGH|20250408,ASIA_HIGH|20250408,SSRP|ASIA_HIGH|20250408|1744100100|FINAL,SSRP|ASIA_HIGH|20250408|1744137900|FINAL,2025.04.08 08:20:00,2025.04.08 18:55:00,635,2025.04.08 08:54:58,true,false,false,DISTINCT_TIMESTAMPED_REARM_EVENT,D032_REJECTED_BY_SAME_FAMILY_STACKING,DISTINCT_SETUP_SUPPRESSION
MSZZC1|6:XAUUSD|1:5|2:-1|1:4|18:ASIA_HIGH|20250408,ASIA_HIGH|20250408,SSRP|ASIA_HIGH|20250408|1744100100|FINAL,SSRP|ASIA_HIGH|20250408|1744138500|FINAL,2025.04.08 08:20:00,2025.04.08 19:00:00,640,2025.04.08 08:54:58,true,false,false,DISTINCT_TIMESTAMPED_REARM_EVENT,D032_REJECTED_BY_SAME_FAMILY_STACKING,DISTINCT_SETUP_SUPPRESSION
MSZZC1|6:XAUUSD|1:5|1:1|1:4|17:ASIA_LOW|20250408,ASIA_LOW|20250408,SSRP|ASIA_LOW|20250408|1744143000|FINAL,SSRP|ASIA_LOW|20250408|1744144200|FINAL,2025.04.08 20:15:00,2025.04.08 20:35:00,20,2025.04.08 20:29:58,true,true,false,DISTINCT_TIMESTAMPED_REARM_EVENT,D032_ACCEPTED_DISTINCT_TRADE,DISTINCT_SETUP_SUPPRESSION
MSZZC1|6:XAUUSD|1:5|1:1|1:4|17:ASIA_LOW|20250408,ASIA_LOW|20250408,SSRP|ASIA_LOW|20250408|1744143000|FINAL,SSRP|ASIA_LOW|20250408|1744144500|FINAL,2025.04.08 20:15:00,2025.04.08 20:40:00,25,2025.04.08 20:29:58,true,false,false,DISTINCT_TIMESTAMPED_REARM_EVENT,D032_REJECTED_BY_SAME_FAMILY_STACKING,DISTINCT_SETUP_SUPPRESSION
MSZZC1|6:XAUUSD|1:5|1:1|1:4|17:ASIA_LOW|20250408,ASIA_LOW|20250408,SSRP|ASIA_LOW|20250408|1744143000|FINAL,SSRP|ASIA_LOW|20250408|1744151700|FINAL,2025.04.08 20:15:00,2025.04.08 22:40:00,145,2025.04.08 20:29:58,true,true,false,DISTINCT_TIMESTAMPED_REARM_EVENT,D032_ACCEPTED_DISTINCT_TRADE,DISTINCT_SETUP_SUPPRESSION
MSZZC1|6:XAUUSD|1:5|1:1|1:4|17:ASIA_LOW|20250408,ASIA_LOW|20250408,SSRP|ASIA_LOW|20250408|1744143000|FINAL,SSRP|ASIA_LOW|20250408|1744152000|FINAL,2025.04.08 20:15:00,2025.04.08 22:45:00,150,2025.04.08 20:29:58,true,false,false,DISTINCT_TIMESTAMPED_REARM_EVENT,D032_REJECTED_BY_SAME_FAMILY_STACKING,DISTINCT_SETUP_SUPPRESSION
MSZZC1|6:XAUUSD|1:5|1:1|1:4|17:ASIA_LOW|20250408,ASIA_LOW|20250408,SSRP|ASIA_LOW|20250408|1744143000|FINAL,SSRP|ASIA_LOW|20250408|1744154100|FINAL,2025.04.08 20:15:00,2025.04.08 23:25:00,190,2025.04.08 20:29:58,true,false,false,DISTINCT_TIMESTAMPED_REARM_EVENT,D032_REJECTED_BY_SAME_FAMILY_STACKING,DISTINCT_SETUP_SUPPRESSION
MSZZC1|6:XAUUSD|1:5|2:-1|1:4|18:ASIA_HIGH|20250410,ASIA_HIGH|20250410,SSRP|ASIA_HIGH|20250410|1744272300|FINAL,SSRP|ASIA_HIGH|20250410|1744299000|FINAL,2025.04.10 08:10:00,2025.04.10 15:35:00,445,2025.04.10 08:34:58,true,true,false,DISTINCT_TIMESTAMPED_REARM_EVENT,D032_ACCEPTED_DISTINCT_TRADE,DISTINCT_SETUP_SUPPRESSION
MSZZC1|6:XAUUSD|1:5|2:-1|1:4|18:ASIA_HIGH|20250410,ASIA_HIGH|20250410,SSRP|ASIA_HIGH|20250410|1744272300|FINAL,SSRP|ASIA_HIGH|20250410|1744302000|FINAL,2025.04.10 08:10:00,2025.04.10 16:30:00,500,2025.04.10 08:34:58,true,true,false,DISTINCT_TIMESTAMPED_REARM_EVENT,D032_ACCEPTED_DISTINCT_TRADE,DISTINCT_SETUP_SUPPRESSION
MSZZC1|6:XAUUSD|1:5|2:-1|1:4|18:ASIA_HIGH|20250410,ASIA_HIGH|20250410,SSRP|ASIA_HIGH|20250410|1744272300|FINAL,SSRP|ASIA_HIGH|20250410|1744302600|FINAL,2025.04.10 08:10:00,2025.04.10 16:35:00,505,2025.04.10 08:34:58,true,false,false,DISTINCT_TIMESTAMPED_REARM_EVENT,D032_REJECTED_BY_SAME_FAMILY_STACKING,DISTINCT_SETUP_SUPPRESSION
MSZZC1|6:XAUUSD|1:5|2:-1|1:4|18:ASIA_HIGH|20250411,ASIA_HIGH|20250411,SSRP|ASIA_HIGH|20250411|1744370400|FINAL,SSRP|ASIA_HIGH|20250411|1744370700|FINAL,2025.04.11 11:25:00,2025.04.11 11:30:00,5,2025.04.11 12:49:58,false,false,false,DISTINCT_TIMESTAMPED_REARM_EVENT,D032_REJECTED_BY_SAME_FAMILY_STACKING,DISTINCT_SETUP_SUPPRESSION
MSZZC1|6:XAUUSD|1:5|2:-1|1:4|18:ASIA_HIGH|20250411,ASIA_HIGH|20250411,SSRP|ASIA_HIGH|20250411|1744370400|FINAL,SSRP|ASIA_HIGH|20250411|1744371900|FINAL,2025.04.11 11:25:00,2025.04.11 11:50:00,25,2025.04.11 12:49:58,false,false,false,DISTINCT_TIMESTAMPED_REARM_EVENT,D032_REJECTED_BY_SAME_FAMILY_STACKING,DISTINCT_SETUP_SUPPRESSION
MSZZC1|6:XAUUSD|1:5|2:-1|1:4|18:ASIA_HIGH|20250411,ASIA_HIGH|20250411,SSRP|ASIA_HIGH|20250411|1744370400|FINAL,SSRP|ASIA_HIGH|20250411|1744372200|FINAL,2025.04.11 11:25:00,2025.04.11 11:55:00,30,2025.04.11 12:49:58,false,false,false,DISTINCT_TIMESTAMPED_REARM_EVENT,D032_REJECTED_BY_SAME_FAMILY_STACKING,DISTINCT_SETUP_SUPPRESSION
MSZZC1|6:XAUUSD|1:5|2:-1|1:4|18:ASIA_HIGH|20250411,ASIA_HIGH|20250411,SSRP|ASIA_HIGH|20250411|1744370400|FINAL,SSRP|ASIA_HIGH|20250411|1744378500|FINAL,2025.04.11 11:25:00,2025.04.11 13:40:00,135,2025.04.11 12:49:58,true,true,false,DISTINCT_TIMESTAMPED_REARM_EVENT,D032_ACCEPTED_DISTINCT_TRADE,DISTINCT_SETUP_SUPPRESSION
MSZZC1|6:XAUUSD|1:5|2:-1|1:4|18:ASIA_HIGH|20250411,ASIA_HIGH|20250411,SSRP|ASIA_HIGH|20250411|1744370400|FINAL,SSRP|ASIA_HIGH|20250411|1744378800|FINAL,2025.04.11 11:25:00,2025.04.11 13:45:00,140,2025.04.11 12:49:58,true,false,false,DISTINCT_TIMESTAMPED_REARM_EVENT,D032_REJECTED_BY_SAME_FAMILY_STACKING,DISTINCT_SETUP_SUPPRESSION
MSZZC1|6:XAUUSD|1:5|2:-1|1:4|18:ASIA_HIGH|20250411,ASIA_HIGH|20250411,SSRP|ASIA_HIGH|20250411|1744370400|FINAL,SSRP|ASIA_HIGH|20250411|1744380300|FINAL,2025.04.11 11:25:00,2025.04.11 14:30:00,185,2025.04.11 12:49:58,true,false,false,DISTINCT_TIMESTAMPED_REARM_EVENT,D032_REJECTED_BY_SAME_FAMILY_STACKING,DISTINCT_SETUP_SUPPRESSION
MSZZC1|6:XAUUSD|1:5|1:1|1:4|17:ASIA_LOW|20250414,ASIA_LOW|20250414,SSRP|ASIA_LOW|20250414|1744637700|FINAL,SSRP|ASIA_LOW|20250414|1744638300|FINAL,2025.04.14 13:45:00,2025.04.14 13:50:00,5,2025.04.14 15:44:58,false,false,false,DISTINCT_TIMESTAMPED_REARM_EVENT,D032_REJECTED_BY_SAME_FAMILY_STACKING,DISTINCT_SETUP_SUPPRESSION
MSZZC1|6:XAUUSD|1:5|1:1|1:4|17:ASIA_LOW|20250414,ASIA_LOW|20250414,SSRP|ASIA_LOW|20250414|1744637700|FINAL,SSRP|ASIA_LOW|20250414|1744645200|FINAL,2025.04.14 13:45:00,2025.04.14 15:45:00,120,2025.04.14 15:44:58,true,true,false,DISTINCT_TIMESTAMPED_REARM_EVENT,D032_ACCEPTED_DISTINCT_TRADE,DISTINCT_SETUP_SUPPRESSION
MSZZC1|6:XAUUSD|1:5|1:1|1:4|17:ASIA_LOW|20250414,ASIA_LOW|20250414,SSRP|ASIA_LOW|20250414|1744637700|FINAL,SSRP|ASIA_LOW|20250414|1744651500|FINAL,2025.04.14 13:45:00,2025.04.14 17:45:00,240,2025.04.14 15:44:58,true,true,false,DISTINCT_TIMESTAMPED_REARM_EVENT,D032_ACCEPTED_DISTINCT_TRADE,DISTINCT_SETUP_SUPPRESSION
MSZZC1|6:XAUUSD|1:5|1:1|1:4|17:ASIA_LOW|20250414,ASIA_LOW|20250414,SSRP|ASIA_LOW|20250414|1744637700|FINAL,SSRP|ASIA_LOW|20250414|1744652700|FINAL,2025.04.14 13:45:00,2025.04.14 17:50:00,245,2025.04.14 15:44:58,true,false,false,DISTINCT_TIMESTAMPED_REARM_EVENT,D032_REJECTED_BY_SAME_FAMILY_STACKING,DISTINCT_SETUP_SUPPRESSION
MSZZC1|6:XAUUSD|1:5|1:1|1:4|17:ASIA_LOW|20250414,ASIA_LOW|20250414,SSRP|ASIA_LOW|20250414|1744637700|FINAL,SSRP|ASIA_LOW|20250414|1744660800|FINAL,2025.04.14 13:45:00,2025.04.14 20:10:00,385,2025.04.14 15:44:58,true,true,false,DISTINCT_TIMESTAMPED_REARM_EVENT,D032_ACCEPTED_DISTINCT_TRADE,DISTINCT_SETUP_SUPPRESSION
MSZZC1|6:XAUUSD|1:5|1:1|1:4|17:ASIA_LOW|20250414,ASIA_LOW|20250414,SSRP|ASIA_LOW|20250414|1744637700|FINAL,SSRP|ASIA_LOW|20250414|1744661400|FINAL,2025.04.14 13:45:00,2025.04.14 20:25:00,400,2025.04.14 15:44:58,true,false,false,DISTINCT_TIMESTAMPED_REARM_EVENT,D032_REJECTED_BY_SAME_FAMILY_STACKING,DISTINCT_SETUP_SUPPRESSION
MSZZC1|6:XAUUSD|1:5|1:1|1:4|17:ASIA_LOW|20250414,ASIA_LOW|20250414,SSRP|ASIA_LOW|20250414|1744637700|FINAL,SSRP|ASIA_LOW|20250414|1744662300|FINAL,2025.04.14 13:45:00,2025.04.14 20:30:00,405,2025.04.14 15:44:58,true,false,false,DISTINCT_TIMESTAMPED_REARM_EVENT,D032_REJECTED_BY_SAME_FAMILY_STACKING,DISTINCT_SETUP_SUPPRESSION
MSZZC1|6:XAUUSD|1:5|1:1|1:4|17:ASIA_LOW|20250414,ASIA_LOW|20250414,SSRP|ASIA_LOW|20250414|1744637700|FINAL,SSRP|ASIA_LOW|20250414|1744668300|FINAL,2025.04.14 13:45:00,2025.04.14 22:15:00,510,2025.04.14 15:44:58,true,true,false,DISTINCT_TIMESTAMPED_REARM_EVENT,D032_ACCEPTED_DISTINCT_TRADE,DISTINCT_SETUP_SUPPRESSION
MSZZC1|6:XAUUSD|1:5|1:1|1:4|17:ASIA_LOW|20250414,ASIA_LOW|20250414,SSRP|ASIA_LOW|20250414|1744637700|FINAL,SSRP|ASIA_LOW|20250414|1744668900|FINAL,2025.04.14 13:45:00,2025.04.14 22:20:00,515,2025.04.14 15:44:58,true,false,false,DISTINCT_TIMESTAMPED_REARM_EVENT,D032_REJECTED_BY_SAME_FAMILY_STACKING,DISTINCT_SETUP_SUPPRESSION
MSZZC1|6:XAUUSD|1:5|1:1|1:4|17:ASIA_LOW|20250414,ASIA_LOW|20250414,SSRP|ASIA_LOW|20250414|1744637700|FINAL,SSRP|ASIA_LOW|20250414|1744669800|FINAL,2025.04.14 13:45:00,2025.04.14 22:35:00,530,2025.04.14 15:44:58,true,false,false,DISTINCT_TIMESTAMPED_REARM_EVENT,D032_REJECTED_BY_SAME_FAMILY_STACKING,DISTINCT_SETUP_SUPPRESSION
MSZZC1|6:XAUUSD|1:5|1:1|1:4|17:ASIA_LOW|20250414,ASIA_LOW|20250414,SSRP|ASIA_LOW|20250414|1744637700|FINAL,SSRP|ASIA_LOW|20250414|1744670100|FINAL,2025.04.14 13:45:00,2025.04.14 22:45:00,540,2025.04.14 15:44:58,true,false,false,DISTINCT_TIMESTAMPED_REARM_EVENT,D032_REJECTED_BY_SAME_FAMILY_STACKING,DISTINCT_SETUP_SUPPRESSION
MSZZC1|6:XAUUSD|1:5|1:1|1:4|17:ASIA_LOW|20250414,ASIA_LOW|20250414,SSRP|ASIA_LOW|20250414|1744637700|FINAL,SSRP|ASIA_LOW|20250414|1744672800|FINAL,2025.04.14 13:45:00,2025.04.14 23:25:00,580,2025.04.14 15:44:58,true,false,false,DISTINCT_TIMESTAMPED_REARM_EVENT,D032_REJECTED_BY_SAME_FAMILY_STACKING,DISTINCT_SETUP_SUPPRESSION
MSZZC1|6:XAUUSD|1:5|1:1|1:4|17:ASIA_LOW|20250414,ASIA_LOW|20250414,SSRP|ASIA_LOW|20250414|1744637700|FINAL,SSRP|ASIA_LOW|20250414|1744673400|FINAL,2025.04.14 13:45:00,2025.04.14 23:35:00,590,2025.04.14 15:44:58,true,true,false,DISTINCT_TIMESTAMPED_REARM_EVENT,D032_ACCEPTED_DISTINCT_TRADE,DISTINCT_SETUP_SUPPRESSION
MSZZC1|6:XAUUSD|1:5|1:1|1:4|17:ASIA_LOW|20250414,ASIA_LOW|20250414,SSRP|ASIA_LOW|20250414|1744637700|FINAL,SSRP|ASIA_LOW|20250414|1744673700|FINAL,2025.04.14 13:45:00,2025.04.14 23:40:00,595,2025.04.14 15:44:58,true,false,false,DISTINCT_TIMESTAMPED_REARM_EVENT,D032_REJECTED_BY_SAME_FAMILY_STACKING,DISTINCT_SETUP_SUPPRESSION
MSZZC1|6:XAUUSD|1:5|2:-1|1:4|18:ASIA_HIGH|20250415,ASIA_HIGH|20250415,SSRP|ASIA_HIGH|20250415|1744758000|FINAL,SSRP|ASIA_HIGH|20250415|1744758300|FINAL,2025.04.15 23:05:00,2025.04.15 23:10:00,5,2025.04.15 23:49:57,false,false,false,DISTINCT_TIMESTAMPED_REARM_EVENT,D032_REJECTED_BY_SAME_FAMILY_STACKING,DISTINCT_SETUP_SUPPRESSION
MSZZC1|6:XAUUSD|1:5|2:-1|1:4|18:ASIA_HIGH|20250416,ASIA_HIGH|20250416,SSRP|ASIA_HIGH|20250416|1744790700|FINAL,SSRP|ASIA_HIGH|20250416|1744793700|FINAL,2025.04.16 08:10:00,2025.04.16 09:00:00,50,2025.04.16 08:19:58,true,true,false,DISTINCT_TIMESTAMPED_REARM_EVENT,D032_ACCEPTED_DISTINCT_TRADE,DISTINCT_SETUP_SUPPRESSION
MSZZC1|6:XAUUSD|1:5|1:1|1:4|17:ASIA_LOW|20250417,ASIA_LOW|20250417,SSRP|ASIA_LOW|20250417|1744885500|FINAL,SSRP|ASIA_LOW|20250417|1744886100|FINAL,2025.04.17 10:35:00,2025.04.17 10:40:00,5,2025.04.17 11:34:58,false,false,false,DISTINCT_TIMESTAMPED_REARM_EVENT,D032_REJECTED_BY_SAME_FAMILY_STACKING,DISTINCT_SETUP_SUPPRESSION
MSZZC1|6:XAUUSD|1:5|1:1|1:4|17:ASIA_LOW|20250417,ASIA_LOW|20250417,SSRP|ASIA_LOW|20250417|1744885500|FINAL,SSRP|ASIA_LOW|20250417|1744887900|FINAL,2025.04.17 10:35:00,2025.04.17 11:10:00,35,2025.04.17 11:34:58,false,false,false,DISTINCT_TIMESTAMPED_REARM_EVENT,D032_REJECTED_BY_SAME_FAMILY_STACKING,DISTINCT_SETUP_SUPPRESSION
MSZZC1|6:XAUUSD|1:5|1:1|1:4|17:ASIA_LOW|20250417,ASIA_LOW|20250417,SSRP|ASIA_LOW|20250417|1744885500|FINAL,SSRP|ASIA_LOW|20250417|1744890000|FINAL,2025.04.17 10:35:00,2025.04.17 11:45:00,70,2025.04.17 11:34:58,true,true,false,DISTINCT_TIMESTAMPED_REARM_EVENT,D032_ACCEPTED_DISTINCT_TRADE,DISTINCT_SETUP_SUPPRESSION
MSZZC1|6:XAUUSD|1:5|1:1|1:4|17:ASIA_LOW|20250417,ASIA_LOW|20250417,SSRP|ASIA_LOW|20250417|1744885500|FINAL,SSRP|ASIA_LOW|20250417|1744890300|FINAL,2025.04.17 10:35:00,2025.04.17 11:50:00,75,2025.04.17 11:34:58,true,false,false,DISTINCT_TIMESTAMPED_REARM_EVENT,D032_REJECTED_BY_SAME_FAMILY_STACKING,DISTINCT_SETUP_SUPPRESSION
MSZZC1|6:XAUUSD|1:5|1:1|1:4|17:ASIA_LOW|20250417,ASIA_LOW|20250417,SSRP|ASIA_LOW|20250417|1744885500|FINAL,SSRP|ASIA_LOW|20250417|1744922400|FINAL,2025.04.17 10:35:00,2025.04.17 20:50:00,615,2025.04.17 11:34:58,true,true,false,DISTINCT_TIMESTAMPED_REARM_EVENT,D032_ACCEPTED_DISTINCT_TRADE,DISTINCT_SETUP_SUPPRESSION
MSZZC1|6:XAUUSD|1:5|1:1|1:4|17:ASIA_LOW|20250417,ASIA_LOW|20250417,SSRP|ASIA_LOW|20250417|1744885500|FINAL,SSRP|ASIA_LOW|20250417|1744929900|FINAL,2025.04.17 10:35:00,2025.04.17 22:50:00,735,2025.04.17 11:34:58,true,true,false,DISTINCT_TIMESTAMPED_REARM_EVENT,D032_ACCEPTED_DISTINCT_TRADE,DISTINCT_SETUP_SUPPRESSION
MSZZC1|6:XAUUSD|1:5|1:1|1:4|17:ASIA_LOW|20250417,ASIA_LOW|20250417,SSRP|ASIA_LOW|20250417|1744885500|FINAL,SSRP|ASIA_LOW|20250417|1744930200|FINAL,2025.04.17 10:35:00,2025.04.17 23:05:00,750,2025.04.17 11:34:58,true,true,false,DISTINCT_TIMESTAMPED_REARM_EVENT,D032_ACCEPTED_DISTINCT_TRADE,DISTINCT_SETUP_SUPPRESSION
MSZZC1|6:XAUUSD|1:5|1:1|1:4|17:ASIA_LOW|20250417,ASIA_LOW|20250417,SSRP|ASIA_LOW|20250417|1744885500|FINAL,SSRP|ASIA_LOW|20250417|1744931100|FINAL,2025.04.17 10:35:00,2025.04.17 23:10:00,755,2025.04.17 11:34:58,true,false,false,DISTINCT_TIMESTAMPED_REARM_EVENT,D032_REJECTED_BY_SAME_FAMILY_STACKING,DISTINCT_SETUP_SUPPRESSION
MSZZC1|6:XAUUSD|1:5|2:-1|1:4|18:ASIA_HIGH|20250422,ASIA_HIGH|20250422,SSRP|ASIA_HIGH|20250422|1745312100|FINAL,SSRP|ASIA_HIGH|20250422|1745313000|FINAL,2025.04.22 09:00:00,2025.04.22 09:20:00,20,2025.04.22 09:14:58,true,true,false,DISTINCT_TIMESTAMPED_REARM_EVENT,D032_ACCEPTED_DISTINCT_TRADE,DISTINCT_SETUP_SUPPRESSION
MSZZC1|6:XAUUSD|1:5|2:-1|1:4|18:ASIA_HIGH|20250422,ASIA_HIGH|20250422,SSRP|ASIA_HIGH|20250422|1745312100|FINAL,SSRP|ASIA_HIGH|20250422|1745313600|FINAL,2025.04.22 09:00:00,2025.04.22 09:25:00,25,2025.04.22 09:14:58,true,false,false,DISTINCT_TIMESTAMPED_REARM_EVENT,D032_REJECTED_BY_SAME_FAMILY_STACKING,DISTINCT_SETUP_SUPPRESSION
MSZZC1|6:XAUUSD|1:5|1:1|1:4|17:ASIA_LOW|20250422,ASIA_LOW|20250422,SSRP|ASIA_LOW|20250422|1745340300|FINAL,SSRP|ASIA_LOW|20250422|1745346600|FINAL,2025.04.22 16:50:00,2025.04.22 18:35:00,105,2025.04.22 19:04:58,false,false,false,DISTINCT_TIMESTAMPED_REARM_EVENT,D032_REJECTED_BY_SAME_FAMILY_STACKING,DISTINCT_SETUP_SUPPRESSION
MSZZC1|6:XAUUSD|1:5|1:1|1:4|17:ASIA_LOW|20250422,ASIA_LOW|20250422,SSRP|ASIA_LOW|20250422|1745340300|FINAL,SSRP|ASIA_LOW|20250422|1745348400|FINAL,2025.04.22 16:50:00,2025.04.22 19:05:00,135,2025.04.22 19:04:58,true,true,false,DISTINCT_TIMESTAMPED_REARM_EVENT,D032_ACCEPTED_DISTINCT_TRADE,DISTINCT_SETUP_SUPPRESSION
MSZZC1|6:XAUUSD|1:5|1:1|1:4|17:ASIA_LOW|20250422,ASIA_LOW|20250422,SSRP|ASIA_LOW|20250422|1745340300|FINAL,SSRP|ASIA_LOW|20250422|1745348700|FINAL,2025.04.22 16:50:00,2025.04.22 19:10:00,140,2025.04.22 19:04:58,true,false,false,DISTINCT_TIMESTAMPED_REARM_EVENT,D032_REJECTED_BY_SAME_FAMILY_STACKING,DISTINCT_SETUP_SUPPRESSION
MSZZC1|6:XAUUSD|1:5|1:1|1:4|17:ASIA_LOW|20250423,ASIA_LOW|20250423,SSRP|ASIA_LOW|20250423|1745398800|FINAL,SSRP|ASIA_LOW|20250423|1745399400|FINAL,2025.04.23 09:10:00,2025.04.23 09:15:00,5,2025.04.23 09:54:58,false,false,false,DISTINCT_TIMESTAMPED_REARM_EVENT,D032_REJECTED_BY_SAME_FAMILY_STACKING,DISTINCT_SETUP_SUPPRESSION
MSZZC1|6:XAUUSD|1:5|1:1|1:4|17:ASIA_LOW|20250423,ASIA_LOW|20250423,SSRP|ASIA_LOW|20250423|1745398800|FINAL,SSRP|ASIA_LOW|20250423|1745399700|FINAL,2025.04.23 09:10:00,2025.04.23 09:20:00,10,2025.04.23 09:54:58,false,false,false,DISTINCT_TIMESTAMPED_REARM_EVENT,D032_REJECTED_BY_SAME_FAMILY_STACKING,DISTINCT_SETUP_SUPPRESSION
MSZZC1|6:XAUUSD|1:5|1:1|1:4|17:ASIA_LOW|20250423,ASIA_LOW|20250423,SSRP|ASIA_LOW|20250423|1745398800|FINAL,SSRP|ASIA_LOW|20250423|1745401200|FINAL,2025.04.23 09:10:00,2025.04.23 09:45:00,35,2025.04.23 09:54:58,false,false,false,DISTINCT_TIMESTAMPED_REARM_EVENT,D032_REJECTED_BY_SAME_FAMILY_STACKING,DISTINCT_SETUP_SUPPRESSION
MSZZC1|6:XAUUSD|1:5|1:1|1:4|17:ASIA_LOW|20250423,ASIA_LOW|20250423,SSRP|ASIA_LOW|20250423|1745398800|FINAL,SSRP|ASIA_LOW|20250423|1745404500|FINAL,2025.04.23 09:10:00,2025.04.23 10:40:00,90,2025.04.23 09:54:58,true,true,false,DISTINCT_TIMESTAMPED_REARM_EVENT,D032_ACCEPTED_DISTINCT_TRADE,DISTINCT_SETUP_SUPPRESSION
MSZZC1|6:XAUUSD|1:5|1:1|1:4|17:ASIA_LOW|20250423,ASIA_LOW|20250423,SSRP|ASIA_LOW|20250423|1745398800|FINAL,SSRP|ASIA_LOW|20250423|1745404800|FINAL,2025.04.23 09:10:00,2025.04.23 10:50:00,100,2025.04.23 09:54:58,true,false,false,DISTINCT_TIMESTAMPED_REARM_EVENT,D032_REJECTED_BY_SAME_FAMILY_STACKING,DISTINCT_SETUP_SUPPRESSION
MSZZC1|6:XAUUSD|1:5|1:1|1:4|17:ASIA_LOW|20250423,ASIA_LOW|20250423,SSRP|ASIA_LOW|20250423|1745398800|FINAL,SSRP|ASIA_LOW|20250423|1745405400|FINAL,2025.04.23 09:10:00,2025.04.23 10:55:00,105,2025.04.23 09:54:58,true,false,false,DISTINCT_TIMESTAMPED_REARM_EVENT,D032_REJECTED_BY_SAME_FAMILY_STACKING,DISTINCT_SETUP_SUPPRESSION
MSZZC1|6:XAUUSD|1:5|1:1|1:4|17:ASIA_LOW|20250423,ASIA_LOW|20250423,SSRP|ASIA_LOW|20250423|1745398800|FINAL,SSRP|ASIA_LOW|20250423|1745406900|FINAL,2025.04.23 09:10:00,2025.04.23 11:35:00,145,2025.04.23 09:54:58,true,true,false,DISTINCT_TIMESTAMPED_REARM_EVENT,D032_ACCEPTED_DISTINCT_TRADE,DISTINCT_SETUP_SUPPRESSION
MSZZC1|6:XAUUSD|1:5|1:1|1:4|17:ASIA_LOW|20250423,ASIA_LOW|20250423,SSRP|ASIA_LOW|20250423|1745398800|FINAL,SSRP|ASIA_LOW|20250423|1745408100|FINAL,2025.04.23 09:10:00,2025.04.23 11:40:00,150,2025.04.23 09:54:58,true,false,false,DISTINCT_TIMESTAMPED_REARM_EVENT,D032_REJECTED_BY_SAME_FAMILY_STACKING,DISTINCT_SETUP_SUPPRESSION
MSZZC1|6:XAUUSD|1:5|1:1|1:4|17:ASIA_LOW|20250423,ASIA_LOW|20250423,SSRP|ASIA_LOW|20250423|1745398800|FINAL,SSRP|ASIA_LOW|20250423|1745421000|FINAL,2025.04.23 09:10:00,2025.04.23 15:15:00,365,2025.04.23 09:54:58,true,true,false,DISTINCT_TIMESTAMPED_REARM_EVENT,D032_ACCEPTED_DISTINCT_TRADE,DISTINCT_SETUP_SUPPRESSION
MSZZC1|6:XAUUSD|1:5|2:-1|1:4|18:ASIA_HIGH|20250428,ASIA_HIGH|20250428,SSRP|ASIA_HIGH|20250428|1745862300|FINAL,SSRP|ASIA_HIGH|20250428|1745862600|FINAL,2025.04.28 17:50:00,2025.04.28 17:55:00,5,2025.04.28 18:19:58,false,false,false,DISTINCT_TIMESTAMPED_REARM_EVENT,D032_REJECTED_BY_SAME_FAMILY_STACKING,DISTINCT_SETUP_SUPPRESSION
MSZZC1|6:XAUUSD|1:5|2:-1|1:4|18:ASIA_HIGH|20250428,ASIA_HIGH|20250428,SSRP|ASIA_HIGH|20250428|1745862300|FINAL,SSRP|ASIA_HIGH|20250428|1745864100|FINAL,2025.04.28 17:50:00,2025.04.28 18:20:00,30,2025.04.28 18:19:58,true,true,false,DISTINCT_TIMESTAMPED_REARM_EVENT,D032_ACCEPTED_DISTINCT_TRADE,DISTINCT_SETUP_SUPPRESSION
MSZZC1|6:XAUUSD|1:5|2:-1|1:4|18:ASIA_HIGH|20250428,ASIA_HIGH|20250428,SSRP|ASIA_HIGH|20250428|1745862300|FINAL,SSRP|ASIA_HIGH|20250428|1745864400|FINAL,2025.04.28 17:50:00,2025.04.28 18:25:00,35,2025.04.28 18:19:58,true,false,false,DISTINCT_TIMESTAMPED_REARM_EVENT,D032_REJECTED_BY_SAME_FAMILY_STACKING,DISTINCT_SETUP_SUPPRESSION
MSZZC1|6:XAUUSD|1:5|1:1|1:4|17:ASIA_LOW|20250429,ASIA_LOW|20250429,SSRP|ASIA_LOW|20250429|1745914500|FINAL,SSRP|ASIA_LOW|20250429|1745914800|FINAL,2025.04.29 08:20:00,2025.04.29 08:25:00,5,2025.04.29 08:39:58,false,false,false,DISTINCT_TIMESTAMPED_REARM_EVENT,D032_REJECTED_BY_SAME_FAMILY_STACKING,DISTINCT_SETUP_SUPPRESSION
MSZZC1|6:XAUUSD|1:5|1:1|1:4|17:ASIA_LOW|20250429,ASIA_LOW|20250429,SSRP|ASIA_LOW|20250429|1745914500|FINAL,SSRP|ASIA_LOW|20250429|1745932500|FINAL,2025.04.29 08:20:00,2025.04.29 13:20:00,300,2025.04.29 08:39:58,true,true,false,DISTINCT_TIMESTAMPED_REARM_EVENT,D032_ACCEPTED_DISTINCT_TRADE,DISTINCT_SETUP_SUPPRESSION
MSZZC1|6:XAUUSD|1:5|1:1|1:4|17:ASIA_LOW|20250429,ASIA_LOW|20250429,SSRP|ASIA_LOW|20250429|1745914500|FINAL,SSRP|ASIA_LOW|20250429|1745939400|FINAL,2025.04.29 08:20:00,2025.04.29 15:20:00,420,2025.04.29 08:39:58,true,true,false,DISTINCT_TIMESTAMPED_REARM_EVENT,D032_ACCEPTED_DISTINCT_TRADE,DISTINCT_SETUP_SUPPRESSION
MSZZC1|6:XAUUSD|1:5|1:1|1:4|17:ASIA_LOW|20250429,ASIA_LOW|20250429,SSRP|ASIA_LOW|20250429|1745914500|FINAL,SSRP|ASIA_LOW|20250429|1745940000|FINAL,2025.04.29 08:20:00,2025.04.29 15:25:00,425,2025.04.29 08:39:58,true,false,false,DISTINCT_TIMESTAMPED_REARM_EVENT,D032_REJECTED_BY_SAME_FAMILY_STACKING,DISTINCT_SETUP_SUPPRESSION
MSZZC1|6:XAUUSD|1:5|1:1|1:4|17:ASIA_LOW|20250429,ASIA_LOW|20250429,SSRP|ASIA_LOW|20250429|1745914500|FINAL,SSRP|ASIA_LOW|20250429|1745940900|FINAL,2025.04.29 08:20:00,2025.04.29 15:40:00,440,2025.04.29 08:39:58,true,false,false,DISTINCT_TIMESTAMPED_REARM_EVENT,D032_REJECTED_BY_SAME_FAMILY_STACKING,DISTINCT_SETUP_SUPPRESSION
MSZZC1|6:XAUUSD|1:5|1:1|1:4|17:ASIA_LOW|20250429,ASIA_LOW|20250429,SSRP|ASIA_LOW|20250429|1745914500|FINAL,SSRP|ASIA_LOW|20250429|1745945100|FINAL,2025.04.29 08:20:00,2025.04.29 17:10:00,530,2025.04.29 08:39:58,true,true,false,DISTINCT_TIMESTAMPED_REARM_EVENT,D032_ACCEPTED_DISTINCT_TRADE,DISTINCT_SETUP_SUPPRESSION
MSZZC1|6:XAUUSD|1:5|1:1|1:4|17:ASIA_LOW|20250429,ASIA_LOW|20250429,SSRP|ASIA_LOW|20250429|1745914500|FINAL,SSRP|ASIA_LOW|20250429|1745946600|FINAL,2025.04.29 08:20:00,2025.04.29 17:15:00,535,2025.04.29 08:39:58,true,false,false,DISTINCT_TIMESTAMPED_REARM_EVENT,D032_REJECTED_BY_SAME_FAMILY_STACKING,DISTINCT_SETUP_SUPPRESSION
MSZZC1|6:XAUUSD|1:5|1:1|1:4|17:ASIA_LOW|20250429,ASIA_LOW|20250429,SSRP|ASIA_LOW|20250429|1745914500|FINAL,SSRP|ASIA_LOW|20250429|1745952000|FINAL,2025.04.29 08:20:00,2025.04.29 18:45:00,625,2025.04.29 08:39:58,true,false,false,DISTINCT_TIMESTAMPED_REARM_EVENT,D032_REJECTED_BY_SAME_FAMILY_STACKING,DISTINCT_SETUP_SUPPRESSION
MSZZC1|6:XAUUSD|1:5|1:1|1:4|17:ASIA_LOW|20250429,ASIA_LOW|20250429,SSRP|ASIA_LOW|20250429|1745914500|FINAL,SSRP|ASIA_LOW|20250429|1745952300|FINAL,2025.04.29 08:20:00,2025.04.29 18:50:00,630,2025.04.29 08:39:58,true,false,false,DISTINCT_TIMESTAMPED_REARM_EVENT,D032_REJECTED_BY_SAME_FAMILY_STACKING,DISTINCT_SETUP_SUPPRESSION
MSZZC1|6:XAUUSD|1:5|1:1|1:4|17:ASIA_LOW|20250430,ASIA_LOW|20250430,SSRP|ASIA_LOW|20250430|1746027600|FINAL,SSRP|ASIA_LOW|20250430|1746028800|FINAL,2025.04.30 15:45:00,2025.04.30 16:10:00,25,2025.04.30 23:39:58,false,false,false,DISTINCT_TIMESTAMPED_REARM_EVENT,D032_REJECTED_BY_SAME_FAMILY_STACKING,DISTINCT_SETUP_SUPPRESSION
MSZZC1|6:XAUUSD|1:5|1:1|1:4|17:ASIA_LOW|20250430,ASIA_LOW|20250430,SSRP|ASIA_LOW|20250430|1746027600|FINAL,SSRP|ASIA_LOW|20250430|1746029400|FINAL,2025.04.30 15:45:00,2025.04.30 16:15:00,30,2025.04.30 23:39:58,false,false,false,DISTINCT_TIMESTAMPED_REARM_EVENT,D032_REJECTED_BY_SAME_FAMILY_STACKING,DISTINCT_SETUP_SUPPRESSION
MSZZC1|6:XAUUSD|1:5|1:1|1:4|17:ASIA_LOW|20250430,ASIA_LOW|20250430,SSRP|ASIA_LOW|20250430|1746027600|FINAL,SSRP|ASIA_LOW|20250430|1746032400|FINAL,2025.04.30 15:45:00,2025.04.30 17:05:00,80,2025.04.30 23:39:58,false,false,false,DISTINCT_TIMESTAMPED_REARM_EVENT,D032_REJECTED_BY_SAME_FAMILY_STACKING,DISTINCT_SETUP_SUPPRESSION
MSZZC1|6:XAUUSD|1:5|1:1|1:4|17:ASIA_LOW|20250430,ASIA_LOW|20250430,SSRP|ASIA_LOW|20250430|1746027600|FINAL,SSRP|ASIA_LOW|20250430|1746034800|FINAL,2025.04.30 15:45:00,2025.04.30 17:50:00,125,2025.04.30 23:39:58,false,false,false,DISTINCT_TIMESTAMPED_REARM_EVENT,D032_REJECTED_BY_SAME_FAMILY_STACKING,DISTINCT_SETUP_SUPPRESSION
MSZZC1|6:XAUUSD|1:5|1:1|1:4|17:ASIA_LOW|20250430,ASIA_LOW|20250430,SSRP|ASIA_LOW|20250430|1746027600|FINAL,SSRP|ASIA_LOW|20250430|1746035400|FINAL,2025.04.30 15:45:00,2025.04.30 17:55:00,130,2025.04.30 23:39:58,false,false,false,DISTINCT_TIMESTAMPED_REARM_EVENT,D032_REJECTED_BY_SAME_FAMILY_STACKING,DISTINCT_SETUP_SUPPRESSION
MSZZC1|6:XAUUSD|1:5|1:1|1:4|17:ASIA_LOW|20250430,ASIA_LOW|20250430,SSRP|ASIA_LOW|20250430|1746027600|FINAL,SSRP|ASIA_LOW|20250430|1746038700|FINAL,2025.04.30 15:45:00,2025.04.30 18:50:00,185,2025.04.30 23:39:58,false,false,false,DISTINCT_TIMESTAMPED_REARM_EVENT,D032_REJECTED_BY_SAME_FAMILY_STACKING,DISTINCT_SETUP_SUPPRESSION
MSZZC1|6:XAUUSD|1:5|1:1|1:4|17:ASIA_LOW|20250430,ASIA_LOW|20250430,SSRP|ASIA_LOW|20250430|1746027600|FINAL,SSRP|ASIA_LOW|20250430|1746039000|FINAL,2025.04.30 15:45:00,2025.04.30 18:55:00,190,2025.04.30 23:39:58,false,false,false,DISTINCT_TIMESTAMPED_REARM_EVENT,D032_REJECTED_BY_SAME_FAMILY_STACKING,DISTINCT_SETUP_SUPPRESSION
MSZZC1|6:XAUUSD|1:5|1:1|1:4|17:ASIA_LOW|20250430,ASIA_LOW|20250430,SSRP|ASIA_LOW|20250430|1746027600|FINAL,SSRP|ASIA_LOW|20250430|1746048300|FINAL,2025.04.30 15:45:00,2025.04.30 21:30:00,345,2025.04.30 23:39:58,false,false,false,DISTINCT_TIMESTAMPED_REARM_EVENT,D032_REJECTED_BY_SAME_FAMILY_STACKING,DISTINCT_SETUP_SUPPRESSION
MSZZC1|6:XAUUSD|1:5|1:1|1:4|17:ASIA_LOW|20250430,ASIA_LOW|20250430,SSRP|ASIA_LOW|20250430|1746027600|FINAL,SSRP|ASIA_LOW|20250430|1746048600|FINAL,2025.04.30 15:45:00,2025.04.30 21:35:00,350,2025.04.30 23:39:58,false,false,false,DISTINCT_TIMESTAMPED_REARM_EVENT,D032_REJECTED_BY_SAME_FAMILY_STACKING,DISTINCT_SETUP_SUPPRESSION
MSZZC1|6:XAUUSD|1:5|1:1|1:4|17:ASIA_LOW|20250430,ASIA_LOW|20250430,SSRP|ASIA_LOW|20250430|1746027600|FINAL,SSRP|ASIA_LOW|20250430|1746049200|FINAL,2025.04.30 15:45:00,2025.04.30 21:45:00,360,2025.04.30 23:39:58,false,false,false,DISTINCT_TIMESTAMPED_REARM_EVENT,D032_REJECTED_BY_SAME_FAMILY_STACKING,DISTINCT_SETUP_SUPPRESSION
MSZZC1|6:XAUUSD|1:5|1:1|1:4|17:ASIA_LOW|20250430,ASIA_LOW|20250430,SSRP|ASIA_LOW|20250430|1746027600|FINAL,SSRP|ASIA_LOW|20250430|1746049500|FINAL,2025.04.30 15:45:00,2025.04.30 21:50:00,365,2025.04.30 23:39:58,false,false,false,DISTINCT_TIMESTAMPED_REARM_EVENT,D032_REJECTED_BY_SAME_FAMILY_STACKING,DISTINCT_SETUP_SUPPRESSION
MSZZC1|6:XAUUSD|1:5|1:1|1:4|17:ASIA_LOW|20250501,ASIA_LOW|20250501,SSRP|ASIA_LOW|20250501|1746103200|FINAL,SSRP|ASIA_LOW|20250501|1746105900|FINAL,2025.05.01 12:45:00,2025.05.01 13:35:00,50,2025.05.01 12:59:58,true,true,false,DISTINCT_TIMESTAMPED_REARM_EVENT,D032_ACCEPTED_DISTINCT_TRADE,DISTINCT_SETUP_SUPPRESSION
MSZZC1|6:XAUUSD|1:5|1:1|1:4|17:ASIA_LOW|20250501,ASIA_LOW|20250501,SSRP|ASIA_LOW|20250501|1746103200|FINAL,SSRP|ASIA_LOW|20250501|1746106500|FINAL,2025.05.01 12:45:00,2025.05.01 13:40:00,55,2025.05.01 12:59:58,true,false,false,DISTINCT_TIMESTAMPED_REARM_EVENT,D032_REJECTED_BY_SAME_FAMILY_STACKING,DISTINCT_SETUP_SUPPRESSION
MSZZC1|6:XAUUSD|1:5|1:1|1:4|17:ASIA_LOW|20250501,ASIA_LOW|20250501,SSRP|ASIA_LOW|20250501|1746103200|FINAL,SSRP|ASIA_LOW|20250501|1746112800|FINAL,2025.05.01 12:45:00,2025.05.01 15:30:00,165,2025.05.01 12:59:58,true,true,false,DISTINCT_TIMESTAMPED_REARM_EVENT,D032_ACCEPTED_DISTINCT_TRADE,DISTINCT_SETUP_SUPPRESSION
MSZZC1|6:XAUUSD|1:5|1:1|1:4|17:ASIA_LOW|20250501,ASIA_LOW|20250501,SSRP|ASIA_LOW|20250501|1746103200|FINAL,SSRP|ASIA_LOW|20250501|1746113400|FINAL,2025.05.01 12:45:00,2025.05.01 15:35:00,170,2025.05.01 12:59:58,true,false,false,DISTINCT_TIMESTAMPED_REARM_EVENT,D032_REJECTED_BY_SAME_FAMILY_STACKING,DISTINCT_SETUP_SUPPRESSION
MSZZC1|6:XAUUSD|1:5|1:1|1:4|17:ASIA_LOW|20250501,ASIA_LOW|20250501,SSRP|ASIA_LOW|20250501|1746103200|FINAL,SSRP|ASIA_LOW|20250501|1746113700|FINAL,2025.05.01 12:45:00,2025.05.01 15:40:00,175,2025.05.01 12:59:58,true,false,false,DISTINCT_TIMESTAMPED_REARM_EVENT,D032_REJECTED_BY_SAME_FAMILY_STACKING,DISTINCT_SETUP_SUPPRESSION
MSZZC1|6:XAUUSD|1:5|1:1|1:4|17:ASIA_LOW|20250501,ASIA_LOW|20250501,SSRP|ASIA_LOW|20250501|1746103200|FINAL,SSRP|ASIA_LOW|20250501|1746117900|FINAL,2025.05.01 12:45:00,2025.05.01 16:50:00,245,2025.05.01 12:59:58,true,false,false,DISTINCT_TIMESTAMPED_REARM_EVENT,D032_REJECTED_BY_SAME_FAMILY_STACKING,DISTINCT_SETUP_SUPPRESSION
MSZZC1|6:XAUUSD|1:5|1:1|1:4|17:ASIA_LOW|20250501,ASIA_LOW|20250501,SSRP|ASIA_LOW|20250501|1746103200|FINAL,SSRP|ASIA_LOW|20250501|1746118200|FINAL,2025.05.01 12:45:00,2025.05.01 16:55:00,250,2025.05.01 12:59:58,true,false,false,DISTINCT_TIMESTAMPED_REARM_EVENT,D032_REJECTED_BY_SAME_FAMILY_STACKING,DISTINCT_SETUP_SUPPRESSION
MSZZC1|6:XAUUSD|1:5|1:1|1:4|17:ASIA_LOW|20250501,ASIA_LOW|20250501,SSRP|ASIA_LOW|20250501|1746103200|FINAL,SSRP|ASIA_LOW|20250501|1746118800|FINAL,2025.05.01 12:45:00,2025.05.01 17:05:00,260,2025.05.01 12:59:58,true,false,false,DISTINCT_TIMESTAMPED_REARM_EVENT,D032_REJECTED_BY_SAME_FAMILY_STACKING,DISTINCT_SETUP_SUPPRESSION
MSZZC1|6:XAUUSD|1:5|1:1|1:4|17:ASIA_LOW|20250501,ASIA_LOW|20250501,SSRP|ASIA_LOW|20250501|1746103200|FINAL,SSRP|ASIA_LOW|20250501|1746119100|FINAL,2025.05.01 12:45:00,2025.05.01 17:10:00,265,2025.05.01 12:59:58,true,false,false,DISTINCT_TIMESTAMPED_REARM_EVENT,D032_REJECTED_BY_SAME_FAMILY_STACKING,DISTINCT_SETUP_SUPPRESSION
MSZZC1|6:XAUUSD|1:5|1:1|1:4|17:ASIA_LOW|20250501,ASIA_LOW|20250501,SSRP|ASIA_LOW|20250501|1746103200|FINAL,SSRP|ASIA_LOW|20250501|1746120000|FINAL,2025.05.01 12:45:00,2025.05.01 17:25:00,280,2025.05.01 12:59:58,true,false,false,DISTINCT_TIMESTAMPED_REARM_EVENT,D032_REJECTED_BY_SAME_FAMILY_STACKING,DISTINCT_SETUP_SUPPRESSION
MSZZC1|6:XAUUSD|1:5|1:1|1:4|17:ASIA_LOW|20250501,ASIA_LOW|20250501,SSRP|ASIA_LOW|20250501|1746103200|FINAL,SSRP|ASIA_LOW|20250501|1746120300|FINAL,2025.05.01 12:45:00,2025.05.01 17:30:00,285,2025.05.01 12:59:58,true,false,false,DISTINCT_TIMESTAMPED_REARM_EVENT,D032_REJECTED_BY_SAME_FAMILY_STACKING,DISTINCT_SETUP_SUPPRESSION
MSZZC1|6:XAUUSD|1:5|1:1|1:4|17:ASIA_LOW|20250501,ASIA_LOW|20250501,SSRP|ASIA_LOW|20250501|1746103200|FINAL,SSRP|ASIA_LOW|20250501|1746134700|FINAL,2025.05.01 12:45:00,2025.05.01 21:35:00,530,2025.05.01 12:59:58,true,true,false,DISTINCT_TIMESTAMPED_REARM_EVENT,D032_ACCEPTED_DISTINCT_TRADE,DISTINCT_SETUP_SUPPRESSION
MSZZC1|6:XAUUSD|1:5|2:-1|1:4|18:ASIA_HIGH|20250502,ASIA_HIGH|20250502,SSRP|ASIA_HIGH|20250502|1746177600|FINAL,SSRP|ASIA_HIGH|20250502|1746177900|FINAL,2025.05.02 09:25:00,2025.05.02 09:30:00,5,2025.05.02 09:54:57,false,false,false,DISTINCT_TIMESTAMPED_REARM_EVENT,D032_REJECTED_BY_SAME_FAMILY_STACKING,DISTINCT_SETUP_SUPPRESSION
MSZZC1|6:XAUUSD|1:5|2:-1|1:4|18:ASIA_HIGH|20250502,ASIA_HIGH|20250502,SSRP|ASIA_HIGH|20250502|1746177600|FINAL,SSRP|ASIA_HIGH|20250502|1746178200|FINAL,2025.05.02 09:25:00,2025.05.02 09:35:00,10,2025.05.02 09:54:57,false,false,false,DISTINCT_TIMESTAMPED_REARM_EVENT,D032_REJECTED_BY_SAME_FAMILY_STACKING,DISTINCT_SETUP_SUPPRESSION
MSZZC1|6:XAUUSD|1:5|2:-1|1:4|18:ASIA_HIGH|20250502,ASIA_HIGH|20250502,SSRP|ASIA_HIGH|20250502|1746177600|FINAL,SSRP|ASIA_HIGH|20250502|1746182100|FINAL,2025.05.02 09:25:00,2025.05.02 10:50:00,85,2025.05.02 09:54:57,true,true,false,DISTINCT_TIMESTAMPED_REARM_EVENT,D032_ACCEPTED_DISTINCT_TRADE,DISTINCT_SETUP_SUPPRESSION
MSZZC1|6:XAUUSD|1:5|2:-1|1:4|18:ASIA_HIGH|20250502,ASIA_HIGH|20250502,SSRP|ASIA_HIGH|20250502|1746177600|FINAL,SSRP|ASIA_HIGH|20250502|1746183000|FINAL,2025.05.02 09:25:00,2025.05.02 11:05:00,100,2025.05.02 09:54:57,true,false,false,DISTINCT_TIMESTAMPED_REARM_EVENT,D032_REJECTED_BY_SAME_FAMILY_STACKING,DISTINCT_SETUP_SUPPRESSION
MSZZC1|6:XAUUSD|1:5|2:-1|1:4|18:ASIA_HIGH|20250502,ASIA_HIGH|20250502,SSRP|ASIA_HIGH|20250502|1746177600|FINAL,SSRP|ASIA_HIGH|20250502|1746183900|FINAL,2025.05.02 09:25:00,2025.05.02 11:10:00,105,2025.05.02 09:54:57,true,false,false,DISTINCT_TIMESTAMPED_REARM_EVENT,D032_REJECTED_BY_SAME_FAMILY_STACKING,DISTINCT_SETUP_SUPPRESSION
MSZZC1|6:XAUUSD|1:5|2:-1|1:4|18:ASIA_HIGH|20250502,ASIA_HIGH|20250502,SSRP|ASIA_HIGH|20250502|1746177600|FINAL,SSRP|ASIA_HIGH|20250502|1746184800|FINAL,2025.05.02 09:25:00,2025.05.02 11:25:00,120,2025.05.02 09:54:57,true,false,false,DISTINCT_TIMESTAMPED_REARM_EVENT,D032_REJECTED_BY_SAME_FAMILY_STACKING,DISTINCT_SETUP_SUPPRESSION
MSZZC1|6:XAUUSD|1:5|2:-1|1:4|18:ASIA_HIGH|20250502,ASIA_HIGH|20250502,SSRP|ASIA_HIGH|20250502|1746177600|FINAL,SSRP|ASIA_HIGH|20250502|1746186300|FINAL,2025.05.02 09:25:00,2025.05.02 11:55:00,150,2025.05.02 09:54:57,true,false,false,DISTINCT_TIMESTAMPED_REARM_EVENT,D032_REJECTED_BY_SAME_FAMILY_STACKING,DISTINCT_SETUP_SUPPRESSION
MSZZC1|6:XAUUSD|1:5|2:-1|1:4|18:ASIA_HIGH|20250502,ASIA_HIGH|20250502,SSRP|ASIA_HIGH|20250502|1746177600|FINAL,SSRP|ASIA_HIGH|20250502|1746186900|FINAL,2025.05.02 09:25:00,2025.05.02 12:00:00,155,2025.05.02 09:54:57,true,false,false,DISTINCT_TIMESTAMPED_REARM_EVENT,D032_REJECTED_BY_SAME_FAMILY_STACKING,DISTINCT_SETUP_SUPPRESSION
MSZZC1|6:XAUUSD|1:5|2:-1|1:4|18:ASIA_HIGH|20250502,ASIA_HIGH|20250502,SSRP|ASIA_HIGH|20250502|1746177600|FINAL,SSRP|ASIA_HIGH|20250502|1746192300|FINAL,2025.05.02 09:25:00,2025.05.02 13:40:00,255,2025.05.02 09:54:57,true,true,false,DISTINCT_TIMESTAMPED_REARM_EVENT,D032_ACCEPTED_DISTINCT_TRADE,DISTINCT_SETUP_SUPPRESSION
MSZZC1|6:XAUUSD|1:5|2:-1|1:4|18:ASIA_HIGH|20250502,ASIA_HIGH|20250502,SSRP|ASIA_HIGH|20250502|1746177600|FINAL,SSRP|ASIA_HIGH|20250502|1746199200|FINAL,2025.05.02 09:25:00,2025.05.02 15:30:00,365,2025.05.02 09:54:57,true,true,false,DISTINCT_TIMESTAMPED_REARM_EVENT,D032_ACCEPTED_DISTINCT_TRADE,DISTINCT_SETUP_SUPPRESSION
MSZZC1|6:XAUUSD|1:5|2:-1|1:4|18:ASIA_HIGH|20250502,ASIA_HIGH|20250502,SSRP|ASIA_HIGH|20250502|1746177600|FINAL,SSRP|ASIA_HIGH|20250502|1746199800|FINAL,2025.05.02 09:25:00,2025.05.02 15:40:00,375,2025.05.02 09:54:57,true,false,false,DISTINCT_TIMESTAMPED_REARM_EVENT,D032_REJECTED_BY_SAME_FAMILY_STACKING,DISTINCT_SETUP_SUPPRESSION
MSZZC1|6:XAUUSD|1:5|2:-1|1:4|18:ASIA_HIGH|20250502,ASIA_HIGH|20250502,SSRP|ASIA_HIGH|20250502|1746177600|FINAL,SSRP|ASIA_HIGH|20250502|1746200400|FINAL,2025.05.02 09:25:00,2025.05.02 15:45:00,380,2025.05.02 09:54:57,true,false,false,DISTINCT_TIMESTAMPED_REARM_EVENT,D032_REJECTED_BY_SAME_FAMILY_STACKING,DISTINCT_SETUP_SUPPRESSION
MSZZC1|6:XAUUSD|1:5|2:-1|1:4|18:ASIA_HIGH|20250502,ASIA_HIGH|20250502,SSRP|ASIA_HIGH|20250502|1746177600|FINAL,SSRP|ASIA_HIGH|20250502|1746201000|FINAL,2025.05.02 09:25:00,2025.05.02 15:55:00,390,2025.05.02 09:54:57,true,false,false,DISTINCT_TIMESTAMPED_REARM_EVENT,D032_REJECTED_BY_SAME_FAMILY_STACKING,DISTINCT_SETUP_SUPPRESSION
MSZZC1|6:XAUUSD|1:5|2:-1|1:4|18:ASIA_HIGH|20250502,ASIA_HIGH|20250502,SSRP|ASIA_HIGH|20250502|1746177600|FINAL,SSRP|ASIA_HIGH|20250502|1746207300|FINAL,2025.05.02 09:25:00,2025.05.02 17:40:00,495,2025.05.02 09:54:57,true,false,false,DISTINCT_TIMESTAMPED_REARM_EVENT,D032_REJECTED_BY_SAME_FAMILY_STACKING,DISTINCT_SETUP_SUPPRESSION
MSZZC1|6:XAUUSD|1:5|2:-1|1:4|18:ASIA_HIGH|20250502,ASIA_HIGH|20250502,SSRP|ASIA_HIGH|20250502|1746177600|FINAL,SSRP|ASIA_HIGH|20250502|1746209400|FINAL,2025.05.02 09:25:00,2025.05.02 18:15:00,530,2025.05.02 09:54:57,true,true,false,DISTINCT_TIMESTAMPED_REARM_EVENT,D032_ACCEPTED_DISTINCT_TRADE,DISTINCT_SETUP_SUPPRESSION
MSZZC1|6:XAUUSD|1:5|2:-1|1:4|18:ASIA_HIGH|20250502,ASIA_HIGH|20250502,SSRP|ASIA_HIGH|20250502|1746177600|FINAL,SSRP|ASIA_HIGH|20250502|1746209700|FINAL,2025.05.02 09:25:00,2025.05.02 18:20:00,535,2025.05.02 09:54:57,true,false,false,DISTINCT_TIMESTAMPED_REARM_EVENT,D032_REJECTED_BY_SAME_FAMILY_STACKING,DISTINCT_SETUP_SUPPRESSION
MSZZC1|6:XAUUSD|1:5|1:1|1:4|17:ASIA_LOW|20250502,ASIA_LOW|20250502,SSRP|ASIA_LOW|20250502|1746212400|FINAL,SSRP|ASIA_LOW|20250502|1746213000|FINAL,2025.05.02 19:05:00,2025.05.02 19:20:00,15,2025.05.02 19:14:58,true,true,false,DISTINCT_TIMESTAMPED_REARM_EVENT,D032_ACCEPTED_DISTINCT_TRADE,DISTINCT_SETUP_SUPPRESSION
MSZZC1|6:XAUUSD|1:5|1:1|1:4|17:ASIA_LOW|20250502,ASIA_LOW|20250502,SSRP|ASIA_LOW|20250502|1746212400|FINAL,SSRP|ASIA_LOW|20250502|1746213600|FINAL,2025.05.02 19:05:00,2025.05.02 19:25:00,20,2025.05.02 19:14:58,true,false,false,DISTINCT_TIMESTAMPED_REARM_EVENT,D032_REJECTED_BY_SAME_FAMILY_STACKING,DISTINCT_SETUP_SUPPRESSION
MSZZC1|6:XAUUSD|1:5|1:1|1:4|17:ASIA_LOW|20250502,ASIA_LOW|20250502,SSRP|ASIA_LOW|20250502|1746212400|FINAL,SSRP|ASIA_LOW|20250502|1746215700|FINAL,2025.05.02 19:05:00,2025.05.02 20:05:00,60,2025.05.02 19:14:58,true,true,false,DISTINCT_TIMESTAMPED_REARM_EVENT,D032_ACCEPTED_DISTINCT_TRADE,DISTINCT_SETUP_SUPPRESSION
MSZZC1|6:XAUUSD|1:5|1:1|1:4|17:ASIA_LOW|20250502,ASIA_LOW|20250502,SSRP|ASIA_LOW|20250502|1746212400|FINAL,SSRP|ASIA_LOW|20250502|1746216300|FINAL,2025.05.02 19:05:00,2025.05.02 20:10:00,65,2025.05.02 19:14:58,true,false,false,DISTINCT_TIMESTAMPED_REARM_EVENT,D032_REJECTED_BY_SAME_FAMILY_STACKING,DISTINCT_SETUP_SUPPRESSION
MSZZC1|6:XAUUSD|1:5|1:1|1:4|17:ASIA_LOW|20250502,ASIA_LOW|20250502,SSRP|ASIA_LOW|20250502|1746212400|FINAL,SSRP|ASIA_LOW|20250502|1746218700|FINAL,2025.05.02 19:05:00,2025.05.02 20:50:00,105,2025.05.02 19:14:58,true,false,false,DISTINCT_TIMESTAMPED_REARM_EVENT,D032_REJECTED_BY_SAME_FAMILY_STACKING,DISTINCT_SETUP_SUPPRESSION
MSZZC1|6:XAUUSD|1:5|1:1|1:4|17:ASIA_LOW|20250502,ASIA_LOW|20250502,SSRP|ASIA_LOW|20250502|1746212400|FINAL,SSRP|ASIA_LOW|20250502|1746220200|FINAL,2025.05.02 19:05:00,2025.05.02 21:20:00,135,2025.05.02 19:14:58,true,false,false,DISTINCT_TIMESTAMPED_REARM_EVENT,D032_REJECTED_BY_SAME_FAMILY_STACKING,DISTINCT_SETUP_SUPPRESSION
MSZZC1|6:XAUUSD|1:5|1:1|1:4|17:ASIA_LOW|20250502,ASIA_LOW|20250502,SSRP|ASIA_LOW|20250502|1746212400|FINAL,SSRP|ASIA_LOW|20250502|1746220800|FINAL,2025.05.02 19:05:00,2025.05.02 21:25:00,140,2025.05.02 19:14:58,true,false,false,DISTINCT_TIMESTAMPED_REARM_EVENT,D032_REJECTED_BY_SAME_FAMILY_STACKING,DISTINCT_SETUP_SUPPRESSION
MSZZC1|6:XAUUSD|1:5|1:1|1:4|17:ASIA_LOW|20250502,ASIA_LOW|20250502,SSRP|ASIA_LOW|20250502|1746212400|FINAL,SSRP|ASIA_LOW|20250502|1746221400|FINAL,2025.05.02 19:05:00,2025.05.02 21:35:00,150,2025.05.02 19:14:58,true,false,false,DISTINCT_TIMESTAMPED_REARM_EVENT,D032_REJECTED_BY_SAME_FAMILY_STACKING,DISTINCT_SETUP_SUPPRESSION
MSZZC1|6:XAUUSD|1:5|1:1|1:4|17:ASIA_LOW|20250502,ASIA_LOW|20250502,SSRP|ASIA_LOW|20250502|1746212400|FINAL,SSRP|ASIA_LOW|20250502|1746222000|FINAL,2025.05.02 19:05:00,2025.05.02 21:45:00,160,2025.05.02 19:14:58,true,false,false,DISTINCT_TIMESTAMPED_REARM_EVENT,D032_REJECTED_BY_SAME_FAMILY_STACKING,DISTINCT_SETUP_SUPPRESSION
MSZZC1|6:XAUUSD|1:5|1:1|1:4|17:ASIA_LOW|20250502,ASIA_LOW|20250502,SSRP|ASIA_LOW|20250502|1746212400|FINAL,SSRP|ASIA_LOW|20250502|1746222300|FINAL,2025.05.02 19:05:00,2025.05.02 22:00:00,175,2025.05.02 19:14:58,true,false,false,DISTINCT_TIMESTAMPED_REARM_EVENT,D032_REJECTED_BY_SAME_FAMILY_STACKING,DISTINCT_SETUP_SUPPRESSION
MSZZC1|6:XAUUSD|1:5|1:1|1:4|17:ASIA_LOW|20250502,ASIA_LOW|20250502,SSRP|ASIA_LOW|20250502|1746212400|FINAL,SSRP|ASIA_LOW|20250502|1746223200|FINAL,2025.05.02 19:05:00,2025.05.02 22:05:00,180,2025.05.02 19:14:58,true,false,false,DISTINCT_TIMESTAMPED_REARM_EVENT,D032_REJECTED_BY_SAME_FAMILY_STACKING,DISTINCT_SETUP_SUPPRESSION
MSZZC1|6:XAUUSD|1:5|2:-1|1:4|18:ASIA_HIGH|20250506,ASIA_HIGH|20250506,SSRP|ASIA_HIGH|20250506|1746552000|FINAL,SSRP|ASIA_HIGH|20250506|1746552300|FINAL,2025.05.06 17:25:00,2025.05.06 17:40:00,15,2025.05.06 18:14:58,false,false,false,DISTINCT_TIMESTAMPED_REARM_EVENT,D032_REJECTED_BY_SAME_FAMILY_STACKING,DISTINCT_SETUP_SUPPRESSION
MSZZC1|6:XAUUSD|1:5|2:-1|1:4|18:ASIA_HIGH|20250506,ASIA_HIGH|20250506,SSRP|ASIA_HIGH|20250506|1746552000|FINAL,SSRP|ASIA_HIGH|20250506|1746553200|FINAL,2025.05.06 17:25:00,2025.05.06 17:45:00,20,2025.05.06 18:14:58,false,false,false,DISTINCT_TIMESTAMPED_REARM_EVENT,D032_REJECTED_BY_SAME_FAMILY_STACKING,DISTINCT_SETUP_SUPPRESSION
MSZZC1|6:XAUUSD|1:5|1:1|1:4|17:ASIA_LOW|20250508,ASIA_LOW|20250508,SSRP|ASIA_LOW|20250508|1746721500|FINAL,SSRP|ASIA_LOW|20250508|1746721800|FINAL,2025.05.08 16:30:00,2025.05.08 16:35:00,5,2025.05.08 16:59:58,false,false,false,DISTINCT_TIMESTAMPED_REARM_EVENT,D032_REJECTED_BY_SAME_FAMILY_STACKING,DISTINCT_SETUP_SUPPRESSION
MSZZC1|6:XAUUSD|1:5|2:-1|1:4|18:ASIA_HIGH|20250509,ASIA_HIGH|20250509,SSRP|ASIA_HIGH|20250509|1746777600|FINAL,SSRP|ASIA_HIGH|20250509|1746778200|FINAL,2025.05.09 08:05:00,2025.05.09 08:15:00,10,2025.05.09 08:14:57,true,true,false,DISTINCT_TIMESTAMPED_REARM_EVENT,D032_ACCEPTED_DISTINCT_TRADE,DISTINCT_SETUP_SUPPRESSION
MSZZC1|6:XAUUSD|1:5|2:-1|1:4|18:ASIA_HIGH|20250509,ASIA_HIGH|20250509,SSRP|ASIA_HIGH|20250509|1746777600|FINAL,SSRP|ASIA_HIGH|20250509|1746778500|FINAL,2025.05.09 08:05:00,2025.05.09 08:20:00,15,2025.05.09 08:14:57,true,false,false,DISTINCT_TIMESTAMPED_REARM_EVENT,D032_REJECTED_BY_SAME_FAMILY_STACKING,DISTINCT_SETUP_SUPPRESSION
MSZZC1|6:XAUUSD|1:5|2:-1|1:4|18:ASIA_HIGH|20250509,ASIA_HIGH|20250509,SSRP|ASIA_HIGH|20250509|1746777600|FINAL,SSRP|ASIA_HIGH|20250509|1746784800|FINAL,2025.05.09 08:05:00,2025.05.09 10:10:00,125,2025.05.09 08:14:57,true,true,false,DISTINCT_TIMESTAMPED_REARM_EVENT,D032_ACCEPTED_DISTINCT_TRADE,DISTINCT_SETUP_SUPPRESSION
MSZZC1|6:XAUUSD|1:5|2:-1|1:4|18:ASIA_HIGH|20250509,ASIA_HIGH|20250509,SSRP|ASIA_HIGH|20250509|1746777600|FINAL,SSRP|ASIA_HIGH|20250509|1746785400|FINAL,2025.05.09 08:05:00,2025.05.09 10:15:00,130,2025.05.09 08:14:57,true,false,false,DISTINCT_TIMESTAMPED_REARM_EVENT,D032_REJECTED_BY_SAME_FAMILY_STACKING,DISTINCT_SETUP_SUPPRESSION
MSZZC1|6:XAUUSD|1:5|2:-1|1:4|18:ASIA_HIGH|20250509,ASIA_HIGH|20250509,SSRP|ASIA_HIGH|20250509|1746777600|FINAL,SSRP|ASIA_HIGH|20250509|1746785700|FINAL,2025.05.09 08:05:00,2025.05.09 10:20:00,135,2025.05.09 08:14:57,true,false,false,DISTINCT_TIMESTAMPED_REARM_EVENT,D032_REJECTED_BY_SAME_FAMILY_STACKING,DISTINCT_SETUP_SUPPRESSION
MSZZC1|6:XAUUSD|1:5|2:-1|1:4|18:ASIA_HIGH|20250509,ASIA_HIGH|20250509,SSRP|ASIA_HIGH|20250509|1746777600|FINAL,SSRP|ASIA_HIGH|20250509|1746786600|FINAL,2025.05.09 08:05:00,2025.05.09 10:35:00,150,2025.05.09 08:14:57,true,false,false,DISTINCT_TIMESTAMPED_REARM_EVENT,D032_REJECTED_BY_SAME_FAMILY_STACKING,DISTINCT_SETUP_SUPPRESSION
MSZZC1|6:XAUUSD|1:5|2:-1|1:4|18:ASIA_HIGH|20250509,ASIA_HIGH|20250509,SSRP|ASIA_HIGH|20250509|1746777600|FINAL,SSRP|ASIA_HIGH|20250509|1746787200|FINAL,2025.05.09 08:05:00,2025.05.09 10:55:00,170,2025.05.09 08:14:57,true,false,false,DISTINCT_TIMESTAMPED_REARM_EVENT,D032_REJECTED_BY_SAME_FAMILY_STACKING,DISTINCT_SETUP_SUPPRESSION
MSZZC1|6:XAUUSD|1:5|2:-1|1:4|18:ASIA_HIGH|20250509,ASIA_HIGH|20250509,SSRP|ASIA_HIGH|20250509|1746777600|FINAL,SSRP|ASIA_HIGH|20250509|1746788100|FINAL,2025.05.09 08:05:00,2025.05.09 11:00:00,175,2025.05.09 08:14:57,true,false,false,DISTINCT_TIMESTAMPED_REARM_EVENT,D032_REJECTED_BY_SAME_FAMILY_STACKING,DISTINCT_SETUP_SUPPRESSION
MSZZC1|6:XAUUSD|1:5|2:-1|1:4|18:ASIA_HIGH|20250509,ASIA_HIGH|20250509,SSRP|ASIA_HIGH|20250509|1746777600|FINAL,SSRP|ASIA_HIGH|20250509|1746788400|FINAL,2025.05.09 08:05:00,2025.05.09 11:05:00,180,2025.05.09 08:14:57,true,false,false,DISTINCT_TIMESTAMPED_REARM_EVENT,D032_REJECTED_BY_SAME_FAMILY_STACKING,DISTINCT_SETUP_SUPPRESSION
MSZZC1|6:XAUUSD|1:5|2:-1|1:4|18:ASIA_HIGH|20250509,ASIA_HIGH|20250509,SSRP|ASIA_HIGH|20250509|1746777600|FINAL,SSRP|ASIA_HIGH|20250509|1746791100|FINAL,2025.05.09 08:05:00,2025.05.09 12:00:00,235,2025.05.09 08:14:57,true,false,false,DISTINCT_TIMESTAMPED_REARM_EVENT,D032_REJECTED_BY_SAME_FAMILY_STACKING,DISTINCT_SETUP_SUPPRESSION
MSZZC1|6:XAUUSD|1:5|2:-1|1:4|18:ASIA_HIGH|20250509,ASIA_HIGH|20250509,SSRP|ASIA_HIGH|20250509|1746777600|FINAL,SSRP|ASIA_HIGH|20250509|1746792000|FINAL,2025.05.09 08:05:00,2025.05.09 12:05:00,240,2025.05.09 08:14:57,true,false,false,DISTINCT_TIMESTAMPED_REARM_EVENT,D032_REJECTED_BY_SAME_FAMILY_STACKING,DISTINCT_SETUP_SUPPRESSION
MSZZC1|6:XAUUSD|1:5|2:-1|1:4|18:ASIA_HIGH|20250509,ASIA_HIGH|20250509,SSRP|ASIA_HIGH|20250509|1746777600|FINAL,SSRP|ASIA_HIGH|20250509|1746792600|FINAL,2025.05.09 08:05:00,2025.05.09 12:15:00,250,2025.05.09 08:14:57,true,false,false,DISTINCT_TIMESTAMPED_REARM_EVENT,D032_REJECTED_BY_SAME_FAMILY_STACKING,DISTINCT_SETUP_SUPPRESSION
MSZZC1|6:XAUUSD|1:5|2:-1|1:4|18:ASIA_HIGH|20250509,ASIA_HIGH|20250509,SSRP|ASIA_HIGH|20250509|1746777600|FINAL,SSRP|ASIA_HIGH|20250509|1746792900|FINAL,2025.05.09 08:05:00,2025.05.09 12:20:00,255,2025.05.09 08:14:57,true,false,false,DISTINCT_TIMESTAMPED_REARM_EVENT,D032_REJECTED_BY_SAME_FAMILY_STACKING,DISTINCT_SETUP_SUPPRESSION
MSZZC1|6:XAUUSD|1:5|2:-1|1:4|18:ASIA_HIGH|20250509,ASIA_HIGH|20250509,SSRP|ASIA_HIGH|20250509|1746777600|FINAL,SSRP|ASIA_HIGH|20250509|1746796500|FINAL,2025.05.09 08:05:00,2025.05.09 13:20:00,315,2025.05.09 08:14:57,true,false,false,DISTINCT_TIMESTAMPED_REARM_EVENT,D032_REJECTED_BY_SAME_FAMILY_STACKING,DISTINCT_SETUP_SUPPRESSION
MSZZC1|6:XAUUSD|1:5|2:-1|1:4|18:ASIA_HIGH|20250509,ASIA_HIGH|20250509,SSRP|ASIA_HIGH|20250509|1746777600|FINAL,SSRP|ASIA_HIGH|20250509|1746796800|FINAL,2025.05.09 08:05:00,2025.05.09 13:25:00,320,2025.05.09 08:14:57,true,false,false,DISTINCT_TIMESTAMPED_REARM_EVENT,D032_REJECTED_BY_SAME_FAMILY_STACKING,DISTINCT_SETUP_SUPPRESSION
MSZZC1|6:XAUUSD|1:5|2:-1|1:4|18:ASIA_HIGH|20250509,ASIA_HIGH|20250509,SSRP|ASIA_HIGH|20250509|1746777600|FINAL,SSRP|ASIA_HIGH|20250509|1746800700|FINAL,2025.05.09 08:05:00,2025.05.09 14:30:00,385,2025.05.09 08:14:57,true,true,false,DISTINCT_TIMESTAMPED_REARM_EVENT,D032_ACCEPTED_DISTINCT_TRADE,DISTINCT_SETUP_SUPPRESSION
MSZZC1|6:XAUUSD|1:5|2:-1|1:4|18:ASIA_HIGH|20250509,ASIA_HIGH|20250509,SSRP|ASIA_HIGH|20250509|1746777600|FINAL,SSRP|ASIA_HIGH|20250509|1746809700|FINAL,2025.05.09 08:05:00,2025.05.09 17:00:00,535,2025.05.09 08:14:57,true,true,false,DISTINCT_TIMESTAMPED_REARM_EVENT,D032_ACCEPTED_DISTINCT_TRADE,DISTINCT_SETUP_SUPPRESSION
MSZZC1|6:XAUUSD|1:5|2:-1|1:4|18:ASIA_HIGH|20250509,ASIA_HIGH|20250509,SSRP|ASIA_HIGH|20250509|1746777600|FINAL,SSRP|ASIA_HIGH|20250509|1746810000|FINAL,2025.05.09 08:05:00,2025.05.09 17:05:00,540,2025.05.09 08:14:57,true,false,false,DISTINCT_TIMESTAMPED_REARM_EVENT,D032_REJECTED_BY_SAME_FAMILY_STACKING,DISTINCT_SETUP_SUPPRESSION
MSZZC1|6:XAUUSD|1:5|2:-1|1:4|18:ASIA_HIGH|20250509,ASIA_HIGH|20250509,SSRP|ASIA_HIGH|20250509|1746777600|FINAL,SSRP|ASIA_HIGH|20250509|1746810300|FINAL,2025.05.09 08:05:00,2025.05.09 17:10:00,545,2025.05.09 08:14:57,true,false,false,DISTINCT_TIMESTAMPED_REARM_EVENT,D032_REJECTED_BY_SAME_FAMILY_STACKING,DISTINCT_SETUP_SUPPRESSION
MSZZC1|6:XAUUSD|1:5|2:-1|1:4|18:ASIA_HIGH|20250509,ASIA_HIGH|20250509,SSRP|ASIA_HIGH|20250509|1746777600|FINAL,SSRP|ASIA_HIGH|20250509|1746829500|FINAL,2025.05.09 08:05:00,2025.05.09 22:40:00,875,2025.05.09 08:14:57,true,true,false,DISTINCT_TIMESTAMPED_REARM_EVENT,D032_ACCEPTED_DISTINCT_TRADE,DISTINCT_SETUP_SUPPRESSION
MSZZC1|6:XAUUSD|1:5|2:-1|1:4|18:ASIA_HIGH|20250509,ASIA_HIGH|20250509,SSRP|ASIA_HIGH|20250509|1746777600|FINAL,SSRP|ASIA_HIGH|20250509|1746830400|FINAL,2025.05.09 08:05:00,2025.05.09 22:45:00,880,2025.05.09 08:14:57,true,false,false,DISTINCT_TIMESTAMPED_REARM_EVENT,D032_REJECTED_BY_SAME_FAMILY_STACKING,DISTINCT_SETUP_SUPPRESSION
MSZZC1|6:XAUUSD|1:5|2:-1|1:4|18:ASIA_HIGH|20250509,ASIA_HIGH|20250509,SSRP|ASIA_HIGH|20250509|1746777600|FINAL,SSRP|ASIA_HIGH|20250509|1746830700|FINAL,2025.05.09 08:05:00,2025.05.09 22:50:00,885,2025.05.09 08:14:57,true,false,false,DISTINCT_TIMESTAMPED_REARM_EVENT,D032_REJECTED_BY_SAME_FAMILY_STACKING,DISTINCT_SETUP_SUPPRESSION
MSZZC1|6:XAUUSD|1:5|2:-1|1:4|18:ASIA_HIGH|20250509,ASIA_HIGH|20250509,SSRP|ASIA_HIGH|20250509|1746777600|FINAL,SSRP|ASIA_HIGH|20250509|1746834000|FINAL,2025.05.09 08:05:00,2025.05.09 23:50:00,945,2025.05.09 08:14:57,true,false,false,DISTINCT_TIMESTAMPED_REARM_EVENT,D032_REJECTED_BY_SAME_FAMILY_STACKING,DISTINCT_SETUP_SUPPRESSION
MSZZC1|6:XAUUSD|1:5|2:-1|1:4|18:ASIA_HIGH|20250509,ASIA_HIGH|20250509,SSRP|ASIA_HIGH|20250509|1746777600|FINAL,SSRP|ASIA_HIGH|20250509|1746834600|FINAL,2025.05.09 08:05:00,2025.05.09 23:55:00,950,2025.05.09 08:14:57,true,false,false,DISTINCT_TIMESTAMPED_REARM_EVENT,D032_REJECTED_BY_SAME_FAMILY_STACKING,DISTINCT_SETUP_SUPPRESSION
MSZZC1|6:XAUUSD|1:5|2:-1|1:4|18:ASIA_HIGH|20250513,ASIA_HIGH|20250513,SSRP|ASIA_HIGH|20250513|1747125000|FINAL,SSRP|ASIA_HIGH|20250513|1747125600|FINAL,2025.05.13 08:40:00,2025.05.13 08:45:00,5,2025.05.13 09:49:58,false,false,false,DISTINCT_TIMESTAMPED_REARM_EVENT,D032_REJECTED_BY_SAME_FAMILY_STACKING,DISTINCT_SETUP_SUPPRESSION
MSZZC1|6:XAUUSD|1:5|2:-1|1:4|18:ASIA_HIGH|20250513,ASIA_HIGH|20250513,SSRP|ASIA_HIGH|20250513|1747125000|FINAL,SSRP|ASIA_HIGH|20250513|1747126800|FINAL,2025.05.13 08:40:00,2025.05.13 09:05:00,25,2025.05.13 09:49:58,false,false,false,DISTINCT_TIMESTAMPED_REARM_EVENT,D032_REJECTED_BY_SAME_FAMILY_STACKING,DISTINCT_SETUP_SUPPRESSION
MSZZC1|6:XAUUSD|1:5|2:-1|1:4|18:ASIA_HIGH|20250513,ASIA_HIGH|20250513,SSRP|ASIA_HIGH|20250513|1747125000|FINAL,SSRP|ASIA_HIGH|20250513|1747127100|FINAL,2025.05.13 08:40:00,2025.05.13 09:10:00,30,2025.05.13 09:49:58,false,false,false,DISTINCT_TIMESTAMPED_REARM_EVENT,D032_REJECTED_BY_SAME_FAMILY_STACKING,DISTINCT_SETUP_SUPPRESSION
MSZZC1|6:XAUUSD|1:5|2:-1|1:4|18:ASIA_HIGH|20250513,ASIA_HIGH|20250513,SSRP|ASIA_HIGH|20250513|1747125000|FINAL,SSRP|ASIA_HIGH|20250513|1747127700|FINAL,2025.05.13 08:40:00,2025.05.13 09:20:00,40,2025.05.13 09:49:58,false,false,false,DISTINCT_TIMESTAMPED_REARM_EVENT,D032_REJECTED_BY_SAME_FAMILY_STACKING,DISTINCT_SETUP_SUPPRESSION
MSZZC1|6:XAUUSD|1:5|2:-1|1:4|18:ASIA_HIGH|20250513,ASIA_HIGH|20250513,SSRP|ASIA_HIGH|20250513|1747125000|FINAL,SSRP|ASIA_HIGH|20250513|1747135200|FINAL,2025.05.13 08:40:00,2025.05.13 11:30:00,170,2025.05.13 09:49:58,true,true,false,DISTINCT_TIMESTAMPED_REARM_EVENT,D032_ACCEPTED_DISTINCT_TRADE,DISTINCT_SETUP_SUPPRESSION
MSZZC1|6:XAUUSD|1:5|2:-1|1:4|18:ASIA_HIGH|20250513,ASIA_HIGH|20250513,SSRP|ASIA_HIGH|20250513|1747125000|FINAL,SSRP|ASIA_HIGH|20250513|1747138500|FINAL,2025.05.13 08:40:00,2025.05.13 12:20:00,220,2025.05.13 09:49:58,true,false,false,DISTINCT_TIMESTAMPED_REARM_EVENT,D032_REJECTED_BY_SAME_FAMILY_STACKING,DISTINCT_SETUP_SUPPRESSION
MSZZC1|6:XAUUSD|1:5|2:-1|1:4|18:ASIA_HIGH|20250513,ASIA_HIGH|20250513,SSRP|ASIA_HIGH|20250513|1747125000|FINAL,SSRP|ASIA_HIGH|20250513|1747138800|FINAL,2025.05.13 08:40:00,2025.05.13 12:25:00,225,2025.05.13 09:49:58,true,false,false,DISTINCT_TIMESTAMPED_REARM_EVENT,D032_REJECTED_BY_SAME_FAMILY_STACKING,DISTINCT_SETUP_SUPPRESSION
MSZZC1|6:XAUUSD|1:5|2:-1|1:4|18:ASIA_HIGH|20250513,ASIA_HIGH|20250513,SSRP|ASIA_HIGH|20250513|1747125000|FINAL,SSRP|ASIA_HIGH|20250513|1747139100|FINAL,2025.05.13 08:40:00,2025.05.13 12:35:00,235,2025.05.13 09:49:58,true,false,false,DISTINCT_TIMESTAMPED_REARM_EVENT,D032_REJECTED_BY_SAME_FAMILY_STACKING,DISTINCT_SETUP_SUPPRESSION
MSZZC1|6:XAUUSD|1:5|2:-1|1:4|18:ASIA_HIGH|20250513,ASIA_HIGH|20250513,SSRP|ASIA_HIGH|20250513|1747125000|FINAL,SSRP|ASIA_HIGH|20250513|1747140600|FINAL,2025.05.13 08:40:00,2025.05.13 13:05:00,265,2025.05.13 09:49:58,true,false,false,DISTINCT_TIMESTAMPED_REARM_EVENT,D032_REJECTED_BY_SAME_FAMILY_STACKING,DISTINCT_SETUP_SUPPRESSION
MSZZC1|6:XAUUSD|1:5|2:-1|1:4|18:ASIA_HIGH|20250513,ASIA_HIGH|20250513,SSRP|ASIA_HIGH|20250513|1747125000|FINAL,SSRP|ASIA_HIGH|20250513|1747141500|FINAL,2025.05.13 08:40:00,2025.05.13 13:10:00,270,2025.05.13 09:49:58,true,false,false,DISTINCT_TIMESTAMPED_REARM_EVENT,D032_REJECTED_BY_SAME_FAMILY_STACKING,DISTINCT_SETUP_SUPPRESSION
MSZZC1|6:XAUUSD|1:5|2:-1|1:4|18:ASIA_HIGH|20250513,ASIA_HIGH|20250513,SSRP|ASIA_HIGH|20250513|1747125000|FINAL,SSRP|ASIA_HIGH|20250513|1747142700|FINAL,2025.05.13 08:40:00,2025.05.13 13:30:00,290,2025.05.13 09:49:58,true,false,false,DISTINCT_TIMESTAMPED_REARM_EVENT,D032_REJECTED_BY_SAME_FAMILY_STACKING,DISTINCT_SETUP_SUPPRESSION
MSZZC1|6:XAUUSD|1:5|2:-1|1:4|18:ASIA_HIGH|20250513,ASIA_HIGH|20250513,SSRP|ASIA_HIGH|20250513|1747125000|FINAL,SSRP|ASIA_HIGH|20250513|1747143000|FINAL,2025.05.13 08:40:00,2025.05.13 13:35:00,295,2025.05.13 09:49:58,true,false,false,DISTINCT_TIMESTAMPED_REARM_EVENT,D032_REJECTED_BY_SAME_FAMILY_STACKING,DISTINCT_SETUP_SUPPRESSION
MSZZC1|6:XAUUSD|1:5|2:-1|1:4|18:ASIA_HIGH|20250513,ASIA_HIGH|20250513,SSRP|ASIA_HIGH|20250513|1747125000|FINAL,SSRP|ASIA_HIGH|20250513|1747143300|FINAL,2025.05.13 08:40:00,2025.05.13 13:55:00,315,2025.05.13 09:49:58,true,false,false,DISTINCT_TIMESTAMPED_REARM_EVENT,D032_REJECTED_BY_SAME_FAMILY_STACKING,DISTINCT_SETUP_SUPPRESSION
MSZZC1|6:XAUUSD|1:5|2:-1|1:4|18:ASIA_HIGH|20250513,ASIA_HIGH|20250513,SSRP|ASIA_HIGH|20250513|1747125000|FINAL,SSRP|ASIA_HIGH|20250513|1747144500|FINAL,2025.05.13 08:40:00,2025.05.13 14:00:00,320,2025.05.13 09:49:58,true,false,false,DISTINCT_TIMESTAMPED_REARM_EVENT,D032_REJECTED_BY_SAME_FAMILY_STACKING,DISTINCT_SETUP_SUPPRESSION
MSZZC1|6:XAUUSD|1:5|2:-1|1:4|18:ASIA_HIGH|20250513,ASIA_HIGH|20250513,SSRP|ASIA_HIGH|20250513|1747125000|FINAL,SSRP|ASIA_HIGH|20250513|1747144800|FINAL,2025.05.13 08:40:00,2025.05.13 14:10:00,330,2025.05.13 09:49:58,true,false,false,DISTINCT_TIMESTAMPED_REARM_EVENT,D032_REJECTED_BY_SAME_FAMILY_STACKING,DISTINCT_SETUP_SUPPRESSION
MSZZC1|6:XAUUSD|1:5|2:-1|1:4|18:ASIA_HIGH|20250513,ASIA_HIGH|20250513,SSRP|ASIA_HIGH|20250513|1747125000|FINAL,SSRP|ASIA_HIGH|20250513|1747147200|FINAL,2025.05.13 08:40:00,2025.05.13 14:45:00,365,2025.05.13 09:49:58,true,true,false,DISTINCT_TIMESTAMPED_REARM_EVENT,D032_ACCEPTED_DISTINCT_TRADE,DISTINCT_SETUP_SUPPRESSION
MSZZC1|6:XAUUSD|1:5|2:-1|1:4|18:ASIA_HIGH|20250513,ASIA_HIGH|20250513,SSRP|ASIA_HIGH|20250513|1747125000|FINAL,SSRP|ASIA_HIGH|20250513|1747147500|FINAL,2025.05.13 08:40:00,2025.05.13 14:50:00,370,2025.05.13 09:49:58,true,false,false,DISTINCT_TIMESTAMPED_REARM_EVENT,D032_REJECTED_BY_SAME_FAMILY_STACKING,DISTINCT_SETUP_SUPPRESSION
MSZZC1|6:XAUUSD|1:5|2:-1|1:4|18:ASIA_HIGH|20250513,ASIA_HIGH|20250513,SSRP|ASIA_HIGH|20250513|1747125000|FINAL,SSRP|ASIA_HIGH|20250513|1747147800|FINAL,2025.05.13 08:40:00,2025.05.13 14:55:00,375,2025.05.13 09:49:58,true,false,false,DISTINCT_TIMESTAMPED_REARM_EVENT,D032_REJECTED_BY_SAME_FAMILY_STACKING,DISTINCT_SETUP_SUPPRESSION
MSZZC1|6:XAUUSD|1:5|2:-1|1:4|18:ASIA_HIGH|20250513,ASIA_HIGH|20250513,SSRP|ASIA_HIGH|20250513|1747125000|FINAL,SSRP|ASIA_HIGH|20250513|1747164000|FINAL,2025.05.13 08:40:00,2025.05.13 19:35:00,655,2025.05.13 09:49:58,true,true,false,DISTINCT_TIMESTAMPED_REARM_EVENT,D032_ACCEPTED_DISTINCT_TRADE,DISTINCT_SETUP_SUPPRESSION
MSZZC1|6:XAUUSD|1:5|2:-1|1:4|18:ASIA_HIGH|20250513,ASIA_HIGH|20250513,SSRP|ASIA_HIGH|20250513|1747125000|FINAL,SSRP|ASIA_HIGH|20250513|1747164900|FINAL,2025.05.13 08:40:00,2025.05.13 19:40:00,660,2025.05.13 09:49:58,true,false,false,DISTINCT_TIMESTAMPED_REARM_EVENT,D032_REJECTED_BY_SAME_FAMILY_STACKING,DISTINCT_SETUP_SUPPRESSION
MSZZC1|6:XAUUSD|1:5|2:-1|1:4|18:ASIA_HIGH|20250513,ASIA_HIGH|20250513,SSRP|ASIA_HIGH|20250513|1747125000|FINAL,SSRP|ASIA_HIGH|20250513|1747178700|FINAL,2025.05.13 08:40:00,2025.05.13 23:35:00,895,2025.05.13 09:49:58,true,true,false,DISTINCT_TIMESTAMPED_REARM_EVENT,D032_ACCEPTED_DISTINCT_TRADE,DISTINCT_SETUP_SUPPRESSION
MSZZC1|6:XAUUSD|1:5|2:-1|1:4|18:ASIA_HIGH|20250513,ASIA_HIGH|20250513,SSRP|ASIA_HIGH|20250513|1747125000|FINAL,SSRP|ASIA_HIGH|20250513|1747179300|FINAL,2025.05.13 08:40:00,2025.05.13 23:45:00,905,2025.05.13 09:49:58,true,false,false,DISTINCT_TIMESTAMPED_REARM_EVENT,D032_REJECTED_BY_SAME_FAMILY_STACKING,DISTINCT_SETUP_SUPPRESSION
MSZZC1|6:XAUUSD|1:5|2:-1|1:4|18:ASIA_HIGH|20250513,ASIA_HIGH|20250513,SSRP|ASIA_HIGH|20250513|1747125000|FINAL,SSRP|ASIA_HIGH|20250513|1747179900|FINAL,2025.05.13 08:40:00,2025.05.13 23:50:00,910,2025.05.13 09:49:58,true,false,false,DISTINCT_TIMESTAMPED_REARM_EVENT,D032_REJECTED_BY_SAME_FAMILY_STACKING,DISTINCT_SETUP_SUPPRESSION
MSZZC1|6:XAUUSD|1:5|1:1|1:4|17:ASIA_LOW|20250514,ASIA_LOW|20250514,SSRP|ASIA_LOW|20250514|1747209600|FINAL,SSRP|ASIA_LOW|20250514|1747211400|FINAL,2025.05.14 08:05:00,2025.05.14 08:35:00,30,2025.05.14 10:39:58,false,false,false,DISTINCT_TIMESTAMPED_REARM_EVENT,D032_REJECTED_BY_SAME_FAMILY_STACKING,DISTINCT_SETUP_SUPPRESSION
MSZZC1|6:XAUUSD|1:5|1:1|1:4|17:ASIA_LOW|20250515,ASIA_LOW|20250515,SSRP|ASIA_LOW|20250515|1747297800|FINAL,SSRP|ASIA_LOW|20250515|1747300500|FINAL,2025.05.15 08:35:00,2025.05.15 09:25:00,50,2025.05.15 08:44:58,true,true,false,DISTINCT_TIMESTAMPED_REARM_EVENT,D032_ACCEPTED_DISTINCT_TRADE,DISTINCT_SETUP_SUPPRESSION
MSZZC1|6:XAUUSD|1:5|1:1|1:4|17:ASIA_LOW|20250515,ASIA_LOW|20250515,SSRP|ASIA_LOW|20250515|1747297800|FINAL,SSRP|ASIA_LOW|20250515|1747305600|FINAL,2025.05.15 08:35:00,2025.05.15 10:45:00,130,2025.05.15 08:44:58,true,false,false,DISTINCT_TIMESTAMPED_REARM_EVENT,D032_REJECTED_BY_SAME_FAMILY_STACKING,DISTINCT_SETUP_SUPPRESSION
MSZZC1|6:XAUUSD|1:5|1:1|1:4|17:ASIA_LOW|20250515,ASIA_LOW|20250515,SSRP|ASIA_LOW|20250515|1747297800|FINAL,SSRP|ASIA_LOW|20250515|1747305900|FINAL,2025.05.15 08:35:00,2025.05.15 10:50:00,135,2025.05.15 08:44:58,true,false,false,DISTINCT_TIMESTAMPED_REARM_EVENT,D032_REJECTED_BY_SAME_FAMILY_STACKING,DISTINCT_SETUP_SUPPRESSION
MSZZC1|6:XAUUSD|1:5|2:-1|1:4|18:ASIA_HIGH|20250515,ASIA_HIGH|20250515,SSRP|ASIA_HIGH|20250515|1747326000|FINAL,SSRP|ASIA_HIGH|20250515|1747326300|FINAL,2025.05.15 16:25:00,2025.05.15 16:30:00,5,2025.05.15 17:09:57,false,false,false,DISTINCT_TIMESTAMPED_REARM_EVENT,D032_REJECTED_BY_SAME_FAMILY_STACKING,DISTINCT_SETUP_SUPPRESSION
MSZZC1|6:XAUUSD|1:5|2:-1|1:4|18:ASIA_HIGH|20250515,ASIA_HIGH|20250515,SSRP|ASIA_HIGH|20250515|1747326000|FINAL,SSRP|ASIA_HIGH|20250515|1747326900|FINAL,2025.05.15 16:25:00,2025.05.15 16:40:00,15,2025.05.15 17:09:57,false,false,false,DISTINCT_TIMESTAMPED_REARM_EVENT,D032_REJECTED_BY_SAME_FAMILY_STACKING,DISTINCT_SETUP_SUPPRESSION
MSZZC1|6:XAUUSD|1:5|2:-1|1:4|18:ASIA_HIGH|20250515,ASIA_HIGH|20250515,SSRP|ASIA_HIGH|20250515|1747326000|FINAL,SSRP|ASIA_HIGH|20250515|1747327200|FINAL,2025.05.15 16:25:00,2025.05.15 16:45:00,20,2025.05.15 17:09:57,false,false,false,DISTINCT_TIMESTAMPED_REARM_EVENT,D032_REJECTED_BY_SAME_FAMILY_STACKING,DISTINCT_SETUP_SUPPRESSION
MSZZC1|6:XAUUSD|1:5|2:-1|1:4|18:ASIA_HIGH|20250515,ASIA_HIGH|20250515,SSRP|ASIA_HIGH|20250515|1747326000|FINAL,SSRP|ASIA_HIGH|20250515|1747327800|FINAL,2025.05.15 16:25:00,2025.05.15 16:55:00,30,2025.05.15 17:09:57,false,false,false,DISTINCT_TIMESTAMPED_REARM_EVENT,D032_REJECTED_BY_SAME_FAMILY_STACKING,DISTINCT_SETUP_SUPPRESSION
MSZZC1|6:XAUUSD|1:5|2:-1|1:4|18:ASIA_HIGH|20250515,ASIA_HIGH|20250515,SSRP|ASIA_HIGH|20250515|1747326000|FINAL,SSRP|ASIA_HIGH|20250515|1747328100|FINAL,2025.05.15 16:25:00,2025.05.15 17:00:00,35,2025.05.15 17:09:57,false,false,false,DISTINCT_TIMESTAMPED_REARM_EVENT,D032_REJECTED_BY_SAME_FAMILY_STACKING,DISTINCT_SETUP_SUPPRESSION
MSZZC1|6:XAUUSD|1:5|1:1|1:4|17:ASIA_LOW|20250516,ASIA_LOW|20250516,SSRP|ASIA_LOW|20250516|1747390800|FINAL,SSRP|ASIA_LOW|20250516|1747394400|FINAL,2025.05.16 10:25:00,2025.05.16 11:35:00,70,2025.05.16 11:09:58,true,true,false,DISTINCT_TIMESTAMPED_REARM_EVENT,D032_ACCEPTED_DISTINCT_TRADE,DISTINCT_SETUP_SUPPRESSION
MSZZC1|6:XAUUSD|1:5|1:1|1:4|17:ASIA_LOW|20250516,ASIA_LOW|20250516,SSRP|ASIA_LOW|20250516|1747390800|FINAL,SSRP|ASIA_LOW|20250516|1747395300|FINAL,2025.05.16 10:25:00,2025.05.16 11:40:00,75,2025.05.16 11:09:58,true,false,false,DISTINCT_TIMESTAMPED_REARM_EVENT,D032_REJECTED_BY_SAME_FAMILY_STACKING,DISTINCT_SETUP_SUPPRESSION
MSZZC1|6:XAUUSD|1:5|1:1|1:4|17:ASIA_LOW|20250516,ASIA_LOW|20250516,SSRP|ASIA_LOW|20250516|1747390800|FINAL,SSRP|ASIA_LOW|20250516|1747396200|FINAL,2025.05.16 10:25:00,2025.05.16 11:55:00,90,2025.05.16 11:09:58,true,false,false,DISTINCT_TIMESTAMPED_REARM_EVENT,D032_REJECTED_BY_SAME_FAMILY_STACKING,DISTINCT_SETUP_SUPPRESSION
MSZZC1|6:XAUUSD|1:5|1:1|1:4|17:ASIA_LOW|20250516,ASIA_LOW|20250516,SSRP|ASIA_LOW|20250516|1747390800|FINAL,SSRP|ASIA_LOW|20250516|1747396800|FINAL,2025.05.16 10:25:00,2025.05.16 12:20:00,115,2025.05.16 11:09:58,true,false,false,DISTINCT_TIMESTAMPED_REARM_EVENT,D032_REJECTED_BY_SAME_FAMILY_STACKING,DISTINCT_SETUP_SUPPRESSION
MSZZC1|6:XAUUSD|1:5|1:1|1:4|17:ASIA_LOW|20250516,ASIA_LOW|20250516,SSRP|ASIA_LOW|20250516|1747390800|FINAL,SSRP|ASIA_LOW|20250516|1747398000|FINAL,2025.05.16 10:25:00,2025.05.16 12:25:00,120,2025.05.16 11:09:58,true,false,false,DISTINCT_TIMESTAMPED_REARM_EVENT,D032_REJECTED_BY_SAME_FAMILY_STACKING,DISTINCT_SETUP_SUPPRESSION
MSZZC1|6:XAUUSD|1:5|2:-1|1:4|18:ASIA_HIGH|20250521,ASIA_HIGH|20250521,SSRP|ASIA_HIGH|20250521|1747817400|FINAL,SSRP|ASIA_HIGH|20250521|1747818000|FINAL,2025.05.21 09:00:00,2025.05.21 09:05:00,5,2025.05.21 09:44:58,false,false,false,DISTINCT_TIMESTAMPED_REARM_EVENT,D032_REJECTED_BY_SAME_FAMILY_STACKING,DISTINCT_SETUP_SUPPRESSION
MSZZC1|6:XAUUSD|1:5|2:-1|1:4|18:ASIA_HIGH|20250521,ASIA_HIGH|20250521,SSRP|ASIA_HIGH|20250521|1747817400|FINAL,SSRP|ASIA_HIGH|20250521|1747821300|FINAL,2025.05.21 09:00:00,2025.05.21 10:05:00,65,2025.05.21 09:44:58,true,true,false,DISTINCT_TIMESTAMPED_REARM_EVENT,D032_ACCEPTED_DISTINCT_TRADE,DISTINCT_SETUP_SUPPRESSION
MSZZC1|6:XAUUSD|1:5|2:-1|1:4|18:ASIA_HIGH|20250521,ASIA_HIGH|20250521,SSRP|ASIA_HIGH|20250521|1747817400|FINAL,SSRP|ASIA_HIGH|20250521|1747821900|FINAL,2025.05.21 09:00:00,2025.05.21 10:10:00,70,2025.05.21 09:44:58,true,false,false,DISTINCT_TIMESTAMPED_REARM_EVENT,D032_REJECTED_BY_SAME_FAMILY_STACKING,DISTINCT_SETUP_SUPPRESSION
MSZZC1|6:XAUUSD|1:5|2:-1|1:4|18:ASIA_HIGH|20250521,ASIA_HIGH|20250521,SSRP|ASIA_HIGH|20250521|1747817400|FINAL,SSRP|ASIA_HIGH|20250521|1747824000|FINAL,2025.05.21 09:00:00,2025.05.21 10:45:00,105,2025.05.21 09:44:58,true,false,false,DISTINCT_TIMESTAMPED_REARM_EVENT,D032_REJECTED_BY_SAME_FAMILY_STACKING,DISTINCT_SETUP_SUPPRESSION
MSZZC1|6:XAUUSD|1:5|2:-1|1:4|18:ASIA_HIGH|20250521,ASIA_HIGH|20250521,SSRP|ASIA_HIGH|20250521|1747817400|FINAL,SSRP|ASIA_HIGH|20250521|1747834500|FINAL,2025.05.21 09:00:00,2025.05.21 13:40:00,280,2025.05.21 09:44:58,true,false,false,DISTINCT_TIMESTAMPED_REARM_EVENT,D032_REJECTED_BY_SAME_FAMILY_STACKING,DISTINCT_SETUP_SUPPRESSION
MSZZC1|6:XAUUSD|1:5|2:-1|1:4|18:ASIA_HIGH|20250521,ASIA_HIGH|20250521,SSRP|ASIA_HIGH|20250521|1747817400|FINAL,SSRP|ASIA_HIGH|20250521|1747834800|FINAL,2025.05.21 09:00:00,2025.05.21 13:45:00,285,2025.05.21 09:44:58,true,false,false,DISTINCT_TIMESTAMPED_REARM_EVENT,D032_REJECTED_BY_SAME_FAMILY_STACKING,DISTINCT_SETUP_SUPPRESSION
MSZZC1|6:XAUUSD|1:5|2:-1|1:4|18:ASIA_HIGH|20250521,ASIA_HIGH|20250521,SSRP|ASIA_HIGH|20250521|1747817400|FINAL,SSRP|ASIA_HIGH|20250521|1747836000|FINAL,2025.05.21 09:00:00,2025.05.21 14:05:00,305,2025.05.21 09:44:58,true,false,false,DISTINCT_TIMESTAMPED_REARM_EVENT,D032_REJECTED_BY_SAME_FAMILY_STACKING,DISTINCT_SETUP_SUPPRESSION
MSZZC1|6:XAUUSD|1:5|2:-1|1:4|18:ASIA_HIGH|20250521,ASIA_HIGH|20250521,SSRP|ASIA_HIGH|20250521|1747817400|FINAL,SSRP|ASIA_HIGH|20250521|1747836300|FINAL,2025.05.21 09:00:00,2025.05.21 14:10:00,310,2025.05.21 09:44:58,true,false,false,DISTINCT_TIMESTAMPED_REARM_EVENT,D032_REJECTED_BY_SAME_FAMILY_STACKING,DISTINCT_SETUP_SUPPRESSION
MSZZC1|6:XAUUSD|1:5|2:-1|1:4|18:ASIA_HIGH|20250521,ASIA_HIGH|20250521,SSRP|ASIA_HIGH|20250521|1747817400|FINAL,SSRP|ASIA_HIGH|20250521|1747858800|FINAL,2025.05.21 09:00:00,2025.05.21 20:25:00,685,2025.05.21 09:44:58,true,true,false,DISTINCT_TIMESTAMPED_REARM_EVENT,D032_ACCEPTED_DISTINCT_TRADE,DISTINCT_SETUP_SUPPRESSION
MSZZC1|6:XAUUSD|1:5|2:-1|1:4|18:ASIA_HIGH|20250521,ASIA_HIGH|20250521,SSRP|ASIA_HIGH|20250521|1747817400|FINAL,SSRP|ASIA_HIGH|20250521|1747860900|FINAL,2025.05.21 09:00:00,2025.05.21 21:00:00,720,2025.05.21 09:44:58,true,true,false,DISTINCT_TIMESTAMPED_REARM_EVENT,D032_ACCEPTED_DISTINCT_TRADE,DISTINCT_SETUP_SUPPRESSION
MSZZC1|6:XAUUSD|1:5|2:-1|1:4|18:ASIA_HIGH|20250521,ASIA_HIGH|20250521,SSRP|ASIA_HIGH|20250521|1747817400|FINAL,SSRP|ASIA_HIGH|20250521|1747861200|FINAL,2025.05.21 09:00:00,2025.05.21 21:05:00,725,2025.05.21 09:44:58,true,false,false,DISTINCT_TIMESTAMPED_REARM_EVENT,D032_REJECTED_BY_SAME_FAMILY_STACKING,DISTINCT_SETUP_SUPPRESSION
MSZZC1|6:XAUUSD|1:5|2:-1|1:4|18:ASIA_HIGH|20250521,ASIA_HIGH|20250521,SSRP|ASIA_HIGH|20250521|1747817400|FINAL,SSRP|ASIA_HIGH|20250521|1747863000|FINAL,2025.05.21 09:00:00,2025.05.21 21:50:00,770,2025.05.21 09:44:58,true,false,false,DISTINCT_TIMESTAMPED_REARM_EVENT,D032_REJECTED_BY_SAME_FAMILY_STACKING,DISTINCT_SETUP_SUPPRESSION
MSZZC1|6:XAUUSD|1:5|2:-1|1:4|18:ASIA_HIGH|20250521,ASIA_HIGH|20250521,SSRP|ASIA_HIGH|20250521|1747817400|FINAL,SSRP|ASIA_HIGH|20250521|1747864200|FINAL,2025.05.21 09:00:00,2025.05.21 21:55:00,775,2025.05.21 09:44:58,true,false,false,DISTINCT_TIMESTAMPED_REARM_EVENT,D032_REJECTED_BY_SAME_FAMILY_STACKING,DISTINCT_SETUP_SUPPRESSION
MSZZC1|6:XAUUSD|1:5|2:-1|1:4|18:ASIA_HIGH|20250521,ASIA_HIGH|20250521,SSRP|ASIA_HIGH|20250521|1747817400|FINAL,SSRP|ASIA_HIGH|20250521|1747870200|FINAL,2025.05.21 09:00:00,2025.05.21 23:50:00,890,2025.05.21 09:44:58,true,true,false,DISTINCT_TIMESTAMPED_REARM_EVENT,D032_ACCEPTED_DISTINCT_TRADE,DISTINCT_SETUP_SUPPRESSION
MSZZC1|6:XAUUSD|1:5|1:1|1:4|17:ASIA_LOW|20250522,ASIA_LOW|20250522,SSRP|ASIA_LOW|20250522|1747913400|FINAL,SSRP|ASIA_LOW|20250522|1747913700|FINAL,2025.05.22 11:35:00,2025.05.22 11:50:00,15,2025.05.22 11:59:58,false,false,false,DISTINCT_TIMESTAMPED_REARM_EVENT,D032_REJECTED_BY_SAME_FAMILY_STACKING,DISTINCT_SETUP_SUPPRESSION
MSZZC1|6:XAUUSD|1:5|1:1|1:4|17:ASIA_LOW|20250526,ASIA_LOW|20250526,SSRP|ASIA_LOW|20250526|1748264400|FINAL,SSRP|ASIA_LOW|20250526|1748264700|FINAL,2025.05.26 13:05:00,2025.05.26 13:10:00,5,2025.05.26 15:24:58,false,false,false,DISTINCT_TIMESTAMPED_REARM_EVENT,D032_REJECTED_BY_SAME_FAMILY_STACKING,DISTINCT_SETUP_SUPPRESSION
MSZZC1|6:XAUUSD|1:5|1:1|1:4|17:ASIA_LOW|20250526,ASIA_LOW|20250526,SSRP|ASIA_LOW|20250526|1748264400|FINAL,SSRP|ASIA_LOW|20250526|1748267100|FINAL,2025.05.26 13:05:00,2025.05.26 14:00:00,55,2025.05.26 15:24:58,false,false,false,DISTINCT_TIMESTAMPED_REARM_EVENT,D032_REJECTED_BY_SAME_FAMILY_STACKING,DISTINCT_SETUP_SUPPRESSION
MSZZC1|6:XAUUSD|1:5|1:1|1:4|17:ASIA_LOW|20250526,ASIA_LOW|20250526,SSRP|ASIA_LOW|20250526|1748264400|FINAL,SSRP|ASIA_LOW|20250526|1748268600|FINAL,2025.05.26 13:05:00,2025.05.26 14:25:00,80,2025.05.26 15:24:58,false,false,false,DISTINCT_TIMESTAMPED_REARM_EVENT,D032_REJECTED_BY_SAME_FAMILY_STACKING,DISTINCT_SETUP_SUPPRESSION
MSZZC1|6:XAUUSD|1:5|1:1|1:4|17:ASIA_LOW|20250526,ASIA_LOW|20250526,SSRP|ASIA_LOW|20250526|1748264400|FINAL,SSRP|ASIA_LOW|20250526|1748270400|FINAL,2025.05.26 13:05:00,2025.05.26 14:45:00,100,2025.05.26 15:24:58,false,false,false,DISTINCT_TIMESTAMPED_REARM_EVENT,D032_REJECTED_BY_SAME_FAMILY_STACKING,DISTINCT_SETUP_SUPPRESSION
MSZZC1|6:XAUUSD|1:5|1:1|1:4|17:ASIA_LOW|20250526,ASIA_LOW|20250526,SSRP|ASIA_LOW|20250526|1748264400|FINAL,SSRP|ASIA_LOW|20250526|1748270700|FINAL,2025.05.26 13:05:00,2025.05.26 14:50:00,105,2025.05.26 15:24:58,false,false,false,DISTINCT_TIMESTAMPED_REARM_EVENT,D032_REJECTED_BY_SAME_FAMILY_STACKING,DISTINCT_SETUP_SUPPRESSION
MSZZC1|6:XAUUSD|1:5|1:1|1:4|17:ASIA_LOW|20250526,ASIA_LOW|20250526,SSRP|ASIA_LOW|20250526|1748264400|FINAL,SSRP|ASIA_LOW|20250526|1748273400|FINAL,2025.05.26 13:05:00,2025.05.26 15:35:00,150,2025.05.26 15:24:58,true,true,false,DISTINCT_TIMESTAMPED_REARM_EVENT,D032_ACCEPTED_DISTINCT_TRADE,DISTINCT_SETUP_SUPPRESSION
MSZZC1|6:XAUUSD|1:5|1:1|1:4|17:ASIA_LOW|20250526,ASIA_LOW|20250526,SSRP|ASIA_LOW|20250526|1748264400|FINAL,SSRP|ASIA_LOW|20250526|1748273700|FINAL,2025.05.26 13:05:00,2025.05.26 15:40:00,155,2025.05.26 15:24:58,true,false,false,DISTINCT_TIMESTAMPED_REARM_EVENT,D032_REJECTED_BY_SAME_FAMILY_STACKING,DISTINCT_SETUP_SUPPRESSION
MSZZC1|6:XAUUSD|1:5|1:1|1:4|17:ASIA_LOW|20250526,ASIA_LOW|20250526,SSRP|ASIA_LOW|20250526|1748264400|FINAL,SSRP|ASIA_LOW|20250526|1748274000|FINAL,2025.05.26 13:05:00,2025.05.26 15:45:00,160,2025.05.26 15:24:58,true,false,false,DISTINCT_TIMESTAMPED_REARM_EVENT,D032_REJECTED_BY_SAME_FAMILY_STACKING,DISTINCT_SETUP_SUPPRESSION
MSZZC1|6:XAUUSD|1:5|2:-1|1:4|18:ASIA_HIGH|20250528,ASIA_HIGH|20250528,SSRP|ASIA_HIGH|20250528|1748439000|FINAL,SSRP|ASIA_HIGH|20250528|1748448000|FINAL,2025.05.28 13:45:00,2025.05.28 16:05:00,140,2025.05.28 16:44:57,false,false,false,DISTINCT_TIMESTAMPED_REARM_EVENT,D032_REJECTED_BY_SAME_FAMILY_STACKING,DISTINCT_SETUP_SUPPRESSION
MSZZC1|6:XAUUSD|1:5|1:1|1:4|17:ASIA_LOW|20250528,ASIA_LOW|20250528,SSRP|ASIA_LOW|20250528|1748460900|FINAL,SSRP|ASIA_LOW|20250528|1748461200|FINAL,2025.05.28 19:40:00,2025.05.28 19:50:00,10,2025.05.28 19:49:57,true,true,false,DISTINCT_TIMESTAMPED_REARM_EVENT,D032_ACCEPTED_DISTINCT_TRADE,DISTINCT_SETUP_SUPPRESSION
MSZZC1|6:XAUUSD|1:5|1:1|1:4|17:ASIA_LOW|20250528,ASIA_LOW|20250528,SSRP|ASIA_LOW|20250528|1748460900|FINAL,SSRP|ASIA_LOW|20250528|1748461800|FINAL,2025.05.28 19:40:00,2025.05.28 19:55:00,15,2025.05.28 19:49:57,true,false,false,DISTINCT_TIMESTAMPED_REARM_EVENT,D032_REJECTED_BY_SAME_FAMILY_STACKING,DISTINCT_SETUP_SUPPRESSION
MSZZC1|6:XAUUSD|1:5|1:1|1:4|17:ASIA_LOW|20250530,ASIA_LOW|20250530,SSRP|ASIA_LOW|20250530|1748592300|FINAL,SSRP|ASIA_LOW|20250530|1748592600|FINAL,2025.05.30 08:10:00,2025.05.30 08:15:00,5,2025.05.30 08:29:58,false,false,false,DISTINCT_TIMESTAMPED_REARM_EVENT,D032_REJECTED_BY_SAME_FAMILY_STACKING,DISTINCT_SETUP_SUPPRESSION
MSZZC1|6:XAUUSD|1:5|1:1|1:4|17:ASIA_LOW|20250530,ASIA_LOW|20250530,SSRP|ASIA_LOW|20250530|1748592300|FINAL,SSRP|ASIA_LOW|20250530|1748597100|FINAL,2025.05.30 08:10:00,2025.05.30 09:30:00,80,2025.05.30 08:29:58,true,true,false,DISTINCT_TIMESTAMPED_REARM_EVENT,D032_ACCEPTED_DISTINCT_TRADE,DISTINCT_SETUP_SUPPRESSION
MSZZC1|6:XAUUSD|1:5|1:1|1:4|17:ASIA_LOW|20250530,ASIA_LOW|20250530,SSRP|ASIA_LOW|20250530|1748592300|FINAL,SSRP|ASIA_LOW|20250530|1748599800|FINAL,2025.05.30 08:10:00,2025.05.30 10:15:00,125,2025.05.30 08:29:58,true,true,false,DISTINCT_TIMESTAMPED_REARM_EVENT,D032_ACCEPTED_DISTINCT_TRADE,DISTINCT_SETUP_SUPPRESSION
MSZZC1|6:XAUUSD|1:5|1:1|1:4|17:ASIA_LOW|20250530,ASIA_LOW|20250530,SSRP|ASIA_LOW|20250530|1748592300|FINAL,SSRP|ASIA_LOW|20250530|1748600100|FINAL,2025.05.30 08:10:00,2025.05.30 10:20:00,130,2025.05.30 08:29:58,true,false,false,DISTINCT_TIMESTAMPED_REARM_EVENT,D032_REJECTED_BY_SAME_FAMILY_STACKING,DISTINCT_SETUP_SUPPRESSION
MSZZC1|6:XAUUSD|1:5|1:1|1:4|17:ASIA_LOW|20250530,ASIA_LOW|20250530,SSRP|ASIA_LOW|20250530|1748592300|FINAL,SSRP|ASIA_LOW|20250530|1748614800|FINAL,2025.05.30 08:10:00,2025.05.30 14:25:00,375,2025.05.30 08:29:58,true,false,false,DISTINCT_TIMESTAMPED_REARM_EVENT,D032_REJECTED_BY_SAME_FAMILY_STACKING,DISTINCT_SETUP_SUPPRESSION
MSZZC1|6:XAUUSD|1:5|1:1|1:4|17:ASIA_LOW|20250530,ASIA_LOW|20250530,SSRP|ASIA_LOW|20250530|1748592300|FINAL,SSRP|ASIA_LOW|20250530|1748616300|FINAL,2025.05.30 08:10:00,2025.05.30 14:50:00,400,2025.05.30 08:29:58,true,false,false,DISTINCT_TIMESTAMPED_REARM_EVENT,D032_REJECTED_BY_SAME_FAMILY_STACKING,DISTINCT_SETUP_SUPPRESSION
MSZZC1|6:XAUUSD|1:5|1:1|1:4|17:ASIA_LOW|20250530,ASIA_LOW|20250530,SSRP|ASIA_LOW|20250530|1748592300|FINAL,SSRP|ASIA_LOW|20250530|1748616600|FINAL,2025.05.30 08:10:00,2025.05.30 14:55:00,405,2025.05.30 08:29:58,true,false,false,DISTINCT_TIMESTAMPED_REARM_EVENT,D032_REJECTED_BY_SAME_FAMILY_STACKING,DISTINCT_SETUP_SUPPRESSION
MSZZC1|6:XAUUSD|1:5|1:1|1:4|17:ASIA_LOW|20250530,ASIA_LOW|20250530,SSRP|ASIA_LOW|20250530|1748592300|FINAL,SSRP|ASIA_LOW|20250530|1748617500|FINAL,2025.05.30 08:10:00,2025.05.30 15:10:00,420,2025.05.30 08:29:58,true,true,false,DISTINCT_TIMESTAMPED_REARM_EVENT,D032_ACCEPTED_DISTINCT_TRADE,DISTINCT_SETUP_SUPPRESSION
MSZZC1|6:XAUUSD|1:5|1:1|1:4|17:ASIA_LOW|20250530,ASIA_LOW|20250530,SSRP|ASIA_LOW|20250530|1748592300|FINAL,SSRP|ASIA_LOW|20250530|1748617800|FINAL,2025.05.30 08:10:00,2025.05.30 15:15:00,425,2025.05.30 08:29:58,true,false,false,DISTINCT_TIMESTAMPED_REARM_EVENT,D032_REJECTED_BY_SAME_FAMILY_STACKING,DISTINCT_SETUP_SUPPRESSION
MSZZC1|6:XAUUSD|1:5|1:1|1:4|17:ASIA_LOW|20250530,ASIA_LOW|20250530,SSRP|ASIA_LOW|20250530|1748592300|FINAL,SSRP|ASIA_LOW|20250530|1748634300|FINAL,2025.05.30 08:10:00,2025.05.30 19:50:00,700,2025.05.30 08:29:58,true,true,false,DISTINCT_TIMESTAMPED_REARM_EVENT,D032_ACCEPTED_DISTINCT_TRADE,DISTINCT_SETUP_SUPPRESSION
MSZZC1|6:XAUUSD|1:5|1:1|1:4|17:ASIA_LOW|20250530,ASIA_LOW|20250530,SSRP|ASIA_LOW|20250530|1748592300|FINAL,SSRP|ASIA_LOW|20250530|1748634600|FINAL,2025.05.30 08:10:00,2025.05.30 19:55:00,705,2025.05.30 08:29:58,true,false,false,DISTINCT_TIMESTAMPED_REARM_EVENT,D032_REJECTED_BY_SAME_FAMILY_STACKING,DISTINCT_SETUP_SUPPRESSION
MSZZC1|6:XAUUSD|1:5|1:1|1:4|17:ASIA_LOW|20250530,ASIA_LOW|20250530,SSRP|ASIA_LOW|20250530|1748592300|FINAL,SSRP|ASIA_LOW|20250530|1748636700|FINAL,2025.05.30 08:10:00,2025.05.30 20:30:00,740,2025.05.30 08:29:58,true,false,false,DISTINCT_TIMESTAMPED_REARM_EVENT,D032_REJECTED_BY_SAME_FAMILY_STACKING,DISTINCT_SETUP_SUPPRESSION
MSZZC1|6:XAUUSD|1:5|1:1|1:4|17:ASIA_LOW|20250530,ASIA_LOW|20250530,SSRP|ASIA_LOW|20250530|1748592300|FINAL,SSRP|ASIA_LOW|20250530|1748637000|FINAL,2025.05.30 08:10:00,2025.05.30 20:35:00,745,2025.05.30 08:29:58,true,false,false,DISTINCT_TIMESTAMPED_REARM_EVENT,D032_REJECTED_BY_SAME_FAMILY_STACKING,DISTINCT_SETUP_SUPPRESSION
MSZZC1|6:XAUUSD|1:5|1:1|1:4|17:ASIA_LOW|20250530,ASIA_LOW|20250530,SSRP|ASIA_LOW|20250530|1748592300|FINAL,SSRP|ASIA_LOW|20250530|1748647500|FINAL,2025.05.30 08:10:00,2025.05.30 23:40:00,930,2025.05.30 08:29:58,true,false,false,DISTINCT_TIMESTAMPED_REARM_EVENT,D032_REJECTED_BY_SAME_FAMILY_STACKING,DISTINCT_SETUP_SUPPRESSION
MSZZC1|6:XAUUSD|1:5|1:1|1:4|17:ASIA_LOW|20250530,ASIA_LOW|20250530,SSRP|ASIA_LOW|20250530|1748592300|FINAL,SSRP|ASIA_LOW|20250530|1748648400|FINAL,2025.05.30 08:10:00,2025.05.30 23:45:00,935,2025.05.30 08:29:58,true,false,false,DISTINCT_TIMESTAMPED_REARM_EVENT,D032_REJECTED_BY_SAME_FAMILY_STACKING,DISTINCT_SETUP_SUPPRESSION
MSZZC1|6:XAUUSD|1:5|2:-1|1:4|18:ASIA_HIGH|20250602,ASIA_HIGH|20250602,SSRP|ASIA_HIGH|20250602|1748851800|FINAL,SSRP|ASIA_HIGH|20250602|1748852100|FINAL,2025.06.02 08:15:00,2025.06.02 08:20:00,5,2025.06.02 08:44:58,false,false,false,DISTINCT_TIMESTAMPED_REARM_EVENT,D032_REJECTED_BY_SAME_FAMILY_STACKING,DISTINCT_SETUP_SUPPRESSION
MSZZC1|6:XAUUSD|1:5|1:1|1:4|17:ASIA_LOW|20250603,ASIA_LOW|20250603,SSRP|ASIA_LOW|20250603|1748939400|FINAL,SSRP|ASIA_LOW|20250603|1748939700|FINAL,2025.06.03 08:35:00,2025.06.03 08:40:00,5,2025.06.03 08:54:58,false,false,false,DISTINCT_TIMESTAMPED_REARM_EVENT,D032_REJECTED_BY_SAME_FAMILY_STACKING,DISTINCT_SETUP_SUPPRESSION
MSZZC1|6:XAUUSD|1:5|1:1|1:4|17:ASIA_LOW|20250603,ASIA_LOW|20250603,SSRP|ASIA_LOW|20250603|1748939400|FINAL,SSRP|ASIA_LOW|20250603|1748946900|FINAL,2025.06.03 08:35:00,2025.06.03 10:55:00,140,2025.06.03 08:54:58,true,true,false,DISTINCT_TIMESTAMPED_REARM_EVENT,D032_ACCEPTED_DISTINCT_TRADE,DISTINCT_SETUP_SUPPRESSION
MSZZC1|6:XAUUSD|1:5|1:1|1:4|17:ASIA_LOW|20250603,ASIA_LOW|20250603,SSRP|ASIA_LOW|20250603|1748939400|FINAL,SSRP|ASIA_LOW|20250603|1748948100|FINAL,2025.06.03 08:35:00,2025.06.03 11:00:00,145,2025.06.03 08:54:58,true,false,false,DISTINCT_TIMESTAMPED_REARM_EVENT,D032_REJECTED_BY_SAME_FAMILY_STACKING,DISTINCT_SETUP_SUPPRESSION
MSZZC1|6:XAUUSD|1:5|1:1|1:4|17:ASIA_LOW|20250603,ASIA_LOW|20250603,SSRP|ASIA_LOW|20250603|1748939400|FINAL,SSRP|ASIA_LOW|20250603|1748952600|FINAL,2025.06.03 08:35:00,2025.06.03 12:20:00,225,2025.06.03 08:54:58,true,false,false,DISTINCT_TIMESTAMPED_REARM_EVENT,D032_REJECTED_BY_SAME_FAMILY_STACKING,DISTINCT_SETUP_SUPPRESSION
MSZZC1|6:XAUUSD|1:5|1:1|1:4|17:ASIA_LOW|20250603,ASIA_LOW|20250603,SSRP|ASIA_LOW|20250603|1748939400|FINAL,SSRP|ASIA_LOW|20250603|1748953200|FINAL,2025.06.03 08:35:00,2025.06.03 12:40:00,245,2025.06.03 08:54:58,true,true,false,DISTINCT_TIMESTAMPED_REARM_EVENT,D032_ACCEPTED_DISTINCT_TRADE,DISTINCT_SETUP_SUPPRESSION
MSZZC1|6:XAUUSD|1:5|1:1|1:4|17:ASIA_LOW|20250603,ASIA_LOW|20250603,SSRP|ASIA_LOW|20250603|1748939400|FINAL,SSRP|ASIA_LOW|20250603|1748961600|FINAL,2025.06.03 08:35:00,2025.06.03 14:50:00,375,2025.06.03 08:54:58,true,true,false,DISTINCT_TIMESTAMPED_REARM_EVENT,D032_ACCEPTED_DISTINCT_TRADE,DISTINCT_SETUP_SUPPRESSION
MSZZC1|6:XAUUSD|1:5|1:1|1:4|17:ASIA_LOW|20250603,ASIA_LOW|20250603,SSRP|ASIA_LOW|20250603|1748939400|FINAL,SSRP|ASIA_LOW|20250603|1748964600|FINAL,2025.06.03 08:35:00,2025.06.03 15:40:00,425,2025.06.03 08:54:58,true,true,false,DISTINCT_TIMESTAMPED_REARM_EVENT,D032_ACCEPTED_DISTINCT_TRADE,DISTINCT_SETUP_SUPPRESSION
MSZZC1|6:XAUUSD|1:5|1:1|1:4|17:ASIA_LOW|20250603,ASIA_LOW|20250603,SSRP|ASIA_LOW|20250603|1748939400|FINAL,SSRP|ASIA_LOW|20250603|1748965200|FINAL,2025.06.03 08:35:00,2025.06.03 15:45:00,430,2025.06.03 08:54:58,true,false,false,DISTINCT_TIMESTAMPED_REARM_EVENT,D032_REJECTED_BY_SAME_FAMILY_STACKING,DISTINCT_SETUP_SUPPRESSION
MSZZC1|6:XAUUSD|1:5|1:1|1:4|17:ASIA_LOW|20250603,ASIA_LOW|20250603,SSRP|ASIA_LOW|20250603|1748939400|FINAL,SSRP|ASIA_LOW|20250603|1748965800|FINAL,2025.06.03 08:35:00,2025.06.03 16:00:00,445,2025.06.03 08:54:58,true,false,false,DISTINCT_TIMESTAMPED_REARM_EVENT,D032_REJECTED_BY_SAME_FAMILY_STACKING,DISTINCT_SETUP_SUPPRESSION
MSZZC1|6:XAUUSD|1:5|1:1|1:4|17:ASIA_LOW|20250603,ASIA_LOW|20250603,SSRP|ASIA_LOW|20250603|1748939400|FINAL,SSRP|ASIA_LOW|20250603|1748966400|FINAL,2025.06.03 08:35:00,2025.06.03 16:05:00,450,2025.06.03 08:54:58,true,false,false,DISTINCT_TIMESTAMPED_REARM_EVENT,D032_REJECTED_BY_SAME_FAMILY_STACKING,DISTINCT_SETUP_SUPPRESSION
MSZZC1|6:XAUUSD|1:5|1:1|1:4|17:ASIA_LOW|20250604,ASIA_LOW|20250604,SSRP|ASIA_LOW|20250604|1749047100|FINAL,SSRP|ASIA_LOW|20250604|1749047400|FINAL,2025.06.04 14:30:00,2025.06.04 14:35:00,5,2025.06.04 15:39:57,false,false,false,DISTINCT_TIMESTAMPED_REARM_EVENT,D032_REJECTED_BY_SAME_FAMILY_STACKING,DISTINCT_SETUP_SUPPRESSION
MSZZC1|6:XAUUSD|1:5|1:1|1:4|17:ASIA_LOW|20250604,ASIA_LOW|20250604,SSRP|ASIA_LOW|20250604|1749047100|FINAL,SSRP|ASIA_LOW|20250604|1749048900|FINAL,2025.06.04 14:30:00,2025.06.04 15:05:00,35,2025.06.04 15:39:57,false,false,false,DISTINCT_TIMESTAMPED_REARM_EVENT,D032_REJECTED_BY_SAME_FAMILY_STACKING,DISTINCT_SETUP_SUPPRESSION
MSZZC1|6:XAUUSD|1:5|1:1|1:4|17:ASIA_LOW|20250604,ASIA_LOW|20250604,SSRP|ASIA_LOW|20250604|1749047100|FINAL,SSRP|ASIA_LOW|20250604|1749050700|FINAL,2025.06.04 14:30:00,2025.06.04 15:30:00,60,2025.06.04 15:39:57,false,true,false,DISTINCT_TIMESTAMPED_REARM_EVENT,D032_ACCEPTED_DISTINCT_TRADE,DISTINCT_SETUP_SUPPRESSION
MSZZC1|6:XAUUSD|1:5|2:-1|1:4|18:ASIA_HIGH|20250604,ASIA_HIGH|20250604,SSRP|ASIA_HIGH|20250604|1749061800|FINAL,SSRP|ASIA_HIGH|20250604|1749062400|FINAL,2025.06.04 18:35:00,2025.06.04 18:50:00,15,2025.06.04 19:04:58,false,false,false,DISTINCT_TIMESTAMPED_REARM_EVENT,D032_REJECTED_BY_SAME_FAMILY_STACKING,DISTINCT_SETUP_SUPPRESSION
MSZZC1|6:XAUUSD|1:5|2:-1|1:4|18:ASIA_HIGH|20250604,ASIA_HIGH|20250604,SSRP|ASIA_HIGH|20250604|1749061800|FINAL,SSRP|ASIA_HIGH|20250604|1749063000|FINAL,2025.06.04 18:35:00,2025.06.04 18:55:00,20,2025.06.04 19:04:58,false,false,false,DISTINCT_TIMESTAMPED_REARM_EVENT,D032_REJECTED_BY_SAME_FAMILY_STACKING,DISTINCT_SETUP_SUPPRESSION
MSZZC1|6:XAUUSD|1:5|2:-1|1:4|18:ASIA_HIGH|20250604,ASIA_HIGH|20250604,SSRP|ASIA_HIGH|20250604|1749061800|FINAL,SSRP|ASIA_HIGH|20250604|1749063600|FINAL,2025.06.04 18:35:00,2025.06.04 19:10:00,35,2025.06.04 19:04:58,true,false,false,DISTINCT_TIMESTAMPED_REARM_EVENT,D032_REJECTED_BY_SAME_FAMILY_STACKING,DISTINCT_SETUP_SUPPRESSION
MSZZC1|6:XAUUSD|1:5|2:-1|1:4|18:ASIA_HIGH|20250604,ASIA_HIGH|20250604,SSRP|ASIA_HIGH|20250604|1749061800|FINAL,SSRP|ASIA_HIGH|20250604|1749076200|FINAL,2025.06.04 18:35:00,2025.06.04 22:35:00,240,2025.06.04 19:04:58,true,true,false,DISTINCT_TIMESTAMPED_REARM_EVENT,D032_ACCEPTED_DISTINCT_TRADE,DISTINCT_SETUP_SUPPRESSION
MSZZC1|6:XAUUSD|1:5|2:-1|1:4|18:ASIA_HIGH|20250604,ASIA_HIGH|20250604,SSRP|ASIA_HIGH|20250604|1749061800|FINAL,SSRP|ASIA_HIGH|20250604|1749076500|FINAL,2025.06.04 18:35:00,2025.06.04 22:40:00,245,2025.06.04 19:04:58,true,false,false,DISTINCT_TIMESTAMPED_REARM_EVENT,D032_REJECTED_BY_SAME_FAMILY_STACKING,DISTINCT_SETUP_SUPPRESSION
MSZZC1|6:XAUUSD|1:5|2:-1|1:4|18:ASIA_HIGH|20250604,ASIA_HIGH|20250604,SSRP|ASIA_HIGH|20250604|1749061800|FINAL,SSRP|ASIA_HIGH|20250604|1749077700|FINAL,2025.06.04 18:35:00,2025.06.04 23:00:00,265,2025.06.04 19:04:58,true,false,false,DISTINCT_TIMESTAMPED_REARM_EVENT,D032_REJECTED_BY_SAME_FAMILY_STACKING,DISTINCT_SETUP_SUPPRESSION
MSZZC1|6:XAUUSD|1:5|2:-1|1:4|18:ASIA_HIGH|20250604,ASIA_HIGH|20250604,SSRP|ASIA_HIGH|20250604|1749061800|FINAL,SSRP|ASIA_HIGH|20250604|1749078000|FINAL,2025.06.04 18:35:00,2025.06.04 23:20:00,285,2025.06.04 19:04:58,true,true,false,DISTINCT_TIMESTAMPED_REARM_EVENT,D032_ACCEPTED_DISTINCT_TRADE,DISTINCT_SETUP_SUPPRESSION
MSZZC1|6:XAUUSD|1:5|1:1|1:4|17:ASIA_LOW|20250605,ASIA_LOW|20250605,SSRP|ASIA_LOW|20250605|1749112200|FINAL,SSRP|ASIA_LOW|20250605|1749112500|FINAL,2025.06.05 08:35:00,2025.06.05 08:40:00,5,2025.06.05 08:54:57,false,false,false,DISTINCT_TIMESTAMPED_REARM_EVENT,D032_REJECTED_BY_SAME_FAMILY_STACKING,DISTINCT_SETUP_SUPPRESSION
MSZZC1|6:XAUUSD|1:5|1:1|1:4|17:ASIA_LOW|20250605,ASIA_LOW|20250605,SSRP|ASIA_LOW|20250605|1749112200|FINAL,SSRP|ASIA_LOW|20250605|1749113400|FINAL,2025.06.05 08:35:00,2025.06.05 08:55:00,20,2025.06.05 08:54:57,true,true,false,DISTINCT_TIMESTAMPED_REARM_EVENT,D032_ACCEPTED_DISTINCT_TRADE,DISTINCT_SETUP_SUPPRESSION
MSZZC1|6:XAUUSD|1:5|1:1|1:4|17:ASIA_LOW|20250605,ASIA_LOW|20250605,SSRP|ASIA_LOW|20250605|1749112200|FINAL,SSRP|ASIA_LOW|20250605|1749113700|FINAL,2025.06.05 08:35:00,2025.06.05 09:00:00,25,2025.06.05 08:54:57,true,false,false,DISTINCT_TIMESTAMPED_REARM_EVENT,D032_REJECTED_BY_SAME_FAMILY_STACKING,DISTINCT_SETUP_SUPPRESSION
MSZZC1|6:XAUUSD|1:5|2:-1|1:4|18:ASIA_HIGH|20250605,ASIA_HIGH|20250605,SSRP|ASIA_HIGH|20250605|1749126300|FINAL,SSRP|ASIA_HIGH|20250605|1749138000|FINAL,2025.06.05 12:35:00,2025.06.05 15:45:00,190,2025.06.05 12:59:58,true,true,false,DISTINCT_TIMESTAMPED_REARM_EVENT,D032_ACCEPTED_DISTINCT_TRADE,DISTINCT_SETUP_SUPPRESSION
MSZZC1|6:XAUUSD|1:5|2:-1|1:4|18:ASIA_HIGH|20250605,ASIA_HIGH|20250605,SSRP|ASIA_HIGH|20250605|1749126300|FINAL,SSRP|ASIA_HIGH|20250605|1749138300|FINAL,2025.06.05 12:35:00,2025.06.05 15:50:00,195,2025.06.05 12:59:58,true,false,false,DISTINCT_TIMESTAMPED_REARM_EVENT,D032_REJECTED_BY_SAME_FAMILY_STACKING,DISTINCT_SETUP_SUPPRESSION
MSZZC1|6:XAUUSD|1:5|2:-1|1:4|18:ASIA_HIGH|20250605,ASIA_HIGH|20250605,SSRP|ASIA_HIGH|20250605|1749126300|FINAL,SSRP|ASIA_HIGH|20250605|1749140400|FINAL,2025.06.05 12:35:00,2025.06.05 16:25:00,230,2025.06.05 12:59:58,true,false,false,DISTINCT_TIMESTAMPED_REARM_EVENT,D032_REJECTED_BY_SAME_FAMILY_STACKING,DISTINCT_SETUP_SUPPRESSION
MSZZC1|6:XAUUSD|1:5|2:-1|1:4|18:ASIA_HIGH|20250605,ASIA_HIGH|20250605,SSRP|ASIA_HIGH|20250605|1749126300|FINAL,SSRP|ASIA_HIGH|20250605|1749141000|FINAL,2025.06.05 12:35:00,2025.06.05 16:45:00,250,2025.06.05 12:59:58,true,false,false,DISTINCT_TIMESTAMPED_REARM_EVENT,D032_REJECTED_BY_SAME_FAMILY_STACKING,DISTINCT_SETUP_SUPPRESSION
MSZZC1|6:XAUUSD|1:5|2:-1|1:4|18:ASIA_HIGH|20250605,ASIA_HIGH|20250605,SSRP|ASIA_HIGH|20250605|1749126300|FINAL,SSRP|ASIA_HIGH|20250605|1749141900|FINAL,2025.06.05 12:35:00,2025.06.05 16:50:00,255,2025.06.05 12:59:58,true,false,false,DISTINCT_TIMESTAMPED_REARM_EVENT,D032_REJECTED_BY_SAME_FAMILY_STACKING,DISTINCT_SETUP_SUPPRESSION
MSZZC1|6:XAUUSD|1:5|2:-1|1:4|18:ASIA_HIGH|20250606,ASIA_HIGH|20250606,SSRP|ASIA_HIGH|20250606|1749196800|FINAL,SSRP|ASIA_HIGH|20250606|1749197400|FINAL,2025.06.06 08:10:00,2025.06.06 08:15:00,5,2025.06.06 08:24:58,false,false,false,DISTINCT_TIMESTAMPED_REARM_EVENT,D032_REJECTED_BY_SAME_FAMILY_STACKING,DISTINCT_SETUP_SUPPRESSION
MSZZC1|6:XAUUSD|1:5|1:1|1:4|17:ASIA_LOW|20250606,ASIA_LOW|20250606,SSRP|ASIA_LOW|20250606|1749213900|FINAL,SSRP|ASIA_LOW|20250606|1749224100|FINAL,2025.06.06 12:50:00,2025.06.06 15:45:00,175,2025.06.06 14:09:58,true,true,false,DISTINCT_TIMESTAMPED_REARM_EVENT,D032_ACCEPTED_DISTINCT_TRADE,DISTINCT_SETUP_SUPPRESSION
MSZZC1|6:XAUUSD|1:5|1:1|1:4|17:ASIA_LOW|20250606,ASIA_LOW|20250606,SSRP|ASIA_LOW|20250606|1749213900|FINAL,SSRP|ASIA_LOW|20250606|1749224700|FINAL,2025.06.06 12:50:00,2025.06.06 15:50:00,180,2025.06.06 14:09:58,true,false,false,DISTINCT_TIMESTAMPED_REARM_EVENT,D032_REJECTED_BY_SAME_FAMILY_STACKING,DISTINCT_SETUP_SUPPRESSION
MSZZC1|6:XAUUSD|1:5|1:1|1:4|17:ASIA_LOW|20250606,ASIA_LOW|20250606,SSRP|ASIA_LOW|20250606|1749213900|FINAL,SSRP|ASIA_LOW|20250606|1749225600|FINAL,2025.06.06 12:50:00,2025.06.06 16:05:00,195,2025.06.06 14:09:58,true,false,false,DISTINCT_TIMESTAMPED_REARM_EVENT,D032_REJECTED_BY_SAME_FAMILY_STACKING,DISTINCT_SETUP_SUPPRESSION
MSZZC1|6:XAUUSD|1:5|1:1|1:4|17:ASIA_LOW|20250606,ASIA_LOW|20250606,SSRP|ASIA_LOW|20250606|1749213900|FINAL,SSRP|ASIA_LOW|20250606|1749225900|FINAL,2025.06.06 12:50:00,2025.06.06 16:10:00,200,2025.06.06 14:09:58,true,false,false,DISTINCT_TIMESTAMPED_REARM_EVENT,D032_REJECTED_BY_SAME_FAMILY_STACKING,DISTINCT_SETUP_SUPPRESSION
MSZZC1|6:XAUUSD|1:5|1:1|1:4|17:ASIA_LOW|20250606,ASIA_LOW|20250606,SSRP|ASIA_LOW|20250606|1749213900|FINAL,SSRP|ASIA_LOW|20250606|1749226800|FINAL,2025.06.06 12:50:00,2025.06.06 16:25:00,215,2025.06.06 14:09:58,true,false,false,DISTINCT_TIMESTAMPED_REARM_EVENT,D032_REJECTED_BY_SAME_FAMILY_STACKING,DISTINCT_SETUP_SUPPRESSION
MSZZC1|6:XAUUSD|1:5|1:1|1:4|17:ASIA_LOW|20250606,ASIA_LOW|20250606,SSRP|ASIA_LOW|20250606|1749213900|FINAL,SSRP|ASIA_LOW|20250606|1749227100|FINAL,2025.06.06 12:50:00,2025.06.06 16:30:00,220,2025.06.06 14:09:58,true,false,false,DISTINCT_TIMESTAMPED_REARM_EVENT,D032_REJECTED_BY_SAME_FAMILY_STACKING,DISTINCT_SETUP_SUPPRESSION
MSZZC1|6:XAUUSD|1:5|2:-1|1:4|18:ASIA_HIGH|20250609,ASIA_HIGH|20250609,SSRP|ASIA_HIGH|20250609|1749469500|FINAL,SSRP|ASIA_HIGH|20250609|1749471000|FINAL,2025.06.09 11:55:00,2025.06.09 12:20:00,25,2025.06.09 16:24:58,false,false,false,DISTINCT_TIMESTAMPED_REARM_EVENT,D032_REJECTED_BY_SAME_FAMILY_STACKING,DISTINCT_SETUP_SUPPRESSION
MSZZC1|6:XAUUSD|1:5|2:-1|1:4|18:ASIA_HIGH|20250609,ASIA_HIGH|20250609,SSRP|ASIA_HIGH|20250609|1749469500|FINAL,SSRP|ASIA_HIGH|20250609|1749472500|FINAL,2025.06.09 11:55:00,2025.06.09 12:45:00,50,2025.06.09 16:24:58,false,false,false,DISTINCT_TIMESTAMPED_REARM_EVENT,D032_REJECTED_BY_SAME_FAMILY_STACKING,DISTINCT_SETUP_SUPPRESSION
MSZZC1|6:XAUUSD|1:5|2:-1|1:4|18:ASIA_HIGH|20250609,ASIA_HIGH|20250609,SSRP|ASIA_HIGH|20250609|1749469500|FINAL,SSRP|ASIA_HIGH|20250609|1749473100|FINAL,2025.06.09 11:55:00,2025.06.09 12:50:00,55,2025.06.09 16:24:58,false,false,false,DISTINCT_TIMESTAMPED_REARM_EVENT,D032_REJECTED_BY_SAME_FAMILY_STACKING,DISTINCT_SETUP_SUPPRESSION
MSZZC1|6:XAUUSD|1:5|2:-1|1:4|18:ASIA_HIGH|20250609,ASIA_HIGH|20250609,SSRP|ASIA_HIGH|20250609|1749469500|FINAL,SSRP|ASIA_HIGH|20250609|1749483000|FINAL,2025.06.09 11:55:00,2025.06.09 15:40:00,225,2025.06.09 16:24:58,false,false,false,DISTINCT_TIMESTAMPED_REARM_EVENT,D032_REJECTED_BY_SAME_FAMILY_STACKING,DISTINCT_SETUP_SUPPRESSION
MSZZC1|6:XAUUSD|1:5|2:-1|1:4|18:ASIA_HIGH|20250609,ASIA_HIGH|20250609,SSRP|ASIA_HIGH|20250609|1749469500|FINAL,SSRP|ASIA_HIGH|20250609|1749489300|FINAL,2025.06.09 11:55:00,2025.06.09 17:30:00,335,2025.06.09 16:24:58,true,true,false,DISTINCT_TIMESTAMPED_REARM_EVENT,D032_ACCEPTED_DISTINCT_TRADE,DISTINCT_SETUP_SUPPRESSION
MSZZC1|6:XAUUSD|1:5|2:-1|1:4|18:ASIA_HIGH|20250609,ASIA_HIGH|20250609,SSRP|ASIA_HIGH|20250609|1749469500|FINAL,SSRP|ASIA_HIGH|20250609|1749490200|FINAL,2025.06.09 11:55:00,2025.06.09 17:35:00,340,2025.06.09 16:24:58,true,false,false,DISTINCT_TIMESTAMPED_REARM_EVENT,D032_REJECTED_BY_SAME_FAMILY_STACKING,DISTINCT_SETUP_SUPPRESSION
MSZZC1|6:XAUUSD|1:5|2:-1|1:4|18:ASIA_HIGH|20250610,ASIA_HIGH|20250610,SSRP|ASIA_HIGH|20250610|1749547800|FINAL,SSRP|ASIA_HIGH|20250610|1749549300|FINAL,2025.06.10 09:55:00,2025.06.10 10:00:00,5,2025.06.10 10:34:58,false,false,false,DISTINCT_TIMESTAMPED_REARM_EVENT,D032_REJECTED_BY_SAME_FAMILY_STACKING,DISTINCT_SETUP_SUPPRESSION
MSZZC1|6:XAUUSD|1:5|2:-1|1:4|18:ASIA_HIGH|20250610,ASIA_HIGH|20250610,SSRP|ASIA_HIGH|20250610|1749547800|FINAL,SSRP|ASIA_HIGH|20250610|1749549600|FINAL,2025.06.10 09:55:00,2025.06.10 10:15:00,20,2025.06.10 10:34:58,false,false,false,DISTINCT_TIMESTAMPED_REARM_EVENT,D032_REJECTED_BY_SAME_FAMILY_STACKING,DISTINCT_SETUP_SUPPRESSION
MSZZC1|6:XAUUSD|1:5|2:-1|1:4|18:ASIA_HIGH|20250610,ASIA_HIGH|20250610,SSRP|ASIA_HIGH|20250610|1749547800|FINAL,SSRP|ASIA_HIGH|20250610|1749550500|FINAL,2025.06.10 09:55:00,2025.06.10 10:20:00,25,2025.06.10 10:34:58,false,false,false,DISTINCT_TIMESTAMPED_REARM_EVENT,D032_REJECTED_BY_SAME_FAMILY_STACKING,DISTINCT_SETUP_SUPPRESSION
MSZZC1|6:XAUUSD|1:5|2:-1|1:4|18:ASIA_HIGH|20250610,ASIA_HIGH|20250610,SSRP|ASIA_HIGH|20250610|1749547800|FINAL,SSRP|ASIA_HIGH|20250610|1749555000|FINAL,2025.06.10 09:55:00,2025.06.10 11:40:00,105,2025.06.10 10:34:58,true,true,false,DISTINCT_TIMESTAMPED_REARM_EVENT,D032_ACCEPTED_DISTINCT_TRADE,DISTINCT_SETUP_SUPPRESSION
MSZZC1|6:XAUUSD|1:5|2:-1|1:4|18:ASIA_HIGH|20250610,ASIA_HIGH|20250610,SSRP|ASIA_HIGH|20250610|1749547800|FINAL,SSRP|ASIA_HIGH|20250610|1749555600|FINAL,2025.06.10 09:55:00,2025.06.10 11:45:00,110,2025.06.10 10:34:58,true,false,false,DISTINCT_TIMESTAMPED_REARM_EVENT,D032_REJECTED_BY_SAME_FAMILY_STACKING,DISTINCT_SETUP_SUPPRESSION
MSZZC1|6:XAUUSD|1:5|2:-1|1:4|18:ASIA_HIGH|20250610,ASIA_HIGH|20250610,SSRP|ASIA_HIGH|20250610|1749547800|FINAL,SSRP|ASIA_HIGH|20250610|1749577500|FINAL,2025.06.10 09:55:00,2025.06.10 18:00:00,485,2025.06.10 10:34:58,true,true,false,DISTINCT_TIMESTAMPED_REARM_EVENT,D032_ACCEPTED_DISTINCT_TRADE,DISTINCT_SETUP_SUPPRESSION
MSZZC1|6:XAUUSD|1:5|2:-1|1:4|18:ASIA_HIGH|20250610,ASIA_HIGH|20250610,SSRP|ASIA_HIGH|20250610|1749547800|FINAL,SSRP|ASIA_HIGH|20250610|1749578700|FINAL,2025.06.10 09:55:00,2025.06.10 18:10:00,495,2025.06.10 10:34:58,true,false,false,DISTINCT_TIMESTAMPED_REARM_EVENT,D032_REJECTED_BY_SAME_FAMILY_STACKING,DISTINCT_SETUP_SUPPRESSION
MSZZC1|6:XAUUSD|1:5|2:-1|1:4|18:ASIA_HIGH|20250610,ASIA_HIGH|20250610,SSRP|ASIA_HIGH|20250610|1749547800|FINAL,SSRP|ASIA_HIGH|20250610|1749579000|FINAL,2025.06.10 09:55:00,2025.06.10 18:15:00,500,2025.06.10 10:34:58,true,false,false,DISTINCT_TIMESTAMPED_REARM_EVENT,D032_REJECTED_BY_SAME_FAMILY_STACKING,DISTINCT_SETUP_SUPPRESSION
MSZZC1|6:XAUUSD|1:5|2:-1|1:4|18:ASIA_HIGH|20250610,ASIA_HIGH|20250610,SSRP|ASIA_HIGH|20250610|1749547800|FINAL,SSRP|ASIA_HIGH|20250610|1749580200|FINAL,2025.06.10 09:55:00,2025.06.10 18:35:00,520,2025.06.10 10:34:58,true,false,false,DISTINCT_TIMESTAMPED_REARM_EVENT,D032_REJECTED_BY_SAME_FAMILY_STACKING,DISTINCT_SETUP_SUPPRESSION
MSZZC1|6:XAUUSD|1:5|2:-1|1:4|18:ASIA_HIGH|20250610,ASIA_HIGH|20250610,SSRP|ASIA_HIGH|20250610|1749547800|FINAL,SSRP|ASIA_HIGH|20250610|1749580500|FINAL,2025.06.10 09:55:00,2025.06.10 18:40:00,525,2025.06.10 10:34:58,true,false,false,DISTINCT_TIMESTAMPED_REARM_EVENT,D032_REJECTED_BY_SAME_FAMILY_STACKING,DISTINCT_SETUP_SUPPRESSION
MSZZC1|6:XAUUSD|1:5|2:-1|1:4|18:ASIA_HIGH|20250610,ASIA_HIGH|20250610,SSRP|ASIA_HIGH|20250610|1749547800|FINAL,SSRP|ASIA_HIGH|20250610|1749595800|FINAL,2025.06.10 09:55:00,2025.06.10 23:00:00,785,2025.06.10 10:34:58,true,true,false,DISTINCT_TIMESTAMPED_REARM_EVENT,D032_ACCEPTED_DISTINCT_TRADE,DISTINCT_SETUP_SUPPRESSION
MSZZC1|6:XAUUSD|1:5|2:-1|1:4|18:ASIA_HIGH|20250610,ASIA_HIGH|20250610,SSRP|ASIA_HIGH|20250610|1749547800|FINAL,SSRP|ASIA_HIGH|20250610|1749596400|FINAL,2025.06.10 09:55:00,2025.06.10 23:05:00,790,2025.06.10 10:34:58,true,false,false,DISTINCT_TIMESTAMPED_REARM_EVENT,D032_REJECTED_BY_SAME_FAMILY_STACKING,DISTINCT_SETUP_SUPPRESSION
MSZZC1|6:XAUUSD|1:5|2:-1|1:4|18:ASIA_HIGH|20250610,ASIA_HIGH|20250610,SSRP|ASIA_HIGH|20250610|1749547800|FINAL,SSRP|ASIA_HIGH|20250610|1749597000|FINAL,2025.06.10 09:55:00,2025.06.10 23:15:00,800,2025.06.10 10:34:58,true,false,false,DISTINCT_TIMESTAMPED_REARM_EVENT,D032_REJECTED_BY_SAME_FAMILY_STACKING,DISTINCT_SETUP_SUPPRESSION
MSZZC1|6:XAUUSD|1:5|2:-1|1:4|18:ASIA_HIGH|20250610,ASIA_HIGH|20250610,SSRP|ASIA_HIGH|20250610|1749547800|FINAL,SSRP|ASIA_HIGH|20250610|1749597300|FINAL,2025.06.10 09:55:00,2025.06.10 23:20:00,805,2025.06.10 10:34:58,true,false,false,DISTINCT_TIMESTAMPED_REARM_EVENT,D032_REJECTED_BY_SAME_FAMILY_STACKING,DISTINCT_SETUP_SUPPRESSION
MSZZC1|6:XAUUSD|1:5|2:-1|1:4|18:ASIA_HIGH|20250611,ASIA_HIGH|20250611,SSRP|ASIA_HIGH|20250611|1749642900|FINAL,SSRP|ASIA_HIGH|20250611|1749643200|FINAL,2025.06.11 12:00:00,2025.06.11 12:05:00,5,2025.06.11 13:54:58,false,false,false,DISTINCT_TIMESTAMPED_REARM_EVENT,D032_REJECTED_BY_SAME_FAMILY_STACKING,DISTINCT_SETUP_SUPPRESSION
MSZZC1|6:XAUUSD|1:5|2:-1|1:4|18:ASIA_HIGH|20250611,ASIA_HIGH|20250611,SSRP|ASIA_HIGH|20250611|1749642900|FINAL,SSRP|ASIA_HIGH|20250611|1749656700|FINAL,2025.06.11 12:00:00,2025.06.11 15:50:00,230,2025.06.11 13:54:58,true,true,false,DISTINCT_TIMESTAMPED_REARM_EVENT,D032_ACCEPTED_DISTINCT_TRADE,DISTINCT_SETUP_SUPPRESSION
MSZZC1|6:XAUUSD|1:5|2:-1|1:4|18:ASIA_HIGH|20250611,ASIA_HIGH|20250611,SSRP|ASIA_HIGH|20250611|1749642900|FINAL,SSRP|ASIA_HIGH|20250611|1749657000|FINAL,2025.06.11 12:00:00,2025.06.11 15:55:00,235,2025.06.11 13:54:58,true,false,false,DISTINCT_TIMESTAMPED_REARM_EVENT,D032_REJECTED_BY_SAME_FAMILY_STACKING,DISTINCT_SETUP_SUPPRESSION
MSZZC1|6:XAUUSD|1:5|2:-1|1:4|18:ASIA_HIGH|20250611,ASIA_HIGH|20250611,SSRP|ASIA_HIGH|20250611|1749642900|FINAL,SSRP|ASIA_HIGH|20250611|1749658500|FINAL,2025.06.11 12:00:00,2025.06.11 16:20:00,260,2025.06.11 13:54:58,true,false,false,DISTINCT_TIMESTAMPED_REARM_EVENT,D032_REJECTED_BY_SAME_FAMILY_STACKING,DISTINCT_SETUP_SUPPRESSION
MSZZC1|6:XAUUSD|1:5|2:-1|1:4|18:ASIA_HIGH|20250611,ASIA_HIGH|20250611,SSRP|ASIA_HIGH|20250611|1749642900|FINAL,SSRP|ASIA_HIGH|20250611|1749658800|FINAL,2025.06.11 12:00:00,2025.06.11 16:25:00,265,2025.06.11 13:54:58,true,false,false,DISTINCT_TIMESTAMPED_REARM_EVENT,D032_REJECTED_BY_SAME_FAMILY_STACKING,DISTINCT_SETUP_SUPPRESSION
MSZZC1|6:XAUUSD|1:5|2:-1|1:4|18:ASIA_HIGH|20250611,ASIA_HIGH|20250611,SSRP|ASIA_HIGH|20250611|1749642900|FINAL,SSRP|ASIA_HIGH|20250611|1749677100|FINAL,2025.06.11 12:00:00,2025.06.11 21:30:00,570,2025.06.11 13:54:58,true,false,false,DISTINCT_TIMESTAMPED_REARM_EVENT,D032_REJECTED_BY_SAME_FAMILY_STACKING,DISTINCT_SETUP_SUPPRESSION
MSZZC1|6:XAUUSD|1:5|2:-1|1:4|18:ASIA_HIGH|20250611,ASIA_HIGH|20250611,SSRP|ASIA_HIGH|20250611|1749642900|FINAL,SSRP|ASIA_HIGH|20250611|1749677400|FINAL,2025.06.11 12:00:00,2025.06.11 21:35:00,575,2025.06.11 13:54:58,true,false,false,DISTINCT_TIMESTAMPED_REARM_EVENT,D032_REJECTED_BY_SAME_FAMILY_STACKING,DISTINCT_SETUP_SUPPRESSION
MSZZC1|6:XAUUSD|1:5|1:1|1:4|17:ASIA_LOW|20250612,ASIA_LOW|20250612,SSRP|ASIA_LOW|20250612|1749726600|FINAL,SSRP|ASIA_LOW|20250612|1749729300|FINAL,2025.06.12 11:25:00,2025.06.12 12:00:00,35,2025.06.12 13:34:58,false,false,false,DISTINCT_TIMESTAMPED_REARM_EVENT,D032_REJECTED_BY_SAME_FAMILY_STACKING,DISTINCT_SETUP_SUPPRESSION
MSZZC1|6:XAUUSD|1:5|1:1|1:4|17:ASIA_LOW|20250612,ASIA_LOW|20250612,SSRP|ASIA_LOW|20250612|1749726600|FINAL,SSRP|ASIA_LOW|20250612|1749729900|FINAL,2025.06.12 11:25:00,2025.06.12 12:10:00,45,2025.06.12 13:34:58,false,false,false,DISTINCT_TIMESTAMPED_REARM_EVENT,D032_REJECTED_BY_SAME_FAMILY_STACKING,DISTINCT_SETUP_SUPPRESSION
MSZZC1|6:XAUUSD|1:5|2:-1|1:4|18:ASIA_HIGH|20250612,ASIA_HIGH|20250612,SSRP|ASIA_HIGH|20250612|1749738600|FINAL,SSRP|ASIA_HIGH|20250612|1749738900|FINAL,2025.06.12 14:35:00,2025.06.12 14:40:00,5,2025.06.12 15:09:57,false,false,false,DISTINCT_TIMESTAMPED_REARM_EVENT,D032_REJECTED_BY_SAME_FAMILY_STACKING,DISTINCT_SETUP_SUPPRESSION
MSZZC1|6:XAUUSD|1:5|2:-1|1:4|18:ASIA_HIGH|20250613,ASIA_HIGH|20250613,SSRP|ASIA_HIGH|20250613|1749832500|FINAL,SSRP|ASIA_HIGH|20250613|1749832800|FINAL,2025.06.13 16:40:00,2025.06.13 16:45:00,5,2025.06.13 17:04:58,false,false,false,DISTINCT_TIMESTAMPED_REARM_EVENT,D032_REJECTED_BY_SAME_FAMILY_STACKING,DISTINCT_SETUP_SUPPRESSION
MSZZC1|6:XAUUSD|1:5|1:1|1:4|17:ASIA_LOW|20250616,ASIA_LOW|20250616,SSRP|ASIA_LOW|20250616|1750060800|FINAL,SSRP|ASIA_LOW|20250616|1750061100|FINAL,2025.06.16 08:05:00,2025.06.16 08:10:00,5,2025.06.16 08:39:58,false,false,false,DISTINCT_TIMESTAMPED_REARM_EVENT,D032_REJECTED_BY_SAME_FAMILY_STACKING,DISTINCT_SETUP_SUPPRESSION
MSZZC1|6:XAUUSD|1:5|1:1|1:4|17:ASIA_LOW|20250616,ASIA_LOW|20250616,SSRP|ASIA_LOW|20250616|1750060800|FINAL,SSRP|ASIA_LOW|20250616|1750061700|FINAL,2025.06.16 08:05:00,2025.06.16 08:25:00,20,2025.06.16 08:39:58,false,false,false,DISTINCT_TIMESTAMPED_REARM_EVENT,D032_REJECTED_BY_SAME_FAMILY_STACKING,DISTINCT_SETUP_SUPPRESSION
MSZZC1|6:XAUUSD|1:5|1:1|1:4|17:ASIA_LOW|20250617,ASIA_LOW|20250617,SSRP|ASIA_LOW|20250617|1750181700|FINAL,SSRP|ASIA_LOW|20250617|1750182000|FINAL,2025.06.17 17:40:00,2025.06.17 17:45:00,5,2025.06.18 01:04:58,false,false,false,DISTINCT_TIMESTAMPED_REARM_EVENT,D032_REJECTED_BY_SAME_FAMILY_STACKING,DISTINCT_SETUP_SUPPRESSION
MSZZC1|6:XAUUSD|1:5|1:1|1:4|17:ASIA_LOW|20250617,ASIA_LOW|20250617,SSRP|ASIA_LOW|20250617|1750181700|FINAL,SSRP|ASIA_LOW|20250617|1750186200|FINAL,2025.06.17 17:40:00,2025.06.17 18:55:00,75,2025.06.18 01:04:58,false,false,false,DISTINCT_TIMESTAMPED_REARM_EVENT,D032_REJECTED_BY_SAME_FAMILY_STACKING,DISTINCT_SETUP_SUPPRESSION
MSZZC1|6:XAUUSD|1:5|1:1|1:4|17:ASIA_LOW|20250618,ASIA_LOW|20250618,SSRP|ASIA_LOW|20250618|1750284600|FINAL,SSRP|ASIA_LOW|20250618|1750285500|FINAL,2025.06.18 22:15:00,2025.06.18 22:30:00,15,2025.06.18 22:29:59,true,true,false,DISTINCT_TIMESTAMPED_REARM_EVENT,D032_ACCEPTED_DISTINCT_TRADE,DISTINCT_SETUP_SUPPRESSION
MSZZC1|6:XAUUSD|1:5|1:1|1:4|17:ASIA_LOW|20250618,ASIA_LOW|20250618,SSRP|ASIA_LOW|20250618|1750284600|FINAL,SSRP|ASIA_LOW|20250618|1750285800|FINAL,2025.06.18 22:15:00,2025.06.18 22:35:00,20,2025.06.18 22:29:59,true,false,false,DISTINCT_TIMESTAMPED_REARM_EVENT,D032_REJECTED_BY_SAME_FAMILY_STACKING,DISTINCT_SETUP_SUPPRESSION
MSZZC1|6:XAUUSD|1:5|1:1|1:4|17:ASIA_LOW|20250619,ASIA_LOW|20250619,SSRP|ASIA_LOW|20250619|1750332900|FINAL,SSRP|ASIA_LOW|20250619|1750333200|FINAL,2025.06.19 11:40:00,2025.06.19 11:45:00,5,2025.06.19 12:09:58,false,false,false,DISTINCT_TIMESTAMPED_REARM_EVENT,D032_REJECTED_BY_SAME_FAMILY_STACKING,DISTINCT_SETUP_SUPPRESSION
MSZZC1|6:XAUUSD|1:5|1:1|1:4|17:ASIA_LOW|20250619,ASIA_LOW|20250619,SSRP|ASIA_LOW|20250619|1750332900|FINAL,SSRP|ASIA_LOW|20250619|1750333500|FINAL,2025.06.19 11:40:00,2025.06.19 11:50:00,10,2025.06.19 12:09:58,false,false,false,DISTINCT_TIMESTAMPED_REARM_EVENT,D032_REJECTED_BY_SAME_FAMILY_STACKING,DISTINCT_SETUP_SUPPRESSION
MSZZC1|6:XAUUSD|1:5|1:1|1:4|17:ASIA_LOW|20250619,ASIA_LOW|20250619,SSRP|ASIA_LOW|20250619|1750332900|FINAL,SSRP|ASIA_LOW|20250619|1750334700|FINAL,2025.06.19 11:40:00,2025.06.19 12:20:00,40,2025.06.19 12:09:58,true,true,false,DISTINCT_TIMESTAMPED_REARM_EVENT,D032_ACCEPTED_DISTINCT_TRADE,DISTINCT_SETUP_SUPPRESSION
MSZZC1|6:XAUUSD|1:5|1:1|1:4|17:ASIA_LOW|20250619,ASIA_LOW|20250619,SSRP|ASIA_LOW|20250619|1750332900|FINAL,SSRP|ASIA_LOW|20250619|1750346700|FINAL,2025.06.19 11:40:00,2025.06.19 15:30:00,230,2025.06.19 12:09:58,true,false,false,DISTINCT_TIMESTAMPED_REARM_EVENT,D032_REJECTED_BY_SAME_FAMILY_STACKING,DISTINCT_SETUP_SUPPRESSION
MSZZC1|6:XAUUSD|1:5|1:1|1:4|17:ASIA_LOW|20250619,ASIA_LOW|20250619,SSRP|ASIA_LOW|20250619|1750332900|FINAL,SSRP|ASIA_LOW|20250619|1750347600|FINAL,2025.06.19 11:40:00,2025.06.19 15:50:00,250,2025.06.19 12:09:58,true,false,false,DISTINCT_TIMESTAMPED_REARM_EVENT,D032_REJECTED_BY_SAME_FAMILY_STACKING,DISTINCT_SETUP_SUPPRESSION
MSZZC1|6:XAUUSD|1:5|1:1|1:4|17:ASIA_LOW|20250619,ASIA_LOW|20250619,SSRP|ASIA_LOW|20250619|1750332900|FINAL,SSRP|ASIA_LOW|20250619|1750350900|FINAL,2025.06.19 11:40:00,2025.06.19 16:45:00,305,2025.06.19 12:09:58,true,true,false,DISTINCT_TIMESTAMPED_REARM_EVENT,D032_ACCEPTED_DISTINCT_TRADE,DISTINCT_SETUP_SUPPRESSION
MSZZC1|6:XAUUSD|1:5|1:1|1:4|17:ASIA_LOW|20250619,ASIA_LOW|20250619,SSRP|ASIA_LOW|20250619|1750332900|FINAL,SSRP|ASIA_LOW|20250619|1750351500|FINAL,2025.06.19 11:40:00,2025.06.19 16:50:00,310,2025.06.19 12:09:58,true,false,false,DISTINCT_TIMESTAMPED_REARM_EVENT,D032_REJECTED_BY_SAME_FAMILY_STACKING,DISTINCT_SETUP_SUPPRESSION
MSZZC1|6:XAUUSD|1:5|1:1|1:4|17:ASIA_LOW|20250619,ASIA_LOW|20250619,SSRP|ASIA_LOW|20250619|1750332900|FINAL,SSRP|ASIA_LOW|20250619|1750358700|FINAL,2025.06.19 11:40:00,2025.06.19 18:50:00,430,2025.06.19 12:09:58,true,true,false,DISTINCT_TIMESTAMPED_REARM_EVENT,D032_ACCEPTED_DISTINCT_TRADE,DISTINCT_SETUP_SUPPRESSION
MSZZC1|6:XAUUSD|1:5|1:1|1:4|17:ASIA_LOW|20250619,ASIA_LOW|20250619,SSRP|ASIA_LOW|20250619|1750332900|FINAL,SSRP|ASIA_LOW|20250619|1750360500|FINAL,2025.06.19 11:40:00,2025.06.19 19:20:00,460,2025.06.19 12:09:58,true,false,false,DISTINCT_TIMESTAMPED_REARM_EVENT,D032_REJECTED_BY_SAME_FAMILY_STACKING,DISTINCT_SETUP_SUPPRESSION
MSZZC1|6:XAUUSD|1:5|1:1|1:4|17:ASIA_LOW|20250619,ASIA_LOW|20250619,SSRP|ASIA_LOW|20250619|1750332900|FINAL,SSRP|ASIA_LOW|20250619|1750360800|FINAL,2025.06.19 11:40:00,2025.06.19 19:25:00,465,2025.06.19 12:09:58,true,false,false,DISTINCT_TIMESTAMPED_REARM_EVENT,D032_REJECTED_BY_SAME_FAMILY_STACKING,DISTINCT_SETUP_SUPPRESSION
MSZZC1|6:XAUUSD|1:5|1:1|1:4|17:ASIA_LOW|20250619,ASIA_LOW|20250619,SSRP|ASIA_LOW|20250619|1750332900|FINAL,SSRP|ASIA_LOW|20250619|1750361400|FINAL,2025.06.19 11:40:00,2025.06.19 19:40:00,480,2025.06.19 12:09:58,true,false,false,DISTINCT_TIMESTAMPED_REARM_EVENT,D032_REJECTED_BY_SAME_FAMILY_STACKING,DISTINCT_SETUP_SUPPRESSION
MSZZC1|6:XAUUSD|1:5|1:1|1:4|17:ASIA_LOW|20250619,ASIA_LOW|20250619,SSRP|ASIA_LOW|20250619|1750332900|FINAL,SSRP|ASIA_LOW|20250619|1750362000|FINAL,2025.06.19 11:40:00,2025.06.19 19:45:00,485,2025.06.19 12:09:58,true,false,false,DISTINCT_TIMESTAMPED_REARM_EVENT,D032_REJECTED_BY_SAME_FAMILY_STACKING,DISTINCT_SETUP_SUPPRESSION
MSZZC1|6:XAUUSD|1:5|1:1|1:4|17:ASIA_LOW|20250619,ASIA_LOW|20250619,SSRP|ASIA_LOW|20250619|1750332900|FINAL,SSRP|ASIA_LOW|20250619|1750365900|FINAL,2025.06.19 11:40:00,2025.06.19 20:50:00,550,2025.06.19 12:09:58,true,false,false,DISTINCT_TIMESTAMPED_REARM_EVENT,D032_REJECTED_BY_SAME_FAMILY_STACKING,DISTINCT_SETUP_SUPPRESSION
MSZZC1|6:XAUUSD|1:5|1:1|1:4|17:ASIA_LOW|20250619,ASIA_LOW|20250619,SSRP|ASIA_LOW|20250619|1750332900|FINAL,SSRP|ASIA_LOW|20250619|1750366800|FINAL,2025.06.19 11:40:00,2025.06.19 21:10:00,570,2025.06.19 12:09:58,true,false,false,DISTINCT_TIMESTAMPED_REARM_EVENT,D032_REJECTED_BY_SAME_FAMILY_STACKING,DISTINCT_SETUP_SUPPRESSION
MSZZC1|6:XAUUSD|1:5|1:1|1:4|17:ASIA_LOW|20250620,ASIA_LOW|20250620,SSRP|ASIA_LOW|20250620|1750409700|FINAL,SSRP|ASIA_LOW|20250620|1750410000|FINAL,2025.06.20 09:00:00,2025.06.20 09:05:00,5,2025.06.20 09:34:58,false,false,false,DISTINCT_TIMESTAMPED_REARM_EVENT,D032_REJECTED_BY_SAME_FAMILY_STACKING,DISTINCT_SETUP_SUPPRESSION
MSZZC1|6:XAUUSD|1:5|1:1|1:4|17:ASIA_LOW|20250620,ASIA_LOW|20250620,SSRP|ASIA_LOW|20250620|1750409700|FINAL,SSRP|ASIA_LOW|20250620|1750412400|FINAL,2025.06.20 09:00:00,2025.06.20 09:50:00,50,2025.06.20 09:34:58,true,true,false,DISTINCT_TIMESTAMPED_REARM_EVENT,D032_ACCEPTED_DISTINCT_TRADE,DISTINCT_SETUP_SUPPRESSION
MSZZC1|6:XAUUSD|1:5|1:1|1:4|17:ASIA_LOW|20250620,ASIA_LOW|20250620,SSRP|ASIA_LOW|20250620|1750409700|FINAL,SSRP|ASIA_LOW|20250620|1750413300|FINAL,2025.06.20 09:00:00,2025.06.20 10:00:00,60,2025.06.20 09:34:58,true,false,false,DISTINCT_TIMESTAMPED_REARM_EVENT,D032_REJECTED_BY_SAME_FAMILY_STACKING,DISTINCT_SETUP_SUPPRESSION
MSZZC1|6:XAUUSD|1:5|1:1|1:4|17:ASIA_LOW|20250620,ASIA_LOW|20250620,SSRP|ASIA_LOW|20250620|1750409700|FINAL,SSRP|ASIA_LOW|20250620|1750413600|FINAL,2025.06.20 09:00:00,2025.06.20 10:05:00,65,2025.06.20 09:34:58,true,false,false,DISTINCT_TIMESTAMPED_REARM_EVENT,D032_REJECTED_BY_SAME_FAMILY_STACKING,DISTINCT_SETUP_SUPPRESSION
MSZZC1|6:XAUUSD|1:5|1:1|1:4|17:ASIA_LOW|20250620,ASIA_LOW|20250620,SSRP|ASIA_LOW|20250620|1750409700|FINAL,SSRP|ASIA_LOW|20250620|1750433400|FINAL,2025.06.20 09:00:00,2025.06.20 15:35:00,395,2025.06.20 09:34:58,true,true,false,DISTINCT_TIMESTAMPED_REARM_EVENT,D032_ACCEPTED_DISTINCT_TRADE,DISTINCT_SETUP_SUPPRESSION
MSZZC1|6:XAUUSD|1:5|1:1|1:4|17:ASIA_LOW|20250620,ASIA_LOW|20250620,SSRP|ASIA_LOW|20250620|1750409700|FINAL,SSRP|ASIA_LOW|20250620|1750433700|FINAL,2025.06.20 09:00:00,2025.06.20 15:40:00,400,2025.06.20 09:34:58,true,false,false,DISTINCT_TIMESTAMPED_REARM_EVENT,D032_REJECTED_BY_SAME_FAMILY_STACKING,DISTINCT_SETUP_SUPPRESSION
MSZZC1|6:XAUUSD|1:5|1:1|1:4|17:ASIA_LOW|20250620,ASIA_LOW|20250620,SSRP|ASIA_LOW|20250620|1750409700|FINAL,SSRP|ASIA_LOW|20250620|1750434300|FINAL,2025.06.20 09:00:00,2025.06.20 15:50:00,410,2025.06.20 09:34:58,true,false,false,DISTINCT_TIMESTAMPED_REARM_EVENT,D032_REJECTED_BY_SAME_FAMILY_STACKING,DISTINCT_SETUP_SUPPRESSION
MSZZC1|6:XAUUSD|1:5|1:1|1:4|17:ASIA_LOW|20250620,ASIA_LOW|20250620,SSRP|ASIA_LOW|20250620|1750409700|FINAL,SSRP|ASIA_LOW|20250620|1750434600|FINAL,2025.06.20 09:00:00,2025.06.20 16:00:00,420,2025.06.20 09:34:58,true,false,false,DISTINCT_TIMESTAMPED_REARM_EVENT,D032_REJECTED_BY_SAME_FAMILY_STACKING,DISTINCT_SETUP_SUPPRESSION
MSZZC1|6:XAUUSD|1:5|1:1|1:4|17:ASIA_LOW|20250620,ASIA_LOW|20250620,SSRP|ASIA_LOW|20250620|1750409700|FINAL,SSRP|ASIA_LOW|20250620|1750435200|FINAL,2025.06.20 09:00:00,2025.06.20 16:05:00,425,2025.06.20 09:34:58,true,false,false,DISTINCT_TIMESTAMPED_REARM_EVENT,D032_REJECTED_BY_SAME_FAMILY_STACKING,DISTINCT_SETUP_SUPPRESSION
MSZZC1|6:XAUUSD|1:5|2:-1|1:4|18:ASIA_HIGH|20250620,ASIA_HIGH|20250620,SSRP|ASIA_HIGH|20250620|1750438200|FINAL,SSRP|ASIA_HIGH|20250620|1750438500|FINAL,2025.06.20 16:55:00,2025.06.20 17:00:00,5,2025.06.20 17:14:57,false,false,false,DISTINCT_TIMESTAMPED_REARM_EVENT,D032_REJECTED_BY_SAME_FAMILY_STACKING,DISTINCT_SETUP_SUPPRESSION
MSZZC1|6:XAUUSD|1:5|2:-1|1:4|18:ASIA_HIGH|20250620,ASIA_HIGH|20250620,SSRP|ASIA_HIGH|20250620|1750438200|FINAL,SSRP|ASIA_HIGH|20250620|1750439100|FINAL,2025.06.20 16:55:00,2025.06.20 17:15:00,20,2025.06.20 17:14:57,true,true,false,DISTINCT_TIMESTAMPED_REARM_EVENT,D032_ACCEPTED_DISTINCT_TRADE,DISTINCT_SETUP_SUPPRESSION
MSZZC1|6:XAUUSD|1:5|2:-1|1:4|18:ASIA_HIGH|20250620,ASIA_HIGH|20250620,SSRP|ASIA_HIGH|20250620|1750438200|FINAL,SSRP|ASIA_HIGH|20250620|1750442400|FINAL,2025.06.20 16:55:00,2025.06.20 18:05:00,70,2025.06.20 17:14:57,true,false,false,DISTINCT_TIMESTAMPED_REARM_EVENT,D032_REJECTED_BY_SAME_FAMILY_STACKING,DISTINCT_SETUP_SUPPRESSION
MSZZC1|6:XAUUSD|1:5|2:-1|1:4|18:ASIA_HIGH|20250620,ASIA_HIGH|20250620,SSRP|ASIA_HIGH|20250620|1750438200|FINAL,SSRP|ASIA_HIGH|20250620|1750442700|FINAL,2025.06.20 16:55:00,2025.06.20 18:10:00,75,2025.06.20 17:14:57,true,false,false,DISTINCT_TIMESTAMPED_REARM_EVENT,D032_REJECTED_BY_SAME_FAMILY_STACKING,DISTINCT_SETUP_SUPPRESSION
MSZZC1|6:XAUUSD|1:5|2:-1|1:4|18:ASIA_HIGH|20250620,ASIA_HIGH|20250620,SSRP|ASIA_HIGH|20250620|1750438200|FINAL,SSRP|ASIA_HIGH|20250620|1750445700|FINAL,2025.06.20 16:55:00,2025.06.20 19:00:00,125,2025.06.20 17:14:57,true,false,false,DISTINCT_TIMESTAMPED_REARM_EVENT,D032_REJECTED_BY_SAME_FAMILY_STACKING,DISTINCT_SETUP_SUPPRESSION
MSZZC1|6:XAUUSD|1:5|2:-1|1:4|18:ASIA_HIGH|20250620,ASIA_HIGH|20250620,SSRP|ASIA_HIGH|20250620|1750438200|FINAL,SSRP|ASIA_HIGH|20250620|1750450500|FINAL,2025.06.20 16:55:00,2025.06.20 20:25:00,210,2025.06.20 17:14:57,true,false,false,DISTINCT_TIMESTAMPED_REARM_EVENT,D032_REJECTED_BY_SAME_FAMILY_STACKING,DISTINCT_SETUP_SUPPRESSION
MSZZC1|6:XAUUSD|1:5|2:-1|1:4|18:ASIA_HIGH|20250620,ASIA_HIGH|20250620,SSRP|ASIA_HIGH|20250620|1750438200|FINAL,SSRP|ASIA_HIGH|20250620|1750451100|FINAL,2025.06.20 16:55:00,2025.06.20 20:30:00,215,2025.06.20 17:14:57,true,false,false,DISTINCT_TIMESTAMPED_REARM_EVENT,D032_REJECTED_BY_SAME_FAMILY_STACKING,DISTINCT_SETUP_SUPPRESSION
MSZZC1|6:XAUUSD|1:5|1:1|1:4|17:ASIA_LOW|20250623,ASIA_LOW|20250623,SSRP|ASIA_LOW|20250623|1750667700|FINAL,SSRP|ASIA_LOW|20250623|1750668000|FINAL,2025.06.23 08:40:00,2025.06.23 08:45:00,5,2025.06.23 12:14:58,false,false,false,DISTINCT_TIMESTAMPED_REARM_EVENT,D032_REJECTED_BY_SAME_FAMILY_STACKING,DISTINCT_SETUP_SUPPRESSION
MSZZC1|6:XAUUSD|1:5|2:-1|1:4|18:ASIA_HIGH|20250625,ASIA_HIGH|20250625,SSRP|ASIA_HIGH|20250625|1750848000|FINAL,SSRP|ASIA_HIGH|20250625|1750848300|FINAL,2025.06.25 10:45:00,2025.06.25 10:50:00,5,2025.06.25 11:19:58,false,false,false,DISTINCT_TIMESTAMPED_REARM_EVENT,D032_REJECTED_BY_SAME_FAMILY_STACKING,DISTINCT_SETUP_SUPPRESSION
MSZZC1|6:XAUUSD|1:5|1:1|1:4|17:ASIA_LOW|20250625,ASIA_LOW|20250625,SSRP|ASIA_LOW|20250625|1750866000|FINAL,SSRP|ASIA_LOW|20250625|1750870800|FINAL,2025.06.25 15:50:00,2025.06.25 17:25:00,95,2025.06.25 16:04:58,true,true,false,DISTINCT_TIMESTAMPED_REARM_EVENT,D032_ACCEPTED_DISTINCT_TRADE,DISTINCT_SETUP_SUPPRESSION
MSZZC1|6:XAUUSD|1:5|1:1|1:4|17:ASIA_LOW|20250625,ASIA_LOW|20250625,SSRP|ASIA_LOW|20250625|1750866000|FINAL,SSRP|ASIA_LOW|20250625|1750872300|FINAL,2025.06.25 15:50:00,2025.06.25 17:30:00,100,2025.06.25 16:04:58,true,false,false,DISTINCT_TIMESTAMPED_REARM_EVENT,D032_REJECTED_BY_SAME_FAMILY_STACKING,DISTINCT_SETUP_SUPPRESSION
MSZZC1|6:XAUUSD|1:5|2:-1|1:4|18:ASIA_HIGH|20250625,ASIA_HIGH|20250625,SSRP|ASIA_HIGH|20250625|1750848000|FINAL,SSRP|ASIA_HIGH|20250625|1750891200|FINAL,2025.06.25 10:45:00,2025.06.25 22:45:00,720,2025.06.25 11:19:58,true,false,false,DISTINCT_TIMESTAMPED_REARM_EVENT,D032_REJECTED_BY_SAME_FAMILY_STACKING,DISTINCT_SETUP_SUPPRESSION
MSZZC1|6:XAUUSD|1:5|2:-1|1:4|18:ASIA_HIGH|20250625,ASIA_HIGH|20250625,SSRP|ASIA_HIGH|20250625|1750848000|FINAL,SSRP|ASIA_HIGH|20250625|1750891500|FINAL,2025.06.25 10:45:00,2025.06.25 22:50:00,725,2025.06.25 11:19:58,true,false,false,DISTINCT_TIMESTAMPED_REARM_EVENT,D032_REJECTED_BY_SAME_FAMILY_STACKING,DISTINCT_SETUP_SUPPRESSION
MSZZC1|6:XAUUSD|1:5|2:-1|1:4|18:ASIA_HIGH|20250625,ASIA_HIGH|20250625,SSRP|ASIA_HIGH|20250625|1750848000|FINAL,SSRP|ASIA_HIGH|20250625|1750892400|FINAL,2025.06.25 10:45:00,2025.06.25 23:05:00,740,2025.06.25 11:19:58,true,false,false,DISTINCT_TIMESTAMPED_REARM_EVENT,D032_REJECTED_BY_SAME_FAMILY_STACKING,DISTINCT_SETUP_SUPPRESSION
MSZZC1|6:XAUUSD|1:5|2:-1|1:4|18:ASIA_HIGH|20250625,ASIA_HIGH|20250625,SSRP|ASIA_HIGH|20250625|1750848000|FINAL,SSRP|ASIA_HIGH|20250625|1750892700|FINAL,2025.06.25 10:45:00,2025.06.25 23:10:00,745,2025.06.25 11:19:58,true,false,false,DISTINCT_TIMESTAMPED_REARM_EVENT,D032_REJECTED_BY_SAME_FAMILY_STACKING,DISTINCT_SETUP_SUPPRESSION
MSZZC1|6:XAUUSD|1:5|2:-1|1:4|18:ASIA_HIGH|20250626,ASIA_HIGH|20250626,SSRP|ASIA_HIGH|20250626|1750939500|FINAL,SSRP|ASIA_HIGH|20250626|1750939800|FINAL,2025.06.26 12:10:00,2025.06.26 12:15:00,5,2025.06.26 14:44:57,false,false,false,DISTINCT_TIMESTAMPED_REARM_EVENT,D032_REJECTED_BY_SAME_FAMILY_STACKING,DISTINCT_SETUP_SUPPRESSION
MSZZC1|6:XAUUSD|1:5|2:-1|1:4|18:ASIA_HIGH|20250626,ASIA_HIGH|20250626,SSRP|ASIA_HIGH|20250626|1750939500|FINAL,SSRP|ASIA_HIGH|20250626|1750946400|FINAL,2025.06.26 12:10:00,2025.06.26 14:05:00,115,2025.06.26 14:44:57,false,false,false,DISTINCT_TIMESTAMPED_REARM_EVENT,D032_REJECTED_BY_SAME_FAMILY_STACKING,DISTINCT_SETUP_SUPPRESSION
MSZZC1|6:XAUUSD|1:5|2:-1|1:4|18:ASIA_HIGH|20250626,ASIA_HIGH|20250626,SSRP|ASIA_HIGH|20250626|1750939500|FINAL,SSRP|ASIA_HIGH|20250626|1750951500|FINAL,2025.06.26 12:10:00,2025.06.26 15:30:00,200,2025.06.26 14:44:57,true,true,false,DISTINCT_TIMESTAMPED_REARM_EVENT,D032_ACCEPTED_DISTINCT_TRADE,DISTINCT_SETUP_SUPPRESSION
MSZZC1|6:XAUUSD|1:5|1:1|1:4|17:ASIA_LOW|20250626,ASIA_LOW|20250626,SSRP|ASIA_LOW|20250626|1750965300|FINAL,SSRP|ASIA_LOW|20250626|1750965600|FINAL,2025.06.26 19:20:00,2025.06.26 19:25:00,5,2025.06.27 01:04:58,false,false,false,DISTINCT_TIMESTAMPED_REARM_EVENT,D032_REJECTED_BY_SAME_FAMILY_STACKING,DISTINCT_SETUP_SUPPRESSION
MSZZC1|6:XAUUSD|1:5|1:1|1:4|17:ASIA_LOW|20250626,ASIA_LOW|20250626,SSRP|ASIA_LOW|20250626|1750965300|FINAL,SSRP|ASIA_LOW|20250626|1750976100|FINAL,2025.06.26 19:20:00,2025.06.26 22:20:00,180,2025.06.27 01:04:58,false,false,false,DISTINCT_TIMESTAMPED_REARM_EVENT,D032_REJECTED_BY_SAME_FAMILY_STACKING,DISTINCT_SETUP_SUPPRESSION
MSZZC1|6:XAUUSD|1:5|1:1|1:4|17:ASIA_LOW|20250626,ASIA_LOW|20250626,SSRP|ASIA_LOW|20250626|1750965300|FINAL,SSRP|ASIA_LOW|20250626|1750976400|FINAL,2025.06.26 19:20:00,2025.06.26 22:25:00,185,2025.06.27 01:04:58,false,false,false,DISTINCT_TIMESTAMPED_REARM_EVENT,D032_REJECTED_BY_SAME_FAMILY_STACKING,DISTINCT_SETUP_SUPPRESSION
MSZZC1|6:XAUUSD|1:5|1:1|1:4|17:ASIA_LOW|20250626,ASIA_LOW|20250626,SSRP|ASIA_LOW|20250626|1750965300|FINAL,SSRP|ASIA_LOW|20250626|1750976700|FINAL,2025.06.26 19:20:00,2025.06.26 22:30:00,190,2025.06.27 01:04:58,false,false,false,DISTINCT_TIMESTAMPED_REARM_EVENT,D032_REJECTED_BY_SAME_FAMILY_STACKING,DISTINCT_SETUP_SUPPRESSION
MSZZC1|6:XAUUSD|1:5|1:1|1:4|17:ASIA_LOW|20250627,ASIA_LOW|20250627,SSRP|ASIA_LOW|20250627|1751011800|FINAL,SSRP|ASIA_LOW|20250627|1751017200|FINAL,2025.06.27 08:15:00,2025.06.27 09:50:00,95,2025.06.27 09:39:58,true,true,false,DISTINCT_TIMESTAMPED_REARM_EVENT,D032_ACCEPTED_DISTINCT_TRADE,DISTINCT_SETUP_SUPPRESSION
MSZZC1|6:XAUUSD|1:5|1:1|1:4|17:ASIA_LOW|20250627,ASIA_LOW|20250627,SSRP|ASIA_LOW|20250627|1751011800|FINAL,SSRP|ASIA_LOW|20250627|1751017800|FINAL,2025.06.27 08:15:00,2025.06.27 09:55:00,100,2025.06.27 09:39:58,true,false,false,DISTINCT_TIMESTAMPED_REARM_EVENT,D032_REJECTED_BY_SAME_FAMILY_STACKING,DISTINCT_SETUP_SUPPRESSION
MSZZC1|6:XAUUSD|1:5|2:-1|1:4|18:ASIA_HIGH|20250630,ASIA_HIGH|20250630,SSRP|ASIA_HIGH|20250630|1751284500|FINAL,SSRP|ASIA_HIGH|20250630|1751285100|FINAL,2025.06.30 12:05:00,2025.06.30 12:10:00,5,2025.06.30 18:24:57,false,false,false,DISTINCT_TIMESTAMPED_REARM_EVENT,D032_REJECTED_BY_SAME_FAMILY_STACKING,DISTINCT_SETUP_SUPPRESSION
MSZZC1|6:XAUUSD|1:5|2:-1|1:4|18:ASIA_HIGH|20250630,ASIA_HIGH|20250630,SSRP|ASIA_HIGH|20250630|1751284500|FINAL,SSRP|ASIA_HIGH|20250630|1751286300|FINAL,2025.06.30 12:05:00,2025.06.30 12:30:00,25,2025.06.30 18:24:57,false,false,false,DISTINCT_TIMESTAMPED_REARM_EVENT,D032_REJECTED_BY_SAME_FAMILY_STACKING,DISTINCT_SETUP_SUPPRESSION
MSZZC1|6:XAUUSD|1:5|2:-1|1:4|18:ASIA_HIGH|20250630,ASIA_HIGH|20250630,SSRP|ASIA_HIGH|20250630|1751284500|FINAL,SSRP|ASIA_HIGH|20250630|1751287500|FINAL,2025.06.30 12:05:00,2025.06.30 13:05:00,60,2025.06.30 18:24:57,false,false,false,DISTINCT_TIMESTAMPED_REARM_EVENT,D032_REJECTED_BY_SAME_FAMILY_STACKING,DISTINCT_SETUP_SUPPRESSION
MSZZC1|6:XAUUSD|1:5|2:-1|1:4|18:ASIA_HIGH|20250630,ASIA_HIGH|20250630,SSRP|ASIA_HIGH|20250630|1751284500|FINAL,SSRP|ASIA_HIGH|20250630|1751288700|FINAL,2025.06.30 12:05:00,2025.06.30 13:20:00,75,2025.06.30 18:24:57,false,false,false,DISTINCT_TIMESTAMPED_REARM_EVENT,D032_REJECTED_BY_SAME_FAMILY_STACKING,DISTINCT_SETUP_SUPPRESSION
MSZZC1|6:XAUUSD|1:5|2:-1|1:4|18:ASIA_HIGH|20250630,ASIA_HIGH|20250630,SSRP|ASIA_HIGH|20250630|1751284500|FINAL,SSRP|ASIA_HIGH|20250630|1751289600|FINAL,2025.06.30 12:05:00,2025.06.30 13:25:00,80,2025.06.30 18:24:57,false,false,false,DISTINCT_TIMESTAMPED_REARM_EVENT,D032_REJECTED_BY_SAME_FAMILY_STACKING,DISTINCT_SETUP_SUPPRESSION
MSZZC1|6:XAUUSD|1:5|2:-1|1:4|18:ASIA_HIGH|20250630,ASIA_HIGH|20250630,SSRP|ASIA_HIGH|20250630|1751284500|FINAL,SSRP|ASIA_HIGH|20250630|1751290200|FINAL,2025.06.30 12:05:00,2025.06.30 13:35:00,90,2025.06.30 18:24:57,false,false,false,DISTINCT_TIMESTAMPED_REARM_EVENT,D032_REJECTED_BY_SAME_FAMILY_STACKING,DISTINCT_SETUP_SUPPRESSION
MSZZC1|6:XAUUSD|1:5|2:-1|1:4|18:ASIA_HIGH|20250630,ASIA_HIGH|20250630,SSRP|ASIA_HIGH|20250630|1751284500|FINAL,SSRP|ASIA_HIGH|20250630|1751296800|FINAL,2025.06.30 12:05:00,2025.06.30 15:25:00,200,2025.06.30 18:24:57,false,false,false,DISTINCT_TIMESTAMPED_REARM_EVENT,D032_REJECTED_BY_SAME_FAMILY_STACKING,DISTINCT_SETUP_SUPPRESSION
MSZZC1|6:XAUUSD|1:5|2:-1|1:4|18:ASIA_HIGH|20250630,ASIA_HIGH|20250630,SSRP|ASIA_HIGH|20250630|1751284500|FINAL,SSRP|ASIA_HIGH|20250630|1751298300|FINAL,2025.06.30 12:05:00,2025.06.30 15:50:00,225,2025.06.30 18:24:57,false,false,false,DISTINCT_TIMESTAMPED_REARM_EVENT,D032_REJECTED_BY_SAME_FAMILY_STACKING,DISTINCT_SETUP_SUPPRESSION
MSZZC1|6:XAUUSD|1:5|2:-1|1:4|18:ASIA_HIGH|20250630,ASIA_HIGH|20250630,SSRP|ASIA_HIGH|20250630|1751284500|FINAL,SSRP|ASIA_HIGH|20250630|1751298600|FINAL,2025.06.30 12:05:00,2025.06.30 15:55:00,230,2025.06.30 18:24:57,false,false,false,DISTINCT_TIMESTAMPED_REARM_EVENT,D032_REJECTED_BY_SAME_FAMILY_STACKING,DISTINCT_SETUP_SUPPRESSION
MSZZC1|6:XAUUSD|1:5|2:-1|1:4|18:ASIA_HIGH|20250630,ASIA_HIGH|20250630,SSRP|ASIA_HIGH|20250630|1751284500|FINAL,SSRP|ASIA_HIGH|20250630|1751302200|FINAL,2025.06.30 12:05:00,2025.06.30 16:55:00,290,2025.06.30 18:24:57,false,false,false,DISTINCT_TIMESTAMPED_REARM_EVENT,D032_REJECTED_BY_SAME_FAMILY_STACKING,DISTINCT_SETUP_SUPPRESSION
MSZZC1|6:XAUUSD|1:5|2:-1|1:4|18:ASIA_HIGH|20250630,ASIA_HIGH|20250630,SSRP|ASIA_HIGH|20250630|1751284500|FINAL,SSRP|ASIA_HIGH|20250630|1751302800|FINAL,2025.06.30 12:05:00,2025.06.30 17:05:00,300,2025.06.30 18:24:57,false,false,false,DISTINCT_TIMESTAMPED_REARM_EVENT,D032_REJECTED_BY_SAME_FAMILY_STACKING,DISTINCT_SETUP_SUPPRESSION
MSZZC1|6:XAUUSD|1:5|2:-1|1:4|18:ASIA_HIGH|20250630,ASIA_HIGH|20250630,SSRP|ASIA_HIGH|20250630|1751284500|FINAL,SSRP|ASIA_HIGH|20250630|1751303100|FINAL,2025.06.30 12:05:00,2025.06.30 17:10:00,305,2025.06.30 18:24:57,false,false,false,DISTINCT_TIMESTAMPED_REARM_EVENT,D032_REJECTED_BY_SAME_FAMILY_STACKING,DISTINCT_SETUP_SUPPRESSION
MSZZC1|6:XAUUSD|1:5|2:-1|1:4|18:ASIA_HIGH|20250630,ASIA_HIGH|20250630,SSRP|ASIA_HIGH|20250630|1751284500|FINAL,SSRP|ASIA_HIGH|20250630|1751306400|FINAL,2025.06.30 12:05:00,2025.06.30 18:10:00,365,2025.06.30 18:24:57,false,false,false,DISTINCT_TIMESTAMPED_REARM_EVENT,D032_REJECTED_BY_SAME_FAMILY_STACKING,DISTINCT_SETUP_SUPPRESSION
MSZZC1|6:XAUUSD|1:5|1:1|1:4|17:ASIA_LOW|20250702,ASIA_LOW|20250702,SSRP|ASIA_LOW|20250702|1751451000|FINAL,SSRP|ASIA_LOW|20250702|1751451600|FINAL,2025.07.02 10:15:00,2025.07.02 10:25:00,10,2025.07.02 10:24:58,true,true,false,DISTINCT_TIMESTAMPED_REARM_EVENT,D032_ACCEPTED_DISTINCT_TRADE,DISTINCT_SETUP_SUPPRESSION
MSZZC1|6:XAUUSD|1:5|1:1|1:4|17:ASIA_LOW|20250702,ASIA_LOW|20250702,SSRP|ASIA_LOW|20250702|1751451000|FINAL,SSRP|ASIA_LOW|20250702|1751451900|FINAL,2025.07.02 10:15:00,2025.07.02 10:35:00,20,2025.07.02 10:24:58,true,false,false,DISTINCT_TIMESTAMPED_REARM_EVENT,D032_REJECTED_BY_SAME_FAMILY_STACKING,DISTINCT_SETUP_SUPPRESSION
MSZZC1|6:XAUUSD|1:5|1:1|1:4|17:ASIA_LOW|20250702,ASIA_LOW|20250702,SSRP|ASIA_LOW|20250702|1751451000|FINAL,SSRP|ASIA_LOW|20250702|1751452800|FINAL,2025.07.02 10:15:00,2025.07.02 10:45:00,30,2025.07.02 10:24:58,true,true,false,DISTINCT_TIMESTAMPED_REARM_EVENT,D032_ACCEPTED_DISTINCT_TRADE,DISTINCT_SETUP_SUPPRESSION
MSZZC1|6:XAUUSD|1:5|2:-1|1:4|18:ASIA_HIGH|20250702,ASIA_HIGH|20250702,SSRP|ASIA_HIGH|20250702|1751463600|FINAL,SSRP|ASIA_HIGH|20250702|1751464800|FINAL,2025.07.02 13:45:00,2025.07.02 14:05:00,20,2025.07.02 13:59:58,true,false,false,DISTINCT_TIMESTAMPED_REARM_EVENT,D032_REJECTED_BY_SAME_FAMILY_STACKING,DISTINCT_SETUP_SUPPRESSION
MSZZC1|6:XAUUSD|1:5|2:-1|1:4|18:ASIA_HIGH|20250702,ASIA_HIGH|20250702,SSRP|ASIA_HIGH|20250702|1751463600|FINAL,SSRP|ASIA_HIGH|20250702|1751465100|FINAL,2025.07.02 13:45:00,2025.07.02 14:15:00,30,2025.07.02 13:59:58,true,false,false,DISTINCT_TIMESTAMPED_REARM_EVENT,D032_REJECTED_BY_SAME_FAMILY_STACKING,DISTINCT_SETUP_SUPPRESSION
MSZZC1|6:XAUUSD|1:5|2:-1|1:4|18:ASIA_HIGH|20250702,ASIA_HIGH|20250702,SSRP|ASIA_HIGH|20250702|1751463600|FINAL,SSRP|ASIA_HIGH|20250702|1751469900|FINAL,2025.07.02 13:45:00,2025.07.02 15:30:00,105,2025.07.02 13:59:58,true,false,false,DISTINCT_TIMESTAMPED_REARM_EVENT,D032_REJECTED_BY_SAME_FAMILY_STACKING,DISTINCT_SETUP_SUPPRESSION
MSZZC1|6:XAUUSD|1:5|2:-1|1:4|18:ASIA_HIGH|20250702,ASIA_HIGH|20250702,SSRP|ASIA_HIGH|20250702|1751463600|FINAL,SSRP|ASIA_HIGH|20250702|1751471400|FINAL,2025.07.02 13:45:00,2025.07.02 16:00:00,135,2025.07.02 13:59:58,true,false,false,DISTINCT_TIMESTAMPED_REARM_EVENT,D032_REJECTED_BY_SAME_FAMILY_STACKING,DISTINCT_SETUP_SUPPRESSION
MSZZC1|6:XAUUSD|1:5|2:-1|1:4|18:ASIA_HIGH|20250702,ASIA_HIGH|20250702,SSRP|ASIA_HIGH|20250702|1751463600|FINAL,SSRP|ASIA_HIGH|20250702|1751472000|FINAL,2025.07.02 13:45:00,2025.07.02 16:15:00,150,2025.07.02 13:59:58,true,false,false,DISTINCT_TIMESTAMPED_REARM_EVENT,D032_REJECTED_BY_SAME_FAMILY_STACKING,DISTINCT_SETUP_SUPPRESSION
MSZZC1|6:XAUUSD|1:5|2:-1|1:4|18:ASIA_HIGH|20250702,ASIA_HIGH|20250702,SSRP|ASIA_HIGH|20250702|1751463600|FINAL,SSRP|ASIA_HIGH|20250702|1751473500|FINAL,2025.07.02 13:45:00,2025.07.02 16:30:00,165,2025.07.02 13:59:58,true,false,false,DISTINCT_TIMESTAMPED_REARM_EVENT,D032_REJECTED_BY_SAME_FAMILY_STACKING,DISTINCT_SETUP_SUPPRESSION
MSZZC1|6:XAUUSD|1:5|2:-1|1:4|18:ASIA_HIGH|20250702,ASIA_HIGH|20250702,SSRP|ASIA_HIGH|20250702|1751463600|FINAL,SSRP|ASIA_HIGH|20250702|1751473800|FINAL,2025.07.02 13:45:00,2025.07.02 16:35:00,170,2025.07.02 13:59:58,true,false,false,DISTINCT_TIMESTAMPED_REARM_EVENT,D032_REJECTED_BY_SAME_FAMILY_STACKING,DISTINCT_SETUP_SUPPRESSION
MSZZC1|6:XAUUSD|1:5|2:-1|1:4|18:ASIA_HIGH|20250704,ASIA_HIGH|20250704,SSRP|ASIA_HIGH|20250704|1751619900|FINAL,SSRP|ASIA_HIGH|20250704|1751623200|FINAL,2025.07.04 09:10:00,2025.07.04 10:10:00,60,2025.07.04 09:19:58,true,true,false,DISTINCT_TIMESTAMPED_REARM_EVENT,D032_ACCEPTED_DISTINCT_TRADE,DISTINCT_SETUP_SUPPRESSION
MSZZC1|6:XAUUSD|1:5|2:-1|1:4|18:ASIA_HIGH|20250704,ASIA_HIGH|20250704,SSRP|ASIA_HIGH|20250704|1751619900|FINAL,SSRP|ASIA_HIGH|20250704|1751623800|FINAL,2025.07.04 09:10:00,2025.07.04 10:15:00,65,2025.07.04 09:19:58,true,false,false,DISTINCT_TIMESTAMPED_REARM_EVENT,D032_REJECTED_BY_SAME_FAMILY_STACKING,DISTINCT_SETUP_SUPPRESSION
MSZZC1|6:XAUUSD|1:5|2:-1|1:4|18:ASIA_HIGH|20250704,ASIA_HIGH|20250704,SSRP|ASIA_HIGH|20250704|1751619900|FINAL,SSRP|ASIA_HIGH|20250704|1751626800|FINAL,2025.07.04 09:10:00,2025.07.04 11:05:00,115,2025.07.04 09:19:58,true,true,false,DISTINCT_TIMESTAMPED_REARM_EVENT,D032_ACCEPTED_DISTINCT_TRADE,DISTINCT_SETUP_SUPPRESSION
MSZZC1|6:XAUUSD|1:5|2:-1|1:4|18:ASIA_HIGH|20250704,ASIA_HIGH|20250704,SSRP|ASIA_HIGH|20250704|1751619900|FINAL,SSRP|ASIA_HIGH|20250704|1751627100|FINAL,2025.07.04 09:10:00,2025.07.04 11:10:00,120,2025.07.04 09:19:58,true,false,false,DISTINCT_TIMESTAMPED_REARM_EVENT,D032_REJECTED_BY_SAME_FAMILY_STACKING,DISTINCT_SETUP_SUPPRESSION
MSZZC1|6:XAUUSD|1:5|2:-1|1:4|18:ASIA_HIGH|20250704,ASIA_HIGH|20250704,SSRP|ASIA_HIGH|20250704|1751619900|FINAL,SSRP|ASIA_HIGH|20250704|1751628600|FINAL,2025.07.04 09:10:00,2025.07.04 12:00:00,170,2025.07.04 09:19:58,true,true,false,DISTINCT_TIMESTAMPED_REARM_EVENT,D032_ACCEPTED_DISTINCT_TRADE,DISTINCT_SETUP_SUPPRESSION
MSZZC1|6:XAUUSD|1:5|2:-1|1:4|18:ASIA_HIGH|20250704,ASIA_HIGH|20250704,SSRP|ASIA_HIGH|20250704|1751619900|FINAL,SSRP|ASIA_HIGH|20250704|1751630400|FINAL,2025.07.04 09:10:00,2025.07.04 12:05:00,175,2025.07.04 09:19:58,true,false,false,DISTINCT_TIMESTAMPED_REARM_EVENT,D032_REJECTED_BY_SAME_FAMILY_STACKING,DISTINCT_SETUP_SUPPRESSION
MSZZC1|6:XAUUSD|1:5|1:1|1:4|17:ASIA_LOW|20250707,ASIA_LOW|20250707,SSRP|ASIA_LOW|20250707|1751886000|FINAL,SSRP|ASIA_LOW|20250707|1751886600|FINAL,2025.07.07 11:10:00,2025.07.07 11:15:00,5,2025.07.07 13:44:58,false,false,false,DISTINCT_TIMESTAMPED_REARM_EVENT,D032_REJECTED_BY_SAME_FAMILY_STACKING,DISTINCT_SETUP_SUPPRESSION
MSZZC1|6:XAUUSD|1:5|1:1|1:4|17:ASIA_LOW|20250707,ASIA_LOW|20250707,SSRP|ASIA_LOW|20250707|1751886000|FINAL,SSRP|ASIA_LOW|20250707|1751896800|FINAL,2025.07.07 11:10:00,2025.07.07 14:05:00,175,2025.07.07 13:44:58,true,true,false,DISTINCT_TIMESTAMPED_REARM_EVENT,D032_ACCEPTED_DISTINCT_TRADE,DISTINCT_SETUP_SUPPRESSION
MSZZC1|6:XAUUSD|1:5|1:1|1:4|17:ASIA_LOW|20250707,ASIA_LOW|20250707,SSRP|ASIA_LOW|20250707|1751886000|FINAL,SSRP|ASIA_LOW|20250707|1751901000|FINAL,2025.07.07 11:10:00,2025.07.07 15:20:00,250,2025.07.07 13:44:58,true,true,false,DISTINCT_TIMESTAMPED_REARM_EVENT,D032_ACCEPTED_DISTINCT_TRADE,DISTINCT_SETUP_SUPPRESSION
MSZZC1|6:XAUUSD|1:5|1:1|1:4|17:ASIA_LOW|20250707,ASIA_LOW|20250707,SSRP|ASIA_LOW|20250707|1751886000|FINAL,SSRP|ASIA_LOW|20250707|1751902200|FINAL,2025.07.07 11:10:00,2025.07.07 15:35:00,265,2025.07.07 13:44:58,true,false,false,DISTINCT_TIMESTAMPED_REARM_EVENT,D032_REJECTED_BY_SAME_FAMILY_STACKING,DISTINCT_SETUP_SUPPRESSION
MSZZC1|6:XAUUSD|1:5|1:1|1:4|17:ASIA_LOW|20250707,ASIA_LOW|20250707,SSRP|ASIA_LOW|20250707|1751886000|FINAL,SSRP|ASIA_LOW|20250707|1751902500|FINAL,2025.07.07 11:10:00,2025.07.07 15:40:00,270,2025.07.07 13:44:58,true,false,false,DISTINCT_TIMESTAMPED_REARM_EVENT,D032_REJECTED_BY_SAME_FAMILY_STACKING,DISTINCT_SETUP_SUPPRESSION
MSZZC1|6:XAUUSD|1:5|1:1|1:4|17:ASIA_LOW|20250708,ASIA_LOW|20250708,SSRP|ASIA_LOW|20250708|1751972700|FINAL,SSRP|ASIA_LOW|20250708|1751973300|FINAL,2025.07.08 11:10:00,2025.07.08 11:25:00,15,2025.07.08 11:19:58,true,true,false,DISTINCT_TIMESTAMPED_REARM_EVENT,D032_ACCEPTED_DISTINCT_TRADE,DISTINCT_SETUP_SUPPRESSION
MSZZC1|6:XAUUSD|1:5|1:1|1:4|17:ASIA_LOW|20250708,ASIA_LOW|20250708,SSRP|ASIA_LOW|20250708|1751972700|FINAL,SSRP|ASIA_LOW|20250708|1751973900|FINAL,2025.07.08 11:10:00,2025.07.08 11:30:00,20,2025.07.08 11:19:58,true,false,false,DISTINCT_TIMESTAMPED_REARM_EVENT,D032_REJECTED_BY_SAME_FAMILY_STACKING,DISTINCT_SETUP_SUPPRESSION
MSZZC1|6:XAUUSD|1:5|1:1|1:4|17:ASIA_LOW|20250708,ASIA_LOW|20250708,SSRP|ASIA_LOW|20250708|1751972700|FINAL,SSRP|ASIA_LOW|20250708|1751986500|FINAL,2025.07.08 11:10:00,2025.07.08 15:05:00,235,2025.07.08 11:19:58,true,true,false,DISTINCT_TIMESTAMPED_REARM_EVENT,D032_ACCEPTED_DISTINCT_TRADE,DISTINCT_SETUP_SUPPRESSION
MSZZC1|6:XAUUSD|1:5|1:1|1:4|17:ASIA_LOW|20250708,ASIA_LOW|20250708,SSRP|ASIA_LOW|20250708|1751972700|FINAL,SSRP|ASIA_LOW|20250708|1751987400|FINAL,2025.07.08 11:10:00,2025.07.08 15:30:00,260,2025.07.08 11:19:58,true,false,false,DISTINCT_TIMESTAMPED_REARM_EVENT,D032_REJECTED_BY_SAME_FAMILY_STACKING,DISTINCT_SETUP_SUPPRESSION
MSZZC1|6:XAUUSD|1:5|1:1|1:4|17:ASIA_LOW|20250708,ASIA_LOW|20250708,SSRP|ASIA_LOW|20250708|1751972700|FINAL,SSRP|ASIA_LOW|20250708|1751989200|FINAL,2025.07.08 11:10:00,2025.07.08 15:50:00,280,2025.07.08 11:19:58,true,false,false,DISTINCT_TIMESTAMPED_REARM_EVENT,D032_REJECTED_BY_SAME_FAMILY_STACKING,DISTINCT_SETUP_SUPPRESSION
MSZZC1|6:XAUUSD|1:5|1:1|1:4|17:ASIA_LOW|20250709,ASIA_LOW|20250709,SSRP|ASIA_LOW|20250709|1752060000|FINAL,SSRP|ASIA_LOW|20250709|1752060900|FINAL,2025.07.09 11:25:00,2025.07.09 11:40:00,15,2025.07.09 11:39:58,true,true,false,DISTINCT_TIMESTAMPED_REARM_EVENT,D032_ACCEPTED_DISTINCT_TRADE,DISTINCT_SETUP_SUPPRESSION
MSZZC1|6:XAUUSD|1:5|1:1|1:4|17:ASIA_LOW|20250709,ASIA_LOW|20250709,SSRP|ASIA_LOW|20250709|1752060000|FINAL,SSRP|ASIA_LOW|20250709|1752061200|FINAL,2025.07.09 11:25:00,2025.07.09 11:45:00,20,2025.07.09 11:39:58,true,false,false,DISTINCT_TIMESTAMPED_REARM_EVENT,D032_REJECTED_BY_SAME_FAMILY_STACKING,DISTINCT_SETUP_SUPPRESSION
MSZZC1|6:XAUUSD|1:5|1:1|1:4|17:ASIA_LOW|20250709,ASIA_LOW|20250709,SSRP|ASIA_LOW|20250709|1752060000|FINAL,SSRP|ASIA_LOW|20250709|1752062400|FINAL,2025.07.09 11:25:00,2025.07.09 12:05:00,40,2025.07.09 11:39:58,true,false,false,DISTINCT_TIMESTAMPED_REARM_EVENT,D032_REJECTED_BY_SAME_FAMILY_STACKING,DISTINCT_SETUP_SUPPRESSION
MSZZC1|6:XAUUSD|1:5|1:1|1:4|17:ASIA_LOW|20250709,ASIA_LOW|20250709,SSRP|ASIA_LOW|20250709|1752060000|FINAL,SSRP|ASIA_LOW|20250709|1752072900|FINAL,2025.07.09 11:25:00,2025.07.09 15:00:00,215,2025.07.09 11:39:58,true,true,false,DISTINCT_TIMESTAMPED_REARM_EVENT,D032_ACCEPTED_DISTINCT_TRADE,DISTINCT_SETUP_SUPPRESSION
MSZZC1|6:XAUUSD|1:5|2:-1|1:4|18:ASIA_HIGH|20250710,ASIA_HIGH|20250710,SSRP|ASIA_HIGH|20250710|1752139200|FINAL,SSRP|ASIA_HIGH|20250710|1752141900|FINAL,2025.07.10 09:25:00,2025.07.10 10:20:00,55,2025.07.10 10:09:58,true,true,false,DISTINCT_TIMESTAMPED_REARM_EVENT,D032_ACCEPTED_DISTINCT_TRADE,DISTINCT_SETUP_SUPPRESSION
MSZZC1|6:XAUUSD|1:5|2:-1|1:4|18:ASIA_HIGH|20250710,ASIA_HIGH|20250710,SSRP|ASIA_HIGH|20250710|1752139200|FINAL,SSRP|ASIA_HIGH|20250710|1752142800|FINAL,2025.07.10 09:25:00,2025.07.10 10:30:00,65,2025.07.10 10:09:58,true,false,false,DISTINCT_TIMESTAMPED_REARM_EVENT,D032_REJECTED_BY_SAME_FAMILY_STACKING,DISTINCT_SETUP_SUPPRESSION
MSZZC1|6:XAUUSD|1:5|2:-1|1:4|18:ASIA_HIGH|20250710,ASIA_HIGH|20250710,SSRP|ASIA_HIGH|20250710|1752139200|FINAL,SSRP|ASIA_HIGH|20250710|1752143400|FINAL,2025.07.10 09:25:00,2025.07.10 10:35:00,70,2025.07.10 10:09:58,true,false,false,DISTINCT_TIMESTAMPED_REARM_EVENT,D032_REJECTED_BY_SAME_FAMILY_STACKING,DISTINCT_SETUP_SUPPRESSION
MSZZC1|6:XAUUSD|1:5|2:-1|1:4|18:ASIA_HIGH|20250710,ASIA_HIGH|20250710,SSRP|ASIA_HIGH|20250710|1752139200|FINAL,SSRP|ASIA_HIGH|20250710|1752150000|FINAL,2025.07.10 09:25:00,2025.07.10 12:30:00,185,2025.07.10 10:09:58,true,true,false,DISTINCT_TIMESTAMPED_REARM_EVENT,D032_ACCEPTED_DISTINCT_TRADE,DISTINCT_SETUP_SUPPRESSION
MSZZC1|6:XAUUSD|1:5|2:-1|1:4|18:ASIA_HIGH|20250710,ASIA_HIGH|20250710,SSRP|ASIA_HIGH|20250710|1752139200|FINAL,SSRP|ASIA_HIGH|20250710|1752150600|FINAL,2025.07.10 09:25:00,2025.07.10 12:35:00,190,2025.07.10 10:09:58,true,false,false,DISTINCT_TIMESTAMPED_REARM_EVENT,D032_REJECTED_BY_SAME_FAMILY_STACKING,DISTINCT_SETUP_SUPPRESSION
MSZZC1|6:XAUUSD|1:5|2:-1|1:4|18:ASIA_HIGH|20250710,ASIA_HIGH|20250710,SSRP|ASIA_HIGH|20250710|1752139200|FINAL,SSRP|ASIA_HIGH|20250710|1752152100|FINAL,2025.07.10 09:25:00,2025.07.10 13:00:00,215,2025.07.10 10:09:58,true,false,false,DISTINCT_TIMESTAMPED_REARM_EVENT,D032_REJECTED_BY_SAME_FAMILY_STACKING,DISTINCT_SETUP_SUPPRESSION
MSZZC1|6:XAUUSD|1:5|2:-1|1:4|18:ASIA_HIGH|20250710,ASIA_HIGH|20250710,SSRP|ASIA_HIGH|20250710|1752139200|FINAL,SSRP|ASIA_HIGH|20250710|1752152400|FINAL,2025.07.10 09:25:00,2025.07.10 13:05:00,220,2025.07.10 10:09:58,true,false,false,DISTINCT_TIMESTAMPED_REARM_EVENT,D032_REJECTED_BY_SAME_FAMILY_STACKING,DISTINCT_SETUP_SUPPRESSION
MSZZC1|6:XAUUSD|1:5|2:-1|1:4|18:ASIA_HIGH|20250710,ASIA_HIGH|20250710,SSRP|ASIA_HIGH|20250710|1752139200|FINAL,SSRP|ASIA_HIGH|20250710|1752155400|FINAL,2025.07.10 09:25:00,2025.07.10 13:55:00,270,2025.07.10 10:09:58,true,false,false,DISTINCT_TIMESTAMPED_REARM_EVENT,D032_REJECTED_BY_SAME_FAMILY_STACKING,DISTINCT_SETUP_SUPPRESSION
MSZZC1|6:XAUUSD|1:5|2:-1|1:4|18:ASIA_HIGH|20250710,ASIA_HIGH|20250710,SSRP|ASIA_HIGH|20250710|1752139200|FINAL,SSRP|ASIA_HIGH|20250710|1752157800|FINAL,2025.07.10 09:25:00,2025.07.10 14:35:00,310,2025.07.10 10:09:58,true,true,false,DISTINCT_TIMESTAMPED_REARM_EVENT,D032_ACCEPTED_DISTINCT_TRADE,DISTINCT_SETUP_SUPPRESSION
MSZZC1|6:XAUUSD|1:5|2:-1|1:4|18:ASIA_HIGH|20250710,ASIA_HIGH|20250710,SSRP|ASIA_HIGH|20250710|1752139200|FINAL,SSRP|ASIA_HIGH|20250710|1752158100|FINAL,2025.07.10 09:25:00,2025.07.10 14:40:00,315,2025.07.10 10:09:58,true,false,false,DISTINCT_TIMESTAMPED_REARM_EVENT,D032_REJECTED_BY_SAME_FAMILY_STACKING,DISTINCT_SETUP_SUPPRESSION
MSZZC1|6:XAUUSD|1:5|2:-1|1:4|18:ASIA_HIGH|20250710,ASIA_HIGH|20250710,SSRP|ASIA_HIGH|20250710|1752139200|FINAL,SSRP|ASIA_HIGH|20250710|1752163200|FINAL,2025.07.10 09:25:00,2025.07.10 16:05:00,400,2025.07.10 10:09:58,true,true,false,DISTINCT_TIMESTAMPED_REARM_EVENT,D032_ACCEPTED_DISTINCT_TRADE,DISTINCT_SETUP_SUPPRESSION
MSZZC1|6:XAUUSD|1:5|2:-1|1:4|18:ASIA_HIGH|20250710,ASIA_HIGH|20250710,SSRP|ASIA_HIGH|20250710|1752139200|FINAL,SSRP|ASIA_HIGH|20250710|1752163500|FINAL,2025.07.10 09:25:00,2025.07.10 16:20:00,415,2025.07.10 10:09:58,true,false,false,DISTINCT_TIMESTAMPED_REARM_EVENT,D032_REJECTED_BY_SAME_FAMILY_STACKING,DISTINCT_SETUP_SUPPRESSION
MSZZC1|6:XAUUSD|1:5|2:-1|1:4|18:ASIA_HIGH|20250710,ASIA_HIGH|20250710,SSRP|ASIA_HIGH|20250710|1752139200|FINAL,SSRP|ASIA_HIGH|20250710|1752165300|FINAL,2025.07.10 09:25:00,2025.07.10 16:40:00,435,2025.07.10 10:09:58,true,false,false,DISTINCT_TIMESTAMPED_REARM_EVENT,D032_REJECTED_BY_SAME_FAMILY_STACKING,DISTINCT_SETUP_SUPPRESSION
MSZZC1|6:XAUUSD|1:5|2:-1|1:4|18:ASIA_HIGH|20250710,ASIA_HIGH|20250710,SSRP|ASIA_HIGH|20250710|1752139200|FINAL,SSRP|ASIA_HIGH|20250710|1752165600|FINAL,2025.07.10 09:25:00,2025.07.10 16:45:00,440,2025.07.10 10:09:58,true,true,false,DISTINCT_TIMESTAMPED_REARM_EVENT,D032_ACCEPTED_DISTINCT_TRADE,DISTINCT_SETUP_SUPPRESSION
MSZZC1|6:XAUUSD|1:5|1:1|1:4|17:ASIA_LOW|20250710,ASIA_LOW|20250710,SSRP|ASIA_LOW|20250710|1752166500|FINAL,SSRP|ASIA_LOW|20250710|1752166800|FINAL,2025.07.10 17:00:00,2025.07.10 17:05:00,5,2025.07.10 22:09:58,false,false,false,DISTINCT_TIMESTAMPED_REARM_EVENT,D032_REJECTED_BY_SAME_FAMILY_STACKING,DISTINCT_SETUP_SUPPRESSION
MSZZC1|6:XAUUSD|1:5|1:1|1:4|17:ASIA_LOW|20250710,ASIA_LOW|20250710,SSRP|ASIA_LOW|20250710|1752166500|FINAL,SSRP|ASIA_LOW|20250710|1752176400|FINAL,2025.07.10 17:00:00,2025.07.10 19:45:00,165,2025.07.10 22:09:58,false,false,false,DISTINCT_TIMESTAMPED_REARM_EVENT,D032_REJECTED_BY_SAME_FAMILY_STACKING,DISTINCT_SETUP_SUPPRESSION
MSZZC1|6:XAUUSD|1:5|1:1|1:4|17:ASIA_LOW|20250710,ASIA_LOW|20250710,SSRP|ASIA_LOW|20250710|1752166500|FINAL,SSRP|ASIA_LOW|20250710|1752176700|FINAL,2025.07.10 17:00:00,2025.07.10 19:50:00,170,2025.07.10 22:09:58,false,false,false,DISTINCT_TIMESTAMPED_REARM_EVENT,D032_REJECTED_BY_SAME_FAMILY_STACKING,DISTINCT_SETUP_SUPPRESSION
MSZZC1|6:XAUUSD|1:5|2:-1|1:4|18:ASIA_HIGH|20250711,ASIA_HIGH|20250711,SSRP|ASIA_HIGH|20250711|1752222600|FINAL,SSRP|ASIA_HIGH|20250711|1752223200|FINAL,2025.07.11 08:40:00,2025.07.11 08:45:00,5,2025.07.11 09:19:58,false,false,false,DISTINCT_TIMESTAMPED_REARM_EVENT,D032_REJECTED_BY_SAME_FAMILY_STACKING,DISTINCT_SETUP_SUPPRESSION
MSZZC1|6:XAUUSD|1:5|2:-1|1:4|18:ASIA_HIGH|20250711,ASIA_HIGH|20250711,SSRP|ASIA_HIGH|20250711|1752222600|FINAL,SSRP|ASIA_HIGH|20250711|1752226800|FINAL,2025.07.11 08:40:00,2025.07.11 09:45:00,65,2025.07.11 09:19:58,true,true,false,DISTINCT_TIMESTAMPED_REARM_EVENT,D032_ACCEPTED_DISTINCT_TRADE,DISTINCT_SETUP_SUPPRESSION
MSZZC1|6:XAUUSD|1:5|2:-1|1:4|18:ASIA_HIGH|20250711,ASIA_HIGH|20250711,SSRP|ASIA_HIGH|20250711|1752222600|FINAL,SSRP|ASIA_HIGH|20250711|1752227100|FINAL,2025.07.11 08:40:00,2025.07.11 09:50:00,70,2025.07.11 09:19:58,true,false,false,DISTINCT_TIMESTAMPED_REARM_EVENT,D032_REJECTED_BY_SAME_FAMILY_STACKING,DISTINCT_SETUP_SUPPRESSION
MSZZC1|6:XAUUSD|1:5|2:-1|1:4|18:ASIA_HIGH|20250711,ASIA_HIGH|20250711,SSRP|ASIA_HIGH|20250711|1752222600|FINAL,SSRP|ASIA_HIGH|20250711|1752234300|FINAL,2025.07.11 08:40:00,2025.07.11 11:50:00,190,2025.07.11 09:19:58,true,true,false,DISTINCT_TIMESTAMPED_REARM_EVENT,D032_ACCEPTED_DISTINCT_TRADE,DISTINCT_SETUP_SUPPRESSION
MSZZC1|6:XAUUSD|1:5|2:-1|1:4|18:ASIA_HIGH|20250711,ASIA_HIGH|20250711,SSRP|ASIA_HIGH|20250711|1752222600|FINAL,SSRP|ASIA_HIGH|20250711|1752234600|FINAL,2025.07.11 08:40:00,2025.07.11 11:55:00,195,2025.07.11 09:19:58,true,false,false,DISTINCT_TIMESTAMPED_REARM_EVENT,D032_REJECTED_BY_SAME_FAMILY_STACKING,DISTINCT_SETUP_SUPPRESSION
MSZZC1|6:XAUUSD|1:5|2:-1|1:4|18:ASIA_HIGH|20250711,ASIA_HIGH|20250711,SSRP|ASIA_HIGH|20250711|1752222600|FINAL,SSRP|ASIA_HIGH|20250711|1752237000|FINAL,2025.07.11 08:40:00,2025.07.11 12:35:00,235,2025.07.11 09:19:58,true,false,false,DISTINCT_TIMESTAMPED_REARM_EVENT,D032_REJECTED_BY_SAME_FAMILY_STACKING,DISTINCT_SETUP_SUPPRESSION
MSZZC1|6:XAUUSD|1:5|2:-1|1:4|18:ASIA_HIGH|20250711,ASIA_HIGH|20250711,SSRP|ASIA_HIGH|20250711|1752222600|FINAL,SSRP|ASIA_HIGH|20250711|1752237300|FINAL,2025.07.11 08:40:00,2025.07.11 12:40:00,240,2025.07.11 09:19:58,true,false,false,DISTINCT_TIMESTAMPED_REARM_EVENT,D032_REJECTED_BY_SAME_FAMILY_STACKING,DISTINCT_SETUP_SUPPRESSION
MSZZC1|6:XAUUSD|1:5|2:-1|1:4|18:ASIA_HIGH|20250714,ASIA_HIGH|20250714,SSRP|ASIA_HIGH|20250714|1752488700|FINAL,SSRP|ASIA_HIGH|20250714|1752489000|FINAL,2025.07.14 10:30:00,2025.07.14 10:35:00,5,2025.07.14 10:54:57,false,true,false,DISTINCT_TIMESTAMPED_REARM_EVENT,D032_ACCEPTED_DISTINCT_TRADE,DISTINCT_SETUP_SUPPRESSION
MSZZC1|6:XAUUSD|1:5|2:-1|1:4|18:ASIA_HIGH|20250714,ASIA_HIGH|20250714,SSRP|ASIA_HIGH|20250714|1752488700|FINAL,SSRP|ASIA_HIGH|20250714|1752498300|FINAL,2025.07.14 10:30:00,2025.07.14 13:15:00,165,2025.07.14 10:54:57,true,true,false,DISTINCT_TIMESTAMPED_REARM_EVENT,D032_ACCEPTED_DISTINCT_TRADE,DISTINCT_SETUP_SUPPRESSION
MSZZC1|6:XAUUSD|1:5|1:1|1:4|17:ASIA_LOW|20250714,ASIA_LOW|20250714,SSRP|ASIA_LOW|20250714|1752509100|FINAL,SSRP|ASIA_LOW|20250714|1752512400|FINAL,2025.07.14 16:25:00,2025.07.14 17:05:00,40,2025.07.14 17:24:57,false,false,false,DISTINCT_TIMESTAMPED_REARM_EVENT,D032_REJECTED_BY_SAME_FAMILY_STACKING,DISTINCT_SETUP_SUPPRESSION
MSZZC1|6:XAUUSD|1:5|2:-1|1:4|18:ASIA_HIGH|20250715,ASIA_HIGH|20250715,SSRP|ASIA_HIGH|20250715|1752569700|FINAL,SSRP|ASIA_HIGH|20250715|1752570600|FINAL,2025.07.15 09:00:00,2025.07.15 09:15:00,15,2025.07.15 09:14:58,true,true,false,DISTINCT_TIMESTAMPED_REARM_EVENT,D032_ACCEPTED_DISTINCT_TRADE,DISTINCT_SETUP_SUPPRESSION
MSZZC1|6:XAUUSD|1:5|2:-1|1:4|18:ASIA_HIGH|20250715,ASIA_HIGH|20250715,SSRP|ASIA_HIGH|20250715|1752569700|FINAL,SSRP|ASIA_HIGH|20250715|1752570900|FINAL,2025.07.15 09:00:00,2025.07.15 09:20:00,20,2025.07.15 09:14:58,true,false,false,DISTINCT_TIMESTAMPED_REARM_EVENT,D032_REJECTED_BY_SAME_FAMILY_STACKING,DISTINCT_SETUP_SUPPRESSION
MSZZC1|6:XAUUSD|1:5|2:-1|1:4|18:ASIA_HIGH|20250715,ASIA_HIGH|20250715,SSRP|ASIA_HIGH|20250715|1752569700|FINAL,SSRP|ASIA_HIGH|20250715|1752572100|FINAL,2025.07.15 09:00:00,2025.07.15 09:50:00,50,2025.07.15 09:14:58,true,false,false,DISTINCT_TIMESTAMPED_REARM_EVENT,D032_REJECTED_BY_SAME_FAMILY_STACKING,DISTINCT_SETUP_SUPPRESSION
MSZZC1|6:XAUUSD|1:5|2:-1|1:4|18:ASIA_HIGH|20250715,ASIA_HIGH|20250715,SSRP|ASIA_HIGH|20250715|1752569700|FINAL,SSRP|ASIA_HIGH|20250715|1752573000|FINAL,2025.07.15 09:00:00,2025.07.15 09:55:00,55,2025.07.15 09:14:58,true,false,false,DISTINCT_TIMESTAMPED_REARM_EVENT,D032_REJECTED_BY_SAME_FAMILY_STACKING,DISTINCT_SETUP_SUPPRESSION
MSZZC1|6:XAUUSD|1:5|2:-1|1:4|18:ASIA_HIGH|20250715,ASIA_HIGH|20250715,SSRP|ASIA_HIGH|20250715|1752569700|FINAL,SSRP|ASIA_HIGH|20250715|1752577800|FINAL,2025.07.15 09:00:00,2025.07.15 11:15:00,135,2025.07.15 09:14:58,true,true,false,DISTINCT_TIMESTAMPED_REARM_EVENT,D032_ACCEPTED_DISTINCT_TRADE,DISTINCT_SETUP_SUPPRESSION
MSZZC1|6:XAUUSD|1:5|2:-1|1:4|18:ASIA_HIGH|20250715,ASIA_HIGH|20250715,SSRP|ASIA_HIGH|20250715|1752569700|FINAL,SSRP|ASIA_HIGH|20250715|1752578100|FINAL,2025.07.15 09:00:00,2025.07.15 11:20:00,140,2025.07.15 09:14:58,true,false,false,DISTINCT_TIMESTAMPED_REARM_EVENT,D032_REJECTED_BY_SAME_FAMILY_STACKING,DISTINCT_SETUP_SUPPRESSION
MSZZC1|6:XAUUSD|1:5|2:-1|1:4|18:ASIA_HIGH|20250715,ASIA_HIGH|20250715,SSRP|ASIA_HIGH|20250715|1752569700|FINAL,SSRP|ASIA_HIGH|20250715|1752580200|FINAL,2025.07.15 09:00:00,2025.07.15 11:55:00,175,2025.07.15 09:14:58,true,false,false,DISTINCT_TIMESTAMPED_REARM_EVENT,D032_REJECTED_BY_SAME_FAMILY_STACKING,DISTINCT_SETUP_SUPPRESSION
MSZZC1|6:XAUUSD|1:5|2:-1|1:4|18:ASIA_HIGH|20250715,ASIA_HIGH|20250715,SSRP|ASIA_HIGH|20250715|1752569700|FINAL,SSRP|ASIA_HIGH|20250715|1752581400|FINAL,2025.07.15 09:00:00,2025.07.15 12:15:00,195,2025.07.15 09:14:58,true,false,false,DISTINCT_TIMESTAMPED_REARM_EVENT,D032_REJECTED_BY_SAME_FAMILY_STACKING,DISTINCT_SETUP_SUPPRESSION
MSZZC1|6:XAUUSD|1:5|2:-1|1:4|18:ASIA_HIGH|20250715,ASIA_HIGH|20250715,SSRP|ASIA_HIGH|20250715|1752569700|FINAL,SSRP|ASIA_HIGH|20250715|1752581700|FINAL,2025.07.15 09:00:00,2025.07.15 12:30:00,210,2025.07.15 09:14:58,true,false,false,DISTINCT_TIMESTAMPED_REARM_EVENT,D032_REJECTED_BY_SAME_FAMILY_STACKING,DISTINCT_SETUP_SUPPRESSION
MSZZC1|6:XAUUSD|1:5|2:-1|1:4|18:ASIA_HIGH|20250715,ASIA_HIGH|20250715,SSRP|ASIA_HIGH|20250715|1752569700|FINAL,SSRP|ASIA_HIGH|20250715|1752587100|FINAL,2025.07.15 09:00:00,2025.07.15 13:55:00,295,2025.07.15 09:14:58,true,true,false,DISTINCT_TIMESTAMPED_REARM_EVENT,D032_ACCEPTED_DISTINCT_TRADE,DISTINCT_SETUP_SUPPRESSION
MSZZC1|6:XAUUSD|1:5|2:-1|1:4|18:ASIA_HIGH|20250715,ASIA_HIGH|20250715,SSRP|ASIA_HIGH|20250715|1752569700|FINAL,SSRP|ASIA_HIGH|20250715|1752587700|FINAL,2025.07.15 09:00:00,2025.07.15 14:00:00,300,2025.07.15 09:14:58,true,false,false,DISTINCT_TIMESTAMPED_REARM_EVENT,D032_REJECTED_BY_SAME_FAMILY_STACKING,DISTINCT_SETUP_SUPPRESSION
MSZZC1|6:XAUUSD|1:5|2:-1|1:4|18:ASIA_HIGH|20250715,ASIA_HIGH|20250715,SSRP|ASIA_HIGH|20250715|1752569700|FINAL,SSRP|ASIA_HIGH|20250715|1752588000|FINAL,2025.07.15 09:00:00,2025.07.15 14:05:00,305,2025.07.15 09:14:58,true,false,false,DISTINCT_TIMESTAMPED_REARM_EVENT,D032_REJECTED_BY_SAME_FAMILY_STACKING,DISTINCT_SETUP_SUPPRESSION
MSZZC1|6:XAUUSD|1:5|1:1|1:4|17:ASIA_LOW|20250715,ASIA_LOW|20250715,SSRP|ASIA_LOW|20250715|1752597600|FINAL,SSRP|ASIA_LOW|20250715|1752598200|FINAL,2025.07.15 16:50:00,2025.07.15 16:55:00,5,2025.07.15 18:29:58,false,false,false,DISTINCT_TIMESTAMPED_REARM_EVENT,D032_REJECTED_BY_SAME_FAMILY_STACKING,DISTINCT_SETUP_SUPPRESSION
MSZZC1|6:XAUUSD|1:5|2:-1|1:4|18:ASIA_HIGH|20250716,ASIA_HIGH|20250716,SSRP|ASIA_HIGH|20250716|1752654300|FINAL,SSRP|ASIA_HIGH|20250716|1752654900|FINAL,2025.07.16 08:35:00,2025.07.16 08:40:00,5,2025.07.16 09:09:58,false,false,false,DISTINCT_TIMESTAMPED_REARM_EVENT,D032_REJECTED_BY_SAME_FAMILY_STACKING,DISTINCT_SETUP_SUPPRESSION
MSZZC1|6:XAUUSD|1:5|2:-1|1:4|18:ASIA_HIGH|20250716,ASIA_HIGH|20250716,SSRP|ASIA_HIGH|20250716|1752654300|FINAL,SSRP|ASIA_HIGH|20250716|1752655800|FINAL,2025.07.16 08:35:00,2025.07.16 08:55:00,20,2025.07.16 09:09:58,false,false,false,DISTINCT_TIMESTAMPED_REARM_EVENT,D032_REJECTED_BY_SAME_FAMILY_STACKING,DISTINCT_SETUP_SUPPRESSION
MSZZC1|6:XAUUSD|1:5|2:-1|1:4|18:ASIA_HIGH|20250716,ASIA_HIGH|20250716,SSRP|ASIA_HIGH|20250716|1752654300|FINAL,SSRP|ASIA_HIGH|20250716|1752658800|FINAL,2025.07.16 08:35:00,2025.07.16 10:00:00,85,2025.07.16 09:09:58,true,true,false,DISTINCT_TIMESTAMPED_REARM_EVENT,D032_ACCEPTED_DISTINCT_TRADE,DISTINCT_SETUP_SUPPRESSION
MSZZC1|6:XAUUSD|1:5|2:-1|1:4|18:ASIA_HIGH|20250716,ASIA_HIGH|20250716,SSRP|ASIA_HIGH|20250716|1752654300|FINAL,SSRP|ASIA_HIGH|20250716|1752660000|FINAL,2025.07.16 08:35:00,2025.07.16 10:05:00,90,2025.07.16 09:09:58,true,false,false,DISTINCT_TIMESTAMPED_REARM_EVENT,D032_REJECTED_BY_SAME_FAMILY_STACKING,DISTINCT_SETUP_SUPPRESSION
MSZZC1|6:XAUUSD|1:5|2:-1|1:4|18:ASIA_HIGH|20250716,ASIA_HIGH|20250716,SSRP|ASIA_HIGH|20250716|1752654300|FINAL,SSRP|ASIA_HIGH|20250716|1752660300|FINAL,2025.07.16 08:35:00,2025.07.16 10:10:00,95,2025.07.16 09:09:58,true,false,false,DISTINCT_TIMESTAMPED_REARM_EVENT,D032_REJECTED_BY_SAME_FAMILY_STACKING,DISTINCT_SETUP_SUPPRESSION
MSZZC1|6:XAUUSD|1:5|2:-1|1:4|18:ASIA_HIGH|20250716,ASIA_HIGH|20250716,SSRP|ASIA_HIGH|20250716|1752654300|FINAL,SSRP|ASIA_HIGH|20250716|1752661200|FINAL,2025.07.16 08:35:00,2025.07.16 10:25:00,110,2025.07.16 09:09:58,true,false,false,DISTINCT_TIMESTAMPED_REARM_EVENT,D032_REJECTED_BY_SAME_FAMILY_STACKING,DISTINCT_SETUP_SUPPRESSION
MSZZC1|6:XAUUSD|1:5|2:-1|1:4|18:ASIA_HIGH|20250716,ASIA_HIGH|20250716,SSRP|ASIA_HIGH|20250716|1752654300|FINAL,SSRP|ASIA_HIGH|20250716|1752661500|FINAL,2025.07.16 08:35:00,2025.07.16 10:30:00,115,2025.07.16 09:09:58,true,false,false,DISTINCT_TIMESTAMPED_REARM_EVENT,D032_REJECTED_BY_SAME_FAMILY_STACKING,DISTINCT_SETUP_SUPPRESSION
MSZZC1|6:XAUUSD|1:5|2:-1|1:4|18:ASIA_HIGH|20250716,ASIA_HIGH|20250716,SSRP|ASIA_HIGH|20250716|1752654300|FINAL,SSRP|ASIA_HIGH|20250716|1752661800|FINAL,2025.07.16 08:35:00,2025.07.16 10:35:00,120,2025.07.16 09:09:58,true,false,false,DISTINCT_TIMESTAMPED_REARM_EVENT,D032_REJECTED_BY_SAME_FAMILY_STACKING,DISTINCT_SETUP_SUPPRESSION
MSZZC1|6:XAUUSD|1:5|2:-1|1:4|18:ASIA_HIGH|20250716,ASIA_HIGH|20250716,SSRP|ASIA_HIGH|20250716|1752654300|FINAL,SSRP|ASIA_HIGH|20250716|1752670800|FINAL,2025.07.16 08:35:00,2025.07.16 13:10:00,275,2025.07.16 09:09:58,true,true,false,DISTINCT_TIMESTAMPED_REARM_EVENT,D032_ACCEPTED_DISTINCT_TRADE,DISTINCT_SETUP_SUPPRESSION
MSZZC1|6:XAUUSD|1:5|2:-1|1:4|18:ASIA_HIGH|20250716,ASIA_HIGH|20250716,SSRP|ASIA_HIGH|20250716|1752654300|FINAL,SSRP|ASIA_HIGH|20250716|1752671400|FINAL,2025.07.16 08:35:00,2025.07.16 13:15:00,280,2025.07.16 09:09:58,true,false,false,DISTINCT_TIMESTAMPED_REARM_EVENT,D032_REJECTED_BY_SAME_FAMILY_STACKING,DISTINCT_SETUP_SUPPRESSION
MSZZC1|6:XAUUSD|1:5|2:-1|1:4|18:ASIA_HIGH|20250716,ASIA_HIGH|20250716,SSRP|ASIA_HIGH|20250716|1752654300|FINAL,SSRP|ASIA_HIGH|20250716|1752672300|FINAL,2025.07.16 08:35:00,2025.07.16 13:40:00,305,2025.07.16 09:09:58,true,false,false,DISTINCT_TIMESTAMPED_REARM_EVENT,D032_REJECTED_BY_SAME_FAMILY_STACKING,DISTINCT_SETUP_SUPPRESSION
MSZZC1|6:XAUUSD|1:5|2:-1|1:4|18:ASIA_HIGH|20250716,ASIA_HIGH|20250716,SSRP|ASIA_HIGH|20250716|1752654300|FINAL,SSRP|ASIA_HIGH|20250716|1752673200|FINAL,2025.07.16 08:35:00,2025.07.16 13:45:00,310,2025.07.16 09:09:58,true,false,false,DISTINCT_TIMESTAMPED_REARM_EVENT,D032_REJECTED_BY_SAME_FAMILY_STACKING,DISTINCT_SETUP_SUPPRESSION
MSZZC1|6:XAUUSD|1:5|2:-1|1:4|18:ASIA_HIGH|20250716,ASIA_HIGH|20250716,SSRP|ASIA_HIGH|20250716|1752654300|FINAL,SSRP|ASIA_HIGH|20250716|1752677400|FINAL,2025.07.16 08:35:00,2025.07.16 15:00:00,385,2025.07.16 09:09:58,true,true,false,DISTINCT_TIMESTAMPED_REARM_EVENT,D032_ACCEPTED_DISTINCT_TRADE,DISTINCT_SETUP_SUPPRESSION
MSZZC1|6:XAUUSD|1:5|2:-1|1:4|18:ASIA_HIGH|20250716,ASIA_HIGH|20250716,SSRP|ASIA_HIGH|20250716|1752654300|FINAL,SSRP|ASIA_HIGH|20250716|1752678000|FINAL,2025.07.16 08:35:00,2025.07.16 15:10:00,395,2025.07.16 09:09:58,true,true,false,DISTINCT_TIMESTAMPED_REARM_EVENT,D032_ACCEPTED_DISTINCT_TRADE,DISTINCT_SETUP_SUPPRESSION
MSZZC1|6:XAUUSD|1:5|2:-1|1:4|18:ASIA_HIGH|20250716,ASIA_HIGH|20250716,SSRP|ASIA_HIGH|20250716|1752654300|FINAL,SSRP|ASIA_HIGH|20250716|1752678600|FINAL,2025.07.16 08:35:00,2025.07.16 15:15:00,400,2025.07.16 09:09:58,true,false,false,DISTINCT_TIMESTAMPED_REARM_EVENT,D032_REJECTED_BY_SAME_FAMILY_STACKING,DISTINCT_SETUP_SUPPRESSION
MSZZC1|6:XAUUSD|1:5|2:-1|1:4|18:ASIA_HIGH|20250716,ASIA_HIGH|20250716,SSRP|ASIA_HIGH|20250716|1752654300|FINAL,SSRP|ASIA_HIGH|20250716|1752682500|FINAL,2025.07.16 08:35:00,2025.07.16 16:25:00,470,2025.07.16 09:09:58,true,true,false,DISTINCT_TIMESTAMPED_REARM_EVENT,D032_ACCEPTED_DISTINCT_TRADE,DISTINCT_SETUP_SUPPRESSION
MSZZC1|6:XAUUSD|1:5|1:1|1:4|17:ASIA_LOW|20250716,ASIA_LOW|20250716,SSRP|ASIA_LOW|20250716|1752684600|FINAL,SSRP|ASIA_LOW|20250716|1752684900|FINAL,2025.07.16 16:55:00,2025.07.16 17:00:00,5,2025.07.16 17:19:58,false,false,false,DISTINCT_TIMESTAMPED_REARM_EVENT,D032_REJECTED_BY_SAME_FAMILY_STACKING,DISTINCT_SETUP_SUPPRESSION
MSZZC1|6:XAUUSD|1:5|1:1|1:4|17:ASIA_LOW|20250716,ASIA_LOW|20250716,SSRP|ASIA_LOW|20250716|1752684600|FINAL,SSRP|ASIA_LOW|20250716|1752686100|FINAL,2025.07.16 16:55:00,2025.07.16 17:20:00,25,2025.07.16 17:19:58,true,true,false,DISTINCT_TIMESTAMPED_REARM_EVENT,D032_ACCEPTED_DISTINCT_TRADE,DISTINCT_SETUP_SUPPRESSION
MSZZC1|6:XAUUSD|1:5|1:1|1:4|17:ASIA_LOW|20250716,ASIA_LOW|20250716,SSRP|ASIA_LOW|20250716|1752684600|FINAL,SSRP|ASIA_LOW|20250716|1752687000|FINAL,2025.07.16 16:55:00,2025.07.16 17:35:00,40,2025.07.16 17:19:58,true,true,false,DISTINCT_TIMESTAMPED_REARM_EVENT,D032_ACCEPTED_DISTINCT_TRADE,DISTINCT_SETUP_SUPPRESSION
MSZZC1|6:XAUUSD|1:5|1:1|1:4|17:ASIA_LOW|20250716,ASIA_LOW|20250716,SSRP|ASIA_LOW|20250716|1752684600|FINAL,SSRP|ASIA_LOW|20250716|1752687300|FINAL,2025.07.16 16:55:00,2025.07.16 17:40:00,45,2025.07.16 17:19:58,true,false,false,DISTINCT_TIMESTAMPED_REARM_EVENT,D032_REJECTED_BY_SAME_FAMILY_STACKING,DISTINCT_SETUP_SUPPRESSION
MSZZC1|6:XAUUSD|1:5|1:1|1:4|17:ASIA_LOW|20250716,ASIA_LOW|20250716,SSRP|ASIA_LOW|20250716|1752684600|FINAL,SSRP|ASIA_LOW|20250716|1752687600|FINAL,2025.07.16 16:55:00,2025.07.16 17:45:00,50,2025.07.16 17:19:58,true,false,false,DISTINCT_TIMESTAMPED_REARM_EVENT,D032_REJECTED_BY_SAME_FAMILY_STACKING,DISTINCT_SETUP_SUPPRESSION
MSZZC1|6:XAUUSD|1:5|1:1|1:4|17:ASIA_LOW|20250717,ASIA_LOW|20250717,SSRP|ASIA_LOW|20250717|1752776100|FINAL,SSRP|ASIA_LOW|20250717|1752776700|FINAL,2025.07.17 18:25:00,2025.07.17 18:30:00,5,2025.07.18 10:44:57,false,false,false,DISTINCT_TIMESTAMPED_REARM_EVENT,D032_REJECTED_BY_SAME_FAMILY_STACKING,DISTINCT_SETUP_SUPPRESSION
MSZZC1|6:XAUUSD|1:5|1:1|1:4|17:ASIA_LOW|20250717,ASIA_LOW|20250717,SSRP|ASIA_LOW|20250717|1752776100|FINAL,SSRP|ASIA_LOW|20250717|1752777000|FINAL,2025.07.17 18:25:00,2025.07.17 18:35:00,10,2025.07.18 10:44:57,false,false,false,DISTINCT_TIMESTAMPED_REARM_EVENT,D032_REJECTED_BY_SAME_FAMILY_STACKING,DISTINCT_SETUP_SUPPRESSION
MSZZC1|6:XAUUSD|1:5|1:1|1:4|17:ASIA_LOW|20250717,ASIA_LOW|20250717,SSRP|ASIA_LOW|20250717|1752776100|FINAL,SSRP|ASIA_LOW|20250717|1752777300|FINAL,2025.07.17 18:25:00,2025.07.17 18:40:00,15,2025.07.18 10:44:57,false,false,false,DISTINCT_TIMESTAMPED_REARM_EVENT,D032_REJECTED_BY_SAME_FAMILY_STACKING,DISTINCT_SETUP_SUPPRESSION
MSZZC1|6:XAUUSD|1:5|1:1|1:4|17:ASIA_LOW|20250717,ASIA_LOW|20250717,SSRP|ASIA_LOW|20250717|1752776100|FINAL,SSRP|ASIA_LOW|20250717|1752779100|FINAL,2025.07.17 18:25:00,2025.07.17 19:10:00,45,2025.07.18 10:44:57,false,false,false,DISTINCT_TIMESTAMPED_REARM_EVENT,D032_REJECTED_BY_SAME_FAMILY_STACKING,DISTINCT_SETUP_SUPPRESSION
MSZZC1|6:XAUUSD|1:5|1:1|1:4|17:ASIA_LOW|20250717,ASIA_LOW|20250717,SSRP|ASIA_LOW|20250717|1752776100|FINAL,SSRP|ASIA_LOW|20250717|1752779700|FINAL,2025.07.17 18:25:00,2025.07.17 19:20:00,55,2025.07.18 10:44:57,false,false,false,DISTINCT_TIMESTAMPED_REARM_EVENT,D032_REJECTED_BY_SAME_FAMILY_STACKING,DISTINCT_SETUP_SUPPRESSION
MSZZC1|6:XAUUSD|1:5|1:1|1:4|17:ASIA_LOW|20250717,ASIA_LOW|20250717,SSRP|ASIA_LOW|20250717|1752776100|FINAL,SSRP|ASIA_LOW|20250717|1752786000|FINAL,2025.07.17 18:25:00,2025.07.17 21:05:00,160,2025.07.18 10:44:57,false,false,false,DISTINCT_TIMESTAMPED_REARM_EVENT,D032_REJECTED_BY_SAME_FAMILY_STACKING,DISTINCT_SETUP_SUPPRESSION
MSZZC1|6:XAUUSD|1:5|1:1|1:4|17:ASIA_LOW|20250717,ASIA_LOW|20250717,SSRP|ASIA_LOW|20250717|1752776100|FINAL,SSRP|ASIA_LOW|20250717|1752787200|FINAL,2025.07.17 18:25:00,2025.07.17 21:25:00,180,2025.07.18 10:44:57,false,false,false,DISTINCT_TIMESTAMPED_REARM_EVENT,D032_REJECTED_BY_SAME_FAMILY_STACKING,DISTINCT_SETUP_SUPPRESSION
MSZZC1|6:XAUUSD|1:5|1:1|1:4|17:ASIA_LOW|20250722,ASIA_LOW|20250722,SSRP|ASIA_LOW|20250722|1753174500|FINAL,SSRP|ASIA_LOW|20250722|1753174800|FINAL,2025.07.22 09:00:00,2025.07.22 09:05:00,5,2025.07.22 09:59:57,false,false,false,DISTINCT_TIMESTAMPED_REARM_EVENT,D032_REJECTED_BY_SAME_FAMILY_STACKING,DISTINCT_SETUP_SUPPRESSION
MSZZC1|6:XAUUSD|1:5|1:1|1:4|17:ASIA_LOW|20250722,ASIA_LOW|20250722,SSRP|ASIA_LOW|20250722|1753174500|FINAL,SSRP|ASIA_LOW|20250722|1753176300|FINAL,2025.07.22 09:00:00,2025.07.22 09:30:00,30,2025.07.22 09:59:57,false,false,false,DISTINCT_TIMESTAMPED_REARM_EVENT,D032_REJECTED_BY_SAME_FAMILY_STACKING,DISTINCT_SETUP_SUPPRESSION
MSZZC1|6:XAUUSD|1:5|1:1|1:4|17:ASIA_LOW|20250722,ASIA_LOW|20250722,SSRP|ASIA_LOW|20250722|1753174500|FINAL,SSRP|ASIA_LOW|20250722|1753176600|FINAL,2025.07.22 09:00:00,2025.07.22 09:45:00,45,2025.07.22 09:59:57,false,false,false,DISTINCT_TIMESTAMPED_REARM_EVENT,D032_REJECTED_BY_SAME_FAMILY_STACKING,DISTINCT_SETUP_SUPPRESSION
MSZZC1|6:XAUUSD|1:5|1:1|1:4|17:ASIA_LOW|20250722,ASIA_LOW|20250722,SSRP|ASIA_LOW|20250722|1753174500|FINAL,SSRP|ASIA_LOW|20250722|1753177500|FINAL,2025.07.22 09:00:00,2025.07.22 10:00:00,60,2025.07.22 09:59:57,true,true,false,DISTINCT_TIMESTAMPED_REARM_EVENT,D032_ACCEPTED_DISTINCT_TRADE,DISTINCT_SETUP_SUPPRESSION
MSZZC1|6:XAUUSD|1:5|1:1|1:4|17:ASIA_LOW|20250722,ASIA_LOW|20250722,SSRP|ASIA_LOW|20250722|1753174500|FINAL,SSRP|ASIA_LOW|20250722|1753179900|FINAL,2025.07.22 09:00:00,2025.07.22 10:30:00,90,2025.07.22 09:59:57,true,true,false,DISTINCT_TIMESTAMPED_REARM_EVENT,D032_ACCEPTED_DISTINCT_TRADE,DISTINCT_SETUP_SUPPRESSION
MSZZC1|6:XAUUSD|1:5|1:1|1:4|17:ASIA_LOW|20250722,ASIA_LOW|20250722,SSRP|ASIA_LOW|20250722|1753174500|FINAL,SSRP|ASIA_LOW|20250722|1753180200|FINAL,2025.07.22 09:00:00,2025.07.22 10:35:00,95,2025.07.22 09:59:57,true,false,false,DISTINCT_TIMESTAMPED_REARM_EVENT,D032_REJECTED_BY_SAME_FAMILY_STACKING,DISTINCT_SETUP_SUPPRESSION
MSZZC1|6:XAUUSD|1:5|1:1|1:4|17:ASIA_LOW|20250722,ASIA_LOW|20250722,SSRP|ASIA_LOW|20250722|1753174500|FINAL,SSRP|ASIA_LOW|20250722|1753180800|FINAL,2025.07.22 09:00:00,2025.07.22 10:45:00,105,2025.07.22 09:59:57,true,false,false,DISTINCT_TIMESTAMPED_REARM_EVENT,D032_REJECTED_BY_SAME_FAMILY_STACKING,DISTINCT_SETUP_SUPPRESSION
MSZZC1|6:XAUUSD|1:5|1:1|1:4|17:ASIA_LOW|20250722,ASIA_LOW|20250722,SSRP|ASIA_LOW|20250722|1753174500|FINAL,SSRP|ASIA_LOW|20250722|1753181400|FINAL,2025.07.22 09:00:00,2025.07.22 10:55:00,115,2025.07.22 09:59:57,true,false,false,DISTINCT_TIMESTAMPED_REARM_EVENT,D032_REJECTED_BY_SAME_FAMILY_STACKING,DISTINCT_SETUP_SUPPRESSION
MSZZC1|6:XAUUSD|1:5|1:1|1:4|17:ASIA_LOW|20250722,ASIA_LOW|20250722,SSRP|ASIA_LOW|20250722|1753174500|FINAL,SSRP|ASIA_LOW|20250722|1753187100|FINAL,2025.07.22 09:00:00,2025.07.22 12:30:00,210,2025.07.22 09:59:57,true,true,false,DISTINCT_TIMESTAMPED_REARM_EVENT,D032_ACCEPTED_DISTINCT_TRADE,DISTINCT_SETUP_SUPPRESSION
MSZZC1|6:XAUUSD|1:5|1:1|1:4|17:ASIA_LOW|20250722,ASIA_LOW|20250722,SSRP|ASIA_LOW|20250722|1753174500|FINAL,SSRP|ASIA_LOW|20250722|1753187700|FINAL,2025.07.22 09:00:00,2025.07.22 12:40:00,220,2025.07.22 09:59:57,true,true,false,DISTINCT_TIMESTAMPED_REARM_EVENT,D032_ACCEPTED_DISTINCT_TRADE,DISTINCT_SETUP_SUPPRESSION
MSZZC1|6:XAUUSD|1:5|1:1|1:4|17:ASIA_LOW|20250723,ASIA_LOW|20250723,SSRP|ASIA_LOW|20250723|1753260000|FINAL,SSRP|ASIA_LOW|20250723|1753260600|FINAL,2025.07.23 08:50:00,2025.07.23 08:55:00,5,2025.07.23 10:04:58,false,false,false,DISTINCT_TIMESTAMPED_REARM_EVENT,D032_REJECTED_BY_SAME_FAMILY_STACKING,DISTINCT_SETUP_SUPPRESSION
MSZZC1|6:XAUUSD|1:5|1:1|1:4|17:ASIA_LOW|20250724,ASIA_LOW|20250724,SSRP|ASIA_LOW|20250724|1753348500|FINAL,SSRP|ASIA_LOW|20250724|1753349100|FINAL,2025.07.24 09:20:00,2025.07.24 09:30:00,10,2025.07.24 09:29:58,true,true,false,DISTINCT_TIMESTAMPED_REARM_EVENT,D032_ACCEPTED_DISTINCT_TRADE,DISTINCT_SETUP_SUPPRESSION
MSZZC1|6:XAUUSD|1:5|1:1|1:4|17:ASIA_LOW|20250724,ASIA_LOW|20250724,SSRP|ASIA_LOW|20250724|1753348500|FINAL,SSRP|ASIA_LOW|20250724|1753349400|FINAL,2025.07.24 09:20:00,2025.07.24 09:35:00,15,2025.07.24 09:29:58,true,false,false,DISTINCT_TIMESTAMPED_REARM_EVENT,D032_REJECTED_BY_SAME_FAMILY_STACKING,DISTINCT_SETUP_SUPPRESSION
MSZZC1|6:XAUUSD|1:5|1:1|1:4|17:ASIA_LOW|20250724,ASIA_LOW|20250724,SSRP|ASIA_LOW|20250724|1753348500|FINAL,SSRP|ASIA_LOW|20250724|1753349700|FINAL,2025.07.24 09:20:00,2025.07.24 09:40:00,20,2025.07.24 09:29:58,true,false,false,DISTINCT_TIMESTAMPED_REARM_EVENT,D032_REJECTED_BY_SAME_FAMILY_STACKING,DISTINCT_SETUP_SUPPRESSION
MSZZC1|6:XAUUSD|1:5|1:1|1:4|17:ASIA_LOW|20250724,ASIA_LOW|20250724,SSRP|ASIA_LOW|20250724|1753348500|FINAL,SSRP|ASIA_LOW|20250724|1753350300|FINAL,2025.07.24 09:20:00,2025.07.24 09:50:00,30,2025.07.24 09:29:58,true,false,false,DISTINCT_TIMESTAMPED_REARM_EVENT,D032_REJECTED_BY_SAME_FAMILY_STACKING,DISTINCT_SETUP_SUPPRESSION
MSZZC1|6:XAUUSD|1:5|1:1|1:4|17:ASIA_LOW|20250724,ASIA_LOW|20250724,SSRP|ASIA_LOW|20250724|1753348500|FINAL,SSRP|ASIA_LOW|20250724|1753350600|FINAL,2025.07.24 09:20:00,2025.07.24 09:55:00,35,2025.07.24 09:29:58,true,false,false,DISTINCT_TIMESTAMPED_REARM_EVENT,D032_REJECTED_BY_SAME_FAMILY_STACKING,DISTINCT_SETUP_SUPPRESSION
MSZZC1|6:XAUUSD|1:5|1:1|1:4|17:ASIA_LOW|20250724,ASIA_LOW|20250724,SSRP|ASIA_LOW|20250724|1753348500|FINAL,SSRP|ASIA_LOW|20250724|1753351500|FINAL,2025.07.24 09:20:00,2025.07.24 10:10:00,50,2025.07.24 09:29:58,true,false,false,DISTINCT_TIMESTAMPED_REARM_EVENT,D032_REJECTED_BY_SAME_FAMILY_STACKING,DISTINCT_SETUP_SUPPRESSION
MSZZC1|6:XAUUSD|1:5|1:1|1:4|17:ASIA_LOW|20250724,ASIA_LOW|20250724,SSRP|ASIA_LOW|20250724|1753348500|FINAL,SSRP|ASIA_LOW|20250724|1753351800|FINAL,2025.07.24 09:20:00,2025.07.24 10:15:00,55,2025.07.24 09:29:58,true,false,false,DISTINCT_TIMESTAMPED_REARM_EVENT,D032_REJECTED_BY_SAME_FAMILY_STACKING,DISTINCT_SETUP_SUPPRESSION
MSZZC1|6:XAUUSD|1:5|1:1|1:4|17:ASIA_LOW|20250724,ASIA_LOW|20250724,SSRP|ASIA_LOW|20250724|1753348500|FINAL,SSRP|ASIA_LOW|20250724|1753377600|FINAL,2025.07.24 09:20:00,2025.07.24 17:35:00,495,2025.07.24 09:29:58,true,true,false,DISTINCT_TIMESTAMPED_REARM_EVENT,D032_ACCEPTED_DISTINCT_TRADE,DISTINCT_SETUP_SUPPRESSION
MSZZC1|6:XAUUSD|1:5|1:1|1:4|17:ASIA_LOW|20250724,ASIA_LOW|20250724,SSRP|ASIA_LOW|20250724|1753348500|FINAL,SSRP|ASIA_LOW|20250724|1753378500|FINAL,2025.07.24 09:20:00,2025.07.24 17:40:00,500,2025.07.24 09:29:58,true,false,false,DISTINCT_TIMESTAMPED_REARM_EVENT,D032_REJECTED_BY_SAME_FAMILY_STACKING,DISTINCT_SETUP_SUPPRESSION
MSZZC1|6:XAUUSD|1:5|1:1|1:4|17:ASIA_LOW|20250725,ASIA_LOW|20250725,SSRP|ASIA_LOW|20250725|1753433400|FINAL,SSRP|ASIA_LOW|20250725|1753433700|FINAL,2025.07.25 08:55:00,2025.07.25 09:00:00,5,2025.07.25 09:14:57,false,false,false,DISTINCT_TIMESTAMPED_REARM_EVENT,D032_REJECTED_BY_SAME_FAMILY_STACKING,DISTINCT_SETUP_SUPPRESSION
MSZZC1|6:XAUUSD|1:5|1:1|1:4|17:ASIA_LOW|20250725,ASIA_LOW|20250725,SSRP|ASIA_LOW|20250725|1753433400|FINAL,SSRP|ASIA_LOW|20250725|1753435800|FINAL,2025.07.25 08:55:00,2025.07.25 09:40:00,45,2025.07.25 09:14:57,true,true,false,DISTINCT_TIMESTAMPED_REARM_EVENT,D032_ACCEPTED_DISTINCT_TRADE,DISTINCT_SETUP_SUPPRESSION
MSZZC1|6:XAUUSD|1:5|1:1|1:4|17:ASIA_LOW|20250725,ASIA_LOW|20250725,SSRP|ASIA_LOW|20250725|1753433400|FINAL,SSRP|ASIA_LOW|20250725|1753436400|FINAL,2025.07.25 08:55:00,2025.07.25 09:50:00,55,2025.07.25 09:14:57,true,false,false,DISTINCT_TIMESTAMPED_REARM_EVENT,D032_REJECTED_BY_SAME_FAMILY_STACKING,DISTINCT_SETUP_SUPPRESSION
MSZZC1|6:XAUUSD|1:5|1:1|1:4|17:ASIA_LOW|20250725,ASIA_LOW|20250725,SSRP|ASIA_LOW|20250725|1753433400|FINAL,SSRP|ASIA_LOW|20250725|1753437000|FINAL,2025.07.25 08:55:00,2025.07.25 09:55:00,60,2025.07.25 09:14:57,true,false,false,DISTINCT_TIMESTAMPED_REARM_EVENT,D032_REJECTED_BY_SAME_FAMILY_STACKING,DISTINCT_SETUP_SUPPRESSION
MSZZC1|6:XAUUSD|1:5|1:1|1:4|17:ASIA_LOW|20250725,ASIA_LOW|20250725,SSRP|ASIA_LOW|20250725|1753433400|FINAL,SSRP|ASIA_LOW|20250725|1753437600|FINAL,2025.07.25 08:55:00,2025.07.25 10:15:00,80,2025.07.25 09:14:57,true,false,false,DISTINCT_TIMESTAMPED_REARM_EVENT,D032_REJECTED_BY_SAME_FAMILY_STACKING,DISTINCT_SETUP_SUPPRESSION
MSZZC1|6:XAUUSD|1:5|1:1|1:4|17:ASIA_LOW|20250728,ASIA_LOW|20250728,SSRP|ASIA_LOW|20250728|1753742700|FINAL,SSRP|ASIA_LOW|20250728|1753743000|FINAL,2025.07.28 22:50:00,2025.07.28 23:00:00,10,2025.07.28 23:54:58,false,false,false,DISTINCT_TIMESTAMPED_REARM_EVENT,D032_REJECTED_BY_SAME_FAMILY_STACKING,DISTINCT_SETUP_SUPPRESSION
MSZZC1|6:XAUUSD|1:5|1:1|1:4|17:ASIA_LOW|20250728,ASIA_LOW|20250728,SSRP|ASIA_LOW|20250728|1753742700|FINAL,SSRP|ASIA_LOW|20250728|1753743600|FINAL,2025.07.28 22:50:00,2025.07.28 23:05:00,15,2025.07.28 23:54:58,false,false,false,DISTINCT_TIMESTAMPED_REARM_EVENT,D032_REJECTED_BY_SAME_FAMILY_STACKING,DISTINCT_SETUP_SUPPRESSION
MSZZC1|6:XAUUSD|1:5|1:1|1:4|17:ASIA_LOW|20250728,ASIA_LOW|20250728,SSRP|ASIA_LOW|20250728|1753742700|FINAL,SSRP|ASIA_LOW|20250728|1753745100|FINAL,2025.07.28 22:50:00,2025.07.28 23:30:00,40,2025.07.28 23:54:58,false,false,false,DISTINCT_TIMESTAMPED_REARM_EVENT,D032_REJECTED_BY_SAME_FAMILY_STACKING,DISTINCT_SETUP_SUPPRESSION
MSZZC1|6:XAUUSD|1:5|2:-1|1:4|18:ASIA_HIGH|20250729,ASIA_HIGH|20250729,SSRP|ASIA_HIGH|20250729|1753781100|FINAL,SSRP|ASIA_HIGH|20250729|1753781400|FINAL,2025.07.29 09:30:00,2025.07.29 09:35:00,5,2025.07.29 09:49:58,false,false,false,DISTINCT_TIMESTAMPED_REARM_EVENT,D032_REJECTED_BY_SAME_FAMILY_STACKING,DISTINCT_SETUP_SUPPRESSION
MSZZC1|6:XAUUSD|1:5|2:-1|1:4|18:ASIA_HIGH|20250729,ASIA_HIGH|20250729,SSRP|ASIA_HIGH|20250729|1753781100|FINAL,SSRP|ASIA_HIGH|20250729|1753782300|FINAL,2025.07.29 09:30:00,2025.07.29 09:55:00,25,2025.07.29 09:49:58,true,true,false,DISTINCT_TIMESTAMPED_REARM_EVENT,D032_ACCEPTED_DISTINCT_TRADE,DISTINCT_SETUP_SUPPRESSION
MSZZC1|6:XAUUSD|1:5|2:-1|1:4|18:ASIA_HIGH|20250729,ASIA_HIGH|20250729,SSRP|ASIA_HIGH|20250729|1753781100|FINAL,SSRP|ASIA_HIGH|20250729|1753782900|FINAL,2025.07.29 09:30:00,2025.07.29 10:00:00,30,2025.07.29 09:49:58,true,false,false,DISTINCT_TIMESTAMPED_REARM_EVENT,D032_REJECTED_BY_SAME_FAMILY_STACKING,DISTINCT_SETUP_SUPPRESSION
MSZZC1|6:XAUUSD|1:5|2:-1|1:4|18:ASIA_HIGH|20250729,ASIA_HIGH|20250729,SSRP|ASIA_HIGH|20250729|1753781100|FINAL,SSRP|ASIA_HIGH|20250729|1753797300|FINAL,2025.07.29 09:30:00,2025.07.29 14:00:00,270,2025.07.29 09:49:58,true,true,false,DISTINCT_TIMESTAMPED_REARM_EVENT,D032_ACCEPTED_DISTINCT_TRADE,DISTINCT_SETUP_SUPPRESSION
MSZZC1|6:XAUUSD|1:5|2:-1|1:4|18:ASIA_HIGH|20250729,ASIA_HIGH|20250729,SSRP|ASIA_HIGH|20250729|1753781100|FINAL,SSRP|ASIA_HIGH|20250729|1753797600|FINAL,2025.07.29 09:30:00,2025.07.29 14:05:00,275,2025.07.29 09:49:58,true,false,false,DISTINCT_TIMESTAMPED_REARM_EVENT,D032_REJECTED_BY_SAME_FAMILY_STACKING,DISTINCT_SETUP_SUPPRESSION
MSZZC1|6:XAUUSD|1:5|2:-1|1:4|18:ASIA_HIGH|20250729,ASIA_HIGH|20250729,SSRP|ASIA_HIGH|20250729|1753781100|FINAL,SSRP|ASIA_HIGH|20250729|1753798800|FINAL,2025.07.29 09:30:00,2025.07.29 14:25:00,295,2025.07.29 09:49:58,true,false,false,DISTINCT_TIMESTAMPED_REARM_EVENT,D032_REJECTED_BY_SAME_FAMILY_STACKING,DISTINCT_SETUP_SUPPRESSION
MSZZC1|6:XAUUSD|1:5|2:-1|1:4|18:ASIA_HIGH|20250729,ASIA_HIGH|20250729,SSRP|ASIA_HIGH|20250729|1753781100|FINAL,SSRP|ASIA_HIGH|20250729|1753799100|FINAL,2025.07.29 09:30:00,2025.07.29 14:30:00,300,2025.07.29 09:49:58,true,false,false,DISTINCT_TIMESTAMPED_REARM_EVENT,D032_REJECTED_BY_SAME_FAMILY_STACKING,DISTINCT_SETUP_SUPPRESSION
MSZZC1|6:XAUUSD|1:5|2:-1|1:4|18:ASIA_HIGH|20250729,ASIA_HIGH|20250729,SSRP|ASIA_HIGH|20250729|1753781100|FINAL,SSRP|ASIA_HIGH|20250729|1753801800|FINAL,2025.07.29 09:30:00,2025.07.29 15:15:00,345,2025.07.29 09:49:58,true,false,false,DISTINCT_TIMESTAMPED_REARM_EVENT,D032_REJECTED_BY_SAME_FAMILY_STACKING,DISTINCT_SETUP_SUPPRESSION
MSZZC1|6:XAUUSD|1:5|2:-1|1:4|18:ASIA_HIGH|20250729,ASIA_HIGH|20250729,SSRP|ASIA_HIGH|20250729|1753781100|FINAL,SSRP|ASIA_HIGH|20250729|1753802400|FINAL,2025.07.29 09:30:00,2025.07.29 15:30:00,360,2025.07.29 09:49:58,true,false,false,DISTINCT_TIMESTAMPED_REARM_EVENT,D032_REJECTED_BY_SAME_FAMILY_STACKING,DISTINCT_SETUP_SUPPRESSION
MSZZC1|6:XAUUSD|1:5|2:-1|1:4|18:ASIA_HIGH|20250729,ASIA_HIGH|20250729,SSRP|ASIA_HIGH|20250729|1753781100|FINAL,SSRP|ASIA_HIGH|20250729|1753805700|FINAL,2025.07.29 09:30:00,2025.07.29 16:30:00,420,2025.07.29 09:49:58,true,true,false,DISTINCT_TIMESTAMPED_REARM_EVENT,D032_ACCEPTED_DISTINCT_TRADE,DISTINCT_SETUP_SUPPRESSION
MSZZC1|6:XAUUSD|1:5|2:-1|1:4|18:ASIA_HIGH|20250729,ASIA_HIGH|20250729,SSRP|ASIA_HIGH|20250729|1753781100|FINAL,SSRP|ASIA_HIGH|20250729|1753806600|FINAL,2025.07.29 09:30:00,2025.07.29 16:35:00,425,2025.07.29 09:49:58,true,false,false,DISTINCT_TIMESTAMPED_REARM_EVENT,D032_REJECTED_BY_SAME_FAMILY_STACKING,DISTINCT_SETUP_SUPPRESSION
MSZZC1|6:XAUUSD|1:5|2:-1|1:4|18:ASIA_HIGH|20250729,ASIA_HIGH|20250729,SSRP|ASIA_HIGH|20250729|1753781100|FINAL,SSRP|ASIA_HIGH|20250729|1753814400|FINAL,2025.07.29 09:30:00,2025.07.29 18:50:00,560,2025.07.29 09:49:58,true,true,false,DISTINCT_TIMESTAMPED_REARM_EVENT,D032_ACCEPTED_DISTINCT_TRADE,DISTINCT_SETUP_SUPPRESSION
MSZZC1|6:XAUUSD|1:5|2:-1|1:4|18:ASIA_HIGH|20250729,ASIA_HIGH|20250729,SSRP|ASIA_HIGH|20250729|1753781100|FINAL,SSRP|ASIA_HIGH|20250729|1753815000|FINAL,2025.07.29 09:30:00,2025.07.29 19:05:00,575,2025.07.29 09:49:58,true,false,false,DISTINCT_TIMESTAMPED_REARM_EVENT,D032_REJECTED_BY_SAME_FAMILY_STACKING,DISTINCT_SETUP_SUPPRESSION
MSZZC1|6:XAUUSD|1:5|2:-1|1:4|18:ASIA_HIGH|20250731,ASIA_HIGH|20250731,SSRP|ASIA_HIGH|20250731|1753948800|FINAL,SSRP|ASIA_HIGH|20250731|1753949100|FINAL,2025.07.31 08:05:00,2025.07.31 08:10:00,5,2025.07.31 08:59:57,false,false,false,DISTINCT_TIMESTAMPED_REARM_EVENT,D032_REJECTED_BY_SAME_FAMILY_STACKING,DISTINCT_SETUP_SUPPRESSION
MSZZC1|6:XAUUSD|1:5|2:-1|1:4|18:ASIA_HIGH|20250731,ASIA_HIGH|20250731,SSRP|ASIA_HIGH|20250731|1753948800|FINAL,SSRP|ASIA_HIGH|20250731|1753969200|FINAL,2025.07.31 08:05:00,2025.07.31 13:50:00,345,2025.07.31 08:59:57,true,true,false,DISTINCT_TIMESTAMPED_REARM_EVENT,D032_ACCEPTED_DISTINCT_TRADE,DISTINCT_SETUP_SUPPRESSION
MSZZC1|6:XAUUSD|1:5|2:-1|1:4|18:ASIA_HIGH|20250731,ASIA_HIGH|20250731,SSRP|ASIA_HIGH|20250731|1753948800|FINAL,SSRP|ASIA_HIGH|20250731|1753969800|FINAL,2025.07.31 08:05:00,2025.07.31 13:55:00,350,2025.07.31 08:59:57,true,false,false,DISTINCT_TIMESTAMPED_REARM_EVENT,D032_REJECTED_BY_SAME_FAMILY_STACKING,DISTINCT_SETUP_SUPPRESSION
MSZZC1|6:XAUUSD|1:5|2:-1|1:4|18:ASIA_HIGH|20250731,ASIA_HIGH|20250731,SSRP|ASIA_HIGH|20250731|1753948800|FINAL,SSRP|ASIA_HIGH|20250731|1753981800|FINAL,2025.07.31 08:05:00,2025.07.31 17:15:00,550,2025.07.31 08:59:57,true,true,false,DISTINCT_TIMESTAMPED_REARM_EVENT,D032_ACCEPTED_DISTINCT_TRADE,DISTINCT_SETUP_SUPPRESSION
MSZZC1|6:XAUUSD|1:5|2:-1|1:4|18:ASIA_HIGH|20250731,ASIA_HIGH|20250731,SSRP|ASIA_HIGH|20250731|1753948800|FINAL,SSRP|ASIA_HIGH|20250731|1753982100|FINAL,2025.07.31 08:05:00,2025.07.31 17:20:00,555,2025.07.31 08:59:57,true,false,false,DISTINCT_TIMESTAMPED_REARM_EVENT,D032_REJECTED_BY_SAME_FAMILY_STACKING,DISTINCT_SETUP_SUPPRESSION
MSZZC1|6:XAUUSD|1:5|2:-1|1:4|18:ASIA_HIGH|20250801,ASIA_HIGH|20250801,SSRP|ASIA_HIGH|20250801|1754038200|FINAL,SSRP|ASIA_HIGH|20250801|1754038500|FINAL,2025.08.01 08:55:00,2025.08.01 09:00:00,5,2025.08.01 10:34:58,false,false,false,DISTINCT_TIMESTAMPED_REARM_EVENT,D032_REJECTED_BY_SAME_FAMILY_STACKING,DISTINCT_SETUP_SUPPRESSION
MSZZC1|6:XAUUSD|1:5|2:-1|1:4|18:ASIA_HIGH|20250801,ASIA_HIGH|20250801,SSRP|ASIA_HIGH|20250801|1754038200|FINAL,SSRP|ASIA_HIGH|20250801|1754039400|FINAL,2025.08.01 08:55:00,2025.08.01 09:15:00,20,2025.08.01 10:34:58,false,false,false,DISTINCT_TIMESTAMPED_REARM_EVENT,D032_REJECTED_BY_SAME_FAMILY_STACKING,DISTINCT_SETUP_SUPPRESSION
MSZZC1|6:XAUUSD|1:5|2:-1|1:4|18:ASIA_HIGH|20250801,ASIA_HIGH|20250801,SSRP|ASIA_HIGH|20250801|1754038200|FINAL,SSRP|ASIA_HIGH|20250801|1754055300|FINAL,2025.08.01 08:55:00,2025.08.01 13:40:00,285,2025.08.01 10:34:58,true,true,false,DISTINCT_TIMESTAMPED_REARM_EVENT,D032_ACCEPTED_DISTINCT_TRADE,DISTINCT_SETUP_SUPPRESSION
MSZZC1|6:XAUUSD|1:5|2:-1|1:4|18:ASIA_HIGH|20250804,ASIA_HIGH|20250804,SSRP|ASIA_HIGH|20250804|1754319300|FINAL,SSRP|ASIA_HIGH|20250804|1754320200|FINAL,2025.08.04 15:10:00,2025.08.04 15:15:00,5,2025.08.04 16:04:58,false,false,false,DISTINCT_TIMESTAMPED_REARM_EVENT,D032_REJECTED_BY_SAME_FAMILY_STACKING,DISTINCT_SETUP_SUPPRESSION
MSZZC1|6:XAUUSD|1:5|1:1|1:4|17:ASIA_LOW|20250805,ASIA_LOW|20250805,SSRP|ASIA_LOW|20250805|1754382300|FINAL,SSRP|ASIA_LOW|20250805|1754382900|FINAL,2025.08.05 08:35:00,2025.08.05 08:45:00,10,2025.08.05 09:24:58,false,false,false,DISTINCT_TIMESTAMPED_REARM_EVENT,D032_REJECTED_BY_SAME_FAMILY_STACKING,DISTINCT_SETUP_SUPPRESSION
MSZZC1|6:XAUUSD|1:5|1:1|1:4|17:ASIA_LOW|20250805,ASIA_LOW|20250805,SSRP|ASIA_LOW|20250805|1754382300|FINAL,SSRP|ASIA_LOW|20250805|1754383500|FINAL,2025.08.05 08:35:00,2025.08.05 08:50:00,15,2025.08.05 09:24:58,false,false,false,DISTINCT_TIMESTAMPED_REARM_EVENT,D032_REJECTED_BY_SAME_FAMILY_STACKING,DISTINCT_SETUP_SUPPRESSION
MSZZC1|6:XAUUSD|1:5|1:1|1:4|17:ASIA_LOW|20250805,ASIA_LOW|20250805,SSRP|ASIA_LOW|20250805|1754382300|FINAL,SSRP|ASIA_LOW|20250805|1754388600|FINAL,2025.08.05 08:35:00,2025.08.05 10:20:00,105,2025.08.05 09:24:58,true,true,false,DISTINCT_TIMESTAMPED_REARM_EVENT,D032_ACCEPTED_DISTINCT_TRADE,DISTINCT_SETUP_SUPPRESSION
MSZZC1|6:XAUUSD|1:5|1:1|1:4|17:ASIA_LOW|20250805,ASIA_LOW|20250805,SSRP|ASIA_LOW|20250805|1754382300|FINAL,SSRP|ASIA_LOW|20250805|1754391900|FINAL,2025.08.05 08:35:00,2025.08.05 11:10:00,155,2025.08.05 09:24:58,true,false,false,DISTINCT_TIMESTAMPED_REARM_EVENT,D032_REJECTED_BY_SAME_FAMILY_STACKING,DISTINCT_SETUP_SUPPRESSION
MSZZC1|6:XAUUSD|1:5|1:1|1:4|17:ASIA_LOW|20250805,ASIA_LOW|20250805,SSRP|ASIA_LOW|20250805|1754382300|FINAL,SSRP|ASIA_LOW|20250805|1754410500|FINAL,2025.08.05 08:35:00,2025.08.05 16:30:00,475,2025.08.05 09:24:58,true,true,false,DISTINCT_TIMESTAMPED_REARM_EVENT,D032_ACCEPTED_DISTINCT_TRADE,DISTINCT_SETUP_SUPPRESSION
MSZZC1|6:XAUUSD|1:5|1:1|1:4|17:ASIA_LOW|20250805,ASIA_LOW|20250805,SSRP|ASIA_LOW|20250805|1754382300|FINAL,SSRP|ASIA_LOW|20250805|1754411400|FINAL,2025.08.05 08:35:00,2025.08.05 16:35:00,480,2025.08.05 09:24:58,true,false,false,DISTINCT_TIMESTAMPED_REARM_EVENT,D032_REJECTED_BY_SAME_FAMILY_STACKING,DISTINCT_SETUP_SUPPRESSION
MSZZC1|6:XAUUSD|1:5|2:-1|1:4|18:ASIA_HIGH|20250805,ASIA_HIGH|20250805,SSRP|ASIA_HIGH|20250805|1754421000|FINAL,SSRP|ASIA_HIGH|20250805|1754422200|FINAL,2025.08.05 19:30:00,2025.08.05 19:35:00,5,2025.08.06 08:35:00,false,false,false,DISTINCT_TIMESTAMPED_REARM_EVENT,D032_REJECTED_BY_SAME_FAMILY_STACKING,DISTINCT_SETUP_SUPPRESSION
MSZZC1|6:XAUUSD|1:5|2:-1|1:4|18:ASIA_HIGH|20250805,ASIA_HIGH|20250805,SSRP|ASIA_HIGH|20250805|1754421000|FINAL,SSRP|ASIA_HIGH|20250805|1754426400|FINAL,2025.08.05 19:30:00,2025.08.05 20:45:00,75,2025.08.06 08:35:00,false,false,false,DISTINCT_TIMESTAMPED_REARM_EVENT,D032_REJECTED_BY_SAME_FAMILY_STACKING,DISTINCT_SETUP_SUPPRESSION
MSZZC1|6:XAUUSD|1:5|1:1|1:4|17:ASIA_LOW|20250806,ASIA_LOW|20250806,SSRP|ASIA_LOW|20250806|1754468400|FINAL,SSRP|ASIA_LOW|20250806|1754469600|FINAL,2025.08.06 08:30:00,2025.08.06 08:50:00,20,2025.08.06 09:24:58,false,false,false,DISTINCT_TIMESTAMPED_REARM_EVENT,D032_REJECTED_BY_SAME_FAMILY_STACKING,DISTINCT_SETUP_SUPPRESSION
MSZZC1|6:XAUUSD|1:5|1:1|1:4|17:ASIA_LOW|20250806,ASIA_LOW|20250806,SSRP|ASIA_LOW|20250806|1754468400|FINAL,SSRP|ASIA_LOW|20250806|1754470200|FINAL,2025.08.06 08:30:00,2025.08.06 08:55:00,25,2025.08.06 09:24:58,false,false,false,DISTINCT_TIMESTAMPED_REARM_EVENT,D032_REJECTED_BY_SAME_FAMILY_STACKING,DISTINCT_SETUP_SUPPRESSION
MSZZC1|6:XAUUSD|1:5|1:1|1:4|17:ASIA_LOW|20250806,ASIA_LOW|20250806,SSRP|ASIA_LOW|20250806|1754468400|FINAL,SSRP|ASIA_LOW|20250806|1754475000|FINAL,2025.08.06 08:30:00,2025.08.06 10:15:00,105,2025.08.06 09:24:58,true,false,false,DISTINCT_TIMESTAMPED_REARM_EVENT,D032_REJECTED_BY_SAME_FAMILY_STACKING,DISTINCT_SETUP_SUPPRESSION
MSZZC1|6:XAUUSD|1:5|1:1|1:4|17:ASIA_LOW|20250806,ASIA_LOW|20250806,SSRP|ASIA_LOW|20250806|1754468400|FINAL,SSRP|ASIA_LOW|20250806|1754476200|FINAL,2025.08.06 08:30:00,2025.08.06 10:35:00,125,2025.08.06 09:24:58,true,false,false,DISTINCT_TIMESTAMPED_REARM_EVENT,D032_REJECTED_BY_SAME_FAMILY_STACKING,DISTINCT_SETUP_SUPPRESSION
MSZZC1|6:XAUUSD|1:5|1:1|1:4|17:ASIA_LOW|20250806,ASIA_LOW|20250806,SSRP|ASIA_LOW|20250806|1754468400|FINAL,SSRP|ASIA_LOW|20250806|1754476500|FINAL,2025.08.06 08:30:00,2025.08.06 10:40:00,130,2025.08.06 09:24:58,true,false,false,DISTINCT_TIMESTAMPED_REARM_EVENT,D032_REJECTED_BY_SAME_FAMILY_STACKING,DISTINCT_SETUP_SUPPRESSION
MSZZC1|6:XAUUSD|1:5|1:1|1:4|17:ASIA_LOW|20250806,ASIA_LOW|20250806,SSRP|ASIA_LOW|20250806|1754468400|FINAL,SSRP|ASIA_LOW|20250806|1754498700|FINAL,2025.08.06 08:30:00,2025.08.06 16:50:00,500,2025.08.06 09:24:58,true,true,false,DISTINCT_TIMESTAMPED_REARM_EVENT,D032_ACCEPTED_DISTINCT_TRADE,DISTINCT_SETUP_SUPPRESSION
MSZZC1|6:XAUUSD|1:5|1:1|1:4|17:ASIA_LOW|20250806,ASIA_LOW|20250806,SSRP|ASIA_LOW|20250806|1754468400|FINAL,SSRP|ASIA_LOW|20250806|1754499000|FINAL,2025.08.06 08:30:00,2025.08.06 17:00:00,510,2025.08.06 09:24:58,true,false,false,DISTINCT_TIMESTAMPED_REARM_EVENT,D032_REJECTED_BY_SAME_FAMILY_STACKING,DISTINCT_SETUP_SUPPRESSION
MSZZC1|6:XAUUSD|1:5|1:1|1:4|17:ASIA_LOW|20250806,ASIA_LOW|20250806,SSRP|ASIA_LOW|20250806|1754468400|FINAL,SSRP|ASIA_LOW|20250806|1754499600|FINAL,2025.08.06 08:30:00,2025.08.06 17:15:00,525,2025.08.06 09:24:58,true,false,false,DISTINCT_TIMESTAMPED_REARM_EVENT,D032_REJECTED_BY_SAME_FAMILY_STACKING,DISTINCT_SETUP_SUPPRESSION
MSZZC1|6:XAUUSD|1:5|1:1|1:4|17:ASIA_LOW|20250806,ASIA_LOW|20250806,SSRP|ASIA_LOW|20250806|1754468400|FINAL,SSRP|ASIA_LOW|20250806|1754500500|FINAL,2025.08.06 08:30:00,2025.08.06 17:20:00,530,2025.08.06 09:24:58,true,false,false,DISTINCT_TIMESTAMPED_REARM_EVENT,D032_REJECTED_BY_SAME_FAMILY_STACKING,DISTINCT_SETUP_SUPPRESSION
MSZZC1|6:XAUUSD|1:5|1:1|1:4|17:ASIA_LOW|20250806,ASIA_LOW|20250806,SSRP|ASIA_LOW|20250806|1754468400|FINAL,SSRP|ASIA_LOW|20250806|1754505600|FINAL,2025.08.06 08:30:00,2025.08.06 18:45:00,615,2025.08.06 09:24:58,true,false,false,DISTINCT_TIMESTAMPED_REARM_EVENT,D032_REJECTED_BY_SAME_FAMILY_STACKING,DISTINCT_SETUP_SUPPRESSION
MSZZC1|6:XAUUSD|1:5|1:1|1:4|17:ASIA_LOW|20250806,ASIA_LOW|20250806,SSRP|ASIA_LOW|20250806|1754468400|FINAL,SSRP|ASIA_LOW|20250806|1754511600|FINAL,2025.08.06 08:30:00,2025.08.06 20:25:00,715,2025.08.06 09:24:58,true,false,false,DISTINCT_TIMESTAMPED_REARM_EVENT,D032_REJECTED_BY_SAME_FAMILY_STACKING,DISTINCT_SETUP_SUPPRESSION
MSZZC1|6:XAUUSD|1:5|1:1|1:4|17:ASIA_LOW|20250806,ASIA_LOW|20250806,SSRP|ASIA_LOW|20250806|1754468400|FINAL,SSRP|ASIA_LOW|20250806|1754511900|FINAL,2025.08.06 08:30:00,2025.08.06 20:30:00,720,2025.08.06 09:24:58,true,false,false,DISTINCT_TIMESTAMPED_REARM_EVENT,D032_REJECTED_BY_SAME_FAMILY_STACKING,DISTINCT_SETUP_SUPPRESSION
MSZZC1|6:XAUUSD|1:5|1:1|1:4|17:ASIA_LOW|20250806,ASIA_LOW|20250806,SSRP|ASIA_LOW|20250806|1754468400|FINAL,SSRP|ASIA_LOW|20250806|1754516100|FINAL,2025.08.06 08:30:00,2025.08.06 21:40:00,790,2025.08.06 09:24:58,true,false,false,DISTINCT_TIMESTAMPED_REARM_EVENT,D032_REJECTED_BY_SAME_FAMILY_STACKING,DISTINCT_SETUP_SUPPRESSION
MSZZC1|6:XAUUSD|1:5|1:1|1:4|17:ASIA_LOW|20250806,ASIA_LOW|20250806,SSRP|ASIA_LOW|20250806|1754468400|FINAL,SSRP|ASIA_LOW|20250806|1754516400|FINAL,2025.08.06 08:30:00,2025.08.06 21:45:00,795,2025.08.06 09:24:58,true,false,false,DISTINCT_TIMESTAMPED_REARM_EVENT,D032_REJECTED_BY_SAME_FAMILY_STACKING,DISTINCT_SETUP_SUPPRESSION
MSZZC1|6:XAUUSD|1:5|2:-1|1:4|18:ASIA_HIGH|20250807,ASIA_HIGH|20250807,SSRP|ASIA_HIGH|20250807|1754564400|FINAL,SSRP|ASIA_HIGH|20250807|1754565000|FINAL,2025.08.07 11:10:00,2025.08.07 11:15:00,5,2025.08.07 22:34:57,false,false,false,DISTINCT_TIMESTAMPED_REARM_EVENT,D032_REJECTED_BY_SAME_FAMILY_STACKING,DISTINCT_SETUP_SUPPRESSION
MSZZC1|6:XAUUSD|1:5|2:-1|1:4|18:ASIA_HIGH|20250807,ASIA_HIGH|20250807,SSRP|ASIA_HIGH|20250807|1754564400|FINAL,SSRP|ASIA_HIGH|20250807|1754580600|FINAL,2025.08.07 11:10:00,2025.08.07 15:45:00,275,2025.08.07 22:34:57,false,false,false,DISTINCT_TIMESTAMPED_REARM_EVENT,D032_REJECTED_BY_SAME_FAMILY_STACKING,DISTINCT_SETUP_SUPPRESSION
MSZZC1|6:XAUUSD|1:5|2:-1|1:4|18:ASIA_HIGH|20250807,ASIA_HIGH|20250807,SSRP|ASIA_HIGH|20250807|1754564400|FINAL,SSRP|ASIA_HIGH|20250807|1754581500|FINAL,2025.08.07 11:10:00,2025.08.07 15:50:00,280,2025.08.07 22:34:57,false,false,false,DISTINCT_TIMESTAMPED_REARM_EVENT,D032_REJECTED_BY_SAME_FAMILY_STACKING,DISTINCT_SETUP_SUPPRESSION
MSZZC1|6:XAUUSD|1:5|2:-1|1:4|18:ASIA_HIGH|20250807,ASIA_HIGH|20250807,SSRP|ASIA_HIGH|20250807|1754564400|FINAL,SSRP|ASIA_HIGH|20250807|1754585400|FINAL,2025.08.07 11:10:00,2025.08.07 17:00:00,350,2025.08.07 22:34:57,false,false,false,DISTINCT_TIMESTAMPED_REARM_EVENT,D032_REJECTED_BY_SAME_FAMILY_STACKING,DISTINCT_SETUP_SUPPRESSION
MSZZC1|6:XAUUSD|1:5|2:-1|1:4|18:ASIA_HIGH|20250807,ASIA_HIGH|20250807,SSRP|ASIA_HIGH|20250807|1754564400|FINAL,SSRP|ASIA_HIGH|20250807|1754586000|FINAL,2025.08.07 11:10:00,2025.08.07 17:05:00,355,2025.08.07 22:34:57,false,false,false,DISTINCT_TIMESTAMPED_REARM_EVENT,D032_REJECTED_BY_SAME_FAMILY_STACKING,DISTINCT_SETUP_SUPPRESSION
MSZZC1|6:XAUUSD|1:5|2:-1|1:4|18:ASIA_HIGH|20250807,ASIA_HIGH|20250807,SSRP|ASIA_HIGH|20250807|1754564400|FINAL,SSRP|ASIA_HIGH|20250807|1754586600|FINAL,2025.08.07 11:10:00,2025.08.07 17:20:00,370,2025.08.07 22:34:57,false,false,false,DISTINCT_TIMESTAMPED_REARM_EVENT,D032_REJECTED_BY_SAME_FAMILY_STACKING,DISTINCT_SETUP_SUPPRESSION
MSZZC1|6:XAUUSD|1:5|2:-1|1:4|18:ASIA_HIGH|20250807,ASIA_HIGH|20250807,SSRP|ASIA_HIGH|20250807|1754564400|FINAL,SSRP|ASIA_HIGH|20250807|1754587200|FINAL,2025.08.07 11:10:00,2025.08.07 17:25:00,375,2025.08.07 22:34:57,false,false,false,DISTINCT_TIMESTAMPED_REARM_EVENT,D032_REJECTED_BY_SAME_FAMILY_STACKING,DISTINCT_SETUP_SUPPRESSION
MSZZC1|6:XAUUSD|1:5|1:1|1:4|17:ASIA_LOW|20250808,ASIA_LOW|20250808,SSRP|ASIA_LOW|20250808|1754663100|FINAL,SSRP|ASIA_LOW|20250808|1754686800|FINAL,2025.08.08 14:30:00,2025.08.08 21:05:00,395,2025.08.08 15:39:58,true,true,false,DISTINCT_TIMESTAMPED_REARM_EVENT,D032_ACCEPTED_DISTINCT_TRADE,DISTINCT_SETUP_SUPPRESSION
MSZZC1|6:XAUUSD|1:5|1:1|1:4|17:ASIA_LOW|20250812,ASIA_LOW|20250812,SSRP|ASIA_LOW|20250812|1755008400|FINAL,SSRP|ASIA_LOW|20250812|1755009000|FINAL,2025.08.12 14:25:00,2025.08.12 14:35:00,10,2025.08.12 14:39:57,false,true,false,DISTINCT_TIMESTAMPED_REARM_EVENT,D032_ACCEPTED_DISTINCT_TRADE,DISTINCT_SETUP_SUPPRESSION
MSZZC1|6:XAUUSD|1:5|1:1|1:4|17:ASIA_LOW|20250812,ASIA_LOW|20250812,SSRP|ASIA_LOW|20250812|1755008400|FINAL,SSRP|ASIA_LOW|20250812|1755009300|FINAL,2025.08.12 14:25:00,2025.08.12 14:40:00,15,2025.08.12 14:39:57,true,false,false,DISTINCT_TIMESTAMPED_REARM_EVENT,D032_REJECTED_BY_SAME_FAMILY_STACKING,DISTINCT_SETUP_SUPPRESSION
MSZZC1|6:XAUUSD|1:5|1:1|1:4|17:ASIA_LOW|20250812,ASIA_LOW|20250812,SSRP|ASIA_LOW|20250812|1755008400|FINAL,SSRP|ASIA_LOW|20250812|1755012000|FINAL,2025.08.12 14:25:00,2025.08.12 15:30:00,65,2025.08.12 14:39:57,true,false,false,DISTINCT_TIMESTAMPED_REARM_EVENT,D032_REJECTED_BY_SAME_FAMILY_STACKING,DISTINCT_SETUP_SUPPRESSION
MSZZC1|6:XAUUSD|1:5|1:1|1:4|17:ASIA_LOW|20250812,ASIA_LOW|20250812,SSRP|ASIA_LOW|20250812|1755008400|FINAL,SSRP|ASIA_LOW|20250812|1755012600|FINAL,2025.08.12 14:25:00,2025.08.12 15:35:00,70,2025.08.12 14:39:57,true,false,false,DISTINCT_TIMESTAMPED_REARM_EVENT,D032_REJECTED_BY_SAME_FAMILY_STACKING,DISTINCT_SETUP_SUPPRESSION
MSZZC1|6:XAUUSD|1:5|1:1|1:4|17:ASIA_LOW|20250812,ASIA_LOW|20250812,SSRP|ASIA_LOW|20250812|1755008400|FINAL,SSRP|ASIA_LOW|20250812|1755016800|FINAL,2025.08.12 14:25:00,2025.08.12 16:45:00,140,2025.08.12 14:39:57,true,true,false,DISTINCT_TIMESTAMPED_REARM_EVENT,D032_ACCEPTED_DISTINCT_TRADE,DISTINCT_SETUP_SUPPRESSION
MSZZC1|6:XAUUSD|1:5|1:1|1:4|17:ASIA_LOW|20250812,ASIA_LOW|20250812,SSRP|ASIA_LOW|20250812|1755008400|FINAL,SSRP|ASIA_LOW|20250812|1755021300|FINAL,2025.08.12 14:25:00,2025.08.12 18:10:00,225,2025.08.12 14:39:57,true,true,false,DISTINCT_TIMESTAMPED_REARM_EVENT,D032_ACCEPTED_DISTINCT_TRADE,DISTINCT_SETUP_SUPPRESSION
MSZZC1|6:XAUUSD|1:5|2:-1|1:4|18:ASIA_HIGH|20250812,ASIA_HIGH|20250812,SSRP|ASIA_HIGH|20250812|1754994900|FINAL,SSRP|ASIA_HIGH|20250812|1755023100|FINAL,2025.08.12 10:40:00,2025.08.12 18:30:00,470,2025.08.12 11:29:58,true,false,false,DISTINCT_TIMESTAMPED_REARM_EVENT,D032_REJECTED_BY_SAME_FAMILY_STACKING,DISTINCT_SETUP_SUPPRESSION
MSZZC1|6:XAUUSD|1:5|2:-1|1:4|18:ASIA_HIGH|20250812,ASIA_HIGH|20250812,SSRP|ASIA_HIGH|20250812|1754994900|FINAL,SSRP|ASIA_HIGH|20250812|1755023400|FINAL,2025.08.12 10:40:00,2025.08.12 18:35:00,475,2025.08.12 11:29:58,true,false,false,DISTINCT_TIMESTAMPED_REARM_EVENT,D032_REJECTED_BY_SAME_FAMILY_STACKING,DISTINCT_SETUP_SUPPRESSION
MSZZC1|6:XAUUSD|1:5|2:-1|1:4|18:ASIA_HIGH|20250813,ASIA_HIGH|20250813,SSRP|ASIA_HIGH|20250813|1755076800|FINAL,SSRP|ASIA_HIGH|20250813|1755081900|FINAL,2025.08.13 09:30:00,2025.08.13 11:00:00,90,2025.08.13 09:44:57,true,false,false,DISTINCT_TIMESTAMPED_REARM_EVENT,D032_REJECTED_BY_SAME_FAMILY_STACKING,DISTINCT_SETUP_SUPPRESSION
MSZZC1|6:XAUUSD|1:5|2:-1|1:4|18:ASIA_HIGH|20250813,ASIA_HIGH|20250813,SSRP|ASIA_HIGH|20250813|1755076800|FINAL,SSRP|ASIA_HIGH|20250813|1755082800|FINAL,2025.08.13 09:30:00,2025.08.13 11:05:00,95,2025.08.13 09:44:57,true,false,false,DISTINCT_TIMESTAMPED_REARM_EVENT,D032_REJECTED_BY_SAME_FAMILY_STACKING,DISTINCT_SETUP_SUPPRESSION
MSZZC1|6:XAUUSD|1:5|2:-1|1:4|18:ASIA_HIGH|20250813,ASIA_HIGH|20250813,SSRP|ASIA_HIGH|20250813|1755076800|FINAL,SSRP|ASIA_HIGH|20250813|1755083100|FINAL,2025.08.13 09:30:00,2025.08.13 11:10:00,100,2025.08.13 09:44:57,true,false,false,DISTINCT_TIMESTAMPED_REARM_EVENT,D032_REJECTED_BY_SAME_FAMILY_STACKING,DISTINCT_SETUP_SUPPRESSION
MSZZC1|6:XAUUSD|1:5|2:-1|1:4|18:ASIA_HIGH|20250813,ASIA_HIGH|20250813,SSRP|ASIA_HIGH|20250813|1755076800|FINAL,SSRP|ASIA_HIGH|20250813|1755083700|FINAL,2025.08.13 09:30:00,2025.08.13 11:20:00,110,2025.08.13 09:44:57,true,false,false,DISTINCT_TIMESTAMPED_REARM_EVENT,D032_REJECTED_BY_SAME_FAMILY_STACKING,DISTINCT_SETUP_SUPPRESSION
MSZZC1|6:XAUUSD|1:5|2:-1|1:4|18:ASIA_HIGH|20250813,ASIA_HIGH|20250813,SSRP|ASIA_HIGH|20250813|1755076800|FINAL,SSRP|ASIA_HIGH|20250813|1755116700|FINAL,2025.08.13 09:30:00,2025.08.13 20:50:00,680,2025.08.13 09:44:57,true,true,false,DISTINCT_TIMESTAMPED_REARM_EVENT,D032_ACCEPTED_DISTINCT_TRADE,DISTINCT_SETUP_SUPPRESSION
MSZZC1|6:XAUUSD|1:5|1:1|1:4|17:ASIA_LOW|20250814,ASIA_LOW|20250814,SSRP|ASIA_LOW|20250814|1755173100|FINAL,SSRP|ASIA_LOW|20250814|1755173700|FINAL,2025.08.14 12:15:00,2025.08.14 12:20:00,5,2025.08.14 15:34:57,false,false,false,DISTINCT_TIMESTAMPED_REARM_EVENT,D032_REJECTED_BY_SAME_FAMILY_STACKING,DISTINCT_SETUP_SUPPRESSION
MSZZC1|6:XAUUSD|1:5|1:1|1:4|17:ASIA_LOW|20250814,ASIA_LOW|20250814,SSRP|ASIA_LOW|20250814|1755173100|FINAL,SSRP|ASIA_LOW|20250814|1755175200|FINAL,2025.08.14 12:15:00,2025.08.14 12:50:00,35,2025.08.14 15:34:57,false,false,false,DISTINCT_TIMESTAMPED_REARM_EVENT,D032_REJECTED_BY_SAME_FAMILY_STACKING,DISTINCT_SETUP_SUPPRESSION
MSZZC1|6:XAUUSD|1:5|1:1|1:4|17:ASIA_LOW|20250814,ASIA_LOW|20250814,SSRP|ASIA_LOW|20250814|1755173100|FINAL,SSRP|ASIA_LOW|20250814|1755179400|FINAL,2025.08.14 12:15:00,2025.08.14 14:00:00,105,2025.08.14 15:34:57,false,false,false,DISTINCT_TIMESTAMPED_REARM_EVENT,D032_REJECTED_BY_SAME_FAMILY_STACKING,DISTINCT_SETUP_SUPPRESSION
MSZZC1|6:XAUUSD|1:5|1:1|1:4|17:ASIA_LOW|20250814,ASIA_LOW|20250814,SSRP|ASIA_LOW|20250814|1755173100|FINAL,SSRP|ASIA_LOW|20250814|1755182400|FINAL,2025.08.14 12:15:00,2025.08.14 14:50:00,155,2025.08.14 15:34:57,false,false,false,DISTINCT_TIMESTAMPED_REARM_EVENT,D032_REJECTED_BY_SAME_FAMILY_STACKING,DISTINCT_SETUP_SUPPRESSION
MSZZC1|6:XAUUSD|1:5|1:1|1:4|17:ASIA_LOW|20250814,ASIA_LOW|20250814,SSRP|ASIA_LOW|20250814|1755173100|FINAL,SSRP|ASIA_LOW|20250814|1755183000|FINAL,2025.08.14 12:15:00,2025.08.14 15:00:00,165,2025.08.14 15:34:57,false,false,false,DISTINCT_TIMESTAMPED_REARM_EVENT,D032_REJECTED_BY_SAME_FAMILY_STACKING,DISTINCT_SETUP_SUPPRESSION
MSZZC1|6:XAUUSD|1:5|1:1|1:4|17:ASIA_LOW|20250814,ASIA_LOW|20250814,SSRP|ASIA_LOW|20250814|1755173100|FINAL,SSRP|ASIA_LOW|20250814|1755183600|FINAL,2025.08.14 12:15:00,2025.08.14 15:05:00,170,2025.08.14 15:34:57,false,false,false,DISTINCT_TIMESTAMPED_REARM_EVENT,D032_REJECTED_BY_SAME_FAMILY_STACKING,DISTINCT_SETUP_SUPPRESSION
MSZZC1|6:XAUUSD|1:5|2:-1|1:4|18:ASIA_HIGH|20250815,ASIA_HIGH|20250815,SSRP|ASIA_HIGH|20250815|1755244800|FINAL,SSRP|ASIA_HIGH|20250815|1755245400|FINAL,2025.08.15 08:10:00,2025.08.15 08:15:00,5,2025.08.15 09:59:58,false,false,false,DISTINCT_TIMESTAMPED_REARM_EVENT,D032_REJECTED_BY_SAME_FAMILY_STACKING,DISTINCT_SETUP_SUPPRESSION
MSZZC1|6:XAUUSD|1:5|2:-1|1:4|18:ASIA_HIGH|20250815,ASIA_HIGH|20250815,SSRP|ASIA_HIGH|20250815|1755244800|FINAL,SSRP|ASIA_HIGH|20250815|1755247200|FINAL,2025.08.15 08:10:00,2025.08.15 08:45:00,35,2025.08.15 09:59:58,false,false,false,DISTINCT_TIMESTAMPED_REARM_EVENT,D032_REJECTED_BY_SAME_FAMILY_STACKING,DISTINCT_SETUP_SUPPRESSION
MSZZC1|6:XAUUSD|1:5|2:-1|1:4|18:ASIA_HIGH|20250815,ASIA_HIGH|20250815,SSRP|ASIA_HIGH|20250815|1755244800|FINAL,SSRP|ASIA_HIGH|20250815|1755247500|FINAL,2025.08.15 08:10:00,2025.08.15 08:50:00,40,2025.08.15 09:59:58,false,false,false,DISTINCT_TIMESTAMPED_REARM_EVENT,D032_REJECTED_BY_SAME_FAMILY_STACKING,DISTINCT_SETUP_SUPPRESSION
MSZZC1|6:XAUUSD|1:5|2:-1|1:4|18:ASIA_HIGH|20250815,ASIA_HIGH|20250815,SSRP|ASIA_HIGH|20250815|1755244800|FINAL,SSRP|ASIA_HIGH|20250815|1755255600|FINAL,2025.08.15 08:10:00,2025.08.15 11:05:00,175,2025.08.15 09:59:58,true,true,false,DISTINCT_TIMESTAMPED_REARM_EVENT,D032_ACCEPTED_DISTINCT_TRADE,DISTINCT_SETUP_SUPPRESSION
MSZZC1|6:XAUUSD|1:5|2:-1|1:4|18:ASIA_HIGH|20250819,ASIA_HIGH|20250819,SSRP|ASIA_HIGH|20250819|1755612600|FINAL,SSRP|ASIA_HIGH|20250819|1755613500|FINAL,2025.08.19 14:25:00,2025.08.19 14:30:00,5,2025.08.19 15:39:58,false,false,false,DISTINCT_TIMESTAMPED_REARM_EVENT,D032_REJECTED_BY_SAME_FAMILY_STACKING,DISTINCT_SETUP_SUPPRESSION
MSZZC1|6:XAUUSD|1:5|2:-1|1:4|18:ASIA_HIGH|20250819,ASIA_HIGH|20250819,SSRP|ASIA_HIGH|20250819|1755612600|FINAL,SSRP|ASIA_HIGH|20250819|1755614700|FINAL,2025.08.19 14:25:00,2025.08.19 14:50:00,25,2025.08.19 15:39:58,false,false,false,DISTINCT_TIMESTAMPED_REARM_EVENT,D032_REJECTED_BY_SAME_FAMILY_STACKING,DISTINCT_SETUP_SUPPRESSION
MSZZC1|6:XAUUSD|1:5|2:-1|1:4|18:ASIA_HIGH|20250819,ASIA_HIGH|20250819,SSRP|ASIA_HIGH|20250819|1755612600|FINAL,SSRP|ASIA_HIGH|20250819|1755615000|FINAL,2025.08.19 14:25:00,2025.08.19 14:55:00,30,2025.08.19 15:39:58,false,false,false,DISTINCT_TIMESTAMPED_REARM_EVENT,D032_REJECTED_BY_SAME_FAMILY_STACKING,DISTINCT_SETUP_SUPPRESSION
MSZZC1|6:XAUUSD|1:5|1:1|1:4|17:ASIA_LOW|20250821,ASIA_LOW|20250821,SSRP|ASIA_LOW|20250821|1755763800|FINAL,SSRP|ASIA_LOW|20250821|1755764100|FINAL,2025.08.21 08:15:00,2025.08.21 08:20:00,5,2025.08.21 09:19:58,false,false,false,DISTINCT_TIMESTAMPED_REARM_EVENT,D032_REJECTED_BY_SAME_FAMILY_STACKING,DISTINCT_SETUP_SUPPRESSION
MSZZC1|6:XAUUSD|1:5|1:1|1:4|17:ASIA_LOW|20250821,ASIA_LOW|20250821,SSRP|ASIA_LOW|20250821|1755763800|FINAL,SSRP|ASIA_LOW|20250821|1755764700|FINAL,2025.08.21 08:15:00,2025.08.21 08:30:00,15,2025.08.21 09:19:58,false,false,false,DISTINCT_TIMESTAMPED_REARM_EVENT,D032_REJECTED_BY_SAME_FAMILY_STACKING,DISTINCT_SETUP_SUPPRESSION
MSZZC1|6:XAUUSD|1:5|1:1|1:4|17:ASIA_LOW|20250821,ASIA_LOW|20250821,SSRP|ASIA_LOW|20250821|1755763800|FINAL,SSRP|ASIA_LOW|20250821|1755770700|FINAL,2025.08.21 08:15:00,2025.08.21 10:10:00,115,2025.08.21 09:19:58,true,true,false,DISTINCT_TIMESTAMPED_REARM_EVENT,D032_ACCEPTED_DISTINCT_TRADE,DISTINCT_SETUP_SUPPRESSION
MSZZC1|6:XAUUSD|1:5|1:1|1:4|17:ASIA_LOW|20250821,ASIA_LOW|20250821,SSRP|ASIA_LOW|20250821|1755763800|FINAL,SSRP|ASIA_LOW|20250821|1755771000|FINAL,2025.08.21 08:15:00,2025.08.21 10:30:00,135,2025.08.21 09:19:58,true,false,false,DISTINCT_TIMESTAMPED_REARM_EVENT,D032_REJECTED_BY_SAME_FAMILY_STACKING,DISTINCT_SETUP_SUPPRESSION
MSZZC1|6:XAUUSD|1:5|1:1|1:4|17:ASIA_LOW|20250821,ASIA_LOW|20250821,SSRP|ASIA_LOW|20250821|1755763800|FINAL,SSRP|ASIA_LOW|20250821|1755772200|FINAL,2025.08.21 08:15:00,2025.08.21 10:35:00,140,2025.08.21 09:19:58,true,false,false,DISTINCT_TIMESTAMPED_REARM_EVENT,D032_REJECTED_BY_SAME_FAMILY_STACKING,DISTINCT_SETUP_SUPPRESSION
MSZZC1|6:XAUUSD|1:5|1:1|1:4|17:ASIA_LOW|20250821,ASIA_LOW|20250821,SSRP|ASIA_LOW|20250821|1755763800|FINAL,SSRP|ASIA_LOW|20250821|1755788100|FINAL,2025.08.21 08:15:00,2025.08.21 15:05:00,410,2025.08.21 09:19:58,true,true,false,DISTINCT_TIMESTAMPED_REARM_EVENT,D032_ACCEPTED_DISTINCT_TRADE,DISTINCT_SETUP_SUPPRESSION
MSZZC1|6:XAUUSD|1:5|1:1|1:4|17:ASIA_LOW|20250821,ASIA_LOW|20250821,SSRP|ASIA_LOW|20250821|1755763800|FINAL,SSRP|ASIA_LOW|20250821|1755789900|FINAL,2025.08.21 08:15:00,2025.08.21 15:30:00,435,2025.08.21 09:19:58,true,false,false,DISTINCT_TIMESTAMPED_REARM_EVENT,D032_REJECTED_BY_SAME_FAMILY_STACKING,DISTINCT_SETUP_SUPPRESSION
MSZZC1|6:XAUUSD|1:5|1:1|1:4|17:ASIA_LOW|20250821,ASIA_LOW|20250821,SSRP|ASIA_LOW|20250821|1755763800|FINAL,SSRP|ASIA_LOW|20250821|1755790200|FINAL,2025.08.21 08:15:00,2025.08.21 15:35:00,440,2025.08.21 09:19:58,true,false,false,DISTINCT_TIMESTAMPED_REARM_EVENT,D032_REJECTED_BY_SAME_FAMILY_STACKING,DISTINCT_SETUP_SUPPRESSION
MSZZC1|6:XAUUSD|1:5|1:1|1:4|17:ASIA_LOW|20250821,ASIA_LOW|20250821,SSRP|ASIA_LOW|20250821|1755763800|FINAL,SSRP|ASIA_LOW|20250821|1755794700|FINAL,2025.08.21 08:15:00,2025.08.21 16:55:00,520,2025.08.21 09:19:58,true,false,false,DISTINCT_TIMESTAMPED_REARM_EVENT,D032_REJECTED_BY_SAME_FAMILY_STACKING,DISTINCT_SETUP_SUPPRESSION
MSZZC1|6:XAUUSD|1:5|1:1|1:4|17:ASIA_LOW|20250821,ASIA_LOW|20250821,SSRP|ASIA_LOW|20250821|1755763800|FINAL,SSRP|ASIA_LOW|20250821|1755795300|FINAL,2025.08.21 08:15:00,2025.08.21 17:00:00,525,2025.08.21 09:19:58,true,false,false,DISTINCT_TIMESTAMPED_REARM_EVENT,D032_REJECTED_BY_SAME_FAMILY_STACKING,DISTINCT_SETUP_SUPPRESSION
MSZZC1|6:XAUUSD|1:5|1:1|1:4|17:ASIA_LOW|20250821,ASIA_LOW|20250821,SSRP|ASIA_LOW|20250821|1755763800|FINAL,SSRP|ASIA_LOW|20250821|1755800100|FINAL,2025.08.21 08:15:00,2025.08.21 18:20:00,605,2025.08.21 09:19:58,true,false,false,DISTINCT_TIMESTAMPED_REARM_EVENT,D032_REJECTED_BY_SAME_FAMILY_STACKING,DISTINCT_SETUP_SUPPRESSION
MSZZC1|6:XAUUSD|1:5|1:1|1:4|17:ASIA_LOW|20250821,ASIA_LOW|20250821,SSRP|ASIA_LOW|20250821|1755763800|FINAL,SSRP|ASIA_LOW|20250821|1755809100|FINAL,2025.08.21 08:15:00,2025.08.21 20:50:00,755,2025.08.21 09:19:58,true,false,false,DISTINCT_TIMESTAMPED_REARM_EVENT,D032_REJECTED_BY_SAME_FAMILY_STACKING,DISTINCT_SETUP_SUPPRESSION
MSZZC1|6:XAUUSD|1:5|1:1|1:4|17:ASIA_LOW|20250821,ASIA_LOW|20250821,SSRP|ASIA_LOW|20250821|1755763800|FINAL,SSRP|ASIA_LOW|20250821|1755809700|FINAL,2025.08.21 08:15:00,2025.08.21 21:15:00,780,2025.08.21 09:19:58,true,false,false,DISTINCT_TIMESTAMPED_REARM_EVENT,D032_REJECTED_BY_SAME_FAMILY_STACKING,DISTINCT_SETUP_SUPPRESSION
MSZZC1|6:XAUUSD|1:5|1:1|1:4|17:ASIA_LOW|20250821,ASIA_LOW|20250821,SSRP|ASIA_LOW|20250821|1755763800|FINAL,SSRP|ASIA_LOW|20250821|1755810900|FINAL,2025.08.21 08:15:00,2025.08.21 21:20:00,785,2025.08.21 09:19:58,true,false,false,DISTINCT_TIMESTAMPED_REARM_EVENT,D032_REJECTED_BY_SAME_FAMILY_STACKING,DISTINCT_SETUP_SUPPRESSION
MSZZC1|6:XAUUSD|1:5|1:1|1:4|17:ASIA_LOW|20250822,ASIA_LOW|20250822,SSRP|ASIA_LOW|20250822|1755850200|FINAL,SSRP|ASIA_LOW|20250822|1755850500|FINAL,2025.08.22 08:15:00,2025.08.22 08:25:00,10,2025.08.22 08:24:58,true,true,false,DISTINCT_TIMESTAMPED_REARM_EVENT,D032_ACCEPTED_DISTINCT_TRADE,DISTINCT_SETUP_SUPPRESSION
MSZZC1|6:XAUUSD|1:5|1:1|1:4|17:ASIA_LOW|20250822,ASIA_LOW|20250822,SSRP|ASIA_LOW|20250822|1755850200|FINAL,SSRP|ASIA_LOW|20250822|1755851100|FINAL,2025.08.22 08:15:00,2025.08.22 08:30:00,15,2025.08.22 08:24:58,true,false,false,DISTINCT_TIMESTAMPED_REARM_EVENT,D032_REJECTED_BY_SAME_FAMILY_STACKING,DISTINCT_SETUP_SUPPRESSION
MSZZC1|6:XAUUSD|1:5|1:1|1:4|17:ASIA_LOW|20250822,ASIA_LOW|20250822,SSRP|ASIA_LOW|20250822|1755850200|FINAL,SSRP|ASIA_LOW|20250822|1755853200|FINAL,2025.08.22 08:15:00,2025.08.22 09:05:00,50,2025.08.22 08:24:58,true,false,false,DISTINCT_TIMESTAMPED_REARM_EVENT,D032_REJECTED_BY_SAME_FAMILY_STACKING,DISTINCT_SETUP_SUPPRESSION
MSZZC1|6:XAUUSD|1:5|1:1|1:4|17:ASIA_LOW|20250822,ASIA_LOW|20250822,SSRP|ASIA_LOW|20250822|1755850200|FINAL,SSRP|ASIA_LOW|20250822|1755855900|FINAL,2025.08.22 08:15:00,2025.08.22 09:50:00,95,2025.08.22 08:24:58,true,true,false,DISTINCT_TIMESTAMPED_REARM_EVENT,D032_ACCEPTED_DISTINCT_TRADE,DISTINCT_SETUP_SUPPRESSION
MSZZC1|6:XAUUSD|1:5|1:1|1:4|17:ASIA_LOW|20250822,ASIA_LOW|20250822,SSRP|ASIA_LOW|20250822|1755850200|FINAL,SSRP|ASIA_LOW|20250822|1755856200|FINAL,2025.08.22 08:15:00,2025.08.22 09:55:00,100,2025.08.22 08:24:58,true,false,false,DISTINCT_TIMESTAMPED_REARM_EVENT,D032_REJECTED_BY_SAME_FAMILY_STACKING,DISTINCT_SETUP_SUPPRESSION
MSZZC1|6:XAUUSD|1:5|1:1|1:4|17:ASIA_LOW|20250822,ASIA_LOW|20250822,SSRP|ASIA_LOW|20250822|1755850200|FINAL,SSRP|ASIA_LOW|20250822|1755859800|FINAL,2025.08.22 08:15:00,2025.08.22 11:00:00,165,2025.08.22 08:24:58,true,true,false,DISTINCT_TIMESTAMPED_REARM_EVENT,D032_ACCEPTED_DISTINCT_TRADE,DISTINCT_SETUP_SUPPRESSION
MSZZC1|6:XAUUSD|1:5|1:1|1:4|17:ASIA_LOW|20250822,ASIA_LOW|20250822,SSRP|ASIA_LOW|20250822|1755850200|FINAL,SSRP|ASIA_LOW|20250822|1755860700|FINAL,2025.08.22 08:15:00,2025.08.22 11:10:00,175,2025.08.22 08:24:58,true,true,false,DISTINCT_TIMESTAMPED_REARM_EVENT,D032_ACCEPTED_DISTINCT_TRADE,DISTINCT_SETUP_SUPPRESSION
MSZZC1|6:XAUUSD|1:5|1:1|1:4|17:ASIA_LOW|20250822,ASIA_LOW|20250822,SSRP|ASIA_LOW|20250822|1755850200|FINAL,SSRP|ASIA_LOW|20250822|1755861000|FINAL,2025.08.22 08:15:00,2025.08.22 11:20:00,185,2025.08.22 08:24:58,true,true,false,DISTINCT_TIMESTAMPED_REARM_EVENT,D032_ACCEPTED_DISTINCT_TRADE,DISTINCT_SETUP_SUPPRESSION
MSZZC1|6:XAUUSD|1:5|1:1|1:4|17:ASIA_LOW|20250822,ASIA_LOW|20250822,SSRP|ASIA_LOW|20250822|1755850200|FINAL,SSRP|ASIA_LOW|20250822|1755861600|FINAL,2025.08.22 08:15:00,2025.08.22 11:25:00,190,2025.08.22 08:24:58,true,false,false,DISTINCT_TIMESTAMPED_REARM_EVENT,D032_REJECTED_BY_SAME_FAMILY_STACKING,DISTINCT_SETUP_SUPPRESSION
MSZZC1|6:XAUUSD|1:5|1:1|1:4|17:ASIA_LOW|20250822,ASIA_LOW|20250822,SSRP|ASIA_LOW|20250822|1755850200|FINAL,SSRP|ASIA_LOW|20250822|1755861900|FINAL,2025.08.22 08:15:00,2025.08.22 11:30:00,195,2025.08.22 08:24:58,true,false,false,DISTINCT_TIMESTAMPED_REARM_EVENT,D032_REJECTED_BY_SAME_FAMILY_STACKING,DISTINCT_SETUP_SUPPRESSION
MSZZC1|6:XAUUSD|1:5|1:1|1:4|17:ASIA_LOW|20250822,ASIA_LOW|20250822,SSRP|ASIA_LOW|20250822|1755850200|FINAL,SSRP|ASIA_LOW|20250822|1755863100|FINAL,2025.08.22 08:15:00,2025.08.22 11:50:00,215,2025.08.22 08:24:58,true,false,false,DISTINCT_TIMESTAMPED_REARM_EVENT,D032_REJECTED_BY_SAME_FAMILY_STACKING,DISTINCT_SETUP_SUPPRESSION
MSZZC1|6:XAUUSD|1:5|1:1|1:4|17:ASIA_LOW|20250822,ASIA_LOW|20250822,SSRP|ASIA_LOW|20250822|1755850200|FINAL,SSRP|ASIA_LOW|20250822|1755874200|FINAL,2025.08.22 08:15:00,2025.08.22 14:55:00,400,2025.08.22 08:24:58,true,false,false,DISTINCT_TIMESTAMPED_REARM_EVENT,D032_REJECTED_BY_SAME_FAMILY_STACKING,DISTINCT_SETUP_SUPPRESSION
MSZZC1|6:XAUUSD|1:5|1:1|1:4|17:ASIA_LOW|20250822,ASIA_LOW|20250822,SSRP|ASIA_LOW|20250822|1755850200|FINAL,SSRP|ASIA_LOW|20250822|1755875400|FINAL,2025.08.22 08:15:00,2025.08.22 15:15:00,420,2025.08.22 08:24:58,true,true,false,DISTINCT_TIMESTAMPED_REARM_EVENT,D032_ACCEPTED_DISTINCT_TRADE,DISTINCT_SETUP_SUPPRESSION
MSZZC1|6:XAUUSD|1:5|1:1|1:4|17:ASIA_LOW|20250822,ASIA_LOW|20250822,SSRP|ASIA_LOW|20250822|1755850200|FINAL,SSRP|ASIA_LOW|20250822|1755879000|FINAL,2025.08.22 08:15:00,2025.08.22 16:25:00,490,2025.08.22 08:24:58,true,true,false,DISTINCT_TIMESTAMPED_REARM_EVENT,D032_ACCEPTED_DISTINCT_TRADE,DISTINCT_SETUP_SUPPRESSION
MSZZC1|6:XAUUSD|1:5|1:1|1:4|17:ASIA_LOW|20250822,ASIA_LOW|20250822,SSRP|ASIA_LOW|20250822|1755850200|FINAL,SSRP|ASIA_LOW|20250822|1755879900|FINAL,2025.08.22 08:15:00,2025.08.22 16:30:00,495,2025.08.22 08:24:58,true,false,false,DISTINCT_TIMESTAMPED_REARM_EVENT,D032_REJECTED_BY_SAME_FAMILY_STACKING,DISTINCT_SETUP_SUPPRESSION
MSZZC1|6:XAUUSD|1:5|2:-1|1:4|18:ASIA_HIGH|20250825,ASIA_HIGH|20250825,SSRP|ASIA_HIGH|20250825|1756141200|FINAL,SSRP|ASIA_HIGH|20250825|1756142100|FINAL,2025.08.25 17:05:00,2025.08.25 17:25:00,20,2025.08.25 17:14:58,true,true,false,DISTINCT_TIMESTAMPED_REARM_EVENT,D032_ACCEPTED_DISTINCT_TRADE,DISTINCT_SETUP_SUPPRESSION
MSZZC1|6:XAUUSD|1:5|2:-1|1:4|18:ASIA_HIGH|20250825,ASIA_HIGH|20250825,SSRP|ASIA_HIGH|20250825|1756141200|FINAL,SSRP|ASIA_HIGH|20250825|1756142700|FINAL,2025.08.25 17:05:00,2025.08.25 17:30:00,25,2025.08.25 17:14:58,true,false,false,DISTINCT_TIMESTAMPED_REARM_EVENT,D032_REJECTED_BY_SAME_FAMILY_STACKING,DISTINCT_SETUP_SUPPRESSION
MSZZC1|6:XAUUSD|1:5|2:-1|1:4|18:ASIA_HIGH|20250825,ASIA_HIGH|20250825,SSRP|ASIA_HIGH|20250825|1756141200|FINAL,SSRP|ASIA_HIGH|20250825|1756153500|FINAL,2025.08.25 17:05:00,2025.08.25 20:30:00,205,2025.08.25 17:14:58,true,true,false,DISTINCT_TIMESTAMPED_REARM_EVENT,D032_ACCEPTED_DISTINCT_TRADE,DISTINCT_SETUP_SUPPRESSION
MSZZC1|6:XAUUSD|1:5|2:-1|1:4|18:ASIA_HIGH|20250825,ASIA_HIGH|20250825,SSRP|ASIA_HIGH|20250825|1756141200|FINAL,SSRP|ASIA_HIGH|20250825|1756153800|FINAL,2025.08.25 17:05:00,2025.08.25 20:35:00,210,2025.08.25 17:14:58,true,false,false,DISTINCT_TIMESTAMPED_REARM_EVENT,D032_REJECTED_BY_SAME_FAMILY_STACKING,DISTINCT_SETUP_SUPPRESSION
MSZZC1|6:XAUUSD|1:5|2:-1|1:4|18:ASIA_HIGH|20250825,ASIA_HIGH|20250825,SSRP|ASIA_HIGH|20250825|1756141200|FINAL,SSRP|ASIA_HIGH|20250825|1756154400|FINAL,2025.08.25 17:05:00,2025.08.25 20:50:00,225,2025.08.25 17:14:58,true,false,false,DISTINCT_TIMESTAMPED_REARM_EVENT,D032_REJECTED_BY_SAME_FAMILY_STACKING,DISTINCT_SETUP_SUPPRESSION
MSZZC1|6:XAUUSD|1:5|2:-1|1:4|18:ASIA_HIGH|20250825,ASIA_HIGH|20250825,SSRP|ASIA_HIGH|20250825|1756141200|FINAL,SSRP|ASIA_HIGH|20250825|1756155000|FINAL,2025.08.25 17:05:00,2025.08.25 20:55:00,230,2025.08.25 17:14:58,true,false,false,DISTINCT_TIMESTAMPED_REARM_EVENT,D032_REJECTED_BY_SAME_FAMILY_STACKING,DISTINCT_SETUP_SUPPRESSION
MSZZC1|6:XAUUSD|1:5|2:-1|1:4|18:ASIA_HIGH|20250825,ASIA_HIGH|20250825,SSRP|ASIA_HIGH|20250825|1756141200|FINAL,SSRP|ASIA_HIGH|20250825|1756156200|FINAL,2025.08.25 17:05:00,2025.08.25 21:30:00,265,2025.08.25 17:14:58,true,false,false,DISTINCT_TIMESTAMPED_REARM_EVENT,D032_REJECTED_BY_SAME_FAMILY_STACKING,DISTINCT_SETUP_SUPPRESSION
MSZZC1|6:XAUUSD|1:5|2:-1|1:4|18:ASIA_HIGH|20250825,ASIA_HIGH|20250825,SSRP|ASIA_HIGH|20250825|1756141200|FINAL,SSRP|ASIA_HIGH|20250825|1756157400|FINAL,2025.08.25 17:05:00,2025.08.25 21:35:00,270,2025.08.25 17:14:58,true,false,false,DISTINCT_TIMESTAMPED_REARM_EVENT,D032_REJECTED_BY_SAME_FAMILY_STACKING,DISTINCT_SETUP_SUPPRESSION
MSZZC1|6:XAUUSD|1:5|2:-1|1:4|18:ASIA_HIGH|20250825,ASIA_HIGH|20250825,SSRP|ASIA_HIGH|20250825|1756141200|FINAL,SSRP|ASIA_HIGH|20250825|1756157700|FINAL,2025.08.25 17:05:00,2025.08.25 21:45:00,280,2025.08.25 17:14:58,true,false,false,DISTINCT_TIMESTAMPED_REARM_EVENT,D032_REJECTED_BY_SAME_FAMILY_STACKING,DISTINCT_SETUP_SUPPRESSION
MSZZC1|6:XAUUSD|1:5|2:-1|1:4|18:ASIA_HIGH|20250826,ASIA_HIGH|20250826,SSRP|ASIA_HIGH|20250826|1756234500|FINAL,SSRP|ASIA_HIGH|20250826|1756235100|FINAL,2025.08.26 19:05:00,2025.08.26 19:10:00,5,2025.08.26 22:29:57,false,false,false,DISTINCT_TIMESTAMPED_REARM_EVENT,D032_REJECTED_BY_SAME_FAMILY_STACKING,DISTINCT_SETUP_SUPPRESSION
MSZZC1|6:XAUUSD|1:5|2:-1|1:4|18:ASIA_HIGH|20250828,ASIA_HIGH|20250828,SSRP|ASIA_HIGH|20250828|1756380900|FINAL,SSRP|ASIA_HIGH|20250828|1756385400|FINAL,2025.08.28 11:40:00,2025.08.28 12:55:00,75,2025.08.28 11:49:58,true,true,false,DISTINCT_TIMESTAMPED_REARM_EVENT,D032_ACCEPTED_DISTINCT_TRADE,DISTINCT_SETUP_SUPPRESSION
MSZZC1|6:XAUUSD|1:5|2:-1|1:4|18:ASIA_HIGH|20250828,ASIA_HIGH|20250828,SSRP|ASIA_HIGH|20250828|1756380900|FINAL,SSRP|ASIA_HIGH|20250828|1756385700|FINAL,2025.08.28 11:40:00,2025.08.28 13:00:00,80,2025.08.28 11:49:58,true,true,false,DISTINCT_TIMESTAMPED_REARM_EVENT,D032_ACCEPTED_DISTINCT_TRADE,DISTINCT_SETUP_SUPPRESSION
MSZZC1|6:XAUUSD|1:5|2:-1|1:4|18:ASIA_HIGH|20250828,ASIA_HIGH|20250828,SSRP|ASIA_HIGH|20250828|1756380900|FINAL,SSRP|ASIA_HIGH|20250828|1756395600|FINAL,2025.08.28 11:40:00,2025.08.28 15:55:00,255,2025.08.28 11:49:58,true,true,false,DISTINCT_TIMESTAMPED_REARM_EVENT,D032_ACCEPTED_DISTINCT_TRADE,DISTINCT_SETUP_SUPPRESSION
MSZZC1|6:XAUUSD|1:5|2:-1|1:4|18:ASIA_HIGH|20250828,ASIA_HIGH|20250828,SSRP|ASIA_HIGH|20250828|1756380900|FINAL,SSRP|ASIA_HIGH|20250828|1756396500|FINAL,2025.08.28 11:40:00,2025.08.28 16:05:00,265,2025.08.28 11:49:58,true,false,false,DISTINCT_TIMESTAMPED_REARM_EVENT,D032_REJECTED_BY_SAME_FAMILY_STACKING,DISTINCT_SETUP_SUPPRESSION
MSZZC1|6:XAUUSD|1:5|2:-1|1:4|18:ASIA_HIGH|20250828,ASIA_HIGH|20250828,SSRP|ASIA_HIGH|20250828|1756380900|FINAL,SSRP|ASIA_HIGH|20250828|1756397100|FINAL,2025.08.28 11:40:00,2025.08.28 16:10:00,270,2025.08.28 11:49:58,true,false,false,DISTINCT_TIMESTAMPED_REARM_EVENT,D032_REJECTED_BY_SAME_FAMILY_STACKING,DISTINCT_SETUP_SUPPRESSION
MSZZC1|6:XAUUSD|1:5|1:1|1:4|17:ASIA_LOW|20250829,ASIA_LOW|20250829,SSRP|ASIA_LOW|20250829|1756455300|FINAL,SSRP|ASIA_LOW|20250829|1756455600|FINAL,2025.08.29 08:20:00,2025.08.29 08:25:00,5,2025.08.29 08:39:57,false,false,false,DISTINCT_TIMESTAMPED_REARM_EVENT,D032_REJECTED_BY_SAME_FAMILY_STACKING,DISTINCT_SETUP_SUPPRESSION
MSZZC1|6:XAUUSD|1:5|1:1|1:4|17:ASIA_LOW|20250829,ASIA_LOW|20250829,SSRP|ASIA_LOW|20250829|1756455300|FINAL,SSRP|ASIA_LOW|20250829|1756463100|FINAL,2025.08.29 08:20:00,2025.08.29 10:35:00,135,2025.08.29 08:39:57,true,true,false,DISTINCT_TIMESTAMPED_REARM_EVENT,D032_ACCEPTED_DISTINCT_TRADE,DISTINCT_SETUP_SUPPRESSION
MSZZC1|6:XAUUSD|1:5|1:1|1:4|17:ASIA_LOW|20250829,ASIA_LOW|20250829,SSRP|ASIA_LOW|20250829|1756455300|FINAL,SSRP|ASIA_LOW|20250829|1756463700|FINAL,2025.08.29 08:20:00,2025.08.29 10:40:00,140,2025.08.29 08:39:57,true,false,false,DISTINCT_TIMESTAMPED_REARM_EVENT,D032_REJECTED_BY_SAME_FAMILY_STACKING,DISTINCT_SETUP_SUPPRESSION
MSZZC1|6:XAUUSD|1:5|1:1|1:4|17:ASIA_LOW|20250829,ASIA_LOW|20250829,SSRP|ASIA_LOW|20250829|1756455300|FINAL,SSRP|ASIA_LOW|20250829|1756470900|FINAL,2025.08.29 08:20:00,2025.08.29 12:40:00,260,2025.08.29 08:39:57,true,true,false,DISTINCT_TIMESTAMPED_REARM_EVENT,D032_ACCEPTED_DISTINCT_TRADE,DISTINCT_SETUP_SUPPRESSION
MSZZC1|6:XAUUSD|1:5|1:1|1:4|17:ASIA_LOW|20250829,ASIA_LOW|20250829,SSRP|ASIA_LOW|20250829|1756455300|FINAL,SSRP|ASIA_LOW|20250829|1756471200|FINAL,2025.08.29 08:20:00,2025.08.29 12:45:00,265,2025.08.29 08:39:57,true,false,false,DISTINCT_TIMESTAMPED_REARM_EVENT,D032_REJECTED_BY_SAME_FAMILY_STACKING,DISTINCT_SETUP_SUPPRESSION
MSZZC1|6:XAUUSD|1:5|1:1|1:4|17:ASIA_LOW|20250829,ASIA_LOW|20250829,SSRP|ASIA_LOW|20250829|1756455300|FINAL,SSRP|ASIA_LOW|20250829|1756477200|FINAL,2025.08.29 08:20:00,2025.08.29 14:30:00,370,2025.08.29 08:39:57,true,true,false,DISTINCT_TIMESTAMPED_REARM_EVENT,D032_ACCEPTED_DISTINCT_TRADE,DISTINCT_SETUP_SUPPRESSION
MSZZC1|6:XAUUSD|1:5|1:1|1:4|17:ASIA_LOW|20250829,ASIA_LOW|20250829,SSRP|ASIA_LOW|20250829|1756455300|FINAL,SSRP|ASIA_LOW|20250829|1756477800|FINAL,2025.08.29 08:20:00,2025.08.29 14:35:00,375,2025.08.29 08:39:57,true,false,false,DISTINCT_TIMESTAMPED_REARM_EVENT,D032_REJECTED_BY_SAME_FAMILY_STACKING,DISTINCT_SETUP_SUPPRESSION
MSZZC1|6:XAUUSD|1:5|1:1|1:4|17:ASIA_LOW|20250829,ASIA_LOW|20250829,SSRP|ASIA_LOW|20250829|1756455300|FINAL,SSRP|ASIA_LOW|20250829|1756478100|FINAL,2025.08.29 08:20:00,2025.08.29 14:40:00,380,2025.08.29 08:39:57,true,false,false,DISTINCT_TIMESTAMPED_REARM_EVENT,D032_REJECTED_BY_SAME_FAMILY_STACKING,DISTINCT_SETUP_SUPPRESSION
MSZZC1|6:XAUUSD|1:5|1:1|1:4|17:ASIA_LOW|20250829,ASIA_LOW|20250829,SSRP|ASIA_LOW|20250829|1756455300|FINAL,SSRP|ASIA_LOW|20250829|1756478400|FINAL,2025.08.29 08:20:00,2025.08.29 14:45:00,385,2025.08.29 08:39:57,true,false,false,DISTINCT_TIMESTAMPED_REARM_EVENT,D032_REJECTED_BY_SAME_FAMILY_STACKING,DISTINCT_SETUP_SUPPRESSION
MSZZC1|6:XAUUSD|1:5|1:1|1:4|17:ASIA_LOW|20250829,ASIA_LOW|20250829,SSRP|ASIA_LOW|20250829|1756455300|FINAL,SSRP|ASIA_LOW|20250829|1756480500|FINAL,2025.08.29 08:20:00,2025.08.29 15:20:00,420,2025.08.29 08:39:57,true,false,false,DISTINCT_TIMESTAMPED_REARM_EVENT,D032_REJECTED_BY_SAME_FAMILY_STACKING,DISTINCT_SETUP_SUPPRESSION
MSZZC1|6:XAUUSD|1:5|2:-1|1:4|18:ASIA_HIGH|20250829,ASIA_HIGH|20250829,SSRP|ASIA_HIGH|20250829|1756483800|FINAL,SSRP|ASIA_HIGH|20250829|1756484100|FINAL,2025.08.29 16:15:00,2025.08.29 16:20:00,5,2025.08.29 16:34:58,false,false,false,DISTINCT_TIMESTAMPED_REARM_EVENT,D032_REJECTED_BY_SAME_FAMILY_STACKING,DISTINCT_SETUP_SUPPRESSION
MSZZC1|6:XAUUSD|1:5|2:-1|1:4|18:ASIA_HIGH|20250829,ASIA_HIGH|20250829,SSRP|ASIA_HIGH|20250829|1756483800|FINAL,SSRP|ASIA_HIGH|20250829|1756484400|FINAL,2025.08.29 16:15:00,2025.08.29 16:25:00,10,2025.08.29 16:34:58,false,false,false,DISTINCT_TIMESTAMPED_REARM_EVENT,D032_REJECTED_BY_SAME_FAMILY_STACKING,DISTINCT_SETUP_SUPPRESSION
MSZZC1|6:XAUUSD|1:5|2:-1|1:4|18:ASIA_HIGH|20250901,ASIA_HIGH|20250901,SSRP|ASIA_HIGH|20250901|1756719900|FINAL,SSRP|ASIA_HIGH|20250901|1756720200|FINAL,2025.09.01 09:50:00,2025.09.01 09:55:00,5,2025.09.01 09:59:58,false,true,false,DISTINCT_TIMESTAMPED_REARM_EVENT,D032_ACCEPTED_DISTINCT_TRADE,DISTINCT_SETUP_SUPPRESSION
MSZZC1|6:XAUUSD|1:5|1:1|1:4|17:ASIA_LOW|20250902,ASIA_LOW|20250902,SSRP|ASIA_LOW|20250902|1756810200|FINAL,SSRP|ASIA_LOW|20250902|1756811100|FINAL,2025.09.02 10:55:00,2025.09.02 11:10:00,15,2025.09.02 11:09:57,true,true,false,DISTINCT_TIMESTAMPED_REARM_EVENT,D032_ACCEPTED_DISTINCT_TRADE,DISTINCT_SETUP_SUPPRESSION
MSZZC1|6:XAUUSD|1:5|1:1|1:4|17:ASIA_LOW|20250902,ASIA_LOW|20250902,SSRP|ASIA_LOW|20250902|1756810200|FINAL,SSRP|ASIA_LOW|20250902|1756811400|FINAL,2025.09.02 10:55:00,2025.09.02 11:15:00,20,2025.09.02 11:09:57,true,false,false,DISTINCT_TIMESTAMPED_REARM_EVENT,D032_REJECTED_BY_SAME_FAMILY_STACKING,DISTINCT_SETUP_SUPPRESSION
MSZZC1|6:XAUUSD|1:5|2:-1|1:4|18:ASIA_HIGH|20250903,ASIA_HIGH|20250903,SSRP|ASIA_HIGH|20250903|1756908600|FINAL,SSRP|ASIA_HIGH|20250903|1756910400|FINAL,2025.09.03 14:15:00,2025.09.03 14:50:00,35,2025.09.03 14:34:58,true,true,false,DISTINCT_TIMESTAMPED_REARM_EVENT,D032_ACCEPTED_DISTINCT_TRADE,DISTINCT_SETUP_SUPPRESSION
MSZZC1|6:XAUUSD|1:5|2:-1|1:4|18:ASIA_HIGH|20250903,ASIA_HIGH|20250903,SSRP|ASIA_HIGH|20250903|1756908600|FINAL,SSRP|ASIA_HIGH|20250903|1756911600|FINAL,2025.09.03 14:15:00,2025.09.03 15:10:00,55,2025.09.03 14:34:58,true,false,false,DISTINCT_TIMESTAMPED_REARM_EVENT,D032_REJECTED_BY_SAME_FAMILY_STACKING,DISTINCT_SETUP_SUPPRESSION
MSZZC1|6:XAUUSD|1:5|2:-1|1:4|18:ASIA_HIGH|20250903,ASIA_HIGH|20250903,SSRP|ASIA_HIGH|20250903|1756908600|FINAL,SSRP|ASIA_HIGH|20250903|1756912200|FINAL,2025.09.03 14:15:00,2025.09.03 15:15:00,60,2025.09.03 14:34:58,true,false,false,DISTINCT_TIMESTAMPED_REARM_EVENT,D032_REJECTED_BY_SAME_FAMILY_STACKING,DISTINCT_SETUP_SUPPRESSION
MSZZC1|6:XAUUSD|1:5|2:-1|1:4|18:ASIA_HIGH|20250903,ASIA_HIGH|20250903,SSRP|ASIA_HIGH|20250903|1756908600|FINAL,SSRP|ASIA_HIGH|20250903|1756913100|FINAL,2025.09.03 14:15:00,2025.09.03 15:40:00,85,2025.09.03 14:34:58,true,false,false,DISTINCT_TIMESTAMPED_REARM_EVENT,D032_REJECTED_BY_SAME_FAMILY_STACKING,DISTINCT_SETUP_SUPPRESSION
MSZZC1|6:XAUUSD|1:5|2:-1|1:4|18:ASIA_HIGH|20250905,ASIA_HIGH|20250905,SSRP|ASIA_HIGH|20250905|1757059200|FINAL,SSRP|ASIA_HIGH|20250905|1757059500|FINAL,2025.09.05 08:05:00,2025.09.05 08:10:00,5,2025.09.05 09:09:57,false,false,false,DISTINCT_TIMESTAMPED_REARM_EVENT,D032_REJECTED_BY_SAME_FAMILY_STACKING,DISTINCT_SETUP_SUPPRESSION
MSZZC1|6:XAUUSD|1:5|2:-1|1:4|18:ASIA_HIGH|20250905,ASIA_HIGH|20250905,SSRP|ASIA_HIGH|20250905|1757059200|FINAL,SSRP|ASIA_HIGH|20250905|1757061300|FINAL,2025.09.05 08:05:00,2025.09.05 08:40:00,35,2025.09.05 09:09:57,false,false,false,DISTINCT_TIMESTAMPED_REARM_EVENT,D032_REJECTED_BY_SAME_FAMILY_STACKING,DISTINCT_SETUP_SUPPRESSION
MSZZC1|6:XAUUSD|1:5|2:-1|1:4|18:ASIA_HIGH|20250908,ASIA_HIGH|20250908,SSRP|ASIA_HIGH|20250908|1757324400|FINAL,SSRP|ASIA_HIGH|20250908|1757324700|FINAL,2025.09.08 09:45:00,2025.09.08 09:50:00,5,2025.09.08 10:04:58,false,false,false,DISTINCT_TIMESTAMPED_REARM_EVENT,D032_REJECTED_BY_SAME_FAMILY_STACKING,DISTINCT_SETUP_SUPPRESSION
MSZZC1|6:XAUUSD|1:5|2:-1|1:4|18:ASIA_HIGH|20250909,ASIA_HIGH|20250909,SSRP|ASIA_HIGH|20250909|1757406900|FINAL,SSRP|ASIA_HIGH|20250909|1757407200|FINAL,2025.09.09 08:40:00,2025.09.09 08:55:00,15,2025.09.09 08:54:57,true,true,false,DISTINCT_TIMESTAMPED_REARM_EVENT,D032_ACCEPTED_DISTINCT_TRADE,DISTINCT_SETUP_SUPPRESSION
MSZZC1|6:XAUUSD|1:5|2:-1|1:4|18:ASIA_HIGH|20250909,ASIA_HIGH|20250909,SSRP|ASIA_HIGH|20250909|1757406900|FINAL,SSRP|ASIA_HIGH|20250909|1757408100|FINAL,2025.09.09 08:40:00,2025.09.09 09:00:00,20,2025.09.09 08:54:57,true,false,false,DISTINCT_TIMESTAMPED_REARM_EVENT,D032_REJECTED_BY_SAME_FAMILY_STACKING,DISTINCT_SETUP_SUPPRESSION
MSZZC1|6:XAUUSD|1:5|2:-1|1:4|18:ASIA_HIGH|20250909,ASIA_HIGH|20250909,SSRP|ASIA_HIGH|20250909|1757406900|FINAL,SSRP|ASIA_HIGH|20250909|1757437200|FINAL,2025.09.09 08:40:00,2025.09.09 17:05:00,505,2025.09.09 08:54:57,true,true,false,DISTINCT_TIMESTAMPED_REARM_EVENT,D032_ACCEPTED_DISTINCT_TRADE,DISTINCT_SETUP_SUPPRESSION
MSZZC1|6:XAUUSD|1:5|2:-1|1:4|18:ASIA_HIGH|20250909,ASIA_HIGH|20250909,SSRP|ASIA_HIGH|20250909|1757406900|FINAL,SSRP|ASIA_HIGH|20250909|1757437500|FINAL,2025.09.09 08:40:00,2025.09.09 17:10:00,510,2025.09.09 08:54:57,true,false,false,DISTINCT_TIMESTAMPED_REARM_EVENT,D032_REJECTED_BY_SAME_FAMILY_STACKING,DISTINCT_SETUP_SUPPRESSION
MSZZC1|6:XAUUSD|1:5|2:-1|1:4|18:ASIA_HIGH|20250910,ASIA_HIGH|20250910,SSRP|ASIA_HIGH|20250910|1757491500|FINAL,SSRP|ASIA_HIGH|20250910|1757491800|FINAL,2025.09.10 08:10:00,2025.09.10 08:15:00,5,2025.09.10 08:24:58,false,false,false,DISTINCT_TIMESTAMPED_REARM_EVENT,D032_REJECTED_BY_SAME_FAMILY_STACKING,DISTINCT_SETUP_SUPPRESSION
MSZZC1|6:XAUUSD|1:5|2:-1|1:4|18:ASIA_HIGH|20250910,ASIA_HIGH|20250910,SSRP|ASIA_HIGH|20250910|1757491500|FINAL,SSRP|ASIA_HIGH|20250910|1757492700|FINAL,2025.09.10 08:10:00,2025.09.10 08:30:00,20,2025.09.10 08:24:58,true,false,false,DISTINCT_TIMESTAMPED_REARM_EVENT,D032_REJECTED_BY_SAME_FAMILY_STACKING,DISTINCT_SETUP_SUPPRESSION
MSZZC1|6:XAUUSD|1:5|2:-1|1:4|18:ASIA_HIGH|20250910,ASIA_HIGH|20250910,SSRP|ASIA_HIGH|20250910|1757491500|FINAL,SSRP|ASIA_HIGH|20250910|1757493000|FINAL,2025.09.10 08:10:00,2025.09.10 08:35:00,25,2025.09.10 08:24:58,true,false,false,DISTINCT_TIMESTAMPED_REARM_EVENT,D032_REJECTED_BY_SAME_FAMILY_STACKING,DISTINCT_SETUP_SUPPRESSION
MSZZC1|6:XAUUSD|1:5|2:-1|1:4|18:ASIA_HIGH|20250910,ASIA_HIGH|20250910,SSRP|ASIA_HIGH|20250910|1757491500|FINAL,SSRP|ASIA_HIGH|20250910|1757494500|FINAL,2025.09.10 08:10:00,2025.09.10 09:00:00,50,2025.09.10 08:24:58,true,false,false,DISTINCT_TIMESTAMPED_REARM_EVENT,D032_REJECTED_BY_SAME_FAMILY_STACKING,DISTINCT_SETUP_SUPPRESSION
MSZZC1|6:XAUUSD|1:5|2:-1|1:4|18:ASIA_HIGH|20250910,ASIA_HIGH|20250910,SSRP|ASIA_HIGH|20250910|1757491500|FINAL,SSRP|ASIA_HIGH|20250910|1757496000|FINAL,2025.09.10 08:10:00,2025.09.10 09:30:00,80,2025.09.10 08:24:58,true,false,false,DISTINCT_TIMESTAMPED_REARM_EVENT,D032_REJECTED_BY_SAME_FAMILY_STACKING,DISTINCT_SETUP_SUPPRESSION
MSZZC1|6:XAUUSD|1:5|2:-1|1:4|18:ASIA_HIGH|20250910,ASIA_HIGH|20250910,SSRP|ASIA_HIGH|20250910|1757491500|FINAL,SSRP|ASIA_HIGH|20250910|1757496600|FINAL,2025.09.10 08:10:00,2025.09.10 09:35:00,85,2025.09.10 08:24:58,true,false,false,DISTINCT_TIMESTAMPED_REARM_EVENT,D032_REJECTED_BY_SAME_FAMILY_STACKING,DISTINCT_SETUP_SUPPRESSION
MSZZC1|6:XAUUSD|1:5|2:-1|1:4|18:ASIA_HIGH|20250910,ASIA_HIGH|20250910,SSRP|ASIA_HIGH|20250910|1757491500|FINAL,SSRP|ASIA_HIGH|20250910|1757501400|FINAL,2025.09.10 08:10:00,2025.09.10 11:00:00,170,2025.09.10 08:24:58,true,false,false,DISTINCT_TIMESTAMPED_REARM_EVENT,D032_REJECTED_BY_SAME_FAMILY_STACKING,DISTINCT_SETUP_SUPPRESSION
MSZZC1|6:XAUUSD|1:5|2:-1|1:4|18:ASIA_HIGH|20250910,ASIA_HIGH|20250910,SSRP|ASIA_HIGH|20250910|1757491500|FINAL,SSRP|ASIA_HIGH|20250910|1757502600|FINAL,2025.09.10 08:10:00,2025.09.10 11:20:00,190,2025.09.10 08:24:58,true,false,false,DISTINCT_TIMESTAMPED_REARM_EVENT,D032_REJECTED_BY_SAME_FAMILY_STACKING,DISTINCT_SETUP_SUPPRESSION
MSZZC1|6:XAUUSD|1:5|2:-1|1:4|18:ASIA_HIGH|20250910,ASIA_HIGH|20250910,SSRP|ASIA_HIGH|20250910|1757491500|FINAL,SSRP|ASIA_HIGH|20250910|1757528100|FINAL,2025.09.10 08:10:00,2025.09.10 18:20:00,610,2025.09.10 08:24:58,true,false,false,DISTINCT_TIMESTAMPED_REARM_EVENT,D032_REJECTED_BY_SAME_FAMILY_STACKING,DISTINCT_SETUP_SUPPRESSION
MSZZC1|6:XAUUSD|1:5|2:-1|1:4|18:ASIA_HIGH|20250910,ASIA_HIGH|20250910,SSRP|ASIA_HIGH|20250910|1757491500|FINAL,SSRP|ASIA_HIGH|20250910|1757530200|FINAL,2025.09.10 08:10:00,2025.09.10 19:05:00,655,2025.09.10 08:24:58,true,false,false,DISTINCT_TIMESTAMPED_REARM_EVENT,D032_REJECTED_BY_SAME_FAMILY_STACKING,DISTINCT_SETUP_SUPPRESSION
MSZZC1|6:XAUUSD|1:5|2:-1|1:4|18:ASIA_HIGH|20250910,ASIA_HIGH|20250910,SSRP|ASIA_HIGH|20250910|1757491500|FINAL,SSRP|ASIA_HIGH|20250910|1757531100|FINAL,2025.09.10 08:10:00,2025.09.10 19:25:00,675,2025.09.10 08:24:58,true,false,false,DISTINCT_TIMESTAMPED_REARM_EVENT,D032_REJECTED_BY_SAME_FAMILY_STACKING,DISTINCT_SETUP_SUPPRESSION
MSZZC1|6:XAUUSD|1:5|2:-1|1:4|18:ASIA_HIGH|20250910,ASIA_HIGH|20250910,SSRP|ASIA_HIGH|20250910|1757491500|FINAL,SSRP|ASIA_HIGH|20250910|1757533800|FINAL,2025.09.10 08:10:00,2025.09.10 19:55:00,705,2025.09.10 08:24:58,true,false,false,DISTINCT_TIMESTAMPED_REARM_EVENT,D032_REJECTED_BY_SAME_FAMILY_STACKING,DISTINCT_SETUP_SUPPRESSION
MSZZC1|6:XAUUSD|1:5|2:-1|1:4|18:ASIA_HIGH|20250910,ASIA_HIGH|20250910,SSRP|ASIA_HIGH|20250910|1757491500|FINAL,SSRP|ASIA_HIGH|20250910|1757534100|FINAL,2025.09.10 08:10:00,2025.09.10 20:20:00,730,2025.09.10 08:24:58,true,false,false,DISTINCT_TIMESTAMPED_REARM_EVENT,D032_REJECTED_BY_SAME_FAMILY_STACKING,DISTINCT_SETUP_SUPPRESSION
MSZZC1|6:XAUUSD|1:5|2:-1|1:4|18:ASIA_HIGH|20250910,ASIA_HIGH|20250910,SSRP|ASIA_HIGH|20250910|1757491500|FINAL,SSRP|ASIA_HIGH|20250910|1757541900|FINAL,2025.09.10 08:10:00,2025.09.10 22:15:00,845,2025.09.10 08:24:58,true,false,false,DISTINCT_TIMESTAMPED_REARM_EVENT,D032_REJECTED_BY_SAME_FAMILY_STACKING,DISTINCT_SETUP_SUPPRESSION
MSZZC1|6:XAUUSD|1:5|2:-1|1:4|18:ASIA_HIGH|20250910,ASIA_HIGH|20250910,SSRP|ASIA_HIGH|20250910|1757491500|FINAL,SSRP|ASIA_HIGH|20250910|1757542500|FINAL,2025.09.10 08:10:00,2025.09.10 22:20:00,850,2025.09.10 08:24:58,true,false,false,DISTINCT_TIMESTAMPED_REARM_EVENT,D032_REJECTED_BY_SAME_FAMILY_STACKING,DISTINCT_SETUP_SUPPRESSION
MSZZC1|6:XAUUSD|1:5|1:1|1:4|17:ASIA_LOW|20250911,ASIA_LOW|20250911,SSRP|ASIA_LOW|20250911|1757579400|FINAL,SSRP|ASIA_LOW|20250911|1757581200|FINAL,2025.09.11 08:35:00,2025.09.11 09:05:00,30,2025.09.11 08:59:57,true,false,false,DISTINCT_TIMESTAMPED_REARM_EVENT,D032_REJECTED_BY_SAME_FAMILY_STACKING,DISTINCT_SETUP_SUPPRESSION
MSZZC1|6:XAUUSD|1:5|1:1|1:4|17:ASIA_LOW|20250911,ASIA_LOW|20250911,SSRP|ASIA_LOW|20250911|1757579400|FINAL,SSRP|ASIA_LOW|20250911|1757581500|FINAL,2025.09.11 08:35:00,2025.09.11 09:10:00,35,2025.09.11 08:59:57,true,false,false,DISTINCT_TIMESTAMPED_REARM_EVENT,D032_REJECTED_BY_SAME_FAMILY_STACKING,DISTINCT_SETUP_SUPPRESSION
MSZZC1|6:XAUUSD|1:5|1:1|1:4|17:ASIA_LOW|20250911,ASIA_LOW|20250911,SSRP|ASIA_LOW|20250911|1757579400|FINAL,SSRP|ASIA_LOW|20250911|1757587800|FINAL,2025.09.11 08:35:00,2025.09.11 11:00:00,145,2025.09.11 08:59:57,true,false,false,DISTINCT_TIMESTAMPED_REARM_EVENT,D032_REJECTED_BY_SAME_FAMILY_STACKING,DISTINCT_SETUP_SUPPRESSION
MSZZC1|6:XAUUSD|1:5|1:1|1:4|17:ASIA_LOW|20250911,ASIA_LOW|20250911,SSRP|ASIA_LOW|20250911|1757579400|FINAL,SSRP|ASIA_LOW|20250911|1757589000|FINAL,2025.09.11 08:35:00,2025.09.11 11:20:00,165,2025.09.11 08:59:57,true,false,false,DISTINCT_TIMESTAMPED_REARM_EVENT,D032_REJECTED_BY_SAME_FAMILY_STACKING,DISTINCT_SETUP_SUPPRESSION
MSZZC1|6:XAUUSD|1:5|1:1|1:4|17:ASIA_LOW|20250911,ASIA_LOW|20250911,SSRP|ASIA_LOW|20250911|1757579400|FINAL,SSRP|ASIA_LOW|20250911|1757604300|FINAL,2025.09.11 08:35:00,2025.09.11 15:30:00,415,2025.09.11 08:59:57,true,false,false,DISTINCT_TIMESTAMPED_REARM_EVENT,D032_REJECTED_BY_SAME_FAMILY_STACKING,DISTINCT_SETUP_SUPPRESSION
MSZZC1|6:XAUUSD|1:5|1:1|1:4|17:ASIA_LOW|20250911,ASIA_LOW|20250911,SSRP|ASIA_LOW|20250911|1757579400|FINAL,SSRP|ASIA_LOW|20250911|1757604600|FINAL,2025.09.11 08:35:00,2025.09.11 15:35:00,420,2025.09.11 08:59:57,true,false,false,DISTINCT_TIMESTAMPED_REARM_EVENT,D032_REJECTED_BY_SAME_FAMILY_STACKING,DISTINCT_SETUP_SUPPRESSION
MSZZC1|6:XAUUSD|1:5|1:1|1:4|17:ASIA_LOW|20250911,ASIA_LOW|20250911,SSRP|ASIA_LOW|20250911|1757579400|FINAL,SSRP|ASIA_LOW|20250911|1757605500|FINAL,2025.09.11 08:35:00,2025.09.11 15:50:00,435,2025.09.11 08:59:57,true,false,false,DISTINCT_TIMESTAMPED_REARM_EVENT,D032_REJECTED_BY_SAME_FAMILY_STACKING,DISTINCT_SETUP_SUPPRESSION
MSZZC1|6:XAUUSD|1:5|1:1|1:4|17:ASIA_LOW|20250911,ASIA_LOW|20250911,SSRP|ASIA_LOW|20250911|1757579400|FINAL,SSRP|ASIA_LOW|20250911|1757605800|FINAL,2025.09.11 08:35:00,2025.09.11 16:00:00,445,2025.09.11 08:59:57,true,false,false,DISTINCT_TIMESTAMPED_REARM_EVENT,D032_REJECTED_BY_SAME_FAMILY_STACKING,DISTINCT_SETUP_SUPPRESSION
MSZZC1|6:XAUUSD|1:5|1:1|1:4|17:ASIA_LOW|20250911,ASIA_LOW|20250911,SSRP|ASIA_LOW|20250911|1757579400|FINAL,SSRP|ASIA_LOW|20250911|1757606400|FINAL,2025.09.11 08:35:00,2025.09.11 16:05:00,450,2025.09.11 08:59:57,true,false,false,DISTINCT_TIMESTAMPED_REARM_EVENT,D032_REJECTED_BY_SAME_FAMILY_STACKING,DISTINCT_SETUP_SUPPRESSION
MSZZC1|6:XAUUSD|1:5|1:1|1:4|17:ASIA_LOW|20250911,ASIA_LOW|20250911,SSRP|ASIA_LOW|20250911|1757579400|FINAL,SSRP|ASIA_LOW|20250911|1757608500|FINAL,2025.09.11 08:35:00,2025.09.11 16:50:00,495,2025.09.11 08:59:57,true,false,false,DISTINCT_TIMESTAMPED_REARM_EVENT,D032_REJECTED_BY_SAME_FAMILY_STACKING,DISTINCT_SETUP_SUPPRESSION
MSZZC1|6:XAUUSD|1:5|1:1|1:4|17:ASIA_LOW|20250911,ASIA_LOW|20250911,SSRP|ASIA_LOW|20250911|1757579400|FINAL,SSRP|ASIA_LOW|20250911|1757609400|FINAL,2025.09.11 08:35:00,2025.09.11 16:55:00,500,2025.09.11 08:59:57,true,false,false,DISTINCT_TIMESTAMPED_REARM_EVENT,D032_REJECTED_BY_SAME_FAMILY_STACKING,DISTINCT_SETUP_SUPPRESSION
MSZZC1|6:XAUUSD|1:5|1:1|1:4|17:ASIA_LOW|20250911,ASIA_LOW|20250911,SSRP|ASIA_LOW|20250911|1757579400|FINAL,SSRP|ASIA_LOW|20250911|1757610000|FINAL,2025.09.11 08:35:00,2025.09.11 17:05:00,510,2025.09.11 08:59:57,true,false,false,DISTINCT_TIMESTAMPED_REARM_EVENT,D032_REJECTED_BY_SAME_FAMILY_STACKING,DISTINCT_SETUP_SUPPRESSION
MSZZC1|6:XAUUSD|1:5|1:1|1:4|17:ASIA_LOW|20250911,ASIA_LOW|20250911,SSRP|ASIA_LOW|20250911|1757579400|FINAL,SSRP|ASIA_LOW|20250911|1757610300|FINAL,2025.09.11 08:35:00,2025.09.11 17:10:00,515,2025.09.11 08:59:57,true,false,false,DISTINCT_TIMESTAMPED_REARM_EVENT,D032_REJECTED_BY_SAME_FAMILY_STACKING,DISTINCT_SETUP_SUPPRESSION
MSZZC1|6:XAUUSD|1:5|1:1|1:4|17:ASIA_LOW|20250911,ASIA_LOW|20250911,SSRP|ASIA_LOW|20250911|1757579400|FINAL,SSRP|ASIA_LOW|20250911|1757612400|FINAL,2025.09.11 08:35:00,2025.09.11 18:00:00,565,2025.09.11 08:59:57,true,false,false,DISTINCT_TIMESTAMPED_REARM_EVENT,D032_REJECTED_BY_SAME_FAMILY_STACKING,DISTINCT_SETUP_SUPPRESSION
MSZZC1|6:XAUUSD|1:5|2:-1|1:4|18:ASIA_HIGH|20250912,ASIA_HIGH|20250912,SSRP|ASIA_HIGH|20250912|1757664600|FINAL,SSRP|ASIA_HIGH|20250912|1757665200|FINAL,2025.09.12 08:20:00,2025.09.12 08:25:00,5,2025.09.12 08:34:57,false,false,false,DISTINCT_TIMESTAMPED_REARM_EVENT,D032_REJECTED_BY_SAME_FAMILY_STACKING,DISTINCT_SETUP_SUPPRESSION
MSZZC1|6:XAUUSD|1:5|2:-1|1:4|18:ASIA_HIGH|20250916,ASIA_HIGH|20250916,SSRP|ASIA_HIGH|20250916|1758018300|FINAL,SSRP|ASIA_HIGH|20250916|1758018900|FINAL,2025.09.16 10:35:00,2025.09.16 10:40:00,5,2025.09.16 11:14:58,false,false,false,DISTINCT_TIMESTAMPED_REARM_EVENT,D032_REJECTED_BY_SAME_FAMILY_STACKING,DISTINCT_SETUP_SUPPRESSION
MSZZC1|6:XAUUSD|1:5|2:-1|1:4|18:ASIA_HIGH|20250916,ASIA_HIGH|20250916,SSRP|ASIA_HIGH|20250916|1758018300|FINAL,SSRP|ASIA_HIGH|20250916|1758036600|FINAL,2025.09.16 10:35:00,2025.09.16 15:35:00,300,2025.09.16 11:14:58,true,true,false,DISTINCT_TIMESTAMPED_REARM_EVENT,D032_ACCEPTED_DISTINCT_TRADE,DISTINCT_SETUP_SUPPRESSION
MSZZC1|6:XAUUSD|1:5|2:-1|1:4|18:ASIA_HIGH|20250916,ASIA_HIGH|20250916,SSRP|ASIA_HIGH|20250916|1758018300|FINAL,SSRP|ASIA_HIGH|20250916|1758036900|FINAL,2025.09.16 10:35:00,2025.09.16 15:50:00,315,2025.09.16 11:14:58,true,false,false,DISTINCT_TIMESTAMPED_REARM_EVENT,D032_REJECTED_BY_SAME_FAMILY_STACKING,DISTINCT_SETUP_SUPPRESSION
MSZZC1|6:XAUUSD|1:5|2:-1|1:4|18:ASIA_HIGH|20250916,ASIA_HIGH|20250916,SSRP|ASIA_HIGH|20250916|1758018300|FINAL,SSRP|ASIA_HIGH|20250916|1758037800|FINAL,2025.09.16 10:35:00,2025.09.16 15:55:00,320,2025.09.16 11:14:58,true,false,false,DISTINCT_TIMESTAMPED_REARM_EVENT,D032_REJECTED_BY_SAME_FAMILY_STACKING,DISTINCT_SETUP_SUPPRESSION
MSZZC1|6:XAUUSD|1:5|2:-1|1:4|18:ASIA_HIGH|20250916,ASIA_HIGH|20250916,SSRP|ASIA_HIGH|20250916|1758018300|FINAL,SSRP|ASIA_HIGH|20250916|1758038100|FINAL,2025.09.16 10:35:00,2025.09.16 16:00:00,325,2025.09.16 11:14:58,true,false,false,DISTINCT_TIMESTAMPED_REARM_EVENT,D032_REJECTED_BY_SAME_FAMILY_STACKING,DISTINCT_SETUP_SUPPRESSION
MSZZC1|6:XAUUSD|1:5|2:-1|1:4|18:ASIA_HIGH|20250916,ASIA_HIGH|20250916,SSRP|ASIA_HIGH|20250916|1758018300|FINAL,SSRP|ASIA_HIGH|20250916|1758044100|FINAL,2025.09.16 10:35:00,2025.09.16 17:50:00,435,2025.09.16 11:14:58,true,true,false,DISTINCT_TIMESTAMPED_REARM_EVENT,D032_ACCEPTED_DISTINCT_TRADE,DISTINCT_SETUP_SUPPRESSION
MSZZC1|6:XAUUSD|1:5|2:-1|1:4|18:ASIA_HIGH|20250916,ASIA_HIGH|20250916,SSRP|ASIA_HIGH|20250916|1758018300|FINAL,SSRP|ASIA_HIGH|20250916|1758051000|FINAL,2025.09.16 10:35:00,2025.09.16 19:35:00,540,2025.09.16 11:14:58,true,false,false,DISTINCT_TIMESTAMPED_REARM_EVENT,D032_REJECTED_BY_SAME_FAMILY_STACKING,DISTINCT_SETUP_SUPPRESSION
MSZZC1|6:XAUUSD|1:5|2:-1|1:4|18:ASIA_HIGH|20250916,ASIA_HIGH|20250916,SSRP|ASIA_HIGH|20250916|1758018300|FINAL,SSRP|ASIA_HIGH|20250916|1758051300|FINAL,2025.09.16 10:35:00,2025.09.16 19:40:00,545,2025.09.16 11:14:58,true,false,false,DISTINCT_TIMESTAMPED_REARM_EVENT,D032_REJECTED_BY_SAME_FAMILY_STACKING,DISTINCT_SETUP_SUPPRESSION
MSZZC1|6:XAUUSD|1:5|2:-1|1:4|18:ASIA_HIGH|20250916,ASIA_HIGH|20250916,SSRP|ASIA_HIGH|20250916|1758018300|FINAL,SSRP|ASIA_HIGH|20250916|1758051900|FINAL,2025.09.16 10:35:00,2025.09.16 20:05:00,570,2025.09.16 11:14:58,true,false,false,DISTINCT_TIMESTAMPED_REARM_EVENT,D032_REJECTED_BY_SAME_FAMILY_STACKING,DISTINCT_SETUP_SUPPRESSION
MSZZC1|6:XAUUSD|1:5|2:-1|1:4|18:ASIA_HIGH|20250916,ASIA_HIGH|20250916,SSRP|ASIA_HIGH|20250916|1758018300|FINAL,SSRP|ASIA_HIGH|20250916|1758053100|FINAL,2025.09.16 10:35:00,2025.09.16 20:10:00,575,2025.09.16 11:14:58,true,false,false,DISTINCT_TIMESTAMPED_REARM_EVENT,D032_REJECTED_BY_SAME_FAMILY_STACKING,DISTINCT_SETUP_SUPPRESSION
MSZZC1|6:XAUUSD|1:5|2:-1|1:4|18:ASIA_HIGH|20250916,ASIA_HIGH|20250916,SSRP|ASIA_HIGH|20250916|1758018300|FINAL,SSRP|ASIA_HIGH|20250916|1758059700|FINAL,2025.09.16 10:35:00,2025.09.16 22:00:00,685,2025.09.16 11:14:58,true,false,false,DISTINCT_TIMESTAMPED_REARM_EVENT,D032_REJECTED_BY_SAME_FAMILY_STACKING,DISTINCT_SETUP_SUPPRESSION
MSZZC1|6:XAUUSD|1:5|2:-1|1:4|18:ASIA_HIGH|20250916,ASIA_HIGH|20250916,SSRP|ASIA_HIGH|20250916|1758018300|FINAL,SSRP|ASIA_HIGH|20250916|1758061200|FINAL,2025.09.16 10:35:00,2025.09.16 22:25:00,710,2025.09.16 11:14:58,true,false,false,DISTINCT_TIMESTAMPED_REARM_EVENT,D032_REJECTED_BY_SAME_FAMILY_STACKING,DISTINCT_SETUP_SUPPRESSION
MSZZC1|6:XAUUSD|1:5|2:-1|1:4|18:ASIA_HIGH|20250916,ASIA_HIGH|20250916,SSRP|ASIA_HIGH|20250916|1758018300|FINAL,SSRP|ASIA_HIGH|20250916|1758061500|FINAL,2025.09.16 10:35:00,2025.09.16 22:30:00,715,2025.09.16 11:14:58,true,false,false,DISTINCT_TIMESTAMPED_REARM_EVENT,D032_REJECTED_BY_SAME_FAMILY_STACKING,DISTINCT_SETUP_SUPPRESSION
MSZZC1|6:XAUUSD|1:5|1:1|1:4|17:ASIA_LOW|20250917,ASIA_LOW|20250917,SSRP|ASIA_LOW|20250917|1758102300|FINAL,SSRP|ASIA_LOW|20250917|1758102600|FINAL,2025.09.17 09:50:00,2025.09.17 09:55:00,5,2025.09.17 10:04:58,false,false,false,DISTINCT_TIMESTAMPED_REARM_EVENT,D032_REJECTED_BY_SAME_FAMILY_STACKING,DISTINCT_SETUP_SUPPRESSION
MSZZC1|6:XAUUSD|1:5|1:1|1:4|17:ASIA_LOW|20250917,ASIA_LOW|20250917,SSRP|ASIA_LOW|20250917|1758102300|FINAL,SSRP|ASIA_LOW|20250917|1758103200|FINAL,2025.09.17 09:50:00,2025.09.17 10:05:00,15,2025.09.17 10:04:58,true,true,false,DISTINCT_TIMESTAMPED_REARM_EVENT,D032_ACCEPTED_DISTINCT_TRADE,DISTINCT_SETUP_SUPPRESSION
MSZZC1|6:XAUUSD|1:5|1:1|1:4|17:ASIA_LOW|20250917,ASIA_LOW|20250917,SSRP|ASIA_LOW|20250917|1758102300|FINAL,SSRP|ASIA_LOW|20250917|1758123000|FINAL,2025.09.17 09:50:00,2025.09.17 15:40:00,350,2025.09.17 10:04:58,true,true,false,DISTINCT_TIMESTAMPED_REARM_EVENT,D032_ACCEPTED_DISTINCT_TRADE,DISTINCT_SETUP_SUPPRESSION
MSZZC1|6:XAUUSD|1:5|1:1|1:4|17:ASIA_LOW|20250917,ASIA_LOW|20250917,SSRP|ASIA_LOW|20250917|1758102300|FINAL,SSRP|ASIA_LOW|20250917|1758123600|FINAL,2025.09.17 09:50:00,2025.09.17 15:45:00,355,2025.09.17 10:04:58,true,false,false,DISTINCT_TIMESTAMPED_REARM_EVENT,D032_REJECTED_BY_SAME_FAMILY_STACKING,DISTINCT_SETUP_SUPPRESSION
MSZZC1|6:XAUUSD|1:5|1:1|1:4|17:ASIA_LOW|20250917,ASIA_LOW|20250917,SSRP|ASIA_LOW|20250917|1758102300|FINAL,SSRP|ASIA_LOW|20250917|1758125100|FINAL,2025.09.17 09:50:00,2025.09.17 16:10:00,380,2025.09.17 10:04:58,true,false,false,DISTINCT_TIMESTAMPED_REARM_EVENT,D032_REJECTED_BY_SAME_FAMILY_STACKING,DISTINCT_SETUP_SUPPRESSION
MSZZC1|6:XAUUSD|1:5|1:1|1:4|17:ASIA_LOW|20250917,ASIA_LOW|20250917,SSRP|ASIA_LOW|20250917|1758102300|FINAL,SSRP|ASIA_LOW|20250917|1758142800|FINAL,2025.09.17 09:50:00,2025.09.17 21:05:00,675,2025.09.17 10:04:58,true,true,false,DISTINCT_TIMESTAMPED_REARM_EVENT,D032_ACCEPTED_DISTINCT_TRADE,DISTINCT_SETUP_SUPPRESSION
MSZZC1|6:XAUUSD|1:5|2:-1|1:4|18:ASIA_HIGH|20250917,ASIA_HIGH|20250917,SSRP|ASIA_HIGH|20250917|1758143100|FINAL,SSRP|ASIA_HIGH|20250917|1758143400|FINAL,2025.09.17 21:10:00,2025.09.17 21:15:00,5,2025.09.17 21:54:58,false,false,false,DISTINCT_TIMESTAMPED_REARM_EVENT,D032_REJECTED_BY_SAME_FAMILY_STACKING,DISTINCT_SETUP_SUPPRESSION
MSZZC1|6:XAUUSD|1:5|1:1|1:4|17:ASIA_LOW|20250918,ASIA_LOW|20250918,SSRP|ASIA_LOW|20250918|1758191100|FINAL,SSRP|ASIA_LOW|20250918|1758191700|FINAL,2025.09.18 10:35:00,2025.09.18 10:40:00,5,2025.09.18 11:59:58,false,false,false,DISTINCT_TIMESTAMPED_REARM_EVENT,D032_REJECTED_BY_SAME_FAMILY_STACKING,DISTINCT_SETUP_SUPPRESSION
MSZZC1|6:XAUUSD|1:5|2:-1|1:4|18:ASIA_HIGH|20250918,ASIA_HIGH|20250918,SSRP|ASIA_HIGH|20250918|1758198600|FINAL,SSRP|ASIA_HIGH|20250918|1758198900|FINAL,2025.09.18 12:35:00,2025.09.18 12:40:00,5,2025.09.18 13:09:58,false,false,false,DISTINCT_TIMESTAMPED_REARM_EVENT,D032_REJECTED_BY_SAME_FAMILY_STACKING,DISTINCT_SETUP_SUPPRESSION
MSZZC1|6:XAUUSD|1:5|2:-1|1:4|18:ASIA_HIGH|20250918,ASIA_HIGH|20250918,SSRP|ASIA_HIGH|20250918|1758198600|FINAL,SSRP|ASIA_HIGH|20250918|1758200400|FINAL,2025.09.18 12:35:00,2025.09.18 13:05:00,30,2025.09.18 13:09:58,false,true,false,DISTINCT_TIMESTAMPED_REARM_EVENT,D032_ACCEPTED_DISTINCT_TRADE,DISTINCT_SETUP_SUPPRESSION
MSZZC1|6:XAUUSD|1:5|2:-1|1:4|18:ASIA_HIGH|20250918,ASIA_HIGH|20250918,SSRP|ASIA_HIGH|20250918|1758198600|FINAL,SSRP|ASIA_HIGH|20250918|1758208800|FINAL,2025.09.18 12:35:00,2025.09.18 15:25:00,170,2025.09.18 13:09:58,true,false,false,DISTINCT_TIMESTAMPED_REARM_EVENT,D032_REJECTED_BY_SAME_FAMILY_STACKING,DISTINCT_SETUP_SUPPRESSION
MSZZC1|6:XAUUSD|1:5|2:-1|1:4|18:ASIA_HIGH|20250918,ASIA_HIGH|20250918,SSRP|ASIA_HIGH|20250918|1758198600|FINAL,SSRP|ASIA_HIGH|20250918|1758209100|FINAL,2025.09.18 12:35:00,2025.09.18 15:30:00,175,2025.09.18 13:09:58,true,false,false,DISTINCT_TIMESTAMPED_REARM_EVENT,D032_REJECTED_BY_SAME_FAMILY_STACKING,DISTINCT_SETUP_SUPPRESSION
MSZZC1|6:XAUUSD|1:5|2:-1|1:4|18:ASIA_HIGH|20250919,ASIA_HIGH|20250919,SSRP|ASIA_HIGH|20250919|1758268800|FINAL,SSRP|ASIA_HIGH|20250919|1758300900|FINAL,2025.09.19 08:10:00,2025.09.19 17:15:00,545,2025.09.19 09:19:58,true,true,false,DISTINCT_TIMESTAMPED_REARM_EVENT,D032_ACCEPTED_DISTINCT_TRADE,DISTINCT_SETUP_SUPPRESSION
MSZZC1|6:XAUUSD|1:5|2:-1|1:4|18:ASIA_HIGH|20250922,ASIA_HIGH|20250922,SSRP|ASIA_HIGH|20250922|1758529200|FINAL,SSRP|ASIA_HIGH|20250922|1758530700|FINAL,2025.09.22 08:25:00,2025.09.22 08:55:00,30,2025.09.22 08:34:58,true,true,false,DISTINCT_TIMESTAMPED_REARM_EVENT,D032_ACCEPTED_DISTINCT_TRADE,DISTINCT_SETUP_SUPPRESSION
MSZZC1|6:XAUUSD|1:5|2:-1|1:4|18:ASIA_HIGH|20250922,ASIA_HIGH|20250922,SSRP|ASIA_HIGH|20250922|1758529200|FINAL,SSRP|ASIA_HIGH|20250922|1758531300|FINAL,2025.09.22 08:25:00,2025.09.22 09:00:00,35,2025.09.22 08:34:58,true,false,false,DISTINCT_TIMESTAMPED_REARM_EVENT,D032_REJECTED_BY_SAME_FAMILY_STACKING,DISTINCT_SETUP_SUPPRESSION
MSZZC1|6:XAUUSD|1:5|2:-1|1:4|18:ASIA_HIGH|20250923,ASIA_HIGH|20250923,SSRP|ASIA_HIGH|20250923|1758664200|FINAL,SSRP|ASIA_HIGH|20250923|1758664800|FINAL,2025.09.23 21:55:00,2025.09.23 22:05:00,10,2025.09.24 10:44:57,false,false,false,DISTINCT_TIMESTAMPED_REARM_EVENT,D032_REJECTED_BY_SAME_FAMILY_STACKING,DISTINCT_SETUP_SUPPRESSION
MSZZC1|6:XAUUSD|1:5|2:-1|1:4|18:ASIA_HIGH|20250923,ASIA_HIGH|20250923,SSRP|ASIA_HIGH|20250923|1758664200|FINAL,SSRP|ASIA_HIGH|20250923|1758665100|FINAL,2025.09.23 21:55:00,2025.09.23 22:10:00,15,2025.09.24 10:44:57,false,false,false,DISTINCT_TIMESTAMPED_REARM_EVENT,D032_REJECTED_BY_SAME_FAMILY_STACKING,DISTINCT_SETUP_SUPPRESSION
MSZZC1|6:XAUUSD|1:5|2:-1|1:4|18:ASIA_HIGH|20250924,ASIA_HIGH|20250924,SSRP|ASIA_HIGH|20250924|1758712500|FINAL,SSRP|ASIA_HIGH|20250924|1758713100|FINAL,2025.09.24 11:25:00,2025.09.24 11:30:00,5,2025.09.24 13:24:58,false,false,false,DISTINCT_TIMESTAMPED_REARM_EVENT,D032_REJECTED_BY_SAME_FAMILY_STACKING,DISTINCT_SETUP_SUPPRESSION
MSZZC1|6:XAUUSD|1:5|2:-1|1:4|18:ASIA_HIGH|20250924,ASIA_HIGH|20250924,SSRP|ASIA_HIGH|20250924|1758712500|FINAL,SSRP|ASIA_HIGH|20250924|1758730800|FINAL,2025.09.24 11:25:00,2025.09.24 16:25:00,300,2025.09.24 13:24:58,true,true,false,DISTINCT_TIMESTAMPED_REARM_EVENT,D032_ACCEPTED_DISTINCT_TRADE,DISTINCT_SETUP_SUPPRESSION
MSZZC1|6:XAUUSD|1:5|2:-1|1:4|18:ASIA_HIGH|20250925,ASIA_HIGH|20250925,SSRP|ASIA_HIGH|20250925|1758796500|FINAL,SSRP|ASIA_HIGH|20250925|1758802500|FINAL,2025.09.25 10:40:00,2025.09.25 12:25:00,105,2025.09.25 10:49:58,true,true,false,DISTINCT_TIMESTAMPED_REARM_EVENT,D032_ACCEPTED_DISTINCT_TRADE,DISTINCT_SETUP_SUPPRESSION
MSZZC1|6:XAUUSD|1:5|2:-1|1:4|18:ASIA_HIGH|20250925,ASIA_HIGH|20250925,SSRP|ASIA_HIGH|20250925|1758796500|FINAL,SSRP|ASIA_HIGH|20250925|1758808500|FINAL,2025.09.25 10:40:00,2025.09.25 14:00:00,200,2025.09.25 10:49:58,true,true,false,DISTINCT_TIMESTAMPED_REARM_EVENT,D032_ACCEPTED_DISTINCT_TRADE,DISTINCT_SETUP_SUPPRESSION
MSZZC1|6:XAUUSD|1:5|2:-1|1:4|18:ASIA_HIGH|20250925,ASIA_HIGH|20250925,SSRP|ASIA_HIGH|20250925|1758796500|FINAL,SSRP|ASIA_HIGH|20250925|1758808800|FINAL,2025.09.25 10:40:00,2025.09.25 14:05:00,205,2025.09.25 10:49:58,true,false,false,DISTINCT_TIMESTAMPED_REARM_EVENT,D032_REJECTED_BY_SAME_FAMILY_STACKING,DISTINCT_SETUP_SUPPRESSION
MSZZC1|6:XAUUSD|1:5|2:-1|1:4|18:ASIA_HIGH|20250925,ASIA_HIGH|20250925,SSRP|ASIA_HIGH|20250925|1758796500|FINAL,SSRP|ASIA_HIGH|20250925|1758811500|FINAL,2025.09.25 10:40:00,2025.09.25 14:50:00,250,2025.09.25 10:49:58,true,false,false,DISTINCT_TIMESTAMPED_REARM_EVENT,D032_REJECTED_BY_SAME_FAMILY_STACKING,DISTINCT_SETUP_SUPPRESSION
MSZZC1|6:XAUUSD|1:5|2:-1|1:4|18:ASIA_HIGH|20250925,ASIA_HIGH|20250925,SSRP|ASIA_HIGH|20250925|1758796500|FINAL,SSRP|ASIA_HIGH|20250925|1758813900|FINAL,2025.09.25 10:40:00,2025.09.25 15:30:00,290,2025.09.25 10:49:58,true,false,false,DISTINCT_TIMESTAMPED_REARM_EVENT,D032_REJECTED_BY_SAME_FAMILY_STACKING,DISTINCT_SETUP_SUPPRESSION
MSZZC1|6:XAUUSD|1:5|2:-1|1:4|18:ASIA_HIGH|20250925,ASIA_HIGH|20250925,SSRP|ASIA_HIGH|20250925|1758796500|FINAL,SSRP|ASIA_HIGH|20250925|1758814200|FINAL,2025.09.25 10:40:00,2025.09.25 15:35:00,295,2025.09.25 10:49:58,true,false,false,DISTINCT_TIMESTAMPED_REARM_EVENT,D032_REJECTED_BY_SAME_FAMILY_STACKING,DISTINCT_SETUP_SUPPRESSION
MSZZC1|6:XAUUSD|1:5|1:1|1:4|17:ASIA_LOW|20250925,ASIA_LOW|20250925,SSRP|ASIA_LOW|20250925|1758818700|FINAL,SSRP|ASIA_LOW|20250925|1758819300|FINAL,2025.09.25 16:55:00,2025.09.25 17:10:00,15,2025.09.26 09:25:00,false,false,false,DISTINCT_TIMESTAMPED_REARM_EVENT,D032_REJECTED_BY_SAME_FAMILY_STACKING,DISTINCT_SETUP_SUPPRESSION
MSZZC1|6:XAUUSD|1:5|1:1|1:4|17:ASIA_LOW|20250925,ASIA_LOW|20250925,SSRP|ASIA_LOW|20250925|1758818700|FINAL,SSRP|ASIA_LOW|20250925|1758820200|FINAL,2025.09.25 16:55:00,2025.09.25 17:15:00,20,2025.09.26 09:25:00,false,false,false,DISTINCT_TIMESTAMPED_REARM_EVENT,D032_REJECTED_BY_SAME_FAMILY_STACKING,DISTINCT_SETUP_SUPPRESSION
MSZZC1|6:XAUUSD|1:5|1:1|1:4|17:ASIA_LOW|20250925,ASIA_LOW|20250925,SSRP|ASIA_LOW|20250925|1758818700|FINAL,SSRP|ASIA_LOW|20250925|1758820500|FINAL,2025.09.25 16:55:00,2025.09.25 17:20:00,25,2025.09.26 09:25:00,false,false,false,DISTINCT_TIMESTAMPED_REARM_EVENT,D032_REJECTED_BY_SAME_FAMILY_STACKING,DISTINCT_SETUP_SUPPRESSION
MSZZC1|6:XAUUSD|1:5|1:1|1:4|17:ASIA_LOW|20250925,ASIA_LOW|20250925,SSRP|ASIA_LOW|20250925|1758818700|FINAL,SSRP|ASIA_LOW|20250925|1758822600|FINAL,2025.09.25 16:55:00,2025.09.25 17:55:00,60,2025.09.26 09:25:00,false,false,false,DISTINCT_TIMESTAMPED_REARM_EVENT,D032_REJECTED_BY_SAME_FAMILY_STACKING,DISTINCT_SETUP_SUPPRESSION
MSZZC1|6:XAUUSD|1:5|1:1|1:4|17:ASIA_LOW|20250925,ASIA_LOW|20250925,SSRP|ASIA_LOW|20250925|1758818700|FINAL,SSRP|ASIA_LOW|20250925|1758822900|FINAL,2025.09.25 16:55:00,2025.09.25 18:05:00,70,2025.09.26 09:25:00,false,false,false,DISTINCT_TIMESTAMPED_REARM_EVENT,D032_REJECTED_BY_SAME_FAMILY_STACKING,DISTINCT_SETUP_SUPPRESSION
MSZZC1|6:XAUUSD|1:5|1:1|1:4|17:ASIA_LOW|20250925,ASIA_LOW|20250925,SSRP|ASIA_LOW|20250925|1758818700|FINAL,SSRP|ASIA_LOW|20250925|1758823500|FINAL,2025.09.25 16:55:00,2025.09.25 18:10:00,75,2025.09.26 09:25:00,false,false,false,DISTINCT_TIMESTAMPED_REARM_EVENT,D032_REJECTED_BY_SAME_FAMILY_STACKING,DISTINCT_SETUP_SUPPRESSION
MSZZC1|6:XAUUSD|1:5|2:-1|1:4|18:ASIA_HIGH|20250925,ASIA_HIGH|20250925,SSRP|ASIA_HIGH|20250925|1758796500|FINAL,SSRP|ASIA_HIGH|20250925|1758838500|FINAL,2025.09.25 10:40:00,2025.09.25 22:20:00,700,2025.09.25 10:49:58,true,false,false,DISTINCT_TIMESTAMPED_REARM_EVENT,D032_REJECTED_BY_SAME_FAMILY_STACKING,DISTINCT_SETUP_SUPPRESSION
MSZZC1|6:XAUUSD|1:5|2:-1|1:4|18:ASIA_HIGH|20250925,ASIA_HIGH|20250925,SSRP|ASIA_HIGH|20250925|1758796500|FINAL,SSRP|ASIA_HIGH|20250925|1758838800|FINAL,2025.09.25 10:40:00,2025.09.25 22:30:00,710,2025.09.25 10:49:58,true,false,false,DISTINCT_TIMESTAMPED_REARM_EVENT,D032_REJECTED_BY_SAME_FAMILY_STACKING,DISTINCT_SETUP_SUPPRESSION
MSZZC1|6:XAUUSD|1:5|2:-1|1:4|18:ASIA_HIGH|20250925,ASIA_HIGH|20250925,SSRP|ASIA_HIGH|20250925|1758796500|FINAL,SSRP|ASIA_HIGH|20250925|1758839400|FINAL,2025.09.25 10:40:00,2025.09.25 22:35:00,715,2025.09.25 10:49:58,true,false,false,DISTINCT_TIMESTAMPED_REARM_EVENT,D032_REJECTED_BY_SAME_FAMILY_STACKING,DISTINCT_SETUP_SUPPRESSION
MSZZC1|6:XAUUSD|1:5|2:-1|1:4|18:ASIA_HIGH|20250925,ASIA_HIGH|20250925,SSRP|ASIA_HIGH|20250925|1758796500|FINAL,SSRP|ASIA_HIGH|20250925|1758843900|FINAL,2025.09.25 10:40:00,2025.09.25 23:50:00,790,2025.09.25 10:49:58,true,false,false,DISTINCT_TIMESTAMPED_REARM_EVENT,D032_REJECTED_BY_SAME_FAMILY_STACKING,DISTINCT_SETUP_SUPPRESSION
MSZZC1|6:XAUUSD|1:5|2:-1|1:4|18:ASIA_HIGH|20250925,ASIA_HIGH|20250925,SSRP|ASIA_HIGH|20250925|1758796500|FINAL,SSRP|ASIA_HIGH|20250925|1758844200|FINAL,2025.09.25 10:40:00,2025.09.25 23:55:00,795,2025.09.25 10:49:58,true,false,false,DISTINCT_TIMESTAMPED_REARM_EVENT,D032_REJECTED_BY_SAME_FAMILY_STACKING,DISTINCT_SETUP_SUPPRESSION
MSZZC1|6:XAUUSD|1:5|2:-1|1:4|18:ASIA_HIGH|20250926,ASIA_HIGH|20250926,SSRP|ASIA_HIGH|20250926|1758878100|FINAL,SSRP|ASIA_HIGH|20250926|1758886800|FINAL,2025.09.26 09:20:00,2025.09.26 11:45:00,145,2025.09.26 09:59:58,true,false,false,DISTINCT_TIMESTAMPED_REARM_EVENT,D032_REJECTED_BY_SAME_FAMILY_STACKING,DISTINCT_SETUP_SUPPRESSION
MSZZC1|6:XAUUSD|1:5|2:-1|1:4|18:ASIA_HIGH|20250926,ASIA_HIGH|20250926,SSRP|ASIA_HIGH|20250926|1758878100|FINAL,SSRP|ASIA_HIGH|20250926|1758887100|FINAL,2025.09.26 09:20:00,2025.09.26 11:55:00,155,2025.09.26 09:59:58,true,false,false,DISTINCT_TIMESTAMPED_REARM_EVENT,D032_REJECTED_BY_SAME_FAMILY_STACKING,DISTINCT_SETUP_SUPPRESSION
MSZZC1|6:XAUUSD|1:5|2:-1|1:4|18:ASIA_HIGH|20250926,ASIA_HIGH|20250926,SSRP|ASIA_HIGH|20250926|1758878100|FINAL,SSRP|ASIA_HIGH|20250926|1758887700|FINAL,2025.09.26 09:20:00,2025.09.26 12:05:00,165,2025.09.26 09:59:58,true,false,false,DISTINCT_TIMESTAMPED_REARM_EVENT,D032_REJECTED_BY_SAME_FAMILY_STACKING,DISTINCT_SETUP_SUPPRESSION
MSZZC1|6:XAUUSD|1:5|2:-1|1:4|18:ASIA_HIGH|20250926,ASIA_HIGH|20250926,SSRP|ASIA_HIGH|20250926|1758878100|FINAL,SSRP|ASIA_HIGH|20250926|1758888300|FINAL,2025.09.26 09:20:00,2025.09.26 12:10:00,170,2025.09.26 09:59:58,true,false,false,DISTINCT_TIMESTAMPED_REARM_EVENT,D032_REJECTED_BY_SAME_FAMILY_STACKING,DISTINCT_SETUP_SUPPRESSION
MSZZC1|6:XAUUSD|1:5|2:-1|1:4|18:ASIA_HIGH|20250926,ASIA_HIGH|20250926,SSRP|ASIA_HIGH|20250926|1758878100|FINAL,SSRP|ASIA_HIGH|20250926|1758891600|FINAL,2025.09.26 09:20:00,2025.09.26 13:10:00,230,2025.09.26 09:59:58,true,false,false,DISTINCT_TIMESTAMPED_REARM_EVENT,D032_REJECTED_BY_SAME_FAMILY_STACKING,DISTINCT_SETUP_SUPPRESSION
MSZZC1|6:XAUUSD|1:5|2:-1|1:4|18:ASIA_HIGH|20250926,ASIA_HIGH|20250926,SSRP|ASIA_HIGH|20250926|1758878100|FINAL,SSRP|ASIA_HIGH|20250926|1758900600|FINAL,2025.09.26 09:20:00,2025.09.26 15:35:00,375,2025.09.26 09:59:58,true,false,false,DISTINCT_TIMESTAMPED_REARM_EVENT,D032_REJECTED_BY_SAME_FAMILY_STACKING,DISTINCT_SETUP_SUPPRESSION
MSZZC1|6:XAUUSD|1:5|2:-1|1:4|18:ASIA_HIGH|20250926,ASIA_HIGH|20250926,SSRP|ASIA_HIGH|20250926|1758878100|FINAL,SSRP|ASIA_HIGH|20250926|1758900900|FINAL,2025.09.26 09:20:00,2025.09.26 15:40:00,380,2025.09.26 09:59:58,true,false,false,DISTINCT_TIMESTAMPED_REARM_EVENT,D032_REJECTED_BY_SAME_FAMILY_STACKING,DISTINCT_SETUP_SUPPRESSION
MSZZC1|6:XAUUSD|1:5|2:-1|1:4|18:ASIA_HIGH|20250926,ASIA_HIGH|20250926,SSRP|ASIA_HIGH|20250926|1758878100|FINAL,SSRP|ASIA_HIGH|20250926|1758901500|FINAL,2025.09.26 09:20:00,2025.09.26 15:50:00,390,2025.09.26 09:59:58,true,false,false,DISTINCT_TIMESTAMPED_REARM_EVENT,D032_REJECTED_BY_SAME_FAMILY_STACKING,DISTINCT_SETUP_SUPPRESSION
MSZZC1|6:XAUUSD|1:5|2:-1|1:4|18:ASIA_HIGH|20250926,ASIA_HIGH|20250926,SSRP|ASIA_HIGH|20250926|1758878100|FINAL,SSRP|ASIA_HIGH|20250926|1758901800|FINAL,2025.09.26 09:20:00,2025.09.26 15:55:00,395,2025.09.26 09:59:58,true,false,false,DISTINCT_TIMESTAMPED_REARM_EVENT,D032_REJECTED_BY_SAME_FAMILY_STACKING,DISTINCT_SETUP_SUPPRESSION
MSZZC1|6:XAUUSD|1:5|2:-1|1:4|18:ASIA_HIGH|20250929,ASIA_HIGH|20250929,SSRP|ASIA_HIGH|20250929|1759133100|FINAL,SSRP|ASIA_HIGH|20250929|1759141500|FINAL,2025.09.29 08:10:00,2025.09.29 10:45:00,155,2025.09.29 08:59:58,true,true,false,DISTINCT_TIMESTAMPED_REARM_EVENT,D032_ACCEPTED_DISTINCT_TRADE,DISTINCT_SETUP_SUPPRESSION
MSZZC1|6:XAUUSD|1:5|2:-1|1:4|18:ASIA_HIGH|20250929,ASIA_HIGH|20250929,SSRP|ASIA_HIGH|20250929|1759133100|FINAL,SSRP|ASIA_HIGH|20250929|1759142700|FINAL,2025.09.29 08:10:00,2025.09.29 10:50:00,160,2025.09.29 08:59:58,true,false,false,DISTINCT_TIMESTAMPED_REARM_EVENT,D032_REJECTED_BY_SAME_FAMILY_STACKING,DISTINCT_SETUP_SUPPRESSION
MSZZC1|6:XAUUSD|1:5|2:-1|1:4|18:ASIA_HIGH|20250929,ASIA_HIGH|20250929,SSRP|ASIA_HIGH|20250929|1759133100|FINAL,SSRP|ASIA_HIGH|20250929|1759149600|FINAL,2025.09.29 08:10:00,2025.09.29 12:45:00,275,2025.09.29 08:59:58,true,true,false,DISTINCT_TIMESTAMPED_REARM_EVENT,D032_ACCEPTED_DISTINCT_TRADE,DISTINCT_SETUP_SUPPRESSION
MSZZC1|6:XAUUSD|1:5|2:-1|1:4|18:ASIA_HIGH|20250929,ASIA_HIGH|20250929,SSRP|ASIA_HIGH|20250929|1759133100|FINAL,SSRP|ASIA_HIGH|20250929|1759149900|FINAL,2025.09.29 08:10:00,2025.09.29 12:50:00,280,2025.09.29 08:59:58,true,false,false,DISTINCT_TIMESTAMPED_REARM_EVENT,D032_REJECTED_BY_SAME_FAMILY_STACKING,DISTINCT_SETUP_SUPPRESSION
MSZZC1|6:XAUUSD|1:5|2:-1|1:4|18:ASIA_HIGH|20250929,ASIA_HIGH|20250929,SSRP|ASIA_HIGH|20250929|1759133100|FINAL,SSRP|ASIA_HIGH|20250929|1759150200|FINAL,2025.09.29 08:10:00,2025.09.29 12:55:00,285,2025.09.29 08:59:58,true,false,false,DISTINCT_TIMESTAMPED_REARM_EVENT,D032_REJECTED_BY_SAME_FAMILY_STACKING,DISTINCT_SETUP_SUPPRESSION
MSZZC1|6:XAUUSD|1:5|2:-1|1:4|18:ASIA_HIGH|20250929,ASIA_HIGH|20250929,SSRP|ASIA_HIGH|20250929|1759133100|FINAL,SSRP|ASIA_HIGH|20250929|1759150800|FINAL,2025.09.29 08:10:00,2025.09.29 13:05:00,295,2025.09.29 08:59:58,true,false,false,DISTINCT_TIMESTAMPED_REARM_EVENT,D032_REJECTED_BY_SAME_FAMILY_STACKING,DISTINCT_SETUP_SUPPRESSION
MSZZC1|6:XAUUSD|1:5|2:-1|1:4|18:ASIA_HIGH|20250930,ASIA_HIGH|20250930,SSRP|ASIA_HIGH|20250930|1759219200|FINAL,SSRP|ASIA_HIGH|20250930|1759219500|FINAL,2025.09.30 08:05:00,2025.09.30 08:10:00,5,2025.09.30 08:59:58,false,false,false,DISTINCT_TIMESTAMPED_REARM_EVENT,D032_REJECTED_BY_SAME_FAMILY_STACKING,DISTINCT_SETUP_SUPPRESSION
MSZZC1|6:XAUUSD|1:5|2:-1|1:4|18:ASIA_HIGH|20250930,ASIA_HIGH|20250930,SSRP|ASIA_HIGH|20250930|1759219200|FINAL,SSRP|ASIA_HIGH|20250930|1759223100|FINAL,2025.09.30 08:05:00,2025.09.30 09:10:00,65,2025.09.30 08:59:58,true,true,false,DISTINCT_TIMESTAMPED_REARM_EVENT,D032_ACCEPTED_DISTINCT_TRADE,DISTINCT_SETUP_SUPPRESSION
MSZZC1|6:XAUUSD|1:5|2:-1|1:4|18:ASIA_HIGH|20250930,ASIA_HIGH|20250930,SSRP|ASIA_HIGH|20250930|1759219200|FINAL,SSRP|ASIA_HIGH|20250930|1759223400|FINAL,2025.09.30 08:05:00,2025.09.30 09:15:00,70,2025.09.30 08:59:58,true,false,false,DISTINCT_TIMESTAMPED_REARM_EVENT,D032_REJECTED_BY_SAME_FAMILY_STACKING,DISTINCT_SETUP_SUPPRESSION
MSZZC1|6:XAUUSD|1:5|2:-1|1:4|18:ASIA_HIGH|20250930,ASIA_HIGH|20250930,SSRP|ASIA_HIGH|20250930|1759219200|FINAL,SSRP|ASIA_HIGH|20250930|1759225200|FINAL,2025.09.30 08:05:00,2025.09.30 09:45:00,100,2025.09.30 08:59:58,true,false,false,DISTINCT_TIMESTAMPED_REARM_EVENT,D032_REJECTED_BY_SAME_FAMILY_STACKING,DISTINCT_SETUP_SUPPRESSION
MSZZC1|6:XAUUSD|1:5|2:-1|1:4|18:ASIA_HIGH|20250930,ASIA_HIGH|20250930,SSRP|ASIA_HIGH|20250930|1759219200|FINAL,SSRP|ASIA_HIGH|20250930|1759225500|FINAL,2025.09.30 08:05:00,2025.09.30 09:50:00,105,2025.09.30 08:59:58,true,false,false,DISTINCT_TIMESTAMPED_REARM_EVENT,D032_REJECTED_BY_SAME_FAMILY_STACKING,DISTINCT_SETUP_SUPPRESSION
MSZZC1|6:XAUUSD|1:5|1:1|1:4|17:ASIA_LOW|20250930,ASIA_LOW|20250930,SSRP|ASIA_LOW|20250930|1759250100|FINAL,SSRP|ASIA_LOW|20250930|1759251000|FINAL,2025.09.30 16:45:00,2025.09.30 17:00:00,15,2025.09.30 17:24:58,false,false,false,DISTINCT_TIMESTAMPED_REARM_EVENT,D032_REJECTED_BY_SAME_FAMILY_STACKING,DISTINCT_SETUP_SUPPRESSION
MSZZC1|6:XAUUSD|1:5|1:1|1:4|17:ASIA_LOW|20250930,ASIA_LOW|20250930,SSRP|ASIA_LOW|20250930|1759250100|FINAL,SSRP|ASIA_LOW|20250930|1759251600|FINAL,2025.09.30 16:45:00,2025.09.30 17:05:00,20,2025.09.30 17:24:58,false,false,false,DISTINCT_TIMESTAMPED_REARM_EVENT,D032_REJECTED_BY_SAME_FAMILY_STACKING,DISTINCT_SETUP_SUPPRESSION
MSZZC1|6:XAUUSD|1:5|2:-1|1:4|18:ASIA_HIGH|20251001,ASIA_HIGH|20251001,SSRP|ASIA_HIGH|20251001|1759332300|FINAL,SSRP|ASIA_HIGH|20251001|1759333200|FINAL,2025.10.01 15:40:00,2025.10.01 15:45:00,5,2025.10.01 17:49:58,false,false,false,DISTINCT_TIMESTAMPED_REARM_EVENT,D032_REJECTED_BY_SAME_FAMILY_STACKING,DISTINCT_SETUP_SUPPRESSION
MSZZC1|6:XAUUSD|1:5|2:-1|1:4|18:ASIA_HIGH|20251001,ASIA_HIGH|20251001,SSRP|ASIA_HIGH|20251001|1759332300|FINAL,SSRP|ASIA_HIGH|20251001|1759333500|FINAL,2025.10.01 15:40:00,2025.10.01 15:50:00,10,2025.10.01 17:49:58,false,false,false,DISTINCT_TIMESTAMPED_REARM_EVENT,D032_REJECTED_BY_SAME_FAMILY_STACKING,DISTINCT_SETUP_SUPPRESSION
MSZZC1|6:XAUUSD|1:5|2:-1|1:4|18:ASIA_HIGH|20251001,ASIA_HIGH|20251001,SSRP|ASIA_HIGH|20251001|1759332300|FINAL,SSRP|ASIA_HIGH|20251001|1759336200|FINAL,2025.10.01 15:40:00,2025.10.01 16:35:00,55,2025.10.01 17:49:58,false,false,false,DISTINCT_TIMESTAMPED_REARM_EVENT,D032_REJECTED_BY_SAME_FAMILY_STACKING,DISTINCT_SETUP_SUPPRESSION
MSZZC1|6:XAUUSD|1:5|2:-1|1:4|18:ASIA_HIGH|20251001,ASIA_HIGH|20251001,SSRP|ASIA_HIGH|20251001|1759332300|FINAL,SSRP|ASIA_HIGH|20251001|1759339800|FINAL,2025.10.01 15:40:00,2025.10.01 17:45:00,125,2025.10.01 17:49:58,false,true,false,DISTINCT_TIMESTAMPED_REARM_EVENT,D032_ACCEPTED_DISTINCT_TRADE,DISTINCT_SETUP_SUPPRESSION
MSZZC1|6:XAUUSD|1:5|2:-1|1:4|18:ASIA_HIGH|20251001,ASIA_HIGH|20251001,SSRP|ASIA_HIGH|20251001|1759332300|FINAL,SSRP|ASIA_HIGH|20251001|1759340700|FINAL,2025.10.01 15:40:00,2025.10.01 17:50:00,130,2025.10.01 17:49:58,true,false,false,DISTINCT_TIMESTAMPED_REARM_EVENT,D032_REJECTED_BY_SAME_FAMILY_STACKING,DISTINCT_SETUP_SUPPRESSION
MSZZC1|6:XAUUSD|1:5|2:-1|1:4|18:ASIA_HIGH|20251001,ASIA_HIGH|20251001,SSRP|ASIA_HIGH|20251001|1759332300|FINAL,SSRP|ASIA_HIGH|20251001|1759341600|FINAL,2025.10.01 15:40:00,2025.10.01 18:05:00,145,2025.10.01 17:49:58,true,false,false,DISTINCT_TIMESTAMPED_REARM_EVENT,D032_REJECTED_BY_SAME_FAMILY_STACKING,DISTINCT_SETUP_SUPPRESSION
MSZZC1|6:XAUUSD|1:5|2:-1|1:4|18:ASIA_HIGH|20251002,ASIA_HIGH|20251002,SSRP|ASIA_HIGH|20251002|1759393500|FINAL,SSRP|ASIA_HIGH|20251002|1759397700|FINAL,2025.10.02 08:30:00,2025.10.02 09:45:00,75,2025.10.02 09:14:58,true,false,false,DISTINCT_TIMESTAMPED_REARM_EVENT,D032_REJECTED_BY_SAME_FAMILY_STACKING,DISTINCT_SETUP_SUPPRESSION
MSZZC1|6:XAUUSD|1:5|2:-1|1:4|18:ASIA_HIGH|20251002,ASIA_HIGH|20251002,SSRP|ASIA_HIGH|20251002|1759393500|FINAL,SSRP|ASIA_HIGH|20251002|1759400100|FINAL,2025.10.02 08:30:00,2025.10.02 10:20:00,110,2025.10.02 09:14:58,true,false,false,DISTINCT_TIMESTAMPED_REARM_EVENT,D032_REJECTED_BY_SAME_FAMILY_STACKING,DISTINCT_SETUP_SUPPRESSION
MSZZC1|6:XAUUSD|1:5|2:-1|1:4|18:ASIA_HIGH|20251002,ASIA_HIGH|20251002,SSRP|ASIA_HIGH|20251002|1759393500|FINAL,SSRP|ASIA_HIGH|20251002|1759400400|FINAL,2025.10.02 08:30:00,2025.10.02 10:25:00,115,2025.10.02 09:14:58,true,false,false,DISTINCT_TIMESTAMPED_REARM_EVENT,D032_REJECTED_BY_SAME_FAMILY_STACKING,DISTINCT_SETUP_SUPPRESSION
MSZZC1|6:XAUUSD|1:5|2:-1|1:4|18:ASIA_HIGH|20251002,ASIA_HIGH|20251002,SSRP|ASIA_HIGH|20251002|1759393500|FINAL,SSRP|ASIA_HIGH|20251002|1759400700|FINAL,2025.10.02 08:30:00,2025.10.02 10:30:00,120,2025.10.02 09:14:58,true,false,false,DISTINCT_TIMESTAMPED_REARM_EVENT,D032_REJECTED_BY_SAME_FAMILY_STACKING,DISTINCT_SETUP_SUPPRESSION
MSZZC1|6:XAUUSD|1:5|2:-1|1:4|18:ASIA_HIGH|20251002,ASIA_HIGH|20251002,SSRP|ASIA_HIGH|20251002|1759393500|FINAL,SSRP|ASIA_HIGH|20251002|1759424700|FINAL,2025.10.02 08:30:00,2025.10.02 17:15:00,525,2025.10.02 09:14:58,true,true,false,DISTINCT_TIMESTAMPED_REARM_EVENT,D032_ACCEPTED_DISTINCT_TRADE,DISTINCT_SETUP_SUPPRESSION
MSZZC1|6:XAUUSD|1:5|2:-1|1:4|18:ASIA_HIGH|20251002,ASIA_HIGH|20251002,SSRP|ASIA_HIGH|20251002|1759393500|FINAL,SSRP|ASIA_HIGH|20251002|1759425300|FINAL,2025.10.02 08:30:00,2025.10.02 17:20:00,530,2025.10.02 09:14:58,true,false,false,DISTINCT_TIMESTAMPED_REARM_EVENT,D032_REJECTED_BY_SAME_FAMILY_STACKING,DISTINCT_SETUP_SUPPRESSION
MSZZC1|6:XAUUSD|1:5|1:1|1:4|17:ASIA_LOW|20251002,ASIA_LOW|20251002,SSRP|ASIA_LOW|20251002|1759442100|FINAL,SSRP|ASIA_LOW|20251002|1759442400|FINAL,2025.10.02 22:00:00,2025.10.02 22:05:00,5,2025.10.03 04:34:58,false,false,false,DISTINCT_TIMESTAMPED_REARM_EVENT,D032_REJECTED_BY_SAME_FAMILY_STACKING,DISTINCT_SETUP_SUPPRESSION
MSZZC1|6:XAUUSD|1:5|2:-1|1:4|18:ASIA_HIGH|20251003,ASIA_HIGH|20251003,SSRP|ASIA_HIGH|20251003|1759488000|FINAL,SSRP|ASIA_HIGH|20251003|1759488300|FINAL,2025.10.03 10:45:00,2025.10.03 11:05:00,20,2025.10.03 11:09:57,false,true,false,DISTINCT_TIMESTAMPED_REARM_EVENT,D032_ACCEPTED_DISTINCT_TRADE,DISTINCT_SETUP_SUPPRESSION
MSZZC1|6:XAUUSD|1:5|2:-1|1:4|18:ASIA_HIGH|20251003,ASIA_HIGH|20251003,SSRP|ASIA_HIGH|20251003|1759488000|FINAL,SSRP|ASIA_HIGH|20251003|1759489500|FINAL,2025.10.03 10:45:00,2025.10.03 11:10:00,25,2025.10.03 11:09:57,true,false,false,DISTINCT_TIMESTAMPED_REARM_EVENT,D032_REJECTED_BY_SAME_FAMILY_STACKING,DISTINCT_SETUP_SUPPRESSION
MSZZC1|6:XAUUSD|1:5|2:-1|1:4|18:ASIA_HIGH|20251003,ASIA_HIGH|20251003,SSRP|ASIA_HIGH|20251003|1759488000|FINAL,SSRP|ASIA_HIGH|20251003|1759492500|FINAL,2025.10.03 10:45:00,2025.10.03 12:00:00,75,2025.10.03 11:09:57,true,false,false,DISTINCT_TIMESTAMPED_REARM_EVENT,D032_REJECTED_BY_SAME_FAMILY_STACKING,DISTINCT_SETUP_SUPPRESSION
MSZZC1|6:XAUUSD|1:5|2:-1|1:4|18:ASIA_HIGH|20251003,ASIA_HIGH|20251003,SSRP|ASIA_HIGH|20251003|1759488000|FINAL,SSRP|ASIA_HIGH|20251003|1759492800|FINAL,2025.10.03 10:45:00,2025.10.03 12:05:00,80,2025.10.03 11:09:57,true,false,false,DISTINCT_TIMESTAMPED_REARM_EVENT,D032_REJECTED_BY_SAME_FAMILY_STACKING,DISTINCT_SETUP_SUPPRESSION
MSZZC1|6:XAUUSD|1:5|2:-1|1:4|18:ASIA_HIGH|20251003,ASIA_HIGH|20251003,SSRP|ASIA_HIGH|20251003|1759488000|FINAL,SSRP|ASIA_HIGH|20251003|1759497000|FINAL,2025.10.03 10:45:00,2025.10.03 13:20:00,155,2025.10.03 11:09:57,true,true,false,DISTINCT_TIMESTAMPED_REARM_EVENT,D032_ACCEPTED_DISTINCT_TRADE,DISTINCT_SETUP_SUPPRESSION
MSZZC1|6:XAUUSD|1:5|2:-1|1:4|18:ASIA_HIGH|20251003,ASIA_HIGH|20251003,SSRP|ASIA_HIGH|20251003|1759488000|FINAL,SSRP|ASIA_HIGH|20251003|1759497600|FINAL,2025.10.03 10:45:00,2025.10.03 13:25:00,160,2025.10.03 11:09:57,true,false,false,DISTINCT_TIMESTAMPED_REARM_EVENT,D032_REJECTED_BY_SAME_FAMILY_STACKING,DISTINCT_SETUP_SUPPRESSION
MSZZC1|6:XAUUSD|1:5|2:-1|1:4|18:ASIA_HIGH|20251003,ASIA_HIGH|20251003,SSRP|ASIA_HIGH|20251003|1759488000|FINAL,SSRP|ASIA_HIGH|20251003|1759499700|FINAL,2025.10.03 10:45:00,2025.10.03 14:10:00,205,2025.10.03 11:09:57,true,true,false,DISTINCT_TIMESTAMPED_REARM_EVENT,D032_ACCEPTED_DISTINCT_TRADE,DISTINCT_SETUP_SUPPRESSION
MSZZC1|6:XAUUSD|1:5|2:-1|1:4|18:ASIA_HIGH|20251003,ASIA_HIGH|20251003,SSRP|ASIA_HIGH|20251003|1759488000|FINAL,SSRP|ASIA_HIGH|20251003|1759500600|FINAL,2025.10.03 10:45:00,2025.10.03 14:15:00,210,2025.10.03 11:09:57,true,false,false,DISTINCT_TIMESTAMPED_REARM_EVENT,D032_REJECTED_BY_SAME_FAMILY_STACKING,DISTINCT_SETUP_SUPPRESSION
MSZZC1|6:XAUUSD|1:5|2:-1|1:4|18:ASIA_HIGH|20251003,ASIA_HIGH|20251003,SSRP|ASIA_HIGH|20251003|1759488000|FINAL,SSRP|ASIA_HIGH|20251003|1759503000|FINAL,2025.10.03 10:45:00,2025.10.03 14:55:00,250,2025.10.03 11:09:57,true,false,false,DISTINCT_TIMESTAMPED_REARM_EVENT,D032_REJECTED_BY_SAME_FAMILY_STACKING,DISTINCT_SETUP_SUPPRESSION
MSZZC1|6:XAUUSD|1:5|2:-1|1:4|18:ASIA_HIGH|20251003,ASIA_HIGH|20251003,SSRP|ASIA_HIGH|20251003|1759488000|FINAL,SSRP|ASIA_HIGH|20251003|1759503300|FINAL,2025.10.03 10:45:00,2025.10.03 15:00:00,255,2025.10.03 11:09:57,true,false,false,DISTINCT_TIMESTAMPED_REARM_EVENT,D032_REJECTED_BY_SAME_FAMILY_STACKING,DISTINCT_SETUP_SUPPRESSION
MSZZC1|6:XAUUSD|1:5|2:-1|1:4|18:ASIA_HIGH|20251003,ASIA_HIGH|20251003,SSRP|ASIA_HIGH|20251003|1759488000|FINAL,SSRP|ASIA_HIGH|20251003|1759504500|FINAL,2025.10.03 10:45:00,2025.10.03 15:20:00,275,2025.10.03 11:09:57,true,false,false,DISTINCT_TIMESTAMPED_REARM_EVENT,D032_REJECTED_BY_SAME_FAMILY_STACKING,DISTINCT_SETUP_SUPPRESSION
MSZZC1|6:XAUUSD|1:5|2:-1|1:4|18:ASIA_HIGH|20251006,ASIA_HIGH|20251006,SSRP|ASIA_HIGH|20251006|1759737900|FINAL,SSRP|ASIA_HIGH|20251006|1759749900|FINAL,2025.10.06 08:15:00,2025.10.06 11:30:00,195,2025.10.06 11:04:58,true,true,false,DISTINCT_TIMESTAMPED_REARM_EVENT,D032_ACCEPTED_DISTINCT_TRADE,DISTINCT_SETUP_SUPPRESSION
MSZZC1|6:XAUUSD|1:5|2:-1|1:4|18:ASIA_HIGH|20251006,ASIA_HIGH|20251006,SSRP|ASIA_HIGH|20251006|1759737900|FINAL,SSRP|ASIA_HIGH|20251006|1759750200|FINAL,2025.10.06 08:15:00,2025.10.06 11:35:00,200,2025.10.06 11:04:58,true,false,false,DISTINCT_TIMESTAMPED_REARM_EVENT,D032_REJECTED_BY_SAME_FAMILY_STACKING,DISTINCT_SETUP_SUPPRESSION
MSZZC1|6:XAUUSD|1:5|2:-1|1:4|18:ASIA_HIGH|20251006,ASIA_HIGH|20251006,SSRP|ASIA_HIGH|20251006|1759737900|FINAL,SSRP|ASIA_HIGH|20251006|1759752900|FINAL,2025.10.06 08:15:00,2025.10.06 12:20:00,245,2025.10.06 11:04:58,true,true,false,DISTINCT_TIMESTAMPED_REARM_EVENT,D032_ACCEPTED_DISTINCT_TRADE,DISTINCT_SETUP_SUPPRESSION
MSZZC1|6:XAUUSD|1:5|2:-1|1:4|18:ASIA_HIGH|20251006,ASIA_HIGH|20251006,SSRP|ASIA_HIGH|20251006|1759737900|FINAL,SSRP|ASIA_HIGH|20251006|1759753800|FINAL,2025.10.06 08:15:00,2025.10.06 12:40:00,265,2025.10.06 11:04:58,true,true,false,DISTINCT_TIMESTAMPED_REARM_EVENT,D032_ACCEPTED_DISTINCT_TRADE,DISTINCT_SETUP_SUPPRESSION
MSZZC1|6:XAUUSD|1:5|2:-1|1:4|18:ASIA_HIGH|20251006,ASIA_HIGH|20251006,SSRP|ASIA_HIGH|20251006|1759737900|FINAL,SSRP|ASIA_HIGH|20251006|1759755300|FINAL,2025.10.06 08:15:00,2025.10.06 13:05:00,290,2025.10.06 11:04:58,true,false,false,DISTINCT_TIMESTAMPED_REARM_EVENT,D032_REJECTED_BY_SAME_FAMILY_STACKING,DISTINCT_SETUP_SUPPRESSION
MSZZC1|6:XAUUSD|1:5|2:-1|1:4|18:ASIA_HIGH|20251006,ASIA_HIGH|20251006,SSRP|ASIA_HIGH|20251006|1759737900|FINAL,SSRP|ASIA_HIGH|20251006|1759755900|FINAL,2025.10.06 08:15:00,2025.10.06 13:10:00,295,2025.10.06 11:04:58,true,false,false,DISTINCT_TIMESTAMPED_REARM_EVENT,D032_REJECTED_BY_SAME_FAMILY_STACKING,DISTINCT_SETUP_SUPPRESSION
MSZZC1|6:XAUUSD|1:5|2:-1|1:4|18:ASIA_HIGH|20251006,ASIA_HIGH|20251006,SSRP|ASIA_HIGH|20251006|1759737900|FINAL,SSRP|ASIA_HIGH|20251006|1759756800|FINAL,2025.10.06 08:15:00,2025.10.06 13:25:00,310,2025.10.06 11:04:58,true,false,false,DISTINCT_TIMESTAMPED_REARM_EVENT,D032_REJECTED_BY_SAME_FAMILY_STACKING,DISTINCT_SETUP_SUPPRESSION
MSZZC1|6:XAUUSD|1:5|2:-1|1:4|18:ASIA_HIGH|20251006,ASIA_HIGH|20251006,SSRP|ASIA_HIGH|20251006|1759737900|FINAL,SSRP|ASIA_HIGH|20251006|1759758900|FINAL,2025.10.06 08:15:00,2025.10.06 14:05:00,350,2025.10.06 11:04:58,true,true,false,DISTINCT_TIMESTAMPED_REARM_EVENT,D032_ACCEPTED_DISTINCT_TRADE,DISTINCT_SETUP_SUPPRESSION
MSZZC1|6:XAUUSD|1:5|2:-1|1:4|18:ASIA_HIGH|20251006,ASIA_HIGH|20251006,SSRP|ASIA_HIGH|20251006|1759737900|FINAL,SSRP|ASIA_HIGH|20251006|1759759500|FINAL,2025.10.06 08:15:00,2025.10.06 14:10:00,355,2025.10.06 11:04:58,true,false,false,DISTINCT_TIMESTAMPED_REARM_EVENT,D032_REJECTED_BY_SAME_FAMILY_STACKING,DISTINCT_SETUP_SUPPRESSION
MSZZC1|6:XAUUSD|1:5|2:-1|1:4|18:ASIA_HIGH|20251006,ASIA_HIGH|20251006,SSRP|ASIA_HIGH|20251006|1759737900|FINAL,SSRP|ASIA_HIGH|20251006|1759763400|FINAL,2025.10.06 08:15:00,2025.10.06 15:20:00,425,2025.10.06 11:04:58,true,false,false,DISTINCT_TIMESTAMPED_REARM_EVENT,D032_REJECTED_BY_SAME_FAMILY_STACKING,DISTINCT_SETUP_SUPPRESSION
MSZZC1|6:XAUUSD|1:5|1:1|1:4|17:ASIA_LOW|20251007,ASIA_LOW|20251007,SSRP|ASIA_LOW|20251007|1759838400|FINAL,SSRP|ASIA_LOW|20251007|1759839000|FINAL,2025.10.07 12:10:00,2025.10.07 12:15:00,5,2025.10.07 15:49:58,false,false,false,DISTINCT_TIMESTAMPED_REARM_EVENT,D032_REJECTED_BY_SAME_FAMILY_STACKING,DISTINCT_SETUP_SUPPRESSION
MSZZC1|6:XAUUSD|1:5|1:1|1:4|17:ASIA_LOW|20251007,ASIA_LOW|20251007,SSRP|ASIA_LOW|20251007|1759838400|FINAL,SSRP|ASIA_LOW|20251007|1759841700|FINAL,2025.10.07 12:10:00,2025.10.07 13:00:00,50,2025.10.07 15:49:58,false,false,false,DISTINCT_TIMESTAMPED_REARM_EVENT,D032_REJECTED_BY_SAME_FAMILY_STACKING,DISTINCT_SETUP_SUPPRESSION
MSZZC1|6:XAUUSD|1:5|1:1|1:4|17:ASIA_LOW|20251007,ASIA_LOW|20251007,SSRP|ASIA_LOW|20251007|1759838400|FINAL,SSRP|ASIA_LOW|20251007|1759842000|FINAL,2025.10.07 12:10:00,2025.10.07 13:05:00,55,2025.10.07 15:49:58,false,false,false,DISTINCT_TIMESTAMPED_REARM_EVENT,D032_REJECTED_BY_SAME_FAMILY_STACKING,DISTINCT_SETUP_SUPPRESSION
MSZZC1|6:XAUUSD|1:5|2:-1|1:4|18:ASIA_HIGH|20251007,ASIA_HIGH|20251007,SSRP|ASIA_HIGH|20251007|1759854300|FINAL,SSRP|ASIA_HIGH|20251007|1759854600|FINAL,2025.10.07 16:30:00,2025.10.07 16:35:00,5,2025.10.07 17:34:58,false,false,false,DISTINCT_TIMESTAMPED_REARM_EVENT,D032_REJECTED_BY_SAME_FAMILY_STACKING,DISTINCT_SETUP_SUPPRESSION
MSZZC1|6:XAUUSD|1:5|2:-1|1:4|18:ASIA_HIGH|20251007,ASIA_HIGH|20251007,SSRP|ASIA_HIGH|20251007|1759854300|FINAL,SSRP|ASIA_HIGH|20251007|1759855500|FINAL,2025.10.07 16:30:00,2025.10.07 17:00:00,30,2025.10.07 17:34:58,false,false,false,DISTINCT_TIMESTAMPED_REARM_EVENT,D032_REJECTED_BY_SAME_FAMILY_STACKING,DISTINCT_SETUP_SUPPRESSION
MSZZC1|6:XAUUSD|1:5|2:-1|1:4|18:ASIA_HIGH|20251007,ASIA_HIGH|20251007,SSRP|ASIA_HIGH|20251007|1759854300|FINAL,SSRP|ASIA_HIGH|20251007|1759856400|FINAL,2025.10.07 16:30:00,2025.10.07 17:05:00,35,2025.10.07 17:34:58,false,false,false,DISTINCT_TIMESTAMPED_REARM_EVENT,D032_REJECTED_BY_SAME_FAMILY_STACKING,DISTINCT_SETUP_SUPPRESSION
MSZZC1|6:XAUUSD|1:5|2:-1|1:4|18:ASIA_HIGH|20251007,ASIA_HIGH|20251007,SSRP|ASIA_HIGH|20251007|1759854300|FINAL,SSRP|ASIA_HIGH|20251007|1759861800|FINAL,2025.10.07 16:30:00,2025.10.07 18:35:00,125,2025.10.07 17:34:58,true,true,false,DISTINCT_TIMESTAMPED_REARM_EVENT,D032_ACCEPTED_DISTINCT_TRADE,DISTINCT_SETUP_SUPPRESSION
MSZZC1|6:XAUUSD|1:5|2:-1|1:4|18:ASIA_HIGH|20251007,ASIA_HIGH|20251007,SSRP|ASIA_HIGH|20251007|1759854300|FINAL,SSRP|ASIA_HIGH|20251007|1759862100|FINAL,2025.10.07 16:30:00,2025.10.07 18:40:00,130,2025.10.07 17:34:58,true,false,false,DISTINCT_TIMESTAMPED_REARM_EVENT,D032_REJECTED_BY_SAME_FAMILY_STACKING,DISTINCT_SETUP_SUPPRESSION
MSZZC1|6:XAUUSD|1:5|2:-1|1:4|18:ASIA_HIGH|20251007,ASIA_HIGH|20251007,SSRP|ASIA_HIGH|20251007|1759854300|FINAL,SSRP|ASIA_HIGH|20251007|1759865700|FINAL,2025.10.07 16:30:00,2025.10.07 19:45:00,195,2025.10.07 17:34:58,true,false,false,DISTINCT_TIMESTAMPED_REARM_EVENT,D032_REJECTED_BY_SAME_FAMILY_STACKING,DISTINCT_SETUP_SUPPRESSION
MSZZC1|6:XAUUSD|1:5|2:-1|1:4|18:ASIA_HIGH|20251007,ASIA_HIGH|20251007,SSRP|ASIA_HIGH|20251007|1759854300|FINAL,SSRP|ASIA_HIGH|20251007|1759870500|FINAL,2025.10.07 16:30:00,2025.10.07 21:00:00,270,2025.10.07 17:34:58,true,true,false,DISTINCT_TIMESTAMPED_REARM_EVENT,D032_ACCEPTED_DISTINCT_TRADE,DISTINCT_SETUP_SUPPRESSION
MSZZC1|6:XAUUSD|1:5|2:-1|1:4|18:ASIA_HIGH|20251008,ASIA_HIGH|20251008,SSRP|ASIA_HIGH|20251008|1759914300|FINAL,SSRP|ASIA_HIGH|20251008|1759914900|FINAL,2025.10.08 09:15:00,2025.10.08 09:20:00,5,2025.10.08 09:54:58,false,false,false,DISTINCT_TIMESTAMPED_REARM_EVENT,D032_REJECTED_BY_SAME_FAMILY_STACKING,DISTINCT_SETUP_SUPPRESSION
MSZZC1|6:XAUUSD|1:5|2:-1|1:4|18:ASIA_HIGH|20251009,ASIA_HIGH|20251009,SSRP|ASIA_HIGH|20251009|1759998600|FINAL,SSRP|ASIA_HIGH|20251009|1759998900|FINAL,2025.10.09 08:35:00,2025.10.09 08:40:00,5,2025.10.09 09:54:58,false,false,false,DISTINCT_TIMESTAMPED_REARM_EVENT,D032_REJECTED_BY_SAME_FAMILY_STACKING,DISTINCT_SETUP_SUPPRESSION
MSZZC1|6:XAUUSD|1:5|2:-1|1:4|18:ASIA_HIGH|20251009,ASIA_HIGH|20251009,SSRP|ASIA_HIGH|20251009|1759998600|FINAL,SSRP|ASIA_HIGH|20251009|1760011200|FINAL,2025.10.09 08:35:00,2025.10.09 12:05:00,210,2025.10.09 09:54:58,true,true,false,DISTINCT_TIMESTAMPED_REARM_EVENT,D032_ACCEPTED_DISTINCT_TRADE,DISTINCT_SETUP_SUPPRESSION
MSZZC1|6:XAUUSD|1:5|2:-1|1:4|18:ASIA_HIGH|20251009,ASIA_HIGH|20251009,SSRP|ASIA_HIGH|20251009|1759998600|FINAL,SSRP|ASIA_HIGH|20251009|1760011500|FINAL,2025.10.09 08:35:00,2025.10.09 12:10:00,215,2025.10.09 09:54:58,true,false,false,DISTINCT_TIMESTAMPED_REARM_EVENT,D032_REJECTED_BY_SAME_FAMILY_STACKING,DISTINCT_SETUP_SUPPRESSION
MSZZC1|6:XAUUSD|1:5|2:-1|1:4|18:ASIA_HIGH|20251009,ASIA_HIGH|20251009,SSRP|ASIA_HIGH|20251009|1759998600|FINAL,SSRP|ASIA_HIGH|20251009|1760018100|FINAL,2025.10.09 08:35:00,2025.10.09 14:00:00,325,2025.10.09 09:54:58,true,true,false,DISTINCT_TIMESTAMPED_REARM_EVENT,D032_ACCEPTED_DISTINCT_TRADE,DISTINCT_SETUP_SUPPRESSION
MSZZC1|6:XAUUSD|1:5|2:-1|1:4|18:ASIA_HIGH|20251009,ASIA_HIGH|20251009,SSRP|ASIA_HIGH|20251009|1759998600|FINAL,SSRP|ASIA_HIGH|20251009|1760018400|FINAL,2025.10.09 08:35:00,2025.10.09 14:05:00,330,2025.10.09 09:54:58,true,false,false,DISTINCT_TIMESTAMPED_REARM_EVENT,D032_REJECTED_BY_SAME_FAMILY_STACKING,DISTINCT_SETUP_SUPPRESSION
MSZZC1|6:XAUUSD|1:5|2:-1|1:4|18:ASIA_HIGH|20251009,ASIA_HIGH|20251009,SSRP|ASIA_HIGH|20251009|1759998600|FINAL,SSRP|ASIA_HIGH|20251009|1760018700|FINAL,2025.10.09 08:35:00,2025.10.09 14:10:00,335,2025.10.09 09:54:58,true,false,false,DISTINCT_TIMESTAMPED_REARM_EVENT,D032_REJECTED_BY_SAME_FAMILY_STACKING,DISTINCT_SETUP_SUPPRESSION
MSZZC1|6:XAUUSD|1:5|2:-1|1:4|18:ASIA_HIGH|20251009,ASIA_HIGH|20251009,SSRP|ASIA_HIGH|20251009|1759998600|FINAL,SSRP|ASIA_HIGH|20251009|1760022300|FINAL,2025.10.09 08:35:00,2025.10.09 15:15:00,400,2025.10.09 09:54:58,true,false,false,DISTINCT_TIMESTAMPED_REARM_EVENT,D032_REJECTED_BY_SAME_FAMILY_STACKING,DISTINCT_SETUP_SUPPRESSION
MSZZC1|6:XAUUSD|1:5|2:-1|1:4|18:ASIA_HIGH|20251009,ASIA_HIGH|20251009,SSRP|ASIA_HIGH|20251009|1759998600|FINAL,SSRP|ASIA_HIGH|20251009|1760022900|FINAL,2025.10.09 08:35:00,2025.10.09 15:20:00,405,2025.10.09 09:54:58,true,false,false,DISTINCT_TIMESTAMPED_REARM_EVENT,D032_REJECTED_BY_SAME_FAMILY_STACKING,DISTINCT_SETUP_SUPPRESSION
MSZZC1|6:XAUUSD|1:5|2:-1|1:4|18:ASIA_HIGH|20251009,ASIA_HIGH|20251009,SSRP|ASIA_HIGH|20251009|1759998600|FINAL,SSRP|ASIA_HIGH|20251009|1760023500|FINAL,2025.10.09 08:35:00,2025.10.09 15:35:00,420,2025.10.09 09:54:58,true,false,false,DISTINCT_TIMESTAMPED_REARM_EVENT,D032_REJECTED_BY_SAME_FAMILY_STACKING,DISTINCT_SETUP_SUPPRESSION
MSZZC1|6:XAUUSD|1:5|2:-1|1:4|18:ASIA_HIGH|20251009,ASIA_HIGH|20251009,SSRP|ASIA_HIGH|20251009|1759998600|FINAL,SSRP|ASIA_HIGH|20251009|1760027400|FINAL,2025.10.09 08:35:00,2025.10.09 16:40:00,485,2025.10.09 09:54:58,true,true,false,DISTINCT_TIMESTAMPED_REARM_EVENT,D032_ACCEPTED_DISTINCT_TRADE,DISTINCT_SETUP_SUPPRESSION
MSZZC1|6:XAUUSD|1:5|2:-1|1:4|18:ASIA_HIGH|20251009,ASIA_HIGH|20251009,SSRP|ASIA_HIGH|20251009|1759998600|FINAL,SSRP|ASIA_HIGH|20251009|1760028000|FINAL,2025.10.09 08:35:00,2025.10.09 16:45:00,490,2025.10.09 09:54:58,true,false,false,DISTINCT_TIMESTAMPED_REARM_EVENT,D032_REJECTED_BY_SAME_FAMILY_STACKING,DISTINCT_SETUP_SUPPRESSION
MSZZC1|6:XAUUSD|1:5|2:-1|1:4|18:ASIA_HIGH|20251010,ASIA_HIGH|20251010,SSRP|ASIA_HIGH|20251010|1760098200|FINAL,SSRP|ASIA_HIGH|20251010|1760100600|FINAL,2025.10.10 12:15:00,2025.10.10 13:10:00,55,2025.10.10 12:44:58,true,true,false,DISTINCT_TIMESTAMPED_REARM_EVENT,D032_ACCEPTED_DISTINCT_TRADE,DISTINCT_SETUP_SUPPRESSION
MSZZC1|6:XAUUSD|1:5|2:-1|1:4|18:ASIA_HIGH|20251010,ASIA_HIGH|20251010,SSRP|ASIA_HIGH|20251010|1760098200|FINAL,SSRP|ASIA_HIGH|20251010|1760101800|FINAL,2025.10.10 12:15:00,2025.10.10 13:15:00,60,2025.10.10 12:44:58,true,false,false,DISTINCT_TIMESTAMPED_REARM_EVENT,D032_REJECTED_BY_SAME_FAMILY_STACKING,DISTINCT_SETUP_SUPPRESSION
MSZZC1|6:XAUUSD|1:5|2:-1|1:4|18:ASIA_HIGH|20251010,ASIA_HIGH|20251010,SSRP|ASIA_HIGH|20251010|1760098200|FINAL,SSRP|ASIA_HIGH|20251010|1760103900|FINAL,2025.10.10 12:15:00,2025.10.10 13:50:00,95,2025.10.10 12:44:58,true,false,false,DISTINCT_TIMESTAMPED_REARM_EVENT,D032_REJECTED_BY_SAME_FAMILY_STACKING,DISTINCT_SETUP_SUPPRESSION
MSZZC1|6:XAUUSD|1:5|2:-1|1:4|18:ASIA_HIGH|20251010,ASIA_HIGH|20251010,SSRP|ASIA_HIGH|20251010|1760098200|FINAL,SSRP|ASIA_HIGH|20251010|1760104200|FINAL,2025.10.10 12:15:00,2025.10.10 13:55:00,100,2025.10.10 12:44:58,true,false,false,DISTINCT_TIMESTAMPED_REARM_EVENT,D032_REJECTED_BY_SAME_FAMILY_STACKING,DISTINCT_SETUP_SUPPRESSION
MSZZC1|6:XAUUSD|1:5|2:-1|1:4|18:ASIA_HIGH|20251010,ASIA_HIGH|20251010,SSRP|ASIA_HIGH|20251010|1760098200|FINAL,SSRP|ASIA_HIGH|20251010|1760106300|FINAL,2025.10.10 12:15:00,2025.10.10 14:30:00,135,2025.10.10 12:44:58,true,false,false,DISTINCT_TIMESTAMPED_REARM_EVENT,D032_REJECTED_BY_SAME_FAMILY_STACKING,DISTINCT_SETUP_SUPPRESSION
MSZZC1|6:XAUUSD|1:5|2:-1|1:4|18:ASIA_HIGH|20251010,ASIA_HIGH|20251010,SSRP|ASIA_HIGH|20251010|1760098200|FINAL,SSRP|ASIA_HIGH|20251010|1760106600|FINAL,2025.10.10 12:15:00,2025.10.10 14:35:00,140,2025.10.10 12:44:58,true,false,false,DISTINCT_TIMESTAMPED_REARM_EVENT,D032_REJECTED_BY_SAME_FAMILY_STACKING,DISTINCT_SETUP_SUPPRESSION
MSZZC1|6:XAUUSD|1:5|2:-1|1:4|18:ASIA_HIGH|20251010,ASIA_HIGH|20251010,SSRP|ASIA_HIGH|20251010|1760098200|FINAL,SSRP|ASIA_HIGH|20251010|1760106900|FINAL,2025.10.10 12:15:00,2025.10.10 14:40:00,145,2025.10.10 12:44:58,true,false,false,DISTINCT_TIMESTAMPED_REARM_EVENT,D032_REJECTED_BY_SAME_FAMILY_STACKING,DISTINCT_SETUP_SUPPRESSION
MSZZC1|6:XAUUSD|1:5|2:-1|1:4|18:ASIA_HIGH|20251010,ASIA_HIGH|20251010,SSRP|ASIA_HIGH|20251010|1760098200|FINAL,SSRP|ASIA_HIGH|20251010|1760107500|FINAL,2025.10.10 12:15:00,2025.10.10 14:50:00,155,2025.10.10 12:44:58,true,false,false,DISTINCT_TIMESTAMPED_REARM_EVENT,D032_REJECTED_BY_SAME_FAMILY_STACKING,DISTINCT_SETUP_SUPPRESSION
MSZZC1|6:XAUUSD|1:5|2:-1|1:4|18:ASIA_HIGH|20251010,ASIA_HIGH|20251010,SSRP|ASIA_HIGH|20251010|1760098200|FINAL,SSRP|ASIA_HIGH|20251010|1760107800|FINAL,2025.10.10 12:15:00,2025.10.10 14:55:00,160,2025.10.10 12:44:58,true,false,false,DISTINCT_TIMESTAMPED_REARM_EVENT,D032_REJECTED_BY_SAME_FAMILY_STACKING,DISTINCT_SETUP_SUPPRESSION
MSZZC1|6:XAUUSD|1:5|2:-1|1:4|18:ASIA_HIGH|20251010,ASIA_HIGH|20251010,SSRP|ASIA_HIGH|20251010|1760098200|FINAL,SSRP|ASIA_HIGH|20251010|1760113800|FINAL,2025.10.10 12:15:00,2025.10.10 16:35:00,260,2025.10.10 12:44:58,true,false,false,DISTINCT_TIMESTAMPED_REARM_EVENT,D032_REJECTED_BY_SAME_FAMILY_STACKING,DISTINCT_SETUP_SUPPRESSION
MSZZC1|6:XAUUSD|1:5|2:-1|1:4|18:ASIA_HIGH|20251010,ASIA_HIGH|20251010,SSRP|ASIA_HIGH|20251010|1760098200|FINAL,SSRP|ASIA_HIGH|20251010|1760114100|FINAL,2025.10.10 12:15:00,2025.10.10 16:40:00,265,2025.10.10 12:44:58,true,false,false,DISTINCT_TIMESTAMPED_REARM_EVENT,D032_REJECTED_BY_SAME_FAMILY_STACKING,DISTINCT_SETUP_SUPPRESSION
MSZZC1|6:XAUUSD|1:5|2:-1|1:4|18:ASIA_HIGH|20251010,ASIA_HIGH|20251010,SSRP|ASIA_HIGH|20251010|1760098200|FINAL,SSRP|ASIA_HIGH|20251010|1760114400|FINAL,2025.10.10 12:15:00,2025.10.10 16:45:00,270,2025.10.10 12:44:58,true,false,false,DISTINCT_TIMESTAMPED_REARM_EVENT,D032_REJECTED_BY_SAME_FAMILY_STACKING,DISTINCT_SETUP_SUPPRESSION
MSZZC1|6:XAUUSD|1:5|2:-1|1:4|18:ASIA_HIGH|20251010,ASIA_HIGH|20251010,SSRP|ASIA_HIGH|20251010|1760098200|FINAL,SSRP|ASIA_HIGH|20251010|1760122200|FINAL,2025.10.10 12:15:00,2025.10.10 19:05:00,410,2025.10.10 12:44:58,true,true,false,DISTINCT_TIMESTAMPED_REARM_EVENT,D032_ACCEPTED_DISTINCT_TRADE,DISTINCT_SETUP_SUPPRESSION
MSZZC1|6:XAUUSD|1:5|2:-1|1:4|18:ASIA_HIGH|20251010,ASIA_HIGH|20251010,SSRP|ASIA_HIGH|20251010|1760098200|FINAL,SSRP|ASIA_HIGH|20251010|1760123100|FINAL,2025.10.10 12:15:00,2025.10.10 19:10:00,415,2025.10.10 12:44:58,true,false,false,DISTINCT_TIMESTAMPED_REARM_EVENT,D032_REJECTED_BY_SAME_FAMILY_STACKING,DISTINCT_SETUP_SUPPRESSION
MSZZC1|6:XAUUSD|1:5|2:-1|1:4|18:ASIA_HIGH|20251010,ASIA_HIGH|20251010,SSRP|ASIA_HIGH|20251010|1760098200|FINAL,SSRP|ASIA_HIGH|20251010|1760123400|FINAL,2025.10.10 12:15:00,2025.10.10 19:15:00,420,2025.10.10 12:44:58,true,false,false,DISTINCT_TIMESTAMPED_REARM_EVENT,D032_REJECTED_BY_SAME_FAMILY_STACKING,DISTINCT_SETUP_SUPPRESSION
MSZZC1|6:XAUUSD|1:5|2:-1|1:4|18:ASIA_HIGH|20251014,ASIA_HIGH|20251014,SSRP|ASIA_HIGH|20251014|1760430600|FINAL,SSRP|ASIA_HIGH|20251014|1760430900|FINAL,2025.10.14 08:35:00,2025.10.14 08:40:00,5,2025.10.14 09:30:00,false,false,false,DISTINCT_TIMESTAMPED_REARM_EVENT,D032_REJECTED_BY_SAME_FAMILY_STACKING,DISTINCT_SETUP_SUPPRESSION
MSZZC1|6:XAUUSD|1:5|1:1|1:4|17:ASIA_LOW|20251014,ASIA_LOW|20251014,SSRP|ASIA_LOW|20251014|1760433600|FINAL,SSRP|ASIA_LOW|20251014|1760433900|FINAL,2025.10.14 09:25:00,2025.10.14 09:30:00,5,2025.10.15 01:19:58,false,false,false,DISTINCT_TIMESTAMPED_REARM_EVENT,D032_REJECTED_BY_SAME_FAMILY_STACKING,DISTINCT_SETUP_SUPPRESSION
MSZZC1|6:XAUUSD|1:5|1:1|1:4|17:ASIA_LOW|20251014,ASIA_LOW|20251014,SSRP|ASIA_LOW|20251014|1760433600|FINAL,SSRP|ASIA_LOW|20251014|1760434500|FINAL,2025.10.14 09:25:00,2025.10.14 09:50:00,25,2025.10.15 01:19:58,false,false,false,DISTINCT_TIMESTAMPED_REARM_EVENT,D032_REJECTED_BY_SAME_FAMILY_STACKING,DISTINCT_SETUP_SUPPRESSION
MSZZC1|6:XAUUSD|1:5|1:1|1:4|17:ASIA_LOW|20251014,ASIA_LOW|20251014,SSRP|ASIA_LOW|20251014|1760433600|FINAL,SSRP|ASIA_LOW|20251014|1760435400|FINAL,2025.10.14 09:25:00,2025.10.14 09:55:00,30,2025.10.15 01:19:58,false,false,false,DISTINCT_TIMESTAMPED_REARM_EVENT,D032_REJECTED_BY_SAME_FAMILY_STACKING,DISTINCT_SETUP_SUPPRESSION
MSZZC1|6:XAUUSD|1:5|1:1|1:4|17:ASIA_LOW|20251014,ASIA_LOW|20251014,SSRP|ASIA_LOW|20251014|1760433600|FINAL,SSRP|ASIA_LOW|20251014|1760436300|FINAL,2025.10.14 09:25:00,2025.10.14 10:10:00,45,2025.10.15 01:19:58,false,false,false,DISTINCT_TIMESTAMPED_REARM_EVENT,D032_REJECTED_BY_SAME_FAMILY_STACKING,DISTINCT_SETUP_SUPPRESSION
MSZZC1|6:XAUUSD|1:5|1:1|1:4|17:ASIA_LOW|20251014,ASIA_LOW|20251014,SSRP|ASIA_LOW|20251014|1760433600|FINAL,SSRP|ASIA_LOW|20251014|1760436600|FINAL,2025.10.14 09:25:00,2025.10.14 10:15:00,50,2025.10.15 01:19:58,false,false,false,DISTINCT_TIMESTAMPED_REARM_EVENT,D032_REJECTED_BY_SAME_FAMILY_STACKING,DISTINCT_SETUP_SUPPRESSION
MSZZC1|6:XAUUSD|1:5|1:1|1:4|17:ASIA_LOW|20251014,ASIA_LOW|20251014,SSRP|ASIA_LOW|20251014|1760433600|FINAL,SSRP|ASIA_LOW|20251014|1760457300|FINAL,2025.10.14 09:25:00,2025.10.14 16:10:00,405,2025.10.15 01:19:58,false,false,false,DISTINCT_TIMESTAMPED_REARM_EVENT,D032_REJECTED_BY_SAME_FAMILY_STACKING,DISTINCT_SETUP_SUPPRESSION
MSZZC1|6:XAUUSD|1:5|1:1|1:4|17:ASIA_LOW|20251014,ASIA_LOW|20251014,SSRP|ASIA_LOW|20251014|1760433600|FINAL,SSRP|ASIA_LOW|20251014|1760458200|FINAL,2025.10.14 09:25:00,2025.10.14 16:15:00,410,2025.10.15 01:19:58,false,false,false,DISTINCT_TIMESTAMPED_REARM_EVENT,D032_REJECTED_BY_SAME_FAMILY_STACKING,DISTINCT_SETUP_SUPPRESSION
MSZZC1|6:XAUUSD|1:5|1:1|1:4|17:ASIA_LOW|20251014,ASIA_LOW|20251014,SSRP|ASIA_LOW|20251014|1760433600|FINAL,SSRP|ASIA_LOW|20251014|1760459100|FINAL,2025.10.14 09:25:00,2025.10.14 16:30:00,425,2025.10.15 01:19:58,false,false,false,DISTINCT_TIMESTAMPED_REARM_EVENT,D032_REJECTED_BY_SAME_FAMILY_STACKING,DISTINCT_SETUP_SUPPRESSION
MSZZC1|6:XAUUSD|1:5|2:-1|1:4|18:ASIA_HIGH|20251015,ASIA_HIGH|20251015,SSRP|ASIA_HIGH|20251015|1760516700|FINAL,SSRP|ASIA_HIGH|20251015|1760517000|FINAL,2025.10.15 08:30:00,2025.10.15 08:35:00,5,2025.10.15 09:44:58,false,false,false,DISTINCT_TIMESTAMPED_REARM_EVENT,D032_REJECTED_BY_SAME_FAMILY_STACKING,DISTINCT_SETUP_SUPPRESSION
MSZZC1|6:XAUUSD|1:5|2:-1|1:4|18:ASIA_HIGH|20251015,ASIA_HIGH|20251015,SSRP|ASIA_HIGH|20251015|1760516700|FINAL,SSRP|ASIA_HIGH|20251015|1760517600|FINAL,2025.10.15 08:30:00,2025.10.15 08:45:00,15,2025.10.15 09:44:58,false,false,false,DISTINCT_TIMESTAMPED_REARM_EVENT,D032_REJECTED_BY_SAME_FAMILY_STACKING,DISTINCT_SETUP_SUPPRESSION
MSZZC1|6:XAUUSD|1:5|2:-1|1:4|18:ASIA_HIGH|20251015,ASIA_HIGH|20251015,SSRP|ASIA_HIGH|20251015|1760516700|FINAL,SSRP|ASIA_HIGH|20251015|1760518200|FINAL,2025.10.15 08:30:00,2025.10.15 08:55:00,25,2025.10.15 09:44:58,false,false,false,DISTINCT_TIMESTAMPED_REARM_EVENT,D032_REJECTED_BY_SAME_FAMILY_STACKING,DISTINCT_SETUP_SUPPRESSION
MSZZC1|6:XAUUSD|1:5|2:-1|1:4|18:ASIA_HIGH|20251015,ASIA_HIGH|20251015,SSRP|ASIA_HIGH|20251015|1760516700|FINAL,SSRP|ASIA_HIGH|20251015|1760519100|FINAL,2025.10.15 08:30:00,2025.10.15 09:15:00,45,2025.10.15 09:44:58,false,false,false,DISTINCT_TIMESTAMPED_REARM_EVENT,D032_REJECTED_BY_SAME_FAMILY_STACKING,DISTINCT_SETUP_SUPPRESSION
MSZZC1|6:XAUUSD|1:5|2:-1|1:4|18:ASIA_HIGH|20251015,ASIA_HIGH|20251015,SSRP|ASIA_HIGH|20251015|1760516700|FINAL,SSRP|ASIA_HIGH|20251015|1760519700|FINAL,2025.10.15 08:30:00,2025.10.15 09:20:00,50,2025.10.15 09:44:58,false,false,false,DISTINCT_TIMESTAMPED_REARM_EVENT,D032_REJECTED_BY_SAME_FAMILY_STACKING,DISTINCT_SETUP_SUPPRESSION
MSZZC1|6:XAUUSD|1:5|2:-1|1:4|18:ASIA_HIGH|20251015,ASIA_HIGH|20251015,SSRP|ASIA_HIGH|20251015|1760516700|FINAL,SSRP|ASIA_HIGH|20251015|1760520000|FINAL,2025.10.15 08:30:00,2025.10.15 09:25:00,55,2025.10.15 09:44:58,false,false,false,DISTINCT_TIMESTAMPED_REARM_EVENT,D032_REJECTED_BY_SAME_FAMILY_STACKING,DISTINCT_SETUP_SUPPRESSION
MSZZC1|6:XAUUSD|1:5|2:-1|1:4|18:ASIA_HIGH|20251015,ASIA_HIGH|20251015,SSRP|ASIA_HIGH|20251015|1760516700|FINAL,SSRP|ASIA_HIGH|20251015|1760520300|FINAL,2025.10.15 08:30:00,2025.10.15 09:30:00,60,2025.10.15 09:44:58,false,false,false,DISTINCT_TIMESTAMPED_REARM_EVENT,D032_REJECTED_BY_SAME_FAMILY_STACKING,DISTINCT_SETUP_SUPPRESSION
MSZZC1|6:XAUUSD|1:5|2:-1|1:4|18:ASIA_HIGH|20251015,ASIA_HIGH|20251015,SSRP|ASIA_HIGH|20251015|1760516700|FINAL,SSRP|ASIA_HIGH|20251015|1760530200|FINAL,2025.10.15 08:30:00,2025.10.15 12:20:00,230,2025.10.15 09:44:58,true,true,false,DISTINCT_TIMESTAMPED_REARM_EVENT,D032_ACCEPTED_DISTINCT_TRADE,DISTINCT_SETUP_SUPPRESSION
MSZZC1|6:XAUUSD|1:5|2:-1|1:4|18:ASIA_HIGH|20251015,ASIA_HIGH|20251015,SSRP|ASIA_HIGH|20251015|1760516700|FINAL,SSRP|ASIA_HIGH|20251015|1760530800|FINAL,2025.10.15 08:30:00,2025.10.15 12:25:00,235,2025.10.15 09:44:58,true,false,false,DISTINCT_TIMESTAMPED_REARM_EVENT,D032_REJECTED_BY_SAME_FAMILY_STACKING,DISTINCT_SETUP_SUPPRESSION
MSZZC1|6:XAUUSD|1:5|2:-1|1:4|18:ASIA_HIGH|20251015,ASIA_HIGH|20251015,SSRP|ASIA_HIGH|20251015|1760516700|FINAL,SSRP|ASIA_HIGH|20251015|1760541000|FINAL,2025.10.15 08:30:00,2025.10.15 15:15:00,405,2025.10.15 09:44:58,true,false,false,DISTINCT_TIMESTAMPED_REARM_EVENT,D032_REJECTED_BY_SAME_FAMILY_STACKING,DISTINCT_SETUP_SUPPRESSION
MSZZC1|6:XAUUSD|1:5|2:-1|1:4|18:ASIA_HIGH|20251015,ASIA_HIGH|20251015,SSRP|ASIA_HIGH|20251015|1760516700|FINAL,SSRP|ASIA_HIGH|20251015|1760541300|FINAL,2025.10.15 08:30:00,2025.10.15 15:20:00,410,2025.10.15 09:44:58,true,false,false,DISTINCT_TIMESTAMPED_REARM_EVENT,D032_REJECTED_BY_SAME_FAMILY_STACKING,DISTINCT_SETUP_SUPPRESSION
MSZZC1|6:XAUUSD|1:5|2:-1|1:4|18:ASIA_HIGH|20251015,ASIA_HIGH|20251015,SSRP|ASIA_HIGH|20251015|1760516700|FINAL,SSRP|ASIA_HIGH|20251015|1760543700|FINAL,2025.10.15 08:30:00,2025.10.15 16:00:00,450,2025.10.15 09:44:58,true,false,false,DISTINCT_TIMESTAMPED_REARM_EVENT,D032_REJECTED_BY_SAME_FAMILY_STACKING,DISTINCT_SETUP_SUPPRESSION
MSZZC1|6:XAUUSD|1:5|2:-1|1:4|18:ASIA_HIGH|20251015,ASIA_HIGH|20251015,SSRP|ASIA_HIGH|20251015|1760516700|FINAL,SSRP|ASIA_HIGH|20251015|1760545500|FINAL,2025.10.15 08:30:00,2025.10.15 16:30:00,480,2025.10.15 09:44:58,true,false,false,DISTINCT_TIMESTAMPED_REARM_EVENT,D032_REJECTED_BY_SAME_FAMILY_STACKING,DISTINCT_SETUP_SUPPRESSION
MSZZC1|6:XAUUSD|1:5|2:-1|1:4|18:ASIA_HIGH|20251015,ASIA_HIGH|20251015,SSRP|ASIA_HIGH|20251015|1760516700|FINAL,SSRP|ASIA_HIGH|20251015|1760553600|FINAL,2025.10.15 08:30:00,2025.10.15 18:45:00,615,2025.10.15 09:44:58,true,true,false,DISTINCT_TIMESTAMPED_REARM_EVENT,D032_ACCEPTED_DISTINCT_TRADE,DISTINCT_SETUP_SUPPRESSION
MSZZC1|6:XAUUSD|1:5|2:-1|1:4|18:ASIA_HIGH|20251015,ASIA_HIGH|20251015,SSRP|ASIA_HIGH|20251015|1760516700|FINAL,SSRP|ASIA_HIGH|20251015|1760553900|FINAL,2025.10.15 08:30:00,2025.10.15 18:50:00,620,2025.10.15 09:44:58,true,false,false,DISTINCT_TIMESTAMPED_REARM_EVENT,D032_REJECTED_BY_SAME_FAMILY_STACKING,DISTINCT_SETUP_SUPPRESSION
MSZZC1|6:XAUUSD|1:5|2:-1|1:4|18:ASIA_HIGH|20251015,ASIA_HIGH|20251015,SSRP|ASIA_HIGH|20251015|1760516700|FINAL,SSRP|ASIA_HIGH|20251015|1760558700|FINAL,2025.10.15 08:30:00,2025.10.15 20:10:00,700,2025.10.15 09:44:58,true,true,false,DISTINCT_TIMESTAMPED_REARM_EVENT,D032_ACCEPTED_DISTINCT_TRADE,DISTINCT_SETUP_SUPPRESSION
MSZZC1|6:XAUUSD|1:5|2:-1|1:4|18:ASIA_HIGH|20251015,ASIA_HIGH|20251015,SSRP|ASIA_HIGH|20251015|1760516700|FINAL,SSRP|ASIA_HIGH|20251015|1760559000|FINAL,2025.10.15 08:30:00,2025.10.15 20:15:00,705,2025.10.15 09:44:58,true,false,false,DISTINCT_TIMESTAMPED_REARM_EVENT,D032_REJECTED_BY_SAME_FAMILY_STACKING,DISTINCT_SETUP_SUPPRESSION
MSZZC1|6:XAUUSD|1:5|2:-1|1:4|18:ASIA_HIGH|20251015,ASIA_HIGH|20251015,SSRP|ASIA_HIGH|20251015|1760516700|FINAL,SSRP|ASIA_HIGH|20251015|1760559300|FINAL,2025.10.15 08:30:00,2025.10.15 20:20:00,710,2025.10.15 09:44:58,true,false,false,DISTINCT_TIMESTAMPED_REARM_EVENT,D032_REJECTED_BY_SAME_FAMILY_STACKING,DISTINCT_SETUP_SUPPRESSION
MSZZC1|6:XAUUSD|1:5|2:-1|1:4|18:ASIA_HIGH|20251015,ASIA_HIGH|20251015,SSRP|ASIA_HIGH|20251015|1760516700|FINAL,SSRP|ASIA_HIGH|20251015|1760559600|FINAL,2025.10.15 08:30:00,2025.10.15 20:25:00,715,2025.10.15 09:44:58,true,false,false,DISTINCT_TIMESTAMPED_REARM_EVENT,D032_REJECTED_BY_SAME_FAMILY_STACKING,DISTINCT_SETUP_SUPPRESSION
MSZZC1|6:XAUUSD|1:5|2:-1|1:4|18:ASIA_HIGH|20251016,ASIA_HIGH|20251016,SSRP|ASIA_HIGH|20251016|1760619600|FINAL,SSRP|ASIA_HIGH|20251016|1760622900|FINAL,2025.10.16 13:05:00,2025.10.16 14:00:00,55,2025.10.16 13:59:58,true,true,false,DISTINCT_TIMESTAMPED_REARM_EVENT,D032_ACCEPTED_DISTINCT_TRADE,DISTINCT_SETUP_SUPPRESSION
MSZZC1|6:XAUUSD|1:5|2:-1|1:4|18:ASIA_HIGH|20251016,ASIA_HIGH|20251016,SSRP|ASIA_HIGH|20251016|1760619600|FINAL,SSRP|ASIA_HIGH|20251016|1760625600|FINAL,2025.10.16 13:05:00,2025.10.16 14:55:00,110,2025.10.16 13:59:58,true,true,false,DISTINCT_TIMESTAMPED_REARM_EVENT,D032_ACCEPTED_DISTINCT_TRADE,DISTINCT_SETUP_SUPPRESSION
MSZZC1|6:XAUUSD|1:5|2:-1|1:4|18:ASIA_HIGH|20251016,ASIA_HIGH|20251016,SSRP|ASIA_HIGH|20251016|1760619600|FINAL,SSRP|ASIA_HIGH|20251016|1760626500|FINAL,2025.10.16 13:05:00,2025.10.16 15:00:00,115,2025.10.16 13:59:58,true,false,false,DISTINCT_TIMESTAMPED_REARM_EVENT,D032_REJECTED_BY_SAME_FAMILY_STACKING,DISTINCT_SETUP_SUPPRESSION
MSZZC1|6:XAUUSD|1:5|2:-1|1:4|18:ASIA_HIGH|20251016,ASIA_HIGH|20251016,SSRP|ASIA_HIGH|20251016|1760619600|FINAL,SSRP|ASIA_HIGH|20251016|1760627400|FINAL,2025.10.16 13:05:00,2025.10.16 15:15:00,130,2025.10.16 13:59:58,true,false,false,DISTINCT_TIMESTAMPED_REARM_EVENT,D032_REJECTED_BY_SAME_FAMILY_STACKING,DISTINCT_SETUP_SUPPRESSION
MSZZC1|6:XAUUSD|1:5|2:-1|1:4|18:ASIA_HIGH|20251016,ASIA_HIGH|20251016,SSRP|ASIA_HIGH|20251016|1760619600|FINAL,SSRP|ASIA_HIGH|20251016|1760627700|FINAL,2025.10.16 13:05:00,2025.10.16 15:20:00,135,2025.10.16 13:59:58,true,false,false,DISTINCT_TIMESTAMPED_REARM_EVENT,D032_REJECTED_BY_SAME_FAMILY_STACKING,DISTINCT_SETUP_SUPPRESSION
MSZZC1|6:XAUUSD|1:5|2:-1|1:4|18:ASIA_HIGH|20251016,ASIA_HIGH|20251016,SSRP|ASIA_HIGH|20251016|1760619600|FINAL,SSRP|ASIA_HIGH|20251016|1760628000|FINAL,2025.10.16 13:05:00,2025.10.16 15:25:00,140,2025.10.16 13:59:58,true,false,false,DISTINCT_TIMESTAMPED_REARM_EVENT,D032_REJECTED_BY_SAME_FAMILY_STACKING,DISTINCT_SETUP_SUPPRESSION
MSZZC1|6:XAUUSD|1:5|2:-1|1:4|18:ASIA_HIGH|20251016,ASIA_HIGH|20251016,SSRP|ASIA_HIGH|20251016|1760619600|FINAL,SSRP|ASIA_HIGH|20251016|1760628600|FINAL,2025.10.16 13:05:00,2025.10.16 15:35:00,150,2025.10.16 13:59:58,true,true,false,DISTINCT_TIMESTAMPED_REARM_EVENT,D032_ACCEPTED_DISTINCT_TRADE,DISTINCT_SETUP_SUPPRESSION
MSZZC1|6:XAUUSD|1:5|2:-1|1:4|18:ASIA_HIGH|20251016,ASIA_HIGH|20251016,SSRP|ASIA_HIGH|20251016|1760619600|FINAL,SSRP|ASIA_HIGH|20251016|1760628900|FINAL,2025.10.16 13:05:00,2025.10.16 15:40:00,155,2025.10.16 13:59:58,true,false,false,DISTINCT_TIMESTAMPED_REARM_EVENT,D032_REJECTED_BY_SAME_FAMILY_STACKING,DISTINCT_SETUP_SUPPRESSION
MSZZC1|6:XAUUSD|1:5|1:1|1:4|17:ASIA_LOW|20251021,ASIA_LOW|20251021,SSRP|ASIA_LOW|20251021|1761039000|FINAL,SSRP|ASIA_LOW|20251021|1761039600|FINAL,2025.10.21 09:40:00,2025.10.21 09:45:00,5,2025.10.21 10:34:58,false,false,false,DISTINCT_TIMESTAMPED_REARM_EVENT,D032_REJECTED_BY_SAME_FAMILY_STACKING,DISTINCT_SETUP_SUPPRESSION
MSZZC1|6:XAUUSD|1:5|2:-1|1:4|18:ASIA_HIGH|20251022,ASIA_HIGH|20251022,SSRP|ASIA_HIGH|20251022|1761120900|FINAL,SSRP|ASIA_HIGH|20251022|1761121500|FINAL,2025.10.22 08:25:00,2025.10.22 08:30:00,5,2025.10.22 09:34:58,false,false,false,DISTINCT_TIMESTAMPED_REARM_EVENT,D032_REJECTED_BY_SAME_FAMILY_STACKING,DISTINCT_SETUP_SUPPRESSION
MSZZC1|6:XAUUSD|1:5|2:-1|1:4|18:ASIA_HIGH|20251022,ASIA_HIGH|20251022,SSRP|ASIA_HIGH|20251022|1761120900|FINAL,SSRP|ASIA_HIGH|20251022|1761122700|FINAL,2025.10.22 08:25:00,2025.10.22 08:50:00,25,2025.10.22 09:34:58,false,false,false,DISTINCT_TIMESTAMPED_REARM_EVENT,D032_REJECTED_BY_SAME_FAMILY_STACKING,DISTINCT_SETUP_SUPPRESSION
MSZZC1|6:XAUUSD|1:5|2:-1|1:4|18:ASIA_HIGH|20251022,ASIA_HIGH|20251022,SSRP|ASIA_HIGH|20251022|1761120900|FINAL,SSRP|ASIA_HIGH|20251022|1761126900|FINAL,2025.10.22 08:25:00,2025.10.22 10:00:00,95,2025.10.22 09:34:58,true,true,false,DISTINCT_TIMESTAMPED_REARM_EVENT,D032_ACCEPTED_DISTINCT_TRADE,DISTINCT_SETUP_SUPPRESSION
MSZZC1|6:XAUUSD|1:5|2:-1|1:4|18:ASIA_HIGH|20251022,ASIA_HIGH|20251022,SSRP|ASIA_HIGH|20251022|1761120900|FINAL,SSRP|ASIA_HIGH|20251022|1761127200|FINAL,2025.10.22 08:25:00,2025.10.22 10:05:00,100,2025.10.22 09:34:58,true,false,false,DISTINCT_TIMESTAMPED_REARM_EVENT,D032_REJECTED_BY_SAME_FAMILY_STACKING,DISTINCT_SETUP_SUPPRESSION
MSZZC1|6:XAUUSD|1:5|2:-1|1:4|18:ASIA_HIGH|20251022,ASIA_HIGH|20251022,SSRP|ASIA_HIGH|20251022|1761120900|FINAL,SSRP|ASIA_HIGH|20251022|1761127500|FINAL,2025.10.22 08:25:00,2025.10.22 10:10:00,105,2025.10.22 09:34:58,true,false,false,DISTINCT_TIMESTAMPED_REARM_EVENT,D032_REJECTED_BY_SAME_FAMILY_STACKING,DISTINCT_SETUP_SUPPRESSION
MSZZC1|6:XAUUSD|1:5|2:-1|1:4|18:ASIA_HIGH|20251022,ASIA_HIGH|20251022,SSRP|ASIA_HIGH|20251022|1761120900|FINAL,SSRP|ASIA_HIGH|20251022|1761127800|FINAL,2025.10.22 08:25:00,2025.10.22 10:15:00,110,2025.10.22 09:34:58,true,false,false,DISTINCT_TIMESTAMPED_REARM_EVENT,D032_REJECTED_BY_SAME_FAMILY_STACKING,DISTINCT_SETUP_SUPPRESSION
MSZZC1|6:XAUUSD|1:5|2:-1|1:4|18:ASIA_HIGH|20251022,ASIA_HIGH|20251022,SSRP|ASIA_HIGH|20251022|1761120900|FINAL,SSRP|ASIA_HIGH|20251022|1761128400|FINAL,2025.10.22 08:25:00,2025.10.22 10:25:00,120,2025.10.22 09:34:58,true,false,false,DISTINCT_TIMESTAMPED_REARM_EVENT,D032_REJECTED_BY_SAME_FAMILY_STACKING,DISTINCT_SETUP_SUPPRESSION
MSZZC1|6:XAUUSD|1:5|2:-1|1:4|18:ASIA_HIGH|20251022,ASIA_HIGH|20251022,SSRP|ASIA_HIGH|20251022|1761120900|FINAL,SSRP|ASIA_HIGH|20251022|1761128700|FINAL,2025.10.22 08:25:00,2025.10.22 10:30:00,125,2025.10.22 09:34:58,true,false,false,DISTINCT_TIMESTAMPED_REARM_EVENT,D032_REJECTED_BY_SAME_FAMILY_STACKING,DISTINCT_SETUP_SUPPRESSION
MSZZC1|6:XAUUSD|1:5|2:-1|1:4|18:ASIA_HIGH|20251022,ASIA_HIGH|20251022,SSRP|ASIA_HIGH|20251022|1761120900|FINAL,SSRP|ASIA_HIGH|20251022|1761129900|FINAL,2025.10.22 08:25:00,2025.10.22 10:50:00,145,2025.10.22 09:34:58,true,false,false,DISTINCT_TIMESTAMPED_REARM_EVENT,D032_REJECTED_BY_SAME_FAMILY_STACKING,DISTINCT_SETUP_SUPPRESSION
MSZZC1|6:XAUUSD|1:5|2:-1|1:4|18:ASIA_HIGH|20251022,ASIA_HIGH|20251022,SSRP|ASIA_HIGH|20251022|1761120900|FINAL,SSRP|ASIA_HIGH|20251022|1761130200|FINAL,2025.10.22 08:25:00,2025.10.22 10:55:00,150,2025.10.22 09:34:58,true,false,false,DISTINCT_TIMESTAMPED_REARM_EVENT,D032_REJECTED_BY_SAME_FAMILY_STACKING,DISTINCT_SETUP_SUPPRESSION
MSZZC1|6:XAUUSD|1:5|2:-1|1:4|18:ASIA_HIGH|20251023,ASIA_HIGH|20251023,SSRP|ASIA_HIGH|20251023|1761211800|FINAL,SSRP|ASIA_HIGH|20251023|1761212400|FINAL,2025.10.23 09:35:00,2025.10.23 09:55:00,20,2025.10.23 15:54:58,false,false,false,DISTINCT_TIMESTAMPED_REARM_EVENT,D032_REJECTED_BY_SAME_FAMILY_STACKING,DISTINCT_SETUP_SUPPRESSION
MSZZC1|6:XAUUSD|1:5|2:-1|1:4|18:ASIA_HIGH|20251023,ASIA_HIGH|20251023,SSRP|ASIA_HIGH|20251023|1761211800|FINAL,SSRP|ASIA_HIGH|20251023|1761213600|FINAL,2025.10.23 09:35:00,2025.10.23 10:05:00,30,2025.10.23 15:54:58,false,false,false,DISTINCT_TIMESTAMPED_REARM_EVENT,D032_REJECTED_BY_SAME_FAMILY_STACKING,DISTINCT_SETUP_SUPPRESSION
MSZZC1|6:XAUUSD|1:5|2:-1|1:4|18:ASIA_HIGH|20251023,ASIA_HIGH|20251023,SSRP|ASIA_HIGH|20251023|1761211800|FINAL,SSRP|ASIA_HIGH|20251023|1761213900|FINAL,2025.10.23 09:35:00,2025.10.23 10:10:00,35,2025.10.23 15:54:58,false,false,false,DISTINCT_TIMESTAMPED_REARM_EVENT,D032_REJECTED_BY_SAME_FAMILY_STACKING,DISTINCT_SETUP_SUPPRESSION
MSZZC1|6:XAUUSD|1:5|2:-1|1:4|18:ASIA_HIGH|20251023,ASIA_HIGH|20251023,SSRP|ASIA_HIGH|20251023|1761211800|FINAL,SSRP|ASIA_HIGH|20251023|1761214500|FINAL,2025.10.23 09:35:00,2025.10.23 10:25:00,50,2025.10.23 15:54:58,false,false,false,DISTINCT_TIMESTAMPED_REARM_EVENT,D032_REJECTED_BY_SAME_FAMILY_STACKING,DISTINCT_SETUP_SUPPRESSION
MSZZC1|6:XAUUSD|1:5|2:-1|1:4|18:ASIA_HIGH|20251023,ASIA_HIGH|20251023,SSRP|ASIA_HIGH|20251023|1761211800|FINAL,SSRP|ASIA_HIGH|20251023|1761215100|FINAL,2025.10.23 09:35:00,2025.10.23 10:30:00,55,2025.10.23 15:54:58,false,false,false,DISTINCT_TIMESTAMPED_REARM_EVENT,D032_REJECTED_BY_SAME_FAMILY_STACKING,DISTINCT_SETUP_SUPPRESSION
MSZZC1|6:XAUUSD|1:5|2:-1|1:4|18:ASIA_HIGH|20251023,ASIA_HIGH|20251023,SSRP|ASIA_HIGH|20251023|1761211800|FINAL,SSRP|ASIA_HIGH|20251023|1761218400|FINAL,2025.10.23 09:35:00,2025.10.23 11:25:00,110,2025.10.23 15:54:58,false,false,false,DISTINCT_TIMESTAMPED_REARM_EVENT,D032_REJECTED_BY_SAME_FAMILY_STACKING,DISTINCT_SETUP_SUPPRESSION
MSZZC1|6:XAUUSD|1:5|2:-1|1:4|18:ASIA_HIGH|20251023,ASIA_HIGH|20251023,SSRP|ASIA_HIGH|20251023|1761211800|FINAL,SSRP|ASIA_HIGH|20251023|1761220200|FINAL,2025.10.23 09:35:00,2025.10.23 11:55:00,140,2025.10.23 15:54:58,false,false,false,DISTINCT_TIMESTAMPED_REARM_EVENT,D032_REJECTED_BY_SAME_FAMILY_STACKING,DISTINCT_SETUP_SUPPRESSION
MSZZC1|6:XAUUSD|1:5|2:-1|1:4|18:ASIA_HIGH|20251023,ASIA_HIGH|20251023,SSRP|ASIA_HIGH|20251023|1761211800|FINAL,SSRP|ASIA_HIGH|20251023|1761220800|FINAL,2025.10.23 09:35:00,2025.10.23 12:05:00,150,2025.10.23 15:54:58,false,false,false,DISTINCT_TIMESTAMPED_REARM_EVENT,D032_REJECTED_BY_SAME_FAMILY_STACKING,DISTINCT_SETUP_SUPPRESSION
MSZZC1|6:XAUUSD|1:5|2:-1|1:4|18:ASIA_HIGH|20251023,ASIA_HIGH|20251023,SSRP|ASIA_HIGH|20251023|1761211800|FINAL,SSRP|ASIA_HIGH|20251023|1761222900|FINAL,2025.10.23 09:35:00,2025.10.23 12:40:00,185,2025.10.23 15:54:58,false,false,false,DISTINCT_TIMESTAMPED_REARM_EVENT,D032_REJECTED_BY_SAME_FAMILY_STACKING,DISTINCT_SETUP_SUPPRESSION
MSZZC1|6:XAUUSD|1:5|2:-1|1:4|18:ASIA_HIGH|20251023,ASIA_HIGH|20251023,SSRP|ASIA_HIGH|20251023|1761211800|FINAL,SSRP|ASIA_HIGH|20251023|1761225000|FINAL,2025.10.23 09:35:00,2025.10.23 13:25:00,230,2025.10.23 15:54:58,false,false,false,DISTINCT_TIMESTAMPED_REARM_EVENT,D032_REJECTED_BY_SAME_FAMILY_STACKING,DISTINCT_SETUP_SUPPRESSION
MSZZC1|6:XAUUSD|1:5|2:-1|1:4|18:ASIA_HIGH|20251023,ASIA_HIGH|20251023,SSRP|ASIA_HIGH|20251023|1761211800|FINAL,SSRP|ASIA_HIGH|20251023|1761225900|FINAL,2025.10.23 09:35:00,2025.10.23 13:30:00,235,2025.10.23 15:54:58,false,false,false,DISTINCT_TIMESTAMPED_REARM_EVENT,D032_REJECTED_BY_SAME_FAMILY_STACKING,DISTINCT_SETUP_SUPPRESSION
MSZZC1|6:XAUUSD|1:5|2:-1|1:4|18:ASIA_HIGH|20251023,ASIA_HIGH|20251023,SSRP|ASIA_HIGH|20251023|1761211800|FINAL,SSRP|ASIA_HIGH|20251023|1761226500|FINAL,2025.10.23 09:35:00,2025.10.23 13:40:00,245,2025.10.23 15:54:58,false,false,false,DISTINCT_TIMESTAMPED_REARM_EVENT,D032_REJECTED_BY_SAME_FAMILY_STACKING,DISTINCT_SETUP_SUPPRESSION
MSZZC1|6:XAUUSD|1:5|2:-1|1:4|18:ASIA_HIGH|20251023,ASIA_HIGH|20251023,SSRP|ASIA_HIGH|20251023|1761211800|FINAL,SSRP|ASIA_HIGH|20251023|1761226800|FINAL,2025.10.23 09:35:00,2025.10.23 13:45:00,250,2025.10.23 15:54:58,false,false,false,DISTINCT_TIMESTAMPED_REARM_EVENT,D032_REJECTED_BY_SAME_FAMILY_STACKING,DISTINCT_SETUP_SUPPRESSION
MSZZC1|6:XAUUSD|1:5|2:-1|1:4|18:ASIA_HIGH|20251023,ASIA_HIGH|20251023,SSRP|ASIA_HIGH|20251023|1761211800|FINAL,SSRP|ASIA_HIGH|20251023|1761228000|FINAL,2025.10.23 09:35:00,2025.10.23 14:15:00,280,2025.10.23 15:54:58,false,false,false,DISTINCT_TIMESTAMPED_REARM_EVENT,D032_REJECTED_BY_SAME_FAMILY_STACKING,DISTINCT_SETUP_SUPPRESSION
MSZZC1|6:XAUUSD|1:5|2:-1|1:4|18:ASIA_HIGH|20251023,ASIA_HIGH|20251023,SSRP|ASIA_HIGH|20251023|1761211800|FINAL,SSRP|ASIA_HIGH|20251023|1761228900|FINAL,2025.10.23 09:35:00,2025.10.23 14:20:00,285,2025.10.23 15:54:58,false,false,false,DISTINCT_TIMESTAMPED_REARM_EVENT,D032_REJECTED_BY_SAME_FAMILY_STACKING,DISTINCT_SETUP_SUPPRESSION
MSZZC1|6:XAUUSD|1:5|2:-1|1:4|18:ASIA_HIGH|20251023,ASIA_HIGH|20251023,SSRP|ASIA_HIGH|20251023|1761211800|FINAL,SSRP|ASIA_HIGH|20251023|1761230700|FINAL,2025.10.23 09:35:00,2025.10.23 14:50:00,315,2025.10.23 15:54:58,false,false,false,DISTINCT_TIMESTAMPED_REARM_EVENT,D032_REJECTED_BY_SAME_FAMILY_STACKING,DISTINCT_SETUP_SUPPRESSION
MSZZC1|6:XAUUSD|1:5|2:-1|1:4|18:ASIA_HIGH|20251023,ASIA_HIGH|20251023,SSRP|ASIA_HIGH|20251023|1761211800|FINAL,SSRP|ASIA_HIGH|20251023|1761259800|FINAL,2025.10.23 09:35:00,2025.10.23 23:00:00,805,2025.10.23 15:54:58,true,true,false,DISTINCT_TIMESTAMPED_REARM_EVENT,D032_ACCEPTED_DISTINCT_TRADE,DISTINCT_SETUP_SUPPRESSION
MSZZC1|6:XAUUSD|1:5|2:-1|1:4|18:ASIA_HIGH|20251023,ASIA_HIGH|20251023,SSRP|ASIA_HIGH|20251023|1761211800|FINAL,SSRP|ASIA_HIGH|20251023|1761260400|FINAL,2025.10.23 09:35:00,2025.10.23 23:05:00,810,2025.10.23 15:54:58,true,false,false,DISTINCT_TIMESTAMPED_REARM_EVENT,D032_REJECTED_BY_SAME_FAMILY_STACKING,DISTINCT_SETUP_SUPPRESSION
MSZZC1|6:XAUUSD|1:5|2:-1|1:4|18:ASIA_HIGH|20251023,ASIA_HIGH|20251023,SSRP|ASIA_HIGH|20251023|1761211800|FINAL,SSRP|ASIA_HIGH|20251023|1761260700|FINAL,2025.10.23 09:35:00,2025.10.23 23:10:00,815,2025.10.23 15:54:58,true,false,false,DISTINCT_TIMESTAMPED_REARM_EVENT,D032_REJECTED_BY_SAME_FAMILY_STACKING,DISTINCT_SETUP_SUPPRESSION
MSZZC1|6:XAUUSD|1:5|1:1|1:4|17:ASIA_LOW|20251024,ASIA_LOW|20251024,SSRP|ASIA_LOW|20251024|1761321600|FINAL,SSRP|ASIA_LOW|20251024|1761321900|FINAL,2025.10.24 16:05:00,2025.10.24 16:10:00,5,2025.10.27 01:04:57,false,false,false,DISTINCT_TIMESTAMPED_REARM_EVENT,D032_REJECTED_BY_SAME_FAMILY_STACKING,DISTINCT_SETUP_SUPPRESSION
MSZZC1|6:XAUUSD|1:5|1:1|1:4|17:ASIA_LOW|20251024,ASIA_LOW|20251024,SSRP|ASIA_LOW|20251024|1761321600|FINAL,SSRP|ASIA_LOW|20251024|1761324000|FINAL,2025.10.24 16:05:00,2025.10.24 16:45:00,40,2025.10.27 01:04:57,false,false,false,DISTINCT_TIMESTAMPED_REARM_EVENT,D032_REJECTED_BY_SAME_FAMILY_STACKING,DISTINCT_SETUP_SUPPRESSION
MSZZC1|6:XAUUSD|1:5|1:1|1:4|17:ASIA_LOW|20251024,ASIA_LOW|20251024,SSRP|ASIA_LOW|20251024|1761321600|FINAL,SSRP|ASIA_LOW|20251024|1761324300|FINAL,2025.10.24 16:05:00,2025.10.24 16:50:00,45,2025.10.27 01:04:57,false,false,false,DISTINCT_TIMESTAMPED_REARM_EVENT,D032_REJECTED_BY_SAME_FAMILY_STACKING,DISTINCT_SETUP_SUPPRESSION
MSZZC1|6:XAUUSD|1:5|1:1|1:4|17:ASIA_LOW|20251024,ASIA_LOW|20251024,SSRP|ASIA_LOW|20251024|1761321600|FINAL,SSRP|ASIA_LOW|20251024|1761324600|FINAL,2025.10.24 16:05:00,2025.10.24 16:55:00,50,2025.10.27 01:04:57,false,false,false,DISTINCT_TIMESTAMPED_REARM_EVENT,D032_REJECTED_BY_SAME_FAMILY_STACKING,DISTINCT_SETUP_SUPPRESSION
MSZZC1|6:XAUUSD|1:5|1:1|1:4|17:ASIA_LOW|20251024,ASIA_LOW|20251024,SSRP|ASIA_LOW|20251024|1761321600|FINAL,SSRP|ASIA_LOW|20251024|1761340200|FINAL,2025.10.24 16:05:00,2025.10.24 21:15:00,310,2025.10.27 01:04:57,false,false,false,DISTINCT_TIMESTAMPED_REARM_EVENT,D032_REJECTED_BY_SAME_FAMILY_STACKING,DISTINCT_SETUP_SUPPRESSION
MSZZC1|6:XAUUSD|1:5|1:1|1:4|17:ASIA_LOW|20251024,ASIA_LOW|20251024,SSRP|ASIA_LOW|20251024|1761321600|FINAL,SSRP|ASIA_LOW|20251024|1761346200|FINAL,2025.10.24 16:05:00,2025.10.24 22:55:00,410,2025.10.27 01:04:57,false,false,false,DISTINCT_TIMESTAMPED_REARM_EVENT,D032_REJECTED_BY_SAME_FAMILY_STACKING,DISTINCT_SETUP_SUPPRESSION
MSZZC1|6:XAUUSD|1:5|1:1|1:4|17:ASIA_LOW|20251024,ASIA_LOW|20251024,SSRP|ASIA_LOW|20251024|1761321600|FINAL,SSRP|ASIA_LOW|20251024|1761348300|FINAL,2025.10.24 16:05:00,2025.10.24 23:35:00,450,2025.10.27 01:04:57,false,false,false,DISTINCT_TIMESTAMPED_REARM_EVENT,D032_REJECTED_BY_SAME_FAMILY_STACKING,DISTINCT_SETUP_SUPPRESSION
MSZZC1|6:XAUUSD|1:5|1:1|1:4|17:ASIA_LOW|20251024,ASIA_LOW|20251024,SSRP|ASIA_LOW|20251024|1761321600|FINAL,SSRP|ASIA_LOW|20251024|1761348900|FINAL,2025.10.24 16:05:00,2025.10.24 23:40:00,455,2025.10.27 01:04:57,false,false,false,DISTINCT_TIMESTAMPED_REARM_EVENT,D032_REJECTED_BY_SAME_FAMILY_STACKING,DISTINCT_SETUP_SUPPRESSION
MSZZC1|6:XAUUSD|1:5|1:1|1:4|17:ASIA_LOW|20251028,ASIA_LOW|20251028,SSRP|ASIA_LOW|20251028|1761640500|FINAL,SSRP|ASIA_LOW|20251028|1761641100|FINAL,2025.10.28 08:45:00,2025.10.28 08:55:00,10,2025.10.28 09:09:57,false,false,false,DISTINCT_TIMESTAMPED_REARM_EVENT,D032_REJECTED_BY_SAME_FAMILY_STACKING,DISTINCT_SETUP_SUPPRESSION
MSZZC1|6:XAUUSD|1:5|1:1|1:4|17:ASIA_LOW|20251028,ASIA_LOW|20251028,SSRP|ASIA_LOW|20251028|1761640500|FINAL,SSRP|ASIA_LOW|20251028|1761675900|FINAL,2025.10.28 08:45:00,2025.10.28 18:45:00,600,2025.10.28 09:09:57,true,true,false,DISTINCT_TIMESTAMPED_REARM_EVENT,D032_ACCEPTED_DISTINCT_TRADE,DISTINCT_SETUP_SUPPRESSION
MSZZC1|6:XAUUSD|1:5|1:1|1:4|17:ASIA_LOW|20251028,ASIA_LOW|20251028,SSRP|ASIA_LOW|20251028|1761640500|FINAL,SSRP|ASIA_LOW|20251028|1761681600|FINAL,2025.10.28 08:45:00,2025.10.28 20:05:00,680,2025.10.28 09:09:57,true,true,false,DISTINCT_TIMESTAMPED_REARM_EVENT,D032_ACCEPTED_DISTINCT_TRADE,DISTINCT_SETUP_SUPPRESSION
MSZZC1|6:XAUUSD|1:5|1:1|1:4|17:ASIA_LOW|20251028,ASIA_LOW|20251028,SSRP|ASIA_LOW|20251028|1761640500|FINAL,SSRP|ASIA_LOW|20251028|1761681900|FINAL,2025.10.28 08:45:00,2025.10.28 20:10:00,685,2025.10.28 09:09:57,true,false,false,DISTINCT_TIMESTAMPED_REARM_EVENT,D032_REJECTED_BY_SAME_FAMILY_STACKING,DISTINCT_SETUP_SUPPRESSION
MSZZC1|6:XAUUSD|1:5|1:1|1:4|17:ASIA_LOW|20251028,ASIA_LOW|20251028,SSRP|ASIA_LOW|20251028|1761640500|FINAL,SSRP|ASIA_LOW|20251028|1761682200|FINAL,2025.10.28 08:45:00,2025.10.28 20:15:00,690,2025.10.28 09:09:57,true,false,false,DISTINCT_TIMESTAMPED_REARM_EVENT,D032_REJECTED_BY_SAME_FAMILY_STACKING,DISTINCT_SETUP_SUPPRESSION
MSZZC1|6:XAUUSD|1:5|1:1|1:4|17:ASIA_LOW|20251028,ASIA_LOW|20251028,SSRP|ASIA_LOW|20251028|1761640500|FINAL,SSRP|ASIA_LOW|20251028|1761683400|FINAL,2025.10.28 08:45:00,2025.10.28 20:35:00,710,2025.10.28 09:09:57,true,false,false,DISTINCT_TIMESTAMPED_REARM_EVENT,D032_REJECTED_BY_SAME_FAMILY_STACKING,DISTINCT_SETUP_SUPPRESSION
MSZZC1|6:XAUUSD|1:5|2:-1|1:4|18:ASIA_HIGH|20251029,ASIA_HIGH|20251029,SSRP|ASIA_HIGH|20251029|1761731100|FINAL,SSRP|ASIA_HIGH|20251029|1761731400|FINAL,2025.10.29 09:50:00,2025.10.29 09:55:00,5,2025.10.29 10:09:58,false,false,false,DISTINCT_TIMESTAMPED_REARM_EVENT,D032_REJECTED_BY_SAME_FAMILY_STACKING,DISTINCT_SETUP_SUPPRESSION
MSZZC1|6:XAUUSD|1:5|2:-1|1:4|18:ASIA_HIGH|20251029,ASIA_HIGH|20251029,SSRP|ASIA_HIGH|20251029|1761731100|FINAL,SSRP|ASIA_HIGH|20251029|1761772500|FINAL,2025.10.29 09:50:00,2025.10.29 21:20:00,690,2025.10.29 10:09:58,true,true,false,DISTINCT_TIMESTAMPED_REARM_EVENT,D032_ACCEPTED_DISTINCT_TRADE,DISTINCT_SETUP_SUPPRESSION
MSZZC1|6:XAUUSD|1:5|2:-1|1:4|18:ASIA_HIGH|20251029,ASIA_HIGH|20251029,SSRP|ASIA_HIGH|20251029|1761731100|FINAL,SSRP|ASIA_HIGH|20251029|1761772800|FINAL,2025.10.29 09:50:00,2025.10.29 21:25:00,695,2025.10.29 10:09:58,true,false,false,DISTINCT_TIMESTAMPED_REARM_EVENT,D032_REJECTED_BY_SAME_FAMILY_STACKING,DISTINCT_SETUP_SUPPRESSION
MSZZC1|6:XAUUSD|1:5|2:-1|1:4|18:ASIA_HIGH|20251029,ASIA_HIGH|20251029,SSRP|ASIA_HIGH|20251029|1761731100|FINAL,SSRP|ASIA_HIGH|20251029|1761773100|FINAL,2025.10.29 09:50:00,2025.10.29 21:35:00,705,2025.10.29 10:09:58,true,true,false,DISTINCT_TIMESTAMPED_REARM_EVENT,D032_ACCEPTED_DISTINCT_TRADE,DISTINCT_SETUP_SUPPRESSION
MSZZC1|6:XAUUSD|1:5|2:-1|1:4|18:ASIA_HIGH|20251029,ASIA_HIGH|20251029,SSRP|ASIA_HIGH|20251029|1761731100|FINAL,SSRP|ASIA_HIGH|20251029|1761773700|FINAL,2025.10.29 09:50:00,2025.10.29 21:40:00,710,2025.10.29 10:09:58,true,false,false,DISTINCT_TIMESTAMPED_REARM_EVENT,D032_REJECTED_BY_SAME_FAMILY_STACKING,DISTINCT_SETUP_SUPPRESSION
MSZZC1|6:XAUUSD|1:5|2:-1|1:4|18:ASIA_HIGH|20251030,ASIA_HIGH|20251030,SSRP|ASIA_HIGH|20251030|1761830700|FINAL,SSRP|ASIA_HIGH|20251030|1761831000|FINAL,2025.10.30 13:30:00,2025.10.30 13:35:00,5,2025.10.30 16:59:58,false,false,false,DISTINCT_TIMESTAMPED_REARM_EVENT,D032_REJECTED_BY_SAME_FAMILY_STACKING,DISTINCT_SETUP_SUPPRESSION
MSZZC1|6:XAUUSD|1:5|2:-1|1:4|18:ASIA_HIGH|20251030,ASIA_HIGH|20251030,SSRP|ASIA_HIGH|20251030|1761830700|FINAL,SSRP|ASIA_HIGH|20251030|1761832200|FINAL,2025.10.30 13:30:00,2025.10.30 14:05:00,35,2025.10.30 16:59:58,false,false,false,DISTINCT_TIMESTAMPED_REARM_EVENT,D032_REJECTED_BY_SAME_FAMILY_STACKING,DISTINCT_SETUP_SUPPRESSION
MSZZC1|6:XAUUSD|1:5|2:-1|1:4|18:ASIA_HIGH|20251030,ASIA_HIGH|20251030,SSRP|ASIA_HIGH|20251030|1761830700|FINAL,SSRP|ASIA_HIGH|20251030|1761833100|FINAL,2025.10.30 13:30:00,2025.10.30 14:10:00,40,2025.10.30 16:59:58,false,false,false,DISTINCT_TIMESTAMPED_REARM_EVENT,D032_REJECTED_BY_SAME_FAMILY_STACKING,DISTINCT_SETUP_SUPPRESSION
MSZZC1|6:XAUUSD|1:5|2:-1|1:4|18:ASIA_HIGH|20251030,ASIA_HIGH|20251030,SSRP|ASIA_HIGH|20251030|1761830700|FINAL,SSRP|ASIA_HIGH|20251030|1761837300|FINAL,2025.10.30 13:30:00,2025.10.30 15:20:00,110,2025.10.30 16:59:58,false,false,false,DISTINCT_TIMESTAMPED_REARM_EVENT,D032_REJECTED_BY_SAME_FAMILY_STACKING,DISTINCT_SETUP_SUPPRESSION
MSZZC1|6:XAUUSD|1:5|2:-1|1:4|18:ASIA_HIGH|20251030,ASIA_HIGH|20251030,SSRP|ASIA_HIGH|20251030|1761830700|FINAL,SSRP|ASIA_HIGH|20251030|1761837600|FINAL,2025.10.30 13:30:00,2025.10.30 15:25:00,115,2025.10.30 16:59:58,false,false,false,DISTINCT_TIMESTAMPED_REARM_EVENT,D032_REJECTED_BY_SAME_FAMILY_STACKING,DISTINCT_SETUP_SUPPRESSION
MSZZC1|6:XAUUSD|1:5|1:1|1:4|17:ASIA_LOW|20251031,ASIA_LOW|20251031,SSRP|ASIA_LOW|20251031|1761942600|FINAL,SSRP|ASIA_LOW|20251031|1761943200|FINAL,2025.10.31 20:40:00,2025.10.31 20:45:00,5,2025.11.03 01:44:58,false,false,false,DISTINCT_TIMESTAMPED_REARM_EVENT,D032_REJECTED_BY_SAME_FAMILY_STACKING,DISTINCT_SETUP_SUPPRESSION
MSZZC1|6:XAUUSD|1:5|2:-1|1:4|18:ASIA_HIGH|20251103,ASIA_HIGH|20251103,SSRP|ASIA_HIGH|20251103|1762160400|FINAL,SSRP|ASIA_HIGH|20251103|1762161000|FINAL,2025.11.03 09:10:00,2025.11.03 09:15:00,5,2025.11.03 09:54:57,false,false,false,DISTINCT_TIMESTAMPED_REARM_EVENT,D032_REJECTED_BY_SAME_FAMILY_STACKING,DISTINCT_SETUP_SUPPRESSION
MSZZC1|6:XAUUSD|1:5|2:-1|1:4|18:ASIA_HIGH|20251103,ASIA_HIGH|20251103,SSRP|ASIA_HIGH|20251103|1762160400|FINAL,SSRP|ASIA_HIGH|20251103|1762161900|FINAL,2025.11.03 09:10:00,2025.11.03 09:30:00,20,2025.11.03 09:54:57,false,false,false,DISTINCT_TIMESTAMPED_REARM_EVENT,D032_REJECTED_BY_SAME_FAMILY_STACKING,DISTINCT_SETUP_SUPPRESSION
MSZZC1|6:XAUUSD|1:5|2:-1|1:4|18:ASIA_HIGH|20251103,ASIA_HIGH|20251103,SSRP|ASIA_HIGH|20251103|1762160400|FINAL,SSRP|ASIA_HIGH|20251103|1762164600|FINAL,2025.11.03 09:10:00,2025.11.03 10:20:00,70,2025.11.03 09:54:57,true,true,false,DISTINCT_TIMESTAMPED_REARM_EVENT,D032_ACCEPTED_DISTINCT_TRADE,DISTINCT_SETUP_SUPPRESSION
MSZZC1|6:XAUUSD|1:5|2:-1|1:4|18:ASIA_HIGH|20251103,ASIA_HIGH|20251103,SSRP|ASIA_HIGH|20251103|1762160400|FINAL,SSRP|ASIA_HIGH|20251103|1762165200|FINAL,2025.11.03 09:10:00,2025.11.03 10:25:00,75,2025.11.03 09:54:57,true,false,false,DISTINCT_TIMESTAMPED_REARM_EVENT,D032_REJECTED_BY_SAME_FAMILY_STACKING,DISTINCT_SETUP_SUPPRESSION
MSZZC1|6:XAUUSD|1:5|2:-1|1:4|18:ASIA_HIGH|20251103,ASIA_HIGH|20251103,SSRP|ASIA_HIGH|20251103|1762160400|FINAL,SSRP|ASIA_HIGH|20251103|1762168200|FINAL,2025.11.03 09:10:00,2025.11.03 11:15:00,125,2025.11.03 09:54:57,true,false,false,DISTINCT_TIMESTAMPED_REARM_EVENT,D032_REJECTED_BY_SAME_FAMILY_STACKING,DISTINCT_SETUP_SUPPRESSION
MSZZC1|6:XAUUSD|1:5|2:-1|1:4|18:ASIA_HIGH|20251103,ASIA_HIGH|20251103,SSRP|ASIA_HIGH|20251103|1762160400|FINAL,SSRP|ASIA_HIGH|20251103|1762168500|FINAL,2025.11.03 09:10:00,2025.11.03 11:20:00,130,2025.11.03 09:54:57,true,false,false,DISTINCT_TIMESTAMPED_REARM_EVENT,D032_REJECTED_BY_SAME_FAMILY_STACKING,DISTINCT_SETUP_SUPPRESSION
MSZZC1|6:XAUUSD|1:5|2:-1|1:4|18:ASIA_HIGH|20251103,ASIA_HIGH|20251103,SSRP|ASIA_HIGH|20251103|1762160400|FINAL,SSRP|ASIA_HIGH|20251103|1762168800|FINAL,2025.11.03 09:10:00,2025.11.03 11:25:00,135,2025.11.03 09:54:57,true,false,false,DISTINCT_TIMESTAMPED_REARM_EVENT,D032_REJECTED_BY_SAME_FAMILY_STACKING,DISTINCT_SETUP_SUPPRESSION
MSZZC1|6:XAUUSD|1:5|2:-1|1:4|18:ASIA_HIGH|20251103,ASIA_HIGH|20251103,SSRP|ASIA_HIGH|20251103|1762160400|FINAL,SSRP|ASIA_HIGH|20251103|1762183200|FINAL,2025.11.03 09:10:00,2025.11.03 15:25:00,375,2025.11.03 09:54:57,true,true,false,DISTINCT_TIMESTAMPED_REARM_EVENT,D032_ACCEPTED_DISTINCT_TRADE,DISTINCT_SETUP_SUPPRESSION
MSZZC1|6:XAUUSD|1:5|2:-1|1:4|18:ASIA_HIGH|20251103,ASIA_HIGH|20251103,SSRP|ASIA_HIGH|20251103|1762160400|FINAL,SSRP|ASIA_HIGH|20251103|1762184100|FINAL,2025.11.03 09:10:00,2025.11.03 15:40:00,390,2025.11.03 09:54:57,true,true,false,DISTINCT_TIMESTAMPED_REARM_EVENT,D032_ACCEPTED_DISTINCT_TRADE,DISTINCT_SETUP_SUPPRESSION
MSZZC1|6:XAUUSD|1:5|2:-1|1:4|18:ASIA_HIGH|20251103,ASIA_HIGH|20251103,SSRP|ASIA_HIGH|20251103|1762160400|FINAL,SSRP|ASIA_HIGH|20251103|1762185600|FINAL,2025.11.03 09:10:00,2025.11.03 16:05:00,415,2025.11.03 09:54:57,true,false,false,DISTINCT_TIMESTAMPED_REARM_EVENT,D032_REJECTED_BY_SAME_FAMILY_STACKING,DISTINCT_SETUP_SUPPRESSION
MSZZC1|6:XAUUSD|1:5|2:-1|1:4|18:ASIA_HIGH|20251103,ASIA_HIGH|20251103,SSRP|ASIA_HIGH|20251103|1762160400|FINAL,SSRP|ASIA_HIGH|20251103|1762186800|FINAL,2025.11.03 09:10:00,2025.11.03 16:25:00,435,2025.11.03 09:54:57,true,true,false,DISTINCT_TIMESTAMPED_REARM_EVENT,D032_ACCEPTED_DISTINCT_TRADE,DISTINCT_SETUP_SUPPRESSION
MSZZC1|6:XAUUSD|1:5|2:-1|1:4|18:ASIA_HIGH|20251103,ASIA_HIGH|20251103,SSRP|ASIA_HIGH|20251103|1762160400|FINAL,SSRP|ASIA_HIGH|20251103|1762190100|FINAL,2025.11.03 09:10:00,2025.11.03 17:20:00,490,2025.11.03 09:54:57,true,true,false,DISTINCT_TIMESTAMPED_REARM_EVENT,D032_ACCEPTED_DISTINCT_TRADE,DISTINCT_SETUP_SUPPRESSION
MSZZC1|6:XAUUSD|1:5|2:-1|1:4|18:ASIA_HIGH|20251103,ASIA_HIGH|20251103,SSRP|ASIA_HIGH|20251103|1762160400|FINAL,SSRP|ASIA_HIGH|20251103|1762190400|FINAL,2025.11.03 09:10:00,2025.11.03 17:25:00,495,2025.11.03 09:54:57,true,false,false,DISTINCT_TIMESTAMPED_REARM_EVENT,D032_REJECTED_BY_SAME_FAMILY_STACKING,DISTINCT_SETUP_SUPPRESSION
MSZZC1|6:XAUUSD|1:5|2:-1|1:4|18:ASIA_HIGH|20251103,ASIA_HIGH|20251103,SSRP|ASIA_HIGH|20251103|1762160400|FINAL,SSRP|ASIA_HIGH|20251103|1762190700|FINAL,2025.11.03 09:10:00,2025.11.03 17:30:00,500,2025.11.03 09:54:57,true,false,false,DISTINCT_TIMESTAMPED_REARM_EVENT,D032_REJECTED_BY_SAME_FAMILY_STACKING,DISTINCT_SETUP_SUPPRESSION
MSZZC1|6:XAUUSD|1:5|2:-1|1:4|18:ASIA_HIGH|20251103,ASIA_HIGH|20251103,SSRP|ASIA_HIGH|20251103|1762160400|FINAL,SSRP|ASIA_HIGH|20251103|1762191600|FINAL,2025.11.03 09:10:00,2025.11.03 17:50:00,520,2025.11.03 09:54:57,true,false,false,DISTINCT_TIMESTAMPED_REARM_EVENT,D032_REJECTED_BY_SAME_FAMILY_STACKING,DISTINCT_SETUP_SUPPRESSION
MSZZC1|6:XAUUSD|1:5|1:1|1:4|17:ASIA_LOW|20251104,ASIA_LOW|20251104,SSRP|ASIA_LOW|20251104|1762243200|FINAL,SSRP|ASIA_LOW|20251104|1762243800|FINAL,2025.11.04 08:10:00,2025.11.04 08:15:00,5,2025.11.04 09:19:58,false,false,false,DISTINCT_TIMESTAMPED_REARM_EVENT,D032_REJECTED_BY_SAME_FAMILY_STACKING,DISTINCT_SETUP_SUPPRESSION
MSZZC1|6:XAUUSD|1:5|1:1|1:4|17:ASIA_LOW|20251104,ASIA_LOW|20251104,SSRP|ASIA_LOW|20251104|1762243200|FINAL,SSRP|ASIA_LOW|20251104|1762244400|FINAL,2025.11.04 08:10:00,2025.11.04 08:25:00,15,2025.11.04 09:19:58,false,false,false,DISTINCT_TIMESTAMPED_REARM_EVENT,D032_REJECTED_BY_SAME_FAMILY_STACKING,DISTINCT_SETUP_SUPPRESSION
MSZZC1|6:XAUUSD|1:5|1:1|1:4|17:ASIA_LOW|20251104,ASIA_LOW|20251104,SSRP|ASIA_LOW|20251104|1762243200|FINAL,SSRP|ASIA_LOW|20251104|1762244700|FINAL,2025.11.04 08:10:00,2025.11.04 08:30:00,20,2025.11.04 09:19:58,false,false,false,DISTINCT_TIMESTAMPED_REARM_EVENT,D032_REJECTED_BY_SAME_FAMILY_STACKING,DISTINCT_SETUP_SUPPRESSION
MSZZC1|6:XAUUSD|1:5|1:1|1:4|17:ASIA_LOW|20251104,ASIA_LOW|20251104,SSRP|ASIA_LOW|20251104|1762243200|FINAL,SSRP|ASIA_LOW|20251104|1762271400|FINAL,2025.11.04 08:10:00,2025.11.04 15:55:00,465,2025.11.04 09:19:58,true,true,false,DISTINCT_TIMESTAMPED_REARM_EVENT,D032_ACCEPTED_DISTINCT_TRADE,DISTINCT_SETUP_SUPPRESSION
MSZZC1|6:XAUUSD|1:5|1:1|1:4|17:ASIA_LOW|20251104,ASIA_LOW|20251104,SSRP|ASIA_LOW|20251104|1762243200|FINAL,SSRP|ASIA_LOW|20251104|1762272000|FINAL,2025.11.04 08:10:00,2025.11.04 16:10:00,480,2025.11.04 09:19:58,true,true,false,DISTINCT_TIMESTAMPED_REARM_EVENT,D032_ACCEPTED_DISTINCT_TRADE,DISTINCT_SETUP_SUPPRESSION
MSZZC1|6:XAUUSD|1:5|1:1|1:4|17:ASIA_LOW|20251104,ASIA_LOW|20251104,SSRP|ASIA_LOW|20251104|1762243200|FINAL,SSRP|ASIA_LOW|20251104|1762280100|FINAL,2025.11.04 08:10:00,2025.11.04 18:20:00,610,2025.11.04 09:19:58,true,true,false,DISTINCT_TIMESTAMPED_REARM_EVENT,D032_ACCEPTED_DISTINCT_TRADE,DISTINCT_SETUP_SUPPRESSION
MSZZC1|6:XAUUSD|1:5|2:-1|1:4|18:ASIA_HIGH|20251105,ASIA_HIGH|20251105,SSRP|ASIA_HIGH|20251105|1762339800|FINAL,SSRP|ASIA_HIGH|20251105|1762357800|FINAL,2025.11.05 11:10:00,2025.11.05 15:55:00,285,2025.11.05 12:09:57,true,true,false,DISTINCT_TIMESTAMPED_REARM_EVENT,D032_ACCEPTED_DISTINCT_TRADE,DISTINCT_SETUP_SUPPRESSION
MSZZC1|6:XAUUSD|1:5|2:-1|1:4|18:ASIA_HIGH|20251105,ASIA_HIGH|20251105,SSRP|ASIA_HIGH|20251105|1762339800|FINAL,SSRP|ASIA_HIGH|20251105|1762358100|FINAL,2025.11.05 11:10:00,2025.11.05 16:00:00,290,2025.11.05 12:09:57,true,false,false,DISTINCT_TIMESTAMPED_REARM_EVENT,D032_REJECTED_BY_SAME_FAMILY_STACKING,DISTINCT_SETUP_SUPPRESSION
MSZZC1|6:XAUUSD|1:5|2:-1|1:4|18:ASIA_HIGH|20251105,ASIA_HIGH|20251105,SSRP|ASIA_HIGH|20251105|1762339800|FINAL,SSRP|ASIA_HIGH|20251105|1762360500|FINAL,2025.11.05 11:10:00,2025.11.05 16:40:00,330,2025.11.05 12:09:57,true,true,false,DISTINCT_TIMESTAMPED_REARM_EVENT,D032_ACCEPTED_DISTINCT_TRADE,DISTINCT_SETUP_SUPPRESSION
MSZZC1|6:XAUUSD|1:5|2:-1|1:4|18:ASIA_HIGH|20251105,ASIA_HIGH|20251105,SSRP|ASIA_HIGH|20251105|1762339800|FINAL,SSRP|ASIA_HIGH|20251105|1762360800|FINAL,2025.11.05 11:10:00,2025.11.05 16:45:00,335,2025.11.05 12:09:57,true,false,false,DISTINCT_TIMESTAMPED_REARM_EVENT,D032_REJECTED_BY_SAME_FAMILY_STACKING,DISTINCT_SETUP_SUPPRESSION
MSZZC1|6:XAUUSD|1:5|2:-1|1:4|18:ASIA_HIGH|20251105,ASIA_HIGH|20251105,SSRP|ASIA_HIGH|20251105|1762339800|FINAL,SSRP|ASIA_HIGH|20251105|1762364400|FINAL,2025.11.05 11:10:00,2025.11.05 17:55:00,405,2025.11.05 12:09:57,true,false,false,DISTINCT_TIMESTAMPED_REARM_EVENT,D032_REJECTED_BY_SAME_FAMILY_STACKING,DISTINCT_SETUP_SUPPRESSION
MSZZC1|6:XAUUSD|1:5|2:-1|1:4|18:ASIA_HIGH|20251105,ASIA_HIGH|20251105,SSRP|ASIA_HIGH|20251105|1762339800|FINAL,SSRP|ASIA_HIGH|20251105|1762365900|FINAL,2025.11.05 11:10:00,2025.11.05 18:10:00,420,2025.11.05 12:09:57,true,false,false,DISTINCT_TIMESTAMPED_REARM_EVENT,D032_REJECTED_BY_SAME_FAMILY_STACKING,DISTINCT_SETUP_SUPPRESSION
MSZZC1|6:XAUUSD|1:5|2:-1|1:4|18:ASIA_HIGH|20251105,ASIA_HIGH|20251105,SSRP|ASIA_HIGH|20251105|1762339800|FINAL,SSRP|ASIA_HIGH|20251105|1762366200|FINAL,2025.11.05 11:10:00,2025.11.05 18:15:00,425,2025.11.05 12:09:57,true,false,false,DISTINCT_TIMESTAMPED_REARM_EVENT,D032_REJECTED_BY_SAME_FAMILY_STACKING,DISTINCT_SETUP_SUPPRESSION
MSZZC1|6:XAUUSD|1:5|2:-1|1:4|18:ASIA_HIGH|20251106,ASIA_HIGH|20251106,SSRP|ASIA_HIGH|20251106|1762447800|FINAL,SSRP|ASIA_HIGH|20251106|1762448400|FINAL,2025.11.06 17:00:00,2025.11.06 17:05:00,5,2025.11.07 03:14:58,false,false,false,DISTINCT_TIMESTAMPED_REARM_EVENT,D032_REJECTED_BY_SAME_FAMILY_STACKING,DISTINCT_SETUP_SUPPRESSION
MSZZC1|6:XAUUSD|1:5|2:-1|1:4|18:ASIA_HIGH|20251106,ASIA_HIGH|20251106,SSRP|ASIA_HIGH|20251106|1762447800|FINAL,SSRP|ASIA_HIGH|20251106|1762464000|FINAL,2025.11.06 17:00:00,2025.11.06 21:40:00,280,2025.11.07 03:14:58,false,false,false,DISTINCT_TIMESTAMPED_REARM_EVENT,D032_REJECTED_BY_SAME_FAMILY_STACKING,DISTINCT_SETUP_SUPPRESSION
MSZZC1|6:XAUUSD|1:5|2:-1|1:4|18:ASIA_HIGH|20251106,ASIA_HIGH|20251106,SSRP|ASIA_HIGH|20251106|1762447800|FINAL,SSRP|ASIA_HIGH|20251106|1762465200|FINAL,2025.11.06 17:00:00,2025.11.06 21:45:00,285,2025.11.07 03:14:58,false,false,false,DISTINCT_TIMESTAMPED_REARM_EVENT,D032_REJECTED_BY_SAME_FAMILY_STACKING,DISTINCT_SETUP_SUPPRESSION
MSZZC1|6:XAUUSD|1:5|2:-1|1:4|18:ASIA_HIGH|20251107,ASIA_HIGH|20251107,SSRP|ASIA_HIGH|20251107|1762520700|FINAL,SSRP|ASIA_HIGH|20251107|1762521600|FINAL,2025.11.07 13:20:00,2025.11.07 13:25:00,5,2025.11.07 18:34:58,false,false,false,DISTINCT_TIMESTAMPED_REARM_EVENT,D032_REJECTED_BY_SAME_FAMILY_STACKING,DISTINCT_SETUP_SUPPRESSION
MSZZC1|6:XAUUSD|1:5|2:-1|1:4|18:ASIA_HIGH|20251107,ASIA_HIGH|20251107,SSRP|ASIA_HIGH|20251107|1762520700|FINAL,SSRP|ASIA_HIGH|20251107|1762524300|FINAL,2025.11.07 13:20:00,2025.11.07 14:20:00,60,2025.11.07 18:34:58,false,false,false,DISTINCT_TIMESTAMPED_REARM_EVENT,D032_REJECTED_BY_SAME_FAMILY_STACKING,DISTINCT_SETUP_SUPPRESSION
MSZZC1|6:XAUUSD|1:5|2:-1|1:4|18:ASIA_HIGH|20251107,ASIA_HIGH|20251107,SSRP|ASIA_HIGH|20251107|1762520700|FINAL,SSRP|ASIA_HIGH|20251107|1762525200|FINAL,2025.11.07 13:20:00,2025.11.07 14:25:00,65,2025.11.07 18:34:58,false,false,false,DISTINCT_TIMESTAMPED_REARM_EVENT,D032_REJECTED_BY_SAME_FAMILY_STACKING,DISTINCT_SETUP_SUPPRESSION
MSZZC1|6:XAUUSD|1:5|2:-1|1:4|18:ASIA_HIGH|20251107,ASIA_HIGH|20251107,SSRP|ASIA_HIGH|20251107|1762520700|FINAL,SSRP|ASIA_HIGH|20251107|1762531800|FINAL,2025.11.07 13:20:00,2025.11.07 16:25:00,185,2025.11.07 18:34:58,false,false,false,DISTINCT_TIMESTAMPED_REARM_EVENT,D032_REJECTED_BY_SAME_FAMILY_STACKING,DISTINCT_SETUP_SUPPRESSION
MSZZC1|6:XAUUSD|1:5|2:-1|1:4|18:ASIA_HIGH|20251107,ASIA_HIGH|20251107,SSRP|ASIA_HIGH|20251107|1762520700|FINAL,SSRP|ASIA_HIGH|20251107|1762532700|FINAL,2025.11.07 13:20:00,2025.11.07 16:30:00,190,2025.11.07 18:34:58,false,false,false,DISTINCT_TIMESTAMPED_REARM_EVENT,D032_REJECTED_BY_SAME_FAMILY_STACKING,DISTINCT_SETUP_SUPPRESSION
MSZZC1|6:XAUUSD|1:5|2:-1|1:4|18:ASIA_HIGH|20251107,ASIA_HIGH|20251107,SSRP|ASIA_HIGH|20251107|1762520700|FINAL,SSRP|ASIA_HIGH|20251107|1762541700|FINAL,2025.11.07 13:20:00,2025.11.07 19:05:00,345,2025.11.07 18:34:58,true,true,false,DISTINCT_TIMESTAMPED_REARM_EVENT,D032_ACCEPTED_DISTINCT_TRADE,DISTINCT_SETUP_SUPPRESSION
MSZZC1|6:XAUUSD|1:5|2:-1|1:4|18:ASIA_HIGH|20251107,ASIA_HIGH|20251107,SSRP|ASIA_HIGH|20251107|1762520700|FINAL,SSRP|ASIA_HIGH|20251107|1762542300|FINAL,2025.11.07 13:20:00,2025.11.07 19:10:00,350,2025.11.07 18:34:58,true,false,false,DISTINCT_TIMESTAMPED_REARM_EVENT,D032_REJECTED_BY_SAME_FAMILY_STACKING,DISTINCT_SETUP_SUPPRESSION
MSZZC1|6:XAUUSD|1:5|2:-1|1:4|18:ASIA_HIGH|20251107,ASIA_HIGH|20251107,SSRP|ASIA_HIGH|20251107|1762520700|FINAL,SSRP|ASIA_HIGH|20251107|1762545300|FINAL,2025.11.07 13:20:00,2025.11.07 20:20:00,420,2025.11.07 18:34:58,true,false,false,DISTINCT_TIMESTAMPED_REARM_EVENT,D032_REJECTED_BY_SAME_FAMILY_STACKING,DISTINCT_SETUP_SUPPRESSION
MSZZC1|6:XAUUSD|1:5|2:-1|1:4|18:ASIA_HIGH|20251107,ASIA_HIGH|20251107,SSRP|ASIA_HIGH|20251107|1762520700|FINAL,SSRP|ASIA_HIGH|20251107|1762546800|FINAL,2025.11.07 13:20:00,2025.11.07 20:25:00,425,2025.11.07 18:34:58,true,false,false,DISTINCT_TIMESTAMPED_REARM_EVENT,D032_REJECTED_BY_SAME_FAMILY_STACKING,DISTINCT_SETUP_SUPPRESSION
MSZZC1|6:XAUUSD|1:5|2:-1|1:4|18:ASIA_HIGH|20251107,ASIA_HIGH|20251107,SSRP|ASIA_HIGH|20251107|1762520700|FINAL,SSRP|ASIA_HIGH|20251107|1762551300|FINAL,2025.11.07 13:20:00,2025.11.07 21:40:00,500,2025.11.07 18:34:58,true,false,false,DISTINCT_TIMESTAMPED_REARM_EVENT,D032_REJECTED_BY_SAME_FAMILY_STACKING,DISTINCT_SETUP_SUPPRESSION
MSZZC1|6:XAUUSD|1:5|2:-1|1:4|18:ASIA_HIGH|20251107,ASIA_HIGH|20251107,SSRP|ASIA_HIGH|20251107|1762520700|FINAL,SSRP|ASIA_HIGH|20251107|1762553400|FINAL,2025.11.07 13:20:00,2025.11.07 22:15:00,535,2025.11.07 18:34:58,true,false,false,DISTINCT_TIMESTAMPED_REARM_EVENT,D032_REJECTED_BY_SAME_FAMILY_STACKING,DISTINCT_SETUP_SUPPRESSION
MSZZC1|6:XAUUSD|1:5|2:-1|1:4|18:ASIA_HIGH|20251107,ASIA_HIGH|20251107,SSRP|ASIA_HIGH|20251107|1762520700|FINAL,SSRP|ASIA_HIGH|20251107|1762553700|FINAL,2025.11.07 13:20:00,2025.11.07 22:20:00,540,2025.11.07 18:34:58,true,false,false,DISTINCT_TIMESTAMPED_REARM_EVENT,D032_REJECTED_BY_SAME_FAMILY_STACKING,DISTINCT_SETUP_SUPPRESSION
MSZZC1|6:XAUUSD|1:5|2:-1|1:4|18:ASIA_HIGH|20251107,ASIA_HIGH|20251107,SSRP|ASIA_HIGH|20251107|1762520700|FINAL,SSRP|ASIA_HIGH|20251107|1762556100|FINAL,2025.11.07 13:20:00,2025.11.07 23:10:00,590,2025.11.07 18:34:58,true,false,false,DISTINCT_TIMESTAMPED_REARM_EVENT,D032_REJECTED_BY_SAME_FAMILY_STACKING,DISTINCT_SETUP_SUPPRESSION
MSZZC1|6:XAUUSD|1:5|2:-1|1:4|18:ASIA_HIGH|20251107,ASIA_HIGH|20251107,SSRP|ASIA_HIGH|20251107|1762520700|FINAL,SSRP|ASIA_HIGH|20251107|1762557000|FINAL,2025.11.07 13:20:00,2025.11.07 23:15:00,595,2025.11.07 18:34:58,true,false,false,DISTINCT_TIMESTAMPED_REARM_EVENT,D032_REJECTED_BY_SAME_FAMILY_STACKING,DISTINCT_SETUP_SUPPRESSION
MSZZC1|6:XAUUSD|1:5|1:1|1:4|17:ASIA_LOW|20251111,ASIA_LOW|20251111,SSRP|ASIA_LOW|20251111|1762887900|FINAL,SSRP|ASIA_LOW|20251111|1762889400|FINAL,2025.11.11 19:10:00,2025.11.11 20:00:00,50,2025.11.11 19:19:58,true,true,false,DISTINCT_TIMESTAMPED_REARM_EVENT,D032_ACCEPTED_DISTINCT_TRADE,DISTINCT_SETUP_SUPPRESSION
MSZZC1|6:XAUUSD|1:5|1:1|1:4|17:ASIA_LOW|20251111,ASIA_LOW|20251111,SSRP|ASIA_LOW|20251111|1762887900|FINAL,SSRP|ASIA_LOW|20251111|1762893600|FINAL,2025.11.11 19:10:00,2025.11.11 21:00:00,110,2025.11.11 19:19:58,true,true,false,DISTINCT_TIMESTAMPED_REARM_EVENT,D032_ACCEPTED_DISTINCT_TRADE,DISTINCT_SETUP_SUPPRESSION
MSZZC1|6:XAUUSD|1:5|1:1|1:4|17:ASIA_LOW|20251111,ASIA_LOW|20251111,SSRP|ASIA_LOW|20251111|1762887900|FINAL,SSRP|ASIA_LOW|20251111|1762894800|FINAL,2025.11.11 19:10:00,2025.11.11 21:05:00,115,2025.11.11 19:19:58,true,false,false,DISTINCT_TIMESTAMPED_REARM_EVENT,D032_REJECTED_BY_SAME_FAMILY_STACKING,DISTINCT_SETUP_SUPPRESSION
MSZZC1|6:XAUUSD|1:5|2:-1|1:4|18:ASIA_HIGH|20251113,ASIA_HIGH|20251113,SSRP|ASIA_HIGH|20251113|1763049600|FINAL,SSRP|ASIA_HIGH|20251113|1763049900|FINAL,2025.11.13 16:05:00,2025.11.13 16:15:00,10,2025.11.13 20:34:58,false,false,false,DISTINCT_TIMESTAMPED_REARM_EVENT,D032_REJECTED_BY_SAME_FAMILY_STACKING,DISTINCT_SETUP_SUPPRESSION
MSZZC1|6:XAUUSD|1:5|2:-1|1:4|18:ASIA_HIGH|20251113,ASIA_HIGH|20251113,SSRP|ASIA_HIGH|20251113|1763049600|FINAL,SSRP|ASIA_HIGH|20251113|1763050500|FINAL,2025.11.13 16:05:00,2025.11.13 16:20:00,15,2025.11.13 20:34:58,false,false,false,DISTINCT_TIMESTAMPED_REARM_EVENT,D032_REJECTED_BY_SAME_FAMILY_STACKING,DISTINCT_SETUP_SUPPRESSION
MSZZC1|6:XAUUSD|1:5|1:1|1:4|17:ASIA_LOW|20251114,ASIA_LOW|20251114,SSRP|ASIA_LOW|20251114|1763112600|FINAL,SSRP|ASIA_LOW|20251114|1763113200|FINAL,2025.11.14 09:40:00,2025.11.14 09:45:00,5,2025.11.14 12:34:58,false,false,false,DISTINCT_TIMESTAMPED_REARM_EVENT,D032_REJECTED_BY_SAME_FAMILY_STACKING,DISTINCT_SETUP_SUPPRESSION
MSZZC1|6:XAUUSD|1:5|1:1|1:4|17:ASIA_LOW|20251114,ASIA_LOW|20251114,SSRP|ASIA_LOW|20251114|1763112600|FINAL,SSRP|ASIA_LOW|20251114|1763118000|FINAL,2025.11.14 09:40:00,2025.11.14 11:05:00,85,2025.11.14 12:34:58,false,false,false,DISTINCT_TIMESTAMPED_REARM_EVENT,D032_REJECTED_BY_SAME_FAMILY_STACKING,DISTINCT_SETUP_SUPPRESSION
MSZZC1|6:XAUUSD|1:5|1:1|1:4|17:ASIA_LOW|20251114,ASIA_LOW|20251114,SSRP|ASIA_LOW|20251114|1763112600|FINAL,SSRP|ASIA_LOW|20251114|1763119800|FINAL,2025.11.14 09:40:00,2025.11.14 11:35:00,115,2025.11.14 12:34:58,false,false,false,DISTINCT_TIMESTAMPED_REARM_EVENT,D032_REJECTED_BY_SAME_FAMILY_STACKING,DISTINCT_SETUP_SUPPRESSION
MSZZC1|6:XAUUSD|1:5|1:1|1:4|17:ASIA_LOW|20251114,ASIA_LOW|20251114,SSRP|ASIA_LOW|20251114|1763112600|FINAL,SSRP|ASIA_LOW|20251114|1763120100|FINAL,2025.11.14 09:40:00,2025.11.14 11:40:00,120,2025.11.14 12:34:58,false,false,false,DISTINCT_TIMESTAMPED_REARM_EVENT,D032_REJECTED_BY_SAME_FAMILY_STACKING,DISTINCT_SETUP_SUPPRESSION
MSZZC1|6:XAUUSD|1:5|1:1|1:4|17:ASIA_LOW|20251114,ASIA_LOW|20251114,SSRP|ASIA_LOW|20251114|1763112600|FINAL,SSRP|ASIA_LOW|20251114|1763120400|FINAL,2025.11.14 09:40:00,2025.11.14 11:45:00,125,2025.11.14 12:34:58,false,false,false,DISTINCT_TIMESTAMPED_REARM_EVENT,D032_REJECTED_BY_SAME_FAMILY_STACKING,DISTINCT_SETUP_SUPPRESSION
MSZZC1|6:XAUUSD|1:5|1:1|1:4|17:ASIA_LOW|20251114,ASIA_LOW|20251114,SSRP|ASIA_LOW|20251114|1763112600|FINAL,SSRP|ASIA_LOW|20251114|1763123400|FINAL,2025.11.14 09:40:00,2025.11.14 12:50:00,190,2025.11.14 12:34:58,true,true,false,DISTINCT_TIMESTAMPED_REARM_EVENT,D032_ACCEPTED_DISTINCT_TRADE,DISTINCT_SETUP_SUPPRESSION
MSZZC1|6:XAUUSD|1:5|1:1|1:4|17:ASIA_LOW|20251118,ASIA_LOW|20251118,SSRP|ASIA_LOW|20251118|1763457000|FINAL,SSRP|ASIA_LOW|20251118|1763458200|FINAL,2025.11.18 09:15:00,2025.11.18 09:35:00,20,2025.11.18 09:34:58,true,true,false,DISTINCT_TIMESTAMPED_REARM_EVENT,D032_ACCEPTED_DISTINCT_TRADE,DISTINCT_SETUP_SUPPRESSION
MSZZC1|6:XAUUSD|1:5|1:1|1:4|17:ASIA_LOW|20251118,ASIA_LOW|20251118,SSRP|ASIA_LOW|20251118|1763457000|FINAL,SSRP|ASIA_LOW|20251118|1763458500|FINAL,2025.11.18 09:15:00,2025.11.18 09:40:00,25,2025.11.18 09:34:58,true,false,false,DISTINCT_TIMESTAMPED_REARM_EVENT,D032_REJECTED_BY_SAME_FAMILY_STACKING,DISTINCT_SETUP_SUPPRESSION
MSZZC1|6:XAUUSD|1:5|2:-1|1:4|18:ASIA_HIGH|20251118,ASIA_HIGH|20251118,SSRP|ASIA_HIGH|20251118|1763487600|FINAL,SSRP|ASIA_HIGH|20251118|1763488200|FINAL,2025.11.18 17:50:00,2025.11.18 17:55:00,5,2025.11.18 18:29:58,false,false,false,DISTINCT_TIMESTAMPED_REARM_EVENT,D032_REJECTED_BY_SAME_FAMILY_STACKING,DISTINCT_SETUP_SUPPRESSION
MSZZC1|6:XAUUSD|1:5|2:-1|1:4|18:ASIA_HIGH|20251118,ASIA_HIGH|20251118,SSRP|ASIA_HIGH|20251118|1763487600|FINAL,SSRP|ASIA_HIGH|20251118|1763488500|FINAL,2025.11.18 17:50:00,2025.11.18 18:00:00,10,2025.11.18 18:29:58,false,false,false,DISTINCT_TIMESTAMPED_REARM_EVENT,D032_REJECTED_BY_SAME_FAMILY_STACKING,DISTINCT_SETUP_SUPPRESSION
MSZZC1|6:XAUUSD|1:5|2:-1|1:4|18:ASIA_HIGH|20251119,ASIA_HIGH|20251119,SSRP|ASIA_HIGH|20251119|1763539200|FINAL,SSRP|ASIA_HIGH|20251119|1763539800|FINAL,2025.11.19 08:05:00,2025.11.19 08:15:00,10,2025.11.19 08:24:58,false,false,false,DISTINCT_TIMESTAMPED_REARM_EVENT,D032_REJECTED_BY_SAME_FAMILY_STACKING,DISTINCT_SETUP_SUPPRESSION
MSZZC1|6:XAUUSD|1:5|2:-1|1:4|18:ASIA_HIGH|20251119,ASIA_HIGH|20251119,SSRP|ASIA_HIGH|20251119|1763539200|FINAL,SSRP|ASIA_HIGH|20251119|1763574300|FINAL,2025.11.19 08:05:00,2025.11.19 17:50:00,585,2025.11.19 08:24:58,true,true,false,DISTINCT_TIMESTAMPED_REARM_EVENT,D032_ACCEPTED_DISTINCT_TRADE,DISTINCT_SETUP_SUPPRESSION
MSZZC1|6:XAUUSD|1:5|2:-1|1:4|18:ASIA_HIGH|20251119,ASIA_HIGH|20251119,SSRP|ASIA_HIGH|20251119|1763539200|FINAL,SSRP|ASIA_HIGH|20251119|1763574600|FINAL,2025.11.19 08:05:00,2025.11.19 17:55:00,590,2025.11.19 08:24:58,true,false,false,DISTINCT_TIMESTAMPED_REARM_EVENT,D032_REJECTED_BY_SAME_FAMILY_STACKING,DISTINCT_SETUP_SUPPRESSION
MSZZC1|6:XAUUSD|1:5|1:1|1:4|17:ASIA_LOW|20251121,ASIA_LOW|20251121,SSRP|ASIA_LOW|20251121|1763720100|FINAL,SSRP|ASIA_LOW|20251121|1763722200|FINAL,2025.11.21 10:25:00,2025.11.21 10:55:00,30,2025.11.21 11:19:58,false,false,false,DISTINCT_TIMESTAMPED_REARM_EVENT,D032_REJECTED_BY_SAME_FAMILY_STACKING,DISTINCT_SETUP_SUPPRESSION
MSZZC1|6:XAUUSD|1:5|1:1|1:4|17:ASIA_LOW|20251121,ASIA_LOW|20251121,SSRP|ASIA_LOW|20251121|1763720100|FINAL,SSRP|ASIA_LOW|20251121|1763727000|FINAL,2025.11.21 10:25:00,2025.11.21 12:15:00,110,2025.11.21 11:19:58,true,true,false,DISTINCT_TIMESTAMPED_REARM_EVENT,D032_ACCEPTED_DISTINCT_TRADE,DISTINCT_SETUP_SUPPRESSION
MSZZC1|6:XAUUSD|1:5|1:1|1:4|17:ASIA_LOW|20251121,ASIA_LOW|20251121,SSRP|ASIA_LOW|20251121|1763720100|FINAL,SSRP|ASIA_LOW|20251121|1763727300|FINAL,2025.11.21 10:25:00,2025.11.21 12:20:00,115,2025.11.21 11:19:58,true,false,false,DISTINCT_TIMESTAMPED_REARM_EVENT,D032_REJECTED_BY_SAME_FAMILY_STACKING,DISTINCT_SETUP_SUPPRESSION
MSZZC1|6:XAUUSD|1:5|1:1|1:4|17:ASIA_LOW|20251121,ASIA_LOW|20251121,SSRP|ASIA_LOW|20251121|1763720100|FINAL,SSRP|ASIA_LOW|20251121|1763728800|FINAL,2025.11.21 10:25:00,2025.11.21 13:05:00,160,2025.11.21 11:19:58,true,true,false,DISTINCT_TIMESTAMPED_REARM_EVENT,D032_ACCEPTED_DISTINCT_TRADE,DISTINCT_SETUP_SUPPRESSION
MSZZC1|6:XAUUSD|1:5|1:1|1:4|17:ASIA_LOW|20251121,ASIA_LOW|20251121,SSRP|ASIA_LOW|20251121|1763720100|FINAL,SSRP|ASIA_LOW|20251121|1763730300|FINAL,2025.11.21 10:25:00,2025.11.21 13:10:00,165,2025.11.21 11:19:58,true,false,false,DISTINCT_TIMESTAMPED_REARM_EVENT,D032_REJECTED_BY_SAME_FAMILY_STACKING,DISTINCT_SETUP_SUPPRESSION
MSZZC1|6:XAUUSD|1:5|1:1|1:4|17:ASIA_LOW|20251121,ASIA_LOW|20251121,SSRP|ASIA_LOW|20251121|1763720100|FINAL,SSRP|ASIA_LOW|20251121|1763733600|FINAL,2025.11.21 10:25:00,2025.11.21 14:05:00,220,2025.11.21 11:19:58,true,true,false,DISTINCT_TIMESTAMPED_REARM_EVENT,D032_ACCEPTED_DISTINCT_TRADE,DISTINCT_SETUP_SUPPRESSION
MSZZC1|6:XAUUSD|1:5|1:1|1:4|17:ASIA_LOW|20251121,ASIA_LOW|20251121,SSRP|ASIA_LOW|20251121|1763720100|FINAL,SSRP|ASIA_LOW|20251121|1763733900|FINAL,2025.11.21 10:25:00,2025.11.21 14:10:00,225,2025.11.21 11:19:58,true,false,false,DISTINCT_TIMESTAMPED_REARM_EVENT,D032_REJECTED_BY_SAME_FAMILY_STACKING,DISTINCT_SETUP_SUPPRESSION
MSZZC1|6:XAUUSD|1:5|2:-1|1:4|18:ASIA_HIGH|20251121,ASIA_HIGH|20251121,SSRP|ASIA_HIGH|20251121|1763751600|FINAL,SSRP|ASIA_HIGH|20251121|1763760300|FINAL,2025.11.21 19:10:00,2025.11.21 21:40:00,150,2025.11.24 03:24:57,false,false,false,DISTINCT_TIMESTAMPED_REARM_EVENT,D032_REJECTED_BY_SAME_FAMILY_STACKING,DISTINCT_SETUP_SUPPRESSION
MSZZC1|6:XAUUSD|1:5|2:-1|1:4|18:ASIA_HIGH|20251121,ASIA_HIGH|20251121,SSRP|ASIA_HIGH|20251121|1763751600|FINAL,SSRP|ASIA_HIGH|20251121|1763761200|FINAL,2025.11.21 19:10:00,2025.11.21 21:45:00,155,2025.11.24 03:24:57,false,false,false,DISTINCT_TIMESTAMPED_REARM_EVENT,D032_REJECTED_BY_SAME_FAMILY_STACKING,DISTINCT_SETUP_SUPPRESSION
MSZZC1|6:XAUUSD|1:5|2:-1|1:4|18:ASIA_HIGH|20251121,ASIA_HIGH|20251121,SSRP|ASIA_HIGH|20251121|1763751600|FINAL,SSRP|ASIA_HIGH|20251121|1763761800|FINAL,2025.11.21 19:10:00,2025.11.21 21:55:00,165,2025.11.24 03:24:57,false,false,false,DISTINCT_TIMESTAMPED_REARM_EVENT,D032_REJECTED_BY_SAME_FAMILY_STACKING,DISTINCT_SETUP_SUPPRESSION
MSZZC1|6:XAUUSD|1:5|2:-1|1:4|18:ASIA_HIGH|20251124,ASIA_HIGH|20251124,SSRP|ASIA_HIGH|20251124|1763998500|FINAL,SSRP|ASIA_HIGH|20251124|1763998800|FINAL,2025.11.24 15:40:00,2025.11.24 15:45:00,5,2025.11.24 17:04:57,false,false,false,DISTINCT_TIMESTAMPED_REARM_EVENT,D032_REJECTED_BY_SAME_FAMILY_STACKING,DISTINCT_SETUP_SUPPRESSION
MSZZC1|6:XAUUSD|1:5|2:-1|1:4|18:ASIA_HIGH|20251124,ASIA_HIGH|20251124,SSRP|ASIA_HIGH|20251124|1763998500|FINAL,SSRP|ASIA_HIGH|20251124|1763999100|FINAL,2025.11.24 15:40:00,2025.11.24 15:50:00,10,2025.11.24 17:04:57,false,false,false,DISTINCT_TIMESTAMPED_REARM_EVENT,D032_REJECTED_BY_SAME_FAMILY_STACKING,DISTINCT_SETUP_SUPPRESSION
MSZZC1|6:XAUUSD|1:5|2:-1|1:4|18:ASIA_HIGH|20251124,ASIA_HIGH|20251124,SSRP|ASIA_HIGH|20251124|1763998500|FINAL,SSRP|ASIA_HIGH|20251124|1763999700|FINAL,2025.11.24 15:40:00,2025.11.24 16:15:00,35,2025.11.24 17:04:57,false,false,false,DISTINCT_TIMESTAMPED_REARM_EVENT,D032_REJECTED_BY_SAME_FAMILY_STACKING,DISTINCT_SETUP_SUPPRESSION
MSZZC1|6:XAUUSD|1:5|2:-1|1:4|18:ASIA_HIGH|20251124,ASIA_HIGH|20251124,SSRP|ASIA_HIGH|20251124|1763998500|FINAL,SSRP|ASIA_HIGH|20251124|1764000900|FINAL,2025.11.24 15:40:00,2025.11.24 16:20:00,40,2025.11.24 17:04:57,false,false,false,DISTINCT_TIMESTAMPED_REARM_EVENT,D032_REJECTED_BY_SAME_FAMILY_STACKING,DISTINCT_SETUP_SUPPRESSION
MSZZC1|6:XAUUSD|1:5|2:-1|1:4|18:ASIA_HIGH|20251124,ASIA_HIGH|20251124,SSRP|ASIA_HIGH|20251124|1763998500|FINAL,SSRP|ASIA_HIGH|20251124|1764001800|FINAL,2025.11.24 15:40:00,2025.11.24 16:35:00,55,2025.11.24 17:04:57,false,false,false,DISTINCT_TIMESTAMPED_REARM_EVENT,D032_REJECTED_BY_SAME_FAMILY_STACKING,DISTINCT_SETUP_SUPPRESSION
MSZZC1|6:XAUUSD|1:5|1:1|1:4|17:ASIA_LOW|20251125,ASIA_LOW|20251125,SSRP|ASIA_LOW|20251125|1764066900|FINAL,SSRP|ASIA_LOW|20251125|1764068100|FINAL,2025.11.25 10:40:00,2025.11.25 11:05:00,25,2025.11.25 10:54:58,true,true,false,DISTINCT_TIMESTAMPED_REARM_EVENT,D032_ACCEPTED_DISTINCT_TRADE,DISTINCT_SETUP_SUPPRESSION
MSZZC1|6:XAUUSD|1:5|1:1|1:4|17:ASIA_LOW|20251125,ASIA_LOW|20251125,SSRP|ASIA_LOW|20251125|1764066900|FINAL,SSRP|ASIA_LOW|20251125|1764081600|FINAL,2025.11.25 10:40:00,2025.11.25 14:50:00,250,2025.11.25 10:54:58,true,false,false,DISTINCT_TIMESTAMPED_REARM_EVENT,D032_REJECTED_BY_SAME_FAMILY_STACKING,DISTINCT_SETUP_SUPPRESSION
MSZZC1|6:XAUUSD|1:5|1:1|1:4|17:ASIA_LOW|20251125,ASIA_LOW|20251125,SSRP|ASIA_LOW|20251125|1764066900|FINAL,SSRP|ASIA_LOW|20251125|1764082200|FINAL,2025.11.25 10:40:00,2025.11.25 14:55:00,255,2025.11.25 10:54:58,true,false,false,DISTINCT_TIMESTAMPED_REARM_EVENT,D032_REJECTED_BY_SAME_FAMILY_STACKING,DISTINCT_SETUP_SUPPRESSION
MSZZC1|6:XAUUSD|1:5|1:1|1:4|17:ASIA_LOW|20251125,ASIA_LOW|20251125,SSRP|ASIA_LOW|20251125|1764066900|FINAL,SSRP|ASIA_LOW|20251125|1764089100|FINAL,2025.11.25 10:40:00,2025.11.25 16:55:00,375,2025.11.25 10:54:58,true,true,false,DISTINCT_TIMESTAMPED_REARM_EVENT,D032_ACCEPTED_DISTINCT_TRADE,DISTINCT_SETUP_SUPPRESSION
MSZZC1|6:XAUUSD|1:5|1:1|1:4|17:ASIA_LOW|20251125,ASIA_LOW|20251125,SSRP|ASIA_LOW|20251125|1764066900|FINAL,SSRP|ASIA_LOW|20251125|1764089700|FINAL,2025.11.25 10:40:00,2025.11.25 17:05:00,385,2025.11.25 10:54:58,true,false,false,DISTINCT_TIMESTAMPED_REARM_EVENT,D032_REJECTED_BY_SAME_FAMILY_STACKING,DISTINCT_SETUP_SUPPRESSION
MSZZC1|6:XAUUSD|1:5|1:1|1:4|17:ASIA_LOW|20251125,ASIA_LOW|20251125,SSRP|ASIA_LOW|20251125|1764066900|FINAL,SSRP|ASIA_LOW|20251125|1764090300|FINAL,2025.11.25 10:40:00,2025.11.25 17:10:00,390,2025.11.25 10:54:58,true,false,false,DISTINCT_TIMESTAMPED_REARM_EVENT,D032_REJECTED_BY_SAME_FAMILY_STACKING,DISTINCT_SETUP_SUPPRESSION
MSZZC1|6:XAUUSD|1:5|1:1|1:4|17:ASIA_LOW|20251125,ASIA_LOW|20251125,SSRP|ASIA_LOW|20251125|1764066900|FINAL,SSRP|ASIA_LOW|20251125|1764093300|FINAL,2025.11.25 10:40:00,2025.11.25 18:00:00,440,2025.11.25 10:54:58,true,false,false,DISTINCT_TIMESTAMPED_REARM_EVENT,D032_REJECTED_BY_SAME_FAMILY_STACKING,DISTINCT_SETUP_SUPPRESSION
MSZZC1|6:XAUUSD|1:5|2:-1|1:4|18:ASIA_HIGH|20251125,ASIA_HIGH|20251125,SSRP|ASIA_HIGH|20251125|1764099000|FINAL,SSRP|ASIA_HIGH|20251125|1764099300|FINAL,2025.11.25 19:35:00,2025.11.25 19:40:00,5,2025.11.25 20:39:58,false,false,false,DISTINCT_TIMESTAMPED_REARM_EVENT,D032_REJECTED_BY_SAME_FAMILY_STACKING,DISTINCT_SETUP_SUPPRESSION
MSZZC1|6:XAUUSD|1:5|2:-1|1:4|18:ASIA_HIGH|20251126,ASIA_HIGH|20251126,SSRP|ASIA_HIGH|20251126|1764164400|FINAL,SSRP|ASIA_HIGH|20251126|1764164700|FINAL,2025.11.26 13:45:00,2025.11.26 13:50:00,5,2025.11.26 13:59:58,false,false,false,DISTINCT_TIMESTAMPED_REARM_EVENT,D032_REJECTED_BY_SAME_FAMILY_STACKING,DISTINCT_SETUP_SUPPRESSION
MSZZC1|6:XAUUSD|1:5|2:-1|1:4|18:ASIA_HIGH|20251126,ASIA_HIGH|20251126,SSRP|ASIA_HIGH|20251126|1764164400|FINAL,SSRP|ASIA_HIGH|20251126|1764165600|FINAL,2025.11.26 13:45:00,2025.11.26 14:05:00,20,2025.11.26 13:59:58,true,true,false,DISTINCT_TIMESTAMPED_REARM_EVENT,D032_ACCEPTED_DISTINCT_TRADE,DISTINCT_SETUP_SUPPRESSION
MSZZC1|6:XAUUSD|1:5|2:-1|1:4|18:ASIA_HIGH|20251126,ASIA_HIGH|20251126,SSRP|ASIA_HIGH|20251126|1764164400|FINAL,SSRP|ASIA_HIGH|20251126|1764165900|FINAL,2025.11.26 13:45:00,2025.11.26 14:25:00,40,2025.11.26 13:59:58,true,false,false,DISTINCT_TIMESTAMPED_REARM_EVENT,D032_REJECTED_BY_SAME_FAMILY_STACKING,DISTINCT_SETUP_SUPPRESSION
MSZZC1|6:XAUUSD|1:5|2:-1|1:4|18:ASIA_HIGH|20251126,ASIA_HIGH|20251126,SSRP|ASIA_HIGH|20251126|1764164400|FINAL,SSRP|ASIA_HIGH|20251126|1764167100|FINAL,2025.11.26 13:45:00,2025.11.26 14:30:00,45,2025.11.26 13:59:58,true,false,false,DISTINCT_TIMESTAMPED_REARM_EVENT,D032_REJECTED_BY_SAME_FAMILY_STACKING,DISTINCT_SETUP_SUPPRESSION
MSZZC1|6:XAUUSD|1:5|2:-1|1:4|18:ASIA_HIGH|20251126,ASIA_HIGH|20251126,SSRP|ASIA_HIGH|20251126|1764164400|FINAL,SSRP|ASIA_HIGH|20251126|1764187800|FINAL,2025.11.26 13:45:00,2025.11.26 20:20:00,395,2025.11.26 13:59:58,true,true,false,DISTINCT_TIMESTAMPED_REARM_EVENT,D032_ACCEPTED_DISTINCT_TRADE,DISTINCT_SETUP_SUPPRESSION
MSZZC1|6:XAUUSD|1:5|2:-1|1:4|18:ASIA_HIGH|20251126,ASIA_HIGH|20251126,SSRP|ASIA_HIGH|20251126|1764164400|FINAL,SSRP|ASIA_HIGH|20251126|1764188400|FINAL,2025.11.26 13:45:00,2025.11.26 20:25:00,400,2025.11.26 13:59:58,true,false,false,DISTINCT_TIMESTAMPED_REARM_EVENT,D032_REJECTED_BY_SAME_FAMILY_STACKING,DISTINCT_SETUP_SUPPRESSION
MSZZC1|6:XAUUSD|1:5|2:-1|1:4|18:ASIA_HIGH|20251126,ASIA_HIGH|20251126,SSRP|ASIA_HIGH|20251126|1764164400|FINAL,SSRP|ASIA_HIGH|20251126|1764192000|FINAL,2025.11.26 13:45:00,2025.11.26 21:25:00,460,2025.11.26 13:59:58,true,true,false,DISTINCT_TIMESTAMPED_REARM_EVENT,D032_ACCEPTED_DISTINCT_TRADE,DISTINCT_SETUP_SUPPRESSION
MSZZC1|6:XAUUSD|1:5|1:1|1:4|17:ASIA_LOW|20251128,ASIA_LOW|20251128,SSRP|ASIA_LOW|20251128|1764326400|FINAL,SSRP|ASIA_LOW|20251128|1764328500|FINAL,2025.11.28 10:45:00,2025.11.28 11:30:00,45,2025.11.28 11:34:57,false,true,false,DISTINCT_TIMESTAMPED_REARM_EVENT,D032_ACCEPTED_DISTINCT_TRADE,DISTINCT_SETUP_SUPPRESSION
MSZZC1|6:XAUUSD|1:5|1:1|1:4|17:ASIA_LOW|20251128,ASIA_LOW|20251128,SSRP|ASIA_LOW|20251128|1764326400|FINAL,SSRP|ASIA_LOW|20251128|1764329400|FINAL,2025.11.28 10:45:00,2025.11.28 11:35:00,50,2025.11.28 11:34:57,true,false,false,DISTINCT_TIMESTAMPED_REARM_EVENT,D032_REJECTED_BY_SAME_FAMILY_STACKING,DISTINCT_SETUP_SUPPRESSION
MSZZC1|6:XAUUSD|1:5|2:-1|1:4|18:ASIA_HIGH|20251201,ASIA_HIGH|20251201,SSRP|ASIA_HIGH|20251201|1764591000|FINAL,SSRP|ASIA_HIGH|20251201|1764591600|FINAL,2025.12.01 12:20:00,2025.12.01 12:25:00,5,2025.12.01 15:44:58,false,false,false,DISTINCT_TIMESTAMPED_REARM_EVENT,D032_REJECTED_BY_SAME_FAMILY_STACKING,DISTINCT_SETUP_SUPPRESSION
MSZZC1|6:XAUUSD|1:5|2:-1|1:4|18:ASIA_HIGH|20251201,ASIA_HIGH|20251201,SSRP|ASIA_HIGH|20251201|1764591000|FINAL,SSRP|ASIA_HIGH|20251201|1764593100|FINAL,2025.12.01 12:20:00,2025.12.01 12:50:00,30,2025.12.01 15:44:58,false,false,false,DISTINCT_TIMESTAMPED_REARM_EVENT,D032_REJECTED_BY_SAME_FAMILY_STACKING,DISTINCT_SETUP_SUPPRESSION
MSZZC1|6:XAUUSD|1:5|2:-1|1:4|18:ASIA_HIGH|20251201,ASIA_HIGH|20251201,SSRP|ASIA_HIGH|20251201|1764591000|FINAL,SSRP|ASIA_HIGH|20251201|1764593700|FINAL,2025.12.01 12:20:00,2025.12.01 13:00:00,40,2025.12.01 15:44:58,false,false,false,DISTINCT_TIMESTAMPED_REARM_EVENT,D032_REJECTED_BY_SAME_FAMILY_STACKING,DISTINCT_SETUP_SUPPRESSION
MSZZC1|6:XAUUSD|1:5|2:-1|1:4|18:ASIA_HIGH|20251201,ASIA_HIGH|20251201,SSRP|ASIA_HIGH|20251201|1764591000|FINAL,SSRP|ASIA_HIGH|20251201|1764596400|FINAL,2025.12.01 12:20:00,2025.12.01 13:45:00,85,2025.12.01 15:44:58,false,false,false,DISTINCT_TIMESTAMPED_REARM_EVENT,D032_REJECTED_BY_SAME_FAMILY_STACKING,DISTINCT_SETUP_SUPPRESSION
MSZZC1|6:XAUUSD|1:5|2:-1|1:4|18:ASIA_HIGH|20251201,ASIA_HIGH|20251201,SSRP|ASIA_HIGH|20251201|1764591000|FINAL,SSRP|ASIA_HIGH|20251201|1764596700|FINAL,2025.12.01 12:20:00,2025.12.01 13:50:00,90,2025.12.01 15:44:58,false,false,false,DISTINCT_TIMESTAMPED_REARM_EVENT,D032_REJECTED_BY_SAME_FAMILY_STACKING,DISTINCT_SETUP_SUPPRESSION
MSZZC1|6:XAUUSD|1:5|2:-1|1:4|18:ASIA_HIGH|20251201,ASIA_HIGH|20251201,SSRP|ASIA_HIGH|20251201|1764591000|FINAL,SSRP|ASIA_HIGH|20251201|1764603600|FINAL,2025.12.01 12:20:00,2025.12.01 15:50:00,210,2025.12.01 15:44:58,true,true,false,DISTINCT_TIMESTAMPED_REARM_EVENT,D032_ACCEPTED_DISTINCT_TRADE,DISTINCT_SETUP_SUPPRESSION
MSZZC1|6:XAUUSD|1:5|2:-1|1:4|18:ASIA_HIGH|20251201,ASIA_HIGH|20251201,SSRP|ASIA_HIGH|20251201|1764591000|FINAL,SSRP|ASIA_HIGH|20251201|1764604200|FINAL,2025.12.01 12:20:00,2025.12.01 15:55:00,215,2025.12.01 15:44:58,true,false,false,DISTINCT_TIMESTAMPED_REARM_EVENT,D032_REJECTED_BY_SAME_FAMILY_STACKING,DISTINCT_SETUP_SUPPRESSION
MSZZC1|6:XAUUSD|1:5|1:1|1:4|17:ASIA_LOW|20251202,ASIA_LOW|20251202,SSRP|ASIA_LOW|20251202|1764675300|FINAL,SSRP|ASIA_LOW|20251202|1764676200|FINAL,2025.12.02 11:50:00,2025.12.02 11:55:00,5,2025.12.02 16:04:58,false,false,false,DISTINCT_TIMESTAMPED_REARM_EVENT,D032_REJECTED_BY_SAME_FAMILY_STACKING,DISTINCT_SETUP_SUPPRESSION
MSZZC1|6:XAUUSD|1:5|1:1|1:4|17:ASIA_LOW|20251202,ASIA_LOW|20251202,SSRP|ASIA_LOW|20251202|1764675300|FINAL,SSRP|ASIA_LOW|20251202|1764681000|FINAL,2025.12.02 11:50:00,2025.12.02 13:20:00,90,2025.12.02 16:04:58,false,false,false,DISTINCT_TIMESTAMPED_REARM_EVENT,D032_REJECTED_BY_SAME_FAMILY_STACKING,DISTINCT_SETUP_SUPPRESSION
MSZZC1|6:XAUUSD|1:5|1:1|1:4|17:ASIA_LOW|20251202,ASIA_LOW|20251202,SSRP|ASIA_LOW|20251202|1764675300|FINAL,SSRP|ASIA_LOW|20251202|1764681600|FINAL,2025.12.02 11:50:00,2025.12.02 13:25:00,95,2025.12.02 16:04:58,false,false,false,DISTINCT_TIMESTAMPED_REARM_EVENT,D032_REJECTED_BY_SAME_FAMILY_STACKING,DISTINCT_SETUP_SUPPRESSION
MSZZC1|6:XAUUSD|1:5|1:1|1:4|17:ASIA_LOW|20251202,ASIA_LOW|20251202,SSRP|ASIA_LOW|20251202|1764675300|FINAL,SSRP|ASIA_LOW|20251202|1764702600|FINAL,2025.12.02 11:50:00,2025.12.02 19:15:00,445,2025.12.02 16:04:58,true,true,false,DISTINCT_TIMESTAMPED_REARM_EVENT,D032_ACCEPTED_DISTINCT_TRADE,DISTINCT_SETUP_SUPPRESSION
MSZZC1|6:XAUUSD|1:5|1:1|1:4|17:ASIA_LOW|20251202,ASIA_LOW|20251202,SSRP|ASIA_LOW|20251202|1764675300|FINAL,SSRP|ASIA_LOW|20251202|1764702900|FINAL,2025.12.02 11:50:00,2025.12.02 19:20:00,450,2025.12.02 16:04:58,true,false,false,DISTINCT_TIMESTAMPED_REARM_EVENT,D032_REJECTED_BY_SAME_FAMILY_STACKING,DISTINCT_SETUP_SUPPRESSION
MSZZC1|6:XAUUSD|1:5|1:1|1:4|17:ASIA_LOW|20251202,ASIA_LOW|20251202,SSRP|ASIA_LOW|20251202|1764675300|FINAL,SSRP|ASIA_LOW|20251202|1764706500|FINAL,2025.12.02 11:50:00,2025.12.02 20:20:00,510,2025.12.02 16:04:58,true,false,false,DISTINCT_TIMESTAMPED_REARM_EVENT,D032_REJECTED_BY_SAME_FAMILY_STACKING,DISTINCT_SETUP_SUPPRESSION
MSZZC1|6:XAUUSD|1:5|1:1|1:4|17:ASIA_LOW|20251202,ASIA_LOW|20251202,SSRP|ASIA_LOW|20251202|1764675300|FINAL,SSRP|ASIA_LOW|20251202|1764708300|FINAL,2025.12.02 11:50:00,2025.12.02 20:55:00,545,2025.12.02 16:04:58,true,true,false,DISTINCT_TIMESTAMPED_REARM_EVENT,D032_ACCEPTED_DISTINCT_TRADE,DISTINCT_SETUP_SUPPRESSION
MSZZC1|6:XAUUSD|1:5|1:1|1:4|17:ASIA_LOW|20251202,ASIA_LOW|20251202,SSRP|ASIA_LOW|20251202|1764675300|FINAL,SSRP|ASIA_LOW|20251202|1764708900|FINAL,2025.12.02 11:50:00,2025.12.02 21:00:00,550,2025.12.02 16:04:58,true,false,false,DISTINCT_TIMESTAMPED_REARM_EVENT,D032_REJECTED_BY_SAME_FAMILY_STACKING,DISTINCT_SETUP_SUPPRESSION
MSZZC1|6:XAUUSD|1:5|1:1|1:4|17:ASIA_LOW|20251203,ASIA_LOW|20251203,SSRP|ASIA_LOW|20251203|1764754200|FINAL,SSRP|ASIA_LOW|20251203|1764764400|FINAL,2025.12.03 09:35:00,2025.12.03 12:25:00,170,2025.12.03 11:09:58,true,true,false,DISTINCT_TIMESTAMPED_REARM_EVENT,D032_ACCEPTED_DISTINCT_TRADE,DISTINCT_SETUP_SUPPRESSION
MSZZC1|6:XAUUSD|1:5|1:1|1:4|17:ASIA_LOW|20251203,ASIA_LOW|20251203,SSRP|ASIA_LOW|20251203|1764754200|FINAL,SSRP|ASIA_LOW|20251203|1764764700|FINAL,2025.12.03 09:35:00,2025.12.03 12:30:00,175,2025.12.03 11:09:58,true,false,false,DISTINCT_TIMESTAMPED_REARM_EVENT,D032_REJECTED_BY_SAME_FAMILY_STACKING,DISTINCT_SETUP_SUPPRESSION
MSZZC1|6:XAUUSD|1:5|1:1|1:4|17:ASIA_LOW|20251203,ASIA_LOW|20251203,SSRP|ASIA_LOW|20251203|1764754200|FINAL,SSRP|ASIA_LOW|20251203|1764767400|FINAL,2025.12.03 09:35:00,2025.12.03 13:20:00,225,2025.12.03 11:09:58,true,true,false,DISTINCT_TIMESTAMPED_REARM_EVENT,D032_ACCEPTED_DISTINCT_TRADE,DISTINCT_SETUP_SUPPRESSION
MSZZC1|6:XAUUSD|1:5|1:1|1:4|17:ASIA_LOW|20251203,ASIA_LOW|20251203,SSRP|ASIA_LOW|20251203|1764754200|FINAL,SSRP|ASIA_LOW|20251203|1764768000|FINAL,2025.12.03 09:35:00,2025.12.03 13:25:00,230,2025.12.03 11:09:58,true,false,false,DISTINCT_TIMESTAMPED_REARM_EVENT,D032_REJECTED_BY_SAME_FAMILY_STACKING,DISTINCT_SETUP_SUPPRESSION
MSZZC1|6:XAUUSD|1:5|2:-1|1:4|18:ASIA_HIGH|20251203,ASIA_HIGH|20251203,SSRP|ASIA_HIGH|20251203|1764777600|FINAL,SSRP|ASIA_HIGH|20251203|1764777900|FINAL,2025.12.03 16:05:00,2025.12.03 16:10:00,5,2025.12.03 16:39:57,false,false,false,DISTINCT_TIMESTAMPED_REARM_EVENT,D032_REJECTED_BY_SAME_FAMILY_STACKING,DISTINCT_SETUP_SUPPRESSION
MSZZC1|6:XAUUSD|1:5|2:-1|1:4|18:ASIA_HIGH|20251203,ASIA_HIGH|20251203,SSRP|ASIA_HIGH|20251203|1764777600|FINAL,SSRP|ASIA_HIGH|20251203|1764778500|FINAL,2025.12.03 16:05:00,2025.12.03 16:20:00,15,2025.12.03 16:39:57,false,false,false,DISTINCT_TIMESTAMPED_REARM_EVENT,D032_REJECTED_BY_SAME_FAMILY_STACKING,DISTINCT_SETUP_SUPPRESSION
MSZZC1|6:XAUUSD|1:5|2:-1|1:4|18:ASIA_HIGH|20251203,ASIA_HIGH|20251203,SSRP|ASIA_HIGH|20251203|1764777600|FINAL,SSRP|ASIA_HIGH|20251203|1764779700|FINAL,2025.12.03 16:05:00,2025.12.03 16:40:00,35,2025.12.03 16:39:57,true,true,false,DISTINCT_TIMESTAMPED_REARM_EVENT,D032_ACCEPTED_DISTINCT_TRADE,DISTINCT_SETUP_SUPPRESSION
MSZZC1|6:XAUUSD|1:5|2:-1|1:4|18:ASIA_HIGH|20251203,ASIA_HIGH|20251203,SSRP|ASIA_HIGH|20251203|1764777600|FINAL,SSRP|ASIA_HIGH|20251203|1764780000|FINAL,2025.12.03 16:05:00,2025.12.03 16:45:00,40,2025.12.03 16:39:57,true,false,false,DISTINCT_TIMESTAMPED_REARM_EVENT,D032_REJECTED_BY_SAME_FAMILY_STACKING,DISTINCT_SETUP_SUPPRESSION
MSZZC1|6:XAUUSD|1:5|1:1|1:4|17:ASIA_LOW|20251203,ASIA_LOW|20251203,SSRP|ASIA_LOW|20251203|1764754200|FINAL,SSRP|ASIA_LOW|20251203|1764788100|FINAL,2025.12.03 09:35:00,2025.12.03 19:00:00,565,2025.12.03 11:09:58,true,true,false,DISTINCT_TIMESTAMPED_REARM_EVENT,D032_ACCEPTED_DISTINCT_TRADE,DISTINCT_SETUP_SUPPRESSION
MSZZC1|6:XAUUSD|1:5|1:1|1:4|17:ASIA_LOW|20251203,ASIA_LOW|20251203,SSRP|ASIA_LOW|20251203|1764754200|FINAL,SSRP|ASIA_LOW|20251203|1764788400|FINAL,2025.12.03 09:35:00,2025.12.03 19:05:00,570,2025.12.03 11:09:58,true,false,false,DISTINCT_TIMESTAMPED_REARM_EVENT,D032_REJECTED_BY_SAME_FAMILY_STACKING,DISTINCT_SETUP_SUPPRESSION
MSZZC1|6:XAUUSD|1:5|1:1|1:4|17:ASIA_LOW|20251203,ASIA_LOW|20251203,SSRP|ASIA_LOW|20251203|1764754200|FINAL,SSRP|ASIA_LOW|20251203|1764793200|FINAL,2025.12.03 09:35:00,2025.12.03 20:30:00,655,2025.12.03 11:09:58,true,false,false,DISTINCT_TIMESTAMPED_REARM_EVENT,D032_REJECTED_BY_SAME_FAMILY_STACKING,DISTINCT_SETUP_SUPPRESSION
MSZZC1|6:XAUUSD|1:5|1:1|1:4|17:ASIA_LOW|20251203,ASIA_LOW|20251203,SSRP|ASIA_LOW|20251203|1764754200|FINAL,SSRP|ASIA_LOW|20251203|1764793800|FINAL,2025.12.03 09:35:00,2025.12.03 20:35:00,660,2025.12.03 11:09:58,true,false,false,DISTINCT_TIMESTAMPED_REARM_EVENT,D032_REJECTED_BY_SAME_FAMILY_STACKING,DISTINCT_SETUP_SUPPRESSION
MSZZC1|6:XAUUSD|1:5|1:1|1:4|17:ASIA_LOW|20251203,ASIA_LOW|20251203,SSRP|ASIA_LOW|20251203|1764754200|FINAL,SSRP|ASIA_LOW|20251203|1764794100|FINAL,2025.12.03 09:35:00,2025.12.03 20:40:00,665,2025.12.03 11:09:58,true,false,false,DISTINCT_TIMESTAMPED_REARM_EVENT,D032_REJECTED_BY_SAME_FAMILY_STACKING,DISTINCT_SETUP_SUPPRESSION
MSZZC1|6:XAUUSD|1:5|1:1|1:4|17:ASIA_LOW|20251203,ASIA_LOW|20251203,SSRP|ASIA_LOW|20251203|1764754200|FINAL,SSRP|ASIA_LOW|20251203|1764795300|FINAL,2025.12.03 09:35:00,2025.12.03 21:15:00,700,2025.12.03 11:09:58,true,true,false,DISTINCT_TIMESTAMPED_REARM_EVENT,D032_ACCEPTED_DISTINCT_TRADE,DISTINCT_SETUP_SUPPRESSION
MSZZC1|6:XAUUSD|1:5|1:1|1:4|17:ASIA_LOW|20251203,ASIA_LOW|20251203,SSRP|ASIA_LOW|20251203|1764754200|FINAL,SSRP|ASIA_LOW|20251203|1764796500|FINAL,2025.12.03 09:35:00,2025.12.03 21:20:00,705,2025.12.03 11:09:58,true,false,false,DISTINCT_TIMESTAMPED_REARM_EVENT,D032_REJECTED_BY_SAME_FAMILY_STACKING,DISTINCT_SETUP_SUPPRESSION
MSZZC1|6:XAUUSD|1:5|2:-1|1:4|18:ASIA_HIGH|20251204,ASIA_HIGH|20251204,SSRP|ASIA_HIGH|20251204|1764872100|FINAL,SSRP|ASIA_HIGH|20251204|1764872700|FINAL,2025.12.04 18:25:00,2025.12.04 18:30:00,5,2025.12.04 18:39:58,false,false,false,DISTINCT_TIMESTAMPED_REARM_EVENT,D032_REJECTED_BY_SAME_FAMILY_STACKING,DISTINCT_SETUP_SUPPRESSION
MSZZC1|6:XAUUSD|1:5|2:-1|1:4|18:ASIA_HIGH|20251204,ASIA_HIGH|20251204,SSRP|ASIA_HIGH|20251204|1764872100|FINAL,SSRP|ASIA_HIGH|20251204|1764877800|FINAL,2025.12.04 18:25:00,2025.12.04 19:55:00,90,2025.12.04 18:39:58,true,true,false,DISTINCT_TIMESTAMPED_REARM_EVENT,D032_ACCEPTED_DISTINCT_TRADE,DISTINCT_SETUP_SUPPRESSION
MSZZC1|6:XAUUSD|1:5|2:-1|1:4|18:ASIA_HIGH|20251204,ASIA_HIGH|20251204,SSRP|ASIA_HIGH|20251204|1764872100|FINAL,SSRP|ASIA_HIGH|20251204|1764878100|FINAL,2025.12.04 18:25:00,2025.12.04 20:00:00,95,2025.12.04 18:39:58,true,false,false,DISTINCT_TIMESTAMPED_REARM_EVENT,D032_REJECTED_BY_SAME_FAMILY_STACKING,DISTINCT_SETUP_SUPPRESSION
MSZZC1|6:XAUUSD|1:5|2:-1|1:4|18:ASIA_HIGH|20251204,ASIA_HIGH|20251204,SSRP|ASIA_HIGH|20251204|1764872100|FINAL,SSRP|ASIA_HIGH|20251204|1764878400|FINAL,2025.12.04 18:25:00,2025.12.04 20:05:00,100,2025.12.04 18:39:58,true,true,false,DISTINCT_TIMESTAMPED_REARM_EVENT,D032_ACCEPTED_DISTINCT_TRADE,DISTINCT_SETUP_SUPPRESSION
MSZZC1|6:XAUUSD|1:5|2:-1|1:4|18:ASIA_HIGH|20251205,ASIA_HIGH|20251205,SSRP|ASIA_HIGH|20251205|1764931500|FINAL,SSRP|ASIA_HIGH|20251205|1764931800|FINAL,2025.12.05 10:50:00,2025.12.05 10:55:00,5,2025.12.05 11:44:58,false,false,false,DISTINCT_TIMESTAMPED_REARM_EVENT,D032_REJECTED_BY_SAME_FAMILY_STACKING,DISTINCT_SETUP_SUPPRESSION
MSZZC1|6:XAUUSD|1:5|2:-1|1:4|18:ASIA_HIGH|20251205,ASIA_HIGH|20251205,SSRP|ASIA_HIGH|20251205|1764931500|FINAL,SSRP|ASIA_HIGH|20251205|1764932100|FINAL,2025.12.05 10:50:00,2025.12.05 11:00:00,10,2025.12.05 11:44:58,false,false,false,DISTINCT_TIMESTAMPED_REARM_EVENT,D032_REJECTED_BY_SAME_FAMILY_STACKING,DISTINCT_SETUP_SUPPRESSION
MSZZC1|6:XAUUSD|1:5|2:-1|1:4|18:ASIA_HIGH|20251205,ASIA_HIGH|20251205,SSRP|ASIA_HIGH|20251205|1764931500|FINAL,SSRP|ASIA_HIGH|20251205|1764932400|FINAL,2025.12.05 10:50:00,2025.12.05 11:05:00,15,2025.12.05 11:44:58,false,false,false,DISTINCT_TIMESTAMPED_REARM_EVENT,D032_REJECTED_BY_SAME_FAMILY_STACKING,DISTINCT_SETUP_SUPPRESSION
MSZZC1|6:XAUUSD|1:5|2:-1|1:4|18:ASIA_HIGH|20251205,ASIA_HIGH|20251205,SSRP|ASIA_HIGH|20251205|1764931500|FINAL,SSRP|ASIA_HIGH|20251205|1764957900|FINAL,2025.12.05 10:50:00,2025.12.05 18:10:00,440,2025.12.05 11:44:58,true,true,false,DISTINCT_TIMESTAMPED_REARM_EVENT,D032_ACCEPTED_DISTINCT_TRADE,DISTINCT_SETUP_SUPPRESSION
MSZZC1|6:XAUUSD|1:5|2:-1|1:4|18:ASIA_HIGH|20251205,ASIA_HIGH|20251205,SSRP|ASIA_HIGH|20251205|1764931500|FINAL,SSRP|ASIA_HIGH|20251205|1764958200|FINAL,2025.12.05 10:50:00,2025.12.05 18:15:00,445,2025.12.05 11:44:58,true,false,false,DISTINCT_TIMESTAMPED_REARM_EVENT,D032_REJECTED_BY_SAME_FAMILY_STACKING,DISTINCT_SETUP_SUPPRESSION
MSZZC1|6:XAUUSD|1:5|1:1|1:4|17:ASIA_LOW|20251205,ASIA_LOW|20251205,SSRP|ASIA_LOW|20251205|1764976500|FINAL,SSRP|ASIA_LOW|20251205|1764976800|FINAL,2025.12.05 23:20:00,2025.12.05 23:25:00,5,2025.12.08 01:04:57,false,false,false,DISTINCT_TIMESTAMPED_REARM_EVENT,D032_REJECTED_BY_SAME_FAMILY_STACKING,DISTINCT_SETUP_SUPPRESSION
MSZZC1|6:XAUUSD|1:5|1:1|1:4|17:ASIA_LOW|20251205,ASIA_LOW|20251205,SSRP|ASIA_LOW|20251205|1764976500|FINAL,SSRP|ASIA_LOW|20251205|1764977700|FINAL,2025.12.05 23:20:00,2025.12.05 23:45:00,25,2025.12.08 01:04:57,false,false,false,DISTINCT_TIMESTAMPED_REARM_EVENT,D032_REJECTED_BY_SAME_FAMILY_STACKING,DISTINCT_SETUP_SUPPRESSION
MSZZC1|6:XAUUSD|1:5|1:1|1:4|17:ASIA_LOW|20251205,ASIA_LOW|20251205,SSRP|ASIA_LOW|20251205|1764976500|FINAL,SSRP|ASIA_LOW|20251205|1764978300|FINAL,2025.12.05 23:20:00,2025.12.05 23:50:00,30,2025.12.08 01:04:57,false,false,false,DISTINCT_TIMESTAMPED_REARM_EVENT,D032_REJECTED_BY_SAME_FAMILY_STACKING,DISTINCT_SETUP_SUPPRESSION
MSZZC1|6:XAUUSD|1:5|1:1|1:4|17:ASIA_LOW|20251205,ASIA_LOW|20251205,SSRP|ASIA_LOW|20251205|1764976500|FINAL,SSRP|ASIA_LOW|20251205|1764978600|FINAL,2025.12.05 23:20:00,2025.12.05 23:55:00,35,2025.12.08 01:04:57,false,false,false,DISTINCT_TIMESTAMPED_REARM_EVENT,D032_REJECTED_BY_SAME_FAMILY_STACKING,DISTINCT_SETUP_SUPPRESSION
MSZZC1|6:XAUUSD|1:5|2:-1|1:4|18:ASIA_HIGH|20251208,ASIA_HIGH|20251208,SSRP|ASIA_HIGH|20251208|1765180800|FINAL,SSRP|ASIA_HIGH|20251208|1765181100|FINAL,2025.12.08 08:05:00,2025.12.08 08:10:00,5,2025.12.08 08:34:58,false,false,false,DISTINCT_TIMESTAMPED_REARM_EVENT,D032_REJECTED_BY_SAME_FAMILY_STACKING,DISTINCT_SETUP_SUPPRESSION
MSZZC1|6:XAUUSD|1:5|2:-1|1:4|18:ASIA_HIGH|20251208,ASIA_HIGH|20251208,SSRP|ASIA_HIGH|20251208|1765180800|FINAL,SSRP|ASIA_HIGH|20251208|1765182000|FINAL,2025.12.08 08:05:00,2025.12.08 08:25:00,20,2025.12.08 08:34:58,false,false,false,DISTINCT_TIMESTAMPED_REARM_EVENT,D032_REJECTED_BY_SAME_FAMILY_STACKING,DISTINCT_SETUP_SUPPRESSION
MSZZC1|6:XAUUSD|1:5|2:-1|1:4|18:ASIA_HIGH|20251208,ASIA_HIGH|20251208,SSRP|ASIA_HIGH|20251208|1765180800|FINAL,SSRP|ASIA_HIGH|20251208|1765182600|FINAL,2025.12.08 08:05:00,2025.12.08 08:45:00,40,2025.12.08 08:34:58,true,false,false,DISTINCT_TIMESTAMPED_REARM_EVENT,D032_REJECTED_BY_SAME_FAMILY_STACKING,DISTINCT_SETUP_SUPPRESSION
MSZZC1|6:XAUUSD|1:5|2:-1|1:4|18:ASIA_HIGH|20251208,ASIA_HIGH|20251208,SSRP|ASIA_HIGH|20251208|1765180800|FINAL,SSRP|ASIA_HIGH|20251208|1765184100|FINAL,2025.12.08 08:05:00,2025.12.08 09:00:00,55,2025.12.08 08:34:58,true,false,false,DISTINCT_TIMESTAMPED_REARM_EVENT,D032_REJECTED_BY_SAME_FAMILY_STACKING,DISTINCT_SETUP_SUPPRESSION
MSZZC1|6:XAUUSD|1:5|1:1|1:4|17:ASIA_LOW|20251208,ASIA_LOW|20251208,SSRP|ASIA_LOW|20251208|1765214100|FINAL,SSRP|ASIA_LOW|20251208|1765214400|FINAL,2025.12.08 17:20:00,2025.12.08 17:25:00,5,2025.12.09 08:09:58,false,false,false,DISTINCT_TIMESTAMPED_REARM_EVENT,D032_REJECTED_BY_SAME_FAMILY_STACKING,DISTINCT_SETUP_SUPPRESSION
MSZZC1|6:XAUUSD|1:5|1:1|1:4|17:ASIA_LOW|20251208,ASIA_LOW|20251208,SSRP|ASIA_LOW|20251208|1765214100|FINAL,SSRP|ASIA_LOW|20251208|1765217400|FINAL,2025.12.08 17:20:00,2025.12.08 18:20:00,60,2025.12.09 08:09:58,false,false,false,DISTINCT_TIMESTAMPED_REARM_EVENT,D032_REJECTED_BY_SAME_FAMILY_STACKING,DISTINCT_SETUP_SUPPRESSION
MSZZC1|6:XAUUSD|1:5|1:1|1:4|17:ASIA_LOW|20251208,ASIA_LOW|20251208,SSRP|ASIA_LOW|20251208|1765214100|FINAL,SSRP|ASIA_LOW|20251208|1765218000|FINAL,2025.12.08 17:20:00,2025.12.08 18:25:00,65,2025.12.09 08:09:58,false,false,false,DISTINCT_TIMESTAMPED_REARM_EVENT,D032_REJECTED_BY_SAME_FAMILY_STACKING,DISTINCT_SETUP_SUPPRESSION
MSZZC1|6:XAUUSD|1:5|1:1|1:4|17:ASIA_LOW|20251208,ASIA_LOW|20251208,SSRP|ASIA_LOW|20251208|1765214100|FINAL,SSRP|ASIA_LOW|20251208|1765221000|FINAL,2025.12.08 17:20:00,2025.12.08 19:25:00,125,2025.12.09 08:09:58,false,false,false,DISTINCT_TIMESTAMPED_REARM_EVENT,D032_REJECTED_BY_SAME_FAMILY_STACKING,DISTINCT_SETUP_SUPPRESSION
MSZZC1|6:XAUUSD|1:5|1:1|1:4|17:ASIA_LOW|20251208,ASIA_LOW|20251208,SSRP|ASIA_LOW|20251208|1765214100|FINAL,SSRP|ASIA_LOW|20251208|1765222800|FINAL,2025.12.08 17:20:00,2025.12.08 19:45:00,145,2025.12.09 08:09:58,false,false,false,DISTINCT_TIMESTAMPED_REARM_EVENT,D032_REJECTED_BY_SAME_FAMILY_STACKING,DISTINCT_SETUP_SUPPRESSION
MSZZC1|6:XAUUSD|1:5|1:1|1:4|17:ASIA_LOW|20251208,ASIA_LOW|20251208,SSRP|ASIA_LOW|20251208|1765214100|FINAL,SSRP|ASIA_LOW|20251208|1765223100|FINAL,2025.12.08 17:20:00,2025.12.08 19:50:00,150,2025.12.09 08:09:58,false,false,false,DISTINCT_TIMESTAMPED_REARM_EVENT,D032_REJECTED_BY_SAME_FAMILY_STACKING,DISTINCT_SETUP_SUPPRESSION
MSZZC1|6:XAUUSD|1:5|1:1|1:4|17:ASIA_LOW|20251208,ASIA_LOW|20251208,SSRP|ASIA_LOW|20251208|1765214100|FINAL,SSRP|ASIA_LOW|20251208|1765232700|FINAL,2025.12.08 17:20:00,2025.12.08 22:30:00,310,2025.12.09 08:09:58,false,false,false,DISTINCT_TIMESTAMPED_REARM_EVENT,D032_REJECTED_BY_SAME_FAMILY_STACKING,DISTINCT_SETUP_SUPPRESSION
MSZZC1|6:XAUUSD|1:5|1:1|1:4|17:ASIA_LOW|20251208,ASIA_LOW|20251208,SSRP|ASIA_LOW|20251208|1765214100|FINAL,SSRP|ASIA_LOW|20251208|1765233000|FINAL,2025.12.08 17:20:00,2025.12.08 22:35:00,315,2025.12.09 08:09:58,false,false,false,DISTINCT_TIMESTAMPED_REARM_EVENT,D032_REJECTED_BY_SAME_FAMILY_STACKING,DISTINCT_SETUP_SUPPRESSION
MSZZC1|6:XAUUSD|1:5|1:1|1:4|17:ASIA_LOW|20251208,ASIA_LOW|20251208,SSRP|ASIA_LOW|20251208|1765214100|FINAL,SSRP|ASIA_LOW|20251208|1765234500|FINAL,2025.12.08 17:20:00,2025.12.08 23:00:00,340,2025.12.09 08:09:58,false,false,false,DISTINCT_TIMESTAMPED_REARM_EVENT,D032_REJECTED_BY_SAME_FAMILY_STACKING,DISTINCT_SETUP_SUPPRESSION
MSZZC1|6:XAUUSD|1:5|1:1|1:4|17:ASIA_LOW|20251208,ASIA_LOW|20251208,SSRP|ASIA_LOW|20251208|1765214100|FINAL,SSRP|ASIA_LOW|20251208|1765235700|FINAL,2025.12.08 17:20:00,2025.12.08 23:20:00,360,2025.12.09 08:09:58,false,false,false,DISTINCT_TIMESTAMPED_REARM_EVENT,D032_REJECTED_BY_SAME_FAMILY_STACKING,DISTINCT_SETUP_SUPPRESSION
MSZZC1|6:XAUUSD|1:5|1:1|1:4|17:ASIA_LOW|20251209,ASIA_LOW|20251209,SSRP|ASIA_LOW|20251209|1765268400|FINAL,SSRP|ASIA_LOW|20251209|1765268700|FINAL,2025.12.09 08:25:00,2025.12.09 08:30:00,5,2025.12.09 10:14:58,false,false,false,DISTINCT_TIMESTAMPED_REARM_EVENT,D032_REJECTED_BY_SAME_FAMILY_STACKING,DISTINCT_SETUP_SUPPRESSION
MSZZC1|6:XAUUSD|1:5|1:1|1:4|17:ASIA_LOW|20251209,ASIA_LOW|20251209,SSRP|ASIA_LOW|20251209|1765268400|FINAL,SSRP|ASIA_LOW|20251209|1765269000|FINAL,2025.12.09 08:25:00,2025.12.09 08:35:00,10,2025.12.09 10:14:58,false,false,false,DISTINCT_TIMESTAMPED_REARM_EVENT,D032_REJECTED_BY_SAME_FAMILY_STACKING,DISTINCT_SETUP_SUPPRESSION
MSZZC1|6:XAUUSD|1:5|1:1|1:4|17:ASIA_LOW|20251209,ASIA_LOW|20251209,SSRP|ASIA_LOW|20251209|1765268400|FINAL,SSRP|ASIA_LOW|20251209|1765272000|FINAL,2025.12.09 08:25:00,2025.12.09 09:25:00,60,2025.12.09 10:14:58,false,false,false,DISTINCT_TIMESTAMPED_REARM_EVENT,D032_REJECTED_BY_SAME_FAMILY_STACKING,DISTINCT_SETUP_SUPPRESSION
MSZZC1|6:XAUUSD|1:5|1:1|1:4|17:ASIA_LOW|20251209,ASIA_LOW|20251209,SSRP|ASIA_LOW|20251209|1765268400|FINAL,SSRP|ASIA_LOW|20251209|1765272300|FINAL,2025.12.09 08:25:00,2025.12.09 09:30:00,65,2025.12.09 10:14:58,false,false,false,DISTINCT_TIMESTAMPED_REARM_EVENT,D032_REJECTED_BY_SAME_FAMILY_STACKING,DISTINCT_SETUP_SUPPRESSION
MSZZC1|6:XAUUSD|1:5|2:-1|1:4|18:ASIA_HIGH|20251209,ASIA_HIGH|20251209,SSRP|ASIA_HIGH|20251209|1765293900|FINAL,SSRP|ASIA_HIGH|20251209|1765295700|FINAL,2025.12.09 15:30:00,2025.12.09 16:00:00,30,2025.12.09 16:34:58,false,false,false,DISTINCT_TIMESTAMPED_REARM_EVENT,D032_REJECTED_BY_SAME_FAMILY_STACKING,DISTINCT_SETUP_SUPPRESSION
MSZZC1|6:XAUUSD|1:5|2:-1|1:4|18:ASIA_HIGH|20251209,ASIA_HIGH|20251209,SSRP|ASIA_HIGH|20251209|1765293900|FINAL,SSRP|ASIA_HIGH|20251209|1765296000|FINAL,2025.12.09 15:30:00,2025.12.09 16:05:00,35,2025.12.09 16:34:58,false,false,false,DISTINCT_TIMESTAMPED_REARM_EVENT,D032_REJECTED_BY_SAME_FAMILY_STACKING,DISTINCT_SETUP_SUPPRESSION
MSZZC1|6:XAUUSD|1:5|2:-1|1:4|18:ASIA_HIGH|20251209,ASIA_HIGH|20251209,SSRP|ASIA_HIGH|20251209|1765293900|FINAL,SSRP|ASIA_HIGH|20251209|1765297800|FINAL,2025.12.09 15:30:00,2025.12.09 16:35:00,65,2025.12.09 16:34:58,true,false,false,DISTINCT_TIMESTAMPED_REARM_EVENT,D032_REJECTED_BY_SAME_FAMILY_STACKING,DISTINCT_SETUP_SUPPRESSION
MSZZC1|6:XAUUSD|1:5|2:-1|1:4|18:ASIA_HIGH|20251209,ASIA_HIGH|20251209,SSRP|ASIA_HIGH|20251209|1765293900|FINAL,SSRP|ASIA_HIGH|20251209|1765299300|FINAL,2025.12.09 15:30:00,2025.12.09 17:05:00,95,2025.12.09 16:34:58,true,false,false,DISTINCT_TIMESTAMPED_REARM_EVENT,D032_REJECTED_BY_SAME_FAMILY_STACKING,DISTINCT_SETUP_SUPPRESSION
MSZZC1|6:XAUUSD|1:5|2:-1|1:4|18:ASIA_HIGH|20251209,ASIA_HIGH|20251209,SSRP|ASIA_HIGH|20251209|1765293900|FINAL,SSRP|ASIA_HIGH|20251209|1765299900|FINAL,2025.12.09 15:30:00,2025.12.09 17:10:00,100,2025.12.09 16:34:58,true,false,false,DISTINCT_TIMESTAMPED_REARM_EVENT,D032_REJECTED_BY_SAME_FAMILY_STACKING,DISTINCT_SETUP_SUPPRESSION
MSZZC1|6:XAUUSD|1:5|1:1|1:4|17:ASIA_LOW|20251210,ASIA_LOW|20251210,SSRP|ASIA_LOW|20251210|1765361400|FINAL,SSRP|ASIA_LOW|20251210|1765380900|FINAL,2025.12.10 10:15:00,2025.12.10 15:40:00,325,2025.12.10 10:44:58,true,false,false,DISTINCT_TIMESTAMPED_REARM_EVENT,D032_REJECTED_BY_SAME_FAMILY_STACKING,DISTINCT_SETUP_SUPPRESSION
MSZZC1|6:XAUUSD|1:5|1:1|1:4|17:ASIA_LOW|20251210,ASIA_LOW|20251210,SSRP|ASIA_LOW|20251210|1765361400|FINAL,SSRP|ASIA_LOW|20251210|1765381200|FINAL,2025.12.10 10:15:00,2025.12.10 15:45:00,330,2025.12.10 10:44:58,true,false,false,DISTINCT_TIMESTAMPED_REARM_EVENT,D032_REJECTED_BY_SAME_FAMILY_STACKING,DISTINCT_SETUP_SUPPRESSION
MSZZC1|6:XAUUSD|1:5|1:1|1:4|17:ASIA_LOW|20251210,ASIA_LOW|20251210,SSRP|ASIA_LOW|20251210|1765361400|FINAL,SSRP|ASIA_LOW|20251210|1765381800|FINAL,2025.12.10 10:15:00,2025.12.10 16:05:00,350,2025.12.10 10:44:58,true,false,false,DISTINCT_TIMESTAMPED_REARM_EVENT,D032_REJECTED_BY_SAME_FAMILY_STACKING,DISTINCT_SETUP_SUPPRESSION
MSZZC1|6:XAUUSD|1:5|1:1|1:4|17:ASIA_LOW|20251210,ASIA_LOW|20251210,SSRP|ASIA_LOW|20251210|1765361400|FINAL,SSRP|ASIA_LOW|20251210|1765382700|FINAL,2025.12.10 10:15:00,2025.12.10 16:10:00,355,2025.12.10 10:44:58,true,false,false,DISTINCT_TIMESTAMPED_REARM_EVENT,D032_REJECTED_BY_SAME_FAMILY_STACKING,DISTINCT_SETUP_SUPPRESSION
MSZZC1|6:XAUUSD|1:5|1:1|1:4|17:ASIA_LOW|20251210,ASIA_LOW|20251210,SSRP|ASIA_LOW|20251210|1765361400|FINAL,SSRP|ASIA_LOW|20251210|1765391400|FINAL,2025.12.10 10:15:00,2025.12.10 18:40:00,505,2025.12.10 10:44:58,true,false,false,DISTINCT_TIMESTAMPED_REARM_EVENT,D032_REJECTED_BY_SAME_FAMILY_STACKING,DISTINCT_SETUP_SUPPRESSION
MSZZC1|6:XAUUSD|1:5|1:1|1:4|17:ASIA_LOW|20251210,ASIA_LOW|20251210,SSRP|ASIA_LOW|20251210|1765361400|FINAL,SSRP|ASIA_LOW|20251210|1765392000|FINAL,2025.12.10 10:15:00,2025.12.10 18:45:00,510,2025.12.10 10:44:58,true,false,false,DISTINCT_TIMESTAMPED_REARM_EVENT,D032_REJECTED_BY_SAME_FAMILY_STACKING,DISTINCT_SETUP_SUPPRESSION
MSZZC1|6:XAUUSD|1:5|1:1|1:4|17:ASIA_LOW|20251210,ASIA_LOW|20251210,SSRP|ASIA_LOW|20251210|1765361400|FINAL,SSRP|ASIA_LOW|20251210|1765392300|FINAL,2025.12.10 10:15:00,2025.12.10 18:50:00,515,2025.12.10 10:44:58,true,false,false,DISTINCT_TIMESTAMPED_REARM_EVENT,D032_REJECTED_BY_SAME_FAMILY_STACKING,DISTINCT_SETUP_SUPPRESSION
MSZZC1|6:XAUUSD|1:5|1:1|1:4|17:ASIA_LOW|20251210,ASIA_LOW|20251210,SSRP|ASIA_LOW|20251210|1765361400|FINAL,SSRP|ASIA_LOW|20251210|1765393800|FINAL,2025.12.10 10:15:00,2025.12.10 19:20:00,545,2025.12.10 10:44:58,true,false,false,DISTINCT_TIMESTAMPED_REARM_EVENT,D032_REJECTED_BY_SAME_FAMILY_STACKING,DISTINCT_SETUP_SUPPRESSION
MSZZC1|6:XAUUSD|1:5|1:1|1:4|17:ASIA_LOW|20251210,ASIA_LOW|20251210,SSRP|ASIA_LOW|20251210|1765361400|FINAL,SSRP|ASIA_LOW|20251210|1765400100|FINAL,2025.12.10 10:15:00,2025.12.10 21:00:00,645,2025.12.10 10:44:58,true,false,false,DISTINCT_TIMESTAMPED_REARM_EVENT,D032_REJECTED_BY_SAME_FAMILY_STACKING,DISTINCT_SETUP_SUPPRESSION
MSZZC1|6:XAUUSD|1:5|1:1|1:4|17:ASIA_LOW|20251210,ASIA_LOW|20251210,SSRP|ASIA_LOW|20251210|1765361400|FINAL,SSRP|ASIA_LOW|20251210|1765400400|FINAL,2025.12.10 10:15:00,2025.12.10 21:05:00,650,2025.12.10 10:44:58,true,false,false,DISTINCT_TIMESTAMPED_REARM_EVENT,D032_REJECTED_BY_SAME_FAMILY_STACKING,DISTINCT_SETUP_SUPPRESSION
MSZZC1|6:XAUUSD|1:5|1:1|1:4|17:ASIA_LOW|20251210,ASIA_LOW|20251210,SSRP|ASIA_LOW|20251210|1765361400|FINAL,SSRP|ASIA_LOW|20251210|1765401900|FINAL,2025.12.10 10:15:00,2025.12.10 21:30:00,675,2025.12.10 10:44:58,true,false,false,DISTINCT_TIMESTAMPED_REARM_EVENT,D032_REJECTED_BY_SAME_FAMILY_STACKING,DISTINCT_SETUP_SUPPRESSION
MSZZC1|6:XAUUSD|1:5|1:1|1:4|17:ASIA_LOW|20251210,ASIA_LOW|20251210,SSRP|ASIA_LOW|20251210|1765361400|FINAL,SSRP|ASIA_LOW|20251210|1765402200|FINAL,2025.12.10 10:15:00,2025.12.10 21:35:00,680,2025.12.10 10:44:58,true,false,false,DISTINCT_TIMESTAMPED_REARM_EVENT,D032_REJECTED_BY_SAME_FAMILY_STACKING,DISTINCT_SETUP_SUPPRESSION
MSZZC1|6:XAUUSD|1:5|1:1|1:4|17:ASIA_LOW|20251210,ASIA_LOW|20251210,SSRP|ASIA_LOW|20251210|1765361400|FINAL,SSRP|ASIA_LOW|20251210|1765403100|FINAL,2025.12.10 10:15:00,2025.12.10 21:50:00,695,2025.12.10 10:44:58,true,false,false,DISTINCT_TIMESTAMPED_REARM_EVENT,D032_REJECTED_BY_SAME_FAMILY_STACKING,DISTINCT_SETUP_SUPPRESSION
MSZZC1|6:XAUUSD|1:5|1:1|1:4|17:ASIA_LOW|20251210,ASIA_LOW|20251210,SSRP|ASIA_LOW|20251210|1765361400|FINAL,SSRP|ASIA_LOW|20251210|1765403400|FINAL,2025.12.10 10:15:00,2025.12.10 21:55:00,700,2025.12.10 10:44:58,true,false,false,DISTINCT_TIMESTAMPED_REARM_EVENT,D032_REJECTED_BY_SAME_FAMILY_STACKING,DISTINCT_SETUP_SUPPRESSION
MSZZC1|6:XAUUSD|1:5|1:1|1:4|17:ASIA_LOW|20251211,ASIA_LOW|20251211,SSRP|ASIA_LOW|20251211|1765440000|FINAL,SSRP|ASIA_LOW|20251211|1765466100|FINAL,2025.12.11 08:05:00,2025.12.11 15:20:00,435,2025.12.11 11:54:57,true,true,false,DISTINCT_TIMESTAMPED_REARM_EVENT,D032_ACCEPTED_DISTINCT_TRADE,DISTINCT_SETUP_SUPPRESSION
MSZZC1|6:XAUUSD|1:5|2:-1|1:4|18:ASIA_HIGH|20251212,ASIA_HIGH|20251212,SSRP|ASIA_HIGH|20251212|1765562100|FINAL,SSRP|ASIA_HIGH|20251212|1765562400|FINAL,2025.12.12 18:00:00,2025.12.12 18:05:00,5,2025.12.12 18:50:00,false,false,false,DISTINCT_TIMESTAMPED_REARM_EVENT,D032_REJECTED_BY_SAME_FAMILY_STACKING,DISTINCT_SETUP_SUPPRESSION
MSZZC1|6:XAUUSD|1:5|2:-1|1:4|18:ASIA_HIGH|20251212,ASIA_HIGH|20251212,SSRP|ASIA_HIGH|20251212|1765562100|FINAL,SSRP|ASIA_HIGH|20251212|1765562700|FINAL,2025.12.12 18:00:00,2025.12.12 18:20:00,20,2025.12.12 18:50:00,false,false,false,DISTINCT_TIMESTAMPED_REARM_EVENT,D032_REJECTED_BY_SAME_FAMILY_STACKING,DISTINCT_SETUP_SUPPRESSION
MSZZC1|6:XAUUSD|1:5|2:-1|1:4|18:ASIA_HIGH|20251212,ASIA_HIGH|20251212,SSRP|ASIA_HIGH|20251212|1765562100|FINAL,SSRP|ASIA_HIGH|20251212|1765563600|FINAL,2025.12.12 18:00:00,2025.12.12 18:30:00,30,2025.12.12 18:50:00,false,false,false,DISTINCT_TIMESTAMPED_REARM_EVENT,D032_REJECTED_BY_SAME_FAMILY_STACKING,DISTINCT_SETUP_SUPPRESSION
MSZZC1|6:XAUUSD|1:5|2:-1|1:4|18:ASIA_HIGH|20251212,ASIA_HIGH|20251212,SSRP|ASIA_HIGH|20251212|1765562100|FINAL,SSRP|ASIA_HIGH|20251212|1765564200|FINAL,2025.12.12 18:00:00,2025.12.12 18:35:00,35,2025.12.12 18:50:00,false,false,false,DISTINCT_TIMESTAMPED_REARM_EVENT,D032_REJECTED_BY_SAME_FAMILY_STACKING,DISTINCT_SETUP_SUPPRESSION
MSZZC1|6:XAUUSD|1:5|2:-1|1:4|18:ASIA_HIGH|20251212,ASIA_HIGH|20251212,SSRP|ASIA_HIGH|20251212|1765562100|FINAL,SSRP|ASIA_HIGH|20251212|1765567200|FINAL,2025.12.12 18:00:00,2025.12.12 19:25:00,85,2025.12.12 18:50:00,true,false,false,DISTINCT_TIMESTAMPED_REARM_EVENT,D032_REJECTED_BY_SAME_FAMILY_STACKING,DISTINCT_SETUP_SUPPRESSION
MSZZC1|6:XAUUSD|1:5|2:-1|1:4|18:ASIA_HIGH|20251215,ASIA_HIGH|20251215,SSRP|ASIA_HIGH|20251215|1765785600|FINAL,SSRP|ASIA_HIGH|20251215|1765786800|FINAL,2025.12.15 08:05:00,2025.12.15 08:25:00,20,2025.12.15 08:24:57,true,true,false,DISTINCT_TIMESTAMPED_REARM_EVENT,D032_ACCEPTED_DISTINCT_TRADE,DISTINCT_SETUP_SUPPRESSION
MSZZC1|6:XAUUSD|1:5|2:-1|1:4|18:ASIA_HIGH|20251215,ASIA_HIGH|20251215,SSRP|ASIA_HIGH|20251215|1765785600|FINAL,SSRP|ASIA_HIGH|20251215|1765787700|FINAL,2025.12.15 08:05:00,2025.12.15 08:50:00,45,2025.12.15 08:24:57,true,true,false,DISTINCT_TIMESTAMPED_REARM_EVENT,D032_ACCEPTED_DISTINCT_TRADE,DISTINCT_SETUP_SUPPRESSION
MSZZC1|6:XAUUSD|1:5|2:-1|1:4|18:ASIA_HIGH|20251215,ASIA_HIGH|20251215,SSRP|ASIA_HIGH|20251215|1765785600|FINAL,SSRP|ASIA_HIGH|20251215|1765788600|FINAL,2025.12.15 08:05:00,2025.12.15 08:55:00,50,2025.12.15 08:24:57,true,false,false,DISTINCT_TIMESTAMPED_REARM_EVENT,D032_REJECTED_BY_SAME_FAMILY_STACKING,DISTINCT_SETUP_SUPPRESSION
MSZZC1|6:XAUUSD|1:5|2:-1|1:4|18:ASIA_HIGH|20251215,ASIA_HIGH|20251215,SSRP|ASIA_HIGH|20251215|1765785600|FINAL,SSRP|ASIA_HIGH|20251215|1765788900|FINAL,2025.12.15 08:05:00,2025.12.15 09:00:00,55,2025.12.15 08:24:57,true,false,false,DISTINCT_TIMESTAMPED_REARM_EVENT,D032_REJECTED_BY_SAME_FAMILY_STACKING,DISTINCT_SETUP_SUPPRESSION
MSZZC1|6:XAUUSD|1:5|2:-1|1:4|18:ASIA_HIGH|20251215,ASIA_HIGH|20251215,SSRP|ASIA_HIGH|20251215|1765785600|FINAL,SSRP|ASIA_HIGH|20251215|1765790400|FINAL,2025.12.15 08:05:00,2025.12.15 09:25:00,80,2025.12.15 08:24:57,true,false,false,DISTINCT_TIMESTAMPED_REARM_EVENT,D032_REJECTED_BY_SAME_FAMILY_STACKING,DISTINCT_SETUP_SUPPRESSION
MSZZC1|6:XAUUSD|1:5|2:-1|1:4|18:ASIA_HIGH|20251215,ASIA_HIGH|20251215,SSRP|ASIA_HIGH|20251215|1765785600|FINAL,SSRP|ASIA_HIGH|20251215|1765798200|FINAL,2025.12.15 08:05:00,2025.12.15 11:45:00,220,2025.12.15 08:24:57,true,true,false,DISTINCT_TIMESTAMPED_REARM_EVENT,D032_ACCEPTED_DISTINCT_TRADE,DISTINCT_SETUP_SUPPRESSION
MSZZC1|6:XAUUSD|1:5|2:-1|1:4|18:ASIA_HIGH|20251215,ASIA_HIGH|20251215,SSRP|ASIA_HIGH|20251215|1765785600|FINAL,SSRP|ASIA_HIGH|20251215|1765799100|FINAL,2025.12.15 08:05:00,2025.12.15 11:50:00,225,2025.12.15 08:24:57,true,false,false,DISTINCT_TIMESTAMPED_REARM_EVENT,D032_REJECTED_BY_SAME_FAMILY_STACKING,DISTINCT_SETUP_SUPPRESSION
MSZZC1|6:XAUUSD|1:5|2:-1|1:4|18:ASIA_HIGH|20251215,ASIA_HIGH|20251215,SSRP|ASIA_HIGH|20251215|1765785600|FINAL,SSRP|ASIA_HIGH|20251215|1765799400|FINAL,2025.12.15 08:05:00,2025.12.15 11:55:00,230,2025.12.15 08:24:57,true,false,false,DISTINCT_TIMESTAMPED_REARM_EVENT,D032_REJECTED_BY_SAME_FAMILY_STACKING,DISTINCT_SETUP_SUPPRESSION
MSZZC1|6:XAUUSD|1:5|2:-1|1:4|18:ASIA_HIGH|20251215,ASIA_HIGH|20251215,SSRP|ASIA_HIGH|20251215|1765785600|FINAL,SSRP|ASIA_HIGH|20251215|1765799700|FINAL,2025.12.15 08:05:00,2025.12.15 12:00:00,235,2025.12.15 08:24:57,true,false,false,DISTINCT_TIMESTAMPED_REARM_EVENT,D032_REJECTED_BY_SAME_FAMILY_STACKING,DISTINCT_SETUP_SUPPRESSION
MSZZC1|6:XAUUSD|1:5|2:-1|1:4|18:ASIA_HIGH|20251215,ASIA_HIGH|20251215,SSRP|ASIA_HIGH|20251215|1765785600|FINAL,SSRP|ASIA_HIGH|20251215|1765801200|FINAL,2025.12.15 08:05:00,2025.12.15 12:25:00,260,2025.12.15 08:24:57,true,false,false,DISTINCT_TIMESTAMPED_REARM_EVENT,D032_REJECTED_BY_SAME_FAMILY_STACKING,DISTINCT_SETUP_SUPPRESSION
MSZZC1|6:XAUUSD|1:5|2:-1|1:4|18:ASIA_HIGH|20251215,ASIA_HIGH|20251215,SSRP|ASIA_HIGH|20251215|1765785600|FINAL,SSRP|ASIA_HIGH|20251215|1765801500|FINAL,2025.12.15 08:05:00,2025.12.15 12:30:00,265,2025.12.15 08:24:57,true,false,false,DISTINCT_TIMESTAMPED_REARM_EVENT,D032_REJECTED_BY_SAME_FAMILY_STACKING,DISTINCT_SETUP_SUPPRESSION
MSZZC1|6:XAUUSD|1:5|2:-1|1:4|18:ASIA_HIGH|20251215,ASIA_HIGH|20251215,SSRP|ASIA_HIGH|20251215|1765785600|FINAL,SSRP|ASIA_HIGH|20251215|1765807200|FINAL,2025.12.15 08:05:00,2025.12.15 14:05:00,360,2025.12.15 08:24:57,true,false,false,DISTINCT_TIMESTAMPED_REARM_EVENT,D032_REJECTED_BY_SAME_FAMILY_STACKING,DISTINCT_SETUP_SUPPRESSION
MSZZC1|6:XAUUSD|1:5|2:-1|1:4|18:ASIA_HIGH|20251215,ASIA_HIGH|20251215,SSRP|ASIA_HIGH|20251215|1765785600|FINAL,SSRP|ASIA_HIGH|20251215|1765808100|FINAL,2025.12.15 08:05:00,2025.12.15 14:20:00,375,2025.12.15 08:24:57,true,false,false,DISTINCT_TIMESTAMPED_REARM_EVENT,D032_REJECTED_BY_SAME_FAMILY_STACKING,DISTINCT_SETUP_SUPPRESSION
MSZZC1|6:XAUUSD|1:5|2:-1|1:4|18:ASIA_HIGH|20251215,ASIA_HIGH|20251215,SSRP|ASIA_HIGH|20251215|1765785600|FINAL,SSRP|ASIA_HIGH|20251215|1765810500|FINAL,2025.12.15 08:05:00,2025.12.15 15:00:00,415,2025.12.15 08:24:57,true,false,false,DISTINCT_TIMESTAMPED_REARM_EVENT,D032_REJECTED_BY_SAME_FAMILY_STACKING,DISTINCT_SETUP_SUPPRESSION
MSZZC1|6:XAUUSD|1:5|2:-1|1:4|18:ASIA_HIGH|20251215,ASIA_HIGH|20251215,SSRP|ASIA_HIGH|20251215|1765785600|FINAL,SSRP|ASIA_HIGH|20251215|1765810800|FINAL,2025.12.15 08:05:00,2025.12.15 15:05:00,420,2025.12.15 08:24:57,true,false,false,DISTINCT_TIMESTAMPED_REARM_EVENT,D032_REJECTED_BY_SAME_FAMILY_STACKING,DISTINCT_SETUP_SUPPRESSION
MSZZC1|6:XAUUSD|1:5|1:1|1:4|17:ASIA_LOW|20251215,ASIA_LOW|20251215,SSRP|ASIA_LOW|20251215|1765823700|FINAL,SSRP|ASIA_LOW|20251215|1765824000|FINAL,2025.12.15 18:40:00,2025.12.15 18:45:00,5,2025.12.16 05:14:58,false,false,false,DISTINCT_TIMESTAMPED_REARM_EVENT,D032_REJECTED_BY_SAME_FAMILY_STACKING,DISTINCT_SETUP_SUPPRESSION
MSZZC1|6:XAUUSD|1:5|2:-1|1:4|18:ASIA_HIGH|20251216,ASIA_HIGH|20251216,SSRP|ASIA_HIGH|20251216|1765900800|FINAL,SSRP|ASIA_HIGH|20251216|1765905000|FINAL,2025.12.16 16:05:00,2025.12.16 17:15:00,70,2025.12.16 16:14:58,true,true,false,DISTINCT_TIMESTAMPED_REARM_EVENT,D032_ACCEPTED_DISTINCT_TRADE,DISTINCT_SETUP_SUPPRESSION
MSZZC1|6:XAUUSD|1:5|2:-1|1:4|18:ASIA_HIGH|20251216,ASIA_HIGH|20251216,SSRP|ASIA_HIGH|20251216|1765900800|FINAL,SSRP|ASIA_HIGH|20251216|1765907400|FINAL,2025.12.16 16:05:00,2025.12.16 18:05:00,120,2025.12.16 16:14:58,true,false,false,DISTINCT_TIMESTAMPED_REARM_EVENT,D032_REJECTED_BY_SAME_FAMILY_STACKING,DISTINCT_SETUP_SUPPRESSION
MSZZC1|6:XAUUSD|1:5|2:-1|1:4|18:ASIA_HIGH|20251216,ASIA_HIGH|20251216,SSRP|ASIA_HIGH|20251216|1765900800|FINAL,SSRP|ASIA_HIGH|20251216|1765908300|FINAL,2025.12.16 16:05:00,2025.12.16 18:10:00,125,2025.12.16 16:14:58,true,false,false,DISTINCT_TIMESTAMPED_REARM_EVENT,D032_REJECTED_BY_SAME_FAMILY_STACKING,DISTINCT_SETUP_SUPPRESSION
MSZZC1|6:XAUUSD|1:5|2:-1|1:4|18:ASIA_HIGH|20251217,ASIA_HIGH|20251217,SSRP|ASIA_HIGH|20251217|1765986900|FINAL,SSRP|ASIA_HIGH|20251217|1765991100|FINAL,2025.12.17 16:10:00,2025.12.17 17:15:00,65,2025.12.17 17:34:58,false,false,false,DISTINCT_TIMESTAMPED_REARM_EVENT,D032_REJECTED_BY_SAME_FAMILY_STACKING,DISTINCT_SETUP_SUPPRESSION
MSZZC1|6:XAUUSD|1:5|2:-1|1:4|18:ASIA_HIGH|20251217,ASIA_HIGH|20251217,SSRP|ASIA_HIGH|20251217|1765986900|FINAL,SSRP|ASIA_HIGH|20251217|1765991700|FINAL,2025.12.17 16:10:00,2025.12.17 17:20:00,70,2025.12.17 17:34:58,false,false,false,DISTINCT_TIMESTAMPED_REARM_EVENT,D032_REJECTED_BY_SAME_FAMILY_STACKING,DISTINCT_SETUP_SUPPRESSION
MSZZC1|6:XAUUSD|1:5|2:-1|1:4|18:ASIA_HIGH|20251217,ASIA_HIGH|20251217,SSRP|ASIA_HIGH|20251217|1765986900|FINAL,SSRP|ASIA_HIGH|20251217|1765992600|FINAL,2025.12.17 16:10:00,2025.12.17 17:35:00,85,2025.12.17 17:34:58,true,true,false,DISTINCT_TIMESTAMPED_REARM_EVENT,D032_ACCEPTED_DISTINCT_TRADE,DISTINCT_SETUP_SUPPRESSION
MSZZC1|6:XAUUSD|1:5|2:-1|1:4|18:ASIA_HIGH|20251217,ASIA_HIGH|20251217,SSRP|ASIA_HIGH|20251217|1765986900|FINAL,SSRP|ASIA_HIGH|20251217|1765992900|FINAL,2025.12.17 16:10:00,2025.12.17 17:40:00,90,2025.12.17 17:34:58,true,false,false,DISTINCT_TIMESTAMPED_REARM_EVENT,D032_REJECTED_BY_SAME_FAMILY_STACKING,DISTINCT_SETUP_SUPPRESSION
MSZZC1|6:XAUUSD|1:5|2:-1|1:4|18:ASIA_HIGH|20251217,ASIA_HIGH|20251217,SSRP|ASIA_HIGH|20251217|1765986900|FINAL,SSRP|ASIA_HIGH|20251217|1766001900|FINAL,2025.12.17 16:10:00,2025.12.17 20:15:00,245,2025.12.17 17:34:58,true,false,false,DISTINCT_TIMESTAMPED_REARM_EVENT,D032_REJECTED_BY_SAME_FAMILY_STACKING,DISTINCT_SETUP_SUPPRESSION
MSZZC1|6:XAUUSD|1:5|2:-1|1:4|18:ASIA_HIGH|20251217,ASIA_HIGH|20251217,SSRP|ASIA_HIGH|20251217|1765986900|FINAL,SSRP|ASIA_HIGH|20251217|1766002500|FINAL,2025.12.17 16:10:00,2025.12.17 20:20:00,250,2025.12.17 17:34:58,true,false,false,DISTINCT_TIMESTAMPED_REARM_EVENT,D032_REJECTED_BY_SAME_FAMILY_STACKING,DISTINCT_SETUP_SUPPRESSION
MSZZC1|6:XAUUSD|1:5|2:-1|1:4|18:ASIA_HIGH|20251217,ASIA_HIGH|20251217,SSRP|ASIA_HIGH|20251217|1765986900|FINAL,SSRP|ASIA_HIGH|20251217|1766003400|FINAL,2025.12.17 16:10:00,2025.12.17 20:35:00,265,2025.12.17 17:34:58,true,false,false,DISTINCT_TIMESTAMPED_REARM_EVENT,D032_REJECTED_BY_SAME_FAMILY_STACKING,DISTINCT_SETUP_SUPPRESSION
MSZZC1|6:XAUUSD|1:5|2:-1|1:4|18:ASIA_HIGH|20251217,ASIA_HIGH|20251217,SSRP|ASIA_HIGH|20251217|1765986900|FINAL,SSRP|ASIA_HIGH|20251217|1766011500|FINAL,2025.12.17 16:10:00,2025.12.17 22:50:00,400,2025.12.17 17:34:58,true,false,false,DISTINCT_TIMESTAMPED_REARM_EVENT,D032_REJECTED_BY_SAME_FAMILY_STACKING,DISTINCT_SETUP_SUPPRESSION
MSZZC1|6:XAUUSD|1:5|2:-1|1:4|18:ASIA_HIGH|20251217,ASIA_HIGH|20251217,SSRP|ASIA_HIGH|20251217|1765986900|FINAL,SSRP|ASIA_HIGH|20251217|1766011800|FINAL,2025.12.17 16:10:00,2025.12.17 22:55:00,405,2025.12.17 17:34:58,true,false,false,DISTINCT_TIMESTAMPED_REARM_EVENT,D032_REJECTED_BY_SAME_FAMILY_STACKING,DISTINCT_SETUP_SUPPRESSION
MSZZC1|6:XAUUSD|1:5|2:-1|1:4|18:ASIA_HIGH|20251217,ASIA_HIGH|20251217,SSRP|ASIA_HIGH|20251217|1765986900|FINAL,SSRP|ASIA_HIGH|20251217|1766013900|FINAL,2025.12.17 16:10:00,2025.12.17 23:30:00,440,2025.12.17 17:34:58,true,false,false,DISTINCT_TIMESTAMPED_REARM_EVENT,D032_REJECTED_BY_SAME_FAMILY_STACKING,DISTINCT_SETUP_SUPPRESSION
MSZZC1|6:XAUUSD|1:5|2:-1|1:4|18:ASIA_HIGH|20251217,ASIA_HIGH|20251217,SSRP|ASIA_HIGH|20251217|1765986900|FINAL,SSRP|ASIA_HIGH|20251217|1766014200|FINAL,2025.12.17 16:10:00,2025.12.17 23:35:00,445,2025.12.17 17:34:58,true,false,false,DISTINCT_TIMESTAMPED_REARM_EVENT,D032_REJECTED_BY_SAME_FAMILY_STACKING,DISTINCT_SETUP_SUPPRESSION
MSZZC1|6:XAUUSD|1:5|2:-1|1:4|18:ASIA_HIGH|20251217,ASIA_HIGH|20251217,SSRP|ASIA_HIGH|20251217|1765986900|FINAL,SSRP|ASIA_HIGH|20251217|1766014800|FINAL,2025.12.17 16:10:00,2025.12.17 23:45:00,455,2025.12.17 17:34:58,true,false,false,DISTINCT_TIMESTAMPED_REARM_EVENT,D032_REJECTED_BY_SAME_FAMILY_STACKING,DISTINCT_SETUP_SUPPRESSION
MSZZC1|6:XAUUSD|1:5|1:1|1:4|17:ASIA_LOW|20251218,ASIA_LOW|20251218,SSRP|ASIA_LOW|20251218|1766055300|FINAL,SSRP|ASIA_LOW|20251218|1766057100|FINAL,2025.12.18 11:00:00,2025.12.18 11:30:00,30,2025.12.18 11:44:57,false,false,false,DISTINCT_TIMESTAMPED_REARM_EVENT,D032_REJECTED_BY_SAME_FAMILY_STACKING,DISTINCT_SETUP_SUPPRESSION
MSZZC1|6:XAUUSD|1:5|1:1|1:4|17:ASIA_LOW|20251218,ASIA_LOW|20251218,SSRP|ASIA_LOW|20251218|1766055300|FINAL,SSRP|ASIA_LOW|20251218|1766058600|FINAL,2025.12.18 11:00:00,2025.12.18 12:00:00,60,2025.12.18 11:44:57,true,false,false,DISTINCT_TIMESTAMPED_REARM_EVENT,D032_REJECTED_BY_SAME_FAMILY_STACKING,DISTINCT_SETUP_SUPPRESSION
MSZZC1|6:XAUUSD|1:5|1:1|1:4|17:ASIA_LOW|20251218,ASIA_LOW|20251218,SSRP|ASIA_LOW|20251218|1766055300|FINAL,SSRP|ASIA_LOW|20251218|1766059200|FINAL,2025.12.18 11:00:00,2025.12.18 12:05:00,65,2025.12.18 11:44:57,true,false,false,DISTINCT_TIMESTAMPED_REARM_EVENT,D032_REJECTED_BY_SAME_FAMILY_STACKING,DISTINCT_SETUP_SUPPRESSION
MSZZC1|6:XAUUSD|1:5|1:1|1:4|17:ASIA_LOW|20251218,ASIA_LOW|20251218,SSRP|ASIA_LOW|20251218|1766055300|FINAL,SSRP|ASIA_LOW|20251218|1766059500|FINAL,2025.12.18 11:00:00,2025.12.18 12:10:00,70,2025.12.18 11:44:57,true,false,false,DISTINCT_TIMESTAMPED_REARM_EVENT,D032_REJECTED_BY_SAME_FAMILY_STACKING,DISTINCT_SETUP_SUPPRESSION
MSZZC1|6:XAUUSD|1:5|1:1|1:4|17:ASIA_LOW|20251218,ASIA_LOW|20251218,SSRP|ASIA_LOW|20251218|1766055300|FINAL,SSRP|ASIA_LOW|20251218|1766060400|FINAL,2025.12.18 11:00:00,2025.12.18 12:30:00,90,2025.12.18 11:44:57,true,false,false,DISTINCT_TIMESTAMPED_REARM_EVENT,D032_REJECTED_BY_SAME_FAMILY_STACKING,DISTINCT_SETUP_SUPPRESSION
MSZZC1|6:XAUUSD|1:5|1:1|1:4|17:ASIA_LOW|20251218,ASIA_LOW|20251218,SSRP|ASIA_LOW|20251218|1766055300|FINAL,SSRP|ASIA_LOW|20251218|1766061000|FINAL,2025.12.18 11:00:00,2025.12.18 12:40:00,100,2025.12.18 11:44:57,true,false,false,DISTINCT_TIMESTAMPED_REARM_EVENT,D032_REJECTED_BY_SAME_FAMILY_STACKING,DISTINCT_SETUP_SUPPRESSION
MSZZC1|6:XAUUSD|1:5|1:1|1:4|17:ASIA_LOW|20251218,ASIA_LOW|20251218,SSRP|ASIA_LOW|20251218|1766055300|FINAL,SSRP|ASIA_LOW|20251218|1766071500|FINAL,2025.12.18 11:00:00,2025.12.18 15:30:00,270,2025.12.18 11:44:57,true,false,false,DISTINCT_TIMESTAMPED_REARM_EVENT,D032_REJECTED_BY_SAME_FAMILY_STACKING,DISTINCT_SETUP_SUPPRESSION
MSZZC1|6:XAUUSD|1:5|1:1|1:4|17:ASIA_LOW|20251218,ASIA_LOW|20251218,SSRP|ASIA_LOW|20251218|1766055300|FINAL,SSRP|ASIA_LOW|20251218|1766071800|FINAL,2025.12.18 11:00:00,2025.12.18 15:35:00,275,2025.12.18 11:44:57,true,false,false,DISTINCT_TIMESTAMPED_REARM_EVENT,D032_REJECTED_BY_SAME_FAMILY_STACKING,DISTINCT_SETUP_SUPPRESSION
MSZZC1|6:XAUUSD|1:5|1:1|1:4|17:ASIA_LOW|20251218,ASIA_LOW|20251218,SSRP|ASIA_LOW|20251218|1766055300|FINAL,SSRP|ASIA_LOW|20251218|1766076300|FINAL,2025.12.18 11:00:00,2025.12.18 16:55:00,355,2025.12.18 11:44:57,true,false,false,DISTINCT_TIMESTAMPED_REARM_EVENT,D032_REJECTED_BY_SAME_FAMILY_STACKING,DISTINCT_SETUP_SUPPRESSION
MSZZC1|6:XAUUSD|1:5|1:1|1:4|17:ASIA_LOW|20251218,ASIA_LOW|20251218,SSRP|ASIA_LOW|20251218|1766055300|FINAL,SSRP|ASIA_LOW|20251218|1766076900|FINAL,2025.12.18 11:00:00,2025.12.18 17:00:00,360,2025.12.18 11:44:57,true,false,false,DISTINCT_TIMESTAMPED_REARM_EVENT,D032_REJECTED_BY_SAME_FAMILY_STACKING,DISTINCT_SETUP_SUPPRESSION
MSZZC1|6:XAUUSD|1:5|2:-1|1:4|18:ASIA_HIGH|20251218,ASIA_HIGH|20251218,SSRP|ASIA_HIGH|20251218|1766084400|FINAL,SSRP|ASIA_HIGH|20251218|1766084700|FINAL,2025.12.18 19:05:00,2025.12.18 19:10:00,5,2025.12.22 02:09:57,false,false,false,DISTINCT_TIMESTAMPED_REARM_EVENT,D032_REJECTED_BY_SAME_FAMILY_STACKING,DISTINCT_SETUP_SUPPRESSION
MSZZC1|6:XAUUSD|1:5|1:1|1:4|17:ASIA_LOW|20251218,ASIA_LOW|20251218,SSRP|ASIA_LOW|20251218|1766055300|FINAL,SSRP|ASIA_LOW|20251218|1766085000|FINAL,2025.12.18 11:00:00,2025.12.18 19:15:00,495,2025.12.18 11:44:57,true,false,false,DISTINCT_TIMESTAMPED_REARM_EVENT,D032_REJECTED_BY_SAME_FAMILY_STACKING,DISTINCT_SETUP_SUPPRESSION
MSZZC1|6:XAUUSD|1:5|1:1|1:4|17:ASIA_LOW|20251218,ASIA_LOW|20251218,SSRP|ASIA_LOW|20251218|1766055300|FINAL,SSRP|ASIA_LOW|20251218|1766085300|FINAL,2025.12.18 11:00:00,2025.12.18 19:20:00,500,2025.12.18 11:44:57,true,false,false,DISTINCT_TIMESTAMPED_REARM_EVENT,D032_REJECTED_BY_SAME_FAMILY_STACKING,DISTINCT_SETUP_SUPPRESSION
MSZZC1|6:XAUUSD|1:5|1:1|1:4|17:ASIA_LOW|20251218,ASIA_LOW|20251218,SSRP|ASIA_LOW|20251218|1766055300|FINAL,SSRP|ASIA_LOW|20251218|1766094600|FINAL,2025.12.18 11:00:00,2025.12.18 21:55:00,655,2025.12.18 11:44:57,true,false,false,DISTINCT_TIMESTAMPED_REARM_EVENT,D032_REJECTED_BY_SAME_FAMILY_STACKING,DISTINCT_SETUP_SUPPRESSION
MSZZC1|6:XAUUSD|1:5|1:1|1:4|17:ASIA_LOW|20251218,ASIA_LOW|20251218,SSRP|ASIA_LOW|20251218|1766055300|FINAL,SSRP|ASIA_LOW|20251218|1766094900|FINAL,2025.12.18 11:00:00,2025.12.18 22:00:00,660,2025.12.18 11:44:57,true,false,false,DISTINCT_TIMESTAMPED_REARM_EVENT,D032_REJECTED_BY_SAME_FAMILY_STACKING,DISTINCT_SETUP_SUPPRESSION
MSZZC1|6:XAUUSD|1:5|2:-1|1:4|18:ASIA_HIGH|20251222,ASIA_HIGH|20251222,SSRP|ASIA_HIGH|20251222|1766399100|FINAL,SSRP|ASIA_HIGH|20251222|1766399700|FINAL,2025.12.22 10:35:00,2025.12.22 10:50:00,15,2025.12.22 11:59:57,false,false,false,DISTINCT_TIMESTAMPED_REARM_EVENT,D032_REJECTED_BY_SAME_FAMILY_STACKING,DISTINCT_SETUP_SUPPRESSION
MSZZC1|6:XAUUSD|1:5|2:-1|1:4|18:ASIA_HIGH|20251222,ASIA_HIGH|20251222,SSRP|ASIA_HIGH|20251222|1766399100|FINAL,SSRP|ASIA_HIGH|20251222|1766400600|FINAL,2025.12.22 10:35:00,2025.12.22 10:55:00,20,2025.12.22 11:59:57,false,false,false,DISTINCT_TIMESTAMPED_REARM_EVENT,D032_REJECTED_BY_SAME_FAMILY_STACKING,DISTINCT_SETUP_SUPPRESSION
MSZZC1|6:XAUUSD|1:5|2:-1|1:4|18:ASIA_HIGH|20251222,ASIA_HIGH|20251222,SSRP|ASIA_HIGH|20251222|1766399100|FINAL,SSRP|ASIA_HIGH|20251222|1766406300|FINAL,2025.12.22 10:35:00,2025.12.22 12:40:00,125,2025.12.22 11:59:57,true,true,false,DISTINCT_TIMESTAMPED_REARM_EVENT,D032_ACCEPTED_DISTINCT_TRADE,DISTINCT_SETUP_SUPPRESSION
MSZZC1|6:XAUUSD|1:5|2:-1|1:4|18:ASIA_HIGH|20251222,ASIA_HIGH|20251222,SSRP|ASIA_HIGH|20251222|1766399100|FINAL,SSRP|ASIA_HIGH|20251222|1766407800|FINAL,2025.12.22 10:35:00,2025.12.22 12:55:00,140,2025.12.22 11:59:57,true,false,false,DISTINCT_TIMESTAMPED_REARM_EVENT,D032_REJECTED_BY_SAME_FAMILY_STACKING,DISTINCT_SETUP_SUPPRESSION
MSZZC1|6:XAUUSD|1:5|2:-1|1:4|18:ASIA_HIGH|20251222,ASIA_HIGH|20251222,SSRP|ASIA_HIGH|20251222|1766399100|FINAL,SSRP|ASIA_HIGH|20251222|1766408100|FINAL,2025.12.22 10:35:00,2025.12.22 13:00:00,145,2025.12.22 11:59:57,true,false,false,DISTINCT_TIMESTAMPED_REARM_EVENT,D032_REJECTED_BY_SAME_FAMILY_STACKING,DISTINCT_SETUP_SUPPRESSION
MSZZC1|6:XAUUSD|1:5|2:-1|1:4|18:ASIA_HIGH|20251222,ASIA_HIGH|20251222,SSRP|ASIA_HIGH|20251222|1766399100|FINAL,SSRP|ASIA_HIGH|20251222|1766409600|FINAL,2025.12.22 10:35:00,2025.12.22 13:25:00,170,2025.12.22 11:59:57,true,false,false,DISTINCT_TIMESTAMPED_REARM_EVENT,D032_REJECTED_BY_SAME_FAMILY_STACKING,DISTINCT_SETUP_SUPPRESSION
MSZZC1|6:XAUUSD|1:5|2:-1|1:4|18:ASIA_HIGH|20251222,ASIA_HIGH|20251222,SSRP|ASIA_HIGH|20251222|1766399100|FINAL,SSRP|ASIA_HIGH|20251222|1766410500|FINAL,2025.12.22 10:35:00,2025.12.22 13:50:00,195,2025.12.22 11:59:57,true,false,false,DISTINCT_TIMESTAMPED_REARM_EVENT,D032_REJECTED_BY_SAME_FAMILY_STACKING,DISTINCT_SETUP_SUPPRESSION
MSZZC1|6:XAUUSD|1:5|2:-1|1:4|18:ASIA_HIGH|20251222,ASIA_HIGH|20251222,SSRP|ASIA_HIGH|20251222|1766399100|FINAL,SSRP|ASIA_HIGH|20251222|1766412000|FINAL,2025.12.22 10:35:00,2025.12.22 14:05:00,210,2025.12.22 11:59:57,true,true,false,DISTINCT_TIMESTAMPED_REARM_EVENT,D032_ACCEPTED_DISTINCT_TRADE,DISTINCT_SETUP_SUPPRESSION
MSZZC1|6:XAUUSD|1:5|2:-1|1:4|18:ASIA_HIGH|20251222,ASIA_HIGH|20251222,SSRP|ASIA_HIGH|20251222|1766399100|FINAL,SSRP|ASIA_HIGH|20251222|1766412300|FINAL,2025.12.22 10:35:00,2025.12.22 14:10:00,215,2025.12.22 11:59:57,true,false,false,DISTINCT_TIMESTAMPED_REARM_EVENT,D032_REJECTED_BY_SAME_FAMILY_STACKING,DISTINCT_SETUP_SUPPRESSION
MSZZC1|6:XAUUSD|1:5|2:-1|1:4|18:ASIA_HIGH|20251222,ASIA_HIGH|20251222,SSRP|ASIA_HIGH|20251222|1766399100|FINAL,SSRP|ASIA_HIGH|20251222|1766412600|FINAL,2025.12.22 10:35:00,2025.12.22 14:25:00,230,2025.12.22 11:59:57,true,false,false,DISTINCT_TIMESTAMPED_REARM_EVENT,D032_REJECTED_BY_SAME_FAMILY_STACKING,DISTINCT_SETUP_SUPPRESSION
MSZZC1|6:XAUUSD|1:5|1:1|1:4|17:ASIA_LOW|20251223,ASIA_LOW|20251223,SSRP|ASIA_LOW|20251223|1766509200|FINAL,SSRP|ASIA_LOW|20251223|1766509800|FINAL,2025.12.23 17:10:00,2025.12.23 17:15:00,5,2025.12.23 21:04:58,false,false,false,DISTINCT_TIMESTAMPED_REARM_EVENT,D032_REJECTED_BY_SAME_FAMILY_STACKING,DISTINCT_SETUP_SUPPRESSION
MSZZC1|6:XAUUSD|1:5|1:1|1:4|17:ASIA_LOW|20251223,ASIA_LOW|20251223,SSRP|ASIA_LOW|20251223|1766509200|FINAL,SSRP|ASIA_LOW|20251223|1766510700|FINAL,2025.12.23 17:10:00,2025.12.23 17:30:00,20,2025.12.23 21:04:58,false,false,false,DISTINCT_TIMESTAMPED_REARM_EVENT,D032_REJECTED_BY_SAME_FAMILY_STACKING,DISTINCT_SETUP_SUPPRESSION
MSZZC1|6:XAUUSD|1:5|1:1|1:4|17:ASIA_LOW|20251223,ASIA_LOW|20251223,SSRP|ASIA_LOW|20251223|1766509200|FINAL,SSRP|ASIA_LOW|20251223|1766511000|FINAL,2025.12.23 17:10:00,2025.12.23 17:35:00,25,2025.12.23 21:04:58,false,false,false,DISTINCT_TIMESTAMPED_REARM_EVENT,D032_REJECTED_BY_SAME_FAMILY_STACKING,DISTINCT_SETUP_SUPPRESSION
MSZZC1|6:XAUUSD|1:5|2:-1|1:4|18:ASIA_HIGH|20251223,ASIA_HIGH|20251223,SSRP|ASIA_HIGH|20251223|1766530500|FINAL,SSRP|ASIA_HIGH|20251223|1766530800|FINAL,2025.12.23 23:00:00,2025.12.23 23:05:00,5,2025.12.24 01:39:58,false,false,false,DISTINCT_TIMESTAMPED_REARM_EVENT,D032_REJECTED_BY_SAME_FAMILY_STACKING,DISTINCT_SETUP_SUPPRESSION
MSZZC1|6:XAUUSD|1:5|1:1|1:4|17:ASIA_LOW|20251224,ASIA_LOW|20251224,SSRP|ASIA_LOW|20251224|1766594400|FINAL,SSRP|ASIA_LOW|20251224|1766595300|FINAL,2025.12.24 16:45:00,2025.12.24 17:05:00,20,2025.12.24 16:54:57,true,true,false,DISTINCT_TIMESTAMPED_REARM_EVENT,D032_ACCEPTED_DISTINCT_TRADE,DISTINCT_SETUP_SUPPRESSION
MSZZC1|6:XAUUSD|1:5|1:1|1:4|17:ASIA_LOW|20251224,ASIA_LOW|20251224,SSRP|ASIA_LOW|20251224|1766594400|FINAL,SSRP|ASIA_LOW|20251224|1766601000|FINAL,2025.12.24 16:45:00,2025.12.24 18:35:00,110,2025.12.24 16:54:57,true,true,false,DISTINCT_TIMESTAMPED_REARM_EVENT,D032_ACCEPTED_DISTINCT_TRADE,DISTINCT_SETUP_SUPPRESSION
MSZZC1|6:XAUUSD|1:5|2:-1|1:4|18:ASIA_HIGH|20251226,ASIA_HIGH|20251226,SSRP|ASIA_HIGH|20251226|1766766600|FINAL,SSRP|ASIA_HIGH|20251226|1766775900|FINAL,2025.12.26 16:35:00,2025.12.26 19:10:00,155,2025.12.26 17:29:58,true,true,false,DISTINCT_TIMESTAMPED_REARM_EVENT,D032_ACCEPTED_DISTINCT_TRADE,DISTINCT_SETUP_SUPPRESSION
MSZZC1|6:XAUUSD|1:5|2:-1|1:4|18:ASIA_HIGH|20251226,ASIA_HIGH|20251226,SSRP|ASIA_HIGH|20251226|1766766600|FINAL,SSRP|ASIA_HIGH|20251226|1766776200|FINAL,2025.12.26 16:35:00,2025.12.26 19:15:00,160,2025.12.26 17:29:58,true,false,false,DISTINCT_TIMESTAMPED_REARM_EVENT,D032_REJECTED_BY_SAME_FAMILY_STACKING,DISTINCT_SETUP_SUPPRESSION
MSZZC1|6:XAUUSD|1:5|2:-1|1:4|18:ASIA_HIGH|20251226,ASIA_HIGH|20251226,SSRP|ASIA_HIGH|20251226|1766766600|FINAL,SSRP|ASIA_HIGH|20251226|1766782200|FINAL,2025.12.26 16:35:00,2025.12.26 20:55:00,260,2025.12.26 17:29:58,true,false,false,DISTINCT_TIMESTAMPED_REARM_EVENT,D032_REJECTED_BY_SAME_FAMILY_STACKING,DISTINCT_SETUP_SUPPRESSION
MSZZC1|6:XAUUSD|1:5|2:-1|1:4|18:ASIA_HIGH|20251226,ASIA_HIGH|20251226,SSRP|ASIA_HIGH|20251226|1766766600|FINAL,SSRP|ASIA_HIGH|20251226|1766782500|FINAL,2025.12.26 16:35:00,2025.12.26 21:00:00,265,2025.12.26 17:29:58,true,false,false,DISTINCT_TIMESTAMPED_REARM_EVENT,D032_REJECTED_BY_SAME_FAMILY_STACKING,DISTINCT_SETUP_SUPPRESSION
MSZZC1|6:XAUUSD|1:5|2:-1|1:4|18:ASIA_HIGH|20251226,ASIA_HIGH|20251226,SSRP|ASIA_HIGH|20251226|1766766600|FINAL,SSRP|ASIA_HIGH|20251226|1766783700|FINAL,2025.12.26 16:35:00,2025.12.26 21:25:00,290,2025.12.26 17:29:58,true,false,false,DISTINCT_TIMESTAMPED_REARM_EVENT,D032_REJECTED_BY_SAME_FAMILY_STACKING,DISTINCT_SETUP_SUPPRESSION
MSZZC1|6:XAUUSD|1:5|2:-1|1:4|18:ASIA_HIGH|20251226,ASIA_HIGH|20251226,SSRP|ASIA_HIGH|20251226|1766766600|FINAL,SSRP|ASIA_HIGH|20251226|1766784300|FINAL,2025.12.26 16:35:00,2025.12.26 21:30:00,295,2025.12.26 17:29:58,true,false,false,DISTINCT_TIMESTAMPED_REARM_EVENT,D032_REJECTED_BY_SAME_FAMILY_STACKING,DISTINCT_SETUP_SUPPRESSION
MSZZC1|6:XAUUSD|1:5|2:-1|1:4|18:ASIA_HIGH|20251226,ASIA_HIGH|20251226,SSRP|ASIA_HIGH|20251226|1766766600|FINAL,SSRP|ASIA_HIGH|20251226|1766786700|FINAL,2025.12.26 16:35:00,2025.12.26 22:15:00,340,2025.12.26 17:29:58,true,false,false,DISTINCT_TIMESTAMPED_REARM_EVENT,D032_REJECTED_BY_SAME_FAMILY_STACKING,DISTINCT_SETUP_SUPPRESSION
MSZZC1|6:XAUUSD|1:5|2:-1|1:4|18:ASIA_HIGH|20251226,ASIA_HIGH|20251226,SSRP|ASIA_HIGH|20251226|1766766600|FINAL,SSRP|ASIA_HIGH|20251226|1766787300|FINAL,2025.12.26 16:35:00,2025.12.26 22:20:00,345,2025.12.26 17:29:58,true,false,false,DISTINCT_TIMESTAMPED_REARM_EVENT,D032_REJECTED_BY_SAME_FAMILY_STACKING,DISTINCT_SETUP_SUPPRESSION
MSZZC1|6:XAUUSD|1:5|2:-1|1:4|18:ASIA_HIGH|20251226,ASIA_HIGH|20251226,SSRP|ASIA_HIGH|20251226|1766766600|FINAL,SSRP|ASIA_HIGH|20251226|1766789700|FINAL,2025.12.26 16:35:00,2025.12.26 23:00:00,385,2025.12.26 17:29:58,true,false,false,DISTINCT_TIMESTAMPED_REARM_EVENT,D032_REJECTED_BY_SAME_FAMILY_STACKING,DISTINCT_SETUP_SUPPRESSION
MSZZC1|6:XAUUSD|1:5|2:-1|1:4|18:ASIA_HIGH|20251226,ASIA_HIGH|20251226,SSRP|ASIA_HIGH|20251226|1766766600|FINAL,SSRP|ASIA_HIGH|20251226|1766790000|FINAL,2025.12.26 16:35:00,2025.12.26 23:05:00,390,2025.12.26 17:29:58,true,false,false,DISTINCT_TIMESTAMPED_REARM_EVENT,D032_REJECTED_BY_SAME_FAMILY_STACKING,DISTINCT_SETUP_SUPPRESSION
MSZZC1|6:XAUUSD|1:5|2:-1|1:4|18:ASIA_HIGH|20251226,ASIA_HIGH|20251226,SSRP|ASIA_HIGH|20251226|1766766600|FINAL,SSRP|ASIA_HIGH|20251226|1766791500|FINAL,2025.12.26 16:35:00,2025.12.26 23:55:00,440,2025.12.26 17:29:58,true,false,false,DISTINCT_TIMESTAMPED_REARM_EVENT,D032_REJECTED_BY_SAME_FAMILY_STACKING,DISTINCT_SETUP_SUPPRESSION
MSZZC1|6:XAUUSD|1:5|1:1|1:4|17:ASIA_LOW|20251229,ASIA_LOW|20251229,SSRP|ASIA_LOW|20251229|1766999100|FINAL,SSRP|ASIA_LOW|20251229|1766999400|FINAL,2025.12.29 09:10:00,2025.12.29 09:15:00,5,2025.12.29 13:39:58,false,false,false,DISTINCT_TIMESTAMPED_REARM_EVENT,D032_REJECTED_BY_SAME_FAMILY_STACKING,DISTINCT_SETUP_SUPPRESSION
MSZZC1|6:XAUUSD|1:5|1:1|1:4|17:ASIA_LOW|20251229,ASIA_LOW|20251229,SSRP|ASIA_LOW|20251229|1766999100|FINAL,SSRP|ASIA_LOW|20251229|1767002400|FINAL,2025.12.29 09:10:00,2025.12.29 10:05:00,55,2025.12.29 13:39:58,false,false,false,DISTINCT_TIMESTAMPED_REARM_EVENT,D032_REJECTED_BY_SAME_FAMILY_STACKING,DISTINCT_SETUP_SUPPRESSION
MSZZC1|6:XAUUSD|1:5|1:1|1:4|17:ASIA_LOW|20251229,ASIA_LOW|20251229,SSRP|ASIA_LOW|20251229|1766999100|FINAL,SSRP|ASIA_LOW|20251229|1767002700|FINAL,2025.12.29 09:10:00,2025.12.29 10:10:00,60,2025.12.29 13:39:58,false,false,false,DISTINCT_TIMESTAMPED_REARM_EVENT,D032_REJECTED_BY_SAME_FAMILY_STACKING,DISTINCT_SETUP_SUPPRESSION
MSZZC1|6:XAUUSD|1:5|1:1|1:4|17:ASIA_LOW|20251229,ASIA_LOW|20251229,SSRP|ASIA_LOW|20251229|1766999100|FINAL,SSRP|ASIA_LOW|20251229|1767008100|FINAL,2025.12.29 09:10:00,2025.12.29 11:40:00,150,2025.12.29 13:39:58,false,false,false,DISTINCT_TIMESTAMPED_REARM_EVENT,D032_REJECTED_BY_SAME_FAMILY_STACKING,DISTINCT_SETUP_SUPPRESSION
MSZZC1|6:XAUUSD|1:5|1:1|1:4|17:ASIA_LOW|20251229,ASIA_LOW|20251229,SSRP|ASIA_LOW|20251229|1766999100|FINAL,SSRP|ASIA_LOW|20251229|1767008400|FINAL,2025.12.29 09:10:00,2025.12.29 11:50:00,160,2025.12.29 13:39:58,false,false,false,DISTINCT_TIMESTAMPED_REARM_EVENT,D032_REJECTED_BY_SAME_FAMILY_STACKING,DISTINCT_SETUP_SUPPRESSION
MSZZC1|6:XAUUSD|1:5|1:1|1:4|17:ASIA_LOW|20251229,ASIA_LOW|20251229,SSRP|ASIA_LOW|20251229|1766999100|FINAL,SSRP|ASIA_LOW|20251229|1767009000|FINAL,2025.12.29 09:10:00,2025.12.29 11:55:00,165,2025.12.29 13:39:58,false,false,false,DISTINCT_TIMESTAMPED_REARM_EVENT,D032_REJECTED_BY_SAME_FAMILY_STACKING,DISTINCT_SETUP_SUPPRESSION
MSZZC1|6:XAUUSD|1:5|1:1|1:4|17:ASIA_LOW|20251229,ASIA_LOW|20251229,SSRP|ASIA_LOW|20251229|1766999100|FINAL,SSRP|ASIA_LOW|20251229|1767009300|FINAL,2025.12.29 09:10:00,2025.12.29 12:05:00,175,2025.12.29 13:39:58,false,false,false,DISTINCT_TIMESTAMPED_REARM_EVENT,D032_REJECTED_BY_SAME_FAMILY_STACKING,DISTINCT_SETUP_SUPPRESSION
MSZZC1|6:XAUUSD|1:5|2:-1|1:4|18:ASIA_HIGH|20251230,ASIA_HIGH|20251230,SSRP|ASIA_HIGH|20251230|1767087900|FINAL,SSRP|ASIA_HIGH|20251230|1767088200|FINAL,2025.12.30 09:50:00,2025.12.30 09:55:00,5,2025.12.30 10:29:58,false,false,false,DISTINCT_TIMESTAMPED_REARM_EVENT,D032_REJECTED_BY_SAME_FAMILY_STACKING,DISTINCT_SETUP_SUPPRESSION
MSZZC1|6:XAUUSD|1:5|2:-1|1:4|18:ASIA_HIGH|20251230,ASIA_HIGH|20251230,SSRP|ASIA_HIGH|20251230|1767087900|FINAL,SSRP|ASIA_HIGH|20251230|1767108600|FINAL,2025.12.30 09:50:00,2025.12.30 15:40:00,350,2025.12.30 10:29:58,true,true,false,DISTINCT_TIMESTAMPED_REARM_EVENT,D032_ACCEPTED_DISTINCT_TRADE,DISTINCT_SETUP_SUPPRESSION
MSZZC1|6:XAUUSD|1:5|2:-1|1:4|18:ASIA_HIGH|20251230,ASIA_HIGH|20251230,SSRP|ASIA_HIGH|20251230|1767087900|FINAL,SSRP|ASIA_HIGH|20251230|1767111900|FINAL,2025.12.30 09:50:00,2025.12.30 16:35:00,405,2025.12.30 10:29:58,true,false,false,DISTINCT_TIMESTAMPED_REARM_EVENT,D032_REJECTED_BY_SAME_FAMILY_STACKING,DISTINCT_SETUP_SUPPRESSION
MSZZC1|6:XAUUSD|1:5|2:-1|1:4|18:ASIA_HIGH|20251230,ASIA_HIGH|20251230,SSRP|ASIA_HIGH|20251230|1767087900|FINAL,SSRP|ASIA_HIGH|20251230|1767112500|FINAL,2025.12.30 09:50:00,2025.12.30 16:40:00,410,2025.12.30 10:29:58,true,false,false,DISTINCT_TIMESTAMPED_REARM_EVENT,D032_REJECTED_BY_SAME_FAMILY_STACKING,DISTINCT_SETUP_SUPPRESSION
MSZZC1|6:XAUUSD|1:5|2:-1|1:4|18:ASIA_HIGH|20251230,ASIA_HIGH|20251230,SSRP|ASIA_HIGH|20251230|1767087900|FINAL,SSRP|ASIA_HIGH|20251230|1767121200|FINAL,2025.12.30 09:50:00,2025.12.30 19:05:00,555,2025.12.30 10:29:58,true,false,false,DISTINCT_TIMESTAMPED_REARM_EVENT,D032_REJECTED_BY_SAME_FAMILY_STACKING,DISTINCT_SETUP_SUPPRESSION
MSZZC1|6:XAUUSD|1:5|2:-1|1:4|18:ASIA_HIGH|20260102,ASIA_HIGH|20260102,SSRP|ASIA_HIGH|20260102|1767366900|FINAL,SSRP|ASIA_HIGH|20260102|1767367200|FINAL,2026.01.02 15:20:00,2026.01.02 15:25:00,5,2026.01.02 17:14:58,false,false,false,DISTINCT_TIMESTAMPED_REARM_EVENT,D032_REJECTED_BY_SAME_FAMILY_STACKING,DISTINCT_SETUP_SUPPRESSION
MSZZC1|6:XAUUSD|1:5|2:-1|1:4|18:ASIA_HIGH|20260102,ASIA_HIGH|20260102,SSRP|ASIA_HIGH|20260102|1767366900|FINAL,SSRP|ASIA_HIGH|20260102|1767367500|FINAL,2026.01.02 15:20:00,2026.01.02 15:30:00,10,2026.01.02 17:14:58,false,false,false,DISTINCT_TIMESTAMPED_REARM_EVENT,D032_REJECTED_BY_SAME_FAMILY_STACKING,DISTINCT_SETUP_SUPPRESSION
MSZZC1|6:XAUUSD|1:5|1:1|1:4|17:ASIA_LOW|20260102,ASIA_LOW|20260102,SSRP|ASIA_LOW|20260102|1767377700|FINAL,SSRP|ASIA_LOW|20260102|1767378600|FINAL,2026.01.02 18:25:00,2026.01.02 18:35:00,10,2026.01.02 20:14:58,false,false,false,DISTINCT_TIMESTAMPED_REARM_EVENT,D032_REJECTED_BY_SAME_FAMILY_STACKING,DISTINCT_SETUP_SUPPRESSION
MSZZC1|6:XAUUSD|1:5|1:1|1:4|17:ASIA_LOW|20260102,ASIA_LOW|20260102,SSRP|ASIA_LOW|20260102|1767377700|FINAL,SSRP|ASIA_LOW|20260102|1767378900|FINAL,2026.01.02 18:25:00,2026.01.02 18:40:00,15,2026.01.02 20:14:58,false,false,false,DISTINCT_TIMESTAMPED_REARM_EVENT,D032_REJECTED_BY_SAME_FAMILY_STACKING,DISTINCT_SETUP_SUPPRESSION
MSZZC1|6:XAUUSD|1:5|1:1|1:4|17:ASIA_LOW|20260102,ASIA_LOW|20260102,SSRP|ASIA_LOW|20260102|1767377700|FINAL,SSRP|ASIA_LOW|20260102|1767387300|FINAL,2026.01.02 18:25:00,2026.01.02 21:05:00,160,2026.01.02 20:14:58,true,true,false,DISTINCT_TIMESTAMPED_REARM_EVENT,D032_ACCEPTED_DISTINCT_TRADE,DISTINCT_SETUP_SUPPRESSION
MSZZC1|6:XAUUSD|1:5|1:1|1:4|17:ASIA_LOW|20260102,ASIA_LOW|20260102,SSRP|ASIA_LOW|20260102|1767377700|FINAL,SSRP|ASIA_LOW|20260102|1767387900|FINAL,2026.01.02 18:25:00,2026.01.02 21:10:00,165,2026.01.02 20:14:58,true,false,false,DISTINCT_TIMESTAMPED_REARM_EVENT,D032_REJECTED_BY_SAME_FAMILY_STACKING,DISTINCT_SETUP_SUPPRESSION
MSZZC1|6:XAUUSD|1:5|1:1|1:4|17:ASIA_LOW|20260102,ASIA_LOW|20260102,SSRP|ASIA_LOW|20260102|1767377700|FINAL,SSRP|ASIA_LOW|20260102|1767389100|FINAL,2026.01.02 18:25:00,2026.01.02 21:35:00,190,2026.01.02 20:14:58,true,false,false,DISTINCT_TIMESTAMPED_REARM_EVENT,D032_REJECTED_BY_SAME_FAMILY_STACKING,DISTINCT_SETUP_SUPPRESSION
MSZZC1|6:XAUUSD|1:5|1:1|1:4|17:ASIA_LOW|20260102,ASIA_LOW|20260102,SSRP|ASIA_LOW|20260102|1767377700|FINAL,SSRP|ASIA_LOW|20260102|1767391200|FINAL,2026.01.02 18:25:00,2026.01.02 22:15:00,230,2026.01.02 20:14:58,true,false,false,DISTINCT_TIMESTAMPED_REARM_EVENT,D032_REJECTED_BY_SAME_FAMILY_STACKING,DISTINCT_SETUP_SUPPRESSION
MSZZC1|6:XAUUSD|1:5|1:1|1:4|17:ASIA_LOW|20260102,ASIA_LOW|20260102,SSRP|ASIA_LOW|20260102|1767377700|FINAL,SSRP|ASIA_LOW|20260102|1767392100|FINAL,2026.01.02 18:25:00,2026.01.02 22:20:00,235,2026.01.02 20:14:58,true,false,false,DISTINCT_TIMESTAMPED_REARM_EVENT,D032_REJECTED_BY_SAME_FAMILY_STACKING,DISTINCT_SETUP_SUPPRESSION
MSZZC1|6:XAUUSD|1:5|2:-1|1:4|18:ASIA_HIGH|20260105,ASIA_HIGH|20260105,SSRP|ASIA_HIGH|20260105|1767601500|FINAL,SSRP|ASIA_HIGH|20260105|1767602100|FINAL,2026.01.05 08:30:00,2026.01.05 08:40:00,10,2026.01.05 10:19:57,false,false,false,DISTINCT_TIMESTAMPED_REARM_EVENT,D032_REJECTED_BY_SAME_FAMILY_STACKING,DISTINCT_SETUP_SUPPRESSION
MSZZC1|6:XAUUSD|1:5|2:-1|1:4|18:ASIA_HIGH|20260105,ASIA_HIGH|20260105,SSRP|ASIA_HIGH|20260105|1767601500|FINAL,SSRP|ASIA_HIGH|20260105|1767602400|FINAL,2026.01.05 08:30:00,2026.01.05 08:50:00,20,2026.01.05 10:19:57,false,false,false,DISTINCT_TIMESTAMPED_REARM_EVENT,D032_REJECTED_BY_SAME_FAMILY_STACKING,DISTINCT_SETUP_SUPPRESSION
MSZZC1|6:XAUUSD|1:5|2:-1|1:4|18:ASIA_HIGH|20260105,ASIA_HIGH|20260105,SSRP|ASIA_HIGH|20260105|1767601500|FINAL,SSRP|ASIA_HIGH|20260105|1767603000|FINAL,2026.01.05 08:30:00,2026.01.05 08:55:00,25,2026.01.05 10:19:57,false,false,false,DISTINCT_TIMESTAMPED_REARM_EVENT,D032_REJECTED_BY_SAME_FAMILY_STACKING,DISTINCT_SETUP_SUPPRESSION
MSZZC1|6:XAUUSD|1:5|2:-1|1:4|18:ASIA_HIGH|20260105,ASIA_HIGH|20260105,SSRP|ASIA_HIGH|20260105|1767601500|FINAL,SSRP|ASIA_HIGH|20260105|1767603600|FINAL,2026.01.05 08:30:00,2026.01.05 09:05:00,35,2026.01.05 10:19:57,false,false,false,DISTINCT_TIMESTAMPED_REARM_EVENT,D032_REJECTED_BY_SAME_FAMILY_STACKING,DISTINCT_SETUP_SUPPRESSION
MSZZC1|6:XAUUSD|1:5|2:-1|1:4|18:ASIA_HIGH|20260105,ASIA_HIGH|20260105,SSRP|ASIA_HIGH|20260105|1767601500|FINAL,SSRP|ASIA_HIGH|20260105|1767603900|FINAL,2026.01.05 08:30:00,2026.01.05 09:10:00,40,2026.01.05 10:19:57,false,false,false,DISTINCT_TIMESTAMPED_REARM_EVENT,D032_REJECTED_BY_SAME_FAMILY_STACKING,DISTINCT_SETUP_SUPPRESSION
MSZZC1|6:XAUUSD|1:5|2:-1|1:4|18:ASIA_HIGH|20260105,ASIA_HIGH|20260105,SSRP|ASIA_HIGH|20260105|1767601500|FINAL,SSRP|ASIA_HIGH|20260105|1767604500|FINAL,2026.01.05 08:30:00,2026.01.05 09:25:00,55,2026.01.05 10:19:57,false,false,false,DISTINCT_TIMESTAMPED_REARM_EVENT,D032_REJECTED_BY_SAME_FAMILY_STACKING,DISTINCT_SETUP_SUPPRESSION
MSZZC1|6:XAUUSD|1:5|2:-1|1:4|18:ASIA_HIGH|20260105,ASIA_HIGH|20260105,SSRP|ASIA_HIGH|20260105|1767601500|FINAL,SSRP|ASIA_HIGH|20260105|1767606000|FINAL,2026.01.05 08:30:00,2026.01.05 10:05:00,95,2026.01.05 10:19:57,false,false,false,DISTINCT_TIMESTAMPED_REARM_EVENT,D032_REJECTED_BY_SAME_FAMILY_STACKING,DISTINCT_SETUP_SUPPRESSION
MSZZC1|6:XAUUSD|1:5|2:-1|1:4|18:ASIA_HIGH|20260105,ASIA_HIGH|20260105,SSRP|ASIA_HIGH|20260105|1767601500|FINAL,SSRP|ASIA_HIGH|20260105|1767619200|FINAL,2026.01.05 08:30:00,2026.01.05 13:25:00,295,2026.01.05 10:19:57,true,true,false,DISTINCT_TIMESTAMPED_REARM_EVENT,D032_ACCEPTED_DISTINCT_TRADE,DISTINCT_SETUP_SUPPRESSION
MSZZC1|6:XAUUSD|1:5|2:-1|1:4|18:ASIA_HIGH|20260105,ASIA_HIGH|20260105,SSRP|ASIA_HIGH|20260105|1767601500|FINAL,SSRP|ASIA_HIGH|20260105|1767619500|FINAL,2026.01.05 08:30:00,2026.01.05 13:30:00,300,2026.01.05 10:19:57,true,false,false,DISTINCT_TIMESTAMPED_REARM_EVENT,D032_REJECTED_BY_SAME_FAMILY_STACKING,DISTINCT_SETUP_SUPPRESSION
MSZZC1|6:XAUUSD|1:5|2:-1|1:4|18:ASIA_HIGH|20260105,ASIA_HIGH|20260105,SSRP|ASIA_HIGH|20260105|1767601500|FINAL,SSRP|ASIA_HIGH|20260105|1767620700|FINAL,2026.01.05 08:30:00,2026.01.05 13:55:00,325,2026.01.05 10:19:57,true,false,false,DISTINCT_TIMESTAMPED_REARM_EVENT,D032_REJECTED_BY_SAME_FAMILY_STACKING,DISTINCT_SETUP_SUPPRESSION
MSZZC1|6:XAUUSD|1:5|2:-1|1:4|18:ASIA_HIGH|20260106,ASIA_HIGH|20260106,SSRP|ASIA_HIGH|20260106|1767695100|FINAL,SSRP|ASIA_HIGH|20260106|1767720300|FINAL,2026.01.06 10:30:00,2026.01.06 17:30:00,420,2026.01.06 11:49:58,true,true,false,DISTINCT_TIMESTAMPED_REARM_EVENT,D032_ACCEPTED_DISTINCT_TRADE,DISTINCT_SETUP_SUPPRESSION
MSZZC1|6:XAUUSD|1:5|2:-1|1:4|18:ASIA_HIGH|20260106,ASIA_HIGH|20260106,SSRP|ASIA_HIGH|20260106|1767695100|FINAL,SSRP|ASIA_HIGH|20260106|1767720600|FINAL,2026.01.06 10:30:00,2026.01.06 17:35:00,425,2026.01.06 11:49:58,true,false,false,DISTINCT_TIMESTAMPED_REARM_EVENT,D032_REJECTED_BY_SAME_FAMILY_STACKING,DISTINCT_SETUP_SUPPRESSION
MSZZC1|6:XAUUSD|1:5|1:1|1:4|17:ASIA_LOW|20260107,ASIA_LOW|20260107,SSRP|ASIA_LOW|20260107|1767775500|FINAL,SSRP|ASIA_LOW|20260107|1767776400|FINAL,2026.01.07 08:50:00,2026.01.07 09:05:00,15,2026.01.07 09:39:58,false,false,false,DISTINCT_TIMESTAMPED_REARM_EVENT,D032_REJECTED_BY_SAME_FAMILY_STACKING,DISTINCT_SETUP_SUPPRESSION
MSZZC1|6:XAUUSD|1:5|1:1|1:4|17:ASIA_LOW|20260107,ASIA_LOW|20260107,SSRP|ASIA_LOW|20260107|1767775500|FINAL,SSRP|ASIA_LOW|20260107|1767795300|FINAL,2026.01.07 08:50:00,2026.01.07 14:20:00,330,2026.01.07 09:39:58,true,true,false,DISTINCT_TIMESTAMPED_REARM_EVENT,D032_ACCEPTED_DISTINCT_TRADE,DISTINCT_SETUP_SUPPRESSION
MSZZC1|6:XAUUSD|1:5|1:1|1:4|17:ASIA_LOW|20260107,ASIA_LOW|20260107,SSRP|ASIA_LOW|20260107|1767775500|FINAL,SSRP|ASIA_LOW|20260107|1767795600|FINAL,2026.01.07 08:50:00,2026.01.07 14:25:00,335,2026.01.07 09:39:58,true,false,false,DISTINCT_TIMESTAMPED_REARM_EVENT,D032_REJECTED_BY_SAME_FAMILY_STACKING,DISTINCT_SETUP_SUPPRESSION
MSZZC1|6:XAUUSD|1:5|1:1|1:4|17:ASIA_LOW|20260107,ASIA_LOW|20260107,SSRP|ASIA_LOW|20260107|1767775500|FINAL,SSRP|ASIA_LOW|20260107|1767798900|FINAL,2026.01.07 08:50:00,2026.01.07 15:35:00,405,2026.01.07 09:39:58,true,true,false,DISTINCT_TIMESTAMPED_REARM_EVENT,D032_ACCEPTED_DISTINCT_TRADE,DISTINCT_SETUP_SUPPRESSION
MSZZC1|6:XAUUSD|1:5|1:1|1:4|17:ASIA_LOW|20260107,ASIA_LOW|20260107,SSRP|ASIA_LOW|20260107|1767775500|FINAL,SSRP|ASIA_LOW|20260107|1767800100|FINAL,2026.01.07 08:50:00,2026.01.07 15:40:00,410,2026.01.07 09:39:58,true,false,false,DISTINCT_TIMESTAMPED_REARM_EVENT,D032_REJECTED_BY_SAME_FAMILY_STACKING,DISTINCT_SETUP_SUPPRESSION
MSZZC1|6:XAUUSD|1:5|1:1|1:4|17:ASIA_LOW|20260107,ASIA_LOW|20260107,SSRP|ASIA_LOW|20260107|1767775500|FINAL,SSRP|ASIA_LOW|20260107|1767800400|FINAL,2026.01.07 08:50:00,2026.01.07 15:45:00,415,2026.01.07 09:39:58,true,false,false,DISTINCT_TIMESTAMPED_REARM_EVENT,D032_REJECTED_BY_SAME_FAMILY_STACKING,DISTINCT_SETUP_SUPPRESSION
MSZZC1|6:XAUUSD|1:5|1:1|1:4|17:ASIA_LOW|20260107,ASIA_LOW|20260107,SSRP|ASIA_LOW|20260107|1767775500|FINAL,SSRP|ASIA_LOW|20260107|1767803400|FINAL,2026.01.07 08:50:00,2026.01.07 16:40:00,470,2026.01.07 09:39:58,true,false,false,DISTINCT_TIMESTAMPED_REARM_EVENT,D032_REJECTED_BY_SAME_FAMILY_STACKING,DISTINCT_SETUP_SUPPRESSION
MSZZC1|6:XAUUSD|1:5|1:1|1:4|17:ASIA_LOW|20260107,ASIA_LOW|20260107,SSRP|ASIA_LOW|20260107|1767775500|FINAL,SSRP|ASIA_LOW|20260107|1767804000|FINAL,2026.01.07 08:50:00,2026.01.07 16:50:00,480,2026.01.07 09:39:58,true,false,false,DISTINCT_TIMESTAMPED_REARM_EVENT,D032_REJECTED_BY_SAME_FAMILY_STACKING,DISTINCT_SETUP_SUPPRESSION
MSZZC1|6:XAUUSD|1:5|1:1|1:4|17:ASIA_LOW|20260107,ASIA_LOW|20260107,SSRP|ASIA_LOW|20260107|1767775500|FINAL,SSRP|ASIA_LOW|20260107|1767804600|FINAL,2026.01.07 08:50:00,2026.01.07 16:55:00,485,2026.01.07 09:39:58,true,false,false,DISTINCT_TIMESTAMPED_REARM_EVENT,D032_REJECTED_BY_SAME_FAMILY_STACKING,DISTINCT_SETUP_SUPPRESSION
MSZZC1|6:XAUUSD|1:5|1:1|1:4|17:ASIA_LOW|20260107,ASIA_LOW|20260107,SSRP|ASIA_LOW|20260107|1767775500|FINAL,SSRP|ASIA_LOW|20260107|1767806400|FINAL,2026.01.07 08:50:00,2026.01.07 17:30:00,520,2026.01.07 09:39:58,true,true,false,DISTINCT_TIMESTAMPED_REARM_EVENT,D032_ACCEPTED_DISTINCT_TRADE,DISTINCT_SETUP_SUPPRESSION
MSZZC1|6:XAUUSD|1:5|1:1|1:4|17:ASIA_LOW|20260107,ASIA_LOW|20260107,SSRP|ASIA_LOW|20260107|1767775500|FINAL,SSRP|ASIA_LOW|20260107|1767807000|FINAL,2026.01.07 08:50:00,2026.01.07 17:35:00,525,2026.01.07 09:39:58,true,false,false,DISTINCT_TIMESTAMPED_REARM_EVENT,D032_REJECTED_BY_SAME_FAMILY_STACKING,DISTINCT_SETUP_SUPPRESSION
MSZZC1|6:XAUUSD|1:5|1:1|1:4|17:ASIA_LOW|20260107,ASIA_LOW|20260107,SSRP|ASIA_LOW|20260107|1767775500|FINAL,SSRP|ASIA_LOW|20260107|1767807900|FINAL,2026.01.07 08:50:00,2026.01.07 17:55:00,545,2026.01.07 09:39:58,true,false,false,DISTINCT_TIMESTAMPED_REARM_EVENT,D032_REJECTED_BY_SAME_FAMILY_STACKING,DISTINCT_SETUP_SUPPRESSION
MSZZC1|6:XAUUSD|1:5|1:1|1:4|17:ASIA_LOW|20260107,ASIA_LOW|20260107,SSRP|ASIA_LOW|20260107|1767775500|FINAL,SSRP|ASIA_LOW|20260107|1767808500|FINAL,2026.01.07 08:50:00,2026.01.07 18:00:00,550,2026.01.07 09:39:58,true,false,false,DISTINCT_TIMESTAMPED_REARM_EVENT,D032_REJECTED_BY_SAME_FAMILY_STACKING,DISTINCT_SETUP_SUPPRESSION
MSZZC1|6:XAUUSD|1:5|1:1|1:4|17:ASIA_LOW|20260108,ASIA_LOW|20260108,SSRP|ASIA_LOW|20260108|1767881400|FINAL,SSRP|ASIA_LOW|20260108|1767882300|FINAL,2026.01.08 14:25:00,2026.01.08 14:30:00,5,2026.01.08 17:14:57,false,false,false,DISTINCT_TIMESTAMPED_REARM_EVENT,D032_REJECTED_BY_SAME_FAMILY_STACKING,DISTINCT_SETUP_SUPPRESSION
MSZZC1|6:XAUUSD|1:5|2:-1|1:4|18:ASIA_HIGH|20260109,ASIA_HIGH|20260109,SSRP|ASIA_HIGH|20260109|1767972900|FINAL,SSRP|ASIA_HIGH|20260109|1767973500|FINAL,2026.01.09 15:45:00,2026.01.09 15:50:00,5,2026.01.09 16:14:58,false,false,false,DISTINCT_TIMESTAMPED_REARM_EVENT,D032_REJECTED_BY_SAME_FAMILY_STACKING,DISTINCT_SETUP_SUPPRESSION
MSZZC1|6:XAUUSD|1:5|2:-1|1:4|18:ASIA_HIGH|20260112,ASIA_HIGH|20260112,SSRP|ASIA_HIGH|20260112|1768233300|FINAL,SSRP|ASIA_HIGH|20260112|1768233600|FINAL,2026.01.12 16:00:00,2026.01.12 16:05:00,5,2026.01.12 17:29:57,false,false,false,DISTINCT_TIMESTAMPED_REARM_EVENT,D032_REJECTED_BY_SAME_FAMILY_STACKING,DISTINCT_SETUP_SUPPRESSION
MSZZC1|6:XAUUSD|1:5|2:-1|1:4|18:ASIA_HIGH|20260112,ASIA_HIGH|20260112,SSRP|ASIA_HIGH|20260112|1768233300|FINAL,SSRP|ASIA_HIGH|20260112|1768233900|FINAL,2026.01.12 16:00:00,2026.01.12 16:10:00,10,2026.01.12 17:29:57,false,false,false,DISTINCT_TIMESTAMPED_REARM_EVENT,D032_REJECTED_BY_SAME_FAMILY_STACKING,DISTINCT_SETUP_SUPPRESSION
MSZZC1|6:XAUUSD|1:5|2:-1|1:4|18:ASIA_HIGH|20260112,ASIA_HIGH|20260112,SSRP|ASIA_HIGH|20260112|1768233300|FINAL,SSRP|ASIA_HIGH|20260112|1768255200|FINAL,2026.01.12 16:00:00,2026.01.12 22:05:00,365,2026.01.12 17:29:57,true,true,false,DISTINCT_TIMESTAMPED_REARM_EVENT,D032_ACCEPTED_DISTINCT_TRADE,DISTINCT_SETUP_SUPPRESSION
MSZZC1|6:XAUUSD|1:5|2:-1|1:4|18:ASIA_HIGH|20260112,ASIA_HIGH|20260112,SSRP|ASIA_HIGH|20260112|1768233300|FINAL,SSRP|ASIA_HIGH|20260112|1768257600|FINAL,2026.01.12 16:00:00,2026.01.12 22:45:00,405,2026.01.12 17:29:57,true,false,false,DISTINCT_TIMESTAMPED_REARM_EVENT,D032_REJECTED_BY_SAME_FAMILY_STACKING,DISTINCT_SETUP_SUPPRESSION
MSZZC1|6:XAUUSD|1:5|2:-1|1:4|18:ASIA_HIGH|20260113,ASIA_HIGH|20260113,SSRP|ASIA_HIGH|20260113|1768324200|FINAL,SSRP|ASIA_HIGH|20260113|1768324500|FINAL,2026.01.13 17:15:00,2026.01.13 17:20:00,5,2026.01.13 22:39:57,false,false,false,DISTINCT_TIMESTAMPED_REARM_EVENT,D032_REJECTED_BY_SAME_FAMILY_STACKING,DISTINCT_SETUP_SUPPRESSION
MSZZC1|6:XAUUSD|1:5|2:-1|1:4|18:ASIA_HIGH|20260113,ASIA_HIGH|20260113,SSRP|ASIA_HIGH|20260113|1768324200|FINAL,SSRP|ASIA_HIGH|20260113|1768327800|FINAL,2026.01.13 17:15:00,2026.01.13 18:20:00,65,2026.01.13 22:39:57,false,false,false,DISTINCT_TIMESTAMPED_REARM_EVENT,D032_REJECTED_BY_SAME_FAMILY_STACKING,DISTINCT_SETUP_SUPPRESSION
MSZZC1|6:XAUUSD|1:5|2:-1|1:4|18:ASIA_HIGH|20260113,ASIA_HIGH|20260113,SSRP|ASIA_HIGH|20260113|1768324200|FINAL,SSRP|ASIA_HIGH|20260113|1768328400|FINAL,2026.01.13 17:15:00,2026.01.13 18:25:00,70,2026.01.13 22:39:57,false,false,false,DISTINCT_TIMESTAMPED_REARM_EVENT,D032_REJECTED_BY_SAME_FAMILY_STACKING,DISTINCT_SETUP_SUPPRESSION
MSZZC1|6:XAUUSD|1:5|2:-1|1:4|18:ASIA_HIGH|20260113,ASIA_HIGH|20260113,SSRP|ASIA_HIGH|20260113|1768324200|FINAL,SSRP|ASIA_HIGH|20260113|1768332000|FINAL,2026.01.13 17:15:00,2026.01.13 19:40:00,145,2026.01.13 22:39:57,false,false,false,DISTINCT_TIMESTAMPED_REARM_EVENT,D032_REJECTED_BY_SAME_FAMILY_STACKING,DISTINCT_SETUP_SUPPRESSION
MSZZC1|6:XAUUSD|1:5|2:-1|1:4|18:ASIA_HIGH|20260113,ASIA_HIGH|20260113,SSRP|ASIA_HIGH|20260113|1768324200|FINAL,SSRP|ASIA_HIGH|20260113|1768333200|FINAL,2026.01.13 17:15:00,2026.01.13 19:45:00,150,2026.01.13 22:39:57,false,false,false,DISTINCT_TIMESTAMPED_REARM_EVENT,D032_REJECTED_BY_SAME_FAMILY_STACKING,DISTINCT_SETUP_SUPPRESSION
MSZZC1|6:XAUUSD|1:5|1:1|1:4|17:ASIA_LOW|20260113,ASIA_LOW|20260113,SSRP|ASIA_LOW|20260113|1768293600|FINAL,SSRP|ASIA_LOW|20260113|1768343400|FINAL,2026.01.13 08:45:00,2026.01.13 22:35:00,830,2026.01.13 10:34:58,true,true,false,DISTINCT_TIMESTAMPED_REARM_EVENT,D032_ACCEPTED_DISTINCT_TRADE,DISTINCT_SETUP_SUPPRESSION
MSZZC1|6:XAUUSD|1:5|1:1|1:4|17:ASIA_LOW|20260113,ASIA_LOW|20260113,SSRP|ASIA_LOW|20260113|1768293600|FINAL,SSRP|ASIA_LOW|20260113|1768343700|FINAL,2026.01.13 08:45:00,2026.01.13 22:40:00,835,2026.01.13 10:34:58,true,false,false,DISTINCT_TIMESTAMPED_REARM_EVENT,D032_REJECTED_BY_SAME_FAMILY_STACKING,DISTINCT_SETUP_SUPPRESSION
MSZZC1|6:XAUUSD|1:5|2:-1|1:4|18:ASIA_HIGH|20260114,ASIA_HIGH|20260114,SSRP|ASIA_HIGH|20260114|1768402500|FINAL,SSRP|ASIA_HIGH|20260114|1768402800|FINAL,2026.01.14 15:00:00,2026.01.14 15:05:00,5,2026.01.14 16:39:57,false,false,false,DISTINCT_TIMESTAMPED_REARM_EVENT,D032_REJECTED_BY_SAME_FAMILY_STACKING,DISTINCT_SETUP_SUPPRESSION
MSZZC1|6:XAUUSD|1:5|2:-1|1:4|18:ASIA_HIGH|20260114,ASIA_HIGH|20260114,SSRP|ASIA_HIGH|20260114|1768402500|FINAL,SSRP|ASIA_HIGH|20260114|1768424400|FINAL,2026.01.14 15:00:00,2026.01.14 21:05:00,365,2026.01.14 16:39:57,true,true,false,DISTINCT_TIMESTAMPED_REARM_EVENT,D032_ACCEPTED_DISTINCT_TRADE,DISTINCT_SETUP_SUPPRESSION
MSZZC1|6:XAUUSD|1:5|2:-1|1:4|18:ASIA_HIGH|20260114,ASIA_HIGH|20260114,SSRP|ASIA_HIGH|20260114|1768402500|FINAL,SSRP|ASIA_HIGH|20260114|1768426500|FINAL,2026.01.14 15:00:00,2026.01.14 21:45:00,405,2026.01.14 16:39:57,true,false,false,DISTINCT_TIMESTAMPED_REARM_EVENT,D032_REJECTED_BY_SAME_FAMILY_STACKING,DISTINCT_SETUP_SUPPRESSION
MSZZC1|6:XAUUSD|1:5|2:-1|1:4|18:ASIA_HIGH|20260114,ASIA_HIGH|20260114,SSRP|ASIA_HIGH|20260114|1768402500|FINAL,SSRP|ASIA_HIGH|20260114|1768427100|FINAL,2026.01.14 15:00:00,2026.01.14 21:50:00,410,2026.01.14 16:39:57,true,false,false,DISTINCT_TIMESTAMPED_REARM_EVENT,D032_REJECTED_BY_SAME_FAMILY_STACKING,DISTINCT_SETUP_SUPPRESSION
MSZZC1|6:XAUUSD|1:5|2:-1|1:4|18:ASIA_HIGH|20260114,ASIA_HIGH|20260114,SSRP|ASIA_HIGH|20260114|1768402500|FINAL,SSRP|ASIA_HIGH|20260114|1768427400|FINAL,2026.01.14 15:00:00,2026.01.14 21:55:00,415,2026.01.14 16:39:57,true,false,false,DISTINCT_TIMESTAMPED_REARM_EVENT,D032_REJECTED_BY_SAME_FAMILY_STACKING,DISTINCT_SETUP_SUPPRESSION
MSZZC1|6:XAUUSD|1:5|2:-1|1:4|18:ASIA_HIGH|20260114,ASIA_HIGH|20260114,SSRP|ASIA_HIGH|20260114|1768402500|FINAL,SSRP|ASIA_HIGH|20260114|1768428000|FINAL,2026.01.14 15:00:00,2026.01.14 22:05:00,425,2026.01.14 16:39:57,true,false,false,DISTINCT_TIMESTAMPED_REARM_EVENT,D032_REJECTED_BY_SAME_FAMILY_STACKING,DISTINCT_SETUP_SUPPRESSION
MSZZC1|6:XAUUSD|1:5|2:-1|1:4|18:ASIA_HIGH|20260114,ASIA_HIGH|20260114,SSRP|ASIA_HIGH|20260114|1768402500|FINAL,SSRP|ASIA_HIGH|20260114|1768428600|FINAL,2026.01.14 15:00:00,2026.01.14 22:15:00,435,2026.01.14 16:39:57,true,false,false,DISTINCT_TIMESTAMPED_REARM_EVENT,D032_REJECTED_BY_SAME_FAMILY_STACKING,DISTINCT_SETUP_SUPPRESSION
MSZZC1|6:XAUUSD|1:5|1:1|1:4|17:ASIA_LOW|20260116,ASIA_LOW|20260116,SSRP|ASIA_LOW|20260116|1768577100|FINAL,SSRP|ASIA_LOW|20260116|1768577400|FINAL,2026.01.16 15:30:00,2026.01.16 15:35:00,5,2026.01.16 17:09:57,false,false,false,DISTINCT_TIMESTAMPED_REARM_EVENT,D032_REJECTED_BY_SAME_FAMILY_STACKING,DISTINCT_SETUP_SUPPRESSION
MSZZC1|6:XAUUSD|1:5|1:1|1:4|17:ASIA_LOW|20260116,ASIA_LOW|20260116,SSRP|ASIA_LOW|20260116|1768577100|FINAL,SSRP|ASIA_LOW|20260116|1768586400|FINAL,2026.01.16 15:30:00,2026.01.16 18:10:00,160,2026.01.16 17:09:57,true,true,false,DISTINCT_TIMESTAMPED_REARM_EVENT,D032_ACCEPTED_DISTINCT_TRADE,DISTINCT_SETUP_SUPPRESSION
MSZZC1|6:XAUUSD|1:5|1:1|1:4|17:ASIA_LOW|20260116,ASIA_LOW|20260116,SSRP|ASIA_LOW|20260116|1768577100|FINAL,SSRP|ASIA_LOW|20260116|1768587000|FINAL,2026.01.16 15:30:00,2026.01.16 18:35:00,185,2026.01.16 17:09:57,true,false,false,DISTINCT_TIMESTAMPED_REARM_EVENT,D032_REJECTED_BY_SAME_FAMILY_STACKING,DISTINCT_SETUP_SUPPRESSION
MSZZC1|6:XAUUSD|1:5|1:1|1:4|17:ASIA_LOW|20260116,ASIA_LOW|20260116,SSRP|ASIA_LOW|20260116|1768577100|FINAL,SSRP|ASIA_LOW|20260116|1768594800|FINAL,2026.01.16 15:30:00,2026.01.16 20:30:00,300,2026.01.16 17:09:57,true,false,false,DISTINCT_TIMESTAMPED_REARM_EVENT,D032_REJECTED_BY_SAME_FAMILY_STACKING,DISTINCT_SETUP_SUPPRESSION
MSZZC1|6:XAUUSD|1:5|1:1|1:4|17:ASIA_LOW|20260116,ASIA_LOW|20260116,SSRP|ASIA_LOW|20260116|1768577100|FINAL,SSRP|ASIA_LOW|20260116|1768595400|FINAL,2026.01.16 15:30:00,2026.01.16 20:35:00,305,2026.01.16 17:09:57,true,false,false,DISTINCT_TIMESTAMPED_REARM_EVENT,D032_REJECTED_BY_SAME_FAMILY_STACKING,DISTINCT_SETUP_SUPPRESSION
MSZZC1|6:XAUUSD|1:5|1:1|1:4|17:ASIA_LOW|20260116,ASIA_LOW|20260116,SSRP|ASIA_LOW|20260116|1768577100|FINAL,SSRP|ASIA_LOW|20260116|1768599300|FINAL,2026.01.16 15:30:00,2026.01.16 22:00:00,390,2026.01.16 17:09:57,true,false,false,DISTINCT_TIMESTAMPED_REARM_EVENT,D032_REJECTED_BY_SAME_FAMILY_STACKING,DISTINCT_SETUP_SUPPRESSION
MSZZC1|6:XAUUSD|1:5|1:1|1:4|17:ASIA_LOW|20260116,ASIA_LOW|20260116,SSRP|ASIA_LOW|20260116|1768577100|FINAL,SSRP|ASIA_LOW|20260116|1768600800|FINAL,2026.01.16 15:30:00,2026.01.16 22:05:00,395,2026.01.16 17:09:57,true,false,false,DISTINCT_TIMESTAMPED_REARM_EVENT,D032_REJECTED_BY_SAME_FAMILY_STACKING,DISTINCT_SETUP_SUPPRESSION
MSZZC1|6:XAUUSD|1:5|1:1|1:4|17:ASIA_LOW|20260116,ASIA_LOW|20260116,SSRP|ASIA_LOW|20260116|1768577100|FINAL,SSRP|ASIA_LOW|20260116|1768605000|FINAL,2026.01.16 15:30:00,2026.01.16 23:15:00,465,2026.01.16 17:09:57,true,false,false,DISTINCT_TIMESTAMPED_REARM_EVENT,D032_REJECTED_BY_SAME_FAMILY_STACKING,DISTINCT_SETUP_SUPPRESSION
MSZZC1|6:XAUUSD|1:5|1:1|1:4|17:ASIA_LOW|20260116,ASIA_LOW|20260116,SSRP|ASIA_LOW|20260116|1768577100|FINAL,SSRP|ASIA_LOW|20260116|1768605300|FINAL,2026.01.16 15:30:00,2026.01.16 23:20:00,470,2026.01.16 17:09:57,true,false,false,DISTINCT_TIMESTAMPED_REARM_EVENT,D032_REJECTED_BY_SAME_FAMILY_STACKING,DISTINCT_SETUP_SUPPRESSION
MSZZC1|6:XAUUSD|1:5|2:-1|1:4|18:ASIA_HIGH|20260120,ASIA_HIGH|20260120,SSRP|ASIA_HIGH|20260120|1768900200|FINAL,SSRP|ASIA_HIGH|20260120|1768902300|FINAL,2026.01.20 09:15:00,2026.01.20 09:55:00,40,2026.01.20 09:24:58,true,true,false,DISTINCT_TIMESTAMPED_REARM_EVENT,D032_ACCEPTED_DISTINCT_TRADE,DISTINCT_SETUP_SUPPRESSION
MSZZC1|6:XAUUSD|1:5|2:-1|1:4|18:ASIA_HIGH|20260121,ASIA_HIGH|20260121,SSRP|ASIA_HIGH|20260121|1768983900|FINAL,SSRP|ASIA_HIGH|20260121|1768984500|FINAL,2026.01.21 08:35:00,2026.01.21 08:40:00,5,2026.01.21 17:24:58,false,false,false,DISTINCT_TIMESTAMPED_REARM_EVENT,D032_REJECTED_BY_SAME_FAMILY_STACKING,DISTINCT_SETUP_SUPPRESSION
MSZZC1|6:XAUUSD|1:5|2:-1|1:4|18:ASIA_HIGH|20260121,ASIA_HIGH|20260121,SSRP|ASIA_HIGH|20260121|1768983900|FINAL,SSRP|ASIA_HIGH|20260121|1769010900|FINAL,2026.01.21 08:35:00,2026.01.21 16:00:00,445,2026.01.21 17:24:58,false,false,false,DISTINCT_TIMESTAMPED_REARM_EVENT,D032_REJECTED_BY_SAME_FAMILY_STACKING,DISTINCT_SETUP_SUPPRESSION
MSZZC1|6:XAUUSD|1:5|2:-1|1:4|18:ASIA_HIGH|20260121,ASIA_HIGH|20260121,SSRP|ASIA_HIGH|20260121|1768983900|FINAL,SSRP|ASIA_HIGH|20260121|1769011200|FINAL,2026.01.21 08:35:00,2026.01.21 16:05:00,450,2026.01.21 17:24:58,false,false,false,DISTINCT_TIMESTAMPED_REARM_EVENT,D032_REJECTED_BY_SAME_FAMILY_STACKING,DISTINCT_SETUP_SUPPRESSION
MSZZC1|6:XAUUSD|1:5|2:-1|1:4|18:ASIA_HIGH|20260122,ASIA_HIGH|20260122,SSRP|ASIA_HIGH|20260122|1769072700|FINAL,SSRP|ASIA_HIGH|20260122|1769073300|FINAL,2026.01.22 09:10:00,2026.01.22 09:20:00,10,2026.01.22 09:19:58,true,true,false,DISTINCT_TIMESTAMPED_REARM_EVENT,D032_ACCEPTED_DISTINCT_TRADE,DISTINCT_SETUP_SUPPRESSION
MSZZC1|6:XAUUSD|1:5|2:-1|1:4|18:ASIA_HIGH|20260122,ASIA_HIGH|20260122,SSRP|ASIA_HIGH|20260122|1769072700|FINAL,SSRP|ASIA_HIGH|20260122|1769074500|FINAL,2026.01.22 09:10:00,2026.01.22 09:40:00,30,2026.01.22 09:19:58,true,true,false,DISTINCT_TIMESTAMPED_REARM_EVENT,D032_ACCEPTED_DISTINCT_TRADE,DISTINCT_SETUP_SUPPRESSION
MSZZC1|6:XAUUSD|1:5|2:-1|1:4|18:ASIA_HIGH|20260122,ASIA_HIGH|20260122,SSRP|ASIA_HIGH|20260122|1769072700|FINAL,SSRP|ASIA_HIGH|20260122|1769074800|FINAL,2026.01.22 09:10:00,2026.01.22 09:45:00,35,2026.01.22 09:19:58,true,false,false,DISTINCT_TIMESTAMPED_REARM_EVENT,D032_REJECTED_BY_SAME_FAMILY_STACKING,DISTINCT_SETUP_SUPPRESSION
MSZZC1|6:XAUUSD|1:5|2:-1|1:4|18:ASIA_HIGH|20260122,ASIA_HIGH|20260122,SSRP|ASIA_HIGH|20260122|1769072700|FINAL,SSRP|ASIA_HIGH|20260122|1769075700|FINAL,2026.01.22 09:10:00,2026.01.22 10:00:00,50,2026.01.22 09:19:58,true,false,false,DISTINCT_TIMESTAMPED_REARM_EVENT,D032_REJECTED_BY_SAME_FAMILY_STACKING,DISTINCT_SETUP_SUPPRESSION
MSZZC1|6:XAUUSD|1:5|2:-1|1:4|18:ASIA_HIGH|20260122,ASIA_HIGH|20260122,SSRP|ASIA_HIGH|20260122|1769072700|FINAL,SSRP|ASIA_HIGH|20260122|1769076000|FINAL,2026.01.22 09:10:00,2026.01.22 10:05:00,55,2026.01.22 09:19:58,true,false,false,DISTINCT_TIMESTAMPED_REARM_EVENT,D032_REJECTED_BY_SAME_FAMILY_STACKING,DISTINCT_SETUP_SUPPRESSION
MSZZC1|6:XAUUSD|1:5|2:-1|1:4|18:ASIA_HIGH|20260122,ASIA_HIGH|20260122,SSRP|ASIA_HIGH|20260122|1769072700|FINAL,SSRP|ASIA_HIGH|20260122|1769076300|FINAL,2026.01.22 09:10:00,2026.01.22 10:10:00,60,2026.01.22 09:19:58,true,false,false,DISTINCT_TIMESTAMPED_REARM_EVENT,D032_REJECTED_BY_SAME_FAMILY_STACKING,DISTINCT_SETUP_SUPPRESSION
MSZZC1|6:XAUUSD|1:5|2:-1|1:4|18:ASIA_HIGH|20260122,ASIA_HIGH|20260122,SSRP|ASIA_HIGH|20260122|1769072700|FINAL,SSRP|ASIA_HIGH|20260122|1769079600|FINAL,2026.01.22 09:10:00,2026.01.22 11:05:00,115,2026.01.22 09:19:58,true,true,false,DISTINCT_TIMESTAMPED_REARM_EVENT,D032_ACCEPTED_DISTINCT_TRADE,DISTINCT_SETUP_SUPPRESSION
MSZZC1|6:XAUUSD|1:5|2:-1|1:4|18:ASIA_HIGH|20260122,ASIA_HIGH|20260122,SSRP|ASIA_HIGH|20260122|1769072700|FINAL,SSRP|ASIA_HIGH|20260122|1769079900|FINAL,2026.01.22 09:10:00,2026.01.22 11:10:00,120,2026.01.22 09:19:58,true,true,false,DISTINCT_TIMESTAMPED_REARM_EVENT,D032_ACCEPTED_DISTINCT_TRADE,DISTINCT_SETUP_SUPPRESSION
MSZZC1|6:XAUUSD|1:5|2:-1|1:4|18:ASIA_HIGH|20260122,ASIA_HIGH|20260122,SSRP|ASIA_HIGH|20260122|1769072700|FINAL,SSRP|ASIA_HIGH|20260122|1769080200|FINAL,2026.01.22 09:10:00,2026.01.22 11:15:00,125,2026.01.22 09:19:58,true,false,false,DISTINCT_TIMESTAMPED_REARM_EVENT,D032_REJECTED_BY_SAME_FAMILY_STACKING,DISTINCT_SETUP_SUPPRESSION
MSZZC1|6:XAUUSD|1:5|2:-1|1:4|18:ASIA_HIGH|20260122,ASIA_HIGH|20260122,SSRP|ASIA_HIGH|20260122|1769072700|FINAL,SSRP|ASIA_HIGH|20260122|1769089500|FINAL,2026.01.22 09:10:00,2026.01.22 13:55:00,285,2026.01.22 09:19:58,true,true,false,DISTINCT_TIMESTAMPED_REARM_EVENT,D032_ACCEPTED_DISTINCT_TRADE,DISTINCT_SETUP_SUPPRESSION
MSZZC1|6:XAUUSD|1:5|2:-1|1:4|18:ASIA_HIGH|20260122,ASIA_HIGH|20260122,SSRP|ASIA_HIGH|20260122|1769072700|FINAL,SSRP|ASIA_HIGH|20260122|1769090100|FINAL,2026.01.22 09:10:00,2026.01.22 14:00:00,290,2026.01.22 09:19:58,true,false,false,DISTINCT_TIMESTAMPED_REARM_EVENT,D032_REJECTED_BY_SAME_FAMILY_STACKING,DISTINCT_SETUP_SUPPRESSION
MSZZC1|6:XAUUSD|1:5|2:-1|1:4|18:ASIA_HIGH|20260122,ASIA_HIGH|20260122,SSRP|ASIA_HIGH|20260122|1769072700|FINAL,SSRP|ASIA_HIGH|20260122|1769095500|FINAL,2026.01.22 09:10:00,2026.01.22 15:30:00,380,2026.01.22 09:19:58,true,true,false,DISTINCT_TIMESTAMPED_REARM_EVENT,D032_ACCEPTED_DISTINCT_TRADE,DISTINCT_SETUP_SUPPRESSION
MSZZC1|6:XAUUSD|1:5|1:1|1:4|17:ASIA_LOW|20260123,ASIA_LOW|20260123,SSRP|ASIA_LOW|20260123|1769176500|FINAL,SSRP|ASIA_LOW|20260123|1769177100|FINAL,2026.01.23 14:05:00,2026.01.23 14:10:00,5,2026.01.23 18:04:58,false,false,false,DISTINCT_TIMESTAMPED_REARM_EVENT,D032_REJECTED_BY_SAME_FAMILY_STACKING,DISTINCT_SETUP_SUPPRESSION
MSZZC1|6:XAUUSD|1:5|1:1|1:4|17:ASIA_LOW|20260123,ASIA_LOW|20260123,SSRP|ASIA_LOW|20260123|1769176500|FINAL,SSRP|ASIA_LOW|20260123|1769181600|FINAL,2026.01.23 14:05:00,2026.01.23 15:25:00,80,2026.01.23 18:04:58,false,false,false,DISTINCT_TIMESTAMPED_REARM_EVENT,D032_REJECTED_BY_SAME_FAMILY_STACKING,DISTINCT_SETUP_SUPPRESSION
MSZZC1|6:XAUUSD|1:5|1:1|1:4|17:ASIA_LOW|20260123,ASIA_LOW|20260123,SSRP|ASIA_LOW|20260123|1769176500|FINAL,SSRP|ASIA_LOW|20260123|1769181900|FINAL,2026.01.23 14:05:00,2026.01.23 15:30:00,85,2026.01.23 18:04:58,false,false,false,DISTINCT_TIMESTAMPED_REARM_EVENT,D032_REJECTED_BY_SAME_FAMILY_STACKING,DISTINCT_SETUP_SUPPRESSION
MSZZC1|6:XAUUSD|1:5|1:1|1:4|17:ASIA_LOW|20260123,ASIA_LOW|20260123,SSRP|ASIA_LOW|20260123|1769176500|FINAL,SSRP|ASIA_LOW|20260123|1769182500|FINAL,2026.01.23 14:05:00,2026.01.23 15:40:00,95,2026.01.23 18:04:58,false,false,false,DISTINCT_TIMESTAMPED_REARM_EVENT,D032_REJECTED_BY_SAME_FAMILY_STACKING,DISTINCT_SETUP_SUPPRESSION
MSZZC1|6:XAUUSD|1:5|1:1|1:4|17:ASIA_LOW|20260123,ASIA_LOW|20260123,SSRP|ASIA_LOW|20260123|1769176500|FINAL,SSRP|ASIA_LOW|20260123|1769182800|FINAL,2026.01.23 14:05:00,2026.01.23 15:45:00,100,2026.01.23 18:04:58,false,false,false,DISTINCT_TIMESTAMPED_REARM_EVENT,D032_REJECTED_BY_SAME_FAMILY_STACKING,DISTINCT_SETUP_SUPPRESSION
MSZZC1|6:XAUUSD|1:5|2:-1|1:4|18:ASIA_HIGH|20260123,ASIA_HIGH|20260123,SSRP|ASIA_HIGH|20260123|1769197800|FINAL,SSRP|ASIA_HIGH|20260123|1769200500|FINAL,2026.01.23 19:55:00,2026.01.23 20:40:00,45,2026.01.23 21:54:58,false,false,false,DISTINCT_TIMESTAMPED_REARM_EVENT,D032_REJECTED_BY_SAME_FAMILY_STACKING,DISTINCT_SETUP_SUPPRESSION
MSZZC1|6:XAUUSD|1:5|2:-1|1:4|18:ASIA_HIGH|20260123,ASIA_HIGH|20260123,SSRP|ASIA_HIGH|20260123|1769197800|FINAL,SSRP|ASIA_HIGH|20260123|1769200800|FINAL,2026.01.23 19:55:00,2026.01.23 20:45:00,50,2026.01.23 21:54:58,false,false,false,DISTINCT_TIMESTAMPED_REARM_EVENT,D032_REJECTED_BY_SAME_FAMILY_STACKING,DISTINCT_SETUP_SUPPRESSION
MSZZC1|6:XAUUSD|1:5|2:-1|1:4|18:ASIA_HIGH|20260123,ASIA_HIGH|20260123,SSRP|ASIA_HIGH|20260123|1769197800|FINAL,SSRP|ASIA_HIGH|20260123|1769201400|FINAL,2026.01.23 19:55:00,2026.01.23 20:55:00,60,2026.01.23 21:54:58,false,false,false,DISTINCT_TIMESTAMPED_REARM_EVENT,D032_REJECTED_BY_SAME_FAMILY_STACKING,DISTINCT_SETUP_SUPPRESSION
MSZZC1|6:XAUUSD|1:5|2:-1|1:4|18:ASIA_HIGH|20260126,ASIA_HIGH|20260126,SSRP|ASIA_HIGH|20260126|1769417400|FINAL,SSRP|ASIA_HIGH|20260126|1769417700|FINAL,2026.01.26 08:55:00,2026.01.26 09:00:00,5,2026.01.26 21:49:58,false,false,false,DISTINCT_TIMESTAMPED_REARM_EVENT,D032_REJECTED_BY_SAME_FAMILY_STACKING,DISTINCT_SETUP_SUPPRESSION
MSZZC1|6:XAUUSD|1:5|2:-1|1:4|18:ASIA_HIGH|20260126,ASIA_HIGH|20260126,SSRP|ASIA_HIGH|20260126|1769417400|FINAL,SSRP|ASIA_HIGH|20260126|1769418900|FINAL,2026.01.26 08:55:00,2026.01.26 09:20:00,25,2026.01.26 21:49:58,false,false,false,DISTINCT_TIMESTAMPED_REARM_EVENT,D032_REJECTED_BY_SAME_FAMILY_STACKING,DISTINCT_SETUP_SUPPRESSION
MSZZC1|6:XAUUSD|1:5|2:-1|1:4|18:ASIA_HIGH|20260126,ASIA_HIGH|20260126,SSRP|ASIA_HIGH|20260126|1769417400|FINAL,SSRP|ASIA_HIGH|20260126|1769419200|FINAL,2026.01.26 08:55:00,2026.01.26 09:35:00,40,2026.01.26 21:49:58,false,false,false,DISTINCT_TIMESTAMPED_REARM_EVENT,D032_REJECTED_BY_SAME_FAMILY_STACKING,DISTINCT_SETUP_SUPPRESSION
MSZZC1|6:XAUUSD|1:5|2:-1|1:4|18:ASIA_HIGH|20260126,ASIA_HIGH|20260126,SSRP|ASIA_HIGH|20260126|1769417400|FINAL,SSRP|ASIA_HIGH|20260126|1769421600|FINAL,2026.01.26 08:55:00,2026.01.26 10:05:00,70,2026.01.26 21:49:58,false,false,false,DISTINCT_TIMESTAMPED_REARM_EVENT,D032_REJECTED_BY_SAME_FAMILY_STACKING,DISTINCT_SETUP_SUPPRESSION
MSZZC1|6:XAUUSD|1:5|2:-1|1:4|18:ASIA_HIGH|20260126,ASIA_HIGH|20260126,SSRP|ASIA_HIGH|20260126|1769417400|FINAL,SSRP|ASIA_HIGH|20260126|1769423700|FINAL,2026.01.26 08:55:00,2026.01.26 10:45:00,110,2026.01.26 21:49:58,false,false,false,DISTINCT_TIMESTAMPED_REARM_EVENT,D032_REJECTED_BY_SAME_FAMILY_STACKING,DISTINCT_SETUP_SUPPRESSION
MSZZC1|6:XAUUSD|1:5|2:-1|1:4|18:ASIA_HIGH|20260126,ASIA_HIGH|20260126,SSRP|ASIA_HIGH|20260126|1769417400|FINAL,SSRP|ASIA_HIGH|20260126|1769424300|FINAL,2026.01.26 08:55:00,2026.01.26 10:50:00,115,2026.01.26 21:49:58,false,false,false,DISTINCT_TIMESTAMPED_REARM_EVENT,D032_REJECTED_BY_SAME_FAMILY_STACKING,DISTINCT_SETUP_SUPPRESSION
MSZZC1|6:XAUUSD|1:5|2:-1|1:4|18:ASIA_HIGH|20260126,ASIA_HIGH|20260126,SSRP|ASIA_HIGH|20260126|1769417400|FINAL,SSRP|ASIA_HIGH|20260126|1769426100|FINAL,2026.01.26 08:55:00,2026.01.26 11:20:00,145,2026.01.26 21:49:58,false,false,false,DISTINCT_TIMESTAMPED_REARM_EVENT,D032_REJECTED_BY_SAME_FAMILY_STACKING,DISTINCT_SETUP_SUPPRESSION
MSZZC1|6:XAUUSD|1:5|2:-1|1:4|18:ASIA_HIGH|20260126,ASIA_HIGH|20260126,SSRP|ASIA_HIGH|20260126|1769417400|FINAL,SSRP|ASIA_HIGH|20260126|1769427000|FINAL,2026.01.26 08:55:00,2026.01.26 11:40:00,165,2026.01.26 21:49:58,false,false,false,DISTINCT_TIMESTAMPED_REARM_EVENT,D032_REJECTED_BY_SAME_FAMILY_STACKING,DISTINCT_SETUP_SUPPRESSION
MSZZC1|6:XAUUSD|1:5|2:-1|1:4|18:ASIA_HIGH|20260126,ASIA_HIGH|20260126,SSRP|ASIA_HIGH|20260126|1769417400|FINAL,SSRP|ASIA_HIGH|20260126|1769430900|FINAL,2026.01.26 08:55:00,2026.01.26 12:45:00,230,2026.01.26 21:49:58,false,false,false,DISTINCT_TIMESTAMPED_REARM_EVENT,D032_REJECTED_BY_SAME_FAMILY_STACKING,DISTINCT_SETUP_SUPPRESSION
MSZZC1|6:XAUUSD|1:5|2:-1|1:4|18:ASIA_HIGH|20260126,ASIA_HIGH|20260126,SSRP|ASIA_HIGH|20260126|1769417400|FINAL,SSRP|ASIA_HIGH|20260126|1769431500|FINAL,2026.01.26 08:55:00,2026.01.26 12:50:00,235,2026.01.26 21:49:58,false,false,false,DISTINCT_TIMESTAMPED_REARM_EVENT,D032_REJECTED_BY_SAME_FAMILY_STACKING,DISTINCT_SETUP_SUPPRESSION
MSZZC1|6:XAUUSD|1:5|2:-1|1:4|18:ASIA_HIGH|20260126,ASIA_HIGH|20260126,SSRP|ASIA_HIGH|20260126|1769417400|FINAL,SSRP|ASIA_HIGH|20260126|1769436300|FINAL,2026.01.26 08:55:00,2026.01.26 14:10:00,315,2026.01.26 21:49:58,false,false,false,DISTINCT_TIMESTAMPED_REARM_EVENT,D032_REJECTED_BY_SAME_FAMILY_STACKING,DISTINCT_SETUP_SUPPRESSION
MSZZC1|6:XAUUSD|1:5|2:-1|1:4|18:ASIA_HIGH|20260126,ASIA_HIGH|20260126,SSRP|ASIA_HIGH|20260126|1769417400|FINAL,SSRP|ASIA_HIGH|20260126|1769437200|FINAL,2026.01.26 08:55:00,2026.01.26 14:25:00,330,2026.01.26 21:49:58,false,false,false,DISTINCT_TIMESTAMPED_REARM_EVENT,D032_REJECTED_BY_SAME_FAMILY_STACKING,DISTINCT_SETUP_SUPPRESSION
MSZZC1|6:XAUUSD|1:5|2:-1|1:4|18:ASIA_HIGH|20260126,ASIA_HIGH|20260126,SSRP|ASIA_HIGH|20260126|1769417400|FINAL,SSRP|ASIA_HIGH|20260126|1769437500|FINAL,2026.01.26 08:55:00,2026.01.26 14:30:00,335,2026.01.26 21:49:58,false,false,false,DISTINCT_TIMESTAMPED_REARM_EVENT,D032_REJECTED_BY_SAME_FAMILY_STACKING,DISTINCT_SETUP_SUPPRESSION
MSZZC1|6:XAUUSD|1:5|2:-1|1:4|18:ASIA_HIGH|20260126,ASIA_HIGH|20260126,SSRP|ASIA_HIGH|20260126|1769417400|FINAL,SSRP|ASIA_HIGH|20260126|1769446200|FINAL,2026.01.26 08:55:00,2026.01.26 17:00:00,485,2026.01.26 21:49:58,false,false,false,DISTINCT_TIMESTAMPED_REARM_EVENT,D032_REJECTED_BY_SAME_FAMILY_STACKING,DISTINCT_SETUP_SUPPRESSION
MSZZC1|6:XAUUSD|1:5|2:-1|1:4|18:ASIA_HIGH|20260126,ASIA_HIGH|20260126,SSRP|ASIA_HIGH|20260126|1769417400|FINAL,SSRP|ASIA_HIGH|20260126|1769446800|FINAL,2026.01.26 08:55:00,2026.01.26 17:05:00,490,2026.01.26 21:49:58,false,false,false,DISTINCT_TIMESTAMPED_REARM_EVENT,D032_REJECTED_BY_SAME_FAMILY_STACKING,DISTINCT_SETUP_SUPPRESSION
MSZZC1|6:XAUUSD|1:5|2:-1|1:4|18:ASIA_HIGH|20260126,ASIA_HIGH|20260126,SSRP|ASIA_HIGH|20260126|1769417400|FINAL,SSRP|ASIA_HIGH|20260126|1769447400|FINAL,2026.01.26 08:55:00,2026.01.26 17:15:00,500,2026.01.26 21:49:58,false,false,false,DISTINCT_TIMESTAMPED_REARM_EVENT,D032_REJECTED_BY_SAME_FAMILY_STACKING,DISTINCT_SETUP_SUPPRESSION
MSZZC1|6:XAUUSD|1:5|2:-1|1:4|18:ASIA_HIGH|20260126,ASIA_HIGH|20260126,SSRP|ASIA_HIGH|20260126|1769417400|FINAL,SSRP|ASIA_HIGH|20260126|1769447700|FINAL,2026.01.26 08:55:00,2026.01.26 17:20:00,505,2026.01.26 21:49:58,false,false,false,DISTINCT_TIMESTAMPED_REARM_EVENT,D032_REJECTED_BY_SAME_FAMILY_STACKING,DISTINCT_SETUP_SUPPRESSION
MSZZC1|6:XAUUSD|1:5|2:-1|1:4|18:ASIA_HIGH|20260126,ASIA_HIGH|20260126,SSRP|ASIA_HIGH|20260126|1769417400|FINAL,SSRP|ASIA_HIGH|20260126|1769451000|FINAL,2026.01.26 08:55:00,2026.01.26 18:25:00,570,2026.01.26 21:49:58,false,false,false,DISTINCT_TIMESTAMPED_REARM_EVENT,D032_REJECTED_BY_SAME_FAMILY_STACKING,DISTINCT_SETUP_SUPPRESSION
MSZZC1|6:XAUUSD|1:5|2:-1|1:4|18:ASIA_HIGH|20260126,ASIA_HIGH|20260126,SSRP|ASIA_HIGH|20260126|1769417400|FINAL,SSRP|ASIA_HIGH|20260126|1769451900|FINAL,2026.01.26 08:55:00,2026.01.26 18:30:00,575,2026.01.26 21:49:58,false,false,false,DISTINCT_TIMESTAMPED_REARM_EVENT,D032_REJECTED_BY_SAME_FAMILY_STACKING,DISTINCT_SETUP_SUPPRESSION
MSZZC1|6:XAUUSD|1:5|2:-1|1:4|18:ASIA_HIGH|20260126,ASIA_HIGH|20260126,SSRP|ASIA_HIGH|20260126|1769417400|FINAL,SSRP|ASIA_HIGH|20260126|1769454000|FINAL,2026.01.26 08:55:00,2026.01.26 19:05:00,610,2026.01.26 21:49:58,false,false,false,DISTINCT_TIMESTAMPED_REARM_EVENT,D032_REJECTED_BY_SAME_FAMILY_STACKING,DISTINCT_SETUP_SUPPRESSION
MSZZC1|6:XAUUSD|1:5|2:-1|1:4|18:ASIA_HIGH|20260126,ASIA_HIGH|20260126,SSRP|ASIA_HIGH|20260126|1769417400|FINAL,SSRP|ASIA_HIGH|20260126|1769454300|FINAL,2026.01.26 08:55:00,2026.01.26 19:15:00,620,2026.01.26 21:49:58,false,false,false,DISTINCT_TIMESTAMPED_REARM_EVENT,D032_REJECTED_BY_SAME_FAMILY_STACKING,DISTINCT_SETUP_SUPPRESSION
MSZZC1|6:XAUUSD|1:5|2:-1|1:4|18:ASIA_HIGH|20260126,ASIA_HIGH|20260126,SSRP|ASIA_HIGH|20260126|1769417400|FINAL,SSRP|ASIA_HIGH|20260126|1769454900|FINAL,2026.01.26 08:55:00,2026.01.26 19:20:00,625,2026.01.26 21:49:58,false,false,false,DISTINCT_TIMESTAMPED_REARM_EVENT,D032_REJECTED_BY_SAME_FAMILY_STACKING,DISTINCT_SETUP_SUPPRESSION
MSZZC1|6:XAUUSD|1:5|2:-1|1:4|18:ASIA_HIGH|20260126,ASIA_HIGH|20260126,SSRP|ASIA_HIGH|20260126|1769417400|FINAL,SSRP|ASIA_HIGH|20260126|1769457600|FINAL,2026.01.26 08:55:00,2026.01.26 20:05:00,670,2026.01.26 21:49:58,false,false,false,DISTINCT_TIMESTAMPED_REARM_EVENT,D032_REJECTED_BY_SAME_FAMILY_STACKING,DISTINCT_SETUP_SUPPRESSION
MSZZC1|6:XAUUSD|1:5|2:-1|1:4|18:ASIA_HIGH|20260126,ASIA_HIGH|20260126,SSRP|ASIA_HIGH|20260126|1769417400|FINAL,SSRP|ASIA_HIGH|20260126|1769457900|FINAL,2026.01.26 08:55:00,2026.01.26 20:10:00,675,2026.01.26 21:49:58,false,false,false,DISTINCT_TIMESTAMPED_REARM_EVENT,D032_REJECTED_BY_SAME_FAMILY_STACKING,DISTINCT_SETUP_SUPPRESSION
MSZZC1|6:XAUUSD|1:5|2:-1|1:4|18:ASIA_HIGH|20260127,ASIA_HIGH|20260127,SSRP|ASIA_HIGH|20260127|1769500800|FINAL,SSRP|ASIA_HIGH|20260127|1769502000|FINAL,2026.01.27 08:05:00,2026.01.27 08:25:00,20,2026.01.27 08:24:58,true,true,false,DISTINCT_TIMESTAMPED_REARM_EVENT,D032_ACCEPTED_DISTINCT_TRADE,DISTINCT_SETUP_SUPPRESSION
MSZZC1|6:XAUUSD|1:5|2:-1|1:4|18:ASIA_HIGH|20260127,ASIA_HIGH|20260127,SSRP|ASIA_HIGH|20260127|1769500800|FINAL,SSRP|ASIA_HIGH|20260127|1769502300|FINAL,2026.01.27 08:05:00,2026.01.27 08:30:00,25,2026.01.27 08:24:58,true,false,false,DISTINCT_TIMESTAMPED_REARM_EVENT,D032_REJECTED_BY_SAME_FAMILY_STACKING,DISTINCT_SETUP_SUPPRESSION
MSZZC1|6:XAUUSD|1:5|2:-1|1:4|18:ASIA_HIGH|20260127,ASIA_HIGH|20260127,SSRP|ASIA_HIGH|20260127|1769500800|FINAL,SSRP|ASIA_HIGH|20260127|1769507400|FINAL,2026.01.27 08:05:00,2026.01.27 10:05:00,120,2026.01.27 08:24:58,true,true,false,DISTINCT_TIMESTAMPED_REARM_EVENT,D032_ACCEPTED_DISTINCT_TRADE,DISTINCT_SETUP_SUPPRESSION
MSZZC1|6:XAUUSD|1:5|2:-1|1:4|18:ASIA_HIGH|20260127,ASIA_HIGH|20260127,SSRP|ASIA_HIGH|20260127|1769500800|FINAL,SSRP|ASIA_HIGH|20260127|1769508300|FINAL,2026.01.27 08:05:00,2026.01.27 10:20:00,135,2026.01.27 08:24:58,true,false,false,DISTINCT_TIMESTAMPED_REARM_EVENT,D032_REJECTED_BY_SAME_FAMILY_STACKING,DISTINCT_SETUP_SUPPRESSION
MSZZC1|6:XAUUSD|1:5|2:-1|1:4|18:ASIA_HIGH|20260127,ASIA_HIGH|20260127,SSRP|ASIA_HIGH|20260127|1769500800|FINAL,SSRP|ASIA_HIGH|20260127|1769509200|FINAL,2026.01.27 08:05:00,2026.01.27 10:25:00,140,2026.01.27 08:24:58,true,false,false,DISTINCT_TIMESTAMPED_REARM_EVENT,D032_REJECTED_BY_SAME_FAMILY_STACKING,DISTINCT_SETUP_SUPPRESSION
MSZZC1|6:XAUUSD|1:5|2:-1|1:4|18:ASIA_HIGH|20260127,ASIA_HIGH|20260127,SSRP|ASIA_HIGH|20260127|1769500800|FINAL,SSRP|ASIA_HIGH|20260127|1769516700|FINAL,2026.01.27 08:05:00,2026.01.27 12:30:00,265,2026.01.27 08:24:58,true,true,false,DISTINCT_TIMESTAMPED_REARM_EVENT,D032_ACCEPTED_DISTINCT_TRADE,DISTINCT_SETUP_SUPPRESSION
MSZZC1|6:XAUUSD|1:5|2:-1|1:4|18:ASIA_HIGH|20260127,ASIA_HIGH|20260127,SSRP|ASIA_HIGH|20260127|1769500800|FINAL,SSRP|ASIA_HIGH|20260127|1769517300|FINAL,2026.01.27 08:05:00,2026.01.27 12:40:00,275,2026.01.27 08:24:58,true,false,false,DISTINCT_TIMESTAMPED_REARM_EVENT,D032_REJECTED_BY_SAME_FAMILY_STACKING,DISTINCT_SETUP_SUPPRESSION
MSZZC1|6:XAUUSD|1:5|2:-1|1:4|18:ASIA_HIGH|20260127,ASIA_HIGH|20260127,SSRP|ASIA_HIGH|20260127|1769500800|FINAL,SSRP|ASIA_HIGH|20260127|1769517600|FINAL,2026.01.27 08:05:00,2026.01.27 12:45:00,280,2026.01.27 08:24:58,true,false,false,DISTINCT_TIMESTAMPED_REARM_EVENT,D032_REJECTED_BY_SAME_FAMILY_STACKING,DISTINCT_SETUP_SUPPRESSION
MSZZC1|6:XAUUSD|1:5|2:-1|1:4|18:ASIA_HIGH|20260127,ASIA_HIGH|20260127,SSRP|ASIA_HIGH|20260127|1769500800|FINAL,SSRP|ASIA_HIGH|20260127|1769521500|FINAL,2026.01.27 08:05:00,2026.01.27 13:50:00,345,2026.01.27 08:24:58,true,true,false,DISTINCT_TIMESTAMPED_REARM_EVENT,D032_ACCEPTED_DISTINCT_TRADE,DISTINCT_SETUP_SUPPRESSION
MSZZC1|6:XAUUSD|1:5|2:-1|1:4|18:ASIA_HIGH|20260127,ASIA_HIGH|20260127,SSRP|ASIA_HIGH|20260127|1769500800|FINAL,SSRP|ASIA_HIGH|20260127|1769524800|FINAL,2026.01.27 08:05:00,2026.01.27 14:50:00,405,2026.01.27 08:24:58,true,true,false,DISTINCT_TIMESTAMPED_REARM_EVENT,D032_ACCEPTED_DISTINCT_TRADE,DISTINCT_SETUP_SUPPRESSION
MSZZC1|6:XAUUSD|1:5|2:-1|1:4|18:ASIA_HIGH|20260127,ASIA_HIGH|20260127,SSRP|ASIA_HIGH|20260127|1769500800|FINAL,SSRP|ASIA_HIGH|20260127|1769526000|FINAL,2026.01.27 08:05:00,2026.01.27 15:05:00,420,2026.01.27 08:24:58,true,true,false,DISTINCT_TIMESTAMPED_REARM_EVENT,D032_ACCEPTED_DISTINCT_TRADE,DISTINCT_SETUP_SUPPRESSION
MSZZC1|6:XAUUSD|1:5|2:-1|1:4|18:ASIA_HIGH|20260127,ASIA_HIGH|20260127,SSRP|ASIA_HIGH|20260127|1769500800|FINAL,SSRP|ASIA_HIGH|20260127|1769526900|FINAL,2026.01.27 08:05:00,2026.01.27 15:25:00,440,2026.01.27 08:24:58,true,true,false,DISTINCT_TIMESTAMPED_REARM_EVENT,D032_ACCEPTED_DISTINCT_TRADE,DISTINCT_SETUP_SUPPRESSION
MSZZC1|6:XAUUSD|1:5|2:-1|1:4|18:ASIA_HIGH|20260127,ASIA_HIGH|20260127,SSRP|ASIA_HIGH|20260127|1769500800|FINAL,SSRP|ASIA_HIGH|20260127|1769539800|FINAL,2026.01.27 08:05:00,2026.01.27 19:00:00,655,2026.01.27 08:24:58,true,true,false,DISTINCT_TIMESTAMPED_REARM_EVENT,D032_ACCEPTED_DISTINCT_TRADE,DISTINCT_SETUP_SUPPRESSION
MSZZC1|6:XAUUSD|1:5|2:-1|1:4|18:ASIA_HIGH|20260127,ASIA_HIGH|20260127,SSRP|ASIA_HIGH|20260127|1769500800|FINAL,SSRP|ASIA_HIGH|20260127|1769541000|FINAL,2026.01.27 08:05:00,2026.01.27 19:15:00,670,2026.01.27 08:24:58,true,true,false,DISTINCT_TIMESTAMPED_REARM_EVENT,D032_ACCEPTED_DISTINCT_TRADE,DISTINCT_SETUP_SUPPRESSION
MSZZC1|6:XAUUSD|1:5|2:-1|1:4|18:ASIA_HIGH|20260127,ASIA_HIGH|20260127,SSRP|ASIA_HIGH|20260127|1769500800|FINAL,SSRP|ASIA_HIGH|20260127|1769541300|FINAL,2026.01.27 08:05:00,2026.01.27 19:20:00,675,2026.01.27 08:24:58,true,false,false,DISTINCT_TIMESTAMPED_REARM_EVENT,D032_REJECTED_BY_SAME_FAMILY_STACKING,DISTINCT_SETUP_SUPPRESSION
MSZZC1|6:XAUUSD|1:5|2:-1|1:4|18:ASIA_HIGH|20260127,ASIA_HIGH|20260127,SSRP|ASIA_HIGH|20260127|1769500800|FINAL,SSRP|ASIA_HIGH|20260127|1769541600|FINAL,2026.01.27 08:05:00,2026.01.27 19:35:00,690,2026.01.27 08:24:58,true,false,false,DISTINCT_TIMESTAMPED_REARM_EVENT,D032_REJECTED_BY_SAME_FAMILY_STACKING,DISTINCT_SETUP_SUPPRESSION
MSZZC1|6:XAUUSD|1:5|2:-1|1:4|18:ASIA_HIGH|20260127,ASIA_HIGH|20260127,SSRP|ASIA_HIGH|20260127|1769500800|FINAL,SSRP|ASIA_HIGH|20260127|1769542500|FINAL,2026.01.27 08:05:00,2026.01.27 19:40:00,695,2026.01.27 08:24:58,true,false,false,DISTINCT_TIMESTAMPED_REARM_EVENT,D032_REJECTED_BY_SAME_FAMILY_STACKING,DISTINCT_SETUP_SUPPRESSION
MSZZC1|6:XAUUSD|1:5|2:-1|1:4|18:ASIA_HIGH|20260127,ASIA_HIGH|20260127,SSRP|ASIA_HIGH|20260127|1769500800|FINAL,SSRP|ASIA_HIGH|20260127|1769544000|FINAL,2026.01.27 08:05:00,2026.01.27 20:05:00,720,2026.01.27 08:24:58,true,false,false,DISTINCT_TIMESTAMPED_REARM_EVENT,D032_REJECTED_BY_SAME_FAMILY_STACKING,DISTINCT_SETUP_SUPPRESSION
MSZZC1|6:XAUUSD|1:5|2:-1|1:4|18:ASIA_HIGH|20260127,ASIA_HIGH|20260127,SSRP|ASIA_HIGH|20260127|1769500800|FINAL,SSRP|ASIA_HIGH|20260127|1769544900|FINAL,2026.01.27 08:05:00,2026.01.27 20:20:00,735,2026.01.27 08:24:58,true,false,false,DISTINCT_TIMESTAMPED_REARM_EVENT,D032_REJECTED_BY_SAME_FAMILY_STACKING,DISTINCT_SETUP_SUPPRESSION
MSZZC1|6:XAUUSD|1:5|2:-1|1:4|18:ASIA_HIGH|20260128,ASIA_HIGH|20260128,SSRP|ASIA_HIGH|20260128|1769604900|FINAL,SSRP|ASIA_HIGH|20260128|1769605200|FINAL,2026.01.28 13:00:00,2026.01.28 13:05:00,5,2026.01.28 15:04:58,false,false,false,DISTINCT_TIMESTAMPED_REARM_EVENT,D032_REJECTED_BY_SAME_FAMILY_STACKING,DISTINCT_SETUP_SUPPRESSION
MSZZC1|6:XAUUSD|1:5|2:-1|1:4|18:ASIA_HIGH|20260128,ASIA_HIGH|20260128,SSRP|ASIA_HIGH|20260128|1769604900|FINAL,SSRP|ASIA_HIGH|20260128|1769610000|FINAL,2026.01.28 13:00:00,2026.01.28 14:25:00,85,2026.01.28 15:04:58,false,false,false,DISTINCT_TIMESTAMPED_REARM_EVENT,D032_REJECTED_BY_SAME_FAMILY_STACKING,DISTINCT_SETUP_SUPPRESSION
MSZZC1|6:XAUUSD|1:5|2:-1|1:4|18:ASIA_HIGH|20260128,ASIA_HIGH|20260128,SSRP|ASIA_HIGH|20260128|1769604900|FINAL,SSRP|ASIA_HIGH|20260128|1769610300|FINAL,2026.01.28 13:00:00,2026.01.28 14:30:00,90,2026.01.28 15:04:58,false,false,false,DISTINCT_TIMESTAMPED_REARM_EVENT,D032_REJECTED_BY_SAME_FAMILY_STACKING,DISTINCT_SETUP_SUPPRESSION
MSZZC1|6:XAUUSD|1:5|2:-1|1:4|18:ASIA_HIGH|20260128,ASIA_HIGH|20260128,SSRP|ASIA_HIGH|20260128|1769604900|FINAL,SSRP|ASIA_HIGH|20260128|1769614200|FINAL,2026.01.28 13:00:00,2026.01.28 15:35:00,155,2026.01.28 15:04:58,true,true,false,DISTINCT_TIMESTAMPED_REARM_EVENT,D032_ACCEPTED_DISTINCT_TRADE,DISTINCT_SETUP_SUPPRESSION
MSZZC1|6:XAUUSD|1:5|2:-1|1:4|18:ASIA_HIGH|20260128,ASIA_HIGH|20260128,SSRP|ASIA_HIGH|20260128|1769604900|FINAL,SSRP|ASIA_HIGH|20260128|1769614500|FINAL,2026.01.28 13:00:00,2026.01.28 15:40:00,160,2026.01.28 15:04:58,true,false,false,DISTINCT_TIMESTAMPED_REARM_EVENT,D032_REJECTED_BY_SAME_FAMILY_STACKING,DISTINCT_SETUP_SUPPRESSION
MSZZC1|6:XAUUSD|1:5|2:-1|1:4|18:ASIA_HIGH|20260128,ASIA_HIGH|20260128,SSRP|ASIA_HIGH|20260128|1769604900|FINAL,SSRP|ASIA_HIGH|20260128|1769614800|FINAL,2026.01.28 13:00:00,2026.01.28 15:50:00,170,2026.01.28 15:04:58,true,false,false,DISTINCT_TIMESTAMPED_REARM_EVENT,D032_REJECTED_BY_SAME_FAMILY_STACKING,DISTINCT_SETUP_SUPPRESSION
MSZZC1|6:XAUUSD|1:5|2:-1|1:4|18:ASIA_HIGH|20260128,ASIA_HIGH|20260128,SSRP|ASIA_HIGH|20260128|1769604900|FINAL,SSRP|ASIA_HIGH|20260128|1769615400|FINAL,2026.01.28 13:00:00,2026.01.28 16:00:00,180,2026.01.28 15:04:58,true,false,false,DISTINCT_TIMESTAMPED_REARM_EVENT,D032_REJECTED_BY_SAME_FAMILY_STACKING,DISTINCT_SETUP_SUPPRESSION
MSZZC1|6:XAUUSD|1:5|2:-1|1:4|18:ASIA_HIGH|20260128,ASIA_HIGH|20260128,SSRP|ASIA_HIGH|20260128|1769604900|FINAL,SSRP|ASIA_HIGH|20260128|1769616000|FINAL,2026.01.28 13:00:00,2026.01.28 16:05:00,185,2026.01.28 15:04:58,true,false,false,DISTINCT_TIMESTAMPED_REARM_EVENT,D032_REJECTED_BY_SAME_FAMILY_STACKING,DISTINCT_SETUP_SUPPRESSION
MSZZC1|6:XAUUSD|1:5|2:-1|1:4|18:ASIA_HIGH|20260128,ASIA_HIGH|20260128,SSRP|ASIA_HIGH|20260128|1769604900|FINAL,SSRP|ASIA_HIGH|20260128|1769617200|FINAL,2026.01.28 13:00:00,2026.01.28 16:25:00,205,2026.01.28 15:04:58,true,false,false,DISTINCT_TIMESTAMPED_REARM_EVENT,D032_REJECTED_BY_SAME_FAMILY_STACKING,DISTINCT_SETUP_SUPPRESSION
MSZZC1|6:XAUUSD|1:5|2:-1|1:4|18:ASIA_HIGH|20260128,ASIA_HIGH|20260128,SSRP|ASIA_HIGH|20260128|1769604900|FINAL,SSRP|ASIA_HIGH|20260128|1769617500|FINAL,2026.01.28 13:00:00,2026.01.28 16:30:00,210,2026.01.28 15:04:58,true,false,false,DISTINCT_TIMESTAMPED_REARM_EVENT,D032_REJECTED_BY_SAME_FAMILY_STACKING,DISTINCT_SETUP_SUPPRESSION
MSZZC1|6:XAUUSD|1:5|2:-1|1:4|18:ASIA_HIGH|20260128,ASIA_HIGH|20260128,SSRP|ASIA_HIGH|20260128|1769604900|FINAL,SSRP|ASIA_HIGH|20260128|1769619600|FINAL,2026.01.28 13:00:00,2026.01.28 17:05:00,245,2026.01.28 15:04:58,true,true,false,DISTINCT_TIMESTAMPED_REARM_EVENT,D032_ACCEPTED_DISTINCT_TRADE,DISTINCT_SETUP_SUPPRESSION
MSZZC1|6:XAUUSD|1:5|2:-1|1:4|18:ASIA_HIGH|20260128,ASIA_HIGH|20260128,SSRP|ASIA_HIGH|20260128|1769604900|FINAL,SSRP|ASIA_HIGH|20260128|1769619900|FINAL,2026.01.28 13:00:00,2026.01.28 17:10:00,250,2026.01.28 15:04:58,true,false,false,DISTINCT_TIMESTAMPED_REARM_EVENT,D032_REJECTED_BY_SAME_FAMILY_STACKING,DISTINCT_SETUP_SUPPRESSION
MSZZC1|6:XAUUSD|1:5|1:1|1:4|17:ASIA_LOW|20260130,ASIA_LOW|20260130,SSRP|ASIA_LOW|20260130|1769769600|FINAL,SSRP|ASIA_LOW|20260130|1769769900|FINAL,2026.01.30 10:45:00,2026.01.30 10:55:00,10,2026.01.30 11:09:58,false,false,false,DISTINCT_TIMESTAMPED_REARM_EVENT,D032_REJECTED_BY_SAME_FAMILY_STACKING,DISTINCT_SETUP_SUPPRESSION
MSZZC1|6:XAUUSD|1:5|1:1|1:4|17:ASIA_LOW|20260130,ASIA_LOW|20260130,SSRP|ASIA_LOW|20260130|1769769600|FINAL,SSRP|ASIA_LOW|20260130|1769770500|FINAL,2026.01.30 10:45:00,2026.01.30 11:00:00,15,2026.01.30 11:09:58,false,false,false,DISTINCT_TIMESTAMPED_REARM_EVENT,D032_REJECTED_BY_SAME_FAMILY_STACKING,DISTINCT_SETUP_SUPPRESSION
MSZZC1|6:XAUUSD|1:5|1:1|1:4|17:ASIA_LOW|20260130,ASIA_LOW|20260130,SSRP|ASIA_LOW|20260130|1769769600|FINAL,SSRP|ASIA_LOW|20260130|1769777400|FINAL,2026.01.30 10:45:00,2026.01.30 12:55:00,130,2026.01.30 11:09:58,true,true,false,DISTINCT_TIMESTAMPED_REARM_EVENT,D032_ACCEPTED_DISTINCT_TRADE,DISTINCT_SETUP_SUPPRESSION
MSZZC1|6:XAUUSD|1:5|1:1|1:4|17:ASIA_LOW|20260130,ASIA_LOW|20260130,SSRP|ASIA_LOW|20260130|1769769600|FINAL,SSRP|ASIA_LOW|20260130|1769778000|FINAL,2026.01.30 10:45:00,2026.01.30 13:10:00,145,2026.01.30 11:09:58,true,false,false,DISTINCT_TIMESTAMPED_REARM_EVENT,D032_REJECTED_BY_SAME_FAMILY_STACKING,DISTINCT_SETUP_SUPPRESSION
MSZZC1|6:XAUUSD|1:5|1:1|1:4|17:ASIA_LOW|20260130,ASIA_LOW|20260130,SSRP|ASIA_LOW|20260130|1769769600|FINAL,SSRP|ASIA_LOW|20260130|1769779500|FINAL,2026.01.30 10:45:00,2026.01.30 13:30:00,165,2026.01.30 11:09:58,true,false,false,DISTINCT_TIMESTAMPED_REARM_EVENT,D032_REJECTED_BY_SAME_FAMILY_STACKING,DISTINCT_SETUP_SUPPRESSION
MSZZC1|6:XAUUSD|1:5|1:1|1:4|17:ASIA_LOW|20260130,ASIA_LOW|20260130,SSRP|ASIA_LOW|20260130|1769769600|FINAL,SSRP|ASIA_LOW|20260130|1769780700|FINAL,2026.01.30 10:45:00,2026.01.30 13:50:00,185,2026.01.30 11:09:58,true,false,false,DISTINCT_TIMESTAMPED_REARM_EVENT,D032_REJECTED_BY_SAME_FAMILY_STACKING,DISTINCT_SETUP_SUPPRESSION
MSZZC1|6:XAUUSD|1:5|1:1|1:4|17:ASIA_LOW|20260130,ASIA_LOW|20260130,SSRP|ASIA_LOW|20260130|1769769600|FINAL,SSRP|ASIA_LOW|20260130|1769781000|FINAL,2026.01.30 10:45:00,2026.01.30 13:55:00,190,2026.01.30 11:09:58,true,false,false,DISTINCT_TIMESTAMPED_REARM_EVENT,D032_REJECTED_BY_SAME_FAMILY_STACKING,DISTINCT_SETUP_SUPPRESSION
MSZZC1|6:XAUUSD|1:5|1:1|1:4|17:ASIA_LOW|20260130,ASIA_LOW|20260130,SSRP|ASIA_LOW|20260130|1769769600|FINAL,SSRP|ASIA_LOW|20260130|1769783700|FINAL,2026.01.30 10:45:00,2026.01.30 14:40:00,235,2026.01.30 11:09:58,true,false,false,DISTINCT_TIMESTAMPED_REARM_EVENT,D032_REJECTED_BY_SAME_FAMILY_STACKING,DISTINCT_SETUP_SUPPRESSION
MSZZC1|6:XAUUSD|1:5|1:1|1:4|17:ASIA_LOW|20260202,ASIA_LOW|20260202,SSRP|ASIA_LOW|20260202|1770021900|FINAL,SSRP|ASIA_LOW|20260202|1770022500|FINAL,2026.02.02 08:55:00,2026.02.02 09:00:00,5,2026.02.02 11:29:58,false,false,false,DISTINCT_TIMESTAMPED_REARM_EVENT,D032_REJECTED_BY_SAME_FAMILY_STACKING,DISTINCT_SETUP_SUPPRESSION
MSZZC1|6:XAUUSD|1:5|1:1|1:4|17:ASIA_LOW|20260202,ASIA_LOW|20260202,SSRP|ASIA_LOW|20260202|1770021900|FINAL,SSRP|ASIA_LOW|20260202|1770022800|FINAL,2026.02.02 08:55:00,2026.02.02 09:05:00,10,2026.02.02 11:29:58,false,false,false,DISTINCT_TIMESTAMPED_REARM_EVENT,D032_REJECTED_BY_SAME_FAMILY_STACKING,DISTINCT_SETUP_SUPPRESSION
MSZZC1|6:XAUUSD|1:5|1:1|1:4|17:ASIA_LOW|20260204,ASIA_LOW|20260204,SSRP|ASIA_LOW|20260204|1770226500|FINAL,SSRP|ASIA_LOW|20260204|1770228000|FINAL,2026.02.04 17:40:00,2026.02.04 18:05:00,25,2026.02.04 18:49:58,false,false,false,DISTINCT_TIMESTAMPED_REARM_EVENT,D032_REJECTED_BY_SAME_FAMILY_STACKING,DISTINCT_SETUP_SUPPRESSION
MSZZC1|6:XAUUSD|1:5|1:1|1:4|17:ASIA_LOW|20260204,ASIA_LOW|20260204,SSRP|ASIA_LOW|20260204|1770226500|FINAL,SSRP|ASIA_LOW|20260204|1770229200|FINAL,2026.02.04 17:40:00,2026.02.04 18:25:00,45,2026.02.04 18:49:58,false,false,false,DISTINCT_TIMESTAMPED_REARM_EVENT,D032_REJECTED_BY_SAME_FAMILY_STACKING,DISTINCT_SETUP_SUPPRESSION
MSZZC1|6:XAUUSD|1:5|1:1|1:4|17:ASIA_LOW|20260204,ASIA_LOW|20260204,SSRP|ASIA_LOW|20260204|1770226500|FINAL,SSRP|ASIA_LOW|20260204|1770229500|FINAL,2026.02.04 17:40:00,2026.02.04 18:30:00,50,2026.02.04 18:49:58,false,false,false,DISTINCT_TIMESTAMPED_REARM_EVENT,D032_REJECTED_BY_SAME_FAMILY_STACKING,DISTINCT_SETUP_SUPPRESSION
MSZZC1|6:XAUUSD|1:5|1:1|1:4|17:ASIA_LOW|20260204,ASIA_LOW|20260204,SSRP|ASIA_LOW|20260204|1770226500|FINAL,SSRP|ASIA_LOW|20260204|1770230700|FINAL,2026.02.04 17:40:00,2026.02.04 19:00:00,80,2026.02.04 18:49:58,true,true,false,DISTINCT_TIMESTAMPED_REARM_EVENT,D032_ACCEPTED_DISTINCT_TRADE,DISTINCT_SETUP_SUPPRESSION
MSZZC1|6:XAUUSD|1:5|1:1|1:4|17:ASIA_LOW|20260204,ASIA_LOW|20260204,SSRP|ASIA_LOW|20260204|1770226500|FINAL,SSRP|ASIA_LOW|20260204|1770231600|FINAL,2026.02.04 17:40:00,2026.02.04 19:10:00,90,2026.02.04 18:49:58,true,false,false,DISTINCT_TIMESTAMPED_REARM_EVENT,D032_REJECTED_BY_SAME_FAMILY_STACKING,DISTINCT_SETUP_SUPPRESSION
MSZZC1|6:XAUUSD|1:5|1:1|1:4|17:ASIA_LOW|20260204,ASIA_LOW|20260204,SSRP|ASIA_LOW|20260204|1770226500|FINAL,SSRP|ASIA_LOW|20260204|1770232200|FINAL,2026.02.04 17:40:00,2026.02.04 19:25:00,105,2026.02.04 18:49:58,true,false,false,DISTINCT_TIMESTAMPED_REARM_EVENT,D032_REJECTED_BY_SAME_FAMILY_STACKING,DISTINCT_SETUP_SUPPRESSION
MSZZC1|6:XAUUSD|1:5|1:1|1:4|17:ASIA_LOW|20260204,ASIA_LOW|20260204,SSRP|ASIA_LOW|20260204|1770226500|FINAL,SSRP|ASIA_LOW|20260204|1770233100|FINAL,2026.02.04 17:40:00,2026.02.04 19:30:00,110,2026.02.04 18:49:58,true,false,false,DISTINCT_TIMESTAMPED_REARM_EVENT,D032_REJECTED_BY_SAME_FAMILY_STACKING,DISTINCT_SETUP_SUPPRESSION
MSZZC1|6:XAUUSD|1:5|1:1|1:4|17:ASIA_LOW|20260204,ASIA_LOW|20260204,SSRP|ASIA_LOW|20260204|1770226500|FINAL,SSRP|ASIA_LOW|20260204|1770235200|FINAL,2026.02.04 17:40:00,2026.02.04 20:05:00,145,2026.02.04 18:49:58,true,false,false,DISTINCT_TIMESTAMPED_REARM_EVENT,D032_REJECTED_BY_SAME_FAMILY_STACKING,DISTINCT_SETUP_SUPPRESSION
MSZZC1|6:XAUUSD|1:5|1:1|1:4|17:ASIA_LOW|20260204,ASIA_LOW|20260204,SSRP|ASIA_LOW|20260204|1770226500|FINAL,SSRP|ASIA_LOW|20260204|1770235500|FINAL,2026.02.04 17:40:00,2026.02.04 20:10:00,150,2026.02.04 18:49:58,true,false,false,DISTINCT_TIMESTAMPED_REARM_EVENT,D032_REJECTED_BY_SAME_FAMILY_STACKING,DISTINCT_SETUP_SUPPRESSION
MSZZC1|6:XAUUSD|1:5|1:1|1:4|17:ASIA_LOW|20260204,ASIA_LOW|20260204,SSRP|ASIA_LOW|20260204|1770226500|FINAL,SSRP|ASIA_LOW|20260204|1770236100|FINAL,2026.02.04 17:40:00,2026.02.04 20:25:00,165,2026.02.04 18:49:58,true,false,false,DISTINCT_TIMESTAMPED_REARM_EVENT,D032_REJECTED_BY_SAME_FAMILY_STACKING,DISTINCT_SETUP_SUPPRESSION
MSZZC1|6:XAUUSD|1:5|1:1|1:4|17:ASIA_LOW|20260204,ASIA_LOW|20260204,SSRP|ASIA_LOW|20260204|1770226500|FINAL,SSRP|ASIA_LOW|20260204|1770237300|FINAL,2026.02.04 17:40:00,2026.02.04 20:40:00,180,2026.02.04 18:49:58,true,false,false,DISTINCT_TIMESTAMPED_REARM_EVENT,D032_REJECTED_BY_SAME_FAMILY_STACKING,DISTINCT_SETUP_SUPPRESSION
MSZZC1|6:XAUUSD|1:5|1:1|1:4|17:ASIA_LOW|20260204,ASIA_LOW|20260204,SSRP|ASIA_LOW|20260204|1770226500|FINAL,SSRP|ASIA_LOW|20260204|1770237600|FINAL,2026.02.04 17:40:00,2026.02.04 20:45:00,185,2026.02.04 18:49:58,true,false,false,DISTINCT_TIMESTAMPED_REARM_EVENT,D032_REJECTED_BY_SAME_FAMILY_STACKING,DISTINCT_SETUP_SUPPRESSION
MSZZC1|6:XAUUSD|1:5|2:-1|1:4|18:ASIA_HIGH|20260206,ASIA_HIGH|20260206,SSRP|ASIA_HIGH|20260206|1770364800|FINAL,SSRP|ASIA_HIGH|20260206|1770386700|FINAL,2026.02.06 08:05:00,2026.02.06 14:10:00,365,2026.02.06 15:04:58,false,false,false,DISTINCT_TIMESTAMPED_REARM_EVENT,D032_REJECTED_BY_SAME_FAMILY_STACKING,DISTINCT_SETUP_SUPPRESSION
MSZZC1|6:XAUUSD|1:5|2:-1|1:4|18:ASIA_HIGH|20260206,ASIA_HIGH|20260206,SSRP|ASIA_HIGH|20260206|1770364800|FINAL,SSRP|ASIA_HIGH|20260206|1770387000|FINAL,2026.02.06 08:05:00,2026.02.06 14:15:00,370,2026.02.06 15:04:58,false,false,false,DISTINCT_TIMESTAMPED_REARM_EVENT,D032_REJECTED_BY_SAME_FAMILY_STACKING,DISTINCT_SETUP_SUPPRESSION
MSZZC1|6:XAUUSD|1:5|2:-1|1:4|18:ASIA_HIGH|20260211,ASIA_HIGH|20260211,SSRP|ASIA_HIGH|20260211|1770800400|FINAL,SSRP|ASIA_HIGH|20260211|1770801000|FINAL,2026.02.11 09:10:00,2026.02.11 09:15:00,5,2026.02.11 11:49:57,false,false,false,DISTINCT_TIMESTAMPED_REARM_EVENT,D032_REJECTED_BY_SAME_FAMILY_STACKING,DISTINCT_SETUP_SUPPRESSION
MSZZC1|6:XAUUSD|1:5|2:-1|1:4|18:ASIA_HIGH|20260211,ASIA_HIGH|20260211,SSRP|ASIA_HIGH|20260211|1770800400|FINAL,SSRP|ASIA_HIGH|20260211|1770801300|FINAL,2026.02.11 09:10:00,2026.02.11 09:20:00,10,2026.02.11 11:49:57,false,false,false,DISTINCT_TIMESTAMPED_REARM_EVENT,D032_REJECTED_BY_SAME_FAMILY_STACKING,DISTINCT_SETUP_SUPPRESSION
MSZZC1|6:XAUUSD|1:5|2:-1|1:4|18:ASIA_HIGH|20260211,ASIA_HIGH|20260211,SSRP|ASIA_HIGH|20260211|1770800400|FINAL,SSRP|ASIA_HIGH|20260211|1770810000|FINAL,2026.02.11 09:10:00,2026.02.11 11:50:00,160,2026.02.11 11:49:57,true,true,false,DISTINCT_TIMESTAMPED_REARM_EVENT,D032_ACCEPTED_DISTINCT_TRADE,DISTINCT_SETUP_SUPPRESSION
MSZZC1|6:XAUUSD|1:5|2:-1|1:4|18:ASIA_HIGH|20260211,ASIA_HIGH|20260211,SSRP|ASIA_HIGH|20260211|1770800400|FINAL,SSRP|ASIA_HIGH|20260211|1770823500|FINAL,2026.02.11 09:10:00,2026.02.11 15:30:00,380,2026.02.11 11:49:57,true,true,false,DISTINCT_TIMESTAMPED_REARM_EVENT,D032_ACCEPTED_DISTINCT_TRADE,DISTINCT_SETUP_SUPPRESSION
MSZZC1|6:XAUUSD|1:5|2:-1|1:4|18:ASIA_HIGH|20260211,ASIA_HIGH|20260211,SSRP|ASIA_HIGH|20260211|1770800400|FINAL,SSRP|ASIA_HIGH|20260211|1770823800|FINAL,2026.02.11 09:10:00,2026.02.11 15:40:00,390,2026.02.11 11:49:57,true,false,false,DISTINCT_TIMESTAMPED_REARM_EVENT,D032_REJECTED_BY_SAME_FAMILY_STACKING,DISTINCT_SETUP_SUPPRESSION
MSZZC1|6:XAUUSD|1:5|2:-1|1:4|18:ASIA_HIGH|20260211,ASIA_HIGH|20260211,SSRP|ASIA_HIGH|20260211|1770800400|FINAL,SSRP|ASIA_HIGH|20260211|1770826500|FINAL,2026.02.11 09:10:00,2026.02.11 16:35:00,445,2026.02.11 11:49:57,true,false,false,DISTINCT_TIMESTAMPED_REARM_EVENT,D032_REJECTED_BY_SAME_FAMILY_STACKING,DISTINCT_SETUP_SUPPRESSION
MSZZC1|6:XAUUSD|1:5|2:-1|1:4|18:ASIA_HIGH|20260211,ASIA_HIGH|20260211,SSRP|ASIA_HIGH|20260211|1770800400|FINAL,SSRP|ASIA_HIGH|20260211|1770827700|FINAL,2026.02.11 09:10:00,2026.02.11 16:40:00,450,2026.02.11 11:49:57,true,false,false,DISTINCT_TIMESTAMPED_REARM_EVENT,D032_REJECTED_BY_SAME_FAMILY_STACKING,DISTINCT_SETUP_SUPPRESSION
MSZZC1|6:XAUUSD|1:5|2:-1|1:4|18:ASIA_HIGH|20260211,ASIA_HIGH|20260211,SSRP|ASIA_HIGH|20260211|1770800400|FINAL,SSRP|ASIA_HIGH|20260211|1770829500|FINAL,2026.02.11 09:10:00,2026.02.11 17:20:00,490,2026.02.11 11:49:57,true,false,false,DISTINCT_TIMESTAMPED_REARM_EVENT,D032_REJECTED_BY_SAME_FAMILY_STACKING,DISTINCT_SETUP_SUPPRESSION
MSZZC1|6:XAUUSD|1:5|2:-1|1:4|18:ASIA_HIGH|20260211,ASIA_HIGH|20260211,SSRP|ASIA_HIGH|20260211|1770800400|FINAL,SSRP|ASIA_HIGH|20260211|1770830400|FINAL,2026.02.11 09:10:00,2026.02.11 17:25:00,495,2026.02.11 11:49:57,true,false,false,DISTINCT_TIMESTAMPED_REARM_EVENT,D032_REJECTED_BY_SAME_FAMILY_STACKING,DISTINCT_SETUP_SUPPRESSION
MSZZC1|6:XAUUSD|1:5|2:-1|1:4|18:ASIA_HIGH|20260213,ASIA_HIGH|20260213,SSRP|ASIA_HIGH|20260213|1770996600|FINAL,SSRP|ASIA_HIGH|20260213|1771000200|FINAL,2026.02.13 15:35:00,2026.02.13 16:35:00,60,2026.02.13 15:49:58,true,true,false,DISTINCT_TIMESTAMPED_REARM_EVENT,D032_ACCEPTED_DISTINCT_TRADE,DISTINCT_SETUP_SUPPRESSION
MSZZC1|6:XAUUSD|1:5|2:-1|1:4|18:ASIA_HIGH|20260213,ASIA_HIGH|20260213,SSRP|ASIA_HIGH|20260213|1770996600|FINAL,SSRP|ASIA_HIGH|20260213|1771000500|FINAL,2026.02.13 15:35:00,2026.02.13 16:40:00,65,2026.02.13 15:49:58,true,false,false,DISTINCT_TIMESTAMPED_REARM_EVENT,D032_REJECTED_BY_SAME_FAMILY_STACKING,DISTINCT_SETUP_SUPPRESSION
MSZZC1|6:XAUUSD|1:5|2:-1|1:4|18:ASIA_HIGH|20260213,ASIA_HIGH|20260213,SSRP|ASIA_HIGH|20260213|1770996600|FINAL,SSRP|ASIA_HIGH|20260213|1771001100|FINAL,2026.02.13 15:35:00,2026.02.13 16:50:00,75,2026.02.13 15:49:58,true,false,false,DISTINCT_TIMESTAMPED_REARM_EVENT,D032_REJECTED_BY_SAME_FAMILY_STACKING,DISTINCT_SETUP_SUPPRESSION
MSZZC1|6:XAUUSD|1:5|2:-1|1:4|18:ASIA_HIGH|20260213,ASIA_HIGH|20260213,SSRP|ASIA_HIGH|20260213|1770996600|FINAL,SSRP|ASIA_HIGH|20260213|1771001400|FINAL,2026.02.13 15:35:00,2026.02.13 16:55:00,80,2026.02.13 15:49:58,true,false,false,DISTINCT_TIMESTAMPED_REARM_EVENT,D032_REJECTED_BY_SAME_FAMILY_STACKING,DISTINCT_SETUP_SUPPRESSION
MSZZC1|6:XAUUSD|1:5|2:-1|1:4|18:ASIA_HIGH|20260213,ASIA_HIGH|20260213,SSRP|ASIA_HIGH|20260213|1770996600|FINAL,SSRP|ASIA_HIGH|20260213|1771004400|FINAL,2026.02.13 15:35:00,2026.02.13 17:45:00,130,2026.02.13 15:49:58,true,true,false,DISTINCT_TIMESTAMPED_REARM_EVENT,D032_ACCEPTED_DISTINCT_TRADE,DISTINCT_SETUP_SUPPRESSION
MSZZC1|6:XAUUSD|1:5|2:-1|1:4|18:ASIA_HIGH|20260213,ASIA_HIGH|20260213,SSRP|ASIA_HIGH|20260213|1770996600|FINAL,SSRP|ASIA_HIGH|20260213|1771004700|FINAL,2026.02.13 15:35:00,2026.02.13 17:50:00,135,2026.02.13 15:49:58,true,false,false,DISTINCT_TIMESTAMPED_REARM_EVENT,D032_REJECTED_BY_SAME_FAMILY_STACKING,DISTINCT_SETUP_SUPPRESSION
MSZZC1|6:XAUUSD|1:5|2:-1|1:4|18:ASIA_HIGH|20260213,ASIA_HIGH|20260213,SSRP|ASIA_HIGH|20260213|1770996600|FINAL,SSRP|ASIA_HIGH|20260213|1771005000|FINAL,2026.02.13 15:35:00,2026.02.13 17:55:00,140,2026.02.13 15:49:58,true,false,false,DISTINCT_TIMESTAMPED_REARM_EVENT,D032_REJECTED_BY_SAME_FAMILY_STACKING,DISTINCT_SETUP_SUPPRESSION
MSZZC1|6:XAUUSD|1:5|1:1|1:4|17:ASIA_LOW|20260217,ASIA_LOW|20260217,SSRP|ASIA_LOW|20260217|1771344000|FINAL,SSRP|ASIA_LOW|20260217|1771347600|FINAL,2026.02.17 16:05:00,2026.02.17 17:15:00,70,2026.02.18 09:20:00,false,false,false,DISTINCT_TIMESTAMPED_REARM_EVENT,D032_REJECTED_BY_SAME_FAMILY_STACKING,DISTINCT_SETUP_SUPPRESSION
MSZZC1|6:XAUUSD|1:5|1:1|1:4|17:ASIA_LOW|20260217,ASIA_LOW|20260217,SSRP|ASIA_LOW|20260217|1771344000|FINAL,SSRP|ASIA_LOW|20260217|1771348500|FINAL,2026.02.17 16:05:00,2026.02.17 17:20:00,75,2026.02.18 09:20:00,false,false,false,DISTINCT_TIMESTAMPED_REARM_EVENT,D032_REJECTED_BY_SAME_FAMILY_STACKING,DISTINCT_SETUP_SUPPRESSION
MSZZC1|6:XAUUSD|1:5|1:1|1:4|17:ASIA_LOW|20260217,ASIA_LOW|20260217,SSRP|ASIA_LOW|20260217|1771344000|FINAL,SSRP|ASIA_LOW|20260217|1771349400|FINAL,2026.02.17 16:05:00,2026.02.17 17:35:00,90,2026.02.18 09:20:00,false,false,false,DISTINCT_TIMESTAMPED_REARM_EVENT,D032_REJECTED_BY_SAME_FAMILY_STACKING,DISTINCT_SETUP_SUPPRESSION
MSZZC1|6:XAUUSD|1:5|1:1|1:4|17:ASIA_LOW|20260217,ASIA_LOW|20260217,SSRP|ASIA_LOW|20260217|1771344000|FINAL,SSRP|ASIA_LOW|20260217|1771349700|FINAL,2026.02.17 16:05:00,2026.02.17 17:40:00,95,2026.02.18 09:20:00,false,false,false,DISTINCT_TIMESTAMPED_REARM_EVENT,D032_REJECTED_BY_SAME_FAMILY_STACKING,DISTINCT_SETUP_SUPPRESSION
MSZZC1|6:XAUUSD|1:5|1:1|1:4|17:ASIA_LOW|20260217,ASIA_LOW|20260217,SSRP|ASIA_LOW|20260217|1771344000|FINAL,SSRP|ASIA_LOW|20260217|1771355400|FINAL,2026.02.17 16:05:00,2026.02.17 19:15:00,190,2026.02.18 09:20:00,false,false,false,DISTINCT_TIMESTAMPED_REARM_EVENT,D032_REJECTED_BY_SAME_FAMILY_STACKING,DISTINCT_SETUP_SUPPRESSION
MSZZC1|6:XAUUSD|1:5|1:1|1:4|17:ASIA_LOW|20260217,ASIA_LOW|20260217,SSRP|ASIA_LOW|20260217|1771344000|FINAL,SSRP|ASIA_LOW|20260217|1771355700|FINAL,2026.02.17 16:05:00,2026.02.17 19:20:00,195,2026.02.18 09:20:00,false,false,false,DISTINCT_TIMESTAMPED_REARM_EVENT,D032_REJECTED_BY_SAME_FAMILY_STACKING,DISTINCT_SETUP_SUPPRESSION
MSZZC1|6:XAUUSD|1:5|1:1|1:4|17:ASIA_LOW|20260217,ASIA_LOW|20260217,SSRP|ASIA_LOW|20260217|1771344000|FINAL,SSRP|ASIA_LOW|20260217|1771357800|FINAL,2026.02.17 16:05:00,2026.02.17 19:55:00,230,2026.02.18 09:20:00,false,false,false,DISTINCT_TIMESTAMPED_REARM_EVENT,D032_REJECTED_BY_SAME_FAMILY_STACKING,DISTINCT_SETUP_SUPPRESSION
MSZZC1|6:XAUUSD|1:5|2:-1|1:4|18:ASIA_HIGH|20260218,ASIA_HIGH|20260218,SSRP|ASIA_HIGH|20260218|1771405800|FINAL,SSRP|ASIA_HIGH|20260218|1771406700|FINAL,2026.02.18 09:15:00,2026.02.18 09:30:00,15,2026.02.18 10:59:58,false,false,false,DISTINCT_TIMESTAMPED_REARM_EVENT,D032_REJECTED_BY_SAME_FAMILY_STACKING,DISTINCT_SETUP_SUPPRESSION
MSZZC1|6:XAUUSD|1:5|2:-1|1:4|18:ASIA_HIGH|20260219,ASIA_HIGH|20260219,SSRP|ASIA_HIGH|20260219|1771501800|FINAL,SSRP|ASIA_HIGH|20260219|1771502100|FINAL,2026.02.19 11:55:00,2026.02.19 12:00:00,5,2026.02.19 15:04:58,false,false,false,DISTINCT_TIMESTAMPED_REARM_EVENT,D032_REJECTED_BY_SAME_FAMILY_STACKING,DISTINCT_SETUP_SUPPRESSION
MSZZC1|6:XAUUSD|1:5|2:-1|1:4|18:ASIA_HIGH|20260219,ASIA_HIGH|20260219,SSRP|ASIA_HIGH|20260219|1771501800|FINAL,SSRP|ASIA_HIGH|20260219|1771527000|FINAL,2026.02.19 11:55:00,2026.02.19 18:55:00,420,2026.02.19 15:04:58,true,true,false,DISTINCT_TIMESTAMPED_REARM_EVENT,D032_ACCEPTED_DISTINCT_TRADE,DISTINCT_SETUP_SUPPRESSION
MSZZC1|6:XAUUSD|1:5|2:-1|1:4|18:ASIA_HIGH|20260219,ASIA_HIGH|20260219,SSRP|ASIA_HIGH|20260219|1771501800|FINAL,SSRP|ASIA_HIGH|20260219|1771527300|FINAL,2026.02.19 11:55:00,2026.02.19 19:00:00,425,2026.02.19 15:04:58,true,false,false,DISTINCT_TIMESTAMPED_REARM_EVENT,D032_REJECTED_BY_SAME_FAMILY_STACKING,DISTINCT_SETUP_SUPPRESSION
MSZZC1|6:XAUUSD|1:5|2:-1|1:4|18:ASIA_HIGH|20260219,ASIA_HIGH|20260219,SSRP|ASIA_HIGH|20260219|1771501800|FINAL,SSRP|ASIA_HIGH|20260219|1771528800|FINAL,2026.02.19 11:55:00,2026.02.19 19:25:00,450,2026.02.19 15:04:58,true,false,false,DISTINCT_TIMESTAMPED_REARM_EVENT,D032_REJECTED_BY_SAME_FAMILY_STACKING,DISTINCT_SETUP_SUPPRESSION
MSZZC1|6:XAUUSD|1:5|2:-1|1:4|18:ASIA_HIGH|20260219,ASIA_HIGH|20260219,SSRP|ASIA_HIGH|20260219|1771501800|FINAL,SSRP|ASIA_HIGH|20260219|1771529100|FINAL,2026.02.19 11:55:00,2026.02.19 19:30:00,455,2026.02.19 15:04:58,true,false,false,DISTINCT_TIMESTAMPED_REARM_EVENT,D032_REJECTED_BY_SAME_FAMILY_STACKING,DISTINCT_SETUP_SUPPRESSION
MSZZC1|6:XAUUSD|1:5|2:-1|1:4|18:ASIA_HIGH|20260219,ASIA_HIGH|20260219,SSRP|ASIA_HIGH|20260219|1771501800|FINAL,SSRP|ASIA_HIGH|20260219|1771542900|FINAL,2026.02.19 11:55:00,2026.02.19 23:25:00,690,2026.02.19 15:04:58,true,true,false,DISTINCT_TIMESTAMPED_REARM_EVENT,D032_ACCEPTED_DISTINCT_TRADE,DISTINCT_SETUP_SUPPRESSION
MSZZC1|6:XAUUSD|1:5|2:-1|1:4|18:ASIA_HIGH|20260219,ASIA_HIGH|20260219,SSRP|ASIA_HIGH|20260219|1771501800|FINAL,SSRP|ASIA_HIGH|20260219|1771544700|FINAL,2026.02.19 11:55:00,2026.02.19 23:50:00,715,2026.02.19 15:04:58,true,false,false,DISTINCT_TIMESTAMPED_REARM_EVENT,D032_REJECTED_BY_SAME_FAMILY_STACKING,DISTINCT_SETUP_SUPPRESSION
MSZZC1|6:XAUUSD|1:5|2:-1|1:4|18:ASIA_HIGH|20260220,ASIA_HIGH|20260220,SSRP|ASIA_HIGH|20260220|1771574400|FINAL,SSRP|ASIA_HIGH|20260220|1771578900|FINAL,2026.02.20 08:05:00,2026.02.20 09:20:00,75,2026.02.20 08:14:57,true,true,false,DISTINCT_TIMESTAMPED_REARM_EVENT,D032_ACCEPTED_DISTINCT_TRADE,DISTINCT_SETUP_SUPPRESSION
MSZZC1|6:XAUUSD|1:5|2:-1|1:4|18:ASIA_HIGH|20260220,ASIA_HIGH|20260220,SSRP|ASIA_HIGH|20260220|1771574400|FINAL,SSRP|ASIA_HIGH|20260220|1771579200|FINAL,2026.02.20 08:05:00,2026.02.20 09:30:00,85,2026.02.20 08:14:57,true,false,false,DISTINCT_TIMESTAMPED_REARM_EVENT,D032_REJECTED_BY_SAME_FAMILY_STACKING,DISTINCT_SETUP_SUPPRESSION
MSZZC1|6:XAUUSD|1:5|2:-1|1:4|18:ASIA_HIGH|20260220,ASIA_HIGH|20260220,SSRP|ASIA_HIGH|20260220|1771574400|FINAL,SSRP|ASIA_HIGH|20260220|1771580100|FINAL,2026.02.20 08:05:00,2026.02.20 09:45:00,100,2026.02.20 08:14:57,true,false,false,DISTINCT_TIMESTAMPED_REARM_EVENT,D032_REJECTED_BY_SAME_FAMILY_STACKING,DISTINCT_SETUP_SUPPRESSION
MSZZC1|6:XAUUSD|1:5|2:-1|1:4|18:ASIA_HIGH|20260220,ASIA_HIGH|20260220,SSRP|ASIA_HIGH|20260220|1771574400|FINAL,SSRP|ASIA_HIGH|20260220|1771580700|FINAL,2026.02.20 08:05:00,2026.02.20 09:50:00,105,2026.02.20 08:14:57,true,false,false,DISTINCT_TIMESTAMPED_REARM_EVENT,D032_REJECTED_BY_SAME_FAMILY_STACKING,DISTINCT_SETUP_SUPPRESSION
MSZZC1|6:XAUUSD|1:5|2:-1|1:4|18:ASIA_HIGH|20260220,ASIA_HIGH|20260220,SSRP|ASIA_HIGH|20260220|1771574400|FINAL,SSRP|ASIA_HIGH|20260220|1771581900|FINAL,2026.02.20 08:05:00,2026.02.20 10:10:00,125,2026.02.20 08:14:57,true,false,false,DISTINCT_TIMESTAMPED_REARM_EVENT,D032_REJECTED_BY_SAME_FAMILY_STACKING,DISTINCT_SETUP_SUPPRESSION
MSZZC1|6:XAUUSD|1:5|2:-1|1:4|18:ASIA_HIGH|20260220,ASIA_HIGH|20260220,SSRP|ASIA_HIGH|20260220|1771574400|FINAL,SSRP|ASIA_HIGH|20260220|1771596900|FINAL,2026.02.20 08:05:00,2026.02.20 14:25:00,380,2026.02.20 08:14:57,true,true,false,DISTINCT_TIMESTAMPED_REARM_EVENT,D032_ACCEPTED_DISTINCT_TRADE,DISTINCT_SETUP_SUPPRESSION
MSZZC1|6:XAUUSD|1:5|1:1|1:4|17:ASIA_LOW|20260224,ASIA_LOW|20260224,SSRP|ASIA_LOW|20260224|1771947300|FINAL,SSRP|ASIA_LOW|20260224|1771953900|FINAL,2026.02.24 15:40:00,2026.02.24 17:40:00,120,2026.02.24 15:49:58,true,true,false,DISTINCT_TIMESTAMPED_REARM_EVENT,D032_ACCEPTED_DISTINCT_TRADE,DISTINCT_SETUP_SUPPRESSION
MSZZC1|6:XAUUSD|1:5|1:1|1:4|17:ASIA_LOW|20260224,ASIA_LOW|20260224,SSRP|ASIA_LOW|20260224|1771947300|FINAL,SSRP|ASIA_LOW|20260224|1771956300|FINAL,2026.02.24 15:40:00,2026.02.24 18:10:00,150,2026.02.24 15:49:58,true,false,false,DISTINCT_TIMESTAMPED_REARM_EVENT,D032_REJECTED_BY_SAME_FAMILY_STACKING,DISTINCT_SETUP_SUPPRESSION
MSZZC1|6:XAUUSD|1:5|1:1|1:4|17:ASIA_LOW|20260224,ASIA_LOW|20260224,SSRP|ASIA_LOW|20260224|1771947300|FINAL,SSRP|ASIA_LOW|20260224|1771956600|FINAL,2026.02.24 15:40:00,2026.02.24 18:15:00,155,2026.02.24 15:49:58,true,false,false,DISTINCT_TIMESTAMPED_REARM_EVENT,D032_REJECTED_BY_SAME_FAMILY_STACKING,DISTINCT_SETUP_SUPPRESSION
MSZZC1|6:XAUUSD|1:5|1:1|1:4|17:ASIA_LOW|20260224,ASIA_LOW|20260224,SSRP|ASIA_LOW|20260224|1771947300|FINAL,SSRP|ASIA_LOW|20260224|1771959300|FINAL,2026.02.24 15:40:00,2026.02.24 19:00:00,200,2026.02.24 15:49:58,true,true,false,DISTINCT_TIMESTAMPED_REARM_EVENT,D032_ACCEPTED_DISTINCT_TRADE,DISTINCT_SETUP_SUPPRESSION
MSZZC1|6:XAUUSD|1:5|1:1|1:4|17:ASIA_LOW|20260224,ASIA_LOW|20260224,SSRP|ASIA_LOW|20260224|1771947300|FINAL,SSRP|ASIA_LOW|20260224|1771959600|FINAL,2026.02.24 15:40:00,2026.02.24 19:05:00,205,2026.02.24 15:49:58,true,false,false,DISTINCT_TIMESTAMPED_REARM_EVENT,D032_REJECTED_BY_SAME_FAMILY_STACKING,DISTINCT_SETUP_SUPPRESSION
MSZZC1|6:XAUUSD|1:5|2:-1|1:4|18:ASIA_HIGH|20260225,ASIA_HIGH|20260225,SSRP|ASIA_HIGH|20260225|1772045100|FINAL,SSRP|ASIA_HIGH|20260225|1772048100|FINAL,2026.02.25 19:00:00,2026.02.25 19:40:00,40,2026.02.25 19:09:58,true,true,false,DISTINCT_TIMESTAMPED_REARM_EVENT,D032_ACCEPTED_DISTINCT_TRADE,DISTINCT_SETUP_SUPPRESSION
MSZZC1|6:XAUUSD|1:5|2:-1|1:4|18:ASIA_HIGH|20260225,ASIA_HIGH|20260225,SSRP|ASIA_HIGH|20260225|1772045100|FINAL,SSRP|ASIA_HIGH|20260225|1772048400|FINAL,2026.02.25 19:00:00,2026.02.25 19:45:00,45,2026.02.25 19:09:58,true,false,false,DISTINCT_TIMESTAMPED_REARM_EVENT,D032_REJECTED_BY_SAME_FAMILY_STACKING,DISTINCT_SETUP_SUPPRESSION
MSZZC1|6:XAUUSD|1:5|1:1|1:4|17:ASIA_LOW|20260226,ASIA_LOW|20260226,SSRP|ASIA_LOW|20260226|1772123400|FINAL,SSRP|ASIA_LOW|20260226|1772126700|FINAL,2026.02.26 16:35:00,2026.02.26 17:35:00,60,2026.02.26 17:29:58,true,true,false,DISTINCT_TIMESTAMPED_REARM_EVENT,D032_ACCEPTED_DISTINCT_TRADE,DISTINCT_SETUP_SUPPRESSION
MSZZC1|6:XAUUSD|1:5|1:1|1:4|17:ASIA_LOW|20260226,ASIA_LOW|20260226,SSRP|ASIA_LOW|20260226|1772123400|FINAL,SSRP|ASIA_LOW|20260226|1772127300|FINAL,2026.02.26 16:35:00,2026.02.26 17:40:00,65,2026.02.26 17:29:58,true,false,false,DISTINCT_TIMESTAMPED_REARM_EVENT,D032_REJECTED_BY_SAME_FAMILY_STACKING,DISTINCT_SETUP_SUPPRESSION
MSZZC1|6:XAUUSD|1:5|2:-1|1:4|18:ASIA_HIGH|20260302,ASIA_HIGH|20260302,SSRP|ASIA_HIGH|20260302|1772448600|FINAL,SSRP|ASIA_HIGH|20260302|1772449500|FINAL,2026.03.02 11:00:00,2026.03.02 11:15:00,15,2026.03.02 15:34:57,false,false,false,DISTINCT_TIMESTAMPED_REARM_EVENT,D032_REJECTED_BY_SAME_FAMILY_STACKING,DISTINCT_SETUP_SUPPRESSION
MSZZC1|6:XAUUSD|1:5|2:-1|1:4|18:ASIA_HIGH|20260302,ASIA_HIGH|20260302,SSRP|ASIA_HIGH|20260302|1772448600|FINAL,SSRP|ASIA_HIGH|20260302|1772450100|FINAL,2026.03.02 11:00:00,2026.03.02 11:45:00,45,2026.03.02 15:34:57,false,false,false,DISTINCT_TIMESTAMPED_REARM_EVENT,D032_REJECTED_BY_SAME_FAMILY_STACKING,DISTINCT_SETUP_SUPPRESSION
MSZZC1|6:XAUUSD|1:5|2:-1|1:4|18:ASIA_HIGH|20260302,ASIA_HIGH|20260302,SSRP|ASIA_HIGH|20260302|1772448600|FINAL,SSRP|ASIA_HIGH|20260302|1772451900|FINAL,2026.03.02 11:00:00,2026.03.02 11:50:00,50,2026.03.02 15:34:57,false,false,false,DISTINCT_TIMESTAMPED_REARM_EVENT,D032_REJECTED_BY_SAME_FAMILY_STACKING,DISTINCT_SETUP_SUPPRESSION
MSZZC1|6:XAUUSD|1:5|2:-1|1:4|18:ASIA_HIGH|20260302,ASIA_HIGH|20260302,SSRP|ASIA_HIGH|20260302|1772448600|FINAL,SSRP|ASIA_HIGH|20260302|1772452200|FINAL,2026.03.02 11:00:00,2026.03.02 11:55:00,55,2026.03.02 15:34:57,false,false,false,DISTINCT_TIMESTAMPED_REARM_EVENT,D032_REJECTED_BY_SAME_FAMILY_STACKING,DISTINCT_SETUP_SUPPRESSION
MSZZC1|6:XAUUSD|1:5|2:-1|1:4|18:ASIA_HIGH|20260302,ASIA_HIGH|20260302,SSRP|ASIA_HIGH|20260302|1772448600|FINAL,SSRP|ASIA_HIGH|20260302|1772452500|FINAL,2026.03.02 11:00:00,2026.03.02 12:00:00,60,2026.03.02 15:34:57,false,false,false,DISTINCT_TIMESTAMPED_REARM_EVENT,D032_REJECTED_BY_SAME_FAMILY_STACKING,DISTINCT_SETUP_SUPPRESSION
MSZZC1|6:XAUUSD|1:5|2:-1|1:4|18:ASIA_HIGH|20260302,ASIA_HIGH|20260302,SSRP|ASIA_HIGH|20260302|1772448600|FINAL,SSRP|ASIA_HIGH|20260302|1772453400|FINAL,2026.03.02 11:00:00,2026.03.02 12:15:00,75,2026.03.02 15:34:57,false,false,false,DISTINCT_TIMESTAMPED_REARM_EVENT,D032_REJECTED_BY_SAME_FAMILY_STACKING,DISTINCT_SETUP_SUPPRESSION
MSZZC1|6:XAUUSD|1:5|2:-1|1:4|18:ASIA_HIGH|20260302,ASIA_HIGH|20260302,SSRP|ASIA_HIGH|20260302|1772448600|FINAL,SSRP|ASIA_HIGH|20260302|1772455200|FINAL,2026.03.02 11:00:00,2026.03.02 12:50:00,110,2026.03.02 15:34:57,false,false,false,DISTINCT_TIMESTAMPED_REARM_EVENT,D032_REJECTED_BY_SAME_FAMILY_STACKING,DISTINCT_SETUP_SUPPRESSION
MSZZC1|6:XAUUSD|1:5|2:-1|1:4|18:ASIA_HIGH|20260302,ASIA_HIGH|20260302,SSRP|ASIA_HIGH|20260302|1772448600|FINAL,SSRP|ASIA_HIGH|20260302|1772455800|FINAL,2026.03.02 11:00:00,2026.03.02 12:55:00,115,2026.03.02 15:34:57,false,false,false,DISTINCT_TIMESTAMPED_REARM_EVENT,D032_REJECTED_BY_SAME_FAMILY_STACKING,DISTINCT_SETUP_SUPPRESSION
MSZZC1|6:XAUUSD|1:5|2:-1|1:4|18:ASIA_HIGH|20260302,ASIA_HIGH|20260302,SSRP|ASIA_HIGH|20260302|1772448600|FINAL,SSRP|ASIA_HIGH|20260302|1772456400|FINAL,2026.03.02 11:00:00,2026.03.02 13:05:00,125,2026.03.02 15:34:57,false,false,false,DISTINCT_TIMESTAMPED_REARM_EVENT,D032_REJECTED_BY_SAME_FAMILY_STACKING,DISTINCT_SETUP_SUPPRESSION
MSZZC1|6:XAUUSD|1:5|2:-1|1:4|18:ASIA_HIGH|20260302,ASIA_HIGH|20260302,SSRP|ASIA_HIGH|20260302|1772448600|FINAL,SSRP|ASIA_HIGH|20260302|1772457300|FINAL,2026.03.02 11:00:00,2026.03.02 13:20:00,140,2026.03.02 15:34:57,false,false,false,DISTINCT_TIMESTAMPED_REARM_EVENT,D032_REJECTED_BY_SAME_FAMILY_STACKING,DISTINCT_SETUP_SUPPRESSION
MSZZC1|6:XAUUSD|1:5|2:-1|1:4|18:ASIA_HIGH|20260302,ASIA_HIGH|20260302,SSRP|ASIA_HIGH|20260302|1772448600|FINAL,SSRP|ASIA_HIGH|20260302|1772458200|FINAL,2026.03.02 11:00:00,2026.03.02 13:40:00,160,2026.03.02 15:34:57,false,false,false,DISTINCT_TIMESTAMPED_REARM_EVENT,D032_REJECTED_BY_SAME_FAMILY_STACKING,DISTINCT_SETUP_SUPPRESSION
MSZZC1|6:XAUUSD|1:5|2:-1|1:4|18:ASIA_HIGH|20260302,ASIA_HIGH|20260302,SSRP|ASIA_HIGH|20260302|1772448600|FINAL,SSRP|ASIA_HIGH|20260302|1772458800|FINAL,2026.03.02 11:00:00,2026.03.02 13:45:00,165,2026.03.02 15:34:57,false,false,false,DISTINCT_TIMESTAMPED_REARM_EVENT,D032_REJECTED_BY_SAME_FAMILY_STACKING,DISTINCT_SETUP_SUPPRESSION
MSZZC1|6:XAUUSD|1:5|2:-1|1:4|18:ASIA_HIGH|20260302,ASIA_HIGH|20260302,SSRP|ASIA_HIGH|20260302|1772448600|FINAL,SSRP|ASIA_HIGH|20260302|1772460600|FINAL,2026.03.02 11:00:00,2026.03.02 14:15:00,195,2026.03.02 15:34:57,false,false,false,DISTINCT_TIMESTAMPED_REARM_EVENT,D032_REJECTED_BY_SAME_FAMILY_STACKING,DISTINCT_SETUP_SUPPRESSION
MSZZC1|6:XAUUSD|1:5|2:-1|1:4|18:ASIA_HIGH|20260302,ASIA_HIGH|20260302,SSRP|ASIA_HIGH|20260302|1772448600|FINAL,SSRP|ASIA_HIGH|20260302|1772461200|FINAL,2026.03.02 11:00:00,2026.03.02 14:35:00,215,2026.03.02 15:34:57,false,false,false,DISTINCT_TIMESTAMPED_REARM_EVENT,D032_REJECTED_BY_SAME_FAMILY_STACKING,DISTINCT_SETUP_SUPPRESSION
MSZZC1|6:XAUUSD|1:5|2:-1|1:4|18:ASIA_HIGH|20260302,ASIA_HIGH|20260302,SSRP|ASIA_HIGH|20260302|1772448600|FINAL,SSRP|ASIA_HIGH|20260302|1772462100|FINAL,2026.03.02 11:00:00,2026.03.02 14:50:00,230,2026.03.02 15:34:57,false,false,false,DISTINCT_TIMESTAMPED_REARM_EVENT,D032_REJECTED_BY_SAME_FAMILY_STACKING,DISTINCT_SETUP_SUPPRESSION
MSZZC1|6:XAUUSD|1:5|2:-1|1:4|18:ASIA_HIGH|20260302,ASIA_HIGH|20260302,SSRP|ASIA_HIGH|20260302|1772448600|FINAL,SSRP|ASIA_HIGH|20260302|1772463900|FINAL,2026.03.02 11:00:00,2026.03.02 15:10:00,250,2026.03.02 15:34:57,false,false,false,DISTINCT_TIMESTAMPED_REARM_EVENT,D032_REJECTED_BY_SAME_FAMILY_STACKING,DISTINCT_SETUP_SUPPRESSION
MSZZC1|6:XAUUSD|1:5|2:-1|1:4|18:ASIA_HIGH|20260302,ASIA_HIGH|20260302,SSRP|ASIA_HIGH|20260302|1772448600|FINAL,SSRP|ASIA_HIGH|20260302|1772465700|FINAL,2026.03.02 11:00:00,2026.03.02 16:00:00,300,2026.03.02 15:34:57,true,true,false,DISTINCT_TIMESTAMPED_REARM_EVENT,D032_ACCEPTED_DISTINCT_TRADE,DISTINCT_SETUP_SUPPRESSION
MSZZC1|6:XAUUSD|1:5|1:1|1:4|17:ASIA_LOW|20260302,ASIA_LOW|20260302,SSRP|ASIA_LOW|20260302|1772475300|FINAL,SSRP|ASIA_LOW|20260302|1772475900|FINAL,2026.03.02 18:25:00,2026.03.02 18:35:00,10,2026.03.03 03:09:58,false,false,false,DISTINCT_TIMESTAMPED_REARM_EVENT,D032_REJECTED_BY_SAME_FAMILY_STACKING,DISTINCT_SETUP_SUPPRESSION
MSZZC1|6:XAUUSD|1:5|1:1|1:4|17:ASIA_LOW|20260302,ASIA_LOW|20260302,SSRP|ASIA_LOW|20260302|1772475300|FINAL,SSRP|ASIA_LOW|20260302|1772477700|FINAL,2026.03.02 18:25:00,2026.03.02 19:05:00,40,2026.03.03 03:09:58,false,false,false,DISTINCT_TIMESTAMPED_REARM_EVENT,D032_REJECTED_BY_SAME_FAMILY_STACKING,DISTINCT_SETUP_SUPPRESSION
MSZZC1|6:XAUUSD|1:5|1:1|1:4|17:ASIA_LOW|20260302,ASIA_LOW|20260302,SSRP|ASIA_LOW|20260302|1772475300|FINAL,SSRP|ASIA_LOW|20260302|1772478300|FINAL,2026.03.02 18:25:00,2026.03.02 19:20:00,55,2026.03.03 03:09:58,false,false,false,DISTINCT_TIMESTAMPED_REARM_EVENT,D032_REJECTED_BY_SAME_FAMILY_STACKING,DISTINCT_SETUP_SUPPRESSION
MSZZC1|6:XAUUSD|1:5|1:1|1:4|17:ASIA_LOW|20260302,ASIA_LOW|20260302,SSRP|ASIA_LOW|20260302|1772475300|FINAL,SSRP|ASIA_LOW|20260302|1772479200|FINAL,2026.03.02 18:25:00,2026.03.02 19:25:00,60,2026.03.03 03:09:58,false,false,false,DISTINCT_TIMESTAMPED_REARM_EVENT,D032_REJECTED_BY_SAME_FAMILY_STACKING,DISTINCT_SETUP_SUPPRESSION
MSZZC1|6:XAUUSD|1:5|1:1|1:4|17:ASIA_LOW|20260302,ASIA_LOW|20260302,SSRP|ASIA_LOW|20260302|1772475300|FINAL,SSRP|ASIA_LOW|20260302|1772481000|FINAL,2026.03.02 18:25:00,2026.03.02 19:55:00,90,2026.03.03 03:09:58,false,false,false,DISTINCT_TIMESTAMPED_REARM_EVENT,D032_REJECTED_BY_SAME_FAMILY_STACKING,DISTINCT_SETUP_SUPPRESSION
MSZZC1|6:XAUUSD|1:5|1:1|1:4|17:ASIA_LOW|20260302,ASIA_LOW|20260302,SSRP|ASIA_LOW|20260302|1772475300|FINAL,SSRP|ASIA_LOW|20260302|1772483700|FINAL,2026.03.02 18:25:00,2026.03.02 20:45:00,140,2026.03.03 03:09:58,false,false,false,DISTINCT_TIMESTAMPED_REARM_EVENT,D032_REJECTED_BY_SAME_FAMILY_STACKING,DISTINCT_SETUP_SUPPRESSION
MSZZC1|6:XAUUSD|1:5|1:1|1:4|17:ASIA_LOW|20260303,ASIA_LOW|20260303,SSRP|ASIA_LOW|20260303|1772525400|FINAL,SSRP|ASIA_LOW|20260303|1772526900|FINAL,2026.03.03 08:20:00,2026.03.03 08:40:00,20,2026.03.03 11:29:58,false,false,false,DISTINCT_TIMESTAMPED_REARM_EVENT,D032_REJECTED_BY_SAME_FAMILY_STACKING,DISTINCT_SETUP_SUPPRESSION
MSZZC1|6:XAUUSD|1:5|1:1|1:4|17:ASIA_LOW|20260303,ASIA_LOW|20260303,SSRP|ASIA_LOW|20260303|1772525400|FINAL,SSRP|ASIA_LOW|20260303|1772527800|FINAL,2026.03.03 08:20:00,2026.03.03 08:55:00,35,2026.03.03 11:29:58,false,false,false,DISTINCT_TIMESTAMPED_REARM_EVENT,D032_REJECTED_BY_SAME_FAMILY_STACKING,DISTINCT_SETUP_SUPPRESSION
MSZZC1|6:XAUUSD|1:5|1:1|1:4|17:ASIA_LOW|20260303,ASIA_LOW|20260303,SSRP|ASIA_LOW|20260303|1772525400|FINAL,SSRP|ASIA_LOW|20260303|1772528100|FINAL,2026.03.03 08:20:00,2026.03.03 09:00:00,40,2026.03.03 11:29:58,false,false,false,DISTINCT_TIMESTAMPED_REARM_EVENT,D032_REJECTED_BY_SAME_FAMILY_STACKING,DISTINCT_SETUP_SUPPRESSION
MSZZC1|6:XAUUSD|1:5|1:1|1:4|17:ASIA_LOW|20260303,ASIA_LOW|20260303,SSRP|ASIA_LOW|20260303|1772525400|FINAL,SSRP|ASIA_LOW|20260303|1772534100|FINAL,2026.03.03 08:20:00,2026.03.03 10:45:00,145,2026.03.03 11:29:58,false,false,false,DISTINCT_TIMESTAMPED_REARM_EVENT,D032_REJECTED_BY_SAME_FAMILY_STACKING,DISTINCT_SETUP_SUPPRESSION
MSZZC1|6:XAUUSD|1:5|2:-1|1:4|18:ASIA_HIGH|20260304,ASIA_HIGH|20260304,SSRP|ASIA_HIGH|20260304|1772626200|FINAL,SSRP|ASIA_HIGH|20260304|1772626800|FINAL,2026.03.04 12:20:00,2026.03.04 12:25:00,5,2026.03.04 14:04:58,false,false,false,DISTINCT_TIMESTAMPED_REARM_EVENT,D032_REJECTED_BY_SAME_FAMILY_STACKING,DISTINCT_SETUP_SUPPRESSION
MSZZC1|6:XAUUSD|1:5|2:-1|1:4|18:ASIA_HIGH|20260304,ASIA_HIGH|20260304,SSRP|ASIA_HIGH|20260304|1772626200|FINAL,SSRP|ASIA_HIGH|20260304|1772627100|FINAL,2026.03.04 12:20:00,2026.03.04 12:30:00,10,2026.03.04 14:04:58,false,false,false,DISTINCT_TIMESTAMPED_REARM_EVENT,D032_REJECTED_BY_SAME_FAMILY_STACKING,DISTINCT_SETUP_SUPPRESSION
MSZZC1|6:XAUUSD|1:5|2:-1|1:4|18:ASIA_HIGH|20260304,ASIA_HIGH|20260304,SSRP|ASIA_HIGH|20260304|1772626200|FINAL,SSRP|ASIA_HIGH|20260304|1772633400|FINAL,2026.03.04 12:20:00,2026.03.04 14:15:00,115,2026.03.04 14:04:58,true,true,false,DISTINCT_TIMESTAMPED_REARM_EVENT,D032_ACCEPTED_DISTINCT_TRADE,DISTINCT_SETUP_SUPPRESSION
MSZZC1|6:XAUUSD|1:5|2:-1|1:4|18:ASIA_HIGH|20260304,ASIA_HIGH|20260304,SSRP|ASIA_HIGH|20260304|1772626200|FINAL,SSRP|ASIA_HIGH|20260304|1772633700|FINAL,2026.03.04 12:20:00,2026.03.04 14:20:00,120,2026.03.04 14:04:58,true,false,false,DISTINCT_TIMESTAMPED_REARM_EVENT,D032_REJECTED_BY_SAME_FAMILY_STACKING,DISTINCT_SETUP_SUPPRESSION
MSZZC1|6:XAUUSD|1:5|2:-1|1:4|18:ASIA_HIGH|20260304,ASIA_HIGH|20260304,SSRP|ASIA_HIGH|20260304|1772626200|FINAL,SSRP|ASIA_HIGH|20260304|1772637000|FINAL,2026.03.04 12:20:00,2026.03.04 15:15:00,175,2026.03.04 14:04:58,true,false,false,DISTINCT_TIMESTAMPED_REARM_EVENT,D032_REJECTED_BY_SAME_FAMILY_STACKING,DISTINCT_SETUP_SUPPRESSION
MSZZC1|6:XAUUSD|1:5|2:-1|1:4|18:ASIA_HIGH|20260304,ASIA_HIGH|20260304,SSRP|ASIA_HIGH|20260304|1772626200|FINAL,SSRP|ASIA_HIGH|20260304|1772637300|FINAL,2026.03.04 12:20:00,2026.03.04 15:20:00,180,2026.03.04 14:04:58,true,false,false,DISTINCT_TIMESTAMPED_REARM_EVENT,D032_REJECTED_BY_SAME_FAMILY_STACKING,DISTINCT_SETUP_SUPPRESSION
MSZZC1|6:XAUUSD|1:5|2:-1|1:4|18:ASIA_HIGH|20260304,ASIA_HIGH|20260304,SSRP|ASIA_HIGH|20260304|1772626200|FINAL,SSRP|ASIA_HIGH|20260304|1772637900|FINAL,2026.03.04 12:20:00,2026.03.04 15:30:00,190,2026.03.04 14:04:58,true,false,false,DISTINCT_TIMESTAMPED_REARM_EVENT,D032_REJECTED_BY_SAME_FAMILY_STACKING,DISTINCT_SETUP_SUPPRESSION
MSZZC1|6:XAUUSD|1:5|2:-1|1:4|18:ASIA_HIGH|20260304,ASIA_HIGH|20260304,SSRP|ASIA_HIGH|20260304|1772626200|FINAL,SSRP|ASIA_HIGH|20260304|1772638200|FINAL,2026.03.04 12:20:00,2026.03.04 15:35:00,195,2026.03.04 14:04:58,true,false,false,DISTINCT_TIMESTAMPED_REARM_EVENT,D032_REJECTED_BY_SAME_FAMILY_STACKING,DISTINCT_SETUP_SUPPRESSION
MSZZC1|6:XAUUSD|1:5|2:-1|1:4|18:ASIA_HIGH|20260304,ASIA_HIGH|20260304,SSRP|ASIA_HIGH|20260304|1772626200|FINAL,SSRP|ASIA_HIGH|20260304|1772639100|FINAL,2026.03.04 12:20:00,2026.03.04 15:50:00,210,2026.03.04 14:04:58,true,false,false,DISTINCT_TIMESTAMPED_REARM_EVENT,D032_REJECTED_BY_SAME_FAMILY_STACKING,DISTINCT_SETUP_SUPPRESSION
MSZZC1|6:XAUUSD|1:5|1:1|1:4|17:ASIA_LOW|20260305,ASIA_LOW|20260305,SSRP|ASIA_LOW|20260305|1772698500|FINAL,SSRP|ASIA_LOW|20260305|1772699400|FINAL,2026.03.05 08:30:00,2026.03.05 08:35:00,5,2026.03.05 15:24:58,false,false,false,DISTINCT_TIMESTAMPED_REARM_EVENT,D032_REJECTED_BY_SAME_FAMILY_STACKING,DISTINCT_SETUP_SUPPRESSION
MSZZC1|6:XAUUSD|1:5|1:1|1:4|17:ASIA_LOW|20260305,ASIA_LOW|20260305,SSRP|ASIA_LOW|20260305|1772698500|FINAL,SSRP|ASIA_LOW|20260305|1772699700|FINAL,2026.03.05 08:30:00,2026.03.05 08:40:00,10,2026.03.05 15:24:58,false,false,false,DISTINCT_TIMESTAMPED_REARM_EVENT,D032_REJECTED_BY_SAME_FAMILY_STACKING,DISTINCT_SETUP_SUPPRESSION
MSZZC1|6:XAUUSD|1:5|1:1|1:4|17:ASIA_LOW|20260305,ASIA_LOW|20260305,SSRP|ASIA_LOW|20260305|1772698500|FINAL,SSRP|ASIA_LOW|20260305|1772705700|FINAL,2026.03.05 08:30:00,2026.03.05 10:20:00,110,2026.03.05 15:24:58,false,false,false,DISTINCT_TIMESTAMPED_REARM_EVENT,D032_REJECTED_BY_SAME_FAMILY_STACKING,DISTINCT_SETUP_SUPPRESSION
MSZZC1|6:XAUUSD|1:5|1:1|1:4|17:ASIA_LOW|20260305,ASIA_LOW|20260305,SSRP|ASIA_LOW|20260305|1772698500|FINAL,SSRP|ASIA_LOW|20260305|1772706000|FINAL,2026.03.05 08:30:00,2026.03.05 10:30:00,120,2026.03.05 15:24:58,false,false,false,DISTINCT_TIMESTAMPED_REARM_EVENT,D032_REJECTED_BY_SAME_FAMILY_STACKING,DISTINCT_SETUP_SUPPRESSION
MSZZC1|6:XAUUSD|1:5|1:1|1:4|17:ASIA_LOW|20260305,ASIA_LOW|20260305,SSRP|ASIA_LOW|20260305|1772698500|FINAL,SSRP|ASIA_LOW|20260305|1772706600|FINAL,2026.03.05 08:30:00,2026.03.05 10:35:00,125,2026.03.05 15:24:58,false,false,false,DISTINCT_TIMESTAMPED_REARM_EVENT,D032_REJECTED_BY_SAME_FAMILY_STACKING,DISTINCT_SETUP_SUPPRESSION
MSZZC1|6:XAUUSD|1:5|1:1|1:4|17:ASIA_LOW|20260306,ASIA_LOW|20260306,SSRP|ASIA_LOW|20260306|1772805300|FINAL,SSRP|ASIA_LOW|20260306|1772809500|FINAL,2026.03.06 14:00:00,2026.03.06 15:10:00,70,2026.03.06 15:34:58,false,false,false,DISTINCT_TIMESTAMPED_REARM_EVENT,D032_REJECTED_BY_SAME_FAMILY_STACKING,DISTINCT_SETUP_SUPPRESSION
MSZZC1|6:XAUUSD|1:5|2:-1|1:4|18:ASIA_HIGH|20260306,ASIA_HIGH|20260306,SSRP|ASIA_HIGH|20260306|1772818800|FINAL,SSRP|ASIA_HIGH|20260306|1772819400|FINAL,2026.03.06 17:50:00,2026.03.06 17:55:00,5,2026.03.06 20:44:58,false,false,false,DISTINCT_TIMESTAMPED_REARM_EVENT,D032_REJECTED_BY_SAME_FAMILY_STACKING,DISTINCT_SETUP_SUPPRESSION
MSZZC1|6:XAUUSD|1:5|2:-1|1:4|18:ASIA_HIGH|20260306,ASIA_HIGH|20260306,SSRP|ASIA_HIGH|20260306|1772818800|FINAL,SSRP|ASIA_HIGH|20260306|1772819700|FINAL,2026.03.06 17:50:00,2026.03.06 18:20:00,30,2026.03.06 20:44:58,false,false,false,DISTINCT_TIMESTAMPED_REARM_EVENT,D032_REJECTED_BY_SAME_FAMILY_STACKING,DISTINCT_SETUP_SUPPRESSION
MSZZC1|6:XAUUSD|1:5|2:-1|1:4|18:ASIA_HIGH|20260306,ASIA_HIGH|20260306,SSRP|ASIA_HIGH|20260306|1772818800|FINAL,SSRP|ASIA_HIGH|20260306|1772821200|FINAL,2026.03.06 17:50:00,2026.03.06 18:25:00,35,2026.03.06 20:44:58,false,false,false,DISTINCT_TIMESTAMPED_REARM_EVENT,D032_REJECTED_BY_SAME_FAMILY_STACKING,DISTINCT_SETUP_SUPPRESSION
MSZZC1|6:XAUUSD|1:5|2:-1|1:4|18:ASIA_HIGH|20260306,ASIA_HIGH|20260306,SSRP|ASIA_HIGH|20260306|1772818800|FINAL,SSRP|ASIA_HIGH|20260306|1772821800|FINAL,2026.03.06 17:50:00,2026.03.06 18:35:00,45,2026.03.06 20:44:58,false,false,false,DISTINCT_TIMESTAMPED_REARM_EVENT,D032_REJECTED_BY_SAME_FAMILY_STACKING,DISTINCT_SETUP_SUPPRESSION
MSZZC1|6:XAUUSD|1:5|2:-1|1:4|18:ASIA_HIGH|20260306,ASIA_HIGH|20260306,SSRP|ASIA_HIGH|20260306|1772818800|FINAL,SSRP|ASIA_HIGH|20260306|1772822700|FINAL,2026.03.06 17:50:00,2026.03.06 18:50:00,60,2026.03.06 20:44:58,false,false,false,DISTINCT_TIMESTAMPED_REARM_EVENT,D032_REJECTED_BY_SAME_FAMILY_STACKING,DISTINCT_SETUP_SUPPRESSION
MSZZC1|6:XAUUSD|1:5|2:-1|1:4|18:ASIA_HIGH|20260306,ASIA_HIGH|20260306,SSRP|ASIA_HIGH|20260306|1772818800|FINAL,SSRP|ASIA_HIGH|20260306|1772823000|FINAL,2026.03.06 17:50:00,2026.03.06 18:55:00,65,2026.03.06 20:44:58,false,false,false,DISTINCT_TIMESTAMPED_REARM_EVENT,D032_REJECTED_BY_SAME_FAMILY_STACKING,DISTINCT_SETUP_SUPPRESSION
MSZZC1|6:XAUUSD|1:5|2:-1|1:4|18:ASIA_HIGH|20260306,ASIA_HIGH|20260306,SSRP|ASIA_HIGH|20260306|1772818800|FINAL,SSRP|ASIA_HIGH|20260306|1772825400|FINAL,2026.03.06 17:50:00,2026.03.06 19:40:00,110,2026.03.06 20:44:58,false,false,false,DISTINCT_TIMESTAMPED_REARM_EVENT,D032_REJECTED_BY_SAME_FAMILY_STACKING,DISTINCT_SETUP_SUPPRESSION
MSZZC1|6:XAUUSD|1:5|2:-1|1:4|18:ASIA_HIGH|20260306,ASIA_HIGH|20260306,SSRP|ASIA_HIGH|20260306|1772818800|FINAL,SSRP|ASIA_HIGH|20260306|1772826000|FINAL,2026.03.06 17:50:00,2026.03.06 19:45:00,115,2026.03.06 20:44:58,false,false,false,DISTINCT_TIMESTAMPED_REARM_EVENT,D032_REJECTED_BY_SAME_FAMILY_STACKING,DISTINCT_SETUP_SUPPRESSION
MSZZC1|6:XAUUSD|1:5|2:-1|1:4|18:ASIA_HIGH|20260310,ASIA_HIGH|20260310,SSRP|ASIA_HIGH|20260310|1773143100|FINAL,SSRP|ASIA_HIGH|20260310|1773143700|FINAL,2026.03.10 11:55:00,2026.03.10 12:00:00,5,2026.03.10 13:39:58,false,false,false,DISTINCT_TIMESTAMPED_REARM_EVENT,D032_REJECTED_BY_SAME_FAMILY_STACKING,DISTINCT_SETUP_SUPPRESSION
MSZZC1|6:XAUUSD|1:5|2:-1|1:4|18:ASIA_HIGH|20260310,ASIA_HIGH|20260310,SSRP|ASIA_HIGH|20260310|1773143100|FINAL,SSRP|ASIA_HIGH|20260310|1773144600|FINAL,2026.03.10 11:55:00,2026.03.10 12:15:00,20,2026.03.10 13:39:58,false,false,false,DISTINCT_TIMESTAMPED_REARM_EVENT,D032_REJECTED_BY_SAME_FAMILY_STACKING,DISTINCT_SETUP_SUPPRESSION
MSZZC1|6:XAUUSD|1:5|2:-1|1:4|18:ASIA_HIGH|20260310,ASIA_HIGH|20260310,SSRP|ASIA_HIGH|20260310|1773143100|FINAL,SSRP|ASIA_HIGH|20260310|1773144900|FINAL,2026.03.10 11:55:00,2026.03.10 12:20:00,25,2026.03.10 13:39:58,false,false,false,DISTINCT_TIMESTAMPED_REARM_EVENT,D032_REJECTED_BY_SAME_FAMILY_STACKING,DISTINCT_SETUP_SUPPRESSION
MSZZC1|6:XAUUSD|1:5|2:-1|1:4|18:ASIA_HIGH|20260310,ASIA_HIGH|20260310,SSRP|ASIA_HIGH|20260310|1773143100|FINAL,SSRP|ASIA_HIGH|20260310|1773145800|FINAL,2026.03.10 11:55:00,2026.03.10 12:35:00,40,2026.03.10 13:39:58,false,false,false,DISTINCT_TIMESTAMPED_REARM_EVENT,D032_REJECTED_BY_SAME_FAMILY_STACKING,DISTINCT_SETUP_SUPPRESSION
MSZZC1|6:XAUUSD|1:5|2:-1|1:4|18:ASIA_HIGH|20260310,ASIA_HIGH|20260310,SSRP|ASIA_HIGH|20260310|1773143100|FINAL,SSRP|ASIA_HIGH|20260310|1773146700|FINAL,2026.03.10 11:55:00,2026.03.10 12:50:00,55,2026.03.10 13:39:58,false,false,false,DISTINCT_TIMESTAMPED_REARM_EVENT,D032_REJECTED_BY_SAME_FAMILY_STACKING,DISTINCT_SETUP_SUPPRESSION
MSZZC1|6:XAUUSD|1:5|2:-1|1:4|18:ASIA_HIGH|20260310,ASIA_HIGH|20260310,SSRP|ASIA_HIGH|20260310|1773143100|FINAL,SSRP|ASIA_HIGH|20260310|1773151500|FINAL,2026.03.10 11:55:00,2026.03.10 14:15:00,140,2026.03.10 13:39:58,true,true,false,DISTINCT_TIMESTAMPED_REARM_EVENT,D032_ACCEPTED_DISTINCT_TRADE,DISTINCT_SETUP_SUPPRESSION
MSZZC1|6:XAUUSD|1:5|2:-1|1:4|18:ASIA_HIGH|20260310,ASIA_HIGH|20260310,SSRP|ASIA_HIGH|20260310|1773143100|FINAL,SSRP|ASIA_HIGH|20260310|1773152400|FINAL,2026.03.10 11:55:00,2026.03.10 14:25:00,150,2026.03.10 13:39:58,true,false,false,DISTINCT_TIMESTAMPED_REARM_EVENT,D032_REJECTED_BY_SAME_FAMILY_STACKING,DISTINCT_SETUP_SUPPRESSION
MSZZC1|6:XAUUSD|1:5|2:-1|1:4|18:ASIA_HIGH|20260310,ASIA_HIGH|20260310,SSRP|ASIA_HIGH|20260310|1773143100|FINAL,SSRP|ASIA_HIGH|20260310|1773157500|FINAL,2026.03.10 11:55:00,2026.03.10 15:50:00,235,2026.03.10 13:39:58,true,true,false,DISTINCT_TIMESTAMPED_REARM_EVENT,D032_ACCEPTED_DISTINCT_TRADE,DISTINCT_SETUP_SUPPRESSION
MSZZC1|6:XAUUSD|1:5|2:-1|1:4|18:ASIA_HIGH|20260310,ASIA_HIGH|20260310,SSRP|ASIA_HIGH|20260310|1773143100|FINAL,SSRP|ASIA_HIGH|20260310|1773177000|FINAL,2026.03.10 11:55:00,2026.03.10 21:15:00,560,2026.03.10 13:39:58,true,true,false,DISTINCT_TIMESTAMPED_REARM_EVENT,D032_ACCEPTED_DISTINCT_TRADE,DISTINCT_SETUP_SUPPRESSION
MSZZC1|6:XAUUSD|1:5|2:-1|1:4|18:ASIA_HIGH|20260310,ASIA_HIGH|20260310,SSRP|ASIA_HIGH|20260310|1773143100|FINAL,SSRP|ASIA_HIGH|20260310|1773181500|FINAL,2026.03.10 11:55:00,2026.03.10 22:30:00,635,2026.03.10 13:39:58,true,false,false,DISTINCT_TIMESTAMPED_REARM_EVENT,D032_REJECTED_BY_SAME_FAMILY_STACKING,DISTINCT_SETUP_SUPPRESSION
MSZZC1|6:XAUUSD|1:5|1:1|1:4|17:ASIA_LOW|20260311,ASIA_LOW|20260311,SSRP|ASIA_LOW|20260311|1773228300|FINAL,SSRP|ASIA_LOW|20260311|1773228600|FINAL,2026.03.11 11:30:00,2026.03.11 11:45:00,15,2026.03.11 11:39:58,true,false,false,DISTINCT_TIMESTAMPED_REARM_EVENT,D032_REJECTED_BY_SAME_FAMILY_STACKING,DISTINCT_SETUP_SUPPRESSION
MSZZC1|6:XAUUSD|1:5|1:1|1:4|17:ASIA_LOW|20260311,ASIA_LOW|20260311,SSRP|ASIA_LOW|20260311|1773228300|FINAL,SSRP|ASIA_LOW|20260311|1773229500|FINAL,2026.03.11 11:30:00,2026.03.11 11:50:00,20,2026.03.11 11:39:58,true,false,false,DISTINCT_TIMESTAMPED_REARM_EVENT,D032_REJECTED_BY_SAME_FAMILY_STACKING,DISTINCT_SETUP_SUPPRESSION
MSZZC1|6:XAUUSD|1:5|1:1|1:4|17:ASIA_LOW|20260311,ASIA_LOW|20260311,SSRP|ASIA_LOW|20260311|1773228300|FINAL,SSRP|ASIA_LOW|20260311|1773230700|FINAL,2026.03.11 11:30:00,2026.03.11 12:10:00,40,2026.03.11 11:39:58,true,false,false,DISTINCT_TIMESTAMPED_REARM_EVENT,D032_REJECTED_BY_SAME_FAMILY_STACKING,DISTINCT_SETUP_SUPPRESSION
MSZZC1|6:XAUUSD|1:5|1:1|1:4|17:ASIA_LOW|20260311,ASIA_LOW|20260311,SSRP|ASIA_LOW|20260311|1773228300|FINAL,SSRP|ASIA_LOW|20260311|1773236400|FINAL,2026.03.11 11:30:00,2026.03.11 13:45:00,135,2026.03.11 11:39:58,true,false,false,DISTINCT_TIMESTAMPED_REARM_EVENT,D032_REJECTED_BY_SAME_FAMILY_STACKING,DISTINCT_SETUP_SUPPRESSION
MSZZC1|6:XAUUSD|1:5|1:1|1:4|17:ASIA_LOW|20260311,ASIA_LOW|20260311,SSRP|ASIA_LOW|20260311|1773228300|FINAL,SSRP|ASIA_LOW|20260311|1773236700|FINAL,2026.03.11 11:30:00,2026.03.11 13:50:00,140,2026.03.11 11:39:58,true,false,false,DISTINCT_TIMESTAMPED_REARM_EVENT,D032_REJECTED_BY_SAME_FAMILY_STACKING,DISTINCT_SETUP_SUPPRESSION
MSZZC1|6:XAUUSD|1:5|1:1|1:4|17:ASIA_LOW|20260311,ASIA_LOW|20260311,SSRP|ASIA_LOW|20260311|1773228300|FINAL,SSRP|ASIA_LOW|20260311|1773238500|FINAL,2026.03.11 11:30:00,2026.03.11 14:30:00,180,2026.03.11 11:39:58,true,false,false,DISTINCT_TIMESTAMPED_REARM_EVENT,D032_REJECTED_BY_SAME_FAMILY_STACKING,DISTINCT_SETUP_SUPPRESSION
MSZZC1|6:XAUUSD|1:5|1:1|1:4|17:ASIA_LOW|20260311,ASIA_LOW|20260311,SSRP|ASIA_LOW|20260311|1773228300|FINAL,SSRP|ASIA_LOW|20260311|1773239400|FINAL,2026.03.11 11:30:00,2026.03.11 14:35:00,185,2026.03.11 11:39:58,true,false,false,DISTINCT_TIMESTAMPED_REARM_EVENT,D032_REJECTED_BY_SAME_FAMILY_STACKING,DISTINCT_SETUP_SUPPRESSION
MSZZC1|6:XAUUSD|1:5|1:1|1:4|17:ASIA_LOW|20260311,ASIA_LOW|20260311,SSRP|ASIA_LOW|20260311|1773228300|FINAL,SSRP|ASIA_LOW|20260311|1773240600|FINAL,2026.03.11 11:30:00,2026.03.11 15:00:00,210,2026.03.11 11:39:58,true,false,false,DISTINCT_TIMESTAMPED_REARM_EVENT,D032_REJECTED_BY_SAME_FAMILY_STACKING,DISTINCT_SETUP_SUPPRESSION
MSZZC1|6:XAUUSD|1:5|1:1|1:4|17:ASIA_LOW|20260311,ASIA_LOW|20260311,SSRP|ASIA_LOW|20260311|1773228300|FINAL,SSRP|ASIA_LOW|20260311|1773241200|FINAL,2026.03.11 11:30:00,2026.03.11 15:05:00,215,2026.03.11 11:39:58,true,false,false,DISTINCT_TIMESTAMPED_REARM_EVENT,D032_REJECTED_BY_SAME_FAMILY_STACKING,DISTINCT_SETUP_SUPPRESSION
MSZZC1|6:XAUUSD|1:5|1:1|1:4|17:ASIA_LOW|20260311,ASIA_LOW|20260311,SSRP|ASIA_LOW|20260311|1773228300|FINAL,SSRP|ASIA_LOW|20260311|1773248100|FINAL,2026.03.11 11:30:00,2026.03.11 17:00:00,330,2026.03.11 11:39:58,true,false,false,DISTINCT_TIMESTAMPED_REARM_EVENT,D032_REJECTED_BY_SAME_FAMILY_STACKING,DISTINCT_SETUP_SUPPRESSION
MSZZC1|6:XAUUSD|1:5|1:1|1:4|17:ASIA_LOW|20260311,ASIA_LOW|20260311,SSRP|ASIA_LOW|20260311|1773228300|FINAL,SSRP|ASIA_LOW|20260311|1773248400|FINAL,2026.03.11 11:30:00,2026.03.11 17:05:00,335,2026.03.11 11:39:58,true,false,false,DISTINCT_TIMESTAMPED_REARM_EVENT,D032_REJECTED_BY_SAME_FAMILY_STACKING,DISTINCT_SETUP_SUPPRESSION
MSZZC1|6:XAUUSD|1:5|1:1|1:4|17:ASIA_LOW|20260311,ASIA_LOW|20260311,SSRP|ASIA_LOW|20260311|1773228300|FINAL,SSRP|ASIA_LOW|20260311|1773248700|FINAL,2026.03.11 11:30:00,2026.03.11 17:10:00,340,2026.03.11 11:39:58,true,false,false,DISTINCT_TIMESTAMPED_REARM_EVENT,D032_REJECTED_BY_SAME_FAMILY_STACKING,DISTINCT_SETUP_SUPPRESSION
MSZZC1|6:XAUUSD|1:5|1:1|1:4|17:ASIA_LOW|20260311,ASIA_LOW|20260311,SSRP|ASIA_LOW|20260311|1773228300|FINAL,SSRP|ASIA_LOW|20260311|1773249000|FINAL,2026.03.11 11:30:00,2026.03.11 17:15:00,345,2026.03.11 11:39:58,true,false,false,DISTINCT_TIMESTAMPED_REARM_EVENT,D032_REJECTED_BY_SAME_FAMILY_STACKING,DISTINCT_SETUP_SUPPRESSION
MSZZC1|6:XAUUSD|1:5|1:1|1:4|17:ASIA_LOW|20260311,ASIA_LOW|20260311,SSRP|ASIA_LOW|20260311|1773228300|FINAL,SSRP|ASIA_LOW|20260311|1773250800|FINAL,2026.03.11 11:30:00,2026.03.11 17:45:00,375,2026.03.11 11:39:58,true,false,false,DISTINCT_TIMESTAMPED_REARM_EVENT,D032_REJECTED_BY_SAME_FAMILY_STACKING,DISTINCT_SETUP_SUPPRESSION
MSZZC1|6:XAUUSD|1:5|1:1|1:4|17:ASIA_LOW|20260311,ASIA_LOW|20260311,SSRP|ASIA_LOW|20260311|1773228300|FINAL,SSRP|ASIA_LOW|20260311|1773251100|FINAL,2026.03.11 11:30:00,2026.03.11 17:50:00,380,2026.03.11 11:39:58,true,false,false,DISTINCT_TIMESTAMPED_REARM_EVENT,D032_REJECTED_BY_SAME_FAMILY_STACKING,DISTINCT_SETUP_SUPPRESSION
MSZZC1|6:XAUUSD|1:5|2:-1|1:4|18:ASIA_HIGH|20260312,ASIA_HIGH|20260312,SSRP|ASIA_HIGH|20260312|1773312300|FINAL,SSRP|ASIA_HIGH|20260312|1773313200|FINAL,2026.03.12 10:50:00,2026.03.12 11:10:00,20,2026.03.12 11:04:57,true,false,false,DISTINCT_TIMESTAMPED_REARM_EVENT,D032_REJECTED_BY_SAME_FAMILY_STACKING,DISTINCT_SETUP_SUPPRESSION
MSZZC1|6:XAUUSD|1:5|2:-1|1:4|18:ASIA_HIGH|20260312,ASIA_HIGH|20260312,SSRP|ASIA_HIGH|20260312|1773312300|FINAL,SSRP|ASIA_HIGH|20260312|1773313800|FINAL,2026.03.12 10:50:00,2026.03.12 11:15:00,25,2026.03.12 11:04:57,true,false,false,DISTINCT_TIMESTAMPED_REARM_EVENT,D032_REJECTED_BY_SAME_FAMILY_STACKING,DISTINCT_SETUP_SUPPRESSION
MSZZC1|6:XAUUSD|1:5|2:-1|1:4|18:ASIA_HIGH|20260312,ASIA_HIGH|20260312,SSRP|ASIA_HIGH|20260312|1773312300|FINAL,SSRP|ASIA_HIGH|20260312|1773314100|FINAL,2026.03.12 10:50:00,2026.03.12 11:20:00,30,2026.03.12 11:04:57,true,false,false,DISTINCT_TIMESTAMPED_REARM_EVENT,D032_REJECTED_BY_SAME_FAMILY_STACKING,DISTINCT_SETUP_SUPPRESSION
MSZZC1|6:XAUUSD|1:5|2:-1|1:4|18:ASIA_HIGH|20260312,ASIA_HIGH|20260312,SSRP|ASIA_HIGH|20260312|1773312300|FINAL,SSRP|ASIA_HIGH|20260312|1773321000|FINAL,2026.03.12 10:50:00,2026.03.12 13:25:00,155,2026.03.12 11:04:57,true,false,false,DISTINCT_TIMESTAMPED_REARM_EVENT,D032_REJECTED_BY_SAME_FAMILY_STACKING,DISTINCT_SETUP_SUPPRESSION
MSZZC1|6:XAUUSD|1:5|2:-1|1:4|18:ASIA_HIGH|20260312,ASIA_HIGH|20260312,SSRP|ASIA_HIGH|20260312|1773312300|FINAL,SSRP|ASIA_HIGH|20260312|1773321900|FINAL,2026.03.12 10:50:00,2026.03.12 13:30:00,160,2026.03.12 11:04:57,true,false,false,DISTINCT_TIMESTAMPED_REARM_EVENT,D032_REJECTED_BY_SAME_FAMILY_STACKING,DISTINCT_SETUP_SUPPRESSION
MSZZC1|6:XAUUSD|1:5|2:-1|1:4|18:ASIA_HIGH|20260312,ASIA_HIGH|20260312,SSRP|ASIA_HIGH|20260312|1773312300|FINAL,SSRP|ASIA_HIGH|20260312|1773330600|FINAL,2026.03.12 10:50:00,2026.03.12 15:55:00,305,2026.03.12 11:04:57,true,false,false,DISTINCT_TIMESTAMPED_REARM_EVENT,D032_REJECTED_BY_SAME_FAMILY_STACKING,DISTINCT_SETUP_SUPPRESSION
MSZZC1|6:XAUUSD|1:5|2:-1|1:4|18:ASIA_HIGH|20260312,ASIA_HIGH|20260312,SSRP|ASIA_HIGH|20260312|1773312300|FINAL,SSRP|ASIA_HIGH|20260312|1773330900|FINAL,2026.03.12 10:50:00,2026.03.12 16:00:00,310,2026.03.12 11:04:57,true,false,false,DISTINCT_TIMESTAMPED_REARM_EVENT,D032_REJECTED_BY_SAME_FAMILY_STACKING,DISTINCT_SETUP_SUPPRESSION
MSZZC1|6:XAUUSD|1:5|2:-1|1:4|18:ASIA_HIGH|20260312,ASIA_HIGH|20260312,SSRP|ASIA_HIGH|20260312|1773312300|FINAL,SSRP|ASIA_HIGH|20260312|1773331200|FINAL,2026.03.12 10:50:00,2026.03.12 16:05:00,315,2026.03.12 11:04:57,true,false,false,DISTINCT_TIMESTAMPED_REARM_EVENT,D032_REJECTED_BY_SAME_FAMILY_STACKING,DISTINCT_SETUP_SUPPRESSION
MSZZC1|6:XAUUSD|1:5|2:-1|1:4|18:ASIA_HIGH|20260312,ASIA_HIGH|20260312,SSRP|ASIA_HIGH|20260312|1773312300|FINAL,SSRP|ASIA_HIGH|20260312|1773331500|FINAL,2026.03.12 10:50:00,2026.03.12 16:15:00,325,2026.03.12 11:04:57,true,false,false,DISTINCT_TIMESTAMPED_REARM_EVENT,D032_REJECTED_BY_SAME_FAMILY_STACKING,DISTINCT_SETUP_SUPPRESSION
MSZZC1|6:XAUUSD|1:5|2:-1|1:4|18:ASIA_HIGH|20260312,ASIA_HIGH|20260312,SSRP|ASIA_HIGH|20260312|1773312300|FINAL,SSRP|ASIA_HIGH|20260312|1773332100|FINAL,2026.03.12 10:50:00,2026.03.12 16:20:00,330,2026.03.12 11:04:57,true,false,false,DISTINCT_TIMESTAMPED_REARM_EVENT,D032_REJECTED_BY_SAME_FAMILY_STACKING,DISTINCT_SETUP_SUPPRESSION
MSZZC1|6:XAUUSD|1:5|1:1|1:4|17:ASIA_LOW|20260312,ASIA_LOW|20260312,SSRP|ASIA_LOW|20260312|1773339000|FINAL,SSRP|ASIA_LOW|20260312|1773340200|FINAL,2026.03.12 18:20:00,2026.03.12 18:35:00,15,2026.03.12 20:44:58,false,false,false,DISTINCT_TIMESTAMPED_REARM_EVENT,D032_REJECTED_BY_SAME_FAMILY_STACKING,DISTINCT_SETUP_SUPPRESSION
MSZZC1|6:XAUUSD|1:5|1:1|1:4|17:ASIA_LOW|20260312,ASIA_LOW|20260312,SSRP|ASIA_LOW|20260312|1773339000|FINAL,SSRP|ASIA_LOW|20260312|1773340500|FINAL,2026.03.12 18:20:00,2026.03.12 18:40:00,20,2026.03.12 20:44:58,false,false,false,DISTINCT_TIMESTAMPED_REARM_EVENT,D032_REJECTED_BY_SAME_FAMILY_STACKING,DISTINCT_SETUP_SUPPRESSION
MSZZC1|6:XAUUSD|1:5|1:1|1:4|17:ASIA_LOW|20260312,ASIA_LOW|20260312,SSRP|ASIA_LOW|20260312|1773339000|FINAL,SSRP|ASIA_LOW|20260312|1773342300|FINAL,2026.03.12 18:20:00,2026.03.12 19:10:00,50,2026.03.12 20:44:58,false,false,false,DISTINCT_TIMESTAMPED_REARM_EVENT,D032_REJECTED_BY_SAME_FAMILY_STACKING,DISTINCT_SETUP_SUPPRESSION
MSZZC1|6:XAUUSD|1:5|1:1|1:4|17:ASIA_LOW|20260312,ASIA_LOW|20260312,SSRP|ASIA_LOW|20260312|1773339000|FINAL,SSRP|ASIA_LOW|20260312|1773342600|FINAL,2026.03.12 18:20:00,2026.03.12 19:15:00,55,2026.03.12 20:44:58,false,false,false,DISTINCT_TIMESTAMPED_REARM_EVENT,D032_REJECTED_BY_SAME_FAMILY_STACKING,DISTINCT_SETUP_SUPPRESSION
MSZZC1|6:XAUUSD|1:5|1:1|1:4|17:ASIA_LOW|20260312,ASIA_LOW|20260312,SSRP|ASIA_LOW|20260312|1773339000|FINAL,SSRP|ASIA_LOW|20260312|1773345300|FINAL,2026.03.12 18:20:00,2026.03.12 20:00:00,100,2026.03.12 20:44:58,false,false,false,DISTINCT_TIMESTAMPED_REARM_EVENT,D032_REJECTED_BY_SAME_FAMILY_STACKING,DISTINCT_SETUP_SUPPRESSION
MSZZC1|6:XAUUSD|1:5|1:1|1:4|17:ASIA_LOW|20260313,ASIA_LOW|20260313,SSRP|ASIA_LOW|20260313|1773399600|FINAL,SSRP|ASIA_LOW|20260313|1773400200|FINAL,2026.03.13 11:10:00,2026.03.13 11:15:00,5,2026.03.13 11:24:58,false,false,false,DISTINCT_TIMESTAMPED_REARM_EVENT,D032_REJECTED_BY_SAME_FAMILY_STACKING,DISTINCT_SETUP_SUPPRESSION
MSZZC1|6:XAUUSD|1:5|1:1|1:4|17:ASIA_LOW|20260313,ASIA_LOW|20260313,SSRP|ASIA_LOW|20260313|1773399600|FINAL,SSRP|ASIA_LOW|20260313|1773400800|FINAL,2026.03.13 11:10:00,2026.03.13 11:30:00,20,2026.03.13 11:24:58,true,true,false,DISTINCT_TIMESTAMPED_REARM_EVENT,D032_ACCEPTED_DISTINCT_TRADE,DISTINCT_SETUP_SUPPRESSION
MSZZC1|6:XAUUSD|1:5|1:1|1:4|17:ASIA_LOW|20260313,ASIA_LOW|20260313,SSRP|ASIA_LOW|20260313|1773399600|FINAL,SSRP|ASIA_LOW|20260313|1773401400|FINAL,2026.03.13 11:10:00,2026.03.13 11:35:00,25,2026.03.13 11:24:58,true,false,false,DISTINCT_TIMESTAMPED_REARM_EVENT,D032_REJECTED_BY_SAME_FAMILY_STACKING,DISTINCT_SETUP_SUPPRESSION
MSZZC1|6:XAUUSD|1:5|2:-1|1:4|18:ASIA_HIGH|20260316,ASIA_HIGH|20260316,SSRP|ASIA_HIGH|20260316|1773652500|FINAL,SSRP|ASIA_HIGH|20260316|1773652800|FINAL,2026.03.16 09:20:00,2026.03.16 09:25:00,5,2026.03.16 09:49:58,false,false,false,DISTINCT_TIMESTAMPED_REARM_EVENT,D032_REJECTED_BY_SAME_FAMILY_STACKING,DISTINCT_SETUP_SUPPRESSION
MSZZC1|6:XAUUSD|1:5|2:-1|1:4|18:ASIA_HIGH|20260316,ASIA_HIGH|20260316,SSRP|ASIA_HIGH|20260316|1773652500|FINAL,SSRP|ASIA_HIGH|20260316|1773678900|FINAL,2026.03.16 09:20:00,2026.03.16 16:45:00,445,2026.03.16 09:49:58,true,true,false,DISTINCT_TIMESTAMPED_REARM_EVENT,D032_ACCEPTED_DISTINCT_TRADE,DISTINCT_SETUP_SUPPRESSION
MSZZC1|6:XAUUSD|1:5|2:-1|1:4|18:ASIA_HIGH|20260316,ASIA_HIGH|20260316,SSRP|ASIA_HIGH|20260316|1773652500|FINAL,SSRP|ASIA_HIGH|20260316|1773679500|FINAL,2026.03.16 09:20:00,2026.03.16 16:50:00,450,2026.03.16 09:49:58,true,false,false,DISTINCT_TIMESTAMPED_REARM_EVENT,D032_REJECTED_BY_SAME_FAMILY_STACKING,DISTINCT_SETUP_SUPPRESSION
MSZZC1|6:XAUUSD|1:5|2:-1|1:4|18:ASIA_HIGH|20260316,ASIA_HIGH|20260316,SSRP|ASIA_HIGH|20260316|1773652500|FINAL,SSRP|ASIA_HIGH|20260316|1773680400|FINAL,2026.03.16 09:20:00,2026.03.16 17:10:00,470,2026.03.16 09:49:58,true,true,false,DISTINCT_TIMESTAMPED_REARM_EVENT,D032_ACCEPTED_DISTINCT_TRADE,DISTINCT_SETUP_SUPPRESSION
MSZZC1|6:XAUUSD|1:5|2:-1|1:4|18:ASIA_HIGH|20260316,ASIA_HIGH|20260316,SSRP|ASIA_HIGH|20260316|1773652500|FINAL,SSRP|ASIA_HIGH|20260316|1773681000|FINAL,2026.03.16 09:20:00,2026.03.16 17:15:00,475,2026.03.16 09:49:58,true,false,false,DISTINCT_TIMESTAMPED_REARM_EVENT,D032_REJECTED_BY_SAME_FAMILY_STACKING,DISTINCT_SETUP_SUPPRESSION
MSZZC1|6:XAUUSD|1:5|1:1|1:4|17:ASIA_LOW|20260317,ASIA_LOW|20260317,SSRP|ASIA_LOW|20260317|1773754800|FINAL,SSRP|ASIA_LOW|20260317|1773772800|FINAL,2026.03.17 13:45:00,2026.03.17 18:50:00,305,2026.03.17 14:49:57,true,true,false,DISTINCT_TIMESTAMPED_REARM_EVENT,D032_ACCEPTED_DISTINCT_TRADE,DISTINCT_SETUP_SUPPRESSION
MSZZC1|6:XAUUSD|1:5|1:1|1:4|17:ASIA_LOW|20260317,ASIA_LOW|20260317,SSRP|ASIA_LOW|20260317|1773754800|FINAL,SSRP|ASIA_LOW|20260317|1773773400|FINAL,2026.03.17 13:45:00,2026.03.17 18:55:00,310,2026.03.17 14:49:57,true,false,false,DISTINCT_TIMESTAMPED_REARM_EVENT,D032_REJECTED_BY_SAME_FAMILY_STACKING,DISTINCT_SETUP_SUPPRESSION
MSZZC1|6:XAUUSD|1:5|1:1|1:4|17:ASIA_LOW|20260317,ASIA_LOW|20260317,SSRP|ASIA_LOW|20260317|1773754800|FINAL,SSRP|ASIA_LOW|20260317|1773774000|FINAL,2026.03.17 13:45:00,2026.03.17 19:15:00,330,2026.03.17 14:49:57,true,false,false,DISTINCT_TIMESTAMPED_REARM_EVENT,D032_REJECTED_BY_SAME_FAMILY_STACKING,DISTINCT_SETUP_SUPPRESSION
MSZZC1|6:XAUUSD|1:5|1:1|1:4|17:ASIA_LOW|20260317,ASIA_LOW|20260317,SSRP|ASIA_LOW|20260317|1773754800|FINAL,SSRP|ASIA_LOW|20260317|1773774900|FINAL,2026.03.17 13:45:00,2026.03.17 19:20:00,335,2026.03.17 14:49:57,true,false,false,DISTINCT_TIMESTAMPED_REARM_EVENT,D032_REJECTED_BY_SAME_FAMILY_STACKING,DISTINCT_SETUP_SUPPRESSION
MSZZC1|6:XAUUSD|1:5|1:1|1:4|17:ASIA_LOW|20260323,ASIA_LOW|20260323,SSRP|ASIA_LOW|20260323|1774274400|FINAL,SSRP|ASIA_LOW|20260323|1774274700|FINAL,2026.03.23 14:05:00,2026.03.23 14:10:00,5,2026.03.27 10:45:00,false,false,false,DISTINCT_TIMESTAMPED_REARM_EVENT,D032_REJECTED_BY_SAME_FAMILY_STACKING,DISTINCT_SETUP_SUPPRESSION
MSZZC1|6:XAUUSD|1:5|2:-1|1:4|18:ASIA_HIGH|20260327,ASIA_HIGH|20260327,SSRP|ASIA_HIGH|20260327|1774607700|FINAL,SSRP|ASIA_HIGH|20260327|1774608000|FINAL,2026.03.27 10:40:00,2026.03.27 10:50:00,10,2026.03.27 11:29:58,false,false,false,DISTINCT_TIMESTAMPED_REARM_EVENT,D032_REJECTED_BY_SAME_FAMILY_STACKING,DISTINCT_SETUP_SUPPRESSION
MSZZC1|6:XAUUSD|1:5|2:-1|1:4|18:ASIA_HIGH|20260327,ASIA_HIGH|20260327,SSRP|ASIA_HIGH|20260327|1774607700|FINAL,SSRP|ASIA_HIGH|20260327|1774608600|FINAL,2026.03.27 10:40:00,2026.03.27 10:55:00,15,2026.03.27 11:29:58,false,false,false,DISTINCT_TIMESTAMPED_REARM_EVENT,D032_REJECTED_BY_SAME_FAMILY_STACKING,DISTINCT_SETUP_SUPPRESSION
MSZZC1|6:XAUUSD|1:5|2:-1|1:4|18:ASIA_HIGH|20260327,ASIA_HIGH|20260327,SSRP|ASIA_HIGH|20260327|1774607700|FINAL,SSRP|ASIA_HIGH|20260327|1774609200|FINAL,2026.03.27 10:40:00,2026.03.27 11:05:00,25,2026.03.27 11:29:58,false,false,false,DISTINCT_TIMESTAMPED_REARM_EVENT,D032_REJECTED_BY_SAME_FAMILY_STACKING,DISTINCT_SETUP_SUPPRESSION
MSZZC1|6:XAUUSD|1:5|2:-1|1:4|18:ASIA_HIGH|20260330,ASIA_HIGH|20260330,SSRP|ASIA_HIGH|20260330|1774902300|FINAL,SSRP|ASIA_HIGH|20260330|1774903200|FINAL,2026.03.30 20:30:00,2026.03.30 20:50:00,20,2026.03.31 03:24:58,false,false,false,DISTINCT_TIMESTAMPED_REARM_EVENT,D032_REJECTED_BY_SAME_FAMILY_STACKING,DISTINCT_SETUP_SUPPRESSION
MSZZC1|6:XAUUSD|1:5|2:-1|1:4|18:ASIA_HIGH|20260330,ASIA_HIGH|20260330,SSRP|ASIA_HIGH|20260330|1774902300|FINAL,SSRP|ASIA_HIGH|20260330|1774903800|FINAL,2026.03.30 20:30:00,2026.03.30 20:55:00,25,2026.03.31 03:24:58,false,false,false,DISTINCT_TIMESTAMPED_REARM_EVENT,D032_REJECTED_BY_SAME_FAMILY_STACKING,DISTINCT_SETUP_SUPPRESSION
MSZZC1|6:XAUUSD|1:5|2:-1|1:4|18:ASIA_HIGH|20260330,ASIA_HIGH|20260330,SSRP|ASIA_HIGH|20260330|1774902300|FINAL,SSRP|ASIA_HIGH|20260330|1774904400|FINAL,2026.03.30 20:30:00,2026.03.30 21:20:00,50,2026.03.31 03:24:58,false,false,false,DISTINCT_TIMESTAMPED_REARM_EVENT,D032_REJECTED_BY_SAME_FAMILY_STACKING,DISTINCT_SETUP_SUPPRESSION
MSZZC1|6:XAUUSD|1:5|2:-1|1:4|18:ASIA_HIGH|20260330,ASIA_HIGH|20260330,SSRP|ASIA_HIGH|20260330|1774902300|FINAL,SSRP|ASIA_HIGH|20260330|1774905600|FINAL,2026.03.30 20:30:00,2026.03.30 21:25:00,55,2026.03.31 03:24:58,false,false,false,DISTINCT_TIMESTAMPED_REARM_EVENT,D032_REJECTED_BY_SAME_FAMILY_STACKING,DISTINCT_SETUP_SUPPRESSION
MSZZC1|6:XAUUSD|1:5|2:-1|1:4|18:ASIA_HIGH|20260330,ASIA_HIGH|20260330,SSRP|ASIA_HIGH|20260330|1774902300|FINAL,SSRP|ASIA_HIGH|20260330|1774906500|FINAL,2026.03.30 20:30:00,2026.03.30 21:40:00,70,2026.03.31 03:24:58,false,false,false,DISTINCT_TIMESTAMPED_REARM_EVENT,D032_REJECTED_BY_SAME_FAMILY_STACKING,DISTINCT_SETUP_SUPPRESSION
MSZZC1|6:XAUUSD|1:5|2:-1|1:4|18:ASIA_HIGH|20260330,ASIA_HIGH|20260330,SSRP|ASIA_HIGH|20260330|1774902300|FINAL,SSRP|ASIA_HIGH|20260330|1774907100|FINAL,2026.03.30 20:30:00,2026.03.30 21:50:00,80,2026.03.31 03:24:58,false,false,false,DISTINCT_TIMESTAMPED_REARM_EVENT,D032_REJECTED_BY_SAME_FAMILY_STACKING,DISTINCT_SETUP_SUPPRESSION
MSZZC1|6:XAUUSD|1:5|2:-1|1:4|18:ASIA_HIGH|20260330,ASIA_HIGH|20260330,SSRP|ASIA_HIGH|20260330|1774902300|FINAL,SSRP|ASIA_HIGH|20260330|1774907400|FINAL,2026.03.30 20:30:00,2026.03.30 21:55:00,85,2026.03.31 03:24:58,false,false,false,DISTINCT_TIMESTAMPED_REARM_EVENT,D032_REJECTED_BY_SAME_FAMILY_STACKING,DISTINCT_SETUP_SUPPRESSION
MSZZC1|6:XAUUSD|1:5|2:-1|1:4|18:ASIA_HIGH|20260331,ASIA_HIGH|20260331,SSRP|ASIA_HIGH|20260331|1774976400|FINAL,SSRP|ASIA_HIGH|20260331|1774978200|FINAL,2026.03.31 17:05:00,2026.03.31 17:35:00,30,2026.03.31 17:34:58,true,false,false,DISTINCT_TIMESTAMPED_REARM_EVENT,D032_REJECTED_BY_SAME_FAMILY_STACKING,DISTINCT_SETUP_SUPPRESSION
MSZZC1|6:XAUUSD|1:5|2:-1|1:4|18:ASIA_HIGH|20260331,ASIA_HIGH|20260331,SSRP|ASIA_HIGH|20260331|1774976400|FINAL,SSRP|ASIA_HIGH|20260331|1774978500|FINAL,2026.03.31 17:05:00,2026.03.31 17:40:00,35,2026.03.31 17:34:58,true,false,false,DISTINCT_TIMESTAMPED_REARM_EVENT,D032_REJECTED_BY_SAME_FAMILY_STACKING,DISTINCT_SETUP_SUPPRESSION
MSZZC1|6:XAUUSD|1:5|2:-1|1:4|18:ASIA_HIGH|20260331,ASIA_HIGH|20260331,SSRP|ASIA_HIGH|20260331|1774976400|FINAL,SSRP|ASIA_HIGH|20260331|1774980600|FINAL,2026.03.31 17:05:00,2026.03.31 18:25:00,80,2026.03.31 17:34:58,true,false,false,DISTINCT_TIMESTAMPED_REARM_EVENT,D032_REJECTED_BY_SAME_FAMILY_STACKING,DISTINCT_SETUP_SUPPRESSION
MSZZC1|6:XAUUSD|1:5|2:-1|1:4|18:ASIA_HIGH|20260331,ASIA_HIGH|20260331,SSRP|ASIA_HIGH|20260331|1774976400|FINAL,SSRP|ASIA_HIGH|20260331|1774982400|FINAL,2026.03.31 17:05:00,2026.03.31 18:45:00,100,2026.03.31 17:34:58,true,false,false,DISTINCT_TIMESTAMPED_REARM_EVENT,D032_REJECTED_BY_SAME_FAMILY_STACKING,DISTINCT_SETUP_SUPPRESSION
MSZZC1|6:XAUUSD|1:5|2:-1|1:4|18:ASIA_HIGH|20260331,ASIA_HIGH|20260331,SSRP|ASIA_HIGH|20260331|1774976400|FINAL,SSRP|ASIA_HIGH|20260331|1774982700|FINAL,2026.03.31 17:05:00,2026.03.31 18:50:00,105,2026.03.31 17:34:58,true,false,false,DISTINCT_TIMESTAMPED_REARM_EVENT,D032_REJECTED_BY_SAME_FAMILY_STACKING,DISTINCT_SETUP_SUPPRESSION
MSZZC1|6:XAUUSD|1:5|2:-1|1:4|18:ASIA_HIGH|20260331,ASIA_HIGH|20260331,SSRP|ASIA_HIGH|20260331|1774976400|FINAL,SSRP|ASIA_HIGH|20260331|1774983000|FINAL,2026.03.31 17:05:00,2026.03.31 18:55:00,110,2026.03.31 17:34:58,true,false,false,DISTINCT_TIMESTAMPED_REARM_EVENT,D032_REJECTED_BY_SAME_FAMILY_STACKING,DISTINCT_SETUP_SUPPRESSION
MSZZC1|6:XAUUSD|1:5|2:-1|1:4|18:ASIA_HIGH|20260401,ASIA_HIGH|20260401,SSRP|ASIA_HIGH|20260401|1775037300|FINAL,SSRP|ASIA_HIGH|20260401|1775037600|FINAL,2026.04.01 10:00:00,2026.04.01 10:05:00,5,2026.04.01 10:34:58,false,false,false,DISTINCT_TIMESTAMPED_REARM_EVENT,D032_REJECTED_BY_SAME_FAMILY_STACKING,DISTINCT_SETUP_SUPPRESSION
MSZZC1|6:XAUUSD|1:5|2:-1|1:4|18:ASIA_HIGH|20260401,ASIA_HIGH|20260401,SSRP|ASIA_HIGH|20260401|1775037300|FINAL,SSRP|ASIA_HIGH|20260401|1775038800|FINAL,2026.04.01 10:00:00,2026.04.01 10:25:00,25,2026.04.01 10:34:58,false,false,false,DISTINCT_TIMESTAMPED_REARM_EVENT,D032_REJECTED_BY_SAME_FAMILY_STACKING,DISTINCT_SETUP_SUPPRESSION
MSZZC1|6:XAUUSD|1:5|2:-1|1:4|18:ASIA_HIGH|20260401,ASIA_HIGH|20260401,SSRP|ASIA_HIGH|20260401|1775037300|FINAL,SSRP|ASIA_HIGH|20260401|1775040000|FINAL,2026.04.01 10:00:00,2026.04.01 10:45:00,45,2026.04.01 10:34:58,true,true,false,DISTINCT_TIMESTAMPED_REARM_EVENT,D032_ACCEPTED_DISTINCT_TRADE,DISTINCT_SETUP_SUPPRESSION
MSZZC1|6:XAUUSD|1:5|2:-1|1:4|18:ASIA_HIGH|20260401,ASIA_HIGH|20260401,SSRP|ASIA_HIGH|20260401|1775037300|FINAL,SSRP|ASIA_HIGH|20260401|1775040300|FINAL,2026.04.01 10:00:00,2026.04.01 10:50:00,50,2026.04.01 10:34:58,true,false,false,DISTINCT_TIMESTAMPED_REARM_EVENT,D032_REJECTED_BY_SAME_FAMILY_STACKING,DISTINCT_SETUP_SUPPRESSION
MSZZC1|6:XAUUSD|1:5|2:-1|1:4|18:ASIA_HIGH|20260401,ASIA_HIGH|20260401,SSRP|ASIA_HIGH|20260401|1775037300|FINAL,SSRP|ASIA_HIGH|20260401|1775041200|FINAL,2026.04.01 10:00:00,2026.04.01 11:05:00,65,2026.04.01 10:34:58,true,false,false,DISTINCT_TIMESTAMPED_REARM_EVENT,D032_REJECTED_BY_SAME_FAMILY_STACKING,DISTINCT_SETUP_SUPPRESSION
MSZZC1|6:XAUUSD|1:5|2:-1|1:4|18:ASIA_HIGH|20260401,ASIA_HIGH|20260401,SSRP|ASIA_HIGH|20260401|1775037300|FINAL,SSRP|ASIA_HIGH|20260401|1775044500|FINAL,2026.04.01 10:00:00,2026.04.01 12:05:00,125,2026.04.01 10:34:58,true,false,false,DISTINCT_TIMESTAMPED_REARM_EVENT,D032_REJECTED_BY_SAME_FAMILY_STACKING,DISTINCT_SETUP_SUPPRESSION
MSZZC1|6:XAUUSD|1:5|2:-1|1:4|18:ASIA_HIGH|20260401,ASIA_HIGH|20260401,SSRP|ASIA_HIGH|20260401|1775037300|FINAL,SSRP|ASIA_HIGH|20260401|1775045100|FINAL,2026.04.01 10:00:00,2026.04.01 12:10:00,130,2026.04.01 10:34:58,true,false,false,DISTINCT_TIMESTAMPED_REARM_EVENT,D032_REJECTED_BY_SAME_FAMILY_STACKING,DISTINCT_SETUP_SUPPRESSION
MSZZC1|6:XAUUSD|1:5|2:-1|1:4|18:ASIA_HIGH|20260401,ASIA_HIGH|20260401,SSRP|ASIA_HIGH|20260401|1775037300|FINAL,SSRP|ASIA_HIGH|20260401|1775047500|FINAL,2026.04.01 10:00:00,2026.04.01 12:50:00,170,2026.04.01 10:34:58,true,false,false,DISTINCT_TIMESTAMPED_REARM_EVENT,D032_REJECTED_BY_SAME_FAMILY_STACKING,DISTINCT_SETUP_SUPPRESSION
MSZZC1|6:XAUUSD|1:5|2:-1|1:4|18:ASIA_HIGH|20260401,ASIA_HIGH|20260401,SSRP|ASIA_HIGH|20260401|1775037300|FINAL,SSRP|ASIA_HIGH|20260401|1775047800|FINAL,2026.04.01 10:00:00,2026.04.01 12:55:00,175,2026.04.01 10:34:58,true,false,false,DISTINCT_TIMESTAMPED_REARM_EVENT,D032_REJECTED_BY_SAME_FAMILY_STACKING,DISTINCT_SETUP_SUPPRESSION
MSZZC1|6:XAUUSD|1:5|2:-1|1:4|18:ASIA_HIGH|20260401,ASIA_HIGH|20260401,SSRP|ASIA_HIGH|20260401|1775037300|FINAL,SSRP|ASIA_HIGH|20260401|1775058600|FINAL,2026.04.01 10:00:00,2026.04.01 16:00:00,360,2026.04.01 10:34:58,true,true,false,DISTINCT_TIMESTAMPED_REARM_EVENT,D032_ACCEPTED_DISTINCT_TRADE,DISTINCT_SETUP_SUPPRESSION
MSZZC1|6:XAUUSD|1:5|1:1|1:4|17:ASIA_LOW|20260402,ASIA_LOW|20260402,SSRP|ASIA_LOW|20260402|1775148600|FINAL,SSRP|ASIA_LOW|20260402|1775150100|FINAL,2026.04.02 17:15:00,2026.04.02 17:20:00,5,2026.04.06 01:04:58,false,false,false,DISTINCT_TIMESTAMPED_REARM_EVENT,D032_REJECTED_BY_SAME_FAMILY_STACKING,DISTINCT_SETUP_SUPPRESSION
MSZZC1|6:XAUUSD|1:5|1:1|1:4|17:ASIA_LOW|20260402,ASIA_LOW|20260402,SSRP|ASIA_LOW|20260402|1775148600|FINAL,SSRP|ASIA_LOW|20260402|1775156700|FINAL,2026.04.02 17:15:00,2026.04.02 19:10:00,115,2026.04.06 01:04:58,false,false,false,DISTINCT_TIMESTAMPED_REARM_EVENT,D032_REJECTED_BY_SAME_FAMILY_STACKING,DISTINCT_SETUP_SUPPRESSION
MSZZC1|6:XAUUSD|1:5|1:1|1:4|17:ASIA_LOW|20260402,ASIA_LOW|20260402,SSRP|ASIA_LOW|20260402|1775148600|FINAL,SSRP|ASIA_LOW|20260402|1775157300|FINAL,2026.04.02 17:15:00,2026.04.02 19:20:00,125,2026.04.06 01:04:58,false,false,false,DISTINCT_TIMESTAMPED_REARM_EVENT,D032_REJECTED_BY_SAME_FAMILY_STACKING,DISTINCT_SETUP_SUPPRESSION
MSZZC1|6:XAUUSD|1:5|1:1|1:4|17:ASIA_LOW|20260402,ASIA_LOW|20260402,SSRP|ASIA_LOW|20260402|1775148600|FINAL,SSRP|ASIA_LOW|20260402|1775157600|FINAL,2026.04.02 17:15:00,2026.04.02 19:30:00,135,2026.04.06 01:04:58,false,false,false,DISTINCT_TIMESTAMPED_REARM_EVENT,D032_REJECTED_BY_SAME_FAMILY_STACKING,DISTINCT_SETUP_SUPPRESSION
MSZZC1|6:XAUUSD|1:5|1:1|1:4|17:ASIA_LOW|20260402,ASIA_LOW|20260402,SSRP|ASIA_LOW|20260402|1775148600|FINAL,SSRP|ASIA_LOW|20260402|1775161800|FINAL,2026.04.02 17:15:00,2026.04.02 20:35:00,200,2026.04.06 01:04:58,false,false,false,DISTINCT_TIMESTAMPED_REARM_EVENT,D032_REJECTED_BY_SAME_FAMILY_STACKING,DISTINCT_SETUP_SUPPRESSION
MSZZC1|6:XAUUSD|1:5|1:1|1:4|17:ASIA_LOW|20260402,ASIA_LOW|20260402,SSRP|ASIA_LOW|20260402|1775148600|FINAL,SSRP|ASIA_LOW|20260402|1775162100|FINAL,2026.04.02 17:15:00,2026.04.02 20:40:00,205,2026.04.06 01:04:58,false,false,false,DISTINCT_TIMESTAMPED_REARM_EVENT,D032_REJECTED_BY_SAME_FAMILY_STACKING,DISTINCT_SETUP_SUPPRESSION
MSZZC1|6:XAUUSD|1:5|1:1|1:4|17:ASIA_LOW|20260402,ASIA_LOW|20260402,SSRP|ASIA_LOW|20260402|1775148600|FINAL,SSRP|ASIA_LOW|20260402|1775162700|FINAL,2026.04.02 17:15:00,2026.04.02 21:00:00,225,2026.04.06 01:04:58,false,false,false,DISTINCT_TIMESTAMPED_REARM_EVENT,D032_REJECTED_BY_SAME_FAMILY_STACKING,DISTINCT_SETUP_SUPPRESSION
MSZZC1|6:XAUUSD|1:5|1:1|1:4|17:ASIA_LOW|20260402,ASIA_LOW|20260402,SSRP|ASIA_LOW|20260402|1775148600|FINAL,SSRP|ASIA_LOW|20260402|1775163600|FINAL,2026.04.02 17:15:00,2026.04.02 21:05:00,230,2026.04.06 01:04:58,false,false,false,DISTINCT_TIMESTAMPED_REARM_EVENT,D032_REJECTED_BY_SAME_FAMILY_STACKING,DISTINCT_SETUP_SUPPRESSION
MSZZC1|6:XAUUSD|1:5|2:-1|1:4|18:ASIA_HIGH|20260406,ASIA_HIGH|20260406,SSRP|ASIA_HIGH|20260406|1775473200|FINAL,SSRP|ASIA_HIGH|20260406|1775486100|FINAL,2026.04.06 11:05:00,2026.04.06 14:40:00,215,2026.04.06 11:29:57,true,true,false,DISTINCT_TIMESTAMPED_REARM_EVENT,D032_ACCEPTED_DISTINCT_TRADE,DISTINCT_SETUP_SUPPRESSION
MSZZC1|6:XAUUSD|1:5|2:-1|1:4|18:ASIA_HIGH|20260406,ASIA_HIGH|20260406,SSRP|ASIA_HIGH|20260406|1775473200|FINAL,SSRP|ASIA_HIGH|20260406|1775486400|FINAL,2026.04.06 11:05:00,2026.04.06 14:45:00,220,2026.04.06 11:29:57,true,false,false,DISTINCT_TIMESTAMPED_REARM_EVENT,D032_REJECTED_BY_SAME_FAMILY_STACKING,DISTINCT_SETUP_SUPPRESSION
MSZZC1|6:XAUUSD|1:5|2:-1|1:4|18:ASIA_HIGH|20260406,ASIA_HIGH|20260406,SSRP|ASIA_HIGH|20260406|1775473200|FINAL,SSRP|ASIA_HIGH|20260406|1775494800|FINAL,2026.04.06 11:05:00,2026.04.06 17:05:00,360,2026.04.06 11:29:57,true,true,false,DISTINCT_TIMESTAMPED_REARM_EVENT,D032_ACCEPTED_DISTINCT_TRADE,DISTINCT_SETUP_SUPPRESSION
MSZZC1|6:XAUUSD|1:5|2:-1|1:4|18:ASIA_HIGH|20260406,ASIA_HIGH|20260406,SSRP|ASIA_HIGH|20260406|1775473200|FINAL,SSRP|ASIA_HIGH|20260406|1775496600|FINAL,2026.04.06 11:05:00,2026.04.06 17:35:00,390,2026.04.06 11:29:57,true,true,false,DISTINCT_TIMESTAMPED_REARM_EVENT,D032_ACCEPTED_DISTINCT_TRADE,DISTINCT_SETUP_SUPPRESSION
MSZZC1|6:XAUUSD|1:5|2:-1|1:4|18:ASIA_HIGH|20260406,ASIA_HIGH|20260406,SSRP|ASIA_HIGH|20260406|1775473200|FINAL,SSRP|ASIA_HIGH|20260406|1775496900|FINAL,2026.04.06 11:05:00,2026.04.06 17:40:00,395,2026.04.06 11:29:57,true,false,false,DISTINCT_TIMESTAMPED_REARM_EVENT,D032_REJECTED_BY_SAME_FAMILY_STACKING,DISTINCT_SETUP_SUPPRESSION
MSZZC1|6:XAUUSD|1:5|2:-1|1:4|18:ASIA_HIGH|20260406,ASIA_HIGH|20260406,SSRP|ASIA_HIGH|20260406|1775473200|FINAL,SSRP|ASIA_HIGH|20260406|1775497200|FINAL,2026.04.06 11:05:00,2026.04.06 17:45:00,400,2026.04.06 11:29:57,true,false,false,DISTINCT_TIMESTAMPED_REARM_EVENT,D032_REJECTED_BY_SAME_FAMILY_STACKING,DISTINCT_SETUP_SUPPRESSION
MSZZC1|6:XAUUSD|1:5|2:-1|1:4|18:ASIA_HIGH|20260406,ASIA_HIGH|20260406,SSRP|ASIA_HIGH|20260406|1775473200|FINAL,SSRP|ASIA_HIGH|20260406|1775498100|FINAL,2026.04.06 11:05:00,2026.04.06 18:00:00,415,2026.04.06 11:29:57,true,false,false,DISTINCT_TIMESTAMPED_REARM_EVENT,D032_REJECTED_BY_SAME_FAMILY_STACKING,DISTINCT_SETUP_SUPPRESSION
MSZZC1|6:XAUUSD|1:5|2:-1|1:4|18:ASIA_HIGH|20260407,ASIA_HIGH|20260407,SSRP|ASIA_HIGH|20260407|1775565300|FINAL,SSRP|ASIA_HIGH|20260407|1775565600|FINAL,2026.04.07 12:40:00,2026.04.07 12:45:00,5,2026.04.07 14:14:58,false,false,false,DISTINCT_TIMESTAMPED_REARM_EVENT,D032_REJECTED_BY_SAME_FAMILY_STACKING,DISTINCT_SETUP_SUPPRESSION
MSZZC1|6:XAUUSD|1:5|2:-1|1:4|18:ASIA_HIGH|20260407,ASIA_HIGH|20260407,SSRP|ASIA_HIGH|20260407|1775565300|FINAL,SSRP|ASIA_HIGH|20260407|1775567700|FINAL,2026.04.07 12:40:00,2026.04.07 13:30:00,50,2026.04.07 14:14:58,false,false,false,DISTINCT_TIMESTAMPED_REARM_EVENT,D032_REJECTED_BY_SAME_FAMILY_STACKING,DISTINCT_SETUP_SUPPRESSION
MSZZC1|6:XAUUSD|1:5|2:-1|1:4|18:ASIA_HIGH|20260407,ASIA_HIGH|20260407,SSRP|ASIA_HIGH|20260407|1775565300|FINAL,SSRP|ASIA_HIGH|20260407|1775568600|FINAL,2026.04.07 12:40:00,2026.04.07 13:35:00,55,2026.04.07 14:14:58,false,false,false,DISTINCT_TIMESTAMPED_REARM_EVENT,D032_REJECTED_BY_SAME_FAMILY_STACKING,DISTINCT_SETUP_SUPPRESSION
MSZZC1|6:XAUUSD|1:5|2:-1|1:4|18:ASIA_HIGH|20260407,ASIA_HIGH|20260407,SSRP|ASIA_HIGH|20260407|1775565300|FINAL,SSRP|ASIA_HIGH|20260407|1775568900|FINAL,2026.04.07 12:40:00,2026.04.07 13:40:00,60,2026.04.07 14:14:58,false,false,false,DISTINCT_TIMESTAMPED_REARM_EVENT,D032_REJECTED_BY_SAME_FAMILY_STACKING,DISTINCT_SETUP_SUPPRESSION
MSZZC1|6:XAUUSD|1:5|2:-1|1:4|18:ASIA_HIGH|20260407,ASIA_HIGH|20260407,SSRP|ASIA_HIGH|20260407|1775565300|FINAL,SSRP|ASIA_HIGH|20260407|1775575200|FINAL,2026.04.07 12:40:00,2026.04.07 15:25:00,165,2026.04.07 14:14:58,true,true,false,DISTINCT_TIMESTAMPED_REARM_EVENT,D032_ACCEPTED_DISTINCT_TRADE,DISTINCT_SETUP_SUPPRESSION
MSZZC1|6:XAUUSD|1:5|1:1|1:4|17:ASIA_LOW|20260407,ASIA_LOW|20260407,SSRP|ASIA_LOW|20260407|1775581500|FINAL,SSRP|ASIA_LOW|20260407|1775581800|FINAL,2026.04.07 17:10:00,2026.04.07 17:20:00,10,2026.04.07 17:34:58,false,false,false,DISTINCT_TIMESTAMPED_REARM_EVENT,D032_REJECTED_BY_SAME_FAMILY_STACKING,DISTINCT_SETUP_SUPPRESSION
MSZZC1|6:XAUUSD|1:5|2:-1|1:4|18:ASIA_HIGH|20260407,ASIA_HIGH|20260407,SSRP|ASIA_HIGH|20260407|1775565300|FINAL,SSRP|ASIA_HIGH|20260407|1775592300|FINAL,2026.04.07 12:40:00,2026.04.07 20:15:00,455,2026.04.07 14:14:58,true,true,false,DISTINCT_TIMESTAMPED_REARM_EVENT,D032_ACCEPTED_DISTINCT_TRADE,DISTINCT_SETUP_SUPPRESSION
MSZZC1|6:XAUUSD|1:5|2:-1|1:4|18:ASIA_HIGH|20260407,ASIA_HIGH|20260407,SSRP|ASIA_HIGH|20260407|1775565300|FINAL,SSRP|ASIA_HIGH|20260407|1775598300|FINAL,2026.04.07 12:40:00,2026.04.07 21:50:00,550,2026.04.07 14:14:58,true,true,false,DISTINCT_TIMESTAMPED_REARM_EVENT,D032_ACCEPTED_DISTINCT_TRADE,DISTINCT_SETUP_SUPPRESSION
MSZZC1|6:XAUUSD|1:5|2:-1|1:4|18:ASIA_HIGH|20260407,ASIA_HIGH|20260407,SSRP|ASIA_HIGH|20260407|1775565300|FINAL,SSRP|ASIA_HIGH|20260407|1775598600|FINAL,2026.04.07 12:40:00,2026.04.07 21:55:00,555,2026.04.07 14:14:58,true,false,false,DISTINCT_TIMESTAMPED_REARM_EVENT,D032_REJECTED_BY_SAME_FAMILY_STACKING,DISTINCT_SETUP_SUPPRESSION
MSZZC1|6:XAUUSD|1:5|1:1|1:4|17:ASIA_LOW|20260408,ASIA_LOW|20260408,SSRP|ASIA_LOW|20260408|1775685900|FINAL,SSRP|ASIA_LOW|20260408|1775687100|FINAL,2026.04.08 22:10:00,2026.04.08 22:30:00,20,2026.04.09 03:09:58,false,false,false,DISTINCT_TIMESTAMPED_REARM_EVENT,D032_REJECTED_BY_SAME_FAMILY_STACKING,DISTINCT_SETUP_SUPPRESSION
MSZZC1|6:XAUUSD|1:5|1:1|1:4|17:ASIA_LOW|20260408,ASIA_LOW|20260408,SSRP|ASIA_LOW|20260408|1775685900|FINAL,SSRP|ASIA_LOW|20260408|1775687400|FINAL,2026.04.08 22:10:00,2026.04.08 22:35:00,25,2026.04.09 03:09:58,false,false,false,DISTINCT_TIMESTAMPED_REARM_EVENT,D032_REJECTED_BY_SAME_FAMILY_STACKING,DISTINCT_SETUP_SUPPRESSION
MSZZC1|6:XAUUSD|1:5|1:1|1:4|17:ASIA_LOW|20260410,ASIA_LOW|20260410,SSRP|ASIA_LOW|20260410|1775821500|FINAL,SSRP|ASIA_LOW|20260410|1775822100|FINAL,2026.04.10 11:55:00,2026.04.10 12:00:00,5,2026.04.10 14:34:57,false,false,false,DISTINCT_TIMESTAMPED_REARM_EVENT,D032_REJECTED_BY_SAME_FAMILY_STACKING,DISTINCT_SETUP_SUPPRESSION
MSZZC1|6:XAUUSD|1:5|2:-1|1:4|18:ASIA_HIGH|20260410,ASIA_HIGH|20260410,SSRP|ASIA_HIGH|20260410|1775842500|FINAL,SSRP|ASIA_HIGH|20260410|1775842800|FINAL,2026.04.10 17:40:00,2026.04.10 17:45:00,5,2026.04.10 18:39:58,false,false,false,DISTINCT_TIMESTAMPED_REARM_EVENT,D032_REJECTED_BY_SAME_FAMILY_STACKING,DISTINCT_SETUP_SUPPRESSION
MSZZC1|6:XAUUSD|1:5|2:-1|1:4|18:ASIA_HIGH|20260410,ASIA_HIGH|20260410,SSRP|ASIA_HIGH|20260410|1775842500|FINAL,SSRP|ASIA_HIGH|20260410|1775843100|FINAL,2026.04.10 17:40:00,2026.04.10 17:50:00,10,2026.04.10 18:39:58,false,false,false,DISTINCT_TIMESTAMPED_REARM_EVENT,D032_REJECTED_BY_SAME_FAMILY_STACKING,DISTINCT_SETUP_SUPPRESSION
MSZZC1|6:XAUUSD|1:5|2:-1|1:4|18:ASIA_HIGH|20260410,ASIA_HIGH|20260410,SSRP|ASIA_HIGH|20260410|1775842500|FINAL,SSRP|ASIA_HIGH|20260410|1775845200|FINAL,2026.04.10 17:40:00,2026.04.10 18:25:00,45,2026.04.10 18:39:58,false,false,false,DISTINCT_TIMESTAMPED_REARM_EVENT,D032_REJECTED_BY_SAME_FAMILY_STACKING,DISTINCT_SETUP_SUPPRESSION
MSZZC1|6:XAUUSD|1:5|2:-1|1:4|18:ASIA_HIGH|20260410,ASIA_HIGH|20260410,SSRP|ASIA_HIGH|20260410|1775842500|FINAL,SSRP|ASIA_HIGH|20260410|1775845500|FINAL,2026.04.10 17:40:00,2026.04.10 18:30:00,50,2026.04.10 18:39:58,false,false,false,DISTINCT_TIMESTAMPED_REARM_EVENT,D032_REJECTED_BY_SAME_FAMILY_STACKING,DISTINCT_SETUP_SUPPRESSION
MSZZC1|6:XAUUSD|1:5|2:-1|1:4|18:ASIA_HIGH|20260413,ASIA_HIGH|20260413,SSRP|ASIA_HIGH|20260413|1776070500|FINAL,SSRP|ASIA_HIGH|20260413|1776070800|FINAL,2026.04.13 09:00:00,2026.04.13 09:05:00,5,2026.04.13 09:19:58,false,false,false,DISTINCT_TIMESTAMPED_REARM_EVENT,D032_REJECTED_BY_SAME_FAMILY_STACKING,DISTINCT_SETUP_SUPPRESSION
MSZZC1|6:XAUUSD|1:5|2:-1|1:4|18:ASIA_HIGH|20260413,ASIA_HIGH|20260413,SSRP|ASIA_HIGH|20260413|1776070500|FINAL,SSRP|ASIA_HIGH|20260413|1776071100|FINAL,2026.04.13 09:00:00,2026.04.13 09:10:00,10,2026.04.13 09:19:58,false,false,false,DISTINCT_TIMESTAMPED_REARM_EVENT,D032_REJECTED_BY_SAME_FAMILY_STACKING,DISTINCT_SETUP_SUPPRESSION
MSZZC1|6:XAUUSD|1:5|2:-1|1:4|18:ASIA_HIGH|20260413,ASIA_HIGH|20260413,SSRP|ASIA_HIGH|20260413|1776070500|FINAL,SSRP|ASIA_HIGH|20260413|1776071400|FINAL,2026.04.13 09:00:00,2026.04.13 09:20:00,20,2026.04.13 09:19:58,true,true,false,DISTINCT_TIMESTAMPED_REARM_EVENT,D032_ACCEPTED_DISTINCT_TRADE,DISTINCT_SETUP_SUPPRESSION
MSZZC1|6:XAUUSD|1:5|2:-1|1:4|18:ASIA_HIGH|20260413,ASIA_HIGH|20260413,SSRP|ASIA_HIGH|20260413|1776070500|FINAL,SSRP|ASIA_HIGH|20260413|1776072300|FINAL,2026.04.13 09:00:00,2026.04.13 09:35:00,35,2026.04.13 09:19:58,true,true,false,DISTINCT_TIMESTAMPED_REARM_EVENT,D032_ACCEPTED_DISTINCT_TRADE,DISTINCT_SETUP_SUPPRESSION
MSZZC1|6:XAUUSD|1:5|2:-1|1:4|18:ASIA_HIGH|20260413,ASIA_HIGH|20260413,SSRP|ASIA_HIGH|20260413|1776070500|FINAL,SSRP|ASIA_HIGH|20260413|1776072900|FINAL,2026.04.13 09:00:00,2026.04.13 09:40:00,40,2026.04.13 09:19:58,true,false,false,DISTINCT_TIMESTAMPED_REARM_EVENT,D032_REJECTED_BY_SAME_FAMILY_STACKING,DISTINCT_SETUP_SUPPRESSION
MSZZC1|6:XAUUSD|1:5|2:-1|1:4|18:ASIA_HIGH|20260413,ASIA_HIGH|20260413,SSRP|ASIA_HIGH|20260413|1776070500|FINAL,SSRP|ASIA_HIGH|20260413|1776074400|FINAL,2026.04.13 09:00:00,2026.04.13 10:05:00,65,2026.04.13 09:19:58,true,true,false,DISTINCT_TIMESTAMPED_REARM_EVENT,D032_ACCEPTED_DISTINCT_TRADE,DISTINCT_SETUP_SUPPRESSION
MSZZC1|6:XAUUSD|1:5|2:-1|1:4|18:ASIA_HIGH|20260413,ASIA_HIGH|20260413,SSRP|ASIA_HIGH|20260413|1776070500|FINAL,SSRP|ASIA_HIGH|20260413|1776079800|FINAL,2026.04.13 09:00:00,2026.04.13 11:40:00,160,2026.04.13 09:19:58,true,true,false,DISTINCT_TIMESTAMPED_REARM_EVENT,D032_ACCEPTED_DISTINCT_TRADE,DISTINCT_SETUP_SUPPRESSION
MSZZC1|6:XAUUSD|1:5|2:-1|1:4|18:ASIA_HIGH|20260413,ASIA_HIGH|20260413,SSRP|ASIA_HIGH|20260413|1776070500|FINAL,SSRP|ASIA_HIGH|20260413|1776080400|FINAL,2026.04.13 09:00:00,2026.04.13 11:50:00,170,2026.04.13 09:19:58,true,false,false,DISTINCT_TIMESTAMPED_REARM_EVENT,D032_REJECTED_BY_SAME_FAMILY_STACKING,DISTINCT_SETUP_SUPPRESSION
MSZZC1|6:XAUUSD|1:5|2:-1|1:4|18:ASIA_HIGH|20260413,ASIA_HIGH|20260413,SSRP|ASIA_HIGH|20260413|1776070500|FINAL,SSRP|ASIA_HIGH|20260413|1776089100|FINAL,2026.04.13 09:00:00,2026.04.13 14:10:00,310,2026.04.13 09:19:58,true,false,false,DISTINCT_TIMESTAMPED_REARM_EVENT,D032_REJECTED_BY_SAME_FAMILY_STACKING,DISTINCT_SETUP_SUPPRESSION
MSZZC1|6:XAUUSD|1:5|2:-1|1:4|18:ASIA_HIGH|20260413,ASIA_HIGH|20260413,SSRP|ASIA_HIGH|20260413|1776070500|FINAL,SSRP|ASIA_HIGH|20260413|1776097800|FINAL,2026.04.13 09:00:00,2026.04.13 16:35:00,455,2026.04.13 09:19:58,true,true,false,DISTINCT_TIMESTAMPED_REARM_EVENT,D032_ACCEPTED_DISTINCT_TRADE,DISTINCT_SETUP_SUPPRESSION
MSZZC1|6:XAUUSD|1:5|2:-1|1:4|18:ASIA_HIGH|20260413,ASIA_HIGH|20260413,SSRP|ASIA_HIGH|20260413|1776070500|FINAL,SSRP|ASIA_HIGH|20260413|1776098100|FINAL,2026.04.13 09:00:00,2026.04.13 16:40:00,460,2026.04.13 09:19:58,true,false,false,DISTINCT_TIMESTAMPED_REARM_EVENT,D032_REJECTED_BY_SAME_FAMILY_STACKING,DISTINCT_SETUP_SUPPRESSION
MSZZC1|6:XAUUSD|1:5|2:-1|1:4|18:ASIA_HIGH|20260413,ASIA_HIGH|20260413,SSRP|ASIA_HIGH|20260413|1776070500|FINAL,SSRP|ASIA_HIGH|20260413|1776098700|FINAL,2026.04.13 09:00:00,2026.04.13 16:50:00,470,2026.04.13 09:19:58,true,true,false,DISTINCT_TIMESTAMPED_REARM_EVENT,D032_ACCEPTED_DISTINCT_TRADE,DISTINCT_SETUP_SUPPRESSION
MSZZC1|6:XAUUSD|1:5|2:-1|1:4|18:ASIA_HIGH|20260413,ASIA_HIGH|20260413,SSRP|ASIA_HIGH|20260413|1776070500|FINAL,SSRP|ASIA_HIGH|20260413|1776099000|FINAL,2026.04.13 09:00:00,2026.04.13 17:00:00,480,2026.04.13 09:19:58,true,false,false,DISTINCT_TIMESTAMPED_REARM_EVENT,D032_REJECTED_BY_SAME_FAMILY_STACKING,DISTINCT_SETUP_SUPPRESSION
MSZZC1|6:XAUUSD|1:5|2:-1|1:4|18:ASIA_HIGH|20260413,ASIA_HIGH|20260413,SSRP|ASIA_HIGH|20260413|1776070500|FINAL,SSRP|ASIA_HIGH|20260413|1776099600|FINAL,2026.04.13 09:00:00,2026.04.13 17:05:00,485,2026.04.13 09:19:58,true,false,false,DISTINCT_TIMESTAMPED_REARM_EVENT,D032_REJECTED_BY_SAME_FAMILY_STACKING,DISTINCT_SETUP_SUPPRESSION
MSZZC1|6:XAUUSD|1:5|2:-1|1:4|18:ASIA_HIGH|20260413,ASIA_HIGH|20260413,SSRP|ASIA_HIGH|20260413|1776070500|FINAL,SSRP|ASIA_HIGH|20260413|1776107700|FINAL,2026.04.13 09:00:00,2026.04.13 19:20:00,620,2026.04.13 09:19:58,true,false,false,DISTINCT_TIMESTAMPED_REARM_EVENT,D032_REJECTED_BY_SAME_FAMILY_STACKING,DISTINCT_SETUP_SUPPRESSION
MSZZC1|6:XAUUSD|1:5|2:-1|1:4|18:ASIA_HIGH|20260413,ASIA_HIGH|20260413,SSRP|ASIA_HIGH|20260413|1776070500|FINAL,SSRP|ASIA_HIGH|20260413|1776114000|FINAL,2026.04.13 09:00:00,2026.04.13 21:15:00,735,2026.04.13 09:19:58,true,true,false,DISTINCT_TIMESTAMPED_REARM_EVENT,D032_ACCEPTED_DISTINCT_TRADE,DISTINCT_SETUP_SUPPRESSION
MSZZC1|6:XAUUSD|1:5|2:-1|1:4|18:ASIA_HIGH|20260413,ASIA_HIGH|20260413,SSRP|ASIA_HIGH|20260413|1776070500|FINAL,SSRP|ASIA_HIGH|20260413|1776114900|FINAL,2026.04.13 09:00:00,2026.04.13 21:25:00,745,2026.04.13 09:19:58,true,false,false,DISTINCT_TIMESTAMPED_REARM_EVENT,D032_REJECTED_BY_SAME_FAMILY_STACKING,DISTINCT_SETUP_SUPPRESSION
MSZZC1|6:XAUUSD|1:5|2:-1|1:4|18:ASIA_HIGH|20260414,ASIA_HIGH|20260414,SSRP|ASIA_HIGH|20260414|1776161700|FINAL,SSRP|ASIA_HIGH|20260414|1776162000|FINAL,2026.04.14 10:20:00,2026.04.14 10:25:00,5,2026.04.14 16:24:58,false,false,false,DISTINCT_TIMESTAMPED_REARM_EVENT,D032_REJECTED_BY_SAME_FAMILY_STACKING,DISTINCT_SETUP_SUPPRESSION
MSZZC1|6:XAUUSD|1:5|2:-1|1:4|18:ASIA_HIGH|20260414,ASIA_HIGH|20260414,SSRP|ASIA_HIGH|20260414|1776161700|FINAL,SSRP|ASIA_HIGH|20260414|1776163200|FINAL,2026.04.14 10:20:00,2026.04.14 10:50:00,30,2026.04.14 16:24:58,false,false,false,DISTINCT_TIMESTAMPED_REARM_EVENT,D032_REJECTED_BY_SAME_FAMILY_STACKING,DISTINCT_SETUP_SUPPRESSION
MSZZC1|6:XAUUSD|1:5|2:-1|1:4|18:ASIA_HIGH|20260414,ASIA_HIGH|20260414,SSRP|ASIA_HIGH|20260414|1776161700|FINAL,SSRP|ASIA_HIGH|20260414|1776169200|FINAL,2026.04.14 10:20:00,2026.04.14 12:30:00,130,2026.04.14 16:24:58,false,false,false,DISTINCT_TIMESTAMPED_REARM_EVENT,D032_REJECTED_BY_SAME_FAMILY_STACKING,DISTINCT_SETUP_SUPPRESSION
MSZZC1|6:XAUUSD|1:5|2:-1|1:4|18:ASIA_HIGH|20260414,ASIA_HIGH|20260414,SSRP|ASIA_HIGH|20260414|1776161700|FINAL,SSRP|ASIA_HIGH|20260414|1776169800|FINAL,2026.04.14 10:20:00,2026.04.14 12:45:00,145,2026.04.14 16:24:58,false,false,false,DISTINCT_TIMESTAMPED_REARM_EVENT,D032_REJECTED_BY_SAME_FAMILY_STACKING,DISTINCT_SETUP_SUPPRESSION
MSZZC1|6:XAUUSD|1:5|2:-1|1:4|18:ASIA_HIGH|20260414,ASIA_HIGH|20260414,SSRP|ASIA_HIGH|20260414|1776161700|FINAL,SSRP|ASIA_HIGH|20260414|1776173400|FINAL,2026.04.14 10:20:00,2026.04.14 13:35:00,195,2026.04.14 16:24:58,false,false,false,DISTINCT_TIMESTAMPED_REARM_EVENT,D032_REJECTED_BY_SAME_FAMILY_STACKING,DISTINCT_SETUP_SUPPRESSION
MSZZC1|6:XAUUSD|1:5|2:-1|1:4|18:ASIA_HIGH|20260414,ASIA_HIGH|20260414,SSRP|ASIA_HIGH|20260414|1776161700|FINAL,SSRP|ASIA_HIGH|20260414|1776173700|FINAL,2026.04.14 10:20:00,2026.04.14 13:40:00,200,2026.04.14 16:24:58,false,false,false,DISTINCT_TIMESTAMPED_REARM_EVENT,D032_REJECTED_BY_SAME_FAMILY_STACKING,DISTINCT_SETUP_SUPPRESSION
MSZZC1|6:XAUUSD|1:5|2:-1|1:4|18:ASIA_HIGH|20260414,ASIA_HIGH|20260414,SSRP|ASIA_HIGH|20260414|1776161700|FINAL,SSRP|ASIA_HIGH|20260414|1776176400|FINAL,2026.04.14 10:20:00,2026.04.14 14:30:00,250,2026.04.14 16:24:58,false,false,false,DISTINCT_TIMESTAMPED_REARM_EVENT,D032_REJECTED_BY_SAME_FAMILY_STACKING,DISTINCT_SETUP_SUPPRESSION
MSZZC1|6:XAUUSD|1:5|2:-1|1:4|18:ASIA_HIGH|20260414,ASIA_HIGH|20260414,SSRP|ASIA_HIGH|20260414|1776161700|FINAL,SSRP|ASIA_HIGH|20260414|1776177000|FINAL,2026.04.14 10:20:00,2026.04.14 14:45:00,265,2026.04.14 16:24:58,false,false,false,DISTINCT_TIMESTAMPED_REARM_EVENT,D032_REJECTED_BY_SAME_FAMILY_STACKING,DISTINCT_SETUP_SUPPRESSION
MSZZC1|6:XAUUSD|1:5|2:-1|1:4|18:ASIA_HIGH|20260414,ASIA_HIGH|20260414,SSRP|ASIA_HIGH|20260414|1776161700|FINAL,SSRP|ASIA_HIGH|20260414|1776177900|FINAL,2026.04.14 10:20:00,2026.04.14 14:50:00,270,2026.04.14 16:24:58,false,false,false,DISTINCT_TIMESTAMPED_REARM_EVENT,D032_REJECTED_BY_SAME_FAMILY_STACKING,DISTINCT_SETUP_SUPPRESSION
MSZZC1|6:XAUUSD|1:5|2:-1|1:4|18:ASIA_HIGH|20260414,ASIA_HIGH|20260414,SSRP|ASIA_HIGH|20260414|1776161700|FINAL,SSRP|ASIA_HIGH|20260414|1776178500|FINAL,2026.04.14 10:20:00,2026.04.14 15:00:00,280,2026.04.14 16:24:58,false,false,false,DISTINCT_TIMESTAMPED_REARM_EVENT,D032_REJECTED_BY_SAME_FAMILY_STACKING,DISTINCT_SETUP_SUPPRESSION
MSZZC1|6:XAUUSD|1:5|1:1|1:4|17:ASIA_LOW|20260415,ASIA_LOW|20260415,SSRP|ASIA_LOW|20260415|1776242100|FINAL,SSRP|ASIA_LOW|20260415|1776242700|FINAL,2026.04.15 08:45:00,2026.04.15 08:50:00,5,2026.04.15 09:34:57,false,false,false,DISTINCT_TIMESTAMPED_REARM_EVENT,D032_REJECTED_BY_SAME_FAMILY_STACKING,DISTINCT_SETUP_SUPPRESSION
MSZZC1|6:XAUUSD|1:5|1:1|1:4|17:ASIA_LOW|20260415,ASIA_LOW|20260415,SSRP|ASIA_LOW|20260415|1776242100|FINAL,SSRP|ASIA_LOW|20260415|1776243000|FINAL,2026.04.15 08:45:00,2026.04.15 08:55:00,10,2026.04.15 09:34:57,false,false,false,DISTINCT_TIMESTAMPED_REARM_EVENT,D032_REJECTED_BY_SAME_FAMILY_STACKING,DISTINCT_SETUP_SUPPRESSION
MSZZC1|6:XAUUSD|1:5|1:1|1:4|17:ASIA_LOW|20260415,ASIA_LOW|20260415,SSRP|ASIA_LOW|20260415|1776242100|FINAL,SSRP|ASIA_LOW|20260415|1776245400|FINAL,2026.04.15 08:45:00,2026.04.15 09:45:00,60,2026.04.15 09:34:57,true,true,false,DISTINCT_TIMESTAMPED_REARM_EVENT,D032_ACCEPTED_DISTINCT_TRADE,DISTINCT_SETUP_SUPPRESSION
MSZZC1|6:XAUUSD|1:5|1:1|1:4|17:ASIA_LOW|20260415,ASIA_LOW|20260415,SSRP|ASIA_LOW|20260415|1776242100|FINAL,SSRP|ASIA_LOW|20260415|1776253800|FINAL,2026.04.15 08:45:00,2026.04.15 11:55:00,190,2026.04.15 09:34:57,true,true,false,DISTINCT_TIMESTAMPED_REARM_EVENT,D032_ACCEPTED_DISTINCT_TRADE,DISTINCT_SETUP_SUPPRESSION
MSZZC1|6:XAUUSD|1:5|1:1|1:4|17:ASIA_LOW|20260415,ASIA_LOW|20260415,SSRP|ASIA_LOW|20260415|1776242100|FINAL,SSRP|ASIA_LOW|20260415|1776269700|FINAL,2026.04.15 08:45:00,2026.04.15 16:25:00,460,2026.04.15 09:34:57,true,true,false,DISTINCT_TIMESTAMPED_REARM_EVENT,D032_ACCEPTED_DISTINCT_TRADE,DISTINCT_SETUP_SUPPRESSION
MSZZC1|6:XAUUSD|1:5|1:1|1:4|17:ASIA_LOW|20260415,ASIA_LOW|20260415,SSRP|ASIA_LOW|20260415|1776242100|FINAL,SSRP|ASIA_LOW|20260415|1776270900|FINAL,2026.04.15 08:45:00,2026.04.15 16:40:00,475,2026.04.15 09:34:57,true,false,false,DISTINCT_TIMESTAMPED_REARM_EVENT,D032_REJECTED_BY_SAME_FAMILY_STACKING,DISTINCT_SETUP_SUPPRESSION
MSZZC1|6:XAUUSD|1:5|1:1|1:4|17:ASIA_LOW|20260415,ASIA_LOW|20260415,SSRP|ASIA_LOW|20260415|1776242100|FINAL,SSRP|ASIA_LOW|20260415|1776274500|FINAL,2026.04.15 08:45:00,2026.04.15 17:40:00,535,2026.04.15 09:34:57,true,false,false,DISTINCT_TIMESTAMPED_REARM_EVENT,D032_REJECTED_BY_SAME_FAMILY_STACKING,DISTINCT_SETUP_SUPPRESSION
MSZZC1|6:XAUUSD|1:5|1:1|1:4|17:ASIA_LOW|20260416,ASIA_LOW|20260416,SSRP|ASIA_LOW|20260416|1776358500|FINAL,SSRP|ASIA_LOW|20260416|1776358800|FINAL,2026.04.16 17:00:00,2026.04.16 17:05:00,5,2026.04.16 17:44:58,false,false,false,DISTINCT_TIMESTAMPED_REARM_EVENT,D032_REJECTED_BY_SAME_FAMILY_STACKING,DISTINCT_SETUP_SUPPRESSION
MSZZC1|6:XAUUSD|1:5|1:1|1:4|17:ASIA_LOW|20260416,ASIA_LOW|20260416,SSRP|ASIA_LOW|20260416|1776358500|FINAL,SSRP|ASIA_LOW|20260416|1776359100|FINAL,2026.04.16 17:00:00,2026.04.16 17:10:00,10,2026.04.16 17:44:58,false,false,false,DISTINCT_TIMESTAMPED_REARM_EVENT,D032_REJECTED_BY_SAME_FAMILY_STACKING,DISTINCT_SETUP_SUPPRESSION
MSZZC1|6:XAUUSD|1:5|1:1|1:4|17:ASIA_LOW|20260416,ASIA_LOW|20260416,SSRP|ASIA_LOW|20260416|1776358500|FINAL,SSRP|ASIA_LOW|20260416|1776361200|FINAL,2026.04.16 17:00:00,2026.04.16 18:00:00,60,2026.04.16 17:44:58,true,true,false,DISTINCT_TIMESTAMPED_REARM_EVENT,D032_ACCEPTED_DISTINCT_TRADE,DISTINCT_SETUP_SUPPRESSION
MSZZC1|6:XAUUSD|1:5|1:1|1:4|17:ASIA_LOW|20260416,ASIA_LOW|20260416,SSRP|ASIA_LOW|20260416|1776358500|FINAL,SSRP|ASIA_LOW|20260416|1776362400|FINAL,2026.04.16 17:00:00,2026.04.16 18:05:00,65,2026.04.16 17:44:58,true,false,false,DISTINCT_TIMESTAMPED_REARM_EVENT,D032_REJECTED_BY_SAME_FAMILY_STACKING,DISTINCT_SETUP_SUPPRESSION
MSZZC1|6:XAUUSD|1:5|1:1|1:4|17:ASIA_LOW|20260416,ASIA_LOW|20260416,SSRP|ASIA_LOW|20260416|1776358500|FINAL,SSRP|ASIA_LOW|20260416|1776367800|FINAL,2026.04.16 17:00:00,2026.04.16 19:35:00,155,2026.04.16 17:44:58,true,false,false,DISTINCT_TIMESTAMPED_REARM_EVENT,D032_REJECTED_BY_SAME_FAMILY_STACKING,DISTINCT_SETUP_SUPPRESSION
MSZZC1|6:XAUUSD|1:5|1:1|1:4|17:ASIA_LOW|20260416,ASIA_LOW|20260416,SSRP|ASIA_LOW|20260416|1776358500|FINAL,SSRP|ASIA_LOW|20260416|1776368700|FINAL,2026.04.16 17:00:00,2026.04.16 19:55:00,175,2026.04.16 17:44:58,true,false,false,DISTINCT_TIMESTAMPED_REARM_EVENT,D032_REJECTED_BY_SAME_FAMILY_STACKING,DISTINCT_SETUP_SUPPRESSION
MSZZC1|6:XAUUSD|1:5|1:1|1:4|17:ASIA_LOW|20260416,ASIA_LOW|20260416,SSRP|ASIA_LOW|20260416|1776358500|FINAL,SSRP|ASIA_LOW|20260416|1776369300|FINAL,2026.04.16 17:00:00,2026.04.16 20:00:00,180,2026.04.16 17:44:58,true,false,false,DISTINCT_TIMESTAMPED_REARM_EVENT,D032_REJECTED_BY_SAME_FAMILY_STACKING,DISTINCT_SETUP_SUPPRESSION
MSZZC1|6:XAUUSD|1:5|1:1|1:4|17:ASIA_LOW|20260416,ASIA_LOW|20260416,SSRP|ASIA_LOW|20260416|1776358500|FINAL,SSRP|ASIA_LOW|20260416|1776369600|FINAL,2026.04.16 17:00:00,2026.04.16 20:05:00,185,2026.04.16 17:44:58,true,false,false,DISTINCT_TIMESTAMPED_REARM_EVENT,D032_REJECTED_BY_SAME_FAMILY_STACKING,DISTINCT_SETUP_SUPPRESSION
MSZZC1|6:XAUUSD|1:5|1:1|1:4|17:ASIA_LOW|20260416,ASIA_LOW|20260416,SSRP|ASIA_LOW|20260416|1776358500|FINAL,SSRP|ASIA_LOW|20260416|1776370200|FINAL,2026.04.16 17:00:00,2026.04.16 20:20:00,200,2026.04.16 17:44:58,true,false,false,DISTINCT_TIMESTAMPED_REARM_EVENT,D032_REJECTED_BY_SAME_FAMILY_STACKING,DISTINCT_SETUP_SUPPRESSION
MSZZC1|6:XAUUSD|1:5|1:1|1:4|17:ASIA_LOW|20260416,ASIA_LOW|20260416,SSRP|ASIA_LOW|20260416|1776358500|FINAL,SSRP|ASIA_LOW|20260416|1776376800|FINAL,2026.04.16 17:00:00,2026.04.16 22:05:00,305,2026.04.16 17:44:58,true,false,false,DISTINCT_TIMESTAMPED_REARM_EVENT,D032_REJECTED_BY_SAME_FAMILY_STACKING,DISTINCT_SETUP_SUPPRESSION
MSZZC1|6:XAUUSD|1:5|1:1|1:4|17:ASIA_LOW|20260416,ASIA_LOW|20260416,SSRP|ASIA_LOW|20260416|1776358500|FINAL,SSRP|ASIA_LOW|20260416|1776377400|FINAL,2026.04.16 17:00:00,2026.04.16 22:15:00,315,2026.04.16 17:44:58,true,false,false,DISTINCT_TIMESTAMPED_REARM_EVENT,D032_REJECTED_BY_SAME_FAMILY_STACKING,DISTINCT_SETUP_SUPPRESSION
MSZZC1|6:XAUUSD|1:5|1:1|1:4|17:ASIA_LOW|20260416,ASIA_LOW|20260416,SSRP|ASIA_LOW|20260416|1776358500|FINAL,SSRP|ASIA_LOW|20260416|1776377700|FINAL,2026.04.16 17:00:00,2026.04.16 22:20:00,320,2026.04.16 17:44:58,true,false,false,DISTINCT_TIMESTAMPED_REARM_EVENT,D032_REJECTED_BY_SAME_FAMILY_STACKING,DISTINCT_SETUP_SUPPRESSION
MSZZC1|6:XAUUSD|1:5|1:1|1:4|17:ASIA_LOW|20260416,ASIA_LOW|20260416,SSRP|ASIA_LOW|20260416|1776358500|FINAL,SSRP|ASIA_LOW|20260416|1776380700|FINAL,2026.04.16 17:00:00,2026.04.16 23:15:00,375,2026.04.16 17:44:58,true,false,false,DISTINCT_TIMESTAMPED_REARM_EVENT,D032_REJECTED_BY_SAME_FAMILY_STACKING,DISTINCT_SETUP_SUPPRESSION
MSZZC1|6:XAUUSD|1:5|2:-1|1:4|18:ASIA_HIGH|20260417,ASIA_HIGH|20260417,SSRP|ASIA_HIGH|20260417|1776412800|FINAL,SSRP|ASIA_HIGH|20260417|1776413700|FINAL,2026.04.17 08:15:00,2026.04.17 08:25:00,10,2026.04.17 08:44:58,false,false,false,DISTINCT_TIMESTAMPED_REARM_EVENT,D032_REJECTED_BY_SAME_FAMILY_STACKING,DISTINCT_SETUP_SUPPRESSION
MSZZC1|6:XAUUSD|1:5|2:-1|1:4|18:ASIA_HIGH|20260417,ASIA_HIGH|20260417,SSRP|ASIA_HIGH|20260417|1776412800|FINAL,SSRP|ASIA_HIGH|20260417|1776414300|FINAL,2026.04.17 08:15:00,2026.04.17 08:30:00,15,2026.04.17 08:44:58,false,false,false,DISTINCT_TIMESTAMPED_REARM_EVENT,D032_REJECTED_BY_SAME_FAMILY_STACKING,DISTINCT_SETUP_SUPPRESSION
MSZZC1|6:XAUUSD|1:5|2:-1|1:4|18:ASIA_HIGH|20260417,ASIA_HIGH|20260417,SSRP|ASIA_HIGH|20260417|1776412800|FINAL,SSRP|ASIA_HIGH|20260417|1776414600|FINAL,2026.04.17 08:15:00,2026.04.17 08:35:00,20,2026.04.17 08:44:58,false,false,false,DISTINCT_TIMESTAMPED_REARM_EVENT,D032_REJECTED_BY_SAME_FAMILY_STACKING,DISTINCT_SETUP_SUPPRESSION
MSZZC1|6:XAUUSD|1:5|2:-1|1:4|18:ASIA_HIGH|20260417,ASIA_HIGH|20260417,SSRP|ASIA_HIGH|20260417|1776412800|FINAL,SSRP|ASIA_HIGH|20260417|1776437100|FINAL,2026.04.17 08:15:00,2026.04.17 14:50:00,395,2026.04.17 08:44:58,true,true,false,DISTINCT_TIMESTAMPED_REARM_EVENT,D032_ACCEPTED_DISTINCT_TRADE,DISTINCT_SETUP_SUPPRESSION
MSZZC1|6:XAUUSD|1:5|2:-1|1:4|18:ASIA_HIGH|20260417,ASIA_HIGH|20260417,SSRP|ASIA_HIGH|20260417|1776412800|FINAL,SSRP|ASIA_HIGH|20260417|1776437400|FINAL,2026.04.17 08:15:00,2026.04.17 14:55:00,400,2026.04.17 08:44:58,true,false,false,DISTINCT_TIMESTAMPED_REARM_EVENT,D032_REJECTED_BY_SAME_FAMILY_STACKING,DISTINCT_SETUP_SUPPRESSION
MSZZC1|6:XAUUSD|1:5|2:-1|1:4|18:ASIA_HIGH|20260417,ASIA_HIGH|20260417,SSRP|ASIA_HIGH|20260417|1776412800|FINAL,SSRP|ASIA_HIGH|20260417|1776438000|FINAL,2026.04.17 08:15:00,2026.04.17 15:05:00,410,2026.04.17 08:44:58,true,false,false,DISTINCT_TIMESTAMPED_REARM_EVENT,D032_REJECTED_BY_SAME_FAMILY_STACKING,DISTINCT_SETUP_SUPPRESSION
MSZZC1|6:XAUUSD|1:5|2:-1|1:4|18:ASIA_HIGH|20260417,ASIA_HIGH|20260417,SSRP|ASIA_HIGH|20260417|1776412800|FINAL,SSRP|ASIA_HIGH|20260417|1776438300|FINAL,2026.04.17 08:15:00,2026.04.17 15:10:00,415,2026.04.17 08:44:58,true,false,false,DISTINCT_TIMESTAMPED_REARM_EVENT,D032_REJECTED_BY_SAME_FAMILY_STACKING,DISTINCT_SETUP_SUPPRESSION
MSZZC1|6:XAUUSD|1:5|2:-1|1:4|18:ASIA_HIGH|20260420,ASIA_HIGH|20260420,SSRP|ASIA_HIGH|20260420|1776698100|FINAL,SSRP|ASIA_HIGH|20260420|1776698400|FINAL,2026.04.20 15:20:00,2026.04.20 15:25:00,5,2026.04.20 16:29:58,false,false,false,DISTINCT_TIMESTAMPED_REARM_EVENT,D032_REJECTED_BY_SAME_FAMILY_STACKING,DISTINCT_SETUP_SUPPRESSION
MSZZC1|6:XAUUSD|1:5|2:-1|1:4|18:ASIA_HIGH|20260420,ASIA_HIGH|20260420,SSRP|ASIA_HIGH|20260420|1776698100|FINAL,SSRP|ASIA_HIGH|20260420|1776703800|FINAL,2026.04.20 15:20:00,2026.04.20 17:05:00,105,2026.04.20 16:29:58,true,true,false,DISTINCT_TIMESTAMPED_REARM_EVENT,D032_ACCEPTED_DISTINCT_TRADE,DISTINCT_SETUP_SUPPRESSION
MSZZC1|6:XAUUSD|1:5|2:-1|1:4|18:ASIA_HIGH|20260420,ASIA_HIGH|20260420,SSRP|ASIA_HIGH|20260420|1776698100|FINAL,SSRP|ASIA_HIGH|20260420|1776706200|FINAL,2026.04.20 15:20:00,2026.04.20 17:45:00,145,2026.04.20 16:29:58,true,true,false,DISTINCT_TIMESTAMPED_REARM_EVENT,D032_ACCEPTED_DISTINCT_TRADE,DISTINCT_SETUP_SUPPRESSION
MSZZC1|6:XAUUSD|1:5|2:-1|1:4|18:ASIA_HIGH|20260420,ASIA_HIGH|20260420,SSRP|ASIA_HIGH|20260420|1776698100|FINAL,SSRP|ASIA_HIGH|20260420|1776719100|FINAL,2026.04.20 15:20:00,2026.04.20 21:15:00,355,2026.04.20 16:29:58,true,false,false,DISTINCT_TIMESTAMPED_REARM_EVENT,D032_REJECTED_BY_SAME_FAMILY_STACKING,DISTINCT_SETUP_SUPPRESSION
MSZZC1|6:XAUUSD|1:5|2:-1|1:4|18:ASIA_HIGH|20260420,ASIA_HIGH|20260420,SSRP|ASIA_HIGH|20260420|1776698100|FINAL,SSRP|ASIA_HIGH|20260420|1776719700|FINAL,2026.04.20 15:20:00,2026.04.20 21:20:00,360,2026.04.20 16:29:58,true,false,false,DISTINCT_TIMESTAMPED_REARM_EVENT,D032_REJECTED_BY_SAME_FAMILY_STACKING,DISTINCT_SETUP_SUPPRESSION
MSZZC1|6:XAUUSD|1:5|2:-1|1:4|18:ASIA_HIGH|20260420,ASIA_HIGH|20260420,SSRP|ASIA_HIGH|20260420|1776698100|FINAL,SSRP|ASIA_HIGH|20260420|1776720000|FINAL,2026.04.20 15:20:00,2026.04.20 21:25:00,365,2026.04.20 16:29:58,true,false,false,DISTINCT_TIMESTAMPED_REARM_EVENT,D032_REJECTED_BY_SAME_FAMILY_STACKING,DISTINCT_SETUP_SUPPRESSION
MSZZC1|6:XAUUSD|1:5|2:-1|1:4|18:ASIA_HIGH|20260420,ASIA_HIGH|20260420,SSRP|ASIA_HIGH|20260420|1776698100|FINAL,SSRP|ASIA_HIGH|20260420|1776720600|FINAL,2026.04.20 15:20:00,2026.04.20 21:35:00,375,2026.04.20 16:29:58,true,false,false,DISTINCT_TIMESTAMPED_REARM_EVENT,D032_REJECTED_BY_SAME_FAMILY_STACKING,DISTINCT_SETUP_SUPPRESSION
MSZZC1|6:XAUUSD|1:5|2:-1|1:4|18:ASIA_HIGH|20260420,ASIA_HIGH|20260420,SSRP|ASIA_HIGH|20260420|1776698100|FINAL,SSRP|ASIA_HIGH|20260420|1776720900|FINAL,2026.04.20 15:20:00,2026.04.20 21:55:00,395,2026.04.20 16:29:58,true,false,false,DISTINCT_TIMESTAMPED_REARM_EVENT,D032_REJECTED_BY_SAME_FAMILY_STACKING,DISTINCT_SETUP_SUPPRESSION
MSZZC1|6:XAUUSD|1:5|2:-1|1:4|18:ASIA_HIGH|20260420,ASIA_HIGH|20260420,SSRP|ASIA_HIGH|20260420|1776698100|FINAL,SSRP|ASIA_HIGH|20260420|1776723900|FINAL,2026.04.20 15:20:00,2026.04.20 22:35:00,435,2026.04.20 16:29:58,true,false,false,DISTINCT_TIMESTAMPED_REARM_EVENT,D032_REJECTED_BY_SAME_FAMILY_STACKING,DISTINCT_SETUP_SUPPRESSION
MSZZC1|6:XAUUSD|1:5|2:-1|1:4|18:ASIA_HIGH|20260420,ASIA_HIGH|20260420,SSRP|ASIA_HIGH|20260420|1776698100|FINAL,SSRP|ASIA_HIGH|20260420|1776724500|FINAL,2026.04.20 15:20:00,2026.04.20 22:40:00,440,2026.04.20 16:29:58,true,false,false,DISTINCT_TIMESTAMPED_REARM_EVENT,D032_REJECTED_BY_SAME_FAMILY_STACKING,DISTINCT_SETUP_SUPPRESSION
MSZZC1|6:XAUUSD|1:5|2:-1|1:4|18:ASIA_HIGH|20260420,ASIA_HIGH|20260420,SSRP|ASIA_HIGH|20260420|1776698100|FINAL,SSRP|ASIA_HIGH|20260420|1776726000|FINAL,2026.04.20 15:20:00,2026.04.20 23:10:00,470,2026.04.20 16:29:58,true,false,false,DISTINCT_TIMESTAMPED_REARM_EVENT,D032_REJECTED_BY_SAME_FAMILY_STACKING,DISTINCT_SETUP_SUPPRESSION
MSZZC1|6:XAUUSD|1:5|2:-1|1:4|18:ASIA_HIGH|20260420,ASIA_HIGH|20260420,SSRP|ASIA_HIGH|20260420|1776698100|FINAL,SSRP|ASIA_HIGH|20260420|1776727500|FINAL,2026.04.20 15:20:00,2026.04.20 23:30:00,490,2026.04.20 16:29:58,true,false,false,DISTINCT_TIMESTAMPED_REARM_EVENT,D032_REJECTED_BY_SAME_FAMILY_STACKING,DISTINCT_SETUP_SUPPRESSION
MSZZC1|6:XAUUSD|1:5|1:1|1:4|17:ASIA_LOW|20260421,ASIA_LOW|20260421,SSRP|ASIA_LOW|20260421|1776758400|FINAL,SSRP|ASIA_LOW|20260421|1776759600|FINAL,2026.04.21 08:05:00,2026.04.21 08:30:00,25,2026.04.21 08:54:58,false,false,false,DISTINCT_TIMESTAMPED_REARM_EVENT,D032_REJECTED_BY_SAME_FAMILY_STACKING,DISTINCT_SETUP_SUPPRESSION
MSZZC1|6:XAUUSD|1:5|1:1|1:4|17:ASIA_LOW|20260421,ASIA_LOW|20260421,SSRP|ASIA_LOW|20260421|1776758400|FINAL,SSRP|ASIA_LOW|20260421|1776760200|FINAL,2026.04.21 08:05:00,2026.04.21 08:35:00,30,2026.04.21 08:54:58,false,false,false,DISTINCT_TIMESTAMPED_REARM_EVENT,D032_REJECTED_BY_SAME_FAMILY_STACKING,DISTINCT_SETUP_SUPPRESSION
MSZZC1|6:XAUUSD|1:5|1:1|1:4|17:ASIA_LOW|20260421,ASIA_LOW|20260421,SSRP|ASIA_LOW|20260421|1776758400|FINAL,SSRP|ASIA_LOW|20260421|1776767700|FINAL,2026.04.21 08:05:00,2026.04.21 10:45:00,160,2026.04.21 08:54:58,true,true,false,DISTINCT_TIMESTAMPED_REARM_EVENT,D032_ACCEPTED_DISTINCT_TRADE,DISTINCT_SETUP_SUPPRESSION
MSZZC1|6:XAUUSD|1:5|1:1|1:4|17:ASIA_LOW|20260421,ASIA_LOW|20260421,SSRP|ASIA_LOW|20260421|1776758400|FINAL,SSRP|ASIA_LOW|20260421|1776768300|FINAL,2026.04.21 08:05:00,2026.04.21 10:50:00,165,2026.04.21 08:54:58,true,false,false,DISTINCT_TIMESTAMPED_REARM_EVENT,D032_REJECTED_BY_SAME_FAMILY_STACKING,DISTINCT_SETUP_SUPPRESSION
MSZZC1|6:XAUUSD|1:5|1:1|1:4|17:ASIA_LOW|20260421,ASIA_LOW|20260421,SSRP|ASIA_LOW|20260421|1776758400|FINAL,SSRP|ASIA_LOW|20260421|1776770100|FINAL,2026.04.21 08:05:00,2026.04.21 11:35:00,210,2026.04.21 08:54:58,true,true,false,DISTINCT_TIMESTAMPED_REARM_EVENT,D032_ACCEPTED_DISTINCT_TRADE,DISTINCT_SETUP_SUPPRESSION
MSZZC1|6:XAUUSD|1:5|1:1|1:4|17:ASIA_LOW|20260421,ASIA_LOW|20260421,SSRP|ASIA_LOW|20260421|1776758400|FINAL,SSRP|ASIA_LOW|20260421|1776771300|FINAL,2026.04.21 08:05:00,2026.04.21 11:40:00,215,2026.04.21 08:54:58,true,false,false,DISTINCT_TIMESTAMPED_REARM_EVENT,D032_REJECTED_BY_SAME_FAMILY_STACKING,DISTINCT_SETUP_SUPPRESSION
MSZZC1|6:XAUUSD|1:5|1:1|1:4|17:ASIA_LOW|20260421,ASIA_LOW|20260421,SSRP|ASIA_LOW|20260421|1776758400|FINAL,SSRP|ASIA_LOW|20260421|1776771600|FINAL,2026.04.21 08:05:00,2026.04.21 11:45:00,220,2026.04.21 08:54:58,true,false,false,DISTINCT_TIMESTAMPED_REARM_EVENT,D032_REJECTED_BY_SAME_FAMILY_STACKING,DISTINCT_SETUP_SUPPRESSION
MSZZC1|6:XAUUSD|1:5|1:1|1:4|17:ASIA_LOW|20260421,ASIA_LOW|20260421,SSRP|ASIA_LOW|20260421|1776758400|FINAL,SSRP|ASIA_LOW|20260421|1776778200|FINAL,2026.04.21 08:05:00,2026.04.21 13:50:00,345,2026.04.21 08:54:58,true,false,false,DISTINCT_TIMESTAMPED_REARM_EVENT,D032_REJECTED_BY_SAME_FAMILY_STACKING,DISTINCT_SETUP_SUPPRESSION
MSZZC1|6:XAUUSD|1:5|1:1|1:4|17:ASIA_LOW|20260421,ASIA_LOW|20260421,SSRP|ASIA_LOW|20260421|1776758400|FINAL,SSRP|ASIA_LOW|20260421|1776779400|FINAL,2026.04.21 08:05:00,2026.04.21 13:55:00,350,2026.04.21 08:54:58,true,false,false,DISTINCT_TIMESTAMPED_REARM_EVENT,D032_REJECTED_BY_SAME_FAMILY_STACKING,DISTINCT_SETUP_SUPPRESSION
MSZZC1|6:XAUUSD|1:5|1:1|1:4|17:ASIA_LOW|20260421,ASIA_LOW|20260421,SSRP|ASIA_LOW|20260421|1776758400|FINAL,SSRP|ASIA_LOW|20260421|1776781500|FINAL,2026.04.21 08:05:00,2026.04.21 14:35:00,390,2026.04.21 08:54:58,true,false,false,DISTINCT_TIMESTAMPED_REARM_EVENT,D032_REJECTED_BY_SAME_FAMILY_STACKING,DISTINCT_SETUP_SUPPRESSION
MSZZC1|6:XAUUSD|1:5|1:1|1:4|17:ASIA_LOW|20260421,ASIA_LOW|20260421,SSRP|ASIA_LOW|20260421|1776758400|FINAL,SSRP|ASIA_LOW|20260421|1776789000|FINAL,2026.04.21 08:05:00,2026.04.21 16:40:00,515,2026.04.21 08:54:58,true,true,false,DISTINCT_TIMESTAMPED_REARM_EVENT,D032_ACCEPTED_DISTINCT_TRADE,DISTINCT_SETUP_SUPPRESSION
MSZZC1|6:XAUUSD|1:5|1:1|1:4|17:ASIA_LOW|20260421,ASIA_LOW|20260421,SSRP|ASIA_LOW|20260421|1776758400|FINAL,SSRP|ASIA_LOW|20260421|1776789600|FINAL,2026.04.21 08:05:00,2026.04.21 16:45:00,520,2026.04.21 08:54:58,true,false,false,DISTINCT_TIMESTAMPED_REARM_EVENT,D032_REJECTED_BY_SAME_FAMILY_STACKING,DISTINCT_SETUP_SUPPRESSION
MSZZC1|6:XAUUSD|1:5|1:1|1:4|17:ASIA_LOW|20260421,ASIA_LOW|20260421,SSRP|ASIA_LOW|20260421|1776758400|FINAL,SSRP|ASIA_LOW|20260421|1776789900|FINAL,2026.04.21 08:05:00,2026.04.21 16:50:00,525,2026.04.21 08:54:58,true,false,false,DISTINCT_TIMESTAMPED_REARM_EVENT,D032_REJECTED_BY_SAME_FAMILY_STACKING,DISTINCT_SETUP_SUPPRESSION
MSZZC1|6:XAUUSD|1:5|2:-1|1:4|18:ASIA_HIGH|20260422,ASIA_HIGH|20260422,SSRP|ASIA_HIGH|20260422|1776848100|FINAL,SSRP|ASIA_HIGH|20260422|1776848400|FINAL,2026.04.22 09:00:00,2026.04.22 09:05:00,5,2026.04.22 10:04:57,false,false,false,DISTINCT_TIMESTAMPED_REARM_EVENT,D032_REJECTED_BY_SAME_FAMILY_STACKING,DISTINCT_SETUP_SUPPRESSION
MSZZC1|6:XAUUSD|1:5|2:-1|1:4|18:ASIA_HIGH|20260422,ASIA_HIGH|20260422,SSRP|ASIA_HIGH|20260422|1776848100|FINAL,SSRP|ASIA_HIGH|20260422|1776849900|FINAL,2026.04.22 09:00:00,2026.04.22 09:40:00,40,2026.04.22 10:04:57,false,false,false,DISTINCT_TIMESTAMPED_REARM_EVENT,D032_REJECTED_BY_SAME_FAMILY_STACKING,DISTINCT_SETUP_SUPPRESSION
MSZZC1|6:XAUUSD|1:5|2:-1|1:4|18:ASIA_HIGH|20260422,ASIA_HIGH|20260422,SSRP|ASIA_HIGH|20260422|1776848100|FINAL,SSRP|ASIA_HIGH|20260422|1776852300|FINAL,2026.04.22 09:00:00,2026.04.22 10:15:00,75,2026.04.22 10:04:57,true,true,false,DISTINCT_TIMESTAMPED_REARM_EVENT,D032_ACCEPTED_DISTINCT_TRADE,DISTINCT_SETUP_SUPPRESSION
MSZZC1|6:XAUUSD|1:5|2:-1|1:4|18:ASIA_HIGH|20260422,ASIA_HIGH|20260422,SSRP|ASIA_HIGH|20260422|1776848100|FINAL,SSRP|ASIA_HIGH|20260422|1776852900|FINAL,2026.04.22 09:00:00,2026.04.22 10:30:00,90,2026.04.22 10:04:57,true,false,false,DISTINCT_TIMESTAMPED_REARM_EVENT,D032_REJECTED_BY_SAME_FAMILY_STACKING,DISTINCT_SETUP_SUPPRESSION
MSZZC1|6:XAUUSD|1:5|2:-1|1:4|18:ASIA_HIGH|20260422,ASIA_HIGH|20260422,SSRP|ASIA_HIGH|20260422|1776848100|FINAL,SSRP|ASIA_HIGH|20260422|1776853800|FINAL,2026.04.22 09:00:00,2026.04.22 10:40:00,100,2026.04.22 10:04:57,true,false,false,DISTINCT_TIMESTAMPED_REARM_EVENT,D032_REJECTED_BY_SAME_FAMILY_STACKING,DISTINCT_SETUP_SUPPRESSION
MSZZC1|6:XAUUSD|1:5|1:1|1:4|17:ASIA_LOW|20260423,ASIA_LOW|20260423,SSRP|ASIA_LOW|20260423|1776933000|FINAL,SSRP|ASIA_LOW|20260423|1776951900|FINAL,2026.04.23 08:35:00,2026.04.23 13:55:00,320,2026.04.23 13:09:58,true,true,false,DISTINCT_TIMESTAMPED_REARM_EVENT,D032_ACCEPTED_DISTINCT_TRADE,DISTINCT_SETUP_SUPPRESSION
MSZZC1|6:XAUUSD|1:5|1:1|1:4|17:ASIA_LOW|20260423,ASIA_LOW|20260423,SSRP|ASIA_LOW|20260423|1776933000|FINAL,SSRP|ASIA_LOW|20260423|1776952500|FINAL,2026.04.23 08:35:00,2026.04.23 14:00:00,325,2026.04.23 13:09:58,true,false,false,DISTINCT_TIMESTAMPED_REARM_EVENT,D032_REJECTED_BY_SAME_FAMILY_STACKING,DISTINCT_SETUP_SUPPRESSION
MSZZC1|6:XAUUSD|1:5|1:1|1:4|17:ASIA_LOW|20260423,ASIA_LOW|20260423,SSRP|ASIA_LOW|20260423|1776933000|FINAL,SSRP|ASIA_LOW|20260423|1776977100|FINAL,2026.04.23 08:35:00,2026.04.23 20:50:00,735,2026.04.23 13:09:58,true,true,false,DISTINCT_TIMESTAMPED_REARM_EVENT,D032_ACCEPTED_DISTINCT_TRADE,DISTINCT_SETUP_SUPPRESSION
MSZZC1|6:XAUUSD|1:5|1:1|1:4|17:ASIA_LOW|20260423,ASIA_LOW|20260423,SSRP|ASIA_LOW|20260423|1776933000|FINAL,SSRP|ASIA_LOW|20260423|1776977400|FINAL,2026.04.23 08:35:00,2026.04.23 20:55:00,740,2026.04.23 13:09:58,true,false,false,DISTINCT_TIMESTAMPED_REARM_EVENT,D032_REJECTED_BY_SAME_FAMILY_STACKING,DISTINCT_SETUP_SUPPRESSION
MSZZC1|6:XAUUSD|1:5|1:1|1:4|17:ASIA_LOW|20260423,ASIA_LOW|20260423,SSRP|ASIA_LOW|20260423|1776933000|FINAL,SSRP|ASIA_LOW|20260423|1776982200|FINAL,2026.04.23 08:35:00,2026.04.23 22:15:00,820,2026.04.23 13:09:58,true,false,false,DISTINCT_TIMESTAMPED_REARM_EVENT,D032_REJECTED_BY_SAME_FAMILY_STACKING,DISTINCT_SETUP_SUPPRESSION
MSZZC1|6:XAUUSD|1:5|1:1|1:4|17:ASIA_LOW|20260423,ASIA_LOW|20260423,SSRP|ASIA_LOW|20260423|1776933000|FINAL,SSRP|ASIA_LOW|20260423|1776983700|FINAL,2026.04.23 08:35:00,2026.04.23 22:45:00,850,2026.04.23 13:09:58,true,false,false,DISTINCT_TIMESTAMPED_REARM_EVENT,D032_REJECTED_BY_SAME_FAMILY_STACKING,DISTINCT_SETUP_SUPPRESSION
MSZZC1|6:XAUUSD|1:5|1:1|1:4|17:ASIA_LOW|20260423,ASIA_LOW|20260423,SSRP|ASIA_LOW|20260423|1776933000|FINAL,SSRP|ASIA_LOW|20260423|1776984300|FINAL,2026.04.23 08:35:00,2026.04.23 22:50:00,855,2026.04.23 13:09:58,true,false,false,DISTINCT_TIMESTAMPED_REARM_EVENT,D032_REJECTED_BY_SAME_FAMILY_STACKING,DISTINCT_SETUP_SUPPRESSION
MSZZC1|6:XAUUSD|1:5|2:-1|1:4|18:ASIA_HIGH|20260424,ASIA_HIGH|20260424,SSRP|ASIA_HIGH|20260424|1777040700|FINAL,SSRP|ASIA_HIGH|20260424|1777041300|FINAL,2026.04.24 14:35:00,2026.04.24 14:40:00,5,2026.04.24 17:09:58,false,false,false,DISTINCT_TIMESTAMPED_REARM_EVENT,D032_REJECTED_BY_SAME_FAMILY_STACKING,DISTINCT_SETUP_SUPPRESSION
MSZZC1|6:XAUUSD|1:5|2:-1|1:4|18:ASIA_HIGH|20260424,ASIA_HIGH|20260424,SSRP|ASIA_HIGH|20260424|1777040700|FINAL,SSRP|ASIA_HIGH|20260424|1777049100|FINAL,2026.04.24 14:35:00,2026.04.24 16:50:00,135,2026.04.24 17:09:58,false,false,false,DISTINCT_TIMESTAMPED_REARM_EVENT,D032_REJECTED_BY_SAME_FAMILY_STACKING,DISTINCT_SETUP_SUPPRESSION
MSZZC1|6:XAUUSD|1:5|2:-1|1:4|18:ASIA_HIGH|20260424,ASIA_HIGH|20260424,SSRP|ASIA_HIGH|20260424|1777040700|FINAL,SSRP|ASIA_HIGH|20260424|1777071300|FINAL,2026.04.24 14:35:00,2026.04.24 23:05:00,510,2026.04.24 17:09:58,true,true,false,DISTINCT_TIMESTAMPED_REARM_EVENT,D032_ACCEPTED_DISTINCT_TRADE,DISTINCT_SETUP_SUPPRESSION
MSZZC1|6:XAUUSD|1:5|2:-1|1:4|18:ASIA_HIGH|20260424,ASIA_HIGH|20260424,SSRP|ASIA_HIGH|20260424|1777040700|FINAL,SSRP|ASIA_HIGH|20260424|1777071900|FINAL,2026.04.24 14:35:00,2026.04.24 23:10:00,515,2026.04.24 17:09:58,true,false,false,DISTINCT_TIMESTAMPED_REARM_EVENT,D032_REJECTED_BY_SAME_FAMILY_STACKING,DISTINCT_SETUP_SUPPRESSION
MSZZC1|6:XAUUSD|1:5|1:1|1:4|17:ASIA_LOW|20260427,ASIA_LOW|20260427,SSRP|ASIA_LOW|20260427|1777312800|FINAL,SSRP|ASIA_LOW|20260427|1777313400|FINAL,2026.04.27 18:10:00,2026.04.27 18:15:00,5,2026.04.28 01:14:57,false,false,false,DISTINCT_TIMESTAMPED_REARM_EVENT,D032_REJECTED_BY_SAME_FAMILY_STACKING,DISTINCT_SETUP_SUPPRESSION
MSZZC1|6:XAUUSD|1:5|1:1|1:4|17:ASIA_LOW|20260427,ASIA_LOW|20260427,SSRP|ASIA_LOW|20260427|1777312800|FINAL,SSRP|ASIA_LOW|20260427|1777315800|FINAL,2026.04.27 18:10:00,2026.04.27 19:05:00,55,2026.04.28 01:14:57,false,false,false,DISTINCT_TIMESTAMPED_REARM_EVENT,D032_REJECTED_BY_SAME_FAMILY_STACKING,DISTINCT_SETUP_SUPPRESSION
MSZZC1|6:XAUUSD|1:5|1:1|1:4|17:ASIA_LOW|20260427,ASIA_LOW|20260427,SSRP|ASIA_LOW|20260427|1777312800|FINAL,SSRP|ASIA_LOW|20260427|1777316700|FINAL,2026.04.27 18:10:00,2026.04.27 19:10:00,60,2026.04.28 01:14:57,false,false,false,DISTINCT_TIMESTAMPED_REARM_EVENT,D032_REJECTED_BY_SAME_FAMILY_STACKING,DISTINCT_SETUP_SUPPRESSION
MSZZC1|6:XAUUSD|1:5|1:1|1:4|17:ASIA_LOW|20260427,ASIA_LOW|20260427,SSRP|ASIA_LOW|20260427|1777312800|FINAL,SSRP|ASIA_LOW|20260427|1777320600|FINAL,2026.04.27 18:10:00,2026.04.27 20:20:00,130,2026.04.28 01:14:57,false,false,false,DISTINCT_TIMESTAMPED_REARM_EVENT,D032_REJECTED_BY_SAME_FAMILY_STACKING,DISTINCT_SETUP_SUPPRESSION
MSZZC1|6:XAUUSD|1:5|1:1|1:4|17:ASIA_LOW|20260427,ASIA_LOW|20260427,SSRP|ASIA_LOW|20260427|1777312800|FINAL,SSRP|ASIA_LOW|20260427|1777321200|FINAL,2026.04.27 18:10:00,2026.04.27 20:25:00,135,2026.04.28 01:14:57,false,false,false,DISTINCT_TIMESTAMPED_REARM_EVENT,D032_REJECTED_BY_SAME_FAMILY_STACKING,DISTINCT_SETUP_SUPPRESSION
MSZZC1|6:XAUUSD|1:5|1:1|1:4|17:ASIA_LOW|20260429,ASIA_LOW|20260429,SSRP|ASIA_LOW|20260429|1777458000|FINAL,SSRP|ASIA_LOW|20260429|1777464300|FINAL,2026.04.29 10:30:00,2026.04.29 12:15:00,105,2026.04.29 10:49:58,true,true,false,DISTINCT_TIMESTAMPED_REARM_EVENT,D032_ACCEPTED_DISTINCT_TRADE,DISTINCT_SETUP_SUPPRESSION
MSZZC1|6:XAUUSD|1:5|1:1|1:4|17:ASIA_LOW|20260501,ASIA_LOW|20260501,SSRP|ASIA_LOW|20260501|1777622400|FINAL,SSRP|ASIA_LOW|20260501|1777653900|FINAL,2026.05.01 08:05:00,2026.05.01 16:50:00,525,2026.05.01 08:49:57,true,true,false,DISTINCT_TIMESTAMPED_REARM_EVENT,D032_ACCEPTED_DISTINCT_TRADE,DISTINCT_SETUP_SUPPRESSION
MSZZC1|6:XAUUSD|1:5|1:1|1:4|17:ASIA_LOW|20260501,ASIA_LOW|20260501,SSRP|ASIA_LOW|20260501|1777622400|FINAL,SSRP|ASIA_LOW|20260501|1777654200|FINAL,2026.05.01 08:05:00,2026.05.01 16:55:00,530,2026.05.01 08:49:57,true,false,false,DISTINCT_TIMESTAMPED_REARM_EVENT,D032_REJECTED_BY_SAME_FAMILY_STACKING,DISTINCT_SETUP_SUPPRESSION
MSZZC1|6:XAUUSD|1:5|2:-1|1:4|18:ASIA_HIGH|20260501,ASIA_HIGH|20260501,SSRP|ASIA_HIGH|20260501|1777654800|FINAL,SSRP|ASIA_HIGH|20260501|1777656600|FINAL,2026.05.01 17:05:00,2026.05.01 17:40:00,35,2026.05.01 17:14:58,true,true,false,DISTINCT_TIMESTAMPED_REARM_EVENT,D032_ACCEPTED_DISTINCT_TRADE,DISTINCT_SETUP_SUPPRESSION
MSZZC1|6:XAUUSD|1:5|2:-1|1:4|18:ASIA_HIGH|20260501,ASIA_HIGH|20260501,SSRP|ASIA_HIGH|20260501|1777654800|FINAL,SSRP|ASIA_HIGH|20260501|1777657200|FINAL,2026.05.01 17:05:00,2026.05.01 17:45:00,40,2026.05.01 17:14:58,true,false,false,DISTINCT_TIMESTAMPED_REARM_EVENT,D032_REJECTED_BY_SAME_FAMILY_STACKING,DISTINCT_SETUP_SUPPRESSION
MSZZC1|6:XAUUSD|1:5|2:-1|1:4|18:ASIA_HIGH|20260501,ASIA_HIGH|20260501,SSRP|ASIA_HIGH|20260501|1777654800|FINAL,SSRP|ASIA_HIGH|20260501|1777666200|FINAL,2026.05.01 17:05:00,2026.05.01 20:20:00,195,2026.05.01 17:14:58,true,true,false,DISTINCT_TIMESTAMPED_REARM_EVENT,D032_ACCEPTED_DISTINCT_TRADE,DISTINCT_SETUP_SUPPRESSION
MSZZC1|6:XAUUSD|1:5|2:-1|1:4|18:ASIA_HIGH|20260501,ASIA_HIGH|20260501,SSRP|ASIA_HIGH|20260501|1777654800|FINAL,SSRP|ASIA_HIGH|20260501|1777666800|FINAL,2026.05.01 17:05:00,2026.05.01 20:25:00,200,2026.05.01 17:14:58,true,false,false,DISTINCT_TIMESTAMPED_REARM_EVENT,D032_REJECTED_BY_SAME_FAMILY_STACKING,DISTINCT_SETUP_SUPPRESSION
MSZZC1|6:XAUUSD|1:5|1:1|1:4|17:ASIA_LOW|20260501,ASIA_LOW|20260501,SSRP|ASIA_LOW|20260501|1777622400|FINAL,SSRP|ASIA_LOW|20260501|1777676400|FINAL,2026.05.01 08:05:00,2026.05.01 23:05:00,900,2026.05.01 08:49:57,true,true,false,DISTINCT_TIMESTAMPED_REARM_EVENT,D032_ACCEPTED_DISTINCT_TRADE,DISTINCT_SETUP_SUPPRESSION
MSZZC1|6:XAUUSD|1:5|1:1|1:4|17:ASIA_LOW|20260501,ASIA_LOW|20260501,SSRP|ASIA_LOW|20260501|1777622400|FINAL,SSRP|ASIA_LOW|20260501|1777676700|FINAL,2026.05.01 08:05:00,2026.05.01 23:10:00,905,2026.05.01 08:49:57,true,false,false,DISTINCT_TIMESTAMPED_REARM_EVENT,D032_REJECTED_BY_SAME_FAMILY_STACKING,DISTINCT_SETUP_SUPPRESSION
MSZZC1|6:XAUUSD|1:5|1:1|1:4|17:ASIA_LOW|20260504,ASIA_LOW|20260504,SSRP|ASIA_LOW|20260504|1777885500|FINAL,SSRP|ASIA_LOW|20260504|1777887600|FINAL,2026.05.04 09:10:00,2026.05.04 10:10:00,60,2026.05.04 09:39:58,true,true,false,DISTINCT_TIMESTAMPED_REARM_EVENT,D032_ACCEPTED_DISTINCT_TRADE,DISTINCT_SETUP_SUPPRESSION
MSZZC1|6:XAUUSD|1:5|2:-1|1:4|18:ASIA_HIGH|20260505,ASIA_HIGH|20260505,SSRP|ASIA_HIGH|20260505|1777970100|FINAL,SSRP|ASIA_HIGH|20260505|1777970400|FINAL,2026.05.05 08:40:00,2026.05.05 08:50:00,10,2026.05.05 09:04:57,false,false,false,DISTINCT_TIMESTAMPED_REARM_EVENT,D032_REJECTED_BY_SAME_FAMILY_STACKING,DISTINCT_SETUP_SUPPRESSION
MSZZC1|6:XAUUSD|1:5|2:-1|1:4|18:ASIA_HIGH|20260505,ASIA_HIGH|20260505,SSRP|ASIA_HIGH|20260505|1777970100|FINAL,SSRP|ASIA_HIGH|20260505|1777971000|FINAL,2026.05.05 08:40:00,2026.05.05 08:55:00,15,2026.05.05 09:04:57,false,false,false,DISTINCT_TIMESTAMPED_REARM_EVENT,D032_REJECTED_BY_SAME_FAMILY_STACKING,DISTINCT_SETUP_SUPPRESSION
MSZZC1|6:XAUUSD|1:5|2:-1|1:4|18:ASIA_HIGH|20260505,ASIA_HIGH|20260505,SSRP|ASIA_HIGH|20260505|1777970100|FINAL,SSRP|ASIA_HIGH|20260505|1777971600|FINAL,2026.05.05 08:40:00,2026.05.05 09:05:00,25,2026.05.05 09:04:57,true,true,false,DISTINCT_TIMESTAMPED_REARM_EVENT,D032_ACCEPTED_DISTINCT_TRADE,DISTINCT_SETUP_SUPPRESSION
MSZZC1|6:XAUUSD|1:5|2:-1|1:4|18:ASIA_HIGH|20260505,ASIA_HIGH|20260505,SSRP|ASIA_HIGH|20260505|1777970100|FINAL,SSRP|ASIA_HIGH|20260505|1777973700|FINAL,2026.05.05 08:40:00,2026.05.05 09:40:00,60,2026.05.05 09:04:57,true,false,false,DISTINCT_TIMESTAMPED_REARM_EVENT,D032_REJECTED_BY_SAME_FAMILY_STACKING,DISTINCT_SETUP_SUPPRESSION
MSZZC1|6:XAUUSD|1:5|2:-1|1:4|18:ASIA_HIGH|20260505,ASIA_HIGH|20260505,SSRP|ASIA_HIGH|20260505|1777970100|FINAL,SSRP|ASIA_HIGH|20260505|1777977600|FINAL,2026.05.05 08:40:00,2026.05.05 10:45:00,125,2026.05.05 09:04:57,true,true,false,DISTINCT_TIMESTAMPED_REARM_EVENT,D032_ACCEPTED_DISTINCT_TRADE,DISTINCT_SETUP_SUPPRESSION
MSZZC1|6:XAUUSD|1:5|2:-1|1:4|18:ASIA_HIGH|20260505,ASIA_HIGH|20260505,SSRP|ASIA_HIGH|20260505|1777970100|FINAL,SSRP|ASIA_HIGH|20260505|1777977900|FINAL,2026.05.05 08:40:00,2026.05.05 10:50:00,130,2026.05.05 09:04:57,true,false,false,DISTINCT_TIMESTAMPED_REARM_EVENT,D032_REJECTED_BY_SAME_FAMILY_STACKING,DISTINCT_SETUP_SUPPRESSION
MSZZC1|6:XAUUSD|1:5|2:-1|1:4|18:ASIA_HIGH|20260505,ASIA_HIGH|20260505,SSRP|ASIA_HIGH|20260505|1777970100|FINAL,SSRP|ASIA_HIGH|20260505|1777978200|FINAL,2026.05.05 08:40:00,2026.05.05 10:55:00,135,2026.05.05 09:04:57,true,false,false,DISTINCT_TIMESTAMPED_REARM_EVENT,D032_REJECTED_BY_SAME_FAMILY_STACKING,DISTINCT_SETUP_SUPPRESSION
MSZZC1|6:XAUUSD|1:5|2:-1|1:4|18:ASIA_HIGH|20260505,ASIA_HIGH|20260505,SSRP|ASIA_HIGH|20260505|1777970100|FINAL,SSRP|ASIA_HIGH|20260505|1777988100|FINAL,2026.05.05 08:40:00,2026.05.05 13:40:00,300,2026.05.05 09:04:57,true,true,false,DISTINCT_TIMESTAMPED_REARM_EVENT,D032_ACCEPTED_DISTINCT_TRADE,DISTINCT_SETUP_SUPPRESSION
MSZZC1|6:XAUUSD|1:5|2:-1|1:4|18:ASIA_HIGH|20260505,ASIA_HIGH|20260505,SSRP|ASIA_HIGH|20260505|1777970100|FINAL,SSRP|ASIA_HIGH|20260505|1777988400|FINAL,2026.05.05 08:40:00,2026.05.05 13:45:00,305,2026.05.05 09:04:57,true,false,false,DISTINCT_TIMESTAMPED_REARM_EVENT,D032_REJECTED_BY_SAME_FAMILY_STACKING,DISTINCT_SETUP_SUPPRESSION
MSZZC1|6:XAUUSD|1:5|2:-1|1:4|18:ASIA_HIGH|20260506,ASIA_HIGH|20260506,SSRP|ASIA_HIGH|20260506|1778054700|FINAL,SSRP|ASIA_HIGH|20260506|1778055300|FINAL,2026.05.06 08:15:00,2026.05.06 08:25:00,10,2026.05.06 08:59:58,false,false,false,DISTINCT_TIMESTAMPED_REARM_EVENT,D032_REJECTED_BY_SAME_FAMILY_STACKING,DISTINCT_SETUP_SUPPRESSION
MSZZC1|6:XAUUSD|1:5|2:-1|1:4|18:ASIA_HIGH|20260506,ASIA_HIGH|20260506,SSRP|ASIA_HIGH|20260506|1778054700|FINAL,SSRP|ASIA_HIGH|20260506|1778055900|FINAL,2026.05.06 08:15:00,2026.05.06 08:30:00,15,2026.05.06 08:59:58,false,false,false,DISTINCT_TIMESTAMPED_REARM_EVENT,D032_REJECTED_BY_SAME_FAMILY_STACKING,DISTINCT_SETUP_SUPPRESSION
MSZZC1|6:XAUUSD|1:5|2:-1|1:4|18:ASIA_HIGH|20260507,ASIA_HIGH|20260507,SSRP|ASIA_HIGH|20260507|1778180100|FINAL,SSRP|ASIA_HIGH|20260507|1778180700|FINAL,2026.05.07 19:05:00,2026.05.07 19:10:00,5,2026.05.07 23:59:58,false,false,false,DISTINCT_TIMESTAMPED_REARM_EVENT,D032_REJECTED_BY_SAME_FAMILY_STACKING,DISTINCT_SETUP_SUPPRESSION
MSZZC1|6:XAUUSD|1:5|2:-1|1:4|18:ASIA_HIGH|20260507,ASIA_HIGH|20260507,SSRP|ASIA_HIGH|20260507|1778180100|FINAL,SSRP|ASIA_HIGH|20260507|1778181900|FINAL,2026.05.07 19:05:00,2026.05.07 19:30:00,25,2026.05.07 23:59:58,false,false,false,DISTINCT_TIMESTAMPED_REARM_EVENT,D032_REJECTED_BY_SAME_FAMILY_STACKING,DISTINCT_SETUP_SUPPRESSION
MSZZC1|6:XAUUSD|1:5|2:-1|1:4|18:ASIA_HIGH|20260508,ASIA_HIGH|20260508,SSRP|ASIA_HIGH|20260508|1778232300|FINAL,SSRP|ASIA_HIGH|20260508|1778232600|FINAL,2026.05.08 09:30:00,2026.05.08 09:35:00,5,2026.05.08 10:24:58,false,false,false,DISTINCT_TIMESTAMPED_REARM_EVENT,D032_REJECTED_BY_SAME_FAMILY_STACKING,DISTINCT_SETUP_SUPPRESSION
MSZZC1|6:XAUUSD|1:5|2:-1|1:4|18:ASIA_HIGH|20260508,ASIA_HIGH|20260508,SSRP|ASIA_HIGH|20260508|1778232300|FINAL,SSRP|ASIA_HIGH|20260508|1778259600|FINAL,2026.05.08 09:30:00,2026.05.08 17:05:00,455,2026.05.08 10:24:58,true,true,false,DISTINCT_TIMESTAMPED_REARM_EVENT,D032_ACCEPTED_DISTINCT_TRADE,DISTINCT_SETUP_SUPPRESSION
MSZZC1|6:XAUUSD|1:5|2:-1|1:4|18:ASIA_HIGH|20260508,ASIA_HIGH|20260508,SSRP|ASIA_HIGH|20260508|1778232300|FINAL,SSRP|ASIA_HIGH|20260508|1778259900|FINAL,2026.05.08 09:30:00,2026.05.08 17:10:00,460,2026.05.08 10:24:58,true,false,false,DISTINCT_TIMESTAMPED_REARM_EVENT,D032_REJECTED_BY_SAME_FAMILY_STACKING,DISTINCT_SETUP_SUPPRESSION
MSZZC1|6:XAUUSD|1:5|1:1|1:4|17:ASIA_LOW|20260511,ASIA_LOW|20260511,SSRP|ASIA_LOW|20260511|1778490300|FINAL,SSRP|ASIA_LOW|20260511|1778490900|FINAL,2026.05.11 09:15:00,2026.05.11 09:30:00,15,2026.05.11 12:34:58,false,false,false,DISTINCT_TIMESTAMPED_REARM_EVENT,D032_REJECTED_BY_SAME_FAMILY_STACKING,DISTINCT_SETUP_SUPPRESSION
MSZZC1|6:XAUUSD|1:5|1:1|1:4|17:ASIA_LOW|20260511,ASIA_LOW|20260511,SSRP|ASIA_LOW|20260511|1778490300|FINAL,SSRP|ASIA_LOW|20260511|1778491800|FINAL,2026.05.11 09:15:00,2026.05.11 09:35:00,20,2026.05.11 12:34:58,false,false,false,DISTINCT_TIMESTAMPED_REARM_EVENT,D032_REJECTED_BY_SAME_FAMILY_STACKING,DISTINCT_SETUP_SUPPRESSION
MSZZC1|6:XAUUSD|1:5|1:1|1:4|17:ASIA_LOW|20260511,ASIA_LOW|20260511,SSRP|ASIA_LOW|20260511|1778490300|FINAL,SSRP|ASIA_LOW|20260511|1778496300|FINAL,2026.05.11 09:15:00,2026.05.11 10:50:00,95,2026.05.11 12:34:58,false,false,false,DISTINCT_TIMESTAMPED_REARM_EVENT,D032_REJECTED_BY_SAME_FAMILY_STACKING,DISTINCT_SETUP_SUPPRESSION
MSZZC1|6:XAUUSD|1:5|1:1|1:4|17:ASIA_LOW|20260511,ASIA_LOW|20260511,SSRP|ASIA_LOW|20260511|1778490300|FINAL,SSRP|ASIA_LOW|20260511|1778497500|FINAL,2026.05.11 09:15:00,2026.05.11 11:10:00,115,2026.05.11 12:34:58,false,false,false,DISTINCT_TIMESTAMPED_REARM_EVENT,D032_REJECTED_BY_SAME_FAMILY_STACKING,DISTINCT_SETUP_SUPPRESSION
MSZZC1|6:XAUUSD|1:5|1:1|1:4|17:ASIA_LOW|20260511,ASIA_LOW|20260511,SSRP|ASIA_LOW|20260511|1778490300|FINAL,SSRP|ASIA_LOW|20260511|1778497800|FINAL,2026.05.11 09:15:00,2026.05.11 11:15:00,120,2026.05.11 12:34:58,false,false,false,DISTINCT_TIMESTAMPED_REARM_EVENT,D032_REJECTED_BY_SAME_FAMILY_STACKING,DISTINCT_SETUP_SUPPRESSION
MSZZC1|6:XAUUSD|1:5|1:1|1:4|17:ASIA_LOW|20260511,ASIA_LOW|20260511,SSRP|ASIA_LOW|20260511|1778490300|FINAL,SSRP|ASIA_LOW|20260511|1778500200|FINAL,2026.05.11 09:15:00,2026.05.11 12:00:00,165,2026.05.11 12:34:58,false,false,false,DISTINCT_TIMESTAMPED_REARM_EVENT,D032_REJECTED_BY_SAME_FAMILY_STACKING,DISTINCT_SETUP_SUPPRESSION
MSZZC1|6:XAUUSD|1:5|1:1|1:4|17:ASIA_LOW|20260511,ASIA_LOW|20260511,SSRP|ASIA_LOW|20260511|1778490300|FINAL,SSRP|ASIA_LOW|20260511|1778507700|FINAL,2026.05.11 09:15:00,2026.05.11 14:00:00,285,2026.05.11 12:34:58,true,true,false,DISTINCT_TIMESTAMPED_REARM_EVENT,D032_ACCEPTED_DISTINCT_TRADE,DISTINCT_SETUP_SUPPRESSION
MSZZC1|6:XAUUSD|1:5|1:1|1:4|17:ASIA_LOW|20260511,ASIA_LOW|20260511,SSRP|ASIA_LOW|20260511|1778490300|FINAL,SSRP|ASIA_LOW|20260511|1778508000|FINAL,2026.05.11 09:15:00,2026.05.11 14:05:00,290,2026.05.11 12:34:58,true,false,false,DISTINCT_TIMESTAMPED_REARM_EVENT,D032_REJECTED_BY_SAME_FAMILY_STACKING,DISTINCT_SETUP_SUPPRESSION
MSZZC1|6:XAUUSD|1:5|1:1|1:4|17:ASIA_LOW|20260511,ASIA_LOW|20260511,SSRP|ASIA_LOW|20260511|1778490300|FINAL,SSRP|ASIA_LOW|20260511|1778508300|FINAL,2026.05.11 09:15:00,2026.05.11 14:10:00,295,2026.05.11 12:34:58,true,false,false,DISTINCT_TIMESTAMPED_REARM_EVENT,D032_REJECTED_BY_SAME_FAMILY_STACKING,DISTINCT_SETUP_SUPPRESSION
MSZZC1|6:XAUUSD|1:5|1:1|1:4|17:ASIA_LOW|20260511,ASIA_LOW|20260511,SSRP|ASIA_LOW|20260511|1778490300|FINAL,SSRP|ASIA_LOW|20260511|1778508600|FINAL,2026.05.11 09:15:00,2026.05.11 14:15:00,300,2026.05.11 12:34:58,true,false,false,DISTINCT_TIMESTAMPED_REARM_EVENT,D032_REJECTED_BY_SAME_FAMILY_STACKING,DISTINCT_SETUP_SUPPRESSION
MSZZC1|6:XAUUSD|1:5|1:1|1:4|17:ASIA_LOW|20260511,ASIA_LOW|20260511,SSRP|ASIA_LOW|20260511|1778490300|FINAL,SSRP|ASIA_LOW|20260511|1778508900|FINAL,2026.05.11 09:15:00,2026.05.11 14:20:00,305,2026.05.11 12:34:58,true,false,false,DISTINCT_TIMESTAMPED_REARM_EVENT,D032_REJECTED_BY_SAME_FAMILY_STACKING,DISTINCT_SETUP_SUPPRESSION
MSZZC1|6:XAUUSD|1:5|1:1|1:4|17:ASIA_LOW|20260511,ASIA_LOW|20260511,SSRP|ASIA_LOW|20260511|1778490300|FINAL,SSRP|ASIA_LOW|20260511|1778509200|FINAL,2026.05.11 09:15:00,2026.05.11 14:25:00,310,2026.05.11 12:34:58,true,false,false,DISTINCT_TIMESTAMPED_REARM_EVENT,D032_REJECTED_BY_SAME_FAMILY_STACKING,DISTINCT_SETUP_SUPPRESSION
MSZZC1|6:XAUUSD|1:5|1:1|1:4|17:ASIA_LOW|20260511,ASIA_LOW|20260511,SSRP|ASIA_LOW|20260511|1778490300|FINAL,SSRP|ASIA_LOW|20260511|1778509500|FINAL,2026.05.11 09:15:00,2026.05.11 14:30:00,315,2026.05.11 12:34:58,true,false,false,DISTINCT_TIMESTAMPED_REARM_EVENT,D032_REJECTED_BY_SAME_FAMILY_STACKING,DISTINCT_SETUP_SUPPRESSION
MSZZC1|6:XAUUSD|1:5|1:1|1:4|17:ASIA_LOW|20260511,ASIA_LOW|20260511,SSRP|ASIA_LOW|20260511|1778490300|FINAL,SSRP|ASIA_LOW|20260511|1778512200|FINAL,2026.05.11 09:15:00,2026.05.11 15:15:00,360,2026.05.11 12:34:58,true,false,false,DISTINCT_TIMESTAMPED_REARM_EVENT,D032_REJECTED_BY_SAME_FAMILY_STACKING,DISTINCT_SETUP_SUPPRESSION
MSZZC1|6:XAUUSD|1:5|1:1|1:4|17:ASIA_LOW|20260511,ASIA_LOW|20260511,SSRP|ASIA_LOW|20260511|1778490300|FINAL,SSRP|ASIA_LOW|20260511|1778512500|FINAL,2026.05.11 09:15:00,2026.05.11 15:20:00,365,2026.05.11 12:34:58,true,true,false,DISTINCT_TIMESTAMPED_REARM_EVENT,D032_ACCEPTED_DISTINCT_TRADE,DISTINCT_SETUP_SUPPRESSION
MSZZC1|6:XAUUSD|1:5|1:1|1:4|17:ASIA_LOW|20260512,ASIA_LOW|20260512,SSRP|ASIA_LOW|20260512|1778573100|FINAL,SSRP|ASIA_LOW|20260512|1778573400|FINAL,2026.05.12 08:10:00,2026.05.12 08:15:00,5,2026.05.12 08:34:57,false,false,false,DISTINCT_TIMESTAMPED_REARM_EVENT,D032_REJECTED_BY_SAME_FAMILY_STACKING,DISTINCT_SETUP_SUPPRESSION
MSZZC1|6:XAUUSD|1:5|1:1|1:4|17:ASIA_LOW|20260512,ASIA_LOW|20260512,SSRP|ASIA_LOW|20260512|1778573100|FINAL,SSRP|ASIA_LOW|20260512|1778625300|FINAL,2026.05.12 08:10:00,2026.05.12 22:50:00,880,2026.05.12 08:34:57,true,true,false,DISTINCT_TIMESTAMPED_REARM_EVENT,D032_ACCEPTED_DISTINCT_TRADE,DISTINCT_SETUP_SUPPRESSION
MSZZC1|6:XAUUSD|1:5|1:1|1:4|17:ASIA_LOW|20260512,ASIA_LOW|20260512,SSRP|ASIA_LOW|20260512|1778573100|FINAL,SSRP|ASIA_LOW|20260512|1778626200|FINAL,2026.05.12 08:10:00,2026.05.12 22:55:00,885,2026.05.12 08:34:57,true,false,false,DISTINCT_TIMESTAMPED_REARM_EVENT,D032_REJECTED_BY_SAME_FAMILY_STACKING,DISTINCT_SETUP_SUPPRESSION
MSZZC1|6:XAUUSD|1:5|1:1|1:4|17:ASIA_LOW|20260513,ASIA_LOW|20260513,SSRP|ASIA_LOW|20260513|1778674800|FINAL,SSRP|ASIA_LOW|20260513|1778675100|FINAL,2026.05.13 12:25:00,2026.05.13 12:30:00,5,2026.05.13 12:54:58,false,false,false,DISTINCT_TIMESTAMPED_REARM_EVENT,D032_REJECTED_BY_SAME_FAMILY_STACKING,DISTINCT_SETUP_SUPPRESSION
MSZZC1|6:XAUUSD|1:5|1:1|1:4|17:ASIA_LOW|20260513,ASIA_LOW|20260513,SSRP|ASIA_LOW|20260513|1778674800|FINAL,SSRP|ASIA_LOW|20260513|1778675400|FINAL,2026.05.13 12:25:00,2026.05.13 12:35:00,10,2026.05.13 12:54:58,false,false,false,DISTINCT_TIMESTAMPED_REARM_EVENT,D032_REJECTED_BY_SAME_FAMILY_STACKING,DISTINCT_SETUP_SUPPRESSION
MSZZC1|6:XAUUSD|1:5|1:1|1:4|17:ASIA_LOW|20260513,ASIA_LOW|20260513,SSRP|ASIA_LOW|20260513|1778674800|FINAL,SSRP|ASIA_LOW|20260513|1778687700|FINAL,2026.05.13 12:25:00,2026.05.13 16:10:00,225,2026.05.13 12:54:58,true,true,false,DISTINCT_TIMESTAMPED_REARM_EVENT,D032_ACCEPTED_DISTINCT_TRADE,DISTINCT_SETUP_SUPPRESSION
MSZZC1|6:XAUUSD|1:5|1:1|1:4|17:ASIA_LOW|20260513,ASIA_LOW|20260513,SSRP|ASIA_LOW|20260513|1778674800|FINAL,SSRP|ASIA_LOW|20260513|1778688600|FINAL,2026.05.13 12:25:00,2026.05.13 16:15:00,230,2026.05.13 12:54:58,true,false,false,DISTINCT_TIMESTAMPED_REARM_EVENT,D032_REJECTED_BY_SAME_FAMILY_STACKING,DISTINCT_SETUP_SUPPRESSION
MSZZC1|6:XAUUSD|1:5|1:1|1:4|17:ASIA_LOW|20260513,ASIA_LOW|20260513,SSRP|ASIA_LOW|20260513|1778674800|FINAL,SSRP|ASIA_LOW|20260513|1778688900|FINAL,2026.05.13 12:25:00,2026.05.13 16:20:00,235,2026.05.13 12:54:58,true,false,false,DISTINCT_TIMESTAMPED_REARM_EVENT,D032_REJECTED_BY_SAME_FAMILY_STACKING,DISTINCT_SETUP_SUPPRESSION
MSZZC1|6:XAUUSD|1:5|1:1|1:4|17:ASIA_LOW|20260513,ASIA_LOW|20260513,SSRP|ASIA_LOW|20260513|1778674800|FINAL,SSRP|ASIA_LOW|20260513|1778692800|FINAL,2026.05.13 12:25:00,2026.05.13 17:30:00,305,2026.05.13 12:54:58,true,true,false,DISTINCT_TIMESTAMPED_REARM_EVENT,D032_ACCEPTED_DISTINCT_TRADE,DISTINCT_SETUP_SUPPRESSION
MSZZC1|6:XAUUSD|1:5|1:1|1:4|17:ASIA_LOW|20260513,ASIA_LOW|20260513,SSRP|ASIA_LOW|20260513|1778674800|FINAL,SSRP|ASIA_LOW|20260513|1778695200|FINAL,2026.05.13 12:25:00,2026.05.13 18:05:00,340,2026.05.13 12:54:58,true,false,false,DISTINCT_TIMESTAMPED_REARM_EVENT,D032_REJECTED_BY_SAME_FAMILY_STACKING,DISTINCT_SETUP_SUPPRESSION
MSZZC1|6:XAUUSD|1:5|1:1|1:4|17:ASIA_LOW|20260513,ASIA_LOW|20260513,SSRP|ASIA_LOW|20260513|1778674800|FINAL,SSRP|ASIA_LOW|20260513|1778695500|FINAL,2026.05.13 12:25:00,2026.05.13 18:20:00,355,2026.05.13 12:54:58,true,false,false,DISTINCT_TIMESTAMPED_REARM_EVENT,D032_REJECTED_BY_SAME_FAMILY_STACKING,DISTINCT_SETUP_SUPPRESSION
MSZZC1|6:XAUUSD|1:5|1:1|1:4|17:ASIA_LOW|20260513,ASIA_LOW|20260513,SSRP|ASIA_LOW|20260513|1778674800|FINAL,SSRP|ASIA_LOW|20260513|1778696400|FINAL,2026.05.13 12:25:00,2026.05.13 18:25:00,360,2026.05.13 12:54:58,true,false,false,DISTINCT_TIMESTAMPED_REARM_EVENT,D032_REJECTED_BY_SAME_FAMILY_STACKING,DISTINCT_SETUP_SUPPRESSION
MSZZC1|6:XAUUSD|1:5|1:1|1:4|17:ASIA_LOW|20260513,ASIA_LOW|20260513,SSRP|ASIA_LOW|20260513|1778674800|FINAL,SSRP|ASIA_LOW|20260513|1778705700|FINAL,2026.05.13 12:25:00,2026.05.13 21:00:00,515,2026.05.13 12:54:58,true,false,false,DISTINCT_TIMESTAMPED_REARM_EVENT,D032_REJECTED_BY_SAME_FAMILY_STACKING,DISTINCT_SETUP_SUPPRESSION
MSZZC1|6:XAUUSD|1:5|1:1|1:4|17:ASIA_LOW|20260513,ASIA_LOW|20260513,SSRP|ASIA_LOW|20260513|1778674800|FINAL,SSRP|ASIA_LOW|20260513|1778706000|FINAL,2026.05.13 12:25:00,2026.05.13 21:05:00,520,2026.05.13 12:54:58,true,false,false,DISTINCT_TIMESTAMPED_REARM_EVENT,D032_REJECTED_BY_SAME_FAMILY_STACKING,DISTINCT_SETUP_SUPPRESSION
MSZZC1|6:XAUUSD|1:5|1:1|1:4|17:ASIA_LOW|20260513,ASIA_LOW|20260513,SSRP|ASIA_LOW|20260513|1778674800|FINAL,SSRP|ASIA_LOW|20260513|1778709600|FINAL,2026.05.13 12:25:00,2026.05.13 22:10:00,585,2026.05.13 12:54:58,true,false,false,DISTINCT_TIMESTAMPED_REARM_EVENT,D032_REJECTED_BY_SAME_FAMILY_STACKING,DISTINCT_SETUP_SUPPRESSION
MSZZC1|6:XAUUSD|1:5|1:1|1:4|17:ASIA_LOW|20260513,ASIA_LOW|20260513,SSRP|ASIA_LOW|20260513|1778674800|FINAL,SSRP|ASIA_LOW|20260513|1778710200|FINAL,2026.05.13 12:25:00,2026.05.13 22:15:00,590,2026.05.13 12:54:58,true,false,false,DISTINCT_TIMESTAMPED_REARM_EVENT,D032_REJECTED_BY_SAME_FAMILY_STACKING,DISTINCT_SETUP_SUPPRESSION
MSZZC1|6:XAUUSD|1:5|1:1|1:4|17:ASIA_LOW|20260513,ASIA_LOW|20260513,SSRP|ASIA_LOW|20260513|1778674800|FINAL,SSRP|ASIA_LOW|20260513|1778710500|FINAL,2026.05.13 12:25:00,2026.05.13 22:20:00,595,2026.05.13 12:54:58,true,false,false,DISTINCT_TIMESTAMPED_REARM_EVENT,D032_REJECTED_BY_SAME_FAMILY_STACKING,DISTINCT_SETUP_SUPPRESSION
MSZZC1|6:XAUUSD|1:5|1:1|1:4|17:ASIA_LOW|20260513,ASIA_LOW|20260513,SSRP|ASIA_LOW|20260513|1778674800|FINAL,SSRP|ASIA_LOW|20260513|1778711400|FINAL,2026.05.13 12:25:00,2026.05.13 22:35:00,610,2026.05.13 12:54:58,true,false,false,DISTINCT_TIMESTAMPED_REARM_EVENT,D032_REJECTED_BY_SAME_FAMILY_STACKING,DISTINCT_SETUP_SUPPRESSION
MSZZC1|6:XAUUSD|1:5|1:1|1:4|17:ASIA_LOW|20260513,ASIA_LOW|20260513,SSRP|ASIA_LOW|20260513|1778674800|FINAL,SSRP|ASIA_LOW|20260513|1778711700|FINAL,2026.05.13 12:25:00,2026.05.13 22:40:00,615,2026.05.13 12:54:58,true,false,false,DISTINCT_TIMESTAMPED_REARM_EVENT,D032_REJECTED_BY_SAME_FAMILY_STACKING,DISTINCT_SETUP_SUPPRESSION
MSZZC1|6:XAUUSD|1:5|1:1|1:4|17:ASIA_LOW|20260513,ASIA_LOW|20260513,SSRP|ASIA_LOW|20260513|1778674800|FINAL,SSRP|ASIA_LOW|20260513|1778712600|FINAL,2026.05.13 12:25:00,2026.05.13 22:55:00,630,2026.05.13 12:54:58,true,false,false,DISTINCT_TIMESTAMPED_REARM_EVENT,D032_REJECTED_BY_SAME_FAMILY_STACKING,DISTINCT_SETUP_SUPPRESSION
MSZZC1|6:XAUUSD|1:5|1:1|1:4|17:ASIA_LOW|20260513,ASIA_LOW|20260513,SSRP|ASIA_LOW|20260513|1778674800|FINAL,SSRP|ASIA_LOW|20260513|1778712900|FINAL,2026.05.13 12:25:00,2026.05.13 23:05:00,640,2026.05.13 12:54:58,true,false,false,DISTINCT_TIMESTAMPED_REARM_EVENT,D032_REJECTED_BY_SAME_FAMILY_STACKING,DISTINCT_SETUP_SUPPRESSION
MSZZC1|6:XAUUSD|1:5|2:-1|1:4|18:ASIA_HIGH|20260514,ASIA_HIGH|20260514,SSRP|ASIA_HIGH|20260514|1778754900|FINAL,SSRP|ASIA_HIGH|20260514|1778755200|FINAL,2026.05.14 10:40:00,2026.05.14 10:45:00,5,2026.05.14 12:34:57,false,false,false,DISTINCT_TIMESTAMPED_REARM_EVENT,D032_REJECTED_BY_SAME_FAMILY_STACKING,DISTINCT_SETUP_SUPPRESSION
MSZZC1|6:XAUUSD|1:5|1:1|1:4|17:ASIA_LOW|20260514,ASIA_LOW|20260514,SSRP|ASIA_LOW|20260514|1778776800|FINAL,SSRP|ASIA_LOW|20260514|1778795100|FINAL,2026.05.14 16:45:00,2026.05.14 21:50:00,305,2026.05.14 22:29:58,false,false,false,DISTINCT_TIMESTAMPED_REARM_EVENT,D032_REJECTED_BY_SAME_FAMILY_STACKING,DISTINCT_SETUP_SUPPRESSION
MSZZC1|6:XAUUSD|1:5|2:-1|1:4|18:ASIA_HIGH|20260518,ASIA_HIGH|20260518,SSRP|ASIA_HIGH|20260518|1779100200|FINAL,SSRP|ASIA_HIGH|20260518|1779105000|FINAL,2026.05.18 10:35:00,2026.05.18 11:55:00,80,2026.05.18 13:09:58,false,false,false,DISTINCT_TIMESTAMPED_REARM_EVENT,D032_REJECTED_BY_SAME_FAMILY_STACKING,DISTINCT_SETUP_SUPPRESSION
MSZZC1|6:XAUUSD|1:5|2:-1|1:4|18:ASIA_HIGH|20260518,ASIA_HIGH|20260518,SSRP|ASIA_HIGH|20260518|1779100200|FINAL,SSRP|ASIA_HIGH|20260518|1779105300|FINAL,2026.05.18 10:35:00,2026.05.18 12:00:00,85,2026.05.18 13:09:58,false,false,false,DISTINCT_TIMESTAMPED_REARM_EVENT,D032_REJECTED_BY_SAME_FAMILY_STACKING,DISTINCT_SETUP_SUPPRESSION
MSZZC1|6:XAUUSD|1:5|2:-1|1:4|18:ASIA_HIGH|20260518,ASIA_HIGH|20260518,SSRP|ASIA_HIGH|20260518|1779100200|FINAL,SSRP|ASIA_HIGH|20260518|1779115200|FINAL,2026.05.18 10:35:00,2026.05.18 14:50:00,255,2026.05.18 13:09:58,true,true,false,DISTINCT_TIMESTAMPED_REARM_EVENT,D032_ACCEPTED_DISTINCT_TRADE,DISTINCT_SETUP_SUPPRESSION
MSZZC1|6:XAUUSD|1:5|2:-1|1:4|18:ASIA_HIGH|20260518,ASIA_HIGH|20260518,SSRP|ASIA_HIGH|20260518|1779100200|FINAL,SSRP|ASIA_HIGH|20260518|1779116700|FINAL,2026.05.18 10:35:00,2026.05.18 15:10:00,275,2026.05.18 13:09:58,true,false,false,DISTINCT_TIMESTAMPED_REARM_EVENT,D032_REJECTED_BY_SAME_FAMILY_STACKING,DISTINCT_SETUP_SUPPRESSION
MSZZC1|6:XAUUSD|1:5|2:-1|1:4|18:ASIA_HIGH|20260518,ASIA_HIGH|20260518,SSRP|ASIA_HIGH|20260518|1779100200|FINAL,SSRP|ASIA_HIGH|20260518|1779125100|FINAL,2026.05.18 10:35:00,2026.05.18 17:30:00,415,2026.05.18 13:09:58,true,true,false,DISTINCT_TIMESTAMPED_REARM_EVENT,D032_ACCEPTED_DISTINCT_TRADE,DISTINCT_SETUP_SUPPRESSION
MSZZC1|6:XAUUSD|1:5|2:-1|1:4|18:ASIA_HIGH|20260518,ASIA_HIGH|20260518,SSRP|ASIA_HIGH|20260518|1779100200|FINAL,SSRP|ASIA_HIGH|20260518|1779125400|FINAL,2026.05.18 10:35:00,2026.05.18 17:35:00,420,2026.05.18 13:09:58,true,false,false,DISTINCT_TIMESTAMPED_REARM_EVENT,D032_REJECTED_BY_SAME_FAMILY_STACKING,DISTINCT_SETUP_SUPPRESSION
MSZZC1|6:XAUUSD|1:5|2:-1|1:4|18:ASIA_HIGH|20260518,ASIA_HIGH|20260518,SSRP|ASIA_HIGH|20260518|1779100200|FINAL,SSRP|ASIA_HIGH|20260518|1779134400|FINAL,2026.05.18 10:35:00,2026.05.18 20:10:00,575,2026.05.18 13:09:58,true,false,false,DISTINCT_TIMESTAMPED_REARM_EVENT,D032_REJECTED_BY_SAME_FAMILY_STACKING,DISTINCT_SETUP_SUPPRESSION
MSZZC1|6:XAUUSD|1:5|2:-1|1:4|18:ASIA_HIGH|20260518,ASIA_HIGH|20260518,SSRP|ASIA_HIGH|20260518|1779100200|FINAL,SSRP|ASIA_HIGH|20260518|1779135000|FINAL,2026.05.18 10:35:00,2026.05.18 20:15:00,580,2026.05.18 13:09:58,true,false,false,DISTINCT_TIMESTAMPED_REARM_EVENT,D032_REJECTED_BY_SAME_FAMILY_STACKING,DISTINCT_SETUP_SUPPRESSION
MSZZC1|6:XAUUSD|1:5|2:-1|1:4|18:ASIA_HIGH|20260518,ASIA_HIGH|20260518,SSRP|ASIA_HIGH|20260518|1779100200|FINAL,SSRP|ASIA_HIGH|20260518|1779141600|FINAL,2026.05.18 10:35:00,2026.05.18 22:10:00,695,2026.05.18 13:09:58,true,true,false,DISTINCT_TIMESTAMPED_REARM_EVENT,D032_ACCEPTED_DISTINCT_TRADE,DISTINCT_SETUP_SUPPRESSION
MSZZC1|6:XAUUSD|1:5|2:-1|1:4|18:ASIA_HIGH|20260518,ASIA_HIGH|20260518,SSRP|ASIA_HIGH|20260518|1779100200|FINAL,SSRP|ASIA_HIGH|20260518|1779142200|FINAL,2026.05.18 10:35:00,2026.05.18 22:15:00,700,2026.05.18 13:09:58,true,false,false,DISTINCT_TIMESTAMPED_REARM_EVENT,D032_REJECTED_BY_SAME_FAMILY_STACKING,DISTINCT_SETUP_SUPPRESSION
MSZZC1|6:XAUUSD|1:5|1:1|1:4|17:ASIA_LOW|20260519,ASIA_LOW|20260519,SSRP|ASIA_LOW|20260519|1779178800|FINAL,SSRP|ASIA_LOW|20260519|1779179100|FINAL,2026.05.19 08:25:00,2026.05.19 08:35:00,10,2026.05.19 10:09:58,false,false,false,DISTINCT_TIMESTAMPED_REARM_EVENT,D032_REJECTED_BY_SAME_FAMILY_STACKING,DISTINCT_SETUP_SUPPRESSION
MSZZC1|6:XAUUSD|1:5|1:1|1:4|17:ASIA_LOW|20260519,ASIA_LOW|20260519,SSRP|ASIA_LOW|20260519|1779178800|FINAL,SSRP|ASIA_LOW|20260519|1779179700|FINAL,2026.05.19 08:25:00,2026.05.19 08:40:00,15,2026.05.19 10:09:58,false,false,false,DISTINCT_TIMESTAMPED_REARM_EVENT,D032_REJECTED_BY_SAME_FAMILY_STACKING,DISTINCT_SETUP_SUPPRESSION
MSZZC1|6:XAUUSD|1:5|1:1|1:4|17:ASIA_LOW|20260519,ASIA_LOW|20260519,SSRP|ASIA_LOW|20260519|1779178800|FINAL,SSRP|ASIA_LOW|20260519|1779180300|FINAL,2026.05.19 08:25:00,2026.05.19 08:50:00,25,2026.05.19 10:09:58,false,false,false,DISTINCT_TIMESTAMPED_REARM_EVENT,D032_REJECTED_BY_SAME_FAMILY_STACKING,DISTINCT_SETUP_SUPPRESSION
MSZZC1|6:XAUUSD|1:5|1:1|1:4|17:ASIA_LOW|20260519,ASIA_LOW|20260519,SSRP|ASIA_LOW|20260519|1779178800|FINAL,SSRP|ASIA_LOW|20260519|1779180600|FINAL,2026.05.19 08:25:00,2026.05.19 08:55:00,30,2026.05.19 10:09:58,false,false,false,DISTINCT_TIMESTAMPED_REARM_EVENT,D032_REJECTED_BY_SAME_FAMILY_STACKING,DISTINCT_SETUP_SUPPRESSION
MSZZC1|6:XAUUSD|1:5|1:1|1:4|17:ASIA_LOW|20260519,ASIA_LOW|20260519,SSRP|ASIA_LOW|20260519|1779178800|FINAL,SSRP|ASIA_LOW|20260519|1779181200|FINAL,2026.05.19 08:25:00,2026.05.19 09:10:00,45,2026.05.19 10:09:58,false,false,false,DISTINCT_TIMESTAMPED_REARM_EVENT,D032_REJECTED_BY_SAME_FAMILY_STACKING,DISTINCT_SETUP_SUPPRESSION
MSZZC1|6:XAUUSD|1:5|1:1|1:4|17:ASIA_LOW|20260519,ASIA_LOW|20260519,SSRP|ASIA_LOW|20260519|1779178800|FINAL,SSRP|ASIA_LOW|20260519|1779189900|FINAL,2026.05.19 08:25:00,2026.05.19 11:30:00,185,2026.05.19 10:09:58,true,true,false,DISTINCT_TIMESTAMPED_REARM_EVENT,D032_ACCEPTED_DISTINCT_TRADE,DISTINCT_SETUP_SUPPRESSION
MSZZC1|6:XAUUSD|1:5|1:1|1:4|17:ASIA_LOW|20260519,ASIA_LOW|20260519,SSRP|ASIA_LOW|20260519|1779178800|FINAL,SSRP|ASIA_LOW|20260519|1779192300|FINAL,2026.05.19 08:25:00,2026.05.19 12:10:00,225,2026.05.19 10:09:58,true,false,false,DISTINCT_TIMESTAMPED_REARM_EVENT,D032_REJECTED_BY_SAME_FAMILY_STACKING,DISTINCT_SETUP_SUPPRESSION
MSZZC1|6:XAUUSD|1:5|1:1|1:4|17:ASIA_LOW|20260519,ASIA_LOW|20260519,SSRP|ASIA_LOW|20260519|1779178800|FINAL,SSRP|ASIA_LOW|20260519|1779192900|FINAL,2026.05.19 08:25:00,2026.05.19 12:20:00,235,2026.05.19 10:09:58,true,true,false,DISTINCT_TIMESTAMPED_REARM_EVENT,D032_ACCEPTED_DISTINCT_TRADE,DISTINCT_SETUP_SUPPRESSION
MSZZC1|6:XAUUSD|1:5|1:1|1:4|17:ASIA_LOW|20260519,ASIA_LOW|20260519,SSRP|ASIA_LOW|20260519|1779178800|FINAL,SSRP|ASIA_LOW|20260519|1779193800|FINAL,2026.05.19 08:25:00,2026.05.19 12:35:00,250,2026.05.19 10:09:58,true,false,false,DISTINCT_TIMESTAMPED_REARM_EVENT,D032_REJECTED_BY_SAME_FAMILY_STACKING,DISTINCT_SETUP_SUPPRESSION
MSZZC1|6:XAUUSD|1:5|1:1|1:4|17:ASIA_LOW|20260519,ASIA_LOW|20260519,SSRP|ASIA_LOW|20260519|1779178800|FINAL,SSRP|ASIA_LOW|20260519|1779195600|FINAL,2026.05.19 08:25:00,2026.05.19 13:05:00,280,2026.05.19 10:09:58,true,false,false,DISTINCT_TIMESTAMPED_REARM_EVENT,D032_REJECTED_BY_SAME_FAMILY_STACKING,DISTINCT_SETUP_SUPPRESSION
MSZZC1|6:XAUUSD|1:5|1:1|1:4|17:ASIA_LOW|20260519,ASIA_LOW|20260519,SSRP|ASIA_LOW|20260519|1779178800|FINAL,SSRP|ASIA_LOW|20260519|1779195900|FINAL,2026.05.19 08:25:00,2026.05.19 13:10:00,285,2026.05.19 10:09:58,true,false,false,DISTINCT_TIMESTAMPED_REARM_EVENT,D032_REJECTED_BY_SAME_FAMILY_STACKING,DISTINCT_SETUP_SUPPRESSION
MSZZC1|6:XAUUSD|1:5|1:1|1:4|17:ASIA_LOW|20260519,ASIA_LOW|20260519,SSRP|ASIA_LOW|20260519|1779178800|FINAL,SSRP|ASIA_LOW|20260519|1779198300|FINAL,2026.05.19 08:25:00,2026.05.19 13:55:00,330,2026.05.19 10:09:58,true,true,false,DISTINCT_TIMESTAMPED_REARM_EVENT,D032_ACCEPTED_DISTINCT_TRADE,DISTINCT_SETUP_SUPPRESSION
MSZZC1|6:XAUUSD|1:5|1:1|1:4|17:ASIA_LOW|20260519,ASIA_LOW|20260519,SSRP|ASIA_LOW|20260519|1779178800|FINAL,SSRP|ASIA_LOW|20260519|1779198900|FINAL,2026.05.19 08:25:00,2026.05.19 14:00:00,335,2026.05.19 10:09:58,true,false,false,DISTINCT_TIMESTAMPED_REARM_EVENT,D032_REJECTED_BY_SAME_FAMILY_STACKING,DISTINCT_SETUP_SUPPRESSION
MSZZC1|6:XAUUSD|1:5|1:1|1:4|17:ASIA_LOW|20260519,ASIA_LOW|20260519,SSRP|ASIA_LOW|20260519|1779178800|FINAL,SSRP|ASIA_LOW|20260519|1779199800|FINAL,2026.05.19 08:25:00,2026.05.19 14:15:00,350,2026.05.19 10:09:58,true,false,false,DISTINCT_TIMESTAMPED_REARM_EVENT,D032_REJECTED_BY_SAME_FAMILY_STACKING,DISTINCT_SETUP_SUPPRESSION
MSZZC1|6:XAUUSD|1:5|1:1|1:4|17:ASIA_LOW|20260519,ASIA_LOW|20260519,SSRP|ASIA_LOW|20260519|1779178800|FINAL,SSRP|ASIA_LOW|20260519|1779200100|FINAL,2026.05.19 08:25:00,2026.05.19 14:20:00,355,2026.05.19 10:09:58,true,false,false,DISTINCT_TIMESTAMPED_REARM_EVENT,D032_REJECTED_BY_SAME_FAMILY_STACKING,DISTINCT_SETUP_SUPPRESSION
MSZZC1|6:XAUUSD|1:5|1:1|1:4|17:ASIA_LOW|20260519,ASIA_LOW|20260519,SSRP|ASIA_LOW|20260519|1779178800|FINAL,SSRP|ASIA_LOW|20260519|1779201300|FINAL,2026.05.19 08:25:00,2026.05.19 14:40:00,375,2026.05.19 10:09:58,true,false,false,DISTINCT_TIMESTAMPED_REARM_EVENT,D032_REJECTED_BY_SAME_FAMILY_STACKING,DISTINCT_SETUP_SUPPRESSION
MSZZC1|6:XAUUSD|1:5|1:1|1:4|17:ASIA_LOW|20260519,ASIA_LOW|20260519,SSRP|ASIA_LOW|20260519|1779178800|FINAL,SSRP|ASIA_LOW|20260519|1779202500|FINAL,2026.05.19 08:25:00,2026.05.19 15:05:00,400,2026.05.19 10:09:58,true,true,false,DISTINCT_TIMESTAMPED_REARM_EVENT,D032_ACCEPTED_DISTINCT_TRADE,DISTINCT_SETUP_SUPPRESSION
MSZZC1|6:XAUUSD|1:5|1:1|1:4|17:ASIA_LOW|20260519,ASIA_LOW|20260519,SSRP|ASIA_LOW|20260519|1779178800|FINAL,SSRP|ASIA_LOW|20260519|1779203100|FINAL,2026.05.19 08:25:00,2026.05.19 15:10:00,405,2026.05.19 10:09:58,true,false,false,DISTINCT_TIMESTAMPED_REARM_EVENT,D032_REJECTED_BY_SAME_FAMILY_STACKING,DISTINCT_SETUP_SUPPRESSION
MSZZC1|6:XAUUSD|1:5|1:1|1:4|17:ASIA_LOW|20260519,ASIA_LOW|20260519,SSRP|ASIA_LOW|20260519|1779178800|FINAL,SSRP|ASIA_LOW|20260519|1779203700|FINAL,2026.05.19 08:25:00,2026.05.19 15:20:00,415,2026.05.19 10:09:58,true,false,false,DISTINCT_TIMESTAMPED_REARM_EVENT,D032_REJECTED_BY_SAME_FAMILY_STACKING,DISTINCT_SETUP_SUPPRESSION
MSZZC1|6:XAUUSD|1:5|1:1|1:4|17:ASIA_LOW|20260519,ASIA_LOW|20260519,SSRP|ASIA_LOW|20260519|1779178800|FINAL,SSRP|ASIA_LOW|20260519|1779205200|FINAL,2026.05.19 08:25:00,2026.05.19 15:45:00,440,2026.05.19 10:09:58,true,false,false,DISTINCT_TIMESTAMPED_REARM_EVENT,D032_REJECTED_BY_SAME_FAMILY_STACKING,DISTINCT_SETUP_SUPPRESSION
MSZZC1|6:XAUUSD|1:5|1:1|1:4|17:ASIA_LOW|20260519,ASIA_LOW|20260519,SSRP|ASIA_LOW|20260519|1779178800|FINAL,SSRP|ASIA_LOW|20260519|1779205500|FINAL,2026.05.19 08:25:00,2026.05.19 15:50:00,445,2026.05.19 10:09:58,true,false,false,DISTINCT_TIMESTAMPED_REARM_EVENT,D032_REJECTED_BY_SAME_FAMILY_STACKING,DISTINCT_SETUP_SUPPRESSION
MSZZC1|6:XAUUSD|1:5|1:1|1:4|17:ASIA_LOW|20260521,ASIA_LOW|20260521,SSRP|ASIA_LOW|20260521|1779353100|FINAL,SSRP|ASIA_LOW|20260521|1779353400|FINAL,2026.05.21 08:50:00,2026.05.21 08:55:00,5,2026.05.21 09:59:58,false,false,false,DISTINCT_TIMESTAMPED_REARM_EVENT,D032_REJECTED_BY_SAME_FAMILY_STACKING,DISTINCT_SETUP_SUPPRESSION
MSZZC1|6:XAUUSD|1:5|1:1|1:4|17:ASIA_LOW|20260521,ASIA_LOW|20260521,SSRP|ASIA_LOW|20260521|1779353100|FINAL,SSRP|ASIA_LOW|20260521|1779353700|FINAL,2026.05.21 08:50:00,2026.05.21 09:00:00,10,2026.05.21 09:59:58,false,false,false,DISTINCT_TIMESTAMPED_REARM_EVENT,D032_REJECTED_BY_SAME_FAMILY_STACKING,DISTINCT_SETUP_SUPPRESSION
MSZZC1|6:XAUUSD|1:5|1:1|1:4|17:ASIA_LOW|20260521,ASIA_LOW|20260521,SSRP|ASIA_LOW|20260521|1779353100|FINAL,SSRP|ASIA_LOW|20260521|1779361200|FINAL,2026.05.21 08:50:00,2026.05.21 11:05:00,135,2026.05.21 09:59:58,true,true,false,DISTINCT_TIMESTAMPED_REARM_EVENT,D032_ACCEPTED_DISTINCT_TRADE,DISTINCT_SETUP_SUPPRESSION
MSZZC1|6:XAUUSD|1:5|1:1|1:4|17:ASIA_LOW|20260521,ASIA_LOW|20260521,SSRP|ASIA_LOW|20260521|1779353100|FINAL,SSRP|ASIA_LOW|20260521|1779361500|FINAL,2026.05.21 08:50:00,2026.05.21 11:10:00,140,2026.05.21 09:59:58,true,false,false,DISTINCT_TIMESTAMPED_REARM_EVENT,D032_REJECTED_BY_SAME_FAMILY_STACKING,DISTINCT_SETUP_SUPPRESSION
MSZZC1|6:XAUUSD|1:5|1:1|1:4|17:ASIA_LOW|20260521,ASIA_LOW|20260521,SSRP|ASIA_LOW|20260521|1779353100|FINAL,SSRP|ASIA_LOW|20260521|1779393900|FINAL,2026.05.21 08:50:00,2026.05.21 20:15:00,685,2026.05.21 09:59:58,true,true,false,DISTINCT_TIMESTAMPED_REARM_EVENT,D032_ACCEPTED_DISTINCT_TRADE,DISTINCT_SETUP_SUPPRESSION
MSZZC1|6:XAUUSD|1:5|1:1|1:4|17:ASIA_LOW|20260521,ASIA_LOW|20260521,SSRP|ASIA_LOW|20260521|1779353100|FINAL,SSRP|ASIA_LOW|20260521|1779394500|FINAL,2026.05.21 08:50:00,2026.05.21 20:20:00,690,2026.05.21 09:59:58,true,false,false,DISTINCT_TIMESTAMPED_REARM_EVENT,D032_REJECTED_BY_SAME_FAMILY_STACKING,DISTINCT_SETUP_SUPPRESSION
MSZZC1|6:XAUUSD|1:5|1:1|1:4|17:ASIA_LOW|20260522,ASIA_LOW|20260522,SSRP|ASIA_LOW|20260522|1779440100|FINAL,SSRP|ASIA_LOW|20260522|1779440400|FINAL,2026.05.22 09:00:00,2026.05.22 09:05:00,5,2026.05.22 17:04:57,false,false,false,DISTINCT_TIMESTAMPED_REARM_EVENT,D032_REJECTED_BY_SAME_FAMILY_STACKING,DISTINCT_SETUP_SUPPRESSION
MSZZC1|6:XAUUSD|1:5|1:1|1:4|17:ASIA_LOW|20260522,ASIA_LOW|20260522,SSRP|ASIA_LOW|20260522|1779440100|FINAL,SSRP|ASIA_LOW|20260522|1779441300|FINAL,2026.05.22 09:00:00,2026.05.22 09:20:00,20,2026.05.22 17:04:57,false,false,false,DISTINCT_TIMESTAMPED_REARM_EVENT,D032_REJECTED_BY_SAME_FAMILY_STACKING,DISTINCT_SETUP_SUPPRESSION
MSZZC1|6:XAUUSD|1:5|1:1|1:4|17:ASIA_LOW|20260522,ASIA_LOW|20260522,SSRP|ASIA_LOW|20260522|1779440100|FINAL,SSRP|ASIA_LOW|20260522|1779446400|FINAL,2026.05.22 09:00:00,2026.05.22 10:45:00,105,2026.05.22 17:04:57,false,false,false,DISTINCT_TIMESTAMPED_REARM_EVENT,D032_REJECTED_BY_SAME_FAMILY_STACKING,DISTINCT_SETUP_SUPPRESSION
MSZZC1|6:XAUUSD|1:5|1:1|1:4|17:ASIA_LOW|20260522,ASIA_LOW|20260522,SSRP|ASIA_LOW|20260522|1779440100|FINAL,SSRP|ASIA_LOW|20260522|1779449700|FINAL,2026.05.22 09:00:00,2026.05.22 11:40:00,160,2026.05.22 17:04:57,false,false,false,DISTINCT_TIMESTAMPED_REARM_EVENT,D032_REJECTED_BY_SAME_FAMILY_STACKING,DISTINCT_SETUP_SUPPRESSION
MSZZC1|6:XAUUSD|1:5|1:1|1:4|17:ASIA_LOW|20260522,ASIA_LOW|20260522,SSRP|ASIA_LOW|20260522|1779440100|FINAL,SSRP|ASIA_LOW|20260522|1779451800|FINAL,2026.05.22 09:00:00,2026.05.22 12:15:00,195,2026.05.22 17:04:57,false,false,false,DISTINCT_TIMESTAMPED_REARM_EVENT,D032_REJECTED_BY_SAME_FAMILY_STACKING,DISTINCT_SETUP_SUPPRESSION
MSZZC1|6:XAUUSD|1:5|1:1|1:4|17:ASIA_LOW|20260522,ASIA_LOW|20260522,SSRP|ASIA_LOW|20260522|1779440100|FINAL,SSRP|ASIA_LOW|20260522|1779452100|FINAL,2026.05.22 09:00:00,2026.05.22 12:20:00,200,2026.05.22 17:04:57,false,false,false,DISTINCT_TIMESTAMPED_REARM_EVENT,D032_REJECTED_BY_SAME_FAMILY_STACKING,DISTINCT_SETUP_SUPPRESSION
MSZZC1|6:XAUUSD|1:5|1:1|1:4|17:ASIA_LOW|20260522,ASIA_LOW|20260522,SSRP|ASIA_LOW|20260522|1779440100|FINAL,SSRP|ASIA_LOW|20260522|1779452700|FINAL,2026.05.22 09:00:00,2026.05.22 12:30:00,210,2026.05.22 17:04:57,false,false,false,DISTINCT_TIMESTAMPED_REARM_EVENT,D032_REJECTED_BY_SAME_FAMILY_STACKING,DISTINCT_SETUP_SUPPRESSION
MSZZC1|6:XAUUSD|1:5|1:1|1:4|17:ASIA_LOW|20260522,ASIA_LOW|20260522,SSRP|ASIA_LOW|20260522|1779440100|FINAL,SSRP|ASIA_LOW|20260522|1779453000|FINAL,2026.05.22 09:00:00,2026.05.22 12:35:00,215,2026.05.22 17:04:57,false,false,false,DISTINCT_TIMESTAMPED_REARM_EVENT,D032_REJECTED_BY_SAME_FAMILY_STACKING,DISTINCT_SETUP_SUPPRESSION
MSZZC1|6:XAUUSD|1:5|1:1|1:4|17:ASIA_LOW|20260522,ASIA_LOW|20260522,SSRP|ASIA_LOW|20260522|1779440100|FINAL,SSRP|ASIA_LOW|20260522|1779459900|FINAL,2026.05.22 09:00:00,2026.05.22 14:35:00,335,2026.05.22 17:04:57,false,false,false,DISTINCT_TIMESTAMPED_REARM_EVENT,D032_REJECTED_BY_SAME_FAMILY_STACKING,DISTINCT_SETUP_SUPPRESSION
MSZZC1|6:XAUUSD|1:5|1:1|1:4|17:ASIA_LOW|20260522,ASIA_LOW|20260522,SSRP|ASIA_LOW|20260522|1779440100|FINAL,SSRP|ASIA_LOW|20260522|1779460500|FINAL,2026.05.22 09:00:00,2026.05.22 14:40:00,340,2026.05.22 17:04:57,false,false,false,DISTINCT_TIMESTAMPED_REARM_EVENT,D032_REJECTED_BY_SAME_FAMILY_STACKING,DISTINCT_SETUP_SUPPRESSION
MSZZC1|6:XAUUSD|1:5|1:1|1:4|17:ASIA_LOW|20260522,ASIA_LOW|20260522,SSRP|ASIA_LOW|20260522|1779440100|FINAL,SSRP|ASIA_LOW|20260522|1779460800|FINAL,2026.05.22 09:00:00,2026.05.22 14:45:00,345,2026.05.22 17:04:57,false,false,false,DISTINCT_TIMESTAMPED_REARM_EVENT,D032_REJECTED_BY_SAME_FAMILY_STACKING,DISTINCT_SETUP_SUPPRESSION
MSZZC1|6:XAUUSD|1:5|1:1|1:4|17:ASIA_LOW|20260522,ASIA_LOW|20260522,SSRP|ASIA_LOW|20260522|1779440100|FINAL,SSRP|ASIA_LOW|20260522|1779464100|FINAL,2026.05.22 09:00:00,2026.05.22 15:40:00,400,2026.05.22 17:04:57,false,false,false,DISTINCT_TIMESTAMPED_REARM_EVENT,D032_REJECTED_BY_SAME_FAMILY_STACKING,DISTINCT_SETUP_SUPPRESSION
MSZZC1|6:XAUUSD|1:5|1:1|1:4|17:ASIA_LOW|20260522,ASIA_LOW|20260522,SSRP|ASIA_LOW|20260522|1779440100|FINAL,SSRP|ASIA_LOW|20260522|1779464400|FINAL,2026.05.22 09:00:00,2026.05.22 15:45:00,405,2026.05.22 17:04:57,false,false,false,DISTINCT_TIMESTAMPED_REARM_EVENT,D032_REJECTED_BY_SAME_FAMILY_STACKING,DISTINCT_SETUP_SUPPRESSION
MSZZC1|6:XAUUSD|1:5|1:1|1:4|17:ASIA_LOW|20260522,ASIA_LOW|20260522,SSRP|ASIA_LOW|20260522|1779440100|FINAL,SSRP|ASIA_LOW|20260522|1779474000|FINAL,2026.05.22 09:00:00,2026.05.22 18:25:00,565,2026.05.22 17:04:57,true,true,false,DISTINCT_TIMESTAMPED_REARM_EVENT,D032_ACCEPTED_DISTINCT_TRADE,DISTINCT_SETUP_SUPPRESSION
MSZZC1|6:XAUUSD|1:5|1:1|1:4|17:ASIA_LOW|20260522,ASIA_LOW|20260522,SSRP|ASIA_LOW|20260522|1779440100|FINAL,SSRP|ASIA_LOW|20260522|1779474300|FINAL,2026.05.22 09:00:00,2026.05.22 18:30:00,570,2026.05.22 17:04:57,true,false,false,DISTINCT_TIMESTAMPED_REARM_EVENT,D032_REJECTED_BY_SAME_FAMILY_STACKING,DISTINCT_SETUP_SUPPRESSION
MSZZC1|6:XAUUSD|1:5|1:1|1:4|17:ASIA_LOW|20260522,ASIA_LOW|20260522,SSRP|ASIA_LOW|20260522|1779440100|FINAL,SSRP|ASIA_LOW|20260522|1779475500|FINAL,2026.05.22 09:00:00,2026.05.22 18:55:00,595,2026.05.22 17:04:57,true,false,false,DISTINCT_TIMESTAMPED_REARM_EVENT,D032_REJECTED_BY_SAME_FAMILY_STACKING,DISTINCT_SETUP_SUPPRESSION
MSZZC1|6:XAUUSD|1:5|1:1|1:4|17:ASIA_LOW|20260522,ASIA_LOW|20260522,SSRP|ASIA_LOW|20260522|1779440100|FINAL,SSRP|ASIA_LOW|20260522|1779476100|FINAL,2026.05.22 09:00:00,2026.05.22 19:00:00,600,2026.05.22 17:04:57,true,false,false,DISTINCT_TIMESTAMPED_REARM_EVENT,D032_REJECTED_BY_SAME_FAMILY_STACKING,DISTINCT_SETUP_SUPPRESSION
MSZZC1|6:XAUUSD|1:5|1:1|1:4|17:ASIA_LOW|20260522,ASIA_LOW|20260522,SSRP|ASIA_LOW|20260522|1779440100|FINAL,SSRP|ASIA_LOW|20260522|1779476400|FINAL,2026.05.22 09:00:00,2026.05.22 19:10:00,610,2026.05.22 17:04:57,true,false,false,DISTINCT_TIMESTAMPED_REARM_EVENT,D032_REJECTED_BY_SAME_FAMILY_STACKING,DISTINCT_SETUP_SUPPRESSION
MSZZC1|6:XAUUSD|1:5|1:1|1:4|17:ASIA_LOW|20260522,ASIA_LOW|20260522,SSRP|ASIA_LOW|20260522|1779440100|FINAL,SSRP|ASIA_LOW|20260522|1779477300|FINAL,2026.05.22 09:00:00,2026.05.22 19:20:00,620,2026.05.22 17:04:57,true,false,false,DISTINCT_TIMESTAMPED_REARM_EVENT,D032_REJECTED_BY_SAME_FAMILY_STACKING,DISTINCT_SETUP_SUPPRESSION
MSZZC1|6:XAUUSD|1:5|1:1|1:4|17:ASIA_LOW|20260522,ASIA_LOW|20260522,SSRP|ASIA_LOW|20260522|1779440100|FINAL,SSRP|ASIA_LOW|20260522|1779477600|FINAL,2026.05.22 09:00:00,2026.05.22 19:25:00,625,2026.05.22 17:04:57,true,false,false,DISTINCT_TIMESTAMPED_REARM_EVENT,D032_REJECTED_BY_SAME_FAMILY_STACKING,DISTINCT_SETUP_SUPPRESSION
MSZZC1|6:XAUUSD|1:5|1:1|1:4|17:ASIA_LOW|20260522,ASIA_LOW|20260522,SSRP|ASIA_LOW|20260522|1779440100|FINAL,SSRP|ASIA_LOW|20260522|1779479700|FINAL,2026.05.22 09:00:00,2026.05.22 20:00:00,660,2026.05.22 17:04:57,true,true,false,DISTINCT_TIMESTAMPED_REARM_EVENT,D032_ACCEPTED_DISTINCT_TRADE,DISTINCT_SETUP_SUPPRESSION
MSZZC1|6:XAUUSD|1:5|1:1|1:4|17:ASIA_LOW|20260522,ASIA_LOW|20260522,SSRP|ASIA_LOW|20260522|1779440100|FINAL,SSRP|ASIA_LOW|20260522|1779480000|FINAL,2026.05.22 09:00:00,2026.05.22 20:05:00,665,2026.05.22 17:04:57,true,false,false,DISTINCT_TIMESTAMPED_REARM_EVENT,D032_REJECTED_BY_SAME_FAMILY_STACKING,DISTINCT_SETUP_SUPPRESSION
MSZZC1|6:XAUUSD|1:5|1:1|1:4|17:ASIA_LOW|20260522,ASIA_LOW|20260522,SSRP|ASIA_LOW|20260522|1779440100|FINAL,SSRP|ASIA_LOW|20260522|1779480900|FINAL,2026.05.22 09:00:00,2026.05.22 20:25:00,685,2026.05.22 17:04:57,true,false,false,DISTINCT_TIMESTAMPED_REARM_EVENT,D032_REJECTED_BY_SAME_FAMILY_STACKING,DISTINCT_SETUP_SUPPRESSION
MSZZC1|6:XAUUSD|1:5|1:1|1:4|17:ASIA_LOW|20260522,ASIA_LOW|20260522,SSRP|ASIA_LOW|20260522|1779440100|FINAL,SSRP|ASIA_LOW|20260522|1779481500|FINAL,2026.05.22 09:00:00,2026.05.22 20:30:00,690,2026.05.22 17:04:57,true,false,false,DISTINCT_TIMESTAMPED_REARM_EVENT,D032_REJECTED_BY_SAME_FAMILY_STACKING,DISTINCT_SETUP_SUPPRESSION
MSZZC1|6:XAUUSD|1:5|1:1|1:4|17:ASIA_LOW|20260522,ASIA_LOW|20260522,SSRP|ASIA_LOW|20260522|1779440100|FINAL,SSRP|ASIA_LOW|20260522|1779485100|FINAL,2026.05.22 09:00:00,2026.05.22 21:35:00,755,2026.05.22 17:04:57,true,true,false,DISTINCT_TIMESTAMPED_REARM_EVENT,D032_ACCEPTED_DISTINCT_TRADE,DISTINCT_SETUP_SUPPRESSION
MSZZC1|6:XAUUSD|1:5|1:1|1:4|17:ASIA_LOW|20260526,ASIA_LOW|20260526,SSRP|ASIA_LOW|20260526|1779782400|FINAL,SSRP|ASIA_LOW|20260526|1779790500|FINAL,2026.05.26 08:05:00,2026.05.26 10:20:00,135,2026.05.26 10:19:58,true,true,false,DISTINCT_TIMESTAMPED_REARM_EVENT,D032_ACCEPTED_DISTINCT_TRADE,DISTINCT_SETUP_SUPPRESSION
MSZZC1|6:XAUUSD|1:5|1:1|1:4|17:ASIA_LOW|20260526,ASIA_LOW|20260526,SSRP|ASIA_LOW|20260526|1779782400|FINAL,SSRP|ASIA_LOW|20260526|1779791700|FINAL,2026.05.26 08:05:00,2026.05.26 10:40:00,155,2026.05.26 10:19:58,true,true,false,DISTINCT_TIMESTAMPED_REARM_EVENT,D032_ACCEPTED_DISTINCT_TRADE,DISTINCT_SETUP_SUPPRESSION
MSZZC1|6:XAUUSD|1:5|1:1|1:4|17:ASIA_LOW|20260526,ASIA_LOW|20260526,SSRP|ASIA_LOW|20260526|1779782400|FINAL,SSRP|ASIA_LOW|20260526|1779792000|FINAL,2026.05.26 08:05:00,2026.05.26 10:45:00,160,2026.05.26 10:19:58,true,false,false,DISTINCT_TIMESTAMPED_REARM_EVENT,D032_REJECTED_BY_SAME_FAMILY_STACKING,DISTINCT_SETUP_SUPPRESSION
MSZZC1|6:XAUUSD|1:5|1:1|1:4|17:ASIA_LOW|20260526,ASIA_LOW|20260526,SSRP|ASIA_LOW|20260526|1779782400|FINAL,SSRP|ASIA_LOW|20260526|1779794700|FINAL,2026.05.26 08:05:00,2026.05.26 11:40:00,215,2026.05.26 10:19:58,true,true,false,DISTINCT_TIMESTAMPED_REARM_EVENT,D032_ACCEPTED_DISTINCT_TRADE,DISTINCT_SETUP_SUPPRESSION
MSZZC1|6:XAUUSD|1:5|1:1|1:4|17:ASIA_LOW|20260526,ASIA_LOW|20260526,SSRP|ASIA_LOW|20260526|1779782400|FINAL,SSRP|ASIA_LOW|20260526|1779795600|FINAL,2026.05.26 08:05:00,2026.05.26 11:50:00,225,2026.05.26 10:19:58,true,false,false,DISTINCT_TIMESTAMPED_REARM_EVENT,D032_REJECTED_BY_SAME_FAMILY_STACKING,DISTINCT_SETUP_SUPPRESSION
MSZZC1|6:XAUUSD|1:5|1:1|1:4|17:ASIA_LOW|20260526,ASIA_LOW|20260526,SSRP|ASIA_LOW|20260526|1779782400|FINAL,SSRP|ASIA_LOW|20260526|1779796200|FINAL,2026.05.26 08:05:00,2026.05.26 11:55:00,230,2026.05.26 10:19:58,true,false,false,DISTINCT_TIMESTAMPED_REARM_EVENT,D032_REJECTED_BY_SAME_FAMILY_STACKING,DISTINCT_SETUP_SUPPRESSION
MSZZC1|6:XAUUSD|1:5|1:1|1:4|17:ASIA_LOW|20260526,ASIA_LOW|20260526,SSRP|ASIA_LOW|20260526|1779782400|FINAL,SSRP|ASIA_LOW|20260526|1779796500|FINAL,2026.05.26 08:05:00,2026.05.26 12:00:00,235,2026.05.26 10:19:58,true,false,false,DISTINCT_TIMESTAMPED_REARM_EVENT,D032_REJECTED_BY_SAME_FAMILY_STACKING,DISTINCT_SETUP_SUPPRESSION
MSZZC1|6:XAUUSD|1:5|1:1|1:4|17:ASIA_LOW|20260526,ASIA_LOW|20260526,SSRP|ASIA_LOW|20260526|1779782400|FINAL,SSRP|ASIA_LOW|20260526|1779797400|FINAL,2026.05.26 08:05:00,2026.05.26 12:15:00,250,2026.05.26 10:19:58,true,true,false,DISTINCT_TIMESTAMPED_REARM_EVENT,D032_ACCEPTED_DISTINCT_TRADE,DISTINCT_SETUP_SUPPRESSION
MSZZC1|6:XAUUSD|1:5|1:1|1:4|17:ASIA_LOW|20260526,ASIA_LOW|20260526,SSRP|ASIA_LOW|20260526|1779782400|FINAL,SSRP|ASIA_LOW|20260526|1779797700|FINAL,2026.05.26 08:05:00,2026.05.26 12:25:00,260,2026.05.26 10:19:58,true,false,false,DISTINCT_TIMESTAMPED_REARM_EVENT,D032_REJECTED_BY_SAME_FAMILY_STACKING,DISTINCT_SETUP_SUPPRESSION
MSZZC1|6:XAUUSD|1:5|1:1|1:4|17:ASIA_LOW|20260526,ASIA_LOW|20260526,SSRP|ASIA_LOW|20260526|1779782400|FINAL,SSRP|ASIA_LOW|20260526|1779800400|FINAL,2026.05.26 08:05:00,2026.05.26 13:05:00,300,2026.05.26 10:19:58,true,true,false,DISTINCT_TIMESTAMPED_REARM_EVENT,D032_ACCEPTED_DISTINCT_TRADE,DISTINCT_SETUP_SUPPRESSION
MSZZC1|6:XAUUSD|1:5|1:1|1:4|17:ASIA_LOW|20260526,ASIA_LOW|20260526,SSRP|ASIA_LOW|20260526|1779782400|FINAL,SSRP|ASIA_LOW|20260526|1779800700|FINAL,2026.05.26 08:05:00,2026.05.26 13:10:00,305,2026.05.26 10:19:58,true,false,false,DISTINCT_TIMESTAMPED_REARM_EVENT,D032_REJECTED_BY_SAME_FAMILY_STACKING,DISTINCT_SETUP_SUPPRESSION
MSZZC1|6:XAUUSD|1:5|1:1|1:4|17:ASIA_LOW|20260526,ASIA_LOW|20260526,SSRP|ASIA_LOW|20260526|1779782400|FINAL,SSRP|ASIA_LOW|20260526|1779811800|FINAL,2026.05.26 08:05:00,2026.05.26 16:20:00,495,2026.05.26 10:19:58,true,true,false,DISTINCT_TIMESTAMPED_REARM_EVENT,D032_ACCEPTED_DISTINCT_TRADE,DISTINCT_SETUP_SUPPRESSION
MSZZC1|6:XAUUSD|1:5|1:1|1:4|17:ASIA_LOW|20260526,ASIA_LOW|20260526,SSRP|ASIA_LOW|20260526|1779782400|FINAL,SSRP|ASIA_LOW|20260526|1779812400|FINAL,2026.05.26 08:05:00,2026.05.26 16:35:00,510,2026.05.26 10:19:58,true,false,false,DISTINCT_TIMESTAMPED_REARM_EVENT,D032_REJECTED_BY_SAME_FAMILY_STACKING,DISTINCT_SETUP_SUPPRESSION
MSZZC1|6:XAUUSD|1:5|1:1|1:4|17:ASIA_LOW|20260526,ASIA_LOW|20260526,SSRP|ASIA_LOW|20260526|1779782400|FINAL,SSRP|ASIA_LOW|20260526|1779813300|FINAL,2026.05.26 08:05:00,2026.05.26 16:40:00,515,2026.05.26 10:19:58,true,false,false,DISTINCT_TIMESTAMPED_REARM_EVENT,D032_REJECTED_BY_SAME_FAMILY_STACKING,DISTINCT_SETUP_SUPPRESSION
MSZZC1|6:XAUUSD|1:5|1:1|1:4|17:ASIA_LOW|20260527,ASIA_LOW|20260527,SSRP|ASIA_LOW|20260527|1779881400|FINAL,SSRP|ASIA_LOW|20260527|1779881700|FINAL,2026.05.27 11:35:00,2026.05.27 11:40:00,5,2026.05.27 13:04:58,false,false,false,DISTINCT_TIMESTAMPED_REARM_EVENT,D032_REJECTED_BY_SAME_FAMILY_STACKING,DISTINCT_SETUP_SUPPRESSION
MSZZC1|6:XAUUSD|1:5|1:1|1:4|17:ASIA_LOW|20260527,ASIA_LOW|20260527,SSRP|ASIA_LOW|20260527|1779881400|FINAL,SSRP|ASIA_LOW|20260527|1779883500|FINAL,2026.05.27 11:35:00,2026.05.27 12:15:00,40,2026.05.27 13:04:58,false,false,false,DISTINCT_TIMESTAMPED_REARM_EVENT,D032_REJECTED_BY_SAME_FAMILY_STACKING,DISTINCT_SETUP_SUPPRESSION
MSZZC1|6:XAUUSD|1:5|1:1|1:4|17:ASIA_LOW|20260527,ASIA_LOW|20260527,SSRP|ASIA_LOW|20260527|1779881400|FINAL,SSRP|ASIA_LOW|20260527|1779885900|FINAL,2026.05.27 11:35:00,2026.05.27 12:50:00,75,2026.05.27 13:04:58,false,false,false,DISTINCT_TIMESTAMPED_REARM_EVENT,D032_REJECTED_BY_SAME_FAMILY_STACKING,DISTINCT_SETUP_SUPPRESSION
MSZZC1|6:XAUUSD|1:5|2:-1|1:4|18:ASIA_HIGH|20260528,ASIA_HIGH|20260528,SSRP|ASIA_HIGH|20260528|1779988500|FINAL,SSRP|ASIA_HIGH|20260528|1779989400|FINAL,2026.05.28 17:20:00,2026.05.28 17:35:00,15,2026.05.28 17:49:57,false,false,false,DISTINCT_TIMESTAMPED_REARM_EVENT,D032_REJECTED_BY_SAME_FAMILY_STACKING,DISTINCT_SETUP_SUPPRESSION
MSZZC1|6:XAUUSD|1:5|2:-1|1:4|18:ASIA_HIGH|20260529,ASIA_HIGH|20260529,SSRP|ASIA_HIGH|20260529|1780045200|FINAL,SSRP|ASIA_HIGH|20260529|1780048200|FINAL,2026.05.29 09:05:00,2026.05.29 10:00:00,55,2026.05.29 09:54:58,true,true,false,DISTINCT_TIMESTAMPED_REARM_EVENT,D032_ACCEPTED_DISTINCT_TRADE,DISTINCT_SETUP_SUPPRESSION
MSZZC1|6:XAUUSD|1:5|2:-1|1:4|18:ASIA_HIGH|20260529,ASIA_HIGH|20260529,SSRP|ASIA_HIGH|20260529|1780045200|FINAL,SSRP|ASIA_HIGH|20260529|1780048800|FINAL,2026.05.29 09:05:00,2026.05.29 10:05:00,60,2026.05.29 09:54:58,true,false,false,DISTINCT_TIMESTAMPED_REARM_EVENT,D032_REJECTED_BY_SAME_FAMILY_STACKING,DISTINCT_SETUP_SUPPRESSION
MSZZC1|6:XAUUSD|1:5|2:-1|1:4|18:ASIA_HIGH|20260529,ASIA_HIGH|20260529,SSRP|ASIA_HIGH|20260529|1780045200|FINAL,SSRP|ASIA_HIGH|20260529|1780052100|FINAL,2026.05.29 09:05:00,2026.05.29 11:00:00,115,2026.05.29 09:54:58,true,true,false,DISTINCT_TIMESTAMPED_REARM_EVENT,D032_ACCEPTED_DISTINCT_TRADE,DISTINCT_SETUP_SUPPRESSION
MSZZC1|6:XAUUSD|1:5|2:-1|1:4|18:ASIA_HIGH|20260529,ASIA_HIGH|20260529,SSRP|ASIA_HIGH|20260529|1780045200|FINAL,SSRP|ASIA_HIGH|20260529|1780052400|FINAL,2026.05.29 09:05:00,2026.05.29 11:05:00,120,2026.05.29 09:54:58,true,false,false,DISTINCT_TIMESTAMPED_REARM_EVENT,D032_REJECTED_BY_SAME_FAMILY_STACKING,DISTINCT_SETUP_SUPPRESSION
MSZZC1|6:XAUUSD|1:5|2:-1|1:4|18:ASIA_HIGH|20260529,ASIA_HIGH|20260529,SSRP|ASIA_HIGH|20260529|1780045200|FINAL,SSRP|ASIA_HIGH|20260529|1780068000|FINAL,2026.05.29 09:05:00,2026.05.29 15:30:00,385,2026.05.29 09:54:58,true,true,false,DISTINCT_TIMESTAMPED_REARM_EVENT,D032_ACCEPTED_DISTINCT_TRADE,DISTINCT_SETUP_SUPPRESSION
MSZZC1|6:XAUUSD|1:5|2:-1|1:4|18:ASIA_HIGH|20260529,ASIA_HIGH|20260529,SSRP|ASIA_HIGH|20260529|1780045200|FINAL,SSRP|ASIA_HIGH|20260529|1780068600|FINAL,2026.05.29 09:05:00,2026.05.29 15:35:00,390,2026.05.29 09:54:58,true,false,false,DISTINCT_TIMESTAMPED_REARM_EVENT,D032_REJECTED_BY_SAME_FAMILY_STACKING,DISTINCT_SETUP_SUPPRESSION
MSZZC1|6:XAUUSD|1:5|1:1|1:4|17:ASIA_LOW|20260601,ASIA_LOW|20260601,SSRP|ASIA_LOW|20260601|1780305600|FINAL,SSRP|ASIA_LOW|20260601|1780305900|FINAL,2026.06.01 09:25:00,2026.06.01 09:30:00,5,2026.06.01 09:39:58,false,false,false,DISTINCT_TIMESTAMPED_REARM_EVENT,D032_REJECTED_BY_SAME_FAMILY_STACKING,DISTINCT_SETUP_SUPPRESSION
MSZZC1|6:XAUUSD|1:5|1:1|1:4|17:ASIA_LOW|20260601,ASIA_LOW|20260601,SSRP|ASIA_LOW|20260601|1780305600|FINAL,SSRP|ASIA_LOW|20260601|1780321200|FINAL,2026.06.01 09:25:00,2026.06.01 13:45:00,260,2026.06.01 09:39:58,true,true,false,DISTINCT_TIMESTAMPED_REARM_EVENT,D032_ACCEPTED_DISTINCT_TRADE,DISTINCT_SETUP_SUPPRESSION
MSZZC1|6:XAUUSD|1:5|1:1|1:4|17:ASIA_LOW|20260601,ASIA_LOW|20260601,SSRP|ASIA_LOW|20260601|1780305600|FINAL,SSRP|ASIA_LOW|20260601|1780323000|FINAL,2026.06.01 09:25:00,2026.06.01 14:15:00,290,2026.06.01 09:39:58,true,true,false,DISTINCT_TIMESTAMPED_REARM_EVENT,D032_ACCEPTED_DISTINCT_TRADE,DISTINCT_SETUP_SUPPRESSION
MSZZC1|6:XAUUSD|1:5|1:1|1:4|17:ASIA_LOW|20260601,ASIA_LOW|20260601,SSRP|ASIA_LOW|20260601|1780305600|FINAL,SSRP|ASIA_LOW|20260601|1780323300|FINAL,2026.06.01 09:25:00,2026.06.01 14:25:00,300,2026.06.01 09:39:58,true,false,false,DISTINCT_TIMESTAMPED_REARM_EVENT,D032_REJECTED_BY_SAME_FAMILY_STACKING,DISTINCT_SETUP_SUPPRESSION
MSZZC1|6:XAUUSD|1:5|1:1|1:4|17:ASIA_LOW|20260601,ASIA_LOW|20260601,SSRP|ASIA_LOW|20260601|1780305600|FINAL,SSRP|ASIA_LOW|20260601|1780323900|FINAL,2026.06.01 09:25:00,2026.06.01 14:35:00,310,2026.06.01 09:39:58,true,false,false,DISTINCT_TIMESTAMPED_REARM_EVENT,D032_REJECTED_BY_SAME_FAMILY_STACKING,DISTINCT_SETUP_SUPPRESSION
MSZZC1|6:XAUUSD|1:5|2:-1|1:4|18:ASIA_HIGH|20260602,ASIA_HIGH|20260602,SSRP|ASIA_HIGH|20260602|1780389900|FINAL,SSRP|ASIA_HIGH|20260602|1780414800|FINAL,2026.06.02 08:55:00,2026.06.02 15:50:00,415,2026.06.02 09:24:57,true,true,false,DISTINCT_TIMESTAMPED_REARM_EVENT,D032_ACCEPTED_DISTINCT_TRADE,DISTINCT_SETUP_SUPPRESSION
MSZZC1|6:XAUUSD|1:5|2:-1|1:4|18:ASIA_HIGH|20260602,ASIA_HIGH|20260602,SSRP|ASIA_HIGH|20260602|1780389900|FINAL,SSRP|ASIA_HIGH|20260602|1780415400|FINAL,2026.06.02 08:55:00,2026.06.02 15:55:00,420,2026.06.02 09:24:57,true,false,false,DISTINCT_TIMESTAMPED_REARM_EVENT,D032_REJECTED_BY_SAME_FAMILY_STACKING,DISTINCT_SETUP_SUPPRESSION
MSZZC1|6:XAUUSD|1:5|2:-1|1:4|18:ASIA_HIGH|20260602,ASIA_HIGH|20260602,SSRP|ASIA_HIGH|20260602|1780389900|FINAL,SSRP|ASIA_HIGH|20260602|1780416000|FINAL,2026.06.02 08:55:00,2026.06.02 16:05:00,430,2026.06.02 09:24:57,true,false,false,DISTINCT_TIMESTAMPED_REARM_EVENT,D032_REJECTED_BY_SAME_FAMILY_STACKING,DISTINCT_SETUP_SUPPRESSION
MSZZC1|6:XAUUSD|1:5|2:-1|1:4|18:ASIA_HIGH|20260602,ASIA_HIGH|20260602,SSRP|ASIA_HIGH|20260602|1780389900|FINAL,SSRP|ASIA_HIGH|20260602|1780416300|FINAL,2026.06.02 08:55:00,2026.06.02 16:10:00,435,2026.06.02 09:24:57,true,false,false,DISTINCT_TIMESTAMPED_REARM_EVENT,D032_REJECTED_BY_SAME_FAMILY_STACKING,DISTINCT_SETUP_SUPPRESSION
MSZZC1|6:XAUUSD|1:5|1:1|1:4|17:ASIA_LOW|20260603,ASIA_LOW|20260603,SSRP|ASIA_LOW|20260603|1780475400|FINAL,SSRP|ASIA_LOW|20260603|1780476000|FINAL,2026.06.03 08:35:00,2026.06.03 08:45:00,10,2026.06.03 08:59:58,false,false,false,DISTINCT_TIMESTAMPED_REARM_EVENT,D032_REJECTED_BY_SAME_FAMILY_STACKING,DISTINCT_SETUP_SUPPRESSION
MSZZC1|6:XAUUSD|1:5|1:1|1:4|17:ASIA_LOW|20260603,ASIA_LOW|20260603,SSRP|ASIA_LOW|20260603|1780475400|FINAL,SSRP|ASIA_LOW|20260603|1780476300|FINAL,2026.06.03 08:35:00,2026.06.03 08:50:00,15,2026.06.03 08:59:58,false,false,false,DISTINCT_TIMESTAMPED_REARM_EVENT,D032_REJECTED_BY_SAME_FAMILY_STACKING,DISTINCT_SETUP_SUPPRESSION
MSZZC1|6:XAUUSD|1:5|1:1|1:4|17:ASIA_LOW|20260603,ASIA_LOW|20260603,SSRP|ASIA_LOW|20260603|1780475400|FINAL,SSRP|ASIA_LOW|20260603|1780476900|FINAL,2026.06.03 08:35:00,2026.06.03 09:00:00,25,2026.06.03 08:59:58,true,true,false,DISTINCT_TIMESTAMPED_REARM_EVENT,D032_ACCEPTED_DISTINCT_TRADE,DISTINCT_SETUP_SUPPRESSION
MSZZC1|6:XAUUSD|1:5|1:1|1:4|17:ASIA_LOW|20260603,ASIA_LOW|20260603,SSRP|ASIA_LOW|20260603|1780475400|FINAL,SSRP|ASIA_LOW|20260603|1780477200|FINAL,2026.06.03 08:35:00,2026.06.03 09:05:00,30,2026.06.03 08:59:58,true,false,false,DISTINCT_TIMESTAMPED_REARM_EVENT,D032_REJECTED_BY_SAME_FAMILY_STACKING,DISTINCT_SETUP_SUPPRESSION
MSZZC1|6:XAUUSD|1:5|1:1|1:4|17:ASIA_LOW|20260603,ASIA_LOW|20260603,SSRP|ASIA_LOW|20260603|1780475400|FINAL,SSRP|ASIA_LOW|20260603|1780478400|FINAL,2026.06.03 08:35:00,2026.06.03 09:25:00,50,2026.06.03 08:59:58,true,false,false,DISTINCT_TIMESTAMPED_REARM_EVENT,D032_REJECTED_BY_SAME_FAMILY_STACKING,DISTINCT_SETUP_SUPPRESSION
MSZZC1|6:XAUUSD|1:5|1:1|1:4|17:ASIA_LOW|20260603,ASIA_LOW|20260603,SSRP|ASIA_LOW|20260603|1780475400|FINAL,SSRP|ASIA_LOW|20260603|1780478700|FINAL,2026.06.03 08:35:00,2026.06.03 09:35:00,60,2026.06.03 08:59:58,true,false,false,DISTINCT_TIMESTAMPED_REARM_EVENT,D032_REJECTED_BY_SAME_FAMILY_STACKING,DISTINCT_SETUP_SUPPRESSION
MSZZC1|6:XAUUSD|1:5|1:1|1:4|17:ASIA_LOW|20260603,ASIA_LOW|20260603,SSRP|ASIA_LOW|20260603|1780475400|FINAL,SSRP|ASIA_LOW|20260603|1780480200|FINAL,2026.06.03 08:35:00,2026.06.03 09:55:00,80,2026.06.03 08:59:58,true,true,false,DISTINCT_TIMESTAMPED_REARM_EVENT,D032_ACCEPTED_DISTINCT_TRADE,DISTINCT_SETUP_SUPPRESSION
MSZZC1|6:XAUUSD|1:5|1:1|1:4|17:ASIA_LOW|20260603,ASIA_LOW|20260603,SSRP|ASIA_LOW|20260603|1780475400|FINAL,SSRP|ASIA_LOW|20260603|1780480500|FINAL,2026.06.03 08:35:00,2026.06.03 10:00:00,85,2026.06.03 08:59:58,true,false,false,DISTINCT_TIMESTAMPED_REARM_EVENT,D032_REJECTED_BY_SAME_FAMILY_STACKING,DISTINCT_SETUP_SUPPRESSION
MSZZC1|6:XAUUSD|1:5|1:1|1:4|17:ASIA_LOW|20260603,ASIA_LOW|20260603,SSRP|ASIA_LOW|20260603|1780475400|FINAL,SSRP|ASIA_LOW|20260603|1780480800|FINAL,2026.06.03 08:35:00,2026.06.03 10:05:00,90,2026.06.03 08:59:58,true,false,false,DISTINCT_TIMESTAMPED_REARM_EVENT,D032_REJECTED_BY_SAME_FAMILY_STACKING,DISTINCT_SETUP_SUPPRESSION
MSZZC1|6:XAUUSD|1:5|1:1|1:4|17:ASIA_LOW|20260603,ASIA_LOW|20260603,SSRP|ASIA_LOW|20260603|1780475400|FINAL,SSRP|ASIA_LOW|20260603|1780491600|FINAL,2026.06.03 08:35:00,2026.06.03 13:10:00,275,2026.06.03 08:59:58,true,true,false,DISTINCT_TIMESTAMPED_REARM_EVENT,D032_ACCEPTED_DISTINCT_TRADE,DISTINCT_SETUP_SUPPRESSION
MSZZC1|6:XAUUSD|1:5|1:1|1:4|17:ASIA_LOW|20260603,ASIA_LOW|20260603,SSRP|ASIA_LOW|20260603|1780475400|FINAL,SSRP|ASIA_LOW|20260603|1780492200|FINAL,2026.06.03 08:35:00,2026.06.03 13:15:00,280,2026.06.03 08:59:58,true,false,false,DISTINCT_TIMESTAMPED_REARM_EVENT,D032_REJECTED_BY_SAME_FAMILY_STACKING,DISTINCT_SETUP_SUPPRESSION
MSZZC1|6:XAUUSD|1:5|1:1|1:4|17:ASIA_LOW|20260603,ASIA_LOW|20260603,SSRP|ASIA_LOW|20260603|1780475400|FINAL,SSRP|ASIA_LOW|20260603|1780494900|FINAL,2026.06.03 08:35:00,2026.06.03 14:00:00,325,2026.06.03 08:59:58,true,false,false,DISTINCT_TIMESTAMPED_REARM_EVENT,D032_REJECTED_BY_SAME_FAMILY_STACKING,DISTINCT_SETUP_SUPPRESSION
MSZZC1|6:XAUUSD|1:5|1:1|1:4|17:ASIA_LOW|20260603,ASIA_LOW|20260603,SSRP|ASIA_LOW|20260603|1780475400|FINAL,SSRP|ASIA_LOW|20260603|1780495200|FINAL,2026.06.03 08:35:00,2026.06.03 14:05:00,330,2026.06.03 08:59:58,true,false,false,DISTINCT_TIMESTAMPED_REARM_EVENT,D032_REJECTED_BY_SAME_FAMILY_STACKING,DISTINCT_SETUP_SUPPRESSION
MSZZC1|6:XAUUSD|1:5|1:1|1:4|17:ASIA_LOW|20260603,ASIA_LOW|20260603,SSRP|ASIA_LOW|20260603|1780475400|FINAL,SSRP|ASIA_LOW|20260603|1780495800|FINAL,2026.06.03 08:35:00,2026.06.03 14:20:00,345,2026.06.03 08:59:58,true,false,false,DISTINCT_TIMESTAMPED_REARM_EVENT,D032_REJECTED_BY_SAME_FAMILY_STACKING,DISTINCT_SETUP_SUPPRESSION
MSZZC1|6:XAUUSD|1:5|1:1|1:4|17:ASIA_LOW|20260603,ASIA_LOW|20260603,SSRP|ASIA_LOW|20260603|1780475400|FINAL,SSRP|ASIA_LOW|20260603|1780496400|FINAL,2026.06.03 08:35:00,2026.06.03 14:25:00,350,2026.06.03 08:59:58,true,false,false,DISTINCT_TIMESTAMPED_REARM_EVENT,D032_REJECTED_BY_SAME_FAMILY_STACKING,DISTINCT_SETUP_SUPPRESSION
MSZZC1|6:XAUUSD|1:5|1:1|1:4|17:ASIA_LOW|20260603,ASIA_LOW|20260603,SSRP|ASIA_LOW|20260603|1780475400|FINAL,SSRP|ASIA_LOW|20260603|1780497600|FINAL,2026.06.03 08:35:00,2026.06.03 14:45:00,370,2026.06.03 08:59:58,true,false,false,DISTINCT_TIMESTAMPED_REARM_EVENT,D032_REJECTED_BY_SAME_FAMILY_STACKING,DISTINCT_SETUP_SUPPRESSION
MSZZC1|6:XAUUSD|1:5|1:1|1:4|17:ASIA_LOW|20260603,ASIA_LOW|20260603,SSRP|ASIA_LOW|20260603|1780475400|FINAL,SSRP|ASIA_LOW|20260603|1780497900|FINAL,2026.06.03 08:35:00,2026.06.03 14:50:00,375,2026.06.03 08:59:58,true,false,false,DISTINCT_TIMESTAMPED_REARM_EVENT,D032_REJECTED_BY_SAME_FAMILY_STACKING,DISTINCT_SETUP_SUPPRESSION
MSZZC1|6:XAUUSD|1:5|1:1|1:4|17:ASIA_LOW|20260603,ASIA_LOW|20260603,SSRP|ASIA_LOW|20260603|1780475400|FINAL,SSRP|ASIA_LOW|20260603|1780501200|FINAL,2026.06.03 08:35:00,2026.06.03 16:00:00,445,2026.06.03 08:59:58,true,false,false,DISTINCT_TIMESTAMPED_REARM_EVENT,D032_REJECTED_BY_SAME_FAMILY_STACKING,DISTINCT_SETUP_SUPPRESSION
MSZZC1|6:XAUUSD|1:5|1:1|1:4|17:ASIA_LOW|20260603,ASIA_LOW|20260603,SSRP|ASIA_LOW|20260603|1780475400|FINAL,SSRP|ASIA_LOW|20260603|1780502400|FINAL,2026.06.03 08:35:00,2026.06.03 16:05:00,450,2026.06.03 08:59:58,true,false,false,DISTINCT_TIMESTAMPED_REARM_EVENT,D032_REJECTED_BY_SAME_FAMILY_STACKING,DISTINCT_SETUP_SUPPRESSION
MSZZC1|6:XAUUSD|1:5|2:-1|1:4|18:ASIA_HIGH|20260604,ASIA_HIGH|20260604,SSRP|ASIA_HIGH|20260604|1780593000|FINAL,SSRP|ASIA_HIGH|20260604|1780600500|FINAL,2026.06.04 17:35:00,2026.06.04 19:25:00,110,2026.06.05 04:29:57,false,false,false,DISTINCT_TIMESTAMPED_REARM_EVENT,D032_REJECTED_BY_SAME_FAMILY_STACKING,DISTINCT_SETUP_SUPPRESSION
MSZZC1|6:XAUUSD|1:5|2:-1|1:4|18:ASIA_HIGH|20260604,ASIA_HIGH|20260604,SSRP|ASIA_HIGH|20260604|1780593000|FINAL,SSRP|ASIA_HIGH|20260604|1780601100|FINAL,2026.06.04 17:35:00,2026.06.04 19:30:00,115,2026.06.05 04:29:57,false,false,false,DISTINCT_TIMESTAMPED_REARM_EVENT,D032_REJECTED_BY_SAME_FAMILY_STACKING,DISTINCT_SETUP_SUPPRESSION
MSZZC1|6:XAUUSD|1:5|1:1|1:4|17:ASIA_LOW|20260608,ASIA_LOW|20260608,SSRP|ASIA_LOW|20260608|1780908900|FINAL,SSRP|ASIA_LOW|20260608|1780909200|FINAL,2026.06.08 09:00:00,2026.06.08 09:05:00,5,2026.06.08 11:29:58,false,false,false,DISTINCT_TIMESTAMPED_REARM_EVENT,D032_REJECTED_BY_SAME_FAMILY_STACKING,DISTINCT_SETUP_SUPPRESSION
MSZZC1|6:XAUUSD|1:5|1:1|1:4|17:ASIA_LOW|20260608,ASIA_LOW|20260608,SSRP|ASIA_LOW|20260608|1780908900|FINAL,SSRP|ASIA_LOW|20260608|1780911300|FINAL,2026.06.08 09:00:00,2026.06.08 10:05:00,65,2026.06.08 11:29:58,false,false,false,DISTINCT_TIMESTAMPED_REARM_EVENT,D032_REJECTED_BY_SAME_FAMILY_STACKING,DISTINCT_SETUP_SUPPRESSION
MSZZC1|6:XAUUSD|1:5|1:1|1:4|17:ASIA_LOW|20260608,ASIA_LOW|20260608,SSRP|ASIA_LOW|20260608|1780908900|FINAL,SSRP|ASIA_LOW|20260608|1780913100|FINAL,2026.06.08 09:00:00,2026.06.08 10:10:00,70,2026.06.08 11:29:58,false,false,false,DISTINCT_TIMESTAMPED_REARM_EVENT,D032_REJECTED_BY_SAME_FAMILY_STACKING,DISTINCT_SETUP_SUPPRESSION
MSZZC1|6:XAUUSD|1:5|1:1|1:4|17:ASIA_LOW|20260608,ASIA_LOW|20260608,SSRP|ASIA_LOW|20260608|1780908900|FINAL,SSRP|ASIA_LOW|20260608|1780913400|FINAL,2026.06.08 09:00:00,2026.06.08 10:15:00,75,2026.06.08 11:29:58,false,false,false,DISTINCT_TIMESTAMPED_REARM_EVENT,D032_REJECTED_BY_SAME_FAMILY_STACKING,DISTINCT_SETUP_SUPPRESSION
MSZZC1|6:XAUUSD|1:5|1:1|1:4|17:ASIA_LOW|20260608,ASIA_LOW|20260608,SSRP|ASIA_LOW|20260608|1780908900|FINAL,SSRP|ASIA_LOW|20260608|1780922400|FINAL,2026.06.08 09:00:00,2026.06.08 12:45:00,225,2026.06.08 11:29:58,true,true,false,DISTINCT_TIMESTAMPED_REARM_EVENT,D032_ACCEPTED_DISTINCT_TRADE,DISTINCT_SETUP_SUPPRESSION
MSZZC1|6:XAUUSD|1:5|1:1|1:4|17:ASIA_LOW|20260608,ASIA_LOW|20260608,SSRP|ASIA_LOW|20260608|1780908900|FINAL,SSRP|ASIA_LOW|20260608|1780925100|FINAL,2026.06.08 09:00:00,2026.06.08 13:30:00,270,2026.06.08 11:29:58,true,true,false,DISTINCT_TIMESTAMPED_REARM_EVENT,D032_ACCEPTED_DISTINCT_TRADE,DISTINCT_SETUP_SUPPRESSION
MSZZC1|6:XAUUSD|1:5|1:1|1:4|17:ASIA_LOW|20260608,ASIA_LOW|20260608,SSRP|ASIA_LOW|20260608|1780908900|FINAL,SSRP|ASIA_LOW|20260608|1780925400|FINAL,2026.06.08 09:00:00,2026.06.08 13:40:00,280,2026.06.08 11:29:58,true,false,false,DISTINCT_TIMESTAMPED_REARM_EVENT,D032_REJECTED_BY_SAME_FAMILY_STACKING,DISTINCT_SETUP_SUPPRESSION
MSZZC1|6:XAUUSD|1:5|1:1|1:4|17:ASIA_LOW|20260608,ASIA_LOW|20260608,SSRP|ASIA_LOW|20260608|1780908900|FINAL,SSRP|ASIA_LOW|20260608|1780926600|FINAL,2026.06.08 09:00:00,2026.06.08 13:55:00,295,2026.06.08 11:29:58,true,false,false,DISTINCT_TIMESTAMPED_REARM_EVENT,D032_REJECTED_BY_SAME_FAMILY_STACKING,DISTINCT_SETUP_SUPPRESSION
MSZZC1|6:XAUUSD|1:5|1:1|1:4|17:ASIA_LOW|20260608,ASIA_LOW|20260608,SSRP|ASIA_LOW|20260608|1780908900|FINAL,SSRP|ASIA_LOW|20260608|1780926900|FINAL,2026.06.08 09:00:00,2026.06.08 14:05:00,305,2026.06.08 11:29:58,true,false,false,DISTINCT_TIMESTAMPED_REARM_EVENT,D032_REJECTED_BY_SAME_FAMILY_STACKING,DISTINCT_SETUP_SUPPRESSION
MSZZC1|6:XAUUSD|1:5|2:-1|1:4|18:ASIA_HIGH|20260609,ASIA_HIGH|20260609,SSRP|ASIA_HIGH|20260609|1780995000|FINAL,SSRP|ASIA_HIGH|20260609|1780996200|FINAL,2026.06.09 09:10:00,2026.06.09 09:25:00,15,2026.06.09 10:19:57,false,false,false,DISTINCT_TIMESTAMPED_REARM_EVENT,D032_REJECTED_BY_SAME_FAMILY_STACKING,DISTINCT_SETUP_SUPPRESSION
MSZZC1|6:XAUUSD|1:5|2:-1|1:4|18:ASIA_HIGH|20260609,ASIA_HIGH|20260609,SSRP|ASIA_HIGH|20260609|1780995000|FINAL,SSRP|ASIA_HIGH|20260609|1780997100|FINAL,2026.06.09 09:10:00,2026.06.09 09:30:00,20,2026.06.09 10:19:57,false,false,false,DISTINCT_TIMESTAMPED_REARM_EVENT,D032_REJECTED_BY_SAME_FAMILY_STACKING,DISTINCT_SETUP_SUPPRESSION
MSZZC1|6:XAUUSD|1:5|2:-1|1:4|18:ASIA_HIGH|20260609,ASIA_HIGH|20260609,SSRP|ASIA_HIGH|20260609|1780995000|FINAL,SSRP|ASIA_HIGH|20260609|1781016600|FINAL,2026.06.09 09:10:00,2026.06.09 14:55:00,345,2026.06.09 10:19:57,true,true,false,DISTINCT_TIMESTAMPED_REARM_EVENT,D032_ACCEPTED_DISTINCT_TRADE,DISTINCT_SETUP_SUPPRESSION
MSZZC1|6:XAUUSD|1:5|2:-1|1:4|18:ASIA_HIGH|20260609,ASIA_HIGH|20260609,SSRP|ASIA_HIGH|20260609|1780995000|FINAL,SSRP|ASIA_HIGH|20260609|1781016900|FINAL,2026.06.09 09:10:00,2026.06.09 15:10:00,360,2026.06.09 10:19:57,true,true,false,DISTINCT_TIMESTAMPED_REARM_EVENT,D032_ACCEPTED_DISTINCT_TRADE,DISTINCT_SETUP_SUPPRESSION
MSZZC1|6:XAUUSD|1:5|2:-1|1:4|18:ASIA_HIGH|20260609,ASIA_HIGH|20260609,SSRP|ASIA_HIGH|20260609|1780995000|FINAL,SSRP|ASIA_HIGH|20260609|1781017800|FINAL,2026.06.09 09:10:00,2026.06.09 15:20:00,370,2026.06.09 10:19:57,true,false,false,DISTINCT_TIMESTAMPED_REARM_EVENT,D032_REJECTED_BY_SAME_FAMILY_STACKING,DISTINCT_SETUP_SUPPRESSION
MSZZC1|6:XAUUSD|1:5|2:-1|1:4|18:ASIA_HIGH|20260609,ASIA_HIGH|20260609,SSRP|ASIA_HIGH|20260609|1780995000|FINAL,SSRP|ASIA_HIGH|20260609|1781018400|FINAL,2026.06.09 09:10:00,2026.06.09 15:25:00,375,2026.06.09 10:19:57,true,false,false,DISTINCT_TIMESTAMPED_REARM_EVENT,D032_REJECTED_BY_SAME_FAMILY_STACKING,DISTINCT_SETUP_SUPPRESSION
MSZZC1|6:XAUUSD|1:5|2:-1|1:4|18:ASIA_HIGH|20260609,ASIA_HIGH|20260609,SSRP|ASIA_HIGH|20260609|1780995000|FINAL,SSRP|ASIA_HIGH|20260609|1781019900|FINAL,2026.06.09 09:10:00,2026.06.09 15:50:00,400,2026.06.09 10:19:57,true,true,false,DISTINCT_TIMESTAMPED_REARM_EVENT,D032_ACCEPTED_DISTINCT_TRADE,DISTINCT_SETUP_SUPPRESSION
MSZZC1|6:XAUUSD|1:5|2:-1|1:4|18:ASIA_HIGH|20260609,ASIA_HIGH|20260609,SSRP|ASIA_HIGH|20260609|1780995000|FINAL,SSRP|ASIA_HIGH|20260609|1781020200|FINAL,2026.06.09 09:10:00,2026.06.09 15:55:00,405,2026.06.09 10:19:57,true,false,false,DISTINCT_TIMESTAMPED_REARM_EVENT,D032_REJECTED_BY_SAME_FAMILY_STACKING,DISTINCT_SETUP_SUPPRESSION
MSZZC1|6:XAUUSD|1:5|2:-1|1:4|18:ASIA_HIGH|20260609,ASIA_HIGH|20260609,SSRP|ASIA_HIGH|20260609|1780995000|FINAL,SSRP|ASIA_HIGH|20260609|1781020800|FINAL,2026.06.09 09:10:00,2026.06.09 16:05:00,415,2026.06.09 10:19:57,true,true,false,DISTINCT_TIMESTAMPED_REARM_EVENT,D032_ACCEPTED_DISTINCT_TRADE,DISTINCT_SETUP_SUPPRESSION
MSZZC1|6:XAUUSD|1:5|2:-1|1:4|18:ASIA_HIGH|20260609,ASIA_HIGH|20260609,SSRP|ASIA_HIGH|20260609|1780995000|FINAL,SSRP|ASIA_HIGH|20260609|1781021100|FINAL,2026.06.09 09:10:00,2026.06.09 16:10:00,420,2026.06.09 10:19:57,true,false,false,DISTINCT_TIMESTAMPED_REARM_EVENT,D032_REJECTED_BY_SAME_FAMILY_STACKING,DISTINCT_SETUP_SUPPRESSION
MSZZC1|6:XAUUSD|1:5|2:-1|1:4|18:ASIA_HIGH|20260609,ASIA_HIGH|20260609,SSRP|ASIA_HIGH|20260609|1780995000|FINAL,SSRP|ASIA_HIGH|20260609|1781023500|FINAL,2026.06.09 09:10:00,2026.06.09 16:50:00,460,2026.06.09 10:19:57,true,true,false,DISTINCT_TIMESTAMPED_REARM_EVENT,D032_ACCEPTED_DISTINCT_TRADE,DISTINCT_SETUP_SUPPRESSION
MSZZC1|6:XAUUSD|1:5|2:-1|1:4|18:ASIA_HIGH|20260609,ASIA_HIGH|20260609,SSRP|ASIA_HIGH|20260609|1780995000|FINAL,SSRP|ASIA_HIGH|20260609|1781023800|FINAL,2026.06.09 09:10:00,2026.06.09 16:55:00,465,2026.06.09 10:19:57,true,false,false,DISTINCT_TIMESTAMPED_REARM_EVENT,D032_REJECTED_BY_SAME_FAMILY_STACKING,DISTINCT_SETUP_SUPPRESSION
MSZZC1|6:XAUUSD|1:5|1:1|1:4|17:ASIA_LOW|20260609,ASIA_LOW|20260609,SSRP|ASIA_LOW|20260609|1781025300|FINAL,SSRP|ASIA_LOW|20260609|1781025600|FINAL,2026.06.09 17:20:00,2026.06.09 17:25:00,5,2026.06.09 17:39:58,false,false,false,DISTINCT_TIMESTAMPED_REARM_EVENT,D032_REJECTED_BY_SAME_FAMILY_STACKING,DISTINCT_SETUP_SUPPRESSION
MSZZC1|6:XAUUSD|1:5|1:1|1:4|17:ASIA_LOW|20260610,ASIA_LOW|20260610,SSRP|ASIA_LOW|20260610|1781089800|FINAL,SSRP|ASIA_LOW|20260610|1781091000|FINAL,2026.06.10 11:15:00,2026.06.10 11:35:00,20,2026.06.10 13:09:58,false,false,false,DISTINCT_TIMESTAMPED_REARM_EVENT,D032_REJECTED_BY_SAME_FAMILY_STACKING,DISTINCT_SETUP_SUPPRESSION
MSZZC1|6:XAUUSD|1:5|1:1|1:4|17:ASIA_LOW|20260610,ASIA_LOW|20260610,SSRP|ASIA_LOW|20260610|1781089800|FINAL,SSRP|ASIA_LOW|20260610|1781091300|FINAL,2026.06.10 11:15:00,2026.06.10 11:45:00,30,2026.06.10 13:09:58,false,false,false,DISTINCT_TIMESTAMPED_REARM_EVENT,D032_REJECTED_BY_SAME_FAMILY_STACKING,DISTINCT_SETUP_SUPPRESSION
MSZZC1|6:XAUUSD|1:5|1:1|1:4|17:ASIA_LOW|20260610,ASIA_LOW|20260610,SSRP|ASIA_LOW|20260610|1781089800|FINAL,SSRP|ASIA_LOW|20260610|1781094300|FINAL,2026.06.10 11:15:00,2026.06.10 12:30:00,75,2026.06.10 13:09:58,false,false,false,DISTINCT_TIMESTAMPED_REARM_EVENT,D032_REJECTED_BY_SAME_FAMILY_STACKING,DISTINCT_SETUP_SUPPRESSION
MSZZC1|6:XAUUSD|1:5|1:1|1:4|17:ASIA_LOW|20260610,ASIA_LOW|20260610,SSRP|ASIA_LOW|20260610|1781089800|FINAL,SSRP|ASIA_LOW|20260610|1781098500|FINAL,2026.06.10 11:15:00,2026.06.10 13:45:00,150,2026.06.10 13:09:58,true,true,false,DISTINCT_TIMESTAMPED_REARM_EVENT,D032_ACCEPTED_DISTINCT_TRADE,DISTINCT_SETUP_SUPPRESSION
MSZZC1|6:XAUUSD|1:5|1:1|1:4|17:ASIA_LOW|20260610,ASIA_LOW|20260610,SSRP|ASIA_LOW|20260610|1781089800|FINAL,SSRP|ASIA_LOW|20260610|1781099100|FINAL,2026.06.10 11:15:00,2026.06.10 13:55:00,160,2026.06.10 13:09:58,true,false,false,DISTINCT_TIMESTAMPED_REARM_EVENT,D032_REJECTED_BY_SAME_FAMILY_STACKING,DISTINCT_SETUP_SUPPRESSION
MSZZC1|6:XAUUSD|1:5|1:1|1:4|17:ASIA_LOW|20260610,ASIA_LOW|20260610,SSRP|ASIA_LOW|20260610|1781089800|FINAL,SSRP|ASIA_LOW|20260610|1781109000|FINAL,2026.06.10 11:15:00,2026.06.10 16:40:00,325,2026.06.10 13:09:58,true,true,false,DISTINCT_TIMESTAMPED_REARM_EVENT,D032_ACCEPTED_DISTINCT_TRADE,DISTINCT_SETUP_SUPPRESSION
MSZZC1|6:XAUUSD|1:5|1:1|1:4|17:ASIA_LOW|20260610,ASIA_LOW|20260610,SSRP|ASIA_LOW|20260610|1781089800|FINAL,SSRP|ASIA_LOW|20260610|1781109600|FINAL,2026.06.10 11:15:00,2026.06.10 16:45:00,330,2026.06.10 13:09:58,true,false,false,DISTINCT_TIMESTAMPED_REARM_EVENT,D032_REJECTED_BY_SAME_FAMILY_STACKING,DISTINCT_SETUP_SUPPRESSION
MSZZC1|6:XAUUSD|1:5|1:1|1:4|17:ASIA_LOW|20260610,ASIA_LOW|20260610,SSRP|ASIA_LOW|20260610|1781089800|FINAL,SSRP|ASIA_LOW|20260610|1781111100|FINAL,2026.06.10 11:15:00,2026.06.10 17:10:00,355,2026.06.10 13:09:58,true,false,false,DISTINCT_TIMESTAMPED_REARM_EVENT,D032_REJECTED_BY_SAME_FAMILY_STACKING,DISTINCT_SETUP_SUPPRESSION
MSZZC1|6:XAUUSD|1:5|2:-1|1:4|18:ASIA_HIGH|20260615,ASIA_HIGH|20260615,SSRP|ASIA_HIGH|20260615|1781524200|FINAL,SSRP|ASIA_HIGH|20260615|1781534400|FINAL,2026.06.15 11:55:00,2026.06.15 14:45:00,170,2026.06.15 12:04:58,true,true,false,DISTINCT_TIMESTAMPED_REARM_EVENT,D032_ACCEPTED_DISTINCT_TRADE,DISTINCT_SETUP_SUPPRESSION
MSZZC1|6:XAUUSD|1:5|2:-1|1:4|18:ASIA_HIGH|20260615,ASIA_HIGH|20260615,SSRP|ASIA_HIGH|20260615|1781524200|FINAL,SSRP|ASIA_HIGH|20260615|1781534700|FINAL,2026.06.15 11:55:00,2026.06.15 15:05:00,190,2026.06.15 12:04:58,true,false,false,DISTINCT_TIMESTAMPED_REARM_EVENT,D032_REJECTED_BY_SAME_FAMILY_STACKING,DISTINCT_SETUP_SUPPRESSION
MSZZC1|6:XAUUSD|1:5|2:-1|1:4|18:ASIA_HIGH|20260615,ASIA_HIGH|20260615,SSRP|ASIA_HIGH|20260615|1781524200|FINAL,SSRP|ASIA_HIGH|20260615|1781535900|FINAL,2026.06.15 11:55:00,2026.06.15 15:10:00,195,2026.06.15 12:04:58,true,false,false,DISTINCT_TIMESTAMPED_REARM_EVENT,D032_REJECTED_BY_SAME_FAMILY_STACKING,DISTINCT_SETUP_SUPPRESSION
MSZZC1|6:XAUUSD|1:5|2:-1|1:4|18:ASIA_HIGH|20260615,ASIA_HIGH|20260615,SSRP|ASIA_HIGH|20260615|1781524200|FINAL,SSRP|ASIA_HIGH|20260615|1781536200|FINAL,2026.06.15 11:55:00,2026.06.15 15:15:00,200,2026.06.15 12:04:58,true,false,false,DISTINCT_TIMESTAMPED_REARM_EVENT,D032_REJECTED_BY_SAME_FAMILY_STACKING,DISTINCT_SETUP_SUPPRESSION
MSZZC1|6:XAUUSD|1:5|2:-1|1:4|18:ASIA_HIGH|20260615,ASIA_HIGH|20260615,SSRP|ASIA_HIGH|20260615|1781524200|FINAL,SSRP|ASIA_HIGH|20260615|1781553300|FINAL,2026.06.15 11:55:00,2026.06.15 20:00:00,485,2026.06.15 12:04:58,true,true,false,DISTINCT_TIMESTAMPED_REARM_EVENT,D032_ACCEPTED_DISTINCT_TRADE,DISTINCT_SETUP_SUPPRESSION
MSZZC1|6:XAUUSD|1:5|2:-1|1:4|18:ASIA_HIGH|20260615,ASIA_HIGH|20260615,SSRP|ASIA_HIGH|20260615|1781524200|FINAL,SSRP|ASIA_HIGH|20260615|1781553600|FINAL,2026.06.15 11:55:00,2026.06.15 20:05:00,490,2026.06.15 12:04:58,true,false,false,DISTINCT_TIMESTAMPED_REARM_EVENT,D032_REJECTED_BY_SAME_FAMILY_STACKING,DISTINCT_SETUP_SUPPRESSION
MSZZC1|6:XAUUSD|1:5|2:-1|1:4|18:ASIA_HIGH|20260616,ASIA_HIGH|20260616,SSRP|ASIA_HIGH|20260616|1781628600|FINAL,SSRP|ASIA_HIGH|20260616|1781629200|FINAL,2026.06.16 16:55:00,2026.06.16 17:15:00,20,2026.06.16 17:34:58,false,false,false,DISTINCT_TIMESTAMPED_REARM_EVENT,D032_REJECTED_BY_SAME_FAMILY_STACKING,DISTINCT_SETUP_SUPPRESSION
MSZZC1|6:XAUUSD|1:5|2:-1|1:4|18:ASIA_HIGH|20260616,ASIA_HIGH|20260616,SSRP|ASIA_HIGH|20260616|1781628600|FINAL,SSRP|ASIA_HIGH|20260616|1781630100|FINAL,2026.06.16 16:55:00,2026.06.16 17:20:00,25,2026.06.16 17:34:58,false,false,false,DISTINCT_TIMESTAMPED_REARM_EVENT,D032_REJECTED_BY_SAME_FAMILY_STACKING,DISTINCT_SETUP_SUPPRESSION
MSZZC1|6:XAUUSD|1:5|2:-1|1:4|18:ASIA_HIGH|20260616,ASIA_HIGH|20260616,SSRP|ASIA_HIGH|20260616|1781628600|FINAL,SSRP|ASIA_HIGH|20260616|1781640600|FINAL,2026.06.16 16:55:00,2026.06.16 20:15:00,200,2026.06.16 17:34:58,true,true,false,DISTINCT_TIMESTAMPED_REARM_EVENT,D032_ACCEPTED_DISTINCT_TRADE,DISTINCT_SETUP_SUPPRESSION
MSZZC1|6:XAUUSD|1:5|2:-1|1:4|18:ASIA_HIGH|20260616,ASIA_HIGH|20260616,SSRP|ASIA_HIGH|20260616|1781628600|FINAL,SSRP|ASIA_HIGH|20260616|1781640900|FINAL,2026.06.16 16:55:00,2026.06.16 20:20:00,205,2026.06.16 17:34:58,true,false,false,DISTINCT_TIMESTAMPED_REARM_EVENT,D032_REJECTED_BY_SAME_FAMILY_STACKING,DISTINCT_SETUP_SUPPRESSION
MSZZC1|6:XAUUSD|1:5|2:-1|1:4|18:ASIA_HIGH|20260616,ASIA_HIGH|20260616,SSRP|ASIA_HIGH|20260616|1781628600|FINAL,SSRP|ASIA_HIGH|20260616|1781649900|FINAL,2026.06.16 16:55:00,2026.06.16 23:00:00,365,2026.06.16 17:34:58,true,true,false,DISTINCT_TIMESTAMPED_REARM_EVENT,D032_ACCEPTED_DISTINCT_TRADE,DISTINCT_SETUP_SUPPRESSION
MSZZC1|6:XAUUSD|1:5|2:-1|1:4|18:ASIA_HIGH|20260616,ASIA_HIGH|20260616,SSRP|ASIA_HIGH|20260616|1781628600|FINAL,SSRP|ASIA_HIGH|20260616|1781650800|FINAL,2026.06.16 16:55:00,2026.06.16 23:05:00,370,2026.06.16 17:34:58,true,false,false,DISTINCT_TIMESTAMPED_REARM_EVENT,D032_REJECTED_BY_SAME_FAMILY_STACKING,DISTINCT_SETUP_SUPPRESSION
MSZZC1|6:XAUUSD|1:5|2:-1|1:4|18:ASIA_HIGH|20260616,ASIA_HIGH|20260616,SSRP|ASIA_HIGH|20260616|1781628600|FINAL,SSRP|ASIA_HIGH|20260616|1781652000|FINAL,2026.06.16 16:55:00,2026.06.16 23:25:00,390,2026.06.16 17:34:58,true,false,false,DISTINCT_TIMESTAMPED_REARM_EVENT,D032_REJECTED_BY_SAME_FAMILY_STACKING,DISTINCT_SETUP_SUPPRESSION
MSZZC1|6:XAUUSD|1:5|2:-1|1:4|18:ASIA_HIGH|20260616,ASIA_HIGH|20260616,SSRP|ASIA_HIGH|20260616|1781628600|FINAL,SSRP|ASIA_HIGH|20260616|1781652300|FINAL,2026.06.16 16:55:00,2026.06.16 23:30:00,395,2026.06.16 17:34:58,true,false,false,DISTINCT_TIMESTAMPED_REARM_EVENT,D032_REJECTED_BY_SAME_FAMILY_STACKING,DISTINCT_SETUP_SUPPRESSION
MSZZC1|6:XAUUSD|1:5|2:-1|1:4|18:ASIA_HIGH|20260616,ASIA_HIGH|20260616,SSRP|ASIA_HIGH|20260616|1781628600|FINAL,SSRP|ASIA_HIGH|20260616|1781652900|FINAL,2026.06.16 16:55:00,2026.06.16 23:45:00,410,2026.06.16 17:34:58,true,false,false,DISTINCT_TIMESTAMPED_REARM_EVENT,D032_REJECTED_BY_SAME_FAMILY_STACKING,DISTINCT_SETUP_SUPPRESSION
MSZZC1|6:XAUUSD|1:5|2:-1|1:4|18:ASIA_HIGH|20260617,ASIA_HIGH|20260617,SSRP|ASIA_HIGH|20260617|1781717400|FINAL,SSRP|ASIA_HIGH|20260617|1781718300|FINAL,2026.06.17 17:45:00,2026.06.17 17:50:00,5,2026.06.17 18:59:58,false,false,false,DISTINCT_TIMESTAMPED_REARM_EVENT,D032_REJECTED_BY_SAME_FAMILY_STACKING,DISTINCT_SETUP_SUPPRESSION
MSZZC1|6:XAUUSD|1:5|2:-1|1:4|18:ASIA_HIGH|20260617,ASIA_HIGH|20260617,SSRP|ASIA_HIGH|20260617|1781717400|FINAL,SSRP|ASIA_HIGH|20260617|1781718600|FINAL,2026.06.17 17:45:00,2026.06.17 17:55:00,10,2026.06.17 18:59:58,false,false,false,DISTINCT_TIMESTAMPED_REARM_EVENT,D032_REJECTED_BY_SAME_FAMILY_STACKING,DISTINCT_SETUP_SUPPRESSION
MSZZC1|6:XAUUSD|1:5|2:-1|1:4|18:ASIA_HIGH|20260617,ASIA_HIGH|20260617,SSRP|ASIA_HIGH|20260617|1781717400|FINAL,SSRP|ASIA_HIGH|20260617|1781729700|FINAL,2026.06.17 17:45:00,2026.06.17 21:00:00,195,2026.06.17 18:59:58,true,true,false,DISTINCT_TIMESTAMPED_REARM_EVENT,D032_ACCEPTED_DISTINCT_TRADE,DISTINCT_SETUP_SUPPRESSION
MSZZC1|6:XAUUSD|1:5|2:-1|1:4|18:ASIA_HIGH|20260617,ASIA_HIGH|20260617,SSRP|ASIA_HIGH|20260617|1781717400|FINAL,SSRP|ASIA_HIGH|20260617|1781730000|FINAL,2026.06.17 17:45:00,2026.06.17 21:05:00,200,2026.06.17 18:59:58,true,false,false,DISTINCT_TIMESTAMPED_REARM_EVENT,D032_REJECTED_BY_SAME_FAMILY_STACKING,DISTINCT_SETUP_SUPPRESSION
MSZZC1|6:XAUUSD|1:5|1:1|1:4|17:ASIA_LOW|20260617,ASIA_LOW|20260617,SSRP|ASIA_LOW|20260617|1781732100|FINAL,SSRP|ASIA_LOW|20260617|1781732400|FINAL,2026.06.17 21:40:00,2026.06.17 21:45:00,5,2026.06.17 22:09:58,false,false,false,DISTINCT_TIMESTAMPED_REARM_EVENT,D032_REJECTED_BY_SAME_FAMILY_STACKING,DISTINCT_SETUP_SUPPRESSION
MSZZC1|6:XAUUSD|1:5|1:1|1:4|17:ASIA_LOW|20260618,ASIA_LOW|20260618,SSRP|ASIA_LOW|20260618|1781795100|FINAL,SSRP|ASIA_LOW|20260618|1781795400|FINAL,2026.06.18 15:10:00,2026.06.18 15:15:00,5,2026.06.18 17:04:58,false,false,false,DISTINCT_TIMESTAMPED_REARM_EVENT,D032_REJECTED_BY_SAME_FAMILY_STACKING,DISTINCT_SETUP_SUPPRESSION
MSZZC1|6:XAUUSD|1:5|1:1|1:4|17:ASIA_LOW|20260618,ASIA_LOW|20260618,SSRP|ASIA_LOW|20260618|1781795100|FINAL,SSRP|ASIA_LOW|20260618|1781798400|FINAL,2026.06.18 15:10:00,2026.06.18 16:10:00,60,2026.06.18 17:04:58,false,false,false,DISTINCT_TIMESTAMPED_REARM_EVENT,D032_REJECTED_BY_SAME_FAMILY_STACKING,DISTINCT_SETUP_SUPPRESSION
MSZZC1|6:XAUUSD|1:5|1:1|1:4|17:ASIA_LOW|20260618,ASIA_LOW|20260618,SSRP|ASIA_LOW|20260618|1781795100|FINAL,SSRP|ASIA_LOW|20260618|1781799000|FINAL,2026.06.18 15:10:00,2026.06.18 16:15:00,65,2026.06.18 17:04:58,false,false,false,DISTINCT_TIMESTAMPED_REARM_EVENT,D032_REJECTED_BY_SAME_FAMILY_STACKING,DISTINCT_SETUP_SUPPRESSION
MSZZC1|6:XAUUSD|1:5|1:1|1:4|17:ASIA_LOW|20260619,ASIA_LOW|20260619,SSRP|ASIA_LOW|20260619|1781856000|FINAL,SSRP|ASIA_LOW|20260619|1781856600|FINAL,2026.06.19 08:10:00,2026.06.19 08:15:00,5,2026.06.19 09:59:58,false,false,false,DISTINCT_TIMESTAMPED_REARM_EVENT,D032_REJECTED_BY_SAME_FAMILY_STACKING,DISTINCT_SETUP_SUPPRESSION
MSZZC1|6:XAUUSD|1:5|1:1|1:4|17:ASIA_LOW|20260623,ASIA_LOW|20260623,SSRP|ASIA_LOW|20260623|1782205500|FINAL,SSRP|ASIA_LOW|20260623|1782205800|FINAL,2026.06.23 09:10:00,2026.06.23 09:15:00,5,2026.06.23 09:44:58,false,false,false,DISTINCT_TIMESTAMPED_REARM_EVENT,D032_REJECTED_BY_SAME_FAMILY_STACKING,DISTINCT_SETUP_SUPPRESSION
MSZZC1|6:XAUUSD|1:5|1:1|1:4|17:ASIA_LOW|20260623,ASIA_LOW|20260623,SSRP|ASIA_LOW|20260623|1782205500|FINAL,SSRP|ASIA_LOW|20260623|1782207600|FINAL,2026.06.23 09:10:00,2026.06.23 09:45:00,35,2026.06.23 09:44:58,true,true,false,DISTINCT_TIMESTAMPED_REARM_EVENT,D032_ACCEPTED_DISTINCT_TRADE,DISTINCT_SETUP_SUPPRESSION
MSZZC1|6:XAUUSD|1:5|1:1|1:4|17:ASIA_LOW|20260623,ASIA_LOW|20260623,SSRP|ASIA_LOW|20260623|1782205500|FINAL,SSRP|ASIA_LOW|20260623|1782207900|FINAL,2026.06.23 09:10:00,2026.06.23 09:50:00,40,2026.06.23 09:44:58,true,false,false,DISTINCT_TIMESTAMPED_REARM_EVENT,D032_REJECTED_BY_SAME_FAMILY_STACKING,DISTINCT_SETUP_SUPPRESSION
MSZZC1|6:XAUUSD|1:5|1:1|1:4|17:ASIA_LOW|20260623,ASIA_LOW|20260623,SSRP|ASIA_LOW|20260623|1782205500|FINAL,SSRP|ASIA_LOW|20260623|1782208800|FINAL,2026.06.23 09:10:00,2026.06.23 10:05:00,55,2026.06.23 09:44:58,true,false,false,DISTINCT_TIMESTAMPED_REARM_EVENT,D032_REJECTED_BY_SAME_FAMILY_STACKING,DISTINCT_SETUP_SUPPRESSION
MSZZC1|6:XAUUSD|1:5|1:1|1:4|17:ASIA_LOW|20260623,ASIA_LOW|20260623,SSRP|ASIA_LOW|20260623|1782205500|FINAL,SSRP|ASIA_LOW|20260623|1782209400|FINAL,2026.06.23 09:10:00,2026.06.23 10:15:00,65,2026.06.23 09:44:58,true,false,false,DISTINCT_TIMESTAMPED_REARM_EVENT,D032_REJECTED_BY_SAME_FAMILY_STACKING,DISTINCT_SETUP_SUPPRESSION
MSZZC1|6:XAUUSD|1:5|1:1|1:4|17:ASIA_LOW|20260623,ASIA_LOW|20260623,SSRP|ASIA_LOW|20260623|1782205500|FINAL,SSRP|ASIA_LOW|20260623|1782216900|FINAL,2026.06.23 09:10:00,2026.06.23 12:20:00,190,2026.06.23 09:44:58,true,true,false,DISTINCT_TIMESTAMPED_REARM_EVENT,D032_ACCEPTED_DISTINCT_TRADE,DISTINCT_SETUP_SUPPRESSION
MSZZC1|6:XAUUSD|1:5|1:1|1:4|17:ASIA_LOW|20260623,ASIA_LOW|20260623,SSRP|ASIA_LOW|20260623|1782205500|FINAL,SSRP|ASIA_LOW|20260623|1782217200|FINAL,2026.06.23 09:10:00,2026.06.23 12:30:00,200,2026.06.23 09:44:58,true,false,false,DISTINCT_TIMESTAMPED_REARM_EVENT,D032_REJECTED_BY_SAME_FAMILY_STACKING,DISTINCT_SETUP_SUPPRESSION
MSZZC1|6:XAUUSD|1:5|1:1|1:4|17:ASIA_LOW|20260623,ASIA_LOW|20260623,SSRP|ASIA_LOW|20260623|1782205500|FINAL,SSRP|ASIA_LOW|20260623|1782217800|FINAL,2026.06.23 09:10:00,2026.06.23 12:35:00,205,2026.06.23 09:44:58,true,false,false,DISTINCT_TIMESTAMPED_REARM_EVENT,D032_REJECTED_BY_SAME_FAMILY_STACKING,DISTINCT_SETUP_SUPPRESSION
MSZZC1|6:XAUUSD|1:5|1:1|1:4|17:ASIA_LOW|20260623,ASIA_LOW|20260623,SSRP|ASIA_LOW|20260623|1782205500|FINAL,SSRP|ASIA_LOW|20260623|1782227400|FINAL,2026.06.23 09:10:00,2026.06.23 15:15:00,365,2026.06.23 09:44:58,true,true,false,DISTINCT_TIMESTAMPED_REARM_EVENT,D032_ACCEPTED_DISTINCT_TRADE,DISTINCT_SETUP_SUPPRESSION
MSZZC1|6:XAUUSD|1:5|1:1|1:4|17:ASIA_LOW|20260623,ASIA_LOW|20260623,SSRP|ASIA_LOW|20260623|1782205500|FINAL,SSRP|ASIA_LOW|20260623|1782227700|FINAL,2026.06.23 09:10:00,2026.06.23 15:20:00,370,2026.06.23 09:44:58,true,false,false,DISTINCT_TIMESTAMPED_REARM_EVENT,D032_REJECTED_BY_SAME_FAMILY_STACKING,DISTINCT_SETUP_SUPPRESSION
MSZZC1|6:XAUUSD|1:5|1:1|1:4|17:ASIA_LOW|20260623,ASIA_LOW|20260623,SSRP|ASIA_LOW|20260623|1782205500|FINAL,SSRP|ASIA_LOW|20260623|1782228000|FINAL,2026.06.23 09:10:00,2026.06.23 15:25:00,375,2026.06.23 09:44:58,true,false,false,DISTINCT_TIMESTAMPED_REARM_EVENT,D032_REJECTED_BY_SAME_FAMILY_STACKING,DISTINCT_SETUP_SUPPRESSION
MSZZC1|6:XAUUSD|1:5|1:1|1:4|17:ASIA_LOW|20260623,ASIA_LOW|20260623,SSRP|ASIA_LOW|20260623|1782205500|FINAL,SSRP|ASIA_LOW|20260623|1782229500|FINAL,2026.06.23 09:10:00,2026.06.23 15:50:00,400,2026.06.23 09:44:58,true,false,false,DISTINCT_TIMESTAMPED_REARM_EVENT,D032_REJECTED_BY_SAME_FAMILY_STACKING,DISTINCT_SETUP_SUPPRESSION
MSZZC1|6:XAUUSD|1:5|1:1|1:4|17:ASIA_LOW|20260623,ASIA_LOW|20260623,SSRP|ASIA_LOW|20260623|1782205500|FINAL,SSRP|ASIA_LOW|20260623|1782230100|FINAL,2026.06.23 09:10:00,2026.06.23 16:05:00,415,2026.06.23 09:44:58,true,true,false,DISTINCT_TIMESTAMPED_REARM_EVENT,D032_ACCEPTED_DISTINCT_TRADE,DISTINCT_SETUP_SUPPRESSION
MSZZC1|6:XAUUSD|1:5|1:1|1:4|17:ASIA_LOW|20260623,ASIA_LOW|20260623,SSRP|ASIA_LOW|20260623|1782205500|FINAL,SSRP|ASIA_LOW|20260623|1782231300|FINAL,2026.06.23 09:10:00,2026.06.23 16:20:00,430,2026.06.23 09:44:58,true,true,false,DISTINCT_TIMESTAMPED_REARM_EVENT,D032_ACCEPTED_DISTINCT_TRADE,DISTINCT_SETUP_SUPPRESSION
MSZZC1|6:XAUUSD|1:5|1:1|1:4|17:ASIA_LOW|20260623,ASIA_LOW|20260623,SSRP|ASIA_LOW|20260623|1782205500|FINAL,SSRP|ASIA_LOW|20260623|1782231600|FINAL,2026.06.23 09:10:00,2026.06.23 16:25:00,435,2026.06.23 09:44:58,true,false,false,DISTINCT_TIMESTAMPED_REARM_EVENT,D032_REJECTED_BY_SAME_FAMILY_STACKING,DISTINCT_SETUP_SUPPRESSION
MSZZC1|6:XAUUSD|1:5|1:1|1:4|17:ASIA_LOW|20260623,ASIA_LOW|20260623,SSRP|ASIA_LOW|20260623|1782205500|FINAL,SSRP|ASIA_LOW|20260623|1782232200|FINAL,2026.06.23 09:10:00,2026.06.23 16:35:00,445,2026.06.23 09:44:58,true,false,false,DISTINCT_TIMESTAMPED_REARM_EVENT,D032_REJECTED_BY_SAME_FAMILY_STACKING,DISTINCT_SETUP_SUPPRESSION
MSZZC1|6:XAUUSD|1:5|1:1|1:4|17:ASIA_LOW|20260623,ASIA_LOW|20260623,SSRP|ASIA_LOW|20260623|1782205500|FINAL,SSRP|ASIA_LOW|20260623|1782251100|FINAL,2026.06.23 09:10:00,2026.06.23 21:50:00,760,2026.06.23 09:44:58,true,true,false,DISTINCT_TIMESTAMPED_REARM_EVENT,D032_ACCEPTED_DISTINCT_TRADE,DISTINCT_SETUP_SUPPRESSION
MSZZC1|6:XAUUSD|1:5|2:-1|1:4|18:ASIA_HIGH|20260625,ASIA_HIGH|20260625,SSRP|ASIA_HIGH|20260625|1782403800|FINAL,SSRP|ASIA_HIGH|20260625|1782405000|FINAL,2026.06.25 16:30:00,2026.06.25 16:40:00,10,2026.06.25 18:24:58,false,false,false,DISTINCT_TIMESTAMPED_REARM_EVENT,D032_REJECTED_BY_SAME_FAMILY_STACKING,DISTINCT_SETUP_SUPPRESSION
MSZZC1|6:XAUUSD|1:5|2:-1|1:4|18:ASIA_HIGH|20260625,ASIA_HIGH|20260625,SSRP|ASIA_HIGH|20260625|1782403800|FINAL,SSRP|ASIA_HIGH|20260625|1782405600|FINAL,2026.06.25 16:30:00,2026.06.25 16:45:00,15,2026.06.25 18:24:58,false,false,false,DISTINCT_TIMESTAMPED_REARM_EVENT,D032_REJECTED_BY_SAME_FAMILY_STACKING,DISTINCT_SETUP_SUPPRESSION
MSZZC1|6:XAUUSD|1:5|2:-1|1:4|18:ASIA_HIGH|20260625,ASIA_HIGH|20260625,SSRP|ASIA_HIGH|20260625|1782403800|FINAL,SSRP|ASIA_HIGH|20260625|1782407100|FINAL,2026.06.25 16:30:00,2026.06.25 17:10:00,40,2026.06.25 18:24:58,false,false,false,DISTINCT_TIMESTAMPED_REARM_EVENT,D032_REJECTED_BY_SAME_FAMILY_STACKING,DISTINCT_SETUP_SUPPRESSION
MSZZC1|6:XAUUSD|1:5|2:-1|1:4|18:ASIA_HIGH|20260625,ASIA_HIGH|20260625,SSRP|ASIA_HIGH|20260625|1782403800|FINAL,SSRP|ASIA_HIGH|20260625|1782407700|FINAL,2026.06.25 16:30:00,2026.06.25 17:20:00,50,2026.06.25 18:24:58,false,false,false,DISTINCT_TIMESTAMPED_REARM_EVENT,D032_REJECTED_BY_SAME_FAMILY_STACKING,DISTINCT_SETUP_SUPPRESSION
MSZZC1|6:XAUUSD|1:5|2:-1|1:4|18:ASIA_HIGH|20260625,ASIA_HIGH|20260625,SSRP|ASIA_HIGH|20260625|1782403800|FINAL,SSRP|ASIA_HIGH|20260625|1782408600|FINAL,2026.06.25 16:30:00,2026.06.25 17:35:00,65,2026.06.25 18:24:58,false,false,false,DISTINCT_TIMESTAMPED_REARM_EVENT,D032_REJECTED_BY_SAME_FAMILY_STACKING,DISTINCT_SETUP_SUPPRESSION
MSZZC1|6:XAUUSD|1:5|2:-1|1:4|18:ASIA_HIGH|20260625,ASIA_HIGH|20260625,SSRP|ASIA_HIGH|20260625|1782403800|FINAL,SSRP|ASIA_HIGH|20260625|1782408900|FINAL,2026.06.25 16:30:00,2026.06.25 17:45:00,75,2026.06.25 18:24:58,false,false,false,DISTINCT_TIMESTAMPED_REARM_EVENT,D032_REJECTED_BY_SAME_FAMILY_STACKING,DISTINCT_SETUP_SUPPRESSION
MSZZC1|6:XAUUSD|1:5|2:-1|1:4|18:ASIA_HIGH|20260625,ASIA_HIGH|20260625,SSRP|ASIA_HIGH|20260625|1782403800|FINAL,SSRP|ASIA_HIGH|20260625|1782409500|FINAL,2026.06.25 16:30:00,2026.06.25 17:50:00,80,2026.06.25 18:24:58,false,false,false,DISTINCT_TIMESTAMPED_REARM_EVENT,D032_REJECTED_BY_SAME_FAMILY_STACKING,DISTINCT_SETUP_SUPPRESSION
MSZZC1|6:XAUUSD|1:5|2:-1|1:4|18:ASIA_HIGH|20260625,ASIA_HIGH|20260625,SSRP|ASIA_HIGH|20260625|1782403800|FINAL,SSRP|ASIA_HIGH|20260625|1782409800|FINAL,2026.06.25 16:30:00,2026.06.25 17:55:00,85,2026.06.25 18:24:58,false,false,false,DISTINCT_TIMESTAMPED_REARM_EVENT,D032_REJECTED_BY_SAME_FAMILY_STACKING,DISTINCT_SETUP_SUPPRESSION
MSZZC1|6:XAUUSD|1:5|2:-1|1:4|18:ASIA_HIGH|20260625,ASIA_HIGH|20260625,SSRP|ASIA_HIGH|20260625|1782403800|FINAL,SSRP|ASIA_HIGH|20260625|1782410700|FINAL,2026.06.25 16:30:00,2026.06.25 18:10:00,100,2026.06.25 18:24:58,false,false,false,DISTINCT_TIMESTAMPED_REARM_EVENT,D032_REJECTED_BY_SAME_FAMILY_STACKING,DISTINCT_SETUP_SUPPRESSION
MSZZC1|6:XAUUSD|1:5|2:-1|1:4|18:ASIA_HIGH|20260626,ASIA_HIGH|20260626,SSRP|ASIA_HIGH|20260626|1782469500|FINAL,SSRP|ASIA_HIGH|20260626|1782470100|FINAL,2026.06.26 10:35:00,2026.06.26 10:40:00,5,2026.06.26 10:49:58,false,false,false,DISTINCT_TIMESTAMPED_REARM_EVENT,D032_REJECTED_BY_SAME_FAMILY_STACKING,DISTINCT_SETUP_SUPPRESSION
MSZZC1|6:XAUUSD|1:5|2:-1|1:4|18:ASIA_HIGH|20260626,ASIA_HIGH|20260626,SSRP|ASIA_HIGH|20260626|1782469500|FINAL,SSRP|ASIA_HIGH|20260626|1782474300|FINAL,2026.06.26 10:35:00,2026.06.26 11:50:00,75,2026.06.26 10:49:58,true,true,false,DISTINCT_TIMESTAMPED_REARM_EVENT,D032_ACCEPTED_DISTINCT_TRADE,DISTINCT_SETUP_SUPPRESSION
MSZZC1|6:XAUUSD|1:5|1:1|1:4|17:ASIA_LOW|20260629,ASIA_LOW|20260629,SSRP|ASIA_LOW|20260629|1782720000|FINAL,SSRP|ASIA_LOW|20260629|1782722100|FINAL,2026.06.29 08:05:00,2026.06.29 08:40:00,35,2026.06.29 08:34:58,true,true,false,DISTINCT_TIMESTAMPED_REARM_EVENT,D032_ACCEPTED_DISTINCT_TRADE,DISTINCT_SETUP_SUPPRESSION
MSZZC1|6:XAUUSD|1:5|1:1|1:4|17:ASIA_LOW|20260629,ASIA_LOW|20260629,SSRP|ASIA_LOW|20260629|1782720000|FINAL,SSRP|ASIA_LOW|20260629|1782722400|FINAL,2026.06.29 08:05:00,2026.06.29 08:45:00,40,2026.06.29 08:34:58,true,false,false,DISTINCT_TIMESTAMPED_REARM_EVENT,D032_REJECTED_BY_SAME_FAMILY_STACKING,DISTINCT_SETUP_SUPPRESSION
MSZZC1|6:XAUUSD|1:5|1:1|1:4|17:ASIA_LOW|20260629,ASIA_LOW|20260629,SSRP|ASIA_LOW|20260629|1782720000|FINAL,SSRP|ASIA_LOW|20260629|1782723000|FINAL,2026.06.29 08:05:00,2026.06.29 08:55:00,50,2026.06.29 08:34:58,true,false,false,DISTINCT_TIMESTAMPED_REARM_EVENT,D032_REJECTED_BY_SAME_FAMILY_STACKING,DISTINCT_SETUP_SUPPRESSION
MSZZC1|6:XAUUSD|1:5|1:1|1:4|17:ASIA_LOW|20260629,ASIA_LOW|20260629,SSRP|ASIA_LOW|20260629|1782720000|FINAL,SSRP|ASIA_LOW|20260629|1782734100|FINAL,2026.06.29 08:05:00,2026.06.29 12:00:00,235,2026.06.29 08:34:58,true,false,false,DISTINCT_TIMESTAMPED_REARM_EVENT,D032_REJECTED_BY_SAME_FAMILY_STACKING,DISTINCT_SETUP_SUPPRESSION
MSZZC1|6:XAUUSD|1:5|1:1|1:4|17:ASIA_LOW|20260629,ASIA_LOW|20260629,SSRP|ASIA_LOW|20260629|1782720000|FINAL,SSRP|ASIA_LOW|20260629|1782734400|FINAL,2026.06.29 08:05:00,2026.06.29 12:05:00,240,2026.06.29 08:34:58,true,false,false,DISTINCT_TIMESTAMPED_REARM_EVENT,D032_REJECTED_BY_SAME_FAMILY_STACKING,DISTINCT_SETUP_SUPPRESSION
MSZZC1|6:XAUUSD|1:5|1:1|1:4|17:ASIA_LOW|20260629,ASIA_LOW|20260629,SSRP|ASIA_LOW|20260629|1782720000|FINAL,SSRP|ASIA_LOW|20260629|1782748500|FINAL,2026.06.29 08:05:00,2026.06.29 16:00:00,475,2026.06.29 08:34:58,true,true,false,DISTINCT_TIMESTAMPED_REARM_EVENT,D032_ACCEPTED_DISTINCT_TRADE,DISTINCT_SETUP_SUPPRESSION
MSZZC1|6:XAUUSD|1:5|1:1|1:4|17:ASIA_LOW|20260629,ASIA_LOW|20260629,SSRP|ASIA_LOW|20260629|1782720000|FINAL,SSRP|ASIA_LOW|20260629|1782748800|FINAL,2026.06.29 08:05:00,2026.06.29 16:15:00,490,2026.06.29 08:34:58,true,false,false,DISTINCT_TIMESTAMPED_REARM_EVENT,D032_REJECTED_BY_SAME_FAMILY_STACKING,DISTINCT_SETUP_SUPPRESSION
MSZZC1|6:XAUUSD|1:5|2:-1|1:4|18:ASIA_HIGH|20260630,ASIA_HIGH|20260630,SSRP|ASIA_HIGH|20260630|1782811800|FINAL,SSRP|ASIA_HIGH|20260630|1782817500|FINAL,2026.06.30 09:35:00,2026.06.30 11:15:00,100,2026.06.30 10:29:57,true,true,false,DISTINCT_TIMESTAMPED_REARM_EVENT,D032_ACCEPTED_DISTINCT_TRADE,DISTINCT_SETUP_SUPPRESSION
MSZZC1|6:XAUUSD|1:5|2:-1|1:4|18:ASIA_HIGH|20260630,ASIA_HIGH|20260630,SSRP|ASIA_HIGH|20260630|1782811800|FINAL,SSRP|ASIA_HIGH|20260630|1782818100|FINAL,2026.06.30 09:35:00,2026.06.30 11:20:00,105,2026.06.30 10:29:57,true,false,false,DISTINCT_TIMESTAMPED_REARM_EVENT,D032_REJECTED_BY_SAME_FAMILY_STACKING,DISTINCT_SETUP_SUPPRESSION
MSZZC1|6:XAUUSD|1:5|2:-1|1:4|18:ASIA_HIGH|20260630,ASIA_HIGH|20260630,SSRP|ASIA_HIGH|20260630|1782811800|FINAL,SSRP|ASIA_HIGH|20260630|1782818700|FINAL,2026.06.30 09:35:00,2026.06.30 11:35:00,120,2026.06.30 10:29:57,true,false,false,DISTINCT_TIMESTAMPED_REARM_EVENT,D032_REJECTED_BY_SAME_FAMILY_STACKING,DISTINCT_SETUP_SUPPRESSION
MSZZC1|6:XAUUSD|1:5|2:-1|1:4|18:ASIA_HIGH|20260630,ASIA_HIGH|20260630,SSRP|ASIA_HIGH|20260630|1782811800|FINAL,SSRP|ASIA_HIGH|20260630|1782819300|FINAL,2026.06.30 09:35:00,2026.06.30 11:40:00,125,2026.06.30 10:29:57,true,false,false,DISTINCT_TIMESTAMPED_REARM_EVENT,D032_REJECTED_BY_SAME_FAMILY_STACKING,DISTINCT_SETUP_SUPPRESSION
MSZZC1|6:XAUUSD|1:5|2:-1|1:4|18:ASIA_HIGH|20260630,ASIA_HIGH|20260630,SSRP|ASIA_HIGH|20260630|1782811800|FINAL,SSRP|ASIA_HIGH|20260630|1782832500|FINAL,2026.06.30 09:35:00,2026.06.30 15:20:00,345,2026.06.30 10:29:57,true,false,false,DISTINCT_TIMESTAMPED_REARM_EVENT,D032_REJECTED_BY_SAME_FAMILY_STACKING,DISTINCT_SETUP_SUPPRESSION
MSZZC1|6:XAUUSD|1:5|2:-1|1:4|18:ASIA_HIGH|20260630,ASIA_HIGH|20260630,SSRP|ASIA_HIGH|20260630|1782811800|FINAL,SSRP|ASIA_HIGH|20260630|1782832800|FINAL,2026.06.30 09:35:00,2026.06.30 15:25:00,350,2026.06.30 10:29:57,true,false,false,DISTINCT_TIMESTAMPED_REARM_EVENT,D032_REJECTED_BY_SAME_FAMILY_STACKING,DISTINCT_SETUP_SUPPRESSION
MSZZC1|6:XAUUSD|1:5|2:-1|1:4|18:ASIA_HIGH|20260630,ASIA_HIGH|20260630,SSRP|ASIA_HIGH|20260630|1782811800|FINAL,SSRP|ASIA_HIGH|20260630|1782836100|FINAL,2026.06.30 09:35:00,2026.06.30 16:20:00,405,2026.06.30 10:29:57,true,false,false,DISTINCT_TIMESTAMPED_REARM_EVENT,D032_REJECTED_BY_SAME_FAMILY_STACKING,DISTINCT_SETUP_SUPPRESSION
MSZZC1|6:XAUUSD|1:5|2:-1|1:4|18:ASIA_HIGH|20260630,ASIA_HIGH|20260630,SSRP|ASIA_HIGH|20260630|1782811800|FINAL,SSRP|ASIA_HIGH|20260630|1782836400|FINAL,2026.06.30 09:35:00,2026.06.30 16:30:00,415,2026.06.30 10:29:57,true,false,false,DISTINCT_TIMESTAMPED_REARM_EVENT,D032_REJECTED_BY_SAME_FAMILY_STACKING,DISTINCT_SETUP_SUPPRESSION
MSZZC1|6:XAUUSD|1:5|2:-1|1:4|18:ASIA_HIGH|20260630,ASIA_HIGH|20260630,SSRP|ASIA_HIGH|20260630|1782811800|FINAL,SSRP|ASIA_HIGH|20260630|1782837000|FINAL,2026.06.30 09:35:00,2026.06.30 16:35:00,420,2026.06.30 10:29:57,true,false,false,DISTINCT_TIMESTAMPED_REARM_EVENT,D032_REJECTED_BY_SAME_FAMILY_STACKING,DISTINCT_SETUP_SUPPRESSION
MSZZC1|6:XAUUSD|1:5|2:-1|1:4|18:ASIA_HIGH|20260630,ASIA_HIGH|20260630,SSRP|ASIA_HIGH|20260630|1782811800|FINAL,SSRP|ASIA_HIGH|20260630|1782849600|FINAL,2026.06.30 09:35:00,2026.06.30 20:05:00,630,2026.06.30 10:29:57,true,true,false,DISTINCT_TIMESTAMPED_REARM_EVENT,D032_ACCEPTED_DISTINCT_TRADE,DISTINCT_SETUP_SUPPRESSION
MSZZC1|6:XAUUSD|1:5|2:-1|1:4|18:ASIA_HIGH|20260630,ASIA_HIGH|20260630,SSRP|ASIA_HIGH|20260630|1782811800|FINAL,SSRP|ASIA_HIGH|20260630|1782857700|FINAL,2026.06.30 09:35:00,2026.06.30 22:20:00,765,2026.06.30 10:29:57,true,true,false,DISTINCT_TIMESTAMPED_REARM_EVENT,D032_ACCEPTED_DISTINCT_TRADE,DISTINCT_SETUP_SUPPRESSION
MSZZC1|6:XAUUSD|1:5|2:-1|1:4|18:ASIA_HIGH|20260630,ASIA_HIGH|20260630,SSRP|ASIA_HIGH|20260630|1782811800|FINAL,SSRP|ASIA_HIGH|20260630|1782858000|FINAL,2026.06.30 09:35:00,2026.06.30 22:25:00,770,2026.06.30 10:29:57,true,false,false,DISTINCT_TIMESTAMPED_REARM_EVENT,D032_REJECTED_BY_SAME_FAMILY_STACKING,DISTINCT_SETUP_SUPPRESSION
MSZZC1|6:XAUUSD|1:5|2:-1|1:4|18:ASIA_HIGH|20260630,ASIA_HIGH|20260630,SSRP|ASIA_HIGH|20260630|1782811800|FINAL,SSRP|ASIA_HIGH|20260630|1782858600|FINAL,2026.06.30 09:35:00,2026.06.30 22:35:00,780,2026.06.30 10:29:57,true,false,false,DISTINCT_TIMESTAMPED_REARM_EVENT,D032_REJECTED_BY_SAME_FAMILY_STACKING,DISTINCT_SETUP_SUPPRESSION
MSZZC1|6:XAUUSD|1:5|1:1|1:4|17:ASIA_LOW|20260701,ASIA_LOW|20260701,SSRP|ASIA_LOW|20260701|1782898500|FINAL,SSRP|ASIA_LOW|20260701|1782898800|FINAL,2026.07.01 09:40:00,2026.07.01 09:50:00,10,2026.07.01 10:09:58,false,false,false,DISTINCT_TIMESTAMPED_REARM_EVENT,D032_REJECTED_BY_SAME_FAMILY_STACKING,DISTINCT_SETUP_SUPPRESSION
MSZZC1|6:XAUUSD|1:5|1:1|1:4|17:ASIA_LOW|20260701,ASIA_LOW|20260701,SSRP|ASIA_LOW|20260701|1782898500|FINAL,SSRP|ASIA_LOW|20260701|1782899400|FINAL,2026.07.01 09:40:00,2026.07.01 09:55:00,15,2026.07.01 10:09:58,false,false,false,DISTINCT_TIMESTAMPED_REARM_EVENT,D032_REJECTED_BY_SAME_FAMILY_STACKING,DISTINCT_SETUP_SUPPRESSION
MSZZC1|6:XAUUSD|1:5|1:1|1:4|17:ASIA_LOW|20260701,ASIA_LOW|20260701,SSRP|ASIA_LOW|20260701|1782898500|FINAL,SSRP|ASIA_LOW|20260701|1782901800|FINAL,2026.07.01 09:40:00,2026.07.01 10:40:00,60,2026.07.01 10:09:58,true,true,false,DISTINCT_TIMESTAMPED_REARM_EVENT,D032_ACCEPTED_DISTINCT_TRADE,DISTINCT_SETUP_SUPPRESSION
MSZZC1|6:XAUUSD|1:5|1:1|1:4|17:ASIA_LOW|20260701,ASIA_LOW|20260701,SSRP|ASIA_LOW|20260701|1782898500|FINAL,SSRP|ASIA_LOW|20260701|1782902400|FINAL,2026.07.01 09:40:00,2026.07.01 10:45:00,65,2026.07.01 10:09:58,true,false,false,DISTINCT_TIMESTAMPED_REARM_EVENT,D032_REJECTED_BY_SAME_FAMILY_STACKING,DISTINCT_SETUP_SUPPRESSION
MSZZC1|6:XAUUSD|1:5|1:1|1:4|17:ASIA_LOW|20260701,ASIA_LOW|20260701,SSRP|ASIA_LOW|20260701|1782898500|FINAL,SSRP|ASIA_LOW|20260701|1782902700|FINAL,2026.07.01 09:40:00,2026.07.01 10:50:00,70,2026.07.01 10:09:58,true,false,false,DISTINCT_TIMESTAMPED_REARM_EVENT,D032_REJECTED_BY_SAME_FAMILY_STACKING,DISTINCT_SETUP_SUPPRESSION
MSZZC1|6:XAUUSD|1:5|2:-1|1:4|18:ASIA_HIGH|20260702,ASIA_HIGH|20260702,SSRP|ASIA_HIGH|20260702|1782982800|FINAL,SSRP|ASIA_HIGH|20260702|1782984000|FINAL,2026.07.02 09:05:00,2026.07.02 09:35:00,30,2026.07.02 09:24:58,true,true,false,DISTINCT_TIMESTAMPED_REARM_EVENT,D032_ACCEPTED_DISTINCT_TRADE,DISTINCT_SETUP_SUPPRESSION
MSZZC1|6:XAUUSD|1:5|2:-1|1:4|18:ASIA_HIGH|20260702,ASIA_HIGH|20260702,SSRP|ASIA_HIGH|20260702|1782982800|FINAL,SSRP|ASIA_HIGH|20260702|1782984900|FINAL,2026.07.02 09:05:00,2026.07.02 09:40:00,35,2026.07.02 09:24:58,true,false,false,DISTINCT_TIMESTAMPED_REARM_EVENT,D032_REJECTED_BY_SAME_FAMILY_STACKING,DISTINCT_SETUP_SUPPRESSION
MSZZC1|6:XAUUSD|1:5|2:-1|1:4|18:ASIA_HIGH|20260702,ASIA_HIGH|20260702,SSRP|ASIA_HIGH|20260702|1782982800|FINAL,SSRP|ASIA_HIGH|20260702|1782985800|FINAL,2026.07.02 09:05:00,2026.07.02 09:55:00,50,2026.07.02 09:24:58,true,false,false,DISTINCT_TIMESTAMPED_REARM_EVENT,D032_REJECTED_BY_SAME_FAMILY_STACKING,DISTINCT_SETUP_SUPPRESSION
MSZZC1|6:XAUUSD|1:5|2:-1|1:4|18:ASIA_HIGH|20260702,ASIA_HIGH|20260702,SSRP|ASIA_HIGH|20260702|1782982800|FINAL,SSRP|ASIA_HIGH|20260702|1782986100|FINAL,2026.07.02 09:05:00,2026.07.02 10:00:00,55,2026.07.02 09:24:58,true,false,false,DISTINCT_TIMESTAMPED_REARM_EVENT,D032_REJECTED_BY_SAME_FAMILY_STACKING,DISTINCT_SETUP_SUPPRESSION
MSZZC1|6:XAUUSD|1:5|2:-1|1:4|18:ASIA_HIGH|20260702,ASIA_HIGH|20260702,SSRP|ASIA_HIGH|20260702|1782982800|FINAL,SSRP|ASIA_HIGH|20260702|1782988800|FINAL,2026.07.02 09:05:00,2026.07.02 10:45:00,100,2026.07.02 09:24:58,true,false,false,DISTINCT_TIMESTAMPED_REARM_EVENT,D032_REJECTED_BY_SAME_FAMILY_STACKING,DISTINCT_SETUP_SUPPRESSION
MSZZC1|6:XAUUSD|1:5|2:-1|1:4|18:ASIA_HIGH|20260702,ASIA_HIGH|20260702,SSRP|ASIA_HIGH|20260702|1782982800|FINAL,SSRP|ASIA_HIGH|20260702|1782991200|FINAL,2026.07.02 09:05:00,2026.07.02 11:30:00,145,2026.07.02 09:24:58,true,false,false,DISTINCT_TIMESTAMPED_REARM_EVENT,D032_REJECTED_BY_SAME_FAMILY_STACKING,DISTINCT_SETUP_SUPPRESSION
MSZZC1|6:XAUUSD|1:5|2:-1|1:4|18:ASIA_HIGH|20260702,ASIA_HIGH|20260702,SSRP|ASIA_HIGH|20260702|1782982800|FINAL,SSRP|ASIA_HIGH|20260702|1782993000|FINAL,2026.07.02 09:05:00,2026.07.02 12:05:00,180,2026.07.02 09:24:58,true,false,false,DISTINCT_TIMESTAMPED_REARM_EVENT,D032_REJECTED_BY_SAME_FAMILY_STACKING,DISTINCT_SETUP_SUPPRESSION
MSZZC1|6:XAUUSD|1:5|2:-1|1:4|18:ASIA_HIGH|20260702,ASIA_HIGH|20260702,SSRP|ASIA_HIGH|20260702|1782982800|FINAL,SSRP|ASIA_HIGH|20260702|1782993900|FINAL,2026.07.02 09:05:00,2026.07.02 12:10:00,185,2026.07.02 09:24:58,true,false,false,DISTINCT_TIMESTAMPED_REARM_EVENT,D032_REJECTED_BY_SAME_FAMILY_STACKING,DISTINCT_SETUP_SUPPRESSION
MSZZC1|6:XAUUSD|1:5|1:1|1:4|17:ASIA_LOW|20260706,ASIA_LOW|20260706,SSRP|ASIA_LOW|20260706|1783333500|FINAL,SSRP|ASIA_LOW|20260706|1783334100|FINAL,2026.07.06 10:35:00,2026.07.06 10:40:00,5,2026.07.06 11:39:58,false,false,false,DISTINCT_TIMESTAMPED_REARM_EVENT,D032_REJECTED_BY_SAME_FAMILY_STACKING,DISTINCT_SETUP_SUPPRESSION
MSZZC1|6:XAUUSD|1:5|1:1|1:4|17:ASIA_LOW|20260706,ASIA_LOW|20260706,SSRP|ASIA_LOW|20260706|1783333500|FINAL,SSRP|ASIA_LOW|20260706|1783369500|FINAL,2026.07.06 10:35:00,2026.07.06 20:30:00,595,2026.07.06 11:39:58,true,true,false,DISTINCT_TIMESTAMPED_REARM_EVENT,D032_ACCEPTED_DISTINCT_TRADE,DISTINCT_SETUP_SUPPRESSION
MSZZC1|6:XAUUSD|1:5|1:1|1:4|17:ASIA_LOW|20260706,ASIA_LOW|20260706,SSRP|ASIA_LOW|20260706|1783333500|FINAL,SSRP|ASIA_LOW|20260706|1783369800|FINAL,2026.07.06 10:35:00,2026.07.06 20:35:00,600,2026.07.06 11:39:58,true,false,false,DISTINCT_TIMESTAMPED_REARM_EVENT,D032_REJECTED_BY_SAME_FAMILY_STACKING,DISTINCT_SETUP_SUPPRESSION
MSZZC1|6:XAUUSD|1:5|1:1|1:4|17:ASIA_LOW|20260706,ASIA_LOW|20260706,SSRP|ASIA_LOW|20260706|1783333500|FINAL,SSRP|ASIA_LOW|20260706|1783370100|FINAL,2026.07.06 10:35:00,2026.07.06 20:45:00,610,2026.07.06 11:39:58,true,false,false,DISTINCT_TIMESTAMPED_REARM_EVENT,D032_REJECTED_BY_SAME_FAMILY_STACKING,DISTINCT_SETUP_SUPPRESSION
MSZZC1|6:XAUUSD|1:5|1:1|1:4|17:ASIA_LOW|20260706,ASIA_LOW|20260706,SSRP|ASIA_LOW|20260706|1783333500|FINAL,SSRP|ASIA_LOW|20260706|1783370700|FINAL,2026.07.06 10:35:00,2026.07.06 20:50:00,615,2026.07.06 11:39:58,true,false,false,DISTINCT_TIMESTAMPED_REARM_EVENT,D032_REJECTED_BY_SAME_FAMILY_STACKING,DISTINCT_SETUP_SUPPRESSION
MSZZC1|6:XAUUSD|1:5|1:1|1:4|17:ASIA_LOW|20260706,ASIA_LOW|20260706,SSRP|ASIA_LOW|20260706|1783333500|FINAL,SSRP|ASIA_LOW|20260706|1783371600|FINAL,2026.07.06 10:35:00,2026.07.06 21:10:00,635,2026.07.06 11:39:58,true,false,false,DISTINCT_TIMESTAMPED_REARM_EVENT,D032_REJECTED_BY_SAME_FAMILY_STACKING,DISTINCT_SETUP_SUPPRESSION
MSZZC1|6:XAUUSD|1:5|1:1|1:4|17:ASIA_LOW|20260706,ASIA_LOW|20260706,SSRP|ASIA_LOW|20260706|1783333500|FINAL,SSRP|ASIA_LOW|20260706|1783372200|FINAL,2026.07.06 10:35:00,2026.07.06 21:15:00,640,2026.07.06 11:39:58,true,false,false,DISTINCT_TIMESTAMPED_REARM_EVENT,D032_REJECTED_BY_SAME_FAMILY_STACKING,DISTINCT_SETUP_SUPPRESSION
MSZZC1|6:XAUUSD|1:5|1:1|1:4|17:ASIA_LOW|20260707,ASIA_LOW|20260707,SSRP|ASIA_LOW|20260707|1783411200|FINAL,SSRP|ASIA_LOW|20260707|1783412100|FINAL,2026.07.07 08:05:00,2026.07.07 08:20:00,15,2026.07.07 08:14:58,true,true,false,DISTINCT_TIMESTAMPED_REARM_EVENT,D032_ACCEPTED_DISTINCT_TRADE,DISTINCT_SETUP_SUPPRESSION
MSZZC1|6:XAUUSD|1:5|1:1|1:4|17:ASIA_LOW|20260707,ASIA_LOW|20260707,SSRP|ASIA_LOW|20260707|1783411200|FINAL,SSRP|ASIA_LOW|20260707|1783412400|FINAL,2026.07.07 08:05:00,2026.07.07 08:25:00,20,2026.07.07 08:14:58,true,false,false,DISTINCT_TIMESTAMPED_REARM_EVENT,D032_REJECTED_BY_SAME_FAMILY_STACKING,DISTINCT_SETUP_SUPPRESSION
MSZZC1|6:XAUUSD|1:5|1:1|1:4|17:ASIA_LOW|20260707,ASIA_LOW|20260707,SSRP|ASIA_LOW|20260707|1783411200|FINAL,SSRP|ASIA_LOW|20260707|1783413900|FINAL,2026.07.07 08:05:00,2026.07.07 08:50:00,45,2026.07.07 08:14:58,true,true,false,DISTINCT_TIMESTAMPED_REARM_EVENT,D032_ACCEPTED_DISTINCT_TRADE,DISTINCT_SETUP_SUPPRESSION
MSZZC1|6:XAUUSD|1:5|1:1|1:4|17:ASIA_LOW|20260707,ASIA_LOW|20260707,SSRP|ASIA_LOW|20260707|1783411200|FINAL,SSRP|ASIA_LOW|20260707|1783414200|FINAL,2026.07.07 08:05:00,2026.07.07 09:00:00,55,2026.07.07 08:14:58,true,false,false,DISTINCT_TIMESTAMPED_REARM_EVENT,D032_REJECTED_BY_SAME_FAMILY_STACKING,DISTINCT_SETUP_SUPPRESSION
MSZZC1|6:XAUUSD|1:5|1:1|1:4|17:ASIA_LOW|20260707,ASIA_LOW|20260707,SSRP|ASIA_LOW|20260707|1783411200|FINAL,SSRP|ASIA_LOW|20260707|1783414800|FINAL,2026.07.07 08:05:00,2026.07.07 09:20:00,75,2026.07.07 08:14:58,true,false,false,DISTINCT_TIMESTAMPED_REARM_EVENT,D032_REJECTED_BY_SAME_FAMILY_STACKING,DISTINCT_SETUP_SUPPRESSION
MSZZC1|6:XAUUSD|1:5|1:1|1:4|17:ASIA_LOW|20260707,ASIA_LOW|20260707,SSRP|ASIA_LOW|20260707|1783411200|FINAL,SSRP|ASIA_LOW|20260707|1783425000|FINAL,2026.07.07 08:05:00,2026.07.07 11:55:00,230,2026.07.07 08:14:58,true,true,false,DISTINCT_TIMESTAMPED_REARM_EVENT,D032_ACCEPTED_DISTINCT_TRADE,DISTINCT_SETUP_SUPPRESSION
MSZZC1|6:XAUUSD|1:5|1:1|1:4|17:ASIA_LOW|20260707,ASIA_LOW|20260707,SSRP|ASIA_LOW|20260707|1783411200|FINAL,SSRP|ASIA_LOW|20260707|1783425300|FINAL,2026.07.07 08:05:00,2026.07.07 12:00:00,235,2026.07.07 08:14:58,true,false,false,DISTINCT_TIMESTAMPED_REARM_EVENT,D032_REJECTED_BY_SAME_FAMILY_STACKING,DISTINCT_SETUP_SUPPRESSION
MSZZC1|6:XAUUSD|1:5|1:1|1:4|17:ASIA_LOW|20260707,ASIA_LOW|20260707,SSRP|ASIA_LOW|20260707|1783411200|FINAL,SSRP|ASIA_LOW|20260707|1783427100|FINAL,2026.07.07 08:05:00,2026.07.07 12:30:00,265,2026.07.07 08:14:58,true,true,false,DISTINCT_TIMESTAMPED_REARM_EVENT,D032_ACCEPTED_DISTINCT_TRADE,DISTINCT_SETUP_SUPPRESSION
MSZZC1|6:XAUUSD|1:5|1:1|1:4|17:ASIA_LOW|20260707,ASIA_LOW|20260707,SSRP|ASIA_LOW|20260707|1783411200|FINAL,SSRP|ASIA_LOW|20260707|1783427400|FINAL,2026.07.07 08:05:00,2026.07.07 12:35:00,270,2026.07.07 08:14:58,true,false,false,DISTINCT_TIMESTAMPED_REARM_EVENT,D032_REJECTED_BY_SAME_FAMILY_STACKING,DISTINCT_SETUP_SUPPRESSION
MSZZC1|6:XAUUSD|1:5|2:-1|1:4|18:ASIA_HIGH|20260707,ASIA_HIGH|20260707,SSRP|ASIA_HIGH|20260707|1783437000|FINAL,SSRP|ASIA_HIGH|20260707|1783437600|FINAL,2026.07.07 15:20:00,2026.07.07 15:25:00,5,2026.07.07 16:04:57,false,false,false,DISTINCT_TIMESTAMPED_REARM_EVENT,D032_REJECTED_BY_SAME_FAMILY_STACKING,DISTINCT_SETUP_SUPPRESSION
MSZZC1|6:XAUUSD|1:5|2:-1|1:4|18:ASIA_HIGH|20260707,ASIA_HIGH|20260707,SSRP|ASIA_HIGH|20260707|1783437000|FINAL,SSRP|ASIA_HIGH|20260707|1783437900|FINAL,2026.07.07 15:20:00,2026.07.07 15:30:00,10,2026.07.07 16:04:57,false,false,false,DISTINCT_TIMESTAMPED_REARM_EVENT,D032_REJECTED_BY_SAME_FAMILY_STACKING,DISTINCT_SETUP_SUPPRESSION
MSZZC1|6:XAUUSD|1:5|2:-1|1:4|18:ASIA_HIGH|20260707,ASIA_HIGH|20260707,SSRP|ASIA_HIGH|20260707|1783437000|FINAL,SSRP|ASIA_HIGH|20260707|1783439700|FINAL,2026.07.07 15:20:00,2026.07.07 16:00:00,40,2026.07.07 16:04:57,false,true,false,DISTINCT_TIMESTAMPED_REARM_EVENT,D032_ACCEPTED_DISTINCT_TRADE,DISTINCT_SETUP_SUPPRESSION
MSZZC1|6:XAUUSD|1:5|2:-1|1:4|18:ASIA_HIGH|20260707,ASIA_HIGH|20260707,SSRP|ASIA_HIGH|20260707|1783437000|FINAL,SSRP|ASIA_HIGH|20260707|1783440000|FINAL,2026.07.07 15:20:00,2026.07.07 16:05:00,45,2026.07.07 16:04:57,true,false,false,DISTINCT_TIMESTAMPED_REARM_EVENT,D032_REJECTED_BY_SAME_FAMILY_STACKING,DISTINCT_SETUP_SUPPRESSION
MSZZC1|6:XAUUSD|1:5|2:-1|1:4|18:ASIA_HIGH|20260707,ASIA_HIGH|20260707,SSRP|ASIA_HIGH|20260707|1783437000|FINAL,SSRP|ASIA_HIGH|20260707|1783440600|FINAL,2026.07.07 15:20:00,2026.07.07 16:20:00,60,2026.07.07 16:04:57,true,false,false,DISTINCT_TIMESTAMPED_REARM_EVENT,D032_REJECTED_BY_SAME_FAMILY_STACKING,DISTINCT_SETUP_SUPPRESSION
MSZZC1|6:XAUUSD|1:5|2:-1|1:4|18:ASIA_HIGH|20260707,ASIA_HIGH|20260707,SSRP|ASIA_HIGH|20260707|1783437000|FINAL,SSRP|ASIA_HIGH|20260707|1783441200|FINAL,2026.07.07 15:20:00,2026.07.07 16:25:00,65,2026.07.07 16:04:57,true,false,false,DISTINCT_TIMESTAMPED_REARM_EVENT,D032_REJECTED_BY_SAME_FAMILY_STACKING,DISTINCT_SETUP_SUPPRESSION
MSZZC1|6:XAUUSD|1:5|2:-1|1:4|18:ASIA_HIGH|20260707,ASIA_HIGH|20260707,SSRP|ASIA_HIGH|20260707|1783437000|FINAL,SSRP|ASIA_HIGH|20260707|1783442700|FINAL,2026.07.07 15:20:00,2026.07.07 16:50:00,90,2026.07.07 16:04:57,true,true,false,DISTINCT_TIMESTAMPED_REARM_EVENT,D032_ACCEPTED_DISTINCT_TRADE,DISTINCT_SETUP_SUPPRESSION
MSZZC1|6:XAUUSD|1:5|2:-1|1:4|18:ASIA_HIGH|20260707,ASIA_HIGH|20260707,SSRP|ASIA_HIGH|20260707|1783437000|FINAL,SSRP|ASIA_HIGH|20260707|1783443000|FINAL,2026.07.07 15:20:00,2026.07.07 16:55:00,95,2026.07.07 16:04:57,true,false,false,DISTINCT_TIMESTAMPED_REARM_EVENT,D032_REJECTED_BY_SAME_FAMILY_STACKING,DISTINCT_SETUP_SUPPRESSION
MSZZC1|6:XAUUSD|1:5|2:-1|1:4|18:ASIA_HIGH|20260708,ASIA_HIGH|20260708,SSRP|ASIA_HIGH|20260708|1783497900|FINAL,SSRP|ASIA_HIGH|20260708|1783502100|FINAL,2026.07.08 08:10:00,2026.07.08 09:25:00,75,2026.07.08 11:19:58,false,false,false,DISTINCT_TIMESTAMPED_REARM_EVENT,D032_REJECTED_BY_SAME_FAMILY_STACKING,DISTINCT_SETUP_SUPPRESSION
MSZZC1|6:XAUUSD|1:5|2:-1|1:4|18:ASIA_HIGH|20260708,ASIA_HIGH|20260708,SSRP|ASIA_HIGH|20260708|1783497900|FINAL,SSRP|ASIA_HIGH|20260708|1783502700|FINAL,2026.07.08 08:10:00,2026.07.08 09:30:00,80,2026.07.08 11:19:58,false,false,false,DISTINCT_TIMESTAMPED_REARM_EVENT,D032_REJECTED_BY_SAME_FAMILY_STACKING,DISTINCT_SETUP_SUPPRESSION
MSZZC1|6:XAUUSD|1:5|1:1|1:4|17:ASIA_LOW|20260710,ASIA_LOW|20260710,SSRP|ASIA_LOW|20260710|1783680300|FINAL,SSRP|ASIA_LOW|20260710|1783689300|FINAL,2026.07.10 10:55:00,2026.07.10 13:20:00,145,2026.07.10 11:04:58,true,true,false,DISTINCT_TIMESTAMPED_REARM_EVENT,D032_ACCEPTED_DISTINCT_TRADE,DISTINCT_SETUP_SUPPRESSION
MSZZC1|6:XAUUSD|1:5|1:1|1:4|17:ASIA_LOW|20260710,ASIA_LOW|20260710,SSRP|ASIA_LOW|20260710|1783680300|FINAL,SSRP|ASIA_LOW|20260710|1783689600|FINAL,2026.07.10 10:55:00,2026.07.10 13:25:00,150,2026.07.10 11:04:58,true,false,false,DISTINCT_TIMESTAMPED_REARM_EVENT,D032_REJECTED_BY_SAME_FAMILY_STACKING,DISTINCT_SETUP_SUPPRESSION
MSZZC1|6:XAUUSD|1:5|1:1|1:4|17:ASIA_LOW|20260710,ASIA_LOW|20260710,SSRP|ASIA_LOW|20260710|1783680300|FINAL,SSRP|ASIA_LOW|20260710|1783690200|FINAL,2026.07.10 10:55:00,2026.07.10 13:40:00,165,2026.07.10 11:04:58,true,false,false,DISTINCT_TIMESTAMPED_REARM_EVENT,D032_REJECTED_BY_SAME_FAMILY_STACKING,DISTINCT_SETUP_SUPPRESSION
MSZZC1|6:XAUUSD|1:5|1:1|1:4|17:ASIA_LOW|20260710,ASIA_LOW|20260710,SSRP|ASIA_LOW|20260710|1783680300|FINAL,SSRP|ASIA_LOW|20260710|1783695900|FINAL,2026.07.10 10:55:00,2026.07.10 15:10:00,255,2026.07.10 11:04:58,true,true,false,DISTINCT_TIMESTAMPED_REARM_EVENT,D032_ACCEPTED_DISTINCT_TRADE,DISTINCT_SETUP_SUPPRESSION
MSZZC1|6:XAUUSD|1:5|1:1|1:4|17:ASIA_LOW|20260710,ASIA_LOW|20260710,SSRP|ASIA_LOW|20260710|1783680300|FINAL,SSRP|ASIA_LOW|20260710|1783696200|FINAL,2026.07.10 10:55:00,2026.07.10 15:15:00,260,2026.07.10 11:04:58,true,false,false,DISTINCT_TIMESTAMPED_REARM_EVENT,D032_REJECTED_BY_SAME_FAMILY_STACKING,DISTINCT_SETUP_SUPPRESSION
MSZZC1|6:XAUUSD|1:5|1:1|1:4|17:ASIA_LOW|20260710,ASIA_LOW|20260710,SSRP|ASIA_LOW|20260710|1783680300|FINAL,SSRP|ASIA_LOW|20260710|1783708200|FINAL,2026.07.10 10:55:00,2026.07.10 18:45:00,470,2026.07.10 11:04:58,true,true,false,DISTINCT_TIMESTAMPED_REARM_EVENT,D032_ACCEPTED_DISTINCT_TRADE,DISTINCT_SETUP_SUPPRESSION
MSZZC1|6:XAUUSD|1:5|1:1|1:4|17:ASIA_LOW|20260710,ASIA_LOW|20260710,SSRP|ASIA_LOW|20260710|1783680300|FINAL,SSRP|ASIA_LOW|20260710|1783709100|FINAL,2026.07.10 10:55:00,2026.07.10 18:50:00,475,2026.07.10 11:04:58,true,false,false,DISTINCT_TIMESTAMPED_REARM_EVENT,D032_REJECTED_BY_SAME_FAMILY_STACKING,DISTINCT_SETUP_SUPPRESSION
MSZZC1|6:XAUUSD|1:5|1:1|1:4|17:ASIA_LOW|20260710,ASIA_LOW|20260710,SSRP|ASIA_LOW|20260710|1783680300|FINAL,SSRP|ASIA_LOW|20260710|1783711200|FINAL,2026.07.10 10:55:00,2026.07.10 19:25:00,510,2026.07.10 11:04:58,true,false,false,DISTINCT_TIMESTAMPED_REARM_EVENT,D032_REJECTED_BY_SAME_FAMILY_STACKING,DISTINCT_SETUP_SUPPRESSION
MSZZC1|6:XAUUSD|1:5|1:1|1:4|17:ASIA_LOW|20260710,ASIA_LOW|20260710,SSRP|ASIA_LOW|20260710|1783680300|FINAL,SSRP|ASIA_LOW|20260710|1783723800|FINAL,2026.07.10 10:55:00,2026.07.10 23:00:00,725,2026.07.10 11:04:58,true,true,false,DISTINCT_TIMESTAMPED_REARM_EVENT,D032_ACCEPTED_DISTINCT_TRADE,DISTINCT_SETUP_SUPPRESSION
MSZZC1|6:XAUUSD|1:5|1:1|1:4|17:ASIA_LOW|20260713,ASIA_LOW|20260713,SSRP|ASIA_LOW|20260713|1783933200|FINAL,SSRP|ASIA_LOW|20260713|1783933500|FINAL,2026.07.13 09:05:00,2026.07.13 09:10:00,5,2026.07.13 11:14:58,false,false,false,DISTINCT_TIMESTAMPED_REARM_EVENT,D032_REJECTED_BY_SAME_FAMILY_STACKING,DISTINCT_SETUP_SUPPRESSION
MSZZC1|6:XAUUSD|1:5|1:1|1:4|17:ASIA_LOW|20260713,ASIA_LOW|20260713,SSRP|ASIA_LOW|20260713|1783933200|FINAL,SSRP|ASIA_LOW|20260713|1783933800|FINAL,2026.07.13 09:05:00,2026.07.13 09:15:00,10,2026.07.13 11:14:58,false,false,false,DISTINCT_TIMESTAMPED_REARM_EVENT,D032_REJECTED_BY_SAME_FAMILY_STACKING,DISTINCT_SETUP_SUPPRESSION
MSZZC1|6:XAUUSD|1:5|1:1|1:4|17:ASIA_LOW|20260713,ASIA_LOW|20260713,SSRP|ASIA_LOW|20260713|1783933200|FINAL,SSRP|ASIA_LOW|20260713|1783936800|FINAL,2026.07.13 09:05:00,2026.07.13 10:05:00,60,2026.07.13 11:14:58,false,false,false,DISTINCT_TIMESTAMPED_REARM_EVENT,D032_REJECTED_BY_SAME_FAMILY_STACKING,DISTINCT_SETUP_SUPPRESSION
MSZZC1|6:XAUUSD|1:5|1:1|1:4|17:ASIA_LOW|20260713,ASIA_LOW|20260713,SSRP|ASIA_LOW|20260713|1783933200|FINAL,SSRP|ASIA_LOW|20260713|1783950000|FINAL,2026.07.13 09:05:00,2026.07.13 13:45:00,280,2026.07.13 11:14:58,true,true,false,DISTINCT_TIMESTAMPED_REARM_EVENT,D032_ACCEPTED_DISTINCT_TRADE,DISTINCT_SETUP_SUPPRESSION
MSZZC1|6:XAUUSD|1:5|1:1|1:4|17:ASIA_LOW|20260713,ASIA_LOW|20260713,SSRP|ASIA_LOW|20260713|1783933200|FINAL,SSRP|ASIA_LOW|20260713|1783950300|FINAL,2026.07.13 09:05:00,2026.07.13 13:50:00,285,2026.07.13 11:14:58,true,false,false,DISTINCT_TIMESTAMPED_REARM_EVENT,D032_REJECTED_BY_SAME_FAMILY_STACKING,DISTINCT_SETUP_SUPPRESSION
MSZZC1|6:XAUUSD|1:5|2:-1|1:4|18:ASIA_HIGH|20260714,ASIA_HIGH|20260714,SSRP|ASIA_HIGH|20260714|1784016600|FINAL,SSRP|ASIA_HIGH|20260714|1784016900|FINAL,2026.07.14 08:15:00,2026.07.14 08:20:00,5,2026.07.14 08:34:58,false,false,false,DISTINCT_TIMESTAMPED_REARM_EVENT,D032_REJECTED_BY_SAME_FAMILY_STACKING,DISTINCT_SETUP_SUPPRESSION
MSZZC1|6:XAUUSD|1:5|2:-1|1:4|18:ASIA_HIGH|20260714,ASIA_HIGH|20260714,SSRP|ASIA_HIGH|20260714|1784016600|FINAL,SSRP|ASIA_HIGH|20260714|1784020800|FINAL,2026.07.14 08:15:00,2026.07.14 09:25:00,70,2026.07.14 08:34:58,true,true,false,DISTINCT_TIMESTAMPED_REARM_EVENT,D032_ACCEPTED_DISTINCT_TRADE,DISTINCT_SETUP_SUPPRESSION
MSZZC1|6:XAUUSD|1:5|2:-1|1:4|18:ASIA_HIGH|20260714,ASIA_HIGH|20260714,SSRP|ASIA_HIGH|20260714|1784016600|FINAL,SSRP|ASIA_HIGH|20260714|1784026200|FINAL,2026.07.14 08:15:00,2026.07.14 10:55:00,160,2026.07.14 08:34:58,true,true,false,DISTINCT_TIMESTAMPED_REARM_EVENT,D032_ACCEPTED_DISTINCT_TRADE,DISTINCT_SETUP_SUPPRESSION
MSZZC1|6:XAUUSD|1:5|2:-1|1:4|18:ASIA_HIGH|20260714,ASIA_HIGH|20260714,SSRP|ASIA_HIGH|20260714|1784016600|FINAL,SSRP|ASIA_HIGH|20260714|1784026500|FINAL,2026.07.14 08:15:00,2026.07.14 11:00:00,165,2026.07.14 08:34:58,true,false,false,DISTINCT_TIMESTAMPED_REARM_EVENT,D032_REJECTED_BY_SAME_FAMILY_STACKING,DISTINCT_SETUP_SUPPRESSION
MSZZC1|6:XAUUSD|1:5|2:-1|1:4|18:ASIA_HIGH|20260714,ASIA_HIGH|20260714,SSRP|ASIA_HIGH|20260714|1784016600|FINAL,SSRP|ASIA_HIGH|20260714|1784031000|FINAL,2026.07.14 08:15:00,2026.07.14 12:15:00,240,2026.07.14 08:34:58,true,false,false,DISTINCT_TIMESTAMPED_REARM_EVENT,D032_REJECTED_BY_SAME_FAMILY_STACKING,DISTINCT_SETUP_SUPPRESSION
MSZZC1|6:XAUUSD|1:5|2:-1|1:4|18:ASIA_HIGH|20260714,ASIA_HIGH|20260714,SSRP|ASIA_HIGH|20260714|1784016600|FINAL,SSRP|ASIA_HIGH|20260714|1784033400|FINAL,2026.07.14 08:15:00,2026.07.14 12:55:00,280,2026.07.14 08:34:58,true,false,false,DISTINCT_TIMESTAMPED_REARM_EVENT,D032_REJECTED_BY_SAME_FAMILY_STACKING,DISTINCT_SETUP_SUPPRESSION
MSZZC1|6:XAUUSD|1:5|2:-1|1:4|18:ASIA_HIGH|20260714,ASIA_HIGH|20260714,SSRP|ASIA_HIGH|20260714|1784016600|FINAL,SSRP|ASIA_HIGH|20260714|1784038200|FINAL,2026.07.14 08:15:00,2026.07.14 14:15:00,360,2026.07.14 08:34:58,true,false,false,DISTINCT_TIMESTAMPED_REARM_EVENT,D032_REJECTED_BY_SAME_FAMILY_STACKING,DISTINCT_SETUP_SUPPRESSION
MSZZC1|6:XAUUSD|1:5|1:1|1:4|17:ASIA_LOW|20260715,ASIA_LOW|20260715,SSRP|ASIA_LOW|20260715|1784103900|FINAL,SSRP|ASIA_LOW|20260715|1784104500|FINAL,2026.07.15 08:35:00,2026.07.15 08:40:00,5,2026.07.15 09:24:57,false,false,false,DISTINCT_TIMESTAMPED_REARM_EVENT,D032_REJECTED_BY_SAME_FAMILY_STACKING,DISTINCT_SETUP_SUPPRESSION
MSZZC1|6:XAUUSD|1:5|1:1|1:4|17:ASIA_LOW|20260715,ASIA_LOW|20260715,SSRP|ASIA_LOW|20260715|1784103900|FINAL,SSRP|ASIA_LOW|20260715|1784105100|FINAL,2026.07.15 08:35:00,2026.07.15 08:50:00,15,2026.07.15 09:24:57,false,false,false,DISTINCT_TIMESTAMPED_REARM_EVENT,D032_REJECTED_BY_SAME_FAMILY_STACKING,DISTINCT_SETUP_SUPPRESSION
MSZZC1|6:XAUUSD|1:5|1:1|1:4|17:ASIA_LOW|20260715,ASIA_LOW|20260715,SSRP|ASIA_LOW|20260715|1784103900|FINAL,SSRP|ASIA_LOW|20260715|1784106600|FINAL,2026.07.15 08:35:00,2026.07.15 09:35:00,60,2026.07.15 09:24:57,true,true,false,DISTINCT_TIMESTAMPED_REARM_EVENT,D032_ACCEPTED_DISTINCT_TRADE,DISTINCT_SETUP_SUPPRESSION
MSZZC1|6:XAUUSD|1:5|1:1|1:4|17:ASIA_LOW|20260715,ASIA_LOW|20260715,SSRP|ASIA_LOW|20260715|1784103900|FINAL,SSRP|ASIA_LOW|20260715|1784108100|FINAL,2026.07.15 08:35:00,2026.07.15 09:40:00,65,2026.07.15 09:24:57,true,false,false,DISTINCT_TIMESTAMPED_REARM_EVENT,D032_REJECTED_BY_SAME_FAMILY_STACKING,DISTINCT_SETUP_SUPPRESSION
MSZZC1|6:XAUUSD|1:5|1:1|1:4|17:ASIA_LOW|20260715,ASIA_LOW|20260715,SSRP|ASIA_LOW|20260715|1784103900|FINAL,SSRP|ASIA_LOW|20260715|1784114400|FINAL,2026.07.15 08:35:00,2026.07.15 11:40:00,185,2026.07.15 09:24:57,true,true,false,DISTINCT_TIMESTAMPED_REARM_EVENT,D032_ACCEPTED_DISTINCT_TRADE,DISTINCT_SETUP_SUPPRESSION
MSZZC1|6:XAUUSD|1:5|1:1|1:4|17:ASIA_LOW|20260715,ASIA_LOW|20260715,SSRP|ASIA_LOW|20260715|1784103900|FINAL,SSRP|ASIA_LOW|20260715|1784115600|FINAL,2026.07.15 08:35:00,2026.07.15 11:45:00,190,2026.07.15 09:24:57,true,false,false,DISTINCT_TIMESTAMPED_REARM_EVENT,D032_REJECTED_BY_SAME_FAMILY_STACKING,DISTINCT_SETUP_SUPPRESSION
MSZZC1|6:XAUUSD|1:5|1:1|1:4|17:ASIA_LOW|20260715,ASIA_LOW|20260715,SSRP|ASIA_LOW|20260715|1784103900|FINAL,SSRP|ASIA_LOW|20260715|1784118900|FINAL,2026.07.15 08:35:00,2026.07.15 12:45:00,250,2026.07.15 09:24:57,true,false,false,DISTINCT_TIMESTAMPED_REARM_EVENT,D032_REJECTED_BY_SAME_FAMILY_STACKING,DISTINCT_SETUP_SUPPRESSION
MSZZC1|6:XAUUSD|1:5|1:1|1:4|17:ASIA_LOW|20260715,ASIA_LOW|20260715,SSRP|ASIA_LOW|20260715|1784103900|FINAL,SSRP|ASIA_LOW|20260715|1784119500|FINAL,2026.07.15 08:35:00,2026.07.15 12:50:00,255,2026.07.15 09:24:57,true,false,false,DISTINCT_TIMESTAMPED_REARM_EVENT,D032_REJECTED_BY_SAME_FAMILY_STACKING,DISTINCT_SETUP_SUPPRESSION
MSZZC1|6:XAUUSD|1:5|1:1|1:4|17:ASIA_LOW|20260715,ASIA_LOW|20260715,SSRP|ASIA_LOW|20260715|1784103900|FINAL,SSRP|ASIA_LOW|20260715|1784119800|FINAL,2026.07.15 08:35:00,2026.07.15 12:55:00,260,2026.07.15 09:24:57,true,false,false,DISTINCT_TIMESTAMPED_REARM_EVENT,D032_REJECTED_BY_SAME_FAMILY_STACKING,DISTINCT_SETUP_SUPPRESSION
MSZZC1|6:XAUUSD|1:5|1:1|1:4|17:ASIA_LOW|20260715,ASIA_LOW|20260715,SSRP|ASIA_LOW|20260715|1784103900|FINAL,SSRP|ASIA_LOW|20260715|1784120100|FINAL,2026.07.15 08:35:00,2026.07.15 13:00:00,265,2026.07.15 09:24:57,true,false,false,DISTINCT_TIMESTAMPED_REARM_EVENT,D032_REJECTED_BY_SAME_FAMILY_STACKING,DISTINCT_SETUP_SUPPRESSION
MSZZC1|6:XAUUSD|1:5|1:1|1:4|17:ASIA_LOW|20260715,ASIA_LOW|20260715,SSRP|ASIA_LOW|20260715|1784103900|FINAL,SSRP|ASIA_LOW|20260715|1784121900|FINAL,2026.07.15 08:35:00,2026.07.15 13:30:00,295,2026.07.15 09:24:57,true,false,false,DISTINCT_TIMESTAMPED_REARM_EVENT,D032_REJECTED_BY_SAME_FAMILY_STACKING,DISTINCT_SETUP_SUPPRESSION
MSZZC1|6:XAUUSD|1:5|1:1|1:4|17:ASIA_LOW|20260715,ASIA_LOW|20260715,SSRP|ASIA_LOW|20260715|1784103900|FINAL,SSRP|ASIA_LOW|20260715|1784123100|FINAL,2026.07.15 08:35:00,2026.07.15 13:50:00,315,2026.07.15 09:24:57,true,false,false,DISTINCT_TIMESTAMPED_REARM_EVENT,D032_REJECTED_BY_SAME_FAMILY_STACKING,DISTINCT_SETUP_SUPPRESSION
MSZZC1|6:XAUUSD|1:5|1:1|1:4|17:ASIA_LOW|20260715,ASIA_LOW|20260715,SSRP|ASIA_LOW|20260715|1784103900|FINAL,SSRP|ASIA_LOW|20260715|1784123700|FINAL,2026.07.15 08:35:00,2026.07.15 14:00:00,325,2026.07.15 09:24:57,true,false,false,DISTINCT_TIMESTAMPED_REARM_EVENT,D032_REJECTED_BY_SAME_FAMILY_STACKING,DISTINCT_SETUP_SUPPRESSION
MSZZC1|6:XAUUSD|1:5|2:-1|1:4|18:ASIA_HIGH|20260715,ASIA_HIGH|20260715,SSRP|ASIA_HIGH|20260715|1784131500|FINAL,SSRP|ASIA_HIGH|20260715|1784132100|FINAL,2026.07.15 16:10:00,2026.07.15 16:20:00,10,2026.07.15 19:19:58,false,false,false,DISTINCT_TIMESTAMPED_REARM_EVENT,D032_REJECTED_BY_SAME_FAMILY_STACKING,DISTINCT_SETUP_SUPPRESSION
MSZZC1|6:XAUUSD|1:5|2:-1|1:4|18:ASIA_HIGH|20260715,ASIA_HIGH|20260715,SSRP|ASIA_HIGH|20260715|1784131500|FINAL,SSRP|ASIA_HIGH|20260715|1784132400|FINAL,2026.07.15 16:10:00,2026.07.15 16:25:00,15,2026.07.15 19:19:58,false,false,false,DISTINCT_TIMESTAMPED_REARM_EVENT,D032_REJECTED_BY_SAME_FAMILY_STACKING,DISTINCT_SETUP_SUPPRESSION
MSZZC1|6:XAUUSD|1:5|2:-1|1:4|18:ASIA_HIGH|20260715,ASIA_HIGH|20260715,SSRP|ASIA_HIGH|20260715|1784131500|FINAL,SSRP|ASIA_HIGH|20260715|1784134500|FINAL,2026.07.15 16:10:00,2026.07.15 17:20:00,70,2026.07.15 19:19:58,false,false,false,DISTINCT_TIMESTAMPED_REARM_EVENT,D032_REJECTED_BY_SAME_FAMILY_STACKING,DISTINCT_SETUP_SUPPRESSION
MSZZC1|6:XAUUSD|1:5|2:-1|1:4|18:ASIA_HIGH|20260715,ASIA_HIGH|20260715,SSRP|ASIA_HIGH|20260715|1784131500|FINAL,SSRP|ASIA_HIGH|20260715|1784136600|FINAL,2026.07.15 16:10:00,2026.07.15 17:40:00,90,2026.07.15 19:19:58,false,false,false,DISTINCT_TIMESTAMPED_REARM_EVENT,D032_REJECTED_BY_SAME_FAMILY_STACKING,DISTINCT_SETUP_SUPPRESSION
MSZZC1|6:XAUUSD|1:5|1:1|1:4|17:ASIA_LOW|20260715,ASIA_LOW|20260715,SSRP|ASIA_LOW|20260715|1784103900|FINAL,SSRP|ASIA_LOW|20260715|1784144100|FINAL,2026.07.15 08:35:00,2026.07.15 19:40:00,665,2026.07.15 09:24:57,true,true,false,DISTINCT_TIMESTAMPED_REARM_EVENT,D032_ACCEPTED_DISTINCT_TRADE,DISTINCT_SETUP_SUPPRESSION
MSZZC1|6:XAUUSD|1:5|1:1|1:4|17:ASIA_LOW|20260715,ASIA_LOW|20260715,SSRP|ASIA_LOW|20260715|1784103900|FINAL,SSRP|ASIA_LOW|20260715|1784144400|FINAL,2026.07.15 08:35:00,2026.07.15 19:45:00,670,2026.07.15 09:24:57,true,true,false,DISTINCT_TIMESTAMPED_REARM_EVENT,D032_ACCEPTED_DISTINCT_TRADE,DISTINCT_SETUP_SUPPRESSION
MSZZC1|6:XAUUSD|1:5|2:-1|1:4|18:ASIA_HIGH|20260715,ASIA_HIGH|20260715,SSRP|ASIA_HIGH|20260715|1784131500|FINAL,SSRP|ASIA_HIGH|20260715|1784151900|FINAL,2026.07.15 16:10:00,2026.07.15 21:55:00,345,2026.07.15 19:19:58,true,true,false,DISTINCT_TIMESTAMPED_REARM_EVENT,D032_ACCEPTED_DISTINCT_TRADE,DISTINCT_SETUP_SUPPRESSION
MSZZC1|6:XAUUSD|1:5|2:-1|1:4|18:ASIA_HIGH|20260715,ASIA_HIGH|20260715,SSRP|ASIA_HIGH|20260715|1784131500|FINAL,SSRP|ASIA_HIGH|20260715|1784152500|FINAL,2026.07.15 16:10:00,2026.07.15 22:00:00,350,2026.07.15 19:19:58,true,false,false,DISTINCT_TIMESTAMPED_REARM_EVENT,D032_REJECTED_BY_SAME_FAMILY_STACKING,DISTINCT_SETUP_SUPPRESSION
MSZZC1|6:XAUUSD|1:5|2:-1|1:4|18:ASIA_HIGH|20260715,ASIA_HIGH|20260715,SSRP|ASIA_HIGH|20260715|1784131500|FINAL,SSRP|ASIA_HIGH|20260715|1784158500|FINAL,2026.07.15 16:10:00,2026.07.15 23:40:00,450,2026.07.15 19:19:58,true,false,false,DISTINCT_TIMESTAMPED_REARM_EVENT,D032_REJECTED_BY_SAME_FAMILY_STACKING,DISTINCT_SETUP_SUPPRESSION
MSZZC1|6:XAUUSD|1:5|2:-1|1:4|18:ASIA_HIGH|20260715,ASIA_HIGH|20260715,SSRP|ASIA_HIGH|20260715|1784131500|FINAL,SSRP|ASIA_HIGH|20260715|1784158800|FINAL,2026.07.15 16:10:00,2026.07.15 23:45:00,455,2026.07.15 19:19:58,true,false,false,DISTINCT_TIMESTAMPED_REARM_EVENT,D032_REJECTED_BY_SAME_FAMILY_STACKING,DISTINCT_SETUP_SUPPRESSION
MSZZC1|6:XAUUSD|1:5|2:-1|1:4|18:ASIA_HIGH|20260715,ASIA_HIGH|20260715,SSRP|ASIA_HIGH|20260715|1784131500|FINAL,SSRP|ASIA_HIGH|20260715|1784159400|FINAL,2026.07.15 16:10:00,2026.07.15 23:55:00,465,2026.07.15 19:19:58,true,false,false,DISTINCT_TIMESTAMPED_REARM_EVENT,D032_REJECTED_BY_SAME_FAMILY_STACKING,DISTINCT_SETUP_SUPPRESSION
MSZZC1|6:XAUUSD|1:5|1:1|1:4|17:ASIA_LOW|20260716,ASIA_LOW|20260716,SSRP|ASIA_LOW|20260716|1784194500|FINAL,SSRP|ASIA_LOW|20260716|1784197800|FINAL,2026.07.16 09:40:00,2026.07.16 10:35:00,55,2026.07.16 11:49:58,false,false,false,DISTINCT_TIMESTAMPED_REARM_EVENT,D032_REJECTED_BY_SAME_FAMILY_STACKING,DISTINCT_SETUP_SUPPRESSION
MSZZC1|6:XAUUSD|1:5|1:1|1:4|17:ASIA_LOW|20260716,ASIA_LOW|20260716,SSRP|ASIA_LOW|20260716|1784194500|FINAL,SSRP|ASIA_LOW|20260716|1784198100|FINAL,2026.07.16 09:40:00,2026.07.16 10:40:00,60,2026.07.16 11:49:58,false,false,false,DISTINCT_TIMESTAMPED_REARM_EVENT,D032_REJECTED_BY_SAME_FAMILY_STACKING,DISTINCT_SETUP_SUPPRESSION
MSZZC1|6:XAUUSD|1:5|1:1|1:4|17:ASIA_LOW|20260716,ASIA_LOW|20260716,SSRP|ASIA_LOW|20260716|1784194500|FINAL,SSRP|ASIA_LOW|20260716|1784211900|FINAL,2026.07.16 09:40:00,2026.07.16 14:30:00,290,2026.07.16 11:49:58,true,true,false,DISTINCT_TIMESTAMPED_REARM_EVENT,D032_ACCEPTED_DISTINCT_TRADE,DISTINCT_SETUP_SUPPRESSION
MSZZC1|6:XAUUSD|1:5|1:1|1:4|17:ASIA_LOW|20260716,ASIA_LOW|20260716,SSRP|ASIA_LOW|20260716|1784194500|FINAL,SSRP|ASIA_LOW|20260716|1784212200|FINAL,2026.07.16 09:40:00,2026.07.16 14:35:00,295,2026.07.16 11:49:58,true,false,false,DISTINCT_TIMESTAMPED_REARM_EVENT,D032_REJECTED_BY_SAME_FAMILY_STACKING,DISTINCT_SETUP_SUPPRESSION
MSZZC1|6:XAUUSD|1:5|1:1|1:4|17:ASIA_LOW|20260716,ASIA_LOW|20260716,SSRP|ASIA_LOW|20260716|1784194500|FINAL,SSRP|ASIA_LOW|20260716|1784214900|FINAL,2026.07.16 09:40:00,2026.07.16 15:25:00,345,2026.07.16 11:49:58,true,true,false,DISTINCT_TIMESTAMPED_REARM_EVENT,D032_ACCEPTED_DISTINCT_TRADE,DISTINCT_SETUP_SUPPRESSION
MSZZC1|6:XAUUSD|1:5|1:1|1:4|17:ASIA_LOW|20260717,ASIA_LOW|20260717,SSRP|ASIA_LOW|20260717|1784303700|FINAL,SSRP|ASIA_LOW|20260717|1784305800|FINAL,2026.07.17 16:00:00,2026.07.17 16:35:00,35,2026.07.17 18:04:58,false,false,false,DISTINCT_TIMESTAMPED_REARM_EVENT,D032_REJECTED_BY_SAME_FAMILY_STACKING,DISTINCT_SETUP_SUPPRESSION
MSZZC1|6:XAUUSD|1:5|1:1|1:4|17:ASIA_LOW|20260717,ASIA_LOW|20260717,SSRP|ASIA_LOW|20260717|1784303700|FINAL,SSRP|ASIA_LOW|20260717|1784306100|FINAL,2026.07.17 16:00:00,2026.07.17 16:40:00,40,2026.07.17 18:04:58,false,false,false,DISTINCT_TIMESTAMPED_REARM_EVENT,D032_REJECTED_BY_SAME_FAMILY_STACKING,DISTINCT_SETUP_SUPPRESSION
MSZZC1|6:XAUUSD|1:5|2:-1|1:4|18:ASIA_HIGH|20260717,ASIA_HIGH|20260717,SSRP|ASIA_HIGH|20260717|1784311200|FINAL,SSRP|ASIA_HIGH|20260717|1784311500|FINAL,2026.07.17 18:05:00,2026.07.17 18:10:00,5,2026.07.17 18:34:57,false,false,false,DISTINCT_TIMESTAMPED_REARM_EVENT,D032_REJECTED_BY_SAME_FAMILY_STACKING,DISTINCT_SETUP_SUPPRESSION
MSZZC1|6:XAUUSD|1:5|2:-1|1:4|18:ASIA_HIGH|20260717,ASIA_HIGH|20260717,SSRP|ASIA_HIGH|20260717|1784311200|FINAL,SSRP|ASIA_HIGH|20260717|1784311800|FINAL,2026.07.17 18:05:00,2026.07.17 18:15:00,10,2026.07.17 18:34:57,false,false,false,DISTINCT_TIMESTAMPED_REARM_EVENT,D032_REJECTED_BY_SAME_FAMILY_STACKING,DISTINCT_SETUP_SUPPRESSION
MSZZC1|6:XAUUSD|1:5|2:-1|1:4|18:ASIA_HIGH|20260717,ASIA_HIGH|20260717,SSRP|ASIA_HIGH|20260717|1784311200|FINAL,SSRP|ASIA_HIGH|20260717|1784324100|FINAL,2026.07.17 18:05:00,2026.07.17 21:40:00,215,2026.07.17 18:34:57,true,true,false,DISTINCT_TIMESTAMPED_REARM_EVENT,D032_ACCEPTED_DISTINCT_TRADE,DISTINCT_SETUP_SUPPRESSION
MSZZC1|6:XAUUSD|1:5|2:-1|1:4|18:ASIA_HIGH|20260717,ASIA_HIGH|20260717,SSRP|ASIA_HIGH|20260717|1784311200|FINAL,SSRP|ASIA_HIGH|20260717|1784324400|FINAL,2026.07.17 18:05:00,2026.07.17 21:45:00,220,2026.07.17 18:34:57,true,false,false,DISTINCT_TIMESTAMPED_REARM_EVENT,D032_REJECTED_BY_SAME_FAMILY_STACKING,DISTINCT_SETUP_SUPPRESSION
MSZZC1|6:XAUUSD|1:5|2:-1|1:4|18:ASIA_HIGH|20260717,ASIA_HIGH|20260717,SSRP|ASIA_HIGH|20260717|1784311200|FINAL,SSRP|ASIA_HIGH|20260717|1784325300|FINAL,2026.07.17 18:05:00,2026.07.17 22:00:00,235,2026.07.17 18:34:57,true,false,false,DISTINCT_TIMESTAMPED_REARM_EVENT,D032_REJECTED_BY_SAME_FAMILY_STACKING,DISTINCT_SETUP_SUPPRESSION
MSZZC1|6:XAUUSD|1:5|2:-1|1:4|18:ASIA_HIGH|20260717,ASIA_HIGH|20260717,SSRP|ASIA_HIGH|20260717|1784311200|FINAL,SSRP|ASIA_HIGH|20260717|1784325600|FINAL,2026.07.17 18:05:00,2026.07.17 22:05:00,240,2026.07.17 18:34:57,true,false,false,DISTINCT_TIMESTAMPED_REARM_EVENT,D032_REJECTED_BY_SAME_FAMILY_STACKING,DISTINCT_SETUP_SUPPRESSION
MSZZC1|6:XAUUSD|1:5|2:-1|1:4|18:ASIA_HIGH|20260720,ASIA_HIGH|20260720,SSRP|ASIA_HIGH|20260720|1784546400|FINAL,SSRP|ASIA_HIGH|20260720|1784546700|FINAL,2026.07.20 11:25:00,2026.07.20 11:30:00,5,2026.07.20 14:34:58,false,false,false,DISTINCT_TIMESTAMPED_REARM_EVENT,D032_REJECTED_BY_SAME_FAMILY_STACKING,DISTINCT_SETUP_SUPPRESSION
MSZZC1|6:XAUUSD|1:5|2:-1|1:4|18:ASIA_HIGH|20260720,ASIA_HIGH|20260720,SSRP|ASIA_HIGH|20260720|1784546400|FINAL,SSRP|ASIA_HIGH|20260720|1784558400|FINAL,2026.07.20 11:25:00,2026.07.20 14:45:00,200,2026.07.20 14:34:58,true,true,false,DISTINCT_TIMESTAMPED_REARM_EVENT,D032_ACCEPTED_DISTINCT_TRADE,DISTINCT_SETUP_SUPPRESSION
MSZZC1|6:XAUUSD|1:5|2:-1|1:4|18:ASIA_HIGH|20260720,ASIA_HIGH|20260720,SSRP|ASIA_HIGH|20260720|1784546400|FINAL,SSRP|ASIA_HIGH|20260720|1784558700|FINAL,2026.07.20 11:25:00,2026.07.20 14:50:00,205,2026.07.20 14:34:58,true,false,false,DISTINCT_TIMESTAMPED_REARM_EVENT,D032_REJECTED_BY_SAME_FAMILY_STACKING,DISTINCT_SETUP_SUPPRESSION
MSZZC1|6:XAUUSD|1:5|2:-1|1:4|18:ASIA_HIGH|20260721,ASIA_HIGH|20260721,SSRP|ASIA_HIGH|20260721|1784621700|FINAL,SSRP|ASIA_HIGH|20260721|1784650500|FINAL,2026.07.21 08:20:00,2026.07.21 16:25:00,485,2026.07.21 08:29:58,true,true,false,DISTINCT_TIMESTAMPED_REARM_EVENT,D032_ACCEPTED_DISTINCT_TRADE,DISTINCT_SETUP_SUPPRESSION
MSZZC1|6:XAUUSD|1:5|2:-1|1:4|18:ASIA_HIGH|20260721,ASIA_HIGH|20260721,SSRP|ASIA_HIGH|20260721|1784621700|FINAL,SSRP|ASIA_HIGH|20260721|1784651400|FINAL,2026.07.21 08:20:00,2026.07.21 16:40:00,500,2026.07.21 08:29:58,true,false,false,DISTINCT_TIMESTAMPED_REARM_EVENT,D032_REJECTED_BY_SAME_FAMILY_STACKING,DISTINCT_SETUP_SUPPRESSION
MSZZC1|6:XAUUSD|1:5|2:-1|1:4|18:ASIA_HIGH|20260721,ASIA_HIGH|20260721,SSRP|ASIA_HIGH|20260721|1784621700|FINAL,SSRP|ASIA_HIGH|20260721|1784652000|FINAL,2026.07.21 08:20:00,2026.07.21 16:45:00,505,2026.07.21 08:29:58,true,false,false,DISTINCT_TIMESTAMPED_REARM_EVENT,D032_REJECTED_BY_SAME_FAMILY_STACKING,DISTINCT_SETUP_SUPPRESSION
MSZZC1|6:XAUUSD|1:5|2:-1|1:4|18:ASIA_HIGH|20260722,ASIA_HIGH|20260722,SSRP|ASIA_HIGH|20260722|1784752200|FINAL,SSRP|ASIA_HIGH|20260722|1784752500|FINAL,2026.07.22 20:35:00,2026.07.22 20:40:00,5,2026.07.23 01:00:00,false,false,false,DISTINCT_TIMESTAMPED_REARM_EVENT,D032_REJECTED_BY_SAME_FAMILY_STACKING,DISTINCT_SETUP_SUPPRESSION
MSZZC1|6:XAUUSD|1:5|2:-1|1:4|18:ASIA_HIGH|20260722,ASIA_HIGH|20260722,SSRP|ASIA_HIGH|20260722|1784752200|FINAL,SSRP|ASIA_HIGH|20260722|1784753100|FINAL,2026.07.22 20:35:00,2026.07.22 21:00:00,25,2026.07.23 01:00:00,false,false,false,DISTINCT_TIMESTAMPED_REARM_EVENT,D032_REJECTED_BY_SAME_FAMILY_STACKING,DISTINCT_SETUP_SUPPRESSION
MSZZC1|6:XAUUSD|1:5|2:-1|1:4|18:ASIA_HIGH|20260722,ASIA_HIGH|20260722,SSRP|ASIA_HIGH|20260722|1784752200|FINAL,SSRP|ASIA_HIGH|20260722|1784754000|FINAL,2026.07.22 20:35:00,2026.07.22 21:05:00,30,2026.07.23 01:00:00,false,false,false,DISTINCT_TIMESTAMPED_REARM_EVENT,D032_REJECTED_BY_SAME_FAMILY_STACKING,DISTINCT_SETUP_SUPPRESSION
