logical_position_id,position_ticket,entry_deal_count,exit_deal_count,entry_volume,exit_volume,weighted_exit_price,reported_exit_price,reported_r,recomputed_r,volume_match,weighted_exit_match,r_match
MSZZC1|6:XAUUSD|1:5|2:-1|1:4|34:SSRP|ASIA_HIGH|20250303|1741012200,2,1,1,2.21,2.21000000,2874.37000000,2874.37,2.0,2.00000000,true,true,true
MSZZC1|6:XAUUSD|1:5|2:-1|1:4|34:SSRP|ASIA_HIGH|20250303|1741019700,4,1,1,0.38,0.38000000,2883.22000000,2883.22,-1.0,-1.00000000,true,true,true
MSZZC1|6:XAUUSD|1:5|2:-1|1:4|34:SSRP|ASIA_HIGH|20250305|1741161600,6,1,1,2.63,2.63000000,2919.40000000,2919.4,-1.0,-1.00000000,true,true,true
MSZZC1|6:XAUUSD|1:5|2:-1|1:4|34:SSRP|ASIA_HIGH|20250305|1741162500,8,1,1,0.76,0.76000000,2921.77000000,2921.77,-1.0,-1.00000000,true,true,true
MSZZC1|6:XAUUSD|1:5|2:-1|1:4|34:SSRP|ASIA_HIGH|20250305|1741172400,10,1,1,0.52,0.52000000,2908.48000000,2908.48,1.9978858350950912,1.99788584,true,true,true
MSZZC1|6:XAUUSD|1:5|1:1|1:4|33:SSRP|ASIA_LOW|20250305|1741189800,12,1,1,0.21,0.21000000,2928.02000000,2928.02,2.00000000000004,2.00000000,true,true,true
MSZZC1|6:XAUUSD|1:5|2:-1|1:4|34:SSRP|ASIA_HIGH|20250305|1741201800,14,1,1,0.55,0.55000000,2922.62000000,2922.62,-1.0,-1.00000000,true,true,true
MSZZC1|6:XAUUSD|1:5|2:-1|1:4|34:SSRP|ASIA_HIGH|20250305|1741215900,16,1,1,1.05,1.05000000,2920.77000000,2920.77,-1.0,-1.00000000,true,true,true
MSZZC1|6:XAUUSD|1:5|1:1|1:4|33:SSRP|ASIA_LOW|20250306|1741253400,18,1,1,0.66,0.66000000,2911.48000000,2911.48,-1.0,-1.00000000,true,true,true
MSZZC1|6:XAUUSD|1:5|1:1|1:4|33:SSRP|ASIA_LOW|20250306|1741278900,20,1,1,0.4,0.40000000,2909.36000000,2909.36,-1.0,-1.00000000,true,true,true
MSZZC1|6:XAUUSD|1:5|1:1|1:4|33:SSRP|ASIA_LOW|20250306|1741282500,22,1,1,0.35,0.35000000,2908.72000000,2908.72,-1.0,-1.00000000,true,true,true
MSZZC1|6:XAUUSD|1:5|2:-1|1:4|34:SSRP|ASIA_HIGH|20250307|1741336200,24,1,1,1.28,1.28000000,2914.92000000,2914.92,-1.0,-1.00000000,true,true,true
MSZZC1|6:XAUUSD|1:5|2:-1|1:4|34:SSRP|ASIA_HIGH|20250307|1741360200,26,1,1,0.27,0.27000000,2920.61000000,2920.61,-1.0,-1.00000000,true,true,true
MSZZC1|6:XAUUSD|1:5|2:-1|1:4|34:SSRP|ASIA_HIGH|20250307|1741362600,28,1,1,0.19,0.19000000,2922.18000000,2922.18,-1.0,-1.00000000,true,true,true
MSZZC1|6:XAUUSD|1:5|2:-1|1:4|34:SSRP|ASIA_HIGH|20250307|1741368900,30,1,1,0.2,0.20000000,2887.57000000,2887.5699999999997,2.000000000000076,2.00000000,true,true,true
MSZZC1|6:XAUUSD|1:5|2:-1|1:4|34:SSRP|ASIA_HIGH|20250311|1741689000,32,1,1,0.91,0.91000000,2902.14000000,2902.14,-1.0,-1.00000000,true,true,true
MSZZC1|6:XAUUSD|1:5|2:-1|1:4|34:SSRP|ASIA_HIGH|20250311|1741691100,34,1,1,0.67,0.67000000,2903.60000000,2903.6,-1.0,-1.00000000,true,true,true
MSZZC1|6:XAUUSD|1:5|2:-1|1:4|34:SSRP|ASIA_HIGH|20250312|1741773900,36,1,1,0.63,0.63000000,2909.59000000,2909.59,2.00257069408746,2.00257069,true,true,true
MSZZC1|6:XAUUSD|1:5|1:1|1:4|33:SSRP|ASIA_LOW|20250312|1741778100,38,1,1,0.77,0.77000000,2918.50000000,2918.5,2.000000000000141,2.00000000,true,true,true
MSZZC1|6:XAUUSD|1:5|2:-1|1:4|34:SSRP|ASIA_HIGH|20250312|1741784700,40,1,1,0.77,0.77000000,2913.08000000,2913.0800000000004,2.0031055900621797,2.00310559,true,true,true
MSZZC1|6:XAUUSD|1:5|2:-1|1:4|34:SSRP|ASIA_HIGH|20250312|1741797000,42,1,1,0.58,0.58000000,2910.39000000,2910.39,2.0,2.00000000,true,true,true
MSZZC1|6:XAUUSD|1:5|1:1|1:4|33:SSRP|ASIA_LOW|20250312|1741800000,44,1,1,0.42,0.42000000,2923.49000000,2923.49,1.9983050847458799,1.99830508,true,true,true
MSZZC1|6:XAUUSD|1:5|2:-1|1:4|34:SSRP|ASIA_HIGH|20250313|1741872000,46,1,1,1.42,1.42000000,2947.80000000,2947.8,-1.0,-1.00000000,true,true,true
MSZZC1|6:XAUUSD|1:5|2:-1|1:4|34:SSRP|ASIA_HIGH|20250313|1741874400,48,1,1,1.1400000000000001,1.14000000,2948.61000000,2948.61,-1.0,-1.00000000,true,true,true
MSZZC1|6:XAUUSD|1:5|2:-1|1:4|34:SSRP|ASIA_HIGH|20250313|1741880400,50,1,1,1.05,1.05000000,2948.65000000,2948.65,-1.0,-1.00000000,true,true,true
MSZZC1|6:XAUUSD|1:5|2:-1|1:4|34:SSRP|ASIA_HIGH|20250313|1741881600,52,1,1,0.79,0.79000000,2939.77000000,2939.7700000000004,1.9999999999998566,2.00000000,true,true,true
MSZZC1|6:XAUUSD|1:5|2:-1|1:4|34:SSRP|ASIA_HIGH|20250314|1741939200,54,1,1,1.22,1.22000000,2987.81000000,2987.81,2.0,2.00000000,true,true,true
MSZZC1|6:XAUUSD|1:5|1:1|1:4|33:SSRP|ASIA_LOW|20250314|1741951500,56,1,1,0.68,0.68000000,2991.90000000,2991.9,1.9999999999998777,2.00000000,true,true,true
MSZZC1|6:XAUUSD|1:5|2:-1|1:4|34:SSRP|ASIA_HIGH|20250314|1741962600,58,1,1,0.2,0.20000000,3003.36000000,3003.36,-1.0,-1.00000000,true,true,true
MSZZC1|6:XAUUSD|1:5|2:-1|1:4|34:SSRP|ASIA_HIGH|20250318|1742291400,60,1,1,1.19,1.19000000,3018.08000000,3018.08,-1.0,-1.00000000,true,true,true
MSZZC1|6:XAUUSD|1:5|2:-1|1:4|34:SSRP|ASIA_HIGH|20250318|1742292900,62,1,1,0.74,0.74000000,3019.33000000,3019.33,-1.0,-1.00000000,true,true,true
MSZZC1|6:XAUUSD|1:5|2:-1|1:4|34:SSRP|ASIA_HIGH|20250319|1742375100,64,1,1,0.4,0.40000000,3026.01000000,3026.01,2.001592356687788,2.00159236,true,true,true
MSZZC1|6:XAUUSD|1:5|1:1|1:4|33:SSRP|ASIA_LOW|20250319|1742386200,66,1,1,0.92,0.92000000,3033.61000000,3033.61,2.0,2.00000000,true,true,true
MSZZC1|6:XAUUSD|1:5|2:-1|1:4|34:SSRP|ASIA_HIGH|20250319|1742394600,68,1,1,2.66,2.66000000,3039.94000000,3039.94,-1.0,-1.00000000,true,true,true
MSZZC1|6:XAUUSD|1:5|2:-1|1:4|34:SSRP|ASIA_HIGH|20250319|1742394900,70,1,1,2.52,2.52000000,3040.10000000,3040.1,-1.0,-1.00000000,true,true,true
MSZZC1|6:XAUUSD|1:5|2:-1|1:4|34:SSRP|ASIA_HIGH|20250319|1742396100,72,1,1,1.29,1.29000000,3040.14000000,3040.14,-1.0,-1.00000000,true,true,true
MSZZC1|6:XAUUSD|1:5|2:-1|1:4|34:SSRP|ASIA_HIGH|20250319|1742396700,74,1,1,3.38,3.38000000,3037.89000000,3037.89,2.0,2.00000000,true,true,true
MSZZC1|6:XAUUSD|1:5|2:-1|1:4|34:SSRP|ASIA_HIGH|20250319|1742397300,76,1,1,1.24,1.24000000,3039.92000000,3039.92,-1.0,-1.00000000,true,true,true
MSZZC1|6:XAUUSD|1:5|2:-1|1:4|34:SSRP|ASIA_HIGH|20250319|1742398500,78,1,1,0.68,0.68000000,3030.06000000,3030.0600000000004,1.999999999999878,2.00000000,true,true,true
MSZZC1|6:XAUUSD|1:5|1:1|1:4|33:SSRP|ASIA_LOW|20250319|1742404200,80,1,1,0.74,0.74000000,3036.13000000,3036.1300000000006,2.0000000000001323,2.00000000,true,true,true
MSZZC1|6:XAUUSD|1:5|2:-1|1:4|34:SSRP|ASIA_HIGH|20250319|1742418600,82,1,1,0.66,0.66000000,3041.37000000,3041.37,-1.0,-1.00000000,true,true,true
MSZZC1|6:XAUUSD|1:5|1:1|1:4|33:SSRP|ASIA_LOW|20250320|1742466000,84,1,1,0.89,0.89000000,3044.18000000,3044.1800000000003,-0.9999999999998405,-1.00000000,true,true,true
MSZZC1|6:XAUUSD|1:5|1:1|1:4|33:SSRP|ASIA_LOW|20250320|1742472900,86,1,1,1.05,1.05000000,3043.05000000,3043.05,-1.0,-1.00000000,true,true,true
MSZZC1|6:XAUUSD|1:5|1:1|1:4|33:SSRP|ASIA_LOW|20250320|1742508600,88,1,1,1.26,1.26000000,3043.28000000,3043.28,-1.0,-1.00000000,true,true,true
MSZZC1|6:XAUUSD|1:5|1:1|1:4|33:SSRP|ASIA_LOW|20250321|1742547000,90,1,1,0.69,0.69000000,3035.55000000,3035.55,1.99728260869584,1.99728261,true,true,true
MSZZC1|6:XAUUSD|1:5|2:-1|1:4|34:SSRP|ASIA_HIGH|20250324|1742811600,92,1,1,0.64,0.64000000,3029.01000000,3029.01,-1.0,-1.00000000,true,true,true
MSZZC1|6:XAUUSD|1:5|2:-1|1:4|34:SSRP|ASIA_HIGH|20250324|1742819400,94,1,1,0.52,0.52000000,3029.75000000,3029.75,-1.0,-1.00000000,true,true,true
MSZZC1|6:XAUUSD|1:5|2:-1|1:4|34:SSRP|ASIA_HIGH|20250324|1742826000,96,1,1,0.93,0.93000000,3028.05000000,3028.05,-1.0,-1.00000000,true,true,true
MSZZC1|6:XAUUSD|1:5|2:-1|1:4|34:SSRP|ASIA_HIGH|20250324|1742829600,98,1,1,0.57,0.57000000,3015.61000000,3015.61,1.999999999999896,2.00000000,true,true,true
MSZZC1|6:XAUUSD|1:5|1:1|1:4|33:SSRP|ASIA_LOW|20250324|1742841000,100,1,1,0.56,0.56000000,3009.54000000,3009.54,-1.0,-1.00000000,true,true,true
MSZZC1|6:XAUUSD|1:5|1:1|1:4|33:SSRP|ASIA_LOW|20250324|1742859600,102,1,1,1.53,1.53000000,3012.69000000,3012.69,-1.0,-1.00000000,true,true,true
MSZZC1|6:XAUUSD|1:5|2:-1|1:4|34:SSRP|ASIA_HIGH|20250325|1742893200,104,1,1,1.01,1.01000000,3011.23000000,3011.23,2.0,2.00000000,true,true,true
MSZZC1|6:XAUUSD|1:5|2:-1|1:4|34:SSRP|ASIA_HIGH|20250325|1742915400,106,1,1,1.07,1.07000000,3018.79000000,3018.79,-1.0,-1.00000000,true,true,true
MSZZC1|6:XAUUSD|1:5|1:1|1:4|33:SSRP|ASIA_LOW|20250326|1742976300,108,1,1,1.31,1.31000000,3019.01000000,3019.01,2.005181347150608,2.00518135,true,true,true
MSZZC1|6:XAUUSD|1:5|2:-1|1:4|34:SSRP|ASIA_HIGH|20250326|1742983500,110,1,1,2.14,2.14000000,3027.67000000,3027.67,-1.0,-1.00000000,true,true,true
MSZZC1|6:XAUUSD|1:5|2:-1|1:4|34:SSRP|ASIA_HIGH|20250326|1742987700,112,1,1,0.92,0.92000000,3020.87000000,3020.87,1.9999999999998341,2.00000000,true,true,true
MSZZC1|6:XAUUSD|1:5|2:-1|1:4|34:SSRP|ASIA_HIGH|20250326|1743001200,114,1,1,0.95,0.95000000,3028.80000000,3028.8,-1.0,-1.00000000,true,true,true
MSZZC1|6:XAUUSD|1:5|2:-1|1:4|34:SSRP|ASIA_HIGH|20250326|1743004200,116,1,1,0.58,0.58000000,3016.22000000,3016.22,2.000000000000105,2.00000000,true,true,true
MSZZC1|6:XAUUSD|1:5|1:1|1:4|33:SSRP|ASIA_LOW|20250326|1743012000,118,1,1,0.61,0.61000000,3024.73000000,3024.73,1.9975903614457307,1.99759036,true,true,true
MSZZC1|6:XAUUSD|1:5|2:-1|1:4|34:SSRP|ASIA_HIGH|20250327|1743092700,120,1,1,0.41,0.41000000,3043.49000000,3043.49,-1.0,-1.00000000,true,true,true
MSZZC1|6:XAUUSD|1:5|2:-1|1:4|34:SSRP|ASIA_HIGH|20250328|1743150600,122,1,1,2.88,2.88000000,3078.05000000,3078.05,-1.0,-1.00000000,true,true,true
MSZZC1|6:XAUUSD|1:5|2:-1|1:4|34:SSRP|ASIA_HIGH|20250328|1743159600,124,1,1,0.53,0.53000000,3066.90000000,3066.9,2.0,2.00000000,true,true,true
MSZZC1|6:XAUUSD|1:5|2:-1|1:4|34:SSRP|ASIA_HIGH|20250328|1743172500,126,1,1,0.72,0.72000000,3079.93000000,3079.93,-1.0,-1.00000000,true,true,true
MSZZC1|6:XAUUSD|1:5|2:-1|1:4|34:SSRP|ASIA_HIGH|20250328|1743177000,128,1,1,0.35,0.35000000,3082.03000000,3082.0299999999997,-0.999999999999937,-1.00000000,true,true,true
MSZZC1|6:XAUUSD|1:5|2:-1|1:4|34:SSRP|ASIA_HIGH|20250328|1743182400,130,1,1,0.3,0.30000000,3084.51000000,3084.51,-1.0,-1.00000000,true,true,true
MSZZC1|6:XAUUSD|1:5|2:-1|1:4|34:SSRP|ASIA_HIGH|20250328|1743194400,132,1,1,0.55,0.55000000,3081.13000000,3081.13,-1.0,-1.00000000,true,true,true
MSZZC1|6:XAUUSD|1:5|2:-1|1:4|34:SSRP|ASIA_HIGH|20250331|1743413100,134,1,1,0.44,0.44000000,3121.21000000,3121.21,-1.0,-1.00000000,true,true,true
MSZZC1|6:XAUUSD|1:5|2:-1|1:4|34:SSRP|ASIA_HIGH|20250331|1743424200,136,1,1,0.41,0.41000000,3121.44000000,3121.44,-1.0,-1.00000000,true,true,true
MSZZC1|6:XAUUSD|1:5|2:-1|1:4|34:SSRP|ASIA_HIGH|20250331|1743430500,138,1,1,0.43,0.43000000,3119.83000000,3119.8299999999995,-0.9999999999999226,-1.00000000,true,true,true
MSZZC1|6:XAUUSD|1:5|2:-1|1:4|34:SSRP|ASIA_HIGH|20250331|1743438300,140,1,1,0.3,0.30000000,3120.57000000,3120.57,-1.0,-1.00000000,true,true,true
MSZZC1|6:XAUUSD|1:5|2:-1|1:4|34:SSRP|ASIA_HIGH|20250331|1743445800,142,1,1,0.43,0.43000000,3121.45000000,3121.45,-1.0,-1.00000000,true,true,true
MSZZC1|6:XAUUSD|1:5|2:-1|1:4|34:SSRP|ASIA_HIGH|20250401|1743496500,144,1,1,0.65,0.65000000,3137.68000000,3137.68,1.9973890339426204,1.99738903,true,true,true
MSZZC1|6:XAUUSD|1:5|1:1|1:4|33:SSRP|ASIA_LOW|20250401|1743532800,146,1,1,0.67,0.67000000,3119.10000000,3119.1,-1.0,-1.00000000,true,true,true
MSZZC1|6:XAUUSD|1:5|1:1|1:4|33:SSRP|ASIA_LOW|20250402|1743635400,148,1,1,0.15,0.15000000,3153.08000000,3153.08,2.0,2.00000000,true,true,true
MSZZC1|6:XAUUSD|1:5|1:1|1:4|33:SSRP|ASIA_LOW|20250403|1743672600,150,1,1,0.27,0.27000000,3116.21000000,3116.21,-1.0,-1.00000000,true,true,true
MSZZC1|6:XAUUSD|1:5|1:1|1:4|33:SSRP|ASIA_LOW|20250403|1743700500,152,1,1,0.16,0.16000000,3110.55000000,3110.55,-1.0,-1.00000000,true,true,true
MSZZC1|6:XAUUSD|1:5|1:1|1:4|33:SSRP|ASIA_LOW|20250404|1743767700,154,1,1,0.38,0.38000000,3103.02000000,3103.02,1.9984591679505896,1.99845917,true,true,true
MSZZC1|6:XAUUSD|1:5|2:-1|1:4|34:SSRP|ASIA_HIGH|20250404|1743776700,156,1,1,0.13,0.13000000,3078.11000000,3078.11,1.9994553376906694,1.99945534,true,true,true
MSZZC1|6:XAUUSD|1:5|1:1|1:4|33:SSRP|ASIA_LOW|20250404|1743780900,158,1,1,0.13,0.13000000,3069.99000000,3069.99,-1.0,-1.00000000,true,true,true
MSZZC1|6:XAUUSD|1:5|1:1|1:4|33:SSRP|ASIA_LOW|20250407|1744058100,160,1,1,0.22,0.22000000,2995.03000000,2995.03,2.0008771929825553,2.00087719,true,true,true
MSZZC1|6:XAUUSD|1:5|2:-1|1:4|34:SSRP|ASIA_HIGH|20250408|1744100100,162,1,1,0.82,0.82000000,3005.47000000,3005.47,-1.0,-1.00000000,true,true,true
MSZZC1|6:XAUUSD|1:5|2:-1|1:4|34:SSRP|ASIA_HIGH|20250408|1744102200,164,1,1,0.57,0.57000000,3008.44000000,3008.44,-1.0,-1.00000000,true,true,true
MSZZC1|6:XAUUSD|1:5|2:-1|1:4|34:SSRP|ASIA_HIGH|20250408|1744108200,166,1,1,0.3,0.30000000,3011.61000000,3011.61,-1.0,-1.00000000,true,true,true
MSZZC1|6:XAUUSD|1:5|2:-1|1:4|34:SSRP|ASIA_HIGH|20250408|1744126500,168,1,1,0.26,0.26000000,3013.12000000,3013.12,-1.0,-1.00000000,true,true,true
MSZZC1|6:XAUUSD|1:5|2:-1|1:4|34:SSRP|ASIA_HIGH|20250408|1744134600,170,1,1,0.2,0.20000000,2980.18000000,2980.1799999999994,2.0000000000000746,2.00000000,true,true,true
MSZZC1|6:XAUUSD|1:5|1:1|1:4|33:SSRP|ASIA_LOW|20250408|1744143000,172,1,1,0.4,0.40000000,2976.25000000,2976.25,-1.0,-1.00000000,true,true,true
MSZZC1|6:XAUUSD|1:5|1:1|1:4|33:SSRP|ASIA_LOW|20250408|1744144200,174,1,1,0.55,0.55000000,2987.95000000,2987.95,1.9977924944810876,1.99779249,true,true,true
MSZZC1|6:XAUUSD|1:5|1:1|1:4|33:SSRP|ASIA_LOW|20250408|1744151700,176,1,1,0.48,0.48000000,2976.55000000,2976.55,-1.0,-1.00000000,true,true,true
MSZZC1|6:XAUUSD|1:5|2:-1|1:4|34:SSRP|ASIA_HIGH|20250409|1744187100,178,1,1,0.46,0.46000000,3019.16000000,3019.16,-1.0,-1.00000000,true,true,true
MSZZC1|6:XAUUSD|1:5|2:-1|1:4|34:SSRP|ASIA_HIGH|20250410|1744272300,180,1,1,0.83,0.83000000,3123.69000000,3123.69,2.003311258277766,2.00331126,true,true,true
MSZZC1|6:XAUUSD|1:5|2:-1|1:4|34:SSRP|ASIA_HIGH|20250410|1744299000,182,1,1,0.15,0.15000000,3134.13000000,3134.13,-1.0,-1.00000000,true,true,true
MSZZC1|6:XAUUSD|1:5|2:-1|1:4|34:SSRP|ASIA_HIGH|20250410|1744302000,184,1,1,0.16,0.16000000,3136.97000000,3136.97,-1.0,-1.00000000,true,true,true
MSZZC1|6:XAUUSD|1:5|2:-1|1:4|34:SSRP|ASIA_HIGH|20250411|1744370400,186,1,1,0.29,0.29000000,3227.76000000,3227.76,-1.0,-1.00000000,true,true,true
MSZZC1|6:XAUUSD|1:5|2:-1|1:4|34:SSRP|ASIA_HIGH|20250411|1744378500,188,1,1,0.26,0.26000000,3225.28000000,3225.28,-1.0,-1.00000000,true,true,true
MSZZC1|6:XAUUSD|1:5|1:1|1:4|33:SSRP|ASIA_LOW|20250414|1744637700,190,1,1,0.34,0.34000000,3206.13000000,3206.1299999999997,-1.0000000000000624,-1.00000000,true,true,true
MSZZC1|6:XAUUSD|1:5|1:1|1:4|33:SSRP|ASIA_LOW|20250414|1744645200,192,1,1,0.22,0.22000000,3200.18000000,3200.18,-1.0,-1.00000000,true,true,true
MSZZC1|6:XAUUSD|1:5|1:1|1:4|33:SSRP|ASIA_LOW|20250414|1744651500,194,1,1,0.17,0.17000000,3200.11000000,3200.11,-1.0,-1.00000000,true,true,true
MSZZC1|6:XAUUSD|1:5|1:1|1:4|33:SSRP|ASIA_LOW|20250414|1744660800,196,1,1,0.65,0.65000000,3206.89000000,3206.8900000000003,-0.999999999999881,-1.00000000,true,true,true
MSZZC1|6:XAUUSD|1:5|1:1|1:4|33:SSRP|ASIA_LOW|20250414|1744668300,198,1,1,0.68,0.68000000,3207.86000000,3207.86,-1.0,-1.00000000,true,true,true
MSZZC1|6:XAUUSD|1:5|1:1|1:4|33:SSRP|ASIA_LOW|20250414|1744673400,200,1,1,0.77,0.77000000,3216.95000000,3216.95,2.0000000000002816,2.00000000,true,true,true
MSZZC1|6:XAUUSD|1:5|2:-1|1:4|34:SSRP|ASIA_HIGH|20250415|1744758000,202,1,1,1.07,1.07000000,3226.74000000,3226.74,2.0042918454936562,2.00429185,true,true,true
MSZZC1|6:XAUUSD|1:5|2:-1|1:4|34:SSRP|ASIA_HIGH|20250416|1744790700,204,1,1,1.3,1.30000000,3289.25000000,3289.2500000000005,-1.0000000000002356,-1.00000000,true,true,true
MSZZC1|6:XAUUSD|1:5|2:-1|1:4|34:SSRP|ASIA_HIGH|20250416|1744793700,206,1,1,0.65,0.65000000,3290.83000000,3290.8299999999995,-0.999999999999881,-1.00000000,true,true,true
MSZZC1|6:XAUUSD|1:5|1:1|1:4|33:SSRP|ASIA_LOW|20250417|1744885500,208,1,1,0.4,0.40000000,3316.25000000,3316.25,-1.0,-1.00000000,true,true,true
MSZZC1|6:XAUUSD|1:5|1:1|1:4|33:SSRP|ASIA_LOW|20250417|1744890000,210,1,1,0.52,0.52000000,3330.94000000,3330.94,1.9999999999999045,2.00000000,true,true,true
MSZZC1|6:XAUUSD|1:5|1:1|1:4|33:SSRP|ASIA_LOW|20250417|1744922400,212,1,1,0.48,0.48000000,3316.77000000,3316.77,-1.0,-1.00000000,true,true,true
MSZZC1|6:XAUUSD|1:5|1:1|1:4|33:SSRP|ASIA_LOW|20250417|1744929900,214,1,1,1.03,1.03000000,3319.10000000,3319.1,-1.0,-1.00000000,true,true,true
MSZZC1|6:XAUUSD|1:5|1:1|1:4|33:SSRP|ASIA_LOW|20250417|1744930200,216,1,1,0.63,0.63000000,3329.66000000,3329.6599999999994,1.999999999999653,2.00000000,true,true,true
MSZZC1|6:XAUUSD|1:5|2:-1|1:4|34:SSRP|ASIA_HIGH|20250421|1745222700,218,1,1,0.76,0.76000000,3385.91000000,3385.91,-1.0,-1.00000000,true,true,true
MSZZC1|6:XAUUSD|1:5|2:-1|1:4|34:SSRP|ASIA_HIGH|20250422|1745312100,220,1,1,0.42,0.42000000,3495.78000000,3495.78,-1.0,-1.00000000,true,true,true
MSZZC1|6:XAUUSD|1:5|2:-1|1:4|34:SSRP|ASIA_HIGH|20250422|1745313000,222,1,1,0.17,0.17000000,3456.71000000,3456.71,2.0,2.00000000,true,true,true
MSZZC1|6:XAUUSD|1:5|1:1|1:4|33:SSRP|ASIA_LOW|20250422|1745340300,224,1,1,0.14,0.14000000,3408.07000000,3408.07,-1.0,-1.00000000,true,true,true
MSZZC1|6:XAUUSD|1:5|1:1|1:4|33:SSRP|ASIA_LOW|20250422|1745348400,226,1,1,0.18,0.18000000,3404.75000000,3404.75,-1.0,-1.00000000,true,true,true
MSZZC1|6:XAUUSD|1:5|1:1|1:4|33:SSRP|ASIA_LOW|20250423|1745398800,228,1,1,0.27,0.27000000,3307.59000000,3307.59,-1.0,-1.00000000,true,true,true
MSZZC1|6:XAUUSD|1:5|1:1|1:4|33:SSRP|ASIA_LOW|20250423|1745404500,230,1,1,0.27,0.27000000,3309.31000000,3309.31,-1.0,-1.00000000,true,true,true
MSZZC1|6:XAUUSD|1:5|1:1|1:4|33:SSRP|ASIA_LOW|20250423|1745406900,232,1,1,0.22,0.22000000,3338.20000000,3338.2,2.000000000000042,2.00000000,true,true,true
MSZZC1|6:XAUUSD|1:5|1:1|1:4|33:SSRP|ASIA_LOW|20250423|1745421000,234,1,1,0.23,0.23000000,3313.50000000,3313.5,-1.0,-1.00000000,true,true,true
MSZZC1|6:XAUUSD|1:5|2:-1|1:4|34:SSRP|ASIA_HIGH|20250428|1745862300,236,1,1,0.64,0.64000000,3333.55000000,3333.55,-1.0,-1.00000000,true,true,true
MSZZC1|6:XAUUSD|1:5|2:-1|1:4|34:SSRP|ASIA_HIGH|20250428|1745864100,238,1,1,0.43,0.43000000,3336.34000000,3336.3400000000006,-1.00000000000008,-1.00000000,true,true,true
MSZZC1|6:XAUUSD|1:5|1:1|1:4|33:SSRP|ASIA_LOW|20250429|1745914500,240,1,1,0.87,0.87000000,3313.39000000,3313.39,1.9999999999998388,2.00000000,true,true,true
MSZZC1|6:XAUUSD|1:5|1:1|1:4|33:SSRP|ASIA_LOW|20250429|1745932500,242,1,1,0.71,0.71000000,3306.07000000,3306.0699999999997,-1.000000000000131,-1.00000000,true,true,true
MSZZC1|6:XAUUSD|1:5|1:1|1:4|33:SSRP|ASIA_LOW|20250429|1745939400,244,1,1,0.3,0.30000000,3300.29000000,3300.29,-1.0,-1.00000000,true,true,true
MSZZC1|6:XAUUSD|1:5|1:1|1:4|33:SSRP|ASIA_LOW|20250429|1745945100,246,1,1,0.24,0.24000000,3329.12000000,3329.12,1.998991935483849,1.99899194,true,true,true
MSZZC1|6:XAUUSD|1:5|1:1|1:4|33:SSRP|ASIA_LOW|20250430|1746027600,248,1,1,0.14,0.14000000,3285.77000000,3285.77,-1.0,-1.00000000,true,true,true
MSZZC1|6:XAUUSD|1:5|1:1|1:4|33:SSRP|ASIA_LOW|20250501|1746103200,250,1,1,0.56,0.56000000,3219.66000000,3219.66,-1.0,-1.00000000,true,true,true
MSZZC1|6:XAUUSD|1:5|1:1|1:4|33:SSRP|ASIA_LOW|20250501|1746105900,252,1,1,0.31,0.31000000,3214.61000000,3214.61,-1.0,-1.00000000,true,true,true
MSZZC1|6:XAUUSD|1:5|1:1|1:4|33:SSRP|ASIA_LOW|20250501|1746112800,254,1,1,0.16,0.16000000,3207.94000000,3207.94,-1.0,-1.00000000,true,true,true
MSZZC1|6:XAUUSD|1:5|1:1|1:4|33:SSRP|ASIA_LOW|20250501|1746134700,256,1,1,0.25,0.25000000,3244.16000000,3244.16,2.00101626016267,2.00101626,true,true,true
MSZZC1|6:XAUUSD|1:5|2:-1|1:4|34:SSRP|ASIA_HIGH|20250502|1746177600,258,1,1,0.56,0.56000000,3249.43000000,3249.43,2.0,2.00000000,true,true,true
MSZZC1|6:XAUUSD|1:5|2:-1|1:4|34:SSRP|ASIA_HIGH|20250502|1746182100,260,1,1,0.44,0.44000000,3263.42000000,3263.42,-1.0,-1.00000000,true,true,true
MSZZC1|6:XAUUSD|1:5|2:-1|1:4|34:SSRP|ASIA_HIGH|20250502|1746192300,262,1,1,0.48,0.48000000,3263.29000000,3263.29,-1.0,-1.00000000,true,true,true
MSZZC1|6:XAUUSD|1:5|2:-1|1:4|34:SSRP|ASIA_HIGH|20250502|1746199200,264,1,1,0.25,0.25000000,3264.07000000,3264.07,-1.0,-1.00000000,true,true,true
MSZZC1|6:XAUUSD|1:5|2:-1|1:4|34:SSRP|ASIA_HIGH|20250502|1746209400,266,1,1,0.31,0.31000000,3240.69000000,3240.69,1.9987373737373462,1.99873737,true,true,true
MSZZC1|6:XAUUSD|1:5|1:1|1:4|33:SSRP|ASIA_LOW|20250502|1746212400,268,1,1,0.72,0.72000000,3226.37000000,3226.37,-1.0,-1.00000000,true,true,true
MSZZC1|6:XAUUSD|1:5|1:1|1:4|33:SSRP|ASIA_LOW|20250502|1746213000,270,1,1,0.24,0.24000000,3224.47000000,3224.47,-1.0,-1.00000000,true,true,true
MSZZC1|6:XAUUSD|1:5|1:1|1:4|33:SSRP|ASIA_LOW|20250502|1746215700,272,1,1,0.35,0.35000000,3243.38000000,3243.38,2.001440922190364,2.00144092,true,true,true
MSZZC1|6:XAUUSD|1:5|2:-1|1:4|34:SSRP|ASIA_HIGH|20250505|1746444300,274,1,1,1.21,1.21000000,3273.65000000,3273.65,-1.0,-1.00000000,true,true,true
MSZZC1|6:XAUUSD|1:5|2:-1|1:4|34:SSRP|ASIA_HIGH|20250506|1746552000,276,1,1,0.24,0.24000000,3394.00000000,3394.0,-1.0,-1.00000000,true,true,true
MSZZC1|6:XAUUSD|1:5|1:1|1:4|33:SSRP|ASIA_LOW|20250508|1746721500,278,1,1,0.24,0.24000000,3356.49000000,3356.49,-1.0,-1.00000000,true,true,true
MSZZC1|6:XAUUSD|1:5|2:-1|1:4|34:SSRP|ASIA_HIGH|20250509|1746777600,280,1,1,2.1,2.10000000,3328.53000000,3328.53,-1.0,-1.00000000,true,true,true
MSZZC1|6:XAUUSD|1:5|2:-1|1:4|34:SSRP|ASIA_HIGH|20250509|1746778200,282,1,1,0.45,0.45000000,3314.23000000,3314.23,2.00184842883553,2.00184843,true,true,true
MSZZC1|6:XAUUSD|1:5|2:-1|1:4|34:SSRP|ASIA_HIGH|20250509|1746784800,284,1,1,0.48,0.48000000,3332.41000000,3332.41,-1.0,-1.00000000,true,true,true
MSZZC1|6:XAUUSD|1:5|2:-1|1:4|34:SSRP|ASIA_HIGH|20250509|1746800700,286,1,1,0.2,0.20000000,3338.53000000,3338.5300000000007,-1.000000000000038,-1.00000000,true,true,true
MSZZC1|6:XAUUSD|1:5|2:-1|1:4|34:SSRP|ASIA_HIGH|20250509|1746809700,288,1,1,0.24,0.24000000,3334.76000000,3334.76,-1.0,-1.00000000,true,true,true
MSZZC1|6:XAUUSD|1:5|2:-1|1:4|34:SSRP|ASIA_HIGH|20250509|1746829500,290,1,1,0.43,0.43000000,3316.05000000,3316.0500000000006,2.0017636684302134,2.00176367,true,true,true
MSZZC1|6:XAUUSD|1:5|2:-1|1:4|34:SSRP|ASIA_HIGH|20250513|1747125000,292,1,1,0.46,0.46000000,3258.53000000,3258.53,-1.0,-1.00000000,true,true,true
MSZZC1|6:XAUUSD|1:5|2:-1|1:4|34:SSRP|ASIA_HIGH|20250513|1747135200,294,1,1,0.43,0.43000000,3258.60000000,3258.6,-1.0,-1.00000000,true,true,true
MSZZC1|6:XAUUSD|1:5|2:-1|1:4|34:SSRP|ASIA_HIGH|20250513|1747147200,296,1,1,0.52,0.52000000,3243.21000000,3243.21,1.9978448275862577,1.99784483,true,true,true
MSZZC1|6:XAUUSD|1:5|2:-1|1:4|34:SSRP|ASIA_HIGH|20250513|1747164000,298,1,1,0.53,0.53000000,3242.54000000,3242.54,2.0,2.00000000,true,true,true
MSZZC1|6:XAUUSD|1:5|2:-1|1:4|34:SSRP|ASIA_HIGH|20250513|1747178700,300,1,1,1.3599999999999999,1.36000000,3249.50000000,3249.5,1.9944751381216774,1.99447514,true,true,true
MSZZC1|6:XAUUSD|1:5|1:1|1:4|33:SSRP|ASIA_LOW|20250514|1747209600,302,1,1,0.46,0.46000000,3237.48000000,3237.48,1.9999999999999145,2.00000000,true,true,true
MSZZC1|6:XAUUSD|1:5|1:1|1:4|33:SSRP|ASIA_LOW|20250515|1747297800,304,1,1,1.34,1.34000000,3134.73000000,3134.7299999999996,-1.0000000000002445,-1.00000000,true,true,true
MSZZC1|6:XAUUSD|1:5|1:1|1:4|33:SSRP|ASIA_LOW|20250515|1747300500,306,1,1,0.15,0.15000000,3172.30000000,3172.3,2.0000000000000573,2.00000000,true,true,true
MSZZC1|6:XAUUSD|1:5|2:-1|1:4|34:SSRP|ASIA_HIGH|20250515|1747326000,308,1,1,0.45,0.45000000,3197.68000000,3197.68,-1.0,-1.00000000,true,true,true
MSZZC1|6:XAUUSD|1:5|1:1|1:4|33:SSRP|ASIA_LOW|20250516|1747390800,310,1,1,0.56,0.56000000,3205.21000000,3205.21,-1.0,-1.00000000,true,true,true
MSZZC1|6:XAUUSD|1:5|1:1|1:4|33:SSRP|ASIA_LOW|20250516|1747394400,312,1,1,0.27,0.27000000,3198.16000000,3198.16,-1.0,-1.00000000,true,true,true
MSZZC1|6:XAUUSD|1:5|2:-1|1:4|34:SSRP|ASIA_HIGH|20250520|1747742100,314,1,1,0.46,0.46000000,3237.86000000,3237.86,-1.0,-1.00000000,true,true,true
MSZZC1|6:XAUUSD|1:5|2:-1|1:4|34:SSRP|ASIA_HIGH|20250521|1747817400,316,1,1,0.39,0.39000000,3319.84000000,3319.84,-1.0,-1.00000000,true,true,true
MSZZC1|6:XAUUSD|1:5|2:-1|1:4|34:SSRP|ASIA_HIGH|20250521|1747821300,318,1,1,0.38,0.38000000,3301.57000000,3301.57,1.9999999999998586,2.00000000,true,true,true
MSZZC1|6:XAUUSD|1:5|2:-1|1:4|34:SSRP|ASIA_HIGH|20250521|1747858800,320,1,1,0.52,0.52000000,3315.66000000,3315.66,-1.0,-1.00000000,true,true,true
MSZZC1|6:XAUUSD|1:5|2:-1|1:4|34:SSRP|ASIA_HIGH|20250521|1747860900,322,1,1,0.58,0.58000000,3316.64000000,3316.64,-1.0,-1.00000000,true,true,true
MSZZC1|6:XAUUSD|1:5|2:-1|1:4|34:SSRP|ASIA_HIGH|20250521|1747870200,324,1,1,0.68,0.68000000,3318.02000000,3318.02,-1.0,-1.00000000,true,true,true
MSZZC1|6:XAUUSD|1:5|1:1|1:4|33:SSRP|ASIA_LOW|20250522|1747913400,326,1,1,0.53,0.53000000,3310.92000000,3310.92,-1.0,-1.00000000,true,true,true
MSZZC1|6:XAUUSD|1:5|1:1|1:4|33:SSRP|ASIA_LOW|20250526|1748264400,328,1,1,0.64,0.64000000,3328.39000000,3328.3900000000003,-0.9999999999998807,-1.00000000,true,true,true
MSZZC1|6:XAUUSD|1:5|1:1|1:4|33:SSRP|ASIA_LOW|20250526|1748273400,330,1,1,0.42,0.42000000,3343.52000000,3343.52,1.999999999999921,2.00000000,true,true,true
MSZZC1|6:XAUUSD|1:5|2:-1|1:4|34:SSRP|ASIA_HIGH|20250528|1748439000,332,1,1,0.4,0.40000000,3301.43000000,3301.4300000000003,1.9983552631578587,1.99835526,true,true,true
MSZZC1|6:XAUUSD|1:5|1:1|1:4|33:SSRP|ASIA_LOW|20250528|1748460900,334,1,1,1.8,1.80000000,3290.66000000,3290.66,-1.0,-1.00000000,true,true,true
MSZZC1|6:XAUUSD|1:5|1:1|1:4|33:SSRP|ASIA_LOW|20250528|1748461200,336,1,1,0.6,0.60000000,3300.67000000,3300.67,1.999999999999776,2.00000000,true,true,true
MSZZC1|6:XAUUSD|1:5|1:1|1:4|33:SSRP|ASIA_LOW|20250530|1748592300,338,1,1,1.03,1.03000000,3297.38000000,3297.38,2.0000000000001887,2.00000000,true,true,true
MSZZC1|6:XAUUSD|1:5|1:1|1:4|33:SSRP|ASIA_LOW|20250530|1748597100,340,1,1,0.53,0.53000000,3290.30000000,3290.3,-1.0,-1.00000000,true,true,true
MSZZC1|6:XAUUSD|1:5|1:1|1:4|33:SSRP|ASIA_LOW|20250530|1748599800,342,1,1,0.33,0.33000000,3287.19000000,3287.1899999999996,-1.0000000000000606,-1.00000000,true,true,true
MSZZC1|6:XAUUSD|1:5|1:1|1:4|33:SSRP|ASIA_LOW|20250530|1748617500,344,1,1,0.12,0.12000000,3282.60000000,3282.6,-1.0,-1.00000000,true,true,true
MSZZC1|6:XAUUSD|1:5|1:1|1:4|33:SSRP|ASIA_LOW|20250530|1748634300,346,1,1,0.39,0.39000000,3304.51000000,3304.5099999999998,1.998394863563368,1.99839486,true,true,true
MSZZC1|6:XAUUSD|1:5|2:-1|1:4|34:SSRP|ASIA_HIGH|20250602|1748851800,348,1,1,0.91,0.91000000,3320.00000000,3320.0,-1.0,-1.00000000,true,true,true
MSZZC1|6:XAUUSD|1:5|1:1|1:4|33:SSRP|ASIA_LOW|20250603|1748939400,350,1,1,0.69,0.69000000,3366.83000000,3366.83,2.0028169014086403,2.00281690,true,true,true
MSZZC1|6:XAUUSD|1:5|1:1|1:4|33:SSRP|ASIA_LOW|20250603|1748946900,352,1,1,0.52,0.52000000,3355.09000000,3355.09,-1.0,-1.00000000,true,true,true
MSZZC1|6:XAUUSD|1:5|1:1|1:4|33:SSRP|ASIA_LOW|20250603|1748953200,354,1,1,0.46,0.46000000,3354.88000000,3354.88,-1.0,-1.00000000,true,true,true
MSZZC1|6:XAUUSD|1:5|1:1|1:4|33:SSRP|ASIA_LOW|20250603|1748961600,356,1,1,1.32,1.32000000,3357.66000000,3357.66,-1.0,-1.00000000,true,true,true
MSZZC1|6:XAUUSD|1:5|1:1|1:4|33:SSRP|ASIA_LOW|20250603|1748964600,358,1,1,0.28,0.28000000,3352.82000000,3352.82,-1.0,-1.00000000,true,true,true
MSZZC1|6:XAUUSD|1:5|1:1|1:4|33:SSRP|ASIA_LOW|20250604|1749047100,360,1,1,0.59,0.59000000,3356.06000000,3356.06,2.0024038461538987,2.00240385,true,true,true
MSZZC1|6:XAUUSD|1:5|2:-1|1:4|34:SSRP|ASIA_HIGH|20250604|1749061800,362,1,1,0.51,0.51000000,3375.09000000,3375.09,-1.0,-1.00000000,true,true,true
MSZZC1|6:XAUUSD|1:5|2:-1|1:4|34:SSRP|ASIA_HIGH|20250604|1749063600,364,1,1,0.59,0.59000000,3375.16000000,3375.16,-1.0,-1.00000000,true,true,true
MSZZC1|6:XAUUSD|1:5|2:-1|1:4|34:SSRP|ASIA_HIGH|20250604|1749076200,366,1,1,1.21,1.21000000,3374.24000000,3374.24,-1.0,-1.00000000,true,true,true
MSZZC1|6:XAUUSD|1:5|2:-1|1:4|34:SSRP|ASIA_HIGH|20250604|1749078000,368,1,1,0.79,0.79000000,3374.56000000,3374.56,-1.0,-1.00000000,true,true,true
MSZZC1|6:XAUUSD|1:5|1:1|1:4|33:SSRP|ASIA_LOW|20250605|1749112200,370,1,1,0.87,0.87000000,3361.52000000,3361.52,-1.0,-1.00000000,true,true,true
MSZZC1|6:XAUUSD|1:5|1:1|1:4|33:SSRP|ASIA_LOW|20250605|1749113400,372,1,1,0.73,0.73000000,3371.08000000,3371.08,2.0,2.00000000,true,true,true
MSZZC1|6:XAUUSD|1:5|2:-1|1:4|34:SSRP|ASIA_HIGH|20250605|1749126300,374,1,1,0.4,0.40000000,3390.10000000,3390.1,-1.0,-1.00000000,true,true,true
MSZZC1|6:XAUUSD|1:5|2:-1|1:4|34:SSRP|ASIA_HIGH|20250605|1749138000,376,1,1,0.19,0.19000000,3357.55000000,3357.55,1.9992156862744928,1.99921569,true,true,true
MSZZC1|6:XAUUSD|1:5|2:-1|1:4|34:SSRP|ASIA_HIGH|20250606|1749196800,378,1,1,1.38,1.38000000,3370.38000000,3370.38,1.9943820224715327,1.99438202,true,true,true
MSZZC1|6:XAUUSD|1:5|1:1|1:4|33:SSRP|ASIA_LOW|20250606|1749213900,380,1,1,0.66,0.66000000,3363.67000000,3363.6700000000005,2.0026737967917456,2.00267380,true,true,true
MSZZC1|6:XAUUSD|1:5|1:1|1:4|33:SSRP|ASIA_LOW|20250606|1749224100,382,1,1,0.15,0.15000000,3343.27000000,3343.27,-1.0,-1.00000000,true,true,true
MSZZC1|6:XAUUSD|1:5|2:-1|1:4|34:SSRP|ASIA_HIGH|20250609|1749469500,384,1,1,0.63,0.63000000,3311.98000000,3311.98,2.00253807106593,2.00253807,true,true,true
MSZZC1|6:XAUUSD|1:5|2:-1|1:4|34:SSRP|ASIA_HIGH|20250609|1749489300,386,1,1,0.32,0.32000000,3327.00000000,3327.0000000000005,-1.000000000000059,-1.00000000,true,true,true
MSZZC1|6:XAUUSD|1:5|2:-1|1:4|34:SSRP|ASIA_HIGH|20250610|1749547800,388,1,1,0.41,0.41000000,3331.46000000,3331.46,-1.0,-1.00000000,true,true,true
MSZZC1|6:XAUUSD|1:5|2:-1|1:4|34:SSRP|ASIA_HIGH|20250610|1749555000,390,1,1,0.95,0.95000000,3330.09000000,3330.09,-1.0,-1.00000000,true,true,true
MSZZC1|6:XAUUSD|1:5|2:-1|1:4|34:SSRP|ASIA_HIGH|20250610|1749577500,392,1,1,0.3,0.30000000,3332.71000000,3332.71,-1.0,-1.00000000,true,true,true
MSZZC1|6:XAUUSD|1:5|2:-1|1:4|34:SSRP|ASIA_HIGH|20250610|1749595800,394,1,1,0.38,0.38000000,3333.55000000,3333.55,-1.0,-1.00000000,true,true,true
MSZZC1|6:XAUUSD|1:5|2:-1|1:4|34:SSRP|ASIA_HIGH|20250611|1749642900,396,1,1,0.46,0.46000000,3330.41000000,3330.41,2.0000000000001714,2.00000000,true,true,true
MSZZC1|6:XAUUSD|1:5|2:-1|1:4|34:SSRP|ASIA_HIGH|20250611|1749656700,398,1,1,0.18,0.18000000,3356.00000000,3355.9999999999995,-0.9999999999999659,-1.00000000,true,true,true
MSZZC1|6:XAUUSD|1:5|1:1|1:4|33:SSRP|ASIA_LOW|20250612|1749726600,400,1,1,0.21,0.21000000,3382.47000000,3382.47,1.9999999999999225,2.00000000,true,true,true
MSZZC1|6:XAUUSD|1:5|2:-1|1:4|34:SSRP|ASIA_HIGH|20250612|1749738600,402,1,1,0.24,0.24000000,3383.52000000,3383.52,-1.0,-1.00000000,true,true,true
MSZZC1|6:XAUUSD|1:5|2:-1|1:4|34:SSRP|ASIA_HIGH|20250613|1749832500,404,1,1,0.48,0.48000000,3431.78000000,3431.78,1.9980353634576282,1.99803536,true,true,true
MSZZC1|6:XAUUSD|1:5|1:1|1:4|33:SSRP|ASIA_LOW|20250616|1750060800,406,1,1,0.35,0.35000000,3421.92000000,3421.92,-1.0,-1.00000000,true,true,true
MSZZC1|6:XAUUSD|1:5|1:1|1:4|33:SSRP|ASIA_LOW|20250617|1750181700,408,1,1,0.25,0.25000000,3395.72000000,3395.72,1.9999999999999085,2.00000000,true,true,true
MSZZC1|6:XAUUSD|1:5|1:1|1:4|33:SSRP|ASIA_LOW|20250618|1750284600,410,1,1,0.43,0.43000000,3368.35000000,3368.35,-1.0,-1.00000000,true,true,true
MSZZC1|6:XAUUSD|1:5|1:1|1:4|33:SSRP|ASIA_LOW|20250618|1750285500,412,1,1,0.23,0.23000000,3362.66000000,3362.66,-1.0,-1.00000000,true,true,true
MSZZC1|6:XAUUSD|1:5|1:1|1:4|33:SSRP|ASIA_LOW|20250619|1750332900,414,1,1,0.45,0.45000000,3364.90000000,3364.9,-1.0,-1.00000000,true,true,true
MSZZC1|6:XAUUSD|1:5|1:1|1:4|33:SSRP|ASIA_LOW|20250619|1750334700,416,1,1,0.26,0.26000000,3363.45000000,3363.45,-1.0,-1.00000000,true,true,true
MSZZC1|6:XAUUSD|1:5|1:1|1:4|33:SSRP|ASIA_LOW|20250619|1750350900,418,1,1,0.28,0.28000000,3362.06000000,3362.06,-1.0,-1.00000000,true,true,true
MSZZC1|6:XAUUSD|1:5|1:1|1:4|33:SSRP|ASIA_LOW|20250619|1750358700,420,1,1,0.48,0.48000000,3365.31000000,3365.31,-1.0,-1.00000000,true,true,true
MSZZC1|6:XAUUSD|1:5|1:1|1:4|33:SSRP|ASIA_LOW|20250620|1750409700,422,1,1,0.58,0.58000000,3341.95000000,3341.95,-1.0,-1.00000000,true,true,true
MSZZC1|6:XAUUSD|1:5|1:1|1:4|33:SSRP|ASIA_LOW|20250620|1750412400,424,1,1,0.43,0.43000000,3357.13000000,3357.13,2.0,2.00000000,true,true,true
MSZZC1|6:XAUUSD|1:5|1:1|1:4|33:SSRP|ASIA_LOW|20250620|1750433400,426,1,1,0.45,0.45000000,3358.05000000,3358.05,1.9981617647059258,1.99816176,true,true,true
MSZZC1|6:XAUUSD|1:5|2:-1|1:4|34:SSRP|ASIA_HIGH|20250620|1750438200,428,1,1,0.66,0.66000000,3374.08000000,3374.08,-1.0,-1.00000000,true,true,true
MSZZC1|6:XAUUSD|1:5|2:-1|1:4|34:SSRP|ASIA_HIGH|20250620|1750439100,430,1,1,0.45,0.45000000,3374.72000000,3374.72,-1.0,-1.00000000,true,true,true
MSZZC1|6:XAUUSD|1:5|1:1|1:4|33:SSRP|ASIA_LOW|20250623|1750667700,432,1,1,0.37,0.37000000,3366.44000000,3366.4399999999996,1.9999999999998603,2.00000000,true,true,true
MSZZC1|6:XAUUSD|1:5|1:1|1:4|33:SSRP|ASIA_LOW|20250624|1750754400,434,1,1,0.63,0.63000000,3329.71000000,3329.7100000000005,-0.9999999999998834,-1.00000000,true,true,true
MSZZC1|6:XAUUSD|1:5|2:-1|1:4|34:SSRP|ASIA_HIGH|20250625|1750848000,436,1,1,0.75,0.75000000,3327.33000000,3327.33,2.003039513677878,2.00303951,true,true,true
MSZZC1|6:XAUUSD|1:5|1:1|1:4|33:SSRP|ASIA_LOW|20250625|1750866000,438,1,1,0.78,0.78000000,3318.08000000,3318.0800000000004,-0.9999999999998566,-1.00000000,true,true,true
MSZZC1|6:XAUUSD|1:5|1:1|1:4|33:SSRP|ASIA_LOW|20250625|1750870800,440,1,1,0.25,0.25000000,3341.63000000,3341.63,1.9999999999999072,2.00000000,true,true,true
MSZZC1|6:XAUUSD|1:5|2:-1|1:4|34:SSRP|ASIA_HIGH|20250626|1750939500,442,1,1,0.6,0.60000000,3332.89000000,3332.89,2.000000000000221,2.00000000,true,true,true
MSZZC1|6:XAUUSD|1:5|2:-1|1:4|34:SSRP|ASIA_HIGH|20250626|1750951500,444,1,1,0.24,0.24000000,3313.51000000,3313.51,2.0,2.00000000,true,true,true
MSZZC1|6:XAUUSD|1:5|1:1|1:4|33:SSRP|ASIA_LOW|20250626|1750965300,446,1,1,0.55,0.55000000,3325.52000000,3325.52,-1.0,-1.00000000,true,true,true
MSZZC1|6:XAUUSD|1:5|1:1|1:4|33:SSRP|ASIA_LOW|20250627|1751011800,448,1,1,0.32,0.32000000,3289.17000000,3289.17,-1.0,-1.00000000,true,true,true
MSZZC1|6:XAUUSD|1:5|1:1|1:4|33:SSRP|ASIA_LOW|20250627|1751017200,450,1,1,0.5,0.50000000,3286.66000000,3286.66,-1.0,-1.00000000,true,true,true
MSZZC1|6:XAUUSD|1:5|2:-1|1:4|34:SSRP|ASIA_HIGH|20250630|1751284500,452,1,1,0.27,0.27000000,3290.69000000,3290.69,-1.0,-1.00000000,true,true,true
MSZZC1|6:XAUUSD|1:5|1:1|1:4|33:SSRP|ASIA_LOW|20250702|1751451000,454,1,1,1.1,1.10000000,3327.89000000,3327.89,-1.0,-1.00000000,true,true,true
MSZZC1|6:XAUUSD|1:5|1:1|1:4|33:SSRP|ASIA_LOW|20250702|1751451600,456,1,1,0.89,0.89000000,3335.81000000,3335.81,1.9964028776976,1.99640288,true,true,true
MSZZC1|6:XAUUSD|1:5|1:1|1:4|33:SSRP|ASIA_LOW|20250702|1751452800,458,1,1,0.28,0.28000000,3353.80000000,3353.8,2.0,2.00000000,true,true,true
MSZZC1|6:XAUUSD|1:5|2:-1|1:4|34:SSRP|ASIA_HIGH|20250704|1751619900,460,1,1,0.78,0.78000000,3344.95000000,3344.9500000000003,-1.000000000000142,-1.00000000,true,true,true
MSZZC1|6:XAUUSD|1:5|2:-1|1:4|34:SSRP|ASIA_HIGH|20250704|1751623200,462,1,1,0.51,0.51000000,3343.84000000,3343.84,-1.0,-1.00000000,true,true,true
MSZZC1|6:XAUUSD|1:5|2:-1|1:4|34:SSRP|ASIA_HIGH|20250704|1751626800,464,1,1,1.08,1.08000000,3344.19000000,3344.19,-1.0,-1.00000000,true,true,true
MSZZC1|6:XAUUSD|1:5|2:-1|1:4|34:SSRP|ASIA_HIGH|20250704|1751628600,466,1,1,0.93,0.93000000,3336.29000000,3336.29,2.0,2.00000000,true,true,true
MSZZC1|6:XAUUSD|1:5|1:1|1:4|33:SSRP|ASIA_LOW|20250707|1751886000,468,1,1,0.41,0.41000000,3301.12000000,3301.12,-1.0,-1.00000000,true,true,true
MSZZC1|6:XAUUSD|1:5|1:1|1:4|33:SSRP|ASIA_LOW|20250707|1751896800,470,1,1,0.39,0.39000000,3299.80000000,3299.7999999999997,-1.0000000000000726,-1.00000000,true,true,true
MSZZC1|6:XAUUSD|1:5|1:1|1:4|33:SSRP|ASIA_LOW|20250707|1751901000,472,1,1,0.45,0.45000000,3316.61000000,3316.61,2.000000000000084,2.00000000,true,true,true
MSZZC1|6:XAUUSD|1:5|1:1|1:4|33:SSRP|ASIA_LOW|20250708|1751972700,474,1,1,1.15,1.15000000,3325.98000000,3325.98,-1.0,-1.00000000,true,true,true
MSZZC1|6:XAUUSD|1:5|1:1|1:4|33:SSRP|ASIA_LOW|20250708|1751973300,476,1,1,0.57,0.57000000,3324.38000000,3324.38,-1.0,-1.00000000,true,true,true
MSZZC1|6:XAUUSD|1:5|1:1|1:4|33:SSRP|ASIA_LOW|20250708|1751986500,478,1,1,0.37,0.37000000,3321.74000000,3321.74,-1.0,-1.00000000,true,true,true
MSZZC1|6:XAUUSD|1:5|1:1|1:4|33:SSRP|ASIA_LOW|20250709|1752060000,480,1,1,1.31,1.31000000,3284.09000000,3284.09,-1.0,-1.00000000,true,true,true
MSZZC1|6:XAUUSD|1:5|1:1|1:4|33:SSRP|ASIA_LOW|20250709|1752060900,482,1,1,0.54,0.54000000,3296.11000000,3296.11,1.9999999999998992,2.00000000,true,true,true
MSZZC1|6:XAUUSD|1:5|2:-1|1:4|34:SSRP|ASIA_HIGH|20250709|1752081300,484,1,1,0.87,0.87000000,3309.03000000,3309.03,-1.0,-1.00000000,true,true,true
MSZZC1|6:XAUUSD|1:5|2:-1|1:4|34:SSRP|ASIA_HIGH|20250710|1752139200,486,1,1,0.68,0.68000000,3328.52000000,3328.5200000000004,-1.0000000000001246,-1.00000000,true,true,true
MSZZC1|6:XAUUSD|1:5|2:-1|1:4|34:SSRP|ASIA_HIGH|20250710|1752141900,488,1,1,0.71,0.71000000,3329.57000000,3329.5700000000006,-1.0000000000001308,-1.00000000,true,true,true
MSZZC1|6:XAUUSD|1:5|2:-1|1:4|34:SSRP|ASIA_HIGH|20250710|1752150000,490,1,1,0.59,0.59000000,3329.78000000,3329.78,-1.0,-1.00000000,true,true,true
MSZZC1|6:XAUUSD|1:5|2:-1|1:4|34:SSRP|ASIA_HIGH|20250710|1752157800,492,1,1,0.77,0.77000000,3319.70000000,3319.7,1.996855345912167,1.99685535,true,true,true
MSZZC1|6:XAUUSD|1:5|2:-1|1:4|34:SSRP|ASIA_HIGH|20250710|1752163200,494,1,1,0.7,0.70000000,3319.05000000,3319.05,1.9971671388100078,1.99716714,true,true,true
MSZZC1|6:XAUUSD|1:5|2:-1|1:4|34:SSRP|ASIA_HIGH|20250710|1752165600,496,1,1,0.28,0.28000000,3328.49000000,3328.49,-1.0,-1.00000000,true,true,true
MSZZC1|6:XAUUSD|1:5|2:-1|1:4|34:SSRP|ASIA_HIGH|20250711|1752222600,498,1,1,0.44,0.44000000,3340.46000000,3340.46,-1.0,-1.00000000,true,true,true
MSZZC1|6:XAUUSD|1:5|2:-1|1:4|34:SSRP|ASIA_HIGH|20250711|1752226800,500,1,1,0.51,0.51000000,3340.48000000,3340.48,-1.0,-1.00000000,true,true,true
MSZZC1|6:XAUUSD|1:5|2:-1|1:4|34:SSRP|ASIA_HIGH|20250711|1752234300,502,1,1,0.35,0.35000000,3340.23000000,3340.2300000000005,-1.0000000000000657,-1.00000000,true,true,true
MSZZC1|6:XAUUSD|1:5|2:-1|1:4|34:SSRP|ASIA_HIGH|20250714|1752488700,504,1,1,1.41,1.41000000,3369.91000000,3369.91,1.9999999999997387,2.00000000,true,true,true
MSZZC1|6:XAUUSD|1:5|2:-1|1:4|34:SSRP|ASIA_HIGH|20250714|1752498300,506,1,1,1.25,1.25000000,3368.82000000,3368.8200000000006,2.0,2.00000000,true,true,true
MSZZC1|6:XAUUSD|1:5|1:1|1:4|33:SSRP|ASIA_LOW|20250714|1752509100,508,1,1,0.34,0.34000000,3348.32000000,3348.32,-1.0,-1.00000000,true,true,true
MSZZC1|6:XAUUSD|1:5|2:-1|1:4|34:SSRP|ASIA_HIGH|20250715|1752569700,510,1,1,0.66,0.66000000,3363.95000000,3363.95,-1.0,-1.00000000,true,true,true
MSZZC1|6:XAUUSD|1:5|2:-1|1:4|34:SSRP|ASIA_HIGH|20250715|1752570600,512,1,1,0.82,0.82000000,3364.16000000,3364.16,-1.0,-1.00000000,true,true,true
MSZZC1|6:XAUUSD|1:5|2:-1|1:4|34:SSRP|ASIA_HIGH|20250715|1752577800,514,1,1,0.37,0.37000000,3365.66000000,3365.6599999999994,-0.9999999999999309,-1.00000000,true,true,true
MSZZC1|6:XAUUSD|1:5|2:-1|1:4|34:SSRP|ASIA_HIGH|20250715|1752587100,516,1,1,1.4,1.40000000,3357.88000000,3357.88,2.0,2.00000000,true,true,true
MSZZC1|6:XAUUSD|1:5|1:1|1:4|33:SSRP|ASIA_LOW|20250715|1752597600,518,1,1,0.27,0.27000000,3335.02000000,3335.02,-1.0,-1.00000000,true,true,true
MSZZC1|6:XAUUSD|1:5|2:-1|1:4|34:SSRP|ASIA_HIGH|20250716|1752654300,520,1,1,0.96,0.96000000,3339.94000000,3339.94,-1.0,-1.00000000,true,true,true
MSZZC1|6:XAUUSD|1:5|2:-1|1:4|34:SSRP|ASIA_HIGH|20250716|1752658800,522,1,1,0.89,0.89000000,3341.01000000,3341.01,-1.0,-1.00000000,true,true,true
MSZZC1|6:XAUUSD|1:5|2:-1|1:4|34:SSRP|ASIA_HIGH|20250716|1752670800,524,1,1,1.03,1.03000000,3340.50000000,3340.5,-1.0,-1.00000000,true,true,true
MSZZC1|6:XAUUSD|1:5|2:-1|1:4|34:SSRP|ASIA_HIGH|20250716|1752677400,526,1,1,0.78,0.78000000,3340.77000000,3340.77,-1.0,-1.00000000,true,true,true
MSZZC1|6:XAUUSD|1:5|2:-1|1:4|34:SSRP|ASIA_HIGH|20250716|1752678000,528,1,1,0.96,0.96000000,3333.44000000,3333.44,1.9960629921260773,1.99606299,true,true,true
MSZZC1|6:XAUUSD|1:5|2:-1|1:4|34:SSRP|ASIA_HIGH|20250716|1752682500,530,1,1,0.52,0.52000000,3325.34000000,3325.34,2.0,2.00000000,true,true,true
MSZZC1|6:XAUUSD|1:5|1:1|1:4|33:SSRP|ASIA_LOW|20250716|1752684600,532,1,1,0.47,0.47000000,3321.80000000,3321.8,-1.0,-1.00000000,true,true,true
MSZZC1|6:XAUUSD|1:5|1:1|1:4|33:SSRP|ASIA_LOW|20250716|1752686100,534,1,1,0.35,0.35000000,3321.42000000,3321.4199999999996,-1.000000000000065,-1.00000000,true,true,true
MSZZC1|6:XAUUSD|1:5|1:1|1:4|33:SSRP|ASIA_LOW|20250716|1752687000,536,1,1,0.44,0.44000000,3336.04000000,3336.04,1.999999999999918,2.00000000,true,true,true
MSZZC1|6:XAUUSD|1:5|1:1|1:4|33:SSRP|ASIA_LOW|20250717|1752776100,538,1,1,0.41,0.41000000,3348.95000000,3348.95,2.001689189189149,2.00168919,true,true,true
MSZZC1|6:XAUUSD|1:5|1:1|1:4|33:SSRP|ASIA_LOW|20250722|1753174500,540,1,1,1.0,1.00000000,3384.40000000,3384.4,-1.0,-1.00000000,true,true,true
MSZZC1|6:XAUUSD|1:5|1:1|1:4|33:SSRP|ASIA_LOW|20250722|1753177500,542,1,1,2.25,2.25000000,3384.31000000,3384.31,-1.0,-1.00000000,true,true,true
MSZZC1|6:XAUUSD|1:5|1:1|1:4|33:SSRP|ASIA_LOW|20250722|1753179900,544,1,1,1.0,1.00000000,3390.60000000,3390.6,1.9959514170037764,1.99595142,true,true,true
MSZZC1|6:XAUUSD|1:5|1:1|1:4|33:SSRP|ASIA_LOW|20250722|1753187100,546,1,1,2.82,2.82000000,3384.70000000,3384.7,-1.0,-1.00000000,true,true,true
MSZZC1|6:XAUUSD|1:5|1:1|1:4|33:SSRP|ASIA_LOW|20250722|1753187700,548,1,1,1.6,1.60000000,3389.15000000,3389.15,2.0,2.00000000,true,true,true
MSZZC1|6:XAUUSD|1:5|2:-1|1:4|34:SSRP|ASIA_HIGH|20250722|1753198800,550,1,1,0.59,0.59000000,3406.02000000,3406.02,-1.0,-1.00000000,true,true,true
MSZZC1|6:XAUUSD|1:5|1:1|1:4|33:SSRP|ASIA_LOW|20250723|1753260000,552,1,1,0.8,0.80000000,3425.63000000,3425.63,2.0000000000001465,2.00000000,true,true,true
MSZZC1|6:XAUUSD|1:5|1:1|1:4|33:SSRP|ASIA_LOW|20250724|1753348500,554,1,1,2.49,2.49000000,3374.20000000,3374.2,-1.0,-1.00000000,true,true,true
MSZZC1|6:XAUUSD|1:5|1:1|1:4|33:SSRP|ASIA_LOW|20250724|1753349100,556,1,1,0.43,0.43000000,3369.86000000,3369.86,-1.0,-1.00000000,true,true,true
MSZZC1|6:XAUUSD|1:5|1:1|1:4|33:SSRP|ASIA_LOW|20250724|1753377600,558,1,1,0.46,0.46000000,3371.57000000,3371.57,-1.0,-1.00000000,true,true,true
MSZZC1|6:XAUUSD|1:5|1:1|1:4|33:SSRP|ASIA_LOW|20250725|1753433400,560,1,1,0.67,0.67000000,3355.20000000,3355.2,-1.0,-1.00000000,true,true,true
MSZZC1|6:XAUUSD|1:5|1:1|1:4|33:SSRP|ASIA_LOW|20250725|1753435800,562,1,1,0.58,0.58000000,3354.71000000,3354.71,-1.0,-1.00000000,true,true,true
MSZZC1|6:XAUUSD|1:5|2:-1|1:4|34:SSRP|ASIA_HIGH|20250728|1753693200,564,1,1,0.93,0.93000000,3337.37000000,3337.37,2.003773584905571,2.00377358,true,true,true
MSZZC1|6:XAUUSD|1:5|1:1|1:4|33:SSRP|ASIA_LOW|20250728|1753742700,566,1,1,0.73,0.73000000,3315.35000000,3315.35,-1.0,-1.00000000,true,true,true
MSZZC1|6:XAUUSD|1:5|2:-1|1:4|34:SSRP|ASIA_HIGH|20250729|1753781100,568,1,1,1.11,1.11000000,3321.60000000,3321.6,-1.0,-1.00000000,true,true,true
MSZZC1|6:XAUUSD|1:5|2:-1|1:4|34:SSRP|ASIA_HIGH|20250729|1753782300,570,1,1,0.44,0.44000000,3322.56000000,3322.56,-1.0,-1.00000000,true,true,true
MSZZC1|6:XAUUSD|1:5|2:-1|1:4|34:SSRP|ASIA_HIGH|20250729|1753797300,572,1,1,0.59,0.59000000,3324.37000000,3324.37,-1.0,-1.00000000,true,true,true
MSZZC1|6:XAUUSD|1:5|2:-1|1:4|34:SSRP|ASIA_HIGH|20250729|1753805700,574,1,1,0.27,0.27000000,3324.24000000,3324.24,-1.0,-1.00000000,true,true,true
MSZZC1|6:XAUUSD|1:5|2:-1|1:4|34:SSRP|ASIA_HIGH|20250729|1753814400,576,1,1,0.49,0.49000000,3325.32000000,3325.32,-1.0,-1.00000000,true,true,true
MSZZC1|6:XAUUSD|1:5|2:-1|1:4|34:SSRP|ASIA_HIGH|20250730|1753880100,578,1,1,1.22,1.22000000,3328.18000000,3328.18,1.9999999999997715,2.00000000,true,true,true
MSZZC1|6:XAUUSD|1:5|2:-1|1:4|34:SSRP|ASIA_HIGH|20250731|1753948800,580,1,1,1.27,1.27000000,3299.26000000,3299.2599999999998,-0.9999999999997644,-1.00000000,true,true,true
MSZZC1|6:XAUUSD|1:5|2:-1|1:4|34:SSRP|ASIA_HIGH|20250731|1753969200,582,1,1,0.36,0.36000000,3303.01000000,3303.0099999999998,-0.9999999999999316,-1.00000000,true,true,true
MSZZC1|6:XAUUSD|1:5|2:-1|1:4|34:SSRP|ASIA_HIGH|20250731|1753981800,584,1,1,0.43,0.43000000,3286.25000000,3286.2500000000005,2.001766784452255,2.00176678,true,true,true
MSZZC1|6:XAUUSD|1:5|2:-1|1:4|34:SSRP|ASIA_HIGH|20250801|1754038200,586,1,1,0.63,0.63000000,3288.94000000,3288.94,2.0,2.00000000,true,true,true
MSZZC1|6:XAUUSD|1:5|2:-1|1:4|34:SSRP|ASIA_HIGH|20250801|1754055300,588,1,1,1.13,1.13000000,3298.03000000,3298.03,-1.0,-1.00000000,true,true,true
MSZZC1|6:XAUUSD|1:5|2:-1|1:4|34:SSRP|ASIA_HIGH|20250804|1754319300,590,1,1,0.54,0.54000000,3371.61000000,3371.61,-1.0,-1.00000000,true,true,true
MSZZC1|6:XAUUSD|1:5|1:1|1:4|33:SSRP|ASIA_LOW|20250805|1754382300,592,1,1,0.79,0.79000000,3368.87000000,3368.8699999999994,-1.0000000000001468,-1.00000000,true,true,true
MSZZC1|6:XAUUSD|1:5|1:1|1:4|33:SSRP|ASIA_LOW|20250805|1754388600,594,1,1,0.47,0.47000000,3368.60000000,3368.6,-1.0,-1.00000000,true,true,true
MSZZC1|6:XAUUSD|1:5|1:1|1:4|33:SSRP|ASIA_LOW|20250805|1754410500,596,1,1,0.32,0.32000000,3368.47000000,3368.47,-1.0,-1.00000000,true,true,true
MSZZC1|6:XAUUSD|1:5|1:1|1:4|33:SSRP|ASIA_LOW|20250806|1754498700,598,1,1,0.32,0.32000000,3365.48000000,3365.48,-1.0,-1.00000000,true,true,true
MSZZC1|6:XAUUSD|1:5|2:-1|1:4|34:SSRP|ASIA_HIGH|20250807|1754564400,600,1,1,0.15,0.15000000,3396.76000000,3396.76,-1.0,-1.00000000,true,true,true
MSZZC1|6:XAUUSD|1:5|1:1|1:4|33:SSRP|ASIA_LOW|20250808|1754663100,602,1,1,0.35,0.35000000,3400.76000000,3400.76,1.9985380116958746,1.99853801,true,true,true
MSZZC1|6:XAUUSD|1:5|1:1|1:4|33:SSRP|ASIA_LOW|20250808|1754686800,604,1,1,0.1,0.10000000,3376.19000000,3376.19,-1.0,-1.00000000,true,true,true
MSZZC1|6:XAUUSD|1:5|1:1|1:4|33:SSRP|ASIA_LOW|20250811|1754905200,606,1,1,0.51,0.51000000,3363.62000000,3363.62,-1.0,-1.00000000,true,true,true
MSZZC1|6:XAUUSD|1:5|2:-1|1:4|34:SSRP|ASIA_HIGH|20250812|1754994900,608,1,1,0.86,0.86000000,3349.86000000,3349.86,2.0,2.00000000,true,true,true
MSZZC1|6:XAUUSD|1:5|1:1|1:4|33:SSRP|ASIA_LOW|20250812|1755008400,610,1,1,0.63,0.63000000,3339.42000000,3339.42,-1.0,-1.00000000,true,true,true
MSZZC1|6:XAUUSD|1:5|1:1|1:4|33:SSRP|ASIA_LOW|20250812|1755009000,612,1,1,0.32,0.32000000,3335.92000000,3335.92,-1.0,-1.00000000,true,true,true
MSZZC1|6:XAUUSD|1:5|1:1|1:4|33:SSRP|ASIA_LOW|20250812|1755021300,614,1,1,0.22,0.22000000,3364.42000000,3364.42,2.0000000000000857,2.00000000,true,true,true
MSZZC1|6:XAUUSD|1:5|2:-1|1:4|34:SSRP|ASIA_HIGH|20250813|1755116700,616,1,1,0.5,0.50000000,3358.67000000,3358.67,-1.0,-1.00000000,true,true,true
MSZZC1|6:XAUUSD|1:5|1:1|1:4|33:SSRP|ASIA_LOW|20250814|1755173100,618,1,1,0.27,0.27000000,3348.94000000,3348.94,-1.0,-1.00000000,true,true,true
MSZZC1|6:XAUUSD|1:5|2:-1|1:4|34:SSRP|ASIA_HIGH|20250815|1755244800,620,1,1,0.88,0.88000000,3340.49000000,3340.49,2.003636363636443,2.00363636,true,true,true
MSZZC1|6:XAUUSD|1:5|2:-1|1:4|34:SSRP|ASIA_HIGH|20250815|1755255600,622,1,1,0.6,0.60000000,3336.32000000,3336.32,1.9975186104216693,1.99751861,true,true,true
MSZZC1|6:XAUUSD|1:5|2:-1|1:4|34:SSRP|ASIA_HIGH|20250819|1755612600,624,1,1,0.82,0.82000000,3335.83000000,3335.83,2.00338983050824,2.00338983,true,true,true
MSZZC1|6:XAUUSD|1:5|2:-1|1:4|34:SSRP|ASIA_HIGH|20250820|1755678900,626,1,1,2.23,2.23000000,3321.44000000,3321.44,-1.0,-1.00000000,true,true,true
MSZZC1|6:XAUUSD|1:5|1:1|1:4|33:SSRP|ASIA_LOW|20250821|1755763800,628,1,1,1.03,1.03000000,3336.98000000,3336.98,-1.0,-1.00000000,true,true,true
MSZZC1|6:XAUUSD|1:5|1:1|1:4|33:SSRP|ASIA_LOW|20250821|1755770700,630,1,1,0.79,0.79000000,3335.93000000,3335.93,-1.0,-1.00000000,true,true,true
MSZZC1|6:XAUUSD|1:5|1:1|1:4|33:SSRP|ASIA_LOW|20250821|1755788100,632,1,1,0.29,0.29000000,3332.68000000,3332.68,-1.0,-1.00000000,true,true,true
MSZZC1|6:XAUUSD|1:5|1:1|1:4|33:SSRP|ASIA_LOW|20250822|1755850200,634,1,1,3.74,3.74000000,3327.73000000,3327.73,-1.0,-1.00000000,true,true,true
MSZZC1|6:XAUUSD|1:5|1:1|1:4|33:SSRP|ASIA_LOW|20250822|1755850500,636,1,1,0.93,0.93000000,3327.20000000,3327.2,-1.0,-1.00000000,true,true,true
MSZZC1|6:XAUUSD|1:5|1:1|1:4|33:SSRP|ASIA_LOW|20250822|1755855900,638,1,1,0.86,0.86000000,3334.07000000,3334.07,2.0000000000003246,2.00000000,true,true,true
MSZZC1|6:XAUUSD|1:5|1:1|1:4|33:SSRP|ASIA_LOW|20250822|1755859800,640,1,1,1.04,1.04000000,3326.09000000,3326.09,-1.0,-1.00000000,true,true,true
MSZZC1|6:XAUUSD|1:5|1:1|1:4|33:SSRP|ASIA_LOW|20250822|1755860700,642,1,1,0.84,0.84000000,3325.89000000,3325.89,-1.0,-1.00000000,true,true,true
MSZZC1|6:XAUUSD|1:5|1:1|1:4|33:SSRP|ASIA_LOW|20250822|1755861000,644,1,1,0.8,0.80000000,3325.28000000,3325.28,-1.0,-1.00000000,true,true,true
MSZZC1|6:XAUUSD|1:5|1:1|1:4|33:SSRP|ASIA_LOW|20250822|1755875400,646,1,1,0.51,0.51000000,3325.02000000,3325.02,-1.0,-1.00000000,true,true,true
MSZZC1|6:XAUUSD|1:5|1:1|1:4|33:SSRP|ASIA_LOW|20250822|1755879000,648,1,1,0.5,0.50000000,3338.44000000,3338.44,1.9978902953587956,1.99789030,true,true,true
MSZZC1|6:XAUUSD|1:5|2:-1|1:4|34:SSRP|ASIA_HIGH|20250825|1756141200,650,1,1,1.21,1.21000000,3373.11000000,3373.11,-1.0,-1.00000000,true,true,true
MSZZC1|6:XAUUSD|1:5|2:-1|1:4|34:SSRP|ASIA_HIGH|20250825|1756142100,652,1,1,0.74,0.74000000,3374.33000000,3374.33,-1.0,-1.00000000,true,true,true
MSZZC1|6:XAUUSD|1:5|2:-1|1:4|34:SSRP|ASIA_HIGH|20250825|1756153500,654,1,1,0.93,0.93000000,3366.69000000,3366.69,1.9961089494166109,1.99610895,true,true,true
MSZZC1|6:XAUUSD|1:5|2:-1|1:4|34:SSRP|ASIA_HIGH|20250826|1756234500,656,1,1,0.55,0.55000000,3389.52000000,3389.52,-1.0,-1.00000000,true,true,true
MSZZC1|6:XAUUSD|1:5|2:-1|1:4|34:SSRP|ASIA_HIGH|20250827|1756328100,658,1,1,0.7,0.70000000,3395.90000000,3395.9000000000005,-1.0000000000001326,-1.00000000,true,true,true
MSZZC1|6:XAUUSD|1:5|2:-1|1:4|34:SSRP|ASIA_HIGH|20250828|1756380900,660,1,1,1.41,1.41000000,3400.24000000,3400.24,-1.0,-1.00000000,true,true,true
MSZZC1|6:XAUUSD|1:5|2:-1|1:4|34:SSRP|ASIA_HIGH|20250828|1756385400,662,1,1,2.18,2.18000000,3397.07000000,3397.07,1.9909090909093052,1.99090909,true,true,true
MSZZC1|6:XAUUSD|1:5|2:-1|1:4|34:SSRP|ASIA_HIGH|20250828|1756385700,664,1,1,0.58,0.58000000,3400.34000000,3400.34,-1.0,-1.00000000,true,true,true
MSZZC1|6:XAUUSD|1:5|2:-1|1:4|34:SSRP|ASIA_HIGH|20250828|1756395600,666,1,1,0.32,0.32000000,3404.64000000,3404.64,-1.0,-1.00000000,true,true,true
MSZZC1|6:XAUUSD|1:5|1:1|1:4|33:SSRP|ASIA_LOW|20250829|1756455300,668,1,1,2.96,2.96000000,3409.36000000,3409.3600000000006,2.0000000000011227,2.00000000,true,true,true
MSZZC1|6:XAUUSD|1:5|1:1|1:4|33:SSRP|ASIA_LOW|20250829|1756463100,670,1,1,1.5,1.50000000,3411.31000000,3411.31,2.006250000000137,2.00625000,true,true,true
MSZZC1|6:XAUUSD|1:5|1:1|1:4|33:SSRP|ASIA_LOW|20250829|1756470900,672,1,1,1.8900000000000001,1.89000000,3406.94000000,3406.94,-1.0,-1.00000000,true,true,true
MSZZC1|6:XAUUSD|1:5|1:1|1:4|33:SSRP|ASIA_LOW|20250829|1756477200,674,1,1,0.69,0.69000000,3415.42000000,3415.42,1.9999999999998697,2.00000000,true,true,true
MSZZC1|6:XAUUSD|1:5|2:-1|1:4|34:SSRP|ASIA_HIGH|20250829|1756483800,676,1,1,1.12,1.12000000,3420.44000000,3420.44,-1.0,-1.00000000,true,true,true
MSZZC1|6:XAUUSD|1:5|2:-1|1:4|34:SSRP|ASIA_HIGH|20250901|1756719900,678,1,1,0.81,0.81000000,3479.57000000,3479.5700000000006,2.003378378378145,2.00337838,true,true,true
MSZZC1|6:XAUUSD|1:5|2:-1|1:4|34:SSRP|ASIA_HIGH|20250901|1756720200,680,1,1,0.27,0.27000000,3488.08000000,3488.08,-1.0,-1.00000000,true,true,true
MSZZC1|6:XAUUSD|1:5|1:1|1:4|33:SSRP|ASIA_LOW|20250902|1756810200,682,1,1,0.47,0.47000000,3471.92000000,3471.92,-1.0,-1.00000000,true,true,true
MSZZC1|6:XAUUSD|1:5|1:1|1:4|33:SSRP|ASIA_LOW|20250902|1756811100,684,1,1,0.33,0.33000000,3491.54000000,3491.54,2.000000000000127,2.00000000,true,true,true
MSZZC1|6:XAUUSD|1:5|2:-1|1:4|34:SSRP|ASIA_HIGH|20250903|1756908600,686,1,1,1.16,1.16000000,3548.12000000,3548.1200000000003,-1.0000000000002176,-1.00000000,true,true,true
MSZZC1|6:XAUUSD|1:5|2:-1|1:4|34:SSRP|ASIA_HIGH|20250903|1756910400,688,1,1,0.74,0.74000000,3549.54000000,3549.54,-1.0,-1.00000000,true,true,true
MSZZC1|6:XAUUSD|1:5|2:-1|1:4|34:SSRP|ASIA_HIGH|20250905|1757059200,690,1,1,0.98,0.98000000,3553.87000000,3553.87,2.0,2.00000000,true,true,true
MSZZC1|6:XAUUSD|1:5|2:-1|1:4|34:SSRP|ASIA_HIGH|20250908|1757324400,692,1,1,0.99,0.99000000,3598.97000000,3598.97,-1.0,-1.00000000,true,true,true
MSZZC1|6:XAUUSD|1:5|2:-1|1:4|34:SSRP|ASIA_HIGH|20250909|1757406900,694,1,1,1.35,1.35000000,3658.70000000,3658.7,-1.0,-1.00000000,true,true,true
MSZZC1|6:XAUUSD|1:5|2:-1|1:4|34:SSRP|ASIA_HIGH|20250909|1757407200,696,1,1,0.59,0.59000000,3647.19000000,3647.19,1.9999999999998883,2.00000000,true,true,true
MSZZC1|6:XAUUSD|1:5|2:-1|1:4|34:SSRP|ASIA_HIGH|20250909|1757437200,698,1,1,0.09,0.09000000,3674.79000000,3674.79,-1.0,-1.00000000,true,true,true
MSZZC1|6:XAUUSD|1:5|2:-1|1:4|34:SSRP|ASIA_HIGH|20250916|1758018300,700,1,1,0.58,0.58000000,3692.64000000,3692.64,-1.0,-1.00000000,true,true,true
MSZZC1|6:XAUUSD|1:5|2:-1|1:4|34:SSRP|ASIA_HIGH|20250916|1758036600,702,1,1,0.54,0.54000000,3693.28000000,3693.28,-1.0,-1.00000000,true,true,true
MSZZC1|6:XAUUSD|1:5|2:-1|1:4|34:SSRP|ASIA_HIGH|20250916|1758044100,704,1,1,0.33,0.33000000,3674.69000000,3674.6899999999996,2.00140252454421,2.00140252,true,true,true
MSZZC1|6:XAUUSD|1:5|1:1|1:4|33:SSRP|ASIA_LOW|20250917|1758102300,706,1,1,0.41,0.41000000,3670.75000000,3670.75,-1.0,-1.00000000,true,true,true
MSZZC1|6:XAUUSD|1:5|1:1|1:4|33:SSRP|ASIA_LOW|20250917|1758103200,708,1,1,0.49,0.49000000,3670.30000000,3670.3,-1.0,-1.00000000,true,true,true
MSZZC1|6:XAUUSD|1:5|1:1|1:4|33:SSRP|ASIA_LOW|20250917|1758123000,710,1,1,0.47,0.47000000,3685.10000000,3685.1,1.9980506822611661,1.99805068,true,true,true
MSZZC1|6:XAUUSD|1:5|1:1|1:4|33:SSRP|ASIA_LOW|20250917|1758142800,712,1,1,0.04,0.04000000,3651.16000000,3651.16,-1.0,-1.00000000,true,true,true
MSZZC1|6:XAUUSD|1:5|1:1|1:4|33:SSRP|ASIA_LOW|20250918|1758191100,714,1,1,0.38,0.38000000,3665.41000000,3665.41,2.0,2.00000000,true,true,true
MSZZC1|6:XAUUSD|1:5|2:-1|1:4|34:SSRP|ASIA_HIGH|20250918|1758198600,716,1,1,1.7,1.70000000,3668.79000000,3668.7900000000004,2.006993006992204,2.00699301,true,true,true
MSZZC1|6:XAUUSD|1:5|2:-1|1:4|34:SSRP|ASIA_HIGH|20250918|1758200400,718,1,1,0.66,0.66000000,3672.57000000,3672.57,-1.0,-1.00000000,true,true,true
MSZZC1|6:XAUUSD|1:5|2:-1|1:4|34:SSRP|ASIA_HIGH|20250918|1758208800,720,1,1,1.53,1.53000000,3667.86000000,3667.86,1.999999999999714,2.00000000,true,true,true
MSZZC1|6:XAUUSD|1:5|2:-1|1:4|34:SSRP|ASIA_HIGH|20250918|1758209100,722,1,1,0.34,0.34000000,3651.13000000,3651.13,1.9999999999999365,2.00000000,true,true,true
MSZZC1|6:XAUUSD|1:5|2:-1|1:4|34:SSRP|ASIA_HIGH|20250919|1758268800,724,1,1,0.7,0.70000000,3650.77000000,3650.77,2.002840909090971,2.00284091,true,true,true
MSZZC1|6:XAUUSD|1:5|2:-1|1:4|34:SSRP|ASIA_HIGH|20250919|1758300900,726,1,1,0.36,0.36000000,3664.49000000,3664.49,-1.0,-1.00000000,true,true,true
MSZZC1|6:XAUUSD|1:5|2:-1|1:4|34:SSRP|ASIA_HIGH|20250922|1758529200,728,1,1,1.48,1.48000000,3697.95000000,3697.95,-1.0,-1.00000000,true,true,true
MSZZC1|6:XAUUSD|1:5|2:-1|1:4|34:SSRP|ASIA_HIGH|20250922|1758530700,730,1,1,0.7,0.70000000,3700.54000000,3700.54,-1.0,-1.00000000,true,true,true
MSZZC1|6:XAUUSD|1:5|2:-1|1:4|34:SSRP|ASIA_HIGH|20250923|1758664200,732,1,1,0.11,0.11000000,3778.69000000,3778.69,-1.0,-1.00000000,true,true,true
MSZZC1|6:XAUUSD|1:5|2:-1|1:4|34:SSRP|ASIA_HIGH|20250924|1758712500,734,1,1,0.58,0.58000000,3762.09000000,3762.0900000000006,2.0023923444975513,2.00239234,true,true,true
MSZZC1|6:XAUUSD|1:5|2:-1|1:4|34:SSRP|ASIA_HIGH|20250924|1758730800,736,1,1,0.42,0.42000000,3755.84000000,3755.84,1.9982788296039369,1.99827883,true,true,true
MSZZC1|6:XAUUSD|1:5|1:1|1:4|33:SSRP|ASIA_LOW|20250924|1758736200,738,1,1,0.64,0.64000000,3749.03000000,3749.03,-1.0,-1.00000000,true,true,true
MSZZC1|6:XAUUSD|1:5|2:-1|1:4|34:SSRP|ASIA_HIGH|20250925|1758796500,740,1,1,2.2,2.20000000,3752.50000000,3752.4999999999995,-0.999999999999594,-1.00000000,true,true,true
MSZZC1|6:XAUUSD|1:5|2:-1|1:4|34:SSRP|ASIA_HIGH|20250925|1758802500,742,1,1,0.39,0.39000000,3757.07000000,3757.0700000000006,-1.0000000000000728,-1.00000000,true,true,true
MSZZC1|6:XAUUSD|1:5|2:-1|1:4|34:SSRP|ASIA_HIGH|20250925|1758808500,744,1,1,0.26,0.26000000,3731.41000000,3731.41,2.0010683760683508,2.00106838,true,true,true
MSZZC1|6:XAUUSD|1:5|1:1|1:4|33:SSRP|ASIA_LOW|20250925|1758818700,746,1,1,0.2,0.20000000,3758.47000000,3758.47,2.0,2.00000000,true,true,true
MSZZC1|6:XAUUSD|1:5|2:-1|1:4|34:SSRP|ASIA_HIGH|20250929|1759133100,748,1,1,0.42,0.42000000,3812.31000000,3812.3100000000004,-1.000000000000077,-1.00000000,true,true,true
MSZZC1|6:XAUUSD|1:5|2:-1|1:4|34:SSRP|ASIA_HIGH|20250929|1759141500,750,1,1,0.28,0.28000000,3815.86000000,3815.86,-1.0,-1.00000000,true,true,true
MSZZC1|6:XAUUSD|1:5|2:-1|1:4|34:SSRP|ASIA_HIGH|20250929|1759149600,752,1,1,0.65,0.65000000,3812.08000000,3812.0799999999995,-0.9999999999998791,-1.00000000,true,true,true
MSZZC1|6:XAUUSD|1:5|2:-1|1:4|34:SSRP|ASIA_HIGH|20250930|1759219200,754,1,1,0.42,0.42000000,3870.13000000,3870.13,-1.0,-1.00000000,true,true,true
MSZZC1|6:XAUUSD|1:5|2:-1|1:4|34:SSRP|ASIA_HIGH|20250930|1759223100,756,1,1,0.47,0.47000000,3856.33000000,3856.33,2.0,2.00000000,true,true,true
MSZZC1|6:XAUUSD|1:5|1:1|1:4|33:SSRP|ASIA_LOW|20250930|1759250100,758,1,1,0.21,0.21000000,3852.63000000,3852.63,2.0,2.00000000,true,true,true
MSZZC1|6:XAUUSD|1:5|1:1|1:4|33:SSRP|ASIA_LOW|20251001|1759310400,760,1,1,0.28,0.28000000,3879.52000000,3879.5200000000004,2.000000000000052,2.00000000,true,true,true
MSZZC1|6:XAUUSD|1:5|2:-1|1:4|34:SSRP|ASIA_HIGH|20251001|1759332300,762,1,1,0.31,0.31000000,3859.25000000,3859.2500000000005,1.999999999999943,2.00000000,true,true,true
MSZZC1|6:XAUUSD|1:5|2:-1|1:4|34:SSRP|ASIA_HIGH|20251001|1759339800,764,1,1,0.2,0.20000000,3879.10000000,3879.1,-1.0,-1.00000000,true,true,true
MSZZC1|6:XAUUSD|1:5|2:-1|1:4|34:SSRP|ASIA_HIGH|20251002|1759424700,766,1,1,0.23,0.23000000,3845.63000000,3845.63,2.000000000000087,2.00000000,true,true,true
MSZZC1|6:XAUUSD|1:5|1:1|1:4|33:SSRP|ASIA_LOW|20251002|1759442100,768,1,1,0.4,0.40000000,3850.30000000,3850.3,-1.0,-1.00000000,true,true,true
MSZZC1|6:XAUUSD|1:5|2:-1|1:4|34:SSRP|ASIA_HIGH|20251003|1759488000,770,1,1,1.02,1.02000000,3865.40000000,3865.4,-1.0,-1.00000000,true,true,true
MSZZC1|6:XAUUSD|1:5|2:-1|1:4|34:SSRP|ASIA_HIGH|20251003|1759488300,772,1,1,1.12,1.12000000,3859.06000000,3859.06,1.9955156950677775,1.99551570,true,true,true
MSZZC1|6:XAUUSD|1:5|2:-1|1:4|34:SSRP|ASIA_HIGH|20251003|1759497000,774,1,1,0.67,0.67000000,3866.45000000,3866.4499999999994,-0.9999999999998784,-1.00000000,true,true,true
MSZZC1|6:XAUUSD|1:5|2:-1|1:4|34:SSRP|ASIA_HIGH|20251003|1759499700,776,1,1,0.47,0.47000000,3867.66000000,3867.66,-1.0,-1.00000000,true,true,true
MSZZC1|6:XAUUSD|1:5|2:-1|1:4|34:SSRP|ASIA_HIGH|20251006|1759737900,778,1,1,0.2,0.20000000,3945.46000000,3945.4600000000005,-1.0000000000000377,-1.00000000,true,true,true
MSZZC1|6:XAUUSD|1:5|2:-1|1:4|34:SSRP|ASIA_HIGH|20251006|1759749900,780,1,1,0.31,0.31000000,3946.49000000,3946.4899999999993,-0.9999999999999419,-1.00000000,true,true,true
MSZZC1|6:XAUUSD|1:5|2:-1|1:4|34:SSRP|ASIA_HIGH|20251006|1759752900,782,1,1,0.64,0.64000000,3943.92000000,3943.92,-1.0,-1.00000000,true,true,true
MSZZC1|6:XAUUSD|1:5|2:-1|1:4|34:SSRP|ASIA_HIGH|20251006|1759753800,784,1,1,0.42,0.42000000,3944.66000000,3944.66,-1.0,-1.00000000,true,true,true
MSZZC1|6:XAUUSD|1:5|2:-1|1:4|34:SSRP|ASIA_HIGH|20251006|1759758900,786,1,1,0.4,0.40000000,3944.25000000,3944.25,-1.0,-1.00000000,true,true,true
MSZZC1|6:XAUUSD|1:5|1:1|1:4|33:SSRP|ASIA_LOW|20251007|1759838400,788,1,1,0.3,0.30000000,3974.94000000,3974.94,1.9987515605493995,1.99875156,true,true,true
MSZZC1|6:XAUUSD|1:5|2:-1|1:4|34:SSRP|ASIA_HIGH|20251007|1759854300,790,1,1,0.26,0.26000000,3983.58000000,3983.58,-1.0,-1.00000000,true,true,true
MSZZC1|6:XAUUSD|1:5|2:-1|1:4|34:SSRP|ASIA_HIGH|20251007|1759861800,792,1,1,0.29,0.29000000,3985.77000000,3985.77,-1.0,-1.00000000,true,true,true
MSZZC1|6:XAUUSD|1:5|2:-1|1:4|34:SSRP|ASIA_HIGH|20251007|1759870500,794,1,1,0.23,0.23000000,3985.65000000,3985.65,-1.0,-1.00000000,true,true,true
MSZZC1|6:XAUUSD|1:5|2:-1|1:4|34:SSRP|ASIA_HIGH|20251008|1759914300,796,1,1,0.24,0.24000000,4033.12000000,4033.12,-1.0,-1.00000000,true,true,true
MSZZC1|6:XAUUSD|1:5|2:-1|1:4|34:SSRP|ASIA_HIGH|20251009|1759998600,798,1,1,0.38,0.38000000,4024.72000000,4024.72,2.000000000000071,2.00000000,true,true,true
MSZZC1|6:XAUUSD|1:5|2:-1|1:4|34:SSRP|ASIA_HIGH|20251009|1760011200,800,1,1,0.44,0.44000000,4042.19000000,4042.19,-1.0,-1.00000000,true,true,true
MSZZC1|6:XAUUSD|1:5|2:-1|1:4|34:SSRP|ASIA_HIGH|20251009|1760018100,802,1,1,0.39,0.39000000,4046.92000000,4046.92,-1.0,-1.00000000,true,true,true
MSZZC1|6:XAUUSD|1:5|2:-1|1:4|34:SSRP|ASIA_HIGH|20251009|1760027400,804,1,1,0.09,0.09000000,3980.15000000,3980.15,1.9999999999999822,2.00000000,true,true,true
MSZZC1|6:XAUUSD|1:5|2:-1|1:4|34:SSRP|ASIA_HIGH|20251010|1760098200,806,1,1,0.25,0.25000000,4001.89000000,4001.89,-1.0,-1.00000000,true,true,true
MSZZC1|6:XAUUSD|1:5|2:-1|1:4|34:SSRP|ASIA_HIGH|20251010|1760100600,808,1,1,0.22,0.22000000,3970.73000000,3970.73,1.999999999999959,2.00000000,true,true,true
MSZZC1|6:XAUUSD|1:5|2:-1|1:4|34:SSRP|ASIA_HIGH|20251010|1760122200,810,1,1,0.14,0.14000000,4007.37000000,4007.3700000000003,-1.0000000000000266,-1.00000000,true,true,true
MSZZC1|6:XAUUSD|1:5|2:-1|1:4|34:SSRP|ASIA_HIGH|20251014|1760430600,812,1,1,0.06,0.06000000,4179.89000000,4179.89,-1.0,-1.00000000,true,true,true
MSZZC1|6:XAUUSD|1:5|2:-1|1:4|34:SSRP|ASIA_HIGH|20251015|1760516700,814,1,1,0.36,0.36000000,4193.94000000,4193.94,-1.0,-1.00000000,true,true,true
MSZZC1|6:XAUUSD|1:5|2:-1|1:4|34:SSRP|ASIA_HIGH|20251015|1760530200,816,1,1,0.1,0.10000000,4208.45000000,4208.45,-1.0,-1.00000000,true,true,true
MSZZC1|6:XAUUSD|1:5|2:-1|1:4|34:SSRP|ASIA_HIGH|20251015|1760553600,818,1,1,0.28,0.28000000,4198.71000000,4198.71,-1.0,-1.00000000,true,true,true
MSZZC1|6:XAUUSD|1:5|2:-1|1:4|34:SSRP|ASIA_HIGH|20251015|1760558700,820,1,1,0.17,0.17000000,4199.96000000,4199.96,-1.0,-1.00000000,true,true,true
MSZZC1|6:XAUUSD|1:5|2:-1|1:4|34:SSRP|ASIA_HIGH|20251016|1760619600,822,1,1,0.46,0.46000000,4243.29000000,4243.29,-1.0,-1.00000000,true,true,true
MSZZC1|6:XAUUSD|1:5|2:-1|1:4|34:SSRP|ASIA_HIGH|20251016|1760622900,824,1,1,0.37,0.37000000,4246.56000000,4246.56,-1.0,-1.00000000,true,true,true
MSZZC1|6:XAUUSD|1:5|2:-1|1:4|34:SSRP|ASIA_HIGH|20251016|1760625600,826,1,1,0.34,0.34000000,4247.83000000,4247.83,-1.0,-1.00000000,true,true,true
MSZZC1|6:XAUUSD|1:5|2:-1|1:4|34:SSRP|ASIA_HIGH|20251016|1760628600,828,1,1,0.17,0.17000000,4251.44000000,4251.44,-1.0,-1.00000000,true,true,true
MSZZC1|6:XAUUSD|1:5|1:1|1:4|33:SSRP|ASIA_LOW|20251017|1760718900,830,1,1,0.08,0.08000000,4257.78000000,4257.78,-1.0,-1.00000000,true,true,true
MSZZC1|6:XAUUSD|1:5|1:1|1:4|33:SSRP|ASIA_LOW|20251021|1761039000,832,1,1,0.15,0.15000000,4321.85000000,4321.85,-1.0,-1.00000000,true,true,true
MSZZC1|6:XAUUSD|1:5|2:-1|1:4|34:SSRP|ASIA_HIGH|20251022|1761120900,834,1,1,0.36,0.36000000,4147.37000000,4147.37,-1.0,-1.00000000,true,true,true
MSZZC1|6:XAUUSD|1:5|2:-1|1:4|34:SSRP|ASIA_HIGH|20251022|1761126900,836,1,1,0.12,0.12000000,4103.38000000,4103.38,2.0,2.00000000,true,true,true
MSZZC1|6:XAUUSD|1:5|2:-1|1:4|34:SSRP|ASIA_HIGH|20251023|1761211800,838,1,1,0.16,0.16000000,4128.09000000,4128.09,-1.0,-1.00000000,true,true,true
MSZZC1|6:XAUUSD|1:5|2:-1|1:4|34:SSRP|ASIA_HIGH|20251023|1761259800,840,1,1,0.37,0.37000000,4122.04000000,4122.04,-1.0,-1.00000000,true,true,true
MSZZC1|6:XAUUSD|1:5|1:1|1:4|33:SSRP|ASIA_LOW|20251024|1761321600,842,1,1,0.07,0.07000000,4078.71000000,4078.7099999999996,-1.0000000000000142,-1.00000000,true,true,true
MSZZC1|6:XAUUSD|1:5|1:1|1:4|33:SSRP|ASIA_LOW|20251028|1761640500,844,1,1,0.35,0.35000000,3958.71000000,3958.71,-1.0,-1.00000000,true,true,true
MSZZC1|6:XAUUSD|1:5|1:1|1:4|33:SSRP|ASIA_LOW|20251028|1761675900,846,1,1,0.24,0.24000000,3956.28000000,3956.28,-1.0,-1.00000000,true,true,true
MSZZC1|6:XAUUSD|1:5|1:1|1:4|33:SSRP|ASIA_LOW|20251028|1761681600,848,1,1,0.25,0.25000000,3956.23000000,3956.23,-1.0,-1.00000000,true,true,true
MSZZC1|6:XAUUSD|1:5|2:-1|1:4|34:SSRP|ASIA_HIGH|20251029|1761731100,850,1,1,0.42,0.42000000,3985.32000000,3985.32,-1.0,-1.00000000,true,true,true
MSZZC1|6:XAUUSD|1:5|2:-1|1:4|34:SSRP|ASIA_HIGH|20251029|1761772500,852,1,1,0.27,0.27000000,3964.22000000,3964.22,2.0000000000001057,2.00000000,true,true,true
MSZZC1|6:XAUUSD|1:5|2:-1|1:4|34:SSRP|ASIA_HIGH|20251029|1761773100,854,1,1,0.06,0.06000000,3989.81000000,3989.81,-1.0,-1.00000000,true,true,true
MSZZC1|6:XAUUSD|1:5|2:-1|1:4|34:SSRP|ASIA_HIGH|20251030|1761830700,856,1,1,0.21,0.21000000,3991.06000000,3991.06,-1.0,-1.00000000,true,true,true
MSZZC1|6:XAUUSD|1:5|1:1|1:4|33:SSRP|ASIA_LOW|20251031|1761942600,858,1,1,0.12,0.12000000,3980.38000000,3980.38,-1.0,-1.00000000,true,true,true
MSZZC1|6:XAUUSD|1:5|2:-1|1:4|34:SSRP|ASIA_HIGH|20251103|1762160400,860,1,1,0.28,0.28000000,4023.83000000,4023.8300000000004,-1.0000000000000542,-1.00000000,true,true,true
MSZZC1|6:XAUUSD|1:5|2:-1|1:4|34:SSRP|ASIA_HIGH|20251103|1762164600,862,1,1,0.22,0.22000000,3995.33000000,3995.33,2.000941619585708,2.00094162,true,true,true
MSZZC1|6:XAUUSD|1:5|2:-1|1:4|34:SSRP|ASIA_HIGH|20251103|1762183200,864,1,1,0.43,0.43000000,4019.84000000,4019.84,-1.0,-1.00000000,true,true,true
MSZZC1|6:XAUUSD|1:5|2:-1|1:4|34:SSRP|ASIA_HIGH|20251103|1762184100,866,1,1,0.67,0.67000000,4010.28000000,4010.2800000000007,1.9971590909088996,1.99715909,true,true,true
MSZZC1|6:XAUUSD|1:5|2:-1|1:4|34:SSRP|ASIA_HIGH|20251103|1762186800,868,1,1,0.22,0.22000000,4020.66000000,4020.6600000000003,-1.0000000000000433,-1.00000000,true,true,true
MSZZC1|6:XAUUSD|1:5|2:-1|1:4|34:SSRP|ASIA_HIGH|20251103|1762190100,870,1,1,0.21,0.21000000,3996.68000000,3996.68,1.999072356215193,1.99907236,true,true,true
MSZZC1|6:XAUUSD|1:5|1:1|1:4|33:SSRP|ASIA_LOW|20251104|1762243200,872,1,1,0.28,0.28000000,3991.34000000,3991.3400000000006,2.0012091898428865,2.00120919,true,true,true
MSZZC1|6:XAUUSD|1:5|1:1|1:4|33:SSRP|ASIA_LOW|20251104|1762271400,874,1,1,0.55,0.55000000,3971.59000000,3971.59,-1.0,-1.00000000,true,true,true
MSZZC1|6:XAUUSD|1:5|1:1|1:4|33:SSRP|ASIA_LOW|20251104|1762272000,876,1,1,0.19,0.19000000,3963.62000000,3963.62,-1.0,-1.00000000,true,true,true
MSZZC1|6:XAUUSD|1:5|1:1|1:4|33:SSRP|ASIA_LOW|20251104|1762280100,878,1,1,0.2,0.20000000,3963.23000000,3963.23,-1.0,-1.00000000,true,true,true
MSZZC1|6:XAUUSD|1:5|2:-1|1:4|34:SSRP|ASIA_HIGH|20251105|1762339800,880,1,1,0.28,0.28000000,3959.00000000,3959.0000000000005,1.9987893462470019,1.99878935,true,true,true
MSZZC1|6:XAUUSD|1:5|2:-1|1:4|34:SSRP|ASIA_HIGH|20251105|1762357800,882,1,1,0.57,0.57000000,3979.98000000,3979.9800000000005,-1.0000000000001095,-1.00000000,true,true,true
MSZZC1|6:XAUUSD|1:5|2:-1|1:4|34:SSRP|ASIA_HIGH|20251105|1762360500,884,1,1,0.25,0.25000000,3985.77000000,3985.77,-1.0,-1.00000000,true,true,true
MSZZC1|6:XAUUSD|1:5|2:-1|1:4|34:SSRP|ASIA_HIGH|20251106|1762447800,886,1,1,0.11,0.11000000,3999.74000000,3999.74,-1.0,-1.00000000,true,true,true
MSZZC1|6:XAUUSD|1:5|2:-1|1:4|34:SSRP|ASIA_HIGH|20251107|1762520700,888,1,1,0.24,0.24000000,4011.95000000,4011.95,-1.0,-1.00000000,true,true,true
MSZZC1|6:XAUUSD|1:5|2:-1|1:4|34:SSRP|ASIA_HIGH|20251107|1762541700,890,1,1,0.17,0.17000000,4014.22000000,4014.22,-1.0,-1.00000000,true,true,true
MSZZC1|6:XAUUSD|1:5|2:-1|1:4|34:SSRP|ASIA_HIGH|20251110|1762761600,892,1,1,0.69,0.69000000,4071.16000000,4071.16,-1.0,-1.00000000,true,true,true
MSZZC1|6:XAUUSD|1:5|1:1|1:4|33:SSRP|ASIA_LOW|20251111|1762887900,894,1,1,0.69,0.69000000,4112.66000000,4112.66,-1.0,-1.00000000,true,true,true
MSZZC1|6:XAUUSD|1:5|1:1|1:4|33:SSRP|ASIA_LOW|20251111|1762889400,896,1,1,0.49,0.49000000,4110.59000000,4110.59,-1.0,-1.00000000,true,true,true
MSZZC1|6:XAUUSD|1:5|1:1|1:4|33:SSRP|ASIA_LOW|20251111|1762893600,898,1,1,0.35,0.35000000,4128.16000000,4128.16,2.001529051987801,2.00152905,true,true,true
MSZZC1|6:XAUUSD|1:5|2:-1|1:4|34:SSRP|ASIA_HIGH|20251113|1763049600,900,1,1,0.14,0.14000000,4183.57000000,4183.57,2.0006108735491885,2.00061087,true,true,true
MSZZC1|6:XAUUSD|1:5|1:1|1:4|33:SSRP|ASIA_LOW|20251113|1763074800,902,1,1,0.11,0.11000000,4160.71000000,4160.71,-1.0,-1.00000000,true,true,true
MSZZC1|6:XAUUSD|1:5|1:1|1:4|33:SSRP|ASIA_LOW|20251114|1763112600,904,1,1,0.19,0.19000000,4162.24000000,4162.24,-1.0,-1.00000000,true,true,true
MSZZC1|6:XAUUSD|1:5|1:1|1:4|33:SSRP|ASIA_LOW|20251114|1763123400,906,1,1,0.2,0.20000000,4159.20000000,4159.2,-1.0,-1.00000000,true,true,true
MSZZC1|6:XAUUSD|1:5|1:1|1:4|33:SSRP|ASIA_LOW|20251118|1763457000,908,1,1,0.37,0.37000000,4002.14000000,4002.14,-1.0,-1.00000000,true,true,true
MSZZC1|6:XAUUSD|1:5|1:1|1:4|33:SSRP|ASIA_LOW|20251118|1763458200,910,1,1,0.28,0.28000000,4022.38000000,4022.3800000000006,2.0,2.00000000,true,true,true
MSZZC1|6:XAUUSD|1:5|2:-1|1:4|34:SSRP|ASIA_HIGH|20251118|1763487600,912,1,1,0.23,0.23000000,4064.03000000,4064.03,-1.0,-1.00000000,true,true,true
MSZZC1|6:XAUUSD|1:5|2:-1|1:4|34:SSRP|ASIA_HIGH|20251119|1763539200,914,1,1,0.84,0.84000000,4090.56000000,4090.5599999999995,2.000000000000657,2.00000000,true,true,true
MSZZC1|6:XAUUSD|1:5|2:-1|1:4|34:SSRP|ASIA_HIGH|20251119|1763574300,916,1,1,0.12,0.12000000,4052.97000000,4052.97,2.0000000000000235,2.00000000,true,true,true
MSZZC1|6:XAUUSD|1:5|1:1|1:4|33:SSRP|ASIA_LOW|20251120|1763634000,918,1,1,0.28,0.28000000,4062.75000000,4062.75,1.9987775061123871,1.99877751,true,true,true
MSZZC1|6:XAUUSD|1:5|1:1|1:4|33:SSRP|ASIA_LOW|20251121|1763720100,920,1,1,0.26,0.26000000,4060.98000000,4060.98,2.0000000000000497,2.00000000,true,true,true
MSZZC1|6:XAUUSD|1:5|1:1|1:4|33:SSRP|ASIA_LOW|20251121|1763727000,922,1,1,0.32,0.32000000,4034.96000000,4034.96,-1.0,-1.00000000,true,true,true
MSZZC1|6:XAUUSD|1:5|1:1|1:4|33:SSRP|ASIA_LOW|20251121|1763728800,924,1,1,0.25,0.25000000,4032.78000000,4032.78,-1.0,-1.00000000,true,true,true
MSZZC1|6:XAUUSD|1:5|1:1|1:4|33:SSRP|ASIA_LOW|20251121|1763733600,926,1,1,0.24,0.24000000,4063.97000000,4063.97,1.9989816700610312,1.99898167,true,true,true
MSZZC1|6:XAUUSD|1:5|2:-1|1:4|34:SSRP|ASIA_HIGH|20251121|1763751600,928,1,1,0.14,0.14000000,4050.42000000,4050.4199999999996,2.000585823081442,2.00058582,true,true,true
MSZZC1|6:XAUUSD|1:5|2:-1|1:4|34:SSRP|ASIA_HIGH|20251124|1763998500,930,1,1,0.27,0.27000000,4086.03000000,4086.0299999999997,-0.9999999999999483,-1.00000000,true,true,true
MSZZC1|6:XAUUSD|1:5|1:1|1:4|33:SSRP|ASIA_LOW|20251125|1764066900,932,1,1,0.33,0.33000000,4120.42000000,4120.42,-1.0,-1.00000000,true,true,true
MSZZC1|6:XAUUSD|1:5|1:1|1:4|33:SSRP|ASIA_LOW|20251125|1764068100,934,1,1,0.19,0.19000000,4147.64000000,4147.64,2.0008291873962945,2.00082919,true,true,true
MSZZC1|6:XAUUSD|1:5|1:1|1:4|33:SSRP|ASIA_LOW|20251125|1764089100,936,1,1,0.16,0.16000000,4154.08000000,4154.08,1.9993079584775564,1.99930796,true,true,true
MSZZC1|6:XAUUSD|1:5|2:-1|1:4|34:SSRP|ASIA_HIGH|20251125|1764099000,938,1,1,0.34,0.34000000,4138.73000000,4138.73,2.0,2.00000000,true,true,true
MSZZC1|6:XAUUSD|1:5|2:-1|1:4|34:SSRP|ASIA_HIGH|20251126|1764164400,940,1,1,0.4,0.40000000,4172.76000000,4172.76,-1.0,-1.00000000,true,true,true
MSZZC1|6:XAUUSD|1:5|2:-1|1:4|34:SSRP|ASIA_HIGH|20251126|1764165600,942,1,1,0.49,0.49000000,4159.28000000,4159.28,1.9979381443302267,1.99793814,true,true,true
MSZZC1|6:XAUUSD|1:5|2:-1|1:4|34:SSRP|ASIA_HIGH|20251126|1764187800,944,1,1,0.69,0.69000000,4161.33000000,4161.33,1.9971428571427947,1.99714286,true,true,true
MSZZC1|6:XAUUSD|1:5|2:-1|1:4|34:SSRP|ASIA_HIGH|20251126|1764192000,946,1,1,0.9,0.90000000,4162.16000000,4162.16,2.003717472119379,2.00371747,true,true,true
MSZZC1|6:XAUUSD|1:5|1:1|1:4|33:SSRP|ASIA_LOW|20251128|1764326400,948,1,1,0.22,0.22000000,4154.69000000,4154.69,-1.0,-1.00000000,true,true,true
MSZZC1|6:XAUUSD|1:5|2:-1|1:4|34:SSRP|ASIA_HIGH|20251128|1764348900,950,1,1,0.2,0.20000000,4201.45000000,4201.45,-1.0,-1.00000000,true,true,true
MSZZC1|6:XAUUSD|1:5|2:-1|1:4|34:SSRP|ASIA_HIGH|20251201|1764591000,952,1,1,0.31,0.31000000,4262.57000000,4262.57,-1.0,-1.00000000,true,true,true
MSZZC1|6:XAUUSD|1:5|2:-1|1:4|34:SSRP|ASIA_HIGH|20251201|1764603600,954,1,1,0.2,0.20000000,4228.87000000,4228.87,2.000832639467053,2.00083264,true,true,true
MSZZC1|6:XAUUSD|1:5|1:1|1:4|33:SSRP|ASIA_LOW|20251202|1764675300,956,1,1,0.19,0.19000000,4217.58000000,4217.58,2.0,2.00000000,true,true,true
MSZZC1|6:XAUUSD|1:5|1:1|1:4|33:SSRP|ASIA_LOW|20251202|1764702600,958,1,1,0.36,0.36000000,4184.81000000,4184.81,-1.0,-1.00000000,true,true,true
MSZZC1|6:XAUUSD|1:5|1:1|1:4|33:SSRP|ASIA_LOW|20251202|1764708300,960,1,1,0.46,0.46000000,4201.50000000,4201.5,1.9999999999998275,2.00000000,true,true,true
MSZZC1|6:XAUUSD|1:5|1:1|1:4|33:SSRP|ASIA_LOW|20251203|1764754200,962,1,1,0.36,0.36000000,4199.34000000,4199.34,-1.0,-1.00000000,true,true,true
MSZZC1|6:XAUUSD|1:5|1:1|1:4|33:SSRP|ASIA_LOW|20251203|1764764400,964,1,1,0.41,0.41000000,4197.15000000,4197.15,-1.0,-1.00000000,true,true,true
MSZZC1|6:XAUUSD|1:5|1:1|1:4|33:SSRP|ASIA_LOW|20251203|1764767400,966,1,1,0.45,0.45000000,4214.21000000,4214.21,1.9999999999998326,2.00000000,true,true,true
MSZZC1|6:XAUUSD|1:5|2:-1|1:4|34:SSRP|ASIA_HIGH|20251203|1764777600,968,1,1,0.14,0.14000000,4240.86000000,4240.86,-1.0,-1.00000000,true,true,true
MSZZC1|6:XAUUSD|1:5|2:-1|1:4|34:SSRP|ASIA_HIGH|20251203|1764779700,970,1,1,0.16,0.16000000,4197.80000000,4197.8,1.9999999999999383,2.00000000,true,true,true
MSZZC1|6:XAUUSD|1:5|1:1|1:4|33:SSRP|ASIA_LOW|20251203|1764788100,972,1,1,0.22,0.22000000,4195.39000000,4195.39,-1.0,-1.00000000,true,true,true
MSZZC1|6:XAUUSD|1:5|1:1|1:4|33:SSRP|ASIA_LOW|20251203|1764795300,974,1,1,0.26,0.26000000,4195.05000000,4195.05,-1.0,-1.00000000,true,true,true
MSZZC1|6:XAUUSD|1:5|2:-1|1:4|34:SSRP|ASIA_HIGH|20251204|1764872100,976,1,1,0.73,0.73000000,4209.46000000,4209.46,1.9999999999997284,2.00000000,true,true,true
MSZZC1|6:XAUUSD|1:5|2:-1|1:4|34:SSRP|ASIA_HIGH|20251204|1764877800,978,1,1,1.97,1.97000000,4213.94000000,4213.94,2.0,2.00000000,true,true,true
MSZZC1|6:XAUUSD|1:5|2:-1|1:4|34:SSRP|ASIA_HIGH|20251204|1764878400,980,1,1,0.47,0.47000000,4201.92000000,4201.92,1.9999999999998257,2.00000000,true,true,true
MSZZC1|6:XAUUSD|1:5|2:-1|1:4|34:SSRP|ASIA_HIGH|20251205|1764931500,982,1,1,0.67,0.67000000,4224.74000000,4224.74,-1.0,-1.00000000,true,true,true
MSZZC1|6:XAUUSD|1:5|2:-1|1:4|34:SSRP|ASIA_HIGH|20251205|1764957900,984,1,1,0.06,0.06000000,4240.21000000,4240.21,-1.0,-1.00000000,true,true,true
MSZZC1|6:XAUUSD|1:5|1:1|1:4|33:SSRP|ASIA_LOW|20251211|1765440000,986,1,1,0.43,0.43000000,4221.33000000,4221.33,1.999999999999841,2.00000000,true,true,true
MSZZC1|6:XAUUSD|1:5|1:1|1:4|33:SSRP|ASIA_LOW|20251211|1765466100,988,1,1,0.35,0.35000000,4226.50000000,4226.5,1.998593530239197,1.99859353,true,true,true
MSZZC1|6:XAUUSD|1:5|2:-1|1:4|34:SSRP|ASIA_HIGH|20251212|1765562100,990,1,1,0.1,0.10000000,4301.18000000,4301.18,-1.0,-1.00000000,true,true,true
MSZZC1|6:XAUUSD|1:5|2:-1|1:4|34:SSRP|ASIA_HIGH|20251215|1765785600,992,1,1,0.51,0.51000000,4345.72000000,4345.72,-1.0,-1.00000000,true,true,true
MSZZC1|6:XAUUSD|1:5|2:-1|1:4|34:SSRP|ASIA_HIGH|20251215|1765786800,994,1,1,1.32,1.32000000,4345.91000000,4345.91,-1.0,-1.00000000,true,true,true
MSZZC1|6:XAUUSD|1:5|2:-1|1:4|34:SSRP|ASIA_HIGH|20251215|1765787700,996,1,1,0.68,0.68000000,4336.98000000,4336.98,2.002754820936699,2.00275482,true,true,true
MSZZC1|6:XAUUSD|1:5|2:-1|1:4|34:SSRP|ASIA_HIGH|20251215|1765798200,998,1,1,0.41,0.41000000,4331.99000000,4331.99,2.001639344262182,2.00163934,true,true,true
MSZZC1|6:XAUUSD|1:5|1:1|1:4|33:SSRP|ASIA_LOW|20251215|1765823700,1000,1,1,0.21,0.21000000,4285.01000000,4285.01,-1.0,-1.00000000,true,true,true
MSZZC1|6:XAUUSD|1:5|2:-1|1:4|34:SSRP|ASIA_HIGH|20251216|1765900800,1002,1,1,0.54,0.54000000,4320.10000000,4320.1,-1.0,-1.00000000,true,true,true
MSZZC1|6:XAUUSD|1:5|2:-1|1:4|34:SSRP|ASIA_HIGH|20251216|1765905000,1004,1,1,0.13,0.13000000,4334.68000000,4334.68,-1.0,-1.00000000,true,true,true
MSZZC1|6:XAUUSD|1:5|2:-1|1:4|34:SSRP|ASIA_HIGH|20251217|1765986900,1006,1,1,0.12,0.12000000,4346.45000000,4346.45,-1.0,-1.00000000,true,true,true
MSZZC1|6:XAUUSD|1:5|2:-1|1:4|34:SSRP|ASIA_HIGH|20251217|1765992600,1008,1,1,0.16,0.16000000,4349.62000000,4349.62,-1.0,-1.00000000,true,true,true
MSZZC1|6:XAUUSD|1:5|2:-1|1:4|34:SSRP|ASIA_HIGH|20251218|1766084400,1010,1,1,0.07,0.07000000,4363.93000000,4363.93,-1.0,-1.00000000,true,true,true
MSZZC1|6:XAUUSD|1:5|2:-1|1:4|34:SSRP|ASIA_HIGH|20251222|1766399100,1012,1,1,0.33,0.33000000,4415.12000000,4415.12,-1.0,-1.00000000,true,true,true
MSZZC1|6:XAUUSD|1:5|2:-1|1:4|34:SSRP|ASIA_HIGH|20251222|1766406300,1014,1,1,0.58,0.58000000,4413.23000000,4413.23,-1.0,-1.00000000,true,true,true
MSZZC1|6:XAUUSD|1:5|2:-1|1:4|34:SSRP|ASIA_HIGH|20251222|1766412000,1016,1,1,0.46,0.46000000,4413.39000000,4413.39,-1.0,-1.00000000,true,true,true
MSZZC1|6:XAUUSD|1:5|1:1|1:4|33:SSRP|ASIA_LOW|20251223|1766509200,1018,1,1,0.13,0.13000000,4485.25000000,4485.25,2.0000000000000497,2.00000000,true,true,true
MSZZC1|6:XAUUSD|1:5|2:-1|1:4|34:SSRP|ASIA_HIGH|20251223|1766530500,1020,1,1,0.31,0.31000000,4500.36000000,4500.36,-1.0,-1.00000000,true,true,true
MSZZC1|6:XAUUSD|1:5|1:1|1:4|33:SSRP|ASIA_LOW|20251224|1766594400,1022,1,1,0.51,0.51000000,4468.77000000,4468.77,-1.0,-1.00000000,true,true,true
MSZZC1|6:XAUUSD|1:5|1:1|1:4|33:SSRP|ASIA_LOW|20251224|1766595300,1024,1,1,0.17,0.17000000,4459.71000000,4459.71,-1.0,-1.00000000,true,true,true
MSZZC1|6:XAUUSD|1:5|1:1|1:4|33:SSRP|ASIA_LOW|20251224|1766601000,1026,1,1,0.29,0.29000000,4492.00000000,4492.0,1.9988052568695298,1.99880526,true,true,true
MSZZC1|6:XAUUSD|1:5|2:-1|1:4|34:SSRP|ASIA_HIGH|20251226|1766766600,1028,1,1,0.28,0.28000000,4533.57000000,4533.57,-1.0,-1.00000000,true,true,true
MSZZC1|6:XAUUSD|1:5|2:-1|1:4|34:SSRP|ASIA_HIGH|20251226|1766775900,1030,1,1,0.21,0.21000000,4537.63000000,4537.63,-1.0,-1.00000000,true,true,true
MSZZC1|6:XAUUSD|1:5|1:1|1:4|33:SSRP|ASIA_LOW|20251229|1766999100,1032,1,1,0.09,0.09000000,4447.80000000,4447.8,-1.0,-1.00000000,true,true,true
MSZZC1|6:XAUUSD|1:5|2:-1|1:4|34:SSRP|ASIA_HIGH|20251230|1767087900,1034,1,1,0.26,0.26000000,4355.85000000,4355.85,2.0010706638114892,2.00107066,true,true,true
MSZZC1|6:XAUUSD|1:5|2:-1|1:4|34:SSRP|ASIA_HIGH|20251230|1767108600,1036,1,1,0.16,0.16000000,4350.43000000,4350.43,1.9999999999998748,2.00000000,true,true,true
MSZZC1|6:XAUUSD|1:5|1:1|1:4|33:SSRP|ASIA_LOW|20251231|1767168000,1038,1,1,0.12,0.12000000,4332.14000000,4332.14,2.0005170630817073,2.00051706,true,true,true
MSZZC1|6:XAUUSD|1:5|2:-1|1:4|34:SSRP|ASIA_HIGH|20260102|1767366900,1040,1,1,0.11,0.11000000,4338.75000000,4338.75,1.9999999999999574,2.00000000,true,true,true
MSZZC1|6:XAUUSD|1:5|1:1|1:4|33:SSRP|ASIA_LOW|20260102|1767377700,1042,1,1,0.33,0.33000000,4314.33000000,4314.33,-1.0,-1.00000000,true,true,true
MSZZC1|6:XAUUSD|1:5|1:1|1:4|33:SSRP|ASIA_LOW|20260102|1767387300,1044,1,1,0.32,0.32000000,4336.24000000,4336.24,2.0,2.00000000,true,true,true
MSZZC1|6:XAUUSD|1:5|2:-1|1:4|34:SSRP|ASIA_HIGH|20260105|1767601500,1046,1,1,0.4,0.40000000,4426.70000000,4426.7,-1.0,-1.00000000,true,true,true
MSZZC1|6:XAUUSD|1:5|2:-1|1:4|34:SSRP|ASIA_HIGH|20260105|1767619200,1048,1,1,0.18,0.18000000,4430.92000000,4430.92,-1.0,-1.00000000,true,true,true
MSZZC1|6:XAUUSD|1:5|2:-1|1:4|34:SSRP|ASIA_HIGH|20260106|1767695100,1050,1,1,0.27,0.27000000,4449.47000000,4449.47,2.0,2.00000000,true,true,true
MSZZC1|6:XAUUSD|1:5|2:-1|1:4|34:SSRP|ASIA_HIGH|20260106|1767720300,1052,1,1,0.19,0.19000000,4482.34000000,4482.34,-1.0,-1.00000000,true,true,true
MSZZC1|6:XAUUSD|1:5|1:1|1:4|33:SSRP|ASIA_LOW|20260107|1767775500,1054,1,1,0.43,0.43000000,4458.04000000,4458.04,1.9982698961938912,1.99826990,true,true,true
MSZZC1|6:XAUUSD|1:5|1:1|1:4|33:SSRP|ASIA_LOW|20260107|1767795300,1056,1,1,0.29,0.29000000,4438.93000000,4438.93,-1.0,-1.00000000,true,true,true
MSZZC1|6:XAUUSD|1:5|1:1|1:4|33:SSRP|ASIA_LOW|20260107|1767798900,1058,1,1,0.18,0.18000000,4430.01000000,4430.01,-1.0,-1.00000000,true,true,true
MSZZC1|6:XAUUSD|1:5|1:1|1:4|33:SSRP|ASIA_LOW|20260107|1767806400,1060,1,1,0.1,0.10000000,4424.12000000,4424.12,-1.0,-1.00000000,true,true,true
MSZZC1|6:XAUUSD|1:5|1:1|1:4|33:SSRP|ASIA_LOW|20260108|1767881400,1062,1,1,0.19,0.19000000,4446.57000000,4446.57,1.9992289899767828,1.99922899,true,true,true
MSZZC1|6:XAUUSD|1:5|2:-1|1:4|34:SSRP|ASIA_HIGH|20260109|1767972900,1064,1,1,0.28,0.28000000,4492.46000000,4492.46,-1.0,-1.00000000,true,true,true
MSZZC1|6:XAUUSD|1:5|2:-1|1:4|34:SSRP|ASIA_HIGH|20260112|1768233300,1066,1,1,0.12,0.12000000,4620.62000000,4620.62,-1.0,-1.00000000,true,true,true
MSZZC1|6:XAUUSD|1:5|2:-1|1:4|34:SSRP|ASIA_HIGH|20260112|1768255200,1068,1,1,0.22,0.22000000,4577.91000000,4577.91,2.0008841732979055,2.00088417,true,true,true
MSZZC1|6:XAUUSD|1:5|1:1|1:4|33:SSRP|ASIA_LOW|20260113|1768293600,1070,1,1,0.38,0.38000000,4593.06000000,4593.06,1.9984802431611992,1.99848024,true,true,true
MSZZC1|6:XAUUSD|1:5|2:-1|1:4|34:SSRP|ASIA_HIGH|20260113|1768324200,1072,1,1,0.13,0.13000000,4570.30000000,4570.3,2.0005479452054913,2.00054795,true,true,true
MSZZC1|6:XAUUSD|1:5|1:1|1:4|33:SSRP|ASIA_LOW|20260113|1768343400,1074,1,1,0.33,0.33000000,4592.11000000,4592.11,1.999999999999881,2.00000000,true,true,true
MSZZC1|6:XAUUSD|1:5|2:-1|1:4|34:SSRP|ASIA_HIGH|20260114|1768402500,1076,1,1,0.34,0.34000000,4620.42000000,4620.42,2.001353179972843,2.00135318,true,true,true
MSZZC1|6:XAUUSD|1:5|2:-1|1:4|34:SSRP|ASIA_HIGH|20260114|1768424400,1078,1,1,0.3,0.30000000,4618.20000000,4618.2,1.9999999999998916,2.00000000,true,true,true
MSZZC1|6:XAUUSD|1:5|1:1|1:4|33:SSRP|ASIA_LOW|20260116|1768577100,1080,1,1,0.2,0.20000000,4619.85000000,4619.85,2.0008012820512264,2.00080128,true,true,true
MSZZC1|6:XAUUSD|1:5|1:1|1:4|33:SSRP|ASIA_LOW|20260116|1768586400,1082,1,1,0.09,0.09000000,4645.07000000,4645.07,2.000000000000035,2.00000000,true,true,true
MSZZC1|6:XAUUSD|1:5|2:-1|1:4|34:SSRP|ASIA_HIGH|20260120|1768900200,1084,1,1,1.67,1.67000000,4717.98000000,4717.98,-1.0,-1.00000000,true,true,true
MSZZC1|6:XAUUSD|1:5|2:-1|1:4|34:SSRP|ASIA_HIGH|20260120|1768902300,1086,1,1,0.37,0.37000000,4722.91000000,4722.91,-1.0,-1.00000000,true,true,true
MSZZC1|6:XAUUSD|1:5|2:-1|1:4|34:SSRP|ASIA_HIGH|20260121|1768983900,1088,1,1,0.12,0.12000000,4827.91000000,4827.91,2.0,2.00000000,true,true,true
MSZZC1|6:XAUUSD|1:5|2:-1|1:4|34:SSRP|ASIA_HIGH|20260122|1769072700,1090,1,1,1.32,1.32000000,4835.12000000,4835.12,-1.0,-1.00000000,true,true,true
MSZZC1|6:XAUUSD|1:5|2:-1|1:4|34:SSRP|ASIA_HIGH|20260122|1769073300,1092,1,1,0.42,0.42000000,4837.70000000,4837.7,-1.0,-1.00000000,true,true,true
MSZZC1|6:XAUUSD|1:5|2:-1|1:4|34:SSRP|ASIA_HIGH|20260122|1769074500,1094,1,1,0.51,0.51000000,4823.55000000,4823.55,2.000000000000181,2.00000000,true,true,true
MSZZC1|6:XAUUSD|1:5|2:-1|1:4|34:SSRP|ASIA_HIGH|20260122|1769079600,1096,1,1,0.93,0.93000000,4835.59000000,4835.59,-1.0,-1.00000000,true,true,true
MSZZC1|6:XAUUSD|1:5|2:-1|1:4|34:SSRP|ASIA_HIGH|20260122|1769079900,1098,1,1,0.48,0.48000000,4822.31000000,4822.3099999999995,2.000000000000172,2.00000000,true,true,true
MSZZC1|6:XAUUSD|1:5|2:-1|1:4|34:SSRP|ASIA_HIGH|20260122|1769089500,1100,1,1,0.46,0.46000000,4819.99000000,4819.99,2.001795332136648,2.00179533,true,true,true
MSZZC1|6:XAUUSD|1:5|2:-1|1:4|34:SSRP|ASIA_HIGH|20260122|1769095500,1102,1,1,0.19,0.19000000,4835.52000000,4835.52,-1.0,-1.00000000,true,true,true
MSZZC1|6:XAUUSD|1:5|1:1|1:4|33:SSRP|ASIA_LOW|20260123|1769176500,1104,1,1,0.16,0.16000000,4965.71000000,4965.71,2.0000000000000573,2.00000000,true,true,true
MSZZC1|6:XAUUSD|1:5|2:-1|1:4|34:SSRP|ASIA_HIGH|20260123|1769197800,1106,1,1,0.13,0.13000000,4985.26000000,4985.26,-1.0,-1.00000000,true,true,true
MSZZC1|6:XAUUSD|1:5|2:-1|1:4|34:SSRP|ASIA_HIGH|20260126|1769417400,1108,1,1,0.07,0.07000000,5009.82000000,5009.82,2.0000000000000537,2.00000000,true,true,true
MSZZC1|6:XAUUSD|1:5|2:-1|1:4|34:SSRP|ASIA_HIGH|20260127|1769500800,1110,1,1,0.5,0.50000000,5087.25000000,5087.25,-1.0,-1.00000000,true,true,true
MSZZC1|6:XAUUSD|1:5|2:-1|1:4|34:SSRP|ASIA_HIGH|20260127|1769502000,1112,1,1,0.46,0.46000000,5087.97000000,5087.97,-1.0,-1.00000000,true,true,true
MSZZC1|6:XAUUSD|1:5|2:-1|1:4|34:SSRP|ASIA_HIGH|20260127|1769507400,1114,1,1,0.27,0.27000000,5093.14000000,5093.14,-1.0,-1.00000000,true,true,true
MSZZC1|6:XAUUSD|1:5|2:-1|1:4|34:SSRP|ASIA_HIGH|20260127|1769516700,1116,1,1,0.36,0.36000000,5069.83000000,5069.83,1.9999999999998725,2.00000000,true,true,true
MSZZC1|6:XAUUSD|1:5|2:-1|1:4|34:SSRP|ASIA_HIGH|20260127|1769521500,1118,1,1,0.18,0.18000000,5086.11000000,5086.11,-1.0,-1.00000000,true,true,true
MSZZC1|6:XAUUSD|1:5|2:-1|1:4|34:SSRP|ASIA_HIGH|20260127|1769524800,1120,1,1,0.33,0.33000000,5091.48000000,5091.48,-1.0,-1.00000000,true,true,true
MSZZC1|6:XAUUSD|1:5|2:-1|1:4|34:SSRP|ASIA_HIGH|20260127|1769526000,1122,1,1,0.28,0.28000000,5092.62000000,5092.62,-1.0,-1.00000000,true,true,true
MSZZC1|6:XAUUSD|1:5|2:-1|1:4|34:SSRP|ASIA_HIGH|20260127|1769526900,1124,1,1,0.2,0.20000000,5055.66000000,5055.66,1.9999999999999276,2.00000000,true,true,true
MSZZC1|6:XAUUSD|1:5|2:-1|1:4|34:SSRP|ASIA_HIGH|20260127|1769539800,1126,1,1,0.3,0.30000000,5092.31000000,5092.31,-1.0,-1.00000000,true,true,true
MSZZC1|6:XAUUSD|1:5|2:-1|1:4|34:SSRP|ASIA_HIGH|20260127|1769541000,1128,1,1,0.22,0.22000000,5094.45000000,5094.45,-1.0,-1.00000000,true,true,true
MSZZC1|6:XAUUSD|1:5|2:-1|1:4|34:SSRP|ASIA_HIGH|20260128|1769604900,1130,1,1,0.07,0.07000000,5280.41000000,5280.41,-1.0,-1.00000000,true,true,true
MSZZC1|6:XAUUSD|1:5|2:-1|1:4|34:SSRP|ASIA_HIGH|20260128|1769614200,1132,1,1,0.11,0.11000000,5286.07000000,5286.07,-1.0,-1.00000000,true,true,true
MSZZC1|6:XAUUSD|1:5|2:-1|1:4|34:SSRP|ASIA_HIGH|20260128|1769619600,1134,1,1,0.04,0.04000000,5298.68000000,5298.68,-1.0,-1.00000000,true,true,true
MSZZC1|6:XAUUSD|1:5|1:1|1:4|33:SSRP|ASIA_LOW|20260130|1769769600,1136,1,1,0.04,0.04000000,5074.08000000,5074.08,-1.0,-1.00000000,true,true,true
MSZZC1|6:XAUUSD|1:5|1:1|1:4|33:SSRP|ASIA_LOW|20260130|1769777400,1138,1,1,0.06,0.06000000,5078.96000000,5078.96,-1.0,-1.00000000,true,true,true
MSZZC1|6:XAUUSD|1:5|1:1|1:4|33:SSRP|ASIA_LOW|20260202|1770021900,1140,1,1,0.03,0.03000000,4659.97000000,4659.97,1.9998709011102476,1.99987090,true,true,true
MSZZC1|6:XAUUSD|1:5|2:-1|1:4|34:SSRP|ASIA_HIGH|20260204|1770199200,1142,1,1,0.38,0.38000000,5072.80000000,5072.8,2.000000000000137,2.00000000,true,true,true
MSZZC1|6:XAUUSD|1:5|1:1|1:4|33:SSRP|ASIA_LOW|20260204|1770226500,1144,1,1,0.04,0.04000000,4885.87000000,4885.87,-1.0,-1.00000000,true,true,true
MSZZC1|6:XAUUSD|1:5|1:1|1:4|33:SSRP|ASIA_LOW|20260204|1770230700,1146,1,1,0.04,0.04000000,4853.62000000,4853.62,-1.0,-1.00000000,true,true,true
MSZZC1|6:XAUUSD|1:5|2:-1|1:4|34:SSRP|ASIA_HIGH|20260206|1770364800,1148,1,1,0.08,0.08000000,4904.16000000,4904.16,-1.0,-1.00000000,true,true,true
MSZZC1|6:XAUUSD|1:5|2:-1|1:4|34:SSRP|ASIA_HIGH|20260209|1770666600,1150,1,1,0.15,0.15000000,5062.61000000,5062.61,-1.0,-1.00000000,true,true,true
MSZZC1|6:XAUUSD|1:5|2:-1|1:4|34:SSRP|ASIA_HIGH|20260210|1770741000,1152,1,1,0.15,0.15000000,5029.51000000,5029.51,1.999393571861611,1.99939357,true,true,true
MSZZC1|6:XAUUSD|1:5|2:-1|1:4|34:SSRP|ASIA_HIGH|20260211|1770800400,1154,1,1,0.25,0.25000000,5069.20000000,5069.2,-1.0,-1.00000000,true,true,true
MSZZC1|6:XAUUSD|1:5|2:-1|1:4|34:SSRP|ASIA_HIGH|20260211|1770810000,1156,1,1,0.23,0.23000000,5072.39000000,5072.39,-1.0,-1.00000000,true,true,true
MSZZC1|6:XAUUSD|1:5|2:-1|1:4|34:SSRP|ASIA_HIGH|20260211|1770823500,1158,1,1,0.06,0.06000000,5090.79000000,5090.789999999999,-0.9999999999999777,-1.00000000,true,true,true
MSZZC1|6:XAUUSD|1:5|1:1|1:4|33:SSRP|ASIA_LOW|20260212|1770915300,1160,1,1,0.16,0.16000000,5037.85000000,5037.85,-1.0,-1.00000000,true,true,true
MSZZC1|6:XAUUSD|1:5|2:-1|1:4|34:SSRP|ASIA_HIGH|20260213|1770996600,1162,1,1,0.33,0.33000000,4977.28000000,4977.28,2.0000000000001195,2.00000000,true,true,true
MSZZC1|6:XAUUSD|1:5|2:-1|1:4|34:SSRP|ASIA_HIGH|20260213|1771000200,1164,1,1,0.1,0.10000000,5012.27000000,5012.27,-1.0,-1.00000000,true,true,true
MSZZC1|6:XAUUSD|1:5|2:-1|1:4|34:SSRP|ASIA_HIGH|20260213|1771004400,1166,1,1,0.13,0.13000000,5013.23000000,5013.23,-1.0,-1.00000000,true,true,true
MSZZC1|6:XAUUSD|1:5|1:1|1:4|33:SSRP|ASIA_LOW|20260217|1771344000,1168,1,1,0.04,0.04000000,4997.45000000,4997.45,1.9998085391537563,1.99980854,true,true,true
MSZZC1|6:XAUUSD|1:5|2:-1|1:4|34:SSRP|ASIA_HIGH|20260219|1771501800,1170,1,1,0.25,0.25000000,4975.35000000,4975.35,2.0,2.00000000,true,true,true
MSZZC1|6:XAUUSD|1:5|2:-1|1:4|34:SSRP|ASIA_HIGH|20260219|1771527000,1172,1,1,0.27,0.27000000,4976.41000000,4976.41,2.0,2.00000000,true,true,true
MSZZC1|6:XAUUSD|1:5|2:-1|1:4|34:SSRP|ASIA_HIGH|20260219|1771542900,1174,1,1,0.34,0.34000000,5001.43000000,5001.43,-1.0,-1.00000000,true,true,true
MSZZC1|6:XAUUSD|1:5|2:-1|1:4|34:SSRP|ASIA_HIGH|20260220|1771574400,1176,1,1,0.52,0.52000000,5017.95000000,5017.95,-1.0,-1.00000000,true,true,true
MSZZC1|6:XAUUSD|1:5|2:-1|1:4|34:SSRP|ASIA_HIGH|20260220|1771578900,1178,1,1,0.21,0.21000000,5023.96000000,5023.96,-1.0,-1.00000000,true,true,true
MSZZC1|6:XAUUSD|1:5|2:-1|1:4|34:SSRP|ASIA_HIGH|20260220|1771596900,1180,1,1,0.22,0.22000000,5023.75000000,5023.75,-1.0,-1.00000000,true,true,true
MSZZC1|6:XAUUSD|1:5|1:1|1:4|33:SSRP|ASIA_LOW|20260224|1771947300,1182,1,1,0.18,0.18000000,5132.19000000,5132.19,-1.0,-1.00000000,true,true,true
MSZZC1|6:XAUUSD|1:5|1:1|1:4|33:SSRP|ASIA_LOW|20260224|1771953900,1184,1,1,0.15,0.15000000,5133.80000000,5133.8,-1.0,-1.00000000,true,true,true
MSZZC1|6:XAUUSD|1:5|1:1|1:4|33:SSRP|ASIA_LOW|20260224|1771959300,1186,1,1,0.19,0.19000000,5136.99000000,5136.99,-1.0,-1.00000000,true,true,true
MSZZC1|6:XAUUSD|1:5|2:-1|1:4|34:SSRP|ASIA_HIGH|20260225|1772045100,1188,1,1,0.62,0.62000000,5214.21000000,5214.21,-1.0,-1.00000000,true,true,true
MSZZC1|6:XAUUSD|1:5|2:-1|1:4|34:SSRP|ASIA_HIGH|20260225|1772048100,1190,1,1,0.48,0.48000000,5198.61000000,5198.61,1.9999999999998248,2.00000000,true,true,true
MSZZC1|6:XAUUSD|1:5|1:1|1:4|33:SSRP|ASIA_LOW|20260226|1772123400,1192,1,1,0.09,0.09000000,5139.10000000,5139.1,-1.0,-1.00000000,true,true,true
MSZZC1|6:XAUUSD|1:5|1:1|1:4|33:SSRP|ASIA_LOW|20260226|1772126700,1194,1,1,0.06,0.06000000,5249.08000000,5249.08,1.9997494362314698,1.99974944,true,true,true
MSZZC1|6:XAUUSD|1:5|2:-1|1:4|34:SSRP|ASIA_HIGH|20260302|1772448600,1196,1,1,0.14,0.14000000,5410.37000000,5410.37,-1.0,-1.00000000,true,true,true
MSZZC1|6:XAUUSD|1:5|2:-1|1:4|34:SSRP|ASIA_HIGH|20260302|1772465700,1198,1,1,0.08,0.08000000,5314.77000000,5314.77,2.0,2.00000000,true,true,true
MSZZC1|6:XAUUSD|1:5|1:1|1:4|33:SSRP|ASIA_LOW|20260302|1772475300,1200,1,1,0.08,0.08000000,5367.98000000,5367.98,1.9996546961325892,1.99965470,true,true,true
MSZZC1|6:XAUUSD|1:5|1:1|1:4|33:SSRP|ASIA_LOW|20260303|1772525400,1202,1,1,0.08,0.08000000,5278.18000000,5278.18,-1.0,-1.00000000,true,true,true
MSZZC1|6:XAUUSD|1:5|2:-1|1:4|34:SSRP|ASIA_HIGH|20260304|1772626200,1204,1,1,0.18,0.18000000,5202.82000000,5202.82,-1.0,-1.00000000,true,true,true
MSZZC1|6:XAUUSD|1:5|2:-1|1:4|34:SSRP|ASIA_HIGH|20260304|1772633400,1206,1,1,0.14,0.14000000,5149.36000000,5149.36,2.0,2.00000000,true,true,true
MSZZC1|6:XAUUSD|1:5|1:1|1:4|33:SSRP|ASIA_LOW|20260305|1772698500,1208,1,1,0.1,0.10000000,5123.83000000,5123.83,-1.0,-1.00000000,true,true,true
MSZZC1|6:XAUUSD|1:5|1:1|1:4|33:SSRP|ASIA_LOW|20260306|1772805300,1210,1,1,0.12,0.12000000,5122.46000000,5122.46,2.0000000000000453,2.00000000,true,true,true
MSZZC1|6:XAUUSD|1:5|2:-1|1:4|34:SSRP|ASIA_HIGH|20260306|1772818800,1212,1,1,0.12,0.12000000,5161.36000000,5161.36,-1.0,-1.00000000,true,true,true
MSZZC1|6:XAUUSD|1:5|2:-1|1:4|34:SSRP|ASIA_HIGH|20260310|1773143100,1214,1,1,0.22,0.22000000,5160.35000000,5160.35,1.9991401547722787,1.99914015,true,true,true
MSZZC1|6:XAUUSD|1:5|2:-1|1:4|34:SSRP|ASIA_HIGH|20260310|1773151500,1216,1,1,0.33,0.33000000,5169.03000000,5169.03,1.9987163029525918,1.99871630,true,true,true
MSZZC1|6:XAUUSD|1:5|2:-1|1:4|34:SSRP|ASIA_HIGH|20260310|1773157500,1218,1,1,0.35,0.35000000,5189.70000000,5189.7,-1.0,-1.00000000,true,true,true
MSZZC1|6:XAUUSD|1:5|2:-1|1:4|34:SSRP|ASIA_HIGH|20260310|1773177000,1220,1,1,0.04,0.04000000,5061.86000000,5061.86,2.000000000000033,2.00000000,true,true,true
MSZZC1|6:XAUUSD|1:5|1:1|1:4|33:SSRP|ASIA_LOW|20260313|1773399600,1222,1,1,0.21,0.21000000,5066.21000000,5066.21,-1.0,-1.00000000,true,true,true
MSZZC1|6:XAUUSD|1:5|1:1|1:4|33:SSRP|ASIA_LOW|20260313|1773400800,1224,1,1,0.14,0.14000000,5112.86000000,5112.86,1.999428571428559,1.99942857,true,true,true
MSZZC1|6:XAUUSD|1:5|2:-1|1:4|34:SSRP|ASIA_HIGH|20260316|1773652500,1226,1,1,0.3,0.30000000,5011.09000000,5011.09,1.999999999999892,2.00000000,true,true,true
MSZZC1|6:XAUUSD|1:5|2:-1|1:4|34:SSRP|ASIA_HIGH|20260316|1773678900,1228,1,1,0.41,0.41000000,5034.86000000,5034.86,-1.0,-1.00000000,true,true,true
MSZZC1|6:XAUUSD|1:5|2:-1|1:4|34:SSRP|ASIA_HIGH|20260316|1773680400,1230,1,1,0.24,0.24000000,5006.61000000,5006.61,2.0,2.00000000,true,true,true
MSZZC1|6:XAUUSD|1:5|2:-1|1:4|34:SSRP|ASIA_HIGH|20260317|1773735300,1232,1,1,0.32,0.32000000,5020.01000000,5020.01,2.000000000000111,2.00000000,true,true,true
MSZZC1|6:XAUUSD|1:5|1:1|1:4|33:SSRP|ASIA_LOW|20260317|1773754800,1234,1,1,0.39,0.39000000,5011.38000000,5011.38,2.0000000000001377,2.00000000,true,true,true
MSZZC1|6:XAUUSD|1:5|1:1|1:4|33:SSRP|ASIA_LOW|20260317|1773772800,1236,1,1,0.11,0.11000000,4972.79000000,4972.79,-1.0,-1.00000000,true,true,true
MSZZC1|6:XAUUSD|1:5|1:1|1:4|33:SSRP|ASIA_LOW|20260323|1774274400,1238,1,1,0.01,0.01000000,4684.46000000,4684.46,2.0000720824623452,2.00007208,true,true,true
MSZZC1|6:XAUUSD|1:5|2:-1|1:4|34:SSRP|ASIA_HIGH|20260401|1775037300,1240,1,1,0.23,0.23000000,4733.81000000,4733.81,-1.0,-1.00000000,true,true,true
MSZZC1|6:XAUUSD|1:5|2:-1|1:4|34:SSRP|ASIA_HIGH|20260401|1775040000,1242,1,1,0.13,0.13000000,4742.16000000,4742.16,-1.0,-1.00000000,true,true,true
MSZZC1|6:XAUUSD|1:5|2:-1|1:4|34:SSRP|ASIA_HIGH|20260401|1775058600,1244,1,1,0.15,0.15000000,4737.64000000,4737.64,-1.0,-1.00000000,true,true,true
MSZZC1|6:XAUUSD|1:5|1:1|1:4|33:SSRP|ASIA_LOW|20260402|1775148600,1246,1,1,0.08,0.08000000,4628.58000000,4628.58,-1.0,-1.00000000,true,true,true
MSZZC1|6:XAUUSD|1:5|2:-1|1:4|34:SSRP|ASIA_HIGH|20260406|1775473200,1248,1,1,0.26,0.26000000,4694.82000000,4694.82,-1.0,-1.00000000,true,true,true
MSZZC1|6:XAUUSD|1:5|2:-1|1:4|34:SSRP|ASIA_HIGH|20260406|1775486100,1250,1,1,0.27,0.27000000,4666.65000000,4666.65,2.000000000000097,2.00000000,true,true,true
MSZZC1|6:XAUUSD|1:5|2:-1|1:4|34:SSRP|ASIA_HIGH|20260406|1775494800,1252,1,1,0.12,0.12000000,4691.46000000,4691.46,-1.0,-1.00000000,true,true,true
MSZZC1|6:XAUUSD|1:5|2:-1|1:4|34:SSRP|ASIA_HIGH|20260406|1775496600,1254,1,1,0.18,0.18000000,4656.09000000,4656.09,2.0,2.00000000,true,true,true
MSZZC1|6:XAUUSD|1:5|2:-1|1:4|34:SSRP|ASIA_HIGH|20260407|1775565300,1256,1,1,0.15,0.15000000,4632.10000000,4632.1,2.000000000000052,2.00000000,true,true,true
MSZZC1|6:XAUUSD|1:5|2:-1|1:4|34:SSRP|ASIA_HIGH|20260407|1775575200,1258,1,1,0.52,0.52000000,4655.90000000,4655.9,2.000000000000179,2.00000000,true,true,true
MSZZC1|6:XAUUSD|1:5|1:1|1:4|33:SSRP|ASIA_LOW|20260407|1775581500,1260,1,1,0.17,0.17000000,4651.77000000,4651.77,2.0006706908116114,2.00067069,true,true,true
MSZZC1|6:XAUUSD|1:5|2:-1|1:4|34:SSRP|ASIA_HIGH|20260407|1775592300,1262,1,1,0.15,0.15000000,4673.57000000,4673.57,-1.0,-1.00000000,true,true,true
MSZZC1|6:XAUUSD|1:5|2:-1|1:4|34:SSRP|ASIA_HIGH|20260407|1775598300,1264,1,1,0.17,0.17000000,4680.46000000,4680.46,-1.0,-1.00000000,true,true,true
MSZZC1|6:XAUUSD|1:5|1:1|1:4|33:SSRP|ASIA_LOW|20260408|1775685900,1266,1,1,0.15,0.15000000,4698.88000000,4698.88,-1.0,-1.00000000,true,true,true
MSZZC1|6:XAUUSD|1:5|1:1|1:4|33:SSRP|ASIA_LOW|20260410|1775821500,1268,1,1,0.24,0.24000000,4762.72000000,4762.72,2.000000000000084,2.00000000,true,true,true
MSZZC1|6:XAUUSD|1:5|2:-1|1:4|34:SSRP|ASIA_HIGH|20260410|1775842500,1270,1,1,0.25,0.25000000,4760.25000000,4760.25,2.0,2.00000000,true,true,true
MSZZC1|6:XAUUSD|1:5|2:-1|1:4|34:SSRP|ASIA_HIGH|20260413|1776070500,1272,1,1,0.55,0.55000000,4730.98000000,4730.98,-1.0,-1.00000000,true,true,true
MSZZC1|6:XAUUSD|1:5|2:-1|1:4|34:SSRP|ASIA_HIGH|20260413|1776071400,1274,1,1,0.54,0.54000000,4732.20000000,4732.2,-1.0,-1.00000000,true,true,true
MSZZC1|6:XAUUSD|1:5|2:-1|1:4|34:SSRP|ASIA_HIGH|20260413|1776072300,1276,1,1,0.45,0.45000000,4732.95000000,4732.95,-1.0,-1.00000000,true,true,true
MSZZC1|6:XAUUSD|1:5|2:-1|1:4|34:SSRP|ASIA_HIGH|20260413|1776074400,1278,1,1,0.21,0.21000000,4739.09000000,4739.09,-1.0,-1.00000000,true,true,true
MSZZC1|6:XAUUSD|1:5|2:-1|1:4|34:SSRP|ASIA_HIGH|20260413|1776079800,1280,1,1,0.17,0.17000000,4736.66000000,4736.66,-1.0,-1.00000000,true,true,true
MSZZC1|6:XAUUSD|1:5|2:-1|1:4|34:SSRP|ASIA_HIGH|20260413|1776097800,1282,1,1,0.25,0.25000000,4737.71000000,4737.71,-1.0,-1.00000000,true,true,true
MSZZC1|6:XAUUSD|1:5|2:-1|1:4|34:SSRP|ASIA_HIGH|20260413|1776098700,1284,1,1,0.14,0.14000000,4745.39000000,4745.39,-1.0,-1.00000000,true,true,true
MSZZC1|6:XAUUSD|1:5|2:-1|1:4|34:SSRP|ASIA_HIGH|20260413|1776114000,1286,1,1,0.31,0.31000000,4733.29000000,4733.29,-1.0,-1.00000000,true,true,true
MSZZC1|6:XAUUSD|1:5|2:-1|1:4|34:SSRP|ASIA_HIGH|20260414|1776161700,1288,1,1,0.13,0.13000000,4791.78000000,4791.78,-1.0,-1.00000000,true,true,true
MSZZC1|6:XAUUSD|1:5|1:1|1:4|33:SSRP|ASIA_LOW|20260415|1776242100,1290,1,1,0.49,0.49000000,4812.29000000,4812.29,-1.0,-1.00000000,true,true,true
MSZZC1|6:XAUUSD|1:5|1:1|1:4|33:SSRP|ASIA_LOW|20260415|1776245400,1292,1,1,0.27,0.27000000,4810.92000000,4810.92,-1.0,-1.00000000,true,true,true
MSZZC1|6:XAUUSD|1:5|1:1|1:4|33:SSRP|ASIA_LOW|20260415|1776253800,1294,1,1,0.32,0.32000000,4810.46000000,4810.46,-1.0,-1.00000000,true,true,true
MSZZC1|6:XAUUSD|1:5|1:1|1:4|33:SSRP|ASIA_LOW|20260415|1776269700,1296,1,1,0.22,0.22000000,4809.99000000,4809.99,-1.0,-1.00000000,true,true,true
MSZZC1|6:XAUUSD|1:5|2:-1|1:4|34:SSRP|ASIA_HIGH|20260416|1776326700,1298,1,1,0.59,0.59000000,4825.42000000,4825.42,2.0,2.00000000,true,true,true
MSZZC1|6:XAUUSD|1:5|1:1|1:4|33:SSRP|ASIA_LOW|20260416|1776358500,1300,1,1,0.29,0.29000000,4783.73000000,4783.73,-1.0,-1.00000000,true,true,true
MSZZC1|6:XAUUSD|1:5|1:1|1:4|33:SSRP|ASIA_LOW|20260416|1776361200,1302,1,1,0.09,0.09000000,4772.13000000,4772.13,-1.0,-1.00000000,true,true,true
MSZZC1|6:XAUUSD|1:5|2:-1|1:4|34:SSRP|ASIA_HIGH|20260417|1776412800,1304,1,1,0.93,0.93000000,4798.04000000,4798.04,1.9963898916963443,1.99638989,true,true,true
MSZZC1|6:XAUUSD|1:5|2:-1|1:4|34:SSRP|ASIA_HIGH|20260417|1776437100,1306,1,1,0.24,0.24000000,4812.18000000,4812.18,-1.0,-1.00000000,true,true,true
MSZZC1|6:XAUUSD|1:5|2:-1|1:4|34:SSRP|ASIA_HIGH|20260420|1776698100,1308,1,1,0.31,0.31000000,4822.35000000,4822.35,-1.0,-1.00000000,true,true,true
MSZZC1|6:XAUUSD|1:5|2:-1|1:4|34:SSRP|ASIA_HIGH|20260420|1776703800,1310,1,1,0.24,0.24000000,4823.32000000,4823.32,-1.0,-1.00000000,true,true,true
MSZZC1|6:XAUUSD|1:5|2:-1|1:4|34:SSRP|ASIA_HIGH|20260420|1776706200,1312,1,1,0.17,0.17000000,4828.19000000,4828.19,-1.0,-1.00000000,true,true,true
MSZZC1|6:XAUUSD|1:5|1:1|1:4|33:SSRP|ASIA_LOW|20260421|1776758400,1314,1,1,0.58,0.58000000,4785.73000000,4785.73,-1.0,-1.00000000,true,true,true
MSZZC1|6:XAUUSD|1:5|1:1|1:4|33:SSRP|ASIA_LOW|20260421|1776767700,1316,1,1,0.26,0.26000000,4780.71000000,4780.71,-1.0,-1.00000000,true,true,true
MSZZC1|6:XAUUSD|1:5|1:1|1:4|33:SSRP|ASIA_LOW|20260421|1776770100,1318,1,1,0.18,0.18000000,4774.99000000,4774.99,-1.0,-1.00000000,true,true,true
MSZZC1|6:XAUUSD|1:5|1:1|1:4|33:SSRP|ASIA_LOW|20260421|1776789000,1320,1,1,0.13,0.13000000,4769.72000000,4769.72,-1.0,-1.00000000,true,true,true
MSZZC1|6:XAUUSD|1:5|2:-1|1:4|34:SSRP|ASIA_HIGH|20260422|1776848100,1322,1,1,0.26,0.26000000,4769.26000000,4769.26,-1.0,-1.00000000,true,true,true
MSZZC1|6:XAUUSD|1:5|2:-1|1:4|34:SSRP|ASIA_HIGH|20260422|1776852300,1324,1,1,0.29,0.29000000,4746.54000000,4746.54,1.9988425925927777,1.99884259,true,true,true
MSZZC1|6:XAUUSD|1:5|1:1|1:4|33:SSRP|ASIA_LOW|20260423|1776933000,1326,1,1,0.22,0.22000000,4691.75000000,4691.75,-1.0,-1.00000000,true,true,true
MSZZC1|6:XAUUSD|1:5|1:1|1:4|33:SSRP|ASIA_LOW|20260423|1776951900,1328,1,1,0.33,0.33000000,4712.44000000,4712.44,2.001288659793725,2.00128866,true,true,true
MSZZC1|6:XAUUSD|1:5|1:1|1:4|33:SSRP|ASIA_LOW|20260423|1776977100,1330,1,1,0.07,0.07000000,4663.39000000,4663.39,-1.0,-1.00000000,true,true,true
MSZZC1|6:XAUUSD|1:5|2:-1|1:4|34:SSRP|ASIA_HIGH|20260424|1777040700,1332,1,1,0.23,0.23000000,4717.84000000,4717.84,-1.0,-1.00000000,true,true,true
MSZZC1|6:XAUUSD|1:5|2:-1|1:4|34:SSRP|ASIA_HIGH|20260424|1777071300,1334,1,1,0.29,0.29000000,4691.94000000,4691.94,2.0011587485515894,2.00115875,true,true,true
MSZZC1|6:XAUUSD|1:5|1:1|1:4|33:SSRP|ASIA_LOW|20260427|1777312800,1336,1,1,0.33,0.33000000,4690.21000000,4690.21,1.9987080103360066,1.99870801,true,true,true
MSZZC1|6:XAUUSD|1:5|1:1|1:4|33:SSRP|ASIA_LOW|20260429|1777458000,1338,1,1,0.29,0.29000000,4569.17000000,4569.17,-1.0,-1.00000000,true,true,true
MSZZC1|6:XAUUSD|1:5|1:1|1:4|33:SSRP|ASIA_LOW|20260429|1777464300,1340,1,1,0.3,0.30000000,4571.20000000,4571.2,-1.0,-1.00000000,true,true,true
MSZZC1|6:XAUUSD|1:5|1:1|1:4|33:SSRP|ASIA_LOW|20260501|1777622400,1342,1,1,0.46,0.46000000,4607.32000000,4607.32,-1.0,-1.00000000,true,true,true
MSZZC1|6:XAUUSD|1:5|1:1|1:4|33:SSRP|ASIA_LOW|20260501|1777653900,1344,1,1,0.13,0.13000000,4653.86000000,4653.86,2.000542299349154,2.00054230,true,true,true
MSZZC1|6:XAUUSD|1:5|2:-1|1:4|34:SSRP|ASIA_HIGH|20260501|1777656600,1346,1,1,0.19,0.19000000,4646.90000000,4646.9,-1.0,-1.00000000,true,true,true
MSZZC1|6:XAUUSD|1:5|2:-1|1:4|34:SSRP|ASIA_HIGH|20260501|1777666200,1348,1,1,0.5,0.50000000,4625.27000000,4625.27,1.9999999999998213,2.00000000,true,true,true
MSZZC1|6:XAUUSD|1:5|1:1|1:4|33:SSRP|ASIA_LOW|20260501|1777676400,1350,1,1,0.77,0.77000000,4617.13000000,4617.13,1.9999999999997284,2.00000000,true,true,true
MSZZC1|6:XAUUSD|1:5|1:1|1:4|33:SSRP|ASIA_LOW|20260504|1777885500,1352,1,1,0.26,0.26000000,4587.47000000,4587.47,-1.0,-1.00000000,true,true,true
MSZZC1|6:XAUUSD|1:5|1:1|1:4|33:SSRP|ASIA_LOW|20260504|1777887600,1354,1,1,0.29,0.29000000,4583.45000000,4583.45,-1.0,-1.00000000,true,true,true
MSZZC1|6:XAUUSD|1:5|2:-1|1:4|34:SSRP|ASIA_HIGH|20260505|1777970100,1356,1,1,0.44,0.44000000,4551.88000000,4551.88,-1.0,-1.00000000,true,true,true
MSZZC1|6:XAUUSD|1:5|2:-1|1:4|34:SSRP|ASIA_HIGH|20260505|1777971600,1358,1,1,0.3,0.30000000,4552.45000000,4552.45,-1.0,-1.00000000,true,true,true
MSZZC1|6:XAUUSD|1:5|2:-1|1:4|34:SSRP|ASIA_HIGH|20260505|1777977600,1360,1,1,0.24,0.24000000,4556.41000000,4556.41,-1.0,-1.00000000,true,true,true
MSZZC1|6:XAUUSD|1:5|2:-1|1:4|34:SSRP|ASIA_HIGH|20260505|1777988100,1362,1,1,0.28,0.28000000,4554.22000000,4554.22,-1.0,-1.00000000,true,true,true
MSZZC1|6:XAUUSD|1:5|2:-1|1:4|34:SSRP|ASIA_HIGH|20260506|1778054700,1364,1,1,0.51,0.51000000,4656.89000000,4656.89,-1.0,-1.00000000,true,true,true
MSZZC1|6:XAUUSD|1:5|2:-1|1:4|34:SSRP|ASIA_HIGH|20260507|1778180100,1366,1,1,0.16,0.16000000,4687.42000000,4687.42,1.9999999999999398,2.00000000,true,true,true
MSZZC1|6:XAUUSD|1:5|2:-1|1:4|34:SSRP|ASIA_HIGH|20260508|1778232300,1368,1,1,0.3,0.30000000,4709.71000000,4709.71,1.9988081048866355,1.99880810,true,true,true
MSZZC1|6:XAUUSD|1:5|2:-1|1:4|34:SSRP|ASIA_HIGH|20260508|1778259600,1370,1,1,0.11,0.11000000,4680.07000000,4680.07,2.000000000000039,2.00000000,true,true,true
MSZZC1|6:XAUUSD|1:5|1:1|1:4|33:SSRP|ASIA_LOW|20260511|1778490300,1372,1,1,0.18,0.18000000,4656.77000000,4656.77,-1.0,-1.00000000,true,true,true
MSZZC1|6:XAUUSD|1:5|1:1|1:4|33:SSRP|ASIA_LOW|20260511|1778507700,1374,1,1,0.34,0.34000000,4686.13000000,4686.13,1.9986648865154462,1.99866489,true,true,true
MSZZC1|6:XAUUSD|1:5|1:1|1:4|33:SSRP|ASIA_LOW|20260511|1778512500,1376,1,1,0.1,0.10000000,4743.35000000,4743.35,1.999605678233394,1.99960568,true,true,true
MSZZC1|6:XAUUSD|1:5|1:1|1:4|33:SSRP|ASIA_LOW|20260512|1778573100,1378,1,1,0.59,0.59000000,4721.63000000,4721.63,2.0022779043278605,2.00227790,true,true,true
MSZZC1|6:XAUUSD|1:5|1:1|1:4|33:SSRP|ASIA_LOW|20260512|1778625300,1380,1,1,0.47,0.47000000,4723.93000000,4723.93,1.9982078853047833,1.99820789,true,true,true
MSZZC1|6:XAUUSD|1:5|1:1|1:4|33:SSRP|ASIA_LOW|20260513|1778674800,1382,1,1,0.68,0.68000000,4697.06000000,4697.06,2.002597402597223,2.00259740,true,true,true
MSZZC1|6:XAUUSD|1:5|1:1|1:4|33:SSRP|ASIA_LOW|20260513|1778687700,1384,1,1,0.22,0.22000000,4678.39000000,4678.39,-1.0,-1.00000000,true,true,true
MSZZC1|6:XAUUSD|1:5|1:1|1:4|33:SSRP|ASIA_LOW|20260513|1778692800,1386,1,1,0.15,0.15000000,4673.31000000,4673.31,-1.0,-1.00000000,true,true,true
MSZZC1|6:XAUUSD|1:5|2:-1|1:4|34:SSRP|ASIA_HIGH|20260514|1778754900,1388,1,1,0.27,0.27000000,4690.15000000,4690.15,1.9989637305698313,1.99896373,true,true,true
MSZZC1|6:XAUUSD|1:5|1:1|1:4|33:SSRP|ASIA_LOW|20260514|1778776800,1390,1,1,0.11,0.11000000,4666.36000000,4666.36,-1.0,-1.00000000,true,true,true
MSZZC1|6:XAUUSD|1:5|2:-1|1:4|34:SSRP|ASIA_HIGH|20260518|1779100200,1392,1,1,0.35,0.35000000,4537.95000000,4537.95,2.001351351351504,2.00135135,true,true,true
MSZZC1|6:XAUUSD|1:5|2:-1|1:4|34:SSRP|ASIA_HIGH|20260518|1779115200,1394,1,1,0.16,0.16000000,4567.51000000,4567.51,-1.0,-1.00000000,true,true,true
MSZZC1|6:XAUUSD|1:5|2:-1|1:4|34:SSRP|ASIA_HIGH|20260518|1779125100,1396,1,1,0.18,0.18000000,4563.70000000,4563.7,-1.0,-1.00000000,true,true,true
MSZZC1|6:XAUUSD|1:5|2:-1|1:4|34:SSRP|ASIA_HIGH|20260518|1779141600,1398,1,1,0.25,0.25000000,4565.02000000,4565.02,-1.0,-1.00000000,true,true,true
MSZZC1|6:XAUUSD|1:5|1:1|1:4|33:SSRP|ASIA_LOW|20260519|1779178800,1400,1,1,0.32,0.32000000,4555.11000000,4555.11,2.0012453300124804,2.00124533,true,true,true
MSZZC1|6:XAUUSD|1:5|1:1|1:4|33:SSRP|ASIA_LOW|20260519|1779189900,1402,1,1,0.31,0.31000000,4536.12000000,4536.12,-1.0,-1.00000000,true,true,true
MSZZC1|6:XAUUSD|1:5|1:1|1:4|33:SSRP|ASIA_LOW|20260519|1779192900,1404,1,1,0.24,0.24000000,4535.87000000,4535.87,-1.0,-1.00000000,true,true,true
MSZZC1|6:XAUUSD|1:5|1:1|1:4|33:SSRP|ASIA_LOW|20260519|1779198300,1406,1,1,0.15,0.15000000,4527.49000000,4527.49,-1.0,-1.00000000,true,true,true
MSZZC1|6:XAUUSD|1:5|1:1|1:4|33:SSRP|ASIA_LOW|20260519|1779202500,1408,1,1,0.17,0.17000000,4527.21000000,4527.21,-1.0,-1.00000000,true,true,true
MSZZC1|6:XAUUSD|1:5|2:-1|1:4|34:SSRP|ASIA_HIGH|20260520|1779297600,1410,1,1,0.63,0.63000000,4511.06000000,4511.06,-1.0,-1.00000000,true,true,true
MSZZC1|6:XAUUSD|1:5|1:1|1:4|33:SSRP|ASIA_LOW|20260521|1779353100,1412,1,1,0.22,0.22000000,4518.32000000,4518.32,-1.0,-1.00000000,true,true,true
MSZZC1|6:XAUUSD|1:5|1:1|1:4|33:SSRP|ASIA_LOW|20260521|1779361200,1414,1,1,0.24,0.24000000,4517.97000000,4517.97,-1.0,-1.00000000,true,true,true
MSZZC1|6:XAUUSD|1:5|1:1|1:4|33:SSRP|ASIA_LOW|20260521|1779393900,1416,1,1,0.12,0.12000000,4513.86000000,4513.86,-1.0,-1.00000000,true,true,true
MSZZC1|6:XAUUSD|1:5|1:1|1:4|33:SSRP|ASIA_LOW|20260522|1779440100,1418,1,1,0.21,0.21000000,4506.90000000,4506.9,-1.0,-1.00000000,true,true,true
MSZZC1|6:XAUUSD|1:5|1:1|1:4|33:SSRP|ASIA_LOW|20260522|1779474000,1420,1,1,0.38,0.38000000,4512.69000000,4512.69,-1.0,-1.00000000,true,true,true
MSZZC1|6:XAUUSD|1:5|1:1|1:4|33:SSRP|ASIA_LOW|20260522|1779479700,1422,1,1,0.38,0.38000000,4512.14000000,4512.14,-1.0,-1.00000000,true,true,true
MSZZC1|6:XAUUSD|1:5|1:1|1:4|33:SSRP|ASIA_LOW|20260522|1779485100,1424,1,1,0.53,0.53000000,4513.72000000,4513.72,-1.0,-1.00000000,true,true,true
MSZZC1|6:XAUUSD|1:5|1:1|1:4|33:SSRP|ASIA_LOW|20260526|1779782400,1426,1,1,0.31,0.31000000,4522.50000000,4522.5,-1.0,-1.00000000,true,true,true
MSZZC1|6:XAUUSD|1:5|1:1|1:4|33:SSRP|ASIA_LOW|20260526|1779790500,1428,1,1,0.29,0.29000000,4521.72000000,4521.72,-1.0,-1.00000000,true,true,true
MSZZC1|6:XAUUSD|1:5|1:1|1:4|33:SSRP|ASIA_LOW|20260526|1779791700,1430,1,1,0.45,0.45000000,4538.26000000,4538.26,2.00000000000032,2.00000000,true,true,true
MSZZC1|6:XAUUSD|1:5|1:1|1:4|33:SSRP|ASIA_LOW|20260526|1779794700,1432,1,1,0.43,0.43000000,4519.87000000,4519.87,-1.0,-1.00000000,true,true,true
MSZZC1|6:XAUUSD|1:5|1:1|1:4|33:SSRP|ASIA_LOW|20260526|1779797400,1434,1,1,0.36,0.36000000,4518.07000000,4518.07,-1.0,-1.00000000,true,true,true
MSZZC1|6:XAUUSD|1:5|1:1|1:4|33:SSRP|ASIA_LOW|20260526|1779800400,1436,1,1,0.39,0.39000000,4538.84000000,4538.84,1.9999999999998614,2.00000000,true,true,true
MSZZC1|6:XAUUSD|1:5|1:1|1:4|33:SSRP|ASIA_LOW|20260526|1779811800,1438,1,1,0.23,0.23000000,4515.79000000,4515.79,-1.0,-1.00000000,true,true,true
MSZZC1|6:XAUUSD|1:5|1:1|1:4|33:SSRP|ASIA_LOW|20260527|1779881400,1440,1,1,0.35,0.35000000,4485.73000000,4485.73,-1.0,-1.00000000,true,true,true
MSZZC1|6:XAUUSD|1:5|2:-1|1:4|34:SSRP|ASIA_HIGH|20260528|1779988500,1442,1,1,0.2,0.20000000,4474.09000000,4474.09,-1.0,-1.00000000,true,true,true
MSZZC1|6:XAUUSD|1:5|2:-1|1:4|34:SSRP|ASIA_HIGH|20260529|1780045200,1444,1,1,0.31,0.31000000,4522.56000000,4522.56,-1.0,-1.00000000,true,true,true
MSZZC1|6:XAUUSD|1:5|2:-1|1:4|34:SSRP|ASIA_HIGH|20260529|1780048200,1446,1,1,0.47,0.47000000,4524.46000000,4524.46,-1.0,-1.00000000,true,true,true
MSZZC1|6:XAUUSD|1:5|2:-1|1:4|34:SSRP|ASIA_HIGH|20260529|1780052100,1448,1,1,0.39,0.39000000,4525.87000000,4525.87,-1.0,-1.00000000,true,true,true
MSZZC1|6:XAUUSD|1:5|2:-1|1:4|34:SSRP|ASIA_HIGH|20260529|1780068000,1450,1,1,0.18,0.18000000,4530.66000000,4530.66,-1.0,-1.00000000,true,true,true
MSZZC1|6:XAUUSD|1:5|1:1|1:4|33:SSRP|ASIA_LOW|20260601|1780305600,1452,1,1,0.25,0.25000000,4504.74000000,4504.74,-1.0,-1.00000000,true,true,true
MSZZC1|6:XAUUSD|1:5|1:1|1:4|33:SSRP|ASIA_LOW|20260601|1780321200,1454,1,1,0.41,0.41000000,4503.06000000,4503.06,-1.0,-1.00000000,true,true,true
MSZZC1|6:XAUUSD|1:5|1:1|1:4|33:SSRP|ASIA_LOW|20260601|1780323000,1456,1,1,0.36,0.36000000,4503.05000000,4503.05,-1.0,-1.00000000,true,true,true
MSZZC1|6:XAUUSD|1:5|2:-1|1:4|34:SSRP|ASIA_HIGH|20260602|1780389900,1458,1,1,0.26,0.26000000,4526.56000000,4526.56,-1.0,-1.00000000,true,true,true
MSZZC1|6:XAUUSD|1:5|2:-1|1:4|34:SSRP|ASIA_HIGH|20260602|1780414800,1460,1,1,0.19,0.19000000,4489.97000000,4489.97,1.9999999999998548,2.00000000,true,true,true
MSZZC1|6:XAUUSD|1:5|1:1|1:4|33:SSRP|ASIA_LOW|20260603|1780475400,1462,1,1,0.31,0.31000000,4458.78000000,4458.78,-1.0,-1.00000000,true,true,true
MSZZC1|6:XAUUSD|1:5|1:1|1:4|33:SSRP|ASIA_LOW|20260603|1780476900,1464,1,1,0.23,0.23000000,4456.33000000,4456.33,-1.0,-1.00000000,true,true,true
MSZZC1|6:XAUUSD|1:5|1:1|1:4|33:SSRP|ASIA_LOW|20260603|1780480200,1466,1,1,0.41,0.41000000,4457.37000000,4457.37,-1.0,-1.00000000,true,true,true
MSZZC1|6:XAUUSD|1:5|1:1|1:4|33:SSRP|ASIA_LOW|20260603|1780491600,1468,1,1,0.11,0.11000000,4440.63000000,4440.63,-1.0,-1.00000000,true,true,true
MSZZC1|6:XAUUSD|1:5|2:-1|1:4|34:SSRP|ASIA_HIGH|20260604|1780593000,1470,1,1,0.17,0.17000000,4450.55000000,4450.55,2.000683060109367,2.00068306,true,true,true
MSZZC1|6:XAUUSD|1:5|1:1|1:4|33:SSRP|ASIA_LOW|20260605|1780650900,1472,1,1,0.15,0.15000000,4475.47000000,4475.47,1.9993626513702276,1.99936265,true,true,true
MSZZC1|6:XAUUSD|1:5|1:1|1:4|33:SSRP|ASIA_LOW|20260608|1780908900,1474,1,1,0.13,0.13000000,4285.44000000,4285.44,-1.0,-1.00000000,true,true,true
MSZZC1|6:XAUUSD|1:5|1:1|1:4|33:SSRP|ASIA_LOW|20260608|1780922400,1476,1,1,0.2,0.20000000,4289.20000000,4289.2,-1.0,-1.00000000,true,true,true
MSZZC1|6:XAUUSD|1:5|1:1|1:4|33:SSRP|ASIA_LOW|20260608|1780925100,1478,1,1,0.18,0.18000000,4330.84000000,4330.84,2.0,2.00000000,true,true,true
MSZZC1|6:XAUUSD|1:5|2:-1|1:4|34:SSRP|ASIA_HIGH|20260609|1780995000,1480,1,1,0.32,0.32000000,4325.52000000,4325.52,2.0012755102039934,2.00127551,true,true,true
MSZZC1|6:XAUUSD|1:5|2:-1|1:4|34:SSRP|ASIA_HIGH|20260609|1781016600,1482,1,1,0.61,0.61000000,4343.97000000,4343.97,-1.0,-1.00000000,true,true,true
MSZZC1|6:XAUUSD|1:5|2:-1|1:4|34:SSRP|ASIA_HIGH|20260609|1781016900,1484,1,1,0.8,0.80000000,4344.21000000,4344.21,-1.0,-1.00000000,true,true,true
MSZZC1|6:XAUUSD|1:5|2:-1|1:4|34:SSRP|ASIA_HIGH|20260609|1781019900,1486,1,1,0.35,0.35000000,4344.49000000,4344.49,-1.0,-1.00000000,true,true,true
MSZZC1|6:XAUUSD|1:5|2:-1|1:4|34:SSRP|ASIA_HIGH|20260609|1781020800,1488,1,1,0.58,0.58000000,4333.01000000,4333.01,1.9976525821599997,1.99765258,true,true,true
MSZZC1|6:XAUUSD|1:5|2:-1|1:4|34:SSRP|ASIA_HIGH|20260609|1781023500,1490,1,1,0.08,0.08000000,4275.24000000,4275.24,1.9996609020007017,1.99966090,true,true,true
MSZZC1|6:XAUUSD|1:5|1:1|1:4|33:SSRP|ASIA_LOW|20260610|1781089800,1492,1,1,0.19,0.19000000,4161.18000000,4161.18,-1.0,-1.00000000,true,true,true
MSZZC1|6:XAUUSD|1:5|1:1|1:4|33:SSRP|ASIA_LOW|20260610|1781098500,1494,1,1,0.19,0.19000000,4163.94000000,4163.94,-1.0,-1.00000000,true,true,true
MSZZC1|6:XAUUSD|1:5|1:1|1:4|33:SSRP|ASIA_LOW|20260610|1781109000,1496,1,1,0.06,0.06000000,4141.40000000,4141.4,-1.0,-1.00000000,true,true,true
MSZZC1|6:XAUUSD|1:5|1:1|1:4|33:SSRP|ASIA_LOW|20260612|1781260200,1498,1,1,0.27,0.27000000,4197.29000000,4197.29,2.0010917030567925,2.00109170,true,true,true
MSZZC1|6:XAUUSD|1:5|2:-1|1:4|34:SSRP|ASIA_HIGH|20260615|1781524200,1500,1,1,0.46,0.46000000,4339.65000000,4339.65,-1.0,-1.00000000,true,true,true
MSZZC1|6:XAUUSD|1:5|2:-1|1:4|34:SSRP|ASIA_HIGH|20260615|1781534400,1502,1,1,0.17,0.17000000,4347.76000000,4347.76,-1.0,-1.00000000,true,true,true
MSZZC1|6:XAUUSD|1:5|2:-1|1:4|34:SSRP|ASIA_HIGH|20260615|1781553300,1504,1,1,0.37,0.37000000,4320.61000000,4320.61,2.0,2.00000000,true,true,true
MSZZC1|6:XAUUSD|1:5|2:-1|1:4|34:SSRP|ASIA_HIGH|20260616|1781628600,1506,1,1,0.28,0.28000000,4314.35000000,4314.35,2.0,2.00000000,true,true,true
MSZZC1|6:XAUUSD|1:5|2:-1|1:4|34:SSRP|ASIA_HIGH|20260616|1781640600,1508,1,1,0.28,0.28000000,4340.14000000,4340.14,-1.0,-1.00000000,true,true,true
MSZZC1|6:XAUUSD|1:5|2:-1|1:4|34:SSRP|ASIA_HIGH|20260616|1781649900,1510,1,1,0.34,0.34000000,4339.89000000,4339.89,-1.0,-1.00000000,true,true,true
MSZZC1|6:XAUUSD|1:5|2:-1|1:4|34:SSRP|ASIA_HIGH|20260617|1781717400,1512,1,1,0.13,0.13000000,4364.50000000,4364.5,-1.0,-1.00000000,true,true,true
MSZZC1|6:XAUUSD|1:5|2:-1|1:4|34:SSRP|ASIA_HIGH|20260617|1781729700,1514,1,1,0.03,0.03000000,4185.32000000,4185.32,2.0,2.00000000,true,true,true
MSZZC1|6:XAUUSD|1:5|1:1|1:4|33:SSRP|ASIA_LOW|20260619|1781856000,1516,1,1,0.27,0.27000000,4149.08000000,4149.08,2.0010845986984065,2.00108460,true,true,true
MSZZC1|6:XAUUSD|1:5|1:1|1:4|33:SSRP|ASIA_LOW|20260623|1782205500,1518,1,1,0.21,0.21000000,4110.85000000,4110.85,-1.0,-1.00000000,true,true,true
MSZZC1|6:XAUUSD|1:5|1:1|1:4|33:SSRP|ASIA_LOW|20260623|1782207600,1520,1,1,0.43,0.43000000,4110.01000000,4110.01,-1.0,-1.00000000,true,true,true
MSZZC1|6:XAUUSD|1:5|1:1|1:4|33:SSRP|ASIA_LOW|20260623|1782216900,1522,1,1,0.33,0.33000000,4131.44000000,4131.44,1.9999999999997622,2.00000000,true,true,true
MSZZC1|6:XAUUSD|1:5|1:1|1:4|33:SSRP|ASIA_LOW|20260623|1782227400,1524,1,1,0.39,0.39000000,4111.48000000,4111.48,-1.0,-1.00000000,true,true,true
MSZZC1|6:XAUUSD|1:5|1:1|1:4|33:SSRP|ASIA_LOW|20260623|1782230100,1526,1,1,0.28,0.28000000,4107.78000000,4107.78,-1.0,-1.00000000,true,true,true
MSZZC1|6:XAUUSD|1:5|1:1|1:4|33:SSRP|ASIA_LOW|20260623|1782231300,1528,1,1,0.22,0.22000000,4138.07000000,4138.07,2.0009066183137096,2.00090662,true,true,true
MSZZC1|6:XAUUSD|1:5|1:1|1:4|33:SSRP|ASIA_LOW|20260623|1782251100,1530,1,1,0.91,0.91000000,4121.48000000,4121.48,2.0035842293904333,2.00358423,true,true,true
MSZZC1|6:XAUUSD|1:5|1:1|1:4|33:SSRP|ASIA_LOW|20260624|1782312300,1532,1,1,0.16,0.16000000,4038.89000000,4038.89,-1.0,-1.00000000,true,true,true
MSZZC1|6:XAUUSD|1:5|2:-1|1:4|34:SSRP|ASIA_HIGH|20260625|1782403800,1534,1,1,0.12,0.12000000,4034.36000000,4034.36,-1.0,-1.00000000,true,true,true
MSZZC1|6:XAUUSD|1:5|2:-1|1:4|34:SSRP|ASIA_HIGH|20260626|1782469500,1536,1,1,0.68,0.68000000,4028.83000000,4028.83,2.000000000000122,2.00000000,true,true,true
MSZZC1|6:XAUUSD|1:5|2:-1|1:4|34:SSRP|ASIA_HIGH|20260626|1782474300,1538,1,1,0.5,0.50000000,4037.86000000,4037.86,-1.0,-1.00000000,true,true,true
MSZZC1|6:XAUUSD|1:5|1:1|1:4|33:SSRP|ASIA_LOW|20260629|1782720000,1540,1,1,0.43,0.43000000,4047.00000000,4047.0,-1.0,-1.00000000,true,true,true
MSZZC1|6:XAUUSD|1:5|1:1|1:4|33:SSRP|ASIA_LOW|20260629|1782722100,1542,1,1,0.21,0.21000000,4039.10000000,4039.0999999999995,-1.0000000000000393,-1.00000000,true,true,true
MSZZC1|6:XAUUSD|1:5|1:1|1:4|33:SSRP|ASIA_LOW|20260629|1782748500,1544,1,1,0.29,0.29000000,4042.25000000,4042.2499999999995,-1.000000000000053,-1.00000000,true,true,true
MSZZC1|6:XAUUSD|1:5|2:-1|1:4|34:SSRP|ASIA_HIGH|20260630|1782811800,1546,1,1,0.2,0.20000000,4034.55000000,4034.55,-1.0,-1.00000000,true,true,true
MSZZC1|6:XAUUSD|1:5|2:-1|1:4|34:SSRP|ASIA_HIGH|20260630|1782817500,1548,1,1,0.15,0.15000000,4037.92000000,4037.92,-1.0,-1.00000000,true,true,true
MSZZC1|6:XAUUSD|1:5|2:-1|1:4|34:SSRP|ASIA_HIGH|20260630|1782849600,1550,1,1,0.44,0.44000000,4028.10000000,4028.1,-1.0,-1.00000000,true,true,true
MSZZC1|6:XAUUSD|1:5|2:-1|1:4|34:SSRP|ASIA_HIGH|20260630|1782857700,1552,1,1,0.76,0.76000000,4015.33000000,4015.33,2.003030303030507,2.00303030,true,true,true
MSZZC1|6:XAUUSD|1:5|1:1|1:4|33:SSRP|ASIA_LOW|20260701|1782898500,1554,1,1,0.31,0.31000000,3963.93000000,3963.93,-1.0,-1.00000000,true,true,true
MSZZC1|6:XAUUSD|1:5|1:1|1:4|33:SSRP|ASIA_LOW|20260701|1782901800,1556,1,1,0.23,0.23000000,3992.42000000,3992.42,2.0000000000000857,2.00000000,true,true,true
MSZZC1|6:XAUUSD|1:5|2:-1|1:4|34:SSRP|ASIA_HIGH|20260701|1782921600,1558,1,1,0.34,0.34000000,4025.30000000,4025.3,-1.0,-1.00000000,true,true,true
MSZZC1|6:XAUUSD|1:5|2:-1|1:4|34:SSRP|ASIA_HIGH|20260702|1782982800,1560,1,1,0.39,0.39000000,4076.17000000,4076.17,-1.0,-1.00000000,true,true,true
MSZZC1|6:XAUUSD|1:5|2:-1|1:4|34:SSRP|ASIA_HIGH|20260702|1782984000,1562,1,1,0.33,0.33000000,4080.08000000,4080.08,-1.0,-1.00000000,true,true,true
MSZZC1|6:XAUUSD|1:5|2:-1|1:4|34:SSRP|ASIA_HIGH|20260702|1782993000,1564,1,1,0.27,0.27000000,4080.25000000,4080.25,-1.0,-1.00000000,true,true,true
MSZZC1|6:XAUUSD|1:5|1:1|1:4|33:SSRP|ASIA_LOW|20260706|1783333500,1566,1,1,0.32,0.32000000,4150.99000000,4150.99,-1.0,-1.00000000,true,true,true
MSZZC1|6:XAUUSD|1:5|1:1|1:4|33:SSRP|ASIA_LOW|20260706|1783369500,1568,1,1,0.6,0.60000000,4166.54000000,4166.54,2.0024271844660726,2.00242718,true,true,true
MSZZC1|6:XAUUSD|1:5|1:1|1:4|33:SSRP|ASIA_LOW|20260707|1783411200,1570,1,1,0.64,0.64000000,4122.55000000,4122.55,-1.0,-1.00000000,true,true,true
MSZZC1|6:XAUUSD|1:5|1:1|1:4|33:SSRP|ASIA_LOW|20260707|1783412100,1572,1,1,0.42,0.42000000,4120.79000000,4120.79,-1.0,-1.00000000,true,true,true
MSZZC1|6:XAUUSD|1:5|1:1|1:4|33:SSRP|ASIA_LOW|20260707|1783413900,1574,1,1,0.46,0.46000000,4136.19000000,4136.19,1.9999999999996607,2.00000000,true,true,true
MSZZC1|6:XAUUSD|1:5|1:1|1:4|33:SSRP|ASIA_LOW|20260707|1783425000,1576,1,1,0.55,0.55000000,4121.67000000,4121.67,-1.0,-1.00000000,true,true,true
MSZZC1|6:XAUUSD|1:5|1:1|1:4|33:SSRP|ASIA_LOW|20260707|1783427100,1578,1,1,0.3,0.30000000,4144.22000000,4144.22,1.998783454987808,1.99878345,true,true,true
MSZZC1|6:XAUUSD|1:5|2:-1|1:4|34:SSRP|ASIA_HIGH|20260707|1783437000,1580,1,1,0.22,0.22000000,4175.48000000,4175.48,-1.0,-1.00000000,true,true,true
MSZZC1|6:XAUUSD|1:5|2:-1|1:4|34:SSRP|ASIA_HIGH|20260707|1783439700,1582,1,1,0.2,0.20000000,4178.46000000,4178.46,-1.0,-1.00000000,true,true,true
MSZZC1|6:XAUUSD|1:5|2:-1|1:4|34:SSRP|ASIA_HIGH|20260707|1783442700,1584,1,1,0.17,0.17000000,4136.86000000,4136.86,1.9993112947659504,1.99931129,true,true,true
MSZZC1|6:XAUUSD|1:5|2:-1|1:4|34:SSRP|ASIA_HIGH|20260708|1783497900,1586,1,1,0.29,0.29000000,4108.76000000,4108.76,2.0000000000001075,2.00000000,true,true,true
MSZZC1|6:XAUUSD|1:5|2:-1|1:4|34:SSRP|ASIA_HIGH|20260709|1783587600,1588,1,1,0.23,0.23000000,4100.04000000,4100.04,-1.0,-1.00000000,true,true,true
MSZZC1|6:XAUUSD|1:5|1:1|1:4|33:SSRP|ASIA_LOW|20260710|1783680300,1590,1,1,0.49,0.49000000,4104.06000000,4104.06,-1.0,-1.00000000,true,true,true
MSZZC1|6:XAUUSD|1:5|1:1|1:4|33:SSRP|ASIA_LOW|20260710|1783689300,1592,1,1,0.46,0.46000000,4106.15000000,4106.15,-1.0,-1.00000000,true,true,true
MSZZC1|6:XAUUSD|1:5|1:1|1:4|33:SSRP|ASIA_LOW|20260710|1783695900,1594,1,1,0.17,0.17000000,4100.86000000,4100.86,-1.0,-1.00000000,true,true,true
MSZZC1|6:XAUUSD|1:5|1:1|1:4|33:SSRP|ASIA_LOW|20260710|1783708200,1596,1,1,0.27,0.27000000,4101.29000000,4101.29,-1.0,-1.00000000,true,true,true
MSZZC1|6:XAUUSD|1:5|1:1|1:4|33:SSRP|ASIA_LOW|20260710|1783723800,1598,1,1,0.26,0.26000000,4104.03000000,4104.03,-1.0,-1.00000000,true,true,true
MSZZC1|6:XAUUSD|1:5|1:1|1:4|33:SSRP|ASIA_LOW|20260713|1783933200,1600,1,1,0.26,0.26000000,4071.72000000,4071.7199999999993,2.001061571125192,2.00106157,true,true,true
MSZZC1|6:XAUUSD|1:5|1:1|1:4|33:SSRP|ASIA_LOW|20260713|1783950000,1602,1,1,0.32,0.32000000,4046.65000000,4046.65,-1.0,-1.00000000,true,true,true
MSZZC1|6:XAUUSD|1:5|2:-1|1:4|34:SSRP|ASIA_HIGH|20260714|1784016600,1604,1,1,0.81,0.81000000,4024.44000000,4024.44,-1.0,-1.00000000,true,true,true
MSZZC1|6:XAUUSD|1:5|2:-1|1:4|34:SSRP|ASIA_HIGH|20260714|1784020800,1606,1,1,0.38,0.38000000,4029.41000000,4029.41,-1.0,-1.00000000,true,true,true
MSZZC1|6:XAUUSD|1:5|2:-1|1:4|34:SSRP|ASIA_HIGH|20260714|1784026200,1608,1,1,0.45,0.45000000,4026.30000000,4026.3,-1.0,-1.00000000,true,true,true
MSZZC1|6:XAUUSD|1:5|1:1|1:4|33:SSRP|ASIA_LOW|20260715|1784103900,1610,1,1,0.25,0.25000000,4021.99000000,4021.99,-1.0,-1.00000000,true,true,true
MSZZC1|6:XAUUSD|1:5|1:1|1:4|33:SSRP|ASIA_LOW|20260715|1784106600,1612,1,1,0.29,0.29000000,4021.01000000,4021.0099999999998,-1.0000000000000546,-1.00000000,true,true,true
MSZZC1|6:XAUUSD|1:5|1:1|1:4|33:SSRP|ASIA_LOW|20260715|1784114400,1614,1,1,0.39,0.39000000,4041.20000000,4041.2,2.0000000000000724,2.00000000,true,true,true
MSZZC1|6:XAUUSD|1:5|2:-1|1:4|34:SSRP|ASIA_HIGH|20260715|1784131500,1616,1,1,0.19,0.19000000,4036.07000000,4036.0699999999997,2.000000000000071,2.00000000,true,true,true
MSZZC1|6:XAUUSD|1:5|1:1|1:4|33:SSRP|ASIA_LOW|20260715|1784144100,1618,1,1,1.15,1.15000000,4033.17000000,4033.17,1.995348837209201,1.99534884,true,true,true
MSZZC1|6:XAUUSD|1:5|1:1|1:4|33:SSRP|ASIA_LOW|20260715|1784144400,1620,1,1,0.28,0.28000000,4053.53000000,4053.53,2.0,2.00000000,true,true,true
MSZZC1|6:XAUUSD|1:5|2:-1|1:4|34:SSRP|ASIA_HIGH|20260715|1784151900,1622,1,1,0.25,0.25000000,4039.64000000,4039.64,2.0,2.00000000,true,true,true
MSZZC1|6:XAUUSD|1:5|1:1|1:4|33:SSRP|ASIA_LOW|20260716|1784194500,1624,1,1,0.56,0.56000000,4036.23000000,4036.23,2.002227171492355,2.00222717,true,true,true
MSZZC1|6:XAUUSD|1:5|1:1|1:4|33:SSRP|ASIA_LOW|20260716|1784211900,1626,1,1,0.28,0.28000000,4021.13000000,4021.1299999999997,-1.0000000000000506,-1.00000000,true,true,true
MSZZC1|6:XAUUSD|1:5|1:1|1:4|33:SSRP|ASIA_LOW|20260716|1784214900,1628,1,1,0.19,0.19000000,4012.23000000,4012.23,-1.0,-1.00000000,true,true,true
MSZZC1|6:XAUUSD|1:5|1:1|1:4|33:SSRP|ASIA_LOW|20260717|1784303700,1630,1,1,0.16,0.16000000,4004.75000000,4004.75,2.0000000000000298,2.00000000,true,true,true
MSZZC1|6:XAUUSD|1:5|2:-1|1:4|34:SSRP|ASIA_HIGH|20260717|1784311200,1632,1,1,0.4,0.40000000,4014.41000000,4014.4100000000003,-1.0000000000000733,-1.00000000,true,true,true
MSZZC1|6:XAUUSD|1:5|2:-1|1:4|34:SSRP|ASIA_HIGH|20260717|1784324100,1634,1,1,0.48,0.48000000,4013.40000000,4013.4,-1.0,-1.00000000,true,true,true
MSZZC1|6:XAUUSD|1:5|2:-1|1:4|34:SSRP|ASIA_HIGH|20260720|1784546400,1636,1,1,0.27,0.27000000,4030.98000000,4030.98,-1.0,-1.00000000,true,true,true
MSZZC1|6:XAUUSD|1:5|2:-1|1:4|34:SSRP|ASIA_HIGH|20260720|1784558400,1638,1,1,0.42,0.42000000,4015.89000000,4015.89,2.000000000000077,2.00000000,true,true,true
MSZZC1|6:XAUUSD|1:5|2:-1|1:4|34:SSRP|ASIA_HIGH|20260721|1784621700,1640,1,1,0.97,0.97000000,4053.66000000,4053.66,-1.0,-1.00000000,true,true,true
MSZZC1|6:XAUUSD|1:5|2:-1|1:4|34:SSRP|ASIA_HIGH|20260721|1784650500,1642,1,1,0.23,0.23000000,4061.96000000,4061.96,-1.0,-1.00000000,true,true,true
MSZZC1|6:XAUUSD|1:5|2:-1|1:4|34:SSRP|ASIA_HIGH|20260722|1784752200,1644,1,1,0.29,0.29000000,4121.77000000,4121.77,2.0000000000001052,2.00000000,true,true,true
