logical_position_id,book_id,book_name,strategy_id,family_id,direction,entry_time,exit_time,entry_price,exit_price,logical_volume,initial_risk_price,realized_r,exit_policy,exit_reason,hour,session,day_of_week,month,split,holding_time_hours,holding_time_decile,stop_distance_points,stop_distance_decile,cost_to_risk_ratio,cost_to_risk_decile,simultaneous_exposure,regime_direction,regime_strength,regime_volatility,regime_alignment,regime_phase
MSZZC1|6:XAUUSD|1:5|2:-1|1:4|39:MSZZ|XAUUSD|5|0|1|1741108200|1741108500,2,SweepReclaim_2R,1050,4,SHORT,2025.03.05 03:15:00,2025.03.05 04:19:58,2908.14,2913.57,0.46,5.430000000000291,-1.0,2,BROKER_SL_TP_OR_TEST_END,3,ASIAN,Wednesday,2025-03,development,1.0827777777777778,6,5.43,4,0.00368,5,SOLO,BEARISH,NORMAL,NORMAL,PARTIALLY_ALIGNED,UNCLASSIFIED
MSZZC1|6:XAUUSD|1:5|2:-1|1:4|39:MSZZ|XAUUSD|5|0|1|1741168500|1741168500,2,SweepReclaim_2R,1050,4,SHORT,2025.03.05 11:25:00,2025.03.05 12:59:58,2916.33,2909.45,0.72,3.4400000000000546,2.0,2,BROKER_SL_TP_OR_TEST_END,11,LONDON,Wednesday,2025-03,development,1.5827777777777778,6,3.44,2,0.0057745518707142,7,SOLO,BEARISH,WEAK,NORMAL,FULLY_ALIGNED,TREND_CONTINUATION
MSZZC1|6:XAUUSD|1:5|1:1|1:4|40:MSZZ|XAUUSD|5|0|-1|1741177200|1741177200,2,SweepReclaim_2R,1050,4,LONG,2025.03.05 13:20:00,2025.03.05 13:29:58,2914.84,2913.82,2.45,1.0199999999999818,-1.0,2,BROKER_SL_TP_OR_TEST_END,13,LONDON,Wednesday,2025-03,development,0.1661111111111111,2,1.02,1,0.01955229240652807,9,SOLO,BEARISH,WEAK,NORMAL,OPPOSED,UNCLASSIFIED
MSZZC1|6:XAUUSD|1:5|2:-1|1:1|67:BO|XAUUSD|5|0|S|1741189500|MSZZ|XAUUSD|5|0|-1|1741189200|1741189200,1,FastMedConfluence_E3R,1010,1,SHORT,2025.03.05 15:50:00,2025.03.05 16:44:57,2896.23,2917.24,0.11,21.009999999999764,-1.0,1,BROKER_SL_TP_OR_TEST_END,15,LONDON,Wednesday,2025-03,development,0.9158333333333334,5,21.01,8,0.0008801056126735208,2,SOLO,BEARISH,NORMAL,EXPANDING,OPPOSED,UNCLASSIFIED
MSZZC1|6:XAUUSD|1:5|1:1|1:1|66:BO|XAUUSD|5|0|L|1741194300|MSZZ|XAUUSD|5|0|1|1741192500|1741192500,1,FastMedConfluence_E3R,1010,1,LONG,2025.03.05 17:10:00,2025.03.05 19:05:00,2918.04,2922.8499999999995,0.22,10.980000000000018,0.4380692167576942,1,OWN_FAMILY_OPPOSITE,17,NEWYORK,Wednesday,2025-03,development,1.9166666666666667,7,10.98,6,0.0017643049039656764,3,SOLO,BEARISH,WEAK,EXPANDING,OPPOSED,UNCLASSIFIED
MSZZC1|6:XAUUSD|1:5|1:1|1:4|40:MSZZ|XAUUSD|5|0|-1|1741200900|1741200900,2,SweepReclaim_2R,1050,4,LONG,2025.03.05 22:55:00,2025.03.05 23:04:58,2922.93,2921.38,1.6099999999999999,1.5499999999997272,-1.0,2,BROKER_SL_TP_OR_TEST_END,22,NEWYORK,Wednesday,2025-03,development,0.1661111111111111,2,1.55,1,0.012898057280192268,9,CONCURRENT,BEARISH,NORMAL,CONTRACTING,OPPOSED,UNCLASSIFIED
MSZZC1|6:XAUUSD|1:5|2:-1|1:1|67:BO|XAUUSD|5|0|S|1741201200|MSZZ|XAUUSD|5|0|-1|1741200900|1741200900,1,FastMedConfluence_E3R,1010,1,SHORT,2025.03.05 19:05:00,2025.03.06 11:04:58,2922.85,2901.19,0.34,7.220000000000255,2.999999999999874,1,BROKER_SL_TP_OR_TEST_END,19,NEWYORK,Wednesday,2025-03,development,15.999444444444444,9,7.22,5,0.034046302972041975,10,SOLO,BEARISH,WEAK,EXPANDING,OPPOSED,PULLBACK
MSZZC1|6:XAUUSD|1:5|1:1|1:4|40:MSZZ|XAUUSD|5|0|-1|1741640400|1741640400,2,SweepReclaim_2R,1050,4,LONG,2025.03.11 06:15:00,2025.03.11 06:59:57,2894.13,2899.69,0.9,2.7800000000002,1.9999999999998364,2,BROKER_SL_TP_OR_TEST_END,6,ASIAN,Tuesday,2025-03,development,0.7491666666666666,5,2.78,2,0.007174744897959184,7,SOLO,BULLISH,WEAK,NORMAL,FULLY_ALIGNED,TREND_CONTINUATION
MSZZC1|6:XAUUSD|1:5|1:1|1:1|66:BO|XAUUSD|5|0|L|1741683300|MSZZ|XAUUSD|5|0|1|1741674000|1741674000,1,FastMedConfluence_E3R,1010,1,LONG,2025.03.11 09:00:00,2025.03.11 09:44:58,2897.83,2895.93,1.32,1.900000000000091,-1.0,1,BROKER_SL_TP_OR_TEST_END,9,LONDON,Tuesday,2025-03,development,0.7494444444444445,5,1.9,1,0.010470788878753025,8,SOLO,BEARISH,WEAK,CONTRACTING,PARTIALLY_ALIGNED,COMPRESSION
MSZZC1|6:XAUUSD|1:5|1:1|1:4|40:MSZZ|XAUUSD|5|0|-1|1741686300|1741686300,2,SweepReclaim_2R,1050,4,LONG,2025.03.11 10:00:00,2025.03.11 10:05:00,2895.97,2895.64,0.77,3.25,-0.10153846153843915,2,OWN_FAMILY_OPPOSITE,10,LONDON,Tuesday,2025-03,development,0.08333333333333333,1,3.25,2,0.006123260437375746,7,SOLO,BEARISH,WEAK,NORMAL,OPPOSED,COMPRESSION
MSZZC1|6:XAUUSD|1:5|2:-1|1:4|39:MSZZ|XAUUSD|5|0|1|1741674000|1741674000,2,SweepReclaim_2R,1050,4,SHORT,2025.03.11 10:05:00,2025.03.11 10:34:58,2895.64,2899.05,0.73,3.4100000000003092,-1.0,2,BROKER_SL_TP_OR_TEST_END,10,LONDON,Tuesday,2025-03,development,0.49944444444444447,4,3.41,2,0.0058067851887205185,7,SOLO,BEARISH,WEAK,NORMAL,PARTIALLY_ALIGNED,COMPRESSION
MSZZC1|6:XAUUSD|1:5|2:-1|1:4|39:MSZZ|XAUUSD|5|0|1|1741690500|1741690800,2,SweepReclaim_2R,1050,4,SHORT,2025.03.11 11:20:00,2025.03.11 11:25:00,2898.8,2900.72,0.53,4.699999999999818,-0.40851063829780687,2,OWN_FAMILY_OPPOSITE,11,LONDON,Tuesday,2025-03,development,0.08333333333333333,1,4.7,3,0.004222434671765456,6,CONCURRENT,BULLISH,WEAK,EXPANDING,PARTIALLY_ALIGNED,UNCLASSIFIED
MSZZC1|6:XAUUSD|1:5|1:1|1:1|66:BO|XAUUSD|5|0|L|1741688700|MSZZ|XAUUSD|5|0|1|1741687200|1741687200,1,FastMedConfluence_E3R,1010,1,LONG,2025.03.11 10:30:00,2025.03.11 12:14:58,2897.99,2904.17,1.21,2.0599999999999454,3.0000000000002207,1,BROKER_SL_TP_OR_TEST_END,10,LONDON,Tuesday,2025-03,development,1.7494444444444444,7,2.06,1,0.009641434262948207,8,CONCURRENT,BEARISH,WEAK,EXPANDING,OPPOSED,UNCLASSIFIED
MSZZC1|6:XAUUSD|1:5|1:1|1:4|40:MSZZ|XAUUSD|5|0|-1|1741368000|1741368000,2,SweepReclaim_2R,1050,4,LONG,2025.03.12 19:05:00,2025.03.12 20:09:58,2924.3,2930.22,0.85,2.9600000000000364,1.9999999999998463,2,BROKER_SL_TP_OR_TEST_END,19,NEWYORK,Wednesday,2025-03,development,1.0827777777777778,6,2.96,2,0.006735073887722356,7,SOLO,BULLISH,NORMAL,EXPANDING,PARTIALLY_ALIGNED,UNCLASSIFIED
MSZZC1|6:XAUUSD|1:5|2:-1|1:4|39:MSZZ|XAUUSD|5|0|1|1742583900|1742583900,2,SweepReclaim_2R,1050,4,SHORT,2025.03.21 20:45:00,2025.03.21 20:49:57,3015.03,3013.35,3.02,0.8399999999996908,2.0000000000010827,2,BROKER_SL_TP_OR_TEST_END,20,NEWYORK,Friday,2025-03,development,0.0825,1,0.84,1,0.02379826635145784,9,CONCURRENT,BULLISH,WEAK,CONTRACTING,OPPOSED,UNCLASSIFIED
MSZZC1|6:XAUUSD|1:5|1:1|1:1|66:BO|XAUUSD|5|0|L|1742586300|MSZZ|XAUUSD|5|0|1|1742583900|1742583900,1,FastMedConfluence_E3R,1010,1,LONG,2025.03.21 19:50:00,2025.03.24 10:09:58,3014.13,3026.52,0.61,4.130000000000109,2.99999999999989,1,BROKER_SL_TP_OR_TEST_END,19,NEWYORK,Friday,2025-03,development,62.33277777777778,10,4.13,3,0.3366711345896082,10,SOLO,BULLISH,WEAK,NORMAL,OPPOSED,PULLBACK
MSZZC1|6:XAUUSD|1:5|1:1|1:4|40:MSZZ|XAUUSD|5|0|-1|1742898000|1742898000,2,SweepReclaim_2R,1050,4,LONG,2025.03.25 11:15:00,2025.03.25 11:29:58,3013.68,3017.2799999999997,1.42,1.7999999999997272,2.0000000000002527,2,BROKER_SL_TP_OR_TEST_END,11,LONDON,Tuesday,2025-03,development,0.24944444444444444,2,1.8,1,0.011068241162944777,8,SOLO,BEARISH,WEAK,EXPANDING,OPPOSED,UNCLASSIFIED
MSZZC1|6:XAUUSD|1:5|2:-1|1:4|39:MSZZ|XAUUSD|5|0|1|1742901600|1742901600,2,SweepReclaim_2R,1050,4,SHORT,2025.03.25 15:20:00,2025.03.25 15:34:57,3016.43,3018.7,1.13,2.269999999999982,-1.0,2,BROKER_SL_TP_OR_TEST_END,15,LONDON,Tuesday,2025-03,development,0.24916666666666668,2,2.27,2,0.008764445823314976,8,SOLO,BEARISH,NORMAL,EXPANDING,PARTIALLY_ALIGNED,UNCLASSIFIED
MSZZC1|6:XAUUSD|1:5|2:-1|1:4|39:MSZZ|XAUUSD|5|0|1|1742919000|1742919300,2,SweepReclaim_2R,1050,4,SHORT,2025.03.25 18:10:00,2025.03.25 18:14:58,3024.78,3021.0799999999995,1.3900000000000001,1.849999999999909,2.0000000000004916,2,BROKER_SL_TP_OR_TEST_END,18,NEWYORK,Tuesday,2025-03,development,0.08277777777777778,1,1.85,1,0.010807868750485965,8,SOLO,BEARISH,WEAK,EXPANDING,PARTIALLY_ALIGNED,UNCLASSIFIED
MSZZC1|6:XAUUSD|1:5|1:1|1:4|40:MSZZ|XAUUSD|5|0|-1|1742926200|1742926200,2,SweepReclaim_2R,1050,4,LONG,2025.03.25 18:35:00,2025.03.25 21:39:57,3024.21,3018.04,0.41,6.170000000000073,-1.0,2,BROKER_SL_TP_OR_TEST_END,18,NEWYORK,Tuesday,2025-03,development,3.0825,7,6.17,4,0.0031722697202986572,5,SOLO,BEARISH,WEAK,EXPANDING,OPPOSED,UNCLASSIFIED
MSZZC1|6:XAUUSD|1:5|1:1|1:4|40:MSZZ|XAUUSD|5|0|-1|1742987400|1742987400,2,SweepReclaim_2R,1050,4,LONG,2025.03.26 14:40:00,2025.03.26 14:59:57,3029.68,3026.88,0.92,2.799999999999727,-1.0,2,BROKER_SL_TP_OR_TEST_END,14,LONDON,Wednesday,2025-03,development,0.3325,3,2.8,2,0.007135655006592725,7,SOLO,BULLISH,NORMAL,NORMAL,FULLY_ALIGNED,TREND_CONTINUATION
MSZZC1|6:XAUUSD|1:5|2:-1|1:4|39:MSZZ|XAUUSD|5|0|1|1743081900|1743081900,2,SweepReclaim_2R,1050,4,SHORT,2025.03.27 13:55:00,2025.03.27 14:19:57,3052.87,3054.68,1.42,1.8099999999999454,-1.0,2,BROKER_SL_TP_OR_TEST_END,13,LONDON,Thursday,2025-03,development,0.41583333333333333,3,1.81,1,0.011046285492026447,8,CONCURRENT,BULLISH,STRONG,EXPANDING,OPPOSED,UNCLASSIFIED
MSZZC1|6:XAUUSD|1:5|1:1|1:1|66:BO|XAUUSD|5|0|L|1743083100|MSZZ|XAUUSD|5|0|1|1743081900|1743081900,1,FastMedConfluence_E3R,1010,1,LONG,2025.03.27 13:50:00,2025.03.27 16:14:58,3054.4,3045.75,0.29,8.650000000000091,-1.0,1,BROKER_SL_TP_OR_TEST_END,13,LONDON,Thursday,2025-03,development,2.4161111111111113,7,8.65,6,0.0022549667586796783,4,SOLO,BULLISH,STRONG,EXPANDING,OPPOSED,UNCLASSIFIED
MSZZC1|6:XAUUSD|1:5|2:-1|1:4|39:MSZZ|XAUUSD|5|0|1|1743081300|1743081300,2,SweepReclaim_2R,1050,4,SHORT,2025.03.27 15:25:00,2025.03.27 16:24:58,3050.02,3041.54,0.6,4.2400000000002365,1.9999999999998928,2,BROKER_SL_TP_OR_TEST_END,15,LONDON,Thursday,2025-03,development,0.9994444444444445,5,4.24,3,0.004683109584764283,6,CONCURRENT,BULLISH,WEAK,NORMAL,OPPOSED,UNCLASSIFIED
MSZZC1|6:XAUUSD|1:5|2:-1|1:1|67:BO|XAUUSD|5|0|S|1743095100|MSZZ|XAUUSD|5|0|-1|1743091800|1743091800,1,FastMedConfluence_E3R,1010,1,SHORT,2025.03.27 17:10:00,2025.03.27 17:24:58,3043.12,3050.81,0.33,7.690000000000055,-1.0,1,BROKER_SL_TP_OR_TEST_END,17,NEWYORK,Thursday,2025-03,development,0.24944444444444444,2,7.69,5,0.0025660964230171074,4,SOLO,BEARISH,WEAK,EXPANDING,OPPOSED,UNCLASSIFIED
MSZZC1|6:XAUUSD|1:5|1:1|1:4|40:MSZZ|XAUUSD|5|0|-1|1743091800|1743091800,2,SweepReclaim_2R,1050,4,LONG,2025.03.27 17:25:00,2025.03.28 04:34:58,3049.75,3068.25,0.27,9.25,2.0,2,BROKER_SL_TP_OR_TEST_END,17,NEWYORK,Thursday,2025-03,development,11.16611111111111,8,9.25,6,0.05051253069337802,10,SOLO,BULLISH,WEAK,EXPANDING,FULLY_ALIGNED,TREND_CONTINUATION
MSZZC1|6:XAUUSD|1:5|2:-1|1:1|67:BO|XAUUSD|5|0|S|1743781800|MSZZ|XAUUSD|5|0|-1|1743780900|1743780900,1,FastMedConfluence_E3R,1010,1,SHORT,2025.04.04 15:55:00,2025.04.10 03:30:00,3070.38,3096.3300000000004,0.05,44.48999999999978,-0.5832771409305552,1,OWN_FAMILY_OPPOSITE,15,LONDON,Friday,2025-04,development,131.58333333333334,10,44.49,10,0.027154938319497248,10,SOLO,BEARISH,NORMAL,EXPANDING,OPPOSED,PULLBACK
MSZZC1|6:XAUUSD|1:5|1:1|1:1|66:BO|XAUUSD|5|0|L|1744255500|MSZZ|XAUUSD|5|0|1|1744255200|1744255200,1,FastMedConfluence_E3R,1010,1,LONG,2025.04.10 03:30:00,2025.04.10 04:39:58,3096.33,3081.36,0.17,14.9699999999998,-1.0,1,BROKER_SL_TP_OR_TEST_END,3,ASIAN,Thursday,2025-04,development,1.166111111111111,6,14.97,7,0.0013204909119154886,2,SOLO,BULLISH,WEAK,NORMAL,OPPOSED,PULLBACK
MSZZC1|6:XAUUSD|1:5|2:-1|1:4|39:MSZZ|XAUUSD|5|0|1|1744255200|1744255200,2,SweepReclaim_2R,1050,4,SHORT,2025.04.10 04:05:00,2025.04.10 04:39:58,3093.26,3078.66,0.35,7.299999999999727,2.000000000000125,2,BROKER_SL_TP_OR_TEST_END,4,ASIAN,Thursday,2025-04,development,0.5827777777777777,4,7.3,5,0.0027201367840211394,4,CONCURRENT,BULLISH,WEAK,NORMAL,OPPOSED,UNCLASSIFIED
MSZZC1|6:XAUUSD|1:5|2:-1|1:4|39:MSZZ|XAUUSD|5|0|1|1744261800|1744261800,2,SweepReclaim_2R,1050,4,SHORT,2025.04.10 05:20:00,2025.04.10 05:25:00,3111.47,3114.01,0.45,5.680000000000291,-0.44718309859160005,2,OWN_FAMILY_OPPOSITE,5,ASIAN,Thursday,2025-04,development,0.08333333333333333,1,5.68,4,0.0017434427182209135,3,SOLO,BULLISH,WEAK,EXPANDING,OPPOSED,UNCLASSIFIED
MSZZC1|6:XAUUSD|1:5|1:1|1:1|66:BO|XAUUSD|5|0|L|1744262400|MSZZ|XAUUSD|5|0|1|1744261800|1744261800,1,FastMedConfluence_E3R,1010,1,LONG,2025.04.10 05:25:00,2025.04.11 11:24:58,3114.01,3220.75,0.07,35.58000000000038,2.999999999999962,1,BROKER_SL_TP_OR_TEST_END,5,ASIAN,Thursday,2025-04,development,29.999444444444446,9,35.58,9,0.013031842687041849,9,CONCURRENT,BULLISH,WEAK,EXPANDING,OPPOSED,UNCLASSIFIED
MSZZC1|6:XAUUSD|1:5|1:1|1:1|66:BO|XAUUSD|5|0|L|1745365800|MSZZ|XAUUSD|5|0|1|1744742100|1744742400,1,FastMedConfluence_E3R,1010,1,LONG,2025.04.22 23:55:00,2025.04.24 06:35:00,3382.18,3323.12,0.01,165.27999999999975,-0.3573330106485965,1,OWN_FAMILY_OPPOSITE,23,NEWYORK,Tuesday,2025-04,development,30.666666666666668,9,165.28,10,0.003619700412029728,5,SOLO,BULLISH,WEAK,CONTRACTING,OPPOSED,UNCLASSIFIED
MSZZC1|6:XAUUSD|1:5|2:-1|1:1|67:BO|XAUUSD|5|0|S|1745476200|MSZZ|XAUUSD|5|0|-1|1744759200|1744759500,1,FastMedConfluence_E3R,1010,1,SHORT,2025.04.24 06:35:00,2025.04.24 17:45:00,3323.12,3326.65,0.05,44.289999999999964,-0.07970196432603754,1,OWN_FAMILY_OPPOSITE,6,ASIAN,Thursday,2025-04,development,11.166666666666666,9,44.29,9,0.000385297064036372,1,SOLO,BEARISH,NORMAL,EXPANDING,FULLY_ALIGNED,BREAKOUT
MSZZC1|6:XAUUSD|1:5|1:1|1:1|66:BO|XAUUSD|5|0|L|1745516400|MSZZ|XAUUSD|5|0|1|1745502900|1745502900,1,FastMedConfluence_E3R,1010,1,LONG,2025.04.24 17:45:00,2025.04.24 18:05:00,3326.65,3322.58,0.58,4.440000000000055,-0.9166666666666923,1,OWN_FAMILY_OPPOSITE,17,NEWYORK,Thursday,2025-04,development,0.3333333333333333,3,4.44,3,0.004470307140930286,6,SOLO,BEARISH,WEAK,EXPANDING,OPPOSED,UNCLASSIFIED
MSZZC1|6:XAUUSD|1:5|2:-1|1:1|67:BO|XAUUSD|5|0|S|1745517600|MSZZ|XAUUSD|5|0|-1|1745511600|1745511600,1,FastMedConfluence_E3R,1010,1,SHORT,2025.04.24 18:05:00,2025.04.24 18:10:00,3322.58,3325.35,0.11,22.050000000000182,-0.12562358276643804,1,OWN_FAMILY_OPPOSITE,18,NEWYORK,Thursday,2025-04,development,0.08333333333333333,1,22.05,8,0.0008497489378138278,2,SOLO,BULLISH,WEAK,EXPANDING,FULLY_ALIGNED,TREND_CONTINUATION
MSZZC1|6:XAUUSD|1:5|1:1|1:1|66:BO|XAUUSD|5|0|L|1745517900|MSZZ|XAUUSD|5|0|1|1745502900|1745502900,1,FastMedConfluence_E3R,1010,1,LONG,2025.04.24 18:10:00,2025.04.24 18:19:58,3325.35,3322.21,0.82,3.1399999999998727,-1.0,1,BROKER_SL_TP_OR_TEST_END,18,NEWYORK,Thursday,2025-04,development,0.1661111111111111,2,3.14,2,0.006336450042500579,7,SOLO,BULLISH,WEAK,EXPANDING,FULLY_ALIGNED,BREAKOUT
MSZZC1|6:XAUUSD|1:5|2:-1|1:1|67:BO|XAUUSD|5|0|S|1745518500|MSZZ|XAUUSD|5|0|-1|1745511600|1745511600,1,FastMedConfluence_E3R,1010,1,SHORT,2025.04.24 18:20:00,2025.04.24 18:30:00,3320.89,3324.19,0.1,23.740000000000236,-0.13900589721988835,1,OWN_FAMILY_OPPOSITE,18,NEWYORK,Thursday,2025-04,development,0.16666666666666666,2,23.74,8,0.0007746833481814308,1,SOLO,BULLISH,WEAK,EXPANDING,FULLY_ALIGNED,TREND_CONTINUATION
MSZZC1|6:XAUUSD|1:5|1:1|1:1|66:BO|XAUUSD|5|0|L|1745519100|MSZZ|XAUUSD|5|0|1|1745502900|1745502900,1,FastMedConfluence_E3R,1010,1,LONG,2025.04.24 18:30:00,2025.04.24 18:49:58,3324.19,3322.2100000000005,1.3,1.9800000000000182,-0.9999999999997703,1,BROKER_SL_TP_OR_TEST_END,18,NEWYORK,Thursday,2025-04,development,0.3327777777777778,3,1.98,1,0.010074005191987293,8,SOLO,BULLISH,WEAK,EXPANDING,FULLY_ALIGNED,BREAKOUT
MSZZC1|6:XAUUSD|1:5|1:1|1:4|40:MSZZ|XAUUSD|5|0|-1|1745472900|1745472900,2,SweepReclaim_2R,1050,4,LONG,2025.04.24 22:35:00,2025.04.24 22:49:58,3339.11,3343.45,1.18,2.1700000000000728,1.9999999999997904,2,BROKER_SL_TP_OR_TEST_END,22,NEWYORK,Thursday,2025-04,development,0.24944444444444444,2,2.17,2,0.009167184586699814,8,SOLO,BEARISH,WEAK,CONTRACTING,OPPOSED,UNCLASSIFIED
MSZZC1|6:XAUUSD|1:5|2:-1|1:4|39:MSZZ|XAUUSD|5|0|1|1745550300|1745550300,2,SweepReclaim_2R,1050,4,SHORT,2025.04.25 03:15:00,2025.04.25 03:19:58,3355.81,3358.17,1.09,2.3600000000001273,-1.0,2,BROKER_SL_TP_OR_TEST_END,3,ASIAN,Friday,2025-04,development,0.08277777777777778,1,2.36,2,0.00843131188118812,8,CONCURRENT,BEARISH,WEAK,EXPANDING,FULLY_ALIGNED,TREND_CONTINUATION
MSZZC1|6:XAUUSD|1:5|1:1|1:1|66:BO|XAUUSD|5|0|L|1745544300|MSZZ|XAUUSD|5|0|1|1745542800|1745542800,1,FastMedConfluence_E3R,1010,1,LONG,2025.04.25 01:30:00,2025.04.25 04:55:00,3363.46,3344.22,0.08,30.0,-0.6413333333333412,1,OWN_FAMILY_OPPOSITE,1,ASIAN,Friday,2025-04,development,3.4166666666666665,7,30.0,9,0.0006184291898577612,1,SOLO,BEARISH,NORMAL,NORMAL,FULLY_ALIGNED,TREND_CONTINUATION
MSZZC1|6:XAUUSD|1:5|2:-1|1:4|39:MSZZ|XAUUSD|5|0|1|1745553900|1745553900,2,SweepReclaim_2R,1050,4,SHORT,2025.04.25 04:20:00,2025.04.25 06:59:58,3351.93,3329.51,0.23,11.210000000000036,1.9999999999999594,2,BROKER_SL_TP_OR_TEST_END,4,ASIAN,Friday,2025-04,development,2.6661111111111113,7,11.21,6,0.001784052125349054,3,CONCURRENT,BEARISH,WEAK,EXPANDING,FULLY_ALIGNED,BREAKOUT
MSZZC1|6:XAUUSD|1:5|2:-1|1:1|67:BO|XAUUSD|5|0|S|1745616900|MSZZ|XAUUSD|5|0|-1|1745554800|1745554800,1,FastMedConfluence_E3R,1010,1,SHORT,2025.04.25 21:40:00,2025.04.28 21:29:58,3291.29,3347.01,0.04,55.720000000000255,-1.0,1,BROKER_SL_TP_OR_TEST_END,21,NEWYORK,Friday,2025-04,development,71.83277777777778,10,55.72,10,0.010966521218673976,8,SOLO,BULLISH,WEAK,CONTRACTING,FULLY_ALIGNED,UNCLASSIFIED
MSZZC1|6:XAUUSD|1:5|1:1|1:4|40:MSZZ|XAUUSD|5|0|-1|1746038400|1746038400,2,SweepReclaim_2R,1050,4,LONG,2025.04.30 18:55:00,2025.04.30 22:29:58,3304.18,3299.02,0.5,5.1599999999998545,-1.0,2,BROKER_SL_TP_OR_TEST_END,18,NEWYORK,Wednesday,2025-04,development,3.582777777777778,8,5.16,4,0.003869669530222119,6,SOLO,BEARISH,WEAK,NORMAL,OPPOSED,UNCLASSIFIED
MSZZC1|6:XAUUSD|1:5|2:-1|1:1|67:BO|XAUUSD|5|0|S|1746201600|MSZZ|XAUUSD|5|0|-1|1746053700|1746053700,1,FastMedConfluence_E3R,1010,1,SHORT,2025.05.02 16:05:00,2025.05.05 12:30:00,3244.12,3302.25,0.03,69.55000000000018,-0.8358015815959735,1,OWN_FAMILY_OPPOSITE,16,NEWYORK,Friday,2025-05,development,68.41666666666667,10,69.55,10,0.008263180354579663,7,SOLO,BEARISH,NORMAL,EXPANDING,OPPOSED,UNCLASSIFIED
MSZZC1|6:XAUUSD|1:5|1:1|1:1|66:BO|XAUUSD|5|0|L|1746447900|MSZZ|XAUUSD|5|0|1|1746447600|1746447600,1,FastMedConfluence_E3R,1010,1,LONG,2025.05.05 12:30:00,2025.05.06 04:14:58,3302.25,3359.64,0.13,19.13000000000011,2.999999999999976,1,BROKER_SL_TP_OR_TEST_END,12,LONDON,Monday,2025-05,development,15.749444444444444,9,19.13,8,0.024248076474702732,10,SOLO,BULLISH,STRONG,EXPANDING,OPPOSED,PULLBACK
MSZZC1|6:XAUUSD|1:5|1:1|1:4|40:MSZZ|XAUUSD|5|0|-1|1747021200|1747021200,2,SweepReclaim_2R,1050,4,LONG,2025.05.12 03:50:00,2025.05.12 04:04:58,3277.33,3272.19,0.5,5.139999999999873,-1.0,2,BROKER_SL_TP_OR_TEST_END,3,ASIAN,Monday,2025-05,development,0.24944444444444444,2,5.14,4,0.0038581735406458583,6,SOLO,BULLISH,WEAK,EXPANDING,PARTIALLY_ALIGNED,UNCLASSIFIED
MSZZC1|6:XAUUSD|1:5|2:-1|1:4|39:MSZZ|XAUUSD|5|0|1|1746417600|1746417600,2,SweepReclaim_2R,1050,4,SHORT,2025.05.12 10:15:00,2025.05.12 10:29:58,3246.48,3226.46,0.25,10.009999999999764,2.0000000000000453,2,BROKER_SL_TP_OR_TEST_END,10,LONDON,Monday,2025-05,development,0.24944444444444444,2,10.01,6,0.0019338619222587505,3,SOLO,BULLISH,NORMAL,EXPANDING,OPPOSED,UNCLASSIFIED
MSZZC1|6:XAUUSD|1:5|2:-1|1:1|67:BO|XAUUSD|5|0|S|1747045500|MSZZ|XAUUSD|5|0|-1|1747045200|1747045200,1,FastMedConfluence_E3R,1010,1,SHORT,2025.05.12 10:30:00,2025.05.13 07:54:58,3231.18,3253.36,0.11,22.18000000000029,-1.0,1,BROKER_SL_TP_OR_TEST_END,10,LONDON,Monday,2025-05,development,21.41611111111111,9,22.18,8,0.010585065434949961,8,SOLO,BULLISH,NORMAL,EXPANDING,FULLY_ALIGNED,TREND_CONTINUATION
MSZZC1|6:XAUUSD|1:5|1:1|1:4|40:MSZZ|XAUUSD|5|0|-1|1747668000|1747668000,2,SweepReclaim_2R,1050,4,LONG,2025.05.20 15:30:00,2025.05.20 16:09:58,3241.45,3234.47,0.37,6.980000000000018,-1.0,2,BROKER_SL_TP_OR_TEST_END,15,LONDON,Tuesday,2025-05,development,0.6661111111111111,4,6.98,5,0.002855048420077935,5,SOLO,BULLISH,WEAK,NORMAL,FULLY_ALIGNED,BREAKOUT
MSZZC1|6:XAUUSD|1:5|1:1|1:1|66:BO|XAUUSD|5|0|L|1747760400|MSZZ|XAUUSD|5|0|1|1747760100|1747760100,1,FastMedConfluence_E3R,1010,1,LONG,2025.05.20 17:05:00,2025.05.22 04:24:58,3271.08,3333.09,0.12,20.670000000000073,3.0,1,BROKER_SL_TP_OR_TEST_END,17,NEWYORK,Tuesday,2025-05,development,35.33277777777778,9,20.67,8,0.04362961243908098,10,SOLO,BULLISH,NORMAL,EXPANDING,OPPOSED,UNCLASSIFIED
MSZZC1|6:XAUUSD|1:5|2:-1|1:1|67:BO|XAUUSD|5|0|S|1748413200|MSZZ|XAUUSD|5|0|-1|1748412900|1748412900,1,FastMedConfluence_E3R,1010,1,SHORT,2025.05.28 06:25:00,2025.05.28 11:50:00,3296.02,3320.81,0.06,40.820000000000164,-0.6073003429691295,1,OWN_FAMILY_OPPOSITE,6,ASIAN,Wednesday,2025-05,development,5.416666666666667,8,40.82,9,0.00046086488977648053,1,SOLO,BULLISH,WEAK,EXPANDING,FULLY_ALIGNED,TREND_CONTINUATION
MSZZC1|6:XAUUSD|1:5|1:1|1:4|40:MSZZ|XAUUSD|5|0|-1|1748412900|1748412900,2,SweepReclaim_2R,1050,4,LONG,2025.05.28 08:30:00,2025.05.28 18:04:58,3308.88,3296.0400000000004,0.2,12.840000000000146,-0.9999999999999646,2,BROKER_SL_TP_OR_TEST_END,8,LONDON,Wednesday,2025-05,development,9.582777777777778,8,12.84,7,0.0015373971865631486,3,CONCURRENT,BULLISH,NORMAL,NORMAL,OPPOSED,PULLBACK
MSZZC1|6:XAUUSD|1:5|2:-1|1:1|67:BO|XAUUSD|5|0|S|1748450100|MSZZ|XAUUSD|5|0|-1|1748448900|1748448900,1,FastMedConfluence_E3R,1010,1,SHORT,2025.05.28 16:40:00,2025.05.29 19:05:00,3303.78,3326.39,0.07,33.059999999999945,-0.6839080459770027,1,OWN_FAMILY_OPPOSITE,16,NEWYORK,Wednesday,2025-05,development,26.416666666666668,9,33.06,9,0.006737247353224254,7,CONCURRENT,BULLISH,WEAK,EXPANDING,FULLY_ALIGNED,TREND_CONTINUATION
MSZZC1|6:XAUUSD|1:5|1:1|1:1|66:BO|XAUUSD|5|0|L|1748545200|MSZZ|XAUUSD|5|0|1|1748275200|1748275200,1,FastMedConfluence_E3R,1010,1,LONG,2025.05.29 19:05:00,2025.05.29 22:44:58,3326.39,3316.09,0.25,10.299999999999727,-1.0,1,BROKER_SL_TP_OR_TEST_END,19,NEWYORK,Thursday,2025-05,development,3.6661111111111113,8,10.3,6,0.0019307255666679536,3,SOLO,BULLISH,WEAK,NORMAL,FULLY_ALIGNED,BREAKOUT
MSZZC1|6:XAUUSD|1:5|1:1|1:1|66:BO|XAUUSD|5|0|L|1748578500|MSZZ|XAUUSD|5|0|1|1748540700|1748540700,1,FastMedConfluence_E3R,1010,1,LONG,2025.05.30 04:20:00,2025.05.30 04:49:58,3320.02,3309.59,0.24,10.429999999999836,-1.0,1,BROKER_SL_TP_OR_TEST_END,4,ASIAN,Friday,2025-05,development,0.49944444444444447,4,10.43,6,0.0018581604211830288,3,SOLO,BULLISH,WEAK,EXPANDING,OPPOSED,UNCLASSIFIED
MSZZC1|6:XAUUSD|1:5|1:1|1:4|40:MSZZ|XAUUSD|5|0|-1|1748586300|1748586300,2,SweepReclaim_2R,1050,4,LONG,2025.05.30 08:30:00,2025.05.30 08:54:58,3297.14,3301.6,1.15,2.230000000000018,2.0,2,BROKER_SL_TP_OR_TEST_END,8,LONDON,Friday,2025-05,development,0.4161111111111111,3,2.23,2,0.008926145845461248,8,CONCURRENT,BULLISH,WEAK,NORMAL,PARTIALLY_ALIGNED,UNCLASSIFIED
MSZZC1|6:XAUUSD|1:5|2:-1|1:1|67:BO|XAUUSD|5|0|S|1748584200|MSZZ|XAUUSD|5|0|-1|1748583900|1748583900,1,FastMedConfluence_E3R,1010,1,SHORT,2025.05.30 05:55:00,2025.05.30 13:10:00,3296.38,3299.58,0.12,21.049999999999727,-0.15201900237529023,1,OWN_FAMILY_OPPOSITE,5,ASIAN,Friday,2025-05,development,7.25,8,21.05,8,0.0009313154831199069,2,SOLO,BEARISH,STRONG,EXPANDING,OPPOSED,PULLBACK
MSZZC1|6:XAUUSD|1:5|1:1|1:1|66:BO|XAUUSD|5|0|L|1748610300|MSZZ|XAUUSD|5|0|1|1748607600|1748607900,1,FastMedConfluence_E3R,1010,1,LONG,2025.05.30 13:10:00,2025.05.30 13:25:00,3299.58,3297.14,0.21,12.179999999999836,-0.20032840722496612,1,OWN_FAMILY_OPPOSITE,13,LONDON,Friday,2025-05,development,0.25,3,12.18,6,0.0016223733003708281,3,SOLO,BULLISH,WEAK,CONTRACTING,OPPOSED,UNCLASSIFIED
MSZZC1|6:XAUUSD|1:5|2:-1|1:1|67:BO|XAUUSD|5|0|S|1748611200|MSZZ|XAUUSD|5|0|-1|1748606700|1748607000,1,FastMedConfluence_E3R,1010,1,SHORT,2025.05.30 13:25:00,2025.05.30 14:24:57,3297.14,3290.78,1.22,2.1200000000003456,2.9999999999993565,1,BROKER_SL_TP_OR_TEST_END,13,LONDON,Friday,2025-05,development,0.9991666666666666,5,2.12,1,0.009429951690821255,8,SOLO,BULLISH,WEAK,CONTRACTING,OPPOSED,UNCLASSIFIED
MSZZC1|6:XAUUSD|1:5|2:-1|1:4|39:MSZZ|XAUUSD|5|0|1|1748616900|1748617200,2,SweepReclaim_2R,1050,4,SHORT,2025.05.30 15:10:00,2025.05.30 15:14:58,3289.14,3296.14,0.37,7.0,-1.0,2,BROKER_SL_TP_OR_TEST_END,15,LONDON,Friday,2025-05,development,0.08277777777777778,1,7.0,5,0.002838729476753107,4,SOLO,BEARISH,WEAK,EXPANDING,FULLY_ALIGNED,TREND_CONTINUATION
MSZZC1|6:XAUUSD|1:5|1:1|1:1|66:BO|XAUUSD|5|0|L|1748617800|MSZZ|XAUUSD|5|0|1|1748616900|1748617200,1,FastMedConfluence_E3R,1010,1,LONG,2025.05.30 15:15:00,2025.05.30 16:35:00,3303.01,3292.23,0.18,14.360000000000127,-0.7506963788300909,1,OWN_FAMILY_OPPOSITE,15,LONDON,Friday,2025-05,development,1.3333333333333333,6,14.36,7,0.001384455639733877,2,SOLO,BULLISH,WEAK,EXPANDING,PARTIALLY_ALIGNED,BREAKOUT
MSZZC1|6:XAUUSD|1:5|2:-1|1:1|67:BO|XAUUSD|5|0|S|1748622600|MSZZ|XAUUSD|5|0|-1|1748622300|1748622300,1,FastMedConfluence_E3R,1010,1,SHORT,2025.05.30 16:35:00,2025.05.30 16:39:57,3292.23,3296.14,0.66,3.9099999999998545,-1.0,1,BROKER_SL_TP_OR_TEST_END,16,NEWYORK,Friday,2025-05,development,0.0825,1,3.91,3,0.005085725293777692,6,SOLO,BEARISH,WEAK,EXPANDING,OPPOSED,PULLBACK
MSZZC1|6:XAUUSD|1:5|2:-1|1:1|67:BO|XAUUSD|5|0|S|1748623200|MSZZ|XAUUSD|5|0|-1|1748622300|1748622300,1,FastMedConfluence_E3R,1010,1,SHORT,2025.05.30 16:45:00,2025.06.02 01:00:00,3289.57,3296.14,0.39,6.569999999999709,-1.0,1,BROKER_SL_TP_OR_TEST_END,16,NEWYORK,Friday,2025-05,development,56.25,10,6.57,4,0.10695249130938587,10,SOLO,BEARISH,WEAK,EXPANDING,OPPOSED,PULLBACK
MSZZC1|6:XAUUSD|1:5|2:-1|1:4|39:MSZZ|XAUUSD|5|0|1|1748859000|1748859000,2,SweepReclaim_2R,1050,4,SHORT,2025.06.02 12:00:00,2025.06.02 12:14:58,3352.07,3347.65,1.16,2.2100000000000364,2.0,2,BROKER_SL_TP_OR_TEST_END,12,LONDON,Monday,2025-06,development,0.24944444444444444,2,2.21,2,0.008981108702384638,8,SOLO,BULLISH,WEAK,NORMAL,OPPOSED,UNCLASSIFIED
MSZZC1|6:XAUUSD|1:5|2:-1|1:4|39:MSZZ|XAUUSD|5|0|1|1748826000|1748826000,2,SweepReclaim_2R,1050,4,SHORT,2025.06.09 04:15:00,2025.06.09 04:59:58,3305.56,3297.94,0.68,3.8099999999999454,2.0,2,BROKER_SL_TP_OR_TEST_END,4,ASIAN,Monday,2025-06,development,0.7494444444444445,5,3.81,3,0.005238828967642527,6,SOLO,BULLISH,WEAK,EXPANDING,OPPOSED,UNCLASSIFIED
MSZZC1|6:XAUUSD|1:5|1:1|1:4|40:MSZZ|XAUUSD|5|0|-1|1749444900|1749444900,2,SweepReclaim_2R,1050,4,LONG,2025.06.09 05:05:00,2025.06.09 05:24:57,3296.45,3302.19,0.9,2.869999999999891,2.0000000000001585,2,BROKER_SL_TP_OR_TEST_END,5,ASIAN,Monday,2025-06,development,0.3325,3,2.87,2,0.006899459542335851,7,SOLO,BULLISH,WEAK,EXPANDING,PARTIALLY_ALIGNED,UNCLASSIFIED
MSZZC1|6:XAUUSD|1:5|1:1|1:1|66:BO|XAUUSD|5|0|L|1749447900|MSZZ|XAUUSD|5|0|1|1749446700|1749446700,1,FastMedConfluence_E3R,1010,1,LONG,2025.06.09 05:50:00,2025.06.10 16:24:58,3306.01,3343.2999999999997,0.21,12.430000000000291,2.9999999999998903,1,BROKER_SL_TP_OR_TEST_END,5,ASIAN,Monday,2025-06,development,34.58277777777778,9,12.43,7,0.03844686856358228,10,SOLO,BULLISH,WEAK,EXPANDING,OPPOSED,PULLBACK
MSZZC1|6:XAUUSD|1:5|1:1|1:4|40:MSZZ|XAUUSD|5|0|-1|1749223800|1749223800,2,SweepReclaim_2R,1050,4,LONG,2025.06.11 23:55:00,2025.06.12 01:19:58,3353.42,3362.72,0.56,4.650000000000091,1.9999999999999023,2,BROKER_SL_TP_OR_TEST_END,23,NEWYORK,Wednesday,2025-06,development,1.416111111111111,6,4.65,3,0.10187992722862342,10,CONCURRENT,BULLISH,WEAK,CONTRACTING,FULLY_ALIGNED,UNCLASSIFIED
MSZZC1|6:XAUUSD|1:5|2:-1|1:1|67:BO|XAUUSD|5|0|S|1749640200|MSZZ|XAUUSD|5|0|-1|1749223800|1749223800,1,FastMedConfluence_E3R,1010,1,SHORT,2025.06.11 11:15:00,2025.06.12 01:24:57,3345.07,3364.25,0.13,19.179999999999836,-1.0,1,BROKER_SL_TP_OR_TEST_END,11,LONDON,Wednesday,2025-06,development,14.165833333333333,9,19.18,8,0.012305478777781985,8,SOLO,BULLISH,WEAK,NORMAL,FULLY_ALIGNED,TREND_CONTINUATION
MSZZC1|6:XAUUSD|1:5|1:1|1:1|66:BO|XAUUSD|5|0|L|1749693300|MSZZ|XAUUSD|5|0|1|1749692100|1749692700,1,FastMedConfluence_E3R,1010,1,LONG,2025.06.12 02:00:00,2025.06.12 02:50:00,3369.08,3362.73,0.13,19.7199999999998,-0.3220081135902623,1,OWN_FAMILY_OPPOSITE,2,ASIAN,Thursday,2025-06,development,0.8333333333333334,5,19.72,8,0.0009821327390171118,2,SOLO,BULLISH,STRONG,NORMAL,FULLY_ALIGNED,BREAKOUT
MSZZC1|6:XAUUSD|1:5|2:-1|1:1|67:BO|XAUUSD|5|0|S|1749696300|MSZZ|XAUUSD|5|0|-1|1749694500|1749694500,1,FastMedConfluence_E3R,1010,1,SHORT,2025.06.12 02:50:00,2025.06.12 03:50:00,3362.73,3370.9799999999996,0.24,10.710000000000036,-0.7703081232492547,1,OWN_FAMILY_OPPOSITE,2,ASIAN,Thursday,2025-06,development,1.0,6,10.71,6,0.0018146075911084228,3,SOLO,BEARISH,WEAK,NORMAL,OPPOSED,PULLBACK
MSZZC1|6:XAUUSD|1:5|2:-1|1:4|39:MSZZ|XAUUSD|5|0|1|1749698700|1749698700,2,SweepReclaim_2R,1050,4,SHORT,2025.06.12 03:55:00,2025.06.12 04:19:58,3368.18,3371.32,0.84,3.1400000000003274,-1.0,2,BROKER_SL_TP_OR_TEST_END,3,ASIAN,Thursday,2025-06,development,0.4161111111111111,3,3.14,2,0.006366288984046383,7,CONCURRENT,BEARISH,WEAK,EXPANDING,PARTIALLY_ALIGNED,UNCLASSIFIED
MSZZC1|6:XAUUSD|1:5|1:1|1:1|66:BO|XAUUSD|5|0|L|1749699900|MSZZ|XAUUSD|5|0|1|1749698700|1749698700,1,FastMedConfluence_E3R,1010,1,LONG,2025.06.12 03:50:00,2025.06.12 10:30:00,3370.98,3369.9399999999996,0.19,13.300000000000182,-0.0781954887218349,1,OWN_FAMILY_OPPOSITE,3,ASIAN,Thursday,2025-06,development,6.666666666666667,8,13.3,7,0.0014392849026588896,2,SOLO,BEARISH,WEAK,EXPANDING,PARTIALLY_ALIGNED,UNCLASSIFIED
MSZZC1|6:XAUUSD|1:5|1:1|1:4|40:MSZZ|XAUUSD|5|0|-1|1749723300|1749723300,2,SweepReclaim_2R,1050,4,LONG,2025.06.12 10:30:00,2025.06.12 10:34:58,3370.13,3368.32,1.45,1.8099999999999454,-1.0,2,BROKER_SL_TP_OR_TEST_END,10,LONDON,Thursday,2025-06,development,0.08277777777777778,1,1.81,1,0.011014470735690682,8,CONCURRENT,BULLISH,WEAK,NORMAL,PARTIALLY_ALIGNED,UNCLASSIFIED
MSZZC1|6:XAUUSD|1:5|2:-1|1:1|67:BO|XAUUSD|5|0|S|1749723900|MSZZ|XAUUSD|5|0|-1|1749723300|1749723300,1,FastMedConfluence_E3R,1010,1,SHORT,2025.06.12 10:30:00,2025.06.12 10:39:57,3369.94,3353.02,0.46,5.639999999999873,3.000000000000081,1,BROKER_SL_TP_OR_TEST_END,10,LONDON,Thursday,2025-06,development,0.16583333333333333,1,5.64,4,0.0034939804792829747,5,SOLO,BULLISH,WEAK,NORMAL,PARTIALLY_ALIGNED,UNCLASSIFIED
MSZZC1|6:XAUUSD|1:5|1:1|1:1|66:BO|XAUUSD|5|0|L|1749734400|MSZZ|XAUUSD|5|0|1|1749734100|1749734100,1,FastMedConfluence_E3R,1010,1,LONG,2025.06.12 13:25:00,2025.06.13 01:15:00,3375.47,3382.6,0.19,13.459999999999582,0.5297176820208269,1,OWN_FAMILY_OPPOSITE,13,LONDON,Thursday,2025-06,development,11.833333333333334,9,13.46,7,0.034468422842889,10,SOLO,BULLISH,NORMAL,EXPANDING,OPPOSED,UNCLASSIFIED
MSZZC1|6:XAUUSD|1:5|2:-1|1:1|67:BO|XAUUSD|5|0|S|1749777000|MSZZ|XAUUSD|5|0|-1|1749776700|1749776700,1,FastMedConfluence_E3R,1010,1,SHORT,2025.06.13 01:15:00,2025.06.13 02:49:58,3382.6,3389.27,0.39,6.670000000000073,-1.0,1,BROKER_SL_TP_OR_TEST_END,1,ASIAN,Friday,2025-06,development,1.5827777777777778,6,6.67,5,0.002944396210033596,5,SOLO,BEARISH,WEAK,CONTRACTING,OPPOSED,UNCLASSIFIED
MSZZC1|6:XAUUSD|1:5|2:-1|1:4|39:MSZZ|XAUUSD|5|0|1|1750363800|1750363800,2,SweepReclaim_2R,1050,4,SHORT,2025.06.19 20:40:00,2025.06.19 20:55:00,3368.01,3369.5299999999997,0.35,7.449999999999818,-0.2040268456375254,2,OWN_FAMILY_OPPOSITE,20,NEWYORK,Thursday,2025-06,development,0.25,3,7.45,5,0.0026490066225165563,4,SOLO,BULLISH,WEAK,NORMAL,PARTIALLY_ALIGNED,UNCLASSIFIED
MSZZC1|6:XAUUSD|1:5|1:1|1:4|40:MSZZ|XAUUSD|5|0|-1|1750365000|1750365000,2,SweepReclaim_2R,1050,4,LONG,2025.06.19 20:55:00,2025.06.19 21:04:57,3369.53,3366.8,0.96,2.730000000000018,-1.0,2,BROKER_SL_TP_OR_TEST_END,20,NEWYORK,Thursday,2025-06,development,0.16583333333333333,1,2.73,2,0.007269422989550204,7,SOLO,BULLISH,WEAK,NORMAL,PARTIALLY_ALIGNED,UNCLASSIFIED
MSZZC1|6:XAUUSD|1:5|1:1|1:4|40:MSZZ|XAUUSD|5|0|-1|1750939200|1750939200,2,SweepReclaim_2R,1050,4,LONG,2025.07.01 12:40:00,2025.07.01 13:19:57,3344.65,3348.59,1.33,1.9700000000002547,1.999999999999769,2,BROKER_SL_TP_OR_TEST_END,12,LONDON,Tuesday,2025-07,development,0.6658333333333334,4,1.97,1,0.010096409322098232,8,SOLO,BULLISH,WEAK,NORMAL,PARTIALLY_ALIGNED,UNCLASSIFIED
MSZZC1|6:XAUUSD|1:5|1:1|1:4|40:MSZZ|XAUUSD|5|0|-1|1750748400|1750748400,2,SweepReclaim_2R,1050,4,LONG,2025.07.01 14:05:00,2025.07.01 14:39:57,3351.85,3348.08,0.7,3.769999999999982,-1.0,2,BROKER_SL_TP_OR_TEST_END,14,LONDON,Tuesday,2025-07,development,0.5825,4,3.77,3,0.005287807825955582,7,SOLO,BULLISH,NORMAL,NORMAL,FULLY_ALIGNED,TREND_CONTINUATION
MSZZC1|6:XAUUSD|1:5|2:-1|1:4|39:MSZZ|XAUUSD|5|0|1|1751383200|1751383200,2,SweepReclaim_2R,1050,4,SHORT,2025.07.01 15:50:00,2025.07.01 15:54:57,3354.6,3357.9300000000003,0.79,3.3299999999999272,-1.0000000000001366,2,BROKER_SL_TP_OR_TEST_END,15,LONDON,Tuesday,2025-07,development,0.0825,1,3.33,2,0.005982582355168496,7,SOLO,BULLISH,WEAK,EXPANDING,OPPOSED,UNCLASSIFIED
MSZZC1|6:XAUUSD|1:5|2:-1|1:4|39:MSZZ|XAUUSD|5|0|1|1751381700|1751382300,2,SweepReclaim_2R,1050,4,SHORT,2025.07.01 16:40:00,2025.07.01 16:59:58,3346.86,3352.55,0.46,5.690000000000055,-1.0,2,BROKER_SL_TP_OR_TEST_END,16,NEWYORK,Tuesday,2025-07,development,0.3327777777777778,3,5.69,4,0.0034922563012450654,5,SOLO,BEARISH,WEAK,EXPANDING,FULLY_ALIGNED,TREND_CONTINUATION
MSZZC1|6:XAUUSD|1:5|2:-1|1:4|39:MSZZ|XAUUSD|5|0|1|1751457900|1751457900,2,SweepReclaim_2R,1050,4,SHORT,2025.07.02 17:10:00,2025.07.02 19:04:58,3335.65,3344.1000000000004,0.31,8.449999999999818,-1.0000000000000537,2,BROKER_SL_TP_OR_TEST_END,17,NEWYORK,Wednesday,2025-07,development,1.916111111111111,7,8.45,5,0.002359388081284725,4,SOLO,BEARISH,WEAK,EXPANDING,FULLY_ALIGNED,TREND_CONTINUATION
MSZZC1|6:XAUUSD|1:5|2:-1|1:1|67:BO|XAUUSD|5|0|S|1751556900|MSZZ|XAUUSD|5|0|-1|1751556600|1751556600,1,FastMedConfluence_E3R,1010,1,SHORT,2025.07.03 15:40:00,2025.07.03 15:55:00,3320.12,3321.35,0.3,8.550000000000182,-0.14385964912280608,1,OWN_FAMILY_OPPOSITE,15,LONDON,Thursday,2025-07,development,0.25,3,8.55,6,0.0022890279261406988,4,SOLO,BULLISH,STRONG,EXPANDING,FULLY_ALIGNED,TREND_CONTINUATION
MSZZC1|6:XAUUSD|1:5|1:1|1:1|66:BO|XAUUSD|5|0|L|1751557800|MSZZ|XAUUSD|5|0|1|1751482800|1751482800,1,FastMedConfluence_E3R,1010,1,LONG,2025.07.03 15:55:00,2025.07.03 16:10:00,3321.35,3326.75,0.44,5.839999999999691,0.9246575342466399,1,OWN_FAMILY_OPPOSITE,15,LONDON,Thursday,2025-07,development,0.25,3,5.84,4,0.003358394077014083,5,SOLO,BULLISH,NORMAL,EXPANDING,FULLY_ALIGNED,BREAKOUT
MSZZC1|6:XAUUSD|1:5|2:-1|1:1|67:BO|XAUUSD|5|0|S|1751558700|MSZZ|XAUUSD|5|0|-1|1751556600|1751556600,1,FastMedConfluence_E3R,1010,1,SHORT,2025.07.03 16:10:00,2025.07.03 16:19:57,3326.75,3328.67,1.3599999999999999,1.9200000000000728,-1.0,1,BROKER_SL_TP_OR_TEST_END,16,NEWYORK,Thursday,2025-07,development,0.16583333333333333,2,1.92,1,0.010357170055593633,8,SOLO,BULLISH,WEAK,EXPANDING,FULLY_ALIGNED,TREND_CONTINUATION
MSZZC1|6:XAUUSD|1:5|2:-1|1:1|67:BO|XAUUSD|5|0|S|1751563200|MSZZ|XAUUSD|5|0|-1|1751556600|1751556600,1,FastMedConfluence_E3R,1010,1,SHORT,2025.07.03 17:25:00,2025.07.04 02:45:00,3325.42,3332.06,0.2,13.079999999999927,-0.507645259938831,1,OWN_FAMILY_OPPOSITE,17,NEWYORK,Thursday,2025-07,development,9.333333333333334,8,13.08,7,0.019086883493663158,9,SOLO,BULLISH,WEAK,EXPANDING,PARTIALLY_ALIGNED,UNCLASSIFIED
MSZZC1|6:XAUUSD|1:5|1:1|1:1|66:BO|XAUUSD|5|0|L|1751596800|MSZZ|XAUUSD|5|0|1|1751558700|1751559000,1,FastMedConfluence_E3R,1010,1,LONG,2025.07.04 02:45:00,2025.07.04 03:14:58,3332.06,3326.59,0.47,5.4699999999998,-1.0,1,BROKER_SL_TP_OR_TEST_END,2,ASIAN,Friday,2025-07,development,0.49944444444444447,4,5.47,4,0.003592722825256077,5,SOLO,BULLISH,STRONG,NORMAL,OPPOSED,PULLBACK
MSZZC1|6:XAUUSD|1:5|1:1|1:1|66:BO|XAUUSD|5|0|L|1751602500|MSZZ|XAUUSD|5|0|1|1751558700|1751559000,1,FastMedConfluence_E3R,1010,1,LONG,2025.07.04 04:20:00,2025.07.07 03:04:58,3332.61,3325.87,0.38,6.7400000000002365,-1.0,1,BROKER_SL_TP_OR_TEST_END,4,ASIAN,Friday,2025-07,development,70.74944444444445,10,6.74,5,0.2038314176245211,10,SOLO,BULLISH,WEAK,EXPANDING,OPPOSED,UNCLASSIFIED
MSZZC1|6:XAUUSD|1:5|2:-1|1:1|67:BO|XAUUSD|5|0|S|1751994600|MSZZ|XAUUSD|5|0|-1|1751994300|1751994300,1,FastMedConfluence_E3R,1010,1,SHORT,2025.07.08 17:15:00,2025.07.10 09:24:57,3306.01,3326.85,0.12,20.83999999999969,-1.0,1,BROKER_SL_TP_OR_TEST_END,17,NEWYORK,Tuesday,2025-07,development,40.16583333333333,10,20.84,8,0.022135116439935435,9,SOLO,BULLISH,NORMAL,EXPANDING,FULLY_ALIGNED,TREND_CONTINUATION
MSZZC1|6:XAUUSD|1:5|1:1|1:4|40:MSZZ|XAUUSD|5|0|-1|1751970000|1751970000,2,SweepReclaim_2R,1050,4,LONG,2025.07.11 06:10:00,2025.07.11 06:39:58,3334.98,3333.48,1.73,1.5,-1.0,2,BROKER_SL_TP_OR_TEST_END,6,ASIAN,Friday,2025-07,development,0.49944444444444447,4,1.5,1,0.013327683833442471,9,SOLO,BULLISH,WEAK,EXPANDING,FULLY_ALIGNED,TREND_CONTINUATION
MSZZC1|6:XAUUSD|1:5|1:1|1:1|66:BO|XAUUSD|5|0|L|1752222300|MSZZ|XAUUSD|5|0|1|1752222000|1752222000,1,FastMedConfluence_E3R,1010,1,LONG,2025.07.11 08:30:00,2025.07.11 08:54:58,3340.3,3332.5699999999997,0.33,7.730000000000018,-1.0000000000000588,1,BROKER_SL_TP_OR_TEST_END,8,LONDON,Friday,2025-07,development,0.4161111111111111,3,7.73,5,0.00254875458582738,4,SOLO,BULLISH,WEAK,NORMAL,OPPOSED,UNCLASSIFIED
MSZZC1|6:XAUUSD|1:5|1:1|1:1|66:BO|XAUUSD|5|0|L|1752225000|MSZZ|XAUUSD|5|0|1|1752224700|1752224700,1,FastMedConfluence_E3R,1010,1,LONG,2025.07.11 09:15:00,2025.07.11 09:59:58,3337.12,3332.37,0.54,4.75,-1.0,1,BROKER_SL_TP_OR_TEST_END,9,LONDON,Friday,2025-07,development,0.7494444444444445,5,4.75,3,0.004181022802059541,6,SOLO,BEARISH,WEAK,EXPANDING,PARTIALLY_ALIGNED,UNCLASSIFIED
MSZZC1|6:XAUUSD|1:5|1:1|1:1|66:BO|XAUUSD|5|0|L|1752228000|MSZZ|XAUUSD|5|0|1|1752224700|1752224700,1,FastMedConfluence_E3R,1010,1,LONG,2025.07.11 10:05:00,2025.07.11 10:09:58,3332.89,3332.37,4.96,0.5199999999999818,-1.0,1,BROKER_SL_TP_OR_TEST_END,10,LONDON,Friday,2025-07,development,0.08277777777777778,1,0.52,1,0.03842727096649235,10,CONCURRENT,BEARISH,WEAK,EXPANDING,OPPOSED,PULLBACK
MSZZC1|6:XAUUSD|1:5|1:1|1:1|66:BO|XAUUSD|5|0|L|1752228600|MSZZ|XAUUSD|5|0|1|1752224700|1752224700,1,FastMedConfluence_E3R,1010,1,LONG,2025.07.11 10:15:00,2025.07.11 10:44:58,3333.75,3337.89,1.8599999999999999,1.3800000000001091,2.9999999999996705,1,BROKER_SL_TP_OR_TEST_END,10,LONDON,Friday,2025-07,development,0.49944444444444447,4,1.38,1,0.014456145804997473,9,CONCURRENT,BEARISH,WEAK,EXPANDING,OPPOSED,PULLBACK
MSZZC1|6:XAUUSD|1:5|2:-1|1:4|39:MSZZ|XAUUSD|5|0|1|1752224700|1752224700,2,SweepReclaim_2R,1050,4,SHORT,2025.07.11 09:50:00,2025.07.11 10:49:58,3335.62,3339.23,0.71,3.6100000000001273,-1.0,2,BROKER_SL_TP_OR_TEST_END,9,LONDON,Friday,2025-07,development,0.9994444444444445,6,3.61,3,0.0055015303552748826,7,CONCURRENT,BULLISH,WEAK,EXPANDING,OPPOSED,UNCLASSIFIED
MSZZC1|6:XAUUSD|1:5|1:1|1:1|66:BO|XAUUSD|5|0|L|1752230400|MSZZ|XAUUSD|5|0|1|1752230100|1752230100,1,FastMedConfluence_E3R,1010,1,LONG,2025.07.11 10:45:00,2025.07.11 17:49:58,3338.43,3360.33,0.35,7.299999999999727,3.000000000000125,1,BROKER_SL_TP_OR_TEST_END,10,LONDON,Friday,2025-07,development,7.082777777777777,8,7.3,5,0.002708768671155483,4,CONCURRENT,BULLISH,WEAK,NORMAL,OPPOSED,PULLBACK
MSZZC1|6:XAUUSD|1:5|2:-1|1:1|67:BO|XAUUSD|5|0|S|1752471300|MSZZ|XAUUSD|5|0|-1|1752234600|1752234600,1,FastMedConfluence_E3R,1010,1,SHORT,2025.07.14 05:40:00,2025.07.14 06:14:58,3354.85,3358.98,0.62,4.130000000000109,-1.0,1,BROKER_SL_TP_OR_TEST_END,5,ASIAN,Monday,2025-07,development,0.5827777777777777,4,4.13,3,0.004765748107152466,6,SOLO,BEARISH,NORMAL,NORMAL,FULLY_ALIGNED,BREAKOUT
MSZZC1|6:XAUUSD|1:5|2:-1|1:1|67:BO|XAUUSD|5|0|S|1752473700|MSZZ|XAUUSD|5|0|-1|1752234600|1752234600,1,FastMedConfluence_E3R,1010,1,SHORT,2025.07.14 06:20:00,2025.07.14 07:39:58,3355.95,3358.98,0.85,3.0300000000002,-1.0,1,BROKER_SL_TP_OR_TEST_END,6,ASIAN,Monday,2025-07,development,1.3327777777777778,6,3.03,2,0.0065500500886183245,7,SOLO,BEARISH,WEAK,NORMAL,PARTIALLY_ALIGNED,BREAKOUT
MSZZC1|6:XAUUSD|1:5|2:-1|1:1|67:BO|XAUUSD|5|0|S|1752483000|MSZZ|XAUUSD|5|0|-1|1752234600|1752234600,1,FastMedConfluence_E3R,1010,1,SHORT,2025.07.14 08:55:00,2025.07.14 09:44:59,3356.71,3361.66,0.52,4.949999999999818,-1.0,1,BROKER_SL_TP_OR_TEST_END,8,LONDON,Monday,2025-07,development,0.8330555555555555,5,4.95,4,0.004016994978756277,6,SOLO,BEARISH,WEAK,NORMAL,PARTIALLY_ALIGNED,BREAKOUT
MSZZC1|6:XAUUSD|1:5|1:1|1:4|40:MSZZ|XAUUSD|5|0|-1|1752597000|1752597000,2,SweepReclaim_2R,1050,4,LONG,2025.07.15 16:50:00,2025.07.15 17:34:58,3340.01,3349.57,0.54,4.7800000000002,1.999999999999905,2,BROKER_SL_TP_OR_TEST_END,16,NEWYORK,Tuesday,2025-07,development,0.7494444444444445,5,4.78,3,0.004181994191674734,6,SOLO,BEARISH,WEAK,EXPANDING,OPPOSED,UNCLASSIFIED
MSZZC1|6:XAUUSD|1:5|1:1|1:4|40:MSZZ|XAUUSD|5|0|-1|1752604200|1752604200,2,SweepReclaim_2R,1050,4,LONG,2025.07.16 01:55:00,2025.07.16 02:14:58,3326.38,3328.02,3.16,0.8200000000001637,1.9999999999994453,2,BROKER_SL_TP_OR_TEST_END,1,ASIAN,Wednesday,2025-07,development,0.3327777777777778,3,0.82,1,0.02435077444709871,10,CONCURRENT,BEARISH,WEAK,NORMAL,OPPOSED,UNCLASSIFIED
MSZZC1|6:XAUUSD|1:5|1:1|1:4|40:MSZZ|XAUUSD|5|0|-1|1752621900|1752622200,2,SweepReclaim_2R,1050,4,LONG,2025.07.16 02:15:00,2025.07.16 04:19:58,3328.62,3333.2,1.13,2.2899999999999636,2.0,2,BROKER_SL_TP_OR_TEST_END,2,ASIAN,Wednesday,2025-07,development,2.082777777777778,7,2.29,2,0.008666308766009663,8,CONCURRENT,BULLISH,WEAK,CONTRACTING,FULLY_ALIGNED,UNCLASSIFIED
MSZZC1|6:XAUUSD|1:5|2:-1|1:1|67:BO|XAUUSD|5|0|S|1752604200|MSZZ|XAUUSD|5|0|-1|1752603900|1752603900,1,FastMedConfluence_E3R,1010,1,SHORT,2025.07.15 18:35:00,2025.07.16 18:19:58,3326.22,3369.09,0.06,42.870000000000346,-1.0,1,BROKER_SL_TP_OR_TEST_END,18,NEWYORK,Tuesday,2025-07,development,23.749444444444446,9,42.87,9,0.00577945596054558,7,SOLO,BEARISH,NORMAL,EXPANDING,OPPOSED,UNCLASSIFIED
MSZZC1|6:XAUUSD|1:5|2:-1|1:1|67:BO|XAUUSD|5|0|S|1752747600|MSZZ|XAUUSD|5|0|-1|1752683700|1752683700,1,FastMedConfluence_E3R,1010,1,SHORT,2025.07.17 10:25:00,2025.07.21 03:10:00,3328.26,3350.0,0.06,41.9399999999996,-0.518359561278016,1,OWN_FAMILY_OPPOSITE,10,LONDON,Thursday,2025-07,development,88.75,10,41.94,9,0.021570352239262625,9,SOLO,BEARISH,WEAK,EXPANDING,PARTIALLY_ALIGNED,BREAKOUT
MSZZC1|6:XAUUSD|1:5|1:1|1:1|66:BO|XAUUSD|5|0|L|1753067100|MSZZ|XAUUSD|5|0|1|1752853800|1752853800,1,FastMedConfluence_E3R,1010,1,LONG,2025.07.21 03:10:00,2025.07.21 04:09:58,3350.0,3357.2,1.08,2.400000000000091,2.9999999999998104,1,BROKER_SL_TP_OR_TEST_END,3,ASIAN,Monday,2025-07,development,0.9994444444444445,6,2.4,2,0.00827110855829983,8,SOLO,BULLISH,WEAK,NORMAL,FULLY_ALIGNED,BREAKOUT
MSZZC1|6:XAUUSD|1:5|1:1|1:4|40:MSZZ|XAUUSD|5|0|-1|1752855600|1752855600,2,SweepReclaim_2R,1050,4,LONG,2025.07.21 04:10:00,2025.07.21 05:14:57,3357.46,3353.9000000000005,0.73,3.5599999999999454,-0.9999999999998722,2,BROKER_SL_TP_OR_TEST_END,4,ASIAN,Monday,2025-07,development,1.0825,6,3.56,3,0.005549431753392376,7,SOLO,BULLISH,NORMAL,EXPANDING,PARTIALLY_ALIGNED,UNCLASSIFIED
MSZZC1|6:XAUUSD|1:5|1:1|1:1|66:BO|XAUUSD|5|0|L|1753085400|MSZZ|XAUUSD|5|0|1|1753085100|1753085100,1,FastMedConfluence_E3R,1010,1,LONG,2025.07.21 08:15:00,2025.07.21 17:34:58,3363.04,3400.0,0.21,12.320000000000164,2.999999999999963,1,BROKER_SL_TP_OR_TEST_END,8,LONDON,Monday,2025-07,development,9.332777777777778,8,12.32,6,0.001600365797896662,3,SOLO,BULLISH,NORMAL,NORMAL,OPPOSED,COMPRESSION
MSZZC1|6:XAUUSD|1:5|2:-1|1:4|39:MSZZ|XAUUSD|5|0|1|1752829800|1752829800,2,SweepReclaim_2R,1050,4,SHORT,2025.07.25 18:00:00,2025.07.25 21:19:57,3331.8,3339.1800000000003,0.35,7.379999999999654,-1.0000000000000617,2,BROKER_SL_TP_OR_TEST_END,18,NEWYORK,Friday,2025-07,development,3.3325,7,7.38,5,0.0026477040623345185,4,SOLO,BEARISH,WEAK,EXPANDING,OPPOSED,UNCLASSIFIED
MSZZC1|6:XAUUSD|1:5|2:-1|1:4|39:MSZZ|XAUUSD|5|0|1|1754078100|1754078100,2,SweepReclaim_2R,1050,4,SHORT,2025.08.01 20:05:00,2025.08.01 20:09:57,3347.94,3349.13,2.21,1.1900000000000546,-1.0,2,BROKER_SL_TP_OR_TEST_END,20,NEWYORK,Friday,2025-08,development,0.0825,1,1.19,1,0.016733550389944726,9,CONCURRENT,BEARISH,WEAK,NORMAL,PARTIALLY_ALIGNED,UNCLASSIFIED
MSZZC1|6:XAUUSD|1:5|1:1|1:1|66:BO|XAUUSD|5|0|L|1754077800|MSZZ|XAUUSD|5|0|1|1754071500|1754071500,1,FastMedConfluence_E3R,1010,1,LONG,2025.08.01 19:55:00,2025.08.01 22:34:58,3345.4,3357.46,0.65,4.019999999999982,3.0,1,BROKER_SL_TP_OR_TEST_END,19,NEWYORK,Friday,2025-08,development,2.6661111111111113,7,4.02,3,0.004929283737155424,6,SOLO,BEARISH,WEAK,NORMAL,OPPOSED,PULLBACK
MSZZC1|6:XAUUSD|1:5|1:1|1:4|40:MSZZ|XAUUSD|5|0|-1|1754921100|1754921100,2,SweepReclaim_2R,1050,4,LONG,2025.08.11 15:00:00,2025.08.11 15:29:57,3355.21,3351.3400000000006,0.68,3.869999999999891,-0.9999999999998825,2,BROKER_SL_TP_OR_TEST_END,15,LONDON,Monday,2025-08,development,0.49916666666666665,4,3.87,3,0.005116629044394282,6,CONCURRENT,BEARISH,WEAK,NORMAL,OPPOSED,UNCLASSIFIED
MSZZC1|6:XAUUSD|1:5|2:-1|1:1|67:BO|XAUUSD|5|0|S|1754906400|MSZZ|XAUUSD|5|0|-1|1754484600|1754484600,1,FastMedConfluence_E3R,1010,1,SHORT,2025.08.11 10:05:00,2025.08.11 16:45:00,3362.52,3358.05,0.43,6.119999999999891,0.7303921568627254,1,OWN_FAMILY_OPPOSITE,10,LONDON,Monday,2025-08,development,6.666666666666667,8,6.12,4,0.0032450381103312958,5,SOLO,BEARISH,NORMAL,EXPANDING,FULLY_ALIGNED,BREAKOUT
MSZZC1|6:XAUUSD|1:5|1:1|1:1|66:BO|XAUUSD|5|0|L|1754930400|MSZZ|XAUUSD|5|0|1|1754929800|1754930100,1,FastMedConfluence_E3R,1010,1,LONG,2025.08.11 16:45:00,2025.08.11 17:35:00,3358.05,3350.81,0.27,9.600000000000364,-0.7541666666666628,1,OWN_FAMILY_OPPOSITE,16,NEWYORK,Monday,2025-08,development,0.8333333333333334,5,9.6,6,0.0020389669234254647,3,SOLO,BULLISH,WEAK,EXPANDING,OPPOSED,PULLBACK
MSZZC1|6:XAUUSD|1:5|2:-1|1:4|39:MSZZ|XAUUSD|5|0|1|1754929800|1754930100,2,SweepReclaim_2R,1050,4,SHORT,2025.08.11 17:25:00,2025.08.11 17:39:58,3355.52,3348.0,0.7,3.7600000000002183,1.999999999999879,2,BROKER_SL_TP_OR_TEST_END,17,NEWYORK,Monday,2025-08,development,0.24944444444444444,2,3.76,3,0.005289805788558905,7,CONCURRENT,BULLISH,WEAK,NORMAL,OPPOSED,UNCLASSIFIED
MSZZC1|6:XAUUSD|1:5|2:-1|1:4|39:MSZZ|XAUUSD|5|0|1|1754944500|1754944500,2,SweepReclaim_2R,1050,4,SHORT,2025.08.11 20:50:00,2025.08.11 22:59:57,3356.23,3350.99,1.01,2.619999999999891,2.0000000000001736,2,BROKER_SL_TP_OR_TEST_END,20,NEWYORK,Monday,2025-08,development,2.1658333333333335,7,2.62,2,0.007606280829913018,7,CONCURRENT,BULLISH,WEAK,NORMAL,OPPOSED,UNCLASSIFIED
MSZZC1|6:XAUUSD|1:5|1:1|1:1|66:BO|XAUUSD|5|0|L|1754944800|MSZZ|XAUUSD|5|0|1|1754944500|1754944500,1,FastMedConfluence_E3R,1010,1,LONG,2025.08.11 20:45:00,2025.08.11 23:59:58,3358.48,3342.0,0.16,16.480000000000018,-1.0,1,BROKER_SL_TP_OR_TEST_END,20,NEWYORK,Monday,2025-08,development,3.2494444444444444,7,16.48,7,0.001204547165549951,2,SOLO,BULLISH,WEAK,NORMAL,OPPOSED,UNCLASSIFIED
MSZZC1|6:XAUUSD|1:5|2:-1|1:4|39:MSZZ|XAUUSD|5|0|1|1754960700|1754960700,2,SweepReclaim_2R,1050,4,SHORT,2025.08.12 01:25:00,2025.08.12 01:59:58,3345.33,3346.58,2.12,1.25,-1.0,2,BROKER_SL_TP_OR_TEST_END,1,ASIAN,Tuesday,2025-08,development,0.5827777777777777,4,1.25,1,0.015928472143957324,9,CONCURRENT,BEARISH,NORMAL,NORMAL,PARTIALLY_ALIGNED,UNCLASSIFIED
MSZZC1|6:XAUUSD|1:5|1:1|1:1|66:BO|XAUUSD|5|0|L|1754961000|MSZZ|XAUUSD|5|0|1|1754960700|1754960700,1,FastMedConfluence_E3R,1010,1,LONG,2025.08.12 01:15:00,2025.08.12 14:19:58,3346.3,3341.26,0.52,5.039999999999964,-1.0,1,BROKER_SL_TP_OR_TEST_END,1,ASIAN,Tuesday,2025-08,development,13.082777777777778,9,5.04,4,0.0039050765995794533,6,SOLO,BEARISH,NORMAL,NORMAL,PARTIALLY_ALIGNED,UNCLASSIFIED
MSZZC1|6:XAUUSD|1:5|2:-1|1:1|67:BO|XAUUSD|5|0|S|1755034500|MSZZ|XAUUSD|5|0|-1|1755033900|1755034200,1,FastMedConfluence_E3R,1010,1,SHORT,2025.08.12 21:40:00,2025.08.13 01:04:58,3348.42,3350.57,1.23,2.150000000000091,-1.0,1,BROKER_SL_TP_OR_TEST_END,21,NEWYORK,Tuesday,2025-08,development,3.4161111111111113,7,2.15,2,0.11604649407502453,10,SOLO,BEARISH,WEAK,CONTRACTING,OPPOSED,UNCLASSIFIED
MSZZC1|6:XAUUSD|1:5|2:-1|1:4|39:MSZZ|XAUUSD|5|0|1|1755075600|1755075600,2,SweepReclaim_2R,1050,4,SHORT,2025.08.13 21:25:00,2025.08.13 21:39:57,3350.97,3353.27,1.1400000000000001,2.300000000000182,-1.0,2,BROKER_SL_TP_OR_TEST_END,21,NEWYORK,Wednesday,2025-08,development,0.24916666666666668,2,2.3,2,0.008623624191535234,8,SOLO,BEARISH,NORMAL,NORMAL,FULLY_ALIGNED,TREND_CONTINUATION
MSZZC1|6:XAUUSD|1:5|1:1|1:1|66:BO|XAUUSD|5|0|L|1755608700|MSZZ|XAUUSD|5|0|1|1755522900|1755522900,1,FastMedConfluence_E3R,1010,1,LONG,2025.08.19 13:10:00,2025.08.19 16:09:58,3341.86,3331.39,0.25,10.470000000000255,-1.0,1,BROKER_SL_TP_OR_TEST_END,13,LONDON,Tuesday,2025-08,development,2.9994444444444444,7,10.47,6,0.0018958783604443937,3,SOLO,BULLISH,WEAK,CONTRACTING,PARTIALLY_ALIGNED,BREAKOUT
MSZZC1|6:XAUUSD|1:5|1:1|1:1|66:BO|XAUUSD|5|0|L|1755699600|MSZZ|XAUUSD|5|0|1|1755522900|1755522900,1,FastMedConfluence_E3R,1010,1,LONG,2025.08.20 14:25:00,2025.08.20 16:44:58,3329.71,3347.3200000000006,0.44,5.869999999999891,3.000000000000155,1,BROKER_SL_TP_OR_TEST_END,14,LONDON,Wednesday,2025-08,development,2.332777777777778,7,5.87,4,0.0033451172691679023,5,SOLO,BULLISH,NORMAL,NORMAL,FULLY_ALIGNED,BREAKOUT
MSZZC1|6:XAUUSD|1:5|2:-1|1:4|39:MSZZ|XAUUSD|5|0|1|1755717300|1755717300,2,SweepReclaim_2R,1050,4,SHORT,2025.08.20 20:20:00,2025.08.20 20:24:58,3345.7,3346.24,4.9,0.5399999999999636,-1.0,2,BROKER_SL_TP_OR_TEST_END,20,NEWYORK,Wednesday,2025-08,development,0.08277777777777778,1,0.54,1,0.03697973661371269,10,CONCURRENT,BULLISH,WEAK,CONTRACTING,OPPOSED,UNCLASSIFIED
MSZZC1|6:XAUUSD|1:5|2:-1|1:4|39:MSZZ|XAUUSD|5|0|1|1755749700|1755749700,2,SweepReclaim_2R,1050,4,SHORT,2025.08.21 06:20:00,2025.08.21 06:54:58,3343.53,3340.57,1.78,1.4800000000000182,2.0,2,BROKER_SL_TP_OR_TEST_END,6,ASIAN,Thursday,2025-08,development,0.5827777777777777,4,1.48,1,0.013472600666061157,9,CONCURRENT,BULLISH,WEAK,NORMAL,PARTIALLY_ALIGNED,COMPRESSION
MSZZC1|6:XAUUSD|1:5|1:1|1:1|66:BO|XAUUSD|5|0|L|1755718800|MSZZ|XAUUSD|5|0|1|1755717300|1755717300,1,FastMedConfluence_E3R,1010,1,LONG,2025.08.20 19:45:00,2025.08.21 21:00:00,3345.71,3337.03,0.12,21.86999999999989,-0.3968907178783667,1,OWN_FAMILY_OPPOSITE,19,NEWYORK,Wednesday,2025-08,development,25.25,9,21.87,8,0.021735028866835215,9,SOLO,BULLISH,WEAK,NORMAL,OPPOSED,UNCLASSIFIED
MSZZC1|6:XAUUSD|1:5|2:-1|1:1|67:BO|XAUUSD|5|0|S|1755809700|MSZZ|XAUUSD|5|0|-1|1755807900|1755807900,1,FastMedConfluence_E3R,1010,1,SHORT,2025.08.21 21:00:00,2025.08.21 21:09:58,3337.03,3338.39,1.95,1.3599999999996726,-1.0,1,BROKER_SL_TP_OR_TEST_END,21,NEWYORK,Thursday,2025-08,development,0.1661111111111111,2,1.36,1,0.014697569248162802,9,SOLO,BEARISH,WEAK,CONTRACTING,OPPOSED,PULLBACK
MSZZC1|6:XAUUSD|1:5|2:-1|1:4|39:MSZZ|XAUUSD|5|0|1|1755814200|1755814200,2,SweepReclaim_2R,1050,4,SHORT,2025.08.21 22:55:00,2025.08.22 07:19:58,3338.22,3331.38,0.77,3.4200000000000728,1.999999999999867,2,BROKER_SL_TP_OR_TEST_END,22,NEWYORK,Thursday,2025-08,development,8.41611111111111,8,3.42,2,0.07272933353483452,10,SOLO,BEARISH,WEAK,CONTRACTING,OPPOSED,PULLBACK
MSZZC1|6:XAUUSD|1:5|1:1|1:4|40:MSZZ|XAUUSD|5|0|-1|1755838800|1755838800,2,SweepReclaim_2R,1050,4,LONG,2025.08.22 10:10:00,2025.08.22 10:34:59,3333.92,3330.96,0.89,2.9600000000000364,-1.0,2,BROKER_SL_TP_OR_TEST_END,10,LONDON,Friday,2025-08,development,0.41638888888888886,4,2.96,2,0.006690723199518869,7,SOLO,BULLISH,WEAK,EXPANDING,FULLY_ALIGNED,TREND_CONTINUATION
MSZZC1|6:XAUUSD|1:5|1:1|1:1|66:BO|XAUUSD|5|0|L|1755882600|MSZZ|XAUUSD|5|0|1|1755882000|1755882000,1,FastMedConfluence_E3R,1010,1,LONG,2025.08.22 17:15:00,2025.09.01 05:09:58,3359.06,3460.91,0.07,33.94999999999982,3.0000000000000133,1,BROKER_SL_TP_OR_TEST_END,17,NEWYORK,Friday,2025-08,development,227.91611111111112,10,33.95,9,0.12186298892154648,10,SOLO,BEARISH,STRONG,EXPANDING,FULLY_ALIGNED,TREND_CONTINUATION
MSZZC1|6:XAUUSD|1:5|2:-1|1:4|39:MSZZ|XAUUSD|5|0|1|1758146700|1758147000,2,SweepReclaim_2R,1050,4,SHORT,2025.09.18 03:25:00,2025.09.18 03:59:58,3663.07,3665.7,1.01,2.6299999999996544,-1.0,2,BROKER_SL_TP_OR_TEST_END,3,ASIAN,Thursday,2025-09,development,0.5827777777777777,4,2.63,2,0.0075632769207728025,7,SOLO,BEARISH,WEAK,NORMAL,FULLY_ALIGNED,TREND_CONTINUATION
MSZZC1|6:XAUUSD|1:5|2:-1|1:4|39:MSZZ|XAUUSD|5|0|1|1757604600|1757604600,2,SweepReclaim_2R,1050,4,SHORT,2025.09.18 09:20:00,2025.09.18 10:09:58,3637.38,3642.0300000000007,0.57,4.650000000000091,-1.0000000000000977,2,BROKER_SL_TP_OR_TEST_END,9,LONDON,Thursday,2025-09,development,0.8327777777777777,5,4.65,3,0.004279118651702263,6,SOLO,BEARISH,NORMAL,EXPANDING,FULLY_ALIGNED,TREND_CONTINUATION
MSZZC1|6:XAUUSD|1:5|1:1|1:4|40:MSZZ|XAUUSD|5|0|-1|1758213300|1758213300,2,SweepReclaim_2R,1050,4,LONG,2025.09.19 02:50:00,2025.09.19 03:04:58,3638.78,3640.84,2.58,1.0300000000002,1.9999999999995586,2,BROKER_SL_TP_OR_TEST_END,2,ASIAN,Friday,2025-09,development,0.24944444444444444,2,1.03,1,0.019417475728155338,9,SOLO,BEARISH,NORMAL,NORMAL,OPPOSED,COMPRESSION
MSZZC1|6:XAUUSD|1:5|1:1|1:4|40:MSZZ|XAUUSD|5|0|-1|1758257100|1758257100,2,SweepReclaim_2R,1050,4,LONG,2025.09.19 05:10:00,2025.09.19 06:24:58,3642.92,3651.1,0.65,4.0900000000001455,1.9999999999998888,2,BROKER_SL_TP_OR_TEST_END,5,ASIAN,Friday,2025-09,development,1.2494444444444444,6,4.09,3,0.0048661800486618015,6,CONCURRENT,BEARISH,WEAK,EXPANDING,OPPOSED,UNCLASSIFIED
MSZZC1|6:XAUUSD|1:5|2:-1|1:1|67:BO|XAUUSD|5|0|S|1758256800|MSZZ|XAUUSD|5|0|-1|1758213300|1758213300,1,FastMedConfluence_E3R,1010,1,SHORT,2025.09.19 04:45:00,2025.09.19 16:30:00,3646.16,3655.97,0.11,23.68000000000029,-0.41427364864864125,1,OWN_FAMILY_OPPOSITE,4,ASIAN,Friday,2025-09,development,11.75,9,23.68,8,0.0008237849172470606,2,SOLO,BULLISH,WEAK,EXPANDING,OPPOSED,PULLBACK
MSZZC1|6:XAUUSD|1:5|1:1|1:1|66:BO|XAUUSD|5|0|L|1758299100|MSZZ|XAUUSD|5|0|1|1758298200|1758298200,1,FastMedConfluence_E3R,1010,1,LONG,2025.09.19 16:30:00,2025.09.19 18:04:58,3655.97,3669.47,0.59,4.5,3.0,1,BROKER_SL_TP_OR_TEST_END,16,NEWYORK,Friday,2025-09,development,1.5827777777777778,6,4.5,3,0.004401178620715378,6,SOLO,BULLISH,WEAK,EXPANDING,OPPOSED,PULLBACK
MSZZC1|6:XAUUSD|1:5|1:1|1:1|66:BO|XAUUSD|5|0|L|1758749700|MSZZ|XAUUSD|5|0|1|1758533400|1758533400,1,FastMedConfluence_E3R,1010,1,LONG,2025.09.24 21:40:00,2025.10.06 19:09:58,3730.85,3968.99,0.03,79.38000000000011,2.9999999999999942,1,BROKER_SL_TP_OR_TEST_END,21,NEWYORK,Wednesday,2025-09,development,285.49944444444446,10,79.38,10,0.06153276564235468,10,SOLO,BEARISH,WEAK,CONTRACTING,FULLY_ALIGNED,UNCLASSIFIED
MSZZC1|6:XAUUSD|1:5|1:1|1:4|40:MSZZ|XAUUSD|5|0|-1|1761062400|1761062400,2,SweepReclaim_2R,1050,4,LONG,2025.10.21 16:15:00,2025.10.21 16:39:58,4197.26,4212.4,0.35,7.5700000000006185,1.9999999999997597,2,BROKER_SL_TP_OR_TEST_END,16,NEWYORK,Tuesday,2025-10,development,0.4161111111111111,3,7.57,5,0.00257494942063638,4,SOLO,BULLISH,NORMAL,EXPANDING,PARTIALLY_ALIGNED,UNCLASSIFIED
MSZZC1|6:XAUUSD|1:5|1:1|1:4|40:MSZZ|XAUUSD|5|0|-1|1761065400|1761065400,2,SweepReclaim_2R,1050,4,LONG,2025.10.21 17:15:00,2025.10.21 17:19:58,4181.98,4165.34,0.16,16.639999999999418,-1.0,2,BROKER_SL_TP_OR_TEST_END,17,NEWYORK,Tuesday,2025-10,development,0.08277777777777778,1,16.64,7,0.0011714317091920782,2,SOLO,BULLISH,WEAK,EXPANDING,OPPOSED,PULLBACK
MSZZC1|6:XAUUSD|1:5|2:-1|1:1|67:BO|XAUUSD|5|0|S|1761068100|MSZZ|XAUUSD|5|0|-1|1761067500|1761067500,1,FastMedConfluence_E3R,1010,1,SHORT,2025.10.21 17:40:00,2025.10.21 18:14:58,4118.8,4148.83,0.09,30.029999999999745,-1.0,1,BROKER_SL_TP_OR_TEST_END,17,NEWYORK,Tuesday,2025-10,development,0.5827777777777777,4,30.03,9,0.0006605504587155963,1,SOLO,BULLISH,NORMAL,EXPANDING,PARTIALLY_ALIGNED,UNCLASSIFIED
MSZZC1|6:XAUUSD|1:5|1:1|1:1|66:BO|XAUUSD|5|0|L|1761072600|MSZZ|XAUUSD|5|0|1|1761069300|1761069300,1,FastMedConfluence_E3R,1010,1,LONG,2025.10.21 18:55:00,2025.10.21 19:20:00,4141.57,4127.47,0.04,61.249999999999545,-0.23020408163264586,1,OWN_FAMILY_OPPOSITE,18,NEWYORK,Tuesday,2025-10,development,0.4166666666666667,4,61.25,10,0.00029430158554979215,1,SOLO,BULLISH,WEAK,EXPANDING,OPPOSED,PULLBACK
MSZZC1|6:XAUUSD|1:5|2:-1|1:1|67:BO|XAUUSD|5|0|S|1761074100|MSZZ|XAUUSD|5|0|-1|1761067500|1761067500,1,FastMedConfluence_E3R,1010,1,SHORT,2025.10.21 19:20:00,2025.10.21 20:35:00,4127.47,4113.98,0.11,23.31999999999971,0.5784734133791106,1,OWN_FAMILY_OPPOSITE,19,NEWYORK,Tuesday,2025-10,development,1.25,6,23.32,8,0.0008097464021495086,1,SOLO,BULLISH,WEAK,NORMAL,PARTIALLY_ALIGNED,UNCLASSIFIED
MSZZC1|6:XAUUSD|1:5|1:1|1:1|66:BO|XAUUSD|5|0|L|1761078600|MSZZ|XAUUSD|5|0|1|1760490300|1760490300,1,FastMedConfluence_E3R,1010,1,LONG,2025.10.21 20:35:00,2025.10.21 22:19:58,4113.98,4101.32,0.21,12.659999999999854,-1.0,1,BROKER_SL_TP_OR_TEST_END,20,NEWYORK,Tuesday,2025-10,development,1.7494444444444444,7,12.66,7,0.0015437771079908843,3,SOLO,BULLISH,WEAK,NORMAL,PARTIALLY_ALIGNED,BREAKOUT
MSZZC1|6:XAUUSD|1:5|1:1|1:4|40:MSZZ|XAUUSD|5|0|-1|1761094800|1761094800,2,SweepReclaim_2R,1050,4,LONG,2025.10.22 01:20:00,2025.10.22 02:49:57,4123.29,4113.89,0.28,9.399999999999636,-1.0,2,BROKER_SL_TP_OR_TEST_END,1,ASIAN,Wednesday,2025-10,development,1.4991666666666668,6,9.4,6,0.0020657346268766834,3,CONCURRENT,BULLISH,WEAK,CONTRACTING,PARTIALLY_ALIGNED,COMPRESSION
MSZZC1|6:XAUUSD|1:5|2:-1|1:1|67:BO|XAUUSD|5|0|S|1761095100|MSZZ|XAUUSD|5|0|-1|1761094800|1761094800,1,FastMedConfluence_E3R,1010,1,SHORT,2025.10.22 01:10:00,2025.10.22 03:04:58,4115.84,4065.53,0.16,16.769999999999527,3.0000000000000813,1,BROKER_SL_TP_OR_TEST_END,1,ASIAN,Wednesday,2025-10,development,1.916111111111111,7,16.77,7,0.0011791149268580274,2,SOLO,BULLISH,WEAK,CONTRACTING,PARTIALLY_ALIGNED,COMPRESSION
MSZZC1|6:XAUUSD|1:5|1:1|1:1|66:BO|XAUUSD|5|0|L|1761111600|MSZZ|XAUUSD|5|0|1|1760490300|1760490300,1,FastMedConfluence_E3R,1010,1,LONG,2025.10.22 05:45:00,2025.10.22 06:04:58,4112.48,4110.23,1.21,2.25,-1.0,1,BROKER_SL_TP_OR_TEST_END,5,ASIAN,Wednesday,2025-10,development,0.3327777777777778,3,2.25,2,0.00887291926376769,8,SOLO,BULLISH,WEAK,EXPANDING,FULLY_ALIGNED,BREAKOUT
MSZZC1|6:XAUUSD|1:5|1:1|1:1|66:BO|XAUUSD|5|0|L|1761114600|MSZZ|XAUUSD|5|0|1|1760490300|1760490300,1,FastMedConfluence_E3R,1010,1,LONG,2025.10.22 06:35:00,2025.10.22 07:00:00,4129.34,4128.59,0.14,19.110000000000582,-0.039246467817895196,1,OWN_FAMILY_OPPOSITE,6,ASIAN,Wednesday,2025-10,development,0.4166666666666667,4,19.11,7,0.0010291847386605898,2,SOLO,BULLISH,NORMAL,NORMAL,FULLY_ALIGNED,BREAKOUT
MSZZC1|6:XAUUSD|1:5|2:-1|1:1|67:BO|XAUUSD|5|0|S|1761116100|MSZZ|XAUUSD|5|0|-1|1761067500|1761067500,1,FastMedConfluence_E3R,1010,1,SHORT,2025.10.22 07:00:00,2025.10.22 08:19:59,4128.59,4143.02,0.18,14.430000000000291,-1.0,1,BROKER_SL_TP_OR_TEST_END,7,ASIAN,Wednesday,2025-10,development,1.3330555555555557,6,14.43,7,0.0013233834503547403,2,SOLO,BULLISH,WEAK,NORMAL,PARTIALLY_ALIGNED,UNCLASSIFIED
MSZZC1|6:XAUUSD|1:5|2:-1|1:1|67:BO|XAUUSD|5|0|S|1761127200|MSZZ|XAUUSD|5|0|-1|1761067200|1761067200,1,FastMedConfluence_E3R,1010,1,SHORT,2025.10.22 10:05:00,2025.10.22 11:14:58,4142.2,4084.9899999999993,0.14,19.07000000000062,2.9999999999999285,1,BROKER_SL_TP_OR_TEST_END,10,LONDON,Wednesday,2025-10,development,1.166111111111111,6,19.07,7,0.0010317635787456703,2,SOLO,BULLISH,WEAK,NORMAL,PARTIALLY_ALIGNED,UNCLASSIFIED
MSZZC1|6:XAUUSD|1:5|1:1|1:4|40:MSZZ|XAUUSD|5|0|-1|1762220700|1762220700,2,SweepReclaim_2R,1050,4,LONG,2025.11.04 05:30:00,2025.11.04 06:49:58,3992.74,3986.59,0.44,6.149999999999636,-1.0,2,BROKER_SL_TP_OR_TEST_END,5,ASIAN,Tuesday,2025-11,development,1.3327777777777778,6,6.15,4,0.00321707976895518,5,CONCURRENT,BULLISH,WEAK,NORMAL,FULLY_ALIGNED,TREND_CONTINUATION
MSZZC1|6:XAUUSD|1:5|1:1|1:4|40:MSZZ|XAUUSD|5|0|-1|1762266000|1762266000,2,SweepReclaim_2R,1050,4,LONG,2025.11.06 09:20:00,2025.11.06 16:25:00,4000.62,3995.46,0.22,12.0,-0.4299999999999879,2,OWN_FAMILY_OPPOSITE,9,LONDON,Thursday,2025-11,development,7.083333333333333,8,12.0,6,0.0016129032258064516,3,CONCURRENT,BULLISH,NORMAL,NORMAL,OPPOSED,PULLBACK
MSZZC1|6:XAUUSD|1:5|1:1|1:4|40:MSZZ|XAUUSD|5|0|-1|1762446300|1762446300,2,SweepReclaim_2R,1050,4,LONG,2025.11.07 03:15:00,2025.11.07 06:04:58,3999.02,3987.15,0.22,11.86999999999989,-1.0,2,BROKER_SL_TP_OR_TEST_END,3,ASIAN,Friday,2025-11,development,2.832777777777778,7,11.87,6,0.001614501155836055,3,CONCURRENT,BULLISH,NORMAL,NORMAL,FULLY_ALIGNED,BREAKOUT
MSZZC1|6:XAUUSD|1:5|2:-1|1:1|67:BO|XAUUSD|5|0|S|1762185900|MSZZ|XAUUSD|5|0|-1|1761564000|1761564000,1,FastMedConfluence_E3R,1010,1,SHORT,2025.11.03 16:10:00,2025.11.07 16:20:00,4013.54,4006.08,0.03,71.07999999999993,0.10495216657287625,1,OWN_FAMILY_OPPOSITE,16,NEWYORK,Monday,2025-11,development,96.16666666666667,10,71.08,10,0.010315312019899039,8,SOLO,BULLISH,WEAK,NORMAL,FULLY_ALIGNED,TREND_CONTINUATION
MSZZC1|6:XAUUSD|1:5|2:-1|1:4|39:MSZZ|XAUUSD|5|0|1|1762531800|1762531800,2,SweepReclaim_2R,1050,4,SHORT,2025.11.07 16:30:00,2025.11.07 16:39:58,4000.7,3987.0200000000004,0.39,6.8400000000001455,1.999999999999867,2,BROKER_SL_TP_OR_TEST_END,16,NEWYORK,Friday,2025-11,development,0.1661111111111111,2,6.84,5,0.002870602090387163,5,CONCURRENT,BULLISH,WEAK,NORMAL,OPPOSED,UNCLASSIFIED
MSZZC1|6:XAUUSD|1:5|1:1|1:1|66:BO|XAUUSD|5|0|L|1762532100|MSZZ|XAUUSD|5|0|1|1762531800|1762531800,1,FastMedConfluence_E3R,1010,1,LONG,2025.11.07 16:20:00,2025.11.07 16:40:00,4006.08,3986.57,0.08,31.889999999999873,-0.6117905299466868,1,OWN_FAMILY_OPPOSITE,16,NEWYORK,Friday,2025-11,development,0.3333333333333333,3,31.89,9,0.0005886031710995843,1,SOLO,BULLISH,WEAK,NORMAL,OPPOSED,UNCLASSIFIED
MSZZC1|6:XAUUSD|1:5|2:-1|1:1|67:BO|XAUUSD|5|0|S|1762533300|MSZZ|XAUUSD|5|0|-1|1762533000|1762533000,1,FastMedConfluence_E3R,1010,1,SHORT,2025.11.07 16:40:00,2025.11.07 16:44:58,3986.57,3989.74,0.86,3.169999999999618,-1.0,1,BROKER_SL_TP_OR_TEST_END,16,NEWYORK,Friday,2025-11,development,0.08277777777777778,1,3.17,2,0.006305678776991605,7,SOLO,BEARISH,WEAK,EXPANDING,OPPOSED,UNCLASSIFIED
MSZZC1|6:XAUUSD|1:5|1:1|1:1|66:BO|XAUUSD|5|0|L|1762539900|MSZZ|XAUUSD|5|0|1|1762539600|1762539600,1,FastMedConfluence_E3R,1010,1,LONG,2025.11.07 18:30:00,2025.11.07 19:20:00,4008.19,3995.13,0.11,23.90000000000009,-0.5464435146443472,1,OWN_FAMILY_OPPOSITE,18,NEWYORK,Friday,2025-11,development,0.8333333333333334,5,23.9,8,0.0008085857100852691,1,SOLO,BULLISH,WEAK,NORMAL,OPPOSED,UNCLASSIFIED
MSZZC1|6:XAUUSD|1:5|2:-1|1:1|67:BO|XAUUSD|5|0|S|1762542900|MSZZ|XAUUSD|5|0|-1|1762542300|1762542300,1,FastMedConfluence_E3R,1010,1,SHORT,2025.11.07 19:20:00,2025.11.07 19:59:58,3995.13,4005.62,0.25,10.489999999999782,-1.0,1,BROKER_SL_TP_OR_TEST_END,19,NEWYORK,Friday,2025-11,development,0.6661111111111111,4,10.49,6,0.0018401295451199763,3,SOLO,BEARISH,WEAK,EXPANDING,OPPOSED,PULLBACK
MSZZC1|6:XAUUSD|1:5|2:-1|1:1|67:BO|XAUUSD|5|0|S|1762736400|MSZZ|XAUUSD|5|0|-1|1762559100|1762559100,1,FastMedConfluence_E3R,1010,1,SHORT,2025.11.10 01:05:00,2025.11.10 01:09:58,4006.63,4010.4399999999996,0.71,3.8099999999999454,-0.9999999999998807,1,BROKER_SL_TP_OR_TEST_END,1,ASIAN,Monday,2025-11,development,0.08277777777777778,1,3.81,3,0.0052386925403969595,6,SOLO,BEARISH,WEAK,CONTRACTING,FULLY_ALIGNED,BREAKOUT
MSZZC1|6:XAUUSD|1:5|2:-1|1:4|39:MSZZ|XAUUSD|5|0|1|1763366700|1763366700,2,SweepReclaim_2R,1050,4,SHORT,2025.11.17 15:55:00,2025.11.17 16:14:58,4063.34,4071.7,0.32,8.359999999999673,-1.0,2,BROKER_SL_TP_OR_TEST_END,15,LONDON,Monday,2025-11,development,0.3327777777777778,3,8.36,5,0.002367038982173238,4,SOLO,BEARISH,WEAK,EXPANDING,PARTIALLY_ALIGNED,UNCLASSIFIED
MSZZC1|6:XAUUSD|1:5|1:1|1:4|40:MSZZ|XAUUSD|5|0|-1|1763393700|1763393700,2,SweepReclaim_2R,1050,4,LONG,2025.11.17 16:45:00,2025.11.17 17:09:58,4074.26,4064.0300000000007,0.26,10.230000000000018,-0.9999999999999556,2,BROKER_SL_TP_OR_TEST_END,16,NEWYORK,Monday,2025-11,development,0.4161111111111111,3,10.23,6,0.001927996737236291,3,SOLO,BEARISH,WEAK,EXPANDING,OPPOSED,UNCLASSIFIED
MSZZC1|6:XAUUSD|1:5|2:-1|1:1|67:BO|XAUUSD|5|0|S|1763561400|MSZZ|XAUUSD|5|0|-1|1763129700|1763129700,1,FastMedConfluence_E3R,1010,1,SHORT,2025.11.19 14:15:00,2025.11.19 14:19:58,4115.91,4114.26,4.89,0.5500000000001819,2.999999999998346,1,BROKER_SL_TP_OR_TEST_END,14,LONDON,Wednesday,2025-11,development,0.08277777777777778,1,0.55,1,0.03635012079539119,10,SOLO,BULLISH,WEAK,NORMAL,PARTIALLY_ALIGNED,COMPRESSION
MSZZC1|6:XAUUSD|1:5|1:1|1:4|40:MSZZ|XAUUSD|5|0|-1|1763129700|1763129700,2,SweepReclaim_2R,1050,4,LONG,2025.11.19 14:40:00,2025.11.19 14:54:58,4118.65,4114.82,0.7,3.8299999999999272,-1.0,2,BROKER_SL_TP_OR_TEST_END,14,LONDON,Wednesday,2025-11,development,0.24944444444444444,2,3.83,3,0.005165289256198346,6,SOLO,BULLISH,WEAK,NORMAL,PARTIALLY_ALIGNED,COMPRESSION
MSZZC1|6:XAUUSD|1:5|2:-1|1:1|67:BO|XAUUSD|5|0|S|1763564700|MSZZ|XAUUSD|5|0|-1|1763564400|1763564400,1,FastMedConfluence_E3R,1010,1,SHORT,2025.11.19 15:10:00,2025.11.19 15:49:57,4107.24,4116.46,0.29,9.220000000000255,-1.0,1,BROKER_SL_TP_OR_TEST_END,15,LONDON,Wednesday,2025-11,development,0.6658333333333334,4,9.22,6,0.0021452084180937233,4,SOLO,BULLISH,WEAK,NORMAL,PARTIALLY_ALIGNED,UNCLASSIFIED
MSZZC1|6:XAUUSD|1:5|1:1|1:4|40:MSZZ|XAUUSD|5|0|-1|1763564400|1763564400,2,SweepReclaim_2R,1050,4,LONG,2025.11.19 15:40:00,2025.11.19 15:54:57,4112.17,4106.39,0.46,5.779999999999745,-1.0,2,BROKER_SL_TP_OR_TEST_END,15,LONDON,Wednesday,2025-11,development,0.24916666666666668,2,5.78,4,0.0034072812118069703,5,CONCURRENT,BEARISH,WEAK,EXPANDING,OPPOSED,UNCLASSIFIED
MSZZC1|6:XAUUSD|1:5|2:-1|1:1|67:BO|XAUUSD|5|0|S|1763567400|MSZZ|XAUUSD|5|0|-1|1763564400|1763564400,1,FastMedConfluence_E3R,1010,1,SHORT,2025.11.19 15:55:00,2025.11.19 16:14:58,4106.3,4117.88,0.23,11.579999999999927,-1.0,1,BROKER_SL_TP_OR_TEST_END,15,LONDON,Wednesday,2025-11,development,0.3327777777777778,3,11.58,6,0.001709846485522061,3,SOLO,BEARISH,WEAK,EXPANDING,FULLY_ALIGNED,BREAKOUT
MSZZC1|6:XAUUSD|1:5|2:-1|1:4|39:MSZZ|XAUUSD|5|0|1|1763565900|1763565900,2,SweepReclaim_2R,1050,4,SHORT,2025.11.19 16:30:00,2025.11.19 16:34:58,4106.62,4114.08,0.35,7.460000000000036,-1.0,2,BROKER_SL_TP_OR_TEST_END,16,NEWYORK,Wednesday,2025-11,development,0.08277777777777778,1,11.58,6,0.0026020370232696455,4,SOLO,BEARISH,WEAK,EXPANDING,FULLY_ALIGNED,TREND_CONTINUATION
MSZZC1|6:XAUUSD|1:5|1:1|1:1|66:BO|XAUUSD|5|0|L|1763569800|MSZZ|XAUUSD|5|0|1|1763565900|1763565900,1,FastMedConfluence_E3R,1010,1,LONG,2025.11.19 16:35:00,2025.11.19 17:54:58,4113.58,4100.83,0.2,12.75,-1.0,1,BROKER_SL_TP_OR_TEST_END,16,NEWYORK,Wednesday,2025-11,development,1.3327777777777778,6,12.75,7,0.0014941541219976842,3,SOLO,BEARISH,WEAK,EXPANDING,OPPOSED,PULLBACK
MSZZC1|6:XAUUSD|1:5|1:1|1:1|66:BO|XAUUSD|5|0|L|1763948700|MSZZ|XAUUSD|5|0|1|1763946000|1763946000,1,FastMedConfluence_E3R,1010,1,LONG,2025.11.24 01:50:00,2025.11.24 02:09:57,4074.75,4068.97,0.46,5.7800000000002,-1.0,1,BROKER_SL_TP_OR_TEST_END,1,ASIAN,Monday,2025-11,development,0.3325,3,5.78,4,0.0034447897554948145,5,SOLO,BULLISH,NORMAL,NORMAL,OPPOSED,PULLBACK
MSZZC1|6:XAUUSD|1:5|1:1|1:4|40:MSZZ|XAUUSD|5|0|-1|1763949900|1763949900,2,SweepReclaim_2R,1050,4,LONG,2025.11.24 02:15:00,2025.11.24 03:04:57,4062.5,4071.3599999999997,0.6,4.429999999999836,2.0,2,BROKER_SL_TP_OR_TEST_END,2,ASIAN,Monday,2025-11,development,0.8325,5,4.43,3,0.0045045045045045045,6,SOLO,BEARISH,WEAK,NORMAL,OPPOSED,UNCLASSIFIED
MSZZC1|6:XAUUSD|1:5|1:1|1:4|40:MSZZ|XAUUSD|5|0|-1|1763965800|1763965800,2,SweepReclaim_2R,1050,4,LONG,2025.11.24 06:45:00,2025.11.24 06:49:58,4046.84,4045.05,1.49,1.7899999999999636,-1.0,2,BROKER_SL_TP_OR_TEST_END,6,ASIAN,Monday,2025-11,development,0.08277777777777778,1,1.79,1,0.011123553564762972,8,CONCURRENT,BEARISH,WEAK,NORMAL,OPPOSED,UNCLASSIFIED
MSZZC1|6:XAUUSD|1:5|2:-1|1:1|67:BO|XAUUSD|5|0|S|1763953500|MSZZ|XAUUSD|5|0|-1|1763949900|1763949900,1,FastMedConfluence_E3R,1010,1,SHORT,2025.11.24 03:10:00,2025.11.24 17:14:58,4056.6,4092.29,0.07,35.690000000000055,-1.0,1,BROKER_SL_TP_OR_TEST_END,3,ASIAN,Monday,2025-11,development,14.082777777777778,9,35.69,9,0.0005229148769282486,1,SOLO,BEARISH,WEAK,NORMAL,PARTIALLY_ALIGNED,BREAKOUT
MSZZC1|6:XAUUSD|1:5|2:-1|1:4|39:MSZZ|XAUUSD|5|0|1|1764334200|1764334200,2,SweepReclaim_2R,1050,4,SHORT,2025.12.02 18:00:00,2025.12.02 18:39:57,4169.29,4188.02,0.14,18.730000000000473,-1.0,2,BROKER_SL_TP_OR_TEST_END,18,NEWYORK,Tuesday,2025-12,development,0.6658333333333334,4,18.73,7,0.0010509327027737117,2,SOLO,BEARISH,STRONG,EXPANDING,PARTIALLY_ALIGNED,UNCLASSIFIED
MSZZC1|6:XAUUSD|1:5|2:-1|1:1|67:BO|XAUUSD|5|0|S|1764707100|MSZZ|XAUUSD|5|0|-1|1764333000|1764333000,1,FastMedConfluence_E3R,1010,1,SHORT,2025.12.02 20:30:00,2025.12.02 21:09:57,4189.39,4197.12,0.34,7.729999999999563,-1.0,1,BROKER_SL_TP_OR_TEST_END,20,NEWYORK,Tuesday,2025-12,development,0.6658333333333334,4,7.73,5,0.0025586033036083837,4,SOLO,BULLISH,WEAK,CONTRACTING,OPPOSED,UNCLASSIFIED
MSZZC1|6:XAUUSD|1:5|2:-1|1:1|67:BO|XAUUSD|5|0|S|1764793200|MSZZ|XAUUSD|5|0|-1|1764333000|1764333000,1,FastMedConfluence_E3R,1010,1,SHORT,2025.12.03 20:25:00,2025.12.03 20:29:58,4199.55,4200.86,2.02,1.3099999999994907,-1.0,1,BROKER_SL_TP_OR_TEST_END,20,NEWYORK,Wednesday,2025-12,development,0.08277777777777778,1,1.31,1,0.015238957413903662,9,SOLO,BEARISH,NORMAL,NORMAL,FULLY_ALIGNED,BREAKOUT
MSZZC1|6:XAUUSD|1:5|2:-1|1:1|67:BO|XAUUSD|5|0|S|1764795000|MSZZ|XAUUSD|5|0|-1|1764333000|1764333000,1,FastMedConfluence_E3R,1010,1,SHORT,2025.12.03 20:55:00,2025.12.03 21:04:58,4197.38,4200.86,0.75,3.4799999999995634,-1.0,1,BROKER_SL_TP_OR_TEST_END,20,NEWYORK,Wednesday,2025-12,development,0.1661111111111111,2,3.48,3,0.005672364241415822,7,SOLO,BEARISH,WEAK,NORMAL,FULLY_ALIGNED,BREAKOUT
MSZZC1|6:XAUUSD|1:5|2:-1|1:1|67:BO|XAUUSD|5|0|S|1764881700|MSZZ|XAUUSD|5|0|-1|1764333000|1764333000,1,FastMedConfluence_E3R,1010,1,SHORT,2025.12.04 21:00:00,2025.12.05 07:04:57,4207.98,4217.56,0.27,9.580000000000837,-1.0,1,BROKER_SL_TP_OR_TEST_END,21,NEWYORK,Thursday,2025-12,development,10.0825,8,9.58,6,0.025588536335721595,10,SOLO,BEARISH,WEAK,CONTRACTING,FULLY_ALIGNED,BREAKOUT
MSZZC1|6:XAUUSD|1:5|1:1|1:1|66:BO|XAUUSD|5|0|L|1764959100|MSZZ|XAUUSD|5|0|1|1764861900|1764861900,1,FastMedConfluence_E3R,1010,1,LONG,2025.12.05 18:30:00,2025.12.05 23:19:58,4216.83,4198.58,0.14,18.25,-1.0,1,BROKER_SL_TP_OR_TEST_END,18,NEWYORK,Friday,2025-12,development,4.832777777777777,8,18.25,7,0.001064031920957629,2,SOLO,BEARISH,WEAK,EXPANDING,PARTIALLY_ALIGNED,UNCLASSIFIED
MSZZC1|6:XAUUSD|1:5|1:1|1:1|66:BO|XAUUSD|5|0|L|1765179000|MSZZ|XAUUSD|5|0|1|1764916200|1764916200,1,FastMedConfluence_E3R,1010,1,LONG,2025.12.08 07:35:00,2025.12.08 12:34:57,4214.09,4203.02,0.23,11.069999999999709,-1.0,1,BROKER_SL_TP_OR_TEST_END,7,ASIAN,Monday,2025-12,development,4.9991666666666665,8,11.07,6,0.001752314197554379,3,SOLO,BULLISH,WEAK,CONTRACTING,FULLY_ALIGNED,BREAKOUT
MSZZC1|6:XAUUSD|1:5|1:1|1:1|66:BO|XAUUSD|5|0|L|1765205700|MSZZ|XAUUSD|5|0|1|1764916200|1764916200,1,FastMedConfluence_E3R,1010,1,LONG,2025.12.08 15:00:00,2025.12.08 15:29:58,4214.08,4203.02,0.23,11.05999999999949,-1.0,1,BROKER_SL_TP_OR_TEST_END,15,LONDON,Monday,2025-12,development,0.49944444444444447,4,11.06,6,0.0017565297082633268,3,SOLO,BULLISH,WEAK,NORMAL,FULLY_ALIGNED,BREAKOUT
MSZZC1|6:XAUUSD|1:5|2:-1|1:1|67:BO|XAUUSD|5|0|S|1765213800|MSZZ|XAUUSD|5|0|-1|1764958200|1764958200,1,FastMedConfluence_E3R,1010,1,SHORT,2025.12.08 17:15:00,2025.12.09 18:05:00,4178.19,4216.62,0.03,81.07000000000062,-0.47403478475391636,1,OWN_FAMILY_OPPOSITE,17,NEWYORK,Monday,2025-12,development,24.833333333333332,9,81.07,10,0.0028709232889297196,5,SOLO,BEARISH,NORMAL,EXPANDING,OPPOSED,UNCLASSIFIED
MSZZC1|6:XAUUSD|1:5|2:-1|1:4|39:MSZZ|XAUUSD|5|0|1|1765336500|1765336500,2,SweepReclaim_2R,1050,4,SHORT,2025.12.10 04:05:00,2025.12.10 04:44:58,4215.65,4218.01,1.1,2.360000000000582,-1.0,2,BROKER_SL_TP_OR_TEST_END,4,ASIAN,Wednesday,2025-12,development,0.6661111111111111,4,2.36,2,0.008431703204047217,8,CONCURRENT,BULLISH,WEAK,EXPANDING,OPPOSED,UNCLASSIFIED
MSZZC1|6:XAUUSD|1:5|1:1|1:1|66:BO|XAUUSD|5|0|L|1765303200|MSZZ|XAUUSD|5|0|1|1764916200|1764916200,1,FastMedConfluence_E3R,1010,1,LONG,2025.12.09 18:05:00,2025.12.10 05:20:00,4216.62,4209.06,0.09,26.229999999999563,-0.2882195958825626,1,OWN_FAMILY_OPPOSITE,18,NEWYORK,Tuesday,2025-12,development,11.25,9,26.23,8,0.016554895573864723,9,SOLO,BULLISH,NORMAL,EXPANDING,PARTIALLY_ALIGNED,BREAKOUT
MSZZC1|6:XAUUSD|1:5|1:1|1:4|40:MSZZ|XAUUSD|5|0|-1|1765343400|1765343400,2,SweepReclaim_2R,1050,4,LONG,2025.12.10 07:50:00,2025.12.10 08:19:58,4212.75,4207.46,0.49,5.289999999999964,-1.0,2,BROKER_SL_TP_OR_TEST_END,7,ASIAN,Wednesday,2025-12,development,0.49944444444444447,4,5.29,4,0.0037709712174849933,5,CONCURRENT,BULLISH,WEAK,NORMAL,FULLY_ALIGNED,TREND_CONTINUATION
MSZZC1|6:XAUUSD|1:5|2:-1|1:1|67:BO|XAUUSD|5|0|S|1765343700|MSZZ|XAUUSD|5|0|-1|1765343400|1765343400,1,FastMedConfluence_E3R,1010,1,SHORT,2025.12.10 05:20:00,2025.12.10 21:09:58,4209.06,4218.84,0.26,9.779999999999745,-1.0,1,BROKER_SL_TP_OR_TEST_END,5,ASIAN,Wednesday,2025-12,development,15.832777777777778,9,9.78,6,0.001999077348915885,3,SOLO,BEARISH,WEAK,NORMAL,OPPOSED,PULLBACK
MSZZC1|6:XAUUSD|1:5|1:1|1:4|40:MSZZ|XAUUSD|5|0|-1|1764958200|1764958200,2,SweepReclaim_2R,1050,4,LONG,2025.12.10 21:05:00,2025.12.10 21:44:58,4206.21,4190.47,0.16,15.739999999999782,-1.0,2,BROKER_SL_TP_OR_TEST_END,21,NEWYORK,Wednesday,2025-12,development,0.6661111111111111,4,15.74,7,0.0012324282688234163,2,CONCURRENT,BULLISH,WEAK,EXPANDING,FULLY_ALIGNED,TREND_CONTINUATION
MSZZC1|6:XAUUSD|1:5|1:1|1:1|66:BO|XAUUSD|5|0|L|1765418400|MSZZ|XAUUSD|5|0|1|1765417800|1765417800,1,FastMedConfluence_E3R,1010,1,LONG,2025.12.11 02:05:00,2025.12.11 04:39:58,4235.25,4223.93,0.22,11.319999999999709,-1.0,1,BROKER_SL_TP_OR_TEST_END,2,ASIAN,Thursday,2025-12,development,2.582777777777778,7,11.32,6,0.0017041053446940357,3,SOLO,BULLISH,WEAK,CONTRACTING,OPPOSED,PULLBACK
MSZZC1|6:XAUUSD|1:5|2:-1|1:4|39:MSZZ|XAUUSD|5|0|1|1765417800|1765417800,2,SweepReclaim_2R,1050,4,SHORT,2025.12.11 04:20:00,2025.12.11 05:09:58,4232.4,4217.3,0.34,7.550000000000182,1.9999999999998794,2,BROKER_SL_TP_OR_TEST_END,4,ASIAN,Thursday,2025-12,development,0.8327777777777777,5,7.55,5,0.0026352503487831343,4,CONCURRENT,BEARISH,WEAK,NORMAL,PARTIALLY_ALIGNED,UNCLASSIFIED
MSZZC1|6:XAUUSD|1:5|1:1|1:4|40:MSZZ|XAUUSD|5|0|-1|1765427100|1765427100,2,SweepReclaim_2R,1050,4,LONG,2025.12.11 16:25:00,2025.12.11 17:44:58,4230.95,4245.89,0.34,7.470000000000255,2.0,2,BROKER_SL_TP_OR_TEST_END,16,NEWYORK,Thursday,2025-12,development,1.3327777777777778,6,7.47,5,0.0026269025728192846,4,SOLO,BULLISH,WEAK,EXPANDING,FULLY_ALIGNED,TREND_CONTINUATION
MSZZC1|6:XAUUSD|1:5|1:1|1:1|66:BO|XAUUSD|5|0|L|1765474800|MSZZ|XAUUSD|5|0|1|1765473600|1765473900,1,FastMedConfluence_E3R,1010,1,LONG,2025.12.11 17:45:00,2025.12.12 11:04:58,4254.64,4313.77,0.13,19.710000000000036,3.0,1,BROKER_SL_TP_OR_TEST_END,17,NEWYORK,Thursday,2025-12,development,17.33277777777778,9,19.71,8,0.023988005997001502,9,SOLO,BULLISH,NORMAL,EXPANDING,OPPOSED,PULLBACK
MSZZC1|6:XAUUSD|1:5|2:-1|1:4|39:MSZZ|XAUUSD|5|0|1|1766134500|1766134800,2,SweepReclaim_2R,1050,4,SHORT,2025.12.19 09:55:00,2025.12.19 10:44:58,4323.27,4329.21,0.44,5.9399999999996,-1.0,2,BROKER_SL_TP_OR_TEST_END,9,LONDON,Friday,2025-12,development,0.8327777777777777,5,5.94,4,0.0033517425252332887,5,CONCURRENT,BULLISH,WEAK,NORMAL,PARTIALLY_ALIGNED,UNCLASSIFIED
MSZZC1|6:XAUUSD|1:5|2:-1|1:4|39:MSZZ|XAUUSD|5|0|1|1766143500|1766143800,2,SweepReclaim_2R,1050,4,SHORT,2025.12.19 13:00:00,2025.12.19 14:09:58,4327.96,4324.44,1.48,1.7600000000002183,2.0,2,BROKER_SL_TP_OR_TEST_END,13,LONDON,Friday,2025-12,development,1.166111111111111,6,1.76,1,0.011299866386715022,8,CONCURRENT,BEARISH,WEAK,NORMAL,FULLY_ALIGNED,TREND_CONTINUATION
MSZZC1|6:XAUUSD|1:5|2:-1|1:4|39:MSZZ|XAUUSD|5|0|1|1766368800|1766368800,2,SweepReclaim_2R,1050,4,SHORT,2025.12.22 02:45:00,2025.12.22 03:04:57,4361.98,4366.29,0.61,4.3100000000004,-1.0,2,BROKER_SL_TP_OR_TEST_END,2,ASIAN,Monday,2025-12,development,0.3325,3,4.31,3,0.004627171357050747,6,CONCURRENT,BULLISH,NORMAL,EXPANDING,OPPOSED,UNCLASSIFIED
MSZZC1|6:XAUUSD|1:5|1:1|1:1|66:BO|XAUUSD|5|0|L|1765565100|MSZZ|XAUUSD|5|0|1|1765474800|1765474800,1,FastMedConfluence_E3R,1010,1,LONG,2025.12.12 18:50:00,2025.12.22 08:49:58,4278.67,4409.89,0.05,43.73999999999978,3.000000000000021,1,BROKER_SL_TP_OR_TEST_END,18,NEWYORK,Friday,2025-12,development,229.99944444444444,10,43.74,9,0.08815784452161968,10,SOLO,BEARISH,NORMAL,EXPANDING,FULLY_ALIGNED,TREND_CONTINUATION
MSZZC1|6:XAUUSD|1:5|2:-1|1:1|67:BO|XAUUSD|5|0|S|1767028800|MSZZ|XAUUSD|5|0|-1|1767027900|1767027900,1,FastMedConfluence_E3R,1010,1,SHORT,2025.12.29 17:25:00,2025.12.29 18:40:00,4315.84,4340.81,0.06,40.05000000000018,-0.6234706616729124,1,OWN_FAMILY_OPPOSITE,17,NEWYORK,Monday,2025-12,development,1.25,6,40.05,9,0.0004552524754353352,1,SOLO,BEARISH,STRONG,EXPANDING,OPPOSED,UNCLASSIFIED
MSZZC1|6:XAUUSD|1:5|1:1|1:4|40:MSZZ|XAUUSD|5|0|-1|1767027900|1767027900,2,SweepReclaim_2R,1050,4,LONG,2025.12.29 17:45:00,2025.12.29 19:39:58,4331.66,4316.51,0.17,15.149999999999636,-1.0,2,BROKER_SL_TP_OR_TEST_END,17,NEWYORK,Monday,2025-12,development,1.916111111111111,7,15.15,7,0.0012910085054678008,2,CONCURRENT,BEARISH,NORMAL,EXPANDING,OPPOSED,UNCLASSIFIED
MSZZC1|6:XAUUSD|1:5|2:-1|1:1|67:BO|XAUUSD|5|0|S|1767036000|MSZZ|XAUUSD|5|0|-1|1767027900|1767027900,1,FastMedConfluence_E3R,1010,1,SHORT,2025.12.29 19:25:00,2025.12.29 22:05:00,4325.75,4343.37,0.12,21.73999999999978,-0.8104875804967833,1,OWN_FAMILY_OPPOSITE,19,NEWYORK,Monday,2025-12,development,2.6666666666666665,7,21.74,8,0.0009126516332661519,2,CONCURRENT,BULLISH,WEAK,NORMAL,OPPOSED,UNCLASSIFIED
MSZZC1|6:XAUUSD|1:5|1:1|1:1|66:BO|XAUUSD|5|0|L|1767045600|MSZZ|XAUUSD|5|0|1|1767042600|1767042600,1,FastMedConfluence_E3R,1010,1,LONG,2025.12.29 22:05:00,2025.12.30 03:05:00,4343.37,4327.91,0.09,28.73999999999978,-0.5379262352122531,1,OWN_FAMILY_OPPOSITE,22,NEWYORK,Monday,2025-12,development,5.0,8,28.74,9,0.016485403548941038,9,SOLO,BULLISH,WEAK,CONTRACTING,OPPOSED,PULLBACK
MSZZC1|6:XAUUSD|1:5|2:-1|1:1|67:BO|XAUUSD|5|0|S|1767063600|MSZZ|XAUUSD|5|0|-1|1767062700|1767062700,1,FastMedConfluence_E3R,1010,1,SHORT,2025.12.30 03:05:00,2025.12.30 03:44:58,4327.91,4347.08,0.13,19.170000000000073,-1.0,1,BROKER_SL_TP_OR_TEST_END,3,ASIAN,Tuesday,2025-12,development,0.6661111111111111,4,19.17,8,0.0009935419771485345,2,SOLO,BEARISH,WEAK,NORMAL,OPPOSED,PULLBACK
MSZZC1|6:XAUUSD|1:5|2:-1|1:4|39:MSZZ|XAUUSD|5|0|1|1767069900|1767069900,2,SweepReclaim_2R,1050,4,SHORT,2025.12.30 05:10:00,2025.12.30 05:19:58,4358.13,4365.39,0.36,7.260000000000218,-1.0,2,BROKER_SL_TP_OR_TEST_END,5,ASIAN,Tuesday,2025-12,development,0.1661111111111111,2,7.26,5,0.0027541886619233415,4,CONCURRENT,BEARISH,NORMAL,NORMAL,FULLY_ALIGNED,BREAKOUT
MSZZC1|6:XAUUSD|1:5|1:1|1:1|66:BO|XAUUSD|5|0|L|1767066000|MSZZ|XAUUSD|5|0|1|1767064500|1767064500,1,FastMedConfluence_E3R,1010,1,LONG,2025.12.30 03:45:00,2025.12.30 16:45:00,4347.16,4371.27,0.13,19.81999999999971,1.2164480322906628,1,OWN_FAMILY_OPPOSITE,3,ASIAN,Tuesday,2025-12,development,13.0,9,19.82,8,0.0009959396307362292,2,SOLO,BEARISH,WEAK,EXPANDING,OPPOSED,PULLBACK
MSZZC1|6:XAUUSD|1:5|2:-1|1:1|67:BO|XAUUSD|5|0|S|1767112800|MSZZ|XAUUSD|5|0|-1|1767108600|1767108600,1,FastMedConfluence_E3R,1010,1,SHORT,2025.12.30 16:45:00,2026.01.05 03:04:58,4371.27,4413.28,0.06,42.00999999999931,-1.0,1,BROKER_SL_TP_OR_TEST_END,16,NEWYORK,Tuesday,2025-12,validation,130.33277777777778,10,42.01,9,0.03216049619051266,10,SOLO,BEARISH,NORMAL,EXPANDING,OPPOSED,UNCLASSIFIED
MSZZC1|6:XAUUSD|1:5|2:-1|1:1|67:BO|XAUUSD|5|0|S|1767674100|MSZZ|XAUUSD|5|0|-1|1766973600|1766973600,1,FastMedConfluence_E3R,1010,1,SHORT,2026.01.06 04:40:00,2026.01.06 20:10:00,4452.48,4489.68,0.03,66.83000000000084,-0.5566362412090418,1,OWN_FAMILY_OPPOSITE,4,ASIAN,Tuesday,2026-01,validation,15.5,9,66.83,10,0.0002302555836979047,1,SOLO,BULLISH,WEAK,NORMAL,FULLY_ALIGNED,TREND_CONTINUATION
MSZZC1|6:XAUUSD|1:5|1:1|1:4|40:MSZZ|XAUUSD|5|0|-1|1767004500|1767004500,2,SweepReclaim_2R,1050,4,LONG,2026.01.06 17:55:00,2026.01.07 03:59:57,4477.55,4462.92,0.17,14.63000000000011,-1.0,2,BROKER_SL_TP_OR_TEST_END,17,NEWYORK,Tuesday,2026-01,validation,10.0825,8,14.63,7,0.03133760897115865,10,CONCURRENT,BULLISH,WEAK,EXPANDING,PARTIALLY_ALIGNED,UNCLASSIFIED
MSZZC1|6:XAUUSD|1:5|2:-1|1:4|39:MSZZ|XAUUSD|5|0|1|1767978300|1767978300,2,SweepReclaim_2R,1050,4,SHORT,2026.01.09 19:50:00,2026.01.09 22:14:58,4497.93,4506.04,0.32,8.109999999999673,-1.0,2,BROKER_SL_TP_OR_TEST_END,19,NEWYORK,Friday,2026-01,validation,2.4161111111111113,7,8.11,5,0.0024657112035752814,4,CONCURRENT,BEARISH,WEAK,NORMAL,FULLY_ALIGNED,BREAKOUT
MSZZC1|6:XAUUSD|1:5|1:1|1:1|66:BO|XAUUSD|5|0|L|1767984600|MSZZ|XAUUSD|5|0|1|1767978300|1767978300,1,FastMedConfluence_E3R,1010,1,LONG,2026.01.09 18:55:00,2026.01.20 06:59:58,4507.47,4696.05,0.04,62.86000000000058,2.999999999999971,1,BROKER_SL_TP_OR_TEST_END,18,NEWYORK,Friday,2026-01,validation,252.08277777777778,10,62.86,10,0.07825618115997841,10,SOLO,BULLISH,WEAK,EXPANDING,OPPOSED,UNCLASSIFIED
MSZZC1|6:XAUUSD|1:5|1:1|1:1|66:BO|XAUUSD|5|0|L|1769771700|MSZZ|XAUUSD|5|0|1|1769202000|1769202000,1,FastMedConfluence_E3R,1010,1,LONG,2026.01.30 11:20:00,2026.01.30 19:09:58,5068.8,4932.82,0.01,135.98000000000047,-1.0,1,BROKER_SL_TP_OR_TEST_END,11,LONDON,Friday,2026-01,validation,7.832777777777777,8,135.98,10,7.667535654040792e-05,1,SOLO,BEARISH,WEAK,EXPANDING,FULLY_ALIGNED,TREND_CONTINUATION
MSZZC1|6:XAUUSD|1:5|2:-1|1:4|39:MSZZ|XAUUSD|5|0|1|1769788800|1769788800,2,SweepReclaim_2R,1050,4,SHORT,2026.01.30 17:05:00,2026.01.30 20:19:58,4984.95,4759.77,0.02,112.59000000000015,1.999999999999992,2,BROKER_SL_TP_OR_TEST_END,17,NEWYORK,Friday,2026-01,validation,3.2494444444444444,7,112.59,10,0.00015347427387484174,1,CONCURRENT,BEARISH,WEAK,EXPANDING,OPPOSED,PULLBACK
MSZZC1|6:XAUUSD|1:5|1:1|1:1|66:BO|XAUUSD|5|0|L|1769805900|MSZZ|XAUUSD|5|0|1|1769176800|1769176800,1,FastMedConfluence_E3R,1010,1,LONG,2026.01.30 20:50:00,2026.01.30 21:14:57,4829.43,4914.39,0.09,28.32000000000062,2.9999999999999356,1,BROKER_SL_TP_OR_TEST_END,20,NEWYORK,Friday,2026-01,validation,0.41583333333333333,3,28.32,9,0.0006879944960440316,1,SOLO,BEARISH,WEAK,EXPANDING,OPPOSED,UNCLASSIFIED
MSZZC1|6:XAUUSD|1:5|2:-1|1:1|67:BO|XAUUSD|5|0|S|1769807400|MSZZ|XAUUSD|5|0|-1|1769800200|1769800200,1,FastMedConfluence_E3R,1010,1,SHORT,2026.01.30 21:15:00,2026.01.30 21:49:57,4889.79,4930.95,0.06,41.159999999999854,-1.0,1,BROKER_SL_TP_OR_TEST_END,21,NEWYORK,Friday,2026-01,validation,0.5825,4,41.16,9,0.0004553388479927145,1,SOLO,BULLISH,WEAK,EXPANDING,FULLY_ALIGNED,TREND_CONTINUATION
MSZZC1|6:XAUUSD|1:5|2:-1|1:1|67:BO|XAUUSD|5|0|S|1769811600|MSZZ|XAUUSD|5|0|-1|1769800200|1769800200,1,FastMedConfluence_E3R,1010,1,SHORT,2026.01.30 22:25:00,2026.02.02 01:14:58,4896.34,4742.47,0.05,51.289999999999964,3.0,1,BROKER_SL_TP_OR_TEST_END,22,NEWYORK,Friday,2026-01,validation,50.83277777777778,10,51.29,10,0.013502205994218773,9,SOLO,BULLISH,NORMAL,NORMAL,PARTIALLY_ALIGNED,UNCLASSIFIED
MSZZC1|6:XAUUSD|1:5|2:-1|1:1|67:BO|XAUUSD|5|0|S|1770175800|MSZZ|XAUUSD|5|0|-1|1769769000|1769769000,1,FastMedConfluence_E3R,1010,1,SHORT,2026.02.04 03:35:00,2026.02.05 04:49:58,5029.88,4833.41,0.04,65.48999999999978,3.0000000000000138,1,BROKER_SL_TP_OR_TEST_END,3,ASIAN,Wednesday,2026-02,validation,25.249444444444446,9,65.49,10,0.003775579551461149,5,SOLO,BEARISH,NORMAL,NORMAL,OPPOSED,UNCLASSIFIED
MSZZC1|6:XAUUSD|1:5|1:1|1:4|40:MSZZ|XAUUSD|5|0|-1|1770608100|1770608100,2,SweepReclaim_2R,1050,4,LONG,2026.02.09 04:10:00,2026.02.09 07:34:57,4990.2,5032.48,0.12,21.139999999999418,2.000000000000043,2,BROKER_SL_TP_OR_TEST_END,4,ASIAN,Monday,2026-02,validation,3.4158333333333335,7,21.14,8,0.0008994827973914999,2,SOLO,BEARISH,WEAK,EXPANDING,OPPOSED,UNCLASSIFIED
MSZZC1|6:XAUUSD|1:5|2:-1|1:1|67:BO|XAUUSD|5|0|S|1770744900|MSZZ|XAUUSD|5|0|-1|1770741900|1770741900,1,FastMedConfluence_E3R,1010,1,SHORT,2026.02.10 17:40:00,2026.02.11 05:24:58,5007.22,5058.39,0.05,51.17000000000007,-1.0,1,BROKER_SL_TP_OR_TEST_END,17,NEWYORK,Tuesday,2026-02,validation,11.749444444444444,9,51.17,10,0.004662613301503227,6,SOLO,BEARISH,WEAK,EXPANDING,OPPOSED,UNCLASSIFIED
MSZZC1|6:XAUUSD|1:5|2:-1|1:1|67:BO|XAUUSD|5|0|S|1770789900|MSZZ|XAUUSD|5|0|-1|1770789300|1770789600,1,FastMedConfluence_E3R,1010,1,SHORT,2026.02.11 06:10:00,2026.02.11 06:14:58,5054.8,5057.6,0.95,2.800000000000182,-1.0,1,BROKER_SL_TP_OR_TEST_END,6,ASIAN,Wednesday,2026-02,validation,0.08277777777777778,1,2.8,2,0.0071041316133856796,7,SOLO,BEARISH,WEAK,CONTRACTING,OPPOSED,UNCLASSIFIED
MSZZC1|6:XAUUSD|1:5|2:-1|1:1|67:BO|XAUUSD|5|0|S|1770790800|MSZZ|XAUUSD|5|0|-1|1770789300|1770789600,1,FastMedConfluence_E3R,1010,1,SHORT,2026.02.11 06:25:00,2026.02.11 06:29:58,5057.29,5057.6,8.6,0.3100000000004002,-1.0,1,BROKER_SL_TP_OR_TEST_END,6,ASIAN,Wednesday,2026-02,validation,0.08277777777777778,1,0.31,1,0.06447259914536323,10,SOLO,BEARISH,WEAK,CONTRACTING,OPPOSED,UNCLASSIFIED
MSZZC1|6:XAUUSD|1:5|2:-1|1:1|67:BO|XAUUSD|5|0|S|1770792300|MSZZ|XAUUSD|5|0|-1|1770792000|1770792000,1,FastMedConfluence_E3R,1010,1,SHORT,2026.02.11 06:50:00,2026.02.11 07:39:58,5050.44,5061.05,0.25,10.610000000000582,-1.0,1,BROKER_SL_TP_OR_TEST_END,6,ASIAN,Wednesday,2026-02,validation,0.8327777777777777,5,10.61,6,0.001879204720562258,3,SOLO,BEARISH,WEAK,CONTRACTING,OPPOSED,PULLBACK
MSZZC1|6:XAUUSD|1:5|2:-1|1:4|39:MSZZ|XAUUSD|5|0|1|1770797100|1770797100,2,SweepReclaim_2R,1050,4,SHORT,2026.02.11 08:25:00,2026.02.11 08:54:57,5056.45,5061.57,0.51,5.119999999999891,-1.0,2,BROKER_SL_TP_OR_TEST_END,8,LONDON,Wednesday,2026-02,validation,0.49916666666666665,4,5.12,4,0.0038461538461538464,5,CONCURRENT,BEARISH,WEAK,NORMAL,PARTIALLY_ALIGNED,UNCLASSIFIED
MSZZC1|6:XAUUSD|1:5|1:1|1:1|66:BO|XAUUSD|5|0|L|1770795300|MSZZ|XAUUSD|5|0|1|1770795000|1770795000,1,FastMedConfluence_E3R,1010,1,LONG,2026.02.11 07:40:00,2026.02.11 15:34:58,5062.4,5043.47,0.14,18.92999999999938,-1.0,1,BROKER_SL_TP_OR_TEST_END,7,ASIAN,Wednesday,2026-02,validation,7.916111111111111,8,18.93,7,0.0010549715534456125,2,SOLO,BEARISH,WEAK,CONTRACTING,PARTIALLY_ALIGNED,COMPRESSION
MSZZC1|6:XAUUSD|1:5|2:-1|1:4|39:MSZZ|XAUUSD|5|0|1|1770842100|1770842100,2,SweepReclaim_2R,1050,4,SHORT,2026.02.11 20:55:00,2026.02.11 21:04:58,5082.7,5087.39,0.56,4.690000000000509,-1.0,2,BROKER_SL_TP_OR_TEST_END,20,NEWYORK,Wednesday,2026-02,validation,0.1661111111111111,2,4.69,3,0.004243710215216733,6,CONCURRENT,BEARISH,WEAK,CONTRACTING,FULLY_ALIGNED,UNCLASSIFIED
MSZZC1|6:XAUUSD|1:5|1:1|1:1|66:BO|XAUUSD|5|0|L|1770838800|MSZZ|XAUUSD|5|0|1|1770837300|1770837300,1,FastMedConfluence_E3R,1010,1,LONG,2026.02.11 19:45:00,2026.02.11 22:00:00,5096.47,5081.58,0.05,48.38000000000011,-0.3077718065316307,1,OWN_FAMILY_OPPOSITE,19,NEWYORK,Wednesday,2026-02,validation,2.25,7,48.38,10,0.000378658790563823,1,SOLO,BEARISH,NORMAL,CONTRACTING,FULLY_ALIGNED,UNCLASSIFIED
MSZZC1|6:XAUUSD|1:5|2:-1|1:1|67:BO|XAUUSD|5|0|S|1770846900|MSZZ|XAUUSD|5|0|-1|1770840600|1770840600,1,FastMedConfluence_E3R,1010,1,SHORT,2026.02.11 22:00:00,2026.02.11 22:59:57,5081.58,5090.0,0.31,8.420000000000073,-1.0,1,BROKER_SL_TP_OR_TEST_END,22,NEWYORK,Wednesday,2026-02,validation,0.9991666666666666,5,8.42,5,0.0023552651572709316,4,SOLO,BEARISH,WEAK,CONTRACTING,FULLY_ALIGNED,BREAKOUT
MSZZC1|6:XAUUSD|1:5|1:1|1:1|66:BO|XAUUSD|5|0|L|1770858000|MSZZ|XAUUSD|5|0|1|1770853800|1770853800,1,FastMedConfluence_E3R,1010,1,LONG,2026.02.12 01:05:00,2026.02.12 01:15:00,5095.69,5063.63,0.05,44.4399999999996,-0.7214221422142164,1,OWN_FAMILY_OPPOSITE,1,ASIAN,Thursday,2026-02,validation,0.16666666666666666,2,44.44,10,0.0003808218134734758,1,SOLO,BEARISH,WEAK,CONTRACTING,FULLY_ALIGNED,UNCLASSIFIED
MSZZC1|6:XAUUSD|1:5|2:-1|1:1|67:BO|XAUUSD|5|0|S|1770858600|MSZZ|XAUUSD|5|0|-1|1770858300|1770858300,1,FastMedConfluence_E3R,1010,1,SHORT,2026.02.12 01:15:00,2026.02.12 18:14:58,5063.63,4984.52,0.09,26.36999999999989,3.0,1,BROKER_SL_TP_OR_TEST_END,1,ASIAN,Thursday,2026-02,validation,16.999444444444446,9,26.37,8,0.0006865250390937869,1,SOLO,BEARISH,WEAK,NORMAL,OPPOSED,PULLBACK
MSZZC1|6:XAUUSD|1:5|2:-1|1:4|39:MSZZ|XAUUSD|5|0|1|1770929400|1770929700,2,SweepReclaim_2R,1050,4,SHORT,2026.02.12 22:00:00,2026.02.12 22:34:57,4945.19,4919.13,0.2,13.030000000000655,1.9999999999998603,2,BROKER_SL_TP_OR_TEST_END,22,NEWYORK,Thursday,2026-02,validation,0.5825,4,13.03,7,0.0015161278095743474,3,CONCURRENT,BULLISH,WEAK,NORMAL,OPPOSED,UNCLASSIFIED
MSZZC1|6:XAUUSD|1:5|2:-1|1:4|39:MSZZ|XAUUSD|5|0|1|1770948300|1770948300,2,SweepReclaim_2R,1050,4,SHORT,2026.02.13 02:15:00,2026.02.13 02:59:58,4942.0,4928.88,0.4,6.5600000000004,1.9999999999998614,2,BROKER_SL_TP_OR_TEST_END,2,ASIAN,Friday,2026-02,validation,0.7494444444444445,5,6.56,4,0.003017615329485874,5,CONCURRENT,BULLISH,WEAK,NORMAL,OPPOSED,UNCLASSIFIED
MSZZC1|6:XAUUSD|1:5|1:1|1:1|66:BO|XAUUSD|5|0|L|1770924000|MSZZ|XAUUSD|5|0|1|1770921600|1770921900,1,FastMedConfluence_E3R,1010,1,LONG,2026.02.12 19:25:00,2026.02.16 01:05:00,4973.51,5015.17,0.02,122.13000000000011,0.34111192991074935,1,OWN_FAMILY_OPPOSITE,19,NEWYORK,Thursday,2026-02,validation,77.66666666666667,10,122.13,10,0.014092510512558245,9,SOLO,BULLISH,WEAK,EXPANDING,OPPOSED,UNCLASSIFIED
MSZZC1|6:XAUUSD|1:5|1:1|1:4|40:MSZZ|XAUUSD|5|0|-1|1771216500|1771216500,2,SweepReclaim_2R,1050,4,LONG,2026.02.16 08:45:00,2026.02.16 08:54:58,5002.55,4996.179999999999,0.41,6.369999999999891,-1.0000000000001428,2,BROKER_SL_TP_OR_TEST_END,8,LONDON,Monday,2026-02,validation,0.1661111111111111,2,6.37,4,0.0030711610486891384,5,CONCURRENT,BULLISH,NORMAL,CONTRACTING,FULLY_ALIGNED,UNCLASSIFIED
MSZZC1|6:XAUUSD|1:5|2:-1|1:1|67:BO|XAUUSD|5|0|S|1771203600|MSZZ|XAUUSD|5|0|-1|1770934800|1770934800,1,FastMedConfluence_E3R,1010,1,SHORT,2026.02.16 01:05:00,2026.02.17 07:19:58,5015.17,4904.89,0.07,36.76000000000022,2.999999999999975,1,BROKER_SL_TP_OR_TEST_END,1,ASIAN,Monday,2026-02,validation,30.249444444444446,9,36.76,9,0.006559712122348003,7,SOLO,BEARISH,WEAK,NORMAL,FULLY_ALIGNED,BREAKOUT
MSZZC1|6:XAUUSD|1:5|2:-1|1:1|67:BO|XAUUSD|5|0|S|1771526700|MSZZ|XAUUSD|5|0|-1|1770912000|1770912000,1,FastMedConfluence_E3R,1010,1,SHORT,2026.02.19 18:50:00,2026.02.20 08:24:58,5003.94,5022.49,0.14,18.550000000000182,-1.0,1,BROKER_SL_TP_OR_TEST_END,18,NEWYORK,Thursday,2026-02,validation,13.582777777777778,9,18.55,7,0.013056778333208984,9,SOLO,BEARISH,WEAK,NORMAL,OPPOSED,COMPRESSION
MSZZC1|6:XAUUSD|1:5|1:1|1:4|40:MSZZ|XAUUSD|5|0|-1|1771606800|1771606800,2,SweepReclaim_2R,1050,4,LONG,2026.02.20 17:15:00,2026.02.20 17:49:58,5022.87,5051.51,0.18,14.319999999999709,2.0000000000000635,2,BROKER_SL_TP_OR_TEST_END,17,NEWYORK,Friday,2026-02,validation,0.5827777777777777,4,14.32,7,0.0013461969934933811,2,SOLO,BEARISH,WEAK,EXPANDING,OPPOSED,UNCLASSIFIED
MSZZC1|6:XAUUSD|1:5|2:-1|1:4|39:MSZZ|XAUUSD|5|0|1|1771605000|1771605000,2,SweepReclaim_2R,1050,4,SHORT,2026.02.20 18:25:00,2026.02.20 18:34:58,5051.24,5056.76,0.48,5.520000000000437,-1.0,2,BROKER_SL_TP_OR_TEST_END,18,NEWYORK,Friday,2026-02,validation,0.1661111111111111,2,5.52,4,0.003572757722366952,5,SOLO,BEARISH,WEAK,EXPANDING,FULLY_ALIGNED,TREND_CONTINUATION
MSZZC1|6:XAUUSD|1:5|2:-1|1:1|67:BO|XAUUSD|5|0|S|1772544300|MSZZ|XAUUSD|5|0|-1|1772543100|1772543100,1,FastMedConfluence_E3R,1010,1,SHORT,2026.03.03 13:30:00,2026.03.03 14:14:58,5126.68,5180.54,0.04,53.85999999999967,-1.0,1,BROKER_SL_TP_OR_TEST_END,13,LONDON,Tuesday,2026-03,validation,0.7494444444444445,5,53.86,10,0.00029846291598268916,1,SOLO,BULLISH,NORMAL,EXPANDING,FULLY_ALIGNED,TREND_CONTINUATION
MSZZC1|6:XAUUSD|1:5|1:1|1:1|66:BO|XAUUSD|5|0|L|1772549700|MSZZ|XAUUSD|5|0|1|1772200500|1772200500,1,FastMedConfluence_E3R,1010,1,LONG,2026.03.03 15:00:00,2026.03.03 15:09:58,5224.46,5159.75,0.04,64.71000000000004,-1.0,1,BROKER_SL_TP_OR_TEST_END,15,LONDON,Tuesday,2026-03,validation,0.1661111111111111,2,64.71,10,0.0002990654205607477,1,SOLO,BULLISH,WEAK,NORMAL,FULLY_ALIGNED,BREAKOUT
MSZZC1|6:XAUUSD|1:5|2:-1|1:1|67:BO|XAUUSD|5|0|S|1772550300|MSZZ|XAUUSD|5|0|-1|1772543100|1772543100,1,FastMedConfluence_E3R,1010,1,SHORT,2026.03.03 15:10:00,2026.03.03 15:24:57,5152.56,5180.54,0.09,27.979999999999563,-1.0,1,BROKER_SL_TP_OR_TEST_END,15,LONDON,Tuesday,2026-03,validation,0.24916666666666668,2,27.98,9,0.0006745362563237773,1,SOLO,BULLISH,WEAK,EXPANDING,FULLY_ALIGNED,TREND_CONTINUATION
MSZZC1|6:XAUUSD|1:5|2:-1|1:1|67:BO|XAUUSD|5|0|S|1772552100|MSZZ|XAUUSD|5|0|-1|1772543100|1772543100,1,FastMedConfluence_E3R,1010,1,SHORT,2026.03.03 15:40:00,2026.03.03 16:44:58,5158.07,5090.66,0.11,22.470000000000255,2.9999999999999596,1,BROKER_SL_TP_OR_TEST_END,15,LONDON,Tuesday,2026-03,validation,1.0827777777777778,6,22.47,8,0.0008263841935241529,2,SOLO,BULLISH,WEAK,EXPANDING,FULLY_ALIGNED,TREND_CONTINUATION
MSZZC1|6:XAUUSD|1:5|2:-1|1:1|67:BO|XAUUSD|5|0|S|1772594700|MSZZ|XAUUSD|5|0|-1|1772543100|1772543100,1,FastMedConfluence_E3R,1010,1,SHORT,2026.03.04 03:30:00,2026.03.04 04:09:58,5146.27,5180.54,0.07,34.26999999999953,-1.0,1,BROKER_SL_TP_OR_TEST_END,3,ASIAN,Wednesday,2026-03,validation,0.6661111111111111,5,34.27,9,0.0005222321695016414,1,SOLO,BULLISH,WEAK,NORMAL,FULLY_ALIGNED,TREND_CONTINUATION
MSZZC1|6:XAUUSD|1:5|2:-1|1:1|67:BO|XAUUSD|5|0|S|1772600100|MSZZ|XAUUSD|5|0|-1|1772543100|1772543100,1,FastMedConfluence_E3R,1010,1,SHORT,2026.03.04 05:00:00,2026.03.04 06:14:57,5156.43,5180.540000000001,0.11,24.109999999999673,-1.0000000000000377,1,BROKER_SL_TP_OR_TEST_END,5,ASIAN,Wednesday,2026-03,validation,1.2491666666666668,6,24.11,8,0.0008224914012262599,2,SOLO,BULLISH,WEAK,NORMAL,FULLY_ALIGNED,TREND_CONTINUATION
MSZZC1|6:XAUUSD|1:5|2:-1|1:1|67:BO|XAUUSD|5|0|S|1772606700|MSZZ|XAUUSD|5|0|-1|1772543100|1772543100,1,FastMedConfluence_E3R,1010,1,SHORT,2026.03.04 06:50:00,2026.03.04 10:49:58,5155.34,5180.539999999999,0.1,25.199999999999818,-0.9999999999999639,1,BROKER_SL_TP_OR_TEST_END,6,ASIAN,Wednesday,2026-03,validation,3.9994444444444444,8,25.2,8,0.0007495970915632848,1,SOLO,BULLISH,WEAK,CONTRACTING,FULLY_ALIGNED,UNCLASSIFIED
MSZZC1|6:XAUUSD|1:5|2:-1|1:1|67:BO|XAUUSD|5|0|S|1772642700|MSZZ|XAUUSD|5|0|-1|1772543100|1772543100,1,FastMedConfluence_E3R,1010,1,SHORT,2026.03.04 16:50:00,2026.03.05 03:09:58,5155.61,5181.029999999999,0.1,25.420000000000073,-0.9999999999999643,1,BROKER_SL_TP_OR_TEST_END,16,NEWYORK,Wednesday,2026-03,validation,10.332777777777778,8,25.42,8,0.009392140656698475,8,SOLO,BULLISH,WEAK,EXPANDING,FULLY_ALIGNED,TREND_CONTINUATION
MSZZC1|6:XAUUSD|1:5|2:-1|1:1|67:BO|XAUUSD|5|0|S|1772697300|MSZZ|XAUUSD|5|0|-1|1772543100|1772543100,1,FastMedConfluence_E3R,1010,1,SHORT,2026.03.05 08:00:00,2026.03.05 11:19:57,5148.77,5181.03,0.08,32.25999999999931,-1.0,1,BROKER_SL_TP_OR_TEST_END,8,LONDON,Thursday,2026-03,validation,3.3325,7,32.26,9,0.0006025230653360949,1,SOLO,BULLISH,NORMAL,NORMAL,FULLY_ALIGNED,TREND_CONTINUATION
MSZZC1|6:XAUUSD|1:5|2:-1|1:1|67:BO|XAUUSD|5|0|S|1772712000|MSZZ|XAUUSD|5|0|-1|1772543100|1772543100,1,FastMedConfluence_E3R,1010,1,SHORT,2026.03.05 12:05:00,2026.03.05 18:34:58,5150.07,5057.19,0.08,30.960000000000036,3.0,1,BROKER_SL_TP_OR_TEST_END,12,LONDON,Thursday,2026-03,validation,6.499444444444444,8,30.96,9,0.0006039787097504813,1,SOLO,BULLISH,WEAK,EXPANDING,FULLY_ALIGNED,TREND_CONTINUATION
MSZZC1|6:XAUUSD|1:5|2:-1|1:1|67:BO|XAUUSD|5|0|S|1772819100|MSZZ|XAUUSD|5|0|-1|1772543100|1772543100,1,FastMedConfluence_E3R,1010,1,SHORT,2026.03.06 17:50:00,2026.03.09 01:04:57,5146.84,5181.03,0.07,34.1899999999996,-1.0,1,BROKER_SL_TP_OR_TEST_END,17,NEWYORK,Friday,2026-03,validation,55.24916666666667,10,34.19,9,0.01863097915729495,9,SOLO,BULLISH,NORMAL,EXPANDING,FULLY_ALIGNED,TREND_CONTINUATION
MSZZC1|6:XAUUSD|1:5|1:1|1:1|66:BO|XAUUSD|5|0|L|1773312000|MSZZ|XAUUSD|5|0|1|1773208200|1773208200,1,FastMedConfluence_E3R,1010,1,LONG,2026.03.12 10:45:00,2026.03.12 18:14:58,5179.07,5124.05,0.04,55.01999999999953,-1.0,1,BROKER_SL_TP_OR_TEST_END,10,LONDON,Thursday,2026-03,validation,7.499444444444444,8,55.02,10,0.0003005485010143512,1,SOLO,BULLISH,NORMAL,CONTRACTING,PARTIALLY_ALIGNED,BREAKOUT
MSZZC1|6:XAUUSD|1:5|2:-1|1:4|39:MSZZ|XAUUSD|5|0|1|1773359100|1773359100,2,SweepReclaim_2R,1050,4,SHORT,2026.03.13 10:20:00,2026.03.13 10:34:58,5077.88,5090.47,0.21,12.590000000000146,-1.0,2,BROKER_SL_TP_OR_TEST_END,10,LONDON,Friday,2026-03,validation,0.24944444444444444,2,12.59,7,0.0015819209039548022,3,CONCURRENT,BEARISH,NORMAL,EXPANDING,PARTIALLY_ALIGNED,UNCLASSIFIED
MSZZC1|6:XAUUSD|1:5|1:1|1:1|66:BO|XAUUSD|5|0|L|1773363600|MSZZ|XAUUSD|5|0|1|1773359100|1773359100,1,FastMedConfluence_E3R,1010,1,LONG,2026.03.13 01:05:00,2026.03.13 12:45:00,5084.45,5085.36,0.08,29.599999999999454,0.030743243243238894,1,OWN_FAMILY_OPPOSITE,1,ASIAN,Friday,2026-03,validation,11.666666666666666,9,29.6,9,0.0006023416029815909,1,SOLO,BULLISH,WEAK,NORMAL,OPPOSED,PULLBACK
MSZZC1|6:XAUUSD|1:5|2:-1|1:1|67:BO|XAUUSD|5|0|S|1773405600|MSZZ|XAUUSD|5|0|-1|1773404400|1773404700,1,FastMedConfluence_E3R,1010,1,SHORT,2026.03.13 12:45:00,2026.03.13 13:19:57,5085.36,5097.03,0.22,11.670000000000073,-1.0,1,BROKER_SL_TP_OR_TEST_END,12,LONDON,Friday,2026-03,validation,0.5825,4,11.67,6,0.0016605026794475053,3,SOLO,BULLISH,WEAK,NORMAL,PARTIALLY_ALIGNED,COMPRESSION
MSZZC1|6:XAUUSD|1:5|2:-1|1:1|67:BO|XAUUSD|5|0|S|1773423600|MSZZ|XAUUSD|5|0|-1|1773422100|1773422100,1,FastMedConfluence_E3R,1010,1,SHORT,2026.03.13 17:45:00,2026.03.16 02:24:58,5079.27,4993.59,0.09,28.55999999999949,3.0000000000000635,1,BROKER_SL_TP_OR_TEST_END,17,NEWYORK,Friday,2026-03,validation,56.666111111111114,10,28.56,9,0.024173413028675192,10,SOLO,BEARISH,NORMAL,EXPANDING,OPPOSED,PULLBACK
MSZZC1|6:XAUUSD|1:5|2:-1|1:1|67:BO|XAUUSD|5|0|S|1773752700|MSZZ|XAUUSD|5|0|-1|1773210000|1773210000,1,FastMedConfluence_E3R,1010,1,SHORT,2026.03.17 13:10:00,2026.03.23 01:00:00,5002.15,4449.76,0.01,184.1300000000001,2.999999999999995,1,BROKER_SL_TP_OR_TEST_END,13,LONDON,Tuesday,2026-03,validation,131.83333333333334,10,184.13,10,0.005257623554153523,6,SOLO,BEARISH,NORMAL,NORMAL,OPPOSED,UNCLASSIFIED
MSZZC1|6:XAUUSD|1:5|2:-1|1:4|39:MSZZ|XAUUSD|5|0|1|1774849200|1774849200,2,SweepReclaim_2R,1050,4,SHORT,2026.03.30 07:00:00,2026.03.30 08:09:58,4496.06,4504.05,0.33,7.989999999999782,-1.0,2,BROKER_SL_TP_OR_TEST_END,7,ASIAN,Monday,2026-03,validation,1.166111111111111,6,7.99,5,0.0024657227182724997,4,SOLO,BEARISH,WEAK,CONTRACTING,FULLY_ALIGNED,UNCLASSIFIED
MSZZC1|6:XAUUSD|1:5|1:1|1:1|66:BO|XAUUSD|5|0|L|1774855200|MSZZ|XAUUSD|5|0|1|1774849200|1774849200,1,FastMedConfluence_E3R,1010,1,LONG,2026.03.30 07:25:00,2026.03.31 23:04:57,4494.33,4685.88,0.04,63.850000000000364,2.999999999999986,1,BROKER_SL_TP_OR_TEST_END,7,ASIAN,Monday,2026-03,validation,39.66583333333333,10,63.85,10,0.007169261790075053,7,CONCURRENT,BEARISH,WEAK,CONTRACTING,FULLY_ALIGNED,UNCLASSIFIED
MSZZC1|6:XAUUSD|1:5|1:1|1:1|66:BO|XAUUSD|5|0|L|1775583000|MSZZ|XAUUSD|5|0|1|1775582400|1775582400,1,FastMedConfluence_E3R,1010,1,LONG,2026.04.07 17:35:00,2026.04.09 22:50:00,4653.61,4769.98,0.02,103.38999999999942,1.1255440564851587,1,OWN_FAMILY_OPPOSITE,17,NEWYORK,Tuesday,2026-04,validation,53.25,10,103.39,10,0.006990926669641529,7,SOLO,BULLISH,WEAK,EXPANDING,OPPOSED,UNCLASSIFIED
MSZZC1|6:XAUUSD|1:5|1:1|1:4|40:MSZZ|XAUUSD|5|0|-1|1775773800|1775773800,2,SweepReclaim_2R,1050,4,LONG,2026.04.09 22:55:00,2026.04.09 22:59:57,4772.22,4769.08,0.85,3.1400000000003274,-1.0,2,BROKER_SL_TP_OR_TEST_END,22,NEWYORK,Thursday,2026-04,validation,0.0825,1,3.14,2,0.0063093824228028506,7,CONCURRENT,BEARISH,WEAK,NORMAL,OPPOSED,UNCLASSIFIED
MSZZC1|6:XAUUSD|1:5|2:-1|1:1|67:BO|XAUUSD|5|0|S|1775774700|MSZZ|XAUUSD|5|0|-1|1775773800|1775773800,1,FastMedConfluence_E3R,1010,1,SHORT,2026.04.09 22:50:00,2026.04.13 01:00:00,4769.98,4684.78,0.09,28.400000000000546,2.999999999999936,1,BROKER_SL_TP_OR_TEST_END,22,NEWYORK,Thursday,2026-04,validation,74.16666666666667,10,28.4,9,0.03139263052432372,10,SOLO,BEARISH,WEAK,NORMAL,OPPOSED,UNCLASSIFIED
MSZZC1|6:XAUUSD|1:5|1:1|1:4|40:MSZZ|XAUUSD|5|0|-1|1776242100|1776242100,2,SweepReclaim_2R,1050,4,LONG,2026.04.15 12:05:00,2026.04.15 12:09:58,4815.36,4812.16,0.84,3.199999999999818,-1.0,2,BROKER_SL_TP_OR_TEST_END,12,LONDON,Wednesday,2026-04,validation,0.08277777777777778,1,3.2,2,0.0062047569803516025,7,SOLO,BULLISH,WEAK,NORMAL,PARTIALLY_ALIGNED,UNCLASSIFIED
MSZZC1|6:XAUUSD|1:5|1:1|1:1|66:BO|XAUUSD|5|0|L|1776264600|MSZZ|XAUUSD|5|0|1|1776183600|1776183900,1,FastMedConfluence_E3R,1010,1,LONG,2026.04.15 14:55:00,2026.04.15 18:34:58,4814.4,4790.52,0.11,23.8799999999992,-1.0,1,BROKER_SL_TP_OR_TEST_END,14,LONDON,Wednesday,2026-04,validation,3.6661111111111113,8,23.88,8,0.0008145734597156399,2,SOLO,BULLISH,WEAK,NORMAL,OPPOSED,PULLBACK
MSZZC1|6:XAUUSD|1:5|1:1|1:1|66:BO|XAUUSD|5|0|L|1776302400|MSZZ|XAUUSD|5|0|1|1776301200|1776301200,1,FastMedConfluence_E3R,1010,1,LONG,2026.04.16 01:25:00,2026.04.16 16:59:57,4800.85,4787.51,0.2,13.340000000000146,-1.0,1,BROKER_SL_TP_OR_TEST_END,1,ASIAN,Thursday,2026-04,validation,15.5825,9,13.34,7,0.0014846156701183982,3,SOLO,BULLISH,WEAK,CONTRACTING,OPPOSED,PULLBACK
MSZZC1|6:XAUUSD|1:5|1:1|1:4|40:MSZZ|XAUUSD|5|0|-1|1776367800|1776367800,2,SweepReclaim_2R,1050,4,LONG,2026.04.16 20:45:00,2026.04.16 22:44:58,4787.23,4797.89,0.5,5.329999999999927,2.0000000000001705,2,BROKER_SL_TP_OR_TEST_END,20,NEWYORK,Thursday,2026-04,validation,1.9994444444444444,7,5.33,4,0.00372079178449174,5,SOLO,BEARISH,NORMAL,NORMAL,OPPOSED,UNCLASSIFIED
MSZZC1|6:XAUUSD|1:5|1:1|1:4|40:MSZZ|XAUUSD|5|0|-1|1776358200|1776358200,2,SweepReclaim_2R,1050,4,LONG,2026.04.17 05:05:00,2026.04.17 05:59:58,4792.38,4786.26,0.44,6.119999999999891,-1.0,2,BROKER_SL_TP_OR_TEST_END,5,ASIAN,Friday,2026-04,validation,0.9161111111111111,5,6.12,4,0.003258173201525418,5,SOLO,BEARISH,WEAK,EXPANDING,OPPOSED,UNCLASSIFIED
MSZZC1|6:XAUUSD|1:5|1:1|1:4|40:MSZZ|XAUUSD|5|0|-1|1776416400|1776416400,2,SweepReclaim_2R,1050,4,LONG,2026.04.17 10:30:00,2026.04.17 10:44:58,4791.84,4784.67,0.37,7.170000000000073,-1.0,2,BROKER_SL_TP_OR_TEST_END,10,LONDON,Friday,2026-04,validation,0.24944444444444444,2,7.17,5,0.0027467428825953006,4,SOLO,BEARISH,WEAK,NORMAL,OPPOSED,UNCLASSIFIED
MSZZC1|6:XAUUSD|1:5|1:1|1:4|40:MSZZ|XAUUSD|5|0|-1|1776652200|1776652200,2,SweepReclaim_2R,1050,4,LONG,2026.04.20 04:05:00,2026.04.20 09:55:00,4787.89,4787.05,0.1,26.25,-0.032000000000005545,2,OWN_FAMILY_OPPOSITE,4,ASIAN,Monday,2026-04,validation,5.833333333333333,8,26.25,8,0.000744186046511628,1,SOLO,BULLISH,WEAK,EXPANDING,OPPOSED,UNCLASSIFIED
MSZZC1|6:XAUUSD|1:5|2:-1|1:4|39:MSZZ|XAUUSD|5|0|1|1776657900|1776657900,2,SweepReclaim_2R,1050,4,SHORT,2026.04.20 09:55:00,2026.04.20 09:59:58,4787.05,4791.7,0.57,4.649999999999636,-1.0,2,BROKER_SL_TP_OR_TEST_END,9,LONDON,Monday,2026-04,validation,0.08277777777777778,1,4.65,3,0.004242176161946935,6,SOLO,BEARISH,WEAK,NORMAL,FULLY_ALIGNED,TREND_CONTINUATION
MSZZC1|6:XAUUSD|1:5|2:-1|1:4|39:MSZZ|XAUUSD|5|0|1|1776696000|1776696000,2,SweepReclaim_2R,1050,4,SHORT,2026.04.21 07:10:00,2026.04.21 08:04:57,4794.45,4787.57,0.77,3.4400000000005093,1.9999999999997355,2,BROKER_SL_TP_OR_TEST_END,7,ASIAN,Tuesday,2026-04,validation,0.9158333333333334,5,3.44,3,0.005744982466611952,7,SOLO,BEARISH,WEAK,NORMAL,FULLY_ALIGNED,TREND_CONTINUATION
MSZZC1|6:XAUUSD|1:5|2:-1|1:1|67:BO|XAUUSD|5|0|S|1776759900|MSZZ|XAUUSD|5|0|-1|1776756600|1776756600,1,FastMedConfluence_E3R,1010,1,SHORT,2026.04.21 08:30:00,2026.04.21 08:34:58,4787.56,4788.62,2.54,1.0599999999994907,-1.0,1,BROKER_SL_TP_OR_TEST_END,8,LONDON,Tuesday,2026-04,validation,0.08277777777777778,1,1.06,1,0.018858118642809413,9,SOLO,BEARISH,NORMAL,NORMAL,OPPOSED,PULLBACK
MSZZC1|6:XAUUSD|1:5|2:-1|1:1|67:BO|XAUUSD|5|0|S|1776762900|MSZZ|XAUUSD|5|0|-1|1776761400|1776761400,1,FastMedConfluence_E3R,1010,1,SHORT,2026.04.21 09:20:00,2026.04.21 10:49:58,4780.53,4788.62,0.33,8.090000000000146,-1.0,1,BROKER_SL_TP_OR_TEST_END,9,LONDON,Tuesday,2026-04,validation,1.4994444444444444,6,8.09,5,0.00245627093412728,4,SOLO,BEARISH,WEAK,EXPANDING,OPPOSED,PULLBACK
MSZZC1|6:XAUUSD|1:5|1:1|1:1|66:BO|XAUUSD|5|0|L|1776789600|MSZZ|XAUUSD|5|0|1|1776789300|1776789300,1,FastMedConfluence_E3R,1010,1,LONG,2026.04.21 16:45:00,2026.04.21 17:34:58,4789.24,4766.290000000001,0.11,22.949999999999818,-0.9999999999999604,1,BROKER_SL_TP_OR_TEST_END,16,NEWYORK,Tuesday,2026-04,validation,0.8327777777777777,5,22.95,8,0.0008208036413834273,2,SOLO,BULLISH,WEAK,EXPANDING,OPPOSED,PULLBACK
MSZZC1|6:XAUUSD|1:5|1:1|1:4|40:MSZZ|XAUUSD|5|0|-1|1776792600|1776792600,2,SweepReclaim_2R,1050,4,LONG,2026.04.22 06:30:00,2026.04.22 06:39:58,4763.28,4759.24,0.66,4.039999999999964,-1.0,2,BROKER_SL_TP_OR_TEST_END,6,ASIAN,Wednesday,2026-04,validation,0.1661111111111111,2,4.04,3,0.004937163375224416,6,CONCURRENT,BULLISH,WEAK,CONTRACTING,FULLY_ALIGNED,UNCLASSIFIED
MSZZC1|6:XAUUSD|1:5|2:-1|1:1|67:BO|XAUUSD|5|0|S|1776792900|MSZZ|XAUUSD|5|0|-1|1776792600|1776792600,1,FastMedConfluence_E3R,1010,1,SHORT,2026.04.21 17:40:00,2026.04.24 07:24:58,4761.21,4662.18,0.08,33.01000000000022,2.9999999999999725,1,BROKER_SL_TP_OR_TEST_END,17,NEWYORK,Tuesday,2026-04,validation,61.74944444444444,10,33.01,9,0.021241585639491398,9,SOLO,BEARISH,WEAK,EXPANDING,OPPOSED,PULLBACK
MSZZC1|6:XAUUSD|1:5|1:1|1:4|40:MSZZ|XAUUSD|5|0|-1|1778019300|1778019300,2,SweepReclaim_2R,1050,4,LONG,2026.05.05 23:10:00,2026.05.05 23:34:57,4556.02,4559.88,1.3900000000000001,1.930000000000291,1.9999999999995288,2,BROKER_SL_TP_OR_TEST_END,23,NEWYORK,Tuesday,2026-05,holdout,0.41583333333333333,3,1.93,1,0.010329196700601919,8,CONCURRENT,BEARISH,WEAK,CONTRACTING,OPPOSED,UNCLASSIFIED
MSZZC1|6:XAUUSD|1:5|1:1|1:4|40:MSZZ|XAUUSD|5|0|-1|1778025000|1778025300,2,SweepReclaim_2R,1050,4,LONG,2026.05.06 01:55:00,2026.05.06 02:14:58,4559.0,4582.12,0.23,11.5600000000004,1.9999999999999214,2,BROKER_SL_TP_OR_TEST_END,1,ASIAN,Wednesday,2026-05,holdout,0.3327777777777778,3,11.56,6,0.0017008060341640171,3,CONCURRENT,BULLISH,WEAK,NORMAL,FULLY_ALIGNED,BREAKOUT
MSZZC1|6:XAUUSD|1:5|2:-1|1:1|67:BO|XAUUSD|5|0|S|1777365300|MSZZ|XAUUSD|5|0|-1|1776744000|1776744000,1,FastMedConfluence_E3R,1010,1,SHORT,2026.04.28 08:40:00,2026.05.07 09:34:58,4637.98,4730.22,0.02,92.24000000000069,-1.0,1,BROKER_SL_TP_OR_TEST_END,8,LONDON,Tuesday,2026-04,holdout,216.91611111111112,10,92.24,10,0.015555224769276564,9,SOLO,BULLISH,NORMAL,EXPANDING,FULLY_ALIGNED,TREND_CONTINUATION
MSZZC1|6:XAUUSD|1:5|1:1|1:1|66:BO|XAUUSD|5|0|L|1778612400|MSZZ|XAUUSD|5|0|1|1778033400|1778033400,1,FastMedConfluence_E3R,1010,1,LONG,2026.05.12 19:05:00,2026.05.13 19:35:00,4671.09,4704.08,0.02,105.02000000000044,0.3141306417825142,1,OWN_FAMILY_OPPOSITE,19,NEWYORK,Tuesday,2026-05,holdout,24.5,9,105.02,10,0.003543350680987709,5,SOLO,BEARISH,WEAK,EXPANDING,FULLY_ALIGNED,TREND_CONTINUATION
MSZZC1|6:XAUUSD|1:5|2:-1|1:1|67:BO|XAUUSD|5|0|S|1778700600|MSZZ|XAUUSD|5|0|-1|1778644800|1778644800,1,FastMedConfluence_E3R,1010,1,SHORT,2026.05.13 19:35:00,2026.05.13 20:59:58,4704.08,4687.58,0.49,5.5,3.0,1,BROKER_SL_TP_OR_TEST_END,19,NEWYORK,Wednesday,2026-05,holdout,1.416111111111111,6,5.5,4,0.0036150355970341955,5,SOLO,BULLISH,NORMAL,NORMAL,PARTIALLY_ALIGNED,UNCLASSIFIED
MSZZC1|6:XAUUSD|1:5|2:-1|1:1|67:BO|XAUUSD|5|0|S|1778731200|MSZZ|XAUUSD|5|0|-1|1778644800|1778644800,1,FastMedConfluence_E3R,1010,1,SHORT,2026.05.14 04:05:00,2026.05.14 07:04:57,4698.52,4673.05,0.32,8.489999999999782,3.000000000000107,1,BROKER_SL_TP_OR_TEST_END,4,ASIAN,Thursday,2026-05,holdout,2.9991666666666665,7,8.49,5,0.0023433781260298048,4,SOLO,BULLISH,WEAK,EXPANDING,PARTIALLY_ALIGNED,UNCLASSIFIED
MSZZC1|6:XAUUSD|1:5|2:-1|1:1|67:BO|XAUUSD|5|0|S|1778745300|MSZZ|XAUUSD|5|0|-1|1778644800|1778644800,1,FastMedConfluence_E3R,1010,1,SHORT,2026.05.14 08:00:00,2026.05.14 09:04:57,4702.5,4688.07,0.57,4.8100000000004,2.999999999999811,1,BROKER_SL_TP_OR_TEST_END,8,LONDON,Thursday,2026-05,holdout,1.0825,6,4.81,4,0.004143194621115755,6,SOLO,BULLISH,WEAK,EXPANDING,PARTIALLY_ALIGNED,UNCLASSIFIED
MSZZC1|6:XAUUSD|1:5|2:-1|1:1|67:BO|XAUUSD|5|0|S|1778756100|MSZZ|XAUUSD|5|0|-1|1778755800|1778755800,1,FastMedConfluence_E3R,1010,1,SHORT,2026.05.14 11:00:00,2026.05.14 12:45:00,4693.18,4695.72,0.1,25.609999999999673,-0.09918000780944929,1,OWN_FAMILY_OPPOSITE,11,LONDON,Thursday,2026-05,holdout,1.75,7,25.61,8,0.0007215007215007216,1,SOLO,BEARISH,WEAK,NORMAL,OPPOSED,PULLBACK
MSZZC1|6:XAUUSD|1:5|1:1|1:1|66:BO|XAUUSD|5|0|L|1778762400|MSZZ|XAUUSD|5|0|1|1778758500|1778758800,1,FastMedConfluence_E3R,1010,1,LONG,2026.05.14 12:45:00,2026.05.14 14:29:57,4695.72,4691.0,0.58,4.720000000000255,-1.0,1,BROKER_SL_TP_OR_TEST_END,12,LONDON,Thursday,2026-05,holdout,1.7491666666666668,6,4.72,3,0.004185610160929494,6,SOLO,BEARISH,WEAK,NORMAL,OPPOSED,PULLBACK
MSZZC1|6:XAUUSD|1:5|1:1|1:1|66:BO|XAUUSD|5|0|L|1778771400|MSZZ|XAUUSD|5|0|1|1778769900|1778769900,1,FastMedConfluence_E3R,1010,1,LONG,2026.05.14 15:15:00,2026.05.14 16:05:00,4703.95,4697.44,0.19,14.420000000000073,-0.4514563106796245,1,OWN_FAMILY_OPPOSITE,15,LONDON,Thursday,2026-05,holdout,0.8333333333333334,5,14.42,7,0.0013745704467353953,2,SOLO,BULLISH,WEAK,NORMAL,PARTIALLY_ALIGNED,BREAKOUT
MSZZC1|6:XAUUSD|1:5|2:-1|1:1|67:BO|XAUUSD|5|0|S|1778774400|MSZZ|XAUUSD|5|0|-1|1778773200|1778773200,1,FastMedConfluence_E3R,1010,1,SHORT,2026.05.14 16:05:00,2026.05.14 16:14:58,4697.44,4704.85,0.37,7.410000000000764,-1.0,1,BROKER_SL_TP_OR_TEST_END,16,NEWYORK,Thursday,2026-05,holdout,0.1661111111111111,2,7.41,5,0.002679800101397842,4,SOLO,BULLISH,WEAK,EXPANDING,OPPOSED,UNCLASSIFIED
MSZZC1|6:XAUUSD|1:5|2:-1|1:1|67:BO|XAUUSD|5|0|S|1778775900|MSZZ|XAUUSD|5|0|-1|1778775300|1778775300,1,FastMedConfluence_E3R,1010,1,SHORT,2026.05.14 16:30:00,2026.05.15 03:29:58,4688.52,4639.53,0.16,16.329999999999927,3.0000000000000555,1,BROKER_SL_TP_OR_TEST_END,16,NEWYORK,Thursday,2026-05,holdout,10.999444444444444,8,16.33,7,0.014521691777092031,9,SOLO,BULLISH,WEAK,EXPANDING,PARTIALLY_ALIGNED,UNCLASSIFIED
MSZZC1|6:XAUUSD|1:5|1:1|1:4|40:MSZZ|XAUUSD|5|0|-1|1779467700|1779467700,2,SweepReclaim_2R,1050,4,LONG,2026.05.22 18:30:00,2026.05.22 19:44:58,4519.46,4513.5,0.46,5.960000000000036,-1.0,2,BROKER_SL_TP_OR_TEST_END,18,NEWYORK,Friday,2026-05,holdout,1.2494444444444444,6,5.96,4,0.0033162713575084707,5,SOLO,BULLISH,WEAK,NORMAL,FULLY_ALIGNED,TREND_CONTINUATION
MSZZC1|6:XAUUSD|1:5|2:-1|1:1|67:BO|XAUUSD|5|0|S|1779478500|MSZZ|XAUUSD|5|0|-1|1779467700|1779467700,1,FastMedConfluence_E3R,1010,1,SHORT,2026.05.22 19:40:00,2026.05.22 20:34:57,4519.56,4526.76,0.38,7.199999999999818,-1.0,1,BROKER_SL_TP_OR_TEST_END,19,NEWYORK,Friday,2026-05,holdout,0.9158333333333334,5,7.2,5,0.002739429766067116,4,CONCURRENT,BULLISH,NORMAL,NORMAL,OPPOSED,COMPRESSION
MSZZC1|6:XAUUSD|1:5|2:-1|1:4|39:MSZZ|XAUUSD|5|0|1|1779480600|1779480900,2,SweepReclaim_2R,1050,4,SHORT,2026.05.22 20:35:00,2026.05.22 22:34:57,4520.1,4504.46,0.35,7.819999999999709,2.0000000000001164,2,BROKER_SL_TP_OR_TEST_END,20,NEWYORK,Friday,2026-05,holdout,1.9991666666666668,7,7.82,5,0.0025357725049809814,4,SOLO,BEARISH,WEAK,NORMAL,FULLY_ALIGNED,TREND_CONTINUATION
MSZZC1|6:XAUUSD|1:5|2:-1|1:1|67:BO|XAUUSD|5|0|S|1779489900|MSZZ|XAUUSD|5|0|-1|1779487200|1779487200,1,FastMedConfluence_E3R,1010,1,SHORT,2026.05.22 22:50:00,2026.05.25 01:00:00,4507.88,4520.31,0.22,12.430000000000291,-1.0,1,BROKER_SL_TP_OR_TEST_END,22,NEWYORK,Friday,2026-05,holdout,50.166666666666664,10,12.43,7,0.05630654987203057,10,SOLO,BEARISH,WEAK,CONTRACTING,OPPOSED,UNCLASSIFIED
MSZZC1|6:XAUUSD|1:5|1:1|1:1|66:BO|XAUUSD|5|0|L|1779671100|MSZZ|XAUUSD|5|0|1|1779670800|1779670800,1,FastMedConfluence_E3R,1010,1,LONG,2026.05.25 01:10:00,2026.05.26 14:59:58,4554.82,4504.24,0.05,50.57999999999993,-1.0,1,BROKER_SL_TP_OR_TEST_END,1,ASIAN,Monday,2026-05,holdout,37.83277777777778,10,50.58,10,0.00867146005708711,8,SOLO,BULLISH,STRONG,EXPANDING,OPPOSED,UNCLASSIFIED
MSZZC1|6:XAUUSD|1:5|2:-1|1:1|67:BO|XAUUSD|5|0|S|1779815400|MSZZ|XAUUSD|5|0|-1|1779814200|1779814200,1,FastMedConfluence_E3R,1010,1,SHORT,2026.05.26 17:15:00,2026.05.27 01:00:00,4510.97,4531.34,0.13,20.36999999999989,-1.0,1,BROKER_SL_TP_OR_TEST_END,17,NEWYORK,Tuesday,2026-05,holdout,7.75,8,20.37,8,0.011769818563719987,8,SOLO,BEARISH,WEAK,EXPANDING,OPPOSED,PULLBACK
MSZZC1|6:XAUUSD|1:5|2:-1|1:4|39:MSZZ|XAUUSD|5|0|1|1779297300|1779297300,2,SweepReclaim_2R,1050,4,SHORT,2026.05.27 05:40:00,2026.05.27 05:59:58,4500.23,4506.15,0.46,5.920000000000073,-1.0,2,BROKER_SL_TP_OR_TEST_END,5,ASIAN,Wednesday,2026-05,holdout,0.3327777777777778,3,5.92,4,0.003339746614876393,5,SOLO,BEARISH,WEAK,NORMAL,PARTIALLY_ALIGNED,UNCLASSIFIED
MSZZC1|6:XAUUSD|1:5|2:-1|1:1|67:BO|XAUUSD|5|0|S|1779873300|MSZZ|XAUUSD|5|0|-1|1779871200|1779871200,1,FastMedConfluence_E3R,1010,1,SHORT,2026.05.27 09:20:00,2026.05.27 14:59:58,4489.46,4426.52,0.13,20.979999999999563,3.0000000000000435,1,BROKER_SL_TP_OR_TEST_END,9,LONDON,Wednesday,2026-05,holdout,5.666111111111111,8,20.98,8,0.0009461770806797918,2,SOLO,BEARISH,WEAK,EXPANDING,OPPOSED,UNCLASSIFIED
MSZZC1|6:XAUUSD|1:5|1:1|1:1|66:BO|XAUUSD|5|0|L|1779997200|MSZZ|XAUUSD|5|0|1|1779996000|1779996000,1,FastMedConfluence_E3R,1010,1,LONG,2026.05.28 19:45:00,2026.05.28 19:54:58,4504.38,4509.6,1.5899999999999999,1.7399999999997817,3.0000000000005227,1,BROKER_SL_TP_OR_TEST_END,19,NEWYORK,Thursday,2026-05,holdout,0.1661111111111111,2,1.74,1,0.011486779367143476,8,SOLO,BULLISH,NORMAL,NORMAL,OPPOSED,PULLBACK
MSZZC1|6:XAUUSD|1:5|1:1|1:1|66:BO|XAUUSD|5|0|L|1780005000|MSZZ|XAUUSD|5|0|1|1779996000|1779996000,1,FastMedConfluence_E3R,1010,1,LONG,2026.05.28 21:55:00,2026.05.28 21:59:58,4503.21,4502.64,4.88,0.569999999999709,-1.0,1,BROKER_SL_TP_OR_TEST_END,21,NEWYORK,Thursday,2026-05,holdout,0.08277777777777778,1,0.57,1,0.03501596527105084,10,CONCURRENT,BEARISH,WEAK,CONTRACTING,PARTIALLY_ALIGNED,UNCLASSIFIED
MSZZC1|6:XAUUSD|1:5|2:-1|1:4|39:MSZZ|XAUUSD|5|0|1|1779996000|1779996000,2,SweepReclaim_2R,1050,4,SHORT,2026.05.28 21:35:00,2026.05.29 01:05:00,4502.11,4497.53,0.63,4.390000000000327,1.043280182232252,2,OWN_FAMILY_OPPOSITE,21,NEWYORK,Thursday,2026-05,holdout,3.5,8,4.39,3,0.05647185371100754,10,SOLO,BEARISH,WEAK,CONTRACTING,PARTIALLY_ALIGNED,UNCLASSIFIED
MSZZC1|6:XAUUSD|1:5|1:1|1:4|40:MSZZ|XAUUSD|5|0|-1|1780012500|1780012500,2,SweepReclaim_2R,1050,4,LONG,2026.05.29 01:05:00,2026.05.29 01:09:58,4497.53,4493.23,0.64,4.300000000000182,-1.0,2,BROKER_SL_TP_OR_TEST_END,1,ASIAN,Friday,2026-05,holdout,0.08277777777777778,1,4.3,3,0.004588800458880046,6,SOLO,BEARISH,WEAK,CONTRACTING,OPPOSED,UNCLASSIFIED
MSZZC1|6:XAUUSD|1:5|2:-1|1:1|67:BO|XAUUSD|5|0|S|1780016700|MSZZ|XAUUSD|5|0|-1|1780012500|1780012500,1,FastMedConfluence_E3R,1010,1,SHORT,2026.05.29 01:10:00,2026.05.29 04:10:00,4493.7,4509.13,0.16,16.73999999999978,-0.9217443249701608,1,OWN_FAMILY_OPPOSITE,1,ASIAN,Friday,2026-05,holdout,3.0,7,16.74,7,0.0011500449236298293,2,SOLO,BEARISH,WEAK,CONTRACTING,OPPOSED,UNCLASSIFIED
MSZZC1|6:XAUUSD|1:5|1:1|1:1|66:BO|XAUUSD|5|0|L|1780027500|MSZZ|XAUUSD|5|0|1|1780027200|1780027200,1,FastMedConfluence_E3R,1010,1,LONG,2026.05.29 04:10:00,2026.05.29 04:49:58,4509.13,4502.64,0.42,6.489999999999782,-1.0,1,BROKER_SL_TP_OR_TEST_END,4,ASIAN,Friday,2026-05,holdout,0.6661111111111111,5,6.49,4,0.0030256096243201384,5,SOLO,BULLISH,WEAK,EXPANDING,OPPOSED,PULLBACK
MSZZC1|6:XAUUSD|1:5|1:1|1:1|66:BO|XAUUSD|5|0|L|1780030800|MSZZ|XAUUSD|5|0|1|1780027200|1780027200,1,FastMedConfluence_E3R,1010,1,LONG,2026.05.29 05:05:00,2026.05.29 05:29:58,4510.79,4502.64,0.33,8.149999999999636,-1.0,1,BROKER_SL_TP_OR_TEST_END,5,ASIAN,Friday,2026-05,holdout,0.4161111111111111,3,8.15,5,0.0023831876940853614,4,SOLO,BULLISH,WEAK,EXPANDING,OPPOSED,PULLBACK
MSZZC1|6:XAUUSD|1:5|1:1|1:1|66:BO|XAUUSD|5|0|L|1780077600|MSZZ|XAUUSD|5|0|1|1780027200|1780027200,1,FastMedConfluence_E3R,1010,1,LONG,2026.05.29 18:05:00,2026.06.01 01:04:57,4578.32,4525.29,0.05,53.029999999999745,-1.0,1,BROKER_SL_TP_OR_TEST_END,18,NEWYORK,Friday,2026-05,holdout,54.99916666666667,10,53.03,10,0.02533753212437109,10,SOLO,BULLISH,NORMAL,EXPANDING,OPPOSED,UNCLASSIFIED
MSZZC1|6:XAUUSD|1:5|1:1|1:4|40:MSZZ|XAUUSD|5|0|-1|1780025700|1780026000,2,SweepReclaim_2R,1050,4,LONG,2026.06.01 11:50:00,2026.06.01 11:55:00,4501.41,4497.3,0.25,10.80999999999949,-0.3802035152636324,2,OWN_FAMILY_OPPOSITE,11,LONDON,Monday,2026-06,holdout,0.08333333333333333,1,10.81,6,0.0018142893428644002,3,SOLO,BEARISH,WEAK,NORMAL,PARTIALLY_ALIGNED,COMPRESSION
MSZZC1|6:XAUUSD|1:5|2:-1|1:4|39:MSZZ|XAUUSD|5|0|1|1780314000|1780314000,2,SweepReclaim_2R,1050,4,SHORT,2026.06.01 11:55:00,2026.06.01 12:19:58,4497.3,4502.52,0.52,5.220000000000255,-1.0,2,BROKER_SL_TP_OR_TEST_END,11,LONDON,Monday,2026-06,holdout,0.4161111111111111,3,5.22,4,0.003777285439291033,5,SOLO,BEARISH,WEAK,NORMAL,PARTIALLY_ALIGNED,COMPRESSION
MSZZC1|6:XAUUSD|1:5|1:1|1:4|40:MSZZ|XAUUSD|5|0|-1|1780418100|1780418400,2,SweepReclaim_2R,1050,4,LONG,2026.06.02 18:10:00,2026.06.02 18:29:57,4506.83,4501.62,0.52,5.210000000000036,-1.0,2,BROKER_SL_TP_OR_TEST_END,18,NEWYORK,Tuesday,2026-06,holdout,0.3325,3,5.21,4,0.0037874649477402677,5,CONCURRENT,BEARISH,WEAK,EXPANDING,OPPOSED,UNCLASSIFIED
MSZZC1|6:XAUUSD|1:5|2:-1|1:1|67:BO|XAUUSD|5|0|S|1780419000|MSZZ|XAUUSD|5|0|-1|1780418100|1780418400,1,FastMedConfluence_E3R,1010,1,SHORT,2026.06.02 16:55:00,2026.06.04 01:19:58,4504.53,4425.27,0.1,26.420000000000073,2.9999999999999654,1,BROKER_SL_TP_OR_TEST_END,16,NEWYORK,Tuesday,2026-06,holdout,32.416111111111114,9,26.42,9,0.017476788640087382,9,SOLO,BEARISH,NORMAL,EXPANDING,OPPOSED,PULLBACK
MSZZC1|6:XAUUSD|1:5|1:1|1:1|66:BO|XAUUSD|5|0|L|1780540800|MSZZ|XAUUSD|5|0|1|1780538100|1780538100,1,FastMedConfluence_E3R,1010,1,LONG,2026.06.04 02:45:00,2026.06.05 15:54:58,4453.81,4423.03,0.08,30.780000000000655,-1.0,1,BROKER_SL_TP_OR_TEST_END,2,ASIAN,Thursday,2026-06,holdout,37.166111111111114,10,30.78,9,0.013915060153645457,9,SOLO,BULLISH,NORMAL,NORMAL,OPPOSED,UNCLASSIFIED
MSZZC1|6:XAUUSD|1:5|2:-1|1:1|67:BO|XAUUSD|5|0|S|1780971900|MSZZ|XAUUSD|5|0|-1|1780623900|1780623900,1,FastMedConfluence_E3R,1010,1,SHORT,2026.06.09 02:30:00,2026.06.15 05:15:00,4320.73,4326.73,0.01,154.8700000000008,-0.03874217085297326,1,OWN_FAMILY_OPPOSITE,2,ASIAN,Tuesday,2026-06,holdout,146.75,10,154.87,10,0.005084622648362025,6,SOLO,BEARISH,WEAK,CONTRACTING,OPPOSED,UNCLASSIFIED
MSZZC1|6:XAUUSD|1:5|2:-1|1:4|39:MSZZ|XAUUSD|5|0|1|1781499600|1781499600,2,SweepReclaim_2R,1050,4,SHORT,2026.06.15 06:10:00,2026.06.15 08:24:58,4323.68,4331.21,0.36,7.529999999999745,-1.0,2,BROKER_SL_TP_OR_TEST_END,6,ASIAN,Monday,2026-06,holdout,2.2494444444444444,7,7.53,5,0.002615328732292045,4,CONCURRENT,BULLISH,NORMAL,NORMAL,OPPOSED,UNCLASSIFIED
MSZZC1|6:XAUUSD|1:5|1:1|1:1|66:BO|XAUUSD|5|0|L|1781500200|MSZZ|XAUUSD|5|0|1|1781499600|1781499600,1,FastMedConfluence_E3R,1010,1,LONG,2026.06.15 05:15:00,2026.06.17 22:24:58,4326.73,4237.77,0.03,88.95999999999913,-1.0,1,BROKER_SL_TP_OR_TEST_END,5,ASIAN,Monday,2026-06,holdout,65.1661111111111,10,88.96,10,0.010242254748846836,8,SOLO,BULLISH,NORMAL,EXPANDING,OPPOSED,UNCLASSIFIED
MSZZC1|6:XAUUSD|1:5|2:-1|1:4|39:MSZZ|XAUUSD|5|0|1|1781884200|1781884200,2,SweepReclaim_2R,1050,4,SHORT,2026.06.19 16:05:00,2026.06.19 16:09:58,4169.22,4181.59,0.22,12.36999999999989,-1.0,2,BROKER_SL_TP_OR_TEST_END,16,NEWYORK,Friday,2026-06,holdout,0.08277777777777778,1,12.37,7,0.0016071885159075138,3,CONCURRENT,BEARISH,WEAK,EXPANDING,FULLY_ALIGNED,TREND_CONTINUATION
MSZZC1|6:XAUUSD|1:5|1:1|1:1|66:BO|XAUUSD|5|0|L|1781884500|MSZZ|XAUUSD|5|0|1|1781884200|1781884200,1,FastMedConfluence_E3R,1010,1,LONG,2026.06.19 16:00:00,2026.06.19 16:50:00,4179.38,4156.9,0.08,32.029999999999745,-0.701842023103361,1,OWN_FAMILY_OPPOSITE,16,NEWYORK,Friday,2026-06,holdout,0.8333333333333334,5,32.03,9,0.0005840055480527065,1,SOLO,BEARISH,NORMAL,EXPANDING,PARTIALLY_ALIGNED,UNCLASSIFIED
MSZZC1|6:XAUUSD|1:5|2:-1|1:1|67:BO|XAUUSD|5|0|S|1781887500|MSZZ|XAUUSD|5|0|-1|1781869800|1781870400,1,FastMedConfluence_E3R,1010,1,SHORT,2026.06.19 16:50:00,2026.06.19 18:20:00,4156.9,4151.47,0.11,24.69000000000051,0.21992709599024987,1,OWN_FAMILY_OPPOSITE,16,NEWYORK,Friday,2026-06,holdout,1.5,6,24.69,8,0.0008063333822020233,1,SOLO,BEARISH,WEAK,EXPANDING,FULLY_ALIGNED,BREAKOUT
MSZZC1|6:XAUUSD|1:5|1:1|1:1|66:BO|XAUUSD|5|0|L|1781892900|MSZZ|XAUUSD|5|0|1|1781892000|1781892000,1,FastMedConfluence_E3R,1010,1,LONG,2026.06.19 18:20:00,2026.06.19 19:05:00,4151.47,4147.29,0.3,9.0600000000004,-0.4613686534216453,1,OWN_FAMILY_OPPOSITE,18,NEWYORK,Friday,2026-06,holdout,0.75,5,9.06,6,0.0021978827063262388,4,SOLO,BEARISH,WEAK,NORMAL,PARTIALLY_ALIGNED,COMPRESSION
MSZZC1|6:XAUUSD|1:5|2:-1|1:4|39:MSZZ|XAUUSD|5|0|1|1781892000|1781892000,2,SweepReclaim_2R,1050,4,SHORT,2026.06.19 18:30:00,2026.06.19 19:09:58,4151.45,4145.99,0.99,2.730000000000473,1.999999999999667,2,BROKER_SL_TP_OR_TEST_END,18,NEWYORK,Friday,2026-06,holdout,0.6661111111111111,5,2.73,2,0.007253012930876589,7,CONCURRENT,BEARISH,WEAK,NORMAL,PARTIALLY_ALIGNED,COMPRESSION
MSZZC1|6:XAUUSD|1:5|1:1|1:4|40:MSZZ|XAUUSD|5|0|-1|1781845500|1781845500,2,SweepReclaim_2R,1050,4,LONG,2026.06.22 04:00:00,2026.06.22 05:15:00,4201.04,4184.36,0.1,26.140000000000327,-0.6381025248661087,2,OWN_FAMILY_OPPOSITE,4,ASIAN,Monday,2026-06,holdout,1.25,6,26.14,8,0.000729873731844391,1,SOLO,BULLISH,NORMAL,EXPANDING,OPPOSED,PULLBACK
MSZZC1|6:XAUUSD|1:5|2:-1|1:4|39:MSZZ|XAUUSD|5|0|1|1782100200|1782100200,2,SweepReclaim_2R,1050,4,SHORT,2026.06.22 05:15:00,2026.06.22 05:34:58,4184.36,4195.01,0.25,10.650000000000546,-1.0,2,BROKER_SL_TP_OR_TEST_END,5,ASIAN,Monday,2026-06,holdout,0.3327777777777778,3,10.65,6,0.001827485380116959,3,SOLO,BEARISH,WEAK,EXPANDING,PARTIALLY_ALIGNED,UNCLASSIFIED
MSZZC1|6:XAUUSD|1:5|1:1|1:4|40:MSZZ|XAUUSD|5|0|-1|1782124200|1782124200,2,SweepReclaim_2R,1050,4,LONG,2026.06.22 12:10:00,2026.06.22 16:04:58,4208.65,4192.2,0.16,16.449999999999818,-1.0,2,BROKER_SL_TP_OR_TEST_END,12,LONDON,Monday,2026-06,holdout,3.9161111111111113,8,16.45,7,0.001173149539905415,2,CONCURRENT,BULLISH,WEAK,NORMAL,OPPOSED,PULLBACK
MSZZC1|6:XAUUSD|1:5|2:-1|1:1|67:BO|XAUUSD|5|0|S|1782108900|MSZZ|XAUUSD|5|0|-1|1782108600|1782108600,1,FastMedConfluence_E3R,1010,1,SHORT,2026.06.22 06:20:00,2026.07.01 14:50:00,4176.17,4034.32,0.02,133.22999999999956,1.064700142610526,1,OWN_FAMILY_OPPOSITE,6,ASIAN,Monday,2026-06,holdout,224.5,10,133.23,10,0.01531472118414303,9,SOLO,BEARISH,NORMAL,NORMAL,OPPOSED,COMPRESSION
MSZZC1|6:XAUUSD|1:5|1:1|1:1|66:BO|XAUUSD|5|0|L|1782917100|MSZZ|XAUUSD|5|0|1|1782916800|1782916800,1,FastMedConfluence_E3R,1010,1,LONG,2026.07.01 14:50:00,2026.07.01 15:04:58,4034.32,4028.28,0.45,6.039999999999964,-1.0,1,BROKER_SL_TP_OR_TEST_END,14,LONDON,Wednesday,2026-07,holdout,0.24944444444444444,2,6.04,4,0.0032967032967032967,5,SOLO,BULLISH,STRONG,EXPANDING,OPPOSED,PULLBACK
MSZZC1|6:XAUUSD|1:5|2:-1|1:4|39:MSZZ|XAUUSD|5|0|1|1782922500|1782922500,2,SweepReclaim_2R,1050,4,SHORT,2026.07.01 23:05:00,2026.07.02 01:09:57,4029.45,4039.6300000000006,0.26,10.180000000000291,-1.0000000000000446,2,BROKER_SL_TP_OR_TEST_END,23,NEWYORK,Wednesday,2026-07,holdout,2.0825,7,10.18,6,0.02389618028748943,9,CONCURRENT,BEARISH,NORMAL,NORMAL,FULLY_ALIGNED,TREND_CONTINUATION
MSZZC1|6:XAUUSD|1:5|1:1|1:1|66:BO|XAUUSD|5|0|L|1782923100|MSZZ|XAUUSD|5|0|1|1782922800|1782922800,1,FastMedConfluence_E3R,1010,1,LONG,2026.07.01 16:30:00,2026.07.03 03:59:58,4046.99,4149.23,0.07,34.07999999999993,3.0,1,BROKER_SL_TP_OR_TEST_END,16,NEWYORK,Wednesday,2026-07,holdout,35.49944444444444,9,34.08,9,0.024162749706227973,9,SOLO,BULLISH,WEAK,EXPANDING,OPPOSED,UNCLASSIFIED
MSZZC1|6:XAUUSD|1:5|2:-1|1:4|39:MSZZ|XAUUSD|5|0|1|1783659900|1783659900,2,SweepReclaim_2R,1050,4,SHORT,2026.07.10 06:40:00,2026.07.10 07:24:58,4123.06,4113.56,0.57,4.75,2.0,2,BROKER_SL_TP_OR_TEST_END,6,ASIAN,Friday,2026-07,holdout,0.7494444444444445,5,4.75,3,0.004160280271513028,6,CONCURRENT,BULLISH,WEAK,EXPANDING,OPPOSED,UNCLASSIFIED
MSZZC1|6:XAUUSD|1:5|1:1|1:1|66:BO|XAUUSD|5|0|L|1783586100|MSZZ|XAUUSD|5|0|1|1783584600|1783584600,1,FastMedConfluence_E3R,1010,1,LONG,2026.07.09 08:40:00,2026.07.13 17:19:58,4076.07,4021.8100000000004,0.05,54.26000000000022,-0.9999999999999917,1,BROKER_SL_TP_OR_TEST_END,8,LONDON,Thursday,2026-07,holdout,104.6661111111111,10,54.26,10,0.034011117612638975,10,SOLO,BULLISH,WEAK,EXPANDING,PARTIALLY_ALIGNED,BREAKOUT
MSZZC1|6:XAUUSD|1:5|1:1|1:4|40:MSZZ|XAUUSD|5|0|-1|1784142900|1784142900,2,SweepReclaim_2R,1050,4,LONG,2026.07.15 19:50:00,2026.07.15 20:34:58,4035.65,4051.57,0.34,7.960000000000036,2.0,2,BROKER_SL_TP_OR_TEST_END,19,NEWYORK,Wednesday,2026-07,holdout,0.7494444444444445,5,7.96,5,0.0024784954074938037,4,CONCURRENT,BEARISH,NORMAL,NORMAL,OPPOSED,COMPRESSION
MSZZC1|6:XAUUSD|1:5|2:-1|1:1|67:BO|XAUUSD|5|0|S|1784059800|MSZZ|XAUUSD|5|0|-1|1783458900|1783459200,1,FastMedConfluence_E3R,1010,1,SHORT,2026.07.14 20:15:00,2026.07.15 20:35:00,4056.68,4055.04,0.05,46.320000000000164,0.035405872193434086,1,OWN_FAMILY_OPPOSITE,20,NEWYORK,Tuesday,2026-07,holdout,24.333333333333332,9,46.32,10,0.004560545806122077,6,SOLO,BEARISH,STRONG,CONTRACTING,OPPOSED,PULLBACK
MSZZC1|6:XAUUSD|1:5|1:1|1:1|66:BO|XAUUSD|5|0|L|1784147400|MSZZ|XAUUSD|5|0|1|1784147100|1784147100,1,FastMedConfluence_E3R,1010,1,LONG,2026.07.15 20:35:00,2026.07.16 04:20:00,4055.04,4040.8399999999997,0.09,28.090000000000146,-0.5055179779280954,1,OWN_FAMILY_OPPOSITE,20,NEWYORK,Wednesday,2026-07,holdout,7.75,8,28.09,9,0.01568228845246306,9,SOLO,BULLISH,WEAK,NORMAL,OPPOSED,UNCLASSIFIED
MSZZC1|6:XAUUSD|1:5|1:1|1:4|40:MSZZ|XAUUSD|5|0|-1|1784178900|1784179200,2,SweepReclaim_2R,1050,4,LONG,2026.07.16 06:00:00,2026.07.16 06:45:00,4031.79,4035.45,0.36,7.579999999999927,0.4828496042216213,2,OWN_FAMILY_OPPOSITE,6,ASIAN,Thursday,2026-07,holdout,0.75,5,7.58,5,0.002608979236873573,4,CONCURRENT,BEARISH,WEAK,NORMAL,PARTIALLY_ALIGNED,COMPRESSION
MSZZC1|6:XAUUSD|1:5|1:1|1:4|40:MSZZ|XAUUSD|5|0|-1|1784196600|1784196600,2,SweepReclaim_2R,1050,4,LONG,2026.07.16 10:45:00,2026.07.16 11:04:58,4026.35,4032.97,0.83,3.3099999999999454,2.0,2,BROKER_SL_TP_OR_TEST_END,10,LONDON,Thursday,2026-07,holdout,0.3327777777777778,3,3.31,2,0.005997109826589595,7,CONCURRENT,BEARISH,WEAK,CONTRACTING,OPPOSED,COMPRESSION
MSZZC1|6:XAUUSD|1:5|1:1|1:4|40:MSZZ|XAUUSD|5|0|-1|1784204700|1784204700,2,SweepReclaim_2R,1050,4,LONG,2026.07.16 12:35:00,2026.07.16 12:54:58,4032.11,4035.21,1.79,1.550000000000182,1.9999999999997067,2,BROKER_SL_TP_OR_TEST_END,12,LONDON,Thursday,2026-07,holdout,0.3327777777777778,3,1.55,1,0.012894395620227634,8,CONCURRENT,BULLISH,WEAK,CONTRACTING,FULLY_ALIGNED,COMPRESSION
MSZZC1|6:XAUUSD|1:5|1:1|1:4|40:MSZZ|XAUUSD|5|0|-1|1784209200|1784209200,2,SweepReclaim_2R,1050,4,LONG,2026.07.16 14:55:00,2026.07.16 15:10:00,4039.66,4033.3100000000004,0.17,16.049999999999727,-0.39563862928346183,2,OWN_FAMILY_OPPOSITE,14,LONDON,Thursday,2026-07,holdout,0.25,3,16.05,7,0.001221615406726071,2,CONCURRENT,BULLISH,WEAK,EXPANDING,OPPOSED,PULLBACK
MSZZC1|6:XAUUSD|1:5|2:-1|1:1|67:BO|XAUUSD|5|0|S|1784175300|MSZZ|XAUUSD|5|0|-1|1784142900|1784142900,1,FastMedConfluence_E3R,1010,1,SHORT,2026.07.16 04:20:00,2026.07.16 15:19:58,4040.84,4018.79,0.37,7.349999999999909,3.0000000000000617,1,BROKER_SL_TP_OR_TEST_END,4,ASIAN,Thursday,2026-07,holdout,10.999444444444444,8,7.35,5,0.002689637625849598,4,SOLO,BEARISH,NORMAL,EXPANDING,FULLY_ALIGNED,BREAKOUT
MSZZC1|6:XAUUSD|1:5|2:-1|1:1|67:BO|XAUUSD|5|0|S|1784216400|MSZZ|XAUUSD|5|0|-1|1784214900|1784214900,1,FastMedConfluence_E3R,1010,1,SHORT,2026.07.16 15:45:00,2026.07.21 04:10:00,4002.71,4027.6300000000006,0.07,39.63999999999987,-0.62865792129164,1,OWN_FAMILY_OPPOSITE,15,LONDON,Thursday,2026-07,holdout,108.41666666666667,10,39.64,9,0.029252089434959643,10,SOLO,BEARISH,WEAK,EXPANDING,OPPOSED,UNCLASSIFIED
MSZZC1|6:XAUUSD|1:5|1:1|1:1|66:BO|XAUUSD|5|0|L|1784606700|MSZZ|XAUUSD|5|0|1|1784605800|1784606400,1,FastMedConfluence_E3R,1010,1,LONG,2026.07.21 04:10:00,2026.07.21 04:39:58,4027.63,4023.23,0.63,4.400000000000091,-1.0,1,BROKER_SL_TP_OR_TEST_END,4,ASIAN,Tuesday,2026-07,holdout,0.49944444444444447,4,4.4,3,0.004507082558305909,6,SOLO,BULLISH,NORMAL,EXPANDING,OPPOSED,PULLBACK
