bar_time;speed;direction;engine_event_id;replay_event_id;projection_anchor_1_id;projection_anchor_2_id;engine_projected_previous;replay_projected_previous;engine_projected_event;replay_projected_event;engine_origin_pivot;replay_origin_pivot;engine_broken_pivot;replay_broken_pivot;engine_atr;replay_atr;engine_break_distance;replay_break_distance;engine_impulse_distance;replay_impulse_distance;field_parity
2025.06.02 03:35:00;0;SHORT;MSZZSE1|6:XAUUSD|1:5|1:0|2:-1|10:1748835300|40:MSZZ|XAUUSD|5|0|-1|1748835000|1748835000|40:MSZZ|XAUUSD|5|0|-1|1748832600|1748832600|40:MSZZ|XAUUSD|5|0|-1|1748835000|1748835000;MSZZSE1|6:XAUUSD|1:5|1:0|2:-1|10:1748835300|40:MSZZ|XAUUSD|5|0|-1|1748835000|1748835000|40:MSZZ|XAUUSD|5|0|-1|1748832600|1748832600|40:MSZZ|XAUUSD|5|0|-1|1748835000|1748835000;MSZZ|XAUUSD|5|0|-1|1748832600|1748832600;MSZZ|XAUUSD|5|0|-1|1748835000|1748835000;3310.2000000000;3310.2000000000;3310.3187500000;3310.3187500000;MSZZ|XAUUSD|5|0|1|1748833500|1748833500;MSZZ|XAUUSD|5|0|1|1748833500|1748833500;MSZZ|XAUUSD|5|0|-1|1748835000|1748835000;MSZZ|XAUUSD|5|0|-1|1748835000|1748835000;2.4600000000;2.4600000000;3.6287500000;3.6287500000;7.2300000000;7.2300000000;PASS
2025.06.02 04:15:00;0;SHORT;MSZZSE1|6:XAUUSD|1:5|1:0|2:-1|10:1748837700|40:MSZZ|XAUUSD|5|0|-1|1748835000|1748835000|40:MSZZ|XAUUSD|5|0|-1|1748832600|1748832600|40:MSZZ|XAUUSD|5|0|-1|1748835000|1748835000;MSZZSE1|6:XAUUSD|1:5|1:0|2:-1|10:1748837700|40:MSZZ|XAUUSD|5|0|-1|1748835000|1748835000|40:MSZZ|XAUUSD|5|0|-1|1748832600|1748832600|40:MSZZ|XAUUSD|5|0|-1|1748835000|1748835000;MSZZ|XAUUSD|5|0|-1|1748832600|1748832600;MSZZ|XAUUSD|5|0|-1|1748835000|1748835000;3311.1500000000;3311.1500000000;3311.2687500000;3311.2687500000;MSZZ|XAUUSD|5|0|1|1748833500|1748833500;MSZZ|XAUUSD|5|0|1|1748833500|1748833500;MSZZ|XAUUSD|5|0|-1|1748835000|1748835000;MSZZ|XAUUSD|5|0|-1|1748835000|1748835000;3.1028571429;3.1028571429;1.9187500000;1.9187500000;4.2700000000;4.2700000000;PASS
2025.06.02 04:40:00;0;SHORT;MSZZSE1|6:XAUUSD|1:5|1:0|2:-1|10:1748839200|40:MSZZ|XAUUSD|5|0|-1|1748838600|1748838600|40:MSZZ|XAUUSD|5|0|-1|1748835000|1748835000|40:MSZZ|XAUUSD|5|0|-1|1748838600|1748838600;MSZZSE1|6:XAUUSD|1:5|1:0|2:-1|10:1748839200|40:MSZZ|XAUUSD|5|0|-1|1748838600|1748838600|40:MSZZ|XAUUSD|5|0|-1|1748835000|1748835000|40:MSZZ|XAUUSD|5|0|-1|1748838600|1748838600;MSZZ|XAUUSD|5|0|-1|1748835000|1748835000;MSZZ|XAUUSD|5|0|-1|1748838600|1748838600;3306.7875000000;3306.7875000000;3306.5250000000;3306.5250000000;MSZZ|XAUUSD|5|0|1|1748837400|1748837700;MSZZ|XAUUSD|5|0|1|1748837400|1748837700;MSZZ|XAUUSD|5|0|-1|1748838600|1748838600;MSZZ|XAUUSD|5|0|-1|1748838600|1748838600;3.3635714286;3.3635714286;0.1150000000;0.1150000000;8.2000000000;8.2000000000;PASS
2025.06.02 06:30:00;0;SHORT;MSZZSE1|6:XAUUSD|1:5|1:0|2:-1|10:1748845800|40:MSZZ|XAUUSD|5|0|-1|1748843400|1748843400|40:MSZZ|XAUUSD|5|0|-1|1748838600|1748838600|40:MSZZ|XAUUSD|5|0|-1|1748843400|1748843400;MSZZSE1|6:XAUUSD|1:5|1:0|2:-1|10:1748845800|40:MSZZ|XAUUSD|5|0|-1|1748843400|1748843400|40:MSZZ|XAUUSD|5|0|-1|1748838600|1748838600|40:MSZZ|XAUUSD|5|0|-1|1748843400|1748843400;MSZZ|XAUUSD|5|0|-1|1748838600|1748838600;MSZZ|XAUUSD|5|0|-1|1748843400|1748843400;3304.8650000000;3304.8650000000;3304.7700000000;3304.7700000000;MSZZ|XAUUSD|5|0|1|1748841300|1748841300;MSZZ|XAUUSD|5|0|1|1748841300|1748841300;MSZZ|XAUUSD|5|0|-1|1748843400|1748843400;MSZZ|XAUUSD|5|0|-1|1748843400|1748843400;2.1335714286;2.1335714286;0.0400000000;0.0400000000;7.6200000000;7.6200000000;PASS
2025.06.02 07:00:00;0;LONG;MSZZSE1|6:XAUUSD|1:5|1:0|1:1|10:1748847600|39:MSZZ|XAUUSD|5|0|1|1748847300|1748847300|39:MSZZ|XAUUSD|5|0|1|1748841300|1748841300|39:MSZZ|XAUUSD|5|0|1|1748847300|1748847300;MSZZSE1|6:XAUUSD|1:5|1:0|1:1|10:1748847600|39:MSZZ|XAUUSD|5|0|1|1748847300|1748847300|39:MSZZ|XAUUSD|5|0|1|1748841300|1748841300|39:MSZZ|XAUUSD|5|0|1|1748847300|1748847300;MSZZ|XAUUSD|5|0|1|1748841300|1748841300;MSZZ|XAUUSD|5|0|1|1748847300|1748847300;3308.9400000000;3308.9400000000;3308.8105000000;3308.8105000000;MSZZ|XAUUSD|5|0|-1|1748843400|1748843400;MSZZ|XAUUSD|5|0|-1|1748843400|1748843400;MSZZ|XAUUSD|5|0|1|1748847300|1748847300;MSZZ|XAUUSD|5|0|1|1748847300|1748847300;2.0500000000;2.0500000000;2.3195000000;2.3195000000;5.9000000000;5.9000000000;PASS
2025.06.09 03:40:00;0;SHORT;MSZZSE1|6:XAUUSD|1:5|1:0|2:-1|10:1749440400|40:MSZZ|XAUUSD|5|0|-1|1749438900|1749438900|40:MSZZ|XAUUSD|5|0|-1|1748843400|1748843400|40:MSZZ|XAUUSD|5|0|-1|1749438900|1749438900;MSZZSE1|6:XAUUSD|1:5|1:0|2:-1|10:1749440400|40:MSZZ|XAUUSD|5|0|-1|1749438900|1749438900|40:MSZZ|XAUUSD|5|0|-1|1748843400|1748843400|40:MSZZ|XAUUSD|5|0|-1|1749438900|1749438900;MSZZ|XAUUSD|5|0|-1|1748843400|1748843400;MSZZ|XAUUSD|5|0|-1|1749438900|1749438900;3305.6702821159;3305.6702821159;3305.6703526448;3305.6703526448;MSZZ|XAUUSD|5|0|1|1748847300|1748847300;MSZZ|XAUUSD|5|0|1|1748847300|1748847300;MSZZ|XAUUSD|5|0|-1|1749438900|1749438900;MSZZ|XAUUSD|5|0|-1|1749438900|1749438900;3.3850000000;3.3850000000;2.8103526448;2.8103526448;7.2000000000;7.2000000000;PASS
2025.06.09 04:15:00;0;LONG;MSZZSE1|6:XAUUSD|1:5|1:0|1:1|10:1749442500|39:MSZZ|XAUUSD|5|0|1|1749441600|1749441600|39:MSZZ|XAUUSD|5|0|1|1749439800|1749439800|39:MSZZ|XAUUSD|5|0|1|1749441600|1749441600;MSZZSE1|6:XAUUSD|1:5|1:0|1:1|10:1749442500|39:MSZZ|XAUUSD|5|0|1|1749441600|1749441600|39:MSZZ|XAUUSD|5|0|1|1749439800|1749439800|39:MSZZ|XAUUSD|5|0|1|1749441600|1749441600;MSZZ|XAUUSD|5|0|1|1749439800|1749439800;MSZZ|XAUUSD|5|0|1|1749441600|1749441600;3308.2733333333;3308.2733333333;3307.8150000000;3307.8150000000;MSZZ|XAUUSD|5|0|-1|1749440700|1749440700;MSZZ|XAUUSD|5|0|-1|1749440700|1749440700;MSZZ|XAUUSD|5|0|1|1749441600|1749441600;MSZZ|XAUUSD|5|0|1|1749441600|1749441600;4.4307142857;4.4307142857;0.0950000000;0.0950000000;10.9800000000;10.9800000000;PASS
2025.06.09 04:40:00;0;LONG;MSZZSE1|6:XAUUSD|1:5|1:0|1:1|10:1749444000|39:MSZZ|XAUUSD|5|0|1|1749441600|1749441600|39:MSZZ|XAUUSD|5|0|1|1749439800|1749439800|39:MSZZ|XAUUSD|5|0|1|1749441600|1749441600;MSZZSE1|6:XAUUSD|1:5|1:0|1:1|10:1749444000|39:MSZZ|XAUUSD|5|0|1|1749441600|1749441600|39:MSZZ|XAUUSD|5|0|1|1749439800|1749439800|39:MSZZ|XAUUSD|5|0|1|1749441600|1749441600;MSZZ|XAUUSD|5|0|1|1749439800|1749439800;MSZZ|XAUUSD|5|0|1|1749441600|1749441600;3305.9816666667;3305.9816666667;3305.5233333333;3305.5233333333;MSZZ|XAUUSD|5|0|-1|1749440700|1749440700;MSZZ|XAUUSD|5|0|-1|1749440700|1749440700;MSZZ|XAUUSD|5|0|1|1749441600|1749441600;MSZZ|XAUUSD|5|0|1|1749441600|1749441600;4.3842857143;4.3842857143;1.7366666667;1.7366666667;10.9800000000;10.9800000000;PASS
2025.06.09 05:20:00;0;LONG;MSZZSE1|6:XAUUSD|1:5|1:0|1:1|10:1749446400|39:MSZZ|XAUUSD|5|0|1|1749441600|1749441600|39:MSZZ|XAUUSD|5|0|1|1749439800|1749439800|39:MSZZ|XAUUSD|5|0|1|1749441600|1749441600;MSZZSE1|6:XAUUSD|1:5|1:0|1:1|10:1749446400|39:MSZZ|XAUUSD|5|0|1|1749441600|1749441600|39:MSZZ|XAUUSD|5|0|1|1749439800|1749439800|39:MSZZ|XAUUSD|5|0|1|1749441600|1749441600;MSZZ|XAUUSD|5|0|1|1749439800|1749439800;MSZZ|XAUUSD|5|0|1|1749441600|1749441600;3302.3150000000;3302.3150000000;3301.8566666667;3301.8566666667;MSZZ|XAUUSD|5|0|-1|1749440700|1749440700;MSZZ|XAUUSD|5|0|-1|1749440700|1749440700;MSZZ|XAUUSD|5|0|1|1749441600|1749441600;MSZZ|XAUUSD|5|0|1|1749441600|1749441600;4.1150000000;4.1150000000;2.7533333333;2.7533333333;10.9800000000;10.9800000000;PASS
2025.06.09 05:45:00;0;LONG;MSZZSE1|6:XAUUSD|1:5|1:0|1:1|10:1749447900|39:MSZZ|XAUUSD|5|0|1|1749446700|1749446700|39:MSZZ|XAUUSD|5|0|1|1749441600|1749441600|39:MSZZ|XAUUSD|5|0|1|1749446700|1749446700;MSZZSE1|6:XAUUSD|1:5|1:0|1:1|10:1749447900|39:MSZZ|XAUUSD|5|0|1|1749446700|1749446700|39:MSZZ|XAUUSD|5|0|1|1749441600|1749441600|39:MSZZ|XAUUSD|5|0|1|1749446700|1749446700;MSZZ|XAUUSD|5|0|1|1749441600|1749441600;MSZZ|XAUUSD|5|0|1|1749446700|1749446700;3305.2135294118;3305.2135294118;3305.0147058824;3305.0147058824;MSZZ|XAUUSD|5|0|-1|1749444900|1749444900;MSZZ|XAUUSD|5|0|-1|1749444900|1749444900;MSZZ|XAUUSD|5|0|1|1749446700|1749446700;MSZZ|XAUUSD|5|0|1|1749446700|1749446700;3.9592857143;3.9592857143;0.8552941176;0.8552941176;11.0700000000;11.0700000000;PASS
2025.06.24 16:40:00;0;SHORT;MSZZSE1|6:XAUUSD|1:5|1:0|2:-1|10:1750783200|40:MSZZ|XAUUSD|5|0|-1|1750782900|1750782900|40:MSZZ|XAUUSD|5|0|-1|1749444900|1749444900|40:MSZZ|XAUUSD|5|0|-1|1750782900|1750782900;MSZZSE1|6:XAUUSD|1:5|1:0|2:-1|10:1750783200|40:MSZZ|XAUUSD|5|0|-1|1750782900|1750782900|40:MSZZ|XAUUSD|5|0|-1|1749444900|1749444900|40:MSZZ|XAUUSD|5|0|-1|1750782900|1750782900;MSZZ|XAUUSD|5|0|-1|1749444900|1749444900;MSZZ|XAUUSD|5|0|-1|1750782900|1750782900;3299.8700000000;3299.8700000000;3299.8710672646;3299.8710672646;MSZZ|XAUUSD|5|0|1|1749446700|1749446700;MSZZ|XAUUSD|5|0|1|1749446700|1749446700;MSZZ|XAUUSD|5|0|-1|1750782900|1750782900;MSZZ|XAUUSD|5|0|-1|1750782900|1750782900;5.4107142857;5.4107142857;1.0810672646;1.0810672646;10.2700000000;10.2700000000;PASS
2025.06.24 18:00:00;0;SHORT;MSZZSE1|6:XAUUSD|1:5|1:0|2:-1|10:1750788000|40:MSZZ|XAUUSD|5|0|-1|1750786800|1750787100|40:MSZZ|XAUUSD|5|0|-1|1750782900|1750782900|40:MSZZ|XAUUSD|5|0|-1|1750786800|1750787100;MSZZSE1|6:XAUUSD|1:5|1:0|2:-1|10:1750788000|40:MSZZ|XAUUSD|5|0|-1|1750786800|1750787100|40:MSZZ|XAUUSD|5|0|-1|1750782900|1750782900|40:MSZZ|XAUUSD|5|0|-1|1750786800|1750787100;MSZZ|XAUUSD|5|0|-1|1750782900|1750782900;MSZZ|XAUUSD|5|0|-1|1750786800|1750787100;3302.3192307692;3302.3192307692;3302.4723076923;3302.4723076923;MSZZ|XAUUSD|5|0|1|1750785300|1750785300;MSZZ|XAUUSD|5|0|1|1750785300|1750785300;MSZZ|XAUUSD|5|0|-1|1750786800|1750787100;MSZZ|XAUUSD|5|0|-1|1750786800|1750787100;4.3364285714;4.3364285714;2.1323076923;2.1323076923;10.5400000000;10.5400000000;PASS
2025.06.24 18:35:00;0;LONG;MSZZSE1|6:XAUUSD|1:5|1:0|1:1|10:1750790100|39:MSZZ|XAUUSD|5|0|1|1750789500|1750789500|39:MSZZ|XAUUSD|5|0|1|1750785300|1750785300|39:MSZZ|XAUUSD|5|0|1|1750789500|1750789500;MSZZSE1|6:XAUUSD|1:5|1:0|1:1|10:1750790100|39:MSZZ|XAUUSD|5|0|1|1750789500|1750789500|39:MSZZ|XAUUSD|5|0|1|1750785300|1750785300|39:MSZZ|XAUUSD|5|0|1|1750789500|1750789500;MSZZ|XAUUSD|5|0|1|1750785300|1750785300;MSZZ|XAUUSD|5|0|1|1750789500|1750789500;3314.4371428571;3314.4371428571;3314.7142857143;3314.7142857143;MSZZ|XAUUSD|5|0|-1|1750786800|1750787100;MSZZ|XAUUSD|5|0|-1|1750786800|1750787100;MSZZ|XAUUSD|5|0|1|1750789500|1750789500;MSZZ|XAUUSD|5|0|1|1750789500|1750789500;3.9721428571;3.9721428571;1.2857142857;1.2857142857;14.8700000000;14.8700000000;PASS
2025.06.24 19:50:00;0;LONG;MSZZSE1|6:XAUUSD|1:5|1:0|1:1|10:1750794600|39:MSZZ|XAUUSD|5|0|1|1750789500|1750789500|39:MSZZ|XAUUSD|5|0|1|1750785300|1750785300|39:MSZZ|XAUUSD|5|0|1|1750789500|1750789500;MSZZSE1|6:XAUUSD|1:5|1:0|1:1|10:1750794600|39:MSZZ|XAUUSD|5|0|1|1750789500|1750789500|39:MSZZ|XAUUSD|5|0|1|1750785300|1750785300|39:MSZZ|XAUUSD|5|0|1|1750789500|1750789500;MSZZ|XAUUSD|5|0|1|1750785300|1750785300;MSZZ|XAUUSD|5|0|1|1750789500|1750789500;3318.5942857143;3318.5942857143;3318.8714285714;3318.8714285714;MSZZ|XAUUSD|5|0|-1|1750786800|1750787100;MSZZ|XAUUSD|5|0|-1|1750786800|1750787100;MSZZ|XAUUSD|5|0|1|1750789500|1750789500;MSZZ|XAUUSD|5|0|1|1750789500|1750789500;2.2650000000;2.2650000000;0.5285714286;0.5285714286;17.7100000000;17.7100000000;PASS
2025.06.24 20:00:00;0;LONG;MSZZSE1|6:XAUUSD|1:5|1:0|1:1|10:1750795200|39:MSZZ|XAUUSD|5|0|1|1750789500|1750789500|39:MSZZ|XAUUSD|5|0|1|1750785300|1750785300|39:MSZZ|XAUUSD|5|0|1|1750789500|1750789500;MSZZSE1|6:XAUUSD|1:5|1:0|1:1|10:1750795200|39:MSZZ|XAUUSD|5|0|1|1750789500|1750789500|39:MSZZ|XAUUSD|5|0|1|1750785300|1750785300|39:MSZZ|XAUUSD|5|0|1|1750789500|1750789500;MSZZ|XAUUSD|5|0|1|1750785300|1750785300;MSZZ|XAUUSD|5|0|1|1750789500|1750789500;3319.1485714286;3319.1485714286;3319.4257142857;3319.4257142857;MSZZ|XAUUSD|5|0|-1|1750786800|1750787100;MSZZ|XAUUSD|5|0|-1|1750786800|1750787100;MSZZ|XAUUSD|5|0|1|1750789500|1750789500;MSZZ|XAUUSD|5|0|1|1750789500|1750789500;2.2157142857;2.2157142857;0.2842857143;0.2842857143;18.8300000000;18.8300000000;PASS
2025.06.25 07:30:00;0;SHORT;MSZZSE1|6:XAUUSD|1:5|1:0|2:-1|10:1750836600|40:MSZZ|XAUUSD|5|0|-1|1750786800|1750787100|40:MSZZ|XAUUSD|5|0|-1|1750782900|1750782900|40:MSZZ|XAUUSD|5|0|-1|1750786800|1750787100;MSZZSE1|6:XAUUSD|1:5|1:0|2:-1|10:1750836600|40:MSZZ|XAUUSD|5|0|-1|1750786800|1750787100|40:MSZZ|XAUUSD|5|0|-1|1750782900|1750782900|40:MSZZ|XAUUSD|5|0|-1|1750786800|1750787100;MSZZ|XAUUSD|5|0|-1|1750782900|1750782900;MSZZ|XAUUSD|5|0|-1|1750786800|1750787100;3327.1176923077;3327.1176923077;3327.2707692308;3327.2707692308;MSZZ|XAUUSD|5|0|1|1750785300|1750785300;MSZZ|XAUUSD|5|0|1|1750785300|1750785300;MSZZ|XAUUSD|5|0|-1|1750786800|1750787100;MSZZ|XAUUSD|5|0|-1|1750786800|1750787100;1.3142857143;1.3142857143;0.5107692308;0.5107692308;8.4200000000;8.4200000000;PASS
2025.06.25 07:55:00;0;SHORT;MSZZSE1|6:XAUUSD|1:5|1:0|2:-1|10:1750838100|40:MSZZ|XAUUSD|5|0|-1|1750786800|1750787100|40:MSZZ|XAUUSD|5|0|-1|1750782900|1750782900|40:MSZZ|XAUUSD|5|0|-1|1750786800|1750787100;MSZZSE1|6:XAUUSD|1:5|1:0|2:-1|10:1750838100|40:MSZZ|XAUUSD|5|0|-1|1750786800|1750787100|40:MSZZ|XAUUSD|5|0|-1|1750782900|1750782900|40:MSZZ|XAUUSD|5|0|-1|1750786800|1750787100;MSZZ|XAUUSD|5|0|-1|1750782900|1750782900;MSZZ|XAUUSD|5|0|-1|1750786800|1750787100;3327.8830769231;3327.8830769231;3328.0361538462;3328.0361538462;MSZZ|XAUUSD|5|0|1|1750785300|1750785300;MSZZ|XAUUSD|5|0|1|1750785300|1750785300;MSZZ|XAUUSD|5|0|-1|1750786800|1750787100;MSZZ|XAUUSD|5|0|-1|1750786800|1750787100;1.2271428571;1.2271428571;0.5461538462;0.5461538462;8.4200000000;8.4200000000;PASS
2025.06.25 09:10:00;0;SHORT;MSZZSE1|6:XAUUSD|1:5|1:0|2:-1|10:1750842600|40:MSZZ|XAUUSD|5|0|-1|1750786800|1750787100|40:MSZZ|XAUUSD|5|0|-1|1750782900|1750782900|40:MSZZ|XAUUSD|5|0|-1|1750786800|1750787100;MSZZSE1|6:XAUUSD|1:5|1:0|2:-1|10:1750842600|40:MSZZ|XAUUSD|5|0|-1|1750786800|1750787100|40:MSZZ|XAUUSD|5|0|-1|1750782900|1750782900|40:MSZZ|XAUUSD|5|0|-1|1750786800|1750787100;MSZZ|XAUUSD|5|0|-1|1750782900|1750782900;MSZZ|XAUUSD|5|0|-1|1750786800|1750787100;3330.1792307692;3330.1792307692;3330.3323076923;3330.3323076923;MSZZ|XAUUSD|5|0|1|1750785300|1750785300;MSZZ|XAUUSD|5|0|1|1750785300|1750785300;MSZZ|XAUUSD|5|0|-1|1750786800|1750787100;MSZZ|XAUUSD|5|0|-1|1750786800|1750787100;1.5592857143;1.5592857143;0.4723076923;0.4723076923;8.4200000000;8.4200000000;PASS
2025.06.25 09:55:00;0;SHORT;MSZZSE1|6:XAUUSD|1:5|1:0|2:-1|10:1750845300|40:MSZZ|XAUUSD|5|0|-1|1750786800|1750787100|40:MSZZ|XAUUSD|5|0|-1|1750782900|1750782900|40:MSZZ|XAUUSD|5|0|-1|1750786800|1750787100;MSZZSE1|6:XAUUSD|1:5|1:0|2:-1|10:1750845300|40:MSZZ|XAUUSD|5|0|-1|1750786800|1750787100|40:MSZZ|XAUUSD|5|0|-1|1750782900|1750782900|40:MSZZ|XAUUSD|5|0|-1|1750786800|1750787100;MSZZ|XAUUSD|5|0|-1|1750782900|1750782900;MSZZ|XAUUSD|5|0|-1|1750786800|1750787100;3331.5569230769;3331.5569230769;3331.7100000000;3331.7100000000;MSZZ|XAUUSD|5|0|1|1750785300|1750785300;MSZZ|XAUUSD|5|0|1|1750785300|1750785300;MSZZ|XAUUSD|5|0|-1|1750786800|1750787100;MSZZ|XAUUSD|5|0|-1|1750786800|1750787100;1.7728571429;1.7728571429;0.2300000000;0.2300000000;8.4200000000;8.4200000000;PASS
2025.06.25 10:30:00;0;SHORT;MSZZSE1|6:XAUUSD|1:5|1:0|2:-1|10:1750847400|40:MSZZ|XAUUSD|5|0|-1|1750786800|1750787100|40:MSZZ|XAUUSD|5|0|-1|1750782900|1750782900|40:MSZZ|XAUUSD|5|0|-1|1750786800|1750787100;MSZZSE1|6:XAUUSD|1:5|1:0|2:-1|10:1750847400|40:MSZZ|XAUUSD|5|0|-1|1750786800|1750787100|40:MSZZ|XAUUSD|5|0|-1|1750782900|1750782900|40:MSZZ|XAUUSD|5|0|-1|1750786800|1750787100;MSZZ|XAUUSD|5|0|-1|1750782900|1750782900;MSZZ|XAUUSD|5|0|-1|1750786800|1750787100;3332.6284615385;3332.6284615385;3332.7815384615;3332.7815384615;MSZZ|XAUUSD|5|0|1|1750785300|1750785300;MSZZ|XAUUSD|5|0|1|1750785300|1750785300;MSZZ|XAUUSD|5|0|-1|1750786800|1750787100;MSZZ|XAUUSD|5|0|-1|1750786800|1750787100;2.3892857143;2.3892857143;0.0515384615;0.0515384615;8.4200000000;8.4200000000;PASS
2025.06.25 10:50:00;0;SHORT;MSZZSE1|6:XAUUSD|1:5|1:0|2:-1|10:1750848600|40:MSZZ|XAUUSD|5|0|-1|1750786800|1750787100|40:MSZZ|XAUUSD|5|0|-1|1750782900|1750782900|40:MSZZ|XAUUSD|5|0|-1|1750786800|1750787100;MSZZSE1|6:XAUUSD|1:5|1:0|2:-1|10:1750848600|40:MSZZ|XAUUSD|5|0|-1|1750786800|1750787100|40:MSZZ|XAUUSD|5|0|-1|1750782900|1750782900|40:MSZZ|XAUUSD|5|0|-1|1750786800|1750787100;MSZZ|XAUUSD|5|0|-1|1750782900|1750782900;MSZZ|XAUUSD|5|0|-1|1750786800|1750787100;3333.2407692308;3333.2407692308;3333.3938461539;3333.3938461539;MSZZ|XAUUSD|5|0|1|1750785300|1750785300;MSZZ|XAUUSD|5|0|1|1750785300|1750785300;MSZZ|XAUUSD|5|0|-1|1750786800|1750787100;MSZZ|XAUUSD|5|0|-1|1750786800|1750787100;2.7150000000;2.7150000000;1.9238461539;1.9238461539;8.4200000000;8.4200000000;PASS
2025.06.27 06:10:00;0;SHORT;MSZZSE1|6:XAUUSD|1:5|1:0|2:-1|10:1751004600|40:MSZZ|XAUUSD|5|0|-1|1751004300|1751004300|40:MSZZ|XAUUSD|5|0|-1|1750786800|1750787100|40:MSZZ|XAUUSD|5|0|-1|1751004300|1751004300;MSZZSE1|6:XAUUSD|1:5|1:0|2:-1|10:1751004600|40:MSZZ|XAUUSD|5|0|-1|1751004300|1751004300|40:MSZZ|XAUUSD|5|0|-1|1750786800|1750787100|40:MSZZ|XAUUSD|5|0|-1|1751004300|1751004300;MSZZ|XAUUSD|5|0|-1|1750786800|1750787100;MSZZ|XAUUSD|5|0|-1|1751004300|1751004300;3305.5700000000;3305.5700000000;3305.5751172414;3305.5751172414;MSZZ|XAUUSD|5|0|1|1750789500|1750789500;MSZZ|XAUUSD|5|0|1|1750789500|1750789500;MSZZ|XAUUSD|5|0|-1|1751004300|1751004300;MSZZ|XAUUSD|5|0|-1|1751004300|1751004300;2.6450000000;2.6450000000;0.6151172414;0.6151172414;9.6300000000;9.6300000000;PASS
2025.06.02 06:55:00;1;LONG;MSZZSE1|6:XAUUSD|1:5|1:1|1:1|10:1748847300|39:MSZZ|XAUUSD|5|1|1|1748841300|1748843400|39:MSZZ|XAUUSD|5|1|1|1748837400|1748838600|39:MSZZ|XAUUSD|5|1|1|1748841300|1748843400;MSZZSE1|6:XAUUSD|1:5|1:1|1:1|10:1748847300|39:MSZZ|XAUUSD|5|1|1|1748841300|1748843400|39:MSZZ|XAUUSD|5|1|1|1748837400|1748838600|39:MSZZ|XAUUSD|5|1|1|1748841300|1748843400;MSZZ|XAUUSD|5|1|1|1748837400|1748838600;MSZZ|XAUUSD|5|1|1|1748841300|1748843400;3308.1684615385;3308.1684615385;3307.9915384615;3307.9915384615;MSZZ|XAUUSD|5|1|-1|1748840100|1748840700;MSZZ|XAUUSD|5|1|-1|1748840100|1748840700;MSZZ|XAUUSD|5|1|1|1748841300|1748843400;MSZZ|XAUUSD|5|1|1|1748841300|1748843400;2.0807142857;2.0807142857;0.7484615385;0.7484615385;10.0700000000;10.0700000000;PASS
2025.06.02 08:40:00;1;LONG;MSZZSE1|6:XAUUSD|1:5|1:1|1:1|10:1748853600|39:MSZZ|XAUUSD|5|1|1|1748850900|1748850900|39:MSZZ|XAUUSD|5|1|1|1748841300|1748843400|39:MSZZ|XAUUSD|5|1|1|1748850900|1748850900;MSZZSE1|6:XAUUSD|1:5|1:1|1:1|10:1748853600|39:MSZZ|XAUUSD|5|1|1|1748850900|1748850900|39:MSZZ|XAUUSD|5|1|1|1748841300|1748843400|39:MSZZ|XAUUSD|5|1|1|1748850900|1748850900;MSZZ|XAUUSD|5|1|1|1748841300|1748843400;MSZZ|XAUUSD|5|1|1|1748850900|1748850900;3319.9050000000;3319.9050000000;3320.1143750000;3320.1143750000;MSZZ|XAUUSD|5|1|-1|1748846100|1748847000;MSZZ|XAUUSD|5|1|-1|1748846100|1748847000;MSZZ|XAUUSD|5|1|1|1748850900|1748850900;MSZZ|XAUUSD|5|1|1|1748850900|1748850900;2.4228571429;2.4228571429;2.3956250000;2.3956250000;19.8500000000;19.8500000000;PASS
2025.06.03 04:35:00;1;LONG;MSZZSE1|6:XAUUSD|1:5|1:1|1:1|10:1748925300|39:MSZZ|XAUUSD|5|1|1|1748850900|1748850900|39:MSZZ|XAUUSD|5|1|1|1748841300|1748843400|39:MSZZ|XAUUSD|5|1|1|1748850900|1748850900;MSZZSE1|6:XAUUSD|1:5|1:1|1:1|10:1748925300|39:MSZZ|XAUUSD|5|1|1|1748850900|1748850900|39:MSZZ|XAUUSD|5|1|1|1748841300|1748843400|39:MSZZ|XAUUSD|5|1|1|1748850900|1748850900;MSZZ|XAUUSD|5|1|1|1748841300|1748843400;MSZZ|XAUUSD|5|1|1|1748850900|1748850900;3369.9456250000;3369.9456250000;3370.1550000000;3370.1550000000;MSZZ|XAUUSD|5|1|-1|1748846100|1748847000;MSZZ|XAUUSD|5|1|-1|1748846100|1748847000;MSZZ|XAUUSD|5|1|1|1748850900|1748850900;MSZZ|XAUUSD|5|1|1|1748850900|1748850900;3.9792857143;3.9792857143;1.0750000000;1.0750000000;68.0500000000;68.0500000000;PASS
2025.06.03 05:50:00;1;LONG;MSZZSE1|6:XAUUSD|1:5|1:1|1:1|10:1748929800|39:MSZZ|XAUUSD|5|1|1|1748850900|1748850900|39:MSZZ|XAUUSD|5|1|1|1748841300|1748843400|39:MSZZ|XAUUSD|5|1|1|1748850900|1748850900;MSZZSE1|6:XAUUSD|1:5|1:1|1:1|10:1748929800|39:MSZZ|XAUUSD|5|1|1|1748850900|1748850900|39:MSZZ|XAUUSD|5|1|1|1748841300|1748843400|39:MSZZ|XAUUSD|5|1|1|1748850900|1748850900;MSZZ|XAUUSD|5|1|1|1748841300|1748843400;MSZZ|XAUUSD|5|1|1|1748850900|1748850900;3373.0862500000;3373.0862500000;3373.2956250000;3373.2956250000;MSZZ|XAUUSD|5|1|-1|1748846100|1748847000;MSZZ|XAUUSD|5|1|-1|1748846100|1748847000;MSZZ|XAUUSD|5|1|1|1748850900|1748850900;MSZZ|XAUUSD|5|1|1|1748850900|1748850900;3.5507142857;3.5507142857;0.4043750000;0.4043750000;71.8800000000;71.8800000000;PASS
2025.06.03 17:00:00;1;SHORT;MSZZSE1|6:XAUUSD|1:5|1:1|2:-1|10:1748970000|40:MSZZ|XAUUSD|5|1|-1|1748846100|1748847000|40:MSZZ|XAUUSD|5|1|-1|1748840100|1748840700|40:MSZZ|XAUUSD|5|1|-1|1748846100|1748847000;MSZZSE1|6:XAUUSD|1:5|1:1|2:-1|10:1748970000|40:MSZZ|XAUUSD|5|1|-1|1748846100|1748847000|40:MSZZ|XAUUSD|5|1|-1|1748840100|1748840700|40:MSZZ|XAUUSD|5|1|-1|1748846100|1748847000;MSZZ|XAUUSD|5|1|-1|1748840100|1748840700;MSZZ|XAUUSD|5|1|-1|1748846100|1748847000;3343.1480000000;3343.1480000000;3343.2445000000;3343.2445000000;MSZZ|XAUUSD|5|1|1|1748841300|1748843400;MSZZ|XAUUSD|5|1|1|1748841300|1748843400;MSZZ|XAUUSD|5|1|-1|1748846100|1748847000;MSZZ|XAUUSD|5|1|-1|1748846100|1748847000;4.8221428571;4.8221428571;6.7545000000;6.7545000000;8.1400000000;8.1400000000;PASS
2025.06.04 03:05:00;1;SHORT;MSZZSE1|6:XAUUSD|1:5|1:1|2:-1|10:1749006300|40:MSZZ|XAUUSD|5|1|-1|1748846100|1748847000|40:MSZZ|XAUUSD|5|1|-1|1748840100|1748840700|40:MSZZ|XAUUSD|5|1|-1|1748846100|1748847000;MSZZSE1|6:XAUUSD|1:5|1:1|2:-1|10:1749006300|40:MSZZ|XAUUSD|5|1|-1|1748846100|1748847000|40:MSZZ|XAUUSD|5|1|-1|1748840100|1748840700|40:MSZZ|XAUUSD|5|1|-1|1748846100|1748847000;MSZZ|XAUUSD|5|1|-1|1748840100|1748840700;MSZZ|XAUUSD|5|1|-1|1748846100|1748847000;3354.8245000000;3354.8245000000;3354.9210000000;3354.9210000000;MSZZ|XAUUSD|5|1|1|1748841300|1748843400;MSZZ|XAUUSD|5|1|1|1748841300|1748843400;MSZZ|XAUUSD|5|1|-1|1748846100|1748847000;MSZZ|XAUUSD|5|1|-1|1748846100|1748847000;2.0342857143;2.0342857143;1.6310000000;1.6310000000;8.1400000000;8.1400000000;PASS
2025.06.04 03:30:00;1;SHORT;MSZZSE1|6:XAUUSD|1:5|1:1|2:-1|10:1749007800|40:MSZZ|XAUUSD|5|1|-1|1748846100|1748847000|40:MSZZ|XAUUSD|5|1|-1|1748840100|1748840700|40:MSZZ|XAUUSD|5|1|-1|1748846100|1748847000;MSZZSE1|6:XAUUSD|1:5|1:1|2:-1|10:1749007800|40:MSZZ|XAUUSD|5|1|-1|1748846100|1748847000|40:MSZZ|XAUUSD|5|1|-1|1748840100|1748840700|40:MSZZ|XAUUSD|5|1|-1|1748846100|1748847000;MSZZ|XAUUSD|5|1|-1|1748840100|1748840700;MSZZ|XAUUSD|5|1|-1|1748846100|1748847000;3355.3070000000;3355.3070000000;3355.4035000000;3355.4035000000;MSZZ|XAUUSD|5|1|1|1748841300|1748843400;MSZZ|XAUUSD|5|1|1|1748841300|1748843400;MSZZ|XAUUSD|5|1|-1|1748846100|1748847000;MSZZ|XAUUSD|5|1|-1|1748846100|1748847000;2.5550000000;2.5550000000;0.1335000000;0.1335000000;8.1400000000;8.1400000000;PASS
2025.06.04 06:55:00;1;SHORT;MSZZSE1|6:XAUUSD|1:5|1:1|2:-1|10:1749020100|40:MSZZ|XAUUSD|5|1|-1|1748846100|1748847000|40:MSZZ|XAUUSD|5|1|-1|1748840100|1748840700|40:MSZZ|XAUUSD|5|1|-1|1748846100|1748847000;MSZZSE1|6:XAUUSD|1:5|1:1|2:-1|10:1749020100|40:MSZZ|XAUUSD|5|1|-1|1748846100|1748847000|40:MSZZ|XAUUSD|5|1|-1|1748840100|1748840700|40:MSZZ|XAUUSD|5|1|-1|1748846100|1748847000;MSZZ|XAUUSD|5|1|-1|1748840100|1748840700;MSZZ|XAUUSD|5|1|-1|1748846100|1748847000;3359.2635000000;3359.2635000000;3359.3600000000;3359.3600000000;MSZZ|XAUUSD|5|1|1|1748841300|1748843400;MSZZ|XAUUSD|5|1|1|1748841300|1748843400;MSZZ|XAUUSD|5|1|-1|1748846100|1748847000;MSZZ|XAUUSD|5|1|-1|1748846100|1748847000;2.2171428571;2.2171428571;0.2300000000;0.2300000000;8.1400000000;8.1400000000;PASS
2025.06.04 07:05:00;1;SHORT;MSZZSE1|6:XAUUSD|1:5|1:1|2:-1|10:1749020700|40:MSZZ|XAUUSD|5|1|-1|1748846100|1748847000|40:MSZZ|XAUUSD|5|1|-1|1748840100|1748840700|40:MSZZ|XAUUSD|5|1|-1|1748846100|1748847000;MSZZSE1|6:XAUUSD|1:5|1:1|2:-1|10:1749020700|40:MSZZ|XAUUSD|5|1|-1|1748846100|1748847000|40:MSZZ|XAUUSD|5|1|-1|1748840100|1748840700|40:MSZZ|XAUUSD|5|1|-1|1748846100|1748847000;MSZZ|XAUUSD|5|1|-1|1748840100|1748840700;MSZZ|XAUUSD|5|1|-1|1748846100|1748847000;3359.4565000000;3359.4565000000;3359.5530000000;3359.5530000000;MSZZ|XAUUSD|5|1|1|1748841300|1748843400;MSZZ|XAUUSD|5|1|1|1748841300|1748843400;MSZZ|XAUUSD|5|1|-1|1748846100|1748847000;MSZZ|XAUUSD|5|1|-1|1748846100|1748847000;2.2550000000;2.2550000000;0.1230000000;0.1230000000;8.1400000000;8.1400000000;PASS
2025.06.04 07:30:00;1;SHORT;MSZZSE1|6:XAUUSD|1:5|1:1|2:-1|10:1749022200|40:MSZZ|XAUUSD|5|1|-1|1748846100|1748847000|40:MSZZ|XAUUSD|5|1|-1|1748840100|1748840700|40:MSZZ|XAUUSD|5|1|-1|1748846100|1748847000;MSZZSE1|6:XAUUSD|1:5|1:1|2:-1|10:1749022200|40:MSZZ|XAUUSD|5|1|-1|1748846100|1748847000|40:MSZZ|XAUUSD|5|1|-1|1748840100|1748840700|40:MSZZ|XAUUSD|5|1|-1|1748846100|1748847000;MSZZ|XAUUSD|5|1|-1|1748840100|1748840700;MSZZ|XAUUSD|5|1|-1|1748846100|1748847000;3359.9390000000;3359.9390000000;3360.0355000000;3360.0355000000;MSZZ|XAUUSD|5|1|1|1748841300|1748843400;MSZZ|XAUUSD|5|1|1|1748841300|1748843400;MSZZ|XAUUSD|5|1|-1|1748846100|1748847000;MSZZ|XAUUSD|5|1|-1|1748846100|1748847000;2.2807142857;2.2807142857;1.0155000000;1.0155000000;8.1400000000;8.1400000000;PASS
2025.06.04 10:35:00;1;SHORT;MSZZSE1|6:XAUUSD|1:5|1:1|2:-1|10:1749033300|40:MSZZ|XAUUSD|5|1|-1|1748846100|1748847000|40:MSZZ|XAUUSD|5|1|-1|1748840100|1748840700|40:MSZZ|XAUUSD|5|1|-1|1748846100|1748847000;MSZZSE1|6:XAUUSD|1:5|1:1|2:-1|10:1749033300|40:MSZZ|XAUUSD|5|1|-1|1748846100|1748847000|40:MSZZ|XAUUSD|5|1|-1|1748840100|1748840700|40:MSZZ|XAUUSD|5|1|-1|1748846100|1748847000;MSZZ|XAUUSD|5|1|-1|1748840100|1748840700;MSZZ|XAUUSD|5|1|-1|1748846100|1748847000;3363.5095000000;3363.5095000000;3363.6060000000;3363.6060000000;MSZZ|XAUUSD|5|1|1|1748841300|1748843400;MSZZ|XAUUSD|5|1|1|1748841300|1748843400;MSZZ|XAUUSD|5|1|-1|1748846100|1748847000;MSZZ|XAUUSD|5|1|-1|1748846100|1748847000;2.6207142857;2.6207142857;2.0960000000;2.0960000000;8.1400000000;8.1400000000;PASS
2025.06.04 18:35:00;1;SHORT;MSZZSE1|6:XAUUSD|1:5|1:1|2:-1|10:1749062100|40:MSZZ|XAUUSD|5|1|-1|1748846100|1748847000|40:MSZZ|XAUUSD|5|1|-1|1748840100|1748840700|40:MSZZ|XAUUSD|5|1|-1|1748846100|1748847000;MSZZSE1|6:XAUUSD|1:5|1:1|2:-1|10:1749062100|40:MSZZ|XAUUSD|5|1|-1|1748846100|1748847000|40:MSZZ|XAUUSD|5|1|-1|1748840100|1748840700|40:MSZZ|XAUUSD|5|1|-1|1748846100|1748847000;MSZZ|XAUUSD|5|1|-1|1748840100|1748840700;MSZZ|XAUUSD|5|1|-1|1748846100|1748847000;3372.7735000000;3372.7735000000;3372.8700000000;3372.8700000000;MSZZ|XAUUSD|5|1|1|1748841300|1748843400;MSZZ|XAUUSD|5|1|1|1748841300|1748843400;MSZZ|XAUUSD|5|1|-1|1748846100|1748847000;MSZZ|XAUUSD|5|1|-1|1748846100|1748847000;4.1035714286;4.1035714286;2.5700000000;2.5700000000;8.1400000000;8.1400000000;PASS
2025.06.04 18:50:00;1;SHORT;MSZZSE1|6:XAUUSD|1:5|1:1|2:-1|10:1749063000|40:MSZZ|XAUUSD|5|1|-1|1748846100|1748847000|40:MSZZ|XAUUSD|5|1|-1|1748840100|1748840700|40:MSZZ|XAUUSD|5|1|-1|1748846100|1748847000;MSZZSE1|6:XAUUSD|1:5|1:1|2:-1|10:1749063000|40:MSZZ|XAUUSD|5|1|-1|1748846100|1748847000|40:MSZZ|XAUUSD|5|1|-1|1748840100|1748840700|40:MSZZ|XAUUSD|5|1|-1|1748846100|1748847000;MSZZ|XAUUSD|5|1|-1|1748840100|1748840700;MSZZ|XAUUSD|5|1|-1|1748846100|1748847000;3373.0630000000;3373.0630000000;3373.1595000000;3373.1595000000;MSZZ|XAUUSD|5|1|1|1748841300|1748843400;MSZZ|XAUUSD|5|1|1|1748841300|1748843400;MSZZ|XAUUSD|5|1|-1|1748846100|1748847000;MSZZ|XAUUSD|5|1|-1|1748846100|1748847000;3.3321428571;3.3321428571;0.8995000000;0.8995000000;8.1400000000;8.1400000000;PASS
2025.06.04 19:05:00;1;SHORT;MSZZSE1|6:XAUUSD|1:5|1:1|2:-1|10:1749063900|40:MSZZ|XAUUSD|5|1|-1|1748846100|1748847000|40:MSZZ|XAUUSD|5|1|-1|1748840100|1748840700|40:MSZZ|XAUUSD|5|1|-1|1748846100|1748847000;MSZZSE1|6:XAUUSD|1:5|1:1|2:-1|10:1749063900|40:MSZZ|XAUUSD|5|1|-1|1748846100|1748847000|40:MSZZ|XAUUSD|5|1|-1|1748840100|1748840700|40:MSZZ|XAUUSD|5|1|-1|1748846100|1748847000;MSZZ|XAUUSD|5|1|-1|1748840100|1748840700;MSZZ|XAUUSD|5|1|-1|1748846100|1748847000;3373.3525000000;3373.3525000000;3373.4490000000;3373.4490000000;MSZZ|XAUUSD|5|1|1|1748841300|1748843400;MSZZ|XAUUSD|5|1|1|1748841300|1748843400;MSZZ|XAUUSD|5|1|-1|1748846100|1748847000;MSZZ|XAUUSD|5|1|-1|1748846100|1748847000;3.0257142857;3.0257142857;0.2390000000;0.2390000000;8.1400000000;8.1400000000;PASS
2025.06.04 19:35:00;1;SHORT;MSZZSE1|6:XAUUSD|1:5|1:1|2:-1|10:1749065700|40:MSZZ|XAUUSD|5|1|-1|1748846100|1748847000|40:MSZZ|XAUUSD|5|1|-1|1748840100|1748840700|40:MSZZ|XAUUSD|5|1|-1|1748846100|1748847000;MSZZSE1|6:XAUUSD|1:5|1:1|2:-1|10:1749065700|40:MSZZ|XAUUSD|5|1|-1|1748846100|1748847000|40:MSZZ|XAUUSD|5|1|-1|1748840100|1748840700|40:MSZZ|XAUUSD|5|1|-1|1748846100|1748847000;MSZZ|XAUUSD|5|1|-1|1748840100|1748840700;MSZZ|XAUUSD|5|1|-1|1748846100|1748847000;3373.9315000000;3373.9315000000;3374.0280000000;3374.0280000000;MSZZ|XAUUSD|5|1|1|1748841300|1748843400;MSZZ|XAUUSD|5|1|1|1748841300|1748843400;MSZZ|XAUUSD|5|1|-1|1748846100|1748847000;MSZZ|XAUUSD|5|1|-1|1748846100|1748847000;2.4514285714;2.4514285714;0.3380000000;0.3380000000;8.1400000000;8.1400000000;PASS
2025.06.04 20:00:00;1;SHORT;MSZZSE1|6:XAUUSD|1:5|1:1|2:-1|10:1749067200|40:MSZZ|XAUUSD|5|1|-1|1748846100|1748847000|40:MSZZ|XAUUSD|5|1|-1|1748840100|1748840700|40:MSZZ|XAUUSD|5|1|-1|1748846100|1748847000;MSZZSE1|6:XAUUSD|1:5|1:1|2:-1|10:1749067200|40:MSZZ|XAUUSD|5|1|-1|1748846100|1748847000|40:MSZZ|XAUUSD|5|1|-1|1748840100|1748840700|40:MSZZ|XAUUSD|5|1|-1|1748846100|1748847000;MSZZ|XAUUSD|5|1|-1|1748840100|1748840700;MSZZ|XAUUSD|5|1|-1|1748846100|1748847000;3374.4140000000;3374.4140000000;3374.5105000000;3374.5105000000;MSZZ|XAUUSD|5|1|1|1748841300|1748843400;MSZZ|XAUUSD|5|1|1|1748841300|1748843400;MSZZ|XAUUSD|5|1|-1|1748846100|1748847000;MSZZ|XAUUSD|5|1|-1|1748846100|1748847000;2.1342857143;2.1342857143;0.9705000000;0.9705000000;8.1400000000;8.1400000000;PASS
2025.06.04 20:20:00;1;SHORT;MSZZSE1|6:XAUUSD|1:5|1:1|2:-1|10:1749068400|40:MSZZ|XAUUSD|5|1|-1|1748846100|1748847000|40:MSZZ|XAUUSD|5|1|-1|1748840100|1748840700|40:MSZZ|XAUUSD|5|1|-1|1748846100|1748847000;MSZZSE1|6:XAUUSD|1:5|1:1|2:-1|10:1749068400|40:MSZZ|XAUUSD|5|1|-1|1748846100|1748847000|40:MSZZ|XAUUSD|5|1|-1|1748840100|1748840700|40:MSZZ|XAUUSD|5|1|-1|1748846100|1748847000;MSZZ|XAUUSD|5|1|-1|1748840100|1748840700;MSZZ|XAUUSD|5|1|-1|1748846100|1748847000;3374.8000000000;3374.8000000000;3374.8965000000;3374.8965000000;MSZZ|XAUUSD|5|1|1|1748841300|1748843400;MSZZ|XAUUSD|5|1|1|1748841300|1748843400;MSZZ|XAUUSD|5|1|-1|1748846100|1748847000;MSZZ|XAUUSD|5|1|-1|1748846100|1748847000;1.8828571429;1.8828571429;0.6465000000;0.6465000000;8.1400000000;8.1400000000;PASS
2025.06.04 21:45:00;1;SHORT;MSZZSE1|6:XAUUSD|1:5|1:1|2:-1|10:1749073500|40:MSZZ|XAUUSD|5|1|-1|1748846100|1748847000|40:MSZZ|XAUUSD|5|1|-1|1748840100|1748840700|40:MSZZ|XAUUSD|5|1|-1|1748846100|1748847000;MSZZSE1|6:XAUUSD|1:5|1:1|2:-1|10:1749073500|40:MSZZ|XAUUSD|5|1|-1|1748846100|1748847000|40:MSZZ|XAUUSD|5|1|-1|1748840100|1748840700|40:MSZZ|XAUUSD|5|1|-1|1748846100|1748847000;MSZZ|XAUUSD|5|1|-1|1748840100|1748840700;MSZZ|XAUUSD|5|1|-1|1748846100|1748847000;3376.4405000000;3376.4405000000;3376.5370000000;3376.5370000000;MSZZ|XAUUSD|5|1|1|1748841300|1748843400;MSZZ|XAUUSD|5|1|1|1748841300|1748843400;MSZZ|XAUUSD|5|1|-1|1748846100|1748847000;MSZZ|XAUUSD|5|1|-1|1748846100|1748847000;1.5957142857;1.5957142857;1.1770000000;1.1770000000;8.1400000000;8.1400000000;PASS
2025.06.05 14:25:00;1;SHORT;MSZZSE1|6:XAUUSD|1:5|1:1|2:-1|10:1749133500|40:MSZZ|XAUUSD|5|1|-1|1748846100|1748847000|40:MSZZ|XAUUSD|5|1|-1|1748840100|1748840700|40:MSZZ|XAUUSD|5|1|-1|1748846100|1748847000;MSZZSE1|6:XAUUSD|1:5|1:1|2:-1|10:1749133500|40:MSZZ|XAUUSD|5|1|-1|1748846100|1748847000|40:MSZZ|XAUUSD|5|1|-1|1748840100|1748840700|40:MSZZ|XAUUSD|5|1|-1|1748846100|1748847000;MSZZ|XAUUSD|5|1|-1|1748840100|1748840700;MSZZ|XAUUSD|5|1|-1|1748846100|1748847000;3395.7405000000;3395.7405000000;3395.8370000000;3395.8370000000;MSZZ|XAUUSD|5|1|1|1748841300|1748843400;MSZZ|XAUUSD|5|1|1|1748841300|1748843400;MSZZ|XAUUSD|5|1|-1|1748846100|1748847000;MSZZ|XAUUSD|5|1|-1|1748846100|1748847000;3.4000000000;3.4000000000;0.5670000000;0.5670000000;8.1400000000;8.1400000000;PASS
2025.06.05 15:35:00;1;SHORT;MSZZSE1|6:XAUUSD|1:5|1:1|2:-1|10:1749137700|40:MSZZ|XAUUSD|5|1|-1|1748846100|1748847000|40:MSZZ|XAUUSD|5|1|-1|1748840100|1748840700|40:MSZZ|XAUUSD|5|1|-1|1748846100|1748847000;MSZZSE1|6:XAUUSD|1:5|1:1|2:-1|10:1749137700|40:MSZZ|XAUUSD|5|1|-1|1748846100|1748847000|40:MSZZ|XAUUSD|5|1|-1|1748840100|1748840700|40:MSZZ|XAUUSD|5|1|-1|1748846100|1748847000;MSZZ|XAUUSD|5|1|-1|1748840100|1748840700;MSZZ|XAUUSD|5|1|-1|1748846100|1748847000;3397.0915000000;3397.0915000000;3397.1880000000;3397.1880000000;MSZZ|XAUUSD|5|1|1|1748841300|1748843400;MSZZ|XAUUSD|5|1|1|1748841300|1748843400;MSZZ|XAUUSD|5|1|-1|1748846100|1748847000;MSZZ|XAUUSD|5|1|-1|1748846100|1748847000;3.6564285714;3.6564285714;4.4480000000;4.4480000000;8.1400000000;8.1400000000;PASS
2025.06.06 22:45:00;1;SHORT;MSZZSE1|6:XAUUSD|1:5|1:1|2:-1|10:1749249900|40:MSZZ|XAUUSD|5|1|-1|1749244200|1749244200|40:MSZZ|XAUUSD|5|1|-1|1748846100|1748847000|40:MSZZ|XAUUSD|5|1|-1|1749244200|1749244200;MSZZSE1|6:XAUUSD|1:5|1:1|2:-1|10:1749249900|40:MSZZ|XAUUSD|5|1|-1|1749244200|1749244200|40:MSZZ|XAUUSD|5|1|-1|1748846100|1748847000|40:MSZZ|XAUUSD|5|1|-1|1749244200|1749244200;MSZZ|XAUUSD|5|1|-1|1748846100|1748847000;MSZZ|XAUUSD|5|1|-1|1749244200|1749244200;3313.8702562170;3313.8702562170;3313.8780482291;3313.8780482291;MSZZ|XAUUSD|5|1|1|1748850900|1748850900;MSZZ|XAUUSD|5|1|1|1748850900|1748850900;MSZZ|XAUUSD|5|1|-1|1749244200|1749244200;MSZZ|XAUUSD|5|1|-1|1749244200|1749244200;2.0014285714;2.0014285714;0.2980482291;0.2980482291;5.1300000000;5.1300000000;PASS
2025.06.09 03:40:00;1;SHORT;MSZZSE1|6:XAUUSD|1:5|1:1|2:-1|10:1749440400|40:MSZZ|XAUUSD|5|1|-1|1749438900|1749438900|40:MSZZ|XAUUSD|5|1|-1|1749433800|1749434400|40:MSZZ|XAUUSD|5|1|-1|1749438900|1749438900;MSZZSE1|6:XAUUSD|1:5|1:1|2:-1|10:1749440400|40:MSZZ|XAUUSD|5|1|-1|1749438900|1749438900|40:MSZZ|XAUUSD|5|1|-1|1749433800|1749434400|40:MSZZ|XAUUSD|5|1|-1|1749438900|1749438900;MSZZ|XAUUSD|5|1|-1|1749433800|1749434400;MSZZ|XAUUSD|5|1|-1|1749438900|1749438900;3304.8300000000;3304.8300000000;3304.6200000000;3304.6200000000;MSZZ|XAUUSD|5|1|1|1749438000|1749438300;MSZZ|XAUUSD|5|1|1|1749438000|1749438300;MSZZ|XAUUSD|5|1|-1|1749438900|1749438900;MSZZ|XAUUSD|5|1|-1|1749438900|1749438900;3.3850000000;3.3850000000;1.7600000000;1.7600000000;16.9100000000;16.9100000000;PASS
2025.06.09 04:00:00;1;LONG;MSZZSE1|6:XAUUSD|1:5|1:1|1:1|10:1749441600|39:MSZZ|XAUUSD|5|1|1|1749439800|1749440400|39:MSZZ|XAUUSD|5|1|1|1749438000|1749438300|39:MSZZ|XAUUSD|5|1|1|1749439800|1749440400;MSZZSE1|6:XAUUSD|1:5|1:1|1:1|10:1749441600|39:MSZZ|XAUUSD|5|1|1|1749439800|1749440400|39:MSZZ|XAUUSD|5|1|1|1749438000|1749438300|39:MSZZ|XAUUSD|5|1|1|1749439800|1749440400;MSZZ|XAUUSD|5|1|1|1749438000|1749438300;MSZZ|XAUUSD|5|1|1|1749439800|1749440400;3306.3483333333;3306.3483333333;3305.2300000000;3305.2300000000;MSZZ|XAUUSD|5|1|-1|1749438900|1749438900;MSZZ|XAUUSD|5|1|-1|1749438900|1749438900;MSZZ|XAUUSD|5|1|1|1749439800|1749440400;MSZZ|XAUUSD|5|1|1|1749439800|1749440400;4.1185714286;4.1185714286;2.6000000000;2.6000000000;6.2700000000;6.2700000000;PASS
2025.06.09 05:20:00;1;LONG;MSZZSE1|6:XAUUSD|1:5|1:1|1:1|10:1749446400|39:MSZZ|XAUUSD|5|1|1|1749441900|1749444900|39:MSZZ|XAUUSD|5|1|1|1749439800|1749440400|39:MSZZ|XAUUSD|5|1|1|1749441900|1749444900;MSZZSE1|6:XAUUSD|1:5|1:1|1:1|10:1749446400|39:MSZZ|XAUUSD|5|1|1|1749441900|1749444900|39:MSZZ|XAUUSD|5|1|1|1749439800|1749440400|39:MSZZ|XAUUSD|5|1|1|1749441900|1749444900;MSZZ|XAUUSD|5|1|1|1749439800|1749440400;MSZZ|XAUUSD|5|1|1|1749441900|1749444900;3304.2300000000;3304.2300000000;3303.8628571429;3303.8628571429;MSZZ|XAUUSD|5|1|-1|1749440700|1749441300;MSZZ|XAUUSD|5|1|-1|1749440700|1749441300;MSZZ|XAUUSD|5|1|1|1749441900|1749444900;MSZZ|XAUUSD|5|1|1|1749441900|1749444900;4.1150000000;4.1150000000;0.7471428571;0.7471428571;11.1600000000;11.1600000000;PASS
2025.06.09 05:30:00;1;LONG;MSZZSE1|6:XAUUSD|1:5|1:1|1:1|10:1749447000|39:MSZZ|XAUUSD|5|1|1|1749441900|1749444900|39:MSZZ|XAUUSD|5|1|1|1749439800|1749440400|39:MSZZ|XAUUSD|5|1|1|1749441900|1749444900;MSZZSE1|6:XAUUSD|1:5|1:1|1:1|10:1749447000|39:MSZZ|XAUUSD|5|1|1|1749441900|1749444900|39:MSZZ|XAUUSD|5|1|1|1749439800|1749440400|39:MSZZ|XAUUSD|5|1|1|1749441900|1749444900;MSZZ|XAUUSD|5|1|1|1749439800|1749440400;MSZZ|XAUUSD|5|1|1|1749441900|1749444900;3303.4957142857;3303.4957142857;3303.1285714286;3303.1285714286;MSZZ|XAUUSD|5|1|-1|1749440700|1749441300;MSZZ|XAUUSD|5|1|-1|1749440700|1749441300;MSZZ|XAUUSD|5|1|1|1749441900|1749444900;MSZZ|XAUUSD|5|1|1|1749441900|1749444900;4.2450000000;4.2450000000;1.1314285714;1.1314285714;11.1600000000;11.1600000000;PASS
2025.06.09 08:40:00;1;LONG;MSZZSE1|6:XAUUSD|1:5|1:1|1:1|10:1749458400|39:MSZZ|XAUUSD|5|1|1|1749454800|1749456000|39:MSZZ|XAUUSD|5|1|1|1749441900|1749444900|39:MSZZ|XAUUSD|5|1|1|1749454800|1749456000;MSZZSE1|6:XAUUSD|1:5|1:1|1:1|10:1749458400|39:MSZZ|XAUUSD|5|1|1|1749454800|1749456000|39:MSZZ|XAUUSD|5|1|1|1749441900|1749444900|39:MSZZ|XAUUSD|5|1|1|1749454800|1749456000;MSZZ|XAUUSD|5|1|1|1749441900|1749444900;MSZZ|XAUUSD|5|1|1|1749454800|1749456000;3314.4811627907;3314.4811627907;3314.5758139535;3314.5758139535;MSZZ|XAUUSD|5|1|-1|1749445200|1749446400;MSZZ|XAUUSD|5|1|-1|1749445200|1749446400;MSZZ|XAUUSD|5|1|1|1749454800|1749456000;MSZZ|XAUUSD|5|1|1|1749454800|1749456000;1.8835714286;1.8835714286;0.8141860465;0.8141860465;21.8200000000;21.8200000000;PASS
2025.06.09 09:00:00;1;SHORT;MSZZSE1|6:XAUUSD|1:5|1:1|2:-1|10:1749459600|40:MSZZ|XAUUSD|5|1|-1|1749456300|1749458100|40:MSZZ|XAUUSD|5|1|-1|1749445200|1749446400|40:MSZZ|XAUUSD|5|1|-1|1749456300|1749458100;MSZZSE1|6:XAUUSD|1:5|1:1|2:-1|10:1749459600|40:MSZZ|XAUUSD|5|1|-1|1749456300|1749458100|40:MSZZ|XAUUSD|5|1|-1|1749445200|1749446400|40:MSZZ|XAUUSD|5|1|-1|1749456300|1749458100;MSZZ|XAUUSD|5|1|-1|1749445200|1749446400;MSZZ|XAUUSD|5|1|-1|1749456300|1749458100;3313.8662162162;3313.8662162162;3314.2978378378;3314.2978378378;MSZZ|XAUUSD|5|1|1|1749454800|1749456000;MSZZ|XAUUSD|5|1|1|1749454800|1749456000;MSZZ|XAUUSD|5|1|-1|1749456300|1749458100;MSZZ|XAUUSD|5|1|-1|1749456300|1749458100;1.9157142857;1.9157142857;0.9378378378;0.9378378378;3.8900000000;3.8900000000;PASS
2025.06.09 09:05:00;1;LONG;MSZZSE1|6:XAUUSD|1:5|1:1|1:1|10:1749459900|39:MSZZ|XAUUSD|5|1|1|1749454800|1749456000|39:MSZZ|XAUUSD|5|1|1|1749441900|1749444900|39:MSZZ|XAUUSD|5|1|1|1749454800|1749456000;MSZZSE1|6:XAUUSD|1:5|1:1|1:1|10:1749459900|39:MSZZ|XAUUSD|5|1|1|1749454800|1749456000|39:MSZZ|XAUUSD|5|1|1|1749441900|1749444900|39:MSZZ|XAUUSD|5|1|1|1749454800|1749456000;MSZZ|XAUUSD|5|1|1|1749441900|1749444900;MSZZ|XAUUSD|5|1|1|1749454800|1749456000;3314.9544186047;3314.9544186047;3315.0490697674;3315.0490697674;MSZZ|XAUUSD|5|1|-1|1749445200|1749446400;MSZZ|XAUUSD|5|1|-1|1749445200|1749446400;MSZZ|XAUUSD|5|1|1|1749454800|1749456000;MSZZ|XAUUSD|5|1|1|1749454800|1749456000;2.1635714286;2.1635714286;0.4709302326;0.4709302326;22.9800000000;22.9800000000;PASS
2025.06.09 11:10:00;1;SHORT;MSZZSE1|6:XAUUSD|1:5|1:1|2:-1|10:1749467400|40:MSZZ|XAUUSD|5|1|-1|1749465600|1749465900|40:MSZZ|XAUUSD|5|1|-1|1749456300|1749458100|40:MSZZ|XAUUSD|5|1|-1|1749465600|1749465900;MSZZSE1|6:XAUUSD|1:5|1:1|2:-1|10:1749467400|40:MSZZ|XAUUSD|5|1|-1|1749465600|1749465900|40:MSZZ|XAUUSD|5|1|-1|1749456300|1749458100|40:MSZZ|XAUUSD|5|1|-1|1749465600|1749465900;MSZZ|XAUUSD|5|1|-1|1749456300|1749458100;MSZZ|XAUUSD|5|1|-1|1749465600|1749465900;3323.6829032258;3323.6829032258;3324.0754838710;3324.0754838710;MSZZ|XAUUSD|5|1|1|1749464400|1749465000;MSZZ|XAUUSD|5|1|1|1749464400|1749465000;MSZZ|XAUUSD|5|1|-1|1749465600|1749465900;MSZZ|XAUUSD|5|1|-1|1749465600|1749465900;2.4671428571;2.4671428571;0.6054838710;0.6054838710;6.8200000000;6.8200000000;PASS
2025.06.09 19:20:00;1;LONG;MSZZSE1|6:XAUUSD|1:5|1:1|1:1|10:1749496800|39:MSZZ|XAUUSD|5|1|1|1749494400|1749495600|39:MSZZ|XAUUSD|5|1|1|1749464400|1749465000|39:MSZZ|XAUUSD|5|1|1|1749494400|1749495600;MSZZSE1|6:XAUUSD|1:5|1:1|1:1|10:1749496800|39:MSZZ|XAUUSD|5|1|1|1749494400|1749495600|39:MSZZ|XAUUSD|5|1|1|1749464400|1749465000|39:MSZZ|XAUUSD|5|1|1|1749494400|1749495600;MSZZ|XAUUSD|5|1|1|1749464400|1749465000;MSZZ|XAUUSD|5|1|1|1749494400|1749495600;3332.3064000000;3332.3064000000;3332.3416000000;3332.3416000000;MSZZ|XAUUSD|5|1|-1|1749465600|1749465900;MSZZ|XAUUSD|5|1|-1|1749465600|1749465900;MSZZ|XAUUSD|5|1|1|1749494400|1749495600;MSZZ|XAUUSD|5|1|1|1749494400|1749495600;2.3114285714;2.3114285714;1.9084000000;1.9084000000;12.6800000000;12.6800000000;PASS
2025.06.09 21:30:00;1;SHORT;MSZZSE1|6:XAUUSD|1:5|1:1|2:-1|10:1749504600|40:MSZZ|XAUUSD|5|1|-1|1749501000|1749504000|40:MSZZ|XAUUSD|5|1|-1|1749495600|1749496500|40:MSZZ|XAUUSD|5|1|-1|1749501000|1749504000;MSZZSE1|6:XAUUSD|1:5|1:1|2:-1|10:1749504600|40:MSZZ|XAUUSD|5|1|-1|1749501000|1749504000|40:MSZZ|XAUUSD|5|1|-1|1749495600|1749496500|40:MSZZ|XAUUSD|5|1|-1|1749501000|1749504000;MSZZ|XAUUSD|5|1|-1|1749495600|1749496500;MSZZ|XAUUSD|5|1|-1|1749501000|1749504000;3336.2683333333;3336.2683333333;3336.5700000000;3336.5700000000;MSZZ|XAUUSD|5|1|1|1749499200|1749500100;MSZZ|XAUUSD|5|1|1|1749499200|1749500100;MSZZ|XAUUSD|5|1|-1|1749501000|1749504000;MSZZ|XAUUSD|5|1|-1|1749501000|1749504000;1.4942857143;1.4942857143;0.5600000000;0.5600000000;5.2400000000;5.2400000000;PASS
2025.06.09 22:25:00;1;SHORT;MSZZSE1|6:XAUUSD|1:5|1:1|2:-1|10:1749507900|40:MSZZ|XAUUSD|5|1|-1|1749505800|1749507000|40:MSZZ|XAUUSD|5|1|-1|1749501000|1749504000|40:MSZZ|XAUUSD|5|1|-1|1749505800|1749507000;MSZZSE1|6:XAUUSD|1:5|1:1|2:-1|10:1749507900|40:MSZZ|XAUUSD|5|1|-1|1749505800|1749507000|40:MSZZ|XAUUSD|5|1|-1|1749501000|1749504000|40:MSZZ|XAUUSD|5|1|-1|1749505800|1749507000;MSZZ|XAUUSD|5|1|-1|1749501000|1749504000;MSZZ|XAUUSD|5|1|-1|1749505800|1749507000;3332.7025000000;3332.7025000000;3332.6912500000;3332.6912500000;MSZZ|XAUUSD|5|1|1|1749504600|1749505200;MSZZ|XAUUSD|5|1|1|1749504600|1749505200;MSZZ|XAUUSD|5|1|-1|1749505800|1749507000;MSZZ|XAUUSD|5|1|-1|1749505800|1749507000;1.3421428571;1.3421428571;1.3112500000;1.3112500000;5.8200000000;5.8200000000;PASS
2025.06.10 03:10:00;1;LONG;MSZZSE1|6:XAUUSD|1:5|1:1|1:1|10:1749525000|39:MSZZ|XAUUSD|5|1|1|1749507000|1749507900|39:MSZZ|XAUUSD|5|1|1|1749504600|1749505200|39:MSZZ|XAUUSD|5|1|1|1749507000|1749507900;MSZZSE1|6:XAUUSD|1:5|1:1|1:1|10:1749525000|39:MSZZ|XAUUSD|5|1|1|1749507000|1749507900|39:MSZZ|XAUUSD|5|1|1|1749504600|1749505200|39:MSZZ|XAUUSD|5|1|1|1749507000|1749507900;MSZZ|XAUUSD|5|1|1|1749504600|1749505200;MSZZ|XAUUSD|5|1|1|1749507000|1749507900;3323.0600000000;3323.0600000000;3322.8500000000;3322.8500000000;MSZZ|XAUUSD|5|1|-1|1749505800|1749507000;MSZZ|XAUUSD|5|1|-1|1749505800|1749507000;MSZZ|XAUUSD|5|1|1|1749507000|1749507900;MSZZ|XAUUSD|5|1|1|1749507000|1749507900;1.7428571429;1.7428571429;0.6200000000;0.6200000000;2.6800000000;2.6800000000;PASS
2025.06.10 08:05:00;1;LONG;MSZZSE1|6:XAUUSD|1:5|1:1|1:1|10:1749542700|39:MSZZ|XAUUSD|5|1|1|1749507000|1749507900|39:MSZZ|XAUUSD|5|1|1|1749504600|1749505200|39:MSZZ|XAUUSD|5|1|1|1749507000|1749507900;MSZZSE1|6:XAUUSD|1:5|1:1|1:1|10:1749542700|39:MSZZ|XAUUSD|5|1|1|1749507000|1749507900|39:MSZZ|XAUUSD|5|1|1|1749504600|1749505200|39:MSZZ|XAUUSD|5|1|1|1749507000|1749507900;MSZZ|XAUUSD|5|1|1|1749504600|1749505200;MSZZ|XAUUSD|5|1|1|1749507000|1749507900;3310.6700000000;3310.6700000000;3310.4600000000;3310.4600000000;MSZZ|XAUUSD|5|1|-1|1749505800|1749507000;MSZZ|XAUUSD|5|1|-1|1749505800|1749507000;MSZZ|XAUUSD|5|1|1|1749507000|1749507900;MSZZ|XAUUSD|5|1|1|1749507000|1749507900;1.9628571429;1.9628571429;0.3900000000;0.3900000000;2.6800000000;2.6800000000;PASS
2025.06.10 10:30:00;1;LONG;MSZZSE1|6:XAUUSD|1:5|1:1|1:1|10:1749551400|39:MSZZ|XAUUSD|5|1|1|1749548100|1749550800|39:MSZZ|XAUUSD|5|1|1|1749507000|1749507900|39:MSZZ|XAUUSD|5|1|1|1749548100|1749550800;MSZZSE1|6:XAUUSD|1:5|1:1|1:1|10:1749551400|39:MSZZ|XAUUSD|5|1|1|1749548100|1749550800|39:MSZZ|XAUUSD|5|1|1|1749507000|1749507900|39:MSZZ|XAUUSD|5|1|1|1749548100|1749550800;MSZZ|XAUUSD|5|1|1|1749507000|1749507900;MSZZ|XAUUSD|5|1|1|1749548100|1749550800;3330.9970802920;3330.9970802920;3330.9667883212;3330.9667883212;MSZZ|XAUUSD|5|1|-1|1749509700|1749510300;MSZZ|XAUUSD|5|1|-1|1749509700|1749510300;MSZZ|XAUUSD|5|1|1|1749548100|1749550800;MSZZ|XAUUSD|5|1|1|1749548100|1749550800;3.2514285714;3.2514285714;0.2432116788;0.2432116788;6.0500000000;6.0500000000;PASS
2025.06.10 11:10:00;1;LONG;MSZZSE1|6:XAUUSD|1:5|1:1|1:1|10:1749553800|39:MSZZ|XAUUSD|5|1|1|1749548100|1749550800|39:MSZZ|XAUUSD|5|1|1|1749507000|1749507900|39:MSZZ|XAUUSD|5|1|1|1749548100|1749550800;MSZZSE1|6:XAUUSD|1:5|1:1|1:1|10:1749553800|39:MSZZ|XAUUSD|5|1|1|1749548100|1749550800|39:MSZZ|XAUUSD|5|1|1|1749507000|1749507900|39:MSZZ|XAUUSD|5|1|1|1749548100|1749550800;MSZZ|XAUUSD|5|1|1|1749507000|1749507900;MSZZ|XAUUSD|5|1|1|1749548100|1749550800;3330.7547445255;3330.7547445255;3330.7244525547;3330.7244525547;MSZZ|XAUUSD|5|1|-1|1749509700|1749510300;MSZZ|XAUUSD|5|1|-1|1749509700|1749510300;MSZZ|XAUUSD|5|1|1|1749548100|1749550800;MSZZ|XAUUSD|5|1|1|1749548100|1749550800;3.0578571429;3.0578571429;1.3155474453;1.3155474453;6.8000000000;6.8000000000;PASS
2025.06.10 12:50:00;1;SHORT;MSZZSE1|6:XAUUSD|1:5|1:1|2:-1|10:1749559800|40:MSZZ|XAUUSD|5|1|-1|1749555900|1749557700|40:MSZZ|XAUUSD|5|1|-1|1749551100|1749551400|40:MSZZ|XAUUSD|5|1|-1|1749555900|1749557700;MSZZSE1|6:XAUUSD|1:5|1:1|2:-1|10:1749559800|40:MSZZ|XAUUSD|5|1|-1|1749555900|1749557700|40:MSZZ|XAUUSD|5|1|-1|1749551100|1749551400|40:MSZZ|XAUUSD|5|1|-1|1749555900|1749557700;MSZZ|XAUUSD|5|1|-1|1749551100|1749551400;MSZZ|XAUUSD|5|1|-1|1749555900|1749557700;3327.7950000000;3327.7950000000;3327.9287500000;3327.9287500000;MSZZ|XAUUSD|5|1|1|1749554100|1749555000;MSZZ|XAUUSD|5|1|1|1749554100|1749555000;MSZZ|XAUUSD|5|1|-1|1749555900|1749557700;MSZZ|XAUUSD|5|1|-1|1749555900|1749557700;1.7364285714;1.7364285714;0.0887500000;0.0887500000;8.6600000000;8.6600000000;PASS
2025.06.10 13:15:00;1;LONG;MSZZSE1|6:XAUUSD|1:5|1:1|1:1|10:1749561300|39:MSZZ|XAUUSD|5|1|1|1749558000|1749558600|39:MSZZ|XAUUSD|5|1|1|1749554100|1749555000|39:MSZZ|XAUUSD|5|1|1|1749558000|1749558600;MSZZSE1|6:XAUUSD|1:5|1:1|1:1|10:1749561300|39:MSZZ|XAUUSD|5|1|1|1749558000|1749558600|39:MSZZ|XAUUSD|5|1|1|1749554100|1749555000|39:MSZZ|XAUUSD|5|1|1|1749558000|1749558600;MSZZ|XAUUSD|5|1|1|1749554100|1749555000;MSZZ|XAUUSD|5|1|1|1749558000|1749558600;3329.4361538462;3329.4361538462;3329.2007692308;3329.2007692308;MSZZ|XAUUSD|5|1|-1|1749555900|1749557700;MSZZ|XAUUSD|5|1|-1|1749555900|1749557700;MSZZ|XAUUSD|5|1|1|1749558000|1749558600;MSZZ|XAUUSD|5|1|1|1749558000|1749558600;1.6657142857;1.6657142857;1.0892307692;1.0892307692;5.6000000000;5.6000000000;PASS
2025.06.10 13:35:00;1;LONG;MSZZSE1|6:XAUUSD|1:5|1:1|1:1|10:1749562500|39:MSZZ|XAUUSD|5|1|1|1749561600|1749561600|39:MSZZ|XAUUSD|5|1|1|1749558000|1749558600|39:MSZZ|XAUUSD|5|1|1|1749561600|1749561600;MSZZSE1|6:XAUUSD|1:5|1:1|1:1|10:1749562500|39:MSZZ|XAUUSD|5|1|1|1749561600|1749561600|39:MSZZ|XAUUSD|5|1|1|1749558000|1749558600|39:MSZZ|XAUUSD|5|1|1|1749561600|1749561600;MSZZ|XAUUSD|5|1|1|1749558000|1749558600;MSZZ|XAUUSD|5|1|1|1749561600|1749561600;3334.1350000000;3334.1350000000;3334.3025000000;3334.3025000000;MSZZ|XAUUSD|5|1|-1|1749559800|1749561300;MSZZ|XAUUSD|5|1|-1|1749559800|1749561300;MSZZ|XAUUSD|5|1|1|1749561600|1749561600;MSZZ|XAUUSD|5|1|1|1749561600|1749561600;1.8592857143;1.8592857143;0.5575000000;0.5575000000;7.9800000000;7.9800000000;PASS
2025.06.10 13:50:00;1;LONG;MSZZSE1|6:XAUUSD|1:5|1:1|1:1|10:1749563400|39:MSZZ|XAUUSD|5|1|1|1749561600|1749561600|39:MSZZ|XAUUSD|5|1|1|1749558000|1749558600|39:MSZZ|XAUUSD|5|1|1|1749561600|1749561600;MSZZSE1|6:XAUUSD|1:5|1:1|1:1|10:1749563400|39:MSZZ|XAUUSD|5|1|1|1749561600|1749561600|39:MSZZ|XAUUSD|5|1|1|1749558000|1749558600|39:MSZZ|XAUUSD|5|1|1|1749561600|1749561600;MSZZ|XAUUSD|5|1|1|1749558000|1749558600;MSZZ|XAUUSD|5|1|1|1749561600|1749561600;3334.6375000000;3334.6375000000;3334.8050000000;3334.8050000000;MSZZ|XAUUSD|5|1|-1|1749559800|1749561300;MSZZ|XAUUSD|5|1|-1|1749559800|1749561300;MSZZ|XAUUSD|5|1|1|1749561600|1749561600;MSZZ|XAUUSD|5|1|1|1749561600|1749561600;1.9092857143;1.9092857143;0.1350000000;0.1350000000;8.1600000000;8.1600000000;PASS
2025.06.10 14:05:00;1;LONG;MSZZSE1|6:XAUUSD|1:5|1:1|1:1|10:1749564300|39:MSZZ|XAUUSD|5|1|1|1749561600|1749561600|39:MSZZ|XAUUSD|5|1|1|1749558000|1749558600|39:MSZZ|XAUUSD|5|1|1|1749561600|1749561600;MSZZSE1|6:XAUUSD|1:5|1:1|1:1|10:1749564300|39:MSZZ|XAUUSD|5|1|1|1749561600|1749561600|39:MSZZ|XAUUSD|5|1|1|1749558000|1749558600|39:MSZZ|XAUUSD|5|1|1|1749561600|1749561600;MSZZ|XAUUSD|5|1|1|1749558000|1749558600;MSZZ|XAUUSD|5|1|1|1749561600|1749561600;3335.1400000000;3335.1400000000;3335.3075000000;3335.3075000000;MSZZ|XAUUSD|5|1|-1|1749559800|1749561300;MSZZ|XAUUSD|5|1|-1|1749559800|1749561300;MSZZ|XAUUSD|5|1|1|1749561600|1749561600;MSZZ|XAUUSD|5|1|1|1749561600|1749561600;2.0978571429;2.0978571429;1.4125000000;1.4125000000;10.6800000000;10.6800000000;PASS
2025.06.10 15:10:00;1;SHORT;MSZZSE1|6:XAUUSD|1:5|1:1|2:-1|10:1749568200|40:MSZZ|XAUUSD|5|1|-1|1749559800|1749561300|40:MSZZ|XAUUSD|5|1|-1|1749555900|1749557700|40:MSZZ|XAUUSD|5|1|-1|1749559800|1749561300;MSZZSE1|6:XAUUSD|1:5|1:1|2:-1|10:1749568200|40:MSZZ|XAUUSD|5|1|-1|1749559800|1749561300|40:MSZZ|XAUUSD|5|1|-1|1749555900|1749557700|40:MSZZ|XAUUSD|5|1|-1|1749559800|1749561300;MSZZ|XAUUSD|5|1|-1|1749555900|1749557700;MSZZ|XAUUSD|5|1|-1|1749559800|1749561300;3329.2053846154;3329.2053846154;3329.2807692308;3329.2807692308;MSZZ|XAUUSD|5|1|1|1749558000|1749558600;MSZZ|XAUUSD|5|1|1|1749558000|1749558600;MSZZ|XAUUSD|5|1|-1|1749559800|1749561300;MSZZ|XAUUSD|5|1|-1|1749559800|1749561300;2.7807142857;2.7807142857;0.1407692308;0.1407692308;4.6200000000;4.6200000000;PASS
2025.06.10 15:30:00;1;LONG;MSZZSE1|6:XAUUSD|1:5|1:1|1:1|10:1749569400|39:MSZZ|XAUUSD|5|1|1|1749561600|1749561600|39:MSZZ|XAUUSD|5|1|1|1749558000|1749558600|39:MSZZ|XAUUSD|5|1|1|1749561600|1749561600;MSZZSE1|6:XAUUSD|1:5|1:1|1:1|10:1749569400|39:MSZZ|XAUUSD|5|1|1|1749561600|1749561600|39:MSZZ|XAUUSD|5|1|1|1749558000|1749558600|39:MSZZ|XAUUSD|5|1|1|1749561600|1749561600;MSZZ|XAUUSD|5|1|1|1749558000|1749558600;MSZZ|XAUUSD|5|1|1|1749561600|1749561600;3337.9875000000;3337.9875000000;3338.1550000000;3338.1550000000;MSZZ|XAUUSD|5|1|-1|1749559800|1749561300;MSZZ|XAUUSD|5|1|-1|1749559800|1749561300;MSZZ|XAUUSD|5|1|1|1749561600|1749561600;MSZZ|XAUUSD|5|1|1|1749561600|1749561600;3.0471428571;3.0471428571;0.8850000000;0.8850000000;13.0400000000;13.0400000000;PASS
2025.06.10 15:40:00;1;LONG;MSZZSE1|6:XAUUSD|1:5|1:1|1:1|10:1749570000|39:MSZZ|XAUUSD|5|1|1|1749561600|1749561600|39:MSZZ|XAUUSD|5|1|1|1749558000|1749558600|39:MSZZ|XAUUSD|5|1|1|1749561600|1749561600;MSZZSE1|6:XAUUSD|1:5|1:1|1:1|10:1749570000|39:MSZZ|XAUUSD|5|1|1|1749561600|1749561600|39:MSZZ|XAUUSD|5|1|1|1749558000|1749558600|39:MSZZ|XAUUSD|5|1|1|1749561600|1749561600;MSZZ|XAUUSD|5|1|1|1749558000|1749558600;MSZZ|XAUUSD|5|1|1|1749561600|1749561600;3338.3225000000;3338.3225000000;3338.4900000000;3338.4900000000;MSZZ|XAUUSD|5|1|-1|1749559800|1749561300;MSZZ|XAUUSD|5|1|-1|1749559800|1749561300;MSZZ|XAUUSD|5|1|1|1749561600|1749561600;MSZZ|XAUUSD|5|1|1|1749561600|1749561600;3.1742857143;3.1742857143;0.1200000000;0.1200000000;11.5900000000;11.5900000000;PASS
2025.06.10 16:15:00;1;LONG;MSZZSE1|6:XAUUSD|1:5|1:1|1:1|10:1749572100|39:MSZZ|XAUUSD|5|1|1|1749561600|1749561600|39:MSZZ|XAUUSD|5|1|1|1749558000|1749558600|39:MSZZ|XAUUSD|5|1|1|1749561600|1749561600;MSZZSE1|6:XAUUSD|1:5|1:1|1:1|10:1749572100|39:MSZZ|XAUUSD|5|1|1|1749561600|1749561600|39:MSZZ|XAUUSD|5|1|1|1749558000|1749558600|39:MSZZ|XAUUSD|5|1|1|1749561600|1749561600;MSZZ|XAUUSD|5|1|1|1749558000|1749558600;MSZZ|XAUUSD|5|1|1|1749561600|1749561600;3339.4950000000;3339.4950000000;3339.6625000000;3339.6625000000;MSZZ|XAUUSD|5|1|-1|1749559800|1749561300;MSZZ|XAUUSD|5|1|-1|1749559800|1749561300;MSZZ|XAUUSD|5|1|1|1749561600|1749561600;MSZZ|XAUUSD|5|1|1|1749561600|1749561600;3.0228571429;3.0228571429;0.7175000000;0.7175000000;13.8300000000;13.8300000000;PASS
2025.06.10 17:50:00;1;SHORT;MSZZSE1|6:XAUUSD|1:5|1:1|2:-1|10:1749577800|40:MSZZ|XAUUSD|5|1|-1|1749568500|1749568800|40:MSZZ|XAUUSD|5|1|-1|1749559800|1749561300|40:MSZZ|XAUUSD|5|1|-1|1749568500|1749568800;MSZZSE1|6:XAUUSD|1:5|1:1|2:-1|10:1749577800|40:MSZZ|XAUUSD|5|1|-1|1749568500|1749568800|40:MSZZ|XAUUSD|5|1|-1|1749559800|1749561300|40:MSZZ|XAUUSD|5|1|-1|1749568500|1749568800;MSZZ|XAUUSD|5|1|-1|1749559800|1749561300;MSZZ|XAUUSD|5|1|-1|1749568500|1749568800;3329.3062068966;3329.3062068966;3329.3424137931;3329.3424137931;MSZZ|XAUUSD|5|1|1|1749561600|1749561600;MSZZ|XAUUSD|5|1|1|1749561600|1749561600;MSZZ|XAUUSD|5|1|-1|1749568500|1749568800;MSZZ|XAUUSD|5|1|-1|1749568500|1749568800;4.3978571429;4.3978571429;1.4524137931;1.4524137931;8.3200000000;8.3200000000;PASS
2025.06.10 21:25:00;1;LONG;MSZZSE1|6:XAUUSD|1:5|1:1|1:1|10:1749590700|39:MSZZ|XAUUSD|5|1|1|1749588900|1749590100|39:MSZZ|XAUUSD|5|1|1|1749573900|1749574800|39:MSZZ|XAUUSD|5|1|1|1749588900|1749590100;MSZZSE1|6:XAUUSD|1:5|1:1|1:1|10:1749590700|39:MSZZ|XAUUSD|5|1|1|1749588900|1749590100|39:MSZZ|XAUUSD|5|1|1|1749573900|1749574800|39:MSZZ|XAUUSD|5|1|1|1749588900|1749590100;MSZZ|XAUUSD|5|1|1|1749573900|1749574800;MSZZ|XAUUSD|5|1|1|1749588900|1749590100;3323.4710000000;3323.4710000000;3323.0052000000;3323.0052000000;MSZZ|XAUUSD|5|1|-1|1749585300|1749587400;MSZZ|XAUUSD|5|1|-1|1749585300|1749587400;MSZZ|XAUUSD|5|1|1|1749588900|1749590100;MSZZ|XAUUSD|5|1|1|1749588900|1749590100;1.6592857143;1.6592857143;0.2048000000;0.2048000000;5.7600000000;5.7600000000;PASS
2025.06.10 21:35:00;1;LONG;MSZZSE1|6:XAUUSD|1:5|1:1|1:1|10:1749591300|39:MSZZ|XAUUSD|5|1|1|1749588900|1749590100|39:MSZZ|XAUUSD|5|1|1|1749573900|1749574800|39:MSZZ|XAUUSD|5|1|1|1749588900|1749590100;MSZZSE1|6:XAUUSD|1:5|1:1|1:1|10:1749591300|39:MSZZ|XAUUSD|5|1|1|1749588900|1749590100|39:MSZZ|XAUUSD|5|1|1|1749573900|1749574800|39:MSZZ|XAUUSD|5|1|1|1749588900|1749590100;MSZZ|XAUUSD|5|1|1|1749573900|1749574800;MSZZ|XAUUSD|5|1|1|1749588900|1749590100;3322.5394000000;3322.5394000000;3322.0736000000;3322.0736000000;MSZZ|XAUUSD|5|1|-1|1749585300|1749587400;MSZZ|XAUUSD|5|1|-1|1749585300|1749587400;MSZZ|XAUUSD|5|1|1|1749588900|1749590100;MSZZ|XAUUSD|5|1|1|1749588900|1749590100;1.6600000000;1.6600000000;1.3564000000;1.3564000000;5.7600000000;5.7600000000;PASS
2025.06.10 22:20:00;1;LONG;MSZZSE1|6:XAUUSD|1:5|1:1|1:1|10:1749594000|39:MSZZ|XAUUSD|5|1|1|1749593700|1749593700|39:MSZZ|XAUUSD|5|1|1|1749588900|1749590100|39:MSZZ|XAUUSD|5|1|1|1749593700|1749593700;MSZZSE1|6:XAUUSD|1:5|1:1|1:1|10:1749594000|39:MSZZ|XAUUSD|5|1|1|1749593700|1749593700|39:MSZZ|XAUUSD|5|1|1|1749588900|1749590100|39:MSZZ|XAUUSD|5|1|1|1749593700|1749593700;MSZZ|XAUUSD|5|1|1|1749588900|1749590100;MSZZ|XAUUSD|5|1|1|1749593700|1749593700;3330.3500000000;3330.3500000000;3330.6343750000;3330.6343750000;MSZZ|XAUUSD|5|1|-1|1749592500|1749592800;MSZZ|XAUUSD|5|1|-1|1749592500|1749592800;MSZZ|XAUUSD|5|1|1|1749593700|1749593700;MSZZ|XAUUSD|5|1|1|1749593700|1749593700;2.0750000000;2.0750000000;0.2156250000;0.2156250000;11.5400000000;11.5400000000;PASS
2025.06.11 02:55:00;1;LONG;MSZZSE1|6:XAUUSD|1:5|1:1|1:1|10:1749610500|39:MSZZ|XAUUSD|5|1|1|1749606300|1749607200|39:MSZZ|XAUUSD|5|1|1|1749593700|1749593700|39:MSZZ|XAUUSD|5|1|1|1749606300|1749607200;MSZZSE1|6:XAUUSD|1:5|1:1|1:1|10:1749610500|39:MSZZ|XAUUSD|5|1|1|1749606300|1749607200|39:MSZZ|XAUUSD|5|1|1|1749593700|1749593700|39:MSZZ|XAUUSD|5|1|1|1749606300|1749607200;MSZZ|XAUUSD|5|1|1|1749593700|1749593700;MSZZ|XAUUSD|5|1|1|1749606300|1749607200;3326.5261904762;3326.5261904762;3326.4566666667;3326.4566666667;MSZZ|XAUUSD|5|1|-1|1749603600|1749604200;MSZZ|XAUUSD|5|1|-1|1749603600|1749604200;MSZZ|XAUUSD|5|1|1|1749606300|1749607200;MSZZ|XAUUSD|5|1|1|1749606300|1749607200;2.8535714286;2.8535714286;1.4933333333;1.4933333333;7.2300000000;7.2300000000;PASS
2025.06.11 03:05:00;1;LONG;MSZZSE1|6:XAUUSD|1:5|1:1|1:1|10:1749611100|39:MSZZ|XAUUSD|5|1|1|1749606300|1749607200|39:MSZZ|XAUUSD|5|1|1|1749593700|1749593700|39:MSZZ|XAUUSD|5|1|1|1749606300|1749607200;MSZZSE1|6:XAUUSD|1:5|1:1|1:1|10:1749611100|39:MSZZ|XAUUSD|5|1|1|1749606300|1749607200|39:MSZZ|XAUUSD|5|1|1|1749593700|1749593700|39:MSZZ|XAUUSD|5|1|1|1749606300|1749607200;MSZZ|XAUUSD|5|1|1|1749593700|1749593700;MSZZ|XAUUSD|5|1|1|1749606300|1749607200;3326.3871428571;3326.3871428571;3326.3176190476;3326.3176190476;MSZZ|XAUUSD|5|1|-1|1749603600|1749604200;MSZZ|XAUUSD|5|1|-1|1749603600|1749604200;MSZZ|XAUUSD|5|1|1|1749606300|1749607200;MSZZ|XAUUSD|5|1|1|1749606300|1749607200;3.0992857143;3.0992857143;1.6023809524;1.6023809524;7.7900000000;7.7900000000;PASS
2025.06.11 07:10:00;1;LONG;MSZZSE1|6:XAUUSD|1:5|1:1|1:1|10:1749625800|39:MSZZ|XAUUSD|5|1|1|1749623700|1749625200|39:MSZZ|XAUUSD|5|1|1|1749615900|1749617100|39:MSZZ|XAUUSD|5|1|1|1749623700|1749625200;MSZZSE1|6:XAUUSD|1:5|1:1|1:1|10:1749625800|39:MSZZ|XAUUSD|5|1|1|1749623700|1749625200|39:MSZZ|XAUUSD|5|1|1|1749615900|1749617100|39:MSZZ|XAUUSD|5|1|1|1749623700|1749625200;MSZZ|XAUUSD|5|1|1|1749615900|1749617100;MSZZ|XAUUSD|5|1|1|1749623700|1749625200;3342.5669230769;3342.5669230769;3342.7280769231;3342.7280769231;MSZZ|XAUUSD|5|1|-1|1749618000|1749618600;MSZZ|XAUUSD|5|1|-1|1749618000|1749618600;MSZZ|XAUUSD|5|1|1|1749623700|1749625200;MSZZ|XAUUSD|5|1|1|1749623700|1749625200;1.8807142857;1.8807142857;0.0119230769;0.0119230769;15.7900000000;15.7900000000;PASS
2025.06.11 08:10:00;1;SHORT;MSZZSE1|6:XAUUSD|1:5|1:1|2:-1|10:1749629400|40:MSZZ|XAUUSD|5|1|-1|1749625200|1749625500|40:MSZZ|XAUUSD|5|1|-1|1749618000|1749618600|40:MSZZ|XAUUSD|5|1|-1|1749625200|1749625500;MSZZSE1|6:XAUUSD|1:5|1:1|2:-1|10:1749629400|40:MSZZ|XAUUSD|5|1|-1|1749625200|1749625500|40:MSZZ|XAUUSD|5|1|-1|1749618000|1749618600|40:MSZZ|XAUUSD|5|1|-1|1749625200|1749625500;MSZZ|XAUUSD|5|1|-1|1749618000|1749618600;MSZZ|XAUUSD|5|1|-1|1749625200|1749625500;3342.1404166667;3342.1404166667;3342.5458333333;3342.5458333333;MSZZ|XAUUSD|5|1|1|1749623700|1749625200;MSZZ|XAUUSD|5|1|1|1749623700|1749625200;MSZZ|XAUUSD|5|1|-1|1749625200|1749625500;MSZZ|XAUUSD|5|1|-1|1749625200|1749625500;1.7757142857;1.7757142857;2.1858333333;2.1858333333;4.7300000000;4.7300000000;PASS
2025.06.11 08:40:00;1;SHORT;MSZZSE1|6:XAUUSD|1:5|1:1|2:-1|10:1749631200|40:MSZZ|XAUUSD|5|1|-1|1749629700|1749630600|40:MSZZ|XAUUSD|5|1|-1|1749625200|1749625500|40:MSZZ|XAUUSD|5|1|-1|1749629700|1749630600;MSZZSE1|6:XAUUSD|1:5|1:1|2:-1|10:1749631200|40:MSZZ|XAUUSD|5|1|-1|1749629700|1749630600|40:MSZZ|XAUUSD|5|1|-1|1749625200|1749625500|40:MSZZ|XAUUSD|5|1|-1|1749629700|1749630600;MSZZ|XAUUSD|5|1|-1|1749625200|1749625500;MSZZ|XAUUSD|5|1|-1|1749629700|1749630600;3339.5046666667;3339.5046666667;3339.6433333333;3339.6433333333;MSZZ|XAUUSD|5|1|1|1749628800|1749629700;MSZZ|XAUUSD|5|1|1|1749628800|1749629700;MSZZ|XAUUSD|5|1|-1|1749629700|1749630600;MSZZ|XAUUSD|5|1|-1|1749629700|1749630600;1.8200000000;1.8200000000;1.1333333333;1.1333333333;6.1800000000;6.1800000000;PASS
2025.06.11 10:45:00;1;LONG;MSZZSE1|6:XAUUSD|1:5|1:1|1:1|10:1749638700|39:MSZZ|XAUUSD|5|1|1|1749637800|1749638100|39:MSZZ|XAUUSD|5|1|1|1749630900|1749631200|39:MSZZ|XAUUSD|5|1|1|1749637800|1749638100;MSZZSE1|6:XAUUSD|1:5|1:1|1:1|10:1749638700|39:MSZZ|XAUUSD|5|1|1|1749637800|1749638100|39:MSZZ|XAUUSD|5|1|1|1749630900|1749631200|39:MSZZ|XAUUSD|5|1|1|1749637800|1749638100;MSZZ|XAUUSD|5|1|1|1749630900|1749631200;MSZZ|XAUUSD|5|1|1|1749637800|1749638100;3341.2939130435;3341.2939130435;3341.2408695652;3341.2408695652;MSZZ|XAUUSD|5|1|-1|1749633900|1749635100;MSZZ|XAUUSD|5|1|-1|1749633900|1749635100;MSZZ|XAUUSD|5|1|1|1749637800|1749638100;MSZZ|XAUUSD|5|1|1|1749637800|1749638100;2.4107142857;2.4107142857;1.0391304348;1.0391304348;9.9000000000;9.9000000000;PASS
2025.06.11 12:10:00;1;LONG;MSZZSE1|6:XAUUSD|1:5|1:1|1:1|10:1749643800|39:MSZZ|XAUUSD|5|1|1|1749637800|1749638100|39:MSZZ|XAUUSD|5|1|1|1749630900|1749631200|39:MSZZ|XAUUSD|5|1|1|1749637800|1749638100;MSZZSE1|6:XAUUSD|1:5|1:1|1:1|10:1749643800|39:MSZZ|XAUUSD|5|1|1|1749637800|1749638100|39:MSZZ|XAUUSD|5|1|1|1749630900|1749631200|39:MSZZ|XAUUSD|5|1|1|1749637800|1749638100;MSZZ|XAUUSD|5|1|1|1749630900|1749631200;MSZZ|XAUUSD|5|1|1|1749637800|1749638100;3340.3921739130;3340.3921739130;3340.3391304348;3340.3391304348;MSZZ|XAUUSD|5|1|-1|1749633900|1749635100;MSZZ|XAUUSD|5|1|-1|1749633900|1749635100;MSZZ|XAUUSD|5|1|1|1749637800|1749638100;MSZZ|XAUUSD|5|1|1|1749637800|1749638100;2.7657142857;2.7657142857;1.5908695652;1.5908695652;9.4300000000;9.4300000000;PASS
2025.06.11 12:50:00;1;SHORT;MSZZSE1|6:XAUUSD|1:5|1:1|2:-1|10:1749646200|40:MSZZ|XAUUSD|5|1|-1|1749643500|1749643500|40:MSZZ|XAUUSD|5|1|-1|1749633900|1749635100|40:MSZZ|XAUUSD|5|1|-1|1749643500|1749643500;MSZZSE1|6:XAUUSD|1:5|1:1|2:-1|10:1749646200|40:MSZZ|XAUUSD|5|1|-1|1749643500|1749643500|40:MSZZ|XAUUSD|5|1|-1|1749633900|1749635100|40:MSZZ|XAUUSD|5|1|-1|1749643500|1749643500;MSZZ|XAUUSD|5|1|-1|1749633900|1749635100;MSZZ|XAUUSD|5|1|-1|1749643500|1749643500;3334.4200000000;3334.4200000000;3334.4675000000;3334.4675000000;MSZZ|XAUUSD|5|1|1|1749637800|1749638100;MSZZ|XAUUSD|5|1|1|1749637800|1749638100;MSZZ|XAUUSD|5|1|-1|1749643500|1749643500;MSZZ|XAUUSD|5|1|-1|1749643500|1749643500;3.0521428571;3.0521428571;0.6675000000;0.6675000000;10.0100000000;10.0100000000;PASS
2025.06.11 13:10:00;1;SHORT;MSZZSE1|6:XAUUSD|1:5|1:1|2:-1|10:1749647400|40:MSZZ|XAUUSD|5|1|-1|1749643500|1749643500|40:MSZZ|XAUUSD|5|1|-1|1749633900|1749635100|40:MSZZ|XAUUSD|5|1|-1|1749643500|1749643500;MSZZSE1|6:XAUUSD|1:5|1:1|2:-1|10:1749647400|40:MSZZ|XAUUSD|5|1|-1|1749643500|1749643500|40:MSZZ|XAUUSD|5|1|-1|1749633900|1749635100|40:MSZZ|XAUUSD|5|1|-1|1749643500|1749643500;MSZZ|XAUUSD|5|1|-1|1749633900|1749635100;MSZZ|XAUUSD|5|1|-1|1749643500|1749643500;3334.6100000000;3334.6100000000;3334.6575000000;3334.6575000000;MSZZ|XAUUSD|5|1|1|1749637800|1749638100;MSZZ|XAUUSD|5|1|1|1749637800|1749638100;MSZZ|XAUUSD|5|1|-1|1749643500|1749643500;MSZZ|XAUUSD|5|1|-1|1749643500|1749643500;3.2135714286;3.2135714286;0.3775000000;0.3775000000;8.7500000000;8.7500000000;PASS
2025.06.11 15:20:00;1;LONG;MSZZSE1|6:XAUUSD|1:5|1:1|1:1|10:1749655200|39:MSZZ|XAUUSD|5|1|1|1749637800|1749638100|39:MSZZ|XAUUSD|5|1|1|1749630900|1749631200|39:MSZZ|XAUUSD|5|1|1|1749637800|1749638100;MSZZSE1|6:XAUUSD|1:5|1:1|1:1|10:1749655200|39:MSZZ|XAUUSD|5|1|1|1749637800|1749638100|39:MSZZ|XAUUSD|5|1|1|1749630900|1749631200|39:MSZZ|XAUUSD|5|1|1|1749637800|1749638100;MSZZ|XAUUSD|5|1|1|1749630900|1749631200;MSZZ|XAUUSD|5|1|1|1749637800|1749638100;3338.3765217391;3338.3765217391;3338.3234782609;3338.3234782609;MSZZ|XAUUSD|5|1|-1|1749633900|1749635100;MSZZ|XAUUSD|5|1|-1|1749633900|1749635100;MSZZ|XAUUSD|5|1|1|1749637800|1749638100;MSZZ|XAUUSD|5|1|1|1749637800|1749638100;3.2857142857;3.2857142857;2.4365217391;2.4365217391;8.8800000000;8.8800000000;PASS
2025.06.11 16:00:00;1;SHORT;MSZZSE1|6:XAUUSD|1:5|1:1|2:-1|10:1749657600|40:MSZZ|XAUUSD|5|1|-1|1749643500|1749643500|40:MSZZ|XAUUSD|5|1|-1|1749633900|1749635100|40:MSZZ|XAUUSD|5|1|-1|1749643500|1749643500;MSZZSE1|6:XAUUSD|1:5|1:1|2:-1|10:1749657600|40:MSZZ|XAUUSD|5|1|-1|1749643500|1749643500|40:MSZZ|XAUUSD|5|1|-1|1749633900|1749635100|40:MSZZ|XAUUSD|5|1|-1|1749643500|1749643500;MSZZ|XAUUSD|5|1|-1|1749633900|1749635100;MSZZ|XAUUSD|5|1|-1|1749643500|1749643500;3336.2250000000;3336.2250000000;3336.2725000000;3336.2725000000;MSZZ|XAUUSD|5|1|1|1749637800|1749638100;MSZZ|XAUUSD|5|1|1|1749637800|1749638100;MSZZ|XAUUSD|5|1|-1|1749643500|1749643500;MSZZ|XAUUSD|5|1|-1|1749643500|1749643500;6.9850000000;6.9850000000;0.7925000000;0.7925000000;9.6000000000;9.6000000000;PASS
2025.06.11 16:40:00;1;SHORT;MSZZSE1|6:XAUUSD|1:5|1:1|2:-1|10:1749660000|40:MSZZ|XAUUSD|5|1|-1|1749643500|1749643500|40:MSZZ|XAUUSD|5|1|-1|1749633900|1749635100|40:MSZZ|XAUUSD|5|1|-1|1749643500|1749643500;MSZZSE1|6:XAUUSD|1:5|1:1|2:-1|10:1749660000|40:MSZZ|XAUUSD|5|1|-1|1749643500|1749643500|40:MSZZ|XAUUSD|5|1|-1|1749633900|1749635100|40:MSZZ|XAUUSD|5|1|-1|1749643500|1749643500;MSZZ|XAUUSD|5|1|-1|1749633900|1749635100;MSZZ|XAUUSD|5|1|-1|1749643500|1749643500;3336.6050000000;3336.6050000000;3336.6525000000;3336.6525000000;MSZZ|XAUUSD|5|1|1|1749637800|1749638100;MSZZ|XAUUSD|5|1|1|1749637800|1749638100;MSZZ|XAUUSD|5|1|-1|1749643500|1749643500;MSZZ|XAUUSD|5|1|-1|1749643500|1749643500;6.3257142857;6.3257142857;3.7325000000;3.7325000000;8.4800000000;8.4800000000;PASS
2025.06.11 20:15:00;1;SHORT;MSZZSE1|6:XAUUSD|1:5|1:1|2:-1|10:1749672900|40:MSZZ|XAUUSD|5|1|-1|1749672300|1749672300|40:MSZZ|XAUUSD|5|1|-1|1749660300|1749663600|40:MSZZ|XAUUSD|5|1|-1|1749672300|1749672300;MSZZSE1|6:XAUUSD|1:5|1:1|2:-1|10:1749672900|40:MSZZ|XAUUSD|5|1|-1|1749672300|1749672300|40:MSZZ|XAUUSD|5|1|-1|1749660300|1749663600|40:MSZZ|XAUUSD|5|1|-1|1749672300|1749672300;MSZZ|XAUUSD|5|1|-1|1749660300|1749663600;MSZZ|XAUUSD|5|1|-1|1749672300|1749672300;3326.2712500000;3326.2712500000;3326.2325000000;3326.2325000000;MSZZ|XAUUSD|5|1|1|1749666000|1749667200;MSZZ|XAUUSD|5|1|1|1749666000|1749667200;MSZZ|XAUUSD|5|1|-1|1749672300|1749672300;MSZZ|XAUUSD|5|1|-1|1749672300|1749672300;2.5828571429;2.5828571429;0.2025000000;0.2025000000;16.8800000000;16.8800000000;PASS
2025.06.11 21:05:00;1;LONG;MSZZSE1|6:XAUUSD|1:5|1:1|1:1|10:1749675900|39:MSZZ|XAUUSD|5|1|1|1749675600|1749675600|39:MSZZ|XAUUSD|5|1|1|1749666000|1749667200|39:MSZZ|XAUUSD|5|1|1|1749675600|1749675600;MSZZSE1|6:XAUUSD|1:5|1:1|1:1|10:1749675900|39:MSZZ|XAUUSD|5|1|1|1749675600|1749675600|39:MSZZ|XAUUSD|5|1|1|1749666000|1749667200|39:MSZZ|XAUUSD|5|1|1|1749675600|1749675600;MSZZ|XAUUSD|5|1|1|1749666000|1749667200;MSZZ|XAUUSD|5|1|1|1749675600|1749675600;3333.8900000000;3333.8900000000;3333.6121875000;3333.6121875000;MSZZ|XAUUSD|5|1|-1|1749672300|1749672300;MSZZ|XAUUSD|5|1|-1|1749672300|1749672300;MSZZ|XAUUSD|5|1|1|1749675600|1749675600;MSZZ|XAUUSD|5|1|1|1749675600|1749675600;3.8471428571;3.8471428571;4.0678125000;4.0678125000;13.6800000000;13.6800000000;PASS
2025.06.24 10:30:00;1;LONG;MSZZSE1|6:XAUUSD|1:5|1:1|1:1|10:1750761000|39:MSZZ|XAUUSD|5|1|1|1750759200|1750759800|39:MSZZ|XAUUSD|5|1|1|1749675600|1749675600|39:MSZZ|XAUUSD|5|1|1|1750759200|1750759800;MSZZSE1|6:XAUUSD|1:5|1:1|1:1|10:1750761000|39:MSZZ|XAUUSD|5|1|1|1750759200|1750759800|39:MSZZ|XAUUSD|5|1|1|1749675600|1749675600|39:MSZZ|XAUUSD|5|1|1|1750759200|1750759800;MSZZ|XAUUSD|5|1|1|1749675600|1749675600;MSZZ|XAUUSD|5|1|1|1750759200|1750759800;3326.0792026578;3326.0792026578;3326.0770431894;3326.0770431894;MSZZ|XAUUSD|5|1|-1|1750757700|1750759200;MSZZ|XAUUSD|5|1|-1|1750757700|1750759200;MSZZ|XAUUSD|5|1|1|1750759200|1750759800;MSZZ|XAUUSD|5|1|1|1750759200|1750759800;4.1871428571;4.1871428571;1.0829568106;1.0829568106;12.2800000000;12.2800000000;PASS
2025.06.24 10:50:00;1;LONG;MSZZSE1|6:XAUUSD|1:5|1:1|1:1|10:1750762200|39:MSZZ|XAUUSD|5|1|1|1750759200|1750759800|39:MSZZ|XAUUSD|5|1|1|1749675600|1749675600|39:MSZZ|XAUUSD|5|1|1|1750759200|1750759800;MSZZSE1|6:XAUUSD|1:5|1:1|1:1|10:1750762200|39:MSZZ|XAUUSD|5|1|1|1750759200|1750759800|39:MSZZ|XAUUSD|5|1|1|1749675600|1749675600|39:MSZZ|XAUUSD|5|1|1|1750759200|1750759800;MSZZ|XAUUSD|5|1|1|1749675600|1749675600;MSZZ|XAUUSD|5|1|1|1750759200|1750759800;3326.0705647841;3326.0705647841;3326.0684053156;3326.0684053156;MSZZ|XAUUSD|5|1|-1|1750757700|1750759200;MSZZ|XAUUSD|5|1|-1|1750757700|1750759200;MSZZ|XAUUSD|5|1|1|1750759200|1750759800;MSZZ|XAUUSD|5|1|1|1750759200|1750759800;3.9092857143;3.9092857143;1.8115946844;1.8115946844;12.4300000000;12.4300000000;PASS
2025.06.24 11:55:00;1;LONG;MSZZSE1|6:XAUUSD|1:5|1:1|1:1|10:1750766100|39:MSZZ|XAUUSD|5|1|1|1750759200|1750759800|39:MSZZ|XAUUSD|5|1|1|1749675600|1749675600|39:MSZZ|XAUUSD|5|1|1|1750759200|1750759800;MSZZSE1|6:XAUUSD|1:5|1:1|1:1|10:1750766100|39:MSZZ|XAUUSD|5|1|1|1750759200|1750759800|39:MSZZ|XAUUSD|5|1|1|1749675600|1749675600|39:MSZZ|XAUUSD|5|1|1|1750759200|1750759800;MSZZ|XAUUSD|5|1|1|1749675600|1749675600;MSZZ|XAUUSD|5|1|1|1750759200|1750759800;3326.0424916944;3326.0424916944;3326.0403322259;3326.0403322259;MSZZ|XAUUSD|5|1|-1|1750757700|1750759200;MSZZ|XAUUSD|5|1|-1|1750757700|1750759200;MSZZ|XAUUSD|5|1|1|1750759200|1750759800;MSZZ|XAUUSD|5|1|1|1750759200|1750759800;3.3035714286;3.3035714286;1.2396677741;1.2396677741;11.2700000000;11.2700000000;PASS
2025.06.24 13:30:00;1;LONG;MSZZSE1|6:XAUUSD|1:5|1:1|1:1|10:1750771800|39:MSZZ|XAUUSD|5|1|1|1750759200|1750759800|39:MSZZ|XAUUSD|5|1|1|1749675600|1749675600|39:MSZZ|XAUUSD|5|1|1|1750759200|1750759800;MSZZSE1|6:XAUUSD|1:5|1:1|1:1|10:1750771800|39:MSZZ|XAUUSD|5|1|1|1750759200|1750759800|39:MSZZ|XAUUSD|5|1|1|1749675600|1749675600|39:MSZZ|XAUUSD|5|1|1|1750759200|1750759800;MSZZ|XAUUSD|5|1|1|1749675600|1749675600;MSZZ|XAUUSD|5|1|1|1750759200|1750759800;3326.0014617940;3326.0014617940;3325.9993023256;3325.9993023256;MSZZ|XAUUSD|5|1|-1|1750757700|1750759200;MSZZ|XAUUSD|5|1|-1|1750757700|1750759200;MSZZ|XAUUSD|5|1|1|1750759200|1750759800;MSZZ|XAUUSD|5|1|1|1750759200|1750759800;2.2414285714;2.2414285714;0.0106976744;0.0106976744;10.6100000000;10.6100000000;PASS
2025.06.24 14:15:00;1;LONG;MSZZSE1|6:XAUUSD|1:5|1:1|1:1|10:1750774500|39:MSZZ|XAUUSD|5|1|1|1750759200|1750759800|39:MSZZ|XAUUSD|5|1|1|1749675600|1749675600|39:MSZZ|XAUUSD|5|1|1|1750759200|1750759800;MSZZSE1|6:XAUUSD|1:5|1:1|1:1|10:1750774500|39:MSZZ|XAUUSD|5|1|1|1750759200|1750759800|39:MSZZ|XAUUSD|5|1|1|1749675600|1749675600|39:MSZZ|XAUUSD|5|1|1|1750759200|1750759800;MSZZ|XAUUSD|5|1|1|1749675600|1749675600;MSZZ|XAUUSD|5|1|1|1750759200|1750759800;3325.9820265781;3325.9820265781;3325.9798671096;3325.9798671096;MSZZ|XAUUSD|5|1|-1|1750757700|1750759200;MSZZ|XAUUSD|5|1|-1|1750757700|1750759200;MSZZ|XAUUSD|5|1|1|1750759200|1750759800;MSZZ|XAUUSD|5|1|1|1750759200|1750759800;2.0271428571;2.0271428571;1.5301328904;1.5301328904;12.8700000000;12.8700000000;PASS
2025.06.24 15:30:00;1;SHORT;MSZZSE1|6:XAUUSD|1:5|1:1|2:-1|10:1750779000|40:MSZZ|XAUUSD|5|1|-1|1750777800|1750777800|40:MSZZ|XAUUSD|5|1|-1|1750757700|1750759200|40:MSZZ|XAUUSD|5|1|-1|1750777800|1750777800;MSZZSE1|6:XAUUSD|1:5|1:1|2:-1|10:1750779000|40:MSZZ|XAUUSD|5|1|-1|1750777800|1750777800|40:MSZZ|XAUUSD|5|1|-1|1750757700|1750759200|40:MSZZ|XAUUSD|5|1|-1|1750777800|1750777800;MSZZ|XAUUSD|5|1|-1|1750757700|1750759200;MSZZ|XAUUSD|5|1|-1|1750777800|1750777800;3311.9967164179;3311.9967164179;3311.9389552239;3311.9389552239;MSZZ|XAUUSD|5|1|1|1750759200|1750759800;MSZZ|XAUUSD|5|1|1|1750759200|1750759800;MSZZ|XAUUSD|5|1|-1|1750777800|1750777800;MSZZ|XAUUSD|5|1|-1|1750777800|1750777800;3.9842857143;3.9842857143;4.1589552239;4.1589552239;19.3600000000;19.3600000000;PASS
2025.06.24 16:25:00;1;SHORT;MSZZSE1|6:XAUUSD|1:5|1:1|2:-1|10:1750782300|40:MSZZ|XAUUSD|5|1|-1|1750777800|1750777800|40:MSZZ|XAUUSD|5|1|-1|1750757700|1750759200|40:MSZZ|XAUUSD|5|1|-1|1750777800|1750777800;MSZZSE1|6:XAUUSD|1:5|1:1|2:-1|10:1750782300|40:MSZZ|XAUUSD|5|1|-1|1750777800|1750777800|40:MSZZ|XAUUSD|5|1|-1|1750757700|1750759200|40:MSZZ|XAUUSD|5|1|-1|1750777800|1750777800;MSZZ|XAUUSD|5|1|-1|1750757700|1750759200;MSZZ|XAUUSD|5|1|-1|1750777800|1750777800;3311.3613432836;3311.3613432836;3311.3035820896;3311.3035820896;MSZZ|XAUUSD|5|1|1|1750759200|1750759800;MSZZ|XAUUSD|5|1|1|1750759200|1750759800;MSZZ|XAUUSD|5|1|-1|1750777800|1750777800;MSZZ|XAUUSD|5|1|-1|1750777800|1750777800;4.8892857143;4.8892857143;0.8635820896;0.8635820896;15.8900000000;15.8900000000;PASS
2025.06.24 22:35:00;1;LONG;MSZZSE1|6:XAUUSD|1:5|1:1|1:1|10:1750804500|39:MSZZ|XAUUSD|5|1|1|1750804200|1750804200|39:MSZZ|XAUUSD|5|1|1|1750797600|1750798800|39:MSZZ|XAUUSD|5|1|1|1750804200|1750804200;MSZZSE1|6:XAUUSD|1:5|1:1|1:1|10:1750804500|39:MSZZ|XAUUSD|5|1|1|1750804200|1750804200|39:MSZZ|XAUUSD|5|1|1|1750797600|1750798800|39:MSZZ|XAUUSD|5|1|1|1750804200|1750804200;MSZZ|XAUUSD|5|1|1|1750797600|1750798800;MSZZ|XAUUSD|5|1|1|1750804200|1750804200;3322.2000000000;3322.2000000000;3322.2436363636;3322.2436363636;MSZZ|XAUUSD|5|1|-1|1750799400|1750803600;MSZZ|XAUUSD|5|1|-1|1750799400|1750803600;MSZZ|XAUUSD|5|1|1|1750804200|1750804200;MSZZ|XAUUSD|5|1|1|1750804200|1750804200;1.6064285714;1.6064285714;1.5163636364;1.5163636364;9.4000000000;9.4000000000;PASS
2025.06.24 23:55:00;1;LONG;MSZZSE1|6:XAUUSD|1:5|1:1|1:1|10:1750809300|39:MSZZ|XAUUSD|5|1|1|1750804200|1750804200|39:MSZZ|XAUUSD|5|1|1|1750797600|1750798800|39:MSZZ|XAUUSD|5|1|1|1750804200|1750804200;MSZZSE1|6:XAUUSD|1:5|1:1|1:1|10:1750809300|39:MSZZ|XAUUSD|5|1|1|1750804200|1750804200|39:MSZZ|XAUUSD|5|1|1|1750797600|1750798800|39:MSZZ|XAUUSD|5|1|1|1750804200|1750804200;MSZZ|XAUUSD|5|1|1|1750797600|1750798800;MSZZ|XAUUSD|5|1|1|1750804200|1750804200;3322.8981818182;3322.8981818182;3322.9418181818;3322.9418181818;MSZZ|XAUUSD|5|1|-1|1750799400|1750803600;MSZZ|XAUUSD|5|1|-1|1750799400|1750803600;MSZZ|XAUUSD|5|1|1|1750804200|1750804200;MSZZ|XAUUSD|5|1|1|1750804200|1750804200;1.4035714286;1.4035714286;0.9081818182;0.9081818182;8.5000000000;8.5000000000;PASS
2025.06.25 02:45:00;1;LONG;MSZZSE1|6:XAUUSD|1:5|1:1|1:1|10:1750819500|39:MSZZ|XAUUSD|5|1|1|1750804200|1750804200|39:MSZZ|XAUUSD|5|1|1|1750797600|1750798800|39:MSZZ|XAUUSD|5|1|1|1750804200|1750804200;MSZZSE1|6:XAUUSD|1:5|1:1|1:1|10:1750819500|39:MSZZ|XAUUSD|5|1|1|1750804200|1750804200|39:MSZZ|XAUUSD|5|1|1|1750797600|1750798800|39:MSZZ|XAUUSD|5|1|1|1750804200|1750804200;MSZZ|XAUUSD|5|1|1|1750797600|1750798800;MSZZ|XAUUSD|5|1|1|1750804200|1750804200;3324.3818181818;3324.3818181818;3324.4254545455;3324.4254545455;MSZZ|XAUUSD|5|1|-1|1750799400|1750803600;MSZZ|XAUUSD|5|1|-1|1750799400|1750803600;MSZZ|XAUUSD|5|1|1|1750804200|1750804200;MSZZ|XAUUSD|5|1|1|1750804200|1750804200;0.9485714286;0.9485714286;0.1245454545;0.1245454545;9.0800000000;9.0800000000;PASS
2025.06.25 03:00:00;1;LONG;MSZZSE1|6:XAUUSD|1:5|1:1|1:1|10:1750820400|39:MSZZ|XAUUSD|5|1|1|1750804200|1750804200|39:MSZZ|XAUUSD|5|1|1|1750797600|1750798800|39:MSZZ|XAUUSD|5|1|1|1750804200|1750804200;MSZZSE1|6:XAUUSD|1:5|1:1|1:1|10:1750820400|39:MSZZ|XAUUSD|5|1|1|1750804200|1750804200|39:MSZZ|XAUUSD|5|1|1|1750797600|1750798800|39:MSZZ|XAUUSD|5|1|1|1750804200|1750804200;MSZZ|XAUUSD|5|1|1|1750797600|1750798800;MSZZ|XAUUSD|5|1|1|1750804200|1750804200;3324.5127272727;3324.5127272727;3324.5563636364;3324.5563636364;MSZZ|XAUUSD|5|1|-1|1750799400|1750803600;MSZZ|XAUUSD|5|1|-1|1750799400|1750803600;MSZZ|XAUUSD|5|1|1|1750804200|1750804200;MSZZ|XAUUSD|5|1|1|1750804200|1750804200;0.9607142857;0.9607142857;0.5236363636;0.5236363636;9.7100000000;9.7100000000;PASS
2025.06.25 07:35:00;1;LONG;MSZZSE1|6:XAUUSD|1:5|1:1|1:1|10:1750836900|39:MSZZ|XAUUSD|5|1|1|1750804200|1750804200|39:MSZZ|XAUUSD|5|1|1|1750797600|1750798800|39:MSZZ|XAUUSD|5|1|1|1750804200|1750804200;MSZZSE1|6:XAUUSD|1:5|1:1|1:1|10:1750836900|39:MSZZ|XAUUSD|5|1|1|1750804200|1750804200|39:MSZZ|XAUUSD|5|1|1|1750797600|1750798800|39:MSZZ|XAUUSD|5|1|1|1750804200|1750804200;MSZZ|XAUUSD|5|1|1|1750797600|1750798800;MSZZ|XAUUSD|5|1|1|1750804200|1750804200;3326.9127272727;3326.9127272727;3326.9563636364;3326.9563636364;MSZZ|XAUUSD|5|1|-1|1750799400|1750803600;MSZZ|XAUUSD|5|1|-1|1750799400|1750803600;MSZZ|XAUUSD|5|1|1|1750804200|1750804200;MSZZ|XAUUSD|5|1|1|1750804200|1750804200;1.2957142857;1.2957142857;0.0736363636;0.0736363636;11.6400000000;11.6400000000;PASS
2025.06.25 07:45:00;1;LONG;MSZZSE1|6:XAUUSD|1:5|1:1|1:1|10:1750837500|39:MSZZ|XAUUSD|5|1|1|1750804200|1750804200|39:MSZZ|XAUUSD|5|1|1|1750797600|1750798800|39:MSZZ|XAUUSD|5|1|1|1750804200|1750804200;MSZZSE1|6:XAUUSD|1:5|1:1|1:1|10:1750837500|39:MSZZ|XAUUSD|5|1|1|1750804200|1750804200|39:MSZZ|XAUUSD|5|1|1|1750797600|1750798800|39:MSZZ|XAUUSD|5|1|1|1750804200|1750804200;MSZZ|XAUUSD|5|1|1|1750797600|1750798800;MSZZ|XAUUSD|5|1|1|1750804200|1750804200;3327.0000000000;3327.0000000000;3327.0436363636;3327.0436363636;MSZZ|XAUUSD|5|1|-1|1750799400|1750803600;MSZZ|XAUUSD|5|1|-1|1750799400|1750803600;MSZZ|XAUUSD|5|1|1|1750804200|1750804200;MSZZ|XAUUSD|5|1|1|1750804200|1750804200;1.2742857143;1.2742857143;1.4863636364;1.4863636364;12.8400000000;12.8400000000;PASS
2025.06.25 10:20:00;1;LONG;MSZZSE1|6:XAUUSD|1:5|1:1|1:1|10:1750846800|39:MSZZ|XAUUSD|5|1|1|1750804200|1750804200|39:MSZZ|XAUUSD|5|1|1|1750797600|1750798800|39:MSZZ|XAUUSD|5|1|1|1750804200|1750804200;MSZZSE1|6:XAUUSD|1:5|1:1|1:1|10:1750846800|39:MSZZ|XAUUSD|5|1|1|1750804200|1750804200|39:MSZZ|XAUUSD|5|1|1|1750797600|1750798800|39:MSZZ|XAUUSD|5|1|1|1750804200|1750804200;MSZZ|XAUUSD|5|1|1|1750797600|1750798800;MSZZ|XAUUSD|5|1|1|1750804200|1750804200;3328.3527272727;3328.3527272727;3328.3963636364;3328.3963636364;MSZZ|XAUUSD|5|1|-1|1750799400|1750803600;MSZZ|XAUUSD|5|1|-1|1750799400|1750803600;MSZZ|XAUUSD|5|1|1|1750804200|1750804200;MSZZ|XAUUSD|5|1|1|1750804200|1750804200;2.0364285714;2.0364285714;1.5536363636;1.5536363636;14.3700000000;14.3700000000;PASS
2025.06.25 11:25:00;1;LONG;MSZZSE1|6:XAUUSD|1:5|1:1|1:1|10:1750850700|39:MSZZ|XAUUSD|5|1|1|1750804200|1750804200|39:MSZZ|XAUUSD|5|1|1|1750797600|1750798800|39:MSZZ|XAUUSD|5|1|1|1750804200|1750804200;MSZZSE1|6:XAUUSD|1:5|1:1|1:1|10:1750850700|39:MSZZ|XAUUSD|5|1|1|1750804200|1750804200|39:MSZZ|XAUUSD|5|1|1|1750797600|1750798800|39:MSZZ|XAUUSD|5|1|1|1750804200|1750804200;MSZZ|XAUUSD|5|1|1|1750797600|1750798800;MSZZ|XAUUSD|5|1|1|1750804200|1750804200;3328.9200000000;3328.9200000000;3328.9636363636;3328.9636363636;MSZZ|XAUUSD|5|1|-1|1750799400|1750803600;MSZZ|XAUUSD|5|1|-1|1750799400|1750803600;MSZZ|XAUUSD|5|1|1|1750804200|1750804200;MSZZ|XAUUSD|5|1|1|1750804200|1750804200;2.7135714286;2.7135714286;0.6963636364;0.6963636364;14.2300000000;14.2300000000;PASS
2025.06.25 11:35:00;1;LONG;MSZZSE1|6:XAUUSD|1:5|1:1|1:1|10:1750851300|39:MSZZ|XAUUSD|5|1|1|1750804200|1750804200|39:MSZZ|XAUUSD|5|1|1|1750797600|1750798800|39:MSZZ|XAUUSD|5|1|1|1750804200|1750804200;MSZZSE1|6:XAUUSD|1:5|1:1|1:1|10:1750851300|39:MSZZ|XAUUSD|5|1|1|1750804200|1750804200|39:MSZZ|XAUUSD|5|1|1|1750797600|1750798800|39:MSZZ|XAUUSD|5|1|1|1750804200|1750804200;MSZZ|XAUUSD|5|1|1|1750797600|1750798800;MSZZ|XAUUSD|5|1|1|1750804200|1750804200;3329.0072727273;3329.0072727273;3329.0509090909;3329.0509090909;MSZZ|XAUUSD|5|1|-1|1750799400|1750803600;MSZZ|XAUUSD|5|1|-1|1750799400|1750803600;MSZZ|XAUUSD|5|1|1|1750804200|1750804200;MSZZ|XAUUSD|5|1|1|1750804200|1750804200;2.4278571429;2.4278571429;0.6390909091;0.6390909091;14.2300000000;14.2300000000;PASS
2025.06.25 12:05:00;1;SHORT;MSZZSE1|6:XAUUSD|1:5|1:1|2:-1|10:1750853100|40:MSZZ|XAUUSD|5|1|-1|1750799400|1750803600|40:MSZZ|XAUUSD|5|1|-1|1750777800|1750777800|40:MSZZ|XAUUSD|5|1|-1|1750799400|1750803600;MSZZSE1|6:XAUUSD|1:5|1:1|2:-1|10:1750853100|40:MSZZ|XAUUSD|5|1|-1|1750799400|1750803600|40:MSZZ|XAUUSD|5|1|-1|1750777800|1750777800|40:MSZZ|XAUUSD|5|1|-1|1750799400|1750803600;MSZZ|XAUUSD|5|1|-1|1750777800|1750777800;MSZZ|XAUUSD|5|1|-1|1750799400|1750803600;3324.3922222222;3324.3922222222;3324.4411111111;3324.4411111111;MSZZ|XAUUSD|5|1|1|1750797600|1750798800;MSZZ|XAUUSD|5|1|1|1750797600|1750798800;MSZZ|XAUUSD|5|1|-1|1750799400|1750803600;MSZZ|XAUUSD|5|1|-1|1750799400|1750803600;1.9421428571;1.9421428571;0.1311111111;0.1311111111;5.5500000000;5.5500000000;PASS
2025.06.25 13:35:00;1;SHORT;MSZZSE1|6:XAUUSD|1:5|1:1|2:-1|10:1750858500|40:MSZZ|XAUUSD|5|1|-1|1750799400|1750803600|40:MSZZ|XAUUSD|5|1|-1|1750777800|1750777800|40:MSZZ|XAUUSD|5|1|-1|1750799400|1750803600;MSZZSE1|6:XAUUSD|1:5|1:1|2:-1|10:1750858500|40:MSZZ|XAUUSD|5|1|-1|1750799400|1750803600|40:MSZZ|XAUUSD|5|1|-1|1750777800|1750777800|40:MSZZ|XAUUSD|5|1|-1|1750799400|1750803600;MSZZ|XAUUSD|5|1|-1|1750777800|1750777800;MSZZ|XAUUSD|5|1|-1|1750799400|1750803600;3325.2722222222;3325.2722222222;3325.3211111111;3325.3211111111;MSZZ|XAUUSD|5|1|1|1750797600|1750798800;MSZZ|XAUUSD|5|1|1|1750797600|1750798800;MSZZ|XAUUSD|5|1|-1|1750799400|1750803600;MSZZ|XAUUSD|5|1|-1|1750799400|1750803600;1.8335714286;1.8335714286;0.4011111111;0.4011111111;5.5500000000;5.5500000000;PASS
2025.06.25 13:50:00;1;SHORT;MSZZSE1|6:XAUUSD|1:5|1:1|2:-1|10:1750859400|40:MSZZ|XAUUSD|5|1|-1|1750799400|1750803600|40:MSZZ|XAUUSD|5|1|-1|1750777800|1750777800|40:MSZZ|XAUUSD|5|1|-1|1750799400|1750803600;MSZZSE1|6:XAUUSD|1:5|1:1|2:-1|10:1750859400|40:MSZZ|XAUUSD|5|1|-1|1750799400|1750803600|40:MSZZ|XAUUSD|5|1|-1|1750777800|1750777800|40:MSZZ|XAUUSD|5|1|-1|1750799400|1750803600;MSZZ|XAUUSD|5|1|-1|1750777800|1750777800;MSZZ|XAUUSD|5|1|-1|1750799400|1750803600;3325.4188888889;3325.4188888889;3325.4677777778;3325.4677777778;MSZZ|XAUUSD|5|1|1|1750797600|1750798800;MSZZ|XAUUSD|5|1|1|1750797600|1750798800;MSZZ|XAUUSD|5|1|-1|1750799400|1750803600;MSZZ|XAUUSD|5|1|-1|1750799400|1750803600;1.8607142857;1.8607142857;0.3377777778;0.3377777778;5.5500000000;5.5500000000;PASS
2025.06.25 14:25:00;1;SHORT;MSZZSE1|6:XAUUSD|1:5|1:1|2:-1|10:1750861500|40:MSZZ|XAUUSD|5|1|-1|1750799400|1750803600|40:MSZZ|XAUUSD|5|1|-1|1750777800|1750777800|40:MSZZ|XAUUSD|5|1|-1|1750799400|1750803600;MSZZSE1|6:XAUUSD|1:5|1:1|2:-1|10:1750861500|40:MSZZ|XAUUSD|5|1|-1|1750799400|1750803600|40:MSZZ|XAUUSD|5|1|-1|1750777800|1750777800|40:MSZZ|XAUUSD|5|1|-1|1750799400|1750803600;MSZZ|XAUUSD|5|1|-1|1750777800|1750777800;MSZZ|XAUUSD|5|1|-1|1750799400|1750803600;3325.7611111111;3325.7611111111;3325.8100000000;3325.8100000000;MSZZ|XAUUSD|5|1|1|1750797600|1750798800;MSZZ|XAUUSD|5|1|1|1750797600|1750798800;MSZZ|XAUUSD|5|1|-1|1750799400|1750803600;MSZZ|XAUUSD|5|1|-1|1750799400|1750803600;1.9471428571;1.9471428571;0.4900000000;0.4900000000;5.5500000000;5.5500000000;PASS
2025.06.25 14:35:00;1;SHORT;MSZZSE1|6:XAUUSD|1:5|1:1|2:-1|10:1750862100|40:MSZZ|XAUUSD|5|1|-1|1750799400|1750803600|40:MSZZ|XAUUSD|5|1|-1|1750777800|1750777800|40:MSZZ|XAUUSD|5|1|-1|1750799400|1750803600;MSZZSE1|6:XAUUSD|1:5|1:1|2:-1|10:1750862100|40:MSZZ|XAUUSD|5|1|-1|1750799400|1750803600|40:MSZZ|XAUUSD|5|1|-1|1750777800|1750777800|40:MSZZ|XAUUSD|5|1|-1|1750799400|1750803600;MSZZ|XAUUSD|5|1|-1|1750777800|1750777800;MSZZ|XAUUSD|5|1|-1|1750799400|1750803600;3325.8588888889;3325.8588888889;3325.9077777778;3325.9077777778;MSZZ|XAUUSD|5|1|1|1750797600|1750798800;MSZZ|XAUUSD|5|1|1|1750797600|1750798800;MSZZ|XAUUSD|5|1|-1|1750799400|1750803600;MSZZ|XAUUSD|5|1|-1|1750799400|1750803600;2.0878571429;2.0878571429;0.0477777778;0.0477777778;5.5500000000;5.5500000000;PASS
2025.06.25 15:30:00;1;SHORT;MSZZSE1|6:XAUUSD|1:5|1:1|2:-1|10:1750865400|40:MSZZ|XAUUSD|5|1|-1|1750799400|1750803600|40:MSZZ|XAUUSD|5|1|-1|1750777800|1750777800|40:MSZZ|XAUUSD|5|1|-1|1750799400|1750803600;MSZZSE1|6:XAUUSD|1:5|1:1|2:-1|10:1750865400|40:MSZZ|XAUUSD|5|1|-1|1750799400|1750803600|40:MSZZ|XAUUSD|5|1|-1|1750777800|1750777800|40:MSZZ|XAUUSD|5|1|-1|1750799400|1750803600;MSZZ|XAUUSD|5|1|-1|1750777800|1750777800;MSZZ|XAUUSD|5|1|-1|1750799400|1750803600;3326.3966666667;3326.3966666667;3326.4455555556;3326.4455555556;MSZZ|XAUUSD|5|1|1|1750797600|1750798800;MSZZ|XAUUSD|5|1|1|1750797600|1750798800;MSZZ|XAUUSD|5|1|-1|1750799400|1750803600;MSZZ|XAUUSD|5|1|-1|1750799400|1750803600;2.5621428571;2.5621428571;1.1855555556;1.1855555556;5.5500000000;5.5500000000;PASS
2025.06.25 19:00:00;1;LONG;MSZZSE1|6:XAUUSD|1:5|1:1|1:1|10:1750878000|39:MSZZ|XAUUSD|5|1|1|1750873800|1750876200|39:MSZZ|XAUUSD|5|1|1|1750804200|1750804200|39:MSZZ|XAUUSD|5|1|1|1750873800|1750876200;MSZZSE1|6:XAUUSD|1:5|1:1|1:1|10:1750878000|39:MSZZ|XAUUSD|5|1|1|1750873800|1750876200|39:MSZZ|XAUUSD|5|1|1|1750804200|1750804200|39:MSZZ|XAUUSD|5|1|1|1750873800|1750876200;MSZZ|XAUUSD|5|1|1|1750804200|1750804200;MSZZ|XAUUSD|5|1|1|1750873800|1750876200;3326.5508620690;3326.5508620690;3326.5686206897;3326.5686206897;MSZZ|XAUUSD|5|1|-1|1750869300|1750870800;MSZZ|XAUUSD|5|1|-1|1750869300|1750870800;MSZZ|XAUUSD|5|1|1|1750873800|1750876200;MSZZ|XAUUSD|5|1|1|1750873800|1750876200;1.8864285714;1.8864285714;0.9613793103;0.9613793103;15.6400000000;15.6400000000;PASS
2025.06.25 19:10:00;1;LONG;MSZZSE1|6:XAUUSD|1:5|1:1|1:1|10:1750878600|39:MSZZ|XAUUSD|5|1|1|1750873800|1750876200|39:MSZZ|XAUUSD|5|1|1|1750804200|1750804200|39:MSZZ|XAUUSD|5|1|1|1750873800|1750876200;MSZZSE1|6:XAUUSD|1:5|1:1|1:1|10:1750878600|39:MSZZ|XAUUSD|5|1|1|1750873800|1750876200|39:MSZZ|XAUUSD|5|1|1|1750804200|1750804200|39:MSZZ|XAUUSD|5|1|1|1750873800|1750876200;MSZZ|XAUUSD|5|1|1|1750804200|1750804200;MSZZ|XAUUSD|5|1|1|1750873800|1750876200;3326.5863793103;3326.5863793103;3326.6041379310;3326.6041379310;MSZZ|XAUUSD|5|1|-1|1750869300|1750870800;MSZZ|XAUUSD|5|1|-1|1750869300|1750870800;MSZZ|XAUUSD|5|1|1|1750873800|1750876200;MSZZ|XAUUSD|5|1|1|1750873800|1750876200;1.9478571429;1.9478571429;1.0758620690;1.0758620690;16.3700000000;16.3700000000;PASS
2025.06.25 20:25:00;1;SHORT;MSZZSE1|6:XAUUSD|1:5|1:1|2:-1|10:1750883100|40:MSZZ|XAUUSD|5|1|-1|1750876200|1750876800|40:MSZZ|XAUUSD|5|1|-1|1750869300|1750870800|40:MSZZ|XAUUSD|5|1|-1|1750876200|1750876800;MSZZSE1|6:XAUUSD|1:5|1:1|2:-1|10:1750883100|40:MSZZ|XAUUSD|5|1|-1|1750876200|1750876800|40:MSZZ|XAUUSD|5|1|-1|1750869300|1750870800|40:MSZZ|XAUUSD|5|1|-1|1750876200|1750876800;MSZZ|XAUUSD|5|1|-1|1750869300|1750870800;MSZZ|XAUUSD|5|1|-1|1750876200|1750876800;3330.9482608696;3330.9482608696;3331.3700000000;3331.3700000000;MSZZ|XAUUSD|5|1|1|1750873800|1750876200;MSZZ|XAUUSD|5|1|1|1750873800|1750876200;MSZZ|XAUUSD|5|1|-1|1750876200|1750876800;MSZZ|XAUUSD|5|1|-1|1750876200|1750876800;2.0414285714;2.0414285714;2.4500000000;2.4500000000;4.6500000000;4.6500000000;PASS
2025.06.25 22:25:00;1;LONG;MSZZSE1|6:XAUUSD|1:5|1:1|1:1|10:1750890300|39:MSZZ|XAUUSD|5|1|1|1750888800|1750889400|39:MSZZ|XAUUSD|5|1|1|1750882200|1750882800|39:MSZZ|XAUUSD|5|1|1|1750888800|1750889400;MSZZSE1|6:XAUUSD|1:5|1:1|1:1|10:1750890300|39:MSZZ|XAUUSD|5|1|1|1750888800|1750889400|39:MSZZ|XAUUSD|5|1|1|1750882200|1750882800|39:MSZZ|XAUUSD|5|1|1|1750888800|1750889400;MSZZ|XAUUSD|5|1|1|1750882200|1750882800;MSZZ|XAUUSD|5|1|1|1750888800|1750889400;3332.5000000000;3332.5000000000;3332.3900000000;3332.3900000000;MSZZ|XAUUSD|5|1|-1|1750883700|1750885200;MSZZ|XAUUSD|5|1|-1|1750883700|1750885200;MSZZ|XAUUSD|5|1|1|1750888800|1750889400;MSZZ|XAUUSD|5|1|1|1750888800|1750889400;1.1735714286;1.1735714286;1.6000000000;1.6000000000;9.4100000000;9.4100000000;PASS
2025.06.26 01:20:00;1;SHORT;MSZZSE1|6:XAUUSD|1:5|1:1|2:-1|10:1750900800|40:MSZZ|XAUUSD|5|1|-1|1750883700|1750885200|40:MSZZ|XAUUSD|5|1|-1|1750876200|1750876800|40:MSZZ|XAUUSD|5|1|-1|1750883700|1750885200;MSZZSE1|6:XAUUSD|1:5|1:1|2:-1|10:1750900800|40:MSZZ|XAUUSD|5|1|-1|1750883700|1750885200|40:MSZZ|XAUUSD|5|1|-1|1750876200|1750876800|40:MSZZ|XAUUSD|5|1|-1|1750883700|1750885200;MSZZ|XAUUSD|5|1|-1|1750876200|1750876800;MSZZ|XAUUSD|5|1|-1|1750883700|1750885200;3331.9084000000;3331.9084000000;3332.0348000000;3332.0348000000;MSZZ|XAUUSD|5|1|1|1750882200|1750882800;MSZZ|XAUUSD|5|1|1|1750882200|1750882800;MSZZ|XAUUSD|5|1|-1|1750883700|1750885200;MSZZ|XAUUSD|5|1|-1|1750883700|1750885200;1.4664285714;1.4664285714;0.3448000000;0.3448000000;10.5300000000;10.5300000000;PASS
2025.06.26 03:25:00;1;SHORT;MSZZSE1|6:XAUUSD|1:5|1:1|2:-1|10:1750908300|40:MSZZ|XAUUSD|5|1|-1|1750883700|1750885200|40:MSZZ|XAUUSD|5|1|-1|1750876200|1750876800|40:MSZZ|XAUUSD|5|1|-1|1750883700|1750885200;MSZZSE1|6:XAUUSD|1:5|1:1|2:-1|10:1750908300|40:MSZZ|XAUUSD|5|1|-1|1750883700|1750885200|40:MSZZ|XAUUSD|5|1|-1|1750876200|1750876800|40:MSZZ|XAUUSD|5|1|-1|1750883700|1750885200;MSZZ|XAUUSD|5|1|-1|1750876200|1750876800;MSZZ|XAUUSD|5|1|-1|1750883700|1750885200;3335.0684000000;3335.0684000000;3335.1948000000;3335.1948000000;MSZZ|XAUUSD|5|1|1|1750882200|1750882800;MSZZ|XAUUSD|5|1|1|1750882200|1750882800;MSZZ|XAUUSD|5|1|-1|1750883700|1750885200;MSZZ|XAUUSD|5|1|-1|1750883700|1750885200;1.7521428571;1.7521428571;1.7048000000;1.7048000000;10.5300000000;10.5300000000;PASS
2025.06.26 09:05:00;1;SHORT;MSZZSE1|6:XAUUSD|1:5|1:1|2:-1|10:1750928700|40:MSZZ|XAUUSD|5|1|-1|1750926600|1750926600|40:MSZZ|XAUUSD|5|1|-1|1750914000|1750915200|40:MSZZ|XAUUSD|5|1|-1|1750926600|1750926600;MSZZSE1|6:XAUUSD|1:5|1:1|2:-1|10:1750928700|40:MSZZ|XAUUSD|5|1|-1|1750926600|1750926600|40:MSZZ|XAUUSD|5|1|-1|1750914000|1750915200|40:MSZZ|XAUUSD|5|1|-1|1750926600|1750926600;MSZZ|XAUUSD|5|1|-1|1750914000|1750915200;MSZZ|XAUUSD|5|1|-1|1750926600|1750926600;3332.8800000000;3332.8800000000;3332.9550000000;3332.9550000000;MSZZ|XAUUSD|5|1|1|1750918200|1750919100;MSZZ|XAUUSD|5|1|1|1750918200|1750919100;MSZZ|XAUUSD|5|1|-1|1750926600|1750926600;MSZZ|XAUUSD|5|1|-1|1750926600|1750926600;1.9385714286;1.9385714286;1.4050000000;1.4050000000;11.7300000000;11.7300000000;PASS
2025.06.26 14:30:00;1;SHORT;MSZZSE1|6:XAUUSD|1:5|1:1|2:-1|10:1750948200|40:MSZZ|XAUUSD|5|1|-1|1750944000|1750945800|40:MSZZ|XAUUSD|5|1|-1|1750926600|1750926600|40:MSZZ|XAUUSD|5|1|-1|1750944000|1750945800;MSZZSE1|6:XAUUSD|1:5|1:1|2:-1|10:1750948200|40:MSZZ|XAUUSD|5|1|-1|1750944000|1750945800|40:MSZZ|XAUUSD|5|1|-1|1750926600|1750926600|40:MSZZ|XAUUSD|5|1|-1|1750944000|1750945800;MSZZ|XAUUSD|5|1|-1|1750926600|1750926600;MSZZ|XAUUSD|5|1|-1|1750944000|1750945800;3339.1137931034;3339.1137931034;3339.2079310345;3339.2079310345;MSZZ|XAUUSD|5|1|1|1750938900|1750939200;MSZZ|XAUUSD|5|1|1|1750938900|1750939200;MSZZ|XAUUSD|5|1|-1|1750944000|1750945800;MSZZ|XAUUSD|5|1|-1|1750944000|1750945800;1.8000000000;1.8000000000;2.5479310345;2.5479310345;13.8700000000;13.8700000000;PASS
2025.06.26 15:50:00;1;SHORT;MSZZSE1|6:XAUUSD|1:5|1:1|2:-1|10:1750953000|40:MSZZ|XAUUSD|5|1|-1|1750949700|1750950600|40:MSZZ|XAUUSD|5|1|-1|1750944000|1750945800|40:MSZZ|XAUUSD|5|1|-1|1750949700|1750950600;MSZZSE1|6:XAUUSD|1:5|1:1|2:-1|10:1750953000|40:MSZZ|XAUUSD|5|1|-1|1750949700|1750950600|40:MSZZ|XAUUSD|5|1|-1|1750944000|1750945800|40:MSZZ|XAUUSD|5|1|-1|1750949700|1750950600;MSZZ|XAUUSD|5|1|-1|1750944000|1750945800;MSZZ|XAUUSD|5|1|-1|1750949700|1750950600;3328.2436842105;3328.2436842105;3327.9110526316;3327.9110526316;MSZZ|XAUUSD|5|1|1|1750946400|1750947300;MSZZ|XAUUSD|5|1|1|1750946400|1750947300;MSZZ|XAUUSD|5|1|-1|1750949700|1750950600;MSZZ|XAUUSD|5|1|-1|1750949700|1750950600;4.2550000000;4.2550000000;1.1110526316;1.1110526316;17.9700000000;17.9700000000;PASS
2025.06.26 17:45:00;1;LONG;MSZZSE1|6:XAUUSD|1:5|1:1|1:1|10:1750959900|39:MSZZ|XAUUSD|5|1|1|1750956600|1750958400|39:MSZZ|XAUUSD|5|1|1|1750951500|1750951500|39:MSZZ|XAUUSD|5|1|1|1750956600|1750958400;MSZZSE1|6:XAUUSD|1:5|1:1|1:1|10:1750959900|39:MSZZ|XAUUSD|5|1|1|1750956600|1750958400|39:MSZZ|XAUUSD|5|1|1|1750951500|1750951500|39:MSZZ|XAUUSD|5|1|1|1750956600|1750958400;MSZZ|XAUUSD|5|1|1|1750951500|1750951500;MSZZ|XAUUSD|5|1|1|1750956600|1750958400;3319.7105882353;3319.7105882353;3318.8076470588;3318.8076470588;MSZZ|XAUUSD|5|1|-1|1750955700|1750956300;MSZZ|XAUUSD|5|1|-1|1750955700|1750956300;MSZZ|XAUUSD|5|1|1|1750956600|1750958400;MSZZ|XAUUSD|5|1|1|1750956600|1750958400;5.4471428571;5.4471428571;0.5023529412;0.5023529412;18.7400000000;18.7400000000;PASS
2025.06.26 22:45:00;1;SHORT;MSZZSE1|6:XAUUSD|1:5|1:1|2:-1|10:1750977900|40:MSZZ|XAUUSD|5|1|-1|1750976100|1750977000|40:MSZZ|XAUUSD|5|1|-1|1750959300|1750960800|40:MSZZ|XAUUSD|5|1|-1|1750976100|1750977000;MSZZSE1|6:XAUUSD|1:5|1:1|2:-1|10:1750977900|40:MSZZ|XAUUSD|5|1|-1|1750976100|1750977000|40:MSZZ|XAUUSD|5|1|-1|1750959300|1750960800|40:MSZZ|XAUUSD|5|1|-1|1750976100|1750977000;MSZZ|XAUUSD|5|1|-1|1750959300|1750960800;MSZZ|XAUUSD|5|1|-1|1750976100|1750977000;3329.8116071429;3329.8116071429;3330.1039285714;3330.1039285714;MSZZ|XAUUSD|5|1|1|1750971000|1750971300;MSZZ|XAUUSD|5|1|1|1750971000|1750971300;MSZZ|XAUUSD|5|1|-1|1750976100|1750977000;MSZZ|XAUUSD|5|1|-1|1750976100|1750977000;1.3914285714;1.3914285714;0.3939285714;0.3939285714;8.1000000000;8.1000000000;PASS
2025.06.26 23:05:00;1;SHORT;MSZZSE1|6:XAUUSD|1:5|1:1|2:-1|10:1750979100|40:MSZZ|XAUUSD|5|1|-1|1750976100|1750977000|40:MSZZ|XAUUSD|5|1|-1|1750959300|1750960800|40:MSZZ|XAUUSD|5|1|-1|1750976100|1750977000;MSZZSE1|6:XAUUSD|1:5|1:1|2:-1|10:1750979100|40:MSZZ|XAUUSD|5|1|-1|1750976100|1750977000|40:MSZZ|XAUUSD|5|1|-1|1750959300|1750960800|40:MSZZ|XAUUSD|5|1|-1|1750976100|1750977000;MSZZ|XAUUSD|5|1|-1|1750959300|1750960800;MSZZ|XAUUSD|5|1|-1|1750976100|1750977000;3330.9808928571;3330.9808928571;3331.2732142857;3331.2732142857;MSZZ|XAUUSD|5|1|1|1750971000|1750971300;MSZZ|XAUUSD|5|1|1|1750971000|1750971300;MSZZ|XAUUSD|5|1|-1|1750976100|1750977000;MSZZ|XAUUSD|5|1|-1|1750976100|1750977000;1.5000000000;1.5000000000;0.6732142857;0.6732142857;8.1000000000;8.1000000000;PASS
2025.06.26 23:15:00;1;SHORT;MSZZSE1|6:XAUUSD|1:5|1:1|2:-1|10:1750979700|40:MSZZ|XAUUSD|5|1|-1|1750976100|1750977000|40:MSZZ|XAUUSD|5|1|-1|1750959300|1750960800|40:MSZZ|XAUUSD|5|1|-1|1750976100|1750977000;MSZZSE1|6:XAUUSD|1:5|1:1|2:-1|10:1750979700|40:MSZZ|XAUUSD|5|1|-1|1750976100|1750977000|40:MSZZ|XAUUSD|5|1|-1|1750959300|1750960800|40:MSZZ|XAUUSD|5|1|-1|1750976100|1750977000;MSZZ|XAUUSD|5|1|-1|1750959300|1750960800;MSZZ|XAUUSD|5|1|-1|1750976100|1750977000;3331.5655357143;3331.5655357143;3331.8578571429;3331.8578571429;MSZZ|XAUUSD|5|1|1|1750971000|1750971300;MSZZ|XAUUSD|5|1|1|1750971000|1750971300;MSZZ|XAUUSD|5|1|-1|1750976100|1750977000;MSZZ|XAUUSD|5|1|-1|1750976100|1750977000;1.4328571429;1.4328571429;1.1678571429;1.1678571429;8.1000000000;8.1000000000;PASS
2025.06.27 01:15:00;1;SHORT;MSZZSE1|6:XAUUSD|1:5|1:1|2:-1|10:1750986900|40:MSZZ|XAUUSD|5|1|-1|1750986000|1750986000|40:MSZZ|XAUUSD|5|1|-1|1750976100|1750977000|40:MSZZ|XAUUSD|5|1|-1|1750986000|1750986000;MSZZSE1|6:XAUUSD|1:5|1:1|2:-1|10:1750986900|40:MSZZ|XAUUSD|5|1|-1|1750986000|1750986000|40:MSZZ|XAUUSD|5|1|-1|1750976100|1750977000|40:MSZZ|XAUUSD|5|1|-1|1750986000|1750986000;MSZZ|XAUUSD|5|1|-1|1750976100|1750977000;MSZZ|XAUUSD|5|1|-1|1750986000|1750986000;3323.5348484848;3323.5348484848;3323.3972727273;3323.3972727273;MSZZ|XAUUSD|5|1|1|1750978800|1750980000;MSZZ|XAUUSD|5|1|1|1750978800|1750980000;MSZZ|XAUUSD|5|1|-1|1750986000|1750986000;MSZZ|XAUUSD|5|1|-1|1750986000|1750986000;1.7635714286;1.7635714286;0.7772727273;0.7772727273;11.1000000000;11.1000000000;PASS
2025.06.27 02:30:00;1;SHORT;MSZZSE1|6:XAUUSD|1:5|1:1|2:-1|10:1750991400|40:MSZZ|XAUUSD|5|1|-1|1750986000|1750986000|40:MSZZ|XAUUSD|5|1|-1|1750976100|1750977000|40:MSZZ|XAUUSD|5|1|-1|1750986000|1750986000;MSZZSE1|6:XAUUSD|1:5|1:1|2:-1|10:1750991400|40:MSZZ|XAUUSD|5|1|-1|1750986000|1750986000|40:MSZZ|XAUUSD|5|1|-1|1750976100|1750977000|40:MSZZ|XAUUSD|5|1|-1|1750986000|1750986000;MSZZ|XAUUSD|5|1|-1|1750976100|1750977000;MSZZ|XAUUSD|5|1|-1|1750986000|1750986000;3321.4712121212;3321.4712121212;3321.3336363636;3321.3336363636;MSZZ|XAUUSD|5|1|1|1750978800|1750980000;MSZZ|XAUUSD|5|1|1|1750978800|1750980000;MSZZ|XAUUSD|5|1|-1|1750986000|1750986000;MSZZ|XAUUSD|5|1|-1|1750986000|1750986000;1.8478571429;1.8478571429;2.6636363636;2.6636363636;13.9700000000;13.9700000000;PASS
2025.06.27 04:05:00;1;SHORT;MSZZSE1|6:XAUUSD|1:5|1:1|2:-1|10:1750997100|40:MSZZ|XAUUSD|5|1|-1|1750986000|1750986000|40:MSZZ|XAUUSD|5|1|-1|1750976100|1750977000|40:MSZZ|XAUUSD|5|1|-1|1750986000|1750986000;MSZZSE1|6:XAUUSD|1:5|1:1|2:-1|10:1750997100|40:MSZZ|XAUUSD|5|1|-1|1750986000|1750986000|40:MSZZ|XAUUSD|5|1|-1|1750976100|1750977000|40:MSZZ|XAUUSD|5|1|-1|1750986000|1750986000;MSZZ|XAUUSD|5|1|-1|1750976100|1750977000;MSZZ|XAUUSD|5|1|-1|1750986000|1750986000;3318.8572727273;3318.8572727273;3318.7196969697;3318.7196969697;MSZZ|XAUUSD|5|1|1|1750978800|1750980000;MSZZ|XAUUSD|5|1|1|1750978800|1750980000;MSZZ|XAUUSD|5|1|-1|1750986000|1750986000;MSZZ|XAUUSD|5|1|-1|1750986000|1750986000;2.3400000000;2.3400000000;1.7996969697;1.7996969697;16.1000000000;16.1000000000;PASS
2025.06.27 04:40:00;1;SHORT;MSZZSE1|6:XAUUSD|1:5|1:1|2:-1|10:1750999200|40:MSZZ|XAUUSD|5|1|-1|1750986000|1750986000|40:MSZZ|XAUUSD|5|1|-1|1750976100|1750977000|40:MSZZ|XAUUSD|5|1|-1|1750986000|1750986000;MSZZSE1|6:XAUUSD|1:5|1:1|2:-1|10:1750999200|40:MSZZ|XAUUSD|5|1|-1|1750986000|1750986000|40:MSZZ|XAUUSD|5|1|-1|1750976100|1750977000|40:MSZZ|XAUUSD|5|1|-1|1750986000|1750986000;MSZZ|XAUUSD|5|1|-1|1750976100|1750977000;MSZZ|XAUUSD|5|1|-1|1750986000|1750986000;3317.8942424242;3317.8942424242;3317.7566666667;3317.7566666667;MSZZ|XAUUSD|5|1|1|1750978800|1750980000;MSZZ|XAUUSD|5|1|1|1750978800|1750980000;MSZZ|XAUUSD|5|1|-1|1750986000|1750986000;MSZZ|XAUUSD|5|1|-1|1750986000|1750986000;2.6428571429;2.6428571429;0.9766666667;0.9766666667;16.3100000000;16.3100000000;PASS
2025.06.27 04:55:00;1;SHORT;MSZZSE1|6:XAUUSD|1:5|1:1|2:-1|10:1751000100|40:MSZZ|XAUUSD|5|1|-1|1750986000|1750986000|40:MSZZ|XAUUSD|5|1|-1|1750976100|1750977000|40:MSZZ|XAUUSD|5|1|-1|1750986000|1750986000;MSZZSE1|6:XAUUSD|1:5|1:1|2:-1|10:1751000100|40:MSZZ|XAUUSD|5|1|-1|1750986000|1750986000|40:MSZZ|XAUUSD|5|1|-1|1750976100|1750977000|40:MSZZ|XAUUSD|5|1|-1|1750986000|1750986000;MSZZ|XAUUSD|5|1|-1|1750976100|1750977000;MSZZ|XAUUSD|5|1|-1|1750986000|1750986000;3317.4815151515;3317.4815151515;3317.3439393939;3317.3439393939;MSZZ|XAUUSD|5|1|1|1750978800|1750980000;MSZZ|XAUUSD|5|1|1|1750978800|1750980000;MSZZ|XAUUSD|5|1|-1|1750986000|1750986000;MSZZ|XAUUSD|5|1|-1|1750986000|1750986000;2.8050000000;2.8050000000;0.8339393939;0.8339393939;15.9500000000;15.9500000000;PASS
2025.06.27 05:20:00;1;SHORT;MSZZSE1|6:XAUUSD|1:5|1:1|2:-1|10:1751001600|40:MSZZ|XAUUSD|5|1|-1|1750986000|1750986000|40:MSZZ|XAUUSD|5|1|-1|1750976100|1750977000|40:MSZZ|XAUUSD|5|1|-1|1750986000|1750986000;MSZZSE1|6:XAUUSD|1:5|1:1|2:-1|10:1751001600|40:MSZZ|XAUUSD|5|1|-1|1750986000|1750986000|40:MSZZ|XAUUSD|5|1|-1|1750976100|1750977000|40:MSZZ|XAUUSD|5|1|-1|1750986000|1750986000;MSZZ|XAUUSD|5|1|-1|1750976100|1750977000;MSZZ|XAUUSD|5|1|-1|1750986000|1750986000;3316.7936363636;3316.7936363636;3316.6560606061;3316.6560606061;MSZZ|XAUUSD|5|1|1|1750978800|1750980000;MSZZ|XAUUSD|5|1|1|1750978800|1750980000;MSZZ|XAUUSD|5|1|-1|1750986000|1750986000;MSZZ|XAUUSD|5|1|-1|1750986000|1750986000;2.7821428571;2.7821428571;0.2360606061;0.2360606061;16.1000000000;16.1000000000;PASS
2025.06.30 01:00:00;1;LONG;MSZZSE1|6:XAUUSD|1:5|1:1|1:1|10:1751245200|39:MSZZ|XAUUSD|5|1|1|1750978800|1750980000|39:MSZZ|XAUUSD|5|1|1|1750971000|1750971300|39:MSZZ|XAUUSD|5|1|1|1750978800|1750980000;MSZZSE1|6:XAUUSD|1:5|1:1|1:1|10:1751245200|39:MSZZ|XAUUSD|5|1|1|1750978800|1750980000|39:MSZZ|XAUUSD|5|1|1|1750971000|1750971300|39:MSZZ|XAUUSD|5|1|1|1750978800|1750980000;MSZZ|XAUUSD|5|1|1|1750971000|1750971300;MSZZ|XAUUSD|5|1|1|1750978800|1750980000;3285.5750000000;3285.5750000000;3193.3738461539;3193.3738461539;MSZZ|XAUUSD|5|1|-1|1750976100|1750977000;MSZZ|XAUUSD|5|1|-1|1750976100|1750977000;MSZZ|XAUUSD|5|1|1|1750978800|1750980000;MSZZ|XAUUSD|5|1|1|1750978800|1750980000;2.0292857143;2.0292857143;79.0161538461;79.0161538461;4.0300000000;4.0300000000;PASS
2025.06.02 14:45:00;2;SHORT;MSZZSE1|6:XAUUSD|1:5|1:2|2:-1|10:1748875500|40:MSZZ|XAUUSD|5|2|-1|1748867700|1748874600|40:MSZZ|XAUUSD|5|2|-1|1748840100|1748847300|40:MSZZ|XAUUSD|5|2|-1|1748867700|1748874600;MSZZSE1|6:XAUUSD|1:5|1:2|2:-1|10:1748875500|40:MSZZ|XAUUSD|5|2|-1|1748867700|1748874600|40:MSZZ|XAUUSD|5|2|-1|1748840100|1748847300|40:MSZZ|XAUUSD|5|2|-1|1748867700|1748874600;MSZZ|XAUUSD|5|2|-1|1748840100|1748847300;MSZZ|XAUUSD|5|2|-1|1748867700|1748874600;3356.1193478261;3356.1193478261;3356.5865217391;3356.5865217391;MSZZ|XAUUSD|5|2|1|1748860200|1748866200;MSZZ|XAUUSD|5|2|1|1748860200|1748866200;MSZZ|XAUUSD|5|2|-1|1748867700|1748874600;MSZZ|XAUUSD|5|2|-1|1748867700|1748874600;3.3764285714;3.3764285714;1.4165217391;1.4165217391;14.4600000000;14.4600000000;PASS
2025.06.02 15:10:00;2;SHORT;MSZZSE1|6:XAUUSD|1:5|1:2|2:-1|10:1748877000|40:MSZZ|XAUUSD|5|2|-1|1748867700|1748874600|40:MSZZ|XAUUSD|5|2|-1|1748840100|1748847300|40:MSZZ|XAUUSD|5|2|-1|1748867700|1748874600;MSZZSE1|6:XAUUSD|1:5|1:2|2:-1|10:1748877000|40:MSZZ|XAUUSD|5|2|-1|1748867700|1748874600|40:MSZZ|XAUUSD|5|2|-1|1748840100|1748847300|40:MSZZ|XAUUSD|5|2|-1|1748867700|1748874600;MSZZ|XAUUSD|5|2|-1|1748840100|1748847300;MSZZ|XAUUSD|5|2|-1|1748867700|1748874600;3358.4552173913;3358.4552173913;3358.9223913043;3358.9223913043;MSZZ|XAUUSD|5|2|1|1748860200|1748866200;MSZZ|XAUUSD|5|2|1|1748860200|1748866200;MSZZ|XAUUSD|5|2|-1|1748867700|1748874600;MSZZ|XAUUSD|5|2|-1|1748867700|1748874600;3.3607142857;3.3607142857;1.1423913043;1.1423913043;14.4600000000;14.4600000000;PASS
2025.06.02 15:45:00;2;SHORT;MSZZSE1|6:XAUUSD|1:5|1:2|2:-1|10:1748879100|40:MSZZ|XAUUSD|5|2|-1|1748867700|1748874600|40:MSZZ|XAUUSD|5|2|-1|1748840100|1748847300|40:MSZZ|XAUUSD|5|2|-1|1748867700|1748874600;MSZZSE1|6:XAUUSD|1:5|1:2|2:-1|10:1748879100|40:MSZZ|XAUUSD|5|2|-1|1748867700|1748874600|40:MSZZ|XAUUSD|5|2|-1|1748840100|1748847300|40:MSZZ|XAUUSD|5|2|-1|1748867700|1748874600;MSZZ|XAUUSD|5|2|-1|1748840100|1748847300;MSZZ|XAUUSD|5|2|-1|1748867700|1748874600;3361.7254347826;3361.7254347826;3362.1926086957;3362.1926086957;MSZZ|XAUUSD|5|2|1|1748860200|1748866200;MSZZ|XAUUSD|5|2|1|1748860200|1748866200;MSZZ|XAUUSD|5|2|-1|1748867700|1748874600;MSZZ|XAUUSD|5|2|-1|1748867700|1748874600;3.2785714286;3.2785714286;1.6826086957;1.6826086957;14.4600000000;14.4600000000;PASS
2025.06.02 16:40:00;2;LONG;MSZZSE1|6:XAUUSD|1:5|1:2|1:1|10:1748882400|39:MSZZ|XAUUSD|5|2|1|1748878200|1748881500|39:MSZZ|XAUUSD|5|2|1|1748860200|1748866200|39:MSZZ|XAUUSD|5|2|1|1748878200|1748881500;MSZZSE1|6:XAUUSD|1:5|1:2|1:1|10:1748882400|39:MSZZ|XAUUSD|5|2|1|1748878200|1748881500|39:MSZZ|XAUUSD|5|2|1|1748860200|1748866200|39:MSZZ|XAUUSD|5|2|1|1748878200|1748881500;MSZZ|XAUUSD|5|2|1|1748860200|1748866200;MSZZ|XAUUSD|5|2|1|1748878200|1748881500;3364.6791666667;3364.6791666667;3364.7583333333;3364.7583333333;MSZZ|XAUUSD|5|2|-1|1748867700|1748874600;MSZZ|XAUUSD|5|2|-1|1748867700|1748874600;MSZZ|XAUUSD|5|2|1|1748878200|1748881500;MSZZ|XAUUSD|5|2|1|1748878200|1748881500;3.9921428571;3.9921428571;1.8416666667;1.8416666667;22.4300000000;22.4300000000;PASS
2025.06.03 06:40:00;2;SHORT;MSZZSE1|6:XAUUSD|1:5|1:2|2:-1|10:1748932800|40:MSZZ|XAUUSD|5|2|-1|1748924700|1748927700|40:MSZZ|XAUUSD|5|2|-1|1748893800|1748900400|40:MSZZ|XAUUSD|5|2|-1|1748924700|1748927700;MSZZSE1|6:XAUUSD|1:5|1:2|2:-1|10:1748932800|40:MSZZ|XAUUSD|5|2|-1|1748924700|1748927700|40:MSZZ|XAUUSD|5|2|-1|1748893800|1748900400|40:MSZZ|XAUUSD|5|2|-1|1748924700|1748927700;MSZZ|XAUUSD|5|2|-1|1748893800|1748900400;MSZZ|XAUUSD|5|2|-1|1748924700|1748927700;3361.8155339806;3361.8155339806;3361.7576699029;3361.7576699029;MSZZ|XAUUSD|5|2|1|1748917500|1748917800;MSZZ|XAUUSD|5|2|1|1748917500|1748917800;MSZZ|XAUUSD|5|2|-1|1748924700|1748927700;MSZZ|XAUUSD|5|2|-1|1748924700|1748927700;3.7142857143;3.7142857143;0.3876699029;0.3876699029;32.4100000000;32.4100000000;PASS
2025.06.03 06:55:00;2;SHORT;MSZZSE1|6:XAUUSD|1:5|1:2|2:-1|10:1748933700|40:MSZZ|XAUUSD|5|2|-1|1748924700|1748927700|40:MSZZ|XAUUSD|5|2|-1|1748893800|1748900400|40:MSZZ|XAUUSD|5|2|-1|1748924700|1748927700;MSZZSE1|6:XAUUSD|1:5|1:2|2:-1|10:1748933700|40:MSZZ|XAUUSD|5|2|-1|1748924700|1748927700|40:MSZZ|XAUUSD|5|2|-1|1748893800|1748900400|40:MSZZ|XAUUSD|5|2|-1|1748924700|1748927700;MSZZ|XAUUSD|5|2|-1|1748893800|1748900400;MSZZ|XAUUSD|5|2|-1|1748924700|1748927700;3361.6419417476;3361.6419417476;3361.5840776699;3361.5840776699;MSZZ|XAUUSD|5|2|1|1748917500|1748917800;MSZZ|XAUUSD|5|2|1|1748917500|1748917800;MSZZ|XAUUSD|5|2|-1|1748924700|1748927700;MSZZ|XAUUSD|5|2|-1|1748924700|1748927700;3.3171428571;3.3171428571;0.4440776699;0.4440776699;31.5900000000;31.5900000000;PASS
2025.06.03 07:35:00;2;SHORT;MSZZSE1|6:XAUUSD|1:5|1:2|2:-1|10:1748936100|40:MSZZ|XAUUSD|5|2|-1|1748924700|1748927700|40:MSZZ|XAUUSD|5|2|-1|1748893800|1748900400|40:MSZZ|XAUUSD|5|2|-1|1748924700|1748927700;MSZZSE1|6:XAUUSD|1:5|1:2|2:-1|10:1748936100|40:MSZZ|XAUUSD|5|2|-1|1748924700|1748927700|40:MSZZ|XAUUSD|5|2|-1|1748893800|1748900400|40:MSZZ|XAUUSD|5|2|-1|1748924700|1748927700;MSZZ|XAUUSD|5|2|-1|1748893800|1748900400;MSZZ|XAUUSD|5|2|-1|1748924700|1748927700;3361.1790291262;3361.1790291262;3361.1211650485;3361.1211650485;MSZZ|XAUUSD|5|2|1|1748917500|1748917800;MSZZ|XAUUSD|5|2|1|1748917500|1748917800;MSZZ|XAUUSD|5|2|-1|1748924700|1748927700;MSZZ|XAUUSD|5|2|-1|1748924700|1748927700;2.8121428571;2.8121428571;0.9511650485;0.9511650485;33.0000000000;33.0000000000;PASS
2025.06.03 08:20:00;2;LONG;MSZZSE1|6:XAUUSD|1:5|1:2|1:1|10:1748938800|39:MSZZ|XAUUSD|5|2|1|1748927700|1748929200|39:MSZZ|XAUUSD|5|2|1|1748917500|1748917800|39:MSZZ|XAUUSD|5|2|1|1748927700|1748929200;MSZZSE1|6:XAUUSD|1:5|1:2|1:1|10:1748938800|39:MSZZ|XAUUSD|5|2|1|1748927700|1748929200|39:MSZZ|XAUUSD|5|2|1|1748917500|1748917800|39:MSZZ|XAUUSD|5|2|1|1748927700|1748929200;MSZZ|XAUUSD|5|2|1|1748917500|1748917800;MSZZ|XAUUSD|5|2|1|1748927700|1748929200;3362.8605882353;3362.8605882353;3362.4408823529;3362.4408823529;MSZZ|XAUUSD|5|2|-1|1748924700|1748927700;MSZZ|XAUUSD|5|2|-1|1748924700|1748927700;MSZZ|XAUUSD|5|2|1|1748927700|1748929200;MSZZ|XAUUSD|5|2|1|1748927700|1748929200;2.2642857143;2.2642857143;0.5591176471;0.5591176471;14.6500000000;14.6500000000;PASS
2025.06.03 08:25:00;2;SHORT;MSZZSE1|6:XAUUSD|1:5|1:2|2:-1|10:1748939100|40:MSZZ|XAUUSD|5|2|-1|1748924700|1748927700|40:MSZZ|XAUUSD|5|2|-1|1748893800|1748900400|40:MSZZ|XAUUSD|5|2|-1|1748924700|1748927700;MSZZSE1|6:XAUUSD|1:5|1:2|2:-1|10:1748939100|40:MSZZ|XAUUSD|5|2|-1|1748924700|1748927700|40:MSZZ|XAUUSD|5|2|-1|1748893800|1748900400|40:MSZZ|XAUUSD|5|2|-1|1748924700|1748927700;MSZZ|XAUUSD|5|2|-1|1748893800|1748900400;MSZZ|XAUUSD|5|2|-1|1748924700|1748927700;3360.6003883495;3360.6003883495;3360.5425242718;3360.5425242718;MSZZ|XAUUSD|5|2|1|1748917500|1748917800;MSZZ|XAUUSD|5|2|1|1748917500|1748917800;MSZZ|XAUUSD|5|2|-1|1748924700|1748927700;MSZZ|XAUUSD|5|2|-1|1748924700|1748927700;2.4800000000;2.4800000000;1.4625242718;1.4625242718;33.2700000000;33.2700000000;PASS
2025.06.03 08:40:00;2;LONG;MSZZSE1|6:XAUUSD|1:5|1:2|1:1|10:1748940000|39:MSZZ|XAUUSD|5|2|1|1748927700|1748929200|39:MSZZ|XAUUSD|5|2|1|1748917500|1748917800|39:MSZZ|XAUUSD|5|2|1|1748927700|1748929200;MSZZSE1|6:XAUUSD|1:5|1:2|1:1|10:1748940000|39:MSZZ|XAUUSD|5|2|1|1748927700|1748929200|39:MSZZ|XAUUSD|5|2|1|1748917500|1748917800|39:MSZZ|XAUUSD|5|2|1|1748927700|1748929200;MSZZ|XAUUSD|5|2|1|1748917500|1748917800;MSZZ|XAUUSD|5|2|1|1748927700|1748929200;3361.1817647059;3361.1817647059;3360.7620588235;3360.7620588235;MSZZ|XAUUSD|5|2|-1|1748924700|1748927700;MSZZ|XAUUSD|5|2|-1|1748924700|1748927700;MSZZ|XAUUSD|5|2|1|1748927700|1748929200;MSZZ|XAUUSD|5|2|1|1748927700|1748929200;2.4464285714;2.4464285714;0.0279411765;0.0279411765;14.6500000000;14.6500000000;PASS
2025.06.03 09:45:00;2;SHORT;MSZZSE1|6:XAUUSD|1:5|1:2|2:-1|10:1748943900|40:MSZZ|XAUUSD|5|2|-1|1748939700|1748940300|40:MSZZ|XAUUSD|5|2|-1|1748924700|1748927700|40:MSZZ|XAUUSD|5|2|-1|1748939700|1748940300;MSZZSE1|6:XAUUSD|1:5|1:2|2:-1|10:1748943900|40:MSZZ|XAUUSD|5|2|-1|1748939700|1748940300|40:MSZZ|XAUUSD|5|2|-1|1748924700|1748927700|40:MSZZ|XAUUSD|5|2|-1|1748939700|1748940300;MSZZ|XAUUSD|5|2|-1|1748924700|1748927700;MSZZ|XAUUSD|5|2|-1|1748939700|1748940300;3354.4622000000;3354.4622000000;3354.3216000000;3354.3216000000;MSZZ|XAUUSD|5|2|1|1748927700|1748929200;MSZZ|XAUUSD|5|2|1|1748927700|1748929200;MSZZ|XAUUSD|5|2|-1|1748939700|1748940300;MSZZ|XAUUSD|5|2|-1|1748939700|1748940300;3.4928571429;3.4928571429;0.2116000000;0.2116000000;26.7600000000;26.7600000000;PASS
2025.06.03 10:05:00;2;SHORT;MSZZSE1|6:XAUUSD|1:5|1:2|2:-1|10:1748945100|40:MSZZ|XAUUSD|5|2|-1|1748939700|1748940300|40:MSZZ|XAUUSD|5|2|-1|1748924700|1748927700|40:MSZZ|XAUUSD|5|2|-1|1748939700|1748940300;MSZZSE1|6:XAUUSD|1:5|1:2|2:-1|10:1748945100|40:MSZZ|XAUUSD|5|2|-1|1748939700|1748940300|40:MSZZ|XAUUSD|5|2|-1|1748924700|1748927700|40:MSZZ|XAUUSD|5|2|-1|1748939700|1748940300;MSZZ|XAUUSD|5|2|-1|1748924700|1748927700;MSZZ|XAUUSD|5|2|-1|1748939700|1748940300;3353.8998000000;3353.8998000000;3353.7592000000;3353.7592000000;MSZZ|XAUUSD|5|2|1|1748927700|1748929200;MSZZ|XAUUSD|5|2|1|1748927700|1748929200;MSZZ|XAUUSD|5|2|-1|1748939700|1748940300;MSZZ|XAUUSD|5|2|-1|1748939700|1748940300;3.6850000000;3.6850000000;0.5092000000;0.5092000000;24.8700000000;24.8700000000;PASS
2025.06.03 11:00:00;2;LONG;MSZZSE1|6:XAUUSD|1:5|1:2|1:1|10:1748948400|39:MSZZ|XAUUSD|5|2|1|1748940600|1748943600|39:MSZZ|XAUUSD|5|2|1|1748927700|1748929200|39:MSZZ|XAUUSD|5|2|1|1748940600|1748943600;MSZZSE1|6:XAUUSD|1:5|1:2|1:1|10:1748948400|39:MSZZ|XAUUSD|5|2|1|1748940600|1748943600|39:MSZZ|XAUUSD|5|2|1|1748927700|1748929200|39:MSZZ|XAUUSD|5|2|1|1748940600|1748943600;MSZZ|XAUUSD|5|2|1|1748927700|1748929200;MSZZ|XAUUSD|5|2|1|1748940600|1748943600;3361.7290697674;3361.7290697674;3361.4902325581;3361.4902325581;MSZZ|XAUUSD|5|2|-1|1748939700|1748940300;MSZZ|XAUUSD|5|2|-1|1748939700|1748940300;MSZZ|XAUUSD|5|2|1|1748940600|1748943600;MSZZ|XAUUSD|5|2|1|1748940600|1748943600;2.9571428571;2.9571428571;0.6597674419;0.6597674419;11.4100000000;11.4100000000;PASS
2025.06.03 15:10:00;2;SHORT;MSZZSE1|6:XAUUSD|1:5|1:2|2:-1|10:1748963400|40:MSZZ|XAUUSD|5|2|-1|1748959800|1748961300|40:MSZZ|XAUUSD|5|2|-1|1748943900|1748948400|40:MSZZ|XAUUSD|5|2|-1|1748959800|1748961300;MSZZSE1|6:XAUUSD|1:5|1:2|2:-1|10:1748963400|40:MSZZ|XAUUSD|5|2|-1|1748959800|1748961300|40:MSZZ|XAUUSD|5|2|-1|1748943900|1748948400|40:MSZZ|XAUUSD|5|2|-1|1748959800|1748961300;MSZZ|XAUUSD|5|2|-1|1748943900|1748948400;MSZZ|XAUUSD|5|2|-1|1748959800|1748961300;3353.8786792453;3353.8786792453;3353.9203773585;3353.9203773585;MSZZ|XAUUSD|5|2|1|1748948700|1748953800;MSZZ|XAUUSD|5|2|1|1748948700|1748953800;MSZZ|XAUUSD|5|2|-1|1748959800|1748961300;MSZZ|XAUUSD|5|2|-1|1748959800|1748961300;2.3721428571;2.3721428571;0.6203773585;0.6203773585;12.7700000000;12.7700000000;PASS
2025.06.03 15:30:00;2;SHORT;MSZZSE1|6:XAUUSD|1:5|1:2|2:-1|10:1748964600|40:MSZZ|XAUUSD|5|2|-1|1748959800|1748961300|40:MSZZ|XAUUSD|5|2|-1|1748943900|1748948400|40:MSZZ|XAUUSD|5|2|-1|1748959800|1748961300;MSZZSE1|6:XAUUSD|1:5|1:2|2:-1|10:1748964600|40:MSZZ|XAUUSD|5|2|-1|1748959800|1748961300|40:MSZZ|XAUUSD|5|2|-1|1748943900|1748948400|40:MSZZ|XAUUSD|5|2|-1|1748959800|1748961300;MSZZ|XAUUSD|5|2|-1|1748943900|1748948400;MSZZ|XAUUSD|5|2|-1|1748959800|1748961300;3354.0454716981;3354.0454716981;3354.0871698113;3354.0871698113;MSZZ|XAUUSD|5|2|1|1748948700|1748953800;MSZZ|XAUUSD|5|2|1|1748948700|1748953800;MSZZ|XAUUSD|5|2|-1|1748959800|1748961300;MSZZ|XAUUSD|5|2|-1|1748959800|1748961300;2.7850000000;2.7850000000;0.3071698113;0.3071698113;11.8900000000;11.8900000000;PASS
2025.06.03 15:40:00;2;LONG;MSZZSE1|6:XAUUSD|1:5|1:2|1:1|10:1748965200|39:MSZZ|XAUUSD|5|2|1|1748962200|1748963100|39:MSZZ|XAUUSD|5|2|1|1748948700|1748953800|39:MSZZ|XAUUSD|5|2|1|1748962200|1748963100;MSZZSE1|6:XAUUSD|1:5|1:2|1:1|10:1748965200|39:MSZZ|XAUUSD|5|2|1|1748962200|1748963100|39:MSZZ|XAUUSD|5|2|1|1748948700|1748953800|39:MSZZ|XAUUSD|5|2|1|1748962200|1748963100;MSZZ|XAUUSD|5|2|1|1748948700|1748953800;MSZZ|XAUUSD|5|2|1|1748962200|1748963100;3359.6500000000;3359.6500000000;3359.5533333333;3359.5533333333;MSZZ|XAUUSD|5|2|-1|1748959800|1748961300;MSZZ|XAUUSD|5|2|-1|1748959800|1748961300;MSZZ|XAUUSD|5|2|1|1748962200|1748963100;MSZZ|XAUUSD|5|2|1|1748962200|1748963100;3.2150000000;3.2150000000;1.8966666667;1.8966666667;9.7000000000;9.7000000000;PASS
2025.06.03 15:55:00;2;LONG;MSZZSE1|6:XAUUSD|1:5|1:2|1:1|10:1748966100|39:MSZZ|XAUUSD|5|2|1|1748962200|1748963100|39:MSZZ|XAUUSD|5|2|1|1748948700|1748953800|39:MSZZ|XAUUSD|5|2|1|1748962200|1748963100;MSZZSE1|6:XAUUSD|1:5|1:2|1:1|10:1748966100|39:MSZZ|XAUUSD|5|2|1|1748962200|1748963100|39:MSZZ|XAUUSD|5|2|1|1748948700|1748953800|39:MSZZ|XAUUSD|5|2|1|1748962200|1748963100;MSZZ|XAUUSD|5|2|1|1748948700|1748953800;MSZZ|XAUUSD|5|2|1|1748962200|1748963100;3359.3600000000;3359.3600000000;3359.2633333333;3359.2633333333;MSZZ|XAUUSD|5|2|-1|1748959800|1748961300;MSZZ|XAUUSD|5|2|-1|1748959800|1748961300;MSZZ|XAUUSD|5|2|1|1748962200|1748963100;MSZZ|XAUUSD|5|2|1|1748962200|1748963100;3.5507142857;3.5507142857;0.1166666667;0.1166666667;7.1000000000;7.1000000000;PASS
2025.06.03 16:50:00;2;SHORT;MSZZSE1|6:XAUUSD|1:5|1:2|2:-1|10:1748969400|40:MSZZ|XAUUSD|5|2|-1|1748964000|1748965200|40:MSZZ|XAUUSD|5|2|-1|1748959800|1748961300|40:MSZZ|XAUUSD|5|2|-1|1748964000|1748965200;MSZZSE1|6:XAUUSD|1:5|1:2|2:-1|10:1748969400|40:MSZZ|XAUUSD|5|2|-1|1748964000|1748965200|40:MSZZ|XAUUSD|5|2|-1|1748959800|1748961300|40:MSZZ|XAUUSD|5|2|-1|1748964000|1748965200;MSZZ|XAUUSD|5|2|-1|1748959800|1748961300;MSZZ|XAUUSD|5|2|-1|1748964000|1748965200;3343.8100000000;3343.8100000000;3343.5000000000;3343.5000000000;MSZZ|XAUUSD|5|2|1|1748962200|1748963100;MSZZ|XAUUSD|5|2|1|1748962200|1748963100;MSZZ|XAUUSD|5|2|-1|1748964000|1748965200;MSZZ|XAUUSD|5|2|-1|1748964000|1748965200;4.3085714286;4.3085714286;0.1600000000;0.1600000000;19.5000000000;19.5000000000;PASS
2025.06.03 17:00:00;2;SHORT;MSZZSE1|6:XAUUSD|1:5|1:2|2:-1|10:1748970000|40:MSZZ|XAUUSD|5|2|-1|1748964000|1748965200|40:MSZZ|XAUUSD|5|2|-1|1748959800|1748961300|40:MSZZ|XAUUSD|5|2|-1|1748964000|1748965200;MSZZSE1|6:XAUUSD|1:5|1:2|2:-1|10:1748970000|40:MSZZ|XAUUSD|5|2|-1|1748964000|1748965200|40:MSZZ|XAUUSD|5|2|-1|1748959800|1748961300|40:MSZZ|XAUUSD|5|2|-1|1748964000|1748965200;MSZZ|XAUUSD|5|2|-1|1748959800|1748961300;MSZZ|XAUUSD|5|2|-1|1748964000|1748965200;3343.1900000000;3343.1900000000;3342.8800000000;3342.8800000000;MSZZ|XAUUSD|5|2|1|1748962200|1748963100;MSZZ|XAUUSD|5|2|1|1748962200|1748963100;MSZZ|XAUUSD|5|2|-1|1748964000|1748965200;MSZZ|XAUUSD|5|2|-1|1748964000|1748965200;4.8221428571;4.8221428571;6.3900000000;6.3900000000;25.7800000000;25.7800000000;PASS
2025.06.03 20:10:00;2;LONG;MSZZSE1|6:XAUUSD|1:5|1:2|1:1|10:1748981400|39:MSZZ|XAUUSD|5|2|1|1748977800|1748979900|39:MSZZ|XAUUSD|5|2|1|1748966700|1748968800|39:MSZZ|XAUUSD|5|2|1|1748977800|1748979900;MSZZSE1|6:XAUUSD|1:5|1:2|1:1|10:1748981400|39:MSZZ|XAUUSD|5|2|1|1748977800|1748979900|39:MSZZ|XAUUSD|5|2|1|1748966700|1748968800|39:MSZZ|XAUUSD|5|2|1|1748977800|1748979900;MSZZ|XAUUSD|5|2|1|1748966700|1748968800;MSZZ|XAUUSD|5|2|1|1748977800|1748979900;3350.6889189189;3350.6889189189;3350.4297297297;3350.4297297297;MSZZ|XAUUSD|5|2|-1|1748970300|1748973300;MSZZ|XAUUSD|5|2|-1|1748970300|1748973300;MSZZ|XAUUSD|5|2|1|1748977800|1748979900;MSZZ|XAUUSD|5|2|1|1748977800|1748979900;2.2078571429;2.2078571429;0.5402702703;0.5402702703;20.4200000000;20.4200000000;PASS
2025.06.03 21:30:00;2;SHORT;MSZZSE1|6:XAUUSD|1:5|1:2|2:-1|10:1748986200|40:MSZZ|XAUUSD|5|2|-1|1748979900|1748981700|40:MSZZ|XAUUSD|5|2|-1|1748970300|1748973300|40:MSZZ|XAUUSD|5|2|-1|1748979900|1748981700;MSZZSE1|6:XAUUSD|1:5|1:2|2:-1|10:1748986200|40:MSZZ|XAUUSD|5|2|-1|1748979900|1748981700|40:MSZZ|XAUUSD|5|2|-1|1748970300|1748973300|40:MSZZ|XAUUSD|5|2|-1|1748979900|1748981700;MSZZ|XAUUSD|5|2|-1|1748970300|1748973300;MSZZ|XAUUSD|5|2|-1|1748979900|1748981700;3351.8400000000;3351.8400000000;3352.2000000000;3352.2000000000;MSZZ|XAUUSD|5|2|1|1748977800|1748979900;MSZZ|XAUUSD|5|2|1|1748977800|1748979900;MSZZ|XAUUSD|5|2|-1|1748979900|1748981700;MSZZ|XAUUSD|5|2|-1|1748979900|1748981700;1.3857142857;1.3857142857;0.2700000000;0.2700000000;8.9000000000;8.9000000000;PASS
2025.06.03 22:10:00;2;SHORT;MSZZSE1|6:XAUUSD|1:5|1:2|2:-1|10:1748988600|40:MSZZ|XAUUSD|5|2|-1|1748979900|1748981700|40:MSZZ|XAUUSD|5|2|-1|1748970300|1748973300|40:MSZZ|XAUUSD|5|2|-1|1748979900|1748981700;MSZZSE1|6:XAUUSD|1:5|1:2|2:-1|10:1748988600|40:MSZZ|XAUUSD|5|2|-1|1748979900|1748981700|40:MSZZ|XAUUSD|5|2|-1|1748970300|1748973300|40:MSZZ|XAUUSD|5|2|-1|1748979900|1748981700;MSZZ|XAUUSD|5|2|-1|1748970300|1748973300;MSZZ|XAUUSD|5|2|-1|1748979900|1748981700;3354.7200000000;3354.7200000000;3355.0800000000;3355.0800000000;MSZZ|XAUUSD|5|2|1|1748977800|1748979900;MSZZ|XAUUSD|5|2|1|1748977800|1748979900;MSZZ|XAUUSD|5|2|-1|1748979900|1748981700;MSZZ|XAUUSD|5|2|-1|1748979900|1748981700;1.2792857143;1.2792857143;0.6200000000;0.6200000000;8.9000000000;8.9000000000;PASS
2025.06.04 04:30:00;2;LONG;MSZZSE1|6:XAUUSD|1:5|1:2|1:1|10:1749011400|39:MSZZ|XAUUSD|5|2|1|1749003300|1749003900|39:MSZZ|XAUUSD|5|2|1|1748977800|1748979900|39:MSZZ|XAUUSD|5|2|1|1749003300|1749003900;MSZZSE1|6:XAUUSD|1:5|1:2|1:1|10:1749011400|39:MSZZ|XAUUSD|5|2|1|1749003300|1749003900|39:MSZZ|XAUUSD|5|2|1|1748977800|1748979900|39:MSZZ|XAUUSD|5|2|1|1749003300|1749003900;MSZZ|XAUUSD|5|2|1|1748977800|1748979900;MSZZ|XAUUSD|5|2|1|1749003300|1749003900;3364.1568235294;3364.1568235294;3364.2524705882;3364.2524705882;MSZZ|XAUUSD|5|2|-1|1748979900|1748981700;MSZZ|XAUUSD|5|2|-1|1748979900|1748981700;MSZZ|XAUUSD|5|2|1|1749003300|1749003900;MSZZ|XAUUSD|5|2|1|1749003300|1749003900;3.5128571429;3.5128571429;2.8375294118;2.8375294118;22.6800000000;22.6800000000;PASS
2025.06.04 12:05:00;2;LONG;MSZZSE1|6:XAUUSD|1:5|1:2|1:1|10:1749038700|39:MSZZ|XAUUSD|5|2|1|1749033300|1749034500|39:MSZZ|XAUUSD|5|2|1|1749013800|1749015600|39:MSZZ|XAUUSD|5|2|1|1749033300|1749034500;MSZZSE1|6:XAUUSD|1:5|1:2|1:1|10:1749038700|39:MSZZ|XAUUSD|5|2|1|1749033300|1749034500|39:MSZZ|XAUUSD|5|2|1|1749013800|1749015600|39:MSZZ|XAUUSD|5|2|1|1749033300|1749034500;MSZZ|XAUUSD|5|2|1|1749013800|1749015600;MSZZ|XAUUSD|5|2|1|1749033300|1749034500;3363.3703076923;3363.3703076923;3363.2573846154;3363.2573846154;MSZZ|XAUUSD|5|2|-1|1749026100|1749031200;MSZZ|XAUUSD|5|2|-1|1749026100|1749031200;MSZZ|XAUUSD|5|2|1|1749033300|1749034500;MSZZ|XAUUSD|5|2|1|1749033300|1749034500;2.2992857143;2.2992857143;0.5326153846;0.5326153846;17.2500000000;17.2500000000;PASS
2025.06.04 12:20:00;2;LONG;MSZZSE1|6:XAUUSD|1:5|1:2|1:1|10:1749039600|39:MSZZ|XAUUSD|5|2|1|1749033300|1749034500|39:MSZZ|XAUUSD|5|2|1|1749013800|1749015600|39:MSZZ|XAUUSD|5|2|1|1749033300|1749034500;MSZZSE1|6:XAUUSD|1:5|1:2|1:1|10:1749039600|39:MSZZ|XAUUSD|5|2|1|1749033300|1749034500|39:MSZZ|XAUUSD|5|2|1|1749013800|1749015600|39:MSZZ|XAUUSD|5|2|1|1749033300|1749034500;MSZZ|XAUUSD|5|2|1|1749013800|1749015600;MSZZ|XAUUSD|5|2|1|1749033300|1749034500;3363.0315384615;3363.0315384615;3362.9186153846;3362.9186153846;MSZZ|XAUUSD|5|2|-1|1749026100|1749031200;MSZZ|XAUUSD|5|2|-1|1749026100|1749031200;MSZZ|XAUUSD|5|2|1|1749033300|1749034500;MSZZ|XAUUSD|5|2|1|1749033300|1749034500;2.2200000000;2.2200000000;0.0013846154;0.0013846154;17.2500000000;17.2500000000;PASS
2025.06.04 12:55:00;2;LONG;MSZZSE1|6:XAUUSD|1:5|1:2|1:1|10:1749041700|39:MSZZ|XAUUSD|5|2|1|1749033300|1749034500|39:MSZZ|XAUUSD|5|2|1|1749013800|1749015600|39:MSZZ|XAUUSD|5|2|1|1749033300|1749034500;MSZZSE1|6:XAUUSD|1:5|1:2|1:1|10:1749041700|39:MSZZ|XAUUSD|5|2|1|1749033300|1749034500|39:MSZZ|XAUUSD|5|2|1|1749013800|1749015600|39:MSZZ|XAUUSD|5|2|1|1749033300|1749034500;MSZZ|XAUUSD|5|2|1|1749013800|1749015600;MSZZ|XAUUSD|5|2|1|1749033300|1749034500;3362.2410769231;3362.2410769231;3362.1281538462;3362.1281538462;MSZZ|XAUUSD|5|2|-1|1749026100|1749031200;MSZZ|XAUUSD|5|2|-1|1749026100|1749031200;MSZZ|XAUUSD|5|2|1|1749033300|1749034500;MSZZ|XAUUSD|5|2|1|1749033300|1749034500;2.2507142857;2.2507142857;0.8218461538;0.8218461538;17.2500000000;17.2500000000;PASS
2025.06.04 13:40:00;2;SHORT;MSZZSE1|6:XAUUSD|1:5|1:2|2:-1|10:1749044400|40:MSZZ|XAUUSD|5|2|-1|1749035100|1749037500|40:MSZZ|XAUUSD|5|2|-1|1749026100|1749031200|40:MSZZ|XAUUSD|5|2|-1|1749035100|1749037500;MSZZSE1|6:XAUUSD|1:5|1:2|2:-1|10:1749044400|40:MSZZ|XAUUSD|5|2|-1|1749035100|1749037500|40:MSZZ|XAUUSD|5|2|-1|1749026100|1749031200|40:MSZZ|XAUUSD|5|2|-1|1749035100|1749037500;MSZZ|XAUUSD|5|2|-1|1749026100|1749031200;MSZZ|XAUUSD|5|2|-1|1749035100|1749037500;3355.5800000000;3355.5800000000;3355.7056666667;3355.7056666667;MSZZ|XAUUSD|5|2|1|1749033300|1749034500;MSZZ|XAUUSD|5|2|1|1749033300|1749034500;MSZZ|XAUUSD|5|2|-1|1749035100|1749037500;MSZZ|XAUUSD|5|2|-1|1749035100|1749037500;2.2328571429;2.2328571429;1.2356666667;1.2356666667;13.4800000000;13.4800000000;PASS
2025.06.04 17:05:00;2;LONG;MSZZSE1|6:XAUUSD|1:5|1:2|1:1|10:1749056700|39:MSZZ|XAUUSD|5|2|1|1749039900|1749043800|39:MSZZ|XAUUSD|5|2|1|1749033300|1749034500|39:MSZZ|XAUUSD|5|2|1|1749039900|1749043800;MSZZSE1|6:XAUUSD|1:5|1:2|1:1|10:1749056700|39:MSZZ|XAUUSD|5|2|1|1749039900|1749043800|39:MSZZ|XAUUSD|5|2|1|1749033300|1749034500|39:MSZZ|XAUUSD|5|2|1|1749039900|1749043800;MSZZ|XAUUSD|5|2|1|1749033300|1749034500;MSZZ|XAUUSD|5|2|1|1749039900|1749043800;3364.1700000000;3364.1700000000;3364.1554545455;3364.1554545455;MSZZ|XAUUSD|5|2|-1|1749035100|1749037500;MSZZ|XAUUSD|5|2|-1|1749035100|1749037500;MSZZ|XAUUSD|5|2|1|1749039900|1749043800;MSZZ|XAUUSD|5|2|1|1749039900|1749043800;4.5364285714;4.5364285714;0.3345454545;0.3345454545;13.9200000000;13.9200000000;PASS
2025.06.05 02:25:00;2;LONG;MSZZSE1|6:XAUUSD|1:5|1:2|1:1|10:1749090300|39:MSZZ|XAUUSD|5|2|1|1749071100|1749073200|39:MSZZ|XAUUSD|5|2|1|1749058800|1749062100|39:MSZZ|XAUUSD|5|2|1|1749071100|1749073200;MSZZSE1|6:XAUUSD|1:5|1:2|1:1|10:1749090300|39:MSZZ|XAUUSD|5|2|1|1749071100|1749073200|39:MSZZ|XAUUSD|5|2|1|1749058800|1749062100|39:MSZZ|XAUUSD|5|2|1|1749071100|1749073200;MSZZ|XAUUSD|5|2|1|1749058800|1749062100;MSZZ|XAUUSD|5|2|1|1749071100|1749073200;3378.3185365854;3378.3185365854;3378.2575609756;3378.2575609756;MSZZ|XAUUSD|5|2|-1|1749062100|1749068400;MSZZ|XAUUSD|5|2|-1|1749062100|1749068400;MSZZ|XAUUSD|5|2|1|1749071100|1749073200;MSZZ|XAUUSD|5|2|1|1749071100|1749073200;1.4728571429;1.4728571429;0.3824390244;0.3824390244;12.4500000000;12.4500000000;PASS
2025.06.05 02:55:00;2;LONG;MSZZSE1|6:XAUUSD|1:5|1:2|1:1|10:1749092100|39:MSZZ|XAUUSD|5|2|1|1749071100|1749073200|39:MSZZ|XAUUSD|5|2|1|1749058800|1749062100|39:MSZZ|XAUUSD|5|2|1|1749071100|1749073200;MSZZSE1|6:XAUUSD|1:5|1:2|1:1|10:1749092100|39:MSZZ|XAUUSD|5|2|1|1749071100|1749073200|39:MSZZ|XAUUSD|5|2|1|1749058800|1749062100|39:MSZZ|XAUUSD|5|2|1|1749071100|1749073200;MSZZ|XAUUSD|5|2|1|1749058800|1749062100;MSZZ|XAUUSD|5|2|1|1749071100|1749073200;3377.9526829268;3377.9526829268;3377.8917073171;3377.8917073171;MSZZ|XAUUSD|5|2|-1|1749062100|1749068400;MSZZ|XAUUSD|5|2|-1|1749062100|1749068400;MSZZ|XAUUSD|5|2|1|1749071100|1749073200;MSZZ|XAUUSD|5|2|1|1749071100|1749073200;1.6150000000;1.6150000000;0.2482926829;0.2482926829;12.4500000000;12.4500000000;PASS
2025.06.05 03:10:00;2;LONG;MSZZSE1|6:XAUUSD|1:5|1:2|1:1|10:1749093000|39:MSZZ|XAUUSD|5|2|1|1749071100|1749073200|39:MSZZ|XAUUSD|5|2|1|1749058800|1749062100|39:MSZZ|XAUUSD|5|2|1|1749071100|1749073200;MSZZSE1|6:XAUUSD|1:5|1:2|1:1|10:1749093000|39:MSZZ|XAUUSD|5|2|1|1749071100|1749073200|39:MSZZ|XAUUSD|5|2|1|1749058800|1749062100|39:MSZZ|XAUUSD|5|2|1|1749071100|1749073200;MSZZ|XAUUSD|5|2|1|1749058800|1749062100;MSZZ|XAUUSD|5|2|1|1749071100|1749073200;3377.7697560976;3377.7697560976;3377.7087804878;3377.7087804878;MSZZ|XAUUSD|5|2|-1|1749062100|1749068400;MSZZ|XAUUSD|5|2|-1|1749062100|1749068400;MSZZ|XAUUSD|5|2|1|1749071100|1749073200;MSZZ|XAUUSD|5|2|1|1749071100|1749073200;2.1707142857;2.1707142857;0.4912195122;0.4912195122;12.4500000000;12.4500000000;PASS
2025.06.05 03:50:00;2;LONG;MSZZSE1|6:XAUUSD|1:5|1:2|1:1|10:1749095400|39:MSZZ|XAUUSD|5|2|1|1749071100|1749073200|39:MSZZ|XAUUSD|5|2|1|1749058800|1749062100|39:MSZZ|XAUUSD|5|2|1|1749071100|1749073200;MSZZSE1|6:XAUUSD|1:5|1:2|1:1|10:1749095400|39:MSZZ|XAUUSD|5|2|1|1749071100|1749073200|39:MSZZ|XAUUSD|5|2|1|1749058800|1749062100|39:MSZZ|XAUUSD|5|2|1|1749071100|1749073200;MSZZ|XAUUSD|5|2|1|1749058800|1749062100;MSZZ|XAUUSD|5|2|1|1749071100|1749073200;3377.2819512195;3377.2819512195;3377.2209756098;3377.2209756098;MSZZ|XAUUSD|5|2|-1|1749062100|1749068400;MSZZ|XAUUSD|5|2|-1|1749062100|1749068400;MSZZ|XAUUSD|5|2|1|1749071100|1749073200;MSZZ|XAUUSD|5|2|1|1749071100|1749073200;2.7814285714;2.7814285714;2.0990243902;2.0990243902;12.4500000000;12.4500000000;PASS
2025.06.05 04:25:00;2;LONG;MSZZSE1|6:XAUUSD|1:5|1:2|1:1|10:1749097500|39:MSZZ|XAUUSD|5|2|1|1749071100|1749073200|39:MSZZ|XAUUSD|5|2|1|1749058800|1749062100|39:MSZZ|XAUUSD|5|2|1|1749071100|1749073200;MSZZSE1|6:XAUUSD|1:5|1:2|1:1|10:1749097500|39:MSZZ|XAUUSD|5|2|1|1749071100|1749073200|39:MSZZ|XAUUSD|5|2|1|1749058800|1749062100|39:MSZZ|XAUUSD|5|2|1|1749071100|1749073200;MSZZ|XAUUSD|5|2|1|1749058800|1749062100;MSZZ|XAUUSD|5|2|1|1749071100|1749073200;3376.8551219512;3376.8551219512;3376.7941463415;3376.7941463415;MSZZ|XAUUSD|5|2|-1|1749062100|1749068400;MSZZ|XAUUSD|5|2|-1|1749062100|1749068400;MSZZ|XAUUSD|5|2|1|1749071100|1749073200;MSZZ|XAUUSD|5|2|1|1749071100|1749073200;2.9914285714;2.9914285714;0.9058536585;0.9058536585;12.4500000000;12.4500000000;PASS
2025.06.05 05:10:00;2;SHORT;MSZZSE1|6:XAUUSD|1:5|1:2|2:-1|10:1749100200|40:MSZZ|XAUUSD|5|2|-1|1749078000|1749089700|40:MSZZ|XAUUSD|5|2|-1|1749062100|1749068400|40:MSZZ|XAUUSD|5|2|-1|1749078000|1749089700;MSZZSE1|6:XAUUSD|1:5|1:2|2:-1|10:1749100200|40:MSZZ|XAUUSD|5|2|-1|1749078000|1749089700|40:MSZZ|XAUUSD|5|2|-1|1749062100|1749068400|40:MSZZ|XAUUSD|5|2|-1|1749078000|1749089700;MSZZ|XAUUSD|5|2|-1|1749062100|1749068400;MSZZ|XAUUSD|5|2|-1|1749078000|1749089700;3371.9684905660;3371.9684905660;3371.9864150943;3371.9864150943;MSZZ|XAUUSD|5|2|1|1749071100|1749073200;MSZZ|XAUUSD|5|2|1|1749071100|1749073200;MSZZ|XAUUSD|5|2|-1|1749078000|1749089700;MSZZ|XAUUSD|5|2|-1|1749078000|1749089700;2.9942857143;2.9942857143;1.4564150943;1.4564150943;12.7200000000;12.7200000000;PASS
2025.06.05 05:35:00;2;SHORT;MSZZSE1|6:XAUUSD|1:5|1:2|2:-1|10:1749101700|40:MSZZ|XAUUSD|5|2|-1|1749078000|1749089700|40:MSZZ|XAUUSD|5|2|-1|1749062100|1749068400|40:MSZZ|XAUUSD|5|2|-1|1749078000|1749089700;MSZZSE1|6:XAUUSD|1:5|1:2|2:-1|10:1749101700|40:MSZZ|XAUUSD|5|2|-1|1749078000|1749089700|40:MSZZ|XAUUSD|5|2|-1|1749062100|1749068400|40:MSZZ|XAUUSD|5|2|-1|1749078000|1749089700;MSZZ|XAUUSD|5|2|-1|1749062100|1749068400;MSZZ|XAUUSD|5|2|-1|1749078000|1749089700;3372.0581132075;3372.0581132075;3372.0760377358;3372.0760377358;MSZZ|XAUUSD|5|2|1|1749071100|1749073200;MSZZ|XAUUSD|5|2|1|1749071100|1749073200;MSZZ|XAUUSD|5|2|-1|1749078000|1749089700;MSZZ|XAUUSD|5|2|-1|1749078000|1749089700;2.7778571429;2.7778571429;1.1760377358;1.1760377358;11.6000000000;11.6000000000;PASS
2025.06.05 07:20:00;2;SHORT;MSZZSE1|6:XAUUSD|1:5|1:2|2:-1|10:1749108000|40:MSZZ|XAUUSD|5|2|-1|1749102000|1749105000|40:MSZZ|XAUUSD|5|2|-1|1749078000|1749089700|40:MSZZ|XAUUSD|5|2|-1|1749102000|1749105000;MSZZSE1|6:XAUUSD|1:5|1:2|2:-1|10:1749108000|40:MSZZ|XAUUSD|5|2|-1|1749102000|1749105000|40:MSZZ|XAUUSD|5|2|-1|1749078000|1749089700|40:MSZZ|XAUUSD|5|2|-1|1749102000|1749105000;MSZZ|XAUUSD|5|2|-1|1749078000|1749089700;MSZZ|XAUUSD|5|2|-1|1749102000|1749105000;3367.7147500000;3367.7147500000;3367.6850000000;3367.6850000000;MSZZ|XAUUSD|5|2|1|1749096300|1749098100;MSZZ|XAUUSD|5|2|1|1749096300|1749098100;MSZZ|XAUUSD|5|2|-1|1749102000|1749105000;MSZZ|XAUUSD|5|2|-1|1749102000|1749105000;2.4992857143;2.4992857143;0.1350000000;0.1350000000;16.6000000000;16.6000000000;PASS
2025.06.05 07:45:00;2;SHORT;MSZZSE1|6:XAUUSD|1:5|1:2|2:-1|10:1749109500|40:MSZZ|XAUUSD|5|2|-1|1749102000|1749105000|40:MSZZ|XAUUSD|5|2|-1|1749078000|1749089700|40:MSZZ|XAUUSD|5|2|-1|1749102000|1749105000;MSZZSE1|6:XAUUSD|1:5|1:2|2:-1|10:1749109500|40:MSZZ|XAUUSD|5|2|-1|1749102000|1749105000|40:MSZZ|XAUUSD|5|2|-1|1749078000|1749089700|40:MSZZ|XAUUSD|5|2|-1|1749102000|1749105000;MSZZ|XAUUSD|5|2|-1|1749078000|1749089700;MSZZ|XAUUSD|5|2|-1|1749102000|1749105000;3367.5660000000;3367.5660000000;3367.5362500000;3367.5362500000;MSZZ|XAUUSD|5|2|1|1749096300|1749098100;MSZZ|XAUUSD|5|2|1|1749096300|1749098100;MSZZ|XAUUSD|5|2|-1|1749102000|1749105000;MSZZ|XAUUSD|5|2|-1|1749102000|1749105000;2.5992857143;2.5992857143;0.4862500000;0.4862500000;17.4900000000;17.4900000000;PASS
2025.06.05 08:20:00;2;SHORT;MSZZSE1|6:XAUUSD|1:5|1:2|2:-1|10:1749111600|40:MSZZ|XAUUSD|5|2|-1|1749102000|1749105000|40:MSZZ|XAUUSD|5|2|-1|1749078000|1749089700|40:MSZZ|XAUUSD|5|2|-1|1749102000|1749105000;MSZZSE1|6:XAUUSD|1:5|1:2|2:-1|10:1749111600|40:MSZZ|XAUUSD|5|2|-1|1749102000|1749105000|40:MSZZ|XAUUSD|5|2|-1|1749078000|1749089700|40:MSZZ|XAUUSD|5|2|-1|1749102000|1749105000;MSZZ|XAUUSD|5|2|-1|1749078000|1749089700;MSZZ|XAUUSD|5|2|-1|1749102000|1749105000;3367.3577500000;3367.3577500000;3367.3280000000;3367.3280000000;MSZZ|XAUUSD|5|2|1|1749096300|1749098100;MSZZ|XAUUSD|5|2|1|1749096300|1749098100;MSZZ|XAUUSD|5|2|-1|1749102000|1749105000;MSZZ|XAUUSD|5|2|-1|1749102000|1749105000;2.4807142857;2.4807142857;1.9480000000;1.9480000000;19.1500000000;19.1500000000;PASS
2025.06.05 09:35:00;2;SHORT;MSZZSE1|6:XAUUSD|1:5|1:2|2:-1|10:1749116100|40:MSZZ|XAUUSD|5|2|-1|1749102000|1749105000|40:MSZZ|XAUUSD|5|2|-1|1749078000|1749089700|40:MSZZ|XAUUSD|5|2|-1|1749102000|1749105000;MSZZSE1|6:XAUUSD|1:5|1:2|2:-1|10:1749116100|40:MSZZ|XAUUSD|5|2|-1|1749102000|1749105000|40:MSZZ|XAUUSD|5|2|-1|1749078000|1749089700|40:MSZZ|XAUUSD|5|2|-1|1749102000|1749105000;MSZZ|XAUUSD|5|2|-1|1749078000|1749089700;MSZZ|XAUUSD|5|2|-1|1749102000|1749105000;3366.9115000000;3366.9115000000;3366.8817500000;3366.8817500000;MSZZ|XAUUSD|5|2|1|1749096300|1749098100;MSZZ|XAUUSD|5|2|1|1749096300|1749098100;MSZZ|XAUUSD|5|2|-1|1749102000|1749105000;MSZZ|XAUUSD|5|2|-1|1749102000|1749105000;2.6842857143;2.6842857143;2.0917500000;2.0917500000;19.3400000000;19.3400000000;PASS
2025.06.05 09:55:00;2;SHORT;MSZZSE1|6:XAUUSD|1:5|1:2|2:-1|10:1749117300|40:MSZZ|XAUUSD|5|2|-1|1749102000|1749105000|40:MSZZ|XAUUSD|5|2|-1|1749078000|1749089700|40:MSZZ|XAUUSD|5|2|-1|1749102000|1749105000;MSZZSE1|6:XAUUSD|1:5|1:2|2:-1|10:1749117300|40:MSZZ|XAUUSD|5|2|-1|1749102000|1749105000|40:MSZZ|XAUUSD|5|2|-1|1749078000|1749089700|40:MSZZ|XAUUSD|5|2|-1|1749102000|1749105000;MSZZ|XAUUSD|5|2|-1|1749078000|1749089700;MSZZ|XAUUSD|5|2|-1|1749102000|1749105000;3366.7925000000;3366.7925000000;3366.7627500000;3366.7627500000;MSZZ|XAUUSD|5|2|1|1749096300|1749098100;MSZZ|XAUUSD|5|2|1|1749096300|1749098100;MSZZ|XAUUSD|5|2|-1|1749102000|1749105000;MSZZ|XAUUSD|5|2|-1|1749102000|1749105000;2.2757142857;2.2757142857;0.7827500000;0.7827500000;18.3200000000;18.3200000000;PASS
2025.06.05 10:00:00;2;LONG;MSZZSE1|6:XAUUSD|1:5|1:2|1:1|10:1749117600|39:MSZZ|XAUUSD|5|2|1|1749105300|1749106500|39:MSZZ|XAUUSD|5|2|1|1749096300|1749098100|39:MSZZ|XAUUSD|5|2|1|1749105300|1749106500;MSZZSE1|6:XAUUSD|1:5|1:2|1:1|10:1749117600|39:MSZZ|XAUUSD|5|2|1|1749105300|1749106500|39:MSZZ|XAUUSD|5|2|1|1749096300|1749098100|39:MSZZ|XAUUSD|5|2|1|1749105300|1749106500;MSZZ|XAUUSD|5|2|1|1749096300|1749098100;MSZZ|XAUUSD|5|2|1|1749105300|1749106500;3368.5233333333;3368.5233333333;3368.3006666667;3368.3006666667;MSZZ|XAUUSD|5|2|-1|1749102000|1749105000;MSZZ|XAUUSD|5|2|-1|1749102000|1749105000;MSZZ|XAUUSD|5|2|1|1749105300|1749106500;MSZZ|XAUUSD|5|2|1|1749105300|1749106500;2.3757142857;2.3757142857;0.2693333333;0.2693333333;9.1500000000;9.1500000000;PASS
2025.06.05 23:50:00;2;LONG;MSZZSE1|6:XAUUSD|1:5|1:2|1:1|10:1749167400|39:MSZZ|XAUUSD|5|2|1|1749162300|1749167100|39:MSZZ|XAUUSD|5|2|1|1749132900|1749135000|39:MSZZ|XAUUSD|5|2|1|1749162300|1749167100;MSZZSE1|6:XAUUSD|1:5|1:2|1:1|10:1749167400|39:MSZZ|XAUUSD|5|2|1|1749162300|1749167100|39:MSZZ|XAUUSD|5|2|1|1749132900|1749135000|39:MSZZ|XAUUSD|5|2|1|1749162300|1749167100;MSZZ|XAUUSD|5|2|1|1749132900|1749135000;MSZZ|XAUUSD|5|2|1|1749162300|1749167100;3354.5328571429;3354.5328571429;3354.1042857143;3354.1042857143;MSZZ|XAUUSD|5|2|-1|1749149700|1749153000;MSZZ|XAUUSD|5|2|-1|1749149700|1749153000;MSZZ|XAUUSD|5|2|1|1749162300|1749167100;MSZZ|XAUUSD|5|2|1|1749162300|1749167100;2.1600000000;2.1600000000;0.3257142857;0.3257142857;21.8900000000;21.8900000000;PASS
2025.06.06 01:00:00;2;LONG;MSZZSE1|6:XAUUSD|1:5|1:2|1:1|10:1749171600|39:MSZZ|XAUUSD|5|2|1|1749162300|1749167100|39:MSZZ|XAUUSD|5|2|1|1749132900|1749135000|39:MSZZ|XAUUSD|5|2|1|1749162300|1749167100;MSZZSE1|6:XAUUSD|1:5|1:2|1:1|10:1749171600|39:MSZZ|XAUUSD|5|2|1|1749162300|1749167100|39:MSZZ|XAUUSD|5|2|1|1749132900|1749135000|39:MSZZ|XAUUSD|5|2|1|1749162300|1749167100;MSZZ|XAUUSD|5|2|1|1749132900|1749135000;MSZZ|XAUUSD|5|2|1|1749162300|1749167100;3353.6757142857;3353.6757142857;3348.1042857143;3348.1042857143;MSZZ|XAUUSD|5|2|-1|1749149700|1749153000;MSZZ|XAUUSD|5|2|-1|1749149700|1749153000;MSZZ|XAUUSD|5|2|1|1749162300|1749167100;MSZZ|XAUUSD|5|2|1|1749162300|1749167100;2.0557142857;2.0557142857;7.9957142857;7.9957142857;21.8900000000;21.8900000000;PASS
2025.06.06 02:30:00;2;SHORT;MSZZSE1|6:XAUUSD|1:5|1:2|2:-1|10:1749177000|40:MSZZ|XAUUSD|5|2|-1|1749167100|1749172800|40:MSZZ|XAUUSD|5|2|-1|1749149700|1749153000|40:MSZZ|XAUUSD|5|2|-1|1749167100|1749172800;MSZZSE1|6:XAUUSD|1:5|1:2|2:-1|10:1749177000|40:MSZZ|XAUUSD|5|2|-1|1749167100|1749172800|40:MSZZ|XAUUSD|5|2|-1|1749149700|1749153000|40:MSZZ|XAUUSD|5|2|-1|1749167100|1749172800;MSZZ|XAUUSD|5|2|-1|1749149700|1749153000;MSZZ|XAUUSD|5|2|-1|1749167100|1749172800;3358.9275862069;3358.9275862069;3359.1434482759;3359.1434482759;MSZZ|XAUUSD|5|2|1|1749162300|1749167100;MSZZ|XAUUSD|5|2|1|1749162300|1749167100;MSZZ|XAUUSD|5|2|-1|1749167100|1749172800;MSZZ|XAUUSD|5|2|-1|1749167100|1749172800;1.8557142857;1.8557142857;0.1934482759;0.1934482759;9.3700000000;9.3700000000;PASS
2025.06.06 03:45:00;2;SHORT;MSZZSE1|6:XAUUSD|1:5|1:2|2:-1|10:1749181500|40:MSZZ|XAUUSD|5|2|-1|1749177900|1749178800|40:MSZZ|XAUUSD|5|2|-1|1749167100|1749172800|40:MSZZ|XAUUSD|5|2|-1|1749177900|1749178800;MSZZSE1|6:XAUUSD|1:5|1:2|2:-1|10:1749181500|40:MSZZ|XAUUSD|5|2|-1|1749177900|1749178800|40:MSZZ|XAUUSD|5|2|-1|1749167100|1749172800|40:MSZZ|XAUUSD|5|2|-1|1749177900|1749178800;MSZZ|XAUUSD|5|2|-1|1749167100|1749172800;MSZZ|XAUUSD|5|2|-1|1749177900|1749178800;3358.8350000000;3358.8350000000;3358.9800000000;3358.9800000000;MSZZ|XAUUSD|5|2|1|1749173100|1749177900;MSZZ|XAUUSD|5|2|1|1749173100|1749177900;MSZZ|XAUUSD|5|2|-1|1749177900|1749178800;MSZZ|XAUUSD|5|2|-1|1749177900|1749178800;2.0514285714;2.0514285714;0.7200000000;0.7200000000;6.3300000000;6.3300000000;PASS
2025.06.06 04:20:00;2;LONG;MSZZSE1|6:XAUUSD|1:5|1:2|1:1|10:1749183600|39:MSZZ|XAUUSD|5|2|1|1749179100|1749182400|39:MSZZ|XAUUSD|5|2|1|1749173100|1749177900|39:MSZZ|XAUUSD|5|2|1|1749179100|1749182400;MSZZSE1|6:XAUUSD|1:5|1:2|1:1|10:1749183600|39:MSZZ|XAUUSD|5|2|1|1749179100|1749182400|39:MSZZ|XAUUSD|5|2|1|1749173100|1749177900|39:MSZZ|XAUUSD|5|2|1|1749179100|1749182400;MSZZ|XAUUSD|5|2|1|1749173100|1749177900;MSZZ|XAUUSD|5|2|1|1749179100|1749182400;3364.4370000000;3364.4370000000;3364.4625000000;3364.4625000000;MSZZ|XAUUSD|5|2|-1|1749177900|1749178800;MSZZ|XAUUSD|5|2|-1|1749177900|1749178800;MSZZ|XAUUSD|5|2|1|1749179100|1749182400;MSZZ|XAUUSD|5|2|1|1749179100|1749182400;2.4157142857;2.4157142857;1.5375000000;1.5375000000;8.8700000000;8.8700000000;PASS
2025.06.06 05:45:00;2;LONG;MSZZSE1|6:XAUUSD|1:5|1:2|1:1|10:1749188700|39:MSZZ|XAUUSD|5|2|1|1749179100|1749182400|39:MSZZ|XAUUSD|5|2|1|1749173100|1749177900|39:MSZZ|XAUUSD|5|2|1|1749179100|1749182400;MSZZSE1|6:XAUUSD|1:5|1:2|1:1|10:1749188700|39:MSZZ|XAUUSD|5|2|1|1749179100|1749182400|39:MSZZ|XAUUSD|5|2|1|1749173100|1749177900|39:MSZZ|XAUUSD|5|2|1|1749179100|1749182400;MSZZ|XAUUSD|5|2|1|1749173100|1749177900;MSZZ|XAUUSD|5|2|1|1749179100|1749182400;3364.8705000000;3364.8705000000;3364.8960000000;3364.8960000000;MSZZ|XAUUSD|5|2|-1|1749177900|1749178800;MSZZ|XAUUSD|5|2|-1|1749177900|1749178800;MSZZ|XAUUSD|5|2|1|1749179100|1749182400;MSZZ|XAUUSD|5|2|1|1749179100|1749182400;2.1792857143;2.1792857143;0.1140000000;0.1140000000;8.4100000000;8.4100000000;PASS
2025.06.06 08:50:00;2;SHORT;MSZZSE1|6:XAUUSD|1:5|1:2|2:-1|10:1749199800|40:MSZZ|XAUUSD|5|2|-1|1749190200|1749191400|40:MSZZ|XAUUSD|5|2|-1|1749182400|1749183600|40:MSZZ|XAUUSD|5|2|-1|1749190200|1749191400;MSZZSE1|6:XAUUSD|1:5|1:2|2:-1|10:1749199800|40:MSZZ|XAUUSD|5|2|-1|1749190200|1749191400|40:MSZZ|XAUUSD|5|2|-1|1749182400|1749183600|40:MSZZ|XAUUSD|5|2|-1|1749190200|1749191400;MSZZ|XAUUSD|5|2|-1|1749182400|1749183600;MSZZ|XAUUSD|5|2|-1|1749190200|1749191400;3363.3030769231;3363.3030769231;3363.4276923077;3363.4276923077;MSZZ|XAUUSD|5|2|1|1749184200|1749189600;MSZZ|XAUUSD|5|2|1|1749184200|1749189600;MSZZ|XAUUSD|5|2|-1|1749190200|1749191400;MSZZ|XAUUSD|5|2|-1|1749190200|1749191400;2.3635714286;2.3635714286;0.9176923077;0.9176923077;9.1500000000;9.1500000000;PASS
2025.06.06 09:05:00;2;SHORT;MSZZSE1|6:XAUUSD|1:5|1:2|2:-1|10:1749200700|40:MSZZ|XAUUSD|5|2|-1|1749190200|1749191400|40:MSZZ|XAUUSD|5|2|-1|1749182400|1749183600|40:MSZZ|XAUUSD|5|2|-1|1749190200|1749191400;MSZZSE1|6:XAUUSD|1:5|1:2|2:-1|10:1749200700|40:MSZZ|XAUUSD|5|2|-1|1749190200|1749191400|40:MSZZ|XAUUSD|5|2|-1|1749182400|1749183600|40:MSZZ|XAUUSD|5|2|-1|1749190200|1749191400;MSZZ|XAUUSD|5|2|-1|1749182400|1749183600;MSZZ|XAUUSD|5|2|-1|1749190200|1749191400;3363.6769230769;3363.6769230769;3363.8015384615;3363.8015384615;MSZZ|XAUUSD|5|2|1|1749184200|1749189600;MSZZ|XAUUSD|5|2|1|1749184200|1749189600;MSZZ|XAUUSD|5|2|-1|1749190200|1749191400;MSZZ|XAUUSD|5|2|-1|1749190200|1749191400;2.6678571429;2.6678571429;0.8815384615;0.8815384615;9.1500000000;9.1500000000;PASS
2025.06.06 09:20:00;2;SHORT;MSZZSE1|6:XAUUSD|1:5|1:2|2:-1|10:1749201600|40:MSZZ|XAUUSD|5|2|-1|1749190200|1749191400|40:MSZZ|XAUUSD|5|2|-1|1749182400|1749183600|40:MSZZ|XAUUSD|5|2|-1|1749190200|1749191400;MSZZSE1|6:XAUUSD|1:5|1:2|2:-1|10:1749201600|40:MSZZ|XAUUSD|5|2|-1|1749190200|1749191400|40:MSZZ|XAUUSD|5|2|-1|1749182400|1749183600|40:MSZZ|XAUUSD|5|2|-1|1749190200|1749191400;MSZZ|XAUUSD|5|2|-1|1749182400|1749183600;MSZZ|XAUUSD|5|2|-1|1749190200|1749191400;3364.0507692308;3364.0507692308;3364.1753846154;3364.1753846154;MSZZ|XAUUSD|5|2|1|1749184200|1749189600;MSZZ|XAUUSD|5|2|1|1749184200|1749189600;MSZZ|XAUUSD|5|2|-1|1749190200|1749191400;MSZZ|XAUUSD|5|2|-1|1749190200|1749191400;2.8650000000;2.8650000000;0.0153846154;0.0153846154;9.1500000000;9.1500000000;PASS
2025.06.06 09:30:00;2;SHORT;MSZZSE1|6:XAUUSD|1:5|1:2|2:-1|10:1749202200|40:MSZZ|XAUUSD|5|2|-1|1749190200|1749191400|40:MSZZ|XAUUSD|5|2|-1|1749182400|1749183600|40:MSZZ|XAUUSD|5|2|-1|1749190200|1749191400;MSZZSE1|6:XAUUSD|1:5|1:2|2:-1|10:1749202200|40:MSZZ|XAUUSD|5|2|-1|1749190200|1749191400|40:MSZZ|XAUUSD|5|2|-1|1749182400|1749183600|40:MSZZ|XAUUSD|5|2|-1|1749190200|1749191400;MSZZ|XAUUSD|5|2|-1|1749182400|1749183600;MSZZ|XAUUSD|5|2|-1|1749190200|1749191400;3364.3000000000;3364.3000000000;3364.4246153846;3364.4246153846;MSZZ|XAUUSD|5|2|1|1749184200|1749189600;MSZZ|XAUUSD|5|2|1|1749184200|1749189600;MSZZ|XAUUSD|5|2|-1|1749190200|1749191400;MSZZ|XAUUSD|5|2|-1|1749190200|1749191400;2.8821428571;2.8821428571;1.1146153846;1.1146153846;9.1500000000;9.1500000000;PASS
2025.06.06 14:05:00;2;LONG;MSZZSE1|6:XAUUSD|1:5|1:2|1:1|10:1749218700|39:MSZZ|XAUUSD|5|2|1|1749210900|1749212400|39:MSZZ|XAUUSD|5|2|1|1749197100|1749198000|39:MSZZ|XAUUSD|5|2|1|1749210900|1749212400;MSZZSE1|6:XAUUSD|1:5|1:2|1:1|10:1749218700|39:MSZZ|XAUUSD|5|2|1|1749210900|1749212400|39:MSZZ|XAUUSD|5|2|1|1749197100|1749198000|39:MSZZ|XAUUSD|5|2|1|1749210900|1749212400;MSZZ|XAUUSD|5|2|1|1749197100|1749198000;MSZZ|XAUUSD|5|2|1|1749210900|1749212400;3363.4319565217;3363.4319565217;3363.2604347826;3363.2604347826;MSZZ|XAUUSD|5|2|-1|1749207000|1749209100;MSZZ|XAUUSD|5|2|-1|1749207000|1749209100;MSZZ|XAUUSD|5|2|1|1749210900|1749212400;MSZZ|XAUUSD|5|2|1|1749210900|1749212400;2.0742857143;2.0742857143;0.6195652174;0.6195652174;14.9200000000;14.9200000000;PASS
2025.06.06 14:30:00;2;LONG;MSZZSE1|6:XAUUSD|1:5|1:2|1:1|10:1749220200|39:MSZZ|XAUUSD|5|2|1|1749210900|1749212400|39:MSZZ|XAUUSD|5|2|1|1749197100|1749198000|39:MSZZ|XAUUSD|5|2|1|1749210900|1749212400;MSZZSE1|6:XAUUSD|1:5|1:2|1:1|10:1749220200|39:MSZZ|XAUUSD|5|2|1|1749210900|1749212400|39:MSZZ|XAUUSD|5|2|1|1749197100|1749198000|39:MSZZ|XAUUSD|5|2|1|1749210900|1749212400;MSZZ|XAUUSD|5|2|1|1749197100|1749198000;MSZZ|XAUUSD|5|2|1|1749210900|1749212400;3362.5743478261;3362.5743478261;3362.4028260870;3362.4028260870;MSZZ|XAUUSD|5|2|-1|1749207000|1749209100;MSZZ|XAUUSD|5|2|-1|1749207000|1749209100;MSZZ|XAUUSD|5|2|1|1749210900|1749212400;MSZZ|XAUUSD|5|2|1|1749210900|1749212400;1.9957142857;1.9957142857;1.4371739130;1.4371739130;14.9200000000;14.9200000000;PASS
2025.06.06 14:40:00;2;LONG;MSZZSE1|6:XAUUSD|1:5|1:2|1:1|10:1749220800|39:MSZZ|XAUUSD|5|2|1|1749210900|1749212400|39:MSZZ|XAUUSD|5|2|1|1749197100|1749198000|39:MSZZ|XAUUSD|5|2|1|1749210900|1749212400;MSZZSE1|6:XAUUSD|1:5|1:2|1:1|10:1749220800|39:MSZZ|XAUUSD|5|2|1|1749210900|1749212400|39:MSZZ|XAUUSD|5|2|1|1749197100|1749198000|39:MSZZ|XAUUSD|5|2|1|1749210900|1749212400;MSZZ|XAUUSD|5|2|1|1749197100|1749198000;MSZZ|XAUUSD|5|2|1|1749210900|1749212400;3362.2313043478;3362.2313043478;3362.0597826087;3362.0597826087;MSZZ|XAUUSD|5|2|-1|1749207000|1749209100;MSZZ|XAUUSD|5|2|-1|1749207000|1749209100;MSZZ|XAUUSD|5|2|1|1749210900|1749212400;MSZZ|XAUUSD|5|2|1|1749210900|1749212400;2.1128571429;2.1128571429;0.6902173913;0.6902173913;14.9200000000;14.9200000000;PASS
2025.06.06 16:35:00;2;SHORT;MSZZSE1|6:XAUUSD|1:5|1:2|2:-1|10:1749227700|40:MSZZ|XAUUSD|5|2|-1|1749223800|1749223800|40:MSZZ|XAUUSD|5|2|-1|1749213900|1749217800|40:MSZZ|XAUUSD|5|2|-1|1749223800|1749223800;MSZZSE1|6:XAUUSD|1:5|1:2|2:-1|10:1749227700|40:MSZZ|XAUUSD|5|2|-1|1749223800|1749223800|40:MSZZ|XAUUSD|5|2|-1|1749213900|1749217800|40:MSZZ|XAUUSD|5|2|-1|1749223800|1749223800;MSZZ|XAUUSD|5|2|-1|1749213900|1749217800;MSZZ|XAUUSD|5|2|-1|1749223800|1749223800;3348.1927272727;3348.1927272727;3348.0954545455;3348.0954545455;MSZZ|XAUUSD|5|2|1|1749220500|1749222600;MSZZ|XAUUSD|5|2|1|1749220500|1749222600;MSZZ|XAUUSD|5|2|-1|1749223800|1749223800;MSZZ|XAUUSD|5|2|-1|1749223800|1749223800;7.4171428571;7.4171428571;1.1654545455;1.1654545455;18.3000000000;18.3000000000;PASS
2025.06.06 16:55:00;2;SHORT;MSZZSE1|6:XAUUSD|1:5|1:2|2:-1|10:1749228900|40:MSZZ|XAUUSD|5|2|-1|1749223800|1749223800|40:MSZZ|XAUUSD|5|2|-1|1749213900|1749217800|40:MSZZ|XAUUSD|5|2|-1|1749223800|1749223800;MSZZSE1|6:XAUUSD|1:5|1:2|2:-1|10:1749228900|40:MSZZ|XAUUSD|5|2|-1|1749223800|1749223800|40:MSZZ|XAUUSD|5|2|-1|1749213900|1749217800|40:MSZZ|XAUUSD|5|2|-1|1749223800|1749223800;MSZZ|XAUUSD|5|2|-1|1749213900|1749217800;MSZZ|XAUUSD|5|2|-1|1749223800|1749223800;3347.8036363636;3347.8036363636;3347.7063636364;3347.7063636364;MSZZ|XAUUSD|5|2|1|1749220500|1749222600;MSZZ|XAUUSD|5|2|1|1749220500|1749222600;MSZZ|XAUUSD|5|2|-1|1749223800|1749223800;MSZZ|XAUUSD|5|2|-1|1749223800|1749223800;5.8614285714;5.8614285714;4.5063636364;4.5063636364;21.7200000000;21.7200000000;PASS
2025.06.09 01:00:00;2;LONG;MSZZSE1|6:XAUUSD|1:5|1:2|1:1|10:1749430800|39:MSZZ|XAUUSD|5|2|1|1749220500|1749222600|39:MSZZ|XAUUSD|5|2|1|1749210900|1749212400|39:MSZZ|XAUUSD|5|2|1|1749220500|1749222600;MSZZSE1|6:XAUUSD|1:5|1:2|1:1|10:1749430800|39:MSZZ|XAUUSD|5|2|1|1749220500|1749222600|39:MSZZ|XAUUSD|5|2|1|1749210900|1749212400|39:MSZZ|XAUUSD|5|2|1|1749220500|1749222600;MSZZ|XAUUSD|5|2|1|1749210900|1749212400;MSZZ|XAUUSD|5|2|1|1749220500|1749222600;3352.1050000000;3352.1050000000;3288.2353125000;3288.2353125000;MSZZ|XAUUSD|5|2|-1|1749213900|1749217800;MSZZ|XAUUSD|5|2|-1|1749213900|1749217800;MSZZ|XAUUSD|5|2|1|1749220500|1749222600;MSZZ|XAUUSD|5|2|1|1749220500|1749222600;2.4214285714;2.4214285714;29.6046875000;29.6046875000;11.6800000000;11.6800000000;PASS
2025.06.12 04:25:00;2;LONG;MSZZSE1|6:XAUUSD|1:5|1:2|1:1|10:1749702300|39:MSZZ|XAUUSD|5|2|1|1749693600|1749696300|39:MSZZ|XAUUSD|5|2|1|1749220500|1749222600|39:MSZZ|XAUUSD|5|2|1|1749693600|1749696300;MSZZSE1|6:XAUUSD|1:5|1:2|1:1|10:1749702300|39:MSZZ|XAUUSD|5|2|1|1749693600|1749696300|39:MSZZ|XAUUSD|5|2|1|1749220500|1749222600|39:MSZZ|XAUUSD|5|2|1|1749693600|1749696300;MSZZ|XAUUSD|5|2|1|1749220500|1749222600;MSZZ|XAUUSD|5|2|1|1749693600|1749696300;3373.6031705770;3373.6031705770;3373.6089980977;3373.6089980977;MSZZ|XAUUSD|5|2|-1|1749223800|1749223800;MSZZ|XAUUSD|5|2|-1|1749223800|1749223800;MSZZ|XAUUSD|5|2|1|1749693600|1749696300;MSZZ|XAUUSD|5|2|1|1749693600|1749696300;4.2478571429;4.2478571429;1.8610019023;1.8610019023;27.4400000000;27.4400000000;PASS
2025.06.12 05:00:00;2;LONG;MSZZSE1|6:XAUUSD|1:5|1:2|1:1|10:1749704400|39:MSZZ|XAUUSD|5|2|1|1749693600|1749696300|39:MSZZ|XAUUSD|5|2|1|1749220500|1749222600|39:MSZZ|XAUUSD|5|2|1|1749693600|1749696300;MSZZSE1|6:XAUUSD|1:5|1:2|1:1|10:1749704400|39:MSZZ|XAUUSD|5|2|1|1749693600|1749696300|39:MSZZ|XAUUSD|5|2|1|1749220500|1749222600|39:MSZZ|XAUUSD|5|2|1|1749693600|1749696300;MSZZ|XAUUSD|5|2|1|1749220500|1749222600;MSZZ|XAUUSD|5|2|1|1749693600|1749696300;3373.6439632213;3373.6439632213;3373.6497907419;3373.6497907419;MSZZ|XAUUSD|5|2|-1|1749223800|1749223800;MSZZ|XAUUSD|5|2|-1|1749223800|1749223800;MSZZ|XAUUSD|5|2|1|1749693600|1749696300;MSZZ|XAUUSD|5|2|1|1749693600|1749696300;4.0521428571;4.0521428571;0.0202092581;0.0202092581;25.0600000000;25.0600000000;PASS
2025.06.12 05:25:00;2;LONG;MSZZSE1|6:XAUUSD|1:5|1:2|1:1|10:1749705900|39:MSZZ|XAUUSD|5|2|1|1749693600|1749696300|39:MSZZ|XAUUSD|5|2|1|1749220500|1749222600|39:MSZZ|XAUUSD|5|2|1|1749693600|1749696300;MSZZSE1|6:XAUUSD|1:5|1:2|1:1|10:1749705900|39:MSZZ|XAUUSD|5|2|1|1749693600|1749696300|39:MSZZ|XAUUSD|5|2|1|1749220500|1749222600|39:MSZZ|XAUUSD|5|2|1|1749693600|1749696300;MSZZ|XAUUSD|5|2|1|1749220500|1749222600;MSZZ|XAUUSD|5|2|1|1749693600|1749696300;3373.6731008244;3373.6731008244;3373.6789283450;3373.6789283450;MSZZ|XAUUSD|5|2|-1|1749223800|1749223800;MSZZ|XAUUSD|5|2|-1|1749223800|1749223800;MSZZ|XAUUSD|5|2|1|1749693600|1749696300;MSZZ|XAUUSD|5|2|1|1749693600|1749696300;3.6807142857;3.6807142857;0.5610716550;0.5610716550;26.3400000000;26.3400000000;PASS
2025.06.12 09:15:00;2;SHORT;MSZZSE1|6:XAUUSD|1:5|1:2|2:-1|10:1749719700|40:MSZZ|XAUUSD|5|2|-1|1749715200|1749716400|40:MSZZ|XAUUSD|5|2|-1|1749696600|1749701700|40:MSZZ|XAUUSD|5|2|-1|1749715200|1749716400;MSZZSE1|6:XAUUSD|1:5|1:2|2:-1|10:1749719700|40:MSZZ|XAUUSD|5|2|-1|1749715200|1749716400|40:MSZZ|XAUUSD|5|2|-1|1749696600|1749701700|40:MSZZ|XAUUSD|5|2|-1|1749715200|1749716400;MSZZ|XAUUSD|5|2|-1|1749696600|1749701700;MSZZ|XAUUSD|5|2|-1|1749715200|1749716400;3370.0851612903;3370.0851612903;3370.2483870968;3370.2483870968;MSZZ|XAUUSD|5|2|1|1749707100|1749711600;MSZZ|XAUUSD|5|2|1|1749707100|1749711600;MSZZ|XAUUSD|5|2|-1|1749715200|1749716400;MSZZ|XAUUSD|5|2|-1|1749715200|1749716400;2.1285714286;2.1285714286;4.0283870968;4.0283870968;12.1300000000;12.1300000000;PASS
2025.06.12 09:50:00;2;LONG;MSZZSE1|6:XAUUSD|1:5|1:2|1:1|10:1749721800|39:MSZZ|XAUUSD|5|2|1|1749717000|1749719700|39:MSZZ|XAUUSD|5|2|1|1749707100|1749711600|39:MSZZ|XAUUSD|5|2|1|1749717000|1749719700;MSZZSE1|6:XAUUSD|1:5|1:2|1:1|10:1749721800|39:MSZZ|XAUUSD|5|2|1|1749717000|1749719700|39:MSZZ|XAUUSD|5|2|1|1749707100|1749711600|39:MSZZ|XAUUSD|5|2|1|1749717000|1749719700;MSZZ|XAUUSD|5|2|1|1749707100|1749711600;MSZZ|XAUUSD|5|2|1|1749717000|1749719700;3374.8945454545;3374.8945454545;3374.8348484848;3374.8348484848;MSZZ|XAUUSD|5|2|-1|1749715200|1749716400;MSZZ|XAUUSD|5|2|-1|1749715200|1749716400;MSZZ|XAUUSD|5|2|1|1749717000|1749719700;MSZZ|XAUUSD|5|2|1|1749717000|1749719700;2.5792857143;2.5792857143;0.0951515152;0.0951515152;7.9900000000;7.9900000000;PASS
2025.06.12 10:30:00;2;SHORT;MSZZSE1|6:XAUUSD|1:5|1:2|2:-1|10:1749724200|40:MSZZ|XAUUSD|5|2|-1|1749720000|1749721800|40:MSZZ|XAUUSD|5|2|-1|1749715200|1749716400|40:MSZZ|XAUUSD|5|2|-1|1749720000|1749721800;MSZZSE1|6:XAUUSD|1:5|1:2|2:-1|10:1749724200|40:MSZZ|XAUUSD|5|2|-1|1749720000|1749721800|40:MSZZ|XAUUSD|5|2|-1|1749715200|1749716400|40:MSZZ|XAUUSD|5|2|-1|1749720000|1749721800;MSZZ|XAUUSD|5|2|-1|1749715200|1749716400;MSZZ|XAUUSD|5|2|-1|1749720000|1749721800;3363.1418750000;3363.1418750000;3362.9812500000;3362.9812500000;MSZZ|XAUUSD|5|2|1|1749717000|1749719700;MSZZ|XAUUSD|5|2|1|1749717000|1749719700;MSZZ|XAUUSD|5|2|-1|1749720000|1749721800;MSZZ|XAUUSD|5|2|-1|1749720000|1749721800;2.8514285714;2.8514285714;0.8812500000;0.8812500000;13.7800000000;13.7800000000;PASS
2025.06.12 10:40:00;2;SHORT;MSZZSE1|6:XAUUSD|1:5|1:2|2:-1|10:1749724800|40:MSZZ|XAUUSD|5|2|-1|1749724500|1749724500|40:MSZZ|XAUUSD|5|2|-1|1749720000|1749721800|40:MSZZ|XAUUSD|5|2|-1|1749724500|1749724500;MSZZSE1|6:XAUUSD|1:5|1:2|2:-1|10:1749724800|40:MSZZ|XAUUSD|5|2|-1|1749724500|1749724500|40:MSZZ|XAUUSD|5|2|-1|1749720000|1749721800|40:MSZZ|XAUUSD|5|2|-1|1749724500|1749724500;MSZZ|XAUUSD|5|2|-1|1749720000|1749721800;MSZZ|XAUUSD|5|2|-1|1749724500|1749724500;3349.2600000000;3349.2600000000;3348.1953333333;3348.1953333333;MSZZ|XAUUSD|5|2|1|1749722100|1749724200;MSZZ|XAUUSD|5|2|1|1749722100|1749724200;MSZZ|XAUUSD|5|2|-1|1749724500|1749724500;MSZZ|XAUUSD|5|2|-1|1749724500|1749724500;4.5835714286;4.5835714286;5.9253333333;5.9253333333;36.9900000000;36.9900000000;PASS
2025.06.12 13:20:00;2;LONG;MSZZSE1|6:XAUUSD|1:5|1:2|1:1|10:1749734400|39:MSZZ|XAUUSD|5|2|1|1749722100|1749724200|39:MSZZ|XAUUSD|5|2|1|1749717000|1749719700|39:MSZZ|XAUUSD|5|2|1|1749722100|1749724200;MSZZSE1|6:XAUUSD|1:5|1:2|1:1|10:1749734400|39:MSZZ|XAUUSD|5|2|1|1749722100|1749724200|39:MSZZ|XAUUSD|5|2|1|1749717000|1749719700|39:MSZZ|XAUUSD|5|2|1|1749722100|1749724200;MSZZ|XAUUSD|5|2|1|1749717000|1749719700;MSZZ|XAUUSD|5|2|1|1749722100|1749724200;3375.0858823529;3375.0858823529;3375.0735294118;3375.0735294118;MSZZ|XAUUSD|5|2|-1|1749720000|1749721800;MSZZ|XAUUSD|5|2|-1|1749720000|1749721800;MSZZ|XAUUSD|5|2|1|1749722100|1749724200;MSZZ|XAUUSD|5|2|1|1749722100|1749724200;3.5421428571;3.5421428571;0.2564705882;0.2564705882;10.3500000000;10.3500000000;PASS
2025.06.12 16:20:00;2;SHORT;MSZZSE1|6:XAUUSD|1:5|1:2|2:-1|10:1749745200|40:MSZZ|XAUUSD|5|2|-1|1749739200|1749742500|40:MSZZ|XAUUSD|5|2|-1|1749724500|1749724500|40:MSZZ|XAUUSD|5|2|-1|1749739200|1749742500;MSZZSE1|6:XAUUSD|1:5|1:2|2:-1|10:1749745200|40:MSZZ|XAUUSD|5|2|-1|1749739200|1749742500|40:MSZZ|XAUUSD|5|2|-1|1749724500|1749724500|40:MSZZ|XAUUSD|5|2|-1|1749739200|1749742500;MSZZ|XAUUSD|5|2|-1|1749724500|1749724500;MSZZ|XAUUSD|5|2|-1|1749739200|1749742500;3382.4134693878;3382.4134693878;3382.9010204082;3382.9010204082;MSZZ|XAUUSD|5|2|1|1749736800|1749738900;MSZZ|XAUUSD|5|2|1|1749736800|1749738900;MSZZ|XAUUSD|5|2|-1|1749739200|1749742500;MSZZ|XAUUSD|5|2|-1|1749739200|1749742500;4.6685714286;4.6685714286;0.2810204082;0.2810204082;15.4400000000;15.4400000000;PASS
2025.06.12 16:40:00;2;LONG;MSZZSE1|6:XAUUSD|1:5|1:2|1:1|10:1749746400|39:MSZZ|XAUUSD|5|2|1|1749736800|1749738900|39:MSZZ|XAUUSD|5|2|1|1749722100|1749724200|39:MSZZ|XAUUSD|5|2|1|1749736800|1749738900;MSZZSE1|6:XAUUSD|1:5|1:2|1:1|10:1749746400|39:MSZZ|XAUUSD|5|2|1|1749736800|1749738900|39:MSZZ|XAUUSD|5|2|1|1749722100|1749724200|39:MSZZ|XAUUSD|5|2|1|1749736800|1749738900;MSZZ|XAUUSD|5|2|1|1749722100|1749724200;MSZZ|XAUUSD|5|2|1|1749736800|1749738900;3396.8208163265;3396.8208163265;3397.0863265306;3397.0863265306;MSZZ|XAUUSD|5|2|-1|1749724500|1749724500;MSZZ|XAUUSD|5|2|-1|1749724500|1749724500;MSZZ|XAUUSD|5|2|1|1749736800|1749738900;MSZZ|XAUUSD|5|2|1|1749736800|1749738900;5.4200000000;5.4200000000;1.3336734694;1.3336734694;49.5200000000;49.5200000000;PASS
2025.06.12 17:10:00;2;SHORT;MSZZSE1|6:XAUUSD|1:5|1:2|2:-1|10:1749748200|40:MSZZ|XAUUSD|5|2|-1|1749739200|1749742500|40:MSZZ|XAUUSD|5|2|-1|1749724500|1749724500|40:MSZZ|XAUUSD|5|2|-1|1749739200|1749742500;MSZZSE1|6:XAUUSD|1:5|1:2|2:-1|10:1749748200|40:MSZZ|XAUUSD|5|2|-1|1749739200|1749742500|40:MSZZ|XAUUSD|5|2|-1|1749724500|1749724500|40:MSZZ|XAUUSD|5|2|-1|1749739200|1749742500;MSZZ|XAUUSD|5|2|-1|1749724500|1749724500;MSZZ|XAUUSD|5|2|-1|1749739200|1749742500;3387.2889795918;3387.2889795918;3387.7765306122;3387.7765306122;MSZZ|XAUUSD|5|2|1|1749736800|1749738900;MSZZ|XAUUSD|5|2|1|1749736800|1749738900;MSZZ|XAUUSD|5|2|-1|1749739200|1749742500;MSZZ|XAUUSD|5|2|-1|1749739200|1749742500;6.0264285714;6.0264285714;0.4565306122;0.4565306122;15.4400000000;15.4400000000;PASS
2025.06.12 17:25:00;2;SHORT;MSZZSE1|6:XAUUSD|1:5|1:2|2:-1|10:1749749100|40:MSZZ|XAUUSD|5|2|-1|1749739200|1749742500|40:MSZZ|XAUUSD|5|2|-1|1749724500|1749724500|40:MSZZ|XAUUSD|5|2|-1|1749739200|1749742500;MSZZSE1|6:XAUUSD|1:5|1:2|2:-1|10:1749749100|40:MSZZ|XAUUSD|5|2|-1|1749739200|1749742500|40:MSZZ|XAUUSD|5|2|-1|1749724500|1749724500|40:MSZZ|XAUUSD|5|2|-1|1749739200|1749742500;MSZZ|XAUUSD|5|2|-1|1749724500|1749724500;MSZZ|XAUUSD|5|2|-1|1749739200|1749742500;3388.7516326531;3388.7516326531;3389.2391836735;3389.2391836735;MSZZ|XAUUSD|5|2|1|1749736800|1749738900;MSZZ|XAUUSD|5|2|1|1749736800|1749738900;MSZZ|XAUUSD|5|2|-1|1749739200|1749742500;MSZZ|XAUUSD|5|2|-1|1749739200|1749742500;5.9128571429;5.9128571429;0.3091836735;0.3091836735;15.4400000000;15.4400000000;PASS
2025.06.12 20:20:00;2;SHORT;MSZZSE1|6:XAUUSD|1:5|1:2|2:-1|10:1749759600|40:MSZZ|XAUUSD|5|2|-1|1749752100|1749756000|40:MSZZ|XAUUSD|5|2|-1|1749739200|1749742500|40:MSZZ|XAUUSD|5|2|-1|1749752100|1749756000;MSZZSE1|6:XAUUSD|1:5|1:2|2:-1|10:1749759600|40:MSZZ|XAUUSD|5|2|-1|1749752100|1749756000|40:MSZZ|XAUUSD|5|2|-1|1749739200|1749742500|40:MSZZ|XAUUSD|5|2|-1|1749752100|1749756000;MSZZ|XAUUSD|5|2|-1|1749739200|1749742500;MSZZ|XAUUSD|5|2|-1|1749752100|1749756000;3380.5511627907;3380.5511627907;3380.6616279070;3380.6616279070;MSZZ|XAUUSD|5|2|1|1749746700|1749751200;MSZZ|XAUUSD|5|2|1|1749746700|1749751200;MSZZ|XAUUSD|5|2|-1|1749752100|1749756000;MSZZ|XAUUSD|5|2|-1|1749752100|1749756000;2.8335714286;2.8335714286;1.9016279070;1.9016279070;21.0800000000;21.0800000000;PASS
2025.06.12 20:30:00;2;SHORT;MSZZSE1|6:XAUUSD|1:5|1:2|2:-1|10:1749760200|40:MSZZ|XAUUSD|5|2|-1|1749752100|1749756000|40:MSZZ|XAUUSD|5|2|-1|1749739200|1749742500|40:MSZZ|XAUUSD|5|2|-1|1749752100|1749756000;MSZZSE1|6:XAUUSD|1:5|1:2|2:-1|10:1749760200|40:MSZZ|XAUUSD|5|2|-1|1749752100|1749756000|40:MSZZ|XAUUSD|5|2|-1|1749739200|1749742500|40:MSZZ|XAUUSD|5|2|-1|1749752100|1749756000;MSZZ|XAUUSD|5|2|-1|1749739200|1749742500;MSZZ|XAUUSD|5|2|-1|1749752100|1749756000;3380.7720930233;3380.7720930233;3380.8825581395;3380.8825581395;MSZZ|XAUUSD|5|2|1|1749746700|1749751200;MSZZ|XAUUSD|5|2|1|1749746700|1749751200;MSZZ|XAUUSD|5|2|-1|1749752100|1749756000;MSZZ|XAUUSD|5|2|-1|1749752100|1749756000;2.9178571429;2.9178571429;1.2125581395;1.2125581395;21.0800000000;21.0800000000;PASS
2025.06.12 21:55:00;2;LONG;MSZZSE1|6:XAUUSD|1:5|1:2|1:1|10:1749765300|39:MSZZ|XAUUSD|5|2|1|1749756600|1749759000|39:MSZZ|XAUUSD|5|2|1|1749746700|1749751200|39:MSZZ|XAUUSD|5|2|1|1749756600|1749759000;MSZZSE1|6:XAUUSD|1:5|1:2|1:1|10:1749765300|39:MSZZ|XAUUSD|5|2|1|1749756600|1749759000|39:MSZZ|XAUUSD|5|2|1|1749746700|1749751200|39:MSZZ|XAUUSD|5|2|1|1749756600|1749759000;MSZZ|XAUUSD|5|2|1|1749746700|1749751200;MSZZ|XAUUSD|5|2|1|1749756600|1749759000;3384.8206060606;3384.8206060606;3384.5884848485;3384.5884848485;MSZZ|XAUUSD|5|2|-1|1749752100|1749756000;MSZZ|XAUUSD|5|2|-1|1749752100|1749756000;MSZZ|XAUUSD|5|2|1|1749756600|1749759000;MSZZ|XAUUSD|5|2|1|1749756600|1749759000;1.6114285714;1.6114285714;1.3015151515;1.3015151515;13.4200000000;13.4200000000;PASS
2025.06.13 02:40:00;2;LONG;MSZZSE1|6:XAUUSD|1:5|1:2|1:1|10:1749782400|39:MSZZ|XAUUSD|5|2|1|1749768900|1749771000|39:MSZZ|XAUUSD|5|2|1|1749756600|1749759000|39:MSZZ|XAUUSD|5|2|1|1749768900|1749771000;MSZZSE1|6:XAUUSD|1:5|1:2|1:1|10:1749782400|39:MSZZ|XAUUSD|5|2|1|1749768900|1749771000|39:MSZZ|XAUUSD|5|2|1|1749756600|1749759000|39:MSZZ|XAUUSD|5|2|1|1749768900|1749771000;MSZZ|XAUUSD|5|2|1|1749756600|1749759000;MSZZ|XAUUSD|5|2|1|1749768900|1749771000;3387.0700000000;3387.0700000000;3387.0200000000;3387.0200000000;MSZZ|XAUUSD|5|2|-1|1749759900|1749764100;MSZZ|XAUUSD|5|2|-1|1749759900|1749764100;MSZZ|XAUUSD|5|2|1|1749768900|1749771000;MSZZ|XAUUSD|5|2|1|1749768900|1749771000;1.6657142857;1.6657142857;0.3900000000;0.3900000000;11.1000000000;11.1000000000;PASS
2025.06.13 03:05:00;2;LONG;MSZZSE1|6:XAUUSD|1:5|1:2|1:1|10:1749783900|39:MSZZ|XAUUSD|5|2|1|1749783600|1749783600|39:MSZZ|XAUUSD|5|2|1|1749768900|1749771000|39:MSZZ|XAUUSD|5|2|1|1749783600|1749783600;MSZZSE1|6:XAUUSD|1:5|1:2|1:1|10:1749783900|39:MSZZ|XAUUSD|5|2|1|1749783600|1749783600|39:MSZZ|XAUUSD|5|2|1|1749768900|1749771000|39:MSZZ|XAUUSD|5|2|1|1749783600|1749783600;MSZZ|XAUUSD|5|2|1|1749768900|1749771000;MSZZ|XAUUSD|5|2|1|1749783600|1749783600;3403.2100000000;3403.2100000000;3403.4944897959;3403.4944897959;MSZZ|XAUUSD|5|2|-1|1749778800|1749782400;MSZZ|XAUUSD|5|2|-1|1749778800|1749782400;MSZZ|XAUUSD|5|2|1|1749783600|1749783600;MSZZ|XAUUSD|5|2|1|1749783600|1749783600;3.4907142857;3.4907142857;6.9055102041;6.9055102041;31.4200000000;31.4200000000;PASS
2025.06.13 03:15:00;2;LONG;MSZZSE1|6:XAUUSD|1:5|1:2|1:1|10:1749784500|39:MSZZ|XAUUSD|5|2|1|1749783600|1749783600|39:MSZZ|XAUUSD|5|2|1|1749768900|1749771000|39:MSZZ|XAUUSD|5|2|1|1749783600|1749783600;MSZZSE1|6:XAUUSD|1:5|1:2|1:1|10:1749784500|39:MSZZ|XAUUSD|5|2|1|1749783600|1749783600|39:MSZZ|XAUUSD|5|2|1|1749768900|1749771000|39:MSZZ|XAUUSD|5|2|1|1749783600|1749783600;MSZZ|XAUUSD|5|2|1|1749768900|1749771000;MSZZ|XAUUSD|5|2|1|1749783600|1749783600;3403.7789795918;3403.7789795918;3404.0634693878;3404.0634693878;MSZZ|XAUUSD|5|2|-1|1749778800|1749782400;MSZZ|XAUUSD|5|2|-1|1749778800|1749782400;MSZZ|XAUUSD|5|2|1|1749783600|1749783600;MSZZ|XAUUSD|5|2|1|1749783600|1749783600;4.9692857143;4.9692857143;6.5265306122;6.5265306122;32.7800000000;32.7800000000;PASS
2025.06.13 08:30:00;2;LONG;MSZZSE1|6:XAUUSD|1:5|1:2|1:1|10:1749803400|39:MSZZ|XAUUSD|5|2|1|1749783600|1749783600|39:MSZZ|XAUUSD|5|2|1|1749768900|1749771000|39:MSZZ|XAUUSD|5|2|1|1749783600|1749783600;MSZZSE1|6:XAUUSD|1:5|1:2|1:1|10:1749803400|39:MSZZ|XAUUSD|5|2|1|1749783600|1749783600|39:MSZZ|XAUUSD|5|2|1|1749768900|1749771000|39:MSZZ|XAUUSD|5|2|1|1749783600|1749783600;MSZZ|XAUUSD|5|2|1|1749768900|1749771000;MSZZ|XAUUSD|5|2|1|1749783600|1749783600;3421.7018367347;3421.7018367347;3421.9863265306;3421.9863265306;MSZZ|XAUUSD|5|2|-1|1749778800|1749782400;MSZZ|XAUUSD|5|2|-1|1749778800|1749782400;MSZZ|XAUUSD|5|2|1|1749783600|1749783600;MSZZ|XAUUSD|5|2|1|1749783600|1749783600;3.4857142857;3.4857142857;0.1736734694;0.1736734694;43.3300000000;43.3300000000;PASS
2025.06.13 08:40:00;2;LONG;MSZZSE1|6:XAUUSD|1:5|1:2|1:1|10:1749804000|39:MSZZ|XAUUSD|5|2|1|1749783600|1749783600|39:MSZZ|XAUUSD|5|2|1|1749768900|1749771000|39:MSZZ|XAUUSD|5|2|1|1749783600|1749783600;MSZZSE1|6:XAUUSD|1:5|1:2|1:1|10:1749804000|39:MSZZ|XAUUSD|5|2|1|1749783600|1749783600|39:MSZZ|XAUUSD|5|2|1|1749768900|1749771000|39:MSZZ|XAUUSD|5|2|1|1749783600|1749783600;MSZZ|XAUUSD|5|2|1|1749768900|1749771000;MSZZ|XAUUSD|5|2|1|1749783600|1749783600;3422.2708163265;3422.2708163265;3422.5553061224;3422.5553061224;MSZZ|XAUUSD|5|2|-1|1749778800|1749782400;MSZZ|XAUUSD|5|2|-1|1749778800|1749782400;MSZZ|XAUUSD|5|2|1|1749783600|1749783600;MSZZ|XAUUSD|5|2|1|1749783600|1749783600;3.4264285714;3.4264285714;0.9946938776;0.9946938776;45.0700000000;45.0700000000;PASS
2025.06.13 09:25:00;2;LONG;MSZZSE1|6:XAUUSD|1:5|1:2|1:1|10:1749806700|39:MSZZ|XAUUSD|5|2|1|1749783600|1749783600|39:MSZZ|XAUUSD|5|2|1|1749768900|1749771000|39:MSZZ|XAUUSD|5|2|1|1749783600|1749783600;MSZZSE1|6:XAUUSD|1:5|1:2|1:1|10:1749806700|39:MSZZ|XAUUSD|5|2|1|1749783600|1749783600|39:MSZZ|XAUUSD|5|2|1|1749768900|1749771000|39:MSZZ|XAUUSD|5|2|1|1749783600|1749783600;MSZZ|XAUUSD|5|2|1|1749768900|1749771000;MSZZ|XAUUSD|5|2|1|1749783600|1749783600;3424.8312244898;3424.8312244898;3425.1157142857;3425.1157142857;MSZZ|XAUUSD|5|2|-1|1749778800|1749782400;MSZZ|XAUUSD|5|2|-1|1749778800|1749782400;MSZZ|XAUUSD|5|2|1|1749783600|1749783600;MSZZ|XAUUSD|5|2|1|1749783600|1749783600;3.4007142857;3.4007142857;0.1242857143;0.1242857143;45.7300000000;45.7300000000;PASS
2025.06.16 16:55:00;2;SHORT;MSZZSE1|6:XAUUSD|1:5|1:2|2:-1|10:1750092900|40:MSZZ|XAUUSD|5|2|-1|1750092600|1750092600|40:MSZZ|XAUUSD|5|2|-1|1749778800|1749782400|40:MSZZ|XAUUSD|5|2|-1|1750092600|1750092600;MSZZSE1|6:XAUUSD|1:5|1:2|2:-1|10:1750092900|40:MSZZ|XAUUSD|5|2|-1|1750092600|1750092600|40:MSZZ|XAUUSD|5|2|-1|1749778800|1749782400|40:MSZZ|XAUUSD|5|2|-1|1750092600|1750092600;MSZZ|XAUUSD|5|2|-1|1749778800|1749782400;MSZZ|XAUUSD|5|2|-1|1750092600|1750092600;3389.5200000000;3389.5200000000;3389.5294550669;3389.5294550669;MSZZ|XAUUSD|5|2|1|1749783600|1749783600;MSZZ|XAUUSD|5|2|1|1749783600|1749783600;MSZZ|XAUUSD|5|2|-1|1750092600|1750092600;MSZZ|XAUUSD|5|2|-1|1750092600|1750092600;6.3785714286;6.3785714286;1.4294550669;1.4294550669;20.5800000000;20.5800000000;PASS
2025.06.16 21:15:00;2;SHORT;MSZZSE1|6:XAUUSD|1:5|1:2|2:-1|10:1750108500|40:MSZZ|XAUUSD|5|2|-1|1750092600|1750092600|40:MSZZ|XAUUSD|5|2|-1|1749778800|1749782400|40:MSZZ|XAUUSD|5|2|-1|1750092600|1750092600;MSZZSE1|6:XAUUSD|1:5|1:2|2:-1|10:1750108500|40:MSZZ|XAUUSD|5|2|-1|1750092600|1750092600|40:MSZZ|XAUUSD|5|2|-1|1749778800|1749782400|40:MSZZ|XAUUSD|5|2|-1|1750092600|1750092600;MSZZ|XAUUSD|5|2|-1|1749778800|1749782400;MSZZ|XAUUSD|5|2|-1|1750092600|1750092600;3390.0116634799;3390.0116634799;3390.0211185468;3390.0211185468;MSZZ|XAUUSD|5|2|1|1749783600|1749783600;MSZZ|XAUUSD|5|2|1|1749783600|1749783600;MSZZ|XAUUSD|5|2|-1|1750092600|1750092600;MSZZ|XAUUSD|5|2|-1|1750092600|1750092600;2.2671428571;2.2671428571;0.2811185468;0.2811185468;14.0000000000;14.0000000000;PASS
2025.06.16 21:40:00;2;SHORT;MSZZSE1|6:XAUUSD|1:5|1:2|2:-1|10:1750110000|40:MSZZ|XAUUSD|5|2|-1|1750092600|1750092600|40:MSZZ|XAUUSD|5|2|-1|1749778800|1749782400|40:MSZZ|XAUUSD|5|2|-1|1750092600|1750092600;MSZZSE1|6:XAUUSD|1:5|1:2|2:-1|10:1750110000|40:MSZZ|XAUUSD|5|2|-1|1750092600|1750092600|40:MSZZ|XAUUSD|5|2|-1|1749778800|1749782400|40:MSZZ|XAUUSD|5|2|-1|1750092600|1750092600;MSZZ|XAUUSD|5|2|-1|1749778800|1749782400;MSZZ|XAUUSD|5|2|-1|1750092600|1750092600;3390.0589388145;3390.0589388145;3390.0683938815;3390.0683938815;MSZZ|XAUUSD|5|2|1|1749783600|1749783600;MSZZ|XAUUSD|5|2|1|1749783600|1749783600;MSZZ|XAUUSD|5|2|-1|1750092600|1750092600;MSZZ|XAUUSD|5|2|-1|1750092600|1750092600;1.9300000000;1.9300000000;0.8883938815;0.8883938815;14.3100000000;14.3100000000;PASS
2025.06.17 05:55:00;2;SHORT;MSZZSE1|6:XAUUSD|1:5|1:2|2:-1|10:1750139700|40:MSZZ|XAUUSD|5|2|-1|1750092600|1750092600|40:MSZZ|XAUUSD|5|2|-1|1749778800|1749782400|40:MSZZ|XAUUSD|5|2|-1|1750092600|1750092600;MSZZSE1|6:XAUUSD|1:5|1:2|2:-1|10:1750139700|40:MSZZ|XAUUSD|5|2|-1|1750092600|1750092600|40:MSZZ|XAUUSD|5|2|-1|1749778800|1749782400|40:MSZZ|XAUUSD|5|2|-1|1750092600|1750092600;MSZZ|XAUUSD|5|2|-1|1749778800|1749782400;MSZZ|XAUUSD|5|2|-1|1750092600|1750092600;3390.9949904398;3390.9949904398;3391.0044455067;3391.0044455067;MSZZ|XAUUSD|5|2|1|1749783600|1749783600;MSZZ|XAUUSD|5|2|1|1749783600|1749783600;MSZZ|XAUUSD|5|2|-1|1750092600|1750092600;MSZZ|XAUUSD|5|2|-1|1750092600|1750092600;2.9828571429;2.9828571429;0.9944455067;0.9944455067;14.7700000000;14.7700000000;PASS
2025.06.17 07:35:00;2;SHORT;MSZZSE1|6:XAUUSD|1:5|1:2|2:-1|10:1750145700|40:MSZZ|XAUUSD|5|2|-1|1750092600|1750092600|40:MSZZ|XAUUSD|5|2|-1|1749778800|1749782400|40:MSZZ|XAUUSD|5|2|-1|1750092600|1750092600;MSZZSE1|6:XAUUSD|1:5|1:2|2:-1|10:1750145700|40:MSZZ|XAUUSD|5|2|-1|1750092600|1750092600|40:MSZZ|XAUUSD|5|2|-1|1749778800|1749782400|40:MSZZ|XAUUSD|5|2|-1|1750092600|1750092600;MSZZ|XAUUSD|5|2|-1|1749778800|1749782400;MSZZ|XAUUSD|5|2|-1|1750092600|1750092600;3391.1840917782;3391.1840917782;3391.1935468451;3391.1935468451;MSZZ|XAUUSD|5|2|1|1749783600|1749783600;MSZZ|XAUUSD|5|2|1|1749783600|1749783600;MSZZ|XAUUSD|5|2|-1|1750092600|1750092600;MSZZ|XAUUSD|5|2|-1|1750092600|1750092600;2.2228571429;2.2228571429;0.1935468451;0.1935468451;13.6900000000;13.6900000000;PASS
2025.06.17 09:00:00;2;SHORT;MSZZSE1|6:XAUUSD|1:5|1:2|2:-1|10:1750150800|40:MSZZ|XAUUSD|5|2|-1|1750092600|1750092600|40:MSZZ|XAUUSD|5|2|-1|1749778800|1749782400|40:MSZZ|XAUUSD|5|2|-1|1750092600|1750092600;MSZZSE1|6:XAUUSD|1:5|1:2|2:-1|10:1750150800|40:MSZZ|XAUUSD|5|2|-1|1750092600|1750092600|40:MSZZ|XAUUSD|5|2|-1|1749778800|1749782400|40:MSZZ|XAUUSD|5|2|-1|1750092600|1750092600;MSZZ|XAUUSD|5|2|-1|1749778800|1749782400;MSZZ|XAUUSD|5|2|-1|1750092600|1750092600;3391.3448279159;3391.3448279159;3391.3542829828;3391.3542829828;MSZZ|XAUUSD|5|2|1|1749783600|1749783600;MSZZ|XAUUSD|5|2|1|1749783600|1749783600;MSZZ|XAUUSD|5|2|-1|1750092600|1750092600;MSZZ|XAUUSD|5|2|-1|1750092600|1750092600;2.3464285714;2.3464285714;3.1142829828;3.1142829828;15.3200000000;15.3200000000;PASS
2025.06.17 14:50:00;2;SHORT;MSZZSE1|6:XAUUSD|1:5|1:2|2:-1|10:1750171800|40:MSZZ|XAUUSD|5|2|-1|1750092600|1750092600|40:MSZZ|XAUUSD|5|2|-1|1749778800|1749782400|40:MSZZ|XAUUSD|5|2|-1|1750092600|1750092600;MSZZSE1|6:XAUUSD|1:5|1:2|2:-1|10:1750171800|40:MSZZ|XAUUSD|5|2|-1|1750092600|1750092600|40:MSZZ|XAUUSD|5|2|-1|1749778800|1749782400|40:MSZZ|XAUUSD|5|2|-1|1750092600|1750092600;MSZZ|XAUUSD|5|2|-1|1749778800|1749782400;MSZZ|XAUUSD|5|2|-1|1750092600|1750092600;3392.0066826004;3392.0066826004;3392.0161376673;3392.0161376673;MSZZ|XAUUSD|5|2|1|1749783600|1749783600;MSZZ|XAUUSD|5|2|1|1749783600|1749783600;MSZZ|XAUUSD|5|2|-1|1750092600|1750092600;MSZZ|XAUUSD|5|2|-1|1750092600|1750092600;2.8564285714;2.8564285714;0.4861376673;0.4861376673;14.2800000000;14.2800000000;PASS
2025.06.17 16:45:00;2;SHORT;MSZZSE1|6:XAUUSD|1:5|1:2|2:-1|10:1750178700|40:MSZZ|XAUUSD|5|2|-1|1750092600|1750092600|40:MSZZ|XAUUSD|5|2|-1|1749778800|1749782400|40:MSZZ|XAUUSD|5|2|-1|1750092600|1750092600;MSZZSE1|6:XAUUSD|1:5|1:2|2:-1|10:1750178700|40:MSZZ|XAUUSD|5|2|-1|1750092600|1750092600|40:MSZZ|XAUUSD|5|2|-1|1749778800|1749782400|40:MSZZ|XAUUSD|5|2|-1|1750092600|1750092600;MSZZ|XAUUSD|5|2|-1|1749778800|1749782400;MSZZ|XAUUSD|5|2|-1|1750092600|1750092600;3392.2241491396;3392.2241491396;3392.2336042065;3392.2336042065;MSZZ|XAUUSD|5|2|1|1749783600|1749783600;MSZZ|XAUUSD|5|2|1|1749783600|1749783600;MSZZ|XAUUSD|5|2|-1|1750092600|1750092600;MSZZ|XAUUSD|5|2|-1|1750092600|1750092600;4.2007142857;4.2007142857;2.4236042065;2.4236042065;14.8500000000;14.8500000000;PASS
2025.06.18 01:20:00;2;SHORT;MSZZSE1|6:XAUUSD|1:5|1:2|2:-1|10:1750209600|40:MSZZ|XAUUSD|5|2|-1|1750092600|1750092600|40:MSZZ|XAUUSD|5|2|-1|1749778800|1749782400|40:MSZZ|XAUUSD|5|2|-1|1750092600|1750092600;MSZZSE1|6:XAUUSD|1:5|1:2|2:-1|10:1750209600|40:MSZZ|XAUUSD|5|2|-1|1750092600|1750092600|40:MSZZ|XAUUSD|5|2|-1|1749778800|1749782400|40:MSZZ|XAUUSD|5|2|-1|1750092600|1750092600;MSZZ|XAUUSD|5|2|-1|1749778800|1749782400;MSZZ|XAUUSD|5|2|-1|1750092600|1750092600;3393.1980210325;3393.1980210325;3393.2074760994;3393.2074760994;MSZZ|XAUUSD|5|2|1|1749783600|1749783600;MSZZ|XAUUSD|5|2|1|1749783600|1749783600;MSZZ|XAUUSD|5|2|-1|1750092600|1750092600;MSZZ|XAUUSD|5|2|-1|1750092600|1750092600;2.2185714286;2.2185714286;0.2774760994;0.2774760994;13.6900000000;13.6900000000;PASS
2025.06.18 08:05:00;2;SHORT;MSZZSE1|6:XAUUSD|1:5|1:2|2:-1|10:1750233900|40:MSZZ|XAUUSD|5|2|-1|1750092600|1750092600|40:MSZZ|XAUUSD|5|2|-1|1749778800|1749782400|40:MSZZ|XAUUSD|5|2|-1|1750092600|1750092600;MSZZSE1|6:XAUUSD|1:5|1:2|2:-1|10:1750233900|40:MSZZ|XAUUSD|5|2|-1|1750092600|1750092600|40:MSZZ|XAUUSD|5|2|-1|1749778800|1749782400|40:MSZZ|XAUUSD|5|2|-1|1750092600|1750092600;MSZZ|XAUUSD|5|2|-1|1749778800|1749782400;MSZZ|XAUUSD|5|2|-1|1750092600|1750092600;3393.9638814532;3393.9638814532;3393.9733365201;3393.9733365201;MSZZ|XAUUSD|5|2|1|1749783600|1749783600;MSZZ|XAUUSD|5|2|1|1749783600|1749783600;MSZZ|XAUUSD|5|2|-1|1750092600|1750092600;MSZZ|XAUUSD|5|2|-1|1750092600|1750092600;2.3671428571;2.3671428571;0.1133365201;0.1133365201;13.6900000000;13.6900000000;PASS
2025.06.18 08:20:00;2;SHORT;MSZZSE1|6:XAUUSD|1:5|1:2|2:-1|10:1750234800|40:MSZZ|XAUUSD|5|2|-1|1750092600|1750092600|40:MSZZ|XAUUSD|5|2|-1|1749778800|1749782400|40:MSZZ|XAUUSD|5|2|-1|1750092600|1750092600;MSZZSE1|6:XAUUSD|1:5|1:2|2:-1|10:1750234800|40:MSZZ|XAUUSD|5|2|-1|1750092600|1750092600|40:MSZZ|XAUUSD|5|2|-1|1749778800|1749782400|40:MSZZ|XAUUSD|5|2|-1|1750092600|1750092600;MSZZ|XAUUSD|5|2|-1|1749778800|1749782400;MSZZ|XAUUSD|5|2|-1|1750092600|1750092600;3393.9922466539;3393.9922466539;3394.0017017208;3394.0017017208;MSZZ|XAUUSD|5|2|1|1749783600|1749783600;MSZZ|XAUUSD|5|2|1|1749783600|1749783600;MSZZ|XAUUSD|5|2|-1|1750092600|1750092600;MSZZ|XAUUSD|5|2|-1|1750092600|1750092600;2.3371428571;2.3371428571;0.7017017208;0.7017017208;13.6900000000;13.6900000000;PASS
2025.06.18 16:30:00;2;SHORT;MSZZSE1|6:XAUUSD|1:5|1:2|2:-1|10:1750264200|40:MSZZ|XAUUSD|5|2|-1|1750092600|1750092600|40:MSZZ|XAUUSD|5|2|-1|1749778800|1749782400|40:MSZZ|XAUUSD|5|2|-1|1750092600|1750092600;MSZZSE1|6:XAUUSD|1:5|1:2|2:-1|10:1750264200|40:MSZZ|XAUUSD|5|2|-1|1750092600|1750092600|40:MSZZ|XAUUSD|5|2|-1|1749778800|1749782400|40:MSZZ|XAUUSD|5|2|-1|1750092600|1750092600;MSZZ|XAUUSD|5|2|-1|1749778800|1749782400;MSZZ|XAUUSD|5|2|-1|1750092600|1750092600;3394.9188432122;3394.9188432122;3394.9282982792;3394.9282982792;MSZZ|XAUUSD|5|2|1|1749783600|1749783600;MSZZ|XAUUSD|5|2|1|1749783600|1749783600;MSZZ|XAUUSD|5|2|-1|1750092600|1750092600;MSZZ|XAUUSD|5|2|-1|1750092600|1750092600;2.9121428571;2.9121428571;1.7882982792;1.7882982792;13.6900000000;13.6900000000;PASS
