cluster_id;strategy_id;symbol;timeframe;direction;signal_time;fill_time;close_time;entry;stop;target;exit;exit_reason;r_result;mfe_r;mae_r;bars_held;session
MSZZC1|6:XAUUSD|1:5|1:1|1:2|66:BO|XAUUSD|5|1|L|1741098000|MSZZ|XAUUSD|5|1|1|1741096200|1741096200;1012;XAUUSD;PERIOD_M5;LONG;2025.03.04 14:20:00;2025.03.04 14:25:00;2025.03.04 16:39:58;2922.06000000;2912.08000000;2942.02000000;2912.08000000;SL;-1.0000;0.5792;-1.1443;26;London
MSZZC1|6:XAUUSD|1:5|2:-1|1:2|67:BO|XAUUSD|5|1|S|1741107300|MSZZ|XAUUSD|5|1|-1|1741106400|1741106400;1012;XAUUSD;PERIOD_M5;SHORT;2025.03.04 16:55:00;2025.03.04 17:00:00;2025.03.04 21:40:00;2903.02000000;2921.69000000;2865.68000000;2914.15000000;OTHER;-0.5961;0.1478;-0.7167;56;NewYork
MSZZC1|6:XAUUSD|1:5|1:1|1:2|66:BO|XAUUSD|5|1|L|1741124100|MSZZ|XAUUSD|5|1|1|1741115400|1741117200;1012;XAUUSD;PERIOD_M5;LONG;2025.03.04 21:35:00;2025.03.04 21:40:00;2025.03.04 22:24:57;2914.15000000;2911.03000000;2920.39000000;2920.39000000;TP;2.0000;2.0609;-0.2212;8;NewYork
MSZZC1|6:XAUUSD|1:5|2:-1|1:2|67:BO|XAUUSD|5|1|S|1741130100|MSZZ|XAUUSD|5|1|-1|1741128000|1741129200;1012;XAUUSD;PERIOD_M5;SHORT;2025.03.04 23:15:00;2025.03.04 23:20:00;2025.03.04 23:50:00;2914.75000000;2918.44000000;2907.37000000;2917.72000000;OTHER;-0.8049;0.4201;-0.8482;6;NewYork
MSZZC1|6:XAUUSD|1:5|1:1|1:2|66:BO|XAUUSD|5|1|L|1741131900|MSZZ|XAUUSD|5|1|1|1741129200|1741130100;1012;XAUUSD;PERIOD_M5;LONG;2025.03.04 23:45:00;2025.03.04 23:50:00;2025.03.05 02:04:58;2917.72000000;2913.20000000;2926.76000000;2913.20000000;SL;-1.0000;0.1482;-1.1792;26;NewYork
MSZZC1|6:XAUUSD|1:5|1:1|1:2|66:BO|XAUUSD|5|1|L|1741153500|MSZZ|XAUUSD|5|1|1|1741148100|1741148700;1012;XAUUSD;PERIOD_M5;LONG;2025.03.05 05:45:00;2025.03.05 05:50:00;2025.03.05 06:35:00;2913.14000000;2902.06000000;2935.30000000;2911.51000000;OTHER;-0.1471;-0.0036;-0.4152;9;Asian
MSZZC1|6:XAUUSD|1:5|2:-1|1:2|67:BO|XAUUSD|5|1|S|1741156200|MSZZ|XAUUSD|5|1|-1|1741154400|1741155900;1012;XAUUSD;PERIOD_M5;SHORT;2025.03.05 06:30:00;2025.03.05 06:35:00;2025.03.05 07:30:00;2911.51000000;2913.45000000;2907.63000000;2912.10000000;OTHER;-0.3041;0.9124;-0.7990;11;Asian
MSZZC1|6:XAUUSD|1:5|1:1|1:2|66:BO|XAUUSD|5|1|L|1741159500|MSZZ|XAUUSD|5|1|1|1741156500|1741157700;1012;XAUUSD;PERIOD_M5;LONG;2025.03.05 07:25:00;2025.03.05 07:30:00;2025.03.05 07:54:58;2912.10000000;2909.74000000;2916.82000000;2916.82000000;TP;2.0000;2.1568;-0.3941;4;Asian
MSZZC1|6:XAUUSD|1:5|2:-1|1:2|67:BO|XAUUSD|5|1|S|1741167000|MSZZ|XAUUSD|5|1|-1|1741164000|1741165200;1012;XAUUSD;PERIOD_M5;SHORT;2025.03.05 09:30:00;2025.03.05 09:35:00;2025.03.05 10:05:00;2914.97000000;2919.85000000;2905.21000000;2918.98000000;OTHER;-0.8217;0.3852;-1.2664;6;London
MSZZC1|6:XAUUSD|1:5|1:1|1:2|66:BO|XAUUSD|5|1|L|1741168800|MSZZ|XAUUSD|5|1|1|1741165500|1741166400;1012;XAUUSD;PERIOD_M5;LONG;2025.03.05 10:00:00;2025.03.05 10:05:00;2025.03.05 12:55:00;2918.98000000;2913.09000000;2930.76000000;2914.39000000;OTHER;-0.7793;0.6061;-1.6893;34;London
MSZZC1|6:XAUUSD|1:5|2:-1|1:2|67:BO|XAUUSD|5|1|S|1741179000|MSZZ|XAUUSD|5|1|-1|1741177200|1741177800;1012;XAUUSD;PERIOD_M5;SHORT;2025.03.05 12:50:00;2025.03.05 12:55:00;2025.03.05 13:40:00;2914.39000000;2919.41000000;2904.35000000;2915.09000000;OTHER;-0.1394;1.0677;-0.4562;9;London
MSZZC1|6:XAUUSD|1:5|1:1|1:2|66:BO|XAUUSD|5|1|L|1741181700|MSZZ|XAUUSD|5|1|1|1741175700|1741177200;1012;XAUUSD;PERIOD_M5;LONG;2025.03.05 13:35:00;2025.03.05 13:40:00;2025.03.05 13:49:57;2915.09000000;2914.07000000;2917.13000000;2917.13000000;TP;2.0000;2.1078;-0.6569;1;London
MSZZC1|6:XAUUSD|1:5|2:-1|1:2|67:BO|XAUUSD|5|1|S|1741183500|MSZZ|XAUUSD|5|1|-1|1741177200|1741177800;1012;XAUUSD;PERIOD_M5;SHORT;2025.03.05 14:05:00;2025.03.05 14:10:00;2025.03.05 14:29:57;2915.59000000;2919.41000000;2907.95000000;2919.41000000;SL;-1.0000;0.0838;-0.9712;3;London
MSZZC1|6:XAUUSD|1:5|2:-1|1:2|67:BO|XAUUSD|5|1|S|1741185300|MSZZ|XAUUSD|5|1|-1|1741177200|1741177800;1012;XAUUSD;PERIOD_M5;SHORT;2025.03.05 14:35:00;2025.03.05 14:40:00;2025.03.05 15:34:58;2916.53000000;2919.41000000;2910.77000000;2910.77000000;TP;2.0000;3.4549;-0.2674;10;London
MSZZC1|6:XAUUSD|1:5|2:-1|1:2|67:BO|XAUUSD|5|1|S|1741189200|MSZZ|XAUUSD|5|1|-1|1741188600|1741188600;1012;XAUUSD;PERIOD_M5;SHORT;2025.03.05 15:40:00;2025.03.05 15:45:00;2025.03.05 17:09:57;2899.88000000;2919.30000000;2861.04000000;2919.30000000;SL;-1.0000;0.3043;-1.1251;16;London
MSZZC1|6:XAUUSD|1:5|1:1|1:2|66:BO|XAUUSD|5|1|L|1741194300|MSZZ|XAUUSD|5|1|1|1741192800|1741194000;1012;XAUUSD;PERIOD_M5;LONG;2025.03.05 17:05:00;2025.03.05 17:10:00;2025.03.05 19:05:00;2918.04000000;2907.06000000;2940.00000000;2922.85000000;OTHER;0.4381;1.0956;-0.3515;23;NewYork
MSZZC1|6:XAUUSD|1:5|2:-1|1:2|67:BO|XAUUSD|5|1|S|1741201200|MSZZ|XAUUSD|5|1|-1|1741197600|1741198200;1012;XAUUSD;PERIOD_M5;SHORT;2025.03.05 19:00:00;2025.03.05 19:05:00;2025.03.05 21:05:00;2922.85000000;2930.07000000;2908.41000000;2918.41000000;OTHER;0.6150;1.6039;-0.0208;24;NewYork
MSZZC1|6:XAUUSD|1:5|1:1|1:2|66:BO|XAUUSD|5|1|L|1741208400|MSZZ|XAUUSD|5|1|1|1741206300|1741206600;1012;XAUUSD;PERIOD_M5;LONG;2025.03.05 21:00:00;2025.03.05 21:05:00;2025.03.06 03:00:00;2918.41000000;2913.66000000;2927.91000000;2916.81000000;OTHER;-0.3368;0.9916;-0.5263;71;NewYork
MSZZC1|6:XAUUSD|1:5|2:-1|1:2|67:BO|XAUUSD|5|1|S|1741229700|MSZZ|XAUUSD|5|1|-1|1741222800|1741222800;1012;XAUUSD;PERIOD_M5;SHORT;2025.03.06 02:55:00;2025.03.06 03:00:00;2025.03.06 03:34:58;2916.81000000;2920.30000000;2909.83000000;2920.30000000;SL;-1.0000;0.2579;-0.9885;6;Asian
MSZZC1|6:XAUUSD|1:5|1:1|1:2|66:BO|XAUUSD|5|1|L|1741231800|MSZZ|XAUUSD|5|1|1|1741227300|1741227600;1012;XAUUSD;PERIOD_M5;LONG;2025.03.06 03:30:00;2025.03.06 03:35:00;2025.03.06 05:05:00;2919.83000000;2915.91000000;2927.67000000;2924.51000000;OTHER;1.1939;1.7092;-0.0561;18;Asian
MSZZC1|6:XAUUSD|1:5|2:-1|1:2|67:BO|XAUUSD|5|1|S|1741237200|MSZZ|XAUUSD|5|1|-1|1741235700|1741236900;1012;XAUUSD;PERIOD_M5;SHORT;2025.03.06 05:00:00;2025.03.06 05:05:00;2025.03.06 05:44:58;2924.51000000;2926.53000000;2920.47000000;2920.47000000;TP;2.0000;2.0693;-0.0792;7;Asian
MSZZC1|6:XAUUSD|1:5|1:1|1:2|66:BO|XAUUSD|5|1|L|1741251000|MSZZ|XAUUSD|5|1|1|1741236900|1741237500;1012;XAUUSD;PERIOD_M5;LONG;2025.03.06 08:50:00;2025.03.06 08:55:00;2025.03.06 09:34:58;2921.85000000;2914.52000000;2936.51000000;2914.52000000;SL;-1.0000;0.0969;-1.1160;7;London
MSZZC1|6:XAUUSD|1:5|2:-1|1:2|67:BO|XAUUSD|5|1|S|1741257600|MSZZ|XAUUSD|5|1|-1|1741245900|1741246200;1012;XAUUSD;PERIOD_M5;SHORT;2025.03.06 10:40:00;2025.03.06 10:45:00;2025.03.06 13:25:00;2904.56000000;2923.08000000;2867.52000000;2903.24000000;OTHER;0.0713;0.7252;-0.0470;32;London
MSZZC1|6:XAUUSD|1:5|1:1|1:2|66:BO|XAUUSD|5|1|L|1741267200|MSZZ|XAUUSD|5|1|1|1741264500|1741265700;1012;XAUUSD;PERIOD_M5;LONG;2025.03.06 13:20:00;2025.03.06 13:25:00;2025.03.06 14:05:00;2903.24000000;2898.60000000;2912.52000000;2904.78000000;OTHER;0.3319;0.9461;-0.1056;8;London
MSZZC1|6:XAUUSD|1:5|2:-1|1:2|67:BO|XAUUSD|5|1|S|1741269600|MSZZ|XAUUSD|5|1|-1|1741266000|1741266300;1012;XAUUSD;PERIOD_M5;SHORT;2025.03.06 14:00:00;2025.03.06 14:05:00;2025.03.06 14:09:57;2904.78000000;2905.21000000;2903.92000000;2905.21000000;SL;-1.0000;2.6977;-2.1860;0;London
MSZZC1|6:XAUUSD|1:5|2:-1|1:2|67:BO|XAUUSD|5|1|S|1741271400|MSZZ|XAUUSD|5|1|-1|1741270500|1741271100;1012;XAUUSD;PERIOD_M5;SHORT;2025.03.06 14:30:00;2025.03.06 14:35:00;2025.03.06 15:19:57;2901.18000000;2907.63000000;2888.28000000;2907.63000000;SL;-1.0000;0.2713;-1.2775;8;London
MSZZC1|6:XAUUSD|1:5|2:-1|1:2|67:BO|XAUUSD|5|1|S|1741274100|MSZZ|XAUUSD|5|1|-1|1741270500|1741271100;1012;XAUUSD;PERIOD_M5;SHORT;2025.03.06 15:15:00;2025.03.06 15:20:00;2025.03.06 15:39:57;2905.30000000;2907.63000000;2900.64000000;2907.63000000;SL;-1.0000;1.9442;-1.0858;3;London
MSZZC1|6:XAUUSD|1:5|1:1|1:2|66:BO|XAUUSD|5|1|L|1741690200|MSZZ|XAUUSD|5|1|1|1741689000|1741689000;1012;XAUUSD;PERIOD_M5;LONG;2025.03.11 10:50:00;2025.03.11 10:55:00;2025.03.11 16:44:58;2902.54000000;2895.93000000;2915.76000000;2915.76000000;TP;2.0000;2.0454;-0.7534;69;London
MSZZC1|6:XAUUSD|1:5|1:1|1:2|66:BO|XAUUSD|5|1|L|1742592300|MSZZ|XAUUSD|5|1|1|1742588100|1742588700;1012;XAUUSD;PERIOD_M5;LONG;2025.03.21 21:25:00;2025.03.21 21:30:00;2025.03.24 01:05:00;3019.14000000;3012.92000000;3031.58000000;3023.39000000;OTHER;0.6833;0.9807;-0.5161;619;NewYork
MSZZC1|6:XAUUSD|1:5|2:-1|1:2|67:BO|XAUUSD|5|1|S|1742778000|MSZZ|XAUUSD|5|1|-1|1742597700|1742598900;1012;XAUUSD;PERIOD_M5;SHORT;2025.03.24 01:00:00;2025.03.24 01:05:00;2025.03.24 01:19:58;3023.39000000;3025.24000000;3019.69000000;3025.24000000;SL;-1.0000;0.7027;-1.3568;2;Asian
MSZZC1|6:XAUUSD|1:5|1:1|1:2|66:BO|XAUUSD|5|1|L|1742778900|MSZZ|XAUUSD|5|1|1|1742778000|1742778000;1012;XAUUSD;PERIOD_M5;LONG;2025.03.24 01:15:00;2025.03.24 01:20:00;2025.03.24 03:54:58;3025.87000000;3019.61000000;3038.39000000;3019.61000000;SL;-1.0000;0.0687;-1.2396;30;Asian
MSZZC1|6:XAUUSD|1:5|1:1|1:2|66:BO|XAUUSD|5|1|L|1742799600|MSZZ|XAUUSD|5|1|1|1742797200|1742798100;1012;XAUUSD;PERIOD_M5;LONG;2025.03.24 07:00:00;2025.03.24 07:05:00;2025.03.24 07:35:00;3017.69000000;3013.62000000;3025.83000000;3017.54000000;OTHER;-0.0369;0.4373;-0.1351;6;Asian
MSZZC1|6:XAUUSD|1:5|2:-1|1:2|67:BO|XAUUSD|5|1|S|1742801400|MSZZ|XAUUSD|5|1|-1|1742798100|1742800500;1012;XAUUSD;PERIOD_M5;SHORT;2025.03.24 07:30:00;2025.03.24 07:35:00;2025.03.24 07:59:57;3017.54000000;3019.82000000;3012.98000000;3019.82000000;SL;-1.0000;0.1009;-1.1316;4;Asian
MSZZC1|6:XAUUSD|1:5|2:-1|1:2|67:BO|XAUUSD|5|1|S|1742807100|MSZZ|XAUUSD|5|1|-1|1742798100|1742800500;1012;XAUUSD;PERIOD_M5;SHORT;2025.03.24 09:05:00;2025.03.24 09:10:00;2025.03.24 09:19:57;3020.84000000;3022.33000000;3017.86000000;3017.86000000;TP;2.0000;2.3960;-0.0067;1;London
MSZZC1|6:XAUUSD|1:5|2:-1|1:2|67:BO|XAUUSD|5|1|S|1742831100|MSZZ|XAUUSD|5|1|-1|1742829000|1742829300;1012;XAUUSD;PERIOD_M5;SHORT;2025.03.24 15:45:00;2025.03.24 15:50:00;2025.03.24 18:09:57;3024.37000000;3033.27000000;3006.57000000;3006.57000000;TP;2.0000;2.0933;-0.4393;27;London
MSZZC1|6:XAUUSD|1:5|1:1|1:2|66:BO|XAUUSD|5|1|L|1743097500|MSZZ|XAUUSD|5|1|1|1743087600|1743088200;1012;XAUUSD;PERIOD_M5;LONG;2025.03.27 17:45:00;2025.03.27 17:50:00;2025.03.27 19:44:57;3059.21000000;3049.98000000;3077.67000000;3049.98000000;SL;-1.0000;0.0542;-1.0303;22;NewYork
MSZZC1|6:XAUUSD|1:5|1:1|1:2|66:BO|XAUUSD|5|1|L|1743115500|MSZZ|XAUUSD|5|1|1|1743111900|1743112800;1012;XAUUSD;PERIOD_M5;LONG;2025.03.27 22:45:00;2025.03.27 22:50:00;2025.03.28 01:19:58;3057.90000000;3054.94000000;3063.82000000;3054.94000000;SL;-1.0000;-0.0135;-1.1182;29;NewYork
MSZZC1|6:XAUUSD|1:5|1:1|1:2|66:BO|XAUUSD|5|1|L|1743125100|MSZZ|XAUUSD|5|1|1|1743119400|1743124500;1012;XAUUSD;PERIOD_M5;LONG;2025.03.28 01:25:00;2025.03.28 01:30:00;2025.03.28 01:59:58;3056.57000000;3055.04000000;3059.63000000;3055.04000000;SL;-1.0000;0.7190;-1.4314;5;Asian
MSZZC1|6:XAUUSD|1:5|1:1|1:2|66:BO|XAUUSD|5|1|L|1743131100|MSZZ|XAUUSD|5|1|1|1743130800|1743130800;1012;XAUUSD;PERIOD_M5;LONG;2025.03.28 03:05:00;2025.03.28 03:10:00;2025.03.28 04:49:58;3059.89000000;3054.17000000;3071.33000000;3071.33000000;TP;2.0000;2.1801;-0.3374;19;Asian
MSZZC1|6:XAUUSD|1:5|2:-1|1:2|67:BO|XAUUSD|5|1|S|1743710100|MSZZ|XAUUSD|5|1|-1|1743708000|1743709200;1012;XAUUSD;PERIOD_M5;SHORT;2025.04.03 19:55:00;2025.04.03 20:00:00;2025.04.03 20:20:00;3107.57000000;3135.54000000;3051.63000000;3103.61000000;OTHER;0.1416;0.2445;-0.0029;4;NewYork
MSZZC1|6:XAUUSD|1:5|1:1|1:2|66:BO|XAUUSD|5|1|L|1743711300|MSZZ|XAUUSD|5|1|1|1743709200|1743710400;1012;XAUUSD;PERIOD_M5;LONG;2025.04.03 20:15:00;2025.04.03 20:20:00;2025.04.03 20:29:58;3103.61000000;3101.84000000;3107.15000000;3101.84000000;SL;-1.0000;0.8305;-1.6328;1;NewYork
MSZZC1|6:XAUUSD|1:5|1:1|1:2|66:BO|XAUUSD|5|1|L|1743717300|MSZZ|XAUUSD|5|1|1|1743714000|1743715200;1012;XAUUSD;PERIOD_M5;LONG;2025.04.03 21:55:00;2025.04.03 22:00:00;2025.04.03 22:40:00;3111.67000000;3102.18000000;3130.65000000;3103.36000000;OTHER;-0.8757;0.1644;-0.9726;8;NewYork
MSZZC1|6:XAUUSD|1:5|2:-1|1:2|67:BO|XAUUSD|5|1|S|1743719700|MSZZ|XAUUSD|5|1|-1|1743715800|1743717000;1012;XAUUSD;PERIOD_M5;SHORT;2025.04.03 22:35:00;2025.04.03 22:40:00;2025.04.03 23:39:58;3103.36000000;3113.23000000;3083.62000000;3113.23000000;SL;-1.0000;0.1824;-1.0760;11;NewYork
MSZZC1|6:XAUUSD|1:5|2:-1|1:2|67:BO|XAUUSD|5|1|S|1743731100|MSZZ|XAUUSD|5|1|-1|1743728400|1743730500;1012;XAUUSD;PERIOD_M5;SHORT;2025.04.04 01:45:00;2025.04.04 01:50:00;2025.04.04 05:29:58;3112.83000000;3116.62000000;3105.25000000;3105.25000000;TP;2.0000;2.2375;-0.8971;43;Asian
MSZZC1|6:XAUUSD|1:5|1:1|1:2|66:BO|XAUUSD|5|1|L|1743773400|MSZZ|XAUUSD|5|1|1|1743739800|1743741000;1012;XAUUSD;PERIOD_M5;LONG;2025.04.04 13:30:00;2025.04.04 13:35:00;2025.04.04 13:44:57;3114.08000000;3107.48000000;3127.28000000;3107.48000000;SL;-1.0000;0.3258;-1.0848;1;London
MSZZC1|6:XAUUSD|1:5|1:1|1:2|66:BO|XAUUSD|5|1|L|1743775200|MSZZ|XAUUSD|5|1|1|1743739800|1743741000;1012;XAUUSD;PERIOD_M5;LONG;2025.04.04 14:00:00;2025.04.04 14:05:00;2025.04.04 14:09:58;3113.16000000;3107.48000000;3124.52000000;3124.52000000;TP;2.0000;2.6602;-0.1690;0;London
MSZZC1|6:XAUUSD|1:5|2:-1|1:2|67:BO|XAUUSD|5|1|S|1743777300|MSZZ|XAUUSD|5|1|-1|1743742800|1743743100;1012;XAUUSD;PERIOD_M5;SHORT;2025.04.04 14:35:00;2025.04.04 14:40:00;2025.04.04 15:44:57;3114.82000000;3136.51000000;3071.44000000;3071.44000000;TP;2.0000;2.0420;-0.0235;12;London
MSZZC1|6:XAUUSD|1:5|2:-1|1:2|67:BO|XAUUSD|5|1|S|1743987900|MSZZ|XAUUSD|5|1|-1|1743777900|1743778500;1012;XAUUSD;PERIOD_M5;SHORT;2025.04.07 01:05:00;2025.04.07 01:10:00;2025.04.10 16:24:58;3014.90000000;3136.51000000;2771.68000000;3136.51000000;SL;-1.0000;0.4829;-1.0011;1046;Asian
MSZZC1|6:XAUUSD|1:5|1:1|1:2|66:BO|XAUUSD|5|1|L|1744304700|MSZZ|XAUUSD|5|1|1|1744299000|1744299000;1012;XAUUSD;PERIOD_M5;LONG;2025.04.10 17:05:00;2025.04.10 17:10:00;2025.04.11 03:24:58;3142.38000000;3116.06000000;3195.02000000;3195.02000000;TP;2.0000;2.1505;-0.1284;122;NewYork
MSZZC1|6:XAUUSD|1:5|1:1|1:2|66:BO|XAUUSD|5|1|L|1744341600|MSZZ|XAUUSD|5|1|1|1744335000|1744335000;1012;XAUUSD;PERIOD_M5;LONG;2025.04.11 03:20:00;2025.04.11 03:25:00;2025.04.16 03:04:58;3199.03000000;3168.44000000;3260.21000000;3260.21000000;TP;2.0000;2.0448;-0.3887;1435;Asian
MSZZC1|6:XAUUSD|1:5|1:1|1:2|66:BO|XAUUSD|5|1|L|1745494200|MSZZ|XAUUSD|5|1|1|1745492100|1745493600;1012;XAUUSD;PERIOD_M5;LONG;2025.04.24 11:30:00;2025.04.24 11:35:00;2025.04.24 12:35:00;3335.10000000;3323.11000000;3359.08000000;3330.46000000;OTHER;-0.3870;0.6522;-0.5321;12;London
MSZZC1|6:XAUUSD|1:5|2:-1|1:2|67:BO|XAUUSD|5|1|S|1745497800|MSZZ|XAUUSD|5|1|-1|1745493600|1745494500;1012;XAUUSD;PERIOD_M5;SHORT;2025.04.24 12:30:00;2025.04.24 12:35:00;2025.04.24 13:55:00;3330.46000000;3342.92000000;3305.54000000;3332.23000000;OTHER;-0.1421;0.3965;-0.5032;16;London
MSZZC1|6:XAUUSD|1:5|1:1|1:2|66:BO|XAUUSD|5|1|L|1745502600|MSZZ|XAUUSD|5|1|1|1745499600|1745500500;1012;XAUUSD;PERIOD_M5;LONG;2025.04.24 13:50:00;2025.04.24 13:55:00;2025.04.24 13:59:58;3332.23000000;3326.29000000;3344.11000000;3326.29000000;SL;-1.0000;0.2643;-1.0960;0;London
MSZZC1|6:XAUUSD|1:5|1:1|1:2|66:BO|XAUUSD|5|1|L|1745503500|MSZZ|XAUUSD|5|1|1|1745502900|1745502900;1012;XAUUSD;PERIOD_M5;LONG;2025.04.24 14:05:00;2025.04.24 14:10:00;2025.04.24 16:24:57;3335.33000000;3326.29000000;3353.41000000;3326.29000000;SL;-1.0000;1.0288;-1.1305;26;London
MSZZC1|6:XAUUSD|1:5|2:-1|1:2|67:BO|XAUUSD|5|1|S|1745512200|MSZZ|XAUUSD|5|1|-1|1745500800|1745502600;1012;XAUUSD;PERIOD_M5;SHORT;2025.04.24 16:30:00;2025.04.24 16:35:00;2025.04.24 16:54:58;3326.91000000;3333.80000000;3313.13000000;3313.13000000;TP;2.0000;2.0755;0.0000;3;NewYork
MSZZC1|6:XAUUSD|1:5|1:1|1:2|66:BO|XAUUSD|5|1|L|1745516400|MSZZ|XAUUSD|5|1|1|1745502900|1745502900;1012;XAUUSD;PERIOD_M5;LONG;2025.04.24 17:40:00;2025.04.24 17:45:00;2025.04.24 18:50:00;3326.65000000;3306.80000000;3366.35000000;3324.63000000;OTHER;-0.1018;0.1899;-0.3587;13;NewYork
MSZZC1|6:XAUUSD|1:5|2:-1|1:2|67:BO|XAUUSD|5|1|S|1745520300|MSZZ|XAUUSD|5|1|-1|1745518500|1745519400;1012;XAUUSD;PERIOD_M5;SHORT;2025.04.24 18:45:00;2025.04.24 18:50:00;2025.04.24 18:59:57;3324.63000000;3330.42000000;3313.05000000;3330.42000000;SL;-1.0000;0.0898;-1.0000;1;NewYork
MSZZC1|6:XAUUSD|1:5|1:1|1:2|66:BO|XAUUSD|5|1|L|1745520900|MSZZ|XAUUSD|5|1|1|1745516700|1745518500;1012;XAUUSD;PERIOD_M5;LONG;2025.04.24 18:55:00;2025.04.24 19:00:00;2025.04.24 19:30:00;3329.52000000;3319.53000000;3349.50000000;3328.60000000;OTHER;-0.0921;0.5896;-0.4294;6;NewYork
MSZZC1|6:XAUUSD|1:5|2:-1|1:2|67:BO|XAUUSD|5|1|S|1745522700|MSZZ|XAUUSD|5|1|-1|1745518500|1745519400;1012;XAUUSD;PERIOD_M5;SHORT;2025.04.24 19:25:00;2025.04.24 19:30:00;2025.04.24 20:19:58;3328.60000000;3335.41000000;3314.98000000;3335.41000000;SL;-1.0000;0.8957;-1.2144;9;NewYork
MSZZC1|6:XAUUSD|1:5|1:1|1:2|66:BO|XAUUSD|5|1|L|1745534700|MSZZ|XAUUSD|5|1|1|1745529900|1745530200;1012;XAUUSD;PERIOD_M5;LONG;2025.04.24 22:45:00;2025.04.24 22:50:00;2025.04.24 23:10:00;3344.07000000;3333.46000000;3365.29000000;3338.20000000;OTHER;-0.5533;0.2771;-0.5674;4;NewYork
MSZZC1|6:XAUUSD|1:5|2:-1|1:2|67:BO|XAUUSD|5|1|S|1745535900|MSZZ|XAUUSD|5|1|-1|1745532000|1745533200;1012;XAUUSD;PERIOD_M5;SHORT;2025.04.24 23:05:00;2025.04.24 23:10:00;2025.04.24 23:49:58;3338.20000000;3347.01000000;3320.58000000;3347.01000000;SL;-1.0000;0.0000;-1.1271;7;NewYork
MSZZC1|6:XAUUSD|1:5|1:1|1:2|66:BO|XAUUSD|5|1|L|1745544300|MSZZ|XAUUSD|5|1|1|1745535300|1745535600;1012;XAUUSD;PERIOD_M5;LONG;2025.04.25 01:25:00;2025.04.25 01:30:00;2025.04.25 06:54:58;3363.46000000;3333.46000000;3423.46000000;3333.46000000;SL;-1.0000;0.2437;-1.0017;64;Asian
MSZZC1|6:XAUUSD|1:5|2:-1|1:2|67:BO|XAUUSD|5|1|S|1745564700|MSZZ|XAUUSD|5|1|-1|1745564100|1745564100;1012;XAUUSD;PERIOD_M5;SHORT;2025.04.25 07:05:00;2025.04.25 07:10:00;2025.04.25 16:24:58;3321.62000000;3347.01000000;3270.84000000;3270.84000000;TP;2.0000;2.0429;-0.2178;110;Asian
MSZZC1|6:XAUUSD|1:5|1:1|1:2|66:BO|XAUUSD|5|1|L|1745875500|MSZZ|XAUUSD|5|1|1|1745875200|1745875200;1012;XAUUSD;PERIOD_M5;LONG;2025.04.28 21:25:00;2025.04.28 21:30:00;2025.04.29 01:19:58;3348.50000000;3333.99000000;3377.52000000;3333.99000000;SL;-1.0000;0.3115;-1.0806;45;NewYork
MSZZC1|6:XAUUSD|1:5|2:-1|1:2|67:BO|XAUUSD|5|1|S|1745889300|MSZZ|XAUUSD|5|1|-1|1745888700|1745888700;1012;XAUUSD;PERIOD_M5;SHORT;2025.04.29 01:15:00;2025.04.29 01:20:00;2025.04.29 07:59:57;3333.12000000;3345.87000000;3307.62000000;3307.62000000;TP;2.0000;2.0667;-0.7686;79;Asian
MSZZC1|6:XAUUSD|1:5|1:1|1:2|66:BO|XAUUSD|5|1|L|1746504300|MSZZ|XAUUSD|5|1|1|1746504000|1746504000;1012;XAUUSD;PERIOD_M5;LONG;2025.05.06 04:05:00;2025.05.06 04:10:00;2025.05.06 19:24:58;3359.13000000;3337.54000000;3402.31000000;3402.31000000;TP;2.0000;2.0125;-0.4132;182;Asian
MSZZC1|6:XAUUSD|1:5|1:1|1:2|66:BO|XAUUSD|5|1|L|1747760400|MSZZ|XAUUSD|5|1|1|1747760100|1747760100;1012;XAUUSD;PERIOD_M5;LONG;2025.05.20 17:00:00;2025.05.20 17:05:00;2025.05.21 04:04:57;3271.08000000;3250.41000000;3312.42000000;3312.42000000;TP;2.0000;2.1118;-0.0348;131;NewYork
MSZZC1|6:XAUUSD|1:5|2:-1|1:2|67:BO|XAUUSD|5|1|S|1748411100|MSZZ|XAUUSD|5|1|-1|1748335500|1748335500;1012;XAUUSD;PERIOD_M5;SHORT;2025.05.28 05:45:00;2025.05.28 05:50:00;2025.05.29 19:05:00;3302.19000000;3336.84000000;3232.89000000;3326.39000000;OTHER;-0.6984;1.6367;-0.7579;447;Asian
MSZZC1|6:XAUUSD|1:5|1:1|1:2|66:BO|XAUUSD|5|1|L|1748545200|MSZZ|XAUUSD|5|1|1|1748275200|1748275800;1012;XAUUSD;PERIOD_M5;LONG;2025.05.29 19:00:00;2025.05.29 19:05:00;2025.05.29 21:25:00;3326.39000000;3316.09000000;3346.99000000;3317.87000000;OTHER;-0.8272;0.4709;-0.8534;28;NewYork
MSZZC1|6:XAUUSD|1:5|2:-1|1:2|67:BO|XAUUSD|5|1|S|1748553600|MSZZ|XAUUSD|5|1|-1|1748550600|1748551200;1012;XAUUSD;PERIOD_M5;SHORT;2025.05.29 21:20:00;2025.05.29 21:25:00;2025.05.30 03:05:00;3317.87000000;3325.81000000;3301.99000000;3318.30000000;OTHER;-0.0542;0.6209;-0.4660;68;NewYork
MSZZC1|6:XAUUSD|1:5|1:1|1:2|66:BO|XAUUSD|5|1|L|1748574000|MSZZ|XAUUSD|5|1|1|1748571900|1748572800;1012;XAUUSD;PERIOD_M5;LONG;2025.05.30 03:00:00;2025.05.30 03:05:00;2025.05.30 03:24:57;3318.30000000;3312.94000000;3329.02000000;3312.94000000;SL;-1.0000;0.1045;-1.1567;3;Asian
MSZZC1|6:XAUUSD|1:5|2:-1|1:2|67:BO|XAUUSD|5|1|S|1748575800|MSZZ|XAUUSD|5|1|-1|1748572800|1748574000;1012;XAUUSD;PERIOD_M5;SHORT;2025.05.30 03:30:00;2025.05.30 03:35:00;2025.05.30 04:19:58;3311.87000000;3318.86000000;3297.89000000;3318.86000000;SL;-1.0000;0.3262;-1.2275;8;Asian
MSZZC1|6:XAUUSD|1:5|1:1|1:2|66:BO|XAUUSD|5|1|L|1748578500|MSZZ|XAUUSD|5|1|1|1748577900|1748577900;1012;XAUUSD;PERIOD_M5;LONG;2025.05.30 04:15:00;2025.05.30 04:20:00;2025.05.30 04:49:58;3320.02000000;3309.59000000;3340.88000000;3309.59000000;SL;-1.0000;0.2598;-1.0000;5;Asian
MSZZC1|6:XAUUSD|1:5|2:-1|1:2|67:BO|XAUUSD|5|1|S|1748581800|MSZZ|XAUUSD|5|1|-1|1748577000|1748577600;1012;XAUUSD;PERIOD_M5;SHORT;2025.05.30 05:10:00;2025.05.30 05:15:00;2025.05.30 08:25:00;3305.57000000;3317.43000000;3281.85000000;3295.55000000;OTHER;0.8449;1.2909;-0.0464;38;Asian
MSZZC1|6:XAUUSD|1:5|1:1|1:2|66:BO|XAUUSD|5|1|L|1748593200|MSZZ|XAUUSD|5|1|1|1748591700|1748592300;1012;XAUUSD;PERIOD_M5;LONG;2025.05.30 08:20:00;2025.05.30 08:25:00;2025.05.30 08:59:58;3295.55000000;3291.26000000;3304.13000000;3304.13000000;TP;2.0000;2.2098;-0.1492;6;London
MSZZC1|6:XAUUSD|1:5|1:1|1:2|66:BO|XAUUSD|5|1|L|1748617800|MSZZ|XAUUSD|5|1|1|1748617500|1748617500;1012;XAUUSD;PERIOD_M5;LONG;2025.05.30 15:10:00;2025.05.30 15:15:00;2025.05.30 16:44:58;3303.01000000;3288.65000000;3331.73000000;3288.65000000;SL;-1.0000;0.3656;-1.0362;17;London
MSZZC1|6:XAUUSD|1:5|2:-1|1:2|67:BO|XAUUSD|5|1|S|1748623500|MSZZ|XAUUSD|5|1|-1|1748616600|1748616900;1012;XAUUSD;PERIOD_M5;SHORT;2025.05.30 16:45:00;2025.05.30 16:50:00;2025.05.30 18:15:00;3286.32000000;3296.14000000;3266.68000000;3284.22000000;OTHER;0.2138;1.5102;-0.2637;17;NewYork
MSZZC1|6:XAUUSD|1:5|1:1|1:2|66:BO|XAUUSD|5|1|L|1748628600|MSZZ|XAUUSD|5|1|1|1748625600|1748626800;1012;XAUUSD;PERIOD_M5;LONG;2025.05.30 18:10:00;2025.05.30 18:15:00;2025.05.30 21:00:00;3284.22000000;3273.42000000;3305.82000000;3290.97000000;OTHER;0.6250;1.0602;-0.1194;33;NewYork
MSZZC1|6:XAUUSD|1:5|2:-1|1:2|67:BO|XAUUSD|5|1|S|1748638500|MSZZ|XAUUSD|5|1|-1|1748633700|1748634600;1012;XAUUSD;PERIOD_M5;SHORT;2025.05.30 20:55:00;2025.05.30 21:00:00;2025.05.30 21:04:58;3290.97000000;3292.75000000;3287.41000000;3292.75000000;SL;-1.0000;0.0056;-1.3034;0;NewYork
MSZZC1|6:XAUUSD|1:5|2:-1|1:2|67:BO|XAUUSD|5|1|S|1748646900|MSZZ|XAUUSD|5|1|-1|1748645400|1748645700;1012;XAUUSD;PERIOD_M5;SHORT;2025.05.30 23:15:00;2025.05.30 23:20:00;2025.06.02 01:00:00;3291.18000000;3295.67000000;3282.20000000;3295.67000000;SL;-1.0000;0.5768;-1.5857;596;NewYork
MSZZC1|6:XAUUSD|1:5|1:1|1:2|66:BO|XAUUSD|5|1|L|1748826300|MSZZ|XAUUSD|5|1|1|1748826000|1748826000;1012;XAUUSD;PERIOD_M5;LONG;2025.06.02 01:05:00;2025.06.02 01:10:00;2025.06.02 09:44:59;3308.61000000;3291.65000000;3342.53000000;3342.53000000;TP;2.0000;2.1509;-0.5029;102;Asian
MSZZC1|6:XAUUSD|1:5|1:1|1:2|66:BO|XAUUSD|5|1|L|1748873100|MSZZ|XAUUSD|5|1|1|1748870700|1748871600;1012;XAUUSD;PERIOD_M5;LONG;2025.06.02 14:05:00;2025.06.02 14:10:00;2025.06.02 14:39:58;3349.13000000;3344.57000000;3358.25000000;3358.25000000;TP;2.0000;2.4035;-0.1140;5;London
MSZZC1|6:XAUUSD|1:5|1:1|1:2|66:BO|XAUUSD|5|1|L|1748883000|MSZZ|XAUUSD|5|1|1|1748878200|1748879400;1012;XAUUSD;PERIOD_M5;LONG;2025.06.02 16:50:00;2025.06.02 16:55:00;2025.06.03 06:30:00;3374.65000000;3350.27000000;3423.41000000;3364.95000000;OTHER;-0.3979;0.7215;-0.4647;163;NewYork
MSZZC1|6:XAUUSD|1:5|2:-1|1:2|67:BO|XAUUSD|5|1|S|1748931900|MSZZ|XAUUSD|5|1|-1|1748929200|1748929800;1012;XAUUSD;PERIOD_M5;SHORT;2025.06.03 06:25:00;2025.06.03 06:30:00;2025.06.03 17:04:58;3364.95000000;3377.97000000;3338.91000000;3338.91000000;TP;2.0000;2.3203;-0.2112;126;Asian
MSZZC1|6:XAUUSD|1:5|1:1|1:2|66:BO|XAUUSD|5|1|L|1749231000|MSZZ|XAUUSD|5|1|1|1748826000|1748826000;1012;XAUUSD;PERIOD_M5;LONG;2025.06.06 17:30:00;2025.06.06 17:35:00;2025.06.09 12:00:00;3329.53000000;3291.65000000;3405.29000000;3319.87000000;OTHER;-0.2550;0.1909;-0.9490;797;NewYork
MSZZC1|6:XAUUSD|1:5|2:-1|1:2|67:BO|XAUUSD|5|1|S|1749470100|MSZZ|XAUUSD|5|1|-1|1749456300|1749458100;1012;XAUUSD;PERIOD_M5;SHORT;2025.06.09 11:55:00;2025.06.09 12:00:00;2025.06.09 14:30:00;3319.87000000;3328.54000000;3302.53000000;3318.46000000;OTHER;0.1626;0.8962;-0.4164;30;London
MSZZC1|6:XAUUSD|1:5|1:1|1:2|66:BO|XAUUSD|5|1|L|1749479100|MSZZ|XAUUSD|5|1|1|1749472800|1749474600;1012;XAUUSD;PERIOD_M5;LONG;2025.06.09 14:25:00;2025.06.09 14:30:00;2025.06.09 16:24:58;3318.46000000;3312.10000000;3331.18000000;3312.10000000;SL;-1.0000;0.6258;-1.2170;22;London
MSZZC1|6:XAUUSD|1:5|2:-1|1:2|67:BO|XAUUSD|5|1|S|1749486000|MSZZ|XAUUSD|5|1|-1|1749482400|1749483000;1012;XAUUSD;PERIOD_M5;SHORT;2025.06.09 16:20:00;2025.06.09 16:25:00;2025.06.09 17:09:58;3312.29000000;3322.44000000;3291.99000000;3322.44000000;SL;-1.0000;0.1360;-1.1576;8;NewYork
MSZZC1|6:XAUUSD|1:5|1:1|1:2|66:BO|XAUUSD|5|1|L|1749489000|MSZZ|XAUUSD|5|1|1|1749483300|1749484200;1012;XAUUSD;PERIOD_M5;LONG;2025.06.09 17:10:00;2025.06.09 17:15:00;2025.06.10 04:29:58;3325.97000000;3310.72000000;3356.47000000;3310.72000000;SL;-1.0000;0.8013;-1.1161;134;NewYork
MSZZC1|6:XAUUSD|1:5|1:1|1:2|66:BO|XAUUSD|5|1|L|1749702000|MSZZ|XAUUSD|5|1|1|1749699900|1749700800;1012;XAUUSD;PERIOD_M5;LONG;2025.06.12 04:20:00;2025.06.12 04:25:00;2025.06.12 10:34:58;3373.24000000;3362.47000000;3394.78000000;3362.47000000;SL;-1.0000;0.4197;-1.0427;73;Asian
MSZZC1|6:XAUUSD|1:5|2:-1|1:2|67:BO|XAUUSD|5|1|S|1749724500|MSZZ|XAUUSD|5|1|-1|1749724200|1749724200;1012;XAUUSD;PERIOD_M5;SHORT;2025.06.12 10:35:00;2025.06.12 10:40:00;2025.06.12 13:24:58;3353.11000000;3375.58000000;3308.17000000;3375.58000000;SL;-1.0000;0.6462;-0.9987;32;London
MSZZC1|6:XAUUSD|1:5|1:1|1:2|66:BO|XAUUSD|5|1|L|1749734400|MSZZ|XAUUSD|5|1|1|1749734100|1749734100;1012;XAUUSD;PERIOD_M5;LONG;2025.06.12 13:20:00;2025.06.12 13:25:00;2025.06.13 01:15:00;3375.47000000;3362.01000000;3402.39000000;3382.60000000;OTHER;0.5297;1.7467;-0.1724;142;London
MSZZC1|6:XAUUSD|1:5|2:-1|1:2|67:BO|XAUUSD|5|1|S|1749777000|MSZZ|XAUUSD|5|1|-1|1749776400|1749776400;1012;XAUUSD;PERIOD_M5;SHORT;2025.06.13 01:10:00;2025.06.13 01:15:00;2025.06.13 02:49:58;3382.60000000;3389.27000000;3369.26000000;3389.27000000;SL;-1.0000;0.4453;-1.1544;18;Asian
MSZZC1|6:XAUUSD|1:5|2:-1|1:2|67:BO|XAUUSD|5|1|S|1750323600|MSZZ|XAUUSD|5|1|-1|1750323000|1750323000;1012;XAUUSD;PERIOD_M5;SHORT;2025.06.19 09:00:00;2025.06.19 09:05:00;2025.06.19 10:44:58;3358.90000000;3367.34000000;3342.02000000;3367.34000000;SL;-1.0000;1.3377;-1.1742;19;London
MSZZC1|6:XAUUSD|1:5|1:1|1:2|66:BO|XAUUSD|5|1|L|1751367600|MSZZ|XAUUSD|5|1|1|1751365800|1751366100;1012;XAUUSD;PERIOD_M5;LONG;2025.07.01 11:00:00;2025.07.01 11:05:00;2025.07.02 04:44:57;3341.79000000;3331.04000000;3363.29000000;3331.04000000;SL;-1.0000;1.5014;-1.0037;211;London
MSZZC1|6:XAUUSD|1:5|1:1|1:2|66:BO|XAUUSD|5|1|L|1751438700|MSZZ|XAUUSD|5|1|1|1751365800|1751366100;1012;XAUUSD;PERIOD_M5;LONG;2025.07.02 06:45:00;2025.07.02 06:50:00;2025.07.02 10:14:57;3341.26000000;3328.64000000;3366.50000000;3328.64000000;SL;-1.0000;0.2084;-1.0499;40;Asian
MSZZC1|6:XAUUSD|1:5|1:1|1:2|66:BO|XAUUSD|5|1|L|1751458500|MSZZ|XAUUSD|5|1|1|1751456100|1751457000;1012;XAUUSD;PERIOD_M5;LONG;2025.07.02 12:15:00;2025.07.02 12:20:00;2025.07.02 14:04:58;3337.69000000;3332.94000000;3347.19000000;3347.19000000;TP;2.0000;2.1137;-0.0337;20;London
MSZZC1|6:XAUUSD|1:5|2:-1|1:2|67:BO|XAUUSD|5|1|S|1751474700|MSZZ|XAUUSD|5|1|-1|1751469300|1751469300;1012;XAUUSD;PERIOD_M5;SHORT;2025.07.02 16:45:00;2025.07.02 16:50:00;2025.07.02 21:14:58;3337.32000000;3351.13000000;3309.70000000;3351.13000000;SL;-1.0000;0.2498;-1.0514;52;NewYork
MSZZC1|6:XAUUSD|1:5|1:1|1:2|66:BO|XAUUSD|5|1|L|1751490600|MSZZ|XAUUSD|5|1|1|1751486700|1751487900;1012;XAUUSD;PERIOD_M5;LONG;2025.07.02 21:10:00;2025.07.02 21:15:00;2025.07.02 22:25:00;3351.71000000;3347.41000000;3360.31000000;3355.16000000;OTHER;0.8023;1.3070;-0.0837;14;NewYork
MSZZC1|6:XAUUSD|1:5|1:1|1:2|66:BO|XAUUSD|5|1|L|1751496600|MSZZ|XAUUSD|5|1|1|1751493300|1751493300;1012;XAUUSD;PERIOD_M5;LONG;2025.07.02 22:50:00;2025.07.02 22:55:00;2025.07.03 03:04:58;3357.78000000;3347.41000000;3378.52000000;3347.41000000;SL;-1.0000;0.7686;-1.2189;49;NewYork
MSZZC1|6:XAUUSD|1:5|1:1|1:2|66:BO|XAUUSD|5|1|L|1751528700|MSZZ|XAUUSD|5|1|1|1751522400|1751523300;1012;XAUUSD;PERIOD_M5;LONG;2025.07.03 07:45:00;2025.07.03 07:50:00;2025.07.03 09:04:58;3350.87000000;3345.52000000;3361.57000000;3361.57000000;TP;2.0000;2.3888;-0.1794;14;Asian
MSZZC1|6:XAUUSD|1:5|1:1|1:2|66:BO|XAUUSD|5|1|L|1751538600|MSZZ|XAUUSD|5|1|1|1751530800|1751531400;1012;XAUUSD;PERIOD_M5;LONG;2025.07.03 10:30:00;2025.07.03 10:35:00;2025.07.03 12:44:58;3358.41000000;3345.52000000;3384.19000000;3345.52000000;SL;-1.0000;0.0784;-1.0574;25;London
MSZZC1|6:XAUUSD|1:5|2:-1|1:2|67:BO|XAUUSD|5|1|S|1751556900|MSZZ|XAUUSD|5|1|-1|1751556600|1751556600;1012;XAUUSD;PERIOD_M5;SHORT;2025.07.03 15:35:00;2025.07.03 15:40:00;2025.07.03 19:00:00;3320.12000000;3348.09000000;3264.18000000;3328.20000000;OTHER;-0.2889;0.3050;-0.6571;40;London
MSZZC1|6:XAUUSD|1:5|1:1|1:2|66:BO|XAUUSD|5|1|L|1751568900|MSZZ|XAUUSD|5|1|1|1751555400|1751555400;1012;XAUUSD;PERIOD_M5;LONG;2025.07.03 18:55:00;2025.07.03 19:00:00;2025.07.03 19:09:58;3328.20000000;3327.91000000;3328.78000000;3327.91000000;SL;-1.0000;1.2414;-6.0345;1;NewYork
MSZZC1|6:XAUUSD|1:5|2:-1|1:2|67:BO|XAUUSD|5|1|S|1751616600|MSZZ|XAUUSD|5|1|-1|1751615400|1751616600;1012;XAUUSD;PERIOD_M5;SHORT;2025.07.04 08:10:00;2025.07.04 08:15:00;2025.07.04 08:34:58;3341.63000000;3342.30000000;3340.29000000;3340.29000000;TP;2.0000;4.0896;-0.5522;3;London
MSZZC1|6:XAUUSD|1:5|2:-1|1:2|67:BO|XAUUSD|5|1|S|1751624700|MSZZ|XAUUSD|5|1|-1|1751623800|1751623800;1012;XAUUSD;PERIOD_M5;SHORT;2025.07.04 10:25:00;2025.07.04 10:30:00;2025.07.07 03:29:57;3337.51000000;3344.88000000;3322.77000000;3322.77000000;TP;2.0000;2.0434;-0.9104;779;London
MSZZC1|6:XAUUSD|1:5|1:1|1:2|66:BO|XAUUSD|5|1|L|1751924400|MSZZ|XAUUSD|5|1|1|1751916000|1751916000;1012;XAUUSD;PERIOD_M5;LONG;2025.07.07 21:40:00;2025.07.07 21:45:00;2025.07.08 14:45:00;3334.93000000;3316.14000000;3372.51000000;3320.99000000;OTHER;-0.7419;0.5769;-0.7914;204;NewYork
MSZZC1|6:XAUUSD|1:5|2:-1|1:2|67:BO|XAUUSD|5|1|S|1751985600|MSZZ|XAUUSD|5|1|-1|1751985300|1751985300;1012;XAUUSD;PERIOD_M5;SHORT;2025.07.08 14:40:00;2025.07.08 14:45:00;2025.07.08 15:04:58;3320.99000000;3327.10000000;3308.77000000;3327.10000000;SL;-1.0000;0.0835;-1.1391;3;London
MSZZC1|6:XAUUSD|1:5|1:1|1:2|66:BO|XAUUSD|5|1|L|1751986800|MSZZ|XAUUSD|5|1|1|1751982600|1751983200;1012;XAUUSD;PERIOD_M5;LONG;2025.07.08 15:00:00;2025.07.08 15:05:00;2025.07.08 16:14:58;3327.42000000;3321.44000000;3339.38000000;3321.44000000;SL;-1.0000;0.4097;-1.2124;13;London
MSZZC1|6:XAUUSD|1:5|2:-1|1:2|67:BO|XAUUSD|5|1|S|1751991000|MSZZ|XAUUSD|5|1|-1|1751990700|1751990700;1012;XAUUSD;PERIOD_M5;SHORT;2025.07.08 16:10:00;2025.07.08 16:15:00;2025.07.08 17:14:58;3322.37000000;3329.87000000;3307.37000000;3307.37000000;TP;2.0000;2.2827;-0.5973;11;NewYork
MSZZC1|6:XAUUSD|1:5|1:1|1:2|66:BO|XAUUSD|5|1|L|1752222300|MSZZ|XAUUSD|5|1|1|1752222000|1752222000;1012;XAUUSD;PERIOD_M5;LONG;2025.07.11 08:25:00;2025.07.11 08:30:00;2025.07.11 08:35:00;3340.30000000;3332.57000000;3355.76000000;3337.67000000;OTHER;-0.3402;0.0078;-0.4838;1;London
MSZZC1|6:XAUUSD|1:5|2:-1|1:2|67:BO|XAUUSD|5|1|S|1752222600|MSZZ|XAUUSD|5|1|-1|1752215700|1752216300;1012;XAUUSD;PERIOD_M5;SHORT;2025.07.11 08:30:00;2025.07.11 08:35:00;2025.07.11 08:39:58;3337.67000000;3338.81000000;3335.39000000;3338.81000000;SL;-1.0000;0.9737;-1.7895;0;London
MSZZC1|6:XAUUSD|1:5|1:1|1:2|66:BO|XAUUSD|5|1|L|1752225600|MSZZ|XAUUSD|5|1|1|1752225300|1752225300;1012;XAUUSD;PERIOD_M5;LONG;2025.07.11 09:20:00;2025.07.11 09:25:00;2025.07.11 09:59:58;3343.22000000;3332.37000000;3364.92000000;3332.37000000;SL;-1.0000;0.0516;-1.0194;6;London
MSZZC1|6:XAUUSD|1:5|2:-1|1:2|67:BO|XAUUSD|5|1|S|1752228300|MSZZ|XAUUSD|5|1|-1|1752223800|1752225000;1012;XAUUSD;PERIOD_M5;SHORT;2025.07.11 10:05:00;2025.07.11 10:10:00;2025.07.11 11:04:58;3331.86000000;3342.63000000;3310.32000000;3342.63000000;SL;-1.0000;0.0139;-1.0687;10;London
MSZZC1|6:XAUUSD|1:5|1:1|1:2|66:BO|XAUUSD|5|1|L|1752240300|MSZZ|XAUUSD|5|1|1|1752232500|1752233100;1012;XAUUSD;PERIOD_M5;LONG;2025.07.11 13:25:00;2025.07.11 13:30:00;2025.07.11 19:20:00;3345.83000000;3332.83000000;3371.83000000;3354.84000000;OTHER;0.6931;1.7654;-0.2946;70;London
MSZZC1|6:XAUUSD|1:5|2:-1|1:2|67:BO|XAUUSD|5|1|S|1752261300|MSZZ|XAUUSD|5|1|-1|1752246900|1752247800;1012;XAUUSD;PERIOD_M5;SHORT;2025.07.11 19:15:00;2025.07.11 19:20:00;2025.07.11 22:09:57;3354.84000000;3358.67000000;3347.18000000;3358.67000000;SL;-1.0000;1.4595;-1.1828;33;NewYork
MSZZC1|6:XAUUSD|1:5|1:1|1:2|66:BO|XAUUSD|5|1|L|1752454800|MSZZ|XAUUSD|5|1|1|1752277800|1752278100;1012;XAUUSD;PERIOD_M5;LONG;2025.07.14 01:00:00;2025.07.14 01:05:00;2025.07.14 12:35:00;3361.52000000;3353.56000000;3377.44000000;3364.88000000;OTHER;0.4221;1.6910;-0.9812;138;Asian
MSZZC1|6:XAUUSD|1:5|2:-1|1:2|67:BO|XAUUSD|5|1|S|1752496200|MSZZ|XAUUSD|5|1|-1|1752494400|1752495300;1012;XAUUSD;PERIOD_M5;SHORT;2025.07.14 12:30:00;2025.07.14 12:35:00;2025.07.14 12:59:58;3364.88000000;3369.09000000;3356.46000000;3369.09000000;SL;-1.0000;0.0143;-1.2993;4;London
MSZZC1|6:XAUUSD|1:5|1:1|1:2|66:BO|XAUUSD|5|1|L|1752497700|MSZZ|XAUUSD|5|1|1|1752495600|1752496200;1012;XAUUSD;PERIOD_M5;LONG;2025.07.14 12:55:00;2025.07.14 13:00:00;2025.07.14 14:59:58;3370.35000000;3364.60000000;3381.85000000;3364.60000000;SL;-1.0000;0.7461;-1.1148;23;London
MSZZC1|6:XAUUSD|1:5|1:1|1:2|66:BO|XAUUSD|5|1|L|1752510600|MSZZ|XAUUSD|5|1|1|1752495600|1752496200;1012;XAUUSD;PERIOD_M5;LONG;2025.07.14 16:30:00;2025.07.14 16:35:00;2025.07.14 17:24:57;3357.61000000;3347.20000000;3378.43000000;3347.20000000;SL;-1.0000;0.1364;-1.2008;9;NewYork
MSZZC1|6:XAUUSD|1:5|2:-1|1:2|67:BO|XAUUSD|5|1|S|1752514500|MSZZ|XAUUSD|5|1|-1|1752513600|1752513900;1012;XAUUSD;PERIOD_M5;SHORT;2025.07.14 17:35:00;2025.07.14 17:40:00;2025.07.14 20:45:00;3343.94000000;3359.03000000;3313.76000000;3351.04000000;OTHER;-0.4705;0.1915;-0.5089;37;NewYork
MSZZC1|6:XAUUSD|1:5|1:1|1:2|66:BO|XAUUSD|5|1|L|1752525600|MSZZ|XAUUSD|5|1|1|1752511800|1752512400;1012;XAUUSD;PERIOD_M5;LONG;2025.07.14 20:40:00;2025.07.14 20:45:00;2025.07.14 22:49:58;3351.04000000;3345.11000000;3362.90000000;3345.11000000;SL;-1.0000;0.1079;-1.1484;24;NewYork
MSZZC1|6:XAUUSD|1:5|1:1|1:2|66:BO|XAUUSD|5|1|L|1752566400|MSZZ|XAUUSD|5|1|1|1752563400|1752563400;1012;XAUUSD;PERIOD_M5;LONG;2025.07.15 08:00:00;2025.07.15 08:05:00;2025.07.15 15:40:00;3361.49000000;3345.11000000;3394.25000000;3347.97000000;OTHER;-0.8254;0.2998;-0.9219;91;London
MSZZC1|6:XAUUSD|1:5|2:-1|1:2|67:BO|XAUUSD|5|1|S|1752593700|MSZZ|XAUUSD|5|1|-1|1752592500|1752592800;1012;XAUUSD;PERIOD_M5;SHORT;2025.07.15 15:35:00;2025.07.15 15:40:00;2025.07.15 19:14:58;3347.97000000;3360.16000000;3323.59000000;3323.59000000;TP;2.0000;2.1682;-0.5685;42;London
MSZZC1|6:XAUUSD|1:5|2:-1|1:2|67:BO|XAUUSD|5|1|S|1752610800|MSZZ|XAUUSD|5|1|-1|1752603900|1752603900;1012;XAUUSD;PERIOD_M5;SHORT;2025.07.15 20:20:00;2025.07.15 20:25:00;2025.07.16 18:00:00;3330.36000000;3352.11000000;3286.86000000;3338.12000000;OTHER;-0.3568;0.4943;-0.6938;259;NewYork
MSZZC1|6:XAUUSD|1:5|1:1|1:2|66:BO|XAUUSD|5|1|L|1752688500|MSZZ|XAUUSD|5|1|1|1752688200|1752688200;1012;XAUUSD;PERIOD_M5;LONG;2025.07.16 17:55:00;2025.07.16 18:00:00;2025.07.16 18:34:57;3338.12000000;3319.61000000;3375.14000000;3375.14000000;TP;2.0000;2.1270;-0.0432;6;NewYork
MSZZC1|6:XAUUSD|1:5|2:-1|1:2|67:BO|XAUUSD|5|1|S|1752764700|MSZZ|XAUUSD|5|1|-1|1752760800|1752761100;1012;XAUUSD;PERIOD_M5;SHORT;2025.07.17 15:05:00;2025.07.17 15:10:00;2025.07.17 17:20:00;3322.52000000;3336.03000000;3295.50000000;3328.48000000;OTHER;-0.4412;0.9371;-0.5144;26;London
MSZZC1|6:XAUUSD|1:5|1:1|1:2|66:BO|XAUUSD|5|1|L|1752772500|MSZZ|XAUUSD|5|1|1|1752765900|1752766200;1012;XAUUSD;PERIOD_M5;LONG;2025.07.17 17:15:00;2025.07.17 17:20:00;2025.07.17 21:55:00;3328.48000000;3309.86000000;3365.72000000;3337.93000000;OTHER;0.5075;0.6729;-0.1241;55;NewYork
MSZZC1|6:XAUUSD|1:5|2:-1|1:2|67:BO|XAUUSD|5|1|S|1752789000|MSZZ|XAUUSD|5|1|-1|1752787200|1752788100;1012;XAUUSD;PERIOD_M5;SHORT;2025.07.17 21:50:00;2025.07.17 21:55:00;2025.07.17 22:49:57;3337.93000000;3341.01000000;3331.77000000;3341.01000000;SL;-1.0000;0.0455;-1.0227;10;NewYork
MSZZC1|6:XAUUSD|1:5|1:1|1:2|66:BO|XAUUSD|5|1|L|1752800400|MSZZ|XAUUSD|5|1|1|1752792300|1752792900;1012;XAUUSD;PERIOD_M5;LONG;2025.07.18 01:00:00;2025.07.18 01:05:00;2025.07.18 03:30:00;3341.73000000;3337.50000000;3350.19000000;3339.06000000;OTHER;-0.6312;0.5272;-0.8723;29;Asian
MSZZC1|6:XAUUSD|1:5|2:-1|1:2|67:BO|XAUUSD|5|1|S|1752809100|MSZZ|XAUUSD|5|1|-1|1752801600|1752802500;1012;XAUUSD;PERIOD_M5;SHORT;2025.07.18 03:25:00;2025.07.18 03:30:00;2025.07.18 05:14:58;3339.06000000;3343.96000000;3329.26000000;3343.96000000;SL;-1.0000;0.7510;-0.9837;20;Asian
MSZZC1|6:XAUUSD|1:5|1:1|1:2|66:BO|XAUUSD|5|1|L|1752815400|MSZZ|XAUUSD|5|1|1|1752811200|1752811500;1012;XAUUSD;PERIOD_M5;LONG;2025.07.18 05:10:00;2025.07.18 05:15:00;2025.07.18 06:24:58;3343.45000000;3335.38000000;3359.59000000;3335.38000000;SL;-1.0000;0.1053;-1.0223;13;Asian
MSZZC1|6:XAUUSD|1:5|2:-1|1:2|67:BO|XAUUSD|5|1|S|1752828900|MSZZ|XAUUSD|5|1|-1|1752824700|1752825300;1012;XAUUSD;PERIOD_M5;SHORT;2025.07.18 08:55:00;2025.07.18 09:00:00;2025.07.18 09:34:57;3333.44000000;3340.78000000;3318.76000000;3340.78000000;SL;-1.0000;0.2262;-1.0014;6;London
MSZZC1|6:XAUUSD|1:5|1:1|1:2|66:BO|XAUUSD|5|1|L|1752834900|MSZZ|XAUUSD|5|1|1|1752826200|1752827400;1012;XAUUSD;PERIOD_M5;LONG;2025.07.18 10:35:00;2025.07.18 10:40:00;2025.07.21 05:10:00;3348.50000000;3331.78000000;3381.94000000;3354.54000000;OTHER;0.3612;0.7638;-0.2087;798;London
MSZZC1|6:XAUUSD|1:5|2:-1|1:2|67:BO|XAUUSD|5|1|S|1753074300|MSZZ|XAUUSD|5|1|-1|1753073100|1753073400;1012;XAUUSD;PERIOD_M5;SHORT;2025.07.21 05:05:00;2025.07.21 05:10:00;2025.07.21 07:59:58;3354.54000000;3358.59000000;3346.44000000;3358.59000000;SL;-1.0000;0.9432;-1.0247;33;Asian
MSZZC1|6:XAUUSD|1:5|1:1|1:2|66:BO|XAUUSD|5|1|L|1753085700|MSZZ|XAUUSD|5|1|1|1753085400|1753085400;1012;XAUUSD;PERIOD_M5;LONG;2025.07.21 08:15:00;2025.07.21 08:20:00;2025.07.21 15:29:57;3363.91000000;3354.40000000;3382.93000000;3382.93000000;TP;2.0000;2.0620;-0.1188;85;London
MSZZC1|6:XAUUSD|1:5|1:1|1:2|66:BO|XAUUSD|5|1|L|1753161600|MSZZ|XAUUSD|5|1|1|1753085400|1753085400;1012;XAUUSD;PERIOD_M5;LONG;2025.07.22 05:20:00;2025.07.22 05:25:00;2025.07.24 15:49:58;3391.23000000;3354.40000000;3464.89000000;3354.40000000;SL;-1.0000;1.2924;-1.0092;700;Asian
MSZZC1|6:XAUUSD|1:5|2:-1|1:2|67:BO|XAUUSD|5|1|S|1753371900|MSZZ|XAUUSD|5|1|-1|1753369200|1753369500;1012;XAUUSD;PERIOD_M5;SHORT;2025.07.24 15:45:00;2025.07.24 15:50:00;2025.07.24 16:44:58;3354.36000000;3365.52000000;3332.04000000;3365.52000000;SL;-1.0000;0.2670;-1.2168;10;London
MSZZC1|6:XAUUSD|1:5|1:1|1:2|66:BO|XAUUSD|5|1|L|1753375200|MSZZ|XAUUSD|5|1|1|1753371300|1753371600;1012;XAUUSD;PERIOD_M5;LONG;2025.07.24 16:40:00;2025.07.24 16:45:00;2025.07.24 19:50:00;3366.92000000;3351.38000000;3398.00000000;3368.42000000;OTHER;0.0965;0.6744;-0.1313;37;NewYork
MSZZC1|6:XAUUSD|1:5|2:-1|1:2|67:BO|XAUUSD|5|1|S|1753386300|MSZZ|XAUUSD|5|1|-1|1753385400|1753386000;1012;XAUUSD;PERIOD_M5;SHORT;2025.07.24 19:45:00;2025.07.24 19:50:00;2025.07.24 21:35:00;3368.42000000;3377.40000000;3350.46000000;3371.94000000;OTHER;-0.3920;0.2428;-0.5178;21;NewYork
MSZZC1|6:XAUUSD|1:5|1:1|1:2|66:BO|XAUUSD|5|1|L|1753392600|MSZZ|XAUUSD|5|1|1|1753388700|1753390800;1012;XAUUSD;PERIOD_M5;LONG;2025.07.24 21:30:00;2025.07.24 21:35:00;2025.07.24 23:49:58;3371.94000000;3367.42000000;3380.98000000;3367.42000000;SL;-1.0000;0.3296;-1.0199;26;NewYork
MSZZC1|6:XAUUSD|1:5|2:-1|1:2|67:BO|XAUUSD|5|1|S|1753405800|MSZZ|XAUUSD|5|1|-1|1753401000|1753405200;1012;XAUUSD;PERIOD_M5;SHORT;2025.07.25 01:10:00;2025.07.25 01:15:00;2025.07.25 03:20:00;3367.15000000;3373.43000000;3354.59000000;3371.79000000;OTHER;-0.7389;0.2994;-0.8073;25;Asian
MSZZC1|6:XAUUSD|1:5|1:1|1:2|66:BO|XAUUSD|5|1|L|1753413300|MSZZ|XAUUSD|5|1|1|1753409400|1753410300;1012;XAUUSD;PERIOD_M5;LONG;2025.07.25 03:15:00;2025.07.25 03:20:00;2025.07.25 04:20:00;3371.79000000;3366.80000000;3381.77000000;3368.06000000;OTHER;-0.7475;0.3707;-0.9599;12;Asian
MSZZC1|6:XAUUSD|1:5|2:-1|1:2|67:BO|XAUUSD|5|1|S|1753416900|MSZZ|XAUUSD|5|1|-1|1753416300|1753416300;1012;XAUUSD;PERIOD_M5;SHORT;2025.07.25 04:15:00;2025.07.25 04:20:00;2025.07.25 08:39:58;3368.06000000;3373.64000000;3356.90000000;3356.90000000;TP;2.0000;2.0125;-0.6290;51;Asian
MSZZC1|6:XAUUSD|1:5|2:-1|1:2|67:BO|XAUUSD|5|1|S|1754075700|MSZZ|XAUUSD|5|1|-1|1754070600|1754071800;1012;XAUUSD;PERIOD_M5;SHORT;2025.08.01 19:15:00;2025.08.01 19:20:00;2025.08.01 20:00:00;3344.13000000;3351.32000000;3329.75000000;3347.39000000;OTHER;-0.4534;0.5007;-0.6954;8;NewYork
MSZZC1|6:XAUUSD|1:5|1:1|1:2|66:BO|XAUUSD|5|1|L|1754078100|MSZZ|XAUUSD|5|1|1|1754073000|1754074800;1012;XAUUSD;PERIOD_M5;LONG;2025.08.01 19:55:00;2025.08.01 20:00:00;2025.08.01 22:49:58;3347.39000000;3340.53000000;3361.11000000;3361.11000000;TP;2.0000;2.0292;-0.2668;33;NewYork
MSZZC1|6:XAUUSD|1:5|2:-1|1:2|67:BO|XAUUSD|5|1|S|1754909100|MSZZ|XAUUSD|5|1|-1|1754907000|1754907900;1012;XAUUSD;PERIOD_M5;SHORT;2025.08.11 10:45:00;2025.08.11 10:50:00;2025.08.11 16:55:00;3358.86000000;3366.43000000;3343.72000000;3361.02000000;OTHER;-0.2853;1.8970;-0.9181;73;London
MSZZC1|6:XAUUSD|1:5|1:1|1:2|66:BO|XAUUSD|5|1|L|1754931000|MSZZ|XAUUSD|5|1|1|1754928000|1754928600;1012;XAUUSD;PERIOD_M5;LONG;2025.08.11 16:50:00;2025.08.11 16:55:00;2025.08.11 17:30:00;3361.02000000;3348.45000000;3386.16000000;3352.03000000;OTHER;-0.7152;0.1440;-0.9053;7;NewYork
MSZZC1|6:XAUUSD|1:5|2:-1|1:2|67:BO|XAUUSD|5|1|S|1754933100|MSZZ|XAUUSD|5|1|-1|1754928900|1754929800;1012;XAUUSD;PERIOD_M5;SHORT;2025.08.11 17:25:00;2025.08.11 17:30:00;2025.08.11 19:20:00;3352.03000000;3362.83000000;3330.43000000;3348.62000000;OTHER;0.3157;0.9806;-0.0546;22;NewYork
MSZZC1|6:XAUUSD|1:5|1:1|1:2|66:BO|XAUUSD|5|1|L|1754939700|MSZZ|XAUUSD|5|1|1|1754937300|1754937900;1012;XAUUSD;PERIOD_M5;LONG;2025.08.11 19:15:00;2025.08.11 19:20:00;2025.08.11 20:34:58;3348.62000000;3341.44000000;3362.98000000;3341.44000000;SL;-1.0000;0.0905;-1.0084;14;NewYork
MSZZC1|6:XAUUSD|1:5|1:1|1:2|66:BO|XAUUSD|5|1|L|1754944500|MSZZ|XAUUSD|5|1|1|1754944200|1754944200;1012;XAUUSD;PERIOD_M5;LONG;2025.08.11 20:35:00;2025.08.11 20:40:00;2025.08.11 23:55:00;3355.19000000;3342.00000000;3381.57000000;3342.33000000;OTHER;-0.9750;0.2775;-1.0326;39;NewYork
MSZZC1|6:XAUUSD|1:5|2:-1|1:2|67:BO|XAUUSD|5|1|S|1754956200|MSZZ|XAUUSD|5|1|-1|1754943300|1754943900;1012;XAUUSD;PERIOD_M5;SHORT;2025.08.11 23:50:00;2025.08.11 23:55:00;2025.08.12 02:04:58;3342.33000000;3347.71000000;3331.57000000;3347.71000000;SL;-1.0000;0.1989;-1.0242;25;NewYork
MSZZC1|6:XAUUSD|1:5|1:1|1:2|66:BO|XAUUSD|5|1|L|1754978400|MSZZ|XAUUSD|5|1|1|1754976600|1754977200;1012;XAUUSD;PERIOD_M5;LONG;2025.08.12 06:00:00;2025.08.12 06:05:00;2025.08.12 06:30:00;3354.13000000;3350.15000000;3362.09000000;3351.29000000;OTHER;-0.7136;0.3191;-1.1859;5;Asian
MSZZC1|6:XAUUSD|1:5|2:-1|1:2|67:BO|XAUUSD|5|1|S|1754979900|MSZZ|XAUUSD|5|1|-1|1754977500|1754978400;1012;XAUUSD;PERIOD_M5;SHORT;2025.08.12 06:25:00;2025.08.12 06:30:00;2025.08.12 07:40:00;3351.29000000;3355.40000000;3343.07000000;3353.48000000;OTHER;-0.5328;0.8856;-0.7153;14;Asian
MSZZC1|6:XAUUSD|1:5|1:1|1:2|66:BO|XAUUSD|5|1|L|1754984100|MSZZ|XAUUSD|5|1|1|1754983500|1754983800;1012;XAUUSD;PERIOD_M5;LONG;2025.08.12 07:35:00;2025.08.12 07:40:00;2025.08.12 09:14:58;3353.48000000;3347.65000000;3365.14000000;3347.65000000;SL;-1.0000;0.4082;-1.1286;18;Asian
MSZZC1|6:XAUUSD|1:5|1:1|1:2|66:BO|XAUUSD|5|1|L|1754994300|MSZZ|XAUUSD|5|1|1|1754983500|1754983800;1012;XAUUSD;PERIOD_M5;LONG;2025.08.12 10:25:00;2025.08.12 10:30:00;2025.08.12 12:50:00;3349.14000000;3342.29000000;3362.84000000;3346.42000000;OTHER;-0.3971;1.3139;-0.5212;28;London
MSZZC1|6:XAUUSD|1:5|2:-1|1:2|67:BO|XAUUSD|5|1|S|1755002700|MSZZ|XAUUSD|5|1|-1|1754999400|1755000300;1012;XAUUSD;PERIOD_M5;SHORT;2025.08.12 12:45:00;2025.08.12 12:50:00;2025.08.12 13:15:00;3346.42000000;3351.81000000;3335.64000000;3348.59000000;OTHER;-0.4026;0.4304;-0.6327;5;London
MSZZC1|6:XAUUSD|1:5|1:1|1:2|66:BO|XAUUSD|5|1|L|1755004200|MSZZ|XAUUSD|5|1|1|1755000600|1755001500;1012;XAUUSD;PERIOD_M5;LONG;2025.08.12 13:10:00;2025.08.12 13:15:00;2025.08.12 13:49:58;3348.59000000;3344.10000000;3357.57000000;3344.10000000;SL;-1.0000;0.4276;-1.0312;6;London
MSZZC1|6:XAUUSD|1:5|2:-1|1:2|67:BO|XAUUSD|5|1|S|1755008100|MSZZ|XAUUSD|5|1|-1|1755003900|1755004200;1012;XAUUSD;PERIOD_M5;SHORT;2025.08.12 14:15:00;2025.08.12 14:20:00;2025.08.12 15:34:58;3342.18000000;3350.51000000;3325.52000000;3350.51000000;SL;-1.0000;0.7347;-1.4934;14;London
MSZZC1|6:XAUUSD|1:5|1:1|1:2|66:BO|XAUUSD|5|1|L|1755012600|MSZZ|XAUUSD|5|1|1|1755010800|1755012000;1012;XAUUSD;PERIOD_M5;LONG;2025.08.12 15:30:00;2025.08.12 15:35:00;2025.08.12 16:40:00;3350.61000000;3338.60000000;3374.63000000;3340.95000000;OTHER;-0.8043;0.6195;-0.8726;13;London
MSZZC1|6:XAUUSD|1:5|2:-1|1:2|67:BO|XAUUSD|5|1|S|1755016500|MSZZ|XAUUSD|5|1|-1|1755012300|1755012600;1012;XAUUSD;PERIOD_M5;SHORT;2025.08.12 16:35:00;2025.08.12 16:40:00;2025.08.12 18:29:58;3340.95000000;3358.05000000;3306.75000000;3358.05000000;SL;-1.0000;0.5766;-1.0626;21;NewYork
MSZZC1|6:XAUUSD|1:5|2:-1|1:2|67:BO|XAUUSD|5|1|S|1755030300|MSZZ|XAUUSD|5|1|-1|1755026100|1755030000;1012;XAUUSD;PERIOD_M5;SHORT;2025.08.12 20:25:00;2025.08.12 20:30:00;2025.08.12 21:00:00;3348.08000000;3359.12000000;3326.00000000;3349.17000000;OTHER;-0.0987;0.1495;-0.1920;6;NewYork
MSZZC1|6:XAUUSD|1:5|1:1|1:2|66:BO|XAUUSD|5|1|L|1755032100|MSZZ|XAUUSD|5|1|1|1755030000|1755031800;1012;XAUUSD;PERIOD_M5;LONG;2025.08.12 20:55:00;2025.08.12 21:00:00;2025.08.12 22:09:57;3349.17000000;3345.87000000;3355.77000000;3345.87000000;SL;-1.0000;0.4970;-1.0788;13;NewYork
MSZZC1|6:XAUUSD|1:5|1:1|1:2|66:BO|XAUUSD|5|1|L|1755042000|MSZZ|XAUUSD|5|1|1|1755037800|1755039300;1012;XAUUSD;PERIOD_M5;LONG;2025.08.12 23:40:00;2025.08.12 23:45:00;2025.08.13 02:35:00;3349.45000000;3346.05000000;3356.25000000;3351.11000000;OTHER;0.4882;1.2676;-0.7353;34;NewYork
MSZZC1|6:XAUUSD|1:5|2:-1|1:2|67:BO|XAUUSD|5|1|S|1755052200|MSZZ|XAUUSD|5|1|-1|1755050100|1755051600;1012;XAUUSD;PERIOD_M5;SHORT;2025.08.13 02:30:00;2025.08.13 02:35:00;2025.08.13 03:19:57;3351.11000000;3353.76000000;3345.81000000;3345.81000000;TP;2.0000;2.3962;-0.3509;8;Asian
MSZZC1|6:XAUUSD|1:5|2:-1|1:2|67:BO|XAUUSD|5|1|S|1755054900|MSZZ|XAUUSD|5|1|-1|1755054300|1755054300;1012;XAUUSD;PERIOD_M5;SHORT;2025.08.13 03:15:00;2025.08.13 03:20:00;2025.08.13 04:40:00;3346.06000000;3352.07000000;3334.04000000;3349.44000000;OTHER;-0.5624;0.5541;-0.6439;16;Asian
MSZZC1|6:XAUUSD|1:5|1:1|1:2|66:BO|XAUUSD|5|1|L|1755059700|MSZZ|XAUUSD|5|1|1|1755052200|1755053100;1012;XAUUSD;PERIOD_M5;LONG;2025.08.13 04:35:00;2025.08.13 04:40:00;2025.08.13 05:14:58;3349.44000000;3346.70000000;3354.92000000;3346.70000000;SL;-1.0000;0.9453;-1.0182;6;Asian
MSZZC1|6:XAUUSD|1:5|1:1|1:2|66:BO|XAUUSD|5|1|L|1755063300|MSZZ|XAUUSD|5|1|1|1755060300|1755061800;1012;XAUUSD;PERIOD_M5;LONG;2025.08.13 05:35:00;2025.08.13 05:40:00;2025.08.13 07:00:00;3352.57000000;3346.65000000;3364.41000000;3349.58000000;OTHER;-0.5051;0.3193;-0.7416;16;Asian
MSZZC1|6:XAUUSD|1:5|2:-1|1:2|67:BO|XAUUSD|5|1|S|1755068100|MSZZ|XAUUSD|5|1|-1|1755065700|1755066300;1012;XAUUSD;PERIOD_M5;SHORT;2025.08.13 06:55:00;2025.08.13 07:00:00;2025.08.13 09:14:58;3349.58000000;3354.46000000;3339.82000000;3354.46000000;SL;-1.0000;0.7951;-1.0225;26;Asian
MSZZC1|6:XAUUSD|1:5|2:-1|1:2|67:BO|XAUUSD|5|1|S|1755077400|MSZZ|XAUUSD|5|1|-1|1755065700|1755066300;1012;XAUUSD;PERIOD_M5;SHORT;2025.08.13 09:30:00;2025.08.13 09:35:00;2025.08.13 09:39:58;3354.15000000;3354.46000000;3353.53000000;3354.46000000;SL;-1.0000;1.2903;-6.9677;0;London
MSZZC1|6:XAUUSD|1:5|2:-1|1:2|67:BO|XAUUSD|5|1|S|1755082200|MSZZ|XAUUSD|5|1|-1|1755065700|1755066300;1012;XAUUSD;PERIOD_M5;SHORT;2025.08.13 10:50:00;2025.08.13 10:55:00;2025.08.13 11:49:58;3355.56000000;3360.97000000;3344.74000000;3360.97000000;SL;-1.0000;0.5009;-1.4547;10;London
MSZZC1|6:XAUUSD|1:5|1:1|1:2|66:BO|XAUUSD|5|1|L|1755088800|MSZZ|XAUUSD|5|1|1|1755085500|1755087000;1012;XAUUSD;PERIOD_M5;LONG;2025.08.13 12:40:00;2025.08.13 12:45:00;2025.08.13 15:09:58;3365.47000000;3358.64000000;3379.13000000;3358.64000000;SL;-1.0000;0.2401;-1.3280;28;London
MSZZC1|6:XAUUSD|1:5|2:-1|1:2|67:BO|XAUUSD|5|1|S|1755098700|MSZZ|XAUUSD|5|1|-1|1755096300|1755097200;1012;XAUUSD;PERIOD_M5;SHORT;2025.08.13 15:25:00;2025.08.13 15:30:00;2025.08.13 16:40:00;3358.72000000;3363.75000000;3348.66000000;3361.68000000;OTHER;-0.5885;0.8946;-0.7475;14;London
MSZZC1|6:XAUUSD|1:5|1:1|1:2|66:BO|XAUUSD|5|1|L|1755102900|MSZZ|XAUUSD|5|1|1|1755097200|1755097500;1012;XAUUSD;PERIOD_M5;LONG;2025.08.13 16:35:00;2025.08.13 16:40:00;2025.08.13 20:39:58;3361.68000000;3354.22000000;3376.60000000;3354.22000000;SL;-1.0000;1.2225;-1.0080;47;NewYork
MSZZC1|6:XAUUSD|1:5|2:-1|1:2|67:BO|XAUUSD|5|1|S|1755117600|MSZZ|XAUUSD|5|1|-1|1755117000|1755117000;1012;XAUUSD;PERIOD_M5;SHORT;2025.08.13 20:40:00;2025.08.13 20:45:00;2025.08.14 02:09:57;3354.53000000;3360.93000000;3341.73000000;3360.93000000;SL;-1.0000;0.7109;-1.0625;64;NewYork
MSZZC1|6:XAUUSD|1:5|1:1|1:2|66:BO|XAUUSD|5|1|L|1755755400|MSZZ|XAUUSD|5|1|1|1755751200|1755752100;1012;XAUUSD;PERIOD_M5;LONG;2025.08.21 05:50:00;2025.08.21 05:55:00;2025.08.21 06:54:58;3344.68000000;3340.41000000;3353.22000000;3340.41000000;SL;-1.0000;0.0398;-1.1546;11;Asian
MSZZC1|6:XAUUSD|1:5|2:-1|1:2|67:BO|XAUUSD|5|1|S|1755759000|MSZZ|XAUUSD|5|1|-1|1755753900|1755755100;1012;XAUUSD;PERIOD_M5;SHORT;2025.08.21 06:50:00;2025.08.21 06:55:00;2025.08.21 10:45:00;3339.97000000;3345.01000000;3329.89000000;3340.03000000;OTHER;-0.0119;1.1290;-0.2103;46;Asian
MSZZC1|6:XAUUSD|1:5|1:1|1:2|66:BO|XAUUSD|5|1|L|1755772800|MSZZ|XAUUSD|5|1|1|1755755400|1755757800;1012;XAUUSD;PERIOD_M5;LONG;2025.08.21 10:40:00;2025.08.21 10:45:00;2025.08.21 10:59:58;3340.03000000;3338.68000000;3342.73000000;3338.68000000;SL;-1.0000;1.0741;-1.0000;2;London
MSZZC1|6:XAUUSD|1:5|1:1|1:2|66:BO|XAUUSD|5|1|L|1755788700|MSZZ|XAUUSD|5|1|1|1755788400|1755788400;1012;XAUUSD;PERIOD_M5;LONG;2025.08.21 15:05:00;2025.08.21 15:10:00;2025.08.22 05:04:57;3341.06000000;3333.39000000;3356.40000000;3333.39000000;SL;-1.0000;0.9140;-1.0130;166;London
MSZZC1|6:XAUUSD|1:5|2:-1|1:2|67:BO|XAUUSD|5|1|S|1755846900|MSZZ|XAUUSD|5|1|-1|1755842700|1755843900;1012;XAUUSD;PERIOD_M5;SHORT;2025.08.22 07:15:00;2025.08.22 07:20:00;2025.08.22 13:35:00;3330.94000000;3335.35000000;3322.12000000;3331.15000000;OTHER;-0.0476;1.2608;-0.9297;75;Asian
MSZZC1|6:XAUUSD|1:5|1:1|1:2|66:BO|XAUUSD|5|1|L|1755869400|MSZZ|XAUUSD|5|1|1|1755866400|1755868800;1012;XAUUSD;PERIOD_M5;LONG;2025.08.22 13:30:00;2025.08.22 13:35:00;2025.08.22 14:15:00;3331.15000000;3325.38000000;3342.69000000;3329.51000000;OTHER;-0.2842;0.0971;-0.5234;8;London
MSZZC1|6:XAUUSD|1:5|2:-1|1:2|67:BO|XAUUSD|5|1|S|1755871800|MSZZ|XAUUSD|5|1|-1|1755868800|1755869700;1012;XAUUSD;PERIOD_M5;SHORT;2025.08.22 14:10:00;2025.08.22 14:15:00;2025.08.22 15:34:58;3329.51000000;3331.71000000;3325.11000000;3325.11000000;TP;2.0000;3.6682;-0.7045;15;London
MSZZC1|6:XAUUSD|1:5|2:-1|1:2|67:BO|XAUUSD|5|1|S|1755876600|MSZZ|XAUUSD|5|1|-1|1755875400|1755875700;1012;XAUUSD;PERIOD_M5;SHORT;2025.08.22 15:30:00;2025.08.22 15:35:00;2025.08.22 16:34:58;3323.81000000;3331.06000000;3309.31000000;3331.06000000;SL;-1.0000;0.2966;-1.0772;11;London
MSZZC1|6:XAUUSD|1:5|1:1|1:2|66:BO|XAUUSD|5|1|L|1755880200|MSZZ|XAUUSD|5|1|1|1755873300|1755873600;1012;XAUUSD;PERIOD_M5;LONG;2025.08.22 16:30:00;2025.08.22 16:35:00;2025.08.22 17:04:57;3331.22000000;3325.11000000;3343.44000000;3343.44000000;TP;2.0000;4.0262;-0.1080;5;NewYork
MSZZC1|6:XAUUSD|1:5|1:1|1:2|66:BO|XAUUSD|5|1|L|1755882600|MSZZ|XAUUSD|5|1|1|1755882000|1755882000;1012;XAUUSD;PERIOD_M5;LONG;2025.08.22 17:10:00;2025.08.22 17:15:00;2025.08.29 16:59:58;3359.06000000;3325.11000000;3426.96000000;3426.96000000;TP;2.0000;2.0627;-0.2297;2012;NewYork
MSZZC1|6:XAUUSD|1:5|1:1|1:2|66:BO|XAUUSD|5|1|L|1758262800|MSZZ|XAUUSD|5|1|1|1758120300|1758120900;1012;XAUUSD;PERIOD_M5;LONG;2025.09.19 06:20:00;2025.09.19 06:25:00;2025.09.19 06:49:57;3652.99000000;3651.47000000;3656.03000000;3656.03000000;TP;2.0000;2.1776;-0.8289;4;Asian
MSZZC1|6:XAUUSD|1:5|1:1|1:2|66:BO|XAUUSD|5|1|L|1758298200|MSZZ|XAUUSD|5|1|1|1758120300|1758120900;1012;XAUUSD;PERIOD_M5;LONG;2025.09.19 16:10:00;2025.09.19 16:15:00;2025.09.19 16:39:57;3653.63000000;3651.47000000;3657.95000000;3657.95000000;TP;2.0000;2.4306;-0.7083;4;NewYork
MSZZC1|6:XAUUSD|1:5|1:1|1:2|66:BO|XAUUSD|5|1|L|1758541200|MSZZ|XAUUSD|5|1|1|1758534600|1758535800;1012;XAUUSD;PERIOD_M5;LONG;2025.09.22 11:40:00;2025.09.22 11:45:00;2025.09.22 23:10:00;3722.10000000;3708.65000000;3749.00000000;3746.76000000;OTHER;1.8335;1.9829;-0.7494;137;London
MSZZC1|6:XAUUSD|1:5|2:-1|1:2|67:BO|XAUUSD|5|1|S|1758582300|MSZZ|XAUUSD|5|1|-1|1758579900|1758579900;1012;XAUUSD;PERIOD_M5;SHORT;2025.09.22 23:05:00;2025.09.22 23:10:00;2025.09.22 23:29:58;3746.76000000;3747.70000000;3744.88000000;3747.70000000;SL;-1.0000;1.2340;-1.2128;3;NewYork
MSZZC1|6:XAUUSD|1:5|2:-1|1:2|67:BO|XAUUSD|5|1|S|1758597300|MSZZ|XAUUSD|5|1|-1|1758589200|1758589500;1012;XAUUSD;PERIOD_M5;SHORT;2025.09.23 03:15:00;2025.09.23 03:20:00;2025.09.23 03:29:58;3746.03000000;3748.98000000;3740.13000000;3748.98000000;SL;-1.0000;0.3831;-1.0339;1;Asian
MSZZC1|6:XAUUSD|1:5|1:1|1:2|66:BO|XAUUSD|5|1|L|1758598800|MSZZ|XAUUSD|5|1|1|1758594000|1758594000;1012;XAUUSD;PERIOD_M5;LONG;2025.09.23 03:40:00;2025.09.23 03:45:00;2025.09.23 04:44:58;3749.50000000;3744.99000000;3758.52000000;3758.52000000;TP;2.0000;2.0488;-0.8293;11;Asian
MSZZC1|6:XAUUSD|1:5|1:1|1:2|66:BO|XAUUSD|5|1|L|1758629100|MSZZ|XAUUSD|5|1|1|1758314700|1758314700;1012;XAUUSD;PERIOD_M5;LONG;2025.09.23 12:05:00;2025.09.23 12:10:00;2025.09.24 18:35:00;3781.31000000;3666.64000000;4010.65000000;3746.01000000;OTHER;-0.3078;0.0858;-0.3225;365;London
MSZZC1|6:XAUUSD|1:5|2:-1|1:2|67:BO|XAUUSD|5|1|S|1758738600|MSZZ|XAUUSD|5|1|-1|1758736200|1758738000;1012;XAUUSD;PERIOD_M5;SHORT;2025.09.24 18:30:00;2025.09.24 18:35:00;2025.09.24 21:59:58;3746.01000000;3756.61000000;3724.81000000;3724.81000000;TP;2.0000;2.2019;-0.2406;40;NewYork
MSZZC1|6:XAUUSD|1:5|1:1|1:2|66:BO|XAUUSD|5|1|L|1759715700|MSZZ|XAUUSD|5|1|1|1759126200|1759126800;1012;XAUUSD;PERIOD_M5;LONG;2025.10.06 01:55:00;2025.10.06 02:00:00;2025.10.14 02:34:58;3900.06000000;3788.00000000;4124.18000000;4124.18000000;TP;2.0000;2.0208;-0.0138;2310;Asian
MSZZC1|6:XAUUSD|1:5|2:-1|1:2|67:BO|XAUUSD|5|1|S|1761076800|MSZZ|XAUUSD|5|1|-1|1761075300|1761076200;1012;XAUUSD;PERIOD_M5;SHORT;2025.10.21 20:00:00;2025.10.21 20:05:00;2025.10.21 20:45:00;4104.24000000;4126.70000000;4059.32000000;4116.30000000;OTHER;-0.5370;0.4702;-0.7119;8;NewYork
MSZZC1|6:XAUUSD|1:5|1:1|1:2|66:BO|XAUUSD|5|1|L|1761079200|MSZZ|XAUUSD|5|1|1|1761076200|1761076800;1012;XAUUSD;PERIOD_M5;LONG;2025.10.21 20:40:00;2025.10.21 20:45:00;2025.10.22 02:55:00;4116.30000000;4093.68000000;4161.54000000;4106.15000000;OTHER;-0.4487;0.7210;-1.1534;74;NewYork
MSZZC1|6:XAUUSD|1:5|2:-1|1:2|67:BO|XAUUSD|5|1|S|1761101400|MSZZ|XAUUSD|5|1|-1|1761101100|1761101100;1012;XAUUSD;PERIOD_M5;SHORT;2025.10.22 02:50:00;2025.10.22 02:55:00;2025.10.22 03:04:58;4106.15000000;4132.61000000;4053.23000000;4053.23000000;TP;2.0000;2.1092;-0.0359;1;Asian
MSZZC1|6:XAUUSD|1:5|2:-1|1:2|67:BO|XAUUSD|5|1|S|1761106500|MSZZ|XAUUSD|5|1|-1|1761101100|1761101100;1012;XAUUSD;PERIOD_M5;SHORT;2025.10.22 04:15:00;2025.10.22 04:20:00;2025.10.22 06:39:58;4109.33000000;4132.61000000;4062.77000000;4132.61000000;SL;-1.0000;1.1177;-1.0812;27;Asian
MSZZC1|6:XAUUSD|1:5|2:-1|1:2|67:BO|XAUUSD|5|1|S|1762521900|MSZZ|XAUUSD|5|1|-1|1762517700|1762518000;1012;XAUUSD;PERIOD_M5;SHORT;2025.11.07 13:25:00;2025.11.07 13:30:00;2025.11.07 16:10:00;3999.22000000;4012.35000000;3972.96000000;3999.14000000;OTHER;0.0061;0.6032;-0.7007;32;London
MSZZC1|6:XAUUSD|1:5|1:1|1:2|66:BO|XAUUSD|5|1|L|1762531500|MSZZ|XAUUSD|5|1|1|1762528800|1762529400;1012;XAUUSD;PERIOD_M5;LONG;2025.11.07 16:05:00;2025.11.07 16:10:00;2025.11.07 16:34:57;3999.14000000;3991.30000000;4014.82000000;3991.30000000;SL;-1.0000;1.0714;-1.2181;4;NewYork
MSZZC1|6:XAUUSD|1:5|2:-1|1:2|67:BO|XAUUSD|5|1|S|1762533300|MSZZ|XAUUSD|5|1|-1|1762533000|1762533000;1012;XAUUSD;PERIOD_M5;SHORT;2025.11.07 16:35:00;2025.11.07 16:40:00;2025.11.07 18:24:58;3986.57000000;4001.96000000;3955.79000000;4001.96000000;SL;-1.0000;0.1481;-1.2378;20;NewYork
MSZZC1|6:XAUUSD|1:5|1:1|1:2|66:BO|XAUUSD|5|1|L|1762539900|MSZZ|XAUUSD|5|1|1|1762539600|1762539600;1012;XAUUSD;PERIOD_M5;LONG;2025.11.07 18:25:00;2025.11.07 18:30:00;2025.11.07 23:15:00;4008.19000000;3989.59000000;4045.39000000;4002.80000000;OTHER;-0.2898;1.0532;-0.8667;57;NewYork
MSZZC1|6:XAUUSD|1:5|2:-1|1:2|67:BO|XAUUSD|5|1|S|1762557000|MSZZ|XAUUSD|5|1|-1|1762551900|1762552200;1012;XAUUSD;PERIOD_M5;SHORT;2025.11.07 23:10:00;2025.11.07 23:15:00;2025.11.10 01:04:58;4002.80000000;4008.94000000;3990.52000000;4008.94000000;SL;-1.0000;0.8111;-1.2443;597;NewYork
MSZZC1|6:XAUUSD|1:5|1:1|1:2|66:BO|XAUUSD|5|1|L|1762737000|MSZZ|XAUUSD|5|1|1|1762736400|1762736400;1012;XAUUSD;PERIOD_M5;LONG;2025.11.10 01:10:00;2025.11.10 01:15:00;2025.11.10 03:19:57;4010.96000000;4001.74000000;4029.40000000;4029.40000000;TP;2.0000;2.6226;-0.7972;24;Asian
MSZZC1|6:XAUUSD|1:5|1:1|1:2|66:BO|XAUUSD|5|1|L|1763384700|MSZZ|XAUUSD|5|1|1|1763137200|1763137800;1012;XAUUSD;PERIOD_M5;LONG;2025.11.17 13:05:00;2025.11.17 13:10:00;2025.11.17 21:34:58;4073.68000000;4037.35000000;4146.34000000;4037.35000000;SL;-1.0000;0.5111;-1.0405;100;London
MSZZC1|6:XAUUSD|1:5|2:-1|1:2|67:BO|XAUUSD|5|1|S|1763565000|MSZZ|XAUUSD|5|1|-1|1763557500|1763558100;1012;XAUUSD;PERIOD_M5;SHORT;2025.11.19 15:10:00;2025.11.19 15:15:00;2025.11.19 16:59:58;4103.13000000;4119.92000000;4069.55000000;4119.92000000;SL;-1.0000;0.1370;-1.5253;20;London
MSZZC1|6:XAUUSD|1:5|1:1|1:2|66:BO|XAUUSD|5|1|L|1763571300|MSZZ|XAUUSD|5|1|1|1763568900|1763569500;1012;XAUUSD;PERIOD_M5;LONG;2025.11.19 16:55:00;2025.11.19 17:00:00;2025.11.19 17:54:58;4127.81000000;4101.82000000;4179.79000000;4101.82000000;SL;-1.0000;0.1831;-1.4548;10;NewYork
MSZZC1|6:XAUUSD|1:5|2:-1|1:2|67:BO|XAUUSD|5|1|S|1763576100|MSZZ|XAUUSD|5|1|-1|1763574600|1763574600;1012;XAUUSD;PERIOD_M5;SHORT;2025.11.19 18:15:00;2025.11.19 18:20:00;2025.11.21 06:30:00;4084.27000000;4132.57000000;3987.67000000;4059.94000000;OTHER;0.5037;0.9464;-0.5414;434;NewYork
MSZZC1|6:XAUUSD|1:5|1:1|1:2|66:BO|XAUUSD|5|1|L|1763706300|MSZZ|XAUUSD|5|1|1|1763705400|1763705700;1012;XAUUSD;PERIOD_M5;LONG;2025.11.21 06:25:00;2025.11.21 06:30:00;2025.11.21 06:44:57;4059.94000000;4049.40000000;4081.02000000;4049.40000000;SL;-1.0000;0.0560;-1.1243;2;Asian
MSZZC1|6:XAUUSD|1:5|1:1|1:2|66:BO|XAUUSD|5|1|L|1763708400|MSZZ|XAUUSD|5|1|1|1763705400|1763705700;1012;XAUUSD;PERIOD_M5;LONG;2025.11.21 07:00:00;2025.11.21 07:05:00;2025.11.21 07:49:58;4054.11000000;4047.73000000;4066.87000000;4047.73000000;SL;-1.0000;0.5329;-1.3370;8;Asian
MSZZC1|6:XAUUSD|1:5|2:-1|1:2|67:BO|XAUUSD|5|1|S|1763711400|MSZZ|XAUUSD|5|1|-1|1763707500|1763708400;1012;XAUUSD;PERIOD_M5;SHORT;2025.11.21 07:50:00;2025.11.21 07:55:00;2025.11.21 07:59:58;4041.64000000;4057.51000000;4009.90000000;4057.51000000;SL;-1.0000;0.0145;-1.1374;0;Asian
MSZZC1|6:XAUUSD|1:5|1:1|1:2|66:BO|XAUUSD|5|1|L|1763711700|MSZZ|XAUUSD|5|1|1|1763710200|1763710800;1012;XAUUSD;PERIOD_M5;LONG;2025.11.21 07:55:00;2025.11.21 08:00:00;2025.11.21 08:29:58;4058.76000000;4039.97000000;4096.34000000;4039.97000000;SL;-1.0000;0.3188;-1.4891;5;London
MSZZC1|6:XAUUSD|1:5|2:-1|1:2|67:BO|XAUUSD|5|1|S|1763713500|MSZZ|XAUUSD|5|1|-1|1763711400|1763711700;1012;XAUUSD;PERIOD_M5;SHORT;2025.11.21 08:25:00;2025.11.21 08:30:00;2025.11.21 11:05:00;4031.94000000;4057.51000000;3980.80000000;4047.59000000;OTHER;-0.6120;0.3786;-0.7305;31;London
MSZZC1|6:XAUUSD|1:5|1:1|1:2|66:BO|XAUUSD|5|1|L|1763722800|MSZZ|XAUUSD|5|1|1|1763710200|1763710800;1012;XAUUSD;PERIOD_M5;LONG;2025.11.21 11:00:00;2025.11.21 11:05:00;2025.11.21 11:19:58;4047.59000000;4039.97000000;4062.83000000;4062.83000000;TP;2.0000;2.1024;-0.1850;2;London
MSZZC1|6:XAUUSD|1:5|1:1|1:2|66:BO|XAUUSD|5|1|L|1763727300|MSZZ|XAUUSD|5|1|1|1763710200|1763710800;1012;XAUUSD;PERIOD_M5;LONG;2025.11.21 12:15:00;2025.11.21 12:20:00;2025.11.21 12:24:58;4042.33000000;4039.97000000;4047.05000000;4039.97000000;SL;-1.0000;0.0890;-3.0085;0;London
MSZZC1|6:XAUUSD|1:5|2:-1|1:2|67:BO|XAUUSD|5|1|S|1763746500|MSZZ|XAUUSD|5|1|-1|1763742900|1763743800;1012;XAUUSD;PERIOD_M5;SHORT;2025.11.21 17:35:00;2025.11.21 17:40:00;2025.11.21 18:39:58;4061.49000000;4077.00000000;4030.47000000;4077.00000000;SL;-1.0000;0.4165;-0.9968;11;NewYork
MSZZC1|6:XAUUSD|1:5|1:1|1:2|66:BO|XAUUSD|5|1|L|1763751300|MSZZ|XAUUSD|5|1|1|1763751000|1763751000;1012;XAUUSD;PERIOD_M5;LONG;2025.11.21 18:55:00;2025.11.21 19:00:00;2025.11.21 22:35:00;4099.88000000;4055.03000000;4189.58000000;4063.29000000;OTHER;-0.8158;0.0319;-0.9679;43;NewYork
MSZZC1|6:XAUUSD|1:5|2:-1|1:2|67:BO|XAUUSD|5|1|S|1763764200|MSZZ|XAUUSD|5|1|-1|1763763600|1763763600;1012;XAUUSD;PERIOD_M5;SHORT;2025.11.21 22:30:00;2025.11.21 22:35:00;2025.11.24 16:55:00;4063.29000000;4092.29000000;4005.29000000;4081.43000000;OTHER;-0.6255;0.8131;-0.7879;796;NewYork
MSZZC1|6:XAUUSD|1:5|1:1|1:2|66:BO|XAUUSD|5|1|L|1764003000|MSZZ|XAUUSD|5|1|1|1764000600|1764001200;1012;XAUUSD;PERIOD_M5;LONG;2025.11.24 16:50:00;2025.11.24 16:55:00;2025.11.24 20:39:58;4081.43000000;4068.43000000;4107.43000000;4107.43000000;TP;2.0000;2.4077;-0.0262;44;NewYork
MSZZC1|6:XAUUSD|1:5|1:1|1:2|66:BO|XAUUSD|5|1|L|1764017400|MSZZ|XAUUSD|5|1|1|1764016500|1764016500;1012;XAUUSD;PERIOD_M5;LONG;2025.11.24 20:50:00;2025.11.24 20:55:00;2025.11.28 03:04:58;4120.29000000;4087.96000000;4184.95000000;4184.95000000;TP;2.0000;2.1704;-0.3517;937;NewYork
MSZZC1|6:XAUUSD|1:5|2:-1|1:2|67:BO|XAUUSD|5|1|S|1764673500|MSZZ|XAUUSD|5|1|-1|1764669900|1764670200;1012;XAUUSD;PERIOD_M5;SHORT;2025.12.02 11:05:00;2025.12.02 11:10:00;2025.12.02 11:39:58;4207.65000000;4217.12000000;4188.71000000;4188.71000000;TP;2.0000;2.8458;-0.1183;5;London
MSZZC1|6:XAUUSD|1:5|2:-1|1:2|67:BO|XAUUSD|5|1|S|1764687900|MSZZ|XAUUSD|5|1|-1|1764685200|1764687000;1012;XAUUSD;PERIOD_M5;SHORT;2025.12.02 15:05:00;2025.12.02 15:10:00;2025.12.02 16:04:58;4205.50000000;4215.29000000;4185.92000000;4215.29000000;SL;-1.0000;0.3473;-1.2533;10;London
MSZZC1|6:XAUUSD|1:5|1:1|1:2|66:BO|XAUUSD|5|1|L|1764692700|MSZZ|XAUUSD|5|1|1|1764687600|1764687900;1012;XAUUSD;PERIOD_M5;LONG;2025.12.02 16:25:00;2025.12.02 16:30:00;2025.12.02 17:19:58;4228.00000000;4202.10000000;4279.80000000;4202.10000000;SL;-1.0000;0.0583;-1.2012;9;NewYork
MSZZC1|6:XAUUSD|1:5|2:-1|1:2|67:BO|XAUUSD|5|1|S|1764695700|MSZZ|XAUUSD|5|1|-1|1764688800|1764690900;1012;XAUUSD;PERIOD_M5;SHORT;2025.12.02 17:15:00;2025.12.02 17:20:00;2025.12.02 20:20:00;4197.92000000;4230.87000000;4132.02000000;4195.12000000;OTHER;0.0850;1.0464;-0.0137;36;NewYork
MSZZC1|6:XAUUSD|1:5|1:1|1:2|66:BO|XAUUSD|5|1|L|1764706500|MSZZ|XAUUSD|5|1|1|1764704700|1764706500;1012;XAUUSD;PERIOD_M5;LONG;2025.12.02 20:15:00;2025.12.02 20:20:00;2025.12.04 07:40:00;4195.12000000;4163.44000000;4258.48000000;4185.32000000;OTHER;-0.3093;1.4691;-0.4457;424;NewYork
MSZZC1|6:XAUUSD|1:5|2:-1|1:2|67:BO|XAUUSD|5|1|S|1764833700|MSZZ|XAUUSD|5|1|-1|1764824400|1764824400;1012;XAUUSD;PERIOD_M5;SHORT;2025.12.04 07:35:00;2025.12.04 07:40:00;2025.12.04 11:59:57;4185.32000000;4200.86000000;4154.24000000;4200.86000000;SL;-1.0000;0.6673;-1.1055;51;Asian
MSZZC1|6:XAUUSD|1:5|1:1|1:2|66:BO|XAUUSD|5|1|L|1764853500|MSZZ|XAUUSD|5|1|1|1764850200|1764852900;1012;XAUUSD;PERIOD_M5;LONG;2025.12.04 13:05:00;2025.12.04 13:10:00;2025.12.04 14:04:58;4205.25000000;4196.55000000;4222.65000000;4196.55000000;SL;-1.0000;0.1425;-1.1218;10;London
MSZZC1|6:XAUUSD|1:5|2:-1|1:2|67:BO|XAUUSD|5|1|S|1764856800|MSZZ|XAUUSD|5|1|-1|1764852900|1764853500;1012;XAUUSD;PERIOD_M5;SHORT;2025.12.04 14:00:00;2025.12.04 14:05:00;2025.12.04 16:19:57;4195.89000000;4206.49000000;4174.69000000;4206.49000000;SL;-1.0000;0.9906;-1.0198;26;London
MSZZC1|6:XAUUSD|1:5|1:1|1:2|66:BO|XAUUSD|5|1|L|1764872400|MSZZ|XAUUSD|5|1|1|1764865800|1764866100;1012;XAUUSD;PERIOD_M5;LONG;2025.12.04 18:20:00;2025.12.04 18:25:00;2025.12.04 20:35:00;4218.62000000;4191.18000000;4273.50000000;4210.75000000;OTHER;-0.2868;0.0160;-0.4085;26;NewYork
MSZZC1|6:XAUUSD|1:5|2:-1|1:2|67:BO|XAUUSD|5|1|S|1764880200|MSZZ|XAUUSD|5|1|-1|1764875700|1764877500;1012;XAUUSD;PERIOD_M5;SHORT;2025.12.04 20:30:00;2025.12.04 20:35:00;2025.12.05 03:14:58;4210.75000000;4217.56000000;4197.13000000;4197.13000000;TP;2.0000;2.2834;-0.2731;79;NewYork
MSZZC1|6:XAUUSD|1:5|1:1|1:2|66:BO|XAUUSD|5|1|L|1764909600|MSZZ|XAUUSD|5|1|1|1764907200|1764908400;1012;XAUUSD;PERIOD_M5;LONG;2025.12.05 04:40:00;2025.12.05 04:45:00;2025.12.05 07:34:57;4204.78000000;4196.72000000;4220.90000000;4220.90000000;TP;2.0000;2.0434;-0.3734;33;Asian
MSZZC1|6:XAUUSD|1:5|1:1|1:2|66:BO|XAUUSD|5|1|L|1764920400|MSZZ|XAUUSD|5|1|1|1764910800|1764911400;1012;XAUUSD;PERIOD_M5;LONG;2025.12.05 07:40:00;2025.12.05 07:45:00;2025.12.05 18:15:00;4220.23000000;4196.72000000;4267.25000000;4203.35000000;OTHER;-0.7180;1.6601;-0.7758;126;Asian
MSZZC1|6:XAUUSD|1:5|2:-1|1:2|67:BO|XAUUSD|5|1|S|1764958200|MSZZ|XAUUSD|5|1|-1|1764909300|1764909600;1012;XAUUSD;PERIOD_M5;SHORT;2025.12.05 18:10:00;2025.12.05 18:15:00;2025.12.05 18:19:57;4203.35000000;4208.94000000;4192.17000000;4208.94000000;SL;-1.0000;0.2433;-1.1843;0;NewYork
MSZZC1|6:XAUUSD|1:5|2:-1|1:2|67:BO|XAUUSD|5|1|S|1764973500|MSZZ|XAUUSD|5|1|-1|1764971100|1764971700;1012;XAUUSD;PERIOD_M5;SHORT;2025.12.05 22:25:00;2025.12.05 22:30:00;2025.12.08 05:20:00;4202.91000000;4219.66000000;4169.41000000;4212.88000000;OTHER;-0.5952;0.6836;-0.6358;658;NewYork
MSZZC1|6:XAUUSD|1:5|1:1|1:2|66:BO|XAUUSD|5|1|L|1765170900|MSZZ|XAUUSD|5|1|1|1765162800|1765162800;1012;XAUUSD;PERIOD_M5;LONG;2025.12.08 05:15:00;2025.12.08 05:20:00;2025.12.08 06:30:00;4212.88000000;4197.51000000;4243.62000000;4209.48000000;OTHER;-0.2212;0.0267;-0.4008;14;Asian
MSZZC1|6:XAUUSD|1:5|2:-1|1:2|67:BO|XAUUSD|5|1|S|1765175100|MSZZ|XAUUSD|5|1|-1|1765173000|1765174500;1012;XAUUSD;PERIOD_M5;SHORT;2025.12.08 06:25:00;2025.12.08 06:30:00;2025.12.08 07:34:57;4209.48000000;4213.56000000;4201.32000000;4213.56000000;SL;-1.0000;1.1912;-1.3701;12;Asian
MSZZC1|6:XAUUSD|1:5|1:1|1:2|66:BO|XAUUSD|5|1|L|1765179000|MSZZ|XAUUSD|5|1|1|1765175400|1765176600;1012;XAUUSD;PERIOD_M5;LONG;2025.12.08 07:30:00;2025.12.08 07:35:00;2025.12.08 10:04:57;4214.09000000;4204.62000000;4233.03000000;4204.62000000;SL;-1.0000;0.5048;-1.1531;29;Asian
MSZZC1|6:XAUUSD|1:5|1:1|1:2|66:BO|XAUUSD|5|1|L|1765192200|MSZZ|XAUUSD|5|1|1|1765191000|1765191900;1012;XAUUSD;PERIOD_M5;LONG;2025.12.08 11:10:00;2025.12.08 11:15:00;2025.12.08 12:34:57;4209.22000000;4205.04000000;4217.58000000;4205.04000000;SL;-1.0000;0.8397;-1.9593;15;London
MSZZC1|6:XAUUSD|1:5|2:-1|1:2|67:BO|XAUUSD|5|1|S|1765213200|MSZZ|XAUUSD|5|1|-1|1765212900|1765212900;1012;XAUUSD;PERIOD_M5;SHORT;2025.12.08 17:00:00;2025.12.08 17:05:00;2025.12.09 11:24:58;4188.75000000;4211.48000000;4143.29000000;4211.48000000;SL;-1.0000;0.8152;-1.0766;219;NewYork
MSZZC1|6:XAUUSD|1:5|1:1|1:2|66:BO|XAUUSD|5|1|L|1765286400|MSZZ|XAUUSD|5|1|1|1765282800|1765283700;1012;XAUUSD;PERIOD_M5;LONG;2025.12.09 13:20:00;2025.12.09 13:25:00;2025.12.09 14:15:00;4205.31000000;4200.58000000;4214.77000000;4201.80000000;OTHER;-0.7421;0.2579;-1.3615;10;London
MSZZC1|6:XAUUSD|1:5|2:-1|1:2|67:BO|XAUUSD|5|1|S|1765289400|MSZZ|XAUUSD|5|1|-1|1765284000|1765287000;1012;XAUUSD;PERIOD_M5;SHORT;2025.12.09 14:10:00;2025.12.09 14:15:00;2025.12.09 14:49:58;4201.80000000;4206.53000000;4192.34000000;4206.53000000;SL;-1.0000;0.6744;-0.9641;6;London
MSZZC1|6:XAUUSD|1:5|1:1|1:2|66:BO|XAUUSD|5|1|L|1765291500|MSZZ|XAUUSD|5|1|1|1765287000|1765289400;1012;XAUUSD;PERIOD_M5;LONG;2025.12.09 14:45:00;2025.12.09 14:50:00;2025.12.09 15:29:58;4206.43000000;4198.61000000;4222.07000000;4198.61000000;SL;-1.0000;0.2136;-1.0332;7;London
MSZZC1|6:XAUUSD|1:5|2:-1|1:2|67:BO|XAUUSD|5|1|S|1765296600|MSZZ|XAUUSD|5|1|-1|1765290000|1765291500;1012;XAUUSD;PERIOD_M5;SHORT;2025.12.09 16:10:00;2025.12.09 16:15:00;2025.12.09 16:54:58;4192.19000000;4208.10000000;4160.37000000;4208.10000000;SL;-1.0000;0.1691;-1.1270;7;NewYork
MSZZC1|6:XAUUSD|1:5|1:1|1:2|66:BO|XAUUSD|5|1|L|1765303800|MSZZ|XAUUSD|5|1|1|1765302900|1765302900;1012;XAUUSD;PERIOD_M5;LONG;2025.12.09 18:10:00;2025.12.09 18:15:00;2025.12.10 05:15:00;4218.69000000;4190.39000000;4275.29000000;4210.13000000;OTHER;-0.3025;0.1011;-0.6134;132;NewYork
MSZZC1|6:XAUUSD|1:5|2:-1|1:2|67:BO|XAUUSD|5|1|S|1765343400|MSZZ|XAUUSD|5|1|-1|1765340400|1765341600;1012;XAUUSD;PERIOD_M5;SHORT;2025.12.10 05:10:00;2025.12.10 05:15:00;2025.12.10 07:35:00;4210.13000000;4218.84000000;4192.71000000;4207.98000000;OTHER;0.2468;0.9541;-0.1160;28;Asian
MSZZC1|6:XAUUSD|1:5|1:1|1:2|66:BO|XAUUSD|5|1|L|1765351800|MSZZ|XAUUSD|5|1|1|1765348800|1765349400;1012;XAUUSD;PERIOD_M5;LONG;2025.12.10 07:30:00;2025.12.10 07:35:00;2025.12.10 09:55:00;4207.98000000;4201.82000000;4220.30000000;4204.38000000;OTHER;-0.5844;1.0308;-0.7744;28;Asian
MSZZC1|6:XAUUSD|1:5|2:-1|1:2|67:BO|XAUUSD|5|1|S|1765360200|MSZZ|XAUUSD|5|1|-1|1765355700|1765357500;1012;XAUUSD;PERIOD_M5;SHORT;2025.12.10 09:50:00;2025.12.10 09:55:00;2025.12.10 11:49:58;4204.38000000;4209.53000000;4194.08000000;4194.08000000;TP;2.0000;2.0990;-0.4194;22;London
MSZZC1|6:XAUUSD|1:5|1:1|1:2|66:BO|XAUUSD|5|1|L|1765387800|MSZZ|XAUUSD|5|1|1|1765385400|1765385700;1012;XAUUSD;PERIOD_M5;LONG;2025.12.10 17:30:00;2025.12.10 17:35:00;2025.12.10 17:54:58;4197.23000000;4191.44000000;4208.81000000;4191.44000000;SL;-1.0000;0.3851;-1.0915;3;NewYork
MSZZC1|6:XAUUSD|1:5|1:1|1:2|66:BO|XAUUSD|5|1|L|1765390800|MSZZ|XAUUSD|5|1|1|1765388100|1765389000;1012;XAUUSD;PERIOD_M5;LONG;2025.12.10 18:20:00;2025.12.10 18:25:00;2025.12.10 20:40:00;4198.14000000;4190.20000000;4214.02000000;4192.23000000;OTHER;-0.7443;0.8892;-0.7846;27;NewYork
MSZZC1|6:XAUUSD|1:5|2:-1|1:2|67:BO|XAUUSD|5|1|S|1765398900|MSZZ|XAUUSD|5|1|-1|1765389300|1765390500;1012;XAUUSD;PERIOD_M5;SHORT;2025.12.10 20:35:00;2025.12.10 20:40:00;2025.12.10 21:04:57;4192.23000000;4205.20000000;4166.29000000;4205.20000000;SL;-1.0000;0.1357;-1.4719;4;NewYork
MSZZC1|6:XAUUSD|1:5|1:1|1:2|66:BO|XAUUSD|5|1|L|1765400700|MSZZ|XAUUSD|5|1|1|1765392600|1765393800;1012;XAUUSD;PERIOD_M5;LONG;2025.12.10 21:05:00;2025.12.10 21:10:00;2025.12.10 21:44:58;4215.64000000;4190.47000000;4265.98000000;4190.47000000;SL;-1.0000;0.1633;-1.3504;6;NewYork
MSZZC1|6:XAUUSD|1:5|2:-1|1:2|67:BO|XAUUSD|5|1|S|1765402800|MSZZ|XAUUSD|5|1|-1|1765400400|1765400400;1012;XAUUSD;PERIOD_M5;SHORT;2025.12.10 21:40:00;2025.12.10 21:45:00;2025.12.10 21:54:58;4187.49000000;4205.20000000;4152.07000000;4205.20000000;SL;-1.0000;0.0610;-1.1141;1;NewYork
MSZZC1|6:XAUUSD|1:5|1:1|1:2|66:BO|XAUUSD|5|1|L|1765404000|MSZZ|XAUUSD|5|1|1|1765392600|1765393800;1012;XAUUSD;PERIOD_M5;LONG;2025.12.10 22:00:00;2025.12.10 22:05:00;2025.12.12 10:04:58;4223.91000000;4190.47000000;4290.79000000;4290.79000000;TP;2.0000;2.0197;-0.5852;431;NewYork
MSZZC1|6:XAUUSD|1:5|1:1|1:2|66:BO|XAUUSD|5|1|L|1765565100|MSZZ|XAUUSD|5|1|1|1765474800|1765474800;1012;XAUUSD;PERIOD_M5;LONG;2025.12.12 18:45:00;2025.12.12 18:50:00;2025.12.18 18:14:58;4278.67000000;4234.93000000;4366.15000000;4366.15000000;TP;2.0000;2.0377;-0.1850;1720;NewYork
MSZZC1|6:XAUUSD|1:5|1:1|1:2|66:BO|XAUUSD|5|1|L|1766372100|MSZZ|XAUUSD|5|1|1|1766368800|1766368800;1012;XAUUSD;PERIOD_M5;LONG;2025.12.22 02:55:00;2025.12.22 03:00:00;2025.12.22 17:59:58;4364.87000000;4329.58000000;4435.45000000;4435.45000000;TP;2.0000;2.0045;-0.0997;179;Asian
MSZZC1|6:XAUUSD|1:5|1:1|1:2|66:BO|XAUUSD|5|1|L|1766509500|MSZZ|XAUUSD|5|1|1|1765893900|1765893900;1012;XAUUSD;PERIOD_M5;LONG;2025.12.23 17:05:00;2025.12.23 17:10:00;2025.12.29 22:40:00;4443.13000000;4273.89000000;4781.61000000;4330.38000000;OTHER;-0.6662;0.6338;-0.8385;1794;NewYork
MSZZC1|6:XAUUSD|1:5|2:-1|1:2|67:BO|XAUUSD|5|1|S|1767047700|MSZZ|XAUUSD|5|1|-1|1767037200|1767038100;1012;XAUUSD;PERIOD_M5;SHORT;2025.12.29 22:35:00;2025.12.29 22:40:00;2025.12.30 01:05:00;4330.38000000;4344.64000000;4301.86000000;4340.54000000;OTHER;-0.7125;0.2132;-1.1711;29;NewYork
MSZZC1|6:XAUUSD|1:5|1:1|1:2|66:BO|XAUUSD|5|1|L|1767056400|MSZZ|XAUUSD|5|1|1|1767049800|1767051000;1012;XAUUSD;PERIOD_M5;LONG;2025.12.30 01:00:00;2025.12.30 01:05:00;2025.12.30 01:19:58;4340.54000000;4327.34000000;4366.94000000;4327.34000000;SL;-1.0000;0.4955;-1.3159;2;Asian
MSZZC1|6:XAUUSD|1:5|2:-1|1:2|67:BO|XAUUSD|5|1|S|1767063600|MSZZ|XAUUSD|5|1|-1|1767051600|1767056400;1012;XAUUSD;PERIOD_M5;SHORT;2025.12.30 03:00:00;2025.12.30 03:05:00;2025.12.30 03:44:58;4327.91000000;4347.08000000;4289.57000000;4347.08000000;SL;-1.0000;0.1836;-1.1116;7;Asian
MSZZC1|6:XAUUSD|1:5|1:1|1:2|66:BO|XAUUSD|5|1|L|1767066900|MSZZ|XAUUSD|5|1|1|1767056700|1767057300;1012;XAUUSD;PERIOD_M5;LONG;2025.12.30 03:55:00;2025.12.30 04:00:00;2025.12.31 07:44:57;4360.33000000;4327.34000000;4426.31000000;4327.34000000;SL;-1.0000;1.3286;-1.2901;332;Asian
MSZZC1|6:XAUUSD|1:5|2:-1|1:2|67:BO|XAUUSD|5|1|S|1767639600|MSZZ|XAUUSD|5|1|-1|1767634500|1767635700;1012;XAUUSD;PERIOD_M5;SHORT;2026.01.05 19:00:00;2026.01.05 19:05:00;2026.01.06 01:04:58;4433.61000000;4454.44000000;4391.95000000;4454.44000000;SL;-1.0000;0.0547;-1.0398;71;NewYork
MSZZC1|6:XAUUSD|1:5|1:1|1:2|66:BO|XAUUSD|5|1|L|1767661200|MSZZ|XAUUSD|5|1|1|1767646800|1767647100;1012;XAUUSD;PERIOD_M5;LONG;2026.01.06 01:00:00;2026.01.06 01:05:00;2026.01.06 01:34:58;4454.85000000;4439.86000000;4484.83000000;4439.86000000;SL;-1.0000;0.3722;-1.0821;5;Asian
MSZZC1|6:XAUUSD|1:5|1:1|1:2|66:BO|XAUUSD|5|1|L|1767669000|MSZZ|XAUUSD|5|1|1|1767668400|1767668400;1012;XAUUSD;PERIOD_M5;LONG;2026.01.06 03:10:00;2026.01.06 03:15:00;2026.01.06 05:14:58;4441.86000000;4430.39000000;4464.80000000;4464.80000000;TP;2.0000;2.0759;-0.8091;23;Asian
MSZZC1|6:XAUUSD|1:5|1:1|1:2|66:BO|XAUUSD|5|1|L|1767810600|MSZZ|XAUUSD|5|1|1|1767810000|1767810000;1012;XAUUSD;PERIOD_M5;LONG;2026.01.07 18:30:00;2026.01.07 18:35:00;2026.01.07 23:00:00;4465.22000000;4423.78000000;4548.10000000;4452.01000000;OTHER;-0.3188;0.0784;-0.4805;53;NewYork
MSZZC1|6:XAUUSD|1:5|2:-1|1:2|67:BO|XAUUSD|5|1|S|1767826500|MSZZ|XAUUSD|5|1|-1|1767820500|1767821400;1012;XAUUSD;PERIOD_M5;SHORT;2026.01.07 22:55:00;2026.01.07 23:00:00;2026.01.08 01:04:58;4452.01000000;4461.66000000;4432.71000000;4461.66000000;SL;-1.0000;0.2259;-1.1057;24;NewYork
MSZZC1|6:XAUUSD|1:5|1:1|1:2|66:BO|XAUUSD|5|1|L|1767837300|MSZZ|XAUUSD|5|1|1|1767834000|1767834000;1012;XAUUSD;PERIOD_M5;LONG;2026.01.08 01:55:00;2026.01.08 02:00:00;2026.01.08 02:30:00;4463.63000000;4449.83000000;4491.23000000;4456.96000000;OTHER;-0.4833;0.2014;-0.6833;6;Asian
MSZZC1|6:XAUUSD|1:5|2:-1|1:2|67:BO|XAUUSD|5|1|S|1767839100|MSZZ|XAUUSD|5|1|-1|1767826800|1767829500;1012;XAUUSD;PERIOD_M5;SHORT;2026.01.08 02:25:00;2026.01.08 02:30:00;2026.01.08 03:04:57;4456.96000000;4462.68000000;4445.52000000;4445.52000000;TP;2.0000;2.3059;-0.3566;6;Asian
MSZZC1|6:XAUUSD|1:5|2:-1|1:2|67:BO|XAUUSD|5|1|S|1767846300|MSZZ|XAUUSD|5|1|-1|1767841200|1767841200;1012;XAUUSD;PERIOD_M5;SHORT;2026.01.08 04:25:00;2026.01.08 04:30:00;2026.01.08 18:34:58;4441.28000000;4460.44000000;4402.96000000;4460.44000000;SL;-1.0000;1.7416;-1.0825;168;Asian
MSZZC1|6:XAUUSD|1:5|1:1|1:2|66:BO|XAUUSD|5|1|L|1767910200|MSZZ|XAUUSD|5|1|1|1767909600|1767909600;1012;XAUUSD;PERIOD_M5;LONG;2026.01.08 22:10:00;2026.01.08 22:15:00;2026.01.09 15:34:58;4458.38000000;4444.61000000;4485.92000000;4485.92000000;TP;2.0000;2.1808;-0.4045;207;NewYork
MSZZC1|6:XAUUSD|1:5|1:1|1:2|66:BO|XAUUSD|5|1|L|1768585200|MSZZ|XAUUSD|5|1|1|1768179600|1768179600;1012;XAUUSD;PERIOD_M5;LONG;2026.01.16 17:40:00;2026.01.16 17:45:00;2026.01.19 01:09:58;4555.68000000;4502.35000000;4662.34000000;4662.34000000;TP;2.0000;2.0071;-0.0036;664;NewYork
MSZZC1|6:XAUUSD|1:5|1:1|1:2|66:BO|XAUUSD|5|1|L|1769103000|MSZZ|XAUUSD|5|1|1|1768605300|1768605300;1012;XAUUSD;PERIOD_M5;LONG;2026.01.22 17:30:00;2026.01.22 17:35:00;2026.01.29 01:04:58;4863.75000000;4580.81000000;5429.63000000;5429.63000000;TP;2.0000;2.0853;-0.0171;1817;NewYork
MSZZC1|6:XAUUSD|1:5|2:-1|1:2|67:BO|XAUUSD|5|1|S|1769804100|MSZZ|XAUUSD|5|1|-1|1769802900|1769803200;1012;XAUUSD;PERIOD_M5;SHORT;2026.01.30 20:15:00;2026.01.30 20:20:00;2026.01.30 21:49:57;4755.78000000;4930.95000000;4405.44000000;4930.95000000;SL;-1.0000;0.4186;-1.0173;17;NewYork
MSZZC1|6:XAUUSD|1:5|2:-1|1:2|67:BO|XAUUSD|5|1|S|1769994900|MSZZ|XAUUSD|5|1|-1|1769994600|1769994600;1012;XAUUSD;PERIOD_M5;SHORT;2026.02.02 01:15:00;2026.02.02 01:20:00;2026.02.03 09:29:58;4717.05000000;4895.91000000;4359.33000000;4895.91000000;SL;-1.0000;1.7613;-1.0311;385;Asian
MSZZC1|6:XAUUSD|1:5|2:-1|1:2|67:BO|XAUUSD|5|1|S|1770175500|MSZZ|XAUUSD|5|1|-1|1769769000|1769769000;1012;XAUUSD;PERIOD_M5;SHORT;2026.02.04 03:25:00;2026.02.04 03:30:00;2026.02.04 17:34:58;5037.56000000;5095.37000000;4921.94000000;4921.94000000;TP;2.0000;2.1299;-0.9457;168;Asian
MSZZC1|6:XAUUSD|1:5|1:1|1:2|66:BO|XAUUSD|5|1|L|1770622800|MSZZ|XAUUSD|5|1|1|1770615000|1770616500;1012;XAUUSD;PERIOD_M5;LONG;2026.02.09 07:40:00;2026.02.09 07:45:00;2026.02.09 08:25:00;5034.82000000;5006.94000000;5090.58000000;5021.93000000;OTHER;-0.4623;0.3856;-0.7575;8;Asian
MSZZC1|6:XAUUSD|1:5|2:-1|1:2|67:BO|XAUUSD|5|1|S|1770625200|MSZZ|XAUUSD|5|1|-1|1770620100|1770621300;1012;XAUUSD;PERIOD_M5;SHORT;2026.02.09 08:20:00;2026.02.09 08:25:00;2026.02.09 12:34:57;5021.93000000;5041.42000000;4982.95000000;4982.95000000;TP;2.0000;2.0657;-0.9790;49;London
MSZZC1|6:XAUUSD|1:5|2:-1|1:2|67:BO|XAUUSD|5|1|S|1770642300|MSZZ|XAUUSD|5|1|-1|1770638400|1770638700;1012;XAUUSD;PERIOD_M5;SHORT;2026.02.09 13:05:00;2026.02.09 13:10:00;2026.02.09 13:20:00;4995.64000000;5015.44000000;4956.04000000;4997.67000000;OTHER;-0.1025;0.2742;-0.4020;2;London
MSZZC1|6:XAUUSD|1:5|1:1|1:2|66:BO|XAUUSD|5|1|L|1770642900|MSZZ|XAUUSD|5|1|1|1770639300|1770639900;1012;XAUUSD;PERIOD_M5;LONG;2026.02.09 13:15:00;2026.02.09 13:20:00;2026.02.09 13:24:57;4997.67000000;4996.49000000;5000.03000000;4996.49000000;SL;-1.0000;5.0254;-2.2458;0;London
MSZZC1|6:XAUUSD|1:5|2:-1|1:2|67:BO|XAUUSD|5|1|S|1770650700|MSZZ|XAUUSD|5|1|-1|1770648900|1770649500;1012;XAUUSD;PERIOD_M5;SHORT;2026.02.09 15:25:00;2026.02.09 15:30:00;2026.02.09 16:34:58;5004.32000000;5024.87000000;4963.22000000;5024.87000000;SL;-1.0000;0.4472;-1.5324;12;London
MSZZC1|6:XAUUSD|1:5|1:1|1:2|66:BO|XAUUSD|5|1|L|1770655800|MSZZ|XAUUSD|5|1|1|1770654600|1770654600;1012;XAUUSD;PERIOD_M5;LONG;2026.02.09 16:50:00;2026.02.09 16:55:00;2026.02.10 01:14:58;5040.10000000;4995.13000000;5130.04000000;4995.13000000;SL;-1.0000;1.0291;-1.1710;99;NewYork
MSZZC1|6:XAUUSD|1:5|2:-1|1:2|67:BO|XAUUSD|5|1|S|1770693900|MSZZ|XAUUSD|5|1|-1|1770691500|1770693000;1012;XAUUSD;PERIOD_M5;SHORT;2026.02.10 03:25:00;2026.02.10 03:30:00;2026.02.10 04:24:58;5017.58000000;5048.65000000;4955.44000000;5048.65000000;SL;-1.0000;0.0827;-1.1928;10;Asian
MSZZC1|6:XAUUSD|1:5|1:1|1:2|66:BO|XAUUSD|5|1|L|1770697200|MSZZ|XAUUSD|5|1|1|1770688800|1770690900;1012;XAUUSD;PERIOD_M5;LONG;2026.02.10 04:20:00;2026.02.10 04:25:00;2026.02.10 07:30:00;5054.70000000;5009.02000000;5146.06000000;5018.51000000;OTHER;-0.7923;0.0368;-0.9518;37;Asian
MSZZC1|6:XAUUSD|1:5|2:-1|1:2|67:BO|XAUUSD|5|1|S|1770708300|MSZZ|XAUUSD|5|1|-1|1770702900|1770705600;1012;XAUUSD;PERIOD_M5;SHORT;2026.02.10 07:25:00;2026.02.10 07:30:00;2026.02.10 07:45:00;5018.51000000;5035.36000000;4984.81000000;5032.77000000;OTHER;-0.8463;0.3430;-1.1021;3;Asian
MSZZC1|6:XAUUSD|1:5|1:1|1:2|66:BO|XAUUSD|5|1|L|1770709200|MSZZ|XAUUSD|5|1|1|1770706800|1770707700;1012;XAUUSD;PERIOD_M5;LONG;2026.02.10 07:40:00;2026.02.10 07:45:00;2026.02.10 13:40:00;5032.77000000;5011.22000000;5075.87000000;5050.33000000;OTHER;0.8148;1.4232;-0.6631;71;Asian
MSZZC1|6:XAUUSD|1:5|2:-1|1:2|67:BO|XAUUSD|5|1|S|1770730500|MSZZ|XAUUSD|5|1|-1|1770728100|1770730500;1012;XAUUSD;PERIOD_M5;SHORT;2026.02.10 13:35:00;2026.02.10 13:40:00;2026.02.10 14:44:58;5050.33000000;5058.33000000;5034.33000000;5034.33000000;TP;2.0000;3.2525;-0.8900;12;London
MSZZC1|6:XAUUSD|1:5|1:1|1:2|66:BO|XAUUSD|5|1|L|1770740100|MSZZ|XAUUSD|5|1|1|1770737400|1770737400;1012;XAUUSD;PERIOD_M5;LONG;2026.02.10 16:15:00;2026.02.10 16:20:00;2026.02.10 16:49:58;5072.28000000;5024.31000000;5168.22000000;5024.31000000;SL;-1.0000;0.1295;-1.0721;5;NewYork
MSZZC1|6:XAUUSD|1:5|2:-1|1:2|67:BO|XAUUSD|5|1|S|1770744900|MSZZ|XAUUSD|5|1|-1|1770741900|1770741900;1012;XAUUSD;PERIOD_M5;SHORT;2026.02.10 17:35:00;2026.02.10 17:40:00;2026.02.11 05:24:58;5007.22000000;5058.39000000;4904.88000000;5058.39000000;SL;-1.0000;0.0551;-0.9982;140;NewYork
MSZZC1|6:XAUUSD|1:5|1:1|1:2|66:BO|XAUUSD|5|1|L|1770788400|MSZZ|XAUUSD|5|1|1|1770785700|1770786900;1012;XAUUSD;PERIOD_M5;LONG;2026.02.11 05:40:00;2026.02.11 05:45:00;2026.02.11 06:10:00;5058.72000000;5045.20000000;5085.76000000;5054.80000000;OTHER;-0.2899;0.1723;-0.4061;5;Asian
MSZZC1|6:XAUUSD|1:5|2:-1|1:2|67:BO|XAUUSD|5|1|S|1770789900|MSZZ|XAUUSD|5|1|-1|1770786900|1770787200;1012;XAUUSD;PERIOD_M5;SHORT;2026.02.11 06:05:00;2026.02.11 06:10:00;2026.02.11 06:14:58;5054.80000000;5057.60000000;5049.20000000;5057.60000000;SL;-1.0000;0.5607;-1.1107;0;Asian
MSZZC1|6:XAUUSD|1:5|1:1|1:2|66:BO|XAUUSD|5|1|L|1770790500|MSZZ|XAUUSD|5|1|1|1770785700|1770786900;1012;XAUUSD;PERIOD_M5;LONG;2026.02.11 06:15:00;2026.02.11 06:20:00;2026.02.11 06:25:00;5059.30000000;5045.20000000;5087.50000000;5057.29000000;OTHER;-0.1426;0.0355;-0.2014;1;Asian
MSZZC1|6:XAUUSD|1:5|2:-1|1:2|67:BO|XAUUSD|5|1|S|1770790800|MSZZ|XAUUSD|5|1|-1|1770786900|1770787200;1012;XAUUSD;PERIOD_M5;SHORT;2026.02.11 06:20:00;2026.02.11 06:25:00;2026.02.11 06:29:58;5057.29000000;5057.60000000;5056.67000000;5057.60000000;SL;-1.0000;2.6774;-3.8387;0;Asian
MSZZC1|6:XAUUSD|1:5|2:-1|1:2|67:BO|XAUUSD|5|1|S|1770803100|MSZZ|XAUUSD|5|1|-1|1770796500|1770797700;1012;XAUUSD;PERIOD_M5;SHORT;2026.02.11 09:45:00;2026.02.11 09:50:00;2026.02.11 11:49:57;5052.23000000;5068.88000000;5018.93000000;5068.88000000;SL;-1.0000;0.3994;-1.1970;23;London
MSZZC1|6:XAUUSD|1:5|2:-1|1:2|67:BO|XAUUSD|5|1|S|1770810600|MSZZ|XAUUSD|5|1|-1|1770679500|1770679500;1012;XAUUSD;PERIOD_M5;SHORT;2026.02.11 11:50:00;2026.02.11 11:55:00;2026.02.11 12:24:58;5061.42000000;5076.55000000;5031.16000000;5076.55000000;SL;-1.0000;0.0905;-0.9881;5;London
MSZZC1|6:XAUUSD|1:5|2:-1|1:2|67:BO|XAUUSD|5|1|S|1770823800|MSZZ|XAUUSD|5|1|-1|1770679500|1770679500;1012;XAUUSD;PERIOD_M5;SHORT;2026.02.11 15:30:00;2026.02.11 15:35:00;2026.02.11 16:09:58;5050.07000000;5076.55000000;4997.11000000;5076.55000000;SL;-1.0000;0.3554;-1.0514;6;London
MSZZC1|6:XAUUSD|1:5|2:-1|1:2|67:BO|XAUUSD|5|1|S|1770827700|MSZZ|XAUUSD|5|1|-1|1770679500|1770679500;1012;XAUUSD;PERIOD_M5;SHORT;2026.02.11 16:35:00;2026.02.11 16:40:00;2026.02.11 17:09:58;5045.50000000;5076.55000000;4983.40000000;5076.55000000;SL;-1.0000;0.3311;-1.1691;5;NewYork
MSZZC1|6:XAUUSD|1:5|2:-1|1:2|67:BO|XAUUSD|5|1|S|1770830400|MSZZ|XAUUSD|5|1|-1|1770679500|1770679500;1012;XAUUSD;PERIOD_M5;SHORT;2026.02.11 17:20:00;2026.02.11 17:25:00;2026.02.11 18:39:57;5049.87000000;5076.55000000;4996.51000000;5076.55000000;SL;-1.0000;0.3951;-1.0067;14;NewYork
MSZZC1|6:XAUUSD|1:5|2:-1|1:2|67:BO|XAUUSD|5|1|S|1770858600|MSZZ|XAUUSD|5|1|-1|1770820800|1770820800;1012;XAUUSD;PERIOD_M5;SHORT;2026.02.12 01:10:00;2026.02.12 01:15:00;2026.02.12 17:05:00;5063.63000000;5090.00000000;5010.89000000;5053.76000000;OTHER;0.3743;0.9568;-0.7645;190;Asian
MSZZC1|6:XAUUSD|1:5|1:1|1:2|66:BO|XAUUSD|5|1|L|1770915600|MSZZ|XAUUSD|5|1|1|1770598800|1770598800;1012;XAUUSD;PERIOD_M5;LONG;2026.02.12 17:00:00;2026.02.12 17:05:00;2026.02.12 18:19:58;5053.76000000;4940.29000000;5280.70000000;4940.29000000;SL;-1.0000;0.1859;-1.2402;14;NewYork
MSZZC1|6:XAUUSD|1:5|1:1|1:2|66:BO|XAUUSD|5|1|L|1771211100|MSZZ|XAUUSD|5|1|1|1771210200|1771210800;1012;XAUUSD;PERIOD_M5;LONG;2026.02.16 03:05:00;2026.02.16 03:10:00;2026.02.16 04:49:58;5021.90000000;4999.72000000;5066.26000000;4999.72000000;SL;-1.0000;0.4234;-1.1970;19;Asian
MSZZC1|6:XAUUSD|1:5|2:-1|1:2|67:BO|XAUUSD|5|1|S|1771217100|MSZZ|XAUUSD|5|1|-1|1771216500|1771216500;1012;XAUUSD;PERIOD_M5;SHORT;2026.02.16 04:45:00;2026.02.16 04:50:00;2026.02.17 02:54:58;4999.02000000;5023.00000000;4951.06000000;4951.06000000;TP;2.0000;2.1084;-0.7615;264;Asian
MSZZC1|6:XAUUSD|1:5|2:-1|1:2|67:BO|XAUUSD|5|1|S|1772544300|MSZZ|XAUUSD|5|1|-1|1772543100|1772543100;1012;XAUUSD;PERIOD_M5;SHORT;2026.03.03 13:25:00;2026.03.03 13:30:00;2026.03.03 14:14:58;5126.68000000;5180.54000000;5018.96000000;5180.54000000;SL;-1.0000;0.9909;-1.2323;8;London
MSZZC1|6:XAUUSD|1:5|2:-1|1:2|67:BO|XAUUSD|5|1|S|1772550300|MSZZ|XAUUSD|5|1|-1|1772543100|1772543100;1012;XAUUSD;PERIOD_M5;SHORT;2026.03.03 15:05:00;2026.03.03 15:10:00;2026.03.03 15:24:57;5152.56000000;5180.54000000;5096.60000000;5180.54000000;SL;-1.0000;0.2144;-1.1401;2;London
MSZZC1|6:XAUUSD|1:5|2:-1|1:2|67:BO|XAUUSD|5|1|S|1772552100|MSZZ|XAUUSD|5|1|-1|1772543100|1772543100;1012;XAUUSD;PERIOD_M5;SHORT;2026.03.03 15:35:00;2026.03.03 15:40:00;2026.03.03 16:39:57;5158.07000000;5180.54000000;5113.13000000;5113.13000000;TP;2.0000;2.4695;-0.7895;11;London
MSZZC1|6:XAUUSD|1:5|2:-1|1:2|67:BO|XAUUSD|5|1|S|1772594400|MSZZ|XAUUSD|5|1|-1|1772543100|1772543100;1012;XAUUSD;PERIOD_M5;SHORT;2026.03.04 03:20:00;2026.03.04 03:25:00;2026.03.04 04:09:58;5159.01000000;5180.54000000;5115.95000000;5180.54000000;SL;-1.0000;0.7631;-1.1969;8;Asian
MSZZC1|6:XAUUSD|1:5|2:-1|1:2|67:BO|XAUUSD|5|1|S|1772600100|MSZZ|XAUUSD|5|1|-1|1772543100|1772543100;1012;XAUUSD;PERIOD_M5;SHORT;2026.03.04 04:55:00;2026.03.04 05:00:00;2026.03.04 06:14:57;5156.43000000;5180.54000000;5108.21000000;5180.54000000;SL;-1.0000;0.6358;-1.0294;14;Asian
MSZZC1|6:XAUUSD|1:5|2:-1|1:2|67:BO|XAUUSD|5|1|S|1772606700|MSZZ|XAUUSD|5|1|-1|1772543100|1772543100;1012;XAUUSD;PERIOD_M5;SHORT;2026.03.04 06:45:00;2026.03.04 06:50:00;2026.03.04 10:49:58;5155.34000000;5180.54000000;5104.94000000;5180.54000000;SL;-1.0000;1.6167;-1.0369;47;Asian
MSZZC1|6:XAUUSD|1:5|2:-1|1:2|67:BO|XAUUSD|5|1|S|1772642700|MSZZ|XAUUSD|5|1|-1|1772543100|1772543100;1012;XAUUSD;PERIOD_M5;SHORT;2026.03.04 16:45:00;2026.03.04 16:50:00;2026.03.05 03:09:58;5155.61000000;5181.03000000;5104.77000000;5181.03000000;SL;-1.0000;1.8340;-1.0201;123;NewYork
MSZZC1|6:XAUUSD|1:5|2:-1|1:2|67:BO|XAUUSD|5|1|S|1772697300|MSZZ|XAUUSD|5|1|-1|1772543100|1772543100;1012;XAUUSD;PERIOD_M5;SHORT;2026.03.05 07:55:00;2026.03.05 08:00:00;2026.03.05 11:19:57;5148.77000000;5181.03000000;5084.25000000;5181.03000000;SL;-1.0000;0.9089;-0.9947;39;London
MSZZC1|6:XAUUSD|1:5|2:-1|1:2|67:BO|XAUUSD|5|1|S|1772712000|MSZZ|XAUUSD|5|1|-1|1772543100|1772543100;1012;XAUUSD;PERIOD_M5;SHORT;2026.03.05 12:00:00;2026.03.05 12:05:00;2026.03.05 15:24:58;5150.07000000;5181.03000000;5088.15000000;5088.15000000;TP;2.0000;2.1340;-0.6932;39;London
MSZZC1|6:XAUUSD|1:5|2:-1|1:2|67:BO|XAUUSD|5|1|S|1772819100|MSZZ|XAUUSD|5|1|-1|1772543100|1772543100;1012;XAUUSD;PERIOD_M5;SHORT;2026.03.06 17:45:00;2026.03.06 17:50:00;2026.03.09 01:04:57;5146.84000000;5181.03000000;5078.46000000;5181.03000000;SL;-1.0000;0.6160;-1.5642;662;NewYork
MSZZC1|6:XAUUSD|1:5|2:-1|1:2|67:BO|XAUUSD|5|1|S|1773211800|MSZZ|XAUUSD|5|1|-1|1773205800|1773206400;1012;XAUUSD;PERIOD_M5;SHORT;2026.03.11 06:50:00;2026.03.11 06:55:00;2026.03.11 16:49:58;5200.42000000;5220.48000000;5160.30000000;5160.30000000;TP;2.0000;2.1795;-0.5165;118;Asian
MSZZC1|6:XAUUSD|1:5|2:-1|1:2|67:BO|XAUUSD|5|1|S|1773348600|MSZZ|XAUUSD|5|1|-1|1773339000|1773339000;1012;XAUUSD;PERIOD_M5;SHORT;2026.03.12 20:50:00;2026.03.12 20:55:00;2026.03.13 05:00:00;5107.21000000;5138.09000000;5045.45000000;5125.08000000;OTHER;-0.5787;1.6956;-0.6946;97;NewYork
MSZZC1|6:XAUUSD|1:5|1:1|1:2|66:BO|XAUUSD|5|1|L|1773377700|MSZZ|XAUUSD|5|1|1|1773376200|1773377100;1012;XAUUSD;PERIOD_M5;LONG;2026.03.13 04:55:00;2026.03.13 05:00:00;2026.03.13 05:45:00;5125.08000000;5108.68000000;5157.88000000;5118.00000000;OTHER;-0.4317;0.2183;-0.7543;9;Asian
MSZZC1|6:XAUUSD|1:5|2:-1|1:2|67:BO|XAUUSD|5|1|S|1773380400|MSZZ|XAUUSD|5|1|-1|1773377100|1773377700;1012;XAUUSD;PERIOD_M5;SHORT;2026.03.13 05:40:00;2026.03.13 05:45:00;2026.03.13 09:24:58;5118.00000000;5128.66000000;5096.68000000;5096.68000000;TP;2.0000;2.1857;-0.0600;43;Asian
MSZZC1|6:XAUUSD|1:5|2:-1|1:2|67:BO|XAUUSD|5|1|S|1773393600|MSZZ|XAUUSD|5|1|-1|1773389100|1773389400;1012;XAUUSD;PERIOD_M5;SHORT;2026.03.13 09:20:00;2026.03.13 09:25:00;2026.03.13 11:09:57;5096.52000000;5111.03000000;5067.50000000;5067.50000000;TP;2.0000;2.0627;-0.1178;20;London
MSZZC1|6:XAUUSD|1:5|1:1|1:2|66:BO|XAUUSD|5|1|L|1773402900|MSZZ|XAUUSD|5|1|1|1773398100|1773399600;1012;XAUUSD;PERIOD_M5;LONG;2026.03.13 11:55:00;2026.03.13 12:00:00;2026.03.13 13:20:00;5087.27000000;5060.76000000;5140.29000000;5092.90000000;OTHER;0.2124;0.3682;-0.1411;16;London
MSZZC1|6:XAUUSD|1:5|2:-1|1:2|67:BO|XAUUSD|5|1|S|1773407700|MSZZ|XAUUSD|5|1|-1|1773405600|1773407400;1012;XAUUSD;PERIOD_M5;SHORT;2026.03.13 13:15:00;2026.03.13 13:20:00;2026.03.13 13:34:58;5092.90000000;5097.03000000;5084.64000000;5084.64000000;TP;2.0000;3.0291;-0.2446;2;London
MSZZC1|6:XAUUSD|1:5|1:1|1:2|66:BO|XAUUSD|5|1|L|1773414000|MSZZ|XAUUSD|5|1|1|1773413700|1773413700;1012;XAUUSD;PERIOD_M5;LONG;2026.03.13 15:00:00;2026.03.13 15:05:00;2026.03.13 16:35:00;5114.17000000;5086.32000000;5169.87000000;5102.15000000;OTHER;-0.4316;0.2772;-0.6363;18;London
MSZZC1|6:XAUUSD|1:5|2:-1|1:2|67:BO|XAUUSD|5|1|S|1773419400|MSZZ|XAUUSD|5|1|-1|1773411000|1773411900;1012;XAUUSD;PERIOD_M5;SHORT;2026.03.13 16:30:00;2026.03.13 16:35:00;2026.03.13 16:39:58;5102.15000000;5107.83000000;5090.79000000;5107.83000000;SL;-1.0000;1.0035;-1.1761;0;NewYork
MSZZC1|6:XAUUSD|1:5|2:-1|1:2|67:BO|XAUUSD|5|1|S|1773424500|MSZZ|XAUUSD|5|1|-1|1773424200|1773424200;1012;XAUUSD;PERIOD_M5;SHORT;2026.03.13 17:55:00;2026.03.13 18:00:00;2026.03.18 15:14:58;5041.76000000;5107.83000000;4909.62000000;4909.62000000;TP;2.0000;2.0730;-0.4522;1406;NewYork
MSZZC1|6:XAUUSD|1:5|1:1|1:2|66:BO|XAUUSD|5|1|L|1774850700|MSZZ|XAUUSD|5|1|1|1774849200|1774849200;1012;XAUUSD;PERIOD_M5;LONG;2026.03.30 06:05:00;2026.03.30 06:10:00;2026.03.31 04:34:58;4506.56000000;4465.31000000;4589.06000000;4589.06000000;TP;2.0000;2.0713;-0.5825;268;Asian
MSZZC1|6:XAUUSD|1:5|1:1|1:2|66:BO|XAUUSD|5|1|L|1775752500|MSZZ|XAUUSD|5|1|1|1775746800|1775746800;1012;XAUUSD;PERIOD_M5;LONG;2026.04.09 16:35:00;2026.04.09 16:40:00;2026.04.10 11:49:58;4770.33000000;4734.81000000;4841.37000000;4734.81000000;SL;-1.0000;0.8753;-1.0746;229;NewYork
MSZZC1|6:XAUUSD|1:5|1:1|1:2|66:BO|XAUUSD|5|1|L|1776186900|MSZZ|XAUUSD|5|1|1|1776184500|1776184800;1012;XAUUSD;PERIOD_M5;LONG;2026.04.14 17:15:00;2026.04.14 17:20:00;2026.04.14 20:39:58;4804.64000000;4787.70000000;4838.52000000;4838.52000000;TP;2.0000;2.0856;-0.7816;39;NewYork
MSZZC1|6:XAUUSD|1:5|1:1|1:2|66:BO|XAUUSD|5|1|L|1776261000|MSZZ|XAUUSD|5|1|1|1776258600|1776259500;1012;XAUUSD;PERIOD_M5;LONG;2026.04.15 13:50:00;2026.04.15 13:55:00;2026.04.15 16:59:58;4803.61000000;4790.52000000;4829.79000000;4829.79000000;TP;2.0000;2.0298;-0.5974;36;London
MSZZC1|6:XAUUSD|1:5|2:-1|1:2|67:BO|XAUUSD|5|1|S|1776275400|MSZZ|XAUUSD|5|1|-1|1776259500|1776260700;1012;XAUUSD;PERIOD_M5;SHORT;2026.04.15 17:50:00;2026.04.15 17:55:00;2026.04.15 20:25:00;4814.82000000;4830.80000000;4782.86000000;4806.48000000;OTHER;0.5219;1.7653;-0.2315;30;NewYork
MSZZC1|6:XAUUSD|1:5|1:1|1:2|66:BO|XAUUSD|5|1|L|1776284400|MSZZ|XAUUSD|5|1|1|1776281100|1776282600;1012;XAUUSD;PERIOD_M5;LONG;2026.04.15 20:20:00;2026.04.15 20:25:00;2026.04.16 16:59:57;4806.48000000;4786.61000000;4846.22000000;4786.61000000;SL;-1.0000;1.6074;-1.1233;246;NewYork
MSZZC1|6:XAUUSD|1:5|2:-1|1:2|67:BO|XAUUSD|5|1|S|1776360900|MSZZ|XAUUSD|5|1|-1|1776358200|1776358200;1012;XAUUSD;PERIOD_M5;SHORT;2026.04.16 17:35:00;2026.04.16 17:40:00;2026.04.16 18:04:58;4790.04000000;4799.46000000;4771.20000000;4799.46000000;SL;-1.0000;1.8514;-1.2537;4;NewYork
MSZZC1|6:XAUUSD|1:5|2:-1|1:2|67:BO|XAUUSD|5|1|S|1776368400|MSZZ|XAUUSD|5|1|-1|1776358200|1776358200;1012;XAUUSD;PERIOD_M5;SHORT;2026.04.16 19:40:00;2026.04.16 19:45:00;2026.04.17 03:49:58;4790.23000000;4799.46000000;4771.77000000;4799.46000000;SL;-1.0000;0.9686;-1.2026;96;NewYork
MSZZC1|6:XAUUSD|1:5|2:-1|1:2|67:BO|XAUUSD|5|1|S|1776398400|MSZZ|XAUUSD|5|1|-1|1776358200|1776358200;1012;XAUUSD;PERIOD_M5;SHORT;2026.04.17 04:00:00;2026.04.17 04:05:00;2026.04.17 04:14:58;4789.47000000;4799.46000000;4769.49000000;4769.49000000;TP;2.0000;2.2012;-0.1471;1;Asian
MSZZC1|6:XAUUSD|1:5|2:-1|1:2|67:BO|XAUUSD|5|1|S|1776402300|MSZZ|XAUUSD|5|1|-1|1776358200|1776358200;1012;XAUUSD;PERIOD_M5;SHORT;2026.04.17 05:05:00;2026.04.17 05:10:00;2026.04.17 07:39:58;4790.00000000;4799.46000000;4771.08000000;4799.46000000;SL;-1.0000;0.5782;-1.0053;29;Asian
MSZZC1|6:XAUUSD|1:5|2:-1|1:2|67:BO|XAUUSD|5|1|S|1776416700|MSZZ|XAUUSD|5|1|-1|1776358200|1776358200;1012;XAUUSD;PERIOD_M5;SHORT;2026.04.17 09:05:00;2026.04.17 09:10:00;2026.04.17 12:04:58;4790.20000000;4799.46000000;4771.68000000;4799.46000000;SL;-1.0000;1.2505;-1.1749;34;London
MSZZC1|6:XAUUSD|1:5|2:-1|1:2|67:BO|XAUUSD|5|1|S|1776436500|MSZZ|XAUUSD|5|1|-1|1776358200|1776358200;1012;XAUUSD;PERIOD_M5;SHORT;2026.04.17 14:35:00;2026.04.17 14:40:00;2026.04.17 14:49:57;4792.52000000;4799.46000000;4778.64000000;4799.46000000;SL;-1.0000;0.0375;-2.7968;1;London
MSZZC1|6:XAUUSD|1:5|1:1|1:2|66:BO|XAUUSD|5|1|L|1776441000|MSZZ|XAUUSD|5|1|1|1776440700|1776440700;1012;XAUUSD;PERIOD_M5;LONG;2026.04.17 15:50:00;2026.04.17 15:55:00;2026.04.20 01:04:57;4843.40000000;4790.38000000;4949.44000000;4790.38000000;SL;-1.0000;0.8674;-1.6171;685;London
MSZZC1|6:XAUUSD|1:5|1:1|1:2|66:BO|XAUUSD|5|1|L|1776765300|MSZZ|XAUUSD|5|1|1|1776657300|1776657300;1012;XAUUSD;PERIOD_M5;LONG;2026.04.21 09:55:00;2026.04.21 10:00:00;2026.04.21 17:40:00;4778.35000000;4737.06000000;4860.93000000;4761.21000000;OTHER;-0.4151;0.4740;-0.8351;92;London
MSZZC1|6:XAUUSD|1:5|2:-1|1:2|67:BO|XAUUSD|5|1|S|1776792900|MSZZ|XAUUSD|5|1|-1|1776788100|1776788700;1012;XAUUSD;PERIOD_M5;SHORT;2026.04.21 17:35:00;2026.04.21 17:40:00;2026.04.21 21:19:58;4761.21000000;4794.22000000;4695.19000000;4695.19000000;TP;2.0000;2.0239;-0.0642;43;NewYork
MSZZC1|6:XAUUSD|1:5|2:-1|1:2|67:BO|XAUUSD|5|1|S|1776806100|MSZZ|XAUUSD|5|1|-1|1776793200|1776793200;1012;XAUUSD;PERIOD_M5;SHORT;2026.04.21 21:15:00;2026.04.21 21:20:00;2026.04.22 14:20:00;4695.99000000;4794.22000000;4499.53000000;4759.93000000;OTHER;-0.6509;0.2789;-0.7767;204;NewYork
MSZZC1|6:XAUUSD|1:5|1:1|1:2|66:BO|XAUUSD|5|1|L|1776867300|MSZZ|XAUUSD|5|1|1|1776860400|1776861000;1012;XAUUSD;PERIOD_M5;LONG;2026.04.22 14:15:00;2026.04.22 14:20:00;2026.04.22 15:19:58;4759.93000000;4747.81000000;4784.17000000;4747.81000000;SL;-1.0000;0.0693;-1.0116;11;London
MSZZC1|6:XAUUSD|1:5|2:-1|1:2|67:BO|XAUUSD|5|1|S|1776870900|MSZZ|XAUUSD|5|1|-1|1776869100|1776870000;1012;XAUUSD;PERIOD_M5;SHORT;2026.04.22 15:15:00;2026.04.22 15:20:00;2026.04.22 15:29:57;4747.57000000;4757.68000000;4727.35000000;4757.68000000;SL;-1.0000;0.0366;-1.2285;1;London
MSZZC1|6:XAUUSD|1:5|2:-1|1:2|67:BO|XAUUSD|5|1|S|1776872700|MSZZ|XAUUSD|5|1|-1|1776871200|1776871500;1012;XAUUSD;PERIOD_M5;SHORT;2026.04.22 15:45:00;2026.04.22 15:50:00;2026.04.22 16:49:58;4744.14000000;4757.68000000;4717.06000000;4757.68000000;SL;-1.0000;0.5709;-1.2349;11;London
MSZZC1|6:XAUUSD|1:5|2:-1|1:2|67:BO|XAUUSD|5|1|S|1776878700|MSZZ|XAUUSD|5|1|-1|1776871200|1776871500;1012;XAUUSD;PERIOD_M5;SHORT;2026.04.22 17:25:00;2026.04.22 17:30:00;2026.04.23 02:50:00;4743.98000000;4760.86000000;4710.22000000;4728.07000000;OTHER;0.9425;1.2239;-0.3335;112;NewYork
MSZZC1|6:XAUUSD|1:5|1:1|1:2|66:BO|XAUUSD|5|1|L|1776912300|MSZZ|XAUUSD|5|1|1|1776910800|1776912000;1012;XAUUSD;PERIOD_M5;LONG;2026.04.23 02:45:00;2026.04.23 02:50:00;2026.04.23 03:04:58;4728.07000000;4723.32000000;4737.57000000;4723.32000000;SL;-1.0000;0.2568;-1.6105;2;Asian
MSZZC1|6:XAUUSD|1:5|2:-1|1:2|67:BO|XAUUSD|5|1|S|1776913500|MSZZ|XAUUSD|5|1|-1|1776913200|1776913200;1012;XAUUSD;PERIOD_M5;SHORT;2026.04.23 03:05:00;2026.04.23 03:10:00;2026.04.23 03:20:00;4715.25000000;4730.06000000;4685.63000000;4722.92000000;OTHER;-0.5179;1.4274;-1.2492;2;Asian
MSZZC1|6:XAUUSD|1:5|1:1|1:2|66:BO|XAUUSD|5|1|L|1776914100|MSZZ|XAUUSD|5|1|1|1776910800|1776912000;1012;XAUUSD;PERIOD_M5;LONG;2026.04.23 03:15:00;2026.04.23 03:20:00;2026.04.23 03:24:58;4722.92000000;4720.42000000;4727.92000000;4727.92000000;TP;2.0000;4.3320;-0.2680;0;Asian
MSZZC1|6:XAUUSD|1:5|2:-1|1:2|67:BO|XAUUSD|5|1|S|1776921000|MSZZ|XAUUSD|5|1|-1|1776913200|1776913200;1012;XAUUSD;PERIOD_M5;SHORT;2026.04.23 05:10:00;2026.04.23 05:15:00;2026.04.23 07:50:00;4707.29000000;4753.72000000;4614.43000000;4702.44000000;OTHER;0.1045;0.2003;-0.2324;31;Asian
MSZZC1|6:XAUUSD|1:5|1:1|1:2|66:BO|XAUUSD|5|1|L|1776930300|MSZZ|XAUUSD|5|1|1|1776928800|1776930300;1012;XAUUSD;PERIOD_M5;LONG;2026.04.23 07:45:00;2026.04.23 07:50:00;2026.04.23 08:34:57;4702.44000000;4697.99000000;4711.34000000;4697.99000000;SL;-1.0000;1.7708;-2.3573;8;Asian
MSZZC1|6:XAUUSD|1:5|1:1|1:2|66:BO|XAUUSD|5|1|L|1776934500|MSZZ|XAUUSD|5|1|1|1776931800|1776933000;1012;XAUUSD;PERIOD_M5;LONG;2026.04.23 08:55:00;2026.04.23 09:00:00;2026.04.23 13:09:58;4714.28000000;4691.95000000;4758.94000000;4691.95000000;SL;-1.0000;0.4711;-1.0313;49;London
MSZZC1|6:XAUUSD|1:5|2:-1|1:2|67:BO|XAUUSD|5|1|S|1776949800|MSZZ|XAUUSD|5|1|-1|1776949500|1776949500;1012;XAUUSD;PERIOD_M5;SHORT;2026.04.23 13:10:00;2026.04.23 13:15:00;2026.04.23 15:04:58;4689.01000000;4724.80000000;4617.43000000;4724.80000000;SL;-1.0000;0.1347;-1.2165;21;London
MSZZC1|6:XAUUSD|1:5|2:-1|1:2|67:BO|XAUUSD|5|1|S|1776963300|MSZZ|XAUUSD|5|1|-1|1776961800|1776962700;1012;XAUUSD;PERIOD_M5;SHORT;2026.04.23 16:55:00;2026.04.23 17:00:00;2026.04.23 18:19:58;4724.53000000;4741.20000000;4691.19000000;4741.20000000;SL;-1.0000;0.4355;-1.0072;15;NewYork
MSZZC1|6:XAUUSD|1:5|2:-1|1:2|67:BO|XAUUSD|5|1|S|1776975600|MSZZ|XAUUSD|5|1|-1|1776974700|1776974700;1012;XAUUSD;PERIOD_M5;SHORT;2026.04.23 20:20:00;2026.04.23 20:25:00;2026.04.24 14:30:00;4707.76000000;4737.11000000;4649.06000000;4715.32000000;OTHER;-0.2576;1.7046;-0.4842;217;NewYork
MSZZC1|6:XAUUSD|1:5|1:1|1:2|66:BO|XAUUSD|5|1|L|1777040700|MSZZ|XAUUSD|5|1|1|1776973800|1776974400;1012;XAUUSD;PERIOD_M5;LONG;2026.04.24 14:25:00;2026.04.24 14:30:00;2026.04.24 14:39:58;4715.32000000;4709.37000000;4727.22000000;4709.37000000;SL;-1.0000;0.3563;-1.5378;1;London
MSZZC1|6:XAUUSD|1:5|1:1|1:2|66:BO|XAUUSD|5|1|L|1777049100|MSZZ|XAUUSD|5|1|1|1776973800|1776974400;1012;XAUUSD;PERIOD_M5;LONG;2026.04.24 16:45:00;2026.04.24 16:50:00;2026.04.24 16:54:58;4712.44000000;4709.37000000;4718.58000000;4709.37000000;SL;-1.0000;0.0651;-2.4137;0;NewYork
MSZZC1|6:XAUUSD|1:5|1:1|1:2|66:BO|XAUUSD|5|1|L|1777049700|MSZZ|XAUUSD|5|1|1|1776973800|1776974400;1012;XAUUSD;PERIOD_M5;LONG;2026.04.24 16:55:00;2026.04.24 17:00:00;2026.04.24 17:04:58;4711.62000000;4709.37000000;4716.12000000;4709.37000000;SL;-1.0000;1.6489;-2.1244;0;NewYork
MSZZC1|6:XAUUSD|1:5|2:-1|1:2|67:BO|XAUUSD|5|1|S|1777071600|MSZZ|XAUUSD|5|1|-1|1777056000|1777056000;1012;XAUUSD;PERIOD_M5;SHORT;2026.04.24 23:00:00;2026.04.24 23:05:00;2026.04.28 08:09:58;4711.37000000;4740.12000000;4653.87000000;4653.87000000;TP;2.0000;2.2233;-0.6557;972;NewYork
MSZZC1|6:XAUUSD|1:5|1:1|1:2|66:BO|XAUUSD|5|1|L|1778041200|MSZZ|XAUUSD|5|1|1|1778040000|1778040300;1012;XAUUSD;PERIOD_M5;LONG;2026.05.06 04:20:00;2026.05.06 04:25:00;2026.05.06 09:59:59;4623.70000000;4600.92000000;4669.26000000;4669.26000000;TP;2.0000;2.0070;-0.1449;66;Asian
MSZZC1|6:XAUUSD|1:5|2:-1|1:2|67:BO|XAUUSD|5|1|S|1778704800|MSZZ|XAUUSD|5|1|-1|1778704200|1778704200;1012;XAUUSD;PERIOD_M5;SHORT;2026.05.13 20:40:00;2026.05.13 20:45:00;2026.05.14 03:20:00;4691.50000000;4709.58000000;4655.34000000;4701.34000000;OTHER;-0.5442;0.7550;-0.7638;79;NewYork
MSZZC1|6:XAUUSD|1:5|1:1|1:2|66:BO|XAUUSD|5|1|L|1778728500|MSZZ|XAUUSD|5|1|1|1778724600|1778725500;1012;XAUUSD;PERIOD_M5;LONG;2026.05.14 03:15:00;2026.05.14 03:20:00;2026.05.14 04:09:58;4701.34000000;4689.64000000;4724.74000000;4689.64000000;SL;-1.0000;0.4846;-1.2641;9;Asian
MSZZC1|6:XAUUSD|1:5|2:-1|1:2|67:BO|XAUUSD|5|1|S|1778731500|MSZZ|XAUUSD|5|1|-1|1778730000|1778730300;1012;XAUUSD;PERIOD_M5;SHORT;2026.05.14 04:05:00;2026.05.14 04:10:00;2026.05.14 07:25:00;4689.10000000;4707.01000000;4653.28000000;4691.78000000;OTHER;-0.1496;1.1725;-1.0168;39;Asian
MSZZC1|6:XAUUSD|1:5|1:1|1:2|66:BO|XAUUSD|5|1|L|1778743200|MSZZ|XAUUSD|5|1|1|1778739900|1778740500;1012;XAUUSD;PERIOD_M5;LONG;2026.05.14 07:20:00;2026.05.14 07:25:00;2026.05.14 11:00:00;4691.78000000;4668.10000000;4739.14000000;4693.18000000;OTHER;0.0591;1.1406;-0.2437;43;Asian
MSZZC1|6:XAUUSD|1:5|2:-1|1:2|67:BO|XAUUSD|5|1|S|1778756100|MSZZ|XAUUSD|5|1|-1|1778749800|1778751600;1012;XAUUSD;PERIOD_M5;SHORT;2026.05.14 10:55:00;2026.05.14 11:00:00;2026.05.14 12:45:00;4693.18000000;4718.79000000;4641.96000000;4695.72000000;OTHER;-0.0992;0.1796;-0.5240;21;London
MSZZC1|6:XAUUSD|1:5|1:1|1:2|66:BO|XAUUSD|5|1|L|1778762400|MSZZ|XAUUSD|5|1|1|1778758500|1778758800;1012;XAUUSD;PERIOD_M5;LONG;2026.05.14 12:40:00;2026.05.14 12:45:00;2026.05.14 13:14:57;4695.72000000;4691.00000000;4705.16000000;4705.16000000;TP;2.0000;2.0614;-0.0403;5;London
MSZZC1|6:XAUUSD|1:5|2:-1|1:2|67:BO|XAUUSD|5|1|S|1778768700|MSZZ|XAUUSD|5|1|-1|1778766600|1778767200;1012;XAUUSD;PERIOD_M5;SHORT;2026.05.14 14:25:00;2026.05.14 14:30:00;2026.05.14 14:40:00;4692.03000000;4698.98000000;4678.13000000;4695.88000000;OTHER;-0.5540;0.1827;-0.7511;2;London
MSZZC1|6:XAUUSD|1:5|1:1|1:2|66:BO|XAUUSD|5|1|L|1778769300|MSZZ|XAUUSD|5|1|1|1778767500|1778768700;1012;XAUUSD;PERIOD_M5;LONG;2026.05.14 14:35:00;2026.05.14 14:40:00;2026.05.14 15:24:58;4695.88000000;4691.19000000;4705.26000000;4705.26000000;TP;2.0000;2.5096;-0.7441;8;London
MSZZC1|6:XAUUSD|1:5|2:-1|1:2|67:BO|XAUUSD|5|1|S|1778776500|MSZZ|XAUUSD|5|1|-1|1778768700|1778769600;1012;XAUUSD;PERIOD_M5;SHORT;2026.05.14 16:35:00;2026.05.14 16:40:00;2026.05.15 01:10:00;4682.71000000;4704.85000000;4638.43000000;4655.87000000;OTHER;1.2123;1.7267;-0.8193;102;NewYork
MSZZC1|6:XAUUSD|1:5|1:1|1:2|66:BO|XAUUSD|5|1|L|1778807100|MSZZ|XAUUSD|5|1|1|1778806800|1778806800;1012;XAUUSD;PERIOD_M5;LONG;2026.05.15 01:05:00;2026.05.15 01:10:00;2026.05.15 03:04:57;4655.87000000;4644.48000000;4678.65000000;4644.48000000;SL;-1.0000;0.8341;-1.1896;22;Asian
MSZZC1|6:XAUUSD|1:5|2:-1|1:2|67:BO|XAUUSD|5|1|S|1778815500|MSZZ|XAUUSD|5|1|-1|1778814000|1778814900;1012;XAUUSD;PERIOD_M5;SHORT;2026.05.15 03:25:00;2026.05.15 03:30:00;2026.05.15 08:34:58;4630.00000000;4658.05000000;4573.90000000;4573.90000000;TP;2.0000;2.2310;-0.0531;60;Asian
MSZZC1|6:XAUUSD|1:5|2:-1|1:2|67:BO|XAUUSD|5|1|S|1778833800|MSZZ|XAUUSD|5|1|-1|1778832900|1778832900;1012;XAUUSD;PERIOD_M5;SHORT;2026.05.15 08:30:00;2026.05.15 08:35:00;2026.05.19 16:34:58;4569.55000000;4621.56000000;4465.53000000;4465.53000000;TP;2.0000;2.0140;-0.3761;1247;London
MSZZC1|6:XAUUSD|1:5|2:-1|1:2|67:BO|XAUUSD|5|1|S|1779483300|MSZZ|XAUUSD|5|1|-1|1779479700|1779480300;1012;XAUUSD;PERIOD_M5;SHORT;2026.05.22 20:55:00;2026.05.22 21:00:00;2026.05.22 21:04:58;4519.33000000;4521.08000000;4515.83000000;4515.83000000;TP;2.0000;4.1829;-0.0914;0;NewYork
MSZZC1|6:XAUUSD|1:5|2:-1|1:2|67:BO|XAUUSD|5|1|S|1779487200|MSZZ|XAUUSD|5|1|-1|1779483600|1779485700;1012;XAUUSD;PERIOD_M5;SHORT;2026.05.22 22:00:00;2026.05.22 22:05:00;2026.05.25 01:00:00;4510.66000000;4520.31000000;4491.36000000;4520.31000000;SL;-1.0000;0.6725;-2.0539;611;NewYork
MSZZC1|6:XAUUSD|1:5|1:1|1:2|66:BO|XAUUSD|5|1|L|1779671100|MSZZ|XAUUSD|5|1|1|1779670800|1779670800;1012;XAUUSD;PERIOD_M5;LONG;2026.05.25 01:05:00;2026.05.25 01:10:00;2026.05.26 14:59:58;4554.82000000;4504.24000000;4655.98000000;4504.24000000;SL;-1.0000;0.5042;-1.0117;453;Asian
MSZZC1|6:XAUUSD|1:5|2:-1|1:2|67:BO|XAUUSD|5|1|S|1779809700|MSZZ|XAUUSD|5|1|-1|1779806100|1779806100;1012;XAUUSD;PERIOD_M5;SHORT;2026.05.26 15:35:00;2026.05.26 15:40:00;2026.05.27 02:00:00;4502.39000000;4540.82000000;4425.53000000;4511.19000000;OTHER;-0.2290;0.5267;-0.9235;124;London
MSZZC1|6:XAUUSD|1:5|1:1|1:2|66:BO|XAUUSD|5|1|L|1779846900|MSZZ|XAUUSD|5|1|1|1779836400|1779839400;1012;XAUUSD;PERIOD_M5;LONG;2026.05.27 01:55:00;2026.05.27 02:00:00;2026.05.27 05:09:58;4511.19000000;4502.64000000;4528.29000000;4502.64000000;SL;-1.0000;1.9111;-1.0491;37;Asian
MSZZC1|6:XAUUSD|1:5|2:-1|1:2|67:BO|XAUUSD|5|1|S|1779858300|MSZZ|XAUUSD|5|1|-1|1779843600|1779843600;1012;XAUUSD;PERIOD_M5;SHORT;2026.05.27 05:05:00;2026.05.27 05:10:00;2026.05.27 06:10:00;4503.58000000;4510.44000000;4489.86000000;4509.51000000;OTHER;-0.8644;0.8163;-0.9781;12;Asian
MSZZC1|6:XAUUSD|1:5|1:1|1:2|66:BO|XAUUSD|5|1|L|1779861900|MSZZ|XAUUSD|5|1|1|1779836400|1779839400;1012;XAUUSD;PERIOD_M5;LONG;2026.05.27 06:05:00;2026.05.27 06:10:00;2026.05.27 06:35:00;4509.51000000;4502.64000000;4523.25000000;4504.74000000;OTHER;-0.6943;0.3173;-1.1310;5;Asian
MSZZC1|6:XAUUSD|1:5|2:-1|1:2|67:BO|XAUUSD|5|1|S|1779863400|MSZZ|XAUUSD|5|1|-1|1779843600|1779843600;1012;XAUUSD;PERIOD_M5;SHORT;2026.05.27 06:30:00;2026.05.27 06:35:00;2026.05.27 07:49:58;4504.74000000;4510.44000000;4493.34000000;4510.44000000;SL;-1.0000;1.5368;-2.1912;14;Asian
MSZZC1|6:XAUUSD|1:5|1:1|1:2|66:BO|XAUUSD|5|1|L|1779867900|MSZZ|XAUUSD|5|1|1|1779836400|1779839400;1012;XAUUSD;PERIOD_M5;LONG;2026.05.27 07:45:00;2026.05.27 07:50:00;2026.05.27 08:20:00;4516.64000000;4502.64000000;4544.64000000;4505.65000000;OTHER;-0.7850;0.0379;-0.8950;6;Asian
MSZZC1|6:XAUUSD|1:5|2:-1|1:2|67:BO|XAUUSD|5|1|S|1779869700|MSZZ|XAUUSD|5|1|-1|1779843600|1779843600;1012;XAUUSD;PERIOD_M5;SHORT;2026.05.27 08:15:00;2026.05.27 08:20:00;2026.05.27 08:34:58;4505.65000000;4510.44000000;4496.07000000;4496.07000000;TP;2.0000;2.5992;-0.6660;2;London
MSZZC1|6:XAUUSD|1:5|2:-1|1:2|67:BO|XAUUSD|5|1|S|1779870600|MSZZ|XAUUSD|5|1|-1|1779843600|1779843600;1012;XAUUSD;PERIOD_M5;SHORT;2026.05.27 08:30:00;2026.05.27 08:35:00;2026.05.27 13:39:58;4496.60000000;4510.44000000;4468.92000000;4468.92000000;TP;2.0000;2.4964;-0.4155;60;London
MSZZC1|6:XAUUSD|1:5|1:1|1:2|66:BO|XAUUSD|5|1|L|1779997200|MSZZ|XAUUSD|5|1|1|1779836400|1779839400;1012;XAUUSD;PERIOD_M5;LONG;2026.05.28 19:40:00;2026.05.28 19:45:00;2026.05.28 19:49:57;4504.38000000;4502.64000000;4507.86000000;4507.86000000;TP;2.0000;2.2701;-0.1149;0;NewYork
MSZZC1|6:XAUUSD|1:5|1:1|1:2|66:BO|XAUUSD|5|1|L|1780000200|MSZZ|XAUUSD|5|1|1|1779836400|1779839400;1012;XAUUSD;PERIOD_M5;LONG;2026.05.28 20:30:00;2026.05.28 20:35:00;2026.05.28 21:04:58;4505.46000000;4502.64000000;4511.10000000;4511.10000000;TP;2.0000;3.8901;-0.5390;5;NewYork
MSZZC1|6:XAUUSD|1:5|1:1|1:2|66:BO|XAUUSD|5|1|L|1780005000|MSZZ|XAUUSD|5|1|1|1779836400|1779839400;1012;XAUUSD;PERIOD_M5;LONG;2026.05.28 21:50:00;2026.05.28 21:55:00;2026.05.28 21:59:58;4503.21000000;4502.64000000;4504.35000000;4502.64000000;SL;-1.0000;0.2807;-4.5263;0;NewYork
MSZZC1|6:XAUUSD|1:5|1:1|1:2|66:BO|XAUUSD|5|1|L|1780006800|MSZZ|XAUUSD|5|1|1|1779836400|1779839400;1012;XAUUSD;PERIOD_M5;LONG;2026.05.28 22:20:00;2026.05.28 22:25:00;2026.05.28 22:29:57;4502.84000000;4502.64000000;4503.24000000;4502.64000000;SL;-1.0000;-1.0000;-15.4000;0;NewYork
MSZZC1|6:XAUUSD|1:5|1:1|1:2|66:BO|XAUUSD|5|1|L|1780027500|MSZZ|XAUUSD|5|1|1|1779836400|1779839400;1012;XAUUSD;PERIOD_M5;LONG;2026.05.29 04:05:00;2026.05.29 04:10:00;2026.05.29 04:49:58;4509.13000000;4502.64000000;4522.11000000;4502.64000000;SL;-1.0000;1.7951;-1.1602;7;Asian
MSZZC1|6:XAUUSD|1:5|1:1|1:2|66:BO|XAUUSD|5|1|L|1780061700|MSZZ|XAUUSD|5|1|1|1780059000|1780059600;1012;XAUUSD;PERIOD_M5;LONG;2026.05.29 13:35:00;2026.05.29 13:40:00;2026.05.29 15:05:00;4541.62000000;4502.64000000;4619.58000000;4529.45000000;OTHER;-0.3122;0.0159;-0.4056;17;London
MSZZC1|6:XAUUSD|1:5|2:-1|1:2|67:BO|XAUUSD|5|1|S|1780066800|MSZZ|XAUUSD|5|1|-1|1779843600|1779843600;1012;XAUUSD;PERIOD_M5;SHORT;2026.05.29 15:00:00;2026.05.29 15:05:00;2026.05.29 16:59:57;4529.45000000;4539.74000000;4508.87000000;4539.74000000;SL;-1.0000;1.6220;-1.0982;22;London
MSZZC1|6:XAUUSD|1:5|1:1|1:2|66:BO|XAUUSD|5|1|L|1780074000|MSZZ|XAUUSD|5|1|1|1780059000|1780059600;1012;XAUUSD;PERIOD_M5;LONG;2026.05.29 17:00:00;2026.05.29 17:05:00;2026.05.29 23:00:00;4548.30000000;4512.76000000;4619.38000000;4545.53000000;OTHER;-0.0779;1.3171;-0.6474;71;NewYork
MSZZC1|6:XAUUSD|1:5|2:-1|1:2|67:BO|XAUUSD|5|1|S|1780095300|MSZZ|XAUUSD|5|1|-1|1780088100|1780089600;1012;XAUUSD;PERIOD_M5;SHORT;2026.05.29 22:55:00;2026.05.29 23:00:00;2026.06.01 01:05:00;4545.53000000;4561.85000000;4512.89000000;4520.99000000;OTHER;1.5037;1.7200;-0.2384;601;NewYork
MSZZC1|6:XAUUSD|1:5|1:1|1:2|66:BO|XAUUSD|5|1|L|1780275600|MSZZ|XAUUSD|5|1|1|1780090500|1780091100;1012;XAUUSD;PERIOD_M5;LONG;2026.06.01 01:00:00;2026.06.01 01:05:00;2026.06.01 01:14:58;4520.99000000;4517.46000000;4528.05000000;4528.05000000;TP;2.0000;4.0793;-0.3003;1;Asian
MSZZC1|6:XAUUSD|1:5|2:-1|1:2|67:BO|XAUUSD|5|1|S|1780292400|MSZZ|XAUUSD|5|1|-1|1780289700|1780290900;1012;XAUUSD;PERIOD_M5;SHORT;2026.06.01 05:40:00;2026.06.01 05:45:00;2026.06.01 08:50:00;4522.95000000;4534.73000000;4499.39000000;4524.32000000;OTHER;-0.1163;1.2063;-0.2063;37;Asian
MSZZC1|6:XAUUSD|1:5|1:1|1:2|66:BO|XAUUSD|5|1|L|1780303500|MSZZ|XAUUSD|5|1|1|1780302300|1780302600;1012;XAUUSD;PERIOD_M5;LONG;2026.06.01 08:45:00;2026.06.01 08:50:00;2026.06.01 09:24:57;4524.32000000;4508.74000000;4555.48000000;4508.74000000;SL;-1.0000;0.0193;-1.2381;6;London
MSZZC1|6:XAUUSD|1:5|2:-1|1:2|67:BO|XAUUSD|5|1|S|1780310400|MSZZ|XAUUSD|5|1|-1|1780299900|1780300500;1012;XAUUSD;PERIOD_M5;SHORT;2026.06.01 10:40:00;2026.06.01 10:45:00;2026.06.01 13:35:00;4498.09000000;4523.61000000;4447.05000000;4504.95000000;OTHER;-0.2688;0.3421;-0.3374;34;London
MSZZC1|6:XAUUSD|1:5|1:1|1:2|66:BO|XAUUSD|5|1|L|1780320600|MSZZ|XAUUSD|5|1|1|1780316400|1780316700;1012;XAUUSD;PERIOD_M5;LONG;2026.06.01 13:30:00;2026.06.01 13:35:00;2026.06.01 16:14:58;4504.95000000;4492.54000000;4529.77000000;4492.54000000;SL;-1.0000;0.6326;-2.6132;31;London
MSZZC1|6:XAUUSD|1:5|2:-1|1:2|67:BO|XAUUSD|5|1|S|1780330800|MSZZ|XAUUSD|5|1|-1|1780330200|1780330200;1012;XAUUSD;PERIOD_M5;SHORT;2026.06.01 16:20:00;2026.06.01 16:25:00;2026.06.01 19:55:00;4466.04000000;4506.43000000;4385.26000000;4480.10000000;OTHER;-0.3481;0.4553;-0.4016;42;NewYork
MSZZC1|6:XAUUSD|1:5|1:1|1:2|66:BO|XAUUSD|5|1|L|1780343400|MSZZ|XAUUSD|5|1|1|1780316400|1780316700;1012;XAUUSD;PERIOD_M5;LONG;2026.06.01 19:50:00;2026.06.01 19:55:00;2026.06.01 20:09:58;4480.10000000;4472.52000000;4495.26000000;4472.52000000;SL;-1.0000;0.2850;-1.1306;2;NewYork
MSZZC1|6:XAUUSD|1:5|1:1|1:2|66:BO|XAUUSD|5|1|L|1780386000|MSZZ|XAUUSD|5|1|1|1780384500|1780385400;1012;XAUUSD;PERIOD_M5;LONG;2026.06.02 07:40:00;2026.06.02 07:45:00;2026.06.02 08:34:58;4510.38000000;4503.45000000;4524.24000000;4524.24000000;TP;2.0000;2.3535;-0.0794;9;Asian
MSZZC1|6:XAUUSD|1:5|2:-1|1:2|67:BO|XAUUSD|5|1|S|1780397100|MSZZ|XAUUSD|5|1|-1|1780390500|1780392000;1012;XAUUSD;PERIOD_M5;SHORT;2026.06.02 10:45:00;2026.06.02 10:50:00;2026.06.02 13:50:00;4531.54000000;4541.33000000;4511.96000000;4530.90000000;OTHER;0.0654;1.0337;-0.8039;36;London
MSZZC1|6:XAUUSD|1:5|1:1|1:2|66:BO|XAUUSD|5|1|L|1780407900|MSZZ|XAUUSD|5|1|1|1780405800|1780406400;1012;XAUUSD;PERIOD_M5;LONG;2026.06.02 13:45:00;2026.06.02 13:50:00;2026.06.02 15:49:58;4530.90000000;4521.42000000;4549.86000000;4521.42000000;SL;-1.0000;0.3998;-1.1445;23;London
MSZZC1|6:XAUUSD|1:5|2:-1|1:2|67:BO|XAUUSD|5|1|S|1780415100|MSZZ|XAUUSD|5|1|-1|1780413300|1780413600;1012;XAUUSD;PERIOD_M5;SHORT;2026.06.02 15:45:00;2026.06.02 15:50:00;2026.06.02 17:19:58;4520.43000000;4532.04000000;4497.21000000;4497.21000000;TP;2.0000;2.4031;-0.3592;17;London
MSZZC1|6:XAUUSD|1:5|1:1|1:2|66:BO|XAUUSD|5|1|L|1781493300|MSZZ|XAUUSD|5|1|1|1781485200|1781485200;1012;XAUUSD;PERIOD_M5;LONG;2026.06.15 03:15:00;2026.06.15 03:20:00;2026.06.17 22:14:57;4304.45000000;4262.70000000;4387.95000000;4262.70000000;SL;-1.0000;1.8613;-1.0539;802;Asian
MSZZC1|6:XAUUSD|1:5|2:-1|1:2|67:BO|XAUUSD|5|1|S|1781852100|MSZZ|XAUUSD|5|1|-1|1781802000|1781802000;1012;XAUUSD;PERIOD_M5;SHORT;2026.06.19 06:55:00;2026.06.19 07:00:00;2026.06.19 15:55:00;4153.49000000;4276.67000000;3907.13000000;4173.23000000;OTHER;-0.1603;0.2583;-0.2170;107;Asian
MSZZC1|6:XAUUSD|1:5|1:1|1:2|66:BO|XAUUSD|5|1|L|1781884200|MSZZ|XAUUSD|5|1|1|1781881800|1781882700;1012;XAUUSD;PERIOD_M5;LONG;2026.06.19 15:50:00;2026.06.19 15:55:00;2026.06.19 17:00:00;4173.23000000;4147.35000000;4224.99000000;4151.24000000;OTHER;-0.8497;0.3767;-0.9737;13;London
MSZZC1|6:XAUUSD|1:5|2:-1|1:2|67:BO|XAUUSD|5|1|S|1781888100|MSZZ|XAUUSD|5|1|-1|1781883900|1781884200;1012;XAUUSD;PERIOD_M5;SHORT;2026.06.19 16:55:00;2026.06.19 17:00:00;2026.06.22 03:49:58;4151.24000000;4181.59000000;4090.54000000;4181.59000000;SL;-1.0000;0.4847;-1.0946;705;NewYork
MSZZC1|6:XAUUSD|1:5|2:-1|1:2|67:BO|XAUUSD|5|1|S|1782913200|MSZZ|XAUUSD|5|1|-1|1782875700|1782875700;1012;XAUUSD;PERIOD_M5;SHORT;2026.07.01 13:40:00;2026.07.01 13:45:00;2026.07.01 14:05:00;3987.46000000;4018.11000000;3926.16000000;4006.76000000;OTHER;-0.6297;0.0150;-0.7615;4;London
MSZZC1|6:XAUUSD|1:5|1:1|1:2|66:BO|XAUUSD|5|1|L|1782914400|MSZZ|XAUUSD|5|1|1|1782870000|1782870600;1012;XAUUSD;PERIOD_M5;LONG;2026.07.01 14:00:00;2026.07.01 14:05:00;2026.07.01 14:14:58;4006.76000000;4001.78000000;4016.72000000;4016.72000000;TP;2.0000;2.5602;-0.0382;1;London
MSZZC1|6:XAUUSD|1:5|2:-1|1:2|67:BO|XAUUSD|5|1|S|1782921900|MSZZ|XAUUSD|5|1|-1|1782918600|1782919800;1012;XAUUSD;PERIOD_M5;SHORT;2026.07.01 16:05:00;2026.07.01 16:10:00;2026.07.01 16:24:58;4018.05000000;4033.13000000;3987.89000000;4033.13000000;SL;-1.0000;0.2626;-1.9058;2;NewYork
MSZZC1|6:XAUUSD|1:5|1:1|1:2|66:BO|XAUUSD|5|1|L|1782923700|MSZZ|XAUUSD|5|1|1|1782922800|1782922800;1012;XAUUSD;PERIOD_M5;LONG;2026.07.01 16:35:00;2026.07.01 16:40:00;2026.07.03 04:24:58;4071.58000000;4012.91000000;4188.92000000;4188.92000000;TP;2.0000;2.0931;-0.7326;428;NewYork
MSZZC1|6:XAUUSD|1:5|2:-1|1:2|67:BO|XAUUSD|5|1|S|1783672200|MSZZ|XAUUSD|5|1|-1|1783668000|1783668000;1012;XAUUSD;PERIOD_M5;SHORT;2026.07.10 08:30:00;2026.07.10 08:35:00;2026.07.13 02:04:58;4113.22000000;4134.77000000;4070.12000000;4070.12000000;TP;2.0000;2.0761;-0.3596;785;London
MSZZC1|6:XAUUSD|1:5|1:1|1:2|66:BO|XAUUSD|5|1|L|1783911300|MSZZ|XAUUSD|5|1|1|1783727700|1783904400;1012;XAUUSD;PERIOD_M5;LONG;2026.07.13 02:55:00;2026.07.13 03:00:00;2026.07.13 03:34:58;4084.84000000;4068.48000000;4117.56000000;4068.48000000;SL;-1.0000;0.3833;-1.4468;6;Asian
MSZZC1|6:XAUUSD|1:5|2:-1|1:2|67:BO|XAUUSD|5|1|S|1783922400|MSZZ|XAUUSD|5|1|-1|1783920600|1783920900;1012;XAUUSD;PERIOD_M5;SHORT;2026.07.13 06:00:00;2026.07.13 06:05:00;2026.07.13 15:50:00;4064.61000000;4089.89000000;4014.05000000;4065.69000000;OTHER;-0.0427;0.8236;-0.6392;117;Asian
MSZZC1|6:XAUUSD|1:5|1:1|1:2|66:BO|XAUUSD|5|1|L|1783957500|MSZZ|XAUUSD|5|1|1|1783953300|1783954200;1012;XAUUSD;PERIOD_M5;LONG;2026.07.13 15:45:00;2026.07.13 15:50:00;2026.07.13 16:44:58;4065.69000000;4053.59000000;4089.89000000;4053.59000000;SL;-1.0000;0.1645;-1.1793;10;London
MSZZC1|6:XAUUSD|1:5|2:-1|1:2|67:BO|XAUUSD|5|1|S|1784097600|MSZZ|XAUUSD|5|1|-1|1784092800|1784094000;1012;XAUUSD;PERIOD_M5;SHORT;2026.07.15 06:40:00;2026.07.15 06:45:00;2026.07.15 08:40:00;4029.24000000;4042.08000000;4003.56000000;4031.65000000;OTHER;-0.1877;0.5498;-0.5678;23;Asian
MSZZC1|6:XAUUSD|1:5|1:1|1:2|66:BO|XAUUSD|5|1|L|1784104500|MSZZ|XAUUSD|5|1|1|1784100600|1784101200;1012;XAUUSD;PERIOD_M5;LONG;2026.07.15 08:35:00;2026.07.15 08:40:00;2026.07.15 09:24:57;4031.65000000;4022.18000000;4050.59000000;4022.18000000;SL;-1.0000;0.5153;-1.0982;8;London
MSZZC1|6:XAUUSD|1:5|1:1|1:2|66:BO|XAUUSD|5|1|L|1784107800|MSZZ|XAUUSD|5|1|1|1784100600|1784101200;1012;XAUUSD;PERIOD_M5;LONG;2026.07.15 09:30:00;2026.07.15 09:35:00;2026.07.15 10:29:58;4028.23000000;4022.18000000;4040.33000000;4022.18000000;SL;-1.0000;1.0264;-1.3570;10;London
MSZZC1|6:XAUUSD|1:5|1:1|1:2|66:BO|XAUUSD|5|1|L|1784112000|MSZZ|XAUUSD|5|1|1|1784100600|1784101200;1012;XAUUSD;PERIOD_M5;LONG;2026.07.15 10:40:00;2026.07.15 10:45:00;2026.07.15 10:49:57;4023.05000000;4022.18000000;4024.79000000;4022.18000000;SL;-1.0000;3.9770;-1.9770;0;London
MSZZC1|6:XAUUSD|1:5|1:1|1:2|66:BO|XAUUSD|5|1|L|1784114100|MSZZ|XAUUSD|5|1|1|1784100600|1784101200;1012;XAUUSD;PERIOD_M5;LONG;2026.07.15 11:15:00;2026.07.15 11:20:00;2026.07.15 11:34:58;4024.28000000;4022.18000000;4028.48000000;4028.48000000;TP;2.0000;2.3667;-0.8143;2;London
MSZZC1|6:XAUUSD|1:5|1:1|1:2|66:BO|XAUUSD|5|1|L|1784129700|MSZZ|XAUUSD|5|1|1|1784129400|1784129400;1012;XAUUSD;PERIOD_M5;LONG;2026.07.15 15:35:00;2026.07.15 15:40:00;2026.07.16 03:45:00;4064.02000000;4022.18000000;4147.70000000;4054.99000000;OTHER;-0.2158;0.4197;-0.8860;145;London
MSZZC1|6:XAUUSD|1:5|2:-1|1:2|67:BO|XAUUSD|5|1|S|1784173200|MSZZ|XAUUSD|5|1|-1|1784171400|1784172900;1012;XAUUSD;PERIOD_M5;SHORT;2026.07.16 03:40:00;2026.07.16 03:45:00;2026.07.16 04:04:58;4054.99000000;4061.19000000;4042.59000000;4042.59000000;TP;2.0000;2.2500;-0.9629;3;Asian
MSZZC1|6:XAUUSD|1:5|2:-1|1:2|67:BO|XAUUSD|5|1|S|1784202600|MSZZ|XAUUSD|5|1|-1|1784173800|1784173800;1012;XAUUSD;PERIOD_M5;SHORT;2026.07.16 11:50:00;2026.07.16 11:55:00;2026.07.16 16:04:58;4033.53000000;4061.19000000;3978.21000000;3978.21000000;TP;2.0000;2.1009;-0.3550;49;London
MSZZC1|6:XAUUSD|1:5|2:-1|1:2|67:BO|XAUUSD|5|1|S|1784262000|MSZZ|XAUUSD|5|1|-1|1784173800|1784173800;1012;XAUUSD;PERIOD_M5;SHORT;2026.07.17 04:20:00;2026.07.17 04:25:00;2026.07.21 08:39:57;3990.66000000;4061.19000000;3849.60000000;4061.19000000;SL;-1.0000;0.4426;-1.0128;1202;Asian
MSZZC1|6:XAUUSD|1:5|1:1|1:2|66:BO|XAUUSD|5|1|L|1784682900|MSZZ|XAUUSD|5|1|1|1784668800|1784668800;1012;XAUUSD;PERIOD_M5;LONG;2026.07.22 01:15:00;2026.07.22 01:20:00;2026.07.22 04:04:58;4080.38000000;4066.74000000;4107.66000000;4107.66000000;TP;2.0000;2.4443;-0.2588;32;Asian
